path,label,split,md5,phash
../foodsg-233\fried prawn\YP7VELY1NL1C9GW3DL7YWISA.jpg,fried prawn,all,0038131090b92a89ac784e1193989585,9d1cf63ce143c41d
"../foodsg-233\Mee siam, fried\2YHRX7HX3DJT5KR90F8KPGLN.jpg","Mee siam, fried",all,0038131090b92a89ac784e1193989585,9d1cf63ce143c41d
../foodsg-233\drunken prawn\RRUZLAKZHWJRNI9U4HTJPRKJ.jpg,drunken prawn,all,00a83cef02fddcd966584ebf4ac30034,ffb618d9478748a0
../foodsg-233\fried prawn\XAYA1T2YDMRESWV6OY61Q200.jpg,fried prawn,all,00a83cef02fddcd966584ebf4ac30034,ffb618d9478748a0
../foodsg-233\Laksa\W2OGIHH7P7N51390W4CIJU99.jpg,Laksa,all,00c5f1c1c67072ec9468769b0899498f,8f6d1e6278cac9c8
../foodsg-233\chicken soup\UBJAPZYFJPMUQHVVRLOX4FHT.jpg,chicken soup,all,00c5f1c1c67072ec9468769b0899498f,8f6d1e6278cac9c8
../foodsg-233\bee hoon\PLN79BA678ZEH6JJ64MYJ6J0.jpg,bee hoon,all,00c73e299ac03bb2ae16efb53d1b7f02,a19fce92d918c7b0
../foodsg-233\Seafood Noodles Soup\IFZLFZS9V2EX4D3JQBXP8G8D.jpg,Seafood Noodles Soup,all,00c73e299ac03bb2ae16efb53d1b7f02,a19fce92d918c7b0
../foodsg-233\chai tow kuay\2ZGCLZF1J0022GZ5GUKRBJRC.jpg,chai tow kuay,all,00dcdfa1815f1468a6a4226f9cb7aefa,fc91d01a8627d579
../foodsg-233\Kway Teow\QZQISL5E9QX2OPK6JO8BCWIN.jpg,Kway Teow,all,00dcdfa1815f1468a6a4226f9cb7aefa,fc91d01a8627d579
../foodsg-233\cake\KW8LZ3A7XEPLCXGF16IEPMZ5.jpg,cake,all,010e378e05fbf7eb206c020dc8544f74,ebe18017d8e8ce55
../foodsg-233\Chocolate\1GY72ZS58AB3HLIC2QIOQ23J.jpg,Chocolate,all,010e378e05fbf7eb206c020dc8544f74,ebe18017d8e8ce55
../foodsg-233\whole grain bread\AA0VZQX4740XUYI2444DISC1.jpg,whole grain bread,all,011a49396539319cb4a40ddd28884959,9dc9f5d6ea0dc110
../foodsg-233\whole wheat\WNID6VKSLPPRXYXARYVZHYQ5.jpg,whole wheat,all,011a49396539319cb4a40ddd28884959,9dc9f5d6ea0dc110
../foodsg-233\Mee rebus\ZOBM23RNFBH04DMFIWD0MEZW.jpg,Mee rebus,all,0126d50bcb8162c8ee0d5416fa6efdb2,b1b1d6174b4d2c2e
../foodsg-233\Mee bandung\5UBHFZ2LPIE56MGZYZZQUVVE.jpg,Mee bandung,all,0126d50bcb8162c8ee0d5416fa6efdb2,b1b1d6174b4d2c2e
../foodsg-233\pasta - red sauce\X5JETW4FLNXYT5FCD9SAFMOV.jpg,pasta - red sauce,all,013376e614c201a90066628dfea9ec6b,bfcad4295225d835
../foodsg-233\pasta - fettuccine\OZWIUI232E0NWJD270HRU6QR.jpg,pasta - fettuccine,all,013376e614c201a90066628dfea9ec6b,bfcad4295225d835
../foodsg-233\Mee soto\6LMQB0GVFGPG9GFQFS8IQI9V.jpg,Mee soto,all,014826d131d3707116c08517893a76a9,f2925377afcb1042
../foodsg-233\Soto ayam\APKTJEB20TV82Y8UIW0FS8ZI.jpg,Soto ayam,all,014826d131d3707116c08517893a76a9,f2925377afcb1042
../foodsg-233\mee pok\18JDQ0YE2TN85WIO9YD2QCMS.jpg,mee pok,all,015072a1d9582173207093118178284a,ae16a5ced078e06d
../foodsg-233\bak chor mee\DPHFS6KHKF53KLJRPW1DXE35.jpg,bak chor mee,all,015072a1d9582173207093118178284a,ae16a5ced078e06d
../foodsg-233\Nuts\2UQQIXPRU0ATN1DGJYVK0XEN.jpg,Nuts,all,01d90906c57bd15e1133831169b278fa,ebd1940e68e13b9a
../foodsg-233\Chocolate\R14ZMFOBMR5Z6A2LY1PDNOME.jpg,Chocolate,all,01d90906c57bd15e1133831169b278fa,ebd1940e68e13b9a
../foodsg-233\char siew pau\HJFKBSLQGQUCSNH5AS0HPPW8.jpg,char siew pau,all,01ef298c32fb877b731b64beb7832a79,97e27a96a4866c6c
../foodsg-233\steamed buns\7GKCAOQ5I495YQ9TMJAZJGHX.jpg,steamed buns,all,01ef298c32fb877b731b64beb7832a79,97e27a96a4866c6c
../foodsg-233\bee hoon\LYQ4DR18FF2NWF5EBFRSXDX3.jpg,bee hoon,all,01f64cc5409d675e76c37aa6710fbbc5,bd8340be3bda680b
"../foodsg-233\Bee hoon, goreng\O11RT1OERCXSTD52KZH5WDQY.jpg","Bee hoon, goreng",all,01f64cc5409d675e76c37aa6710fbbc5,bd8340be3bda680b
../foodsg-233\Lontong with sayur lodeh\YCZMQWGGOU89RPPHY7ZC2M6G.jpg,Lontong with sayur lodeh,all,0213b0ea6afe2bd5405d02ad7e1d7477,91794fc72c383179
../foodsg-233\lontong\KBYKPV58TP4F3ECE751G2XKS.jpg,lontong,all,0213b0ea6afe2bd5405d02ad7e1d7477,91794fc72c383179
../foodsg-233\char siew pau\N9XF088ALQK35RVG0AD0T7LE.jpg,char siew pau,all,02315a27ffb8a7fc3385cabf9d40e8e7,ea851bd2e4e9b261
../foodsg-233\steamed buns\A77FC5QDU0CUD2OGHWYG5PRT.jpg,steamed buns,all,02315a27ffb8a7fc3385cabf9d40e8e7,ea851bd2e4e9b261
../foodsg-233\steamed buns\VBBCJ8NOBRYD2C8I3SEALXAM.jpg,steamed buns,all,024c26090345fbcf178af9809220618c,996466cd0e369b33
../foodsg-233\char siew pau\ABXBHSXKMXK0NTZE3EFNXU5Y.jpg,char siew pau,all,024c26090345fbcf178af9809220618c,996466cd0e369b33
../foodsg-233\Mee bandung\2V1A95DCNXNXJH5VQ4HNZEOQ.jpg,Mee bandung,all,02b646d9d0ceef5f757ca1ab5d1b06e9,80ac57517bbf1a68
../foodsg-233\Mee rebus\ZLW2D4HGG2QVRFS631ILUV10.jpg,Mee rebus,all,02b646d9d0ceef5f757ca1ab5d1b06e9,80ac57517bbf1a68
../foodsg-233\assam pedas\JIXOPFEJBUM50EKGPOQ5K3LW.jpg,assam pedas,all,02fa65a2bb8b4738f0db081bccf902cd,eeaaf0a5d0b5c234
../foodsg-233\fish head curry\1EHOQBDAAFJCQYA5DZYTNB5K.jpg,fish head curry,all,02fa65a2bb8b4738f0db081bccf902cd,eeaaf0a5d0b5c234
../foodsg-233\Mee kuah\85IDT0E5BO54FXVCX94VO4NI.jpg,Mee kuah,all,033103f05d6e7526132a50935e04ca1f,c64e1e1938b9716b
../foodsg-233\Mee bandung\SABBKU3SXK6PXLTD8HCBCGGI.jpg,Mee bandung,all,033103f05d6e7526132a50935e04ca1f,c64e1e1938b9716b
../foodsg-233\mushroom soup\XNUU35JW7V29O8SXAUETF6J4.jpg,mushroom soup,all,0360138126abb27919c354bebe853444,abc2c0393dd992b6
../foodsg-233\cream soup\NUEGIB355VI736DVW15J07YH.jpg,cream soup,all,0360138126abb27919c354bebe853444,abc2c0393dd992b6
../foodsg-233\bee hoon\MUNGHBSUUI5HV3ADHA614N3U.jpg,bee hoon,all,03732f9701bcd7e439bf5acf07c33ac8,edcca0b9e1494766
../foodsg-233\satay bee hoon\63VA3DCIK0HY5L1LWFNCCKPX.jpg,satay bee hoon,all,03732f9701bcd7e439bf5acf07c33ac8,edcca0b9e1494766
../foodsg-233\chai tow kuay\YZWPA7OOMAM8FW935RSESRXH.jpg,chai tow kuay,all,037ecea9804856cb9af1808bda92a448,85e95e715a653827
../foodsg-233\fried rice\9733KTIR7TP9WZPU0A4WXPIC.jpg,fried rice,all,037ecea9804856cb9af1808bda92a448,85e95e715a653827
"../foodsg-233\Wanton mee, dry\XTHD5DJVRNLBP08A1ZXXYNCV.jpg","Wanton mee, dry",all,038cf22e63ed60d7a6277b5fc02586ac,f9dd4528e4641e9a
../foodsg-233\Fish Ball Noodles\EF2UCPM0UZWMHVB32IYII9IE.jpg,Fish Ball Noodles,all,038cf22e63ed60d7a6277b5fc02586ac,f9dd4528e4641e9a
../foodsg-233\whole grain bread\VMYSU9IJ90QL02SURH28ISLG.jpg,whole grain bread,all,03a5ad44690447884a54770df86a6778,eac09fda89c5ae90
../foodsg-233\whole wheat\BGLYSLUL9Y9UKVMJXZ6O6ZKJ.jpg,whole wheat,all,03a5ad44690447884a54770df86a6778,eac09fda89c5ae90
../foodsg-233\kueh lapis - rainbow\5FGICRVDDVXI1FMJUIKA5RAB.jpg,kueh lapis - rainbow,all,03c4170058ed561adfe2c2d6d7070eee,90810b635f36ebd6
../foodsg-233\Pung Kueh\50DNECE0DPJQYEP3UYAK9ALH.jpg,Pung Kueh,all,03c4170058ed561adfe2c2d6d7070eee,90810b635f36ebd6
../foodsg-233\Kueh Salat\SEX1JD2ZLMT30NYUHDPWYWYY.jpg,Kueh Salat,all,03c4170058ed561adfe2c2d6d7070eee,90810b635f36ebd6
../foodsg-233\honeydew\C397GKQ0U5OQXLKI9OLUBPFP.jpg,honeydew,all,03e3f07d9c06ad403f18a50880a4cb8b,8382f26ba33cde29
../foodsg-233\Fruit juice\6GSMS6RQZRN4MVKRK6O1L6OR.jpg,Fruit juice,all,03e3f07d9c06ad403f18a50880a4cb8b,8382f26ba33cde29
../foodsg-233\Mee soto\B04SG4QI1CCUW4B6P1AMHZP6.jpg,Mee soto,all,040c9356db8291172d75a0c3d3867133,e17735ccc4dc3630
"../foodsg-233\Bee hoon, soto\GV407L796HZ6777RAED8MUQE.jpg","Bee hoon, soto",all,040c9356db8291172d75a0c3d3867133,e17735ccc4dc3630
../foodsg-233\chin chow drink\YN24CKPSFVMU639FMJCTWY4E.jpg,chin chow drink,all,041a04bce231eb147c930bf84b129fb5,ef9f2d63d000f10d
../foodsg-233\Bubble Milk Tea\NW4QLI5PDQG9C2T21DS0323H.jpg,Bubble Milk Tea,all,041a04bce231eb147c930bf84b129fb5,ef9f2d63d000f10d
../foodsg-233\Fish Ball Noodles\7FRWIXKRBZ50BAZBZ6WUIB5U.jpg,Fish Ball Noodles,all,042c4db991669671ff0a8d2d574c35c0,a3a0d29f1db5d8d0
../foodsg-233\mee pok\G0ET3S86PVT5BI32XJH6JKEN.jpg,mee pok,all,042c4db991669671ff0a8d2d574c35c0,a3a0d29f1db5d8d0
../foodsg-233\Soto ayam\Q9D6OAKH0DNWCCPXKFHD1CE2.jpg,Soto ayam,all,04319cda03d14284f0ffdfdfa3169aee,c955d5d6544b5165
../foodsg-233\Mee soto\OSSNZ06NOIKI7HXHQMHPVKLV.jpg,Mee soto,all,04319cda03d14284f0ffdfdfa3169aee,c955d5d6544b5165
../foodsg-233\Mee siam\GKY3UY07YWMIE8FBDQTKZS0W.jpg,Mee siam,all,0433282b07e4b1b8486077951b21b471,d1825ea16ed5371a
"../foodsg-233\Mee siam, fried\BVHX47THZ55NBY766JVCEFA2.jpg","Mee siam, fried",all,0433282b07e4b1b8486077951b21b471,d1825ea16ed5371a
../foodsg-233\tom yum noodle soup\Q2Y3KUZS5ENK0I7KI6IGZTIH.jpg,tom yum noodle soup,all,0473317a3c8cd2f8582d6a9ec332aee9,bd1a426f67c14746
../foodsg-233\miso soup\SJB6AQ5INMU1LKSAOW0X9LC7.jpg,miso soup,all,0473317a3c8cd2f8582d6a9ec332aee9,bd1a426f67c14746
../foodsg-233\bee hoon\7E39I5IVIKF52ZKWFJRWF9OK.jpg,bee hoon,all,04a0571b53af1626ce5a0528f5d1eba3,ec06977b5a68a931
"../foodsg-233\Bee hoon, goreng\7DRSAS86YXC7ZFFQLH8YJIF1.jpg","Bee hoon, goreng",all,04a0571b53af1626ce5a0528f5d1eba3,ec06977b5a68a931
../foodsg-233\har cheong gai\D2E4S4UIHGQX6K5RJLGLELUP.jpg,har cheong gai,all,04ad0582af8024bfc3f7f64f2752eada,f383b17bc58446ac
../foodsg-233\fried chicken\R8WPQT2W2X9BPZPYO1OW5ZML.jpg,fried chicken,all,04ad0582af8024bfc3f7f64f2752eada,f383b17bc58446ac
../foodsg-233\Fried Noodles\B5ORBV818PTL7KB1ZXQQH40Z.jpg,Fried Noodles,all,04c2a62d5f3b6ff3f4d87cd32dd6f584,c502de695a6978b9
../foodsg-233\Udon\BY4B9XZU9Z0DKVHHJ4IV29UO.jpg,Udon,all,04c2a62d5f3b6ff3f4d87cd32dd6f584,c502de695a6978b9
../foodsg-233\Seafood Noodles Soup\1G68PHYEWF3SLCS5TSUIKON3.jpg,Seafood Noodles Soup,all,04f7823cc6e70180fcbd4e4ab5d57b3d,aec1933e78f2813c
../foodsg-233\sliced fish soup\Y5MBNPA26XMB3Y36DVZ6THPE.jpg,sliced fish soup,all,04f7823cc6e70180fcbd4e4ab5d57b3d,aec1933e78f2813c
"../foodsg-233\Bee hoon, goreng\AQFGENDDD4IS7GW58R4ZAQYM.jpg","Bee hoon, goreng",all,0514d5ec6fbef606d355bfdd623a00da,eaca69b490696676
../foodsg-233\bee hoon\L8FB8ZMR7HV1HHYMGQM10JYD.jpg,bee hoon,all,0514d5ec6fbef606d355bfdd623a00da,eaca69b490696676
"../foodsg-233\Mee siam, fried\89FWZ9GZTZCJBRMW58BP9B4P.jpg","Mee siam, fried",all,0514d5ec6fbef606d355bfdd623a00da,eaca69b490696676
../foodsg-233\char siew pau\LEV6CKDQKPDRLWZKNX48ZTWC.jpg,char siew pau,all,0528e02ba9be4bee7c3930c32bbf40ed,eac495b346d52acc
../foodsg-233\char siew\HR67164AQ1VTLLD3OIC9UP9W.jpg,char siew,all,0528e02ba9be4bee7c3930c32bbf40ed,eac495b346d52acc
../foodsg-233\bee hoon\WF1T751HJ7M1Y9R3DURNXL87.jpg,bee hoon,all,053072be61861026e5e924d378ca7e86,fa23a15e4bb08ac7
"../foodsg-233\Bee hoon, goreng\KS1MRWPGCFO64Z3ZYLDDXCX3.jpg","Bee hoon, goreng",all,053072be61861026e5e924d378ca7e86,fa23a15e4bb08ac7
../foodsg-233\raspberry\ZXSOIDBVLF8M53YH41O61M1N.jpg,raspberry,all,053bffd4b71abe895eead38ed81d33d7,eac8949db0d36a87
../foodsg-233\Blackberry\8KF7GTS3PQYRWRPVBE4B03SX.jpg,Blackberry,all,053bffd4b71abe895eead38ed81d33d7,eac8949db0d36a87
../foodsg-233\Soto ayam\9LDHC1SQ2XER27U2ETV3AFEW.jpg,Soto ayam,all,0542da11ad10564722c56c1ed662329f,a9c2b46fa7931a64
../foodsg-233\Mee soto\RLXG2WNYA4IJCUHW78W8XTA9.jpg,Mee soto,all,0542da11ad10564722c56c1ed662329f,a9c2b46fa7931a64
../foodsg-233\fried prawn\IWXBL5LHK13N7Q3G211ORMJJ.jpg,fried prawn,all,05c63ccaea55f3204e31cfdf6e26693e,c82b2dbe0c8d3bd8
../foodsg-233\drunken prawn\KYCJJ10NV0OYQ3J39JN4THN1.jpg,drunken prawn,all,05c63ccaea55f3204e31cfdf6e26693e,c82b2dbe0c8d3bd8
../foodsg-233\Lontong with sayur lodeh\6Z0A1E9KNYRE8M9JUPD2GYT4.jpg,Lontong with sayur lodeh,all,05d43b485771c3b8fcb4d7429abe36b6,f01f4f44482e2fad
../foodsg-233\lontong\IDINW56E43SM64MA9INYWO8J.jpg,lontong,all,05d43b485771c3b8fcb4d7429abe36b6,f01f4f44482e2fad
../foodsg-233\cooked brown rice\2ECD2G51AHZR3WTDE8WLEZEV.jpg,cooked brown rice,all,0621a436ef4785b2768b2bb7c777e9de,a4ced2836d0e9e93
../foodsg-233\cooked white rice\3OHXQL4MS9J7VZUE5V2WIEJY.jpg,cooked white rice,all,0621a436ef4785b2768b2bb7c777e9de,a4ced2836d0e9e93
../foodsg-233\Mee soto\QNJ062WMXTQRUPYPHFQUDUNF.jpg,Mee soto,all,066012c411acae59b47c1395a52ee2cd,f43bcdc0738dc252
../foodsg-233\Soto ayam\L6J3EJN1XDQUVZ5KQOVYRVBU.jpg,Soto ayam,all,066012c411acae59b47c1395a52ee2cd,f43bcdc0738dc252
"../foodsg-233\Bee hoon, soto\QQB5PVXT74AJDQZ8B6AOCC7W.jpg","Bee hoon, soto",all,066012c411acae59b47c1395a52ee2cd,f43bcdc0738dc252
../foodsg-233\Mee soto\XP7KEOUXZ0U3SWPYHDUDKQWU.jpg,Mee soto,all,0688c0ff55349372394e3a8bcb17e463,86ce3be0609397ad
../foodsg-233\Soto ayam\E94I8XE5IKY5LC1CS66FUS7I.jpg,Soto ayam,all,0688c0ff55349372394e3a8bcb17e463,86ce3be0609397ad
../foodsg-233\Grape\BSPSECLLWJLXIJ1ELW8FIYJX.jpg,Grape,all,069b41d6b2d45277367f3c5274b2de3f,9619e3674e659487
../foodsg-233\canned Fruit salad\OSA010MZSDBNL8SE8GRV1TCX.jpg,canned Fruit salad,all,069b41d6b2d45277367f3c5274b2de3f,9619e3674e659487
../foodsg-233\canned Fruit salad\U0SA5HN8V51CC722AJVVF81J.jpg,canned Fruit salad,all,069b41d6b2d45277367f3c5274b2de3f,9619e3674e659487
../foodsg-233\whole grain bread\ULN2YQE5LHC2HS9ZQDJJRPNO.jpg,whole grain bread,all,069c50724233a7ce442e8eaa4a64a19d,eb4ac39db5d03066
../foodsg-233\whole wheat\AP6YPPSOQ9DWNWB6Z17YCUB7.jpg,whole wheat,all,069c50724233a7ce442e8eaa4a64a19d,eb4ac39db5d03066
../foodsg-233\mushroom soup\KWTLPRFE6KN41MYIVEYEJ1GR.jpg,mushroom soup,all,06ed9b3d6e675005345c727d629bcfb6,81ba55f855f10b71
../foodsg-233\cream soup\V1ZPP8LHAK97VYUCCSS7SW04.jpg,cream soup,all,06ed9b3d6e675005345c727d629bcfb6,81ba55f855f10b71
../foodsg-233\beef noodle soup\OXJA0QQDQ4YNE6N02C3IBD9H.jpg,beef noodle soup,all,06f418d19cb3e574c32500cb6d0fcf1b,ee70f9c18a89989b
../foodsg-233\Udon\D9K23ORZ1WIRHE40C59JKW2Z.jpg,Udon,all,06f418d19cb3e574c32500cb6d0fcf1b,ee70f9c18a89989b
../foodsg-233\Lontong with sayur lodeh\Q80B3XRS9XW7XVOF27Z3OG2I.jpg,Lontong with sayur lodeh,all,06f5bc1b2fb2864a72edcc43736f8f2b,eea0405f267432f7
../foodsg-233\lontong\N4UEPRWUYT4PFFQ7J4VJI70G.jpg,lontong,all,06f5bc1b2fb2864a72edcc43736f8f2b,eea0405f267432f7
../foodsg-233\hokkien prawn mee\FYONRINHNOFHHXEFL5QS63WP.jpg,hokkien prawn mee,all,0710777d430b4061c8c045237e63b038,ae82fa9da11eb158
"../foodsg-233\Bee hoon, goreng\2M9F4VRZKE73232KJ69IAGRU.jpg","Bee hoon, goreng",all,0710777d430b4061c8c045237e63b038,ae82fa9da11eb158
../foodsg-233\rice dumpling\7Y516R98U0K9X7PYL03W4AJG.jpg,rice dumpling,all,07b7d117764bc573c50c964fcc860472,9cd9f2d663609495
../foodsg-233\cooked brown rice\MWEYKJEPFJKO8WZSS0EIP7HZ.jpg,cooked brown rice,all,07b7d117764bc573c50c964fcc860472,9cd9f2d663609495
../foodsg-233\Soto ayam\JPU5QPOU9S864B3307OFDH7Y.jpg,Soto ayam,all,07b9b0dce4ecb6e8199e7849180f5120,b589d25541735975
../foodsg-233\Mee soto\IZH5O07G4GMCS9ZKJ6GGYXL8.jpg,Mee soto,all,07b9b0dce4ecb6e8199e7849180f5120,b589d25541735975
../foodsg-233\Kway Teow\AEX57MNXA3DW1G1OE81U2EBG.jpg,Kway Teow,all,07f759b9ec6cb0e359839e288900547f,e816ed27c725f640
../foodsg-233\chai tow kuay\KAIHE7DDB0XN9WHZW1LHV6W9.jpg,chai tow kuay,all,07f759b9ec6cb0e359839e288900547f,e816ed27c725f640
../foodsg-233\Mee siam\HGQR7GQI9SL0MCP3X5JNYN7P.jpg,Mee siam,all,0816b8963ce62c56400cbb6c1104fd96,af04c343cb0f0d3f
"../foodsg-233\Mee siam, fried\FNYE1S6PNSIA9AVZQE5HVZGW.jpg","Mee siam, fried",all,0816b8963ce62c56400cbb6c1104fd96,af04c343cb0f0d3f
"../foodsg-233\Bee hoon, goreng\1GXV90OI5KS6AV6WZGL603L4.jpg","Bee hoon, goreng",all,082568b83fcba78b11967dd910cca958,b3dc598266ad1bb0
../foodsg-233\bee hoon\0W35482DJMY483ZXMW2FISK2.jpg,bee hoon,all,082568b83fcba78b11967dd910cca958,b3dc598266ad1bb0
../foodsg-233\Mee soto\4Y4YWN65LGCDT3KW6IRCREEC.jpg,Mee soto,all,0850be76bcb9e781effd0a7d145d2fbc,bad0adc1b596968a
"../foodsg-233\Bee hoon, soto\VO5F0JSVLMJJAGQD9YFBFCDR.jpg","Bee hoon, soto",all,0850be76bcb9e781effd0a7d145d2fbc,bad0adc1b596968a
../foodsg-233\cake\AH17FAPIONCLNMXZPWE1KOBC.jpg,cake,all,08646736e1f7103b954b6927c121b995,f7841e727887a41e
../foodsg-233\cake\RDX9TAAC7NX5RTZN50BMMIO2.jpg,cake,all,08646736e1f7103b954b6927c121b995,f7841e727887a41e
"../foodsg-233\Rice, korean bulgogi beef\SRTN1U6VTPN0XEUF80N44TRL.jpg","Rice, korean bulgogi beef",all,087669b6b20b166531934baf7c04402d,d9c14b5f84a70f0e
../foodsg-233\mixed grills\W2U02UVITI2AIP9178VKUR2X.jpg,mixed grills,all,087669b6b20b166531934baf7c04402d,d9c14b5f84a70f0e
../foodsg-233\Laksa\KCV6XGU10BUMTHT3GKZ23FFX.jpg,Laksa,all,0895d3f6987e04e2c90af72d9b971bdc,e6b07b86e0978754
../foodsg-233\satay bee hoon\5ONB8KMQQ2BOJGDRIP3WVOBG.jpg,satay bee hoon,all,0895d3f6987e04e2c90af72d9b971bdc,e6b07b86e0978754
../foodsg-233\Laksa\YN0SINK1JYUHAUVA19D5E7I3.jpg,Laksa,all,0895d3f6987e04e2c90af72d9b971bdc,e6b07b86e0978754
../foodsg-233\Mee soto\VU49T6RBOOZI25I7N8K9UYRM.jpg,Mee soto,all,094a9f8e26b29f91e1f403ca30b8a1f2,b393a1f7e4c8c0d2
../foodsg-233\Soto ayam\EQT1MEGS0ZJN0SNHX5M825FL.jpg,Soto ayam,all,094a9f8e26b29f91e1f403ca30b8a1f2,b393a1f7e4c8c0d2
../foodsg-233\sambal stingray\WFADFMVLGFNAQ55NX75KWZPJ.jpg,sambal stingray,all,097af1e62a20e2504ad037604e4af64d,fd05eada85609565
../foodsg-233\sambal\K0GXMAPSU6HGO1388GXJZ7TN.jpg,sambal,all,097af1e62a20e2504ad037604e4af64d,fd05eada85609565
../foodsg-233\bak chor mee\TV842L8XYUQVVE8OBD2OZS77.jpg,bak chor mee,all,09838524a265f2e3dbe1af7738d7d386,cbd62e643c495e07
../foodsg-233\mee pok\PAO00VZMLJUZIKFQWX6FHG05.jpg,mee pok,all,09838524a265f2e3dbe1af7738d7d386,cbd62e643c495e07
../foodsg-233\tandoori chicken\HFZUPF7U171MBD3Y3VP69UPY.jpg,tandoori chicken,all,0987aa32412f094a39d42bcd50f5540a,8f41e8e854d65aea
../foodsg-233\chicken masala\BYBZQWFWEL6F0CL04SW4RYD5.jpg,chicken masala,all,0987aa32412f094a39d42bcd50f5540a,8f41e8e854d65aea
../foodsg-233\Udon\U6AH6PV67TGFVO42C2C4DXKX.jpg,Udon,all,0a08422dc6a644bccd9e7931cb4320a3,ff9d5d7801838c0d
../foodsg-233\beef noodle soup\29IIY2O06P311DVZESMWJBT4.jpg,beef noodle soup,all,0a08422dc6a644bccd9e7931cb4320a3,ff9d5d7801838c0d
../foodsg-233\satay bee hoon\IWL9T4FYQX1Y20UARCPB2EJ9.jpg,satay bee hoon,all,0a29794689ea127253d0e1fc5ac9b2da,f8fa0a692c0e64d7
"../foodsg-233\Bee hoon, soto\WS8JOUDV9765ZZN8UD8UZOV4.jpg","Bee hoon, soto",all,0a29794689ea127253d0e1fc5ac9b2da,f8fa0a692c0e64d7
../foodsg-233\yogurt\YZL9A2PYU4VWEC7XBDFL5SOK.jpg,yogurt,all,0a452cb57c4fd922ada69efc035e3766,bb45a53b0a651d96
../foodsg-233\muesli\824Q39QD705H91MJVC557HNT.jpg,muesli,all,0a452cb57c4fd922ada69efc035e3766,bb45a53b0a651d96
../foodsg-233\Laksa\GA2LHXLI666ICZEDEOJRX7AA.jpg,Laksa,all,0a58a662ee185593169bd08a5e86f754,cb03017f76684f4e
../foodsg-233\yong tau foo\RZAZFVNU79R5ENCRYUWB2B4G.jpg,yong tau foo,all,0a58a662ee185593169bd08a5e86f754,cb03017f76684f4e
../foodsg-233\whole wheat\A3WVPIBYKEPGX7CCR7N9CPKO.jpg,whole wheat,all,0a64b843056e6274174ae4f76639a113,c0473fb0cd59c276
../foodsg-233\whole grain bread\WDAEIB0T0NFUYVGH3L4UK7PA.jpg,whole grain bread,all,0a64b843056e6274174ae4f76639a113,c0473fb0cd59c276
"../foodsg-233\Wanton mee, dry\KL92R4G95GOIO0FNND2VY7WI.jpg","Wanton mee, dry",all,0ac5a08468433e8894130b9a3eb2ba30,c3c07e8b6b30a4cf
../foodsg-233\Fried Noodles\VQ11E691RS5HOMOG04JVYYPO.jpg,Fried Noodles,all,0ac5a08468433e8894130b9a3eb2ba30,c3c07e8b6b30a4cf
../foodsg-233\Mee soto\XKI5LWUVWT8R1CJTYFS0WXLH.jpg,Mee soto,all,0acf8594007874efdcdb8937df701f17,802f2f3ea0f147d6
../foodsg-233\Soto ayam\TKG8XCRJ22NEKPP700I8OTTI.jpg,Soto ayam,all,0acf8594007874efdcdb8937df701f17,802f2f3ea0f147d6
../foodsg-233\green leafy vegetables\I45KVFV74WBUXLI68AVOG2CJ.jpg,green leafy vegetables,all,0adee21a82dd4e46370a328ba63ddec2,f99a842d96ba3c51
../foodsg-233\mixed vegetables\1B7V5UI62JI346ZN0R5DTXFY.jpg,mixed vegetables,all,0adee21a82dd4e46370a328ba63ddec2,f99a842d96ba3c51
../foodsg-233\Soto ayam\9066XWM0HSTU4EFU2EEO3NKX.jpg,Soto ayam,all,0ae04c4e7a62a6990536b093956a794d,ad91c04ecb9b1dcc
../foodsg-233\Mee soto\I1AKINHBF4X846EDMCKUOP04.jpg,Mee soto,all,0ae04c4e7a62a6990536b093956a794d,ad91c04ecb9b1dcc
../foodsg-233\fried prawn\EK723MTAQ64FZCYNL5BL8LKG.jpg,fried prawn,all,0af7ae11f7bbb74a97d36d6a3eed4e20,a86adee6c8cace11
../foodsg-233\drunken prawn\5NB3PUERP320L3WYD7ZS504O.jpg,drunken prawn,all,0af7ae11f7bbb74a97d36d6a3eed4e20,a86adee6c8cace11
../foodsg-233\bakso\ZGGM975L221DVHV0KHND4YVY.jpg,bakso,all,0b46f47b1a43f9ef5b0afb525384cf77,f2ccd287cb3c8d21
"../foodsg-233\Bee hoon, soto\4FCDP2BSVUZ5WN53E9TZ8CUF.jpg","Bee hoon, soto",all,0b46f47b1a43f9ef5b0afb525384cf77,f2ccd287cb3c8d21
../foodsg-233\Porridge\DJYYD13FG014506P2C9T07SX.jpg,Porridge,all,0b7eb6b87219f3dee4617f5b3e2b8bc5,e2cd29c41ec3d6e2
../foodsg-233\Chinese fritters\TVHL45K20EIRZF1X3NT1ZGPB.jpg,Chinese fritters,all,0b7eb6b87219f3dee4617f5b3e2b8bc5,e2cd29c41ec3d6e2
../foodsg-233\Fruit juice\0ML69O6ZT96J1QJKBE3T50R3.jpg,Fruit juice,all,0b9098fa098acf8b9a69f2f3562c2416,85327a5a0fcdfc24
../foodsg-233\pineapple\DBITXDEH6FG2RMWT5TA3F0OA.jpg,pineapple,all,0b9098fa098acf8b9a69f2f3562c2416,85327a5a0fcdfc24
../foodsg-233\Lontong with sayur lodeh\RKE5K5SMTS6MKEE8FYS9P28N.jpg,Lontong with sayur lodeh,all,0bac114560e8a5ede744c831766cf2c4,babdc0c226b97bc0
../foodsg-233\lontong\0NPSVC7TTL9H9FVJY2M3FHCG.jpg,lontong,all,0bac114560e8a5ede744c831766cf2c4,babdc0c226b97bc0
../foodsg-233\Soto ayam\EY19E5S2QRE7HEMHGBPTM0RK.jpg,Soto ayam,all,0bb821e1be56f711eeaff420c8e99cc9,aac2cd2a752f9163
../foodsg-233\Mee soto\MTDCWU8DEE20ZVDYM5GDXHZ5.jpg,Mee soto,all,0bb821e1be56f711eeaff420c8e99cc9,aac2cd2a752f9163
"../foodsg-233\Bee hoon, soto\NH6MC2Y1KT8LTDG3KLOD8AB4.jpg","Bee hoon, soto",all,0bb821e1be56f711eeaff420c8e99cc9,aac2cd2a752f9163
../foodsg-233\satay\RL8LWRTGSRO9Q8B7NL96RG9J.jpg,satay,all,0bf7b9062507b0817a834974f3d8c04c,80c893b53c977ad6
../foodsg-233\satay bee hoon\6Y1L1O8UEDSQR59QI8PVVWWF.jpg,satay bee hoon,all,0bf7b9062507b0817a834974f3d8c04c,80c893b53c977ad6
../foodsg-233\chilli crab\DTX84AYR2NVZCI57A2276CA5.jpg,chilli crab,all,0c0b968b3087af53989f79274d9cf23a,e4185b572a7a38e3
../foodsg-233\black pepper crab\RTLF7YSO1MNARNI22ZUG2W49.jpg,black pepper crab,all,0c0b968b3087af53989f79274d9cf23a,e4185b572a7a38e3
../foodsg-233\Hor Fun\401A8QDNOIYH8LHTAH2TF3ZZ.jpg,Hor Fun,all,0c32e397dfe88315047a2e8bc92ab993,eb16c0d831994e3f
../foodsg-233\Seafood Noodles Soup\E0DFX8RG0E1SOANNB7618MPK.jpg,Seafood Noodles Soup,all,0c32e397dfe88315047a2e8bc92ab993,eb16c0d831994e3f
"../foodsg-233\Mee siam, fried\YHZE9QLMD5IOO9FGOC2UPUNL.jpg","Mee siam, fried",all,0c8643fc3ec7ba9e0d172406378a63ca,e8c485dac50e9ed9
../foodsg-233\satay bee hoon\7HNG6EDH76G6D3Z8N5JR1X03.jpg,satay bee hoon,all,0c8643fc3ec7ba9e0d172406378a63ca,e8c485dac50e9ed9
../foodsg-233\kebab - chicken\4X13P223JLPVIS2MPHC1ECOH.jpg,kebab - chicken,all,0c9bc3fe8b25beb833b4ee6beac443ef,bbd5d9e092224d65
../foodsg-233\tandoori chicken\C3HD6BIKT78MYS6CFB05JULT.jpg,tandoori chicken,all,0c9bc3fe8b25beb833b4ee6beac443ef,bbd5d9e092224d65
../foodsg-233\fried rice\IHD1ZSHSD2VHT0UXOAE7777Y.jpg,fried rice,all,0cb0ad0c3db7ee084af74cd9d813d590,b8075f917a117327
../foodsg-233\Nasi pattaya\YEP6GVUZLI687EFYMU5O0O82.jpg,Nasi pattaya,all,0cb0ad0c3db7ee084af74cd9d813d590,b8075f917a117327
../foodsg-233\bee hoon\I6R4NR65JB4W7ZIOUTWFNPTE.jpg,bee hoon,all,0cc61a02ad20a2450278e3c35f1d0084,ed3582438dcc99c7
../foodsg-233\Seafood Noodles Soup\P1CQ52WW6M8ARVQK5R47XHFN.jpg,Seafood Noodles Soup,all,0cc61a02ad20a2450278e3c35f1d0084,ed3582438dcc99c7
../foodsg-233\sliced fish soup\X511K2H6QSJAGAAUB73RAA2L.jpg,sliced fish soup,all,0cf836cc7b66cd56be7d2c2414bb9ac4,876338a4b6935753
../foodsg-233\Seafood Noodles Soup\5GLM6L7AJEN8D8FPCKEKYM5O.jpg,Seafood Noodles Soup,all,0cf836cc7b66cd56be7d2c2414bb9ac4,876338a4b6935753
../foodsg-233\bee hoon\8HWUO8DDOPEIXWFYNCQ2HSG6.jpg,bee hoon,all,0cf836cc7b66cd56be7d2c2414bb9ac4,876338a4b6935753
"../foodsg-233\Mee siam, fried\IHPT4MJBNZ6IW8HC3PFAMHHY.jpg","Mee siam, fried",all,0d13aee386771b23300f0e99a5fdec65,8f207c63689e1bd6
"../foodsg-233\Bee hoon, goreng\XNDD9V958VO4LYDABLTW5IVE.jpg","Bee hoon, goreng",all,0d13aee386771b23300f0e99a5fdec65,8f207c63689e1bd6
../foodsg-233\black pepper crab\23LEYBNVHX9QHFW1D4BQVLFN.jpg,black pepper crab,all,0d55fc4c87bed5da06f7d9817b5becf6,fc92a30c6d4f3153
../foodsg-233\chilli crab\5BJQ5VB7ZZXYAEOUVU09Q6SX.jpg,chilli crab,all,0d55fc4c87bed5da06f7d9817b5becf6,fc92a30c6d4f3153
../foodsg-233\lontong\HMYMJU9NQNVFUFKFTSBA1JS6.jpg,lontong,all,0e15dc0bc4180ba778bd0020eed4bfa9,ef6390e487988a37
../foodsg-233\Lontong with sayur lodeh\Q7ME8LG4J7G5EXGMC94K91SZ.jpg,Lontong with sayur lodeh,all,0e15dc0bc4180ba778bd0020eed4bfa9,ef6390e487988a37
../foodsg-233\chai tow kuay\7SSTIE78PF1FJDCWPTKLC9BR.jpg,chai tow kuay,all,0e24f846caca7291f4e9cb4419384324,af83e808e1edb499
../foodsg-233\Kway Teow\O3MTJMDZ0NHIGF1ZW5Z5TMZY.jpg,Kway Teow,all,0e24f846caca7291f4e9cb4419384324,af83e808e1edb499
../foodsg-233\xiao long bao\2RZDGM2LUH7AV814KQE21IFN.jpg,xiao long bao,all,0e2514a54d2647f64b901887277c40e2,a8f4b73dc091c90f
../foodsg-233\char siew pau\ZLAYYOY9ATHXTVNX8QR15LJX.jpg,char siew pau,all,0e2514a54d2647f64b901887277c40e2,a8f4b73dc091c90f
"../foodsg-233\Bee hoon, soto\J6SXHQ2TMH8OAPYZXJIMBIS2.jpg","Bee hoon, soto",all,0e2f344fb3e9dd183319b6752cecdbcb,f1af98443358666b
../foodsg-233\bee hoon\CRYGFFSP0OMK3U2YMPE53OBV.jpg,bee hoon,all,0e2f344fb3e9dd183319b6752cecdbcb,f1af98443358666b
../foodsg-233\Soto ayam\B4B89A33EW5XJ5D1E6HIUPMD.jpg,Soto ayam,all,0e415c5ef201856bf5fc7fe143adea4c,8763b99eb39c8252
../foodsg-233\Mee soto\8DFUXTVIECTTAUI89KW2T4BF.jpg,Mee soto,all,0e415c5ef201856bf5fc7fe143adea4c,8763b99eb39c8252
"../foodsg-233\Bee hoon, soto\05YRZPIW92Q1UZWECFPX59MO.jpg","Bee hoon, soto",all,0e415c5ef201856bf5fc7fe143adea4c,8763b99eb39c8252
../foodsg-233\whole wheat\TNYZ10PIN7WWPST8QXGL0PQ5.jpg,whole wheat,all,0e8dab4ef1baf3d70316b601878bb993,feb48502632f962e
../foodsg-233\whole grain bread\KFG97X2AN82K3Q5A7DQ0ATDN.jpg,whole grain bread,all,0e8dab4ef1baf3d70316b601878bb993,feb48502632f962e
"../foodsg-233\Bee hoon, soto\4QMLPU3REZRUT4J93TFAYL8A.jpg","Bee hoon, soto",all,0e958164ac73a46ad56b428958199db7,eab85a2269b9dc54
../foodsg-233\Soto ayam\1METI4K2CEDGBKJLOOF2CWMI.jpg,Soto ayam,all,0e958164ac73a46ad56b428958199db7,eab85a2269b9dc54
../foodsg-233\Mee soto\TPDMDEZZ1DUD45MVBXONZ615.jpg,Mee soto,all,0e958164ac73a46ad56b428958199db7,eab85a2269b9dc54
../foodsg-233\Mee siam\TR5CVARNBS4S7AWC5Q2O1B1H.jpg,Mee siam,all,0eacae4e3ef1e5af3f9a282ee326e9c7,fbf8aec0b91d8083
../foodsg-233\Mee goreng\RBX1U22GJOU2CKTAQEI38G1D.jpg,Mee goreng,all,0eacae4e3ef1e5af3f9a282ee326e9c7,fbf8aec0b91d8083
../foodsg-233\Mee siam\Q125M8978AVRTXZPVLS2UJWU.jpg,Mee siam,all,0ed08c7702dda3f5e00def614a01cc63,a79a782723d66998
"../foodsg-233\Mee siam, fried\00YG9CCUU38BMPVY1JBDO75I.jpg","Mee siam, fried",all,0ed08c7702dda3f5e00def614a01cc63,a79a782723d66998
../foodsg-233\pasta - fettuccine\WWNNFNE0F2K6FGYPPO3G4DB6.jpg,pasta - fettuccine,all,0ed3acc5182877544230e21514a66689,82a7159857917ec7
../foodsg-233\Mee goreng\NWU1QT3DFF7792AWBUNLMPJV.jpg,Mee goreng,all,0ed3acc5182877544230e21514a66689,82a7159857917ec7
../foodsg-233\yong tau foo\E3VLVT9WK26NIHXARK54DKCH.jpg,yong tau foo,all,0f3b7efc7dccd1567cd896d573e9084c,c1b64ff93e612921
../foodsg-233\Laksa\S6X5QFX2ZQU83RG6SZ3EQZUN.jpg,Laksa,all,0f3b7efc7dccd1567cd896d573e9084c,c1b64ff93e612921
../foodsg-233\Dumpling noodle soup\P0ZZUIVAQTH6BANTFPU2C85M.jpg,Dumpling noodle soup,all,0f60db66a63e869a9f78a114a58f70ed,bd5a403f507817e9
../foodsg-233\chicken soup\3AZKDQLN88PG6AHLJ7D8JYOD.jpg,chicken soup,all,0f60db66a63e869a9f78a114a58f70ed,bd5a403f507817e9
../foodsg-233\Soto ayam\W4IX3LEQDA0HPNBSTFV7YNTJ.jpg,Soto ayam,all,0fc6e17f850ea30dc972c214bc221eb2,d4af497540d22fa9
../foodsg-233\Mee soto\L0PPU8J0YMX6WK06F872I3AR.jpg,Mee soto,all,0fc6e17f850ea30dc972c214bc221eb2,d4af497540d22fa9
../foodsg-233\vegetable soup\2SXT21PMBWCEDH7R3L9M3PDS.jpg,vegetable soup,all,0ff7326035ccfb40382293e6a891c3f2,b0915e9bf15ac570
../foodsg-233\cream soup\MWTECCRFIQAGEM5XSMVMGHUZ.jpg,cream soup,all,0ff7326035ccfb40382293e6a891c3f2,b0915e9bf15ac570
"../foodsg-233\Bee hoon, goreng\56BD6GCWBS9LEEJ82811UF84.jpg","Bee hoon, goreng",all,0ffd360423a8c51c863539c9580a0705,ea9cd1b8ce6308c7
../foodsg-233\bee hoon\SFMMZ5NTZ4J6VYTJPZ78L5JI.jpg,bee hoon,all,0ffd360423a8c51c863539c9580a0705,ea9cd1b8ce6308c7
../foodsg-233\bee hoon\FK88LXB0KS3UB0WQ20FWUU26.jpg,bee hoon,all,0fff523eb03ee46c6e0359ab23135b4f,b36aaa569772c0d2
../foodsg-233\Fried Noodles\1PB2DK1TC57LBMMP13DEMX1S.jpg,Fried Noodles,all,0fff523eb03ee46c6e0359ab23135b4f,b36aaa569772c0d2
../foodsg-233\Soto ayam\76OX01PFN8C4189CLMW58HG7.jpg,Soto ayam,all,10025e49d843821f1647e8fc3e443c0e,ea6e5869e09083df
../foodsg-233\Mee soto\CXHF8NM2N6HP9ENHWMQOGPJL.jpg,Mee soto,all,10025e49d843821f1647e8fc3e443c0e,ea6e5869e09083df
../foodsg-233\ayam penyet\PS7BLZ68NTWZRN9HBWH1I87O.jpg,ayam penyet,all,10055369ff21fa23451d9680fc8de70c,d4970fae0cc33cca
../foodsg-233\Hor Fun\1Q14MHN0KERDT5RRE6XD8KG7.jpg,Hor Fun,all,10055369ff21fa23451d9680fc8de70c,d4970fae0cc33cca
../foodsg-233\Seafood Noodles Soup\BSS1EH2T5I9588FNUAAQ97DZ.jpg,Seafood Noodles Soup,all,100f5bc9eae92c425a79ba999fd33b47,d5532139d53a43b9
../foodsg-233\Ban Mian\MIOTSGMR7NVEX8Z7BH63IJ1D.jpg,Ban Mian,all,100f5bc9eae92c425a79ba999fd33b47,d5532139d53a43b9
../foodsg-233\steamed buns\SO5WU3HBHIE5ZXMJ6TWMQ6C7.jpg,steamed buns,all,102faa356fa7c97284dd32749936da63,85cf6e8871959a4e
../foodsg-233\char siew pau\WX56F1932AJBM7RK8YIOZ3A1.jpg,char siew pau,all,102faa356fa7c97284dd32749936da63,85cf6e8871959a4e
../foodsg-233\fried prawn\HQ8J8KVUCUQ77FHA4R4XPUXF.jpg,fried prawn,all,1032707a7e1001376aa783e9029f48f6,ff49c4165b1d249c
../foodsg-233\drunken prawn\NU007IGHXG5MM7A1E0DSRO41.jpg,drunken prawn,all,1032707a7e1001376aa783e9029f48f6,ff49c4165b1d249c
../foodsg-233\Mee rebus\K3YRMICT5H25XRYJDMI4CJM3.jpg,Mee rebus,all,10377cfdcd092b125184f59f05423c8d,e3e0c83b14e74bb4
../foodsg-233\Mee soto\UNXO7M7DU4EPYDDOKO1LW94Y.jpg,Mee soto,all,10377cfdcd092b125184f59f05423c8d,e3e0c83b14e74bb4
../foodsg-233\chicken masala\ECL6KT4VM9ZZ28C3RIXO4QK6.jpg,chicken masala,all,1050052ee27e043bacb9a26c2c5bdc9d,e032467919e15fc7
../foodsg-233\tandoori chicken\JD0FPIVBSCMGELAEEWWHK5HE.jpg,tandoori chicken,all,1050052ee27e043bacb9a26c2c5bdc9d,e032467919e15fc7
../foodsg-233\Seafood Noodles Soup\C51G9JAQOL7JESX6SQ48NGQ5.jpg,Seafood Noodles Soup,all,10baf340fdf2c03e4beab257b67232fd,d0716ef471c3848f
../foodsg-233\Hor Fun\UOSDMJAXJDSKORKX5RI5QRAB.jpg,Hor Fun,all,10baf340fdf2c03e4beab257b67232fd,d0716ef471c3848f
../foodsg-233\Mee rebus\MS7GLG73FP0B78CT7XJNRXEO.jpg,Mee rebus,all,1119cf19ee1ad3dd4d0ecfb283e6b589,ebe9503a42db2fc0
../foodsg-233\Mee bandung\1Q2QS3KJ6IJL8YDGLEPJ5PQG.jpg,Mee bandung,all,1119cf19ee1ad3dd4d0ecfb283e6b589,ebe9503a42db2fc0
../foodsg-233\Soto ayam\ZWGGUNPSM30JB5R5US4CZPE9.jpg,Soto ayam,all,111b26a5422fcaf0c4a80a7d20398908,f199fea46a6680d1
../foodsg-233\Mee soto\CHEQ9M5OZBU5S77WOQCT8UB0.jpg,Mee soto,all,111b26a5422fcaf0c4a80a7d20398908,f199fea46a6680d1
../foodsg-233\satay bee hoon\Z6PRYRG10NE9ISTVB8P8U7BK.jpg,satay bee hoon,all,1150455057bd7b9977e725393f1eac93,f87c86619c43baa5
"../foodsg-233\Bee hoon, soto\9V0HCH3YT0BXFAW0V24BSJ8I.jpg","Bee hoon, soto",all,1150455057bd7b9977e725393f1eac93,f87c86619c43baa5
../foodsg-233\bee hoon\2YWA3ATP66TYMRLHLQB0NN96.jpg,bee hoon,all,1150455057bd7b9977e725393f1eac93,f87c86619c43baa5
"../foodsg-233\Wanton mee, dry\VZ240AD3OUIUF7HM17Y4WA7L.jpg","Wanton mee, dry",all,1166c012cf63669c2624007fdb3e422c,b893edce04ce3718
../foodsg-233\char siew\5ARORMW4XMT6MXIL2AYWY2FV.jpg,char siew,all,1166c012cf63669c2624007fdb3e422c,b893edce04ce3718
../foodsg-233\sambal\EW3WZ1LNQMHGQ04AVQNDV5ZO.jpg,sambal,all,11ac639c51b84786799aaaa5e2361618,aa7a817b5fe16881
"../foodsg-233\Rice, korean bulgogi beef\CH61W7ZJOW1AB027PLPY5UFC.jpg","Rice, korean bulgogi beef",all,11ac639c51b84786799aaaa5e2361618,aa7a817b5fe16881
../foodsg-233\Mee soto\QWNV9DNDZFYLESSAIYW9AVO4.jpg,Mee soto,all,11db554b0ff406708ec1f32c6f625c74,96b6786b612267cc
../foodsg-233\Soto ayam\TYB28IYRE7Y5HHSGSZ0HIHUH.jpg,Soto ayam,all,11db554b0ff406708ec1f32c6f625c74,96b6786b612267cc
"../foodsg-233\Mee siam, fried\XNLTOYMSGPDU51V4Q6824RAE.jpg","Mee siam, fried",all,11dd02731ee562a131a7a4b04cfdd433,afd1d0402f1af46b
../foodsg-233\Mee siam\THQGPFTQGIBRNE19ERLFPP9P.jpg,Mee siam,all,11dd02731ee562a131a7a4b04cfdd433,afd1d0402f1af46b
../foodsg-233\Mee rebus\VI4P8W5S3KYYQA52U503TKBP.jpg,Mee rebus,all,11dd02731ee562a131a7a4b04cfdd433,afd1d0402f1af46b
"../foodsg-233\Bee hoon, soto\DGV79VGI8C9PEDDCBUVE51GG.jpg","Bee hoon, soto",all,1200c79ac15d92c695e6e6883b9daeec,e4a7d68e0e989353
../foodsg-233\bee hoon\8I2JJ22QLP7I4Q5GVTRADV7D.jpg,bee hoon,all,1200c79ac15d92c695e6e6883b9daeec,e4a7d68e0e989353
../foodsg-233\cream soup\ZP7BCUVUVAPNHE5KDGNBS2QK.jpg,cream soup,all,120b83d954a0258cdd452248a6fa54c7,d1392e618bcfd588
../foodsg-233\mushroom soup\R0MC04TOJV77BQLTUJLOLB73.jpg,mushroom soup,all,120b83d954a0258cdd452248a6fa54c7,d1392e618bcfd588
../foodsg-233\steamed buns\PX02AYY6NPIESY7LOZFC3ZGQ.jpg,steamed buns,all,12129eceb964f45e4d691561642231b3,c01b3764ace5b3d2
../foodsg-233\xiao long bao\5G1K2GDHQHC8J1MA6S9MEW54.jpg,xiao long bao,all,12129eceb964f45e4d691561642231b3,c01b3764ace5b3d2
../foodsg-233\char siew pau\K1I7XUMKYHLNDA5PTXG2Z29V.jpg,char siew pau,all,12129eceb964f45e4d691561642231b3,c01b3764ace5b3d2
../foodsg-233\whole grain bread\CAAUZPRULO3TW4O0PIN6XTH5.jpg,whole grain bread,all,1217fe187114c1fde9b944e6a5f81838,e9cd9e30639334cc
../foodsg-233\whole wheat\YUQSMYGV4XZQYP4GPVKG6P8G.jpg,whole wheat,all,1217fe187114c1fde9b944e6a5f81838,e9cd9e30639334cc
../foodsg-233\Soto ayam\AM853DPWN19ZB4P960A4BNZ6.jpg,Soto ayam,all,121d2272a3425df2b39c0ef47facb273,b0f18bd445ac3a67
../foodsg-233\Mee soto\HFR928CMLDR0KMDCJFX7L4QY.jpg,Mee soto,all,121d2272a3425df2b39c0ef47facb273,b0f18bd445ac3a67
../foodsg-233\Duck Rice\XDZQGLNL87FGTSGIZGBRIIB4.jpg,Duck Rice,all,1220b0468ec028606146a54f38e38d9b,be53ea4ebd22b408
../foodsg-233\yam rice\GJL7FCS504A1T63S2P96TWYN.jpg,yam rice,all,1220b0468ec028606146a54f38e38d9b,be53ea4ebd22b408
../foodsg-233\miso soup\J9C1T8ZA1DTISMWRUNEGCRTU.jpg,miso soup,all,1269b33091ad95e8cfa690f9a7cbaf8f,b05edbb98c4a7072
../foodsg-233\vegetable soup\L19ST1GZ8PD41MICK4U4WMJG.jpg,vegetable soup,all,1269b33091ad95e8cfa690f9a7cbaf8f,b05edbb98c4a7072
../foodsg-233\fried prawn\SIQPOPA5JS10L01X8JRTWMP4.jpg,fried prawn,all,12791537c5dc3027cf107b63ecaf8256,bb8c82a53ba69b13
../foodsg-233\drunken prawn\WQSURXE6850TW4S0MRL7N6B5.jpg,drunken prawn,all,12791537c5dc3027cf107b63ecaf8256,bb8c82a53ba69b13
../foodsg-233\Soto ayam\IYXJ4UIXZGWT6K0DZWM1QD82.jpg,Soto ayam,all,12d412b5a458780f9b34c196f3c69187,fa57055a1c383a79
"../foodsg-233\Bee hoon, soto\KOIB21WVUIE2Z8YOOZ1HPU1M.jpg","Bee hoon, soto",all,12d412b5a458780f9b34c196f3c69187,fa57055a1c383a79
../foodsg-233\Ban Mian\70BPHH5ANGJ7E1591Q1DTY9W.jpg,Ban Mian,all,12da2a5ddf1fe5bbfc16237373c095f9,c84d1e7064f0edc7
../foodsg-233\Mee rebus\B5YG505LBH323GR240DHVSOM.jpg,Mee rebus,all,12da2a5ddf1fe5bbfc16237373c095f9,c84d1e7064f0edc7
"../foodsg-233\Bee hoon, goreng\BAPMPH9SLFQI71VVSSX075QC.jpg","Bee hoon, goreng",all,12e28b6f573168745d3744428f3c6a6a,a9b8f5d8940b528f
../foodsg-233\Mee goreng\IZBV9GW2UZDYVHY04U0FRDJL.jpg,Mee goreng,all,12e28b6f573168745d3744428f3c6a6a,a9b8f5d8940b528f
"../foodsg-233\Bee hoon, goreng\V7036NVO1GNMRIQDOD5SC6Y9.jpg","Bee hoon, goreng",all,12ffe5c503879256e12409f6cc8e5e87,ebc6a544d4329e56
../foodsg-233\bee hoon\6KNHU1SPLC6X3HTO7V80J9SE.jpg,bee hoon,all,12ffe5c503879256e12409f6cc8e5e87,ebc6a544d4329e56
../foodsg-233\whole grain bread\K0IFYLVV7O11DVXBGMEJSF5Q.jpg,whole grain bread,all,130b6dc271fd1476765152bb09ff0f71,84161c3aaabddfc4
../foodsg-233\whole wheat\SM4HVPZTJLKJNBUNLN8E4V4D.jpg,whole wheat,all,130b6dc271fd1476765152bb09ff0f71,84161c3aaabddfc4
../foodsg-233\fish head curry\H806Y1F8Y66EJJBTJWADO7KT.jpg,fish head curry,all,131efb13bc5820e09b0e2a53ad3dc807,bc44d1dac36a9e32
../foodsg-233\assam pedas\QUGIMAONM6QT8WOZ89ZDTX94.jpg,assam pedas,all,131efb13bc5820e09b0e2a53ad3dc807,bc44d1dac36a9e32
../foodsg-233\Mee siam\4QOPHAZXHGXKUN29I9U0UNHU.jpg,Mee siam,all,13307fdc0e1d8a9e15fcdb07dfa4df09,c695e09f05287f71
"../foodsg-233\Mee siam, fried\CSW1XKDFDZJNGD5GQT3CA8JH.jpg","Mee siam, fried",all,13307fdc0e1d8a9e15fcdb07dfa4df09,c695e09f05287f71
../foodsg-233\Fried Noodles\4MSD1FBACI76WTL0BP4AV6QO.jpg,Fried Noodles,all,1336f17429a6e098515a03adbc912082,bb5ed440d22c8ab7
../foodsg-233\Udon\N2LPFH3W9FQ6FJCWKH5XSN9B.jpg,Udon,all,1336f17429a6e098515a03adbc912082,bb5ed440d22c8ab7
"../foodsg-233\Mee siam, fried\WDBBDQLU4CK9XBNAHK2YJMRB.jpg","Mee siam, fried",all,13524989fa61a338a84b1adf6e351da6,bdadd05ac1acc156
../foodsg-233\Mee siam\WSAK4M1K9K3QDVD2PT945GR0.jpg,Mee siam,all,13524989fa61a338a84b1adf6e351da6,bdadd05ac1acc156
../foodsg-233\Laksa\KXK5YUSAJN5CG37E4BD76QLC.jpg,Laksa,all,13bdd82bcfbf613a7c4269c70e0366a0,ae6e4a1aa0e5e5d2
../foodsg-233\Laksa\BBF6LNQVJ25PZRE1Q5FTILC1.jpg,Laksa,all,13bdd82bcfbf613a7c4269c70e0366a0,ae6e4a1aa0e5e5d2
../foodsg-233\Mee bandung\R56T9EBWEZ706YILFM2835F9.jpg,Mee bandung,all,13e7bbd798f468507f80df054c88867b,8bedb86ed5a4d090
../foodsg-233\Mee rebus\80L2NY8F44S8S56ORN58A2CQ.jpg,Mee rebus,all,13e7bbd798f468507f80df054c88867b,8bedb86ed5a4d090
../foodsg-233\sliced fish soup\BARR48BJF8SM66NC5CU2P9IE.jpg,sliced fish soup,all,13f37a523a8124e3acba90a223a0a7da,8eb255cfbe106117
../foodsg-233\Seafood Noodles Soup\0ERM547WQ0O3IQ712QDO4UVY.jpg,Seafood Noodles Soup,all,13f37a523a8124e3acba90a223a0a7da,8eb255cfbe106117
"../foodsg-233\Bee hoon, soto\6HNOW36QG1T6Q3LYN86HWXUF.jpg","Bee hoon, soto",all,13faeb5885a2f77f5aaa4644b4d5d765,cf00418f7dbe44d9
../foodsg-233\Soto ayam\YVX6B8XC9R4WRMQZI8MQTN79.jpg,Soto ayam,all,13faeb5885a2f77f5aaa4644b4d5d765,cf00418f7dbe44d9
../foodsg-233\Mee soto\Z8J0UDRZMKGEQ35QMH3QKBZI.jpg,Mee soto,all,13faeb5885a2f77f5aaa4644b4d5d765,cf00418f7dbe44d9
../foodsg-233\black pepper crab\G5WJ8EG7DOEKLZA6Q82314VO.jpg,black pepper crab,all,142ae1240adc73893f94bed8895f598b,fa9dc17ccf321441
../foodsg-233\chilli crab\1FZKFAKUWAFPUY3AGWLVNRFR.jpg,chilli crab,all,142ae1240adc73893f94bed8895f598b,fa9dc17ccf321441
../foodsg-233\Seafood Noodles Soup\FUTZPR1RVDCESBGFRF6WPBGT.jpg,Seafood Noodles Soup,all,1442a195b2cd5ad11732d30a3e803d2d,efe14523283e73c4
../foodsg-233\bee hoon\4ZF8V3YINMXR8U44J2TZ95OM.jpg,bee hoon,all,1442a195b2cd5ad11732d30a3e803d2d,efe14523283e73c4
../foodsg-233\bee hoon\1DXYAEZKGQF9RQNKIUH5SDK2.jpg,bee hoon,all,14a94134e29bd7e0d4aedab893fd3c53,d4290b617dd4f1c6
"../foodsg-233\Bee hoon, goreng\77IS4U8JVRBH0FH0AFQ938A2.jpg","Bee hoon, goreng",all,14a94134e29bd7e0d4aedab893fd3c53,d4290b617dd4f1c6
../foodsg-233\begedil\JW2V50EVLJ1R8XKAYGGGLV9E.jpg,begedil,all,14c0a7c489a978d91baa8534259967e5,ad6bb5ec1441d307
../foodsg-233\Tauhu Goreng\0AV9KC4JQN0R4D95UXXWP7GO.jpg,Tauhu Goreng,all,14c0a7c489a978d91baa8534259967e5,ad6bb5ec1441d307
../foodsg-233\fried prawn\CJL0PJIBAB6KDP3T0UXAPECW.jpg,fried prawn,all,14c69afdbe7d6f4d6731fa949965b85c,eb12e3af9228c74a
../foodsg-233\drunken prawn\QT5UXPP7QF4AQGPVAAB8HL8Z.jpg,drunken prawn,all,14c69afdbe7d6f4d6731fa949965b85c,eb12e3af9228c74a
../foodsg-233\kueh lapis - rainbow\MDW4HLWATJLDW30KHMPRZ24S.jpg,kueh lapis - rainbow,all,14eb3d07aeb6291cb788fa04334cbc36,a6d34bd43cc03f0d
../foodsg-233\Kueh Salat\G6QOEIHLZ4E7Q5MJXEDR18JQ.jpg,Kueh Salat,all,14eb3d07aeb6291cb788fa04334cbc36,a6d34bd43cc03f0d
../foodsg-233\Ban Mian\IP7637JGR9R7BVF900ME951D.jpg,Ban Mian,all,150d782ba0a4caa905ffc0c962a296ca,e1dca6b7b7d01482
../foodsg-233\Seafood Noodles Soup\YGHRY1OTVA2A3X03YCM9HIQG.jpg,Seafood Noodles Soup,all,150d782ba0a4caa905ffc0c962a296ca,e1dca6b7b7d01482
../foodsg-233\whole grain bread\QGYCMLOSRWNGFWHDQPG9GQDX.jpg,whole grain bread,all,15159619d50f63d56ed5e2458e7d36e4,81c3e8dc372f3370
../foodsg-233\whole wheat\2X3640LZBGP8591HMLU1H24F.jpg,whole wheat,all,15159619d50f63d56ed5e2458e7d36e4,81c3e8dc372f3370
../foodsg-233\whole wheat\Z1J2ZGJEI48QCI06MTT3QGBD.jpg,whole wheat,all,151c1db96e79a062e30dc95aebc490bb,fb946c4227695a6c
../foodsg-233\whole grain bread\11G1EVU7IVATX1IXUZUENWSN.jpg,whole grain bread,all,151c1db96e79a062e30dc95aebc490bb,fb946c4227695a6c
../foodsg-233\fish head curry\MMPUPQLXLSYNSO58EZ0XXR9T.jpg,fish head curry,all,15273b7ff90332eb28f0bf14f4728cf0,81575ef4c2c3e586
../foodsg-233\assam pedas\ZD8XZGB90EO6YUSRC8BN6BGP.jpg,assam pedas,all,15273b7ff90332eb28f0bf14f4728cf0,81575ef4c2c3e586
../foodsg-233\Mee rebus\X634GMW8X8M1I6WR0VQ56WEK.jpg,Mee rebus,all,15289f45029b503166b067f05f4c4c9e,a2ceb839c52f1ea4
../foodsg-233\Mee kuah\QMUQ3Y7CLDY2ONTTGH28G22A.jpg,Mee kuah,all,15289f45029b503166b067f05f4c4c9e,a2ceb839c52f1ea4
../foodsg-233\Dumpling noodle soup\VY0QA5XFYV45QRLM85DKTNKF.jpg,Dumpling noodle soup,all,152c3425efb9d6e0d72e66e050def8b1,cb3c2f9816e9303d
../foodsg-233\dumpling\904UFF58OTL3GXMDABOTRK25.jpg,dumpling,all,152c3425efb9d6e0d72e66e050def8b1,cb3c2f9816e9303d
../foodsg-233\whole wheat\XM8Y8XUWK9BFH46GO9NV6W48.jpg,whole wheat,all,153ef398a254d8df8b7baf08f8c72fdc,8dfc7cae72f200d0
../foodsg-233\whole grain bread\19G635E8BIF9MDXD208YO6NS.jpg,whole grain bread,all,153ef398a254d8df8b7baf08f8c72fdc,8dfc7cae72f200d0
../foodsg-233\cream soup\6RVCATHS9H9871CDCBM1W7C7.jpg,cream soup,all,154e0c25c70a24076f95e74304925c84,e9e969c90bdc2a4a
../foodsg-233\mushroom soup\PNTU605BNV5AV6L3LADSSW85.jpg,mushroom soup,all,154e0c25c70a24076f95e74304925c84,e9e969c90bdc2a4a
../foodsg-233\Mee soto\AYLM99KXEZCUBUU04GE4PTRT.jpg,Mee soto,all,15c0174a1546e784a71aeb7819614936,eeac8cd997311561
"../foodsg-233\Bee hoon, soto\1YOCOP640NIXU7HXFVIXKB3N.jpg","Bee hoon, soto",all,15c0174a1546e784a71aeb7819614936,eeac8cd997311561
../foodsg-233\Seafood Noodles Soup\DR9I8SN2NJ4HRZFET77MTYA4.jpg,Seafood Noodles Soup,all,15c04cc9c506fe6880aaad980530cd60,dded10c46a8e65b8
../foodsg-233\sliced fish soup\7BUEFT3DSCGF8Q3GM98C9XKX.jpg,sliced fish soup,all,15c04cc9c506fe6880aaad980530cd60,dded10c46a8e65b8
../foodsg-233\chicken masala\DA8PVCJRW0K40QS7NNB8SL1L.jpg,chicken masala,all,15c6d8ea184b17ee62ce2791775390f2,bbcaca619531e435
../foodsg-233\tandoori chicken\L1MYT4HO1PVXW9RJNC8D03MM.jpg,tandoori chicken,all,15c6d8ea184b17ee62ce2791775390f2,bbcaca619531e435
../foodsg-233\sliced fish soup\VY0DP7IYCUEPQJ4GTTC7A2DL.jpg,sliced fish soup,all,15d09aae8ae708c9a8316aeb48912d61,e69bf2b4237059c2
../foodsg-233\Seafood Noodles Soup\REUKI7ULDY15BOGN8OJZ36YW.jpg,Seafood Noodles Soup,all,15d09aae8ae708c9a8316aeb48912d61,e69bf2b4237059c2
../foodsg-233\Claypot Rice\2PCQCYROSVNG7Y95XYYTTQA1.jpg,Claypot Rice,all,15dc977f519327b1869753b89b43a465,bff278220183ccd7
"../foodsg-233\Rice, korean bulgogi beef\271G208BUERCS5L9GHZWIWMO.jpg","Rice, korean bulgogi beef",all,15dc977f519327b1869753b89b43a465,bff278220183ccd7
"../foodsg-233\Bee hoon, goreng\RATV3JZS5BGRS4QDLVIQPHNQ.jpg","Bee hoon, goreng",all,15e019731dfd18e61eae3e93c0a7f93c,f78de0dac1801e8f
../foodsg-233\mixed vegetables\HNBHA57YOLVAFC8XLWV68MZ8.jpg,mixed vegetables,all,15e019731dfd18e61eae3e93c0a7f93c,f78de0dac1801e8f
../foodsg-233\char siew pau\TDMYQ44EFD6B7UGVK86GDETO.jpg,char siew pau,all,15e9324acf6a9266223f9feb10b362c8,c3ee6d951a984e62
../foodsg-233\xiao long bao\0KFPMT960BAIYG4HM9DNHRQT.jpg,xiao long bao,all,15e9324acf6a9266223f9feb10b362c8,c3ee6d951a984e62
../foodsg-233\Lontong with sayur lodeh\BWBUUWL3952DOZM8XH8NZJKN.jpg,Lontong with sayur lodeh,all,162f424a7ced03ba9794d975731ec29a,d82a81f63e607c73
../foodsg-233\lontong\HCS8SL7MGCUTDABVT36HMMZ4.jpg,lontong,all,162f424a7ced03ba9794d975731ec29a,d82a81f63e607c73
../foodsg-233\cream soup\O6LTID8RKAXTRWYO341T293W.jpg,cream soup,all,16567bf84b52bb60ea6647d7b8e94066,80812fca3cab74fd
../foodsg-233\mushroom soup\6VMRJI63DJ4M3YKXGQC09BG5.jpg,mushroom soup,all,16567bf84b52bb60ea6647d7b8e94066,80812fca3cab74fd
../foodsg-233\whole grain bread\0RKT148HY98KPB40WIH8FKKM.jpg,whole grain bread,all,1680bac7017b59556b42f71e9ab5736f,b803a73ee63c9529
../foodsg-233\whole wheat\4AACOUU5JQ6AJU62AT4G2G30.jpg,whole wheat,all,1680bac7017b59556b42f71e9ab5736f,b803a73ee63c9529
../foodsg-233\mushroom soup\67QJJHN7UQHC2UBASZ60PGSL.jpg,mushroom soup,all,1693a07c608f38d7720e5716988d4e7f,e8af62af34872a92
../foodsg-233\vegetable soup\FESGCQ1FKT302O73DJ1INR71.jpg,vegetable soup,all,1693a07c608f38d7720e5716988d4e7f,e8af62af34872a92
../foodsg-233\Mee siam\MWTNRNKLKB5NQESYS4PZACZG.jpg,Mee siam,all,16becd47f5c79224aeb6a16cb564a558,9a9d4e922f2b9626
../foodsg-233\Mee rebus\3LW25K0JLEGOX3X5AQANZYUR.jpg,Mee rebus,all,16becd47f5c79224aeb6a16cb564a558,9a9d4e922f2b9626
../foodsg-233\Soto ayam\R0HN7PBO1B0XRSJPMZ87AFVD.jpg,Soto ayam,all,16d65ee6587b51fbca2e2283ff78330f,f83914f842c41fde
../foodsg-233\Mee soto\ATE82KJHUHR020V3L2JG1EYX.jpg,Mee soto,all,16d65ee6587b51fbca2e2283ff78330f,f83914f842c41fde
../foodsg-233\fried prawn\J4ISPWWFVCTJ3ESCLIKRY2SG.jpg,fried prawn,all,16deac5757a9918833e86ac4180e8c79,a6f3e5f0009b66cc
../foodsg-233\drunken prawn\V5QM80ATY7B5J51455MK33XA.jpg,drunken prawn,all,16deac5757a9918833e86ac4180e8c79,a6f3e5f0009b66cc
../foodsg-233\Soto ayam\LXRRKJSC4YORME7QJNW0F77N.jpg,Soto ayam,all,16e65af7fa248f9d2cdcb5b6466e24f8,acc0d3d3972cc939
../foodsg-233\Mee soto\ZVGA66G6DZ8XOV5FNXBYVC0W.jpg,Mee soto,all,16e65af7fa248f9d2cdcb5b6466e24f8,acc0d3d3972cc939
../foodsg-233\bee hoon\V6RV7K8C475MCAUN1TP3MBLS.jpg,bee hoon,all,16fdb540c9bbe79c9c96f7e38a2b5cff,cdb136ca98c1998f
"../foodsg-233\Bee hoon, soto\HR9NMYQN0ZIRPP5G8V8SX905.jpg","Bee hoon, soto",all,16fdb540c9bbe79c9c96f7e38a2b5cff,cdb136ca98c1998f
../foodsg-233\sliced fish soup\YVN0DS4S8HCMUOQA16DODIAW.jpg,sliced fish soup,all,17115f28c1a05f18a7e21f2239718b0f,d76f233f26e08219
../foodsg-233\Seafood Noodles Soup\UXM9986QM9M39MXU8BCLDBVU.jpg,Seafood Noodles Soup,all,17115f28c1a05f18a7e21f2239718b0f,d76f233f26e08219
../foodsg-233\bee hoon\4NNP7CIM44WBKP7NU7EYQF45.jpg,bee hoon,all,172bb2fb717e3d2aa14a8211fa47e2aa,a606a0a2c367d7f6
../foodsg-233\Seafood Noodles Soup\F53RXFBKZXMK8KKB3RLLSR5I.jpg,Seafood Noodles Soup,all,172bb2fb717e3d2aa14a8211fa47e2aa,a606a0a2c367d7f6
../foodsg-233\mee pok\S0MBA40GTG9DYNSHDP7XPZF7.jpg,mee pok,all,1733b39af9e2a1aa462074384780796c,ebc8fc25d030c367
../foodsg-233\Fish Ball Noodles\DGQ4TFTTLNIZCWN62JV3XGD7.jpg,Fish Ball Noodles,all,1733b39af9e2a1aa462074384780796c,ebc8fc25d030c367
../foodsg-233\chai tow kuay\PHYFTTTHSWRCKVFEZZ3VNDYV.jpg,chai tow kuay,all,174737e7ee6a8e35438917eefb5a4e0a,eba0a9d08dd4d752
../foodsg-233\Kway Teow\VXGGSMH6RKYXT0JZOPLUJH9U.jpg,Kway Teow,all,174737e7ee6a8e35438917eefb5a4e0a,eba0a9d08dd4d752
../foodsg-233\char siew pau\M79PVSGO4UX7E9ISP4H3XHQB.jpg,char siew pau,all,174d52a3376d5f0ffa10d03104f8ebf0,94c36ed061bde0e6
../foodsg-233\steamed buns\C1XOL6BNTV2VJ53B24UAVLAK.jpg,steamed buns,all,174d52a3376d5f0ffa10d03104f8ebf0,94c36ed061bde0e6
../foodsg-233\fish head curry\VMG2NIOE9QCMU7HZQ0Z9PN6R.jpg,fish head curry,all,174e945e13639412ed97cd11d4f5cf0e,bf93959483c0d8cb
../foodsg-233\assam pedas\PH9VGSM9LU2DWX01RG12QGX8.jpg,assam pedas,all,174e945e13639412ed97cd11d4f5cf0e,bf93959483c0d8cb
../foodsg-233\Mee siam\V6X8V2DUM3TB7LLMPREX47PL.jpg,Mee siam,all,1762fc3a45a57d1572d6e6a8db8b6d2f,f4d452f078c96396
"../foodsg-233\Chap chye, Nonya\SO94ZZL7FOFONZRUP0XIVOBR.jpg","Chap chye, Nonya",all,1762fc3a45a57d1572d6e6a8db8b6d2f,f4d452f078c96396
../foodsg-233\steamed buns\RS3TKXQF7IQ937VTHSQVTFGN.jpg,steamed buns,all,17b63eaef40b62999552f115ec1f94ef,95c883a79cbde04b
../foodsg-233\char siew pau\AQVZH7Z41Z6BA5WHXF3NYY47.jpg,char siew pau,all,17b63eaef40b62999552f115ec1f94ef,95c883a79cbde04b
../foodsg-233\Mee rebus\2FTGV34F8W38XAASGLBAG2T3.jpg,Mee rebus,all,17e0e55f2831ca49d96b4c40c1ede94b,c5be5ae169c039c3
../foodsg-233\Mee bandung\NX105EOZ8HMEYAUAM7WSRJ56.jpg,Mee bandung,all,17e0e55f2831ca49d96b4c40c1ede94b,c5be5ae169c039c3
../foodsg-233\strawberry\2M8FW17KSDJA4OYSD0R134OZ.jpg,strawberry,all,17ea3ba5db3294c0038d2c6656ff31f1,bac9a996961a5a59
../foodsg-233\blueberries\WUSZCEEANCI7KHFLUC1FT4YV.jpg,blueberries,all,17ea3ba5db3294c0038d2c6656ff31f1,bac9a996961a5a59
"../foodsg-233\Don, chicken teriyaki\XC7VBI4KGA3XSXJX6MRP0V5A.jpg","Don, chicken teriyaki",all,17fb327a3964792d7d196ce648bef76c,9a6c74920d1e67b9
"../foodsg-233\Don, unagi\B7ZOEAO4P66PRGBRIGJE0JWH.jpg","Don, unagi",all,17fb327a3964792d7d196ce648bef76c,9a6c74920d1e67b9
../foodsg-233\Pomelo\BGZ4HX2RVA3VA6FVZ6C25RGB.jpg,Pomelo,all,1833739831aa5889377bf807ab4510dd,fa85815a2ead3457
../foodsg-233\Grapefruit\E65QKP26TPFDI005WDKYGIIR.jpg,Grapefruit,all,1833739831aa5889377bf807ab4510dd,fa85815a2ead3457
../foodsg-233\cream soup\XW3A04HRZE4FTCW5HG71E2H8.jpg,cream soup,all,1842778819d70227cbc02f971b559edc,f5c33a4b96298f42
../foodsg-233\mushroom soup\WY3UWGLZ4AMWN66JVWDG62EW.jpg,mushroom soup,all,1842778819d70227cbc02f971b559edc,f5c33a4b96298f42
../foodsg-233\oyster omelette\ZM2CO512ZIS6VSZ33N7RHNWP.jpg,oyster omelette,all,1844c36fda28d567cd56d6bf5d388655,fa838416c9b9d96c
../foodsg-233\chai tow kuay\WOIE9KG3BWB37LETBUXQU4KO.jpg,chai tow kuay,all,1844c36fda28d567cd56d6bf5d388655,fa838416c9b9d96c
"../foodsg-233\Bee hoon, soto\GVCTQU5RIMVU3NLZM58NBJLZ.jpg","Bee hoon, soto",all,1872a0294b9286fc563f9591a03212b3,bfc1f804d3cc0673
../foodsg-233\bee hoon\E142R8LH09SYAF5WJW6VXSRN.jpg,bee hoon,all,1872a0294b9286fc563f9591a03212b3,bfc1f804d3cc0673
../foodsg-233\satay bee hoon\30Y7YZ8RPRX35LBRQN7AW9ZZ.jpg,satay bee hoon,all,1872a0294b9286fc563f9591a03212b3,bfc1f804d3cc0673
"../foodsg-233\Bee hoon, goreng\SCCDNET5GBVKAVJ85C8Z2NZO.jpg","Bee hoon, goreng",all,18f95346c8d1bd049f1a36fc761cc2da,c0c39ea6b847b14f
"../foodsg-233\Mee siam, fried\6GAIXC5ZPR0FKQ3FD4QY628D.jpg","Mee siam, fried",all,18f95346c8d1bd049f1a36fc761cc2da,c0c39ea6b847b14f
../foodsg-233\char siew pau\FUTC2OJ7NE188QMGXPU2X0DE.jpg,char siew pau,all,198814185aa11c9039e88952e8e049f5,893b223f73e02e8b
../foodsg-233\steamed buns\TDXF2KSK2OFLQ8VYOCMU3V8P.jpg,steamed buns,all,198814185aa11c9039e88952e8e049f5,893b223f73e02e8b
../foodsg-233\Seafood Noodles Soup\QX2AO1QYEZ3S5OIOHBTG2YJA.jpg,Seafood Noodles Soup,all,19bdb631fd3b26c577ccfd09c955608b,ef21916a0a2a3f67
../foodsg-233\bee hoon\G2F6UZU2UXCFVCXQU7UPWFHW.jpg,bee hoon,all,19bdb631fd3b26c577ccfd09c955608b,ef21916a0a2a3f67
../foodsg-233\bee hoon\34KFH3EXV7865YV32XU9CCFB.jpg,bee hoon,all,19bec4ab3f2f3d7670cd3c3fc20437ec,a915163abdf193c2
"../foodsg-233\Bee hoon, goreng\FF0XLGAP1RM6B7PKQQ8JHYMQ.jpg","Bee hoon, goreng",all,19bec4ab3f2f3d7670cd3c3fc20437ec,a915163abdf193c2
../foodsg-233\cake\N1FYV8XSH9GSL8G9FMP00A9Q.jpg,cake,all,19f52474ac54cbf7d8293c85897fd492,bbdbac867600e871
../foodsg-233\cake\N5V7NIDE5HPWEKS2QP87CMJT.jpg,cake,all,19f52474ac54cbf7d8293c85897fd492,bbdbac867600e871
../foodsg-233\bee hoon\XC7WDCOL9HEJQUPJIWQDLJIE.jpg,bee hoon,all,1a56a1585c67922e0c67990c9bbcea33,ffa0967068859f58
../foodsg-233\satay bee hoon\C88RTBI72OPI7M4NHCT6O7BG.jpg,satay bee hoon,all,1a56a1585c67922e0c67990c9bbcea33,ffa0967068859f58
../foodsg-233\Grapefruit\3L9OKWT4QSM6LG2885XLKSC1.jpg,Grapefruit,all,1a725db15951061fc22dc60fb991ea5e,e09015e956b66d9b
../foodsg-233\Pomelo\C128R0QX7LRX300M2E9UWOJJ.jpg,Pomelo,all,1a725db15951061fc22dc60fb991ea5e,e09015e956b66d9b
../foodsg-233\kueh lapis - rainbow\ULVH8FJ3T3ZWBZ757X7UGX2M.jpg,kueh lapis - rainbow,all,1a85891b9a00e40d0dca3883b459d5ef,fe85e896a1cb6512
../foodsg-233\Kueh Salat\9ASJR6T8STKBJ8IRD13D47NK.jpg,Kueh Salat,all,1a85891b9a00e40d0dca3883b459d5ef,fe85e896a1cb6512
../foodsg-233\sliced fish soup\MWTCQFRD15YP52F9A6G84AGW.jpg,sliced fish soup,all,1a9608f1a410fb616e7b72324aabcb63,c5021ea89abab53f
../foodsg-233\sliced fish soup\QEQNQ10T3HXCJ9L9QI6D0DH9.jpg,sliced fish soup,all,1a9608f1a410fb616e7b72324aabcb63,c5021ea89abab53f
../foodsg-233\Pomelo\QKACBPI7WRGQQ1QW8A3G7EP7.jpg,Pomelo,all,1a9c912c56be5eb8a64c11e4b81af6c8,e1d68f9399982ca5
../foodsg-233\Grapefruit\2DDDI9UF18CAOWALPZ3DQF28.jpg,Grapefruit,all,1a9c912c56be5eb8a64c11e4b81af6c8,e1d68f9399982ca5
../foodsg-233\hokkien prawn mee\Q2XXM3DILEI3X1JNDD376ZKQ.jpg,hokkien prawn mee,all,1aa1afa836529c66dd1f1f7ecaa35803,fac29035c8bd8d36
../foodsg-233\Prawn Noodle\WN5B70506QUVNYMV5EX41ZQM.jpg,Prawn Noodle,all,1aa1afa836529c66dd1f1f7ecaa35803,fac29035c8bd8d36
../foodsg-233\chicken soup\OH9N44EKAHRGQA589E6JY2AF.jpg,chicken soup,all,1aae47b5a6f8f997242f710c0145d2e9,80c801dd7dec3f0f
../foodsg-233\cream soup\LXZ0VJ6I10E497RZC9H7CJSZ.jpg,cream soup,all,1aae47b5a6f8f997242f710c0145d2e9,80c801dd7dec3f0f
../foodsg-233\chin chow drink\IED18P7IGQB2GD18BUHROCUY.jpg,chin chow drink,all,1acef06afe1100660bf1adbc9ec6cbe7,f468b0f14bcaa2ae
../foodsg-233\Bubble Milk Tea\PT4QUIXXXXJ0FVFGG19LN833.jpg,Bubble Milk Tea,all,1acef06afe1100660bf1adbc9ec6cbe7,f468b0f14bcaa2ae
../foodsg-233\Duck Rice\2QDTD9LN2CKG1GAUDRHOM4QD.jpg,Duck Rice,all,1ad3d0f4176a1466f936ab42fa5d6259,bde3fcd0c1988295
../foodsg-233\char siew\Z6R7T3PVUM244RPJLQS474EU.jpg,char siew,all,1ad3d0f4176a1466f936ab42fa5d6259,bde3fcd0c1988295
../foodsg-233\Seafood Noodles Soup\85XIK4LAW0ZDFTLKEI5GNY86.jpg,Seafood Noodles Soup,all,1ad77416725fa517253f92a9e032a777,f4fdd0d354c25a0c
"../foodsg-233\Bee hoon, soto\95C0BUV1AHP9RROGNMYNJAO2.jpg","Bee hoon, soto",all,1ad77416725fa517253f92a9e032a777,f4fdd0d354c25a0c
../foodsg-233\whole grain bread\V1AEJQPU8XBPEHQA1WF4TDUU.jpg,whole grain bread,all,1af9f592ff76fda7a4f0ba9c571fb404,f9e282aa9595d43a
../foodsg-233\whole wheat\3FZ8VH6RQAAKKBOQ9DT2BVS3.jpg,whole wheat,all,1af9f592ff76fda7a4f0ba9c571fb404,f9e282aa9595d43a
../foodsg-233\drunken prawn\GRD1K2Z906H91LYU6BDOM57D.jpg,drunken prawn,all,1b0c6858a0ec3625bde921ad08cd9245,fb81bc16564c0e2f
../foodsg-233\fried prawn\AIQ8VV6B5KXB4062Z4B6HTUL.jpg,fried prawn,all,1b0c6858a0ec3625bde921ad08cd9245,fb81bc16564c0e2f
../foodsg-233\Duck Rice\393XK263YJSC3SVFUGMJ1SBY.jpg,Duck Rice,all,1b0d3285feea4bc369371bb86469cbb0,a738d8d3034ec8d7
../foodsg-233\char siew\RCZ3GG7ZFC60AJ6I8JV3VNDM.jpg,char siew,all,1b0d3285feea4bc369371bb86469cbb0,a738d8d3034ec8d7
../foodsg-233\whole grain bread\DRP7R68173VME25RPOQWUP6P.jpg,whole grain bread,all,1b6c9344d41e05eb7d538f793a9e1b78,9f2ae055d25e8678
../foodsg-233\whole wheat\HRYSSLBWSBY9EI87S72R8CHQ.jpg,whole wheat,all,1b6c9344d41e05eb7d538f793a9e1b78,9f2ae055d25e8678
../foodsg-233\Pomelo\Q08TSSVGXW55YNNM0BBN1I0X.jpg,Pomelo,all,1bad3333e2fe40d2998e1b47f9c6d717,88de342e74937e94
../foodsg-233\Grapefruit\Y914CAFINUUK44IUYZJ7XDA3.jpg,Grapefruit,all,1bad3333e2fe40d2998e1b47f9c6d717,88de342e74937e94
../foodsg-233\Mee soto\16T9QWMMD08RNB460CTR38EI.jpg,Mee soto,all,1bddeae2c4aec9857b282ecec60c66f1,e7859c582f547d60
../foodsg-233\Soto ayam\LAIC3VPXXUT6A5EI3TRKRILB.jpg,Soto ayam,all,1bddeae2c4aec9857b282ecec60c66f1,e7859c582f547d60
../foodsg-233\Prawn Noodle\O745QV09P1TI489XCHLBC42Y.jpg,Prawn Noodle,all,1be5621c537a9d9f61a3ed2c6a5c7641,bf9660956083877e
../foodsg-233\tom yum noodle soup\F5SEY2YA7QDNLWRGTTUFX0IK.jpg,tom yum noodle soup,all,1be5621c537a9d9f61a3ed2c6a5c7641,bf9660956083877e
../foodsg-233\tiramisu\7IGTMTTFHC7IX19JFMS107ET.jpg,tiramisu,all,1bf46f7c6051bb0a86bf6254ae7af26e,af04853b5691f8da
../foodsg-233\cake\KR12H1ZP0ITCEUCBATP71W52.jpg,cake,all,1bf46f7c6051bb0a86bf6254ae7af26e,af04853b5691f8da
../foodsg-233\Fruit juice\6UME555FCRB39DDTJQPDNK7P.jpg,Fruit juice,all,1bf64acc2998f86c27fa77a9d87a1ce4,dfb1200e4e3c3cb9
../foodsg-233\honeydew\LLUW5MGAVQVTUN4TMECJ486C.jpg,honeydew,all,1bf64acc2998f86c27fa77a9d87a1ce4,dfb1200e4e3c3cb9
"../foodsg-233\Bee hoon, goreng\O3O29K1G5S0P3ZZSMUZWFSNY.jpg","Bee hoon, goreng",all,1bfbb146ddd523fad238ae71121e122d,83863d55f535b498
../foodsg-233\bee hoon\RTWP78XE7DM1OV95ZQVG702B.jpg,bee hoon,all,1bfbb146ddd523fad238ae71121e122d,83863d55f535b498
../foodsg-233\mushroom soup\098LT803F5LU5RXL1RVPDVFS.jpg,mushroom soup,all,1bfd864692747b538cee3f2a9688dc72,d9caea81809f8f3c
../foodsg-233\miso soup\BUVQWC2WXABDLUZ5Z5WRT76S.jpg,miso soup,all,1bfd864692747b538cee3f2a9688dc72,d9caea81809f8f3c
"../foodsg-233\Mee siam, fried\NBIHOSKB1FSX1TID30Z0D06O.jpg","Mee siam, fried",all,1c216ed49d14649daec1981cda34aa40,b5cada68d8c9c899
../foodsg-233\Mee siam\GAXLJKDSRBIQNOHR4PXX6L99.jpg,Mee siam,all,1c216ed49d14649daec1981cda34aa40,b5cada68d8c9c899
../foodsg-233\Fish Ball Noodles\CZ21XYPSGUZ3Q66OCLRIBFFL.jpg,Fish Ball Noodles,all,1c51657d9dab51130cb6899d9636d8f9,aeaec5582b14c9cd
"../foodsg-233\Wanton mee, dry\I2YZ1NPV6CNEBMV6QEFWDQ7S.jpg","Wanton mee, dry",all,1c51657d9dab51130cb6899d9636d8f9,aeaec5582b14c9cd
../foodsg-233\Seafood Noodles Soup\1GZJTSCCH9RMDL5AR3HBT1I9.jpg,Seafood Noodles Soup,all,1c6edb57a01aeac8121f98ed72999f78,919516ba61db06f5
../foodsg-233\sliced fish soup\0C9SBZ9PKCSU11MS4LTKNS6G.jpg,sliced fish soup,all,1c6edb57a01aeac8121f98ed72999f78,919516ba61db06f5
../foodsg-233\tandoori chicken\K3MLCQRSGWS948DZATLKAQ0I.jpg,tandoori chicken,all,1c6fb7cd824cf0bddc996e1c97e2bb98,fff192c8e8b30584
../foodsg-233\chicken masala\CN29X1J9332EOPFMAJZCS0VG.jpg,chicken masala,all,1c6fb7cd824cf0bddc996e1c97e2bb98,fff192c8e8b30584
../foodsg-233\Mee soto\48VI9TG9I44RDE05502T5A3F.jpg,Mee soto,all,1c76d652f01990cccfe21ee2eb2c3b60,9d95859e976a1aa1
../foodsg-233\Soto ayam\TR7PNCD992WUV39RKZUBS2BV.jpg,Soto ayam,all,1c76d652f01990cccfe21ee2eb2c3b60,9d95859e976a1aa1
../foodsg-233\bee hoon\JN1S484G8UDJV3VJ5KG5549Q.jpg,bee hoon,all,1c79fc287a7bc3154ce713cc5dba2060,f8b9a185b51564d3
"../foodsg-233\Bee hoon, goreng\X2J5NJF693XPIOJSRJ8RMUYH.jpg","Bee hoon, goreng",all,1c79fc287a7bc3154ce713cc5dba2060,f8b9a185b51564d3
../foodsg-233\Sweets\QQKISJVG6HPT0U0CMJB84R7K.jpg,Sweets,all,1c7bf97a871288f3a8f1378ab207c17a,b467ce9a93342cc9
../foodsg-233\lychee\KWQ00UKZN34W76OKKGNP28IH.jpg,lychee,all,1c7bf97a871288f3a8f1378ab207c17a,b467ce9a93342cc9
../foodsg-233\char siew pau\Q7REEW80X5SSSHN37P4DUS4Y.jpg,char siew pau,all,1ca809247dc6f64c2b53b954329a02df,88785f67707707a1
../foodsg-233\steamed buns\LGQGPH1L8XBJNG9HKL9O7XRT.jpg,steamed buns,all,1ca809247dc6f64c2b53b954329a02df,88785f67707707a1
../foodsg-233\mixed vegetables\3TEK22SYK50MXKGKJGS5UIRS.jpg,mixed vegetables,all,1cb27d2e40c2e2b546492c7d17e7ea49,aae7d5684a672532
../foodsg-233\vegetable soup\A45VSB87G75WDTED2YU8MDMA.jpg,vegetable soup,all,1cb27d2e40c2e2b546492c7d17e7ea49,aae7d5684a672532
"../foodsg-233\Bee hoon, soto\XZESYVWUY8ST1PX10FCQSJ6V.jpg","Bee hoon, soto",all,1cbdaaf7985503b0a9b036366ff279bc,b5a112ff61c207cb
../foodsg-233\hokkien prawn mee\0ZXO651D6RHYN0L1NJ5AWC1Z.jpg,hokkien prawn mee,all,1cbdaaf7985503b0a9b036366ff279bc,b5a112ff61c207cb
"../foodsg-233\Rice, chicken katsu with Japanese curry\DEL9I7HOKWXJ0V7LF0DOBNNE.jpg","Rice, chicken katsu with Japanese curry",all,1d0f75b15afd5aa49217bbccdb4ce5a1,b4c3c32e3e30d167
../foodsg-233\Katsudon\C4B2QCDRLOEBBXXQ8SDWHMC4.jpg,Katsudon,all,1d0f75b15afd5aa49217bbccdb4ce5a1,b4c3c32e3e30d167
../foodsg-233\whole wheat\E2N99DRICIFHK7420BTFGAGA.jpg,whole wheat,all,1d4cde2e5bbb8461f3fbeb3ff07a3eff,c53a2ff0ddc384d0
../foodsg-233\whole grain bread\TCUYAUKAHWFMCMMCYZF161SQ.jpg,whole grain bread,all,1d4cde2e5bbb8461f3fbeb3ff07a3eff,c53a2ff0ddc384d0
../foodsg-233\Mee siam\FLS1ZINCI0MUU9WEP5C932DA.jpg,Mee siam,all,1dd2e12aa25db15adaaee7d42f866aff,ca68a52fd792cac8
"../foodsg-233\Mee siam, fried\MC3TGKGUMRD7PEDAEQGF2NU4.jpg","Mee siam, fried",all,1dd2e12aa25db15adaaee7d42f866aff,ca68a52fd792cac8
../foodsg-233\Prawn Noodle\FBA8Q6FH1MALZXDKX0QSY8NS.jpg,Prawn Noodle,all,1e2716ab38f5b2bd17fee81365a6dfd3,b4d119cf504f707c
../foodsg-233\Mee soto\0AWOLE0CF4DP0EHO7YK589ZC.jpg,Mee soto,all,1e2716ab38f5b2bd17fee81365a6dfd3,b4d119cf504f707c
../foodsg-233\whole grain bread\WTUI4JDHH0ORVFY135NIPZQB.jpg,whole grain bread,all,1e4b697e7d6e68a6dd8434c700b1cd2d,8ac10ddea127d6d9
../foodsg-233\whole wheat\A0T6VI4HEPPLF2H3926C4UX6.jpg,whole wheat,all,1e4b697e7d6e68a6dd8434c700b1cd2d,8ac10ddea127d6d9
../foodsg-233\Mee siam\NIQCQMSI5S9NZ2MYHCVXPT24.jpg,Mee siam,all,1e512a75f0f1dd698daffa9f5af634e1,d5fd09a97dc06825
../foodsg-233\bee hoon\MIO4P6SO2WXYS9ETHEEAOK6V.jpg,bee hoon,all,1e512a75f0f1dd698daffa9f5af634e1,d5fd09a97dc06825
"../foodsg-233\Bee hoon, goreng\BSYJ6JX4KYOO0ZVIO3SHBO1Z.jpg","Bee hoon, goreng",all,1e512a75f0f1dd698daffa9f5af634e1,d5fd09a97dc06825
../foodsg-233\Soto ayam\CUURVMENLPA11JPFIDKQPLI2.jpg,Soto ayam,all,1e6c330785beaffc942c77dcee93fea2,c9bb37b6b290c087
../foodsg-233\Mee soto\JQYNGQJ3NIOH5CS8ULDYILRT.jpg,Mee soto,all,1e6c330785beaffc942c77dcee93fea2,c9bb37b6b290c087
../foodsg-233\hokkien prawn mee\8KP665CQ0WVJJ8X1YD0RVPQ5.jpg,hokkien prawn mee,all,1ea41c91e28ec8019dd85eeef604a6c0,a2cd47d68adcb152
../foodsg-233\Fried Noodles\YD5S8ELATFLG5B8R0F85H5DZ.jpg,Fried Noodles,all,1ea41c91e28ec8019dd85eeef604a6c0,a2cd47d68adcb152
../foodsg-233\bee hoon\O946AHJJWKARMWZJWG69Y2CG.jpg,bee hoon,all,1ed29470ffaf85ca51e23b4ffc6fb86c,b0102b7f97d09c6b
"../foodsg-233\Bee hoon, goreng\GZ8R0KYK1MBB4P6FS9TMX73V.jpg","Bee hoon, goreng",all,1ed29470ffaf85ca51e23b4ffc6fb86c,b0102b7f97d09c6b
../foodsg-233\Mee rebus\YVEPSQQ5W5AWR0A8PYKIROU3.jpg,Mee rebus,all,1f0977cae75c24e2a222b6e22ed920c6,bde85823b550a94f
../foodsg-233\Mee soto\RH8VNYZKSCK28YBW44ZFKLJQ.jpg,Mee soto,all,1f0977cae75c24e2a222b6e22ed920c6,bde85823b550a94f
../foodsg-233\Mee kuah\IB80PIZAATEX0WHD0YV2EXHR.jpg,Mee kuah,all,1f25174a45e467d37a070145ad52e507,abe195a5c09fc46a
"../foodsg-233\Bee hoon, soto\3VDZWY06D7E205RJNH15EACW.jpg","Bee hoon, soto",all,1f25174a45e467d37a070145ad52e507,abe195a5c09fc46a
../foodsg-233\steamed buns\BU6UM9GZM7WNUSSBB60KAHSX.jpg,steamed buns,all,1f4842adfecfdb2d8a80b28f15777cf2,841e397467cc7627
../foodsg-233\char siew pau\5GQ4SLXU01QZ4ST9YYHMCIA7.jpg,char siew pau,all,1f4842adfecfdb2d8a80b28f15777cf2,841e397467cc7627
../foodsg-233\satay bee hoon\H45G60XFGV5Y0T5F4SEWY7EU.jpg,satay bee hoon,all,1f4e68db5c0e74850fe2b1cf545d03bd,80dede5d78216a66
"../foodsg-233\Bee hoon, soto\99I8KAB8QAMKPTMNPNN9XBOK.jpg","Bee hoon, soto",all,1f4e68db5c0e74850fe2b1cf545d03bd,80dede5d78216a66
../foodsg-233\Claypot Rice\NMEJ2UKGIWLL7M0MUYM8VB4T.jpg,Claypot Rice,all,1f6b36b224c2e24a220c6dad3a9d2c62,c58c7a9685393799
"../foodsg-233\Rice, with dakgalbi\M6YGGZK2BH6WS7R3V6TS2VYE.jpg","Rice, with dakgalbi",all,1f6b36b224c2e24a220c6dad3a9d2c62,c58c7a9685393799
../foodsg-233\Mee rebus\COVHHWCNAC24W9551TJV3S3T.jpg,Mee rebus,all,1f82459e8661332280a12035f63d7283,e0eeaebe80a83ca5
../foodsg-233\Mee bandung\DINWVOEBIMSC1DKCYGT0JQEI.jpg,Mee bandung,all,1f82459e8661332280a12035f63d7283,e0eeaebe80a83ca5
../foodsg-233\char siew pau\XQ8IW7WKW5TZYP600TTNMMF6.jpg,char siew pau,all,1f88e1c63d8f917e1c8b1e67943c9983,baaf049033cbdc99
../foodsg-233\steamed buns\1CJ2UT799EFA97XX5OYLD340.jpg,steamed buns,all,1f88e1c63d8f917e1c8b1e67943c9983,baaf049033cbdc99
../foodsg-233\steamed buns\BT6G09VH1EOHML8CFADA27AH.jpg,steamed buns,all,1f91a1824aaf8bf758c6c30b7dacc419,c2fb7fe0ca9da800
../foodsg-233\char siew pau\KO1RGH1DUZ608L72HXEIEZV5.jpg,char siew pau,all,1f91a1824aaf8bf758c6c30b7dacc419,c2fb7fe0ca9da800
../foodsg-233\Lor mee\TUCRZULRP247Z2EQRPFWMH2X.jpg,Lor mee,all,1f9d971f57d9e12d9b7c2a9f5b3e7955,f5b850cbca288f3c
../foodsg-233\Dumpling noodle soup\4AL4VUFSUKUFYK8I1W3R5QAC.jpg,Dumpling noodle soup,all,1f9d971f57d9e12d9b7c2a9f5b3e7955,f5b850cbca288f3c
../foodsg-233\sliced fish soup\KJAXFUO72NQNXPVSDLT3VOSP.jpg,sliced fish soup,all,1fe2fe1e783a4132cd53cf9b2bc45f98,db5f914a4a2a1f29
../foodsg-233\Seafood Noodles Soup\LGFQ0GTUT0FILMJS2XHM3FVY.jpg,Seafood Noodles Soup,all,1fe2fe1e783a4132cd53cf9b2bc45f98,db5f914a4a2a1f29
../foodsg-233\Prawn Noodle\9W5W62ZIX2ZUMZG0I2N00DH4.jpg,Prawn Noodle,all,1ff5056e299ed21f66d309bebf54a4c2,826317939ac1fcce
../foodsg-233\tom yum noodle soup\2URWQDBEPVQWF0E9LW90S7AD.jpg,tom yum noodle soup,all,1ff5056e299ed21f66d309bebf54a4c2,826317939ac1fcce
"../foodsg-233\Mee siam, fried\FHHBFGS8ISBBK7EMIJIOK3CI.jpg","Mee siam, fried",all,2031fb8c85f8f5e894308e3e37e9be23,9d9a34e313c6fe02
"../foodsg-233\Bee hoon, goreng\18A2YL9O16J5JG12HK8UENXT.jpg","Bee hoon, goreng",all,2031fb8c85f8f5e894308e3e37e9be23,9d9a34e313c6fe02
../foodsg-233\bee hoon\ITZBG1Q4JZOWS6XT1IC9SBF4.jpg,bee hoon,all,2031fb8c85f8f5e894308e3e37e9be23,9d9a34e313c6fe02
../foodsg-233\Nasi pattaya\L2H12P97OQWQR9TW8ZNQ0RW8.jpg,Nasi pattaya,all,2031fb8c85f8f5e894308e3e37e9be23,9d9a34e313c6fe02
"../foodsg-233\Mee siam, fried\FF4H5REB78GH0X3URY0PKLLZ.jpg","Mee siam, fried",all,2069a754bc1e96bc9eec00893fcebecf,8ac9610fb734f833
../foodsg-233\Hor Fun\KD3FH5Z2V18OLD0ZEM3G5PAJ.jpg,Hor Fun,all,2069a754bc1e96bc9eec00893fcebecf,8ac9610fb734f833
../foodsg-233\mixed grills\ZWSW6IZF6WLC3SCJBHIZT8J1.jpg,mixed grills,all,2093055a8b4e5ef3956d9bbc89946a39,c09fb3e834ca26d9
../foodsg-233\mixed vegetables\VWH4BBSJF0JDXFY42WWTI0ZL.jpg,mixed vegetables,all,2093055a8b4e5ef3956d9bbc89946a39,c09fb3e834ca26d9
../foodsg-233\Mee rebus\RNRPUK70T72G68N4IRHMQN2W.jpg,Mee rebus,all,20e32441ad5847daa5751580f5a846b3,eeacb186e2e59390
../foodsg-233\Mee bandung\84UAPSBCAWGA96O47J4H0837.jpg,Mee bandung,all,20e32441ad5847daa5751580f5a846b3,eeacb186e2e59390
../foodsg-233\Lontong with sayur lodeh\NWSYTR85RXM4JYK0ZQDISVPN.jpg,Lontong with sayur lodeh,all,20fd6c3354f81d4728f2f86ac2385ed1,ff55c0d2ca9a9215
../foodsg-233\lontong\JMC0RV0OOXOU1111PQCUBF5V.jpg,lontong,all,20fd6c3354f81d4728f2f86ac2385ed1,ff55c0d2ca9a9215
"../foodsg-233\Miso ramen, with fishcake\EJE2ZK61F2RYY7UXLMV4EPQM.jpg","Miso ramen, with fishcake",all,20ff00891f9cc4ebe2787d89b0099cf1,d4b8dbc4c9936c25
../foodsg-233\miso soup\ST2AF3CS9AHNI8MD2FP8LUV6.jpg,miso soup,all,20ff00891f9cc4ebe2787d89b0099cf1,d4b8dbc4c9936c25
../foodsg-233\Soto ayam\N4LQ6L98MX1FIVTPPD10P9NX.jpg,Soto ayam,all,2166cc3e9e295607bfab3fdaa0151c78,f88dc7c44e999b09
../foodsg-233\Mee soto\Z9VHDZOV809TUW8U78ZWKYW1.jpg,Mee soto,all,2166cc3e9e295607bfab3fdaa0151c78,f88dc7c44e999b09
../foodsg-233\Mee soto\7SACO4543EOCNLKF8A9APOIU.jpg,Mee soto,all,217e490ea8540e1eba86cfd37e399975,f5e1949712c7629a
../foodsg-233\Soto ayam\50N5D56S60S7DUFK8BA65TIU.jpg,Soto ayam,all,217e490ea8540e1eba86cfd37e399975,f5e1949712c7629a
../foodsg-233\Mee soto\98FIQ14H7NIMD36RRQNZ8AGK.jpg,Mee soto,all,2182fac632186daa726e7c5013cb34d9,a6b407a7991b5f90
../foodsg-233\Soto ayam\VEKJFXUUDA2EI69J407P2MRV.jpg,Soto ayam,all,2182fac632186daa726e7c5013cb34d9,a6b407a7991b5f90
../foodsg-233\Lor mee\103UCNJSMWQ7GWQIEH5TM8LE.jpg,Lor mee,all,21b942e1d9389659f9da7776ac141aa5,af24f493d299cb22
"../foodsg-233\Bee hoon, soto\9SXDJW8NT8O9ROYDR8W8UI5B.jpg","Bee hoon, soto",all,21b942e1d9389659f9da7776ac141aa5,af24f493d299cb22
"../foodsg-233\Bee hoon, goreng\WRYOTR9PQF17YB0P29Y3EQJR.jpg","Bee hoon, goreng",all,21c633b29fb6fa2da529788e4ffbecd9,fafa85f282688b25
../foodsg-233\Fried Noodles\QYPK5MAI5HL4I1G4Q8RHQWTH.jpg,Fried Noodles,all,21c633b29fb6fa2da529788e4ffbecd9,fafa85f282688b25
../foodsg-233\bee hoon\H71IC5AL8EO08VKST5ZJ0RLE.jpg,bee hoon,all,21dbe16bfe1782560134c56f099ab7a0,d2b4d9419e10dead
"../foodsg-233\Bee hoon, goreng\I1VHZUU9QYGKPWA4UXPW1HWG.jpg","Bee hoon, goreng",all,21dbe16bfe1782560134c56f099ab7a0,d2b4d9419e10dead
../foodsg-233\xiao long bao\MO4O6RX51TVMPPFXGT3XHT00.jpg,xiao long bao,all,22218adcbaec4fcb69444b918a538039,e99834a3c72f52b8
../foodsg-233\char siew pau\BSFR2HC31APHO1AHVPKXQSO4.jpg,char siew pau,all,22218adcbaec4fcb69444b918a538039,e99834a3c72f52b8
../foodsg-233\Mee rebus\9UZN83CV97RRQ1S6DXX4V15C.jpg,Mee rebus,all,22450df779c7f26b6f2d8f7d01db6eb5,e010872d9f63dc6b
../foodsg-233\Mee siam\V9QAP97WWMXKXVM5I0VULSTN.jpg,Mee siam,all,22450df779c7f26b6f2d8f7d01db6eb5,e010872d9f63dc6b
../foodsg-233\whole wheat\TN0VEULJ8PZ9CQ9CO156FWO9.jpg,whole wheat,all,224941921f8dade3d5be849d407f466b,de2494e5af4aa1d2
../foodsg-233\whole grain bread\O8AVG7Y67G95S31YH4T35KC8.jpg,whole grain bread,all,224941921f8dade3d5be849d407f466b,de2494e5af4aa1d2
../foodsg-233\steamed grouper\BVW2HTY3W7UU1VW19S38W7JZ.jpg,steamed grouper,all,2255d51128dad6cfdbe8c074f52bb74d,c132155d5a7d786c
../foodsg-233\Seafood Noodles Soup\P87FSDJE5AGO7CJG6F2QGYBI.jpg,Seafood Noodles Soup,all,2255d51128dad6cfdbe8c074f52bb74d,c132155d5a7d786c
../foodsg-233\Mee rebus\F6PZSA4J4O9IONQN14SECKHZ.jpg,Mee rebus,all,2272083f294ce47446d1c0c211c405cf,ae5bbb6c25663430
../foodsg-233\Mee siam\C1E1XDIT3DF36DTROA6I5K7I.jpg,Mee siam,all,2272083f294ce47446d1c0c211c405cf,ae5bbb6c25663430
../foodsg-233\Lontong with sayur lodeh\AQ9RGH40N3EPH3324OK6JKU8.jpg,Lontong with sayur lodeh,all,228965b8f433e9baa1a6d538d444a6b1,e10e9d13866bf135
../foodsg-233\lontong\8JUF74DSIWQFUSLNLM3MEM7L.jpg,lontong,all,228965b8f433e9baa1a6d538d444a6b1,e10e9d13866bf135
../foodsg-233\Bubble Milk Tea\DXX33TRSRJJBW04VYICR22WJ.jpg,Bubble Milk Tea,all,228ba4daaa3fae76055268f0b50c3518,960eae18a05bd37d
../foodsg-233\milk\R3M50BKFWFHGO1873P7E3I8Q.jpg,milk,all,228ba4daaa3fae76055268f0b50c3518,960eae18a05bd37d
../foodsg-233\fish head curry\IX5CZZ3H8HWXYYWN8RFYSOIE.jpg,fish head curry,all,22a25a8d85e031e373e9d7d48761a051,eb90944fc338cf25
../foodsg-233\assam pedas\7ZS5QB5SATDCUCFL8YW9QUMN.jpg,assam pedas,all,22a25a8d85e031e373e9d7d48761a051,eb90944fc338cf25
../foodsg-233\fried chicken\DAUTFWPIJ3JGN5NZ2S9FSVPK.jpg,fried chicken,all,22d347e63f12330e591265d5f26a6324,f4b3a105d368c5ea
"../foodsg-233\Rice, with dakgalbi\5VF0U9JSTD7Y47LPRHVWX5DK.jpg","Rice, with dakgalbi",all,22d347e63f12330e591265d5f26a6324,f4b3a105d368c5ea
"../foodsg-233\Bee hoon, goreng\42D5X0G2RALEJI05AF3WTMWJ.jpg","Bee hoon, goreng",all,2319dc018d8aced991fa5e0761fa2898,cd50e2cbb6551b98
../foodsg-233\bee hoon\4I5YY1G40YWU0PGKLP1SG88J.jpg,bee hoon,all,2319dc018d8aced991fa5e0761fa2898,cd50e2cbb6551b98
"../foodsg-233\Bee hoon, goreng\NP1DD9GF1LKIY2SJJCA1X30D.jpg","Bee hoon, goreng",all,234f1de2c38ae9bc77051be170d1eff1,9f7e7f90a8852838
../foodsg-233\bee hoon\5TORG7228BOWYDNZIMPQP8NH.jpg,bee hoon,all,234f1de2c38ae9bc77051be170d1eff1,9f7e7f90a8852838
"../foodsg-233\Miso ramen, with fishcake\YYJC7S4C93XJU9Y7R3PURKQO.jpg","Miso ramen, with fishcake",all,235299c0346918fd41675e2377ec8a2e,f1098ef8fb8304cd
../foodsg-233\vegetable soup\W67BWX8RG6BHX2D3EMWZS0FF.jpg,vegetable soup,all,235299c0346918fd41675e2377ec8a2e,f1098ef8fb8304cd
../foodsg-233\Mee soto\PJ898MOJIWH44UVD8XF1T5TF.jpg,Mee soto,all,2371ab543eb0d3ca9dbdf72da9035f5b,e2ef8548562f1a65
"../foodsg-233\Bee hoon, soto\62SIU91BN313NEVXS8KR4RA3.jpg","Bee hoon, soto",all,2371ab543eb0d3ca9dbdf72da9035f5b,e2ef8548562f1a65
../foodsg-233\Bibimbap\TV8ED1GIGDHD0CLK3BZ9T4VO.jpg,Bibimbap,all,24696cb7710008e618a7de38227b335d,e885f478b282c73b
"../foodsg-233\Rice, korean bulgogi beef\FFPX4TQPC9N62YCCV4JD11VJ.jpg","Rice, korean bulgogi beef",all,24696cb7710008e618a7de38227b335d,e885f478b282c73b
"../foodsg-233\Bee hoon, goreng\RCRJIHNJCUO7O9CDAIYABSED.jpg","Bee hoon, goreng",all,248d9a96ace08eeb537c26278558c2dd,bc8a14b7d24cd96c
"../foodsg-233\Mee siam, fried\P4Z8A20BULPKSXF3HC7KQXPP.jpg","Mee siam, fried",all,248d9a96ace08eeb537c26278558c2dd,bc8a14b7d24cd96c
../foodsg-233\Duck Rice\HAEH95T7TGT259K0GAH3DGU4.jpg,Duck Rice,all,2494efe355c71f46455179931d8db975,e59b9a699164e964
../foodsg-233\char siew\YUOIDI1QCIKKHSEOG170D2GT.jpg,char siew,all,2494efe355c71f46455179931d8db975,e59b9a699164e964
../foodsg-233\Chocolate\WKF04DZMV1SXG32AK11KZJLC.jpg,Chocolate,all,24d6fbafb4aede7d43f2b7b6cd669b30,bbc2c03e86b59f09
../foodsg-233\Nuts\3IDENI542J7SER9AQTFDZDM9.jpg,Nuts,all,24d6fbafb4aede7d43f2b7b6cd669b30,bbc2c03e86b59f09
../foodsg-233\Fish Ball Noodles\VEVG8HWLIN5TYVWA1R4FLEHH.jpg,Fish Ball Noodles,all,24dd032214591a1ea76b5b120ab173a8,f0d59b7be0c484a9
../foodsg-233\mee pok\IR6K1W2HSL4OB2X5PR972JTN.jpg,mee pok,all,24dd032214591a1ea76b5b120ab173a8,f0d59b7be0c484a9
../foodsg-233\Soto ayam\22JWUE1ROIGSLK9AZELKLX8C.jpg,Soto ayam,all,24ef24c965a6d382692c7510f024685c,a688d9c7e4d4c633
"../foodsg-233\Bee hoon, soto\KDRRNQ7Q86YQB7UR5PBP0MK7.jpg","Bee hoon, soto",all,24ef24c965a6d382692c7510f024685c,a688d9c7e4d4c633
../foodsg-233\Mee soto\GB18GQBT56HOB4L3XPI68OQL.jpg,Mee soto,all,24ef24c965a6d382692c7510f024685c,a688d9c7e4d4c633
../foodsg-233\Soto ayam\PFTNJ4ZW1ULZFUWRLN48K3JK.jpg,Soto ayam,all,24f7c386001bd99f87ad150c50f94c2e,ed1d2cb01227ebe8
../foodsg-233\Mee soto\76ZZAIMST443D28YEFA20DGB.jpg,Mee soto,all,24f7c386001bd99f87ad150c50f94c2e,ed1d2cb01227ebe8
../foodsg-233\Mee soto\PIXUUK3APBNQBYMFJ16U7UDE.jpg,Mee soto,all,24fe480253d12e88793ad96d91e45f60,98c444a0b7d3d95f
../foodsg-233\Soto ayam\8R00FUV47P8GFYNURLMVW1EN.jpg,Soto ayam,all,24fe480253d12e88793ad96d91e45f60,98c444a0b7d3d95f
../foodsg-233\orange\U4WHLE644OM0T4IOKPQX17QU.jpg,orange,all,252f8581268241a1bf954546b45a9edd,962378f1ae26a4ba
../foodsg-233\Fruit juice\FFH1ZMT4PZ29FZAQE6NNOJJF.jpg,Fruit juice,all,252f8581268241a1bf954546b45a9edd,962378f1ae26a4ba
../foodsg-233\chicken soup\8F8NM88ESOUD199DSIBZT6EA.jpg,chicken soup,all,2549bee78965db5342498afe640a4559,e2c57b2dc49d92d0
../foodsg-233\Udon\EO8SAMTH5CJHZC92DZD065D7.jpg,Udon,all,2549bee78965db5342498afe640a4559,e2c57b2dc49d92d0
../foodsg-233\whole wheat\0GXZWQHKAVNHRMGIT4GH2NLY.jpg,whole wheat,all,2569291f2d20017c230013dfc7d394c1,8597ca12ed7a126b
../foodsg-233\whole grain bread\4UAYJHNCCXPUSSFEKEMI2N0U.jpg,whole grain bread,all,2569291f2d20017c230013dfc7d394c1,8597ca12ed7a126b
../foodsg-233\Dumpling noodle soup\2LCS4B5HY6L2L8SUP1X8XNRG.jpg,Dumpling noodle soup,all,2575183aac4290e14a71ff9e5ccd4e17,f9b943b14ac64c9a
../foodsg-233\tom yum noodle soup\Y7TPSREPFYT9JVZL9XCCBA41.jpg,tom yum noodle soup,all,2575183aac4290e14a71ff9e5ccd4e17,f9b943b14ac64c9a
../foodsg-233\char siew\FHVDK750LAR3XJJ7XN1SNEUR.jpg,char siew,all,257a67d2b906f1cc4ccb68018bdc515b,bb27a39bd5649128
../foodsg-233\Duck Rice\98K1A33USM8QEEO66NQW96QR.jpg,Duck Rice,all,257a67d2b906f1cc4ccb68018bdc515b,bb27a39bd5649128
../foodsg-233\Mee soto\P6G0GNYHCG7C1D82HSFK1XKG.jpg,Mee soto,all,2596a2bbdda2c115955bf67922202424,ddf16ad3a310343a
"../foodsg-233\Bee hoon, soto\W8357LY1C9J17A4BU2LI18PF.jpg","Bee hoon, soto",all,2596a2bbdda2c115955bf67922202424,ddf16ad3a310343a
../foodsg-233\bee hoon\1P1D5SU0TINN5E7B8WTLFDGI.jpg,bee hoon,all,259815a8563472094ac92f0a79c7e545,86a7145e95709eb3
"../foodsg-233\Bee hoon, goreng\TF00JT6AL84A6XHFXRCO0UKP.jpg","Bee hoon, goreng",all,259815a8563472094ac92f0a79c7e545,86a7145e95709eb3
../foodsg-233\waffle\P4LZUMFXQ9U2L8YZPSREQ7D4.jpg,waffle,all,25a11c4a41bc2c458c7f909c187468d4,ad07db01c31ec8bd
../foodsg-233\whole wheat\HBN705EU3XAMBH6L8WNWM77Y.jpg,whole wheat,all,25a11c4a41bc2c458c7f909c187468d4,ad07db01c31ec8bd
../foodsg-233\char siew pau\IAB4FF6ZZDTN8XXWCYT454JD.jpg,char siew pau,all,25b5150a6f066723816353d2a1abac2b,bfd6c460a595833c
../foodsg-233\steamed buns\9JLPKC3LHN7DB0S4KLASYA2U.jpg,steamed buns,all,25b5150a6f066723816353d2a1abac2b,bfd6c460a595833c
../foodsg-233\bee hoon\13C93908VOFBSJOMNK2Y590Y.jpg,bee hoon,all,261f7e9f59b64627ed319c0fd2126ff3,f211915ecd63368d
"../foodsg-233\Bee hoon, goreng\MG2WWC6732HAIUK04I0G51O6.jpg","Bee hoon, goreng",all,261f7e9f59b64627ed319c0fd2126ff3,f211915ecd63368d
../foodsg-233\satay bee hoon\RHCX7GB0BGKCIV9MZ3P7GPL1.jpg,satay bee hoon,all,26959c9420a9ec96e8263be1d86f238b,fbe9b414c24acc69
../foodsg-233\bee hoon\SB5VEVFSUSC1FEESWWQQ96LI.jpg,bee hoon,all,26959c9420a9ec96e8263be1d86f238b,fbe9b414c24acc69
../foodsg-233\Pomelo\T0Z6V1ZDE268A0KY6QFU0S6V.jpg,Pomelo,all,269cd1df491dce9841ac9686b73c83b4,9a3c43f463c0fdd0
../foodsg-233\Grapefruit\5JC5MOJ1Y9R6UD6R8NMZ98F6.jpg,Grapefruit,all,269cd1df491dce9841ac9686b73c83b4,9a3c43f463c0fdd0
"../foodsg-233\Bee hoon, soto\P5BTD5Q6B2TONKFCT92YWCPQ.jpg","Bee hoon, soto",all,26cd661663a79331f8495c865aaf37a3,d3c2280367dff348
"../foodsg-233\Bee hoon, goreng\BPEGDJ2OS44ZLA6933KKZWPK.jpg","Bee hoon, goreng",all,26cd661663a79331f8495c865aaf37a3,d3c2280367dff348
"../foodsg-233\Bee hoon, soto\5MQ0XSJ1LO8ZAJD5C5G8COQP.jpg","Bee hoon, soto",all,26e47d954597b5410497ea62e4de8c3c,bbd0dcc03b6a9926
../foodsg-233\bee hoon\TBL8UPC1B11OIGJFM76BP25N.jpg,bee hoon,all,26e47d954597b5410497ea62e4de8c3c,bbd0dcc03b6a9926
../foodsg-233\miso soup\RB1C3ENFSSISIHLMI3LYDG7H.jpg,miso soup,all,270e0b9b0c0715b2396996b832ef6ed2,aa6c9593dece3848
../foodsg-233\buckwheat\YKQ0JL349HZMHW5Q6F3R5L0Y.jpg,buckwheat,all,270e0b9b0c0715b2396996b832ef6ed2,aa6c9593dece3848
../foodsg-233\satay bee hoon\KE2UT06HNMAD7WHBQ4GPYL3R.jpg,satay bee hoon,all,271f3ecc1e7224c537508de2328b71f1,bdeae284d14c745a
../foodsg-233\sambal kangkong\H1L0GDHOVXIIKPT4VP2BDNEY.jpg,sambal kangkong,all,271f3ecc1e7224c537508de2328b71f1,bdeae284d14c745a
../foodsg-233\whole wheat\5M3ICKNALB7GEWINUMUVJFLB.jpg,whole wheat,all,27a9a8e7ea4ba26b8f824473a7ae0595,db80cc3fa43ccea2
../foodsg-233\whole grain bread\F254YAEMQ06WAVN84XUNQYO4.jpg,whole grain bread,all,27a9a8e7ea4ba26b8f824473a7ae0595,db80cc3fa43ccea2
"../foodsg-233\Rice, chicken katsu with Japanese curry\67LBG88KGENG8NXGAXNE2UJU.jpg","Rice, chicken katsu with Japanese curry",all,27ca499fbd4f44bf0692e604844815aa,eac03cc6c3639eac
"../foodsg-233\Rice, korean bulgogi beef\Z5C17UUWD24DFMWH699CNT0T.jpg","Rice, korean bulgogi beef",all,27ca499fbd4f44bf0692e604844815aa,eac03cc6c3639eac
../foodsg-233\Mee rebus\IPSL0WLQ7SJL28K3I2L3XNKU.jpg,Mee rebus,all,27cac1693f8fcad1d60948ecc8f5d042,d6884f8d6cc51bd8
../foodsg-233\Mee siam\WBEWHCG7Z9LBXW7LCCA8W50T.jpg,Mee siam,all,27cac1693f8fcad1d60948ecc8f5d042,d6884f8d6cc51bd8
"../foodsg-233\Mee siam, fried\AJOYJT04HZAJR5HRXR8FMU1T.jpg","Mee siam, fried",all,27d21d632cb580be18dcb58ed688ba3e,fec289a90dd16cca
../foodsg-233\Prawn Noodle\NHWK2D57BXNSOMFVIQPNVZWO.jpg,Prawn Noodle,all,27d21d632cb580be18dcb58ed688ba3e,fec289a90dd16cca
../foodsg-233\Mee siam\RXFDH3XS041MCH72M9HP6DXV.jpg,Mee siam,all,27d21d632cb580be18dcb58ed688ba3e,fec289a90dd16cca
../foodsg-233\Macaroni\2JCAZMEQRAWMNJ6EQV4WW6E3.jpg,Macaroni,all,2826c4db98a5b877d3a1b08f91a8a641,e9e2d53f5ae02883
../foodsg-233\Mee goreng\1XY5GNM16QNXT7E4RPXNR063.jpg,Mee goreng,all,2826c4db98a5b877d3a1b08f91a8a641,e9e2d53f5ae02883
"../foodsg-233\Bee hoon, soto\KIMXVQI356S7KNF0QTI2VJHL.jpg","Bee hoon, soto",all,2861420284f55d0bbe33a65fb90c0d05,bb3ec9c032c9a533
../foodsg-233\Soto ayam\IG4UODIVARI2LHFFTIUKRSQG.jpg,Soto ayam,all,2861420284f55d0bbe33a65fb90c0d05,bb3ec9c032c9a533
../foodsg-233\Bubble Milk Tea\9U7BT528SYEBDTYANP84VB5Z.jpg,Bubble Milk Tea,all,28625864b38fc3141438916354b408a9,b985c41b69f03ee4
../foodsg-233\chin chow drink\TJZOUGTR1OAFGPIUBX20GXP5.jpg,chin chow drink,all,28625864b38fc3141438916354b408a9,b985c41b69f03ee4
../foodsg-233\pasta - fettuccine\RCZRQ91OVKQKKJKWOXVHCPTR.jpg,pasta - fettuccine,all,286d3f04968d6de121da4d443a7c4ff6,bb98c4079d309a6f
../foodsg-233\Nuts\L1KODQN5Q0PKUSZP4HFRZJL6.jpg,Nuts,all,286d3f04968d6de121da4d443a7c4ff6,bb98c4079d309a6f
../foodsg-233\satay bee hoon\6CBN6AIX99OMFZMIYAYHQH0L.jpg,satay bee hoon,all,288d1032a074907910fe29ec7a8b9797,a3b4fc485b232637
"../foodsg-233\Bee hoon, soto\GJHHXKCXD4TJLPOGU5X8CN22.jpg","Bee hoon, soto",all,288d1032a074907910fe29ec7a8b9797,a3b4fc485b232637
../foodsg-233\mushroom soup\B1MP87U4LQF1VY41WCPJVM4B.jpg,mushroom soup,all,28b2766166f84741df745080bf7fbdcb,b0b99fa0dbf15441
../foodsg-233\cream soup\J1J428HLEFIUBH5MEODMPA8L.jpg,cream soup,all,28b2766166f84741df745080bf7fbdcb,b0b99fa0dbf15441
"../foodsg-233\Wanton mee, dry\5XHLNDC2IK4J9H69X2HTBEHT.jpg","Wanton mee, dry",all,28b51be586214eb438393a4f5d9a67b7,8cf71152626e69ec
../foodsg-233\Dumpling noodle soup\KHE024FSQ2R54IUDZ8HGCP39.jpg,Dumpling noodle soup,all,28b51be586214eb438393a4f5d9a67b7,8cf71152626e69ec
../foodsg-233\tandoori chicken\N0EKT0KCMY9XC1XB8HAHA8FU.jpg,tandoori chicken,all,28fb43594d86aceadc448da3f259101d,bafdc0f811680eb9
../foodsg-233\chicken masala\D6P7YAAE01P3IALH3C1IFTLG.jpg,chicken masala,all,28fb43594d86aceadc448da3f259101d,bafdc0f811680eb9
../foodsg-233\Kway Teow\J5SN2AR9H4ZWW1O2PZZIPZDD.jpg,Kway Teow,all,29236ad39fc7aedf1d1d9e1e99eaf5a1,aee2d19a5e2d7064
../foodsg-233\oyster omelette\491D6X5IOXJKE18JYW5WWNGC.jpg,oyster omelette,all,29236ad39fc7aedf1d1d9e1e99eaf5a1,aee2d19a5e2d7064
../foodsg-233\Seafood Noodles Soup\MCEPYJQNXKAI1QIX3ND4LF5C.jpg,Seafood Noodles Soup,all,2956b0816254dc389688a734b2f66391,fbb6a4037f12a18a
../foodsg-233\Ban Mian\GZLIZ0PQ3J1VNHFHG7KDDTAA.jpg,Ban Mian,all,2956b0816254dc389688a734b2f66391,fbb6a4037f12a18a
../foodsg-233\whole grain bread\MX2JY7NEBG493765T0JPAC1O.jpg,whole grain bread,all,299ed5ccf9cf4d594d53dc60314afead,d6bfcae023da4298
../foodsg-233\whole wheat\NCA9H724N2W3X8E9GOYUJI27.jpg,whole wheat,all,299ed5ccf9cf4d594d53dc60314afead,d6bfcae023da4298
../foodsg-233\lontong\7D8SO0YK488U29V0SNK8Q10F.jpg,lontong,all,29c7d14f9cded0878b0e990aaba97352,efe1f503107e300f
../foodsg-233\Lontong with sayur lodeh\Q9DRMRA9Z9TUO3AQZE40Z5OG.jpg,Lontong with sayur lodeh,all,29c7d14f9cded0878b0e990aaba97352,efe1f503107e300f
../foodsg-233\fried prawn\TI6R385THP044R6S68DUEHEL.jpg,fried prawn,all,2a3fa7be5b8ada0d4a95aab5b12da0e0,e5a86fdc756030c6
../foodsg-233\drunken prawn\U9WPU9DV6XI5VS1PUCTNE3YD.jpg,drunken prawn,all,2a3fa7be5b8ada0d4a95aab5b12da0e0,e5a86fdc756030c6
../foodsg-233\Mee kuah\POMRCLMRCGM2BQS6GSNPIAKE.jpg,Mee kuah,all,2a50ae9b5c3273274b0b6e65db702b0a,bb5074c2a1ab93c7
../foodsg-233\Mee siam\VR4BRGYWWWM7LMFRVX204572.jpg,Mee siam,all,2a50ae9b5c3273274b0b6e65db702b0a,bb5074c2a1ab93c7
../foodsg-233\Mee rebus\XX6L9GDPFKK4EFG34IBWJEUZ.jpg,Mee rebus,all,2a50ae9b5c3273274b0b6e65db702b0a,bb5074c2a1ab93c7
../foodsg-233\hokkien prawn mee\EVNYRI72WZNDOF6WIMML72SM.jpg,hokkien prawn mee,all,2a544b84672b241969db752cd366cc34,a8f887e0cfc11c1f
../foodsg-233\Mee goreng\H7U8506K8KY5Q26S9KN2WP0U.jpg,Mee goreng,all,2a544b84672b241969db752cd366cc34,a8f887e0cfc11c1f
../foodsg-233\whole grain bread\KJ9QZ8PJJU9P39RQOZM0QR6I.jpg,whole grain bread,all,2a6c3311f12d5b7bbece266b1170fd46,bb5c64794e627826
../foodsg-233\whole wheat\DCCEJH0PVD2T9R5W22093FDK.jpg,whole wheat,all,2a6c3311f12d5b7bbece266b1170fd46,bb5c64794e627826
../foodsg-233\black pepper crab\C0JGIPHY1A3TPAI12V237HAT.jpg,black pepper crab,all,2a79040e6c31d0a83ec347942f0b4406,adcebaa05a11a8be
../foodsg-233\chilli crab\XJL9DPRBE3WXMTCL6NM1ZII9.jpg,chilli crab,all,2a79040e6c31d0a83ec347942f0b4406,adcebaa05a11a8be
../foodsg-233\Mee goreng\SAE39A7RRQKV0KJGA408LJJD.jpg,Mee goreng,all,2afd078204c64c3b7cc9b676f2d09f54,e9c98635930fce91
../foodsg-233\Kway Teow\O62PKF4G09M5NYY87EI12UIN.jpg,Kway Teow,all,2afd078204c64c3b7cc9b676f2d09f54,e9c98635930fce91
"../foodsg-233\Bee hoon, soto\ORGGU2ZPDM8A9Q9H1QNPYSG9.jpg","Bee hoon, soto",all,2b54a7dcb46a64375d985ae18b3b2d28,91093c685fb263d7
../foodsg-233\Mee soto\6JXCM74VTJE1ZBU5ESS47B37.jpg,Mee soto,all,2b54a7dcb46a64375d985ae18b3b2d28,91093c685fb263d7
../foodsg-233\sliced fish soup\IVYPE55AWB438LNCT9D442AC.jpg,sliced fish soup,all,2b5d2781a980521fff140125469a145a,897bf685b0c581cb
../foodsg-233\Ban Mian\SH8UODA74AYDXAN915RYUJVH.jpg,Ban Mian,all,2b5d2781a980521fff140125469a145a,897bf685b0c581cb
../foodsg-233\Kueh Salat\KQS5C64NJOCX60026W2816ZD.jpg,Kueh Salat,all,2b88983b98fa8fd8f48c79b1be28ca7d,a1191ee66d6e720e
../foodsg-233\kueh lapis - rainbow\47JY9KA3BC0B2F876MY1Z4DR.jpg,kueh lapis - rainbow,all,2b88983b98fa8fd8f48c79b1be28ca7d,a1191ee66d6e720e
../foodsg-233\whole wheat\6M5UM6181BXWUCJ54H3SUB4J.jpg,whole wheat,all,2b8a23a5db0e61ae791e89eae84ce7f0,be6dc0740f16e989
../foodsg-233\whole grain bread\ICQETCIR59L99EW20U3T3JJD.jpg,whole grain bread,all,2b8a23a5db0e61ae791e89eae84ce7f0,be6dc0740f16e989
../foodsg-233\bee hoon\KNN6EIUHFPKD3JSMW71E821P.jpg,bee hoon,all,2bcfb11acdb36b1b755bd66fe926671c,d1dd5aa42f90b0cb
"../foodsg-233\Bee hoon, goreng\7PL1WF83S118ZLNLOWWWUALZ.jpg","Bee hoon, goreng",all,2bcfb11acdb36b1b755bd66fe926671c,d1dd5aa42f90b0cb
../foodsg-233\whole wheat\T5CPFPAW9X51EAYEH3WGT231.jpg,whole wheat,all,2be9ed6a67bca9749e93aded0585fd15,c61e2991bda9e4c9
../foodsg-233\tortilla - plain\R1PQFYLS561EGAWU2O1Z6Z2C.jpg,tortilla - plain,all,2be9ed6a67bca9749e93aded0585fd15,c61e2991bda9e4c9
../foodsg-233\Wholegrain Wrap\2I6HNK00GE5Z26NFGVCQRR3O.jpg,Wholegrain Wrap,all,2be9ed6a67bca9749e93aded0585fd15,c61e2991bda9e4c9
../foodsg-233\Nuts\C9Q4NIK1SU5VFB1DVXFU2MFM.jpg,Nuts,all,2bf6c70b168e10b24a48f4b2be31a52d,bd3cc283c6692d3c
../foodsg-233\Chocolate\Q326DSNJ9IWF6E7NBRRV3MUM.jpg,Chocolate,all,2bf6c70b168e10b24a48f4b2be31a52d,bd3cc283c6692d3c
../foodsg-233\char siew pau\KRLM3ANJDNT6386J2ND2QUAR.jpg,char siew pau,all,2c2b51ef768dbf7f12c52f255d945954,c31f3d20906b2f3b
../foodsg-233\steamed buns\H3D90X80JU6LCT81UEQ4ZIEY.jpg,steamed buns,all,2c2b51ef768dbf7f12c52f255d945954,c31f3d20906b2f3b
../foodsg-233\Mee soto\6G9IU4WZFVATUWXI1UYLL83K.jpg,Mee soto,all,2c48a6ef47957314246ced15225e1d8e,e349cbcc9c363594
../foodsg-233\Soto ayam\5U269U90N573ZDK4O14KLTZ8.jpg,Soto ayam,all,2c48a6ef47957314246ced15225e1d8e,e349cbcc9c363594
../foodsg-233\chicken masala\FX9AJQFX0VS274URUPVT8D6J.jpg,chicken masala,all,2c70bcef381fd81c08c611c7bd9e522f,e89386499b3eca65
../foodsg-233\sambal\622OAW3FUWCZGHDBRMSQJKVY.jpg,sambal,all,2c70bcef381fd81c08c611c7bd9e522f,e89386499b3eca65
../foodsg-233\bee hoon\X3G5H1ZJ7VM2SPH9S3ZSTNFP.jpg,bee hoon,all,2ccbfc05fab1da82c08975ec888681eb,bd3fe0e180162cf5
../foodsg-233\sliced fish soup\UMT26U4FKKT2S4MMQL2CRFF4.jpg,sliced fish soup,all,2ccbfc05fab1da82c08975ec888681eb,bd3fe0e180162cf5
../foodsg-233\Seafood Noodles Soup\F725MPLZESR267763SBYUYM2.jpg,Seafood Noodles Soup,all,2ccbfc05fab1da82c08975ec888681eb,bd3fe0e180162cf5
../foodsg-233\green leafy vegetables\7P5U7ZXXJFXTQGJOBBD3TOIP.jpg,green leafy vegetables,all,2cce6e7f08318b85dd0a13c1c72fbf04,ef30c5639a428bcd
../foodsg-233\mixed vegetables\N6VUIRAVFLTV98CFFZF0FJB8.jpg,mixed vegetables,all,2cce6e7f08318b85dd0a13c1c72fbf04,ef30c5639a428bcd
../foodsg-233\Chocolate\QNTVY6AET31Q3Z5FRGCMR1SN.jpg,Chocolate,all,2d446ed11973b4b6cf7746e7bfc648ab,b38dcc663193669c
../foodsg-233\Sweets\SL30MY5Z698A4C9HQ43UD56Q.jpg,Sweets,all,2d446ed11973b4b6cf7746e7bfc648ab,b38dcc663193669c
../foodsg-233\sliced fish soup\R6AIAZLZ4HT1JGB02LFZ4VXA.jpg,sliced fish soup,all,2d4c8ec150f915c2bac5125de079b877,95f692d03a0e61dd
../foodsg-233\Seafood Noodles Soup\AN9ICWO9A623PS3B3PWAIC7N.jpg,Seafood Noodles Soup,all,2d4c8ec150f915c2bac5125de079b877,95f692d03a0e61dd
../foodsg-233\murtabak\3380JO9PCF55EM14DTYOIGIK.jpg,murtabak,all,2d526f14f029cc66f0c0d7d2108265f4,c6690bf702662f63
../foodsg-233\Indian Prata\8XYSVWZ673EUO5ZQ5JGBKM9P.jpg,Indian Prata,all,2d526f14f029cc66f0c0d7d2108265f4,c6690bf702662f63
../foodsg-233\whole wheat\TNGSX39KD0RDRJHFNZ5KBFOH.jpg,whole wheat,all,2da8b38679598e4760001d0580c1f175,bac2011f563d7a78
../foodsg-233\whole grain bread\52SL1GL4EGF6KOXOET28XA1Q.jpg,whole grain bread,all,2da8b38679598e4760001d0580c1f175,bac2011f563d7a78
../foodsg-233\Mee soto\4H7SJIYAABP25RXZIZ3YM7RV.jpg,Mee soto,all,2dbaa1360f3bb8c9c8a338e705a96b61,ea23b8bdc1d40ec6
../foodsg-233\Soto ayam\0DITC3I73QJX94W2ZC3EOQFC.jpg,Soto ayam,all,2dbaa1360f3bb8c9c8a338e705a96b61,ea23b8bdc1d40ec6
../foodsg-233\tandoori chicken\S3LHP0XYEB4CN8A63NRIAZUU.jpg,tandoori chicken,all,2df9cab40aa39079c5fbb5097ee49f43,c8558c1fc3b6f6a0
../foodsg-233\chicken wing\XR0RJ9CWV6YGGLRRZ1DWAIZL.jpg,chicken wing,all,2df9cab40aa39079c5fbb5097ee49f43,c8558c1fc3b6f6a0
../foodsg-233\pineapple\CJWLNWY9LTRJNDIWMUEA2DNL.jpg,pineapple,all,2e13c025ec8569d9286746516028dd22,e31af0ec4f0743e1
../foodsg-233\Fruit juice\V366I2B01H33L4Z3EZUZRTFL.jpg,Fruit juice,all,2e13c025ec8569d9286746516028dd22,e31af0ec4f0743e1
"../foodsg-233\Mee siam, fried\ZTONDFKAVGPO3STXQS050RDY.jpg","Mee siam, fried",all,2e15557a073f5cdb477a87a111b3ae4a,c8c86b8a2faa34bd
"../foodsg-233\Bee hoon, goreng\97K654GIZY39Z4D9KJI3H8XU.jpg","Bee hoon, goreng",all,2e15557a073f5cdb477a87a111b3ae4a,c8c86b8a2faa34bd
"../foodsg-233\Bee hoon, goreng\4SLF6VY9MC810U3RFGMMNVD7.jpg","Bee hoon, goreng",all,2e1ef3390bc94bb60457deccf278b493,cea8552e1aa53a97
"../foodsg-233\Mee siam, fried\0DVMUPOQQT6OFUT2IJEXKVHO.jpg","Mee siam, fried",all,2e1ef3390bc94bb60457deccf278b493,cea8552e1aa53a97
"../foodsg-233\Bee hoon, goreng\ENZRZXHBDR569682MRLQBWHV.jpg","Bee hoon, goreng",all,2e966913ca4a24ea50fd4f6d04c9e605,fac640e8d7c15e07
../foodsg-233\Mee siam\KL8E2F1MYINDDOADOC2DVNRZ.jpg,Mee siam,all,2e966913ca4a24ea50fd4f6d04c9e605,fac640e8d7c15e07
../foodsg-233\vegetarian bee hoon\L3Z2Z6WMRD275HZQ8HEM1DAS.jpg,vegetarian bee hoon,all,2e966913ca4a24ea50fd4f6d04c9e605,fac640e8d7c15e07
"../foodsg-233\Mee siam, fried\GKA2S3XKYQ05IHSOL2OGBTFE.jpg","Mee siam, fried",all,2e966913ca4a24ea50fd4f6d04c9e605,fac640e8d7c15e07
../foodsg-233\Lontong with sayur lodeh\04ZFGY1RLKMV4OLFMP3EC27D.jpg,Lontong with sayur lodeh,all,2eab88ecae9073bdba55744058c8a0ee,f2c41393e5d8f20b
../foodsg-233\lontong\7HEN3KVXTMI32P5T9G7AF7CE.jpg,lontong,all,2eab88ecae9073bdba55744058c8a0ee,f2c41393e5d8f20b
../foodsg-233\vegetarian bee hoon\SATTKTI06X4GMT7BMRSWRJN9.jpg,vegetarian bee hoon,all,2eb8dc01dc04bf4ad4c1ef5f5f77176b,faacb83891a236e3
../foodsg-233\Tauhu Goreng\J3GD054OGZW9UJCBEILOX18Z.jpg,Tauhu Goreng,all,2eb8dc01dc04bf4ad4c1ef5f5f77176b,faacb83891a236e3
../foodsg-233\Bibimbap\QDJLICSX2WEQQRFU78KMCD0Q.jpg,Bibimbap,all,2ebcc8a4fe72e2fceaeb48ba25f60c01,c8e887e39e96388e
"../foodsg-233\Rice, with dakgalbi\FD8YX35HSB482VTZK45P9LXU.jpg","Rice, with dakgalbi",all,2ebcc8a4fe72e2fceaeb48ba25f60c01,c8e887e39e96388e
../foodsg-233\mee pok\QILA5AUKRW10T0FXLIAYY1RR.jpg,mee pok,all,2eea72fa56c357aa58dfd2949b414cae,fd93b447d259980c
../foodsg-233\bak chor mee\PJZNXO3UQU4CF79ZSG2U8SSQ.jpg,bak chor mee,all,2eea72fa56c357aa58dfd2949b414cae,fd93b447d259980c
../foodsg-233\Fish Ball Noodles\AFLLZGVXGSU5M79MZEC9AD5F.jpg,Fish Ball Noodles,all,2eea72fa56c357aa58dfd2949b414cae,fd93b447d259980c
../foodsg-233\Mee rebus\9DUGF5E61ADSPDUDZUOWA8PD.jpg,Mee rebus,all,2f24d48d1fe65c67a300fdc6a109a05f,eca4d0b54bd24dd8
../foodsg-233\hokkien prawn mee\HDXOJ4C2JGDBV2CVEFQSL18S.jpg,hokkien prawn mee,all,2f24d48d1fe65c67a300fdc6a109a05f,eca4d0b54bd24dd8
../foodsg-233\Pomelo\YX7D6L60MGKXX4ANWAWEKJJQ.jpg,Pomelo,all,2f2e8d21237c4c8530815d592f60ae43,bf49c0309ece6cc9
../foodsg-233\Grapefruit\Q87MD7BEYV8E70FRDK7PFQ78.jpg,Grapefruit,all,2f2e8d21237c4c8530815d592f60ae43,bf49c0309ece6cc9
../foodsg-233\Soto ayam\5P84WV4GE1I75SOCXKDAE23P.jpg,Soto ayam,all,2f318b6a996e960fba1a76d6d8d59f5e,a55fda48a12ec1ec
../foodsg-233\Mee soto\JUA8F8V8SR51N92BZV10D40L.jpg,Mee soto,all,2f318b6a996e960fba1a76d6d8d59f5e,a55fda48a12ec1ec
../foodsg-233\bee hoon\QLJ263G3VORIGQ247BGXO7JP.jpg,bee hoon,all,2f762e0ed884e6ea16ad47f070ea6014,fa97e41ea3389550
"../foodsg-233\Bee hoon, goreng\80BFD3M50A87H03MBWWD4BV6.jpg","Bee hoon, goreng",all,2f762e0ed884e6ea16ad47f070ea6014,fa97e41ea3389550
../foodsg-233\passion fruit\NIE4NFU08HJ56N9L16LEDL8W.jpg,passion fruit,all,2f890a900b3be0973d898494d868d14a,f9c2853ec04ba59d
../foodsg-233\Fruit juice\EFZPZTRJ5862TP7QR5VCVKDU.jpg,Fruit juice,all,2f890a900b3be0973d898494d868d14a,f9c2853ec04ba59d
../foodsg-233\waffle\8RY8K26RU9NI3J2OGNXDL8I1.jpg,waffle,all,2f9953d567c45a9b9e874fe589cc3de4,aeee6dc2f800f0a3
../foodsg-233\whole wheat\H2M64YVVH792H34345RZ2FKX.jpg,whole wheat,all,2f9953d567c45a9b9e874fe589cc3de4,aeee6dc2f800f0a3
../foodsg-233\bee hoon\A3FKOI5QXSO4NZYQ48FIUNG4.jpg,bee hoon,all,2fbb60451a5d671f363a09c9e8191408,e5669a8a69dd262c
"../foodsg-233\Bee hoon, goreng\LZJIJ8GP4LCSHHWJ20DKX1XV.jpg","Bee hoon, goreng",all,2fbb60451a5d671f363a09c9e8191408,e5669a8a69dd262c
"../foodsg-233\Mee siam, fried\BA2325B5L76ZTNR1IFGFE6MA.jpg","Mee siam, fried",all,2fe81f62308eadb28776b6e62eb3fe02,f1def0e90321a707
"../foodsg-233\Bee hoon, goreng\N6IGCKMGAVA5CQ7NPF2MHT2N.jpg","Bee hoon, goreng",all,2fe81f62308eadb28776b6e62eb3fe02,f1def0e90321a707
../foodsg-233\whole wheat\HFS7U1PEY5QRN7CWCQN7BTT3.jpg,whole wheat,all,30159815799f70ba23caee4f60b3f7a4,ade28209bd7e69e0
../foodsg-233\whole grain bread\I4DASUXKYDLZGS22LOB5GQTJ.jpg,whole grain bread,all,30159815799f70ba23caee4f60b3f7a4,ade28209bd7e69e0
../foodsg-233\steamed buns\E2QQNG38KSNPYAXDIGB3EFLU.jpg,steamed buns,all,30362614da839cf9cd5bff9369d544f4,fe963cc0b50e924d
../foodsg-233\char siew pau\W0OF73Y4A58R1W2I8K92Y992.jpg,char siew pau,all,30362614da839cf9cd5bff9369d544f4,fe963cc0b50e924d
../foodsg-233\whole wheat\VQAJAFW0LN6A3MQ23WVJZ7RB.jpg,whole wheat,all,3070ff366fb8a2aa0b4a0c9cf4b1ce0b,e54db6a0c58d9933
../foodsg-233\whole grain bread\3GDKTVA1AHUU3MNUS5VEPMG7.jpg,whole grain bread,all,3070ff366fb8a2aa0b4a0c9cf4b1ce0b,e54db6a0c58d9933
../foodsg-233\Dumpling noodle soup\HPL5U0DR33NYJ8C3SA947N6L.jpg,Dumpling noodle soup,all,30954c4d05a3096ec811996710cc8a90,9e5cf142c52a98af
../foodsg-233\pig organ soup\1FLHFQEL2CD3DB5BD25QYP9G.jpg,pig organ soup,all,30954c4d05a3096ec811996710cc8a90,9e5cf142c52a98af
../foodsg-233\Mee kuah\3RR8R24M5JRZ4NG7Z0QNY6KW.jpg,Mee kuah,all,309e807adeee8a93a22e5e7cbb0f6f6a,f8c0a11995f39f16
../foodsg-233\Mee siam\NSKT4HM1XRBVY70EDNLS2EYU.jpg,Mee siam,all,309e807adeee8a93a22e5e7cbb0f6f6a,f8c0a11995f39f16
../foodsg-233\whole grain bread\DA1HO505OQHFODW6XLOE93G2.jpg,whole grain bread,all,30b5ba70602a36041e48602f0652fef4,d60a29a97ece8785
../foodsg-233\whole wheat\0R7V3Y4KVNJ7PF3VDUDT8YNK.jpg,whole wheat,all,30b5ba70602a36041e48602f0652fef4,d60a29a97ece8785
../foodsg-233\whole wheat\EPH5RM8URPP5ARYD8XIM90DL.jpg,whole wheat,all,30ca9d274777c2605ec104d27e18b960,fa85951c396ac999
../foodsg-233\whole grain bread\D0QXZIW7X8F40CZQFVRJS872.jpg,whole grain bread,all,30ca9d274777c2605ec104d27e18b960,fa85951c396ac999
"../foodsg-233\Mee siam, fried\RSVLKA3O6GY80H418KHEBV5K.jpg","Mee siam, fried",all,310d473d8aa770d72d035c45b027628c,b8b1c2649f93648f
"../foodsg-233\Bee hoon, goreng\8JSI67HASE8QR9TYLA7GEAH7.jpg","Bee hoon, goreng",all,310d473d8aa770d72d035c45b027628c,b8b1c2649f93648f
../foodsg-233\bee hoon\HBMNMW0IG66Q8VQTFNFLYOBU.jpg,bee hoon,all,312d9239f501dc6e77a1b648e94c9fc4,b2d185f67a59a1b0
"../foodsg-233\Bee hoon, goreng\X0133NMYGK01XPLYE32Z2D8P.jpg","Bee hoon, goreng",all,312d9239f501dc6e77a1b648e94c9fc4,b2d185f67a59a1b0
"../foodsg-233\Mee siam, fried\F842EUH74KMJYVBS3EWM07YC.jpg","Mee siam, fried",all,318f51a9b35116446d3fe606a93dc40d,8ac7b5385ab74a94
../foodsg-233\Mee siam\0IOEJTMZ8I3XBA4ZQTY7BGES.jpg,Mee siam,all,318f51a9b35116446d3fe606a93dc40d,8ac7b5385ab74a94
../foodsg-233\whole grain bread\3PPSBF580ND5CND2XX2INKYK.jpg,whole grain bread,all,31bb38ead516f1af70f9dbcf9099f2ee,cd15bc70a1639667
../foodsg-233\whole wheat\7OQQN8SWF18USSXBQSNVYZAL.jpg,whole wheat,all,31bb38ead516f1af70f9dbcf9099f2ee,cd15bc70a1639667
../foodsg-233\Mee soto\0RS0Z3C6FXEOIGSBFRGQ96BY.jpg,Mee soto,all,31c63159799ec4ea90ca721c8e64f834,d5287269d2c5e237
../foodsg-233\Soto ayam\7RMEW714O30WXZ7VJ7V1KAAT.jpg,Soto ayam,all,31c63159799ec4ea90ca721c8e64f834,d5287269d2c5e237
../foodsg-233\chicken wing\3RKE69O9D0032358M13YHB2R.jpg,chicken wing,all,32040f0c4fe8079def052e7626d78541,aa89b89c3b796487
../foodsg-233\fried chicken\0CPAP1J7Y45SFX5Z4S572NEX.jpg,fried chicken,all,32040f0c4fe8079def052e7626d78541,aa89b89c3b796487
../foodsg-233\bak chor mee\T6N7AW5OH10656BPWDPE3MZZ.jpg,bak chor mee,all,320d3352799efc98d6b5932893ada96f,e9f657686a35a181
../foodsg-233\Mee rebus\B193G6OPH71CLP6UJYEF3YUO.jpg,Mee rebus,all,320d3352799efc98d6b5932893ada96f,e9f657686a35a181
../foodsg-233\Mee siam\F10W65NX77WP848ELKE59OO0.jpg,Mee siam,all,320d3352799efc98d6b5932893ada96f,e9f657686a35a181
"../foodsg-233\Bee hoon, goreng\UQSSH6CDENIZRYPZKEK3BN5N.jpg","Bee hoon, goreng",all,3243e0c7bc7f1819b6722a9c8503deb7,eec8827b95301e7a
"../foodsg-233\Mee siam, fried\4QH8WC1ETHSFRFA1Q4UO2W1N.jpg","Mee siam, fried",all,3243e0c7bc7f1819b6722a9c8503deb7,eec8827b95301e7a
../foodsg-233\fried prawn\26R921DU3AA1EKLQGQ1FZ0O8.jpg,fried prawn,all,3248f805342e756f2b3676539b9ceba0,f0aea515fe50806f
../foodsg-233\har cheong gai\090HZCZBYSCDS4PUIGK14ILE.jpg,har cheong gai,all,3248f805342e756f2b3676539b9ceba0,f0aea515fe50806f
../foodsg-233\Mee kuah\YCIY4TI4DKBFWS2GP9NIVM5P.jpg,Mee kuah,all,329c56f26aa558e72367d39a9eb4e21f,ff87b094ca92c0d3
../foodsg-233\Mee bandung\KSW7IRHJA62EMMAMZP1NVL8N.jpg,Mee bandung,all,329c56f26aa558e72367d39a9eb4e21f,ff87b094ca92c0d3
../foodsg-233\Grapefruit\MQC8BOIQTH5NXVH9C423DI3A.jpg,Grapefruit,all,329d5530bd2c92543bde638f3d4e398f,8b87d5b503aa58f8
../foodsg-233\Pomelo\L8WOVFQQV4ADSD35ANKQG1SV.jpg,Pomelo,all,329d5530bd2c92543bde638f3d4e398f,8b87d5b503aa58f8
../foodsg-233\cream soup\6Q23GCFT61B3XM7SWAQVJG42.jpg,cream soup,all,32b8fa9cba61570a390d170900bc98a5,9d30e28eacd49bd1
../foodsg-233\mushroom soup\HB8SFS9U35VHL0TY6P0N2F5H.jpg,mushroom soup,all,32b8fa9cba61570a390d170900bc98a5,9d30e28eacd49bd1
../foodsg-233\tortilla - plain\YNDGYF47KJD8CSKL723GM2X6.jpg,tortilla - plain,all,330749e3bb8b4e225d1b184276535b47,865c6ae12197fa53
../foodsg-233\Wholegrain Wrap\IUGFJRFVM46P6ERKQWHA7IBD.jpg,Wholegrain Wrap,all,330749e3bb8b4e225d1b184276535b47,865c6ae12197fa53
../foodsg-233\oyster omelette\C1MM0KW37J33D1DFX726O8VA.jpg,oyster omelette,all,332cc328374a8ad8204548997341cf45,af73a970d429e330
../foodsg-233\chai tow kuay\EGKJXFTMDLR0A0DL7MDEAU8E.jpg,chai tow kuay,all,332cc328374a8ad8204548997341cf45,af73a970d429e330
../foodsg-233\Seafood Noodles Soup\OHS7FUH4KAOGAR950S6EARZI.jpg,Seafood Noodles Soup,all,333da1fac5148abdca7f3fb665244618,91c1062f2f5d2db5
../foodsg-233\Hor Fun\NZRU92TATY80ZHM6W6BUZQIY.jpg,Hor Fun,all,333da1fac5148abdca7f3fb665244618,91c1062f2f5d2db5
../foodsg-233\mixed grills\XS5JOCVF3NOSD9I2ASZWV7M5.jpg,mixed grills,all,334595f03c476cb2780966cb99730d25,fa348464c6db68f4
../foodsg-233\mixed vegetables\JLPS7446TJPQAS7NJ3R82TO9.jpg,mixed vegetables,all,334595f03c476cb2780966cb99730d25,fa348464c6db68f4
../foodsg-233\drunken prawn\1AWFSJ2CTZEIYE3AF1C8LYS8.jpg,drunken prawn,all,33580b092981c7d6fde6af8ca2ca874e,c11b1ecca997964b
../foodsg-233\fried prawn\QM7WA3UR3R6NWZ73JVMESVAQ.jpg,fried prawn,all,33580b092981c7d6fde6af8ca2ca874e,c11b1ecca997964b
../foodsg-233\Mee rebus\ZKK5BX2GFECYY1X2OFXD5I5W.jpg,Mee rebus,all,335b8fdb5e7bcda7bf656e574b6a9f18,a1f688394f643f34
../foodsg-233\Mee kuah\LDNKI6ME3G0RJP38Y3KHZEMY.jpg,Mee kuah,all,335b8fdb5e7bcda7bf656e574b6a9f18,a1f688394f643f34
../foodsg-233\whole grain bread\F745YL713SJ87XQ9FQQEJ1XU.jpg,whole grain bread,all,337c95daf12f938e1f55521c64dc9343,8c12d8bf89bc4fa8
../foodsg-233\whole wheat\14VFCZUNPK002JTADZVKWN2N.jpg,whole wheat,all,337c95daf12f938e1f55521c64dc9343,8c12d8bf89bc4fa8
../foodsg-233\fried fish\R7ZH120OJOFUMF8GI2LMVDVJ.jpg,fried fish,all,33d3fa449a718a7c0b5611029424ba7d,dfed3213a9c00d17
../foodsg-233\fried fish\LFIKSMU9US8K3S76EF8KO0AT.jpg,fried fish,all,33d3fa449a718a7c0b5611029424ba7d,dfed3213a9c00d17
../foodsg-233\bee hoon\1MPP49JT0LKTHB70URJU212S.jpg,bee hoon,all,33daf0385a0efd94c68f00ca9c6e7511,aa16955a5e2e3a39
"../foodsg-233\Bee hoon, soto\DLWGW8NWK5J6I6TXJKVMW5HQ.jpg","Bee hoon, soto",all,33daf0385a0efd94c68f00ca9c6e7511,aa16955a5e2e3a39
../foodsg-233\Prawn Noodle\JDDXMMB4JBIVWPCDXX9RK2D6.jpg,Prawn Noodle,all,340502496c53478334979dff7d228888,bf6cf430e1e1a292
../foodsg-233\Seafood Noodles Soup\9MIQ14CNIT7M07MVA0RGG2YK.jpg,Seafood Noodles Soup,all,340502496c53478334979dff7d228888,bf6cf430e1e1a292
../foodsg-233\bak chor mee\ADZMAGKI7TXNXX91ICN0R80L.jpg,bak chor mee,all,3413fe000978ee454235f582eaf4813f,e0de8bb3ae919451
../foodsg-233\mee pok\XL8XKXRPG7D8FIKWAO0X70JT.jpg,mee pok,all,3413fe000978ee454235f582eaf4813f,e0de8bb3ae919451
../foodsg-233\fried chicken\A5TZ7YHEVH1BHDH2NAMM867H.jpg,fried chicken,all,3447569634cd340f4cede8c641ad3273,e1316487a35ab2ed
../foodsg-233\har cheong gai\7V07EKB0XCWRYTT76HCE62Z4.jpg,har cheong gai,all,3447569634cd340f4cede8c641ad3273,e1316487a35ab2ed
../foodsg-233\lontong\TI1KIWYXTLNRSR8IGSTTSYPY.jpg,lontong,all,345aac73dc48b2c2b8c152766372e847,a39dd04b057f303e
../foodsg-233\Lontong with sayur lodeh\54Z5IAODYACO87WKNJ9RWFZ5.jpg,Lontong with sayur lodeh,all,345aac73dc48b2c2b8c152766372e847,a39dd04b057f303e
"../foodsg-233\Mee siam, fried\LVVB59XWHNIZDWLMZGGRD76E.jpg","Mee siam, fried",all,347b3f56399be011ab0bf5a1013cf798,fb83b230837b9519
../foodsg-233\bee hoon\O5K7ADKBBPEFIYVAXHGFGQE3.jpg,bee hoon,all,347b3f56399be011ab0bf5a1013cf798,fb83b230837b9519
"../foodsg-233\Bee hoon, goreng\7N6T74SH1KQ6OA5VE01YGUIF.jpg","Bee hoon, goreng",all,347b3f56399be011ab0bf5a1013cf798,fb83b230837b9519
../foodsg-233\black pepper crab\YW0H5AG8S5YAK8O2V02MBZ70.jpg,black pepper crab,all,34c6d871e82729a4db57aa244eaf6ccd,ef31c5d19448f04f
../foodsg-233\chilli crab\IT9L1FDAKQ78Q7EHECVU1YFE.jpg,chilli crab,all,34c6d871e82729a4db57aa244eaf6ccd,ef31c5d19448f04f
../foodsg-233\Laksa\QONF75515ONVFXSOXW45NA3Y.jpg,Laksa,all,34f48c7addff09d30b5ceaeb67bd35be,c3e11e9618cb6d4e
../foodsg-233\yong tau foo\N7PXKIN5QQALOJO59YZ0WB63.jpg,yong tau foo,all,34f48c7addff09d30b5ceaeb67bd35be,c3e11e9618cb6d4e
"../foodsg-233\Rice, korean bulgogi beef\4JWHO1SD8KUJ8L1MTJ2IPJ29.jpg","Rice, korean bulgogi beef",all,34f55cf5cdc16eb6620d138f591e2191,e41c7f4348eeab90
"../foodsg-233\Rice, with dakgalbi\28TMVKPJCT2TD9161V2XEYQM.jpg","Rice, with dakgalbi",all,34f55cf5cdc16eb6620d138f591e2191,e41c7f4348eeab90
../foodsg-233\sliced fish soup\SE1OWU3N822NE7M6S2EWPALE.jpg,sliced fish soup,all,34f799f68768b979397576ff3e3ed632,e55a4337002f3abe
../foodsg-233\Seafood Noodles Soup\TMAVD6F258YRO1R3WWCP0LII.jpg,Seafood Noodles Soup,all,34f799f68768b979397576ff3e3ed632,e55a4337002f3abe
"../foodsg-233\Miso ramen, with fishcake\XVIM1EAZWTTSTFQE560JA7J2.jpg","Miso ramen, with fishcake",all,34fada8e12be4d883fe292d7f94e8727,bc1c92b932bcd153
"../foodsg-233\Rice, korean bulgogi beef\J8XWVJVXEFXMG0E9QWMQP4VK.jpg","Rice, korean bulgogi beef",all,34fada8e12be4d883fe292d7f94e8727,bc1c92b932bcd153
"../foodsg-233\Bee hoon, soto\IIVM2ZL5UJN8YEQCFVH8R1NK.jpg","Bee hoon, soto",all,34fd90575c55de6b8a662b44e7a1ceaf,99ea8ce517017c9d
../foodsg-233\satay bee hoon\PR7RIZVUJES4FOE5PS3LB122.jpg,satay bee hoon,all,34fd90575c55de6b8a662b44e7a1ceaf,99ea8ce517017c9d
../foodsg-233\drunken prawn\N5EW3IS2EISB494MLP2HOPLU.jpg,drunken prawn,all,35aee3241454e9373d072640d12b3a71,96fa8b278eb84c23
../foodsg-233\cooked brown rice\GSK93D02ZEQJPOO1M6KOVKA1.jpg,cooked brown rice,all,35aee3241454e9373d072640d12b3a71,96fa8b278eb84c23
../foodsg-233\Lontong with sayur lodeh\H2LQY1EL43XZDIOZCZ7P1V7P.jpg,Lontong with sayur lodeh,all,35d747291facd05dcca0d53a9a1f61c1,b55b922cd6ecc330
../foodsg-233\lontong\B9Z5FPD9BQZRGIN0DG1O33QF.jpg,lontong,all,35d747291facd05dcca0d53a9a1f61c1,b55b922cd6ecc330
"../foodsg-233\Bee hoon, goreng\3P6OUBF0URD0LZ84YJ3PLK8X.jpg","Bee hoon, goreng",all,361fabec554a81c1ad2418a0d32d0de9,a4e1df10d8866f99
"../foodsg-233\Mee siam, fried\1D8G23B471TDAED79PO35TP3.jpg","Mee siam, fried",all,361fabec554a81c1ad2418a0d32d0de9,a4e1df10d8866f99
../foodsg-233\Mee bandung\89TLMUWY4ZPOML8CNHGQMT9N.jpg,Mee bandung,all,3640530f78539733769fb0cb3610a66b,cf01942653dd4f33
../foodsg-233\Mee soto\59M1V3BGXPMYCX6ELQMF48ZG.jpg,Mee soto,all,3640530f78539733769fb0cb3610a66b,cf01942653dd4f33
../foodsg-233\Lor mee\HDTTMY8HU46Z2XN38IQBTQOE.jpg,Lor mee,all,36484dddf50038c5d61e41b603a2c696,c1ce0ec95a329b9b
../foodsg-233\Laksa\T7GP5323LXHYKJ7SZSF2YKWL.jpg,Laksa,all,36484dddf50038c5d61e41b603a2c696,c1ce0ec95a329b9b
../foodsg-233\mee pok\2XOX5RF2CA1PB4V4KOWEV63R.jpg,mee pok,all,3651a60918bf5c2790b65cf4f7e86f64,bfcac8ada1869274
../foodsg-233\bak chor mee\9O7PJ51T7YCIBAAECO89FFFJ.jpg,bak chor mee,all,3651a60918bf5c2790b65cf4f7e86f64,bfcac8ada1869274
../foodsg-233\Lor mee\P1WFKC0GQTVPFDI9TFCJCEDB.jpg,Lor mee,all,3659f50ef41df87a8eeb62ef59ed8652,adeed42d0334cbb0
../foodsg-233\Duck Rice\3TDHBDTO9OLDKE8KD66T6M7B.jpg,Duck Rice,all,3659f50ef41df87a8eeb62ef59ed8652,adeed42d0334cbb0
../foodsg-233\whole grain bread\LLK7AIE6M1T9TP0AXAIT4Q4O.jpg,whole grain bread,all,36a45b0cefef8f4bc60cbd0458d0f5c1,beaaeaa1fab4e080
../foodsg-233\whole wheat\ORFBT48ZDA8TW3XCR7RXX51N.jpg,whole wheat,all,36a45b0cefef8f4bc60cbd0458d0f5c1,beaaeaa1fab4e080
../foodsg-233\Wholegrain Wrap\KQFMIRZPQC7L44XYPA7A3TUR.jpg,Wholegrain Wrap,all,36d9984f64aa07efcfff09f639c48168,c8cf554b562a522f
../foodsg-233\whole wheat\DLKOEIC9VSUQ82V0ZIDNABDY.jpg,whole wheat,all,36d9984f64aa07efcfff09f639c48168,c8cf554b562a522f
../foodsg-233\Mee siam\C29W8H6VYYHEW38ZGS7L5HOU.jpg,Mee siam,all,3715bd5e92f64fbf837c4d4ce0d57ab9,94594637e0d7837c
"../foodsg-233\Mee siam, fried\0SDQNPN6TQQ5JP5E8XUYNV88.jpg","Mee siam, fried",all,3715bd5e92f64fbf837c4d4ce0d57ab9,94594637e0d7837c
../foodsg-233\sambal\TGI7YQ101X7BF2GNJ7KZO3QP.jpg,sambal,all,37162eb7e6d94bf26da3ff5d59e4d4cd,db6ca4f3a140aa8f
../foodsg-233\hotplate tofu\GWVIKPYVR9EMGNV15XH1EUAK.jpg,hotplate tofu,all,37162eb7e6d94bf26da3ff5d59e4d4cd,db6ca4f3a140aa8f
"../foodsg-233\Bee hoon, soto\SVABEY1GT3YSUPI2IMGTB1A3.jpg","Bee hoon, soto",all,3720160f6cb8f40ec97d6215f768b7bc,c4b489d21ecf743a
../foodsg-233\Mee soto\Y74ZO6RR3PC3CU3C3Q4XXUPK.jpg,Mee soto,all,3720160f6cb8f40ec97d6215f768b7bc,c4b489d21ecf743a
../foodsg-233\mushroom soup\BOUCF9IJ4UXRNC1CAFOG4E85.jpg,mushroom soup,all,3734ddf88a63f5a0602a06f696dd1f9c,b914d45bd275cd44
../foodsg-233\cream soup\WSTS8GP0K4QYHUPT51U98WZ9.jpg,cream soup,all,3734ddf88a63f5a0602a06f696dd1f9c,b914d45bd275cd44
"../foodsg-233\Mee siam, fried\KPODVL8TJFNDOXD73RKG9GFM.jpg","Mee siam, fried",all,3771ce1d02b849b17b7a72f59e09c15e,f02d22651fb2db58
../foodsg-233\Mee siam\V44S3H7D7JNPUM6TUK17HX1M.jpg,Mee siam,all,3771ce1d02b849b17b7a72f59e09c15e,f02d22651fb2db58
../foodsg-233\Duck Rice\UTF6L4KE2I2YZ081OZ04BI5B.jpg,Duck Rice,all,37963befd1ab85f3bc694d8b152245c1,86c7f83e23ba2893
../foodsg-233\yam rice\SEVKDUYKHZ3WQCJR8KPOYBRL.jpg,yam rice,all,37963befd1ab85f3bc694d8b152245c1,86c7f83e23ba2893
../foodsg-233\Seafood Noodles Soup\QY31DXI0ZZJDJ2V81PXA54QG.jpg,Seafood Noodles Soup,all,379d4e082c1f3d2e5380a8173d44a73a,97d784709ee29c61
"../foodsg-233\Bee hoon, soto\VSP65EG225L1EKPC2CEEYUY5.jpg","Bee hoon, soto",all,379d4e082c1f3d2e5380a8173d44a73a,97d784709ee29c61
../foodsg-233\Fish Ball Noodles\SRQU9BLQ9HB1K271LS7PXUT2.jpg,Fish Ball Noodles,all,37abe45f906f701ed57b1c5ccf1209fd,ee6ae376164a5a24
../foodsg-233\yong tau foo\L1SU19IC1WQAPVU6QMIVLFYT.jpg,yong tau foo,all,37abe45f906f701ed57b1c5ccf1209fd,ee6ae376164a5a24
../foodsg-233\Mee rebus\X13AXYM7IMF7F94V2HKG4NGX.jpg,Mee rebus,all,37b66079c3e8d677b6b70a5bf27b3767,faad9590d8351a93
../foodsg-233\Mee bandung\7QTZ9YKR8V62C5488NJQKIQB.jpg,Mee bandung,all,37b66079c3e8d677b6b70a5bf27b3767,faad9590d8351a93
"../foodsg-233\Bee hoon, soto\YNCW9DP7G7VS0L6N5MB7U9FQ.jpg","Bee hoon, soto",all,37c66d95f3c0d74496fad767a6bd9ea7,b93deac3c6c1249c
../foodsg-233\Mee soto\7OADJYE5D4HZ4CEH30I6ZCM0.jpg,Mee soto,all,37c66d95f3c0d74496fad767a6bd9ea7,b93deac3c6c1249c
../foodsg-233\Grapefruit\TPS2UYW5D04NIE6KLX5L4SSS.jpg,Grapefruit,all,37ca64af242b1e2c856534c8085119f8,e986da6134cb9699
../foodsg-233\Pomelo\275UPEI5UJPA835Q5BNPCTFV.jpg,Pomelo,all,37ca64af242b1e2c856534c8085119f8,e986da6134cb9699
../foodsg-233\Fish Ball Noodles\ZC5X4BVA04ZX1KZVHOTGAN91.jpg,Fish Ball Noodles,all,3804b401489058ab5e1bf0fac5298b91,d4f60bd03cca70cb
../foodsg-233\Seafood Noodles Soup\GLIHUNB2585OZA9LYUCXYT4I.jpg,Seafood Noodles Soup,all,3804b401489058ab5e1bf0fac5298b91,d4f60bd03cca70cb
../foodsg-233\Sweets\YWS7MXAPFQ192INC2VYQIGG3.jpg,Sweets,all,38507e40d58777bc19f8cb7ce32519f6,e6999966b3896625
../foodsg-233\Chocolate\3N4Q7D14YF7IRH87KHSW1CF6.jpg,Chocolate,all,38507e40d58777bc19f8cb7ce32519f6,e6999966b3896625
../foodsg-233\beef noodle soup\A4J08KNSZTCP1I83X0T1K5GR.jpg,beef noodle soup,all,3866309ed5c7318f694d18ec2ff5086f,bfa05adaa9c12d89
../foodsg-233\Udon\MIMXNECODW7TRKNKIGBRN9U4.jpg,Udon,all,3866309ed5c7318f694d18ec2ff5086f,bfa05adaa9c12d89
../foodsg-233\Soto ayam\902PTHDO80R4EGYK2OCRQ22K.jpg,Soto ayam,all,389e3dbc043c72a3e7a646795ceb2031,b516594a921bdb2d
../foodsg-233\Mee soto\6AI1D0VQH5L1S342228RWP8Q.jpg,Mee soto,all,389e3dbc043c72a3e7a646795ceb2031,b516594a921bdb2d
../foodsg-233\satay bee hoon\6618VL71OT9GW4K0E9Q4ZML5.jpg,satay bee hoon,all,38e41e09ff907e30806c45fbcd65e958,e8b7b897d0c90bc1
../foodsg-233\bee hoon\S20QLFDLP9OQ6UJE61UEIB7X.jpg,bee hoon,all,38e41e09ff907e30806c45fbcd65e958,e8b7b897d0c90bc1
../foodsg-233\Grapefruit\62EZ0QT5U2I1S1EZ2BGNVH2K.jpg,Grapefruit,all,38e4c455faad9ee669640335c5350211,9f9e9dccc1c0922d
../foodsg-233\Pomelo\2MIC3IQ6S03FT07VKRL8N5DA.jpg,Pomelo,all,38e4c455faad9ee669640335c5350211,9f9e9dccc1c0922d
../foodsg-233\Grape\ETDMI0G4HFO28QGRUEPLVBMU.jpg,Grape,all,38e4c455faad9ee669640335c5350211,9f9e9dccc1c0922d
../foodsg-233\pear\7JS2057J69AVI1ZPPBAR6MC0.jpg,pear,all,38ed0b42b91e524c914a29b5cab0ee1b,96c76931331ecc2e
../foodsg-233\Apple\S7NH7I2COS456F5VUAJ2B0YL.jpg,Apple,all,38ed0b42b91e524c914a29b5cab0ee1b,96c76931331ecc2e
../foodsg-233\mee pok\SSD3QJEDADW9V4DN4D7PJUD6.jpg,mee pok,all,393cd14305562e54bae56fce262afc8a,ea4b803e9be1b478
../foodsg-233\Fish Ball Noodles\DUODZV13VY51GRT08MU8H7KB.jpg,Fish Ball Noodles,all,393cd14305562e54bae56fce262afc8a,ea4b803e9be1b478
../foodsg-233\Kueh Salat\ZX30RZFEDCJNHQEVL0XERD0Z.jpg,Kueh Salat,all,393dd3925c3ec026cff868fb784ecec6,f1f492ac8cbf6288
../foodsg-233\kueh lapis - rainbow\X5VY4FSSJK1YTPVY6OQBU18L.jpg,kueh lapis - rainbow,all,393dd3925c3ec026cff868fb784ecec6,f1f492ac8cbf6288
../foodsg-233\bee hoon\T0GPMA56EVCQLP5K5IG79INN.jpg,bee hoon,all,3962e993f3e5e817b5086977ad6260d6,f4dac381d4762e23
../foodsg-233\vegetarian bee hoon\9EE7UA4P2PDUU480WZEF2CYW.jpg,vegetarian bee hoon,all,3962e993f3e5e817b5086977ad6260d6,f4dac381d4762e23
"../foodsg-233\Bee hoon, soto\2U78ZB6SR7PSKI3M574AUB6B.jpg","Bee hoon, soto",all,397c244d2507d50f7bf32c1a7a347a10,ae4a875bd0224baf
../foodsg-233\Mee soto\W4ACTMA3WKLO9TXM1P3WDJRB.jpg,Mee soto,all,397c244d2507d50f7bf32c1a7a347a10,ae4a875bd0224baf
../foodsg-233\Mee bandung\KAQYAZR5AL8JIDVM80W83ESJ.jpg,Mee bandung,all,39b37019b177da582bd373b852327ea2,e1a1ad399454d557
../foodsg-233\Mee rebus\Y2HDAY1CMQMCONQEYMJR5A86.jpg,Mee rebus,all,39b37019b177da582bd373b852327ea2,e1a1ad399454d557
../foodsg-233\Mee kuah\X9CN0EB6RWA3H5X1M7BYP4B4.jpg,Mee kuah,all,39bd58bcb33d732ceb1a03d2e207d6d5,c0c207219f977acf
../foodsg-233\Mee bandung\704P1IYI46CXTFOJL2WUNXYB.jpg,Mee bandung,all,39bd58bcb33d732ceb1a03d2e207d6d5,c0c207219f977acf
"../foodsg-233\Bee hoon, goreng\GRCU1HVJG3WRJH3LV8FG5VTZ.jpg","Bee hoon, goreng",all,39d80fce02271e2e22ed4ac864a96c31,9fe7e890a50785d2
../foodsg-233\hokkien prawn mee\ZDC7G2FV97JOEIKDHYQV01RG.jpg,hokkien prawn mee,all,39d80fce02271e2e22ed4ac864a96c31,9fe7e890a50785d2
../foodsg-233\steamed buns\1WMGCS3POKSGUZIIA4EQQJ0C.jpg,steamed buns,all,39e6a3350cf8d2b53f61f6d0b7dc5355,92d63a90b2762d6d
../foodsg-233\char siew pau\P9CQCQ3GDDSBT57R6AIY4AS4.jpg,char siew pau,all,39e6a3350cf8d2b53f61f6d0b7dc5355,92d63a90b2762d6d
../foodsg-233\Mee bandung\XJQY53MAQQWO4EE712UP6I8R.jpg,Mee bandung,all,3a070c37c89a7e276ca98246af8cabb4,af15d478c3e29a8c
../foodsg-233\Mee rebus\3ELI1XTZH108W0KCYLQPK8QB.jpg,Mee rebus,all,3a070c37c89a7e276ca98246af8cabb4,af15d478c3e29a8c
../foodsg-233\Laksa\2QI8PEWX8D3XYZDYQTDYECMI.jpg,Laksa,all,3a1ad54c908127f44aa098db5e63075d,aa88c1f0de7b1b25
../foodsg-233\Mee siam\VHJY1F8CHRI5MCUQNZQ9TIRX.jpg,Mee siam,all,3a1ad54c908127f44aa098db5e63075d,aa88c1f0de7b1b25
../foodsg-233\Soto ayam\ZYCSEVKII858KEOYZA9MILOW.jpg,Soto ayam,all,3a55dad4c50ac49f2eae789ff26d6358,b064cd9bb5d61c86
"../foodsg-233\Bee hoon, soto\K68W8KO4PAXDDOS4IVBFIRSB.jpg","Bee hoon, soto",all,3a55dad4c50ac49f2eae789ff26d6358,b064cd9bb5d61c86
../foodsg-233\bee hoon\T4XEYVC06W1BKPN2IBRN8K7E.jpg,bee hoon,all,3a586905ca901f7cf4b0c87e17f2c59c,c5b27eece18183c6
"../foodsg-233\Bee hoon, goreng\U17Q0O83AXXNBRG8Q2FTCC2I.jpg","Bee hoon, goreng",all,3a586905ca901f7cf4b0c87e17f2c59c,c5b27eece18183c6
../foodsg-233\mixed vegetables\DTBZATSZ3FGH1OH3463URLBE.jpg,mixed vegetables,all,3a68bc2c52d46a3251f7ab92e215285e,b3b6f8c1621aa96c
../foodsg-233\Bibimbap\UWG253MRUV3UMEJ51ODDAYCV.jpg,Bibimbap,all,3a68bc2c52d46a3251f7ab92e215285e,b3b6f8c1621aa96c
"../foodsg-233\Bee hoon, soto\IMQOYOLEVPVIGBNE71LC7TTJ.jpg","Bee hoon, soto",all,3aa2a4c5aee4b096a9362995767521d5,f39a820f2d6d9507
../foodsg-233\Mee soto\FI2L1J51029JS5NJTUUEAE0Q.jpg,Mee soto,all,3aa2a4c5aee4b096a9362995767521d5,f39a820f2d6d9507
../foodsg-233\whole wheat\U0458LAC286GEMYBMTKTGJX0.jpg,whole wheat,all,3aa6b7526240aa22815879ec9cb3c107,f58276ca940acbcb
../foodsg-233\whole grain bread\WUM2BEU4BV5LLADO9ZFM633Q.jpg,whole grain bread,all,3aa6b7526240aa22815879ec9cb3c107,f58276ca940acbcb
../foodsg-233\Bubble Milk Tea\E3X26AF1LB5B60HW9OZXQVVG.jpg,Bubble Milk Tea,all,3aaec1da620d9b443576f947bf1e548f,aada972dd4c108f5
../foodsg-233\chin chow drink\H1UAU8GC8LV0XXDFD7LNAG01.jpg,chin chow drink,all,3aaec1da620d9b443576f947bf1e548f,aada972dd4c108f5
../foodsg-233\Sweets\21TGNC43ZMNWC5Q0CZWKQL9K.jpg,Sweets,all,3b2926cdaf9c5d3c98e765ad6418dd09,b8299bc9996d9a64
../foodsg-233\Chocolate\7KHVWL9LRCI5HOP0J8HJVRUF.jpg,Chocolate,all,3b2926cdaf9c5d3c98e765ad6418dd09,b8299bc9996d9a64
../foodsg-233\bee hoon\N0FX4JL2IFPBXWRA9WTXUQNS.jpg,bee hoon,all,3b32fbb01aca257f352614480449c8b5,c7341a71e5c2b28f
"../foodsg-233\Bee hoon, goreng\FQSWF5I1PEEFNX34BCJIGQPD.jpg","Bee hoon, goreng",all,3b32fbb01aca257f352614480449c8b5,c7341a71e5c2b28f
../foodsg-233\Mee soto\7RF9RDXSV2E34M41AKAQMMMH.jpg,Mee soto,all,3b3e2f2cfb3ff5031675ad8426a1c52e,88e0578b38676e9e
../foodsg-233\Mee siam\4XVZ7CBC59K6PBN6DL0C0TNY.jpg,Mee siam,all,3b3e2f2cfb3ff5031675ad8426a1c52e,88e0578b38676e9e
../foodsg-233\drunken prawn\157XLLV1FNZPRFALXFHER83U.jpg,drunken prawn,all,3b47aa728ad5fe52e9846a8fd2739f70,f65f3421ad4de481
../foodsg-233\fried prawn\MMHMMDGEM8T01CAOTIO7SVF4.jpg,fried prawn,all,3b47aa728ad5fe52e9846a8fd2739f70,f65f3421ad4de481
../foodsg-233\Laksa\Q21PSHIREF1SA2D2KH7V6PZK.jpg,Laksa,all,3b48d9a766369685081fc82a99242958,8ae6c88c0db93cde
../foodsg-233\Mee siam\IKDGUD5Z15U32FPMF8RVNGTX.jpg,Mee siam,all,3b48d9a766369685081fc82a99242958,8ae6c88c0db93cde
../foodsg-233\Pomelo\16SSTY8B9RDHMN54VZISSSQP.jpg,Pomelo,all,3b83e1fe46ea5262650504937da6d0ac,c79c98173ebee021
../foodsg-233\Grapefruit\0B1Z3D7UNMQXFQ06YSZZJOVJ.jpg,Grapefruit,all,3b83e1fe46ea5262650504937da6d0ac,c79c98173ebee021
../foodsg-233\drunken prawn\JWAD40601SMKFS9GWJ1GQWX5.jpg,drunken prawn,all,3bb19c4f20d8b9ac86e02436fc254f2d,d2f80d072d9e3587
../foodsg-233\fried prawn\HXPQWIYQZ1VKM62TYCIAG9YO.jpg,fried prawn,all,3bb19c4f20d8b9ac86e02436fc254f2d,d2f80d072d9e3587
../foodsg-233\whole grain bread\1BLLJ6EJRV278KFHL7WBCB8B.jpg,whole grain bread,all,3bc28212a38b54c2d4a35e025741a164,f59575ac40e189c7
../foodsg-233\whole wheat\SRFDPTXL3KQFJ77RYL3OMARI.jpg,whole wheat,all,3bc28212a38b54c2d4a35e025741a164,f59575ac40e189c7
../foodsg-233\Pomelo\DL390LLXBNV4BJNQMFG7242T.jpg,Pomelo,all,3bdb060997889364b26f482cce50edee,b6b2db19d1cd01a6
../foodsg-233\Grapefruit\JHCLKO2XUTO9P45PWI6SAGP9.jpg,Grapefruit,all,3bdb060997889364b26f482cce50edee,b6b2db19d1cd01a6
../foodsg-233\Mee siam\GAR7B6HV1UOXU6SJLPBZZ7DJ.jpg,Mee siam,all,3c02f13fefe56f11fe8210453078c2e8,cc4640fe8eec9f81
"../foodsg-233\Mee siam, fried\IWG2UWYGTBS0843LEO1D7STN.jpg","Mee siam, fried",all,3c02f13fefe56f11fe8210453078c2e8,cc4640fe8eec9f81
../foodsg-233\rock melon\483NRNE6BYXZBNDBGCQYO1PG.jpg,rock melon,all,3c065011a8d06460fcf372c52818b37b,ef96906dc5304e95
../foodsg-233\honeydew\E77K4CSJZP9LW695VOT2JR9P.jpg,honeydew,all,3c065011a8d06460fcf372c52818b37b,ef96906dc5304e95
../foodsg-233\honeydew\35OL0IMHIPZXPBBZATL39V23.jpg,honeydew,all,3c50f1b21ef740128694478ff840a970,bcc6f32c8660cf34
../foodsg-233\Fruit juice\ZV23OC7YDU7YKIH6DCPSNREN.jpg,Fruit juice,all,3c50f1b21ef740128694478ff840a970,bcc6f32c8660cf34
../foodsg-233\Wholegrain Wrap\09L4L12WFBLKZTW6WWKTROYE.jpg,Wholegrain Wrap,all,3c5d3326acd32a2617dff0f00f178010,b6dbb43ba03ac231
../foodsg-233\whole wheat\17OTHPHEMUNC1O4ZBIA7CFT5.jpg,whole wheat,all,3c5d3326acd32a2617dff0f00f178010,b6dbb43ba03ac231
"../foodsg-233\Mee siam, fried\XNKAOZ0TP98Z50E15C81XT3L.jpg","Mee siam, fried",all,3c825504ddf6356057a5674b9f5a6411,e68d91c5b05f1873
../foodsg-233\Mee siam\TU1FNCT0H0O4SU1U1YEXEKXE.jpg,Mee siam,all,3c825504ddf6356057a5674b9f5a6411,e68d91c5b05f1873
../foodsg-233\Lontong with sayur lodeh\JTI57Y4SXAEN6HB83G8DNJLU.jpg,Lontong with sayur lodeh,all,3ca09e63526e68972b1be3511aecbc4f,c5d32d5c3ac60799
../foodsg-233\lontong\S1M67AV7MDBVM55X42W6GXF8.jpg,lontong,all,3ca09e63526e68972b1be3511aecbc4f,c5d32d5c3ac60799
../foodsg-233\mushroom soup\OEKN7RNQK1160J38L2MKH8GG.jpg,mushroom soup,all,3ca2605e99d42a18ff26822aa82ff5ef,b01e1f263899e3c7
../foodsg-233\cream soup\NEWQY6TUT44A1F0DKCZPQJDM.jpg,cream soup,all,3ca2605e99d42a18ff26822aa82ff5ef,b01e1f263899e3c7
../foodsg-233\bee hoon\UII72BBWEOT4QTA1WIJIYPZ9.jpg,bee hoon,all,3cc7586f6fa2fa134f8e1d853a79950d,facbcb824b899ca4
"../foodsg-233\Bee hoon, soto\N36WW3ZYPLFM1DLM1VWCZBH2.jpg","Bee hoon, soto",all,3cc7586f6fa2fa134f8e1d853a79950d,facbcb824b899ca4
../foodsg-233\Soto ayam\KQFHTCMGJ7K33P43OIWC825U.jpg,Soto ayam,all,3ce937016ec9fb3484c96817d1551353,bf990989b4e0d5f0
../foodsg-233\Mee soto\WQDCIVZOY874MMG9XRMGEBRY.jpg,Mee soto,all,3ce937016ec9fb3484c96817d1551353,bf990989b4e0d5f0
../foodsg-233\steamed buns\1JRD8DW3MPQFVS42553GJL5D.jpg,steamed buns,all,3cf896e3eb8b95755b7954596684820d,d59d56944b9a6543
../foodsg-233\char siew pau\6GPHF6CI1RVFJHG61TKNFOEZ.jpg,char siew pau,all,3cf896e3eb8b95755b7954596684820d,d59d56944b9a6543
"../foodsg-233\Mee siam, fried\UGR8LATGQGPVXWA7J6UHEPD8.jpg","Mee siam, fried",all,3d042ff46535f4b03eaebdbd466486bc,ef6795eaf0a00aa8
../foodsg-233\Mee siam\Y3UEARFDY3SQIFVUZC3DZFYE.jpg,Mee siam,all,3d042ff46535f4b03eaebdbd466486bc,ef6795eaf0a00aa8
../foodsg-233\strawberry\9DY5G0JZYXVPAM4E9UFXESHW.jpg,strawberry,all,3d0d5b9c3d203c8261807ae9997298e1,e7d878268f6dc029
../foodsg-233\Apple\QM5U53N1N1IYYIJ7BGYBQ86Z.jpg,Apple,all,3d0d5b9c3d203c8261807ae9997298e1,e7d878268f6dc029
../foodsg-233\blueberries\5ZWQ1CVLIUY4R1AD2MQVV7R4.jpg,blueberries,all,3d0d5b9c3d203c8261807ae9997298e1,e7d878268f6dc029
../foodsg-233\blueberries\M7B3TTD9TK449BZ66RPNB36S.jpg,blueberries,all,3d156ed7306a810a7f62d5e99863c410,fca2d32c2c9c49e3
../foodsg-233\preserved fruit snacks\3W0NICVBFYNKJ8OLBWT0GNXK.jpg,preserved fruit snacks,all,3d156ed7306a810a7f62d5e99863c410,fca2d32c2c9c49e3
../foodsg-233\Mee goreng\KW5SPMR8Z994T43CHX3CPS89.jpg,Mee goreng,all,3d286094a226da8f672ae8ac7557deb7,ea93944c8a3c63e7
../foodsg-233\Soto ayam\L6NOG52U29704DU403SQ2679.jpg,Soto ayam,all,3d286094a226da8f672ae8ac7557deb7,ea93944c8a3c63e7
../foodsg-233\sliced fish soup\87SK772DQ2RTLLIGRPEIJ508.jpg,sliced fish soup,all,3d574779cd1b2e5bbfa09fcd35443344,efb685d8cc64904e
../foodsg-233\Seafood Noodles Soup\15JJ4YSGK4MFZ3WW1R60GHDL.jpg,Seafood Noodles Soup,all,3d574779cd1b2e5bbfa09fcd35443344,efb685d8cc64904e
../foodsg-233\drunken prawn\8AECXTUEB4S4R2N6VL7GKDUI.jpg,drunken prawn,all,3d80551bd9086ee1a392ab897be3182f,e18dc2d9b5f69248
../foodsg-233\fried prawn\HRWMTQMG7Z0UIKC6YNNYZXD8.jpg,fried prawn,all,3d80551bd9086ee1a392ab897be3182f,e18dc2d9b5f69248
../foodsg-233\chicken soup\1QNQV18I4WZK3IEFI5JX92DE.jpg,chicken soup,all,3dc7746913040354d2c004601bda3077,c7646a66a52c955e
../foodsg-233\cream soup\ALFPVPLMG5PE5R479SW9YJXV.jpg,cream soup,all,3dc7746913040354d2c004601bda3077,c7646a66a52c955e
../foodsg-233\pineapple\AVLRXKVLCA6LNAH7D8SAX3BW.jpg,pineapple,all,3dc8fd91056022955831eef44a62aec2,facae4b382e0c39c
../foodsg-233\strawberry\NW1WLI9PTVV5NJQB5EV0ADIG.jpg,strawberry,all,3dc8fd91056022955831eef44a62aec2,facae4b382e0c39c
../foodsg-233\Mee siam\OFNPTY5ON0KT4SLD9HRUCAI4.jpg,Mee siam,all,3dd4a169a42f56365032be9f0b475c9d,b3b7446c486503fb
../foodsg-233\Mee kuah\EBRXV85MCX8KNZ6NPPWNJEX0.jpg,Mee kuah,all,3dd4a169a42f56365032be9f0b475c9d,b3b7446c486503fb
../foodsg-233\cream soup\TMX6XNCT4T7GKELSTRJLRXRH.jpg,cream soup,all,3dda71167edad4ae4b96bacf44d30442,e5f12205c71fecc4
../foodsg-233\mushroom soup\ULPIZEF8EJAGP3LB1EU7UEWI.jpg,mushroom soup,all,3dda71167edad4ae4b96bacf44d30442,e5f12205c71fecc4
../foodsg-233\fried chicken\ALLH20DKUCRW3IAB5FT6N1RE.jpg,fried chicken,all,3e083a0aae20fd3bee69fabfde91fbc1,a5c242b77f85b407
"../foodsg-233\Rice, with dakgalbi\7LE9URZNOU5OLWY2I5NL10IB.jpg","Rice, with dakgalbi",all,3e083a0aae20fd3bee69fabfde91fbc1,a5c242b77f85b407
../foodsg-233\mixed vegetables\LE9IFHJB94KO1KTJECNQU3V0.jpg,mixed vegetables,all,3e16c3e02286d8275862f71979303cfa,fb9a2cf191447153
../foodsg-233\green leafy vegetables\T2ETC114D2WSSPRXUDRHJEB7.jpg,green leafy vegetables,all,3e16c3e02286d8275862f71979303cfa,fb9a2cf191447153
"../foodsg-233\Bee hoon, soto\QAPO4EPJBWFV272191CAU8MZ.jpg","Bee hoon, soto",all,3e43d066b2fd52d5194dd5e7935d470e,ee133894e5c295ad
../foodsg-233\Soto ayam\PJA6KIEEP08114ABU0TUA0IX.jpg,Soto ayam,all,3e43d066b2fd52d5194dd5e7935d470e,ee133894e5c295ad
../foodsg-233\tom yum noodle soup\ZJTXLSV2T5S8RE7VYSIKKUMD.jpg,tom yum noodle soup,all,3e5bc7c5f87bd90f127e4ce571eac6c7,d2916d69b2b08b4f
../foodsg-233\chicken soup\TRM28SJ16OGONGSJOHKKAAXG.jpg,chicken soup,all,3e5bc7c5f87bd90f127e4ce571eac6c7,d2916d69b2b08b4f
../foodsg-233\Soto ayam\3LJS7RLZJJCJAGATGDBI8JLH.jpg,Soto ayam,all,3e6f943b1361601e99ab4370ceaea965,baecf892c161829f
../foodsg-233\Mee soto\XQRJ6EA7FHG9AYAJ9IU8KNEK.jpg,Mee soto,all,3e6f943b1361601e99ab4370ceaea965,baecf892c161829f
../foodsg-233\Mee siam\BQ88WYMUPK0CMZ1WN5OXAYTX.jpg,Mee siam,all,3e80b710d2d26cd03514f4427bd82922,a3b2944bcf3c4d94
"../foodsg-233\Mee siam, fried\BFABQ3OXAFOH28VFOEZKL3KG.jpg","Mee siam, fried",all,3e80b710d2d26cd03514f4427bd82922,a3b2944bcf3c4d94
../foodsg-233\lontong\P2OMYAESRF8UUKYBNF4HQ1XQ.jpg,lontong,all,3f368d92d95203567cc93e46cdb011e8,fef28185b69f0454
../foodsg-233\Lontong with sayur lodeh\Q2RR4ZV58FEVAA02A5BPE7B5.jpg,Lontong with sayur lodeh,all,3f368d92d95203567cc93e46cdb011e8,fef28185b69f0454
../foodsg-233\Ban Mian\Z8V719KB832I6Y6IZOUNNNXZ.jpg,Ban Mian,all,3f396317d0af0873f374efb291e290fb,c77b0aa432d1d3c3
../foodsg-233\sliced fish soup\SMV29YYC5NRXT58WGDHW2FO0.jpg,sliced fish soup,all,3f396317d0af0873f374efb291e290fb,c77b0aa432d1d3c3
../foodsg-233\Kueh Salat\YS9RIX0F38LFCH095J6KEBX6.jpg,Kueh Salat,all,3f8e70c755c7b9ce98c7d95f832b0b02,ecf7932c98417c94
../foodsg-233\kueh lapis - rainbow\I8OX6BOQO8TML9R6RT5PCD3T.jpg,kueh lapis - rainbow,all,3f8e70c755c7b9ce98c7d95f832b0b02,ecf7932c98417c94
../foodsg-233\Mee goreng\PO1R5WXFKKBTQ1OAZXZ4YKJ4.jpg,Mee goreng,all,3fe8daf44063d5141e74fbe922be7b9a,8d150b16597f0d79
"../foodsg-233\Bee hoon, goreng\D1KBBQKAP02QQI66TIO0FLXL.jpg","Bee hoon, goreng",all,3fe8daf44063d5141e74fbe922be7b9a,8d150b16597f0d79
../foodsg-233\Mee rebus\ENDHPGWXMMI554RCDO6U9ZH2.jpg,Mee rebus,all,400eab274a00961eef513f0598a31eaf,f20f857295799a46
../foodsg-233\Mee bandung\WVB44R9QXZAB02TAJEMDI8SV.jpg,Mee bandung,all,400eab274a00961eef513f0598a31eaf,f20f857295799a46
../foodsg-233\Mee rebus\LXMIFYPII5JDADWUB4DNYXO4.jpg,Mee rebus,all,4032765e0283d66c9cbd3e1bbd6d658d,ba6eadd8b4e19085
../foodsg-233\Mee soto\H6WK6LYX7MA1NBOX8TWPWLW7.jpg,Mee soto,all,4032765e0283d66c9cbd3e1bbd6d658d,ba6eadd8b4e19085
../foodsg-233\Pomelo\IO967TYVQQAPJCGCWG1MIRKX.jpg,Pomelo,all,4032a8dc43ab900bcda993608983b5e0,ea87f0b4b5d8068d
../foodsg-233\Grapefruit\P12OLNHRM82249T5ZMM5IOOH.jpg,Grapefruit,all,4032a8dc43ab900bcda993608983b5e0,ea87f0b4b5d8068d
../foodsg-233\cream soup\W9M15AGM9399MAJEKEYTH9CR.jpg,cream soup,all,4047aa2482f1f26fd6589b2decb5bf9c,863628ba3ea5b5d4
../foodsg-233\mushroom soup\4VY7Z7XMA77R3IIFUR2AWURI.jpg,mushroom soup,all,4047aa2482f1f26fd6589b2decb5bf9c,863628ba3ea5b5d4
../foodsg-233\Laksa\1M3OA5POXAM9XPP2AU66BPRD.jpg,Laksa,all,4051e44aabcc241a40e73a3069040a89,da8d3f317c943143
../foodsg-233\satay bee hoon\CWL5I07GMWGAEPRRVSHVXECY.jpg,satay bee hoon,all,4051e44aabcc241a40e73a3069040a89,da8d3f317c943143
../foodsg-233\Laksa\H7UQDRH6JBB3EVQQEKP5EH2Q.jpg,Laksa,all,4051e44aabcc241a40e73a3069040a89,da8d3f317c943143
"../foodsg-233\Bee hoon, soto\HJ5D7WCWIAP8KLWXWUUZAD5K.jpg","Bee hoon, soto",all,405b556e3d59660b3967364b16eceeaa,bf3e92388de48436
../foodsg-233\bee hoon\X0PMJIAVB7IVVH4NFUOXB410.jpg,bee hoon,all,405b556e3d59660b3967364b16eceeaa,bf3e92388de48436
../foodsg-233\whole wheat\R4AUULKAI0R5LFN95Y45ZKOR.jpg,whole wheat,all,40628842904cecfc2b6eb36f2ffc43e1,93a53294304fcbed
../foodsg-233\wholegrain pasta\WCGDO395VCPCOXK9C6DXHTZR.jpg,wholegrain pasta,all,40628842904cecfc2b6eb36f2ffc43e1,93a53294304fcbed
../foodsg-233\pasta - red sauce\468XNGG4XAC0189UUZD98AEF.jpg,pasta - red sauce,all,406765454f2da37e6c61856a4d69920a,b0e5cb0bcc4c7c8d
../foodsg-233\chicken masala\R6FOZ4N1W8M35XFVXXRBCZ2M.jpg,chicken masala,all,406765454f2da37e6c61856a4d69920a,b0e5cb0bcc4c7c8d
../foodsg-233\Lontong with sayur lodeh\9TQP8TXPAZK7H8YHLIX7W7SF.jpg,Lontong with sayur lodeh,all,4086c58e61a26d68f58882e303bacf7b,aae825b716c03acf
../foodsg-233\lontong\D7WJQD4THTRP3HLF954PT14K.jpg,lontong,all,4086c58e61a26d68f58882e303bacf7b,aae825b716c03acf
"../foodsg-233\Mee siam, fried\W1PXZNPP4R1QGHB5U7RD635E.jpg","Mee siam, fried",all,408aad402f03008ceac7e6f0a03f78db,8edf732008becce1
../foodsg-233\Mee siam\LPY5XWYLTYTLDN8SREUTCW53.jpg,Mee siam,all,408aad402f03008ceac7e6f0a03f78db,8edf732008becce1
"../foodsg-233\Bee hoon, soto\82YT8LHG9XQ3K4JHQQ1SN21T.jpg","Bee hoon, soto",all,40ba6e73097b78dd2093e2070811bad8,c0f917c298a739c7
../foodsg-233\Mee soto\70USL9RXXWO4YVBGAFZS9NSP.jpg,Mee soto,all,40ba6e73097b78dd2093e2070811bad8,c0f917c298a739c7
../foodsg-233\honeydew\A5KCHG5BPZ0722YFC71H34XQ.jpg,honeydew,all,40bbdb84e2bf6f25c397d8f1a80380e4,93b7781c67726261
../foodsg-233\rock melon\WIBOL4O3VXUUV3L8GENJVJDK.jpg,rock melon,all,40bbdb84e2bf6f25c397d8f1a80380e4,93b7781c67726261
../foodsg-233\mushroom soup\H2YE2S2GQD17XWV5U72I317P.jpg,mushroom soup,all,40d09039fb565962fb26efda1f9e46d8,bc9871bced7048c6
../foodsg-233\cream soup\Z8GIPSOUS7IG7MAXHOT1G1DP.jpg,cream soup,all,40d09039fb565962fb26efda1f9e46d8,bc9871bced7048c6
../foodsg-233\sliced fish soup\TCS4G4RPV2M3J9Q40BIO34BQ.jpg,sliced fish soup,all,40d5d7bc1ff15b612da394a8892dcd6b,ddb0a3e3d6ac5281
../foodsg-233\Hor Fun\CECQS1JNB7RVQA9PZSUGM1ID.jpg,Hor Fun,all,40d5d7bc1ff15b612da394a8892dcd6b,ddb0a3e3d6ac5281
../foodsg-233\singapore sling\QXHQ48IELWBFSMK6DP3ZUZUL.jpg,singapore sling,all,40f383ce6e24f24db65a82f9dc5c0f81,f6be18b463c1258d
../foodsg-233\Alcoholic Beverage\BUN6I9OEYZGU7I4TQQEFSUKA.jpg,Alcoholic Beverage,all,40f383ce6e24f24db65a82f9dc5c0f81,f6be18b463c1258d
../foodsg-233\Mee soto\GZ7E5DVBCHWKKJ1YCUEIPCOI.jpg,Mee soto,all,40f655f1d8fff2dd2df8eacd2fbdf2da,dbe4a472a917cca8
"../foodsg-233\Bee hoon, soto\91BQ2TO3WQKHSITM6TOI8EHK.jpg","Bee hoon, soto",all,40f655f1d8fff2dd2df8eacd2fbdf2da,dbe4a472a917cca8
../foodsg-233\chai tow kuay\ML7P698FJTY6JDNRUV32SYIQ.jpg,chai tow kuay,all,4104708d0b99966e7edd1b8fc9cc71be,af95b49ef481c0ca
../foodsg-233\Kway Teow\HN7EK0NZAH7AFKRM0D1OL3KD.jpg,Kway Teow,all,4104708d0b99966e7edd1b8fc9cc71be,af95b49ef481c0ca
../foodsg-233\bee hoon\T1FF9E4DIUG5QNUW8C7PZYD8.jpg,bee hoon,all,4134987a19968ab7816b9b8fd98dbcda,9d85fa4dead32016
../foodsg-233\satay bee hoon\65PFAHSNVBDE5JS93V79KPA5.jpg,satay bee hoon,all,4134987a19968ab7816b9b8fd98dbcda,9d85fa4dead32016
../foodsg-233\fish head curry\1VZ8DNGSZT0X8B7TJ70ON4KJ.jpg,fish head curry,all,41cd22d89f1ec331caaa15fa450ec897,ae90b406d72bd07b
../foodsg-233\assam pedas\KXZAQE23QT1NQ5DL7RDMTDFN.jpg,assam pedas,all,41cd22d89f1ec331caaa15fa450ec897,ae90b406d72bd07b
"../foodsg-233\Miso ramen, with fishcake\QEHG7FE264OLFRKX5P9D5XKQ.jpg","Miso ramen, with fishcake",all,41d3b67e5c82f511cb30c0a1201d3e1d,95323b95e51ad865
../foodsg-233\Udon\HKJ5J5R2GTFDMFKCSONC8PO4.jpg,Udon,all,41d3b67e5c82f511cb30c0a1201d3e1d,95323b95e51ad865
../foodsg-233\chicken masala\JRZESP8VPYQMZPIM2XJGNJ34.jpg,chicken masala,all,41ec09e8a846a34f024f6a4de5dd11b2,ea008f526e535afa
../foodsg-233\tandoori chicken\NM6B63IXTAMN1WYS9O1NGACD.jpg,tandoori chicken,all,41ec09e8a846a34f024f6a4de5dd11b2,ea008f526e535afa
"../foodsg-233\Bee hoon, soto\HHXH9SW2R3OVOPNC68K41MCB.jpg","Bee hoon, soto",all,41fece200502a3b191ec8a280cff4d8f,ea68d5b504d633c3
../foodsg-233\Prawn Noodle\U83MQOHKRR53FMM3CEVHFMHH.jpg,Prawn Noodle,all,41fece200502a3b191ec8a280cff4d8f,ea68d5b504d633c3
../foodsg-233\whole wheat\UDUWFJT1NGPWOB41ZS1J1OQL.jpg,whole wheat,all,421226fd6df62c58f6fcf82b9ef3f6f1,8fbaf831d113924e
../foodsg-233\whole grain bread\JXL3EC56I7DU1M2OBIYGMJSA.jpg,whole grain bread,all,421226fd6df62c58f6fcf82b9ef3f6f1,8fbaf831d113924e
../foodsg-233\cream soup\RSMST11WR0XB0NAYQCUAQLJH.jpg,cream soup,all,4226a26883584ccbc54094d4823ca11f,d26e24b4361fd358
../foodsg-233\mushroom soup\1O7K38JTCXYI4S4IE8JHPSVO.jpg,mushroom soup,all,4226a26883584ccbc54094d4823ca11f,d26e24b4361fd358
../foodsg-233\bee hoon\5V2SCBLKDHK3Z11DO1IK3VXX.jpg,bee hoon,all,422c0f8d599623c80bc6eadb89c8b1b7,b14d4433dae40bbd
"../foodsg-233\Bee hoon, goreng\B0YDGXIFBTRC6EL4EQMCMPDJ.jpg","Bee hoon, goreng",all,422c0f8d599623c80bc6eadb89c8b1b7,b14d4433dae40bbd
"../foodsg-233\Mee siam, fried\RYCOCIXH15DKZWG2VK0MLVSS.jpg","Mee siam, fried",all,422c0f8d599623c80bc6eadb89c8b1b7,b14d4433dae40bbd
../foodsg-233\Seafood Noodles Soup\LOUTWRA86TK83OU6PWQ7G4R2.jpg,Seafood Noodles Soup,all,422c0f8d599623c80bc6eadb89c8b1b7,b14d4433dae40bbd
"../foodsg-233\Bee hoon, soto\XAHMJJ4O2HJ8HZ34XFVPUARB.jpg","Bee hoon, soto",all,422c0f8d599623c80bc6eadb89c8b1b7,b14d4433dae40bbd
"../foodsg-233\Bee hoon, goreng\9YEH5BSQYZ5MFLV85M7HVB64.jpg","Bee hoon, goreng",all,42321e78bf06eabc216151d5a5ffacce,916a0f95683dd52b
../foodsg-233\bee hoon\4AVMQ29M01L6R4OJEJGBXKQY.jpg,bee hoon,all,42321e78bf06eabc216151d5a5ffacce,916a0f95683dd52b
../foodsg-233\bee hoon\R10BA7A5XCFQ9VX9240RAFQL.jpg,bee hoon,all,424395f1423d6d7bba75926bf1642530,aa5615cada18cfa9
"../foodsg-233\Bee hoon, soto\KH2DP7OGNWBA5FK88PD2X717.jpg","Bee hoon, soto",all,424395f1423d6d7bba75926bf1642530,aa5615cada18cfa9
../foodsg-233\tacos and nachos\J7SWXZJR43ZN201Y9FYVI3SZ.jpg,tacos and nachos,all,42ac4d7de159de75cf7ba0fe3a294aa1,b44c4033336b77cd
../foodsg-233\Snacks and Chips\05QRLJCJKKN5AVFQLREKFKC6.jpg,Snacks and Chips,all,42ac4d7de159de75cf7ba0fe3a294aa1,b44c4033336b77cd
../foodsg-233\Mee siam\1UYC98SD2661X8YCOW7H525R.jpg,Mee siam,all,42ce5e811a7668e7c4e340d0bafa1652,953c58339b5569e4
"../foodsg-233\Bee hoon, soto\M8TF9LU9LYWQBNGW0D1L1Z4S.jpg","Bee hoon, soto",all,42ce5e811a7668e7c4e340d0bafa1652,953c58339b5569e4
../foodsg-233\Lontong with sayur lodeh\XS38VS5H52SWH50M4BCZ5YEO.jpg,Lontong with sayur lodeh,all,42daef455a49d9def6a900d5ede566ae,88548fd7c73c9253
../foodsg-233\lontong\C4UY6KWH2I5UYBVGIBVIC4FR.jpg,lontong,all,42daef455a49d9def6a900d5ede566ae,88548fd7c73c9253
../foodsg-233\pancake\5XQCEJKIAP47DOEOCZ24U30O.jpg,pancake,all,43297158c2bab92e971c349531da1cb9,fdb5c2c02e0be03d
../foodsg-233\whole wheat\MWXH05857N3RPH9CPRA4C42Q.jpg,whole wheat,all,43297158c2bab92e971c349531da1cb9,fdb5c2c02e0be03d
../foodsg-233\Soto ayam\WV4LS9RS165MKSY733OEVPKA.jpg,Soto ayam,all,43505fd08abedb68663793d1ba08c311,bff095d058c3c29a
../foodsg-233\Mee soto\8GH68S8I6AOVBLJ55OSKQTPJ.jpg,Mee soto,all,43505fd08abedb68663793d1ba08c311,bff095d058c3c29a
"../foodsg-233\Bee hoon, soto\TXX0Z7TAETFA937IT8RP2Y3V.jpg","Bee hoon, soto",all,43505fd08abedb68663793d1ba08c311,bff095d058c3c29a
../foodsg-233\Kway Teow\PR5L5BD7C428RIXTFITVFGTJ.jpg,Kway Teow,all,43d96d6b84fa3db9af471c07edfb74cf,fa3da07094e3acd2
../foodsg-233\chai tow kuay\K7N83TKZUU8FEOXM6Z1X5N6Z.jpg,chai tow kuay,all,43d96d6b84fa3db9af471c07edfb74cf,fa3da07094e3acd2
"../foodsg-233\Rice, with dakgalbi\881KWWLGYUN2AACMYYCP7QCI.jpg","Rice, with dakgalbi",all,43ebb4231759123538788c91a10076b7,850e1e317d616ba7
"../foodsg-233\Rice, korean bulgogi beef\T0VJS81M8RH472D8TW3ZDMX4.jpg","Rice, korean bulgogi beef",all,43ebb4231759123538788c91a10076b7,850e1e317d616ba7
../foodsg-233\sliced fish soup\Q46R2O0CDS880NLZC91PIU4W.jpg,sliced fish soup,all,43f9f22e7beb6a723e5381702e1e0d94,ab939468d2b6cc53
../foodsg-233\vegetable soup\81BY42V2OU4LUMUZL902BU0E.jpg,vegetable soup,all,43f9f22e7beb6a723e5381702e1e0d94,ab939468d2b6cc53
../foodsg-233\Mee rebus\MKHYOGYVZSL9Q9S071003PKD.jpg,Mee rebus,all,440b0b50c4b7f68d55f5553285782a02,bfa0c081c79f1bc6
../foodsg-233\Mee bandung\3CVZ08K70XJQVGHS74EZKZ9N.jpg,Mee bandung,all,440b0b50c4b7f68d55f5553285782a02,bfa0c081c79f1bc6
../foodsg-233\whole grain bread\BZOHD4I6OXEMKH7T1FJKCNW1.jpg,whole grain bread,all,4435074c71e6267882c4b4d310661373,8fe368856f85427c
../foodsg-233\whole wheat\68LIFHCESHHXR7U33WE04595.jpg,whole wheat,all,4435074c71e6267882c4b4d310661373,8fe368856f85427c
../foodsg-233\Fried Noodles\6OXGO3C8M4V06SH3CT8KUBQD.jpg,Fried Noodles,all,446afd82a60de4ed1bca1992a3e896ed,fd1f4100546ead3b
"../foodsg-233\Mee siam, fried\H41O0I6HO71AEVGIR16YSB91.jpg","Mee siam, fried",all,446afd82a60de4ed1bca1992a3e896ed,fd1f4100546ead3b
../foodsg-233\drunken prawn\DIK8U63KO4LMYJ8UUUIZXH74.jpg,drunken prawn,all,446f4ac836a0f868ea8e2c1ab3141f53,a3f89e0b1c6d58a9
../foodsg-233\fried prawn\UFRGLWABY6OLBMQYM0T6YSQA.jpg,fried prawn,all,446f4ac836a0f868ea8e2c1ab3141f53,a3f89e0b1c6d58a9
../foodsg-233\Fruit juice\GWFJBZIWAIDQTWRZY3X5IZYP.jpg,Fruit juice,all,447598d870cb667e418e0e7675ba0c48,b8d1669e6d12e1b2
../foodsg-233\passion fruit\K62XMGUQPHQIZP533PBURX0J.jpg,passion fruit,all,447598d870cb667e418e0e7675ba0c48,b8d1669e6d12e1b2
../foodsg-233\Hor Fun\UYBRBEY7I9EDVBWMA4CE5YF7.jpg,Hor Fun,all,4495281522566c8c8a06a46b144a3c58,80a15fb45b447f1e
../foodsg-233\Kway Teow\997U6H0IEUUYTNXVUJP0WG40.jpg,Kway Teow,all,4495281522566c8c8a06a46b144a3c58,80a15fb45b447f1e
../foodsg-233\Mee soto\I74ZIEV8MIDF4VJ2C3OYXUOV.jpg,Mee soto,all,44cd7cca5104ff33670b0ee2a5534e60,d0506a517de827e7
../foodsg-233\Soto ayam\X521G15I4TGTONOMG2PVN9ZQ.jpg,Soto ayam,all,44cd7cca5104ff33670b0ee2a5534e60,d0506a517de827e7
../foodsg-233\Pomelo\9UD79DU6FXM1XKJV4OP3A96O.jpg,Pomelo,all,44d76d9744d03a67354f9957e2ba32e2,aac1950edacbd919
../foodsg-233\Grapefruit\E7K5KZDJCWF7DGC1WUC2JYAI.jpg,Grapefruit,all,44d76d9744d03a67354f9957e2ba32e2,aac1950edacbd919
../foodsg-233\Chinese fritters\7VI27GNS9NKBVD300U5872XW.jpg,Chinese fritters,all,452b6ff6ea16cf1ac11d216112b634ab,bbd5be9309786058
../foodsg-233\fried prawn\WWJ4QKD58V9VXT7P9P7KHNSN.jpg,fried prawn,all,452b6ff6ea16cf1ac11d216112b634ab,bbd5be9309786058
../foodsg-233\Mee kuah\RJL8R39ML00RZW4EGU30YB5I.jpg,Mee kuah,all,45734835e295f1cf58d6fae23c806dcd,e057159ec3e85e31
../foodsg-233\Mee bandung\QYWJR0NQGJSCSL6NASLVGX2B.jpg,Mee bandung,all,45734835e295f1cf58d6fae23c806dcd,e057159ec3e85e31
../foodsg-233\Mee rebus\1K4KNHIZ8SKUBJSY8ASMVXD4.jpg,Mee rebus,all,45734835e295f1cf58d6fae23c806dcd,e057159ec3e85e31
../foodsg-233\kueh lapis baked\03BYW4ALC105T1U2DK0T345J.jpg,kueh lapis baked,all,457cba6f38be3e0c3bf7231dc23d96b0,b067c89e333c5933
../foodsg-233\tiramisu\KR7HOAC7BDHEUDQCBTDVT5OG.jpg,tiramisu,all,457cba6f38be3e0c3bf7231dc23d96b0,b067c89e333c5933
../foodsg-233\Mee siam\XLDX9KX6CSDD0OHQ4ETYF69L.jpg,Mee siam,all,45ab0ae4870df786ec6e38eb43a47598,d6e979b04b656164
"../foodsg-233\Mee siam, fried\42NEOBGO6QE0O8VGB7KQQ1DV.jpg","Mee siam, fried",all,45ab0ae4870df786ec6e38eb43a47598,d6e979b04b656164
../foodsg-233\whole wheat\I7B6AR2TCLCUV0N97TEISSEO.jpg,whole wheat,all,4601acb61cbdc710e98f2973418d4b33,a1c9ad74c8ad646e
../foodsg-233\whole grain bread\H76BM0M0MX38BTS8C7DLTB8S.jpg,whole grain bread,all,4601acb61cbdc710e98f2973418d4b33,a1c9ad74c8ad646e
../foodsg-233\whole wheat\D4MEKOPV2ZB5GAUT6PFOUSP0.jpg,whole wheat,all,46086ed4292e8f9f8d42c38e0c32ba52,cd123cc9334fe30e
../foodsg-233\whole grain bread\A5PI0XJSBQUVWT6M74LBUKE6.jpg,whole grain bread,all,46086ed4292e8f9f8d42c38e0c32ba52,cd123cc9334fe30e
../foodsg-233\Mee soto\29NG8JQ00ZBZJE8DNIQO2OHX.jpg,Mee soto,all,461c31a6809f3a4c2b4e9e52f49ca3eb,d546f38bc80d53cc
../foodsg-233\Soto ayam\UY8SSC0QUDF54RQV0DWME9PO.jpg,Soto ayam,all,461c31a6809f3a4c2b4e9e52f49ca3eb,d546f38bc80d53cc
../foodsg-233\Soto ayam\43C7EOSJ4DRXR6U53RB2SHBY.jpg,Soto ayam,all,462eaac5b994b3025d3d8c459dc3e771,d7e980e30f844f93
../foodsg-233\Mee soto\0BMLZ4WU7TA7X0CAJAJPFX7I.jpg,Mee soto,all,462eaac5b994b3025d3d8c459dc3e771,d7e980e30f844f93
../foodsg-233\whole oats\UGGLC5GVFJEA6SHXKO9URE3M.jpg,whole oats,all,468072aebea7b5cdb6ef6293e6fa716d,d6d1a6a8aa4a5c37
../foodsg-233\breakfast cereal\164R7U6M1MHONW0IFR41QV8Z.jpg,breakfast cereal,all,468072aebea7b5cdb6ef6293e6fa716d,d6d1a6a8aa4a5c37
"../foodsg-233\Bee hoon, goreng\OYFOMS4QBADT2Z9TGG67VAED.jpg","Bee hoon, goreng",all,46bdcd44312f4dbe93bd33c4efa24d95,afb4b5c23262b1e4
"../foodsg-233\Bee hoon, soto\LUIG52DIIMJUVY5B1AZY5SH8.jpg","Bee hoon, soto",all,46bdcd44312f4dbe93bd33c4efa24d95,afb4b5c23262b1e4
../foodsg-233\bee hoon\WN5AYMB5VDBAJ52X49LG32KN.jpg,bee hoon,all,4704b84f814b671034d330f079299087,e45791fa29f06a8a
"../foodsg-233\Bee hoon, goreng\OZNTUAT3N7DKEGME04YQLAWX.jpg","Bee hoon, goreng",all,4704b84f814b671034d330f079299087,e45791fa29f06a8a
../foodsg-233\Mee soto\OW27Y6RVI9IGOS6YV9KMO8QN.jpg,Mee soto,all,470b9dc4a235045e74878eb651881c4d,eef0949dc99349a1
../foodsg-233\Soto ayam\92407S9J71PJL7CZZZHGQDH1.jpg,Soto ayam,all,470b9dc4a235045e74878eb651881c4d,eef0949dc99349a1
../foodsg-233\bee hoon\LMKQ68DSSBG1IVEEFM01SMSX.jpg,bee hoon,all,470d5fdc1b39d1b1ff4180312017041b,bf0078d3139c9f61
"../foodsg-233\Bee hoon, goreng\9IEQ3F3HH8UGQ5PG9VJ32XXO.jpg","Bee hoon, goreng",all,470d5fdc1b39d1b1ff4180312017041b,bf0078d3139c9f61
../foodsg-233\sliced fish soup\5OOKHBCQ071X8QDJBLYSXV26.jpg,sliced fish soup,all,470e0a282ecbd7d86301ef1b33b2849f,827a17e595595a65
../foodsg-233\Seafood Noodles Soup\YLX0P6YUH04ON1II53SQ2ZTU.jpg,Seafood Noodles Soup,all,470e0a282ecbd7d86301ef1b33b2849f,827a17e595595a65
../foodsg-233\chai tow kuay\ECELTZNQLOUK5F1MQLDJE5O6.jpg,chai tow kuay,all,4713c94b38ab93af74f19ca041c722a9,f0c1f42ddaa28dc6
../foodsg-233\oyster omelette\F50FBIYFDXBA3TIGLALRDP4H.jpg,oyster omelette,all,4713c94b38ab93af74f19ca041c722a9,f0c1f42ddaa28dc6
../foodsg-233\lontong\5I9UD9O00RT79RDLLWH0JXQA.jpg,lontong,all,4734f034ca7f2a5131d03398e709093e,e89181d655dacdd8
../foodsg-233\Lontong with sayur lodeh\1KMWZU71B4GV4KCDHGIZFKEG.jpg,Lontong with sayur lodeh,all,4734f034ca7f2a5131d03398e709093e,e89181d655dacdd8
../foodsg-233\strawberry\IGNAPLSV1GHEFC3DSDI7UI86.jpg,strawberry,all,477067265532b08e91bb9941248ef64a,beb0e14b943cdb30
../foodsg-233\Apple\EKSGGBDHSXRRH1HR4RB8VDZ0.jpg,Apple,all,477067265532b08e91bb9941248ef64a,beb0e14b943cdb30
../foodsg-233\whole grain bread\AL5JS0EFJJPZYEA13DQSUE24.jpg,whole grain bread,all,479364f75e45fa57362ca5b72de24361,bfd2f63220ccc9c1
../foodsg-233\whole wheat\51IHY2D56WSPZYHHR60JPGLT.jpg,whole wheat,all,479364f75e45fa57362ca5b72de24361,bfd2f63220ccc9c1
../foodsg-233\fried prawn\01OSGEH9UU5UU5KXEPVF7D47.jpg,fried prawn,all,47aa80a08346680a44c3b31b439a74e0,a817636897df283a
../foodsg-233\drunken prawn\LJGTX2OY59861AQV2UEPSKJC.jpg,drunken prawn,all,47aa80a08346680a44c3b31b439a74e0,a817636897df283a
../foodsg-233\Seafood Noodles Soup\Q4EC00RA11OPT2Y1TF2TS0PQ.jpg,Seafood Noodles Soup,all,47ee7bb975cc94d52dca0292b215f2aa,d1e25a714bd06dc3
../foodsg-233\sliced fish soup\E5U7V0CHL1WAB64LEPKB16QN.jpg,sliced fish soup,all,47ee7bb975cc94d52dca0292b215f2aa,d1e25a714bd06dc3
../foodsg-233\Mee bandung\I3Z1A67O6EZ9FJZZKU46OYV3.jpg,Mee bandung,all,47f5a986415e55c624bd5b5842e1fb89,9a6785547ad9414f
../foodsg-233\Mee rebus\4LH5JZ49VTKV8MNSVPUAGFVR.jpg,Mee rebus,all,47f5a986415e55c624bd5b5842e1fb89,9a6785547ad9414f
../foodsg-233\lontong\2P4AAUKPJN8I0OMGJ4OQNYQD.jpg,lontong,all,48253701ebd43633ca54cf6199b1da8a,d23ac6e611cd45b3
../foodsg-233\Lontong with sayur lodeh\2NSDKGU0IIPI9GDJBGS03YAS.jpg,Lontong with sayur lodeh,all,48253701ebd43633ca54cf6199b1da8a,d23ac6e611cd45b3
../foodsg-233\Soto ayam\3TTMTU9M8H473PQMCDIFFXE3.jpg,Soto ayam,all,4838916360324bb450f35b7e219b9d4a,899f971c182b6aae
../foodsg-233\Mee soto\VZIMGO2GLPQLZBZINQ8EE1W9.jpg,Mee soto,all,4838916360324bb450f35b7e219b9d4a,899f971c182b6aae
../foodsg-233\Fish Ball Noodles\2XNGBPBOPOH975ZP7RZWFFR7.jpg,Fish Ball Noodles,all,48441ec1061e141a35cb3b6da6348cf1,f9909c5cb0dac66c
../foodsg-233\mee pok\PE85GD9KE7SW4K4B0T44KDYT.jpg,mee pok,all,48441ec1061e141a35cb3b6da6348cf1,f9909c5cb0dac66c
../foodsg-233\Soto ayam\Q71SEAO2YEGIJHNUAHYKHDRI.jpg,Soto ayam,all,48486bf282ae85b9e82632f474905c23,bbb3b4c0d1c3c09e
../foodsg-233\Mee soto\W6H5RNLEUYC1NG8TBD412VKM.jpg,Mee soto,all,48486bf282ae85b9e82632f474905c23,bbb3b4c0d1c3c09e
../foodsg-233\Mee kuah\T5FAY4KB63PN8Q1BWP4MR2X5.jpg,Mee kuah,all,4854110e997db631f97fb4e3c18b9981,f2a6c95dd5584195
../foodsg-233\Mee bandung\H7I27ASXTTAUEET0PETLLQUS.jpg,Mee bandung,all,4854110e997db631f97fb4e3c18b9981,f2a6c95dd5584195
../foodsg-233\sliced fish soup\2MHS3CMW6G4WUGS34O8E4EU4.jpg,sliced fish soup,all,4859fdc1e75d3147e4991c7b3fcc45f3,f776d089416319ec
"../foodsg-233\Bee hoon, soto\67O4YH3QQKYAFARNCXJC142G.jpg","Bee hoon, soto",all,4859fdc1e75d3147e4991c7b3fcc45f3,f776d089416319ec
../foodsg-233\whole wheat\ABZXV69AWSTJ06UWR640X767.jpg,whole wheat,all,486cbf42bd87fae952260e9eb2f7919d,eaca952d91acc333
../foodsg-233\whole grain bread\3GAAD06JFUBBJCMNEODPB6RS.jpg,whole grain bread,all,486cbf42bd87fae952260e9eb2f7919d,eaca952d91acc333
../foodsg-233\Lontong with sayur lodeh\5Z9NHMTE1CYN6X5EBG60PHXS.jpg,Lontong with sayur lodeh,all,48706585e43aae7d97e3cd8a7bc9e0bb,f4b1cb9dc8642cb4
../foodsg-233\lontong\3AYWM63UFS610CCRZXK1CN4B.jpg,lontong,all,48706585e43aae7d97e3cd8a7bc9e0bb,f4b1cb9dc8642cb4
../foodsg-233\chicken soup\OYZTDH7RZB47XEU531I0O99M.jpg,chicken soup,all,488dcee038071c2b21e9eb1002cd9de2,dfa96a9569923491
../foodsg-233\cream soup\4S6GAIMQUA1FJ7Y5CJVFN7PF.jpg,cream soup,all,488dcee038071c2b21e9eb1002cd9de2,dfa96a9569923491
../foodsg-233\Duck Rice\X4P6F675NR9ND5ZZVAW2Y1FM.jpg,Duck Rice,all,49053b253aa9b8f421fcf96e78d55524,fbd59c4d704ac22c
../foodsg-233\kway chap\UGKIFC4U1ZLO2LGCSHTN5N8F.jpg,kway chap,all,49053b253aa9b8f421fcf96e78d55524,fbd59c4d704ac22c
../foodsg-233\Mee bandung\BZCFHVJQ6VFSHJY0TBD6YKKK.jpg,Mee bandung,all,490959c833b75ed28253226d7079a987,ff92e81d28c4a1a7
../foodsg-233\Mee kuah\736L9E3BLMWGQCBCXMBMHOR7.jpg,Mee kuah,all,490959c833b75ed28253226d7079a987,ff92e81d28c4a1a7
../foodsg-233\Mee bandung\PGI1OH0JOWXODBNNI2XQE7GB.jpg,Mee bandung,all,4922ecf88e52ede3ac1f8800cca54271,9af164ee3aa2d6c0
../foodsg-233\Mee kuah\HX3UVQ6MA0PMKH5MKV5KJP30.jpg,Mee kuah,all,4922ecf88e52ede3ac1f8800cca54271,9af164ee3aa2d6c0
../foodsg-233\vegetable soup\9YOLM74XG1TZKBQTWH1GL8KK.jpg,vegetable soup,all,494f936f1cdbe80ab319c98226f3ebca,c0c17b0f780fcb39
../foodsg-233\chicken soup\PUULN9CR8STNLIWCUGRBVXXX.jpg,chicken soup,all,494f936f1cdbe80ab319c98226f3ebca,c0c17b0f780fcb39
../foodsg-233\orange\WAA3ZOVQXQL0SJ2TEU0ZMC1C.jpg,orange,all,49606a5f422efe18bf51f1240bf2c034,fb90b14fc53e9061
../foodsg-233\Grapefruit\YQ0OK1J9NUWQ4ZWGMRYIKBW2.jpg,Grapefruit,all,49606a5f422efe18bf51f1240bf2c034,fb90b14fc53e9061
../foodsg-233\mee pok\PIWZUEVLKT06Z3TGX7BTX61I.jpg,mee pok,all,496f7ee4bec671eebbbbaf39db8e554a,bf9cd0c5c035a972
../foodsg-233\bak chor mee\RNEKOEDFDHBEU7R31IC4AWVW.jpg,bak chor mee,all,496f7ee4bec671eebbbbaf39db8e554a,bf9cd0c5c035a972
../foodsg-233\Mee soto\37DOR9UEMBU7QGQQ0GN7MBYT.jpg,Mee soto,all,49976dcb6b0a7ca150e8ed21ad6b55e2,c6f0a68d8143bde5
../foodsg-233\Soto ayam\5SC8S8T4GBLBMQPZHOMQ0SHJ.jpg,Soto ayam,all,49976dcb6b0a7ca150e8ed21ad6b55e2,c6f0a68d8143bde5
../foodsg-233\sliced fish soup\H2BZWI67K6MJ2WL6FY3ATTLE.jpg,sliced fish soup,all,49cd07f13cfc88454f7ee1d0cc4c81d2,eb9449d896e17325
../foodsg-233\Seafood Noodles Soup\99L2819PI1WY3EDRICFDMFT7.jpg,Seafood Noodles Soup,all,49cd07f13cfc88454f7ee1d0cc4c81d2,eb9449d896e17325
../foodsg-233\whole grain bread\20GDV0DBOMSOIWMZUXVXOQG2.jpg,whole grain bread,all,49d1abcc457da7e0855d6c4a702cfba6,eec94cb7da31c02c
../foodsg-233\whole wheat\4I0M1TSBITW6ZS7I9LEDW7YW.jpg,whole wheat,all,49d1abcc457da7e0855d6c4a702cfba6,eec94cb7da31c02c
../foodsg-233\whole wheat\K4SUDSCG2SJLIWNAC9EXDVFO.jpg,whole wheat,all,49e30ed694e65e5963dcfbea5821a502,cd3a60ff4a374870
../foodsg-233\whole grain bread\DZ020FF6RWDBEWPBIBVZACFC.jpg,whole grain bread,all,49e30ed694e65e5963dcfbea5821a502,cd3a60ff4a374870
../foodsg-233\whole wheat\AJGBTVXXDPHRUO4VWRXDVYW4.jpg,whole wheat,all,4a093fe9921ba7b5b5a990b71d51ae6b,bbb7d06881c296cd
../foodsg-233\whole grain bread\MVC2V6JVS5EUZLZZL0L321Q2.jpg,whole grain bread,all,4a093fe9921ba7b5b5a990b71d51ae6b,bbb7d06881c296cd
../foodsg-233\whole wheat\RYQ3FHQCBTKGMNJF0OI4ZU21.jpg,whole wheat,all,4a2d4a254293fe99443df96b018793f4,caca17bd4c986335
../foodsg-233\whole grain bread\U3Z7PO42ZIPQ4YE7HNRACMJU.jpg,whole grain bread,all,4a2d4a254293fe99443df96b018793f4,caca17bd4c986335
../foodsg-233\Laksa\Y760TQ39Y4PBDRGI490LALEY.jpg,Laksa,all,4a47040a5735061a24a6570d66cf3cfa,f8608f1f95689d25
../foodsg-233\Mee rebus\CE0OB8PYNKLC48W68V20LGTZ.jpg,Mee rebus,all,4a47040a5735061a24a6570d66cf3cfa,f8608f1f95689d25
../foodsg-233\Seafood Noodles Soup\LX56EAT15IKGYATNO2ULHNYV.jpg,Seafood Noodles Soup,all,4a71e2594b78d354a61db8b338e35915,d7b944dd3a7230c2
../foodsg-233\Ban Mian\KOM92N8OH4YWZWWS2T34M5IJ.jpg,Ban Mian,all,4a71e2594b78d354a61db8b338e35915,d7b944dd3a7230c2
"../foodsg-233\Bee hoon, goreng\WKCSAHNND82F2KB5H6ASTS6K.jpg","Bee hoon, goreng",all,4abc8a9a670b235f47592f684469c952,88afee970970b958
"../foodsg-233\Mee siam, fried\BYO29PD6P0CARBAQ21FDTB2M.jpg","Mee siam, fried",all,4abc8a9a670b235f47592f684469c952,88afee970970b958
../foodsg-233\Duck Rice\BJF1H1SEUETPOABR7FRBTP0A.jpg,Duck Rice,all,4ace801da91ac63d67a4e9e11d0688a1,bfd0d40dc32e0f34
../foodsg-233\yam rice\5T5DN5MSQUED7WY7D244918R.jpg,yam rice,all,4ace801da91ac63d67a4e9e11d0688a1,bfd0d40dc32e0f34
../foodsg-233\whole grain bread\H4U7RUBU4TP4IW4FVINDNPVM.jpg,whole grain bread,all,4aea0082c64580a1900df4d95da02a5d,be9949138d6db831
../foodsg-233\whole wheat\4OISEEAN4C9OGRD9MFQL17JC.jpg,whole wheat,all,4aea0082c64580a1900df4d95da02a5d,be9949138d6db831
../foodsg-233\Mee siam\IJ6FUPMI49Z3JW53D8NC33DV.jpg,Mee siam,all,4aff715775c1565e389629d84ec79b81,95b8cd8390c78d9b
"../foodsg-233\Mee siam, fried\O9OOEY0W7Y0OOPTZNSDQZ7MU.jpg","Mee siam, fried",all,4aff715775c1565e389629d84ec79b81,95b8cd8390c78d9b
../foodsg-233\rock melon\TPQIBNE9EJ3IWI41DIU8Y7PK.jpg,rock melon,all,4b03e9eeca9e98aa4af961da345f251b,eb9294cd9234cf32
../foodsg-233\honeydew\BFLBKGYIQNQM4VM386192HFT.jpg,honeydew,all,4b03e9eeca9e98aa4af961da345f251b,eb9294cd9234cf32
../foodsg-233\Mee kuah\FZE9XRUPGGD28P2B59FQT7PN.jpg,Mee kuah,all,4b251f6c6f569c2d8f83d6199bb1e59f,fa4534d0a19b93d6
../foodsg-233\Mee bandung\3AIHJISU526CJGWU8MXGI5UK.jpg,Mee bandung,all,4b251f6c6f569c2d8f83d6199bb1e59f,fa4534d0a19b93d6
../foodsg-233\Kway Teow\K5ETVA4PL4UEW2504KC8DT0X.jpg,Kway Teow,all,4b3ee7a0c2712753e624c800c9294fb7,aaceb273a49d2199
../foodsg-233\chai tow kuay\S6C0LQH41WS9TRVB74BRTCQF.jpg,chai tow kuay,all,4b3ee7a0c2712753e624c800c9294fb7,aaceb273a49d2199
../foodsg-233\vegetable soup\SO6IM3UZTR7OJ38CJLTJ0MNV.jpg,vegetable soup,all,4b3febc0c4bafb5b534793e0910f1c16,bfa0718272956d93
../foodsg-233\tom yum noodle soup\HDYSV2PX3V2312R42VV1VS5T.jpg,tom yum noodle soup,all,4b3febc0c4bafb5b534793e0910f1c16,bfa0718272956d93
../foodsg-233\mushroom soup\PNHJBAJ386CPZK4JOO0DUJCH.jpg,mushroom soup,all,4b66268a59cc2f6ff4ab2e365dd7463e,d3c238d76189366d
../foodsg-233\cream soup\MF5KA1STPQIXG64FSZ1QNNDB.jpg,cream soup,all,4b66268a59cc2f6ff4ab2e365dd7463e,d3c238d76189366d
../foodsg-233\whole wheat\3Y2T8GF030UC7886JXY3WS8J.jpg,whole wheat,all,4b9df7f7f1ccc7e25bc1e81bdb516494,ecb5ef9242cb0549
../foodsg-233\whole grain bread\53W8AVVAOYU16LV69JS7Z8UH.jpg,whole grain bread,all,4b9df7f7f1ccc7e25bc1e81bdb516494,ecb5ef9242cb0549
../foodsg-233\Soto ayam\7LCTU7VIT5UJF0JHN7V0TAQ0.jpg,Soto ayam,all,4bb9927b6d2f7a3a9e9cc9302dc2873a,9bc405831f4b7c73
../foodsg-233\Mee soto\EDZGSQQTDRR75NYG58TNN1TJ.jpg,Mee soto,all,4bb9927b6d2f7a3a9e9cc9302dc2873a,9bc405831f4b7c73
../foodsg-233\char siew pau\VD27I43SSBK3J4Q17BTNO5K7.jpg,char siew pau,all,4be78d419a3f27efa838506ce29a11e2,c5901ae56bd12dda
../foodsg-233\steamed buns\REJK22MO9KFZQ5ZSUJQYTWCU.jpg,steamed buns,all,4be78d419a3f27efa838506ce29a11e2,c5901ae56bd12dda
../foodsg-233\Ban Mian\VOND9C9IPIVP1QWGRU44OCBV.jpg,Ban Mian,all,4c3db4dd50aaf401a06acd54c1f3ea37,eacad6c689853d91
../foodsg-233\Seafood Noodles Soup\UNX6IEB8UEQ4U63PVIWG6ARS.jpg,Seafood Noodles Soup,all,4c3db4dd50aaf401a06acd54c1f3ea37,eacad6c689853d91
../foodsg-233\whole grain bread\5P1S0I5OWDN2HT9CH5JN3TYB.jpg,whole grain bread,all,4c4247e810278936855773a23f60d0cb,8afa3d8070c9dacb
../foodsg-233\whole wheat\S6GE51OFYJ09NVDYCLLV5GIK.jpg,whole wheat,all,4c4247e810278936855773a23f60d0cb,8afa3d8070c9dacb
../foodsg-233\Lontong with sayur lodeh\YWJOTP890KRN7MM0TQKU2VGW.jpg,Lontong with sayur lodeh,all,4c712d83c446a4b21f3f45f7b57dc919,80d51f1f68389f63
../foodsg-233\lontong\72CLL5FYMX06E3HLRO0B5183.jpg,lontong,all,4c712d83c446a4b21f3f45f7b57dc919,80d51f1f68389f63
../foodsg-233\satay\WBUYFKQNOOU2UTDO9NU5S1W7.jpg,satay,all,4c76dc8671fc8d156e4075ee41b27591,fd1703f8330f30c3
../foodsg-233\jackfruit\COHKGWHNYUY4BVNUZXDJ5A1P.jpg,jackfruit,all,4c76dc8671fc8d156e4075ee41b27591,fd1703f8330f30c3
"../foodsg-233\Bee hoon, goreng\2B97IHE6STRFSOSIE3K8JD38.jpg","Bee hoon, goreng",all,4c7c7689b8b7bd7701afc14952ea5d57,f76c84f15ac42d61
../foodsg-233\bee hoon\702S52EKYZ69E7SACLJ6WQAG.jpg,bee hoon,all,4c7c7689b8b7bd7701afc14952ea5d57,f76c84f15ac42d61
../foodsg-233\Soto ayam\LZX3XGBLWYAREUPLB6O6X9TM.jpg,Soto ayam,all,4c8b8b256a10f2929423e287ea67a925,da341ba3a1c3cf4a
../foodsg-233\Mee soto\JTABRQ61A20QIWOKWLTFMB88.jpg,Mee soto,all,4c8b8b256a10f2929423e287ea67a925,da341ba3a1c3cf4a
../foodsg-233\yam rice\CO51YD8GAZ9MODCDVS79SEA5.jpg,yam rice,all,4cbb36dce9277f2f48744289f7390713,f1581d6875850adf
../foodsg-233\Duck Rice\UTJP4412F2RGJC2BS8XDPPCN.jpg,Duck Rice,all,4cbb36dce9277f2f48744289f7390713,f1581d6875850adf
../foodsg-233\whole grain bread\3C129JCDVRV70P7OXBLRKCYG.jpg,whole grain bread,all,4cc844b6a3d42553b6959c0499ba6bb7,aec72503b98f505d
../foodsg-233\whole wheat\8YFYAT8K1SPC5KRPCMFQJYAS.jpg,whole wheat,all,4cc844b6a3d42553b6959c0499ba6bb7,aec72503b98f505d
../foodsg-233\Mee soto\O67Z565FG1PR6ZO72EB22BVN.jpg,Mee soto,all,4d1bed87608344b1022ed28f000c3986,b1dec270917f1538
../foodsg-233\Soto ayam\371A55NKX30IW8WQSF0D16YH.jpg,Soto ayam,all,4d1bed87608344b1022ed28f000c3986,b1dec270917f1538
../foodsg-233\dumpling\S6Q51FI7767V9PVKL5ABI6CL.jpg,dumpling,all,4d245c7f6a33ca79ca2376b4033296b3,ad48c02f6afdecc0
../foodsg-233\mixed vegetables\60WTS7HDSHIJF0KKZ2E74XYD.jpg,mixed vegetables,all,4d245c7f6a33ca79ca2376b4033296b3,ad48c02f6afdecc0
../foodsg-233\vegetable soup\NAU20XVOR7FRYODYPRA7AUXD.jpg,vegetable soup,all,4d245c7f6a33ca79ca2376b4033296b3,ad48c02f6afdecc0
../foodsg-233\Mee soto\8HK05WGCHV2DPU7DLW9E20WQ.jpg,Mee soto,all,4d263d484c05346e5e7ac8c5783730c9,df544aa72535063b
../foodsg-233\Soto ayam\NY3D8LTH5MCBBJ0Z3BRHWUVE.jpg,Soto ayam,all,4d263d484c05346e5e7ac8c5783730c9,df544aa72535063b
../foodsg-233\Fried Noodles\QRCE616YASB5FAS40852H1R5.jpg,Fried Noodles,all,4d35a54b584e89c96b4e94c556f56425,ee3892c87417ad66
../foodsg-233\bee hoon\FT17NJQNJKGWKP196FQ3Q8FQ.jpg,bee hoon,all,4d35a54b584e89c96b4e94c556f56425,ee3892c87417ad66
../foodsg-233\whole grain bread\J5F4VA2N1KFMXK7XHHGWGVME.jpg,whole grain bread,all,4d3f2e82a32510a8c59600f5576f8b29,cfb0806c37799ce4
../foodsg-233\whole wheat\5EW24Q40P5Y4FJV6OEJCY2A0.jpg,whole wheat,all,4d3f2e82a32510a8c59600f5576f8b29,cfb0806c37799ce4
../foodsg-233\oyster omelette\BUL5ICCZ3HDISMX7SO562RA2.jpg,oyster omelette,all,4d51027395f43958d3d53cbe98dd6b79,bfc8e480d105df95
../foodsg-233\chai tow kuay\G6C8L1VVEPYHH8WPC6OLMQUE.jpg,chai tow kuay,all,4d51027395f43958d3d53cbe98dd6b79,bfc8e480d105df95
"../foodsg-233\Rice, with dakgalbi\K70LINAWPM5H0L5EEWCP3G82.jpg","Rice, with dakgalbi",all,4d702905a88453ffa5c099750b635678,8a4e2aeccde0561f
../foodsg-233\fried prawn\DZTSRPNWSFKCE1K7U71M4FKE.jpg,fried prawn,all,4d702905a88453ffa5c099750b635678,8a4e2aeccde0561f
"../foodsg-233\Mee siam, fried\G07A93RIO4Z7SP7M2REWDGO6.jpg","Mee siam, fried",all,4daaa22e37c7fd446f727e5c23c65c97,86c6b1d8334b26d7
../foodsg-233\Mee siam\R0ZV17W500KBL5LVKC9PLZFC.jpg,Mee siam,all,4daaa22e37c7fd446f727e5c23c65c97,86c6b1d8334b26d7
../foodsg-233\Sweets\NMHUMVDVMXYHG2LJSXFPL5AF.jpg,Sweets,all,4db2da813e2a7ecf1794dae4459ea303,e4ce30999b6564b6
../foodsg-233\Chocolate\2P4884F7S05CQOS0PEIYFRW8.jpg,Chocolate,all,4db2da813e2a7ecf1794dae4459ea303,e4ce30999b6564b6
../foodsg-233\Pomelo\B1SGF05RFPNJHDH4PR1TNQ3P.jpg,Pomelo,all,4dc7123222e71fad3e228acd49497cbd,b3ce99642933cc99
../foodsg-233\Grapefruit\PZ52X27OWQ3MZEJROHVTLUXX.jpg,Grapefruit,all,4dc7123222e71fad3e228acd49497cbd,b3ce99642933cc99
../foodsg-233\Pomelo\2ZXSKGWSMC1OYGRQEFLTC0N8.jpg,Pomelo,all,4dd5f6f637ac5eb0bf415df4511d2ffc,e885c79a9a63751c
../foodsg-233\Grapefruit\S8ZKVKRMQ49N25UOGBGUKWY1.jpg,Grapefruit,all,4dd5f6f637ac5eb0bf415df4511d2ffc,e885c79a9a63751c
"../foodsg-233\Bee hoon, soto\8TMA6X6RAXJFP5V2SRP38K5F.jpg","Bee hoon, soto",all,4dd63dfc85148cf63c5b3ba4b1ee179b,93a0b4750aca2f3f
../foodsg-233\bee hoon\K11FFULX69PT9HI4JKUOS7YZ.jpg,bee hoon,all,4dd63dfc85148cf63c5b3ba4b1ee179b,93a0b4750aca2f3f
../foodsg-233\Mee soto\3ZJH8VC9D4D0LQDRY5XLLICG.jpg,Mee soto,all,4de49f78f4ded5828869f65bf0ed737a,dada0b904eb15e53
../foodsg-233\Seafood Noodles Soup\TLI2QH1OZUGK0U0VKARJTLVS.jpg,Seafood Noodles Soup,all,4de49f78f4ded5828869f65bf0ed737a,dada0b904eb15e53
"../foodsg-233\Bee hoon, soto\K99JD1WI027DO0P22FETOT9C.jpg","Bee hoon, soto",all,4de49f78f4ded5828869f65bf0ed737a,dada0b904eb15e53
../foodsg-233\Kway Teow\HUZJF4YZ7J2RTIB2LO2N64UD.jpg,Kway Teow,all,4e4e6b9cf3ef835957ed69cb31ee6b83,f9dea058252a4fa9
../foodsg-233\chai tow kuay\X209583EQNFJRAI8RF9Q848A.jpg,chai tow kuay,all,4e4e6b9cf3ef835957ed69cb31ee6b83,f9dea058252a4fa9
../foodsg-233\fried prawn\Y7LESWB53744YT3F5ZMSLSLS.jpg,fried prawn,all,4e50e291256d1352ef75ea9081e99b0a,aa42d4298879e7db
../foodsg-233\drunken prawn\3UVOMQ9FWKVQOCBRJATA6UHP.jpg,drunken prawn,all,4e50e291256d1352ef75ea9081e99b0a,aa42d4298879e7db
../foodsg-233\steamed buns\EM4R5IVFEB05STQB9HO039NU.jpg,steamed buns,all,4e7216c9f3ff058a587024b996ba7739,ba90b0d9da786927
../foodsg-233\char siew pau\4SMKOQO18DXZ7YWBDVY805WM.jpg,char siew pau,all,4e7216c9f3ff058a587024b996ba7739,ba90b0d9da786927
../foodsg-233\Mee kuah\BWL0B0O4ZVUC9UXHGFTRQ0IR.jpg,Mee kuah,all,4e91f03bebfb9d241c7fae74e64b1004,e8e29d0b8c95e31e
../foodsg-233\Mee rebus\CTTIIF5QDAK3KWBX1N2DERTX.jpg,Mee rebus,all,4e91f03bebfb9d241c7fae74e64b1004,e8e29d0b8c95e31e
../foodsg-233\Mee soto\H8GZORDR8NKHAQBGAFGI6TEV.jpg,Mee soto,all,4ea8b0ba6bcea53bc2b65c14316f3170,805bdf0cfa1e1c9a
"../foodsg-233\Bee hoon, soto\O09P8EEIMR7TZG1XJNP7DAAW.jpg","Bee hoon, soto",all,4ea8b0ba6bcea53bc2b65c14316f3170,805bdf0cfa1e1c9a
"../foodsg-233\Bee hoon, soto\U7VN2UJXS86P1BYE6IJP4MCC.jpg","Bee hoon, soto",all,4ebdecf682366c39f06bacf0e2288796,e7d69551d556c20a
../foodsg-233\bee hoon\6I9Z8FY14CPII57V559K3RH3.jpg,bee hoon,all,4ebdecf682366c39f06bacf0e2288796,e7d69551d556c20a
"../foodsg-233\Rice, korean bulgogi beef\8KN5PM8XBM1XVJ6O8E0H8PQ0.jpg","Rice, korean bulgogi beef",all,4ebf44aa37548c49f14d68631810e89d,ef92b562c5ca15e0
../foodsg-233\cooked brown rice\1442EUAHXNUFA1JZK60K97TT.jpg,cooked brown rice,all,4ebf44aa37548c49f14d68631810e89d,ef92b562c5ca15e0
../foodsg-233\bak chor mee\RMI5H2Y9JOE1M0UNJV5RVZ4V.jpg,bak chor mee,all,4ec313f5253727311de63fa57e13f260,ba66a5c196879ac3
../foodsg-233\mee pok\QG0F5T2YGSORYVLCM2P1N1B4.jpg,mee pok,all,4ec313f5253727311de63fa57e13f260,ba66a5c196879ac3
../foodsg-233\fried rice\KNMT8LJ09VBYCPCSJIDFVCV8.jpg,fried rice,all,4eca4bfd1b136ad8275a7b6c5f3bc0a6,ecba8f8510bc76b0
../foodsg-233\Nasi Ambeng\F4DHDXQSUUKQSIXM3EQ8K6MP.jpg,Nasi Ambeng,all,4eca4bfd1b136ad8275a7b6c5f3bc0a6,ecba8f8510bc76b0
"../foodsg-233\Bee hoon, soto\XDSMABKI2993H0V0WYLM7HWK.jpg","Bee hoon, soto",all,4ed01a1a1a0d82a76e25a492c9c9bfa6,d2c5196a6f9d3426
../foodsg-233\bee hoon\PL58JULNTKAREWT6U6UYHYFZ.jpg,bee hoon,all,4ed01a1a1a0d82a76e25a492c9c9bfa6,d2c5196a6f9d3426
../foodsg-233\Fried Noodles\7Z6YBDATOFRKBZQXDEPVISJO.jpg,Fried Noodles,all,4eecd47412137a64452b8aeb8e335a0c,c2862f54745f62ae
../foodsg-233\Mee goreng\0TFSMUMQLVBIH5CZ3FGJ9N37.jpg,Mee goreng,all,4eecd47412137a64452b8aeb8e335a0c,c2862f54745f62ae
../foodsg-233\cream soup\BSE0X7MUAFZIQAQQY54M9FEU.jpg,cream soup,all,4efbafc5a19412313f5d729bf70d197b,d42c47956896a5de
../foodsg-233\vegetable soup\2URA3Z54YGC8B7GLG352ZYIR.jpg,vegetable soup,all,4efbafc5a19412313f5d729bf70d197b,d42c47956896a5de
../foodsg-233\yogurt\Q72VFE4Y97R6FFR1N14YEKL9.jpg,yogurt,all,4f1085777b9592f52ae31170f880eea0,baeac1b506466cf1
../foodsg-233\parfait\G2NNWQI41VQ2F3ONR3CJO348.jpg,parfait,all,4f1085777b9592f52ae31170f880eea0,baeac1b506466cf1
../foodsg-233\assam pedas\N5FSWWBXK2JY80N6BVBY69G8.jpg,assam pedas,all,4f4b1645590c768817d882b854e1b81d,c5c856836d1d6976
../foodsg-233\fish head curry\U8CYKTLPWHMGT4WEQULSZQGV.jpg,fish head curry,all,4f4b1645590c768817d882b854e1b81d,c5c856836d1d6976
../foodsg-233\Mee siam\RUZR23ZQAVWTB56SZML9XMVN.jpg,Mee siam,all,4f58e7cbbbcf52c51d62133efaf7138f,f4dad51843cd8279
"../foodsg-233\Mee siam, fried\4RDTW4FB33YG6V7V5P6PSPZ0.jpg","Mee siam, fried",all,4f58e7cbbbcf52c51d62133efaf7138f,f4dad51843cd8279
../foodsg-233\Dumpling noodle soup\JG7PQSAASIVQDQLYRG0B19JN.jpg,Dumpling noodle soup,all,4f61f7e16e0df26b8d070919af1117d5,bf82160a66cfc4c7
"../foodsg-233\Wanton mee, dry\DYXIXTXK09WKISNGUR6YX958.jpg","Wanton mee, dry",all,4f61f7e16e0df26b8d070919af1117d5,bf82160a66cfc4c7
../foodsg-233\cream soup\Y7UI6OUENXVL6837H2G1UIRW.jpg,cream soup,all,4f7121777163c30657bf06b4b74e7cf1,8d3de2e2d6921333
../foodsg-233\mushroom soup\5Q3HPC3YXZSWHWJ6CFIYMQEQ.jpg,mushroom soup,all,4f7121777163c30657bf06b4b74e7cf1,8d3de2e2d6921333
"../foodsg-233\Rice, with dakgalbi\O1QH3VNTWAZAZQR1LXZ2N8DE.jpg","Rice, with dakgalbi",all,4f784964936b531cadb878b8b022337f,ba5ac1e4c500aeef
"../foodsg-233\Rice, korean bulgogi beef\EBM90LF73S80G1MRO5COSGL4.jpg","Rice, korean bulgogi beef",all,4f784964936b531cadb878b8b022337f,ba5ac1e4c500aeef
../foodsg-233\Hor Fun\0R3TO0UN2BONXZT846NFUONO.jpg,Hor Fun,all,4f875da641447b75762e36516e61005e,b6d5ebbaa425c086
../foodsg-233\Seafood Noodles Soup\99YP2GRXT5CM5OMG4K6ASRP9.jpg,Seafood Noodles Soup,all,4f875da641447b75762e36516e61005e,b6d5ebbaa425c086
../foodsg-233\bee hoon\RN6E9OTLEMGA2A3IK3YJQ077.jpg,bee hoon,all,4fb9ae5bb500111d49f5651adc0c05a7,e66e45f903811f9a
"../foodsg-233\Mee siam, fried\A1KCTZ2H6WX0S339SE0MOSPY.jpg","Mee siam, fried",all,4fb9ae5bb500111d49f5651adc0c05a7,e66e45f903811f9a
"../foodsg-233\Bee hoon, goreng\OYDRSDSAUWAUDBOQ5O67DB7G.jpg","Bee hoon, goreng",all,4fb9ae5bb500111d49f5651adc0c05a7,e66e45f903811f9a
../foodsg-233\pasta - fettuccine\6DOE32TFXVVTMLXEV51R6JTI.jpg,pasta - fettuccine,all,4fcad165097784d66a0cac41662d2ecd,80c61f5178e3716f
../foodsg-233\pasta - red sauce\C4HLWK8BZ4YIMPIEDY63H378.jpg,pasta - red sauce,all,4fcad165097784d66a0cac41662d2ecd,80c61f5178e3716f
"../foodsg-233\Rice, korean bulgogi beef\FT23V0NQ0FOEUDX5U3FMVI3M.jpg","Rice, korean bulgogi beef",all,4fd1e280c703951160d333ccec12a75d,e2318176362d6d67
"../foodsg-233\Rice, with dakgalbi\TQBDZGD8VQZMRDXZ8AK47SHD.jpg","Rice, with dakgalbi",all,4fd1e280c703951160d333ccec12a75d,e2318176362d6d67
../foodsg-233\whole wheat\U9KEQG9D8WFMS8LOAYKK2P5P.jpg,whole wheat,all,4fd959fb91457b31b3ae059c93fcc2e2,bed7c61289ee9580
../foodsg-233\whole grain bread\8NMJFHIAOVLYDF0IY2WQJMYS.jpg,whole grain bread,all,4fd959fb91457b31b3ae059c93fcc2e2,bed7c61289ee9580
../foodsg-233\Fish Ball Noodles\OF72M6OT8BV70FZNLCGEC0KV.jpg,Fish Ball Noodles,all,502e8a5af99547d80d0978bf80e11dda,bbc2c9a52d6c9255
../foodsg-233\mee pok\GQ7WCMSI0944Y65TBOF7DUXA.jpg,mee pok,all,502e8a5af99547d80d0978bf80e11dda,bbc2c9a52d6c9255
../foodsg-233\chai tow kuay\IUF0LUVXOJJMW82WFTPRA362.jpg,chai tow kuay,all,502ea99b2ccb424c822540bb5c5164ad,f5fe00abaed19482
../foodsg-233\Kway Teow\5H8NDWYE3OJ93YCN8048RQ20.jpg,Kway Teow,all,502ea99b2ccb424c822540bb5c5164ad,f5fe00abaed19482
../foodsg-233\fish head curry\BKY9MYY3Y78VBSD9Q1AVWG55.jpg,fish head curry,all,503cbcb57f28b0921ad63476b9a2066c,9b9e30d69238707b
../foodsg-233\assam pedas\HZ7ZYT7GSMS56TME130YX1WN.jpg,assam pedas,all,503cbcb57f28b0921ad63476b9a2066c,9b9e30d69238707b
"../foodsg-233\Mee siam, fried\H2X0FBHD2BFM88600WFJ8MPU.jpg","Mee siam, fried",all,505f487ee921cb8ec7719cad8763a286,fe002d72daf99584
../foodsg-233\Mee siam\3FZ3PTDTYO4JGPKPWNFEYAEX.jpg,Mee siam,all,505f487ee921cb8ec7719cad8763a286,fe002d72daf99584
../foodsg-233\Soto ayam\BS98LRYAKDAQQ2N7ABX7ZLG7.jpg,Soto ayam,all,506aa40a2366bbb0852c4e1975d86527,e4034f1a2d6974f9
../foodsg-233\Mee soto\OJ9XHRYKCCJ8GTCIWDRQ1J95.jpg,Mee soto,all,506aa40a2366bbb0852c4e1975d86527,e4034f1a2d6974f9
"../foodsg-233\Bee hoon, soto\KZDGV2Z2TGBJG7F8G0WXK8TE.jpg","Bee hoon, soto",all,508524e830a52b8e359e37e4e8d15709,e16dc9b13d646970
../foodsg-233\Mee soto\OWD9A3BFWHUIUO8C05SMR1YR.jpg,Mee soto,all,508524e830a52b8e359e37e4e8d15709,e16dc9b13d646970
"../foodsg-233\Bee hoon, soto\77VENXF5E49O4W4FRKFXKMZU.jpg","Bee hoon, soto",all,50dfd3c23c5bfab8bba3b42973e5cdb7,c0611e607b8367bf
../foodsg-233\bee hoon\3FDRMQNAVW24MZ2HVL5P6LY4.jpg,bee hoon,all,50dfd3c23c5bfab8bba3b42973e5cdb7,c0611e607b8367bf
../foodsg-233\har cheong gai\VAB07FGS2OR853VVV8F3WUHS.jpg,har cheong gai,all,50f0f7c4b415a2f8d2c1f589c79a3fa1,e3ecc290d51fd832
../foodsg-233\chicken wing\LBKXLEPB0DSF6EIJOGZF8MA6.jpg,chicken wing,all,50f0f7c4b415a2f8d2c1f589c79a3fa1,e3ecc290d51fd832
"../foodsg-233\Bee hoon, goreng\HYPN0INVX8FSBEV4FFGFZ8R5.jpg","Bee hoon, goreng",all,510db4e4ca7b931568f7aab19939c10f,eb84979e9c187899
../foodsg-233\bee hoon\ZZ50BE1UA4PZAPGDJE8XQ3PB.jpg,bee hoon,all,510db4e4ca7b931568f7aab19939c10f,eb84979e9c187899
../foodsg-233\Prawn Noodle\O1GJNWX8Z63BU5FELAAVDMMH.jpg,Prawn Noodle,all,5112fa9534a625ae650d67be1ca2c303,fd81f6204ad62cda
../foodsg-233\Lor mee\UXMBXX7HVNPFSGFVHPEMS1TQ.jpg,Lor mee,all,5112fa9534a625ae650d67be1ca2c303,fd81f6204ad62cda
../foodsg-233\Laksa\ZTXZF7EASZODZ35Y9NA0TYBQ.jpg,Laksa,all,51206c438cd5f6e69056e31156afc7be,b707e93f819c4c68
"../foodsg-233\Bee hoon, soto\B0D5HBBQG0EU9ZNNKOX27MPD.jpg","Bee hoon, soto",all,51206c438cd5f6e69056e31156afc7be,b707e93f819c4c68
../foodsg-233\bee hoon\IOW7U57ONKJRUIZGJ74L6IVK.jpg,bee hoon,all,51267f4e24af07f61dc1e27068169d8b,dee86a9623134d9c
"../foodsg-233\Bee hoon, soto\WW0WQUFLXP37ULLZXZJK10A7.jpg","Bee hoon, soto",all,51267f4e24af07f61dc1e27068169d8b,dee86a9623134d9c
"../foodsg-233\Bee hoon, soto\OX3A51ZC2F82M3207ADNKCM9.jpg","Bee hoon, soto",all,514490e1fa9f0b3efc83276d85a9e66a,cce813976e465a1d
../foodsg-233\Seafood Noodles Soup\WLEXBEVYE9PR2NB1L5MJGMF4.jpg,Seafood Noodles Soup,all,514490e1fa9f0b3efc83276d85a9e66a,cce813976e465a1d
../foodsg-233\Mee soto\HJQDBDZ4BYHEB37JXXQV0G1X.jpg,Mee soto,all,514490e1fa9f0b3efc83276d85a9e66a,cce813976e465a1d
../foodsg-233\Mee soto\8QB06O2EHSSI3TETGFR8W22G.jpg,Mee soto,all,514efb0d074e3bd921e864c053f5cc70,aee2f480d48fd08f
"../foodsg-233\Bee hoon, soto\U5F6MT5E6HDZWF3MVFL60T7H.jpg","Bee hoon, soto",all,514efb0d074e3bd921e864c053f5cc70,aee2f480d48fd08f
../foodsg-233\Fish Ball Noodles\NPKXZKAN7ZU1LXGBJDM5YAZP.jpg,Fish Ball Noodles,all,520fa5abf7ce173040ecbb5eebc89644,bb64e43bc63c9e04
../foodsg-233\mee pok\T2N2TEEKDAR9RYWJSI9J20WZ.jpg,mee pok,all,520fa5abf7ce173040ecbb5eebc89644,bb64e43bc63c9e04
../foodsg-233\sliced fish soup\1P67FUMC7LW7VS2KQLPJAX3G.jpg,sliced fish soup,all,52557145a93930293ce07ad1dc393d59,dfbb78606181a5ca
"../foodsg-233\Bee hoon, soto\IRBG4KG8D5I2ECHX1UCJC7RQ.jpg","Bee hoon, soto",all,52557145a93930293ce07ad1dc393d59,dfbb78606181a5ca
"../foodsg-233\Mee siam, fried\SW5A6XYAFN2CPCER4ZDXJY2V.jpg","Mee siam, fried",all,5255d558a6a5affef7673544ea0a28f9,841d7d6c40b7376a
../foodsg-233\Mee siam\NXE9EFOUFNUQPRPXROT488DO.jpg,Mee siam,all,5255d558a6a5affef7673544ea0a28f9,841d7d6c40b7376a
../foodsg-233\Porridge\GGEE1JP2FMBQZOM6G549HMB3.jpg,Porridge,all,52aa6fafe80ce3239cb423ec59d61fd9,db23b1f984c159cc
../foodsg-233\Duck Rice\OYFH5F9H1ABNCTJ7RBXM8ZAL.jpg,Duck Rice,all,52aa6fafe80ce3239cb423ec59d61fd9,db23b1f984c159cc
../foodsg-233\char siew pau\NHI80J5L481WOE2XC20YNNQ2.jpg,char siew pau,all,52d84bd96911851d4e5f060be1061a24,9ac9bac6db3f3020
../foodsg-233\xiao long bao\O4LZJGUUNKITDXXJG5WOYJ61.jpg,xiao long bao,all,52d84bd96911851d4e5f060be1061a24,9ac9bac6db3f3020
../foodsg-233\Seafood Noodles Soup\KN1EPNKC792ZJ0IKDY0RMLAC.jpg,Seafood Noodles Soup,all,52e7c4409ba981f3e9399cdfb2a0878b,872b8fc88c787d64
../foodsg-233\tom yum noodle soup\0M3A2SLRH8Z6OZGI2U6IB95V.jpg,tom yum noodle soup,all,52e7c4409ba981f3e9399cdfb2a0878b,872b8fc88c787d64
../foodsg-233\Mee soto\25EZYG5AFRTW9GOGS2B9SUWS.jpg,Mee soto,all,531d1f3dc0402cfca4731419e6f77d1f,a289bf257d367023
"../foodsg-233\Bee hoon, soto\1KU9RIL6S701VQ4FUVMD97NB.jpg","Bee hoon, soto",all,531d1f3dc0402cfca4731419e6f77d1f,a289bf257d367023
../foodsg-233\whole wheat\E4WADVY03N3API89OXROIZ4B.jpg,whole wheat,all,533f0aea5b9a861f4f8fff698436e8e9,de4045bf68875963
../foodsg-233\whole grain bread\8WFM0QEHHSMJN0MV0L76PAZI.jpg,whole grain bread,all,533f0aea5b9a861f4f8fff698436e8e9,de4045bf68875963
../foodsg-233\Mee soto\7ZZF99AVO1FJ9UP0861LAUPV.jpg,Mee soto,all,5363c3e6400b47cb2402c7664aa860c5,b2c46cd172870e5f
../foodsg-233\Soto ayam\XFC7102MPJONPKORAFKJ65AA.jpg,Soto ayam,all,5363c3e6400b47cb2402c7664aa860c5,b2c46cd172870e5f
../foodsg-233\Mee soto\RC2ZBQZKRHF6VJ72G7MKISG2.jpg,Mee soto,all,53bac9ef3c7ae1c9cf260b5232fb2834,ec16a9b6ad3b0c49
"../foodsg-233\Bee hoon, soto\NMSLIN1K7BSVN5IMUGLTCOJF.jpg","Bee hoon, soto",all,53bac9ef3c7ae1c9cf260b5232fb2834,ec16a9b6ad3b0c49
../foodsg-233\Soto ayam\UDWUGCSTVF0GCIBVX9S0L1T5.jpg,Soto ayam,all,53bac9ef3c7ae1c9cf260b5232fb2834,ec16a9b6ad3b0c49
../foodsg-233\Soto ayam\W133M49D3WT9EQC404BT09G8.jpg,Soto ayam,all,53c888c8f7729585f6fee014b00051a9,b0e38fc26fa43866
"../foodsg-233\Bee hoon, soto\XBGUHUSRX8NCI5JHU27T4VC6.jpg","Bee hoon, soto",all,53c888c8f7729585f6fee014b00051a9,b0e38fc26fa43866
../foodsg-233\cream soup\JHTRR5CLOWPRJH50EOB9F2NS.jpg,cream soup,all,53fed6acfc611cb25419a87f760cd3dd,ef8bf8d280408b7b
../foodsg-233\mushroom soup\XVT19OZ3SJY3I5ZIPIE8DHEW.jpg,mushroom soup,all,53fed6acfc611cb25419a87f760cd3dd,ef8bf8d280408b7b
../foodsg-233\Lor mee\35UZ0MURK1ACN3UAV7TQ2ZBB.jpg,Lor mee,all,5403a83f7a93939dd60b24e2e036f0e5,ac9ac46e92299b67
../foodsg-233\Mee soto\F716WYLF99KWZNRAXXMESUNB.jpg,Mee soto,all,5403a83f7a93939dd60b24e2e036f0e5,ac9ac46e92299b67
../foodsg-233\Mee siam\T6JCNZJ5AEN5NKVTNLLRVEQ2.jpg,Mee siam,all,543880241d795ba786b92bd3302b7c90,e6b4c4c7da1a3323
"../foodsg-233\Mee siam, fried\L7041SRORNIHW5F6ZSBP4NDD.jpg","Mee siam, fried",all,543880241d795ba786b92bd3302b7c90,e6b4c4c7da1a3323
../foodsg-233\lontong\X6F8U8OBRQ7YDGZK90DYXIV1.jpg,lontong,all,5446be5bfda80cf0a29b40203e5d8461,e20f8d181d786e6d
../foodsg-233\Lontong with sayur lodeh\0YC1T9HTN8GC1U8FKJBZMPLZ.jpg,Lontong with sayur lodeh,all,5446be5bfda80cf0a29b40203e5d8461,e20f8d181d786e6d
../foodsg-233\beef noodle soup\FN6ACYJHQCXM61ND5O3E2UPG.jpg,beef noodle soup,all,5447becbb76a88b11db2c9d69c6daf23,a8cda19637ce9c29
../foodsg-233\Udon\6CAOLS25D78GKWEORIR24OFC.jpg,Udon,all,5447becbb76a88b11db2c9d69c6daf23,a8cda19637ce9c29
../foodsg-233\orange\17ZQROOE1N5WEU7Z1KHCD9IJ.jpg,orange,all,546834ea38cb5e83fd913a4b54d4a20c,b3cccb30cd32cc99
../foodsg-233\Fruit juice\8MYSLQOHB2ZZW9KETZ0QUI37.jpg,Fruit juice,all,546834ea38cb5e83fd913a4b54d4a20c,b3cccb30cd32cc99
../foodsg-233\Lontong with sayur lodeh\CGTIWZ7D1Z0QYR8IAUW7IAMN.jpg,Lontong with sayur lodeh,all,5483ef00d5efffd2759c8fee4ac6a63d,ead5012c7f336d42
../foodsg-233\lontong\W2OFJZGHLS3ZLQNODF5BHU1S.jpg,lontong,all,5483ef00d5efffd2759c8fee4ac6a63d,ead5012c7f336d42
../foodsg-233\ice kacang\5BMSYKJMZ1F4VGJW88FKOPNH.jpg,ice kacang,all,549b670b33bdf3f8fab1e59841354a1a,f7a700903a59bd2e
../foodsg-233\oyster omelette\IEIZA85SFJ6F32JTKPWY8CLN.jpg,oyster omelette,all,549b670b33bdf3f8fab1e59841354a1a,f7a700903a59bd2e
../foodsg-233\bee hoon\6EI91GL2BJJQYCAWKKYMKXST.jpg,bee hoon,all,54a74ca47460f77e454f215de915f983,ff0ba49eb0b2a1c8
"../foodsg-233\Bee hoon, goreng\K0J4FPWTPADBPR18BKMA4F2X.jpg","Bee hoon, goreng",all,54a74ca47460f77e454f215de915f983,ff0ba49eb0b2a1c8
../foodsg-233\Grapefruit\XHWJNBA290408BSAKXH79EGC.jpg,Grapefruit,all,54da353f158b566281b5d904d0f098f1,accdc6c29b993338
../foodsg-233\Pomelo\2Z0YDMYDUHU9EQTRDXV2D9WG.jpg,Pomelo,all,54da353f158b566281b5d904d0f098f1,accdc6c29b993338
../foodsg-233\Apple\L4ZMVOKN9ID60H8G6S8NFAVX.jpg,Apple,all,5500758a4e0a80afa70af3b5b2b67a62,8eec3dd2b188e14e
../foodsg-233\pear\B3U7HCZY1BLBPHBFMHNNC4TE.jpg,pear,all,5500758a4e0a80afa70af3b5b2b67a62,8eec3dd2b188e14e
../foodsg-233\Mee soto\3P15LC5CCUL6PEHOFDCO4RYD.jpg,Mee soto,all,5524727a41d8e1f6ff095bb5395fddd2,aad6a2b681d41f93
../foodsg-233\Soto ayam\V2ICYRYS4XCB8J3Y3ZCQAKBM.jpg,Soto ayam,all,5524727a41d8e1f6ff095bb5395fddd2,aad6a2b681d41f93
../foodsg-233\beef noodle soup\81P9584JYRLK7JQY3RNBCBVN.jpg,beef noodle soup,all,55383b108d6a253c1c9f15d9f9cc059c,f2992d4e74059b9a
../foodsg-233\sliced fish soup\P3C3MCY4IAXGTEC9TDDJNT4G.jpg,sliced fish soup,all,55383b108d6a253c1c9f15d9f9cc059c,f2992d4e74059b9a
../foodsg-233\whole wheat\3XOI8I9KP2CL2DN4SE8C52FD.jpg,whole wheat,all,5556d2d5b68011475268b3bf1ccbd372,c5f86a382a83b4fc
../foodsg-233\wholegrain pasta\XA3KSYM7MXCWB6C5DHFWTJO4.jpg,wholegrain pasta,all,5556d2d5b68011475268b3bf1ccbd372,c5f86a382a83b4fc
../foodsg-233\popiah\KLC2DCG8D84QLDVBK7P33AGG.jpg,popiah,all,55638091b11e95e412b4f48733c9a12f,aabf9d60e04ee609
../foodsg-233\spring rolls\SR5F2Z4G14JUMRUX6A9LJ2JD.jpg,spring rolls,all,55638091b11e95e412b4f48733c9a12f,aabf9d60e04ee609
../foodsg-233\bee hoon\EWH9YIOIR3S3KK3UBC1TPMUX.jpg,bee hoon,all,557dbc18811a7ef9586290ee106e1408,ee7662656b4a1465
"../foodsg-233\Bee hoon, soto\W2VL96AQGB9C05L515DY6A5J.jpg","Bee hoon, soto",all,557dbc18811a7ef9586290ee106e1408,ee7662656b4a1465
../foodsg-233\Bibimbap\5E2LQYEUFQMC1D8G7L0AMLQA.jpg,Bibimbap,all,559069578042b9b5a39901a6820e2ba8,e8c79c0e2368e277
"../foodsg-233\Rice, korean bulgogi beef\XPKT27DZ92Z6L8HMEGR4EV4B.jpg","Rice, korean bulgogi beef",all,559069578042b9b5a39901a6820e2ba8,e8c79c0e2368e277
../foodsg-233\Soto ayam\QUMMZYN1T5JO8YAD8SKMEVIN.jpg,Soto ayam,all,55991f935f1a2c5cd577c532f749c281,de996b84e4966968
../foodsg-233\Mee soto\3CU8C2DIC4R8DVV207JFFCFD.jpg,Mee soto,all,55991f935f1a2c5cd577c532f749c281,de996b84e4966968
../foodsg-233\Lontong with sayur lodeh\10IVQWLO8BBC1BRACCW3KJ4G.jpg,Lontong with sayur lodeh,all,55a4988fb1a1095d5c843c8953cd225c,e1428f2a2a795d5d
../foodsg-233\lontong\FP5YAKC1C3RKRTD9RJAI9EBY.jpg,lontong,all,55a4988fb1a1095d5c843c8953cd225c,e1428f2a2a795d5d
../foodsg-233\milk\4FHQG3YUZ7LHYMZPKOO9QHN9.jpg,milk,all,55ef294275d414981fab8c9a164ab75c,aeef99a64ba0350c
../foodsg-233\Bubble Milk Tea\1KNLPUVIDJ3VW0M9F61WA274.jpg,Bubble Milk Tea,all,55ef294275d414981fab8c9a164ab75c,aeef99a64ba0350c
../foodsg-233\steamed buns\TIIZ3UTP9IGEQ3BDJ47HSYOR.jpg,steamed buns,all,55f81f51b3890f5bf262d82c5156e783,a6122d6d716ea63c
../foodsg-233\char siew pau\4APYS5F2TPZIE4MYR0P83D1A.jpg,char siew pau,all,55f81f51b3890f5bf262d82c5156e783,a6122d6d716ea63c
../foodsg-233\Mee bandung\43YS7LS6IEH1FEPGR5JLMB98.jpg,Mee bandung,all,560e640792df2ffb087f08aaef912413,d0a948958729d6f7
../foodsg-233\Mee rebus\U1XGXC9BH4CVTAEI7N242EIM.jpg,Mee rebus,all,560e640792df2ffb087f08aaef912413,d0a948958729d6f7
../foodsg-233\mushroom soup\KOJNNK9US46954E5W4AFK4QS.jpg,mushroom soup,all,56357c715631c2626a472cb5f92b571e,fc9878c1a94de16a
../foodsg-233\cream soup\BOBXSAF2FNQTCO8Z9QWQR4R0.jpg,cream soup,all,56357c715631c2626a472cb5f92b571e,fc9878c1a94de16a
"../foodsg-233\Bee hoon, soto\VK1U4TR43ODPCYQVG3SQCCGU.jpg","Bee hoon, soto",all,563a68c9d596311c31e223dbaf4f48ad,ac07c15f0b7e4a78
../foodsg-233\bee hoon\N676VFDYCSON2TGVKMS4Y077.jpg,bee hoon,all,563a68c9d596311c31e223dbaf4f48ad,ac07c15f0b7e4a78
../foodsg-233\Seafood Noodles Soup\CVGV6P7KURZPPYYR19FNBDAI.jpg,Seafood Noodles Soup,all,563a68c9d596311c31e223dbaf4f48ad,ac07c15f0b7e4a78
../foodsg-233\Grapefruit\Z9164VUSHNKAH47ZVSZTZ6FG.jpg,Grapefruit,all,5640204919788155e7dcb4a531c6b953,e7ca9aa6c85664a9
../foodsg-233\Pomelo\V0KHBFBS759CEMV0J9C6X4GV.jpg,Pomelo,all,5640204919788155e7dcb4a531c6b953,e7ca9aa6c85664a9
"../foodsg-233\Wanton mee, dry\OSX822XZX8A440DZ2FESTOPM.jpg","Wanton mee, dry",all,564a36346d4619878527ec995d45a527,ebd4e08e396613ca
../foodsg-233\Dumpling noodle soup\DQAHCSO3BE2H0T7PW23CTKJT.jpg,Dumpling noodle soup,all,564a36346d4619878527ec995d45a527,ebd4e08e396613ca
../foodsg-233\pineapple\XMDZVHIEVKFW7PMQAMOZWZ6W.jpg,pineapple,all,56585ba9349af2082c564e3389fa98f4,a83697a980696fec
../foodsg-233\pitaya\FQDXG503WA07PRJ3OSQVL4GC.jpg,pitaya,all,56585ba9349af2082c564e3389fa98f4,a83697a980696fec
../foodsg-233\lontong\BAAAP08DWU3EDMD6I7R1A9UZ.jpg,lontong,all,565ffd0fc46fe99543f34841c361a70d,91480ba53d974cf7
../foodsg-233\Lontong with sayur lodeh\P2B7IXLISIP98T5XSVD88AK5.jpg,Lontong with sayur lodeh,all,565ffd0fc46fe99543f34841c361a70d,91480ba53d974cf7
../foodsg-233\tom yum noodle soup\F9ZXNKJBP5KV5BMHK45K9N3S.jpg,tom yum noodle soup,all,5671c02809d68429abce450e42c49689,da976de91225c91a
../foodsg-233\Fish Ball Noodles\INIW70EMJN6VIO38WDCOI2GN.jpg,Fish Ball Noodles,all,5671c02809d68429abce450e42c49689,da976de91225c91a
../foodsg-233\beef noodle soup\0E8EEQ0V1O950VNAXYOBHDP8.jpg,beef noodle soup,all,568c540e9c192e128d026cb1606ba5c4,f9a8b884a59e750e
../foodsg-233\Udon\V0KIRXAD27WAI1P5OXSFRW4L.jpg,Udon,all,568c540e9c192e128d026cb1606ba5c4,f9a8b884a59e750e
../foodsg-233\waffle\KNW5XUS9IKVJOWBLIV83P9XO.jpg,waffle,all,5698676b3bcd8255ab7873fe8795d4e2,c117376a556ad7a0
../foodsg-233\whole wheat\3EAPFNYD9J2MGRXDQ3UUAL2T.jpg,whole wheat,all,5698676b3bcd8255ab7873fe8795d4e2,c117376a556ad7a0
../foodsg-233\Mee siam\3E8GA79LG6ACKB7I1IDXW7DW.jpg,Mee siam,all,56d7094ff1d1f95adc4834f410b2bb43,ecb052c07df3aa4a
"../foodsg-233\Bee hoon, goreng\PSI95F6CRG3AO822ZUOET5TO.jpg","Bee hoon, goreng",all,56d7094ff1d1f95adc4834f410b2bb43,ecb052c07df3aa4a
../foodsg-233\Barley\N4Z627HQDXMB7ASEJBLUS12J.jpg,Barley,all,56ef88a752b7e2f464ee2f3c5f39cb24,c9d857437e23299c
../foodsg-233\whole wheat\E86KYDWKPKIRO5Z1Y27KR744.jpg,whole wheat,all,56ef88a752b7e2f464ee2f3c5f39cb24,c9d857437e23299c
"../foodsg-233\Mee siam, fried\8ZIQBRLO8SKJAHU7Y7A81MBN.jpg","Mee siam, fried",all,572a241f4ed7d6d28de277b04ba2e56f,eaaeee168414057f
../foodsg-233\Mee siam\BJPDSBTK89TGKK87K21PK8HX.jpg,Mee siam,all,572a241f4ed7d6d28de277b04ba2e56f,eaaeee168414057f
../foodsg-233\pineapple\QVSKICQB6KXC0OPUSE61VS79.jpg,pineapple,all,5766e47481921d318cf3241e716c90cf,b3a6c3930c3859bd
../foodsg-233\strawberry\GMNYIMXCFTDCKUTYEP4V844V.jpg,strawberry,all,5766e47481921d318cf3241e716c90cf,b3a6c3930c3859bd
../foodsg-233\whole wheat\8WMBOAJPTTBZK5WM4PLK4FQK.jpg,whole wheat,all,5788efa4ab464d4400461cfbac5423f3,c0946f706a4e3f95
../foodsg-233\whole grain bread\085HJHBKXYHS919IZR6FP8CS.jpg,whole grain bread,all,5788efa4ab464d4400461cfbac5423f3,c0946f706a4e3f95
../foodsg-233\pasta - red sauce\3TC669TQVI19RVP9IK7Y1ZYE.jpg,pasta - red sauce,all,57a40e4c9b93d56523ec240902437392,ad0b9c2cea2b11f5
../foodsg-233\pasta - fettuccine\F4PLPWBP3XRKZ7G742PQPB3X.jpg,pasta - fettuccine,all,57a40e4c9b93d56523ec240902437392,ad0b9c2cea2b11f5
../foodsg-233\sliced fish soup\FZ4ORV4U8DQM9FTCOQ9XUTWH.jpg,sliced fish soup,all,57a6c78b9442542630161d218445c15d,ce11764e9a79a171
../foodsg-233\Seafood Noodles Soup\C28OH8YMMHADBHF146FXKMOB.jpg,Seafood Noodles Soup,all,57a6c78b9442542630161d218445c15d,ce11764e9a79a171
../foodsg-233\bee hoon\3SG1SM7CM5BZ0CJBZXJ1INIY.jpg,bee hoon,all,57c92d841ae9e6335bd2e6840b4dfe22,c810767eeac18797
../foodsg-233\Seafood Noodles Soup\919OK4OPLZVZQV2680JOZP5N.jpg,Seafood Noodles Soup,all,57c92d841ae9e6335bd2e6840b4dfe22,c810767eeac18797
../foodsg-233\whole grain bread\KQKT891EMXG0K17HLJHDCR28.jpg,whole grain bread,all,57ed37497f219f52dfcdc16e33226fca,c0ce3f6ac19d6a31
../foodsg-233\whole wheat\SGUDFT4WL29MKSZDI2SBUD0E.jpg,whole wheat,all,57ed37497f219f52dfcdc16e33226fca,c0ce3f6ac19d6a31
../foodsg-233\bee hoon\C4TISPXH2EKZXCX3UDPA1INA.jpg,bee hoon,all,57fcbb5373e586a4cd2b6f8a35da6b39,fb8dc83632c81f46
../foodsg-233\Seafood Noodles Soup\HMTDHGPQGNRXPAZX3VVP2QLK.jpg,Seafood Noodles Soup,all,57fcbb5373e586a4cd2b6f8a35da6b39,fb8dc83632c81f46
../foodsg-233\Snacks and Chips\13QVEOTMWBLWJBG7VJI1AIV4.jpg,Snacks and Chips,all,586098b21b7df93678a16ce8ab0e8265,cb0ed1c7f6223499
../foodsg-233\popcorn\JS2Y9MESRD686IHX3SFZ9YKE.jpg,popcorn,all,586098b21b7df93678a16ce8ab0e8265,cb0ed1c7f6223499
"../foodsg-233\Rice, korean bulgogi beef\95TUHYDTQ18WIK4BF5D2SDLP.jpg","Rice, korean bulgogi beef",all,588ba1953000b33bcb55cd14361b1ce2,a19c0b313dbb74c9
"../foodsg-233\Rice, with dakgalbi\T44LMXYNT4X0OKS8BX0LQXNU.jpg","Rice, with dakgalbi",all,588ba1953000b33bcb55cd14361b1ce2,a19c0b313dbb74c9
../foodsg-233\mushroom soup\EH7Z6IV62ZDW5IYEMV2ABZWM.jpg,mushroom soup,all,589975dc4feca94e07849a9c327e03f8,c6d63b39f460c2e4
../foodsg-233\cream soup\C7UE6IB82B1ITVHSZU5VS1GH.jpg,cream soup,all,589975dc4feca94e07849a9c327e03f8,c6d63b39f460c2e4
../foodsg-233\kiwi\V4Q0N9PWKID6GTGV65C9IKLO.jpg,kiwi,all,58dc4a25216ace82b01699a0d907c4b7,8ac6b3998da65a59
../foodsg-233\cherries\VW4ZHM84B2Y5JS7JDZ5JIBJ2.jpg,cherries,all,58dc4a25216ace82b01699a0d907c4b7,8ac6b3998da65a59
../foodsg-233\Seafood Noodles Soup\2XIF8KUD50ECMXZ8B1VBWIZW.jpg,Seafood Noodles Soup,all,5908ab8af2db74545b943f9ac01bd6e2,c5ac5895a9af2d34
../foodsg-233\Ban Mian\1ZM7SHV3KSGA875VVXNUHON4.jpg,Ban Mian,all,5908ab8af2db74545b943f9ac01bd6e2,c5ac5895a9af2d34
../foodsg-233\sliced fish soup\J0CXZJ0M7Q09OG57YCP8ACAH.jpg,sliced fish soup,all,5908ab8af2db74545b943f9ac01bd6e2,c5ac5895a9af2d34
../foodsg-233\sliced fish soup\3IAQ1L71T9L2HY6G7V6R6PAS.jpg,sliced fish soup,all,5922f5aad589534da31151ab227b91b5,88a015e15ec77b97
../foodsg-233\Seafood Noodles Soup\5Z5SRJ18B8ZW27SMSG744KYD.jpg,Seafood Noodles Soup,all,5922f5aad589534da31151ab227b91b5,88a015e15ec77b97
../foodsg-233\char siew pau\6X6YPXA067FKFTCL78GMBE7E.jpg,char siew pau,all,593db62febc1e4f2c0f057771aea2a8c,858f634306e1bed9
../foodsg-233\steamed buns\9DM7A99W9PZ10S6GNWW9RIGW.jpg,steamed buns,all,593db62febc1e4f2c0f057771aea2a8c,858f634306e1bed9
../foodsg-233\mushroom soup\F2H265GSJFO88VENK24GYIOP.jpg,mushroom soup,all,5940d4446263a90e09dbcec1baaf2674,9f01d7c749c8e561
../foodsg-233\cream soup\O3QQYN3KM50DSKMV3PLDZ9VI.jpg,cream soup,all,5940d4446263a90e09dbcec1baaf2674,9f01d7c749c8e561
../foodsg-233\Seafood Noodles Soup\0NX6UO4NE15HP2KR8HPV7JYH.jpg,Seafood Noodles Soup,all,5944c819daab899ba7a6a0ccc0e95bfc,e0eb55b410d34bd5
../foodsg-233\sliced fish soup\DL69HFYUVBG5SNUHEJQNDQWW.jpg,sliced fish soup,all,5944c819daab899ba7a6a0ccc0e95bfc,e0eb55b410d34bd5
../foodsg-233\chicken soup\3H11NEF98H1WPL0MB86TAA1S.jpg,chicken soup,all,59698345cacaee9b6772dc4b7b9dd9fe,d0944ade6d683177
../foodsg-233\Dumpling noodle soup\T3WEX6VYL2AQVTT1L8LG5M7S.jpg,Dumpling noodle soup,all,59698345cacaee9b6772dc4b7b9dd9fe,d0944ade6d683177
../foodsg-233\Blackberry\3CHAAGPAX5IGD0YNL08K28EZ.jpg,Blackberry,all,5985c5269587d2d5455db6ec2e7214a1,ab8bc8dcd0623736
../foodsg-233\raspberry\XA9FWNBPTJIUV2ELZCLOMIZO.jpg,raspberry,all,5985c5269587d2d5455db6ec2e7214a1,ab8bc8dcd0623736
../foodsg-233\Hor Fun\JADCASYATBE9Q5YDE442W0ZF.jpg,Hor Fun,all,5989b0e20c3665578f42192e9b703448,869238e46e6674cf
../foodsg-233\Seafood Noodles Soup\SX95DT7WET4R74AE8UKGBIN3.jpg,Seafood Noodles Soup,all,5989b0e20c3665578f42192e9b703448,869238e46e6674cf
../foodsg-233\blueberries\8ZC5OPDVKJT3K0HTISZMI0L3.jpg,blueberries,all,59ac3a46ffd7a3a98a28d92f986d4f2c,ecf893d34e6c3890
../foodsg-233\strawberry\Y0987O32IJV5S75H9UFWZB5C.jpg,strawberry,all,59ac3a46ffd7a3a98a28d92f986d4f2c,ecf893d34e6c3890
"../foodsg-233\Bee hoon, goreng\3WCNOV6V963PXC8DNGS2RTI1.jpg","Bee hoon, goreng",all,59aecd3479a3fe411bb10f8e4238a7ea,8f4a790b3f8d2e50
"../foodsg-233\Mee siam, fried\DBKYDBUXC912H5ILONKPP31F.jpg","Mee siam, fried",all,59aecd3479a3fe411bb10f8e4238a7ea,8f4a790b3f8d2e50
../foodsg-233\Laksa\PIXDZKNURIN943E4LJL0LH4O.jpg,Laksa,all,59bef50c3727ec63092e2923af14e6ae,c4b079ce9f3370e0
../foodsg-233\Mee siam\CMDH89OIOPDKU5J8VAK4IKIK.jpg,Mee siam,all,59bef50c3727ec63092e2923af14e6ae,c4b079ce9f3370e0
../foodsg-233\bee hoon\OPIACEGIIZ829EZQ79UQ3PAA.jpg,bee hoon,all,5a005ebcc91415f89bed94d73b67d472,ef918ed6945a9462
"../foodsg-233\Bee hoon, goreng\YQEEY3YPFS5PR1DBECPB4GBL.jpg","Bee hoon, goreng",all,5a005ebcc91415f89bed94d73b67d472,ef918ed6945a9462
"../foodsg-233\Bee hoon, soto\IHAJGNH393GTGMUDYW3VHUXH.jpg","Bee hoon, soto",all,5a0f2b07e6461d4004b4b3e676f17d42,d6c86a2e2d34f4d2
../foodsg-233\Soto ayam\L2RM0WW2AUJIXW0WHG5QJCJA.jpg,Soto ayam,all,5a0f2b07e6461d4004b4b3e676f17d42,d6c86a2e2d34f4d2
"../foodsg-233\Bee hoon, goreng\H65IUJBL9NSDQKI5Z1BSWPM4.jpg","Bee hoon, goreng",all,5a2811f46367a3b760f9a9e76d099c76,a47aa25d355b5aa1
../foodsg-233\bee hoon\0ONXDTNAKU90ZN145T3AP3WM.jpg,bee hoon,all,5a2811f46367a3b760f9a9e76d099c76,a47aa25d355b5aa1
../foodsg-233\cake\SWH21IINIV5MGKFIQE07DFUF.jpg,cake,all,5a85ac3b290ea20b87f3ed34ab1c67c9,bfc0d0c182cdf8cd
../foodsg-233\blueberries\MCFLIVONKFT0N7GJNDWSUPC8.jpg,blueberries,all,5a85ac3b290ea20b87f3ed34ab1c67c9,bfc0d0c182cdf8cd
../foodsg-233\char siew pau\VOQWAKQAOGMT7O8WR456RC4R.jpg,char siew pau,all,5a8c46dcdb45cb25732d03ff7c67546b,82208bc57f5f345e
../foodsg-233\steamed buns\ZSOE51IE8FUKD0KRH6AM4WAM.jpg,steamed buns,all,5a8c46dcdb45cb25732d03ff7c67546b,82208bc57f5f345e
"../foodsg-233\Bee hoon, soto\VGXETSVNBFBPXBVXV346H2JJ.jpg","Bee hoon, soto",all,5af9d66009a3fb28be871c2bbd737c41,948535767e60e0e7
../foodsg-233\bee hoon\98UBZ8V8TBGU2SJ304QT33X6.jpg,bee hoon,all,5af9d66009a3fb28be871c2bbd737c41,948535767e60e0e7
"../foodsg-233\Bee hoon, goreng\4KMZ21EHQKMEZ3DNSKIEHLBD.jpg","Bee hoon, goreng",all,5b01b49d07d151ba1581e674e3bc4145,c9f4ae93d0c9e42a
"../foodsg-233\Mee siam, fried\IW0IDL7MEDMCH59D6F6TMGZ8.jpg","Mee siam, fried",all,5b01b49d07d151ba1581e674e3bc4145,c9f4ae93d0c9e42a
../foodsg-233\bee hoon\WYY562X82O0DBOB6BK189SUC.jpg,bee hoon,all,5b01b49d07d151ba1581e674e3bc4145,c9f4ae93d0c9e42a
../foodsg-233\beef noodle soup\XGWKXSNOAQH30QXJBAIIZKFO.jpg,beef noodle soup,all,5b048346f00f59b39f9a451449eaac03,b9d93f32980a0f0f
../foodsg-233\Dumpling noodle soup\DN8CI3CEDXE6SF9Y10RJ8YFR.jpg,Dumpling noodle soup,all,5b048346f00f59b39f9a451449eaac03,b9d93f32980a0f0f
../foodsg-233\chai tow kuay\MPOLR9KIT0E2BG0MG3GW4MW0.jpg,chai tow kuay,all,5b197e9e524de53318c762a215b4e50e,bd8786b88ece8b24
../foodsg-233\Kway Teow\W0UC5RNNB3S2RY4GXA9KNFC4.jpg,Kway Teow,all,5b197e9e524de53318c762a215b4e50e,bd8786b88ece8b24
../foodsg-233\mixed vegetables\JGZ31ROMWOY6A6M8DMSPRT6H.jpg,mixed vegetables,all,5b239dec8b7c0932690355970b312cb0,87093891b55fc739
"../foodsg-233\Rice, korean bulgogi beef\NBT95URT0VENODUWJOBHT3AT.jpg","Rice, korean bulgogi beef",all,5b239dec8b7c0932690355970b312cb0,87093891b55fc739
../foodsg-233\whole grain bread\CFCVLBIYFPOD5WWKFCT4KERK.jpg,whole grain bread,all,5b61b16cd080e8c2ed22302a2b96a1be,95a939f572560b2a
../foodsg-233\whole wheat\MYNQQJ0G04XEC6K8R5H4CRM0.jpg,whole wheat,all,5b61b16cd080e8c2ed22302a2b96a1be,95a939f572560b2a
../foodsg-233\chin chow drink\CBGOFHAWORS6TULBUO2C4FUX.jpg,chin chow drink,all,5b68be85c20da3d8fe3bfe800e5b7826,cce1a74c9b9e9c82
../foodsg-233\Bubble Milk Tea\DOPOG2D80VULIDDUN9C4UGGM.jpg,Bubble Milk Tea,all,5b68be85c20da3d8fe3bfe800e5b7826,cce1a74c9b9e9c82
../foodsg-233\mixed vegetables\5YEJPNKEL7834VK2MK8DDQJF.jpg,mixed vegetables,all,5b7a707b5ed3a499d7a9cd809061352c,87ac6d8b859d1b70
"../foodsg-233\Bee hoon, soto\Z5JYCPCF3A0R5OT2AVT1PQHE.jpg","Bee hoon, soto",all,5b7a707b5ed3a499d7a9cd809061352c,87ac6d8b859d1b70
../foodsg-233\Lontong with sayur lodeh\W7D7NWF7WHTF74ACYNZVL6E7.jpg,Lontong with sayur lodeh,all,5b84f58ec3d8d0b077af4493802a7911,c1d4d6d8486565cf
../foodsg-233\assam pedas\KZP7WXB0WQH0LO67OSVQ5NW5.jpg,assam pedas,all,5b84f58ec3d8d0b077af4493802a7911,c1d4d6d8486565cf
../foodsg-233\fried rice\3567BXT54T5FU1PPISCHQQW0.jpg,fried rice,all,5bb9e3fa63ba4517076c7119edf36233,94191bc7bed69426
../foodsg-233\cooked brown rice\6D7BW1B7OE3JFC7DZZ3Q61XD.jpg,cooked brown rice,all,5bb9e3fa63ba4517076c7119edf36233,94191bc7bed69426
../foodsg-233\Mee bandung\QK2N8LT6HFN3AR2D6HDWGVK4.jpg,Mee bandung,all,5be41db61778e160426ba5b38985e7a5,ce0df062c5c65eca
../foodsg-233\Mee rebus\VZ58SJ7Z2S86QTDM0VNCB8A6.jpg,Mee rebus,all,5be41db61778e160426ba5b38985e7a5,ce0df062c5c65eca
../foodsg-233\Soto ayam\9XG490WFIWWYZJ7V3583BI21.jpg,Soto ayam,all,5c7bd857f6dbe1ceefb74bb4519a2a40,e4ba95e8536c63b0
../foodsg-233\Mee soto\JV6JZM13PBOXMZJE7D8MW4CB.jpg,Mee soto,all,5c7bd857f6dbe1ceefb74bb4519a2a40,e4ba95e8536c63b0
../foodsg-233\whole wheat\PX8CFY20TK9EMCOPE1T9LWI9.jpg,whole wheat,all,5c9a707a3fc621293c52426a1ccdd66d,9de1546e1ba07aa5
../foodsg-233\whole grain bread\KJQ7I1TVNW6CIVLLNAXR2YJC.jpg,whole grain bread,all,5c9a707a3fc621293c52426a1ccdd66d,9de1546e1ba07aa5
../foodsg-233\Bibimbap\P67GBNA31TCZWNAATT63R4N6.jpg,Bibimbap,all,5ca4d6d328f499a2430e8a2e1ddafc67,e39aaea591336689
"../foodsg-233\Rice, korean bulgogi beef\W9URJFZK66WNJLXXAICAO0GV.jpg","Rice, korean bulgogi beef",all,5ca4d6d328f499a2430e8a2e1ddafc67,e39aaea591336689
../foodsg-233\roasted chicken\MPBGLN8JXOKFKPXIVOW17UJ8.jpg,roasted chicken,all,5cd6428a8f507de0a8da4bf4061f8a95,e18f0d35565a69c5
../foodsg-233\meatball\TH3IRDEN97M93N6VRY2K0AVW.jpg,meatball,all,5cd6428a8f507de0a8da4bf4061f8a95,e18f0d35565a69c5
../foodsg-233\Mee kuah\QK93607741E9MUBQKVLKMYWB.jpg,Mee kuah,all,5cd9314ad18e5e82c9c1d28201f0d8bb,f2cd8c03d0b5cf98
../foodsg-233\Mee rebus\2NG9X0EHLOCHC6FBQM9FJIVF.jpg,Mee rebus,all,5cd9314ad18e5e82c9c1d28201f0d8bb,f2cd8c03d0b5cf98
../foodsg-233\Soto ayam\IRHXXUIQQ4D49WBKT1N62NRA.jpg,Soto ayam,all,5d0845c3ee08a206389088f58ab83395,a89f84181f3abc79
"../foodsg-233\Bee hoon, soto\VQ4R18JTKX48CUOTVM7A6O2G.jpg","Bee hoon, soto",all,5d0845c3ee08a206389088f58ab83395,a89f84181f3abc79
../foodsg-233\steamed buns\BCA1K4LWNFBLQ88X7HCC1TKY.jpg,steamed buns,all,5d24f52287fef01bb771826f8c8f4187,cd413598ea65d173
../foodsg-233\char siew pau\7M1JHAN7TBOC0GJFXOIAKAJD.jpg,char siew pau,all,5d24f52287fef01bb771826f8c8f4187,cd413598ea65d173
../foodsg-233\oyster omelette\67L9QQPC9IKJ9QZLPWJHNXH3.jpg,oyster omelette,all,5d28b89fcf0d2f781612d4f507f674cf,87ea1c23706d636e
../foodsg-233\chai tow kuay\K0UVRYNPMZ4MI4SO9V528DJB.jpg,chai tow kuay,all,5d28b89fcf0d2f781612d4f507f674cf,87ea1c23706d636e
../foodsg-233\vegetable soup\L3CHJRHN9SYIFCV950XLQ4I8.jpg,vegetable soup,all,5d4a2bdb4f88eae49e2149645ba44862,8883af1dd78de898
../foodsg-233\mixed vegetables\49AGYIWZ9WPJUWRYZ4P2NQKL.jpg,mixed vegetables,all,5d4a2bdb4f88eae49e2149645ba44862,8883af1dd78de898
../foodsg-233\Mee siam\UGVLME5YRRORIVKPVNNWN6LY.jpg,Mee siam,all,5d53105b6353dd112d9783ffa68c7c49,e983bf6af021812f
"../foodsg-233\Mee siam, fried\O6DM6MJ59EC5CWZ75L4IYAQG.jpg","Mee siam, fried",all,5d53105b6353dd112d9783ffa68c7c49,e983bf6af021812f
../foodsg-233\drunken prawn\J5FJI0WP6GWA3Y2DFPGCGLFE.jpg,drunken prawn,all,5d7544eec577f66af21e7afa4efbd550,cba44cba6b371c16
../foodsg-233\pasta - fettuccine\7QHT45VRXJ6SGGHPVIEO7TRD.jpg,pasta - fettuccine,all,5d7544eec577f66af21e7afa4efbd550,cba44cba6b371c16
"../foodsg-233\Mee siam, fried\93MCD7QA593HJ4TECKSJ19W3.jpg","Mee siam, fried",all,5d7bbda94b65b8a1a8d0baacabe020c6,c99036567b65e459
../foodsg-233\Mee siam\4DC7S5X1T8FS3HWS6EN4TVSQ.jpg,Mee siam,all,5d7bbda94b65b8a1a8d0baacabe020c6,c99036567b65e459
../foodsg-233\green leafy vegetables\01FY02QXCGI5PGIMDJ7AR0RH.jpg,green leafy vegetables,all,5da642ed9c16a24976d646a4bee44f91,a8aaf2c0cec2ed8d
../foodsg-233\mixed vegetables\CAVOL6WMAG5CYGBZ6U6XSO77.jpg,mixed vegetables,all,5da642ed9c16a24976d646a4bee44f91,a8aaf2c0cec2ed8d
../foodsg-233\fried prawn\88KU52PS7XC016FZY2D4AEDK.jpg,fried prawn,all,5dd83bf8fdde3040d702f9c32db0b642,c88695933fd843b6
../foodsg-233\drunken prawn\HXJYCUDCRG5TTUPFLMAZA279.jpg,drunken prawn,all,5dd83bf8fdde3040d702f9c32db0b642,c88695933fd843b6
../foodsg-233\cream soup\W1HB496L9W0ZM1C76R1ENHJX.jpg,cream soup,all,5ddd8784114c2b23d20f0e1b1b0c94c2,8ff5d0f2d82a2964
../foodsg-233\mushroom soup\2QF84A6NI5C1IY9RFF8HGHBG.jpg,mushroom soup,all,5ddd8784114c2b23d20f0e1b1b0c94c2,8ff5d0f2d82a2964
"../foodsg-233\Rice, korean bulgogi beef\1MMDHMBHTFXOTZI37IHEKJ7M.jpg","Rice, korean bulgogi beef",all,5de2f73d437418375e50fe64895a8df0,c9b1173b0e2c6d35
../foodsg-233\drunken prawn\GS2IPBK0BPFQ6597L47BYZAY.jpg,drunken prawn,all,5de2f73d437418375e50fe64895a8df0,c9b1173b0e2c6d35
../foodsg-233\Seafood Noodles Soup\MU2216LIQTU8SV2DQM5J5XVW.jpg,Seafood Noodles Soup,all,5e0037379d159678294184d1c70b1f84,8ef48b9bf8067a0c
../foodsg-233\sliced fish soup\DS9593B2RY9GC3S3NKL54S81.jpg,sliced fish soup,all,5e0037379d159678294184d1c70b1f84,8ef48b9bf8067a0c
../foodsg-233\Mee soto\G4RYO34P6PJJKIVTUPMFZMZA.jpg,Mee soto,all,5e3b6d67598dfd15d6a1d0ec0cdb7675,807e0f6d1e385c75
../foodsg-233\Soto ayam\8N4BHEDQQNYZPDGMPR4JQZ4P.jpg,Soto ayam,all,5e3b6d67598dfd15d6a1d0ec0cdb7675,807e0f6d1e385c75
../foodsg-233\Kueh Salat\SRYCNLID1SGCYX6XLWQZSJIC.jpg,Kueh Salat,all,5e3c070f7ab36f7c246a7cf04e9d1cc0,99b5e6cf3ce042d0
../foodsg-233\Pung Kueh\E7JA132DKY8J2X2BTCPPTU81.jpg,Pung Kueh,all,5e3c070f7ab36f7c246a7cf04e9d1cc0,99b5e6cf3ce042d0
../foodsg-233\satay bee hoon\OTC4O7FAHP9LBGH4UEAMQLB3.jpg,satay bee hoon,all,5e4c0a43bca416209d9ee6639813ddf9,8fc1c0109bd377ae
../foodsg-233\bee hoon\TCC8HBTY5COXDLOXGJIBC260.jpg,bee hoon,all,5e4c0a43bca416209d9ee6639813ddf9,8fc1c0109bd377ae
../foodsg-233\Mee soto\1JC8FA0C4GRLJCKF1SONNG4H.jpg,Mee soto,all,5e88015514300514015924462a4a8137,b59d40370b922d6f
../foodsg-233\Soto ayam\POAH19KLWDAVTVWMH0TL06NG.jpg,Soto ayam,all,5e88015514300514015924462a4a8137,b59d40370b922d6f
../foodsg-233\Chocolate\8RDYKTXC99BFVLZNIQUPJ655.jpg,Chocolate,all,5ebf7fef743d8138ffed4dbc915f77ea,bb6291e491b56c96
../foodsg-233\Sweets\TF6X6KFUPN2FDIMRC0X7GVA2.jpg,Sweets,all,5ebf7fef743d8138ffed4dbc915f77ea,bb6291e491b56c96
../foodsg-233\chai tow kuay\RI1YC7LOQR8X1LMYYPZ0S7CW.jpg,chai tow kuay,all,5ed752f174e684131c9efa1a60bb23b0,aeb6afc08582d4cb
../foodsg-233\Kway Teow\VKTNUHUDRTFO263A9ISXAHUR.jpg,Kway Teow,all,5ed752f174e684131c9efa1a60bb23b0,aeb6afc08582d4cb
../foodsg-233\Mee rebus\OKCKXHA2E2BGML0KFRD3TRHE.jpg,Mee rebus,all,5eed0ef0e666fcefc64c9af5f022f514,f158e0c15763d746
../foodsg-233\Mee soto\0WB75Y7DD5LRGB3G9ITPA3WH.jpg,Mee soto,all,5eed0ef0e666fcefc64c9af5f022f514,f158e0c15763d746
../foodsg-233\fried chicken\W6XRYDZJKBMZFKQN5V7D7X2W.jpg,fried chicken,all,5ef8c18e80801f3dd86a973c1e90eab7,ee5b80c48bc1af8e
../foodsg-233\har cheong gai\6IINM2PP5MCPM26DO0W4WUP2.jpg,har cheong gai,all,5ef8c18e80801f3dd86a973c1e90eab7,ee5b80c48bc1af8e
../foodsg-233\Fish Ball Noodles\H72OMLNYRPV2Q58OOTR8CRFT.jpg,Fish Ball Noodles,all,5fba25c53c2fb624fcfae5ddf4ccc356,bec1ed86e00fc03b
../foodsg-233\tom yum noodle soup\6BLPDHLI8Y2KJARYMHJORINP.jpg,tom yum noodle soup,all,5fba25c53c2fb624fcfae5ddf4ccc356,bec1ed86e00fc03b
../foodsg-233\Fruit juice\1L19O3XIRIOLV5AQIWGG5CZN.jpg,Fruit juice,all,60228bf7ab3c52fedaa6fcc433c491ad,87487c37b25bcd24
../foodsg-233\honeydew\WT6ZAHRWFL4YTNQPJ1DWVG83.jpg,honeydew,all,60228bf7ab3c52fedaa6fcc433c491ad,87487c37b25bcd24
"../foodsg-233\Mee siam, fried\6RZB0RQ1EYAEVE4S5OK8UQ76.jpg","Mee siam, fried",all,6037523ea8f6ac5b8b5530cc8b8d62aa,cd2b0fa92a252fb8
../foodsg-233\Fried Noodles\BW6KS5LX56ZEJOXIF7DIQ1BA.jpg,Fried Noodles,all,6037523ea8f6ac5b8b5530cc8b8d62aa,cd2b0fa92a252fb8
"../foodsg-233\Bee hoon, goreng\USQD6HC3BRMARRCLVJCRUB67.jpg","Bee hoon, goreng",all,6037523ea8f6ac5b8b5530cc8b8d62aa,cd2b0fa92a252fb8
"../foodsg-233\Bee hoon, soto\DYDQXH8V6QCYH4373NPYDJKC.jpg","Bee hoon, soto",all,608596bb2a7ddd114fdae52b20d79efc,f6a004b8c77207f7
../foodsg-233\bee hoon\Q959S2M5JD3FLJEHQEJURQ9B.jpg,bee hoon,all,608596bb2a7ddd114fdae52b20d79efc,f6a004b8c77207f7
"../foodsg-233\Bee hoon, goreng\GRB8NWVX3OQPB1NTCSAE2KTZ.jpg","Bee hoon, goreng",all,608596bb2a7ddd114fdae52b20d79efc,f6a004b8c77207f7
../foodsg-233\Mee soto\A1U0X77QEMCR0Y54LCNO6LNA.jpg,Mee soto,all,60cb09edc10b66bf691f9c112ac53375,fa909dcc99d24aca
../foodsg-233\Soto ayam\8H0ME3DVKO1E6U62JOIH78OJ.jpg,Soto ayam,all,60cb09edc10b66bf691f9c112ac53375,fa909dcc99d24aca
../foodsg-233\Mee siam\48MT2MRXOAQCHE2TO2XG6IOX.jpg,Mee siam,all,60df013b23b827be536fc76cbb82ec31,dfe046b00ba9ad93
../foodsg-233\Mee rebus\MVAK0NZVZTHM3TWWYMDL971J.jpg,Mee rebus,all,60df013b23b827be536fc76cbb82ec31,dfe046b00ba9ad93
../foodsg-233\bee hoon\UKQ57BFL6FSN26B9KAQ09R5Y.jpg,bee hoon,all,60e875ca329dd8acfec549231505c5ac,d2cc4c72ad1da4b5
"../foodsg-233\Bee hoon, goreng\2EIIE7VICLNT1RT4ZONC4AFP.jpg","Bee hoon, goreng",all,60e875ca329dd8acfec549231505c5ac,d2cc4c72ad1da4b5
../foodsg-233\hokkien prawn mee\MRYBM6DNGGR7755MCMQJLS5I.jpg,hokkien prawn mee,all,60fe4b13f10c7d5c8fac6f868b2e2835,bbccc13f1ce2c132
../foodsg-233\vegetarian bee hoon\1AZRVM5VT56SY2VIKUFIMC76.jpg,vegetarian bee hoon,all,60fe4b13f10c7d5c8fac6f868b2e2835,bbccc13f1ce2c132
../foodsg-233\canned Fruit salad\8UIX5H41CCQ0OX9V0XKVL5B3.jpg,canned Fruit salad,all,61031c5ff1ef59a2fde13883c76b805e,b9f403720cc9da5b
../foodsg-233\pineapple\BNTNH96KZLU2B2UE4YEOQIQB.jpg,pineapple,all,61031c5ff1ef59a2fde13883c76b805e,b9f403720cc9da5b
../foodsg-233\lontong\P01XX0ASMZ5J90HP90YDM018.jpg,lontong,all,6169edfa033a475b3d499c43d6e6f4b6,f847283e85ca6778
../foodsg-233\Lontong with sayur lodeh\2FMMBUAJFJXUEPQVZCELCU16.jpg,Lontong with sayur lodeh,all,6169edfa033a475b3d499c43d6e6f4b6,f847283e85ca6778
../foodsg-233\whole grain bread\UBT6UUOQHX41DX973UC72LV0.jpg,whole grain bread,all,617bdfd3a652e95668e34dc24acd3006,d32d1eb36a246933
../foodsg-233\whole wheat\RKT82185LKF63UHHXFZIGF6V.jpg,whole wheat,all,617bdfd3a652e95668e34dc24acd3006,d32d1eb36a246933
../foodsg-233\whole wheat\FQCP4LIU81L9ZWUWMUSEGGSD.jpg,whole wheat,all,61b951e59071b88fd44adf05356925d9,801f477e173930b7
../foodsg-233\whole grain bread\IT9YTGEJQNRAEHV8C95ME0CB.jpg,whole grain bread,all,61b951e59071b88fd44adf05356925d9,801f477e173930b7
"../foodsg-233\Mee siam, fried\RBN4059GN5OTFACCV4TWIMJ1.jpg","Mee siam, fried",all,61e7be54ea61a2ee627b5a24b855850c,9cc124d742975f9c
"../foodsg-233\Bee hoon, goreng\LUE0YUIKQFHSILTLXPE5V0TR.jpg","Bee hoon, goreng",all,61e7be54ea61a2ee627b5a24b855850c,9cc124d742975f9c
../foodsg-233\Mee soto\IM5JWWPK3T3H2IY3WGWDEWF3.jpg,Mee soto,all,61eb74dd1e15106f6883ecf9ee6987d8,f4f04bca0d057d99
../foodsg-233\Soto ayam\X94VXYCAX7X0UX1L45G8EGCR.jpg,Soto ayam,all,61eb74dd1e15106f6883ecf9ee6987d8,f4f04bca0d057d99
"../foodsg-233\Bee hoon, goreng\GF8KNHS3UYNIY1JJDWX3YL2E.jpg","Bee hoon, goreng",all,622120c156624edfd09d72211f07d067,994927b6682cd733
../foodsg-233\bee hoon\RWH37MTCV0YL92W75ZJCCFLW.jpg,bee hoon,all,622120c156624edfd09d72211f07d067,994927b6682cd733
"../foodsg-233\Mee siam, fried\MSOQPZ6AO71XZ395V8PBWG22.jpg","Mee siam, fried",all,625b104090f14e993ea8a7f08b1415c2,c4bd12704bc367e6
../foodsg-233\Mee siam\CCKRR5TYH8YHN7GQ6LHB2VEQ.jpg,Mee siam,all,625b104090f14e993ea8a7f08b1415c2,c4bd12704bc367e6
"../foodsg-233\Bee hoon, goreng\EBB3G13AI35WKH8ODSFP8H50.jpg","Bee hoon, goreng",all,625b104090f14e993ea8a7f08b1415c2,c4bd12704bc367e6
../foodsg-233\bee hoon\IS8V8DX69TVT2T5Y0QOJR4MH.jpg,bee hoon,all,62e8dfde8a8d0f5e2e68499db29a69dd,fac0fcdb838f8288
"../foodsg-233\Bee hoon, soto\0UVNWD4CF4IABWETRV3YUIVW.jpg","Bee hoon, soto",all,62e8dfde8a8d0f5e2e68499db29a69dd,fac0fcdb838f8288
../foodsg-233\Lontong with sayur lodeh\5BKL2X2EBACFG47K99L85SDO.jpg,Lontong with sayur lodeh,all,62f3e24e378f20d64b1bc17be283f5e5,eae81f602db46593
../foodsg-233\lontong\QL5ZMMCQDWOV8XFJ0NUQKZYE.jpg,lontong,all,62f3e24e378f20d64b1bc17be283f5e5,eae81f602db46593
../foodsg-233\mee pok\WTBO5IHO4ZHLA0AOIHGSFH3O.jpg,mee pok,all,630d8b17ec301b32fa63560e25bac33b,85135c6a6e6b539c
../foodsg-233\Fish Ball Noodles\6QB8CB8KI0AD21RDD3P2XB0R.jpg,Fish Ball Noodles,all,630d8b17ec301b32fa63560e25bac33b,85135c6a6e6b539c
../foodsg-233\Ban Mian\W0EESHV8DPBAK8P4PXIJESVV.jpg,Ban Mian,all,63c33b52066d6a6a370fd37b1721d648,d29c69720d36d9c3
../foodsg-233\Seafood Noodles Soup\2Y2TIMW26QH7N1HP3S6767UN.jpg,Seafood Noodles Soup,all,63c33b52066d6a6a370fd37b1721d648,d29c69720d36d9c3
"../foodsg-233\Bee hoon, soto\FG3GUF0X2KDT09KW8RBY6U37.jpg","Bee hoon, soto",all,63c33b52066d6a6a370fd37b1721d648,d29c69720d36d9c3
../foodsg-233\satay bee hoon\LN6FQV3SR772QOM9PYNDHBYY.jpg,satay bee hoon,all,63cace7c72235a072a36fe0e5ff4eb2a,aea4d58292af8a3d
../foodsg-233\bee hoon\GY692VUB2J2ME0DZEIXWKT7U.jpg,bee hoon,all,63cace7c72235a072a36fe0e5ff4eb2a,aea4d58292af8a3d
../foodsg-233\beef noodle soup\O986IQ6ZJAPM909U2IO6CEP1.jpg,beef noodle soup,all,63e72383268cf65cf2b33eb2c6bb4aa7,8239b535da11e9da
../foodsg-233\Udon\JIIHO2AOW0RLNR70JTTCMIKK.jpg,Udon,all,63e72383268cf65cf2b33eb2c6bb4aa7,8239b535da11e9da
../foodsg-233\nasi lemak\Z2497F5HJ4KRB18CWPGL7I0U.jpg,nasi lemak,all,63f0a867bb3985d9b589391434afecca,fa4fa564c0b283ea
../foodsg-233\Nasi Ambeng\0ID8H6HR7M7WHTDDXHY8WAUK.jpg,Nasi Ambeng,all,63f0a867bb3985d9b589391434afecca,fa4fa564c0b283ea
../foodsg-233\Duck Rice\3QBGOM0RPZAGMWKNDUHNXFCD.jpg,Duck Rice,all,6411432b253caefc49019473bd36cbcf,c2da88ccb595b6d4
../foodsg-233\char siew\MW8PXCY6AS8YT8T6TD9975PJ.jpg,char siew,all,6411432b253caefc49019473bd36cbcf,c2da88ccb595b6d4
../foodsg-233\bee hoon\36ZHISC1ZDFMY9UAGUFC6M2A.jpg,bee hoon,all,64144d8d1d7cf32392d5a7422be78e24,bd57d66ac1658462
"../foodsg-233\Bee hoon, goreng\NX4SW3LSEO2MFLUIVBHFLCF8.jpg","Bee hoon, goreng",all,64144d8d1d7cf32392d5a7422be78e24,bd57d66ac1658462
../foodsg-233\Mee goreng\BG6AOGGM66ZGJOSYTX3DYOCX.jpg,Mee goreng,all,64217edbb63e7fec41a776100cfe7cad,8ea426a76bb4acc5
../foodsg-233\Mee kuah\WV34SWTQBRNTJBZOBOFKRL1T.jpg,Mee kuah,all,64217edbb63e7fec41a776100cfe7cad,8ea426a76bb4acc5
../foodsg-233\Nasi Ambeng\9CSL4BBPL9LVK5NC3AZCA7R3.jpg,Nasi Ambeng,all,642777eef52d7888f066165731fec9cd,c1b11ec36c9a33cd
../foodsg-233\nasi lemak\1PDC80M2JN5GDL8L8ASUPNBM.jpg,nasi lemak,all,642777eef52d7888f066165731fec9cd,c1b11ec36c9a33cd
../foodsg-233\xiao long bao\W26EI0UQG7ZGUMNC8EE3LQFV.jpg,xiao long bao,all,644f9fd3af1e60e9c3fa874a4ca96a9c,d7624b9d5823a696
../foodsg-233\steamed buns\06T0JE0TJ2G02OYT475NCX08.jpg,steamed buns,all,644f9fd3af1e60e9c3fa874a4ca96a9c,d7624b9d5823a696
../foodsg-233\Prawn Noodle\RGASX7RKF5YDRKYYPJI7JJF3.jpg,Prawn Noodle,all,645a5835ff250e83fded1d63e9682562,e2de8f049c98b49b
../foodsg-233\Lor mee\WE8J9WC2KJ83CYFPE9W6R0QP.jpg,Lor mee,all,645a5835ff250e83fded1d63e9682562,e2de8f049c98b49b
../foodsg-233\Mee kuah\QMZ1M7BJUQN9IBXPCTIEV6VW.jpg,Mee kuah,all,649fef43aa36ffcfaf76593a1c9cbdd3,99fa24e4cdb55270
../foodsg-233\Mee bandung\P6D11L7WG10NCW9HM7M0HMVU.jpg,Mee bandung,all,649fef43aa36ffcfaf76593a1c9cbdd3,99fa24e4cdb55270
../foodsg-233\Mee rebus\ITB358NYH6SENX3RHLA3PLHC.jpg,Mee rebus,all,64b6f1d59c8aa3190a0418eb93a37b5a,e085875a4ff28db2
../foodsg-233\Mee bandung\DWJBBTIQINW2GFNS87DMVDQM.jpg,Mee bandung,all,64b6f1d59c8aa3190a0418eb93a37b5a,e085875a4ff28db2
"../foodsg-233\Bee hoon, soto\QF6I1K9EPPIVRDBW0TVZ76MQ.jpg","Bee hoon, soto",all,64d6c9007ed46da6bdc8ee8f943c3389,f083c39ec63883e7
../foodsg-233\Mee soto\00OALL39TEDDH5TZO4L6SVKO.jpg,Mee soto,all,64d6c9007ed46da6bdc8ee8f943c3389,f083c39ec63883e7
../foodsg-233\guava\HR41UGXL5NA6PT1NWQAAI4U6.jpg,guava,all,64d710b2dc126ad04a504d3f107779de,86432f3c715a90df
../foodsg-233\pomegranate\PFM140FOIY067EQDUT674XXX.jpg,pomegranate,all,64d710b2dc126ad04a504d3f107779de,86432f3c715a90df
../foodsg-233\Duck Rice\B12IXI6KGAVQBHILJOSA4YU0.jpg,Duck Rice,all,64e7e77e5657fc28a536910e80cce5eb,a87a41df1f783b20
../foodsg-233\chicken rice\HB99OEX0QNT92Y7LVPWBNJ18.jpg,chicken rice,all,64e7e77e5657fc28a536910e80cce5eb,a87a41df1f783b20
../foodsg-233\char siew pau\UMJKGMHLOMP7PO0DAA992AAQ.jpg,char siew pau,all,65024a2ceed2080049a71b3f7ad38acf,87e5303b4b1c4b7a
../foodsg-233\steamed buns\35BBNVQ1T1JURPYAJCKIJZBY.jpg,steamed buns,all,65024a2ceed2080049a71b3f7ad38acf,87e5303b4b1c4b7a
../foodsg-233\Mee bandung\HAQH2ZO7Y1IRN325272F2P9J.jpg,Mee bandung,all,6502d66c5013ec7759bf5b8d11d0d394,85943ed661d86763
"../foodsg-233\Bee hoon, soto\UXTWCFCZS1ZZAG6RD17NWHPO.jpg","Bee hoon, soto",all,6502d66c5013ec7759bf5b8d11d0d394,85943ed661d86763
../foodsg-233\assam pedas\9MUZ7ADB0LE3J653HETYWDE7.jpg,assam pedas,all,6503db126abe1252a911e4f5764ea64c,b5f76a7218c02e8b
../foodsg-233\fish head curry\PQJN7DC5M0XOY0JK3KDIERH3.jpg,fish head curry,all,6503db126abe1252a911e4f5764ea64c,b5f76a7218c02e8b
../foodsg-233\chin chow drink\F35XCTY64UJEV5NPUUSYPQUW.jpg,chin chow drink,all,652bea14641c98d176ec0f057c83031e,c18cb4732d1e3a57
../foodsg-233\Bubble Milk Tea\G81H9W48DIO3BWVK2FZVJVTO.jpg,Bubble Milk Tea,all,652bea14641c98d176ec0f057c83031e,c18cb4732d1e3a57
"../foodsg-233\Mee siam, fried\8NCLQN3MNPXR6WPV0A9TUD3K.jpg","Mee siam, fried",all,652f931d0a2f2a6015b818032fd841e7,9b837d8a618e38d9
"../foodsg-233\Bee hoon, goreng\NOLPYMU0UOU9M4Q0D2RVN5KY.jpg","Bee hoon, goreng",all,652f931d0a2f2a6015b818032fd841e7,9b837d8a618e38d9
../foodsg-233\chicken masala\KCTLQG8NO5QTLH0JWW2BLUT5.jpg,chicken masala,all,65362feb36d2a56348b8dacc19527da6,9115177c113f956d
../foodsg-233\tandoori chicken\2C29XXTYK1ZCCBUB2MGZVXV3.jpg,tandoori chicken,all,65362feb36d2a56348b8dacc19527da6,9115177c113f956d
"../foodsg-233\Bee hoon, goreng\ZHKLOOZGRIE8KHM2IUF7CYGQ.jpg","Bee hoon, goreng",all,653e24c286452c07c24558bf049ccb66,f9a5c7968657a212
../foodsg-233\bee hoon\6UR1TL52WADKXH9LK9XFUQ7G.jpg,bee hoon,all,653e24c286452c07c24558bf049ccb66,f9a5c7968657a212
../foodsg-233\bee hoon\ZT41U5AV4N7SNT7PQXA2JW9Z.jpg,bee hoon,all,65637912d7b537e03f7249dd9f7f40fd,8f2f2585479523d5
"../foodsg-233\Bee hoon, soto\3LQVY5ZAH19LRZY80EWTLXJI.jpg","Bee hoon, soto",all,65637912d7b537e03f7249dd9f7f40fd,8f2f2585479523d5
../foodsg-233\vegetable soup\JPEMLXKYK44XGMFRDKY03AKN.jpg,vegetable soup,all,656ec763b16942ee48b9f68d6db029f7,92ccf6ac53969187
../foodsg-233\chicken soup\FCRQCAR6C79LHUVCGJN2ZAMX.jpg,chicken soup,all,656ec763b16942ee48b9f68d6db029f7,92ccf6ac53969187
../foodsg-233\Lontong with sayur lodeh\A10B4U38GZHFFXWXSVAXJMUG.jpg,Lontong with sayur lodeh,all,659079d89a6f17970f7706673b22a436,c5de16d99a218a67
../foodsg-233\lontong\H90CG540Q393M4353MG1FBIF.jpg,lontong,all,659079d89a6f17970f7706673b22a436,c5de16d99a218a67
../foodsg-233\whole wheat\GOIP9W5QW00LAS9DPM83AR83.jpg,whole wheat,all,6597d7a4fae9cf0e76097b0bb1eec821,87f0e807fcc31da4
../foodsg-233\wholegrain pasta\VW9L7Z8LAR92RVGP6ODJPBPG.jpg,wholegrain pasta,all,6597d7a4fae9cf0e76097b0bb1eec821,87f0e807fcc31da4
../foodsg-233\Mee soto\4X681NVK83SMMRQUFV95SXO8.jpg,Mee soto,all,65e7d049b41d5b924ef3018fa2600706,81c06f1ee46adef0
../foodsg-233\Soto ayam\1ZIDZ6FXBIQKXOUP2RVT7JZ7.jpg,Soto ayam,all,65e7d049b41d5b924ef3018fa2600706,81c06f1ee46adef0
../foodsg-233\sliced fish soup\FNYOM02YJMSBIHKCS3GBLJFL.jpg,sliced fish soup,all,6621ccae4160ab1f374e1a3c4bad8433,8fd26cb631d1629a
../foodsg-233\Seafood Noodles Soup\35EN5TZS61LXSHRXUPA3L4IF.jpg,Seafood Noodles Soup,all,6621ccae4160ab1f374e1a3c4bad8433,8fd26cb631d1629a
../foodsg-233\Mee soto\BR1SGX5ANNZNPDBLGEGM4S94.jpg,Mee soto,all,66403f0e582ff51bdbdceb692d7d60f7,ebc4ab8aa41b95ac
"../foodsg-233\Bee hoon, soto\BRP38UORXCCHI7ON9R2P830A.jpg","Bee hoon, soto",all,66403f0e582ff51bdbdceb692d7d60f7,ebc4ab8aa41b95ac
../foodsg-233\whole wheat\PA4GHIYCSN009A11FPTU54NM.jpg,whole wheat,all,66679a9ea003136ab2bb87b0e119cda9,87027cb9b2659a6e
../foodsg-233\whole grain bread\Q7GNDZ0TC2M7CU79F0LE2160.jpg,whole grain bread,all,66679a9ea003136ab2bb87b0e119cda9,87027cb9b2659a6e
../foodsg-233\satay bee hoon\WSB4WKZV3QFAWJNGIX1C4HVO.jpg,satay bee hoon,all,66ac0fef1877b499f3e8d1ef9db7d4f7,ef87a18187d89c78
../foodsg-233\Fried Noodles\W6AO49O7YJYAN0YY2XA3JN2S.jpg,Fried Noodles,all,66ac0fef1877b499f3e8d1ef9db7d4f7,ef87a18187d89c78
../foodsg-233\ayam penyet\HYI93DFGX30X22Q6NJ289O2X.jpg,ayam penyet,all,66b8a345564708d50fc39581bc2e337e,879235adca471bb1
../foodsg-233\fried chicken\38TKQIHC7214LXEXRSW0DR7B.jpg,fried chicken,all,66b8a345564708d50fc39581bc2e337e,879235adca471bb1
../foodsg-233\Soto ayam\2HGW657DS5OYG3YQIHRQ4WY3.jpg,Soto ayam,all,66e3f33429afd06b41c29745f7cee9df,ae99bd0c75235472
../foodsg-233\Mee soto\CH04CEVE2PTH9T7WZCSBOVGI.jpg,Mee soto,all,66e3f33429afd06b41c29745f7cee9df,ae99bd0c75235472
../foodsg-233\Soto ayam\YFPES9PXGNCMFUKIWTBZLIUT.jpg,Soto ayam,all,66f843549ac958f4fff978b124872d5e,fad4e0d1d75e5060
"../foodsg-233\Bee hoon, soto\MRLIQA0Y27NRNQXAZBTNJS6I.jpg","Bee hoon, soto",all,66f843549ac958f4fff978b124872d5e,fad4e0d1d75e5060
../foodsg-233\bak chor mee\UPTKBO38L68R656RPG6CZMDM.jpg,bak chor mee,all,66ff8aa2379ba576bdcb66934eb6345c,c0df57fa07a885c1
../foodsg-233\mee pok\9OBGQANZDC64E0M44KQ2HEAF.jpg,mee pok,all,66ff8aa2379ba576bdcb66934eb6345c,c0df57fa07a885c1
../foodsg-233\Soto ayam\HAC5PS4SE9ZGIOCX2NMZ2XSY.jpg,Soto ayam,all,672c804f8993dc692e9e7eb933682624,81c3be9c3957c18d
../foodsg-233\Mee soto\LAB2RQA06KUO944NGTAC2Y4U.jpg,Mee soto,all,672c804f8993dc692e9e7eb933682624,81c3be9c3957c18d
../foodsg-233\fried chicken\OEWVZQA4T7H8WK0VT5F25FFO.jpg,fried chicken,all,672f7a00a1c5461166e056c0775eb325,9ae434d37c780a37
../foodsg-233\fried fish\2UTCQ9IOHQ6H9758U3Y52D9B.jpg,fried fish,all,672f7a00a1c5461166e056c0775eb325,9ae434d37c780a37
../foodsg-233\Dumpling noodle soup\XH1YHT6IL56YUJHZEA1AVYO1.jpg,Dumpling noodle soup,all,67416ac4587f699aa88b0f90d86975de,b5b4ca9c6d1061eb
"../foodsg-233\Wanton mee, dry\JFXOIRGH6NFMACWF7I22BMA7.jpg","Wanton mee, dry",all,67416ac4587f699aa88b0f90d86975de,b5b4ca9c6d1061eb
../foodsg-233\Mee kuah\QLGO3ZRDCJYARKAZYTWEZC5X.jpg,Mee kuah,all,675828ad19033edd651209c0326a951f,81558fd27b3c8c8b
../foodsg-233\Mee rebus\U535R1PYZOFWSAY1FFYB9J3V.jpg,Mee rebus,all,675828ad19033edd651209c0326a951f,81558fd27b3c8c8b
../foodsg-233\Mee kuah\MJT8057YFVMEKN71PAOTFPW8.jpg,Mee kuah,all,677d17273dc84e18376ecaae1bbf15ba,ba85753a69a9c8d4
../foodsg-233\Mee bandung\6TZ7C1868PZ0OKVA74ALQZL6.jpg,Mee bandung,all,677d17273dc84e18376ecaae1bbf15ba,ba85753a69a9c8d4
../foodsg-233\strawberry\WDTBZXYNNZKRYUXHXFRK0UPG.jpg,strawberry,all,6785a1702be54267c05e6e83a8a08b63,a59249259ff7494a
../foodsg-233\blueberries\PING9HQWTJPH9ECCMSWFFT3T.jpg,blueberries,all,6785a1702be54267c05e6e83a8a08b63,a59249259ff7494a
../foodsg-233\Lontong with sayur lodeh\35ZZ4D5IIP9T5FARW5S6KXJ3.jpg,Lontong with sayur lodeh,all,67c9fc6a3ad0173240f27ec051fe09a7,b4e512cc4b4b3e65
../foodsg-233\Mee siam\LWDBIP8PKRDC9IWPJNWNQUUM.jpg,Mee siam,all,67c9fc6a3ad0173240f27ec051fe09a7,b4e512cc4b4b3e65
../foodsg-233\lontong\QLUBC8WBQPUMHSBZ0O86KOC4.jpg,lontong,all,67c9fc6a3ad0173240f27ec051fe09a7,b4e512cc4b4b3e65
../foodsg-233\whole wheat\5KJO86VQW6UFIZKG57E8N8TE.jpg,whole wheat,all,67d52c857d88cdca18c6a444b26a4727,cddb4b3d70b4f040
../foodsg-233\whole grain bread\EX2PJP0WCMYMW8UQBJ3C6C19.jpg,whole grain bread,all,67d52c857d88cdca18c6a444b26a4727,cddb4b3d70b4f040
"../foodsg-233\Bee hoon, goreng\ORW4I78RRNMN5UCEQ9UVMML9.jpg","Bee hoon, goreng",all,67da768e9b2d61d1c5e2317b256e0dd4,a047477ec6b09ba3
../foodsg-233\Mee siam\5A7MTVQCRXMJGNU0OLJMINAO.jpg,Mee siam,all,67da768e9b2d61d1c5e2317b256e0dd4,a047477ec6b09ba3
../foodsg-233\Macaroni\ZQEXN5GA8B7JFN3CFW9NGKWI.jpg,Macaroni,all,6809c4dbcfad04f97c96b4e09f4ebe3d,c06f2ba59597925a
../foodsg-233\chicken soup\K689IE5PNA0LHZFCGJDUWNNB.jpg,chicken soup,all,6809c4dbcfad04f97c96b4e09f4ebe3d,c06f2ba59597925a
"../foodsg-233\Bee hoon, goreng\FVE46JGUN7Z530NMN0FJXPHL.jpg","Bee hoon, goreng",all,680a528814b40941ddfcedc39ca9b366,d2a52dc316bc2ace
../foodsg-233\Fried Noodles\VEHLSSOYH30Y9CPPFCE2FIC8.jpg,Fried Noodles,all,680a528814b40941ddfcedc39ca9b366,d2a52dc316bc2ace
"../foodsg-233\Bee hoon, soto\Y0PSMVJY6KEDIMTABTXU25I4.jpg","Bee hoon, soto",all,6835b8a6bc318786389fc694df9a3783,c62e0ab9393d4dac
../foodsg-233\Mee soto\1Z4IMXQTJZNVTP5M1KKQCRMU.jpg,Mee soto,all,6835b8a6bc318786389fc694df9a3783,c62e0ab9393d4dac
"../foodsg-233\Mee siam, fried\AQ59O4L0SB4KS7T9DL0V69ZU.jpg","Mee siam, fried",all,6836a805840f614aaf463f4d2e5dace3,aacde54b820b83bd
"../foodsg-233\Bee hoon, goreng\DNYCAUX3XSRR81WXAQRZ44FE.jpg","Bee hoon, goreng",all,6836a805840f614aaf463f4d2e5dace3,aacde54b820b83bd
../foodsg-233\Mee soto\ID4GQWEXG13PNZYCGXRNR6K7.jpg,Mee soto,all,684449fc047475f41b00b41f2081a51e,c39b0756aae2655c
"../foodsg-233\Bee hoon, soto\O005C2V969OB8W9Z1ZXLA6VQ.jpg","Bee hoon, soto",all,684449fc047475f41b00b41f2081a51e,c39b0756aae2655c
../foodsg-233\Mee rebus\3SORNGZA7J86OVFDFVD9KSM6.jpg,Mee rebus,all,686c8b5ed5c2c9025dbff0094fd87be6,f4f201e817817fc5
../foodsg-233\Mee bandung\N4089DAO35IDUUJRBW1RMU08.jpg,Mee bandung,all,686c8b5ed5c2c9025dbff0094fd87be6,f4f201e817817fc5
../foodsg-233\Mee soto\1UVPHV8QI8UCJXUWYDBSMD0U.jpg,Mee soto,all,687e44c8198cc21236dfe102443ee723,e68c78e605f97864
"../foodsg-233\Bee hoon, soto\DANHGWEAVP8UGYPF0GMPN91L.jpg","Bee hoon, soto",all,687e44c8198cc21236dfe102443ee723,e68c78e605f97864
../foodsg-233\drunken prawn\EIHG5FOWLH1KN40VKEB161PZ.jpg,drunken prawn,all,6888cf56779cb27c06850b142a653274,fcdbc40ec31b0c39
../foodsg-233\fried prawn\0U9BLP369NKZS7XATTPBR1S9.jpg,fried prawn,all,6888cf56779cb27c06850b142a653274,fcdbc40ec31b0c39
../foodsg-233\lontong\76OQWOX6NQCJYO3M3U6SWG38.jpg,lontong,all,689b5268a04d089296f18be926475d11,b416165ebaec85c5
../foodsg-233\Lontong with sayur lodeh\TZMCQFGJ9JHIMEPP2GHD5CYN.jpg,Lontong with sayur lodeh,all,689b5268a04d089296f18be926475d11,b416165ebaec85c5
../foodsg-233\kueh lapis - rainbow\966LH6O36EDXQF86CWXXP61E.jpg,kueh lapis - rainbow,all,68a37369ac59b3dd4e95550aa14888c7,d1cc3afd9ce06e80
../foodsg-233\Kueh Salat\LKZXU6XSM2E71RGJKVWEEN14.jpg,Kueh Salat,all,68a37369ac59b3dd4e95550aa14888c7,d1cc3afd9ce06e80
../foodsg-233\ice kacang\546FPU4HFVMRD6OXR7ZS8AE0.jpg,ice kacang,all,68c2252181ad8bc75d5d7329d53e9ed5,b9f0d513d207cb13
../foodsg-233\cheng tng\32QM8MTX7CB2Z1N6H1QSPYYV.jpg,cheng tng,all,68c2252181ad8bc75d5d7329d53e9ed5,b9f0d513d207cb13
"../foodsg-233\Mee siam, fried\B6DLLRK2S0DT6I6D2DHRJ53N.jpg","Mee siam, fried",all,68c6daef301cb4161528a0434e6e2574,a0de1f813f4b6938
../foodsg-233\Mee siam\BZ1RD9KKHUML39O281U6739J.jpg,Mee siam,all,68c6daef301cb4161528a0434e6e2574,a0de1f813f4b6938
../foodsg-233\bee hoon\6A9IPD9DCLYOYESHYRUKP4HD.jpg,bee hoon,all,68d3d718549f121c8310107a1ddd7aa2,ba35c8e0cf8566c6
"../foodsg-233\Bee hoon, goreng\TD4180SIDOXEZY8CRM78T5OZ.jpg","Bee hoon, goreng",all,68d3d718549f121c8310107a1ddd7aa2,ba35c8e0cf8566c6
../foodsg-233\Ban Mian\1L02DRXNH1A26DFGS6UTAQA3.jpg,Ban Mian,all,691607195c574159b8e71890cd6d9246,889a7fe16966444f
../foodsg-233\Seafood Noodles Soup\AN7SU6PE4ERM691I2R73FKP5.jpg,Seafood Noodles Soup,all,691607195c574159b8e71890cd6d9246,889a7fe16966444f
"../foodsg-233\Bee hoon, soto\U5YYCV0MATXQK65ZACDIRWTH.jpg","Bee hoon, soto",all,69875d7de69c6df5c2329982a9bd403e,99a744829f075a5f
../foodsg-233\Mee soto\V4XSXUST7HXG8VXSXVM6BDZ0.jpg,Mee soto,all,69875d7de69c6df5c2329982a9bd403e,99a744829f075a5f
../foodsg-233\char siew pau\9PPP8DN10J1CQ1CW6ITE9KBZ.jpg,char siew pau,all,69c65adfd599507be9fab800a5c7d4ec,904e1ffcc9c96435
../foodsg-233\steamed buns\UFM327GRGWO1N0OOZHABOHR1.jpg,steamed buns,all,69c65adfd599507be9fab800a5c7d4ec,904e1ffcc9c96435
../foodsg-233\Dumpling noodle soup\56WCYEZ3XASEUHE3Q55OTBKG.jpg,Dumpling noodle soup,all,69c93e9d7d7bf4ddf51c12741b337246,a55bcc994471b971
../foodsg-233\dumpling\JBZM6R2EBLEQ3UY6TPQK9C8K.jpg,dumpling,all,69c93e9d7d7bf4ddf51c12741b337246,a55bcc994471b971
"../foodsg-233\Bee hoon, goreng\5KJQFAM8ALIJZLBEE7LZ1UAZ.jpg","Bee hoon, goreng",all,6a296748e51a5ae25cf093226ff8e35c,cbf47442ae2dd225
../foodsg-233\bee hoon\JA30XOCJDN1L6BTRCR5P7M7L.jpg,bee hoon,all,6a296748e51a5ae25cf093226ff8e35c,cbf47442ae2dd225
../foodsg-233\green leafy vegetables\UL4YVPWGUQNPQTOPBGC03SPY.jpg,green leafy vegetables,all,6a30ff1c86eb86621c55043eaf78d13d,efb3d14c16f00cc6
../foodsg-233\mixed vegetables\9H3UO8GVZ8ZBNRAQ3CPR94F7.jpg,mixed vegetables,all,6a30ff1c86eb86621c55043eaf78d13d,efb3d14c16f00cc6
"../foodsg-233\Bee hoon, soto\D8GXRFVY3BFCYYWXXOG9913G.jpg","Bee hoon, soto",all,6a5a4f36d5e72a6d9e9549c2d060c157,fbacca4ba0b68742
../foodsg-233\Seafood Noodles Soup\08J43CVD07YOFJD044WZDITC.jpg,Seafood Noodles Soup,all,6a5a4f36d5e72a6d9e9549c2d060c157,fbacca4ba0b68742
../foodsg-233\kueh lapis - rainbow\GKL8J86OGTCJML81KO3U043I.jpg,kueh lapis - rainbow,all,6a7a0b1043b537dfc4030b8c74716619,b6c4795b9a08b317
../foodsg-233\kueh lapis baked\0KQ3QMII3DJE11BKG40IOCSE.jpg,kueh lapis baked,all,6a7a0b1043b537dfc4030b8c74716619,b6c4795b9a08b317
../foodsg-233\drunken prawn\HSAMTBBG8HB74YJCY8T5UE8A.jpg,drunken prawn,all,6a84d4a8f0868f4e0cd56538964fa470,eb451d24b09ef2c9
../foodsg-233\fried prawn\G70UO0WRR5E0CTCLXV6JEQ13.jpg,fried prawn,all,6a84d4a8f0868f4e0cd56538964fa470,eb451d24b09ef2c9
../foodsg-233\Grapefruit\9S59O8FQJ6FJXP1PV6CV6IOC.jpg,Grapefruit,all,6aa30032234ff7166583254dd798a668,8f8e129768c26de9
../foodsg-233\Pomelo\CKUNDUISEFFT7PWTXQC4MI7S.jpg,Pomelo,all,6aa30032234ff7166583254dd798a668,8f8e129768c26de9
../foodsg-233\Lontong with sayur lodeh\OM3F7N6GXVKLC1AMA5N7PWDH.jpg,Lontong with sayur lodeh,all,6ab2db4ceb03624302b1e15075b220a8,d1f2c8c921ce37b8
../foodsg-233\lontong\5YVYUOOKTIP19K77B8YZMAUE.jpg,lontong,all,6ab2db4ceb03624302b1e15075b220a8,d1f2c8c921ce37b8
../foodsg-233\steamed buns\89FLWKQ45ZQPCMUDOHOOO22Y.jpg,steamed buns,all,6abe84c5333ad985d41eb94c9101ebc0,f39781465b0e523e
../foodsg-233\char siew pau\GHAZWWT1E3AWVLTVVWC22ERW.jpg,char siew pau,all,6abe84c5333ad985d41eb94c9101ebc0,f39781465b0e523e
../foodsg-233\sambal stingray\YRKHMVLFEXQPCW1QN43ZEGJZ.jpg,sambal stingray,all,6b0022f41191d59b7ca585a188d4cc38,dfc04147c5ea9e38
../foodsg-233\nasi lemak\PO4DA017U2WVCHHDI3HQYSVS.jpg,nasi lemak,all,6b0022f41191d59b7ca585a188d4cc38,dfc04147c5ea9e38
../foodsg-233\lontong\QJHGWUEPI4U3WK7CGTKVSONU.jpg,lontong,all,6b029117cb95c4aa0cdf7e28fb87f57e,afc4d20f2de012bd
../foodsg-233\Lontong with sayur lodeh\S628Y3IXZD46XNTAM0SABM3Q.jpg,Lontong with sayur lodeh,all,6b029117cb95c4aa0cdf7e28fb87f57e,afc4d20f2de012bd
../foodsg-233\chai tow kuay\LA5I26KM5SGS052TUWELIGRR.jpg,chai tow kuay,all,6b0e3448be340e990a8c244f4e11ffbf,e8c5d505874cde56
../foodsg-233\oyster omelette\RENFX4PU0W8DSYT9UG2H2JQ8.jpg,oyster omelette,all,6b0e3448be340e990a8c244f4e11ffbf,e8c5d505874cde56
../foodsg-233\whole wheat\UUFHIE34WR9H2LYCQ4KXHVDX.jpg,whole wheat,all,6b250a23151a8df037b531df7113a7b8,816ac8cad04afa7f
../foodsg-233\whole grain bread\GVCOAUIQ3OT1WQNW57YEFSQ4.jpg,whole grain bread,all,6b250a23151a8df037b531df7113a7b8,816ac8cad04afa7f
../foodsg-233\fish head curry\839ACNMPU57CI1FC3YKGORYY.jpg,fish head curry,all,6b40899e87b953e8e4c8b6abdcb888b7,907f4f7a9f611043
../foodsg-233\assam pedas\2OV9407KZWYT151MJZ9I084D.jpg,assam pedas,all,6b40899e87b953e8e4c8b6abdcb888b7,907f4f7a9f611043
../foodsg-233\Mee siam\5KOFB1POI0N4SSS976W4VRV4.jpg,Mee siam,all,6b502c8533743e214d311b4199487938,a5d1d6cd521fe40c
"../foodsg-233\Mee siam, fried\JXK12V3BFFKQX0SLSPHU0Z7P.jpg","Mee siam, fried",all,6b502c8533743e214d311b4199487938,a5d1d6cd521fe40c
../foodsg-233\Soto ayam\PUWIYFW00EGGZKAH7C9YTW3P.jpg,Soto ayam,all,6b54a27e544f1ac17f8c5027e055117c,e9d06683723cabaa
../foodsg-233\Mee soto\ZWX1RMJ7P7N80XYHEJNY8A2J.jpg,Mee soto,all,6b54a27e544f1ac17f8c5027e055117c,e9d06683723cabaa
../foodsg-233\fried prawn\D5PSAVKPEUSTDD67NRLZMQTK.jpg,fried prawn,all,6b7cc077329549b431036799a19ab353,bd83523e4efc40f0
../foodsg-233\drunken prawn\ARJU2MTHW8N19774642JZM7B.jpg,drunken prawn,all,6b7cc077329549b431036799a19ab353,bd83523e4efc40f0
../foodsg-233\Mee siam\CKI9PRPBOMUNUL4VCY1TQOVV.jpg,Mee siam,all,6ba8a65b9065f936e9c61371abd5f4da,c0af0ff07cc3218f
../foodsg-233\bee hoon\6J1KH35FWRLEKHB03D70X4M3.jpg,bee hoon,all,6ba8a65b9065f936e9c61371abd5f4da,c0af0ff07cc3218f
"../foodsg-233\Bee hoon, goreng\T5FFDPTPWS76ARRDHXNR9G51.jpg","Bee hoon, goreng",all,6bb351cbf6f430137d858f9a5cfe923e,b94649d2e0f29e87
"../foodsg-233\Mee siam, fried\F9PQ73VHAMZPH4FXOWLG2F7Q.jpg","Mee siam, fried",all,6bb351cbf6f430137d858f9a5cfe923e,b94649d2e0f29e87
../foodsg-233\whole wheat\6YUX7306H9AS37YEY32EQIJD.jpg,whole wheat,all,6c249b7eabef1225dc1f3e3ade65bb58,e14c93b6cc1b989b
../foodsg-233\whole grain bread\FPOMEQN1XV7DBVWRILKG6TD2.jpg,whole grain bread,all,6c249b7eabef1225dc1f3e3ade65bb58,e14c93b6cc1b989b
../foodsg-233\Mee bandung\UYVXUYCYQ39R7NUUWI4HT8E1.jpg,Mee bandung,all,6c433ef4480ad23d4545500c182f065f,a980c60a0e2fbf3f
../foodsg-233\Mee rebus\733OVWLKKLSA04JP5CPGOHL0.jpg,Mee rebus,all,6c433ef4480ad23d4545500c182f065f,a980c60a0e2fbf3f
../foodsg-233\Mee siam\91PRD8SOIIR0ZISJNHPXVXPA.jpg,Mee siam,all,6ccd7c2d3ac8e98966bb6133b01eede2,cc3b1ace3b88a38d
"../foodsg-233\Mee siam, fried\YS6VMYVX6O0FNSYIE4RL7DYB.jpg","Mee siam, fried",all,6ccd7c2d3ac8e98966bb6133b01eede2,cc3b1ace3b88a38d
../foodsg-233\vegetarian bee hoon\MJN2B8IVDVJAO77L6615DUU9.jpg,vegetarian bee hoon,all,6ce0fffcb6fa877419aff76c9903dbfd,fbc09003c61f967b
../foodsg-233\satay bee hoon\HLQM0CZ8QR6FJLHYZDWWE5MQ.jpg,satay bee hoon,all,6ce0fffcb6fa877419aff76c9903dbfd,fbc09003c61f967b
"../foodsg-233\Bee hoon, soto\7ASVUDMJHG2DB1TB8L4IYDDU.jpg","Bee hoon, soto",all,6ce4e5b82bc87a9fb6429d30731877ae,b7a8d2857285ce27
../foodsg-233\Mee soto\O0S6OI2JR280RMNIZ4FQEQ6C.jpg,Mee soto,all,6ce4e5b82bc87a9fb6429d30731877ae,b7a8d2857285ce27
../foodsg-233\Soto ayam\EY8M98HWAP3P0H1AUZFY1XK6.jpg,Soto ayam,all,6ce4e5b82bc87a9fb6429d30731877ae,b7a8d2857285ce27
../foodsg-233\Ban Mian\GN1FRIZDJS6RM1Z3SMNNQ0YQ.jpg,Ban Mian,all,6d04f729e708f545bf12d7a74f70fde6,e95d8e6e936a8621
../foodsg-233\Mee soto\UV3BEC4N1SXOL67QICKUT88P.jpg,Mee soto,all,6d04f729e708f545bf12d7a74f70fde6,e95d8e6e936a8621
../foodsg-233\whole wheat\X1X7U1F2CM2FZOO3XSL2LMV0.jpg,whole wheat,all,6d40f097d37959f293a563dc31eb9540,8e84e0c2f74dda35
../foodsg-233\whole grain bread\8APNIF0SGNZJJE0GVTZ1PVHZ.jpg,whole grain bread,all,6d40f097d37959f293a563dc31eb9540,8e84e0c2f74dda35
../foodsg-233\bee hoon\CTQWAO7PPZWCWNVGATFEBACO.jpg,bee hoon,all,6d4472570da8adb2606191dc55730d6e,f2d7148e6a8aa9a3
"../foodsg-233\Bee hoon, goreng\XZSWYXNL68R25C88ZZNX6530.jpg","Bee hoon, goreng",all,6d4472570da8adb2606191dc55730d6e,f2d7148e6a8aa9a3
../foodsg-233\mixed vegetables\582DNOF4Y1827RP0U4TTGUEY.jpg,mixed vegetables,all,6d775ab5e203ccc2c1b7465580d99a01,e5ab96a4d8f1c883
../foodsg-233\fried prawn\CRU43SW50ZZPH4U8YK1J2EIL.jpg,fried prawn,all,6d775ab5e203ccc2c1b7465580d99a01,e5ab96a4d8f1c883
../foodsg-233\Mee goreng\U4A3O9WM4OJJ982OV26B5NOW.jpg,Mee goreng,all,6d9c0b4085ccec3f6651dd68c2d55121,aad5d192938b9f09
../foodsg-233\Fried Noodles\GLKZ6SO0RNKTBVLAYANMR0KQ.jpg,Fried Noodles,all,6d9c0b4085ccec3f6651dd68c2d55121,aad5d192938b9f09
../foodsg-233\sliced fish soup\U5QZ3P4ELWBOZ43CAWHLCJBZ.jpg,sliced fish soup,all,6da3914d232f23cd06874a554e014481,f7fe7aa020638781
../foodsg-233\Ban Mian\NZDTDCGZ8Z6K5CAGCMSSP9KF.jpg,Ban Mian,all,6da3914d232f23cd06874a554e014481,f7fe7aa020638781
../foodsg-233\Seafood Noodles Soup\DC43BM1A22TTTM6MLM6PM2J4.jpg,Seafood Noodles Soup,all,6da3914d232f23cd06874a554e014481,f7fe7aa020638781
../foodsg-233\Mee soto\C3YLQJDAS2NBLOUHB48U59WP.jpg,Mee soto,all,6db5b62a08753c2316d34a52331361ed,80561fca7c9a68dd
../foodsg-233\Soto ayam\XWQ5II50DS405PSB77GD5WRO.jpg,Soto ayam,all,6db5b62a08753c2316d34a52331361ed,80561fca7c9a68dd
"../foodsg-233\Bee hoon, soto\J6UH93EU96IP92M10N7O6N7M.jpg","Bee hoon, soto",all,6dd327be962adaf446095742c5cdbc9c,a4cb137e7c30e133
"../foodsg-233\Bee hoon, goreng\VNVIL7U2GE6DZUH4ZFPMQJ8K.jpg","Bee hoon, goreng",all,6dd327be962adaf446095742c5cdbc9c,a4cb137e7c30e133
../foodsg-233\bee hoon\7SVSVDRXRK223LLLHDBCLV3W.jpg,bee hoon,all,6dd327be962adaf446095742c5cdbc9c,a4cb137e7c30e133
"../foodsg-233\Bee hoon, goreng\3WESKUIOZRESXFZEV9AIH0OJ.jpg","Bee hoon, goreng",all,6e268082093b0a288b913035942ca9d1,d1c3018a463f7e7a
"../foodsg-233\Mee siam, fried\WISWRQ95CXVBJLFURU74U4NS.jpg","Mee siam, fried",all,6e268082093b0a288b913035942ca9d1,d1c3018a463f7e7a
../foodsg-233\Mee siam\VVV5K9DV9DSNBDSIPZQ1W2AP.jpg,Mee siam,all,6e268082093b0a288b913035942ca9d1,d1c3018a463f7e7a
../foodsg-233\Mee bandung\XS0A8D1DWCRRF2O198GWLJ4J.jpg,Mee bandung,all,6e3a0dca83a8527879b9c2a960b79a1a,b667b706e0dccc28
../foodsg-233\Mee rebus\U23L1BPV3RT2XBG417MN8W93.jpg,Mee rebus,all,6e3a0dca83a8527879b9c2a960b79a1a,b667b706e0dccc28
../foodsg-233\Indian Prata\KNLKGHDP4I5BNG17X9MKBV6R.jpg,Indian Prata,all,6e7970f2f12a708723a667bba407822a,badbec828f6c94a0
../foodsg-233\murtabak\8VZLYSLGR1MCYEB00XXA0NA7.jpg,murtabak,all,6e7970f2f12a708723a667bba407822a,badbec828f6c94a0
../foodsg-233\Dumpling noodle soup\TW6IQFR6A5RFWNZUNVL4V0CH.jpg,Dumpling noodle soup,all,6ec2c2462f7d89f7d95d33b89f51e1a9,aa9068ab3ddb4ea8
../foodsg-233\tom yum noodle soup\QSOW0VWHEAP2DBML7DSKQ8B6.jpg,tom yum noodle soup,all,6ec2c2462f7d89f7d95d33b89f51e1a9,aa9068ab3ddb4ea8
"../foodsg-233\Bee hoon, soto\AVP1BAGJ4453JW9CN9GJY2ZB.jpg","Bee hoon, soto",all,6edc5b84949f264ccec816c6506865c9,b4c4fb9234ca619d
../foodsg-233\satay bee hoon\O9R2JVIQJWTG5GSHFWGLB23T.jpg,satay bee hoon,all,6edc5b84949f264ccec816c6506865c9,b4c4fb9234ca619d
../foodsg-233\bee hoon\IKU8YJGNVA5PHBNWOVDOBOGQ.jpg,bee hoon,all,6edf3afd1be1cca84e0ed390c2ec559e,b7cb8f7c71901512
"../foodsg-233\Bee hoon, goreng\MNXZ4ABQQM8CC7CSHR80NUYL.jpg","Bee hoon, goreng",all,6edf3afd1be1cca84e0ed390c2ec559e,b7cb8f7c71901512
"../foodsg-233\Don, chicken teriyaki\3VPQUPE6RM3APIE52UZ09W8E.jpg","Don, chicken teriyaki",all,6ef04737f1549d6fe9ad42a82ebb34b5,b2e18d86953e36c5
../foodsg-233\Katsudon\ZO4UH8YXCPIQJ8FZ9NFKKBLJ.jpg,Katsudon,all,6ef04737f1549d6fe9ad42a82ebb34b5,b2e18d86953e36c5
../foodsg-233\char siew pau\0VIWCEBIPWR8N91XSF4AA4XO.jpg,char siew pau,all,6f275380a33fff806a95871a14c902a2,aff0b885c51c187b
../foodsg-233\steamed buns\0V4MVAO7MG31YRNPKM0ZIC9W.jpg,steamed buns,all,6f275380a33fff806a95871a14c902a2,aff0b885c51c187b
../foodsg-233\Wholegrain Wrap\YYELVHBODNGAOEWAH7PRKA0S.jpg,Wholegrain Wrap,all,6f35fe951db901959dd095ddd73e7bd2,fe72242fa91693a2
../foodsg-233\wholegrain pasta\L5ZLHU71BWSDT5N0JSEQR5F6.jpg,wholegrain pasta,all,6f35fe951db901959dd095ddd73e7bd2,fe72242fa91693a2
../foodsg-233\Mee soto\VGJCDZD09BLZ0J7513CE8X35.jpg,Mee soto,all,6f57d8ccde89ac8bb8ccb712672297f0,95e4eab0b9d4f043
"../foodsg-233\Bee hoon, soto\M31O81U5NTFJQQD04EU7R3R9.jpg","Bee hoon, soto",all,6f57d8ccde89ac8bb8ccb712672297f0,95e4eab0b9d4f043
../foodsg-233\Mee soto\J82B2I89P1Z9SU8Z7TROGYAZ.jpg,Mee soto,all,6f82deaa156595dd4fd72d0fadfa442d,cbc9dce55a946898
../foodsg-233\Soto ayam\P6PJP50SHYDJ78FJ7VWLP9QE.jpg,Soto ayam,all,6f82deaa156595dd4fd72d0fadfa442d,cbc9dce55a946898
../foodsg-233\steamed grouper\4D71A7JH1YJ6GYO7OJYASW01.jpg,steamed grouper,all,6f83b395a74744d2b66a28b1f47316f7,bfd9802c9f344d70
../foodsg-233\fried fish\HVHYQF44FZW6F30KLMHLKK3V.jpg,fried fish,all,6f83b395a74744d2b66a28b1f47316f7,bfd9802c9f344d70
../foodsg-233\green leafy vegetables\MUCCELD0HG64ERNDENROOPG7.jpg,green leafy vegetables,all,6f8e8189e22a5e0f90bb08f4ad3bb53c,bdc116147f7ae062
../foodsg-233\mixed vegetables\795B70BNZSX7AUA5D4AC4R7Y.jpg,mixed vegetables,all,6f8e8189e22a5e0f90bb08f4ad3bb53c,bdc116147f7ae062
../foodsg-233\Mee bandung\KBTCMK13L3QD028A6Y8DW7E6.jpg,Mee bandung,all,6fd2143642531926f8ecfcb7bfc40828,ba31f534c6b07a92
../foodsg-233\Mee kuah\23NFJVS3R1LAM249RU5E0ZYA.jpg,Mee kuah,all,6fd2143642531926f8ecfcb7bfc40828,ba31f534c6b07a92
../foodsg-233\Fish Ball Noodles\TFA0OLID9Y43P8QSU9H10HMJ.jpg,Fish Ball Noodles,all,6fdcad32363bd64fcbdf0715cf697bc5,e9d394cb4b349692
../foodsg-233\bak chor mee\HE2TRTUKWVVLEEQ79OUOGUA6.jpg,bak chor mee,all,6fdcad32363bd64fcbdf0715cf697bc5,e9d394cb4b349692
../foodsg-233\lontong\WDCS3NSR6GNJ9S7LSSEQG321.jpg,lontong,all,702b11ab3024862e9010db40b9e4412f,b6d5c54cf5494d11
../foodsg-233\Lontong with sayur lodeh\XK4V7D748HBVL5FYGE25FPPZ.jpg,Lontong with sayur lodeh,all,702b11ab3024862e9010db40b9e4412f,b6d5c54cf5494d11
../foodsg-233\bee hoon\UKZ9RBZJYOTADI5DCNA5O8BR.jpg,bee hoon,all,7043044fc29718fbc7357d323d60fb71,cbca6c8732bc31b4
"../foodsg-233\Bee hoon, soto\J7B15C0DJA1I1NZE3EDRJE6Q.jpg","Bee hoon, soto",all,7043044fc29718fbc7357d323d60fb71,cbca6c8732bc31b4
../foodsg-233\chicken soup\YHUPUOF319OZVQN9VVRMOECY.jpg,chicken soup,all,70d1cc63f45a7c1ce21ba44048f713bc,a2038f8f3c9c747c
../foodsg-233\vegetable soup\VZTJ59M6CKS68I6RY0O0VF7R.jpg,vegetable soup,all,70d1cc63f45a7c1ce21ba44048f713bc,a2038f8f3c9c747c
../foodsg-233\dumpling\SX2JU5SJBGP862MPOJGPRXYJ.jpg,dumpling,all,70d1cc63f45a7c1ce21ba44048f713bc,a2038f8f3c9c747c
../foodsg-233\Seafood Noodles Soup\9TJ572VI0IPBKHI1SHKJCVQF.jpg,Seafood Noodles Soup,all,7114d58de325a64c1207ad795515117a,abe1f48ad2998b8c
../foodsg-233\sliced fish soup\K833PYOHWI8GS95QQMEWERSF.jpg,sliced fish soup,all,7114d58de325a64c1207ad795515117a,abe1f48ad2998b8c
"../foodsg-233\Mee siam, fried\U7S1DN30NSTM4A1XLDVVMKT1.jpg","Mee siam, fried",all,711f050853f1ad4e97c00fa4a72df936,b6e7d3a0da250f12
../foodsg-233\Mee siam\TEWUSRZT64CJOKM7AFKV65PF.jpg,Mee siam,all,711f050853f1ad4e97c00fa4a72df936,b6e7d3a0da250f12
../foodsg-233\Soto ayam\2S80ZSRZ6ZVYO96A4UM2H0P1.jpg,Soto ayam,all,715ebd5369f4954de56495cac548203d,9a84279d9c3db872
../foodsg-233\Mee soto\HKLP2E8W0UVYPDB8YKPPB0OY.jpg,Mee soto,all,715ebd5369f4954de56495cac548203d,9a84279d9c3db872
../foodsg-233\Mee soto\SNBBXFJKV0RXEYP0CEOLN067.jpg,Mee soto,all,718953190d9999977c4c6bb09c7bdf36,ec856d472e9b9113
../foodsg-233\Soto ayam\AQWNM5OUVAYZYVXX7M4845JQ.jpg,Soto ayam,all,718953190d9999977c4c6bb09c7bdf36,ec856d472e9b9113
../foodsg-233\whole grain bread\IF1OCKAWQDR287W95383RJCQ.jpg,whole grain bread,all,71a2d5edfedd01e4f9e770c8850113f0,ef8490ca836f65d1
../foodsg-233\whole wheat\6KOPP8BWQW6LPKRWSPLR4URB.jpg,whole wheat,all,71a2d5edfedd01e4f9e770c8850113f0,ef8490ca836f65d1
../foodsg-233\chicken masala\84NMWLJPDRYPQUSJU590J4GI.jpg,chicken masala,all,71b54b619810b8709666d698c4d156d7,e597c2601fb6343a
../foodsg-233\tandoori chicken\4MCUASBSB8ORHQNO8RYRY6Z4.jpg,tandoori chicken,all,71b54b619810b8709666d698c4d156d7,e597c2601fb6343a
../foodsg-233\pig organ soup\VV9X6NZ17W9DWHIRFV2N31ZY.jpg,pig organ soup,all,71c2aa539bca2c3bb87fe9f2b25a05c2,aaa9b52ed4f0d4a1
../foodsg-233\kway chap\E02K8J6WK5O45891RIMFO0SS.jpg,kway chap,all,71c2aa539bca2c3bb87fe9f2b25a05c2,aaa9b52ed4f0d4a1
../foodsg-233\chin chow drink\X2OIUJD6C7UT16TOVVM6XJ5D.jpg,chin chow drink,all,71df72fa3cb9fc0cba9102f668cb8248,a1c89f677c64619a
../foodsg-233\ice kacang\F1ZG8X9Z93SGHIMZEIJKTJDK.jpg,ice kacang,all,71df72fa3cb9fc0cba9102f668cb8248,a1c89f677c64619a
../foodsg-233\whole wheat\GOPFL4QHDHJPGZOD0XWLTJF6.jpg,whole wheat,all,7200e6ad2ef4159cd37569aa84f3edec,f8a5c318da9e878c
../foodsg-233\whole grain bread\TDFUMNJC4VAEQ88EI2NVKFJS.jpg,whole grain bread,all,7200e6ad2ef4159cd37569aa84f3edec,f8a5c318da9e878c
"../foodsg-233\Bee hoon, soto\G7S3X6BQYEKDTH2B4T6RB2X3.jpg","Bee hoon, soto",all,72067e2af4b5c07ed80d9c8c8d272a5d,f494cac32d9b246d
../foodsg-233\Seafood Noodles Soup\ORL6871KOKG34JNODG5KI2H4.jpg,Seafood Noodles Soup,all,72067e2af4b5c07ed80d9c8c8d272a5d,f494cac32d9b246d
../foodsg-233\Fish Ball Noodles\JSNPG429B2Q0OZZEUYHIN6X5.jpg,Fish Ball Noodles,all,720d424498d01c27907b60d609e72cb0,ae93e04e830cde73
../foodsg-233\Kway Teow\LPMLLA1I02DWZ6ROBJLIH2NC.jpg,Kway Teow,all,720d424498d01c27907b60d609e72cb0,ae93e04e830cde73
../foodsg-233\chicken rice\GX9SMMX2QT17WM4ZU499CU7W.jpg,chicken rice,all,7210adcf9976866c16613363ddc950e0,bed1e00717fc8dc0
../foodsg-233\char siew\CO2NP92Z7JJEWLMKRTKX5R73.jpg,char siew,all,7210adcf9976866c16613363ddc950e0,bed1e00717fc8dc0
"../foodsg-233\Mee siam, fried\GQAIXIIFN4TVBLPXFDUAWPBC.jpg","Mee siam, fried",all,721937c7330d6b9b1b31ef8f39d488ba,9c971f18517bf02a
../foodsg-233\Mee siam\TA2FM79ALBHHIMO0I3E95M0I.jpg,Mee siam,all,721937c7330d6b9b1b31ef8f39d488ba,9c971f18517bf02a
"../foodsg-233\Mee siam, fried\UQ5MF88LX33YM4X3A25FX19N.jpg","Mee siam, fried",all,7221aece37e4156c5e20a26d69203c1c,fad305801a8d3d9f
"../foodsg-233\Bee hoon, goreng\HN9YUCCF1NYVAKSPHQSJISR6.jpg","Bee hoon, goreng",all,7221aece37e4156c5e20a26d69203c1c,fad305801a8d3d9f
"../foodsg-233\Bee hoon, goreng\KBR8ET403M90ELAQWI2T3YV8.jpg","Bee hoon, goreng",all,726cc56463b18014bbd914346ae20ead,a75c2895cbee3498
../foodsg-233\bee hoon\54LMD9LLS9E15GTMAEUKY9SW.jpg,bee hoon,all,726cc56463b18014bbd914346ae20ead,a75c2895cbee3498
../foodsg-233\Claypot Rice\2KI98IEFBVI64G7AR5ZOXQ3H.jpg,Claypot Rice,all,72cd1ea4c7849c31d2acc2c409a79b50,b2f2d3e12d94964a
../foodsg-233\thunder tea rice\VUA85XV78Z7FQL469QESN213.jpg,thunder tea rice,all,72cd1ea4c7849c31d2acc2c409a79b50,b2f2d3e12d94964a
../foodsg-233\bee hoon\V173GOW25TB8VTR2RCSMUMN1.jpg,bee hoon,all,73368c578c9e8e48f4837e7ddff4bc41,95f1eaa5018c65dd
"../foodsg-233\Bee hoon, goreng\036RK60WYO8N6MQT2SMC7JLR.jpg","Bee hoon, goreng",all,73368c578c9e8e48f4837e7ddff4bc41,95f1eaa5018c65dd
../foodsg-233\steamed buns\TIQBDV9RFAZ53QCACZ8E8V20.jpg,steamed buns,all,73433919b8ef37f5e5b2b9770d077a3a,d2a41c9a6dc959d3
../foodsg-233\char siew pau\QNTUY2OSMPWL0F5K9HLVZU3F.jpg,char siew pau,all,73433919b8ef37f5e5b2b9770d077a3a,d2a41c9a6dc959d3
../foodsg-233\whole grain bread\9BNER0A8VFM8T743SBYY4PZN.jpg,whole grain bread,all,734377baf17cec5cb1e21482bdce4cc2,c9b23b9de79c8441
../foodsg-233\whole wheat\QGR7784KCS3QJ9DMEUS7TT77.jpg,whole wheat,all,734377baf17cec5cb1e21482bdce4cc2,c9b23b9de79c8441
../foodsg-233\Ban Mian\QC0LWAR9U2YFRSO31V35H1CB.jpg,Ban Mian,all,736f387066e0f579eb9a094a2507e5bb,a6127b096c6d798d
../foodsg-233\Seafood Noodles Soup\DVLEBVLFBH35F88546GDLXBJ.jpg,Seafood Noodles Soup,all,736f387066e0f579eb9a094a2507e5bb,a6127b096c6d798d
../foodsg-233\Dumpling noodle soup\RQNB6VFN7WSNWM0HFJIU0GT3.jpg,Dumpling noodle soup,all,737e11c5504e6fdbdd4b2c0093cf7273,dbe00fc077d14e92
../foodsg-233\chicken soup\CUOYCO0FBBWD4AUDIBF1UOIS.jpg,chicken soup,all,737e11c5504e6fdbdd4b2c0093cf7273,dbe00fc077d14e92
../foodsg-233\Mee kuah\1JHLIE6HKZ61519DW41XEAHE.jpg,Mee kuah,all,738d5e1851338ba606b12250331c1d87,e32dbcc3a413c11f
../foodsg-233\Mee bandung\G1IJ3U2OHHUNMVM9FFBUPZKY.jpg,Mee bandung,all,738d5e1851338ba606b12250331c1d87,e32dbcc3a413c11f
../foodsg-233\whole wheat\MCXWBCNTEI0CJ3AEX14IT8IQ.jpg,whole wheat,all,73bc77a713e0524b20de3d740fd2b015,d09d68ea4965e78a
../foodsg-233\wholegrain pasta\U591DD1WOQTS56NP54ZMSQ6M.jpg,wholegrain pasta,all,73bc77a713e0524b20de3d740fd2b015,d09d68ea4965e78a
../foodsg-233\bee hoon\RXSO2FXE84N85UEYYPIW3L50.jpg,bee hoon,all,73bdfe83d01cd88bbd2a1bfa50ba742a,83bb34945f41f133
../foodsg-233\bee hoon\9ADKREW56YK3G0WZVTAVX74V.jpg,bee hoon,all,73bdfe83d01cd88bbd2a1bfa50ba742a,83bb34945f41f133
"../foodsg-233\Bee hoon, goreng\0TEDSRXUUUVZ8OK9IDI5053F.jpg","Bee hoon, goreng",all,73e8814bd25ab1e105137dd61d208bf6,f2cac93cd47511d2
../foodsg-233\bee hoon\9OAK6M2OMXS316R5ED7FZVKP.jpg,bee hoon,all,73e8814bd25ab1e105137dd61d208bf6,f2cac93cd47511d2
../foodsg-233\Seafood Noodles Soup\3R9RMHA1ZVRVYOZ1OPMWRH9D.jpg,Seafood Noodles Soup,all,73eb911beed2025e773736047930c6f3,d3edaa9596508b0b
"../foodsg-233\Bee hoon, goreng\OD7ZLMY3EKBB3PJV5H0AD5NJ.jpg","Bee hoon, goreng",all,73eb911beed2025e773736047930c6f3,d3edaa9596508b0b
../foodsg-233\bak chor mee\VYHRNO6UBTR72NUP2SCVC9J4.jpg,bak chor mee,all,73fc1019d7984247bbede1a68d8fa0cb,a8819487929ffbcc
../foodsg-233\Fish Ball Noodles\MN5OU7W7OCQWUFJ9RLTWY6K4.jpg,Fish Ball Noodles,all,73fc1019d7984247bbede1a68d8fa0cb,a8819487929ffbcc
"../foodsg-233\Bee hoon, soto\TORFKXHYHSWY44JXTI16VQ8A.jpg","Bee hoon, soto",all,741732ecdc1bb5fa90a0eb0594ed76e8,931c6d7a203fb471
../foodsg-233\bee hoon\ZE6I06WJ003DKZDJMNJC630M.jpg,bee hoon,all,741732ecdc1bb5fa90a0eb0594ed76e8,931c6d7a203fb471
../foodsg-233\Lontong with sayur lodeh\PCLAQWH56YT505J9URLAG0B9.jpg,Lontong with sayur lodeh,all,741e1342bdf29613e8a6b731d0f9340a,907a4d2d47381ef5
../foodsg-233\lontong\WWCM6DYUD8FMMD7PET7VPZYB.jpg,lontong,all,741e1342bdf29613e8a6b731d0f9340a,907a4d2d47381ef5
../foodsg-233\Soto ayam\N5JA518DWQM9HSCYKXCMS3RX.jpg,Soto ayam,all,7425cd8e208b7f8e23f59acfd4c329e7,88ca2d9b7c5e7868
"../foodsg-233\Bee hoon, soto\VU4G3I5FBIEMBJQDE36P78SC.jpg","Bee hoon, soto",all,7425cd8e208b7f8e23f59acfd4c329e7,88ca2d9b7c5e7868
../foodsg-233\Pomelo\50SB6K6K2IHHTSGZSQRHMO6J.jpg,Pomelo,all,744823d4ec00755180b33df460756773,f6bbc1408f86394b
../foodsg-233\Grapefruit\IH44IVPYSARBUPDGLEXZXUW3.jpg,Grapefruit,all,744823d4ec00755180b33df460756773,f6bbc1408f86394b
../foodsg-233\Mee rebus\FMZ1MWZHK20VSPY5ORXW2LK2.jpg,Mee rebus,all,7463ba148b7add2d6413ecfc824bc556,adf2d4c87641f065
../foodsg-233\Mee siam\409PYVVND7Q3NYZS6VQU0S6L.jpg,Mee siam,all,7463ba148b7add2d6413ecfc824bc556,adf2d4c87641f065
../foodsg-233\fried prawn\52UWY8NYMLLA9PUH8KIDNZG6.jpg,fried prawn,all,746ed58cbb5b763602a1d79fcb7918a9,a02e85e1da5769d3
../foodsg-233\drunken prawn\7RVENR50T0W7VNW5ZNZEZ3TP.jpg,drunken prawn,all,746ed58cbb5b763602a1d79fcb7918a9,a02e85e1da5769d3
../foodsg-233\kway chap\I64LADC1MC2GJJ2GZSG1J0PP.jpg,kway chap,all,748c85a454b709197a1f243d6dce3edb,afe861969899e463
../foodsg-233\Duck Rice\T6E95ECDLNF3Y88DHKFGENCJ.jpg,Duck Rice,all,748c85a454b709197a1f243d6dce3edb,afe861969899e463
../foodsg-233\Soto ayam\23WXXNBHLFX1BCALH6LD4CBQ.jpg,Soto ayam,all,74b282203bc7df14d1b8e793d5d09156,d3fd18e000e3d675
../foodsg-233\Mee soto\75DYQ7EWK2XGH7CZWUPS0IOG.jpg,Mee soto,all,74b282203bc7df14d1b8e793d5d09156,d3fd18e000e3d675
../foodsg-233\mushroom soup\PQPRGG4V841UQTSWCY9X60DW.jpg,mushroom soup,all,753e9ac24c8030108db3ed8812f3dfa6,fef1a193c30be228
../foodsg-233\sliced fish soup\NXYLHQYFI7HA0QSKSZCK3AKI.jpg,sliced fish soup,all,753e9ac24c8030108db3ed8812f3dfa6,fef1a193c30be228
"../foodsg-233\Mee siam, fried\XCYLRN37G2ZEMB0I8WVP6QQX.jpg","Mee siam, fried",all,75c5374df3d63adf4de4f2f7f841a25f,94c263bc6db46b8c
"../foodsg-233\Bee hoon, goreng\8RELPQAJATS64H83L4ECK57Q.jpg","Bee hoon, goreng",all,75c5374df3d63adf4de4f2f7f841a25f,94c263bc6db46b8c
../foodsg-233\whole grain bread\WJOBB7HQBK9IYRHPQ9ATT652.jpg,whole grain bread,all,75c815bc30b08717006de329bb08f2d2,813e5fa225f40bdc
../foodsg-233\whole wheat\L2OQAGE3NKPAY64DFVFM7G7Z.jpg,whole wheat,all,75c815bc30b08717006de329bb08f2d2,813e5fa225f40bdc
../foodsg-233\Mee soto\0N94F6IUV7VHBT9SIR7X91IC.jpg,Mee soto,all,7606c64af8483fa28021a4c731dc7734,ac62b9ccc31d7178
"../foodsg-233\Bee hoon, soto\XDRKH81X424WLIL43TEV146O.jpg","Bee hoon, soto",all,7606c64af8483fa28021a4c731dc7734,ac62b9ccc31d7178
../foodsg-233\steamed buns\GCOLGZXT8D9OOVL2G2VUJAV4.jpg,steamed buns,all,762361d746ac4b48e768f47cea7253da,86c96be66c94338b
../foodsg-233\char siew pau\TKRRGVEV82P35YGF8YR6M9D7.jpg,char siew pau,all,762361d746ac4b48e768f47cea7253da,86c96be66c94338b
../foodsg-233\Soto ayam\1UAGY29II3S5KYZIYY1HFMLZ.jpg,Soto ayam,all,76494d7737f218164b2f95dcae19bb1d,f74b5461608d8a5f
"../foodsg-233\Bee hoon, soto\P4VYMVV93Y6MFSZB70WEMV25.jpg","Bee hoon, soto",all,76494d7737f218164b2f95dcae19bb1d,f74b5461608d8a5f
../foodsg-233\sliced fish soup\LNHZAXN7W0H8U6LNRTR98OVS.jpg,sliced fish soup,all,764cd0f97ef140c2f6d3765b6e025bcf,95805e177a9738d6
../foodsg-233\Seafood Noodles Soup\G4GVTFJO19V1S5YQFHBZE15C.jpg,Seafood Noodles Soup,all,764cd0f97ef140c2f6d3765b6e025bcf,95805e177a9738d6
../foodsg-233\sliced fish soup\1P6SBBIWQQY5FWI4WO2P1MGW.jpg,sliced fish soup,all,7680b095ff45834913ca7d5ef1cfb730,9b4e2581d6f3cc91
../foodsg-233\bee hoon\6M7IWRYIHZH55TGC1Z4BV071.jpg,bee hoon,all,7680b095ff45834913ca7d5ef1cfb730,9b4e2581d6f3cc91
../foodsg-233\Seafood Noodles Soup\RG7LQCDTZX7GG5CK1WDMIW1E.jpg,Seafood Noodles Soup,all,7680b095ff45834913ca7d5ef1cfb730,9b4e2581d6f3cc91
"../foodsg-233\Bee hoon, goreng\336Z21ZY75Z9YHM41APG8D9N.jpg","Bee hoon, goreng",all,76c51f92f963844863c0c6ad8c396c86,ef05851786ab8bac
"../foodsg-233\Mee siam, fried\PGW9KY9OIYBGGBAZF6W0VQ8N.jpg","Mee siam, fried",all,76c51f92f963844863c0c6ad8c396c86,ef05851786ab8bac
../foodsg-233\Mee soto\Y19AGQ79SJ4SNLV2KLU52Y8T.jpg,Mee soto,all,76d76fdbe71fa5141fc3afd6d8800b55,f42ac1bb2773a306
"../foodsg-233\Bee hoon, soto\8HIWN5KY5USJ44FQLL4JHVYD.jpg","Bee hoon, soto",all,76d76fdbe71fa5141fc3afd6d8800b55,f42ac1bb2773a306
../foodsg-233\whole wheat\XZ3QTA3FAO1OBGOACFMBDIJN.jpg,whole wheat,all,76f759705aef1a5980f5ffa81fe4faec,edd692292dd6d20c
../foodsg-233\whole grain bread\D050485RY3HXJVN2DPXWCODJ.jpg,whole grain bread,all,76f759705aef1a5980f5ffa81fe4faec,edd692292dd6d20c
../foodsg-233\bee hoon\8532UD85NXSMOPOIOV40M81B.jpg,bee hoon,all,77245c44986ba6d3d998e4798ad7c260,e8a997b264d66ac1
"../foodsg-233\Bee hoon, goreng\7XA4VIPJH6E8FX2EVY99QF8R.jpg","Bee hoon, goreng",all,77245c44986ba6d3d998e4798ad7c260,e8a997b264d66ac1
../foodsg-233\chai tow kuay\3ALK5EJ6Y0H0M5ZM3RIPFK3N.jpg,chai tow kuay,all,7749a5033164b410b08760300992d7a7,afdcd54a2c050e3b
../foodsg-233\Kway Teow\E0C4IPP60ZYBSCD8HZQPZ6JK.jpg,Kway Teow,all,7749a5033164b410b08760300992d7a7,afdcd54a2c050e3b
../foodsg-233\whole wheat\KMPL3ZS8LMQ0ESFIB98M4SG6.jpg,whole wheat,all,7775f8dc9f11d0877bef002a04818e2f,9a8a33f92d12e3f0
../foodsg-233\whole grain bread\AVM90YQXT2URINGWYS7IVE22.jpg,whole grain bread,all,7775f8dc9f11d0877bef002a04818e2f,9a8a33f92d12e3f0
"../foodsg-233\Mee siam, fried\778NU9FPVHJ4HE4CJ8R5PD10.jpg","Mee siam, fried",all,777fbbc613cb8808bcfa280ab97cf5db,abb5d1a55432855e
"../foodsg-233\Bee hoon, goreng\F3GJA9MX9N68TDJG1S9O0YR0.jpg","Bee hoon, goreng",all,777fbbc613cb8808bcfa280ab97cf5db,abb5d1a55432855e
../foodsg-233\bee hoon\35NHIWY9OFQMG5TR47VSHEH1.jpg,bee hoon,all,777fbbc613cb8808bcfa280ab97cf5db,abb5d1a55432855e
../foodsg-233\whole wheat\38RD90N9Q6PW6M42PLPQJ4W4.jpg,whole wheat,all,7792b84553132c07dc4c6068351f4807,d2fb28e8fe65c880
../foodsg-233\whole grain bread\MLK5UM59EYLVL9J8L33A4SEH.jpg,whole grain bread,all,7792b84553132c07dc4c6068351f4807,d2fb28e8fe65c880
../foodsg-233\whole grain bread\1QZWTUM0A8WRIX0F53S3U3IE.jpg,whole grain bread,all,77a2cffaea1b0e27ce5e4d728feb9d4f,be8454e69594ead4
../foodsg-233\whole wheat\63QRJ3O4Y5PDDLDIC6DH393H.jpg,whole wheat,all,77a2cffaea1b0e27ce5e4d728feb9d4f,be8454e69594ead4
../foodsg-233\honeydew\2JAUF9ETIR02N5E83PLLFYDS.jpg,honeydew,all,77a2e88917f5ace57c8dabbfdc833e88,e80d97326c3333c7
../foodsg-233\Fruit juice\R1FHODKEXY8INAU3BAHFEXMA.jpg,Fruit juice,all,77a2e88917f5ace57c8dabbfdc833e88,e80d97326c3333c7
../foodsg-233\drunken prawn\O3K7IZ40P43HZ298M30QTBKN.jpg,drunken prawn,all,77b4183a3fc81b0f9ac4f6bf8e0fec70,934d39f3156e26c1
../foodsg-233\fried prawn\YG0JB63AQI4U254D4RKEVUZK.jpg,fried prawn,all,77b4183a3fc81b0f9ac4f6bf8e0fec70,934d39f3156e26c1
../foodsg-233\Seafood Noodles Soup\5HA53LFRL1JS9ACW5G4PBYB9.jpg,Seafood Noodles Soup,all,77b9cf00292825c21005b681779be106,ed2db26555b2885c
../foodsg-233\sliced fish soup\51ZAXYIHDHWX2JAW1529QD5O.jpg,sliced fish soup,all,77b9cf00292825c21005b681779be106,ed2db26555b2885c
../foodsg-233\drunken prawn\D7CN6YJQA4Y99WA5JSRL2SOF.jpg,drunken prawn,all,77bf52f2c9e785f52539d47a0edf32b0,ffa66663c3c0c80b
../foodsg-233\fried prawn\PH612C13B7MBVANPVTEU9Q88.jpg,fried prawn,all,77bf52f2c9e785f52539d47a0edf32b0,ffa66663c3c0c80b
../foodsg-233\satay bee hoon\YFI2XUH048F2R5R2AP05E182.jpg,satay bee hoon,all,77e9a6e090e413e7afdf08e9a60fe6ed,ef28d0840a972ddf
"../foodsg-233\Bee hoon, goreng\P7WWTYGXWF41TCR1N4453D88.jpg","Bee hoon, goreng",all,77e9a6e090e413e7afdf08e9a60fe6ed,ef28d0840a972ddf
../foodsg-233\bee hoon\96MBWIZK0Q3U17R18CY0T8RE.jpg,bee hoon,all,77e9a6e090e413e7afdf08e9a60fe6ed,ef28d0840a972ddf
../foodsg-233\steamed buns\Q9G7WFLVKJHZ9U4IHUPM0REB.jpg,steamed buns,all,77fed6df25ed58838da31684b2136f4b,f01ebd70cb0935c5
../foodsg-233\char siew pau\6VBIBVZ83PCO1FEME66K9WS5.jpg,char siew pau,all,77fed6df25ed58838da31684b2136f4b,f01ebd70cb0935c5
../foodsg-233\Seafood Noodles Soup\RZ8AF9ZVL0O6NR79O7SP3RHZ.jpg,Seafood Noodles Soup,all,78066da16d6d74072f7ac76ad44924ab,d2adcb0ccd324c73
"../foodsg-233\Bee hoon, soto\PIXIM5H5QAIJL46ZQBD6C13X.jpg","Bee hoon, soto",all,78066da16d6d74072f7ac76ad44924ab,d2adcb0ccd324c73
../foodsg-233\steamed buns\CM5HRZQDGQZWV7XSTRVKDKFL.jpg,steamed buns,all,7817758fda5ced6a3de36098530b6259,982f3db8609e17d8
../foodsg-233\char siew pau\PLPDOK9OJG0J05Z261C71MB6.jpg,char siew pau,all,7817758fda5ced6a3de36098530b6259,982f3db8609e17d8
"../foodsg-233\Bee hoon, goreng\IWVUK3DZ8ZSZC6AR7AYYBZY5.jpg","Bee hoon, goreng",all,783e84b4e80ce761eb04bf37a8db8a1d,eb0b9962f0f2d22a
../foodsg-233\bee hoon\CX3BUYKK77ZKJTP67NJMB0X7.jpg,bee hoon,all,783e84b4e80ce761eb04bf37a8db8a1d,eb0b9962f0f2d22a
../foodsg-233\Seafood Noodles Soup\OWYAKGG014UZH5K60CU43C1I.jpg,Seafood Noodles Soup,all,784be9f2ca720e3587dd41c5cf1fd470,cbd5d61bac6093a1
../foodsg-233\sliced fish soup\41I2TEA1QYMIEZR6QSVYJD2U.jpg,sliced fish soup,all,784be9f2ca720e3587dd41c5cf1fd470,cbd5d61bac6093a1
../foodsg-233\fish head curry\Q6QM4VGGGUUIK7M2HJIXD6TK.jpg,fish head curry,all,784efe3c823b085ac77c98d46dbe9010,8d859a84878f5f9c
../foodsg-233\assam pedas\JBEER7ATMFY8H5P3NK68J5HB.jpg,assam pedas,all,784efe3c823b085ac77c98d46dbe9010,8d859a84878f5f9c
"../foodsg-233\Wanton mee, dry\XF3K9VAL97EOE12YUWN3AB1T.jpg","Wanton mee, dry",all,78511f39aa69eea9bd05015e2dd1415c,a187c64e1a799f64
../foodsg-233\Fried Noodles\A7H8VE0Y2GWO74X3WBMI7YX6.jpg,Fried Noodles,all,78511f39aa69eea9bd05015e2dd1415c,a187c64e1a799f64
../foodsg-233\whole wheat\Q6DS41XQEKAB2V5H5TD0P5ZJ.jpg,whole wheat,all,7875770d596ba3bcb65ad9fb61109ab1,bf9fe1c8c06cc630
../foodsg-233\whole grain bread\S14NNQNL6ZJMA81XTRT1BT4O.jpg,whole grain bread,all,7875770d596ba3bcb65ad9fb61109ab1,bf9fe1c8c06cc630
../foodsg-233\Mee siam\KOTCR5S3Q7921J61R15IMBCO.jpg,Mee siam,all,7878aad2c12c3c1ba87b482230d9f860,e5ae9059cec538b1
"../foodsg-233\Mee siam, fried\ZYQW1SN8F1QMDCZWJVUE0MAS.jpg","Mee siam, fried",all,7878aad2c12c3c1ba87b482230d9f860,e5ae9059cec538b1
../foodsg-233\drunken prawn\CN2XAFT0B2CAVYPS81TYEW5O.jpg,drunken prawn,all,7878b9853c4e813bb569164739bf0846,ca9a4e46d2a8d5d3
../foodsg-233\fried prawn\Q0QFXQFFFQ1INZB6GRTYFYVL.jpg,fried prawn,all,7878b9853c4e813bb569164739bf0846,ca9a4e46d2a8d5d3
"../foodsg-233\Bee hoon, goreng\IP9LAIWVGIDS50BDUBOAAIJO.jpg","Bee hoon, goreng",all,787bc47fa0a830757965ee57a3d91e82,b11d890d2dc3e769
../foodsg-233\bee hoon\AWRPSNSVRKQ7TC0BU7Y7UU59.jpg,bee hoon,all,787bc47fa0a830757965ee57a3d91e82,b11d890d2dc3e769
"../foodsg-233\Mee siam, fried\HDUTG9NXPZ4OF1L1UCO55D1H.jpg","Mee siam, fried",all,7887c618ef98883e1cdc7622191b6d28,92423fca9ab5cc4e
../foodsg-233\Mee siam\EJACRO9LWDAHHRSGAD18J858.jpg,Mee siam,all,7887c618ef98883e1cdc7622191b6d28,92423fca9ab5cc4e
"../foodsg-233\Bee hoon, goreng\1487KGRLZNKEQCEM9B2G376J.jpg","Bee hoon, goreng",all,78c285bce5a0374b653a2e135bf0c7a1,c38eacada01b16fc
../foodsg-233\bee hoon\RZKBJ52NW9Q0WV6KVZAOIUE4.jpg,bee hoon,all,78c285bce5a0374b653a2e135bf0c7a1,c38eacada01b16fc
../foodsg-233\chicken soup\C3ESX1EOM93C3TKKMUC7MR84.jpg,chicken soup,all,78d4f561790c9ab7703858a6183ff65e,81f7dfdc4493081e
../foodsg-233\vegetable soup\T149L75BJ8L18JU2C934THZ9.jpg,vegetable soup,all,78d4f561790c9ab7703858a6183ff65e,81f7dfdc4493081e
../foodsg-233\Lontong with sayur lodeh\IUPQ62FE8PA93GFXDSMHQCCJ.jpg,Lontong with sayur lodeh,all,78e1d5c3c22fc4ba70ff4f4abf4ef976,ee9e98691cd843b1
../foodsg-233\lontong\KJAUXLZZZBMDI7L22P8H4L0M.jpg,lontong,all,78e1d5c3c22fc4ba70ff4f4abf4ef976,ee9e98691cd843b1
../foodsg-233\vegetable soup\KNCTASN3Q3TW0PNXSRO7BCFE.jpg,vegetable soup,all,78e6b997f198eea25763de9c7cd81fd3,a8e2954a7a6b7934
../foodsg-233\miso soup\AHYY6INPEIE5KOGO2SBQR17R.jpg,miso soup,all,78e6b997f198eea25763de9c7cd81fd3,a8e2954a7a6b7934
../foodsg-233\hotplate tofu\B73YTAYXEI1QGKMCFM52G2KK.jpg,hotplate tofu,all,78f1f5b0dab8744c14e0f3ba96e017d0,afdcf402c0c78979
../foodsg-233\mixed vegetables\DSIS35TKR3ROTBGIH24G1D97.jpg,mixed vegetables,all,78f1f5b0dab8744c14e0f3ba96e017d0,afdcf402c0c78979
../foodsg-233\hokkien prawn mee\NA04FM4HNK1LLUXEHLKHYFSL.jpg,hokkien prawn mee,all,78f716d3732136f2b5bcb0d17ff0c1cf,eec4940bb93bd40b
../foodsg-233\Mee goreng\SRL3YTG85IJI769KVPKRSUJ3.jpg,Mee goreng,all,78f716d3732136f2b5bcb0d17ff0c1cf,eec4940bb93bd40b
../foodsg-233\Mee rebus\E756CVJC6NKTSCZZ4PNWM193.jpg,Mee rebus,all,78f7689894d6915eeda7967495944743,bac4f51b921aca65
../foodsg-233\Mee siam\276RKSHZNPDBD50NZ0KCBTNW.jpg,Mee siam,all,78f7689894d6915eeda7967495944743,bac4f51b921aca65
../foodsg-233\Mee soto\7X86CN0HXSKH9UUE0KXALQS5.jpg,Mee soto,all,790345aa74286ea60b9ca0c97d049164,fd9e47bf44c009c1
../foodsg-233\Soto ayam\PJ4B9PT1U1P3JEN86ODTH9IA.jpg,Soto ayam,all,790345aa74286ea60b9ca0c97d049164,fd9e47bf44c009c1
../foodsg-233\char siew pau\AUBZY6ZLF33YXJ3JDBJH22UU.jpg,char siew pau,all,792a1877c9b746dd6151c5f58a9bec5c,c1b1b1e3ce1c7748
../foodsg-233\steamed buns\YRISC49ZBF8KBVTAF623LXI4.jpg,steamed buns,all,792a1877c9b746dd6151c5f58a9bec5c,c1b1b1e3ce1c7748
../foodsg-233\fried prawn\1O1JZZ8V8NMZ14AIDJ4BPYRM.jpg,fried prawn,all,7977f63caa041b747b237550a7b9aa8b,f5c6d22bce6ccc20
../foodsg-233\drunken prawn\YAJTUZCT3CX9EOE5VG2TOI3H.jpg,drunken prawn,all,7977f63caa041b747b237550a7b9aa8b,f5c6d22bce6ccc20
"../foodsg-233\Mee siam, fried\1GW9NLTFVEVKNJ18R6QPUR8B.jpg","Mee siam, fried",all,798005a385531877a52dbca160af7073,955b518e5e38469d
"../foodsg-233\Bee hoon, goreng\C3KGISAI9TC9KOY8OJA67QZ2.jpg","Bee hoon, goreng",all,798005a385531877a52dbca160af7073,955b518e5e38469d
../foodsg-233\Fried Noodles\F16QFN888XOR594UZLB7UZYY.jpg,Fried Noodles,all,798005a385531877a52dbca160af7073,955b518e5e38469d
../foodsg-233\Mee siam\8SWZWW0JHTBRVNBFOWSXSZPZ.jpg,Mee siam,all,798005a385531877a52dbca160af7073,955b518e5e38469d
../foodsg-233\bee hoon\0R2WD6ZFB5O44AX627MY6DTU.jpg,bee hoon,all,79d11875768ab5c526a50cb2521d33a4,fb91ea07a0c7658c
"../foodsg-233\Bee hoon, goreng\0MOLSYQD82S7ALA0DNISG441.jpg","Bee hoon, goreng",all,79d11875768ab5c526a50cb2521d33a4,fb91ea07a0c7658c
../foodsg-233\mushroom soup\LRM8OOCI3VQR1MLW7KNXOKLU.jpg,mushroom soup,all,79debf0d8e94f9a3bcd22bba102f7398,8afead94d08ceb60
../foodsg-233\cream soup\8SR3RF2YSDKRNMLKG8QH6FW8.jpg,cream soup,all,79debf0d8e94f9a3bcd22bba102f7398,8afead94d08ceb60
../foodsg-233\Mee rebus\6D7OFUE3L8B6LXW4XRIC9MSX.jpg,Mee rebus,all,79e2cbdf50ec569da390adca539d9ebd,bb0d8a63af15548d
../foodsg-233\Mee bandung\V3GQAGSG17LFXELEXCJT4W05.jpg,Mee bandung,all,79e2cbdf50ec569da390adca539d9ebd,bb0d8a63af15548d
../foodsg-233\sliced fish soup\1HJCUB773V6BLF6V8I5JI1JV.jpg,sliced fish soup,all,7a08e5d333ea1e37192e040427dda969,bcf1cacc3a3130e5
../foodsg-233\Seafood Noodles Soup\W7MXOEG34EN9CHOZ9UL5KLWH.jpg,Seafood Noodles Soup,all,7a08e5d333ea1e37192e040427dda969,bcf1cacc3a3130e5
../foodsg-233\Porridge\RU0ZPW08L7G37KTE476ICDVZ.jpg,Porridge,all,7a08e5d333ea1e37192e040427dda969,bcf1cacc3a3130e5
../foodsg-233\Duck Rice\0DT8VIUI2XN7KDJYNGIEKZ4C.jpg,Duck Rice,all,7a20aa2f16762a518df78da87a831675,ad35c1d03e4dd13a
../foodsg-233\kway chap\PLAT0SUEWWUMGJ87TAN9WR48.jpg,kway chap,all,7a20aa2f16762a518df78da87a831675,ad35c1d03e4dd13a
../foodsg-233\Soto ayam\9GYJ5UUYD3TNZ68QKV3ZHFIR.jpg,Soto ayam,all,7a2811b4ef65e9e74ce3fe1b186efe2b,b9966461d29ab2f8
../foodsg-233\Mee soto\UES5D05RLCZ6UX1HFR6PLOXO.jpg,Mee soto,all,7a2811b4ef65e9e74ce3fe1b186efe2b,b9966461d29ab2f8
../foodsg-233\Mee soto\0Q2WIQE6PMY9P4JY5MLW4JIA.jpg,Mee soto,all,7a64d4bc19053a10a47887df422f95be,a86a058d3e1f783e
../foodsg-233\Soto ayam\SYCM2UJP4EXSXF2D9U483DZT.jpg,Soto ayam,all,7a64d4bc19053a10a47887df422f95be,a86a058d3e1f783e
"../foodsg-233\Bee hoon, goreng\MR2SRJ1X0IUIL14VVDS02RV7.jpg","Bee hoon, goreng",all,7a7a6eecea5d387f0d4e91533c7d370a,bbf844e451d05ada
"../foodsg-233\Mee siam, fried\D96PDCX5AZETYC88Y5778MPI.jpg","Mee siam, fried",all,7a7a6eecea5d387f0d4e91533c7d370a,bbf844e451d05ada
../foodsg-233\Fried Noodles\UYV2C00EK8GXFXWIKZJ91Z57.jpg,Fried Noodles,all,7a7a6eecea5d387f0d4e91533c7d370a,bbf844e451d05ada
../foodsg-233\bee hoon\ZG5ZQ1QG07ZBE2H1WJW50S3P.jpg,bee hoon,all,7a7a6eecea5d387f0d4e91533c7d370a,bbf844e451d05ada
../foodsg-233\mixed vegetables\6NQNPSCJ1HMPV6QTACPZKZXE.jpg,mixed vegetables,all,7a898e56473883cc6b4685d2ca76e0b9,de5bec3485897289
../foodsg-233\vegetable soup\8Z2Z5TSPKU3HDN3FK3W5K26G.jpg,vegetable soup,all,7a898e56473883cc6b4685d2ca76e0b9,de5bec3485897289
../foodsg-233\satay bee hoon\CDF1J22Q71CQMZEZ9SRE8QLU.jpg,satay bee hoon,all,7a89b3f85e2afcc0126354b6c083d78a,eed0d45c416cb627
../foodsg-233\vegetarian bee hoon\MHN2CM1J0T1V9IO8RG2MVNL0.jpg,vegetarian bee hoon,all,7a89b3f85e2afcc0126354b6c083d78a,eed0d45c416cb627
../foodsg-233\Mee siam\4FXH46A6PBZH39000ZO68WDJ.jpg,Mee siam,all,7aaa7f0a2082f662e52415ba36c31373,ee8fd4f08083b71a
"../foodsg-233\Mee siam, fried\YPD8I1CBOSRSEW87FTB9MHC0.jpg","Mee siam, fried",all,7aaa7f0a2082f662e52415ba36c31373,ee8fd4f08083b71a
../foodsg-233\cream soup\I3NUUDLJT1SPZ9L0SSLQY4KE.jpg,cream soup,all,7aad5dae5cff80161c08d7eb6ca82ba4,af2ff84c60696496
../foodsg-233\mushroom soup\5DG5492QP6KD3BB5RJSQXD5Q.jpg,mushroom soup,all,7aad5dae5cff80161c08d7eb6ca82ba4,af2ff84c60696496
../foodsg-233\wholegrain pasta\JQ88GC79OQ0D1U5EY56UOOH1.jpg,wholegrain pasta,all,7ab59135757109ef87c04e2753407773,e765339998339866
../foodsg-233\buckwheat\5FOD2W8BI1803PE807O38GT3.jpg,buckwheat,all,7ab59135757109ef87c04e2753407773,e765339998339866
"../foodsg-233\Bee hoon, soto\TKDT5C3MB4YP9YK2JR0AS1LY.jpg","Bee hoon, soto",all,7ae0c5c283bbe3f223d2de11da361d78,e891270ef66ec0ea
../foodsg-233\Mee soto\1I2KZRXMUBRL2S6PMV80T8BA.jpg,Mee soto,all,7ae0c5c283bbe3f223d2de11da361d78,e891270ef66ec0ea
../foodsg-233\tumpeng\F9HMYGYVIC5GNXAUOELM8WT7.jpg,tumpeng,all,7b5dc9f97941c374c696a06689efda60,d3d7060b8c9a7365
../foodsg-233\Nasi Ambeng\K16CMSH44L5TFJITU4CZ4GPJ.jpg,Nasi Ambeng,all,7b5dc9f97941c374c696a06689efda60,d3d7060b8c9a7365
../foodsg-233\satay bee hoon\GWHL4O8APAYNB2LDHQTUVKIV.jpg,satay bee hoon,all,7b6fe4f3748c7b2bb3cb4febc625b7ea,b9d12f0e62a7c259
../foodsg-233\bee hoon\XDE639L8DENDG9RI4Q12TXUI.jpg,bee hoon,all,7b6fe4f3748c7b2bb3cb4febc625b7ea,b9d12f0e62a7c259
"../foodsg-233\Bee hoon, goreng\NDE66JLUZ9EEEHZL3CTKNFK6.jpg","Bee hoon, goreng",all,7b7806b17a7e626ab7328de3b096e4dd,d2a82ba23d23b67a
../foodsg-233\Fried Noodles\FHXDHCVT35WSTOV7VDW1LWQQ.jpg,Fried Noodles,all,7b7806b17a7e626ab7328de3b096e4dd,d2a82ba23d23b67a
../foodsg-233\cream soup\MIJH65WNB6CSR9D9EJED0TFL.jpg,cream soup,all,7b79217aaa2eb4ef9bc6a6d7cbd4b6a9,f4896b5216b0bbd2
../foodsg-233\mushroom soup\AC6ARJD5C6CKHVLZIKYAHJPM.jpg,mushroom soup,all,7b79217aaa2eb4ef9bc6a6d7cbd4b6a9,f4896b5216b0bbd2
../foodsg-233\parfait\6YS1DUBVMFMZF4EPWNJ2Y16E.jpg,parfait,all,7b9a44677fa65d93ed521b587d2cd078,958dc695535f9065
../foodsg-233\ice cream - vanilla\375SWHSTNXBSKJQOR32JQ8NY.jpg,ice cream - vanilla,all,7b9a44677fa65d93ed521b587d2cd078,958dc695535f9065
"../foodsg-233\Mee siam, fried\5UWD14IHP8OZTPBSMS282HQH.jpg","Mee siam, fried",all,7bb4983cada041cb7fbb8970a8e18be7,99f3e680718af165
../foodsg-233\Mee siam\WCAB495HNJWJZF9LSVQV8J0X.jpg,Mee siam,all,7bb4983cada041cb7fbb8970a8e18be7,99f3e680718af165
../foodsg-233\Soto ayam\Z8DNFP01156RACSYGTFVCFRW.jpg,Soto ayam,all,7c09c44dd354fce5e52cde4f36ed4fa4,be99013e69a0a7ce
../foodsg-233\Mee soto\E0Z2Z0V2DN58ZX0H5YE2CTPT.jpg,Mee soto,all,7c09c44dd354fce5e52cde4f36ed4fa4,be99013e69a0a7ce
../foodsg-233\whole wheat\07AVD1J8BBKINDP0UYBIYL5U.jpg,whole wheat,all,7c40707f67834cf101405513c9cc4734,ffa2e5816e9d2809
../foodsg-233\whole grain bread\IEBAL1OBP9SFLVH54EK0QYEV.jpg,whole grain bread,all,7c40707f67834cf101405513c9cc4734,ffa2e5816e9d2809
../foodsg-233\Hor Fun\CPIYGDW8O1M8JHP7RTSKSYBD.jpg,Hor Fun,all,7c474ba4c95e214f960329681b054858,de077b9a68ac2532
../foodsg-233\Seafood Noodles Soup\7KZBIXUDL5NX07MQP95T2XRV.jpg,Seafood Noodles Soup,all,7c474ba4c95e214f960329681b054858,de077b9a68ac2532
../foodsg-233\bak chor mee\NRDT5GYWZNY7Y9TXMAS95QAX.jpg,bak chor mee,all,7c783a4c1c6c60e102e107a8d27b4404,cbe625453e1ec998
../foodsg-233\Fish Ball Noodles\QBEOTUTHO5JI7SYEKFU10BJW.jpg,Fish Ball Noodles,all,7c783a4c1c6c60e102e107a8d27b4404,cbe625453e1ec998
"../foodsg-233\Mee siam, fried\0Y9364LNQKCWIHY5MOVP4FR0.jpg","Mee siam, fried",all,7c797e522bd1455a185460c6da854753,e08588d22ddee3ba
../foodsg-233\Mee siam\ZWC1HQUNPE4BDEOU92DNOWY9.jpg,Mee siam,all,7c797e522bd1455a185460c6da854753,e08588d22ddee3ba
"../foodsg-233\Bee hoon, soto\LBKEJVWL1SJTSGHZ30AVEFFN.jpg","Bee hoon, soto",all,7c853776555665f12b6de9ae47cc56d5,b124652545fa1bf9
../foodsg-233\bee hoon\A468TK5WI3OEUAYZHR9MAPE1.jpg,bee hoon,all,7c853776555665f12b6de9ae47cc56d5,b124652545fa1bf9
../foodsg-233\Apple\24RHP15H0KYJXVQ6IPDU2TK1.jpg,Apple,all,7cc172bfeef5045404891a4853d04e3d,f3c18ccc6b339439
../foodsg-233\pear\U4IENRXQ28MZ0F88JC84FNSC.jpg,pear,all,7cc172bfeef5045404891a4853d04e3d,f3c18ccc6b339439
../foodsg-233\chicken soup\EROK4WW9ZYHXXSDVORQF0SNX.jpg,chicken soup,all,7ccc6d0f83e27f198f7846a596126002,c7162e40b15b3977
../foodsg-233\vegetable soup\OXFOL1S5LP73R4FHBA8RO1ED.jpg,vegetable soup,all,7ccc6d0f83e27f198f7846a596126002,c7162e40b15b3977
../foodsg-233\bee hoon\2BWCILX9CHPFUZX1LRQK0ZC9.jpg,bee hoon,all,7cd95a21023ecb59feca0018e01f24fd,bfc5d863c23b282c
"../foodsg-233\Bee hoon, soto\FC54HRW2CTZ0N9KUG5ZKAZ2A.jpg","Bee hoon, soto",all,7cd95a21023ecb59feca0018e01f24fd,bfc5d863c23b282c
../foodsg-233\whole wheat\BKSG7EQ2TKPNJK5V09MZ2O36.jpg,whole wheat,all,7cfa11b6d7ee288a3d442acb944dad0e,f68b596c4c986732
../foodsg-233\wholegrain pasta\HLHLKAVNBO007EYA0VSYV43K.jpg,wholegrain pasta,all,7cfa11b6d7ee288a3d442acb944dad0e,f68b596c4c986732
../foodsg-233\bee hoon\ZKQ6MEEKEEF0YBD6EPLH4XWL.jpg,bee hoon,all,7d2fcb807310b078af162d2a7669273f,a7e283da0f699f40
"../foodsg-233\Bee hoon, goreng\68YZHI1BELCAWLXAKFXW91SG.jpg","Bee hoon, goreng",all,7d2fcb807310b078af162d2a7669273f,a7e283da0f699f40
../foodsg-233\assam pedas\36P65R05ICLLQ4H05JV0SQL9.jpg,assam pedas,all,7d3ec0f18a618f818c0e751680564fa7,fff6939691340a24
../foodsg-233\fish head curry\M32URXETO2YIR6BVC1A65BR3.jpg,fish head curry,all,7d3ec0f18a618f818c0e751680564fa7,fff6939691340a24
../foodsg-233\Mee bandung\6D36WP7AO6F58P9U1GMNTLPU.jpg,Mee bandung,all,7d4f893c12ec90bcc7d68dab6a31b5d0,f894c665cb9a9a98
../foodsg-233\Mee rebus\YDO5VA4RIW20R43FQHKGH6CL.jpg,Mee rebus,all,7d4f893c12ec90bcc7d68dab6a31b5d0,f894c665cb9a9a98
../foodsg-233\whole wheat\X742XDARHUDI0O7XBZ1HNUCA.jpg,whole wheat,all,7d5bf64e8f98a7aa5c97d6f892c80d2c,cc8f1ff810c13bb8
../foodsg-233\whole grain bread\O80L3GS004PAVI36LPS8XBQ4.jpg,whole grain bread,all,7d5bf64e8f98a7aa5c97d6f892c80d2c,cc8f1ff810c13bb8
../foodsg-233\fried chicken\GK56WL0QJ1M6ZK6QXVFTES1F.jpg,fried chicken,all,7d88f23b3d3fb54a1dad3996639ceae8,82cd5bd737c183b0
../foodsg-233\har cheong gai\4JO6YN9LU2GWEB78F79P5BXU.jpg,har cheong gai,all,7d88f23b3d3fb54a1dad3996639ceae8,82cd5bd737c183b0
"../foodsg-233\Mee siam, fried\JEC3DA6AJJV3H9EELYBYSJ12.jpg","Mee siam, fried",all,7d9d534a3ed3fcea55fe420fb971f1a6,afc8d1ad449642bb
"../foodsg-233\Bee hoon, goreng\GEGBIS8D5XYE79OSPEC93G5K.jpg","Bee hoon, goreng",all,7d9d534a3ed3fcea55fe420fb971f1a6,afc8d1ad449642bb
"../foodsg-233\Mee siam, fried\IK3XUO06SGRUR179L94GQ52U.jpg","Mee siam, fried",all,7dd4b6cd252b4da45b4af5ab75aeeba9,de8760d1c39a9e68
"../foodsg-233\Bee hoon, goreng\CZPL8KB8R29Q22MR878IROCL.jpg","Bee hoon, goreng",all,7dd4b6cd252b4da45b4af5ab75aeeba9,de8760d1c39a9e68
../foodsg-233\Mee soto\XOXY44QBXBJSMWYVPOUW3D5X.jpg,Mee soto,all,7ddc64aff054a512446fc339b0fd30a6,eb8994c6ca9b641b
"../foodsg-233\Bee hoon, soto\PVMHA6XP34BMZ5Q9G42TKFTT.jpg","Bee hoon, soto",all,7ddc64aff054a512446fc339b0fd30a6,eb8994c6ca9b641b
../foodsg-233\sliced fish soup\AXE68HOALI9VKVW31902QMV7.jpg,sliced fish soup,all,7e307ae9f55b4b02c2d6c330b427d18d,9513424a4f2d6f73
../foodsg-233\Seafood Noodles Soup\9PWNCUFNZ1IHFA97A6LNZOLB.jpg,Seafood Noodles Soup,all,7e307ae9f55b4b02c2d6c330b427d18d,9513424a4f2d6f73
../foodsg-233\cheese fries\YTL0Z3HKXG9TKGCP4DR2GN5P.jpg,cheese fries,all,7e4b4167774a1af697b6225be502f938,c7d93c6f2c6c3094
../foodsg-233\french fries\BCSZY9IW3BQTRD37I7IY9532.jpg,french fries,all,7e4b4167774a1af697b6225be502f938,c7d93c6f2c6c3094
../foodsg-233\sliced fish soup\NPC2PJ0CD21MZV4C33479NIL.jpg,sliced fish soup,all,7e634cbdc8141c96560ecddd3c55f203,95b95a600ccd6ece
../foodsg-233\Seafood Noodles Soup\TDMZC5RTC781Q7D1UN5XYJEL.jpg,Seafood Noodles Soup,all,7e634cbdc8141c96560ecddd3c55f203,95b95a600ccd6ece
../foodsg-233\Seafood Noodles Soup\N3S1HJK5ARFGQGQBG49SEU0F.jpg,Seafood Noodles Soup,all,7e859d9c7ffb15696549b756b3cc9377,b5cbc26c0e349eb1
../foodsg-233\sliced fish soup\BRA49S1T8GF1GLNO0BEUGLYG.jpg,sliced fish soup,all,7e859d9c7ffb15696549b756b3cc9377,b5cbc26c0e349eb1
../foodsg-233\Mee kuah\8CL7GD7W4XKA8WY1BO8MRCIX.jpg,Mee kuah,all,7e942ae846974d6f8d3c33ffb42586fd,fe65a402d54dd1a9
../foodsg-233\Mee bandung\VLY7PGI5AWOJPKGO2QRGHSXQ.jpg,Mee bandung,all,7e942ae846974d6f8d3c33ffb42586fd,fe65a402d54dd1a9
../foodsg-233\mee pok\ER9U4BA3L02ZRS7NC72FFVNW.jpg,mee pok,all,7e96db3a4644074eaa920496d5c30973,f2a4cd6730d0975a
../foodsg-233\bak chor mee\GCTPREZHURNFZMD5XAWYSK76.jpg,bak chor mee,all,7e96db3a4644074eaa920496d5c30973,f2a4cd6730d0975a
"../foodsg-233\Bee hoon, goreng\BR3OURWB5DQ2UH2FOVM3ZW4T.jpg","Bee hoon, goreng",all,7ea7aa5f5ef836e1ba21ede761e1c4fd,c25e02ffc3540f3c
"../foodsg-233\Bee hoon, goreng\3DF6JXT8TNIOTAZ7617B3IAS.jpg","Bee hoon, goreng",all,7ea7aa5f5ef836e1ba21ede761e1c4fd,c25e02ffc3540f3c
../foodsg-233\fried chicken\EPLBMBZS636C12E3WST6MQKC.jpg,fried chicken,all,7eda006ff73db0f0cf76fe7273fb10fc,863684f0c24febad
../foodsg-233\chicken wing\S685P7E3P3RWXJ7FUZOEKO6P.jpg,chicken wing,all,7eda006ff73db0f0cf76fe7273fb10fc,863684f0c24febad
../foodsg-233\cream soup\DI5K1U41786SFWIZ9JVEE67M.jpg,cream soup,all,7f2ecf79ff309be3d258610da49d4355,d6505ade3cba9708
../foodsg-233\mushroom soup\8OX6I59P2PD7VU60DBGLNOOU.jpg,mushroom soup,all,7f2ecf79ff309be3d258610da49d4355,d6505ade3cba9708
../foodsg-233\mushroom soup\4SRDFQJX9HXIBFH8A7R67NAB.jpg,mushroom soup,all,7f45aefe32e9883804046515229a5a29,8d9d69086d1b8d7a
../foodsg-233\cream soup\79MDIUQEC70H1G6HTILUKDQA.jpg,cream soup,all,7f45aefe32e9883804046515229a5a29,8d9d69086d1b8d7a
../foodsg-233\bak chor mee\WL9RRWB5J4RGKVPGDUIISLFS.jpg,bak chor mee,all,7f4b3bc29c132392f9af462a1542ba59,b6aca8b4874a3d63
../foodsg-233\mee pok\9EXOVAES4SZX9F3U0VY91TXP.jpg,mee pok,all,7f4b3bc29c132392f9af462a1542ba59,b6aca8b4874a3d63
../foodsg-233\Seafood Noodles Soup\7EZ2VLXAYXVRWSOQVWAHK8X9.jpg,Seafood Noodles Soup,all,7f6ff0add297dcaf3677c3c2522330c9,b5f5c5414cb529d1
"../foodsg-233\Bee hoon, soto\5U9Q88IEBRB6G1YEVHFL29KH.jpg","Bee hoon, soto",all,7f6ff0add297dcaf3677c3c2522330c9,b5f5c5414cb529d1
../foodsg-233\bee hoon\ZOCRHAMBN5SESL2JZ6FY0MBK.jpg,bee hoon,all,7f7fd83a39f45c3fc76336b03f7d4899,e720698ff7ec082c
"../foodsg-233\Bee hoon, goreng\YAPB1F251FLWC4BVTFMLJ9PD.jpg","Bee hoon, goreng",all,7f7fd83a39f45c3fc76336b03f7d4899,e720698ff7ec082c
"../foodsg-233\Rice, korean bulgogi beef\FE0WQEE5ONKR8OUV6I7AXC0A.jpg","Rice, korean bulgogi beef",all,7f92768d3def0e3c1f8e6ee935edc32d,f985e8a1ab4fc416
"../foodsg-233\Rice, with dakgalbi\SH5V98HOO51RZ993XD99HX0M.jpg","Rice, with dakgalbi",all,7f92768d3def0e3c1f8e6ee935edc32d,f985e8a1ab4fc416
"../foodsg-233\Bee hoon, goreng\4107WBHE81EDZ8R16C9HKE4J.jpg","Bee hoon, goreng",all,7fb1b0317dbb959d7c1542973ea0e0c0,ba9693b8c5d07ac4
"../foodsg-233\Mee siam, fried\UV3X11DIUVAIFDM3OC6D5LWL.jpg","Mee siam, fried",all,7fb1b0317dbb959d7c1542973ea0e0c0,ba9693b8c5d07ac4
../foodsg-233\xiao long bao\3HQGYWE4T6P5W7WD2S2SGLPN.jpg,xiao long bao,all,7fd9257985a735cce0992a217d8675a8,b1a61d8cfa1599e4
../foodsg-233\steamed buns\ELSLESOUE63KB3WWI9KV0VKD.jpg,steamed buns,all,7fd9257985a735cce0992a217d8675a8,b1a61d8cfa1599e4
../foodsg-233\drunken prawn\5YKWB8P82A7EILHXK27LZ5ZZ.jpg,drunken prawn,all,8009b136563ed9418ffade243f6e886c,aad0c2023bcfecf8
../foodsg-233\fried prawn\RB8COJG0UFGZW79OVMBKVSQ0.jpg,fried prawn,all,8009b136563ed9418ffade243f6e886c,aad0c2023bcfecf8
../foodsg-233\mixed vegetables\FIQDK9RFOZD281LSLQW1893Y.jpg,mixed vegetables,all,800da15a0d00a0619ec6897c405b20b8,b6b549d22c07d13e
../foodsg-233\green leafy vegetables\WAQTMH9GQPNW36FAYQ9HQ3DJ.jpg,green leafy vegetables,all,800da15a0d00a0619ec6897c405b20b8,b6b549d22c07d13e
"../foodsg-233\Bee hoon, goreng\GCFWWRNWZUXZ8AVU792KEAGS.jpg","Bee hoon, goreng",all,8013abe257d07289fbd92df343cb3595,ccf2bcd6fccc2048
../foodsg-233\Mee goreng\XGA9W40G4V8P65PDBEOEJRF0.jpg,Mee goreng,all,8013abe257d07289fbd92df343cb3595,ccf2bcd6fccc2048
"../foodsg-233\Mee siam, fried\4T232FWXRWL7YA2W4EIKASXB.jpg","Mee siam, fried",all,801b1be7445f84e63147d4983ec8dfcf,b6d0cd4fc42c1376
../foodsg-233\Mee siam\ESI9FDUBDCX4FYUMOTTY2U2N.jpg,Mee siam,all,801b1be7445f84e63147d4983ec8dfcf,b6d0cd4fc42c1376
../foodsg-233\Mee kuah\QGNSY3ZXN8PXHDB8ULUSM7OB.jpg,Mee kuah,all,80239501d1dca13e099afeb4462468d3,abf0a5ca9493d689
../foodsg-233\Mee bandung\BPTB1D1GT0O1DJMHM1346WGV.jpg,Mee bandung,all,80239501d1dca13e099afeb4462468d3,abf0a5ca9493d689
"../foodsg-233\Mee siam, fried\WLSQVQSQZDW19IH2083E5L0W.jpg","Mee siam, fried",all,80251594d550958ecdc9efdae38daa90,96a9dc6b36b64115
"../foodsg-233\Bee hoon, goreng\9KAUJLUCM8EO6QYLGW6A83HY.jpg","Bee hoon, goreng",all,80251594d550958ecdc9efdae38daa90,96a9dc6b36b64115
../foodsg-233\steamed buns\C0VY5R4L94LFV8P1FKLYASZC.jpg,steamed buns,all,802cfc8670ae16fdb89c46a76a642d6d,c13e0bb55ef02785
../foodsg-233\char siew pau\4W1GPPY41OGNHKXTHM8AWOE7.jpg,char siew pau,all,802cfc8670ae16fdb89c46a76a642d6d,c13e0bb55ef02785
"../foodsg-233\Wanton mee, dry\HU4W2T63UQHLWV8TVUNVM5V3.jpg","Wanton mee, dry",all,806149769957fc062aef6b236a44b264,f5975ad0ea49aa42
../foodsg-233\Dumpling noodle soup\OYOUJYYQAHX7SOK0V8VHS8ST.jpg,Dumpling noodle soup,all,806149769957fc062aef6b236a44b264,f5975ad0ea49aa42
../foodsg-233\Mee siam\ZIS1CZWMAA4C2MGXV4MVFZUF.jpg,Mee siam,all,8063410f234aab333e9245e58b5ccf6b,faab94f083d32c4c
"../foodsg-233\Mee siam, fried\752P60GDHWMIAAF7CDB4PA0J.jpg","Mee siam, fried",all,8063410f234aab333e9245e58b5ccf6b,faab94f083d32c4c
../foodsg-233\Prawn Noodle\X0Y2USZTG0HV5K483RQ8NM5L.jpg,Prawn Noodle,all,8063410f234aab333e9245e58b5ccf6b,faab94f083d32c4c
../foodsg-233\Soto ayam\R6I9Z5EAYRVOUILGXEG9YYIM.jpg,Soto ayam,all,80b0d6c6ce6cf998160a7f959a83b327,cb8908791fbe95d0
../foodsg-233\Mee soto\P4X7A55L10VFDYJOCBUKTY0T.jpg,Mee soto,all,80b0d6c6ce6cf998160a7f959a83b327,cb8908791fbe95d0
../foodsg-233\green leafy vegetables\HX3EQKJNDRTMON6DU4YUV3J1.jpg,green leafy vegetables,all,80c1aeac9e8dee785894fd99bd637981,fcd3e0298e3ef110
../foodsg-233\mixed vegetables\SS4C2KI5DMETTK5NZ4IPV337.jpg,mixed vegetables,all,80c1aeac9e8dee785894fd99bd637981,fcd3e0298e3ef110
../foodsg-233\kaya toast\Z8H59LMXU61XO7LAGVZU3TZ5.jpg,kaya toast,all,80e738ec4531c47d3814106f0208121e,f596cb4e4b14c165
../foodsg-233\Soft boiled eggs\FG9EEFTERSXMQYAUR3LWHV3Z.jpg,Soft boiled eggs,all,80e738ec4531c47d3814106f0208121e,f596cb4e4b14c165
../foodsg-233\sliced fish soup\W28B001OK6MIZCWS9DR1CD9U.jpg,sliced fish soup,all,80f98818a1ce72589be5ef9576dde1a4,d0c64d191fb34c3d
../foodsg-233\Seafood Noodles Soup\U75648FXS3RI5MARE1WTJ37V.jpg,Seafood Noodles Soup,all,80f98818a1ce72589be5ef9576dde1a4,d0c64d191fb34c3d
"../foodsg-233\Mee siam, fried\95ZEMXWJBRWQS7GSLP91SP4S.jpg","Mee siam, fried",all,811cafd1191717cb37ed00a18d865397,de91523b09b933a6
../foodsg-233\Mee siam\YYXNAUEKPP5G5F4BCYX40214.jpg,Mee siam,all,811cafd1191717cb37ed00a18d865397,de91523b09b933a6
../foodsg-233\Mee soto\KLEZL1IN0BWDGYF8I6MKL6LM.jpg,Mee soto,all,812581ad890387670499cb10cb77a9de,cdd53f10f11a84ad
"../foodsg-233\Bee hoon, soto\8NX4IIV5YICGIXKCQJBTL4WZ.jpg","Bee hoon, soto",all,812581ad890387670499cb10cb77a9de,cdd53f10f11a84ad
../foodsg-233\char siew\W9DMZFTJHF5TG0CZSV14E1FC.jpg,char siew,all,812637506b767d7e447fde59a9964dc3,e8a691d1ce6bb419
../foodsg-233\Duck Rice\P4YS1ITT5CAJ6783B61EE8XI.jpg,Duck Rice,all,812637506b767d7e447fde59a9964dc3,e8a691d1ce6bb419
../foodsg-233\Chocolate\CRM5WYNA6M57F6V30I47H67Y.jpg,Chocolate,all,8159540ff519fdb74afb732ea8e5bb2f,eb84907ba5e41b8d
../foodsg-233\Nuts\306DJMEUIXYMG9U02NGUKURO.jpg,Nuts,all,8159540ff519fdb74afb732ea8e5bb2f,eb84907ba5e41b8d
../foodsg-233\Mee kuah\WAUAH2GSN0374FCPHGC9FEBH.jpg,Mee kuah,all,8173cadb36528acbe5e9c28570e66295,f0e303857ad68697
../foodsg-233\Mee bandung\DQGU90MLZ9J6YS7383UTSUA6.jpg,Mee bandung,all,8173cadb36528acbe5e9c28570e66295,f0e303857ad68697
"../foodsg-233\Rice, korean bulgogi beef\DYBOISI85M8NNEI33M5S1OZO.jpg","Rice, korean bulgogi beef",all,817ee0705ea19f58c361cccfdd5f6c5d,a9db9030d9781737
../foodsg-233\Claypot Rice\ZBDLBURGU58CIHIK1MX63FOR.jpg,Claypot Rice,all,817ee0705ea19f58c361cccfdd5f6c5d,a9db9030d9781737
../foodsg-233\Mee siam\SOPMROGZP5WSBS2EJX45DP6Z.jpg,Mee siam,all,81801386c93107cc544921e61bda8900,ba5ae26a83a1569d
../foodsg-233\Mee rebus\COZB1R6UXHJHAMI3UB23M1IP.jpg,Mee rebus,all,81801386c93107cc544921e61bda8900,ba5ae26a83a1569d
../foodsg-233\Mee siam\LI9L16AJE8NRMVX2FYETTFS1.jpg,Mee siam,all,818eeff25622ebe24d9d98a85f5a1f03,ebd9c8ff88101770
"../foodsg-233\Bee hoon, goreng\O1K1CQF5TAQQGOFJ2RO4ANTU.jpg","Bee hoon, goreng",all,818eeff25622ebe24d9d98a85f5a1f03,ebd9c8ff88101770
"../foodsg-233\Mee siam, fried\YGMQ7HPFOEGYZ6Z15GYTDOJ0.jpg","Mee siam, fried",all,818eeff25622ebe24d9d98a85f5a1f03,ebd9c8ff88101770
../foodsg-233\Mee kuah\9RD9OCTHZFO3VY9C0KK3X7C3.jpg,Mee kuah,all,81e364f39e60b11927d19638576844d2,c1c177870ebe03f8
../foodsg-233\Mee rebus\MNQ7DXA2NCJV7PX8Y9NLGD0Y.jpg,Mee rebus,all,81e364f39e60b11927d19638576844d2,c1c177870ebe03f8
../foodsg-233\bee hoon\TLEPHGK85SZ0CAR1ZWTZ9E8M.jpg,bee hoon,all,820718ff78e16303d188a51a51c0d447,c1569f5bd88c9874
"../foodsg-233\Bee hoon, goreng\HJWIXJFX21XM8I5RIMG1CLVD.jpg","Bee hoon, goreng",all,820718ff78e16303d188a51a51c0d447,c1569f5bd88c9874
../foodsg-233\chai tow kuay\FYV7TNXELZ7DMGR2A5OSOTCE.jpg,chai tow kuay,all,8213dcdc519e5a578c8700e97f374254,a6d9d014c5c9d6d3
../foodsg-233\Kway Teow\SF03SBU8CC7WC9I3066BW6RE.jpg,Kway Teow,all,8213dcdc519e5a578c8700e97f374254,a6d9d014c5c9d6d3
../foodsg-233\char siew\WJWYJKLXBFZG3N7QD6136V5K.jpg,char siew,all,82190fe3c82a83466398e03a9d87db29,b460c0c0bf17ce5f
../foodsg-233\Duck Rice\JIQYG1XJILH98R5EJ0J7MUUY.jpg,Duck Rice,all,82190fe3c82a83466398e03a9d87db29,b460c0c0bf17ce5f
../foodsg-233\bee hoon\A559KVVUI7GX32QBLM6U8540.jpg,bee hoon,all,822ec05838b4b82cf12db5a377ee6ed2,a2c603c5c3b8e53f
../foodsg-233\satay bee hoon\549NGZVY2UJLCC3CQ2YV99BD.jpg,satay bee hoon,all,822ec05838b4b82cf12db5a377ee6ed2,a2c603c5c3b8e53f
"../foodsg-233\Bee hoon, soto\VI2KAORLZNUR5J2TARQ9SYZ5.jpg","Bee hoon, soto",all,824f150128ad7cab9e6d5409ef168b68,97e5c825ca941b3e
../foodsg-233\Mee soto\6WGOZZWATUJWLNGVXHK0K02X.jpg,Mee soto,all,824f150128ad7cab9e6d5409ef168b68,97e5c825ca941b3e
../foodsg-233\mushroom soup\X4IMV0BUICHO78UM5YU9IEF0.jpg,mushroom soup,all,8258e0d67d6e57ad9c81119ce9706ade,fb3a90b08b419757
../foodsg-233\cream soup\8547O3TZUP7OEAAWAAEVNWWJ.jpg,cream soup,all,8258e0d67d6e57ad9c81119ce9706ade,fb3a90b08b419757
../foodsg-233\vegetable soup\M2AJY3Z13KTXJ59135HZNO0P.jpg,vegetable soup,all,8258e0d67d6e57ad9c81119ce9706ade,fb3a90b08b419757
../foodsg-233\Mee bandung\ZH47KOUC4C3NEVW77EJCNNY8.jpg,Mee bandung,all,82615468e6bd848b0faf1c7b0a547443,f97c287fae060827
../foodsg-233\Mee kuah\LGQ8OUSYG1GNYUTGL8MQ0FS4.jpg,Mee kuah,all,82615468e6bd848b0faf1c7b0a547443,f97c287fae060827
../foodsg-233\Duck Rice\A2IG1NNAQRQV9OKVQ3PKVZKI.jpg,Duck Rice,all,828ed6b31101f62556ba51a572d735c8,e3385cd5f42a841f
../foodsg-233\yam rice\NG6Q52NOX7M1JZW1A8FZ592X.jpg,yam rice,all,828ed6b31101f62556ba51a572d735c8,e3385cd5f42a841f
../foodsg-233\Pung Kueh\OT6YHCD929ZL0IUCTFIRVWVQ.jpg,Pung Kueh,all,82b602e136d429c55473f7a1fe29f485,aefc85d286e46c2c
../foodsg-233\Kueh Salat\VSNSME1KSRRKBUHBUQGHH2S4.jpg,Kueh Salat,all,82b602e136d429c55473f7a1fe29f485,aefc85d286e46c2c
../foodsg-233\Seafood Noodles Soup\8S3CMHO0P112AYIQGRCZNYHA.jpg,Seafood Noodles Soup,all,82b69fb70188786a8b349ecf7c9f08a5,8fd1f8634a8e91c5
"../foodsg-233\Bee hoon, soto\F0C3GV5Q1VCETRTINRZKGAUB.jpg","Bee hoon, soto",all,82b69fb70188786a8b349ecf7c9f08a5,8fd1f8634a8e91c5
../foodsg-233\bee hoon\EQ52NEZS7D437NMIDC07826N.jpg,bee hoon,all,82b69fb70188786a8b349ecf7c9f08a5,8fd1f8634a8e91c5
../foodsg-233\cream soup\CQR2TBDRL8JP917GCAEI4OP9.jpg,cream soup,all,82c31a0b60caa1b82751a98e2f2589ed,c242348f3bce71dc
../foodsg-233\mushroom soup\2QYN1GW36DRXU694P5BO7YZB.jpg,mushroom soup,all,82c31a0b60caa1b82751a98e2f2589ed,c242348f3bce71dc
../foodsg-233\Mee bandung\JCV93ZBN408XPPAWT48P81CD.jpg,Mee bandung,all,82e8216ae9f54c14fb8264465a4ecd05,e8cde8c58f951652
../foodsg-233\Mee rebus\9NH7TKUTOBZLBWRGIXDEVUAQ.jpg,Mee rebus,all,82e8216ae9f54c14fb8264465a4ecd05,e8cde8c58f951652
../foodsg-233\Dumpling noodle soup\6WITFAF8BRY8T12MQX2TWI1F.jpg,Dumpling noodle soup,all,82eca055817a53c4a1a9520dd68f7117,bfaad0d607187ba0
"../foodsg-233\Wanton mee, dry\KU19VWUPEPTRB4F80XORWZN5.jpg","Wanton mee, dry",all,82eca055817a53c4a1a9520dd68f7117,bfaad0d607187ba0
../foodsg-233\Lontong with sayur lodeh\DFN7TDH9XY904QB5JQY66393.jpg,Lontong with sayur lodeh,all,82fff5045487e4e72b0f31ffaa993a61,fdc550794b646925
../foodsg-233\lontong\48F9FWNS0DVRKUI47IPDB42R.jpg,lontong,all,82fff5045487e4e72b0f31ffaa993a61,fdc550794b646925
../foodsg-233\Mee soto\490VBQ1ER8B9DQJ7D1I9YLWW.jpg,Mee soto,all,832f13f4445fc2d8f84450ada3f21501,b7acd49a522dca31
"../foodsg-233\Bee hoon, soto\SB31QX2VKI3348FSI8ETH66P.jpg","Bee hoon, soto",all,832f13f4445fc2d8f84450ada3f21501,b7acd49a522dca31
../foodsg-233\bee hoon\HXUBRJ7CXSB2N53JEG57U6PJ.jpg,bee hoon,all,835683ce6b81ac07e6b2f2ea9ec87bf0,d4946b0b3d4bd03d
../foodsg-233\sliced fish soup\ITE8BA739X967W1UHLEQKMYC.jpg,sliced fish soup,all,835683ce6b81ac07e6b2f2ea9ec87bf0,d4946b0b3d4bd03d
"../foodsg-233\Bee hoon, soto\4QGMAA46T2RXQDNJW7GK58UW.jpg","Bee hoon, soto",all,835683ce6b81ac07e6b2f2ea9ec87bf0,d4946b0b3d4bd03d
../foodsg-233\Mee siam\PL744ZRX97L1BSI7YEQ2S6ZD.jpg,Mee siam,all,837606401b3b0713b9036b084985c1ac,ae165f7fb0829291
"../foodsg-233\Mee siam, fried\KHCC5TIRETG6HUXGPR27DZ6Z.jpg","Mee siam, fried",all,837606401b3b0713b9036b084985c1ac,ae165f7fb0829291
../foodsg-233\Mee soto\FEJK4CJ9GJFTHNYLEOBIQ1J1.jpg,Mee soto,all,8388e12a5c4d4b2228984cdae58bcac1,a9a7cca7c8cd3690
"../foodsg-233\Bee hoon, soto\ZX1JNK18SNUHIB4VDEFAR28M.jpg","Bee hoon, soto",all,8388e12a5c4d4b2228984cdae58bcac1,a9a7cca7c8cd3690
../foodsg-233\mushroom soup\E9A7OH8HEVLJRMX3WBR9RIAX.jpg,mushroom soup,all,83b4023b6eb1e9feedada3e798466053,ea8a4fda94a5a394
../foodsg-233\sliced fish soup\SQ1B21CWE2YA2G6TB39OBJTN.jpg,sliced fish soup,all,83b4023b6eb1e9feedada3e798466053,ea8a4fda94a5a394
../foodsg-233\Soto ayam\EP685A52YKH2AH5TM7TR8YBW.jpg,Soto ayam,all,83ea56a93a3fe133819cce2dd4134b03,ff88f09ae118e568
../foodsg-233\Mee soto\PEA2ES4VEY4N7GOBYS6IBAU9.jpg,Mee soto,all,83ea56a93a3fe133819cce2dd4134b03,ff88f09ae118e568
../foodsg-233\Mee soto\LXAK5E7PCZ36ZRF22DE4TE42.jpg,Mee soto,all,83f868a1b5bbecae8ca8301ef81958a9,e8e285e596974a5a
../foodsg-233\Soto ayam\YYZU3E7T337GX32JYY93KX8Z.jpg,Soto ayam,all,83f868a1b5bbecae8ca8301ef81958a9,e8e285e596974a5a
../foodsg-233\sliced fish soup\HL6HK4TZM1DM70P2NH3WEKIJ.jpg,sliced fish soup,all,83ffcb285c7d64ef70da28cfbff56c85,a7e1f09ac61e1b29
../foodsg-233\Seafood Noodles Soup\DT679O1OP9830VAEATWTVXYQ.jpg,Seafood Noodles Soup,all,83ffcb285c7d64ef70da28cfbff56c85,a7e1f09ac61e1b29
../foodsg-233\fried fish\7Q9AQIHTVDQKZY09EL03S9SK.jpg,fried fish,all,8431ad7b6a747d4f1e1da28a9c80a97e,e0e207a05b877b97
../foodsg-233\fried fish\EHNKE45BUJBNC6J0CGYHJQ28.jpg,fried fish,all,8431ad7b6a747d4f1e1da28a9c80a97e,e0e207a05b877b97
../foodsg-233\Mee siam\LVED8NLY44I9540HUWGTK0XR.jpg,Mee siam,all,844802f3da8b8313d912d3a4551421e8,b3c79ecac9cac0c1
"../foodsg-233\Mee siam, fried\DB1WNE9OA5IPNX6VNCUVDWK6.jpg","Mee siam, fried",all,844802f3da8b8313d912d3a4551421e8,b3c79ecac9cac0c1
../foodsg-233\Mee rebus\VARTQFIX4NRY4Y54LPQEC7N3.jpg,Mee rebus,all,845564c87f5c3f8cfc89c07df3d03ba3,eeac9f25c9108d63
../foodsg-233\Mee bandung\6L0BELM9FGEG8BJT8ZGTH4EK.jpg,Mee bandung,all,845564c87f5c3f8cfc89c07df3d03ba3,eeac9f25c9108d63
"../foodsg-233\Bee hoon, goreng\OA47T5C82M7DYJESU33I98PN.jpg","Bee hoon, goreng",all,847e50c9c0d78ed09e1d7da3a6e8c5d3,bd70c2cf01f90dc5
../foodsg-233\Mee siam\3BQC8WVQ9P07SB8T5ZUR4NMY.jpg,Mee siam,all,847e50c9c0d78ed09e1d7da3a6e8c5d3,bd70c2cf01f90dc5
../foodsg-233\char siew pau\Q77FFY2641O1WA8PEAB25UJB.jpg,char siew pau,all,848fb8024f1bf9762dc90a4a6d31c3f3,ea85b1946acd7159
../foodsg-233\steamed buns\8HFJIFZTUIM6WQLGE1SCM7IT.jpg,steamed buns,all,848fb8024f1bf9762dc90a4a6d31c3f3,ea85b1946acd7159
../foodsg-233\chai tow kuay\MYAX1B32CMID8MZGG26YYEUB.jpg,chai tow kuay,all,84a4203f1d86dd217d59eee067ab547a,f8c0e95c9713d41e
../foodsg-233\Kway Teow\JKG46H4E2T92WXC6ZWJF0GLX.jpg,Kway Teow,all,84a4203f1d86dd217d59eee067ab547a,f8c0e95c9713d41e
"../foodsg-233\Mee siam, fried\TPYEWJ3BN7G8EUOLEX84CN30.jpg","Mee siam, fried",all,84b626bad48279aeef6d7f37ac358f85,ec88b9d0c0e5e7b8
../foodsg-233\Mee siam\LWL769IBP7830DFOLHMYJXSH.jpg,Mee siam,all,84b626bad48279aeef6d7f37ac358f85,ec88b9d0c0e5e7b8
../foodsg-233\char siew pau\VJAEXZXAXF6VIYEQKD64KESD.jpg,char siew pau,all,84c153a461428f7e36ae013cd5d9f28f,892e39356a87d8a7
../foodsg-233\steamed buns\8W4TH5WVMHMZFE8PN3GHX6GH.jpg,steamed buns,all,84c153a461428f7e36ae013cd5d9f28f,892e39356a87d8a7
../foodsg-233\Nasi Ambeng\IS7D0YFDW22JZFLQGIE2VKS3.jpg,Nasi Ambeng,all,84c6c4bcea42a05d7b8438d281a9ea92,e047938cb49b4bf4
../foodsg-233\fried rice\VCP4M23P6PQ1398P0CTASA3W.jpg,fried rice,all,84c6c4bcea42a05d7b8438d281a9ea92,e047938cb49b4bf4
../foodsg-233\Mee soto\P4URPXO5SDPZPXQQZU1AM1W0.jpg,Mee soto,all,84c7ade3e47b8f4c124ff4a37b588038,f5967ad961319464
../foodsg-233\Soto ayam\B2DZBVNZ67V8B7T264EHBBV0.jpg,Soto ayam,all,84c7ade3e47b8f4c124ff4a37b588038,f5967ad961319464
../foodsg-233\satay bee hoon\NO6CCP4ALU8O4SU8K8DWZYYS.jpg,satay bee hoon,all,84d906f389f32ff97aea630f4907e1ae,cb4b2d5c26663273
../foodsg-233\bee hoon\5RSGWDTV9QEU1QOW691H9ON9.jpg,bee hoon,all,84d906f389f32ff97aea630f4907e1ae,cb4b2d5c26663273
../foodsg-233\Mee kuah\UCGQU7OOQZ9BRENDEVBJE6KY.jpg,Mee kuah,all,84e54c4ae4921f88d9c9c580f7173db0,eebf15675e302a20
../foodsg-233\Mee rebus\BBVIO6F1PO1L8P3ZP5WJ3DLP.jpg,Mee rebus,all,84e54c4ae4921f88d9c9c580f7173db0,eebf15675e302a20
../foodsg-233\char siew pau\8BXA48TIKZJS0BJZ604FCZ7W.jpg,char siew pau,all,84edc5b061f377f6407a8101a8b65d11,d2bae0559e31d94a
../foodsg-233\dumpling\JM0JT2NP5U5ERM0B7JSVV4XH.jpg,dumpling,all,84edc5b061f377f6407a8101a8b65d11,d2bae0559e31d94a
../foodsg-233\mushroom soup\0LJYCFBSEODR0ZXZXTGDJR0O.jpg,mushroom soup,all,84ffe39abb370bc746a232865d364e6e,d6b468c927639ec4
../foodsg-233\cream soup\S1OKVJ6C16MHEPJ7Z9PJHRWX.jpg,cream soup,all,84ffe39abb370bc746a232865d364e6e,d6b468c927639ec4
../foodsg-233\tom yum noodle soup\8UAHQYC2R9T6RY8EAN8EXQ4W.jpg,tom yum noodle soup,all,8528a5d9155200351ff2b950c6e86d4c,fdbca0b0c7f18864
../foodsg-233\Seafood Noodles Soup\XXKAKSSHLFMA27W8I5L66F5H.jpg,Seafood Noodles Soup,all,8528a5d9155200351ff2b950c6e86d4c,fdbca0b0c7f18864
"../foodsg-233\Mee siam, fried\99JAAMUW9QZ7OTKIW1TQTGL5.jpg","Mee siam, fried",all,85345dd332cb51f3491336442e3a9959,942342ce11dbb6de
../foodsg-233\Mee rebus\5QAM2C5O7Y8W5MQ5KTI88LCH.jpg,Mee rebus,all,85345dd332cb51f3491336442e3a9959,942342ce11dbb6de
../foodsg-233\Mee siam\WPL3HUM6UWGERTB50B6YTE5M.jpg,Mee siam,all,85345dd332cb51f3491336442e3a9959,942342ce11dbb6de
../foodsg-233\steamed buns\0LK23J1PINUGMR8DCUWP46NA.jpg,steamed buns,all,856d8aa3311faaaab157318f13c077f3,9132723fac266c57
../foodsg-233\char siew pau\L3OJJHAOIO5X881U6UI8YIP4.jpg,char siew pau,all,856d8aa3311faaaab157318f13c077f3,9132723fac266c57
"../foodsg-233\Rice, with dakgalbi\KL25AURS2P1EYFQ228TQ2OUL.jpg","Rice, with dakgalbi",all,85735d48cf2c2afb9d668a88b1a6a689,8aca7d0a356c267d
../foodsg-233\chicken soup\RSC7N30DSDQLDXR8ZDXTZB6G.jpg,chicken soup,all,85735d48cf2c2afb9d668a88b1a6a689,8aca7d0a356c267d
../foodsg-233\fried rice\457MM71VSPPI0YIVBZNXCQUD.jpg,fried rice,all,857606f45ad7489e09c16469fd9ef4ed,eaebfad0d2c2a281
"../foodsg-233\Pilaf, pea\LV4SM8Z8XDHTBICRBR7Z303Z.jpg","Pilaf, pea",all,857606f45ad7489e09c16469fd9ef4ed,eaebfad0d2c2a281
../foodsg-233\Mee soto\2WH12RQ7KESK3NJ8C3BPHKDB.jpg,Mee soto,all,85a9a24640acef75ef84be0ad8cf6423,faa48dd317b2130e
../foodsg-233\Soto ayam\4JISE1ZRW1GGCBWOVWCMPUQ1.jpg,Soto ayam,all,85a9a24640acef75ef84be0ad8cf6423,faa48dd317b2130e
../foodsg-233\cooked brown rice\C1GN04K6MF70TSVT4KHMF2FK.jpg,cooked brown rice,all,85c28043ac9c4b4adafd6c8de95af577,df8eb454c3698686
"../foodsg-233\Pilaf, pea\RYQ45WA7RYMIVTTO5SVUUOZS.jpg","Pilaf, pea",all,85c28043ac9c4b4adafd6c8de95af577,df8eb454c3698686
../foodsg-233\Soto ayam\ZH2I197V8NS4UJC2L0RR25ZX.jpg,Soto ayam,all,85f22031f9a1640105ff31c01bf51e98,ce3973c6c8d8701e
../foodsg-233\Mee soto\3S3EA3NEZ5ESRNNOO8S729RF.jpg,Mee soto,all,85f22031f9a1640105ff31c01bf51e98,ce3973c6c8d8701e
../foodsg-233\sliced fish soup\LWGL9LVH9EXJ9SIUMMQR5909.jpg,sliced fish soup,all,8625f88fc32f7a7d660a68813db36283,bf23e0d88f874878
"../foodsg-233\Bee hoon, soto\X92H2VPZBUMXRXNJ1GPWKAMB.jpg","Bee hoon, soto",all,8625f88fc32f7a7d660a68813db36283,bf23e0d88f874878
../foodsg-233\Mee siam\85XMX9XVVR23N4UC0LCNOJ3M.jpg,Mee siam,all,863bcc979e081d4e840ed411a50d7813,89061d997f6e4a78
"../foodsg-233\Mee siam, fried\JSACAVQJ61JBO8Y6VHLJ90SF.jpg","Mee siam, fried",all,863bcc979e081d4e840ed411a50d7813,89061d997f6e4a78
../foodsg-233\kiwi\KHVV6CI6DAE873Z7N86W919L.jpg,kiwi,all,867cda3e2a8ebcc43a8360f0b2d9906e,e0383fcf9cf03cc0
../foodsg-233\strawberry\QLSQOBMD7BNV0YV0IT86T8TG.jpg,strawberry,all,867cda3e2a8ebcc43a8360f0b2d9906e,e0383fcf9cf03cc0
"../foodsg-233\Bee hoon, goreng\OWCLU5YPVNGYUQWSJ52093RW.jpg","Bee hoon, goreng",all,86ba630b31a32b68dc1f813c7f916357,edd630b6361236b2
../foodsg-233\bee hoon\DKNY2TI8PKDTZEQ1A2FD5HQN.jpg,bee hoon,all,86ba630b31a32b68dc1f813c7f916357,edd630b6361236b2
../foodsg-233\Mee rebus\ZS4LZVLYX855E2P88A9X1PZL.jpg,Mee rebus,all,86c8249e3ab57955f49850eaa209e378,aaed8593251c9f94
../foodsg-233\Mee bandung\ETF0JCUB3VY9DBGWXI7B931L.jpg,Mee bandung,all,86c8249e3ab57955f49850eaa209e378,aaed8593251c9f94
../foodsg-233\steamed buns\L5EG7PAHUDQJ7SOJIM5P6OLP.jpg,steamed buns,all,86e45b3e0009c3ad4c8b69131373ca89,d8b36fce10331f60
../foodsg-233\char siew pau\TQM2K9MT4BFII9S0U8FQBI7A.jpg,char siew pau,all,86e45b3e0009c3ad4c8b69131373ca89,d8b36fce10331f60
"../foodsg-233\Mee siam, fried\P8VFPLN8EKHGRWCKJEBQO7TZ.jpg","Mee siam, fried",all,871705b0393142e0ba0181d21de54ce9,abdcdbc1e01c9781
../foodsg-233\Mee siam\TDB2R3VAGAXUJX5MOWA8QMTV.jpg,Mee siam,all,871705b0393142e0ba0181d21de54ce9,abdcdbc1e01c9781
../foodsg-233\Soto ayam\TEG7SGBM1SRESF2NVGAP5HTF.jpg,Soto ayam,all,8745003d0209a67eb0a09652f0fa3e8f,d0600f873ff0789b
"../foodsg-233\Bee hoon, soto\5O2N25SESBA6UXAY5Q17K4E5.jpg","Bee hoon, soto",all,8745003d0209a67eb0a09652f0fa3e8f,d0600f873ff0789b
../foodsg-233\Mee soto\ZHYP3PGJTT3GLWC0S7F0PINJ.jpg,Mee soto,all,8745003d0209a67eb0a09652f0fa3e8f,d0600f873ff0789b
../foodsg-233\Lontong with sayur lodeh\2IHS93NXJXGZOCXSBM8WI66I.jpg,Lontong with sayur lodeh,all,8798c86195d91e384698cd598f900e32,8b4ebb66c68866ca
../foodsg-233\lontong\QH4U34WSW7CEVD2FOIY1PHNU.jpg,lontong,all,8798c86195d91e384698cd598f900e32,8b4ebb66c68866ca
../foodsg-233\Mee soto\01LC3YBJOR5RPU29H1NB0TGT.jpg,Mee soto,all,87c887f5ecd9cc426a3f0f0f977d8d5f,f8b4e565c6969298
../foodsg-233\Mee bandung\D9TRR199LQIHBLHGIGO293D8.jpg,Mee bandung,all,87c887f5ecd9cc426a3f0f0f977d8d5f,f8b4e565c6969298
../foodsg-233\Mee rebus\546GMHPD2VHBDZR12EGLQH3C.jpg,Mee rebus,all,87c887f5ecd9cc426a3f0f0f977d8d5f,f8b4e565c6969298
../foodsg-233\mushroom soup\P7KQ9V9XCDUV630OBEJO9LQT.jpg,mushroom soup,all,881aec511b45295dd136d9cb3c61badc,933f6fc0eac2249a
../foodsg-233\cream soup\BC2PBQS68FURJDDRETJN0BS9.jpg,cream soup,all,881aec511b45295dd136d9cb3c61badc,933f6fc0eac2249a
../foodsg-233\fried prawn\U9LTUUUQ91RUD81JVDKY9BAD.jpg,fried prawn,all,88322ca1bd0ea9e9d640da5c3e93b05b,c202da6ad66953f5
../foodsg-233\paella seafood\0INNEMII2CYSC7FZ2HTBPVC6.jpg,paella seafood,all,88322ca1bd0ea9e9d640da5c3e93b05b,c202da6ad66953f5
"../foodsg-233\Mee siam, fried\9W3NN29J3XPOXAH3SJKL4MQH.jpg","Mee siam, fried",all,88367c3ef027210cc2c61572d2df2678,d3a671c1cac84fc3
../foodsg-233\Mee siam\8556DG5WEHCO72HNO10J5ED7.jpg,Mee siam,all,88367c3ef027210cc2c61572d2df2678,d3a671c1cac84fc3
../foodsg-233\Grapefruit\5BI1B0XS2CGC0UGJ4P96TP5B.jpg,Grapefruit,all,884c4161a1b89b9bac4a3e153d5ed1ca,bd94d0439e8fc13c
../foodsg-233\Pomelo\FHE6EPWWYIZ9VJZV9HCUIJ6F.jpg,Pomelo,all,884c4161a1b89b9bac4a3e153d5ed1ca,bd94d0439e8fc13c
../foodsg-233\bee hoon\NCHXDIROFHNJ2LNVLZI78GRE.jpg,bee hoon,all,8872b2fd5f1e66f3fa586a81c67a30d9,ea2a007f78d5d5c2
"../foodsg-233\Bee hoon, soto\1G0G84CBW5MU84IQEFKKAJLF.jpg","Bee hoon, soto",all,8872b2fd5f1e66f3fa586a81c67a30d9,ea2a007f78d5d5c2
../foodsg-233\hotplate tofu\DDUUI783MWO1Y63KSB6BC5VY.jpg,hotplate tofu,all,889f72db04bb59743c5d141e7e7be556,8b7ad2e657e12861
../foodsg-233\Mee soto\ZZI1D3AGLXQFIEYCVO5HLZR0.jpg,Mee soto,all,889f72db04bb59743c5d141e7e7be556,8b7ad2e657e12861
../foodsg-233\bakso\XBIJE08U0CLV8ZK6UO1TZ4KE.jpg,bakso,all,88e39ff02e1bd10c7c9cb6f2bc7606b6,abcd373996115c45
../foodsg-233\Seafood Noodles Soup\UVDIX2V0XEZGNIYG8Q9NA5SI.jpg,Seafood Noodles Soup,all,88e39ff02e1bd10c7c9cb6f2bc7606b6,abcd373996115c45
../foodsg-233\Mee rebus\Y2I2SYJTLKULUDCDTV14UYLU.jpg,Mee rebus,all,897fbe59c306408a303a14663d8a51d2,ae9191cec619cbc5
../foodsg-233\Mee bandung\HH9TRWSI03ZE5IJ707GDUTQQ.jpg,Mee bandung,all,897fbe59c306408a303a14663d8a51d2,ae9191cec619cbc5
../foodsg-233\Apple\UA21GFQCQ6826QT3IHBPDVA1.jpg,Apple,all,89a67ebcef08b2b153134e589c363fbe,9f6c709162cb6563
../foodsg-233\pear\O4BW9LL6UKQMWC1T98WR2NX9.jpg,pear,all,89a67ebcef08b2b153134e589c363fbe,9f6c709162cb6563
"../foodsg-233\Rice, korean bulgogi beef\KQZSHJL7AUOCNSAAH97PSDJ6.jpg","Rice, korean bulgogi beef",all,89b26876966e29fc70671db2537d42dd,be0b90375877616c
"../foodsg-233\Rice, with dakgalbi\FKIWERBZ0ZWF0MP8BPW60EQA.jpg","Rice, with dakgalbi",all,89b26876966e29fc70671db2537d42dd,be0b90375877616c
../foodsg-233\Soto ayam\VFE7Y6CIOKOQ40Z721GCOL9V.jpg,Soto ayam,all,89d369265203de717bd71ca5b8c5e278,adcb802e1e3d6d64
../foodsg-233\Mee soto\6QOSIO2KNBFWCXA2K3ZHJRL2.jpg,Mee soto,all,89d369265203de717bd71ca5b8c5e278,adcb802e1e3d6d64
../foodsg-233\yong tau foo\JWAFCCDFO501RKTED29F8UML.jpg,yong tau foo,all,8a0d6c65f7418d2f41d7206e794af0fa,904e777461c96bc9
../foodsg-233\meatball\ZBKZGJJVLREHC6F7EHF62U80.jpg,meatball,all,8a0d6c65f7418d2f41d7206e794af0fa,904e777461c96bc9
../foodsg-233\Mee bandung\OADL8CB9BQ1GLF562BOJZWKQ.jpg,Mee bandung,all,8a1fbad147703739f1ff12d46f4b911c,a7b2942c463d9bf0
../foodsg-233\Mee rebus\OK9AYL40RLGWAAEBAAAB8B1T.jpg,Mee rebus,all,8a1fbad147703739f1ff12d46f4b911c,a7b2942c463d9bf0
../foodsg-233\kway chap\1R1MZB5GTRJMYNKC1QP00NZ4.jpg,kway chap,all,8a2383d892a1a637fdcd9813e2ca109f,fa46a04b94b1c7a7
../foodsg-233\chai tow kuay\EGSC689YHTH8G64KSL9EW8WA.jpg,chai tow kuay,all,8a2383d892a1a637fdcd9813e2ca109f,fa46a04b94b1c7a7
../foodsg-233\Soto ayam\ZL37TMR6ZXCXEA8TJR5PSU75.jpg,Soto ayam,all,8a74ce7ac661beaa6cac45dda1538452,b0fc9dd26ac9948a
"../foodsg-233\Bee hoon, soto\NFQTUZ96NRJWZ7IZ5I3R7ESI.jpg","Bee hoon, soto",all,8a74ce7ac661beaa6cac45dda1538452,b0fc9dd26ac9948a
../foodsg-233\Mee soto\4DPXKVLRTS9UDB9BM0OYEJCY.jpg,Mee soto,all,8a8824c2a1c552cec2ed79457bb5878b,bee1a9d19a8c47a1
../foodsg-233\Mee rebus\XIC7ZKU27LBQAQF8VY6SDE4U.jpg,Mee rebus,all,8a8824c2a1c552cec2ed79457bb5878b,bee1a9d19a8c47a1
../foodsg-233\chicken masala\Z1WVWKGJXD256B7TNH5O7KJN.jpg,chicken masala,all,8b1a5001ef2687017a6722f244e8f3bd,adc94d6dc287f830
../foodsg-233\tandoori chicken\UCRXOB041CG775FCBL0ER0O8.jpg,tandoori chicken,all,8b1a5001ef2687017a6722f244e8f3bd,adc94d6dc287f830
../foodsg-233\Fried Noodles\RJVNCNH73RZWZBPWHZR6IHUU.jpg,Fried Noodles,all,8b2fd8132c47a54ae49adbc4b82c795e,b4c4dd2197c8774c
../foodsg-233\Udon\R4WOJ55XLTVI8X9DR2Q3QVCF.jpg,Udon,all,8b2fd8132c47a54ae49adbc4b82c795e,b4c4dd2197c8774c
"../foodsg-233\Bee hoon, soto\LNIPB6M9KDUUI5K4H2DUDR7O.jpg","Bee hoon, soto",all,8b40cea2227aec4d78c93ccae290591b,d42d4ab93ff02bc0
../foodsg-233\bee hoon\0UDFB1KVNUT56LHOT6FARVE7.jpg,bee hoon,all,8b40cea2227aec4d78c93ccae290591b,d42d4ab93ff02bc0
"../foodsg-233\Mee siam, fried\9J7INSSRR640HIQTFIRHAWVK.jpg","Mee siam, fried",all,8b663c9f537a7b076636c6cf96762cd1,93e44a97645a43fa
../foodsg-233\Mee siam\PX2O0410G59T686ZBKHGKIOH.jpg,Mee siam,all,8b663c9f537a7b076636c6cf96762cd1,93e44a97645a43fa
../foodsg-233\Soto ayam\9OY3N36POMQSUPEHTJRR4BTX.jpg,Soto ayam,all,8b85c2f2f2783ec1fad656352c2ae123,c5f1732f29945a98
../foodsg-233\Mee soto\K75S106E7YUN808GBXNE4Y2Y.jpg,Mee soto,all,8b85c2f2f2783ec1fad656352c2ae123,c5f1732f29945a98
../foodsg-233\bak chor mee\UU13K88SESNWCI1DMDUMVG1G.jpg,bak chor mee,all,8b94891a2bdb2da92228d35203240f7e,bb8586df7470c0d1
../foodsg-233\mee pok\JO2RYWRTIUMM1DW7NSRO5VSS.jpg,mee pok,all,8b94891a2bdb2da92228d35203240f7e,bb8586df7470c0d1
"../foodsg-233\Mee siam, fried\V8QJ5NHHI1A3ZOZF8ELLEEGY.jpg","Mee siam, fried",all,8c1df032284eb7c12bece927500b85df,854dc91fd8e28ed8
../foodsg-233\Mee siam\K6DM7D7RAFVPEDHH5D9Y2IRD.jpg,Mee siam,all,8c1df032284eb7c12bece927500b85df,854dc91fd8e28ed8
../foodsg-233\Mee kuah\6QWB7TJVZT5UFVY21M67W52S.jpg,Mee kuah,all,8c1df032284eb7c12bece927500b85df,854dc91fd8e28ed8
../foodsg-233\bee hoon\3JKC08WSEKRALUAPGD22ZO1A.jpg,bee hoon,all,8c5af608394324449a0ac8601b3610df,8e4abe6ab46a9169
"../foodsg-233\Bee hoon, goreng\CSD682MXA30HFSKRBDSETGG1.jpg","Bee hoon, goreng",all,8c5af608394324449a0ac8601b3610df,8e4abe6ab46a9169
../foodsg-233\whole grain bread\LB9NNUWZNARZ2TGCLIHMZG7M.jpg,whole grain bread,all,8c6d430c6fa31ee90fd1f8888321d644,8e56713b956e0c6a
../foodsg-233\whole wheat\H6KKNLPYX34QEI95YRP7M7ZR.jpg,whole wheat,all,8c6d430c6fa31ee90fd1f8888321d644,8e56713b956e0c6a
../foodsg-233\mushroom soup\6369DD64M5QZWL0KP9YIRGI9.jpg,mushroom soup,all,8c7352c14fbe02d769728b4ef5518461,ce649948bb4aba4b
../foodsg-233\vegetable soup\IFLJPQEISYKCOX0V1ODTDUBN.jpg,vegetable soup,all,8c7352c14fbe02d769728b4ef5518461,ce649948bb4aba4b
../foodsg-233\whole wheat\BTBPRMT69PIQKR17HYT451XP.jpg,whole wheat,all,8c8f206fcec34d742c14e93ba2cf6e39,f197627b8b8a8619
../foodsg-233\whole grain bread\T3QQBO4D6KUQ2P9OSKBYZPLQ.jpg,whole grain bread,all,8c8f206fcec34d742c14e93ba2cf6e39,f197627b8b8a8619
../foodsg-233\Grapefruit\AZW09PQZBNMKO2ZJ9ILI5R7P.jpg,Grapefruit,all,8cdefa3b7d4f95d9857e9ff96d4813cd,910f2de562972ee4
../foodsg-233\guava\34WRCA1KCSZMGIMOAD3A7770.jpg,guava,all,8cdefa3b7d4f95d9857e9ff96d4813cd,910f2de562972ee4
../foodsg-233\Soto ayam\BME19HEZA414RGSMCP4CQL8U.jpg,Soto ayam,all,8cf7a761ac00ad16755f7f1a243d8eca,8e8032f7ce7e2466
"../foodsg-233\Bee hoon, soto\BWGM7M8F22MV821XZGJXTTQT.jpg","Bee hoon, soto",all,8cf7a761ac00ad16755f7f1a243d8eca,8e8032f7ce7e2466
../foodsg-233\Mee soto\H26SIQ27H05QZTPDPOF74IHV.jpg,Mee soto,all,8cf7a761ac00ad16755f7f1a243d8eca,8e8032f7ce7e2466
../foodsg-233\dumpling\J079HNJ5VQ6U4NE0QMV7XZ7S.jpg,dumpling,all,8d228bc01d3a6a23887f42f60150c1a3,e3b6dd49368803a7
../foodsg-233\Dumpling noodle soup\URNB3FOJ2QCUKT9TQIEJ43CR.jpg,Dumpling noodle soup,all,8d228bc01d3a6a23887f42f60150c1a3,e3b6dd49368803a7
../foodsg-233\Mee rebus\EYFALN2OT1JTPFPWCZYECAAH.jpg,Mee rebus,all,8d77e8bcf2bc832ac0328c4dae1dcaa5,f892d35acea59c24
../foodsg-233\Mee kuah\OXEC5I06MBNF0740EY8L5K9H.jpg,Mee kuah,all,8d77e8bcf2bc832ac0328c4dae1dcaa5,f892d35acea59c24
../foodsg-233\green leafy vegetables\L03NV4PX1QN0H1PUO9R0VZF6.jpg,green leafy vegetables,all,8d8e67d09b36794117459faca55fdbe0,87b070af67976852
../foodsg-233\mixed vegetables\WC2MFLX0FESLLHZ21AM5KCCB.jpg,mixed vegetables,all,8d8e67d09b36794117459faca55fdbe0,87b070af67976852
../foodsg-233\whole grain bread\P80LZBG2X8ZK1WNVHO4OFCHF.jpg,whole grain bread,all,8de30b2630f994de29ee8ff370d87a09,91a54b562dca35d9
../foodsg-233\whole wheat\7ZIMVQ13ZX31P5Q1DNXTR3U8.jpg,whole wheat,all,8de30b2630f994de29ee8ff370d87a09,91a54b562dca35d9
"../foodsg-233\Rice, korean bulgogi beef\7YKL0RTW3PAW0NPGSCK9UCVG.jpg","Rice, korean bulgogi beef",all,8e023443828c2d4de7e8e8dff89d4066,bba8a706b0bf40da
../foodsg-233\fried chicken\8UQBOG5VY0589A0YNGOEKVIS.jpg,fried chicken,all,8e023443828c2d4de7e8e8dff89d4066,bba8a706b0bf40da
"../foodsg-233\Bee hoon, soto\BNV2XJQZ9EO5K1VJ0ID94MZU.jpg","Bee hoon, soto",all,8e1e2993e507708bf6fcfedc12cc8c51,edc668984dca6569
../foodsg-233\Seafood Noodles Soup\B5U5PG7F57QVG8XVW0LFATKX.jpg,Seafood Noodles Soup,all,8e1e2993e507708bf6fcfedc12cc8c51,edc668984dca6569
../foodsg-233\Mee soto\I9Y97HNBQA36K7RZ43H8UUVC.jpg,Mee soto,all,8e1fda4d44ac9796be082979b5e3381f,a194df79140279ee
../foodsg-233\Soto ayam\E0KYW533PW7I3CKWJKFGBZVP.jpg,Soto ayam,all,8e1fda4d44ac9796be082979b5e3381f,a194df79140279ee
../foodsg-233\Seafood Noodles Soup\WAGDZ3A9YTUOX63YS3YKZABJ.jpg,Seafood Noodles Soup,all,8e2cde4efcf0c7424a628f65a4cd8b87,fd54514a4a690f75
../foodsg-233\sliced fish soup\SNCY38XIN1GT7XBX4AMMY5Y8.jpg,sliced fish soup,all,8e2cde4efcf0c7424a628f65a4cd8b87,fd54514a4a690f75
../foodsg-233\Porridge\8DWSVU13FU21FT0PKFTKDMFL.jpg,Porridge,all,8e62a14fc847e639636b7061e8a5e09a,adb6fb84810e95e4
../foodsg-233\Duck Rice\1RY463FR7CMZ0PRNRMAKIJ3J.jpg,Duck Rice,all,8e62a14fc847e639636b7061e8a5e09a,adb6fb84810e95e4
../foodsg-233\Soto ayam\LCUNENGU158KUGOYCKU81F6N.jpg,Soto ayam,all,8e6660d5e1c969fdaa851a50baa3b133,dfe310c6b10317f8
../foodsg-233\Mee soto\H6EZ6Y4RHMRU3FG2QPP61TTT.jpg,Mee soto,all,8e6660d5e1c969fdaa851a50baa3b133,dfe310c6b10317f8
../foodsg-233\chilli crab\EEL15AT1A53OIPXRDUMW175S.jpg,chilli crab,all,8e6e47f7bf4fc1317577f3988040492a,8b0aef2af19d26c1
../foodsg-233\black pepper crab\I347PKTGVW9X7214OTRMCZM3.jpg,black pepper crab,all,8e6e47f7bf4fc1317577f3988040492a,8b0aef2af19d26c1
../foodsg-233\Soto ayam\6PLAKM9RBV6KVH0ZU1SKT2IS.jpg,Soto ayam,all,8e72ea12a58421cb569cf1dd17d3e5f8,eb92c62929c6e59a
../foodsg-233\Mee soto\6RBF9WYLS6BLJ0CPOLJTNIQN.jpg,Mee soto,all,8e72ea12a58421cb569cf1dd17d3e5f8,eb92c62929c6e59a
../foodsg-233\mushroom soup\JKVQ9A7U40V35UWUTOGW99FJ.jpg,mushroom soup,all,8e963efb2074561beb95a29280c98154,b7e992d6cd313490
../foodsg-233\miso soup\21WCX7TBR2BDWDLMFC5CQ8VN.jpg,miso soup,all,8e963efb2074561beb95a29280c98154,b7e992d6cd313490
../foodsg-233\Soto ayam\J1SANF3GP1BE5VWZDR5OXLKH.jpg,Soto ayam,all,8ea08f01acb29fae44d12b677da05ce2,ebc8bc13c53dc2a2
../foodsg-233\Mee soto\LK62TC8QV9VTT7DOLHJ5NS09.jpg,Mee soto,all,8ea08f01acb29fae44d12b677da05ce2,ebc8bc13c53dc2a2
../foodsg-233\chicken masala\QDBUCJZWK5TQMSY6R93BHGSZ.jpg,chicken masala,all,8ec0aa62e0524c5495361661074bc0c1,a2e7c66d4ac459d1
"../foodsg-233\Pilaf, pea\LGDOTUGLPJ1X7K4W56R74S32.jpg","Pilaf, pea",all,8ec0aa62e0524c5495361661074bc0c1,a2e7c66d4ac459d1
"../foodsg-233\Rice, korean bulgogi beef\NCKDJ94L0S71RI3VLJ475KQ5.jpg","Rice, korean bulgogi beef",all,8ec0aa62e0524c5495361661074bc0c1,a2e7c66d4ac459d1
"../foodsg-233\Wanton mee, dry\HMINFHYAIH2N5YKWM4OBDFLH.jpg","Wanton mee, dry",all,8ec2800dab0b48bb53e39bff8e1b2e36,f99b8046977396d0
../foodsg-233\Mee siam\9HR4VTGV0D9O87FIHZ9PULVO.jpg,Mee siam,all,8ec2800dab0b48bb53e39bff8e1b2e36,f99b8046977396d0
../foodsg-233\Mee goreng\I47NTIC4NTF3U4YT5D5D7MSV.jpg,Mee goreng,all,8ec2800dab0b48bb53e39bff8e1b2e36,f99b8046977396d0
../foodsg-233\Kway Teow\H26V8ZWYHO9GDDI0WL9CF5F1.jpg,Kway Teow,all,8ec2800dab0b48bb53e39bff8e1b2e36,f99b8046977396d0
../foodsg-233\mixed vegetables\Q4NSLODTXZMS2BJLNON0L32K.jpg,mixed vegetables,all,8ecf08ac4ed556f2542a2c99430c10c4,845d0a792f6c6d69
../foodsg-233\Lontong with sayur lodeh\BS755EA4RBIGB3HQ6TOOVN3T.jpg,Lontong with sayur lodeh,all,8ecf08ac4ed556f2542a2c99430c10c4,845d0a792f6c6d69
../foodsg-233\mee pok\8UHJ3FKL2UV6JKAJU5FFTHNQ.jpg,mee pok,all,8f1608a827df2dc9be56303523895d0c,9551db5b690a253b
../foodsg-233\bak chor mee\WRV02L9ZY5UNTMWYLVE8VHQ5.jpg,bak chor mee,all,8f1608a827df2dc9be56303523895d0c,9551db5b690a253b
../foodsg-233\Pomelo\IBENRF4XQANJXW046GF4JSVG.jpg,Pomelo,all,8f398b8687ae626fac2814e0fb06080c,bf5221a942ef6ac8
../foodsg-233\Grapefruit\7YE2U64FVF58FW3VJHW8UE34.jpg,Grapefruit,all,8f398b8687ae626fac2814e0fb06080c,bf5221a942ef6ac8
../foodsg-233\chicken soup\OT6C6NZBPWA7ISD0UKT9YACJ.jpg,chicken soup,all,8f4821d952ea7926c74149d5d5392ccb,b5a5c28a8f2e4f70
../foodsg-233\mushroom soup\OH4UM76PMK9P4385CT9PU7PE.jpg,mushroom soup,all,8f4821d952ea7926c74149d5d5392ccb,b5a5c28a8f2e4f70
../foodsg-233\bee hoon\VXJXCJMGXGHBZPZOXZ6QWQWV.jpg,bee hoon,all,8f577027d172d80f955a0f7dacd78f85,91364fa56cce21cd
"../foodsg-233\Bee hoon, goreng\ZS01DIDOCKF9PXE338BUCB9A.jpg","Bee hoon, goreng",all,8f577027d172d80f955a0f7dacd78f85,91364fa56cce21cd
"../foodsg-233\Mee siam, fried\JG48OORW5Q914BVLFY7EC5YO.jpg","Mee siam, fried",all,8f577027d172d80f955a0f7dacd78f85,91364fa56cce21cd
../foodsg-233\honeydew\LVV20ZRW8XAUP1IY3GB42ORZ.jpg,honeydew,all,8f58e8afccdf51cdb431a354af211c40,a4c2b29b938cc7b9
../foodsg-233\rock melon\UEDIQ762DZAXW4HBV3RTXAZ2.jpg,rock melon,all,8f58e8afccdf51cdb431a354af211c40,a4c2b29b938cc7b9
../foodsg-233\canned Fruit salad\62FZBYKEQXETFNN7JYCGTIQW.jpg,canned Fruit salad,all,8fb7a4c7e5b80e804b195d7da1d7a060,fdd881078f639dc0
../foodsg-233\blueberries\QY4BISYZMV9OFW4LU09INLDU.jpg,blueberries,all,8fb7a4c7e5b80e804b195d7da1d7a060,fdd881078f639dc0
../foodsg-233\kiwi\VHZFL6U2VRXPPCGJHCF5CA9F.jpg,kiwi,all,8fd3fcaade6a466d5e0b18e22a5e5782,eac6842d8bb19ada
../foodsg-233\canned Fruit salad\MUNJ07QS5U9R85RVLR61S3RV.jpg,canned Fruit salad,all,8fd3fcaade6a466d5e0b18e22a5e5782,eac6842d8bb19ada
../foodsg-233\Soto ayam\V1L1M34TPW5UK7VZR9ZQAH2T.jpg,Soto ayam,all,8fdfa51459134081c02893460241b245,809b4b5e597a6a69
../foodsg-233\Mee soto\MWNWMNLV1EWPI4Z8JK9NOZ29.jpg,Mee soto,all,8fdfa51459134081c02893460241b245,809b4b5e597a6a69
../foodsg-233\Mee siam\O4YOOMOH5G7OZOADOH0RXOK8.jpg,Mee siam,all,8ff0bfc978f58c7791ba90cc826a3f78,e9c5921ade754b82
"../foodsg-233\Mee siam, fried\MZHH282M2C141L8VDSMY5666.jpg","Mee siam, fried",all,8ff0bfc978f58c7791ba90cc826a3f78,e9c5921ade754b82
../foodsg-233\whole grain bread\4HD303Y5Z3CRQLWI6YNQ0D11.jpg,whole grain bread,all,9000e036cd5070f77b6aa9fc9832613f,edb5a0c09dae9155
../foodsg-233\whole wheat\QZ19J0ITET6FHQP3OYH6AEIT.jpg,whole wheat,all,9000e036cd5070f77b6aa9fc9832613f,edb5a0c09dae9155
../foodsg-233\lontong\QOXVE3HOX7N3BEI7KUMG344G.jpg,lontong,all,900ed9b70610953587af69b2537fb5c9,81d62a6b6de3943c
../foodsg-233\Lontong with sayur lodeh\W6UJYHLACBN9ZKBA46UKWFBK.jpg,Lontong with sayur lodeh,all,900ed9b70610953587af69b2537fb5c9,81d62a6b6de3943c
../foodsg-233\Soto ayam\URHTDFXU0DE6AHBSOOA6LKBT.jpg,Soto ayam,all,902ab9d9cc73915c264f10cf4b83a073,bf96081f3809f8e9
"../foodsg-233\Bee hoon, soto\1A458JT1AOAISZLTS0DEB4JJ.jpg","Bee hoon, soto",all,902ab9d9cc73915c264f10cf4b83a073,bf96081f3809f8e9
../foodsg-233\Mee soto\7KJ3EAQJAZLOTOYLKOKBJ0YC.jpg,Mee soto,all,9048cea50fb7edff8be532f268864e3e,afa035f08d6ce06e
../foodsg-233\Soto ayam\LX7X96LWUXYAGYWL8MO32HCG.jpg,Soto ayam,all,9048cea50fb7edff8be532f268864e3e,afa035f08d6ce06e
../foodsg-233\sliced fish soup\MQS8TNQERD5FCCT3L8KO2OTQ.jpg,sliced fish soup,all,904c1b97a292bb92c2fb917f82d03d42,bb795d9c7072e180
../foodsg-233\Udon\TFX3R872CFFY6ETG2VJW4NUK.jpg,Udon,all,904c1b97a292bb92c2fb917f82d03d42,bb795d9c7072e180
../foodsg-233\lontong\ZLTLLHUR88UOVFA6ZG4QBMHH.jpg,lontong,all,9089fe91e1ae5da71e47a2b916c9427a,e226b996368eb436
../foodsg-233\Lontong with sayur lodeh\VQYY3YLPT5FAJVK7DT87EQPQ.jpg,Lontong with sayur lodeh,all,9089fe91e1ae5da71e47a2b916c9427a,e226b996368eb436
../foodsg-233\waffle\H4L5UIGN8U2JHNVPFIYS8XJ0.jpg,waffle,all,90a0b3e8230ff4d6d51339de09061a4f,ead8516a4b857b94
../foodsg-233\whole wheat\PEO1XO8Y7PQZ0YOMQL9A3NJT.jpg,whole wheat,all,90a0b3e8230ff4d6d51339de09061a4f,ead8516a4b857b94
../foodsg-233\whole wheat\SSVQZE9YFGT53WCA8KBX91AS.jpg,whole wheat,all,90d3ea725822ab9bed655c4c39a4d6d6,e8c7afa890f097e0
../foodsg-233\whole grain bread\TWAONTDRT04ZFYYYB6MZ9VQ2.jpg,whole grain bread,all,90d3ea725822ab9bed655c4c39a4d6d6,e8c7afa890f097e0
../foodsg-233\nasi lemak\R26D1GORSFUC30KL5CWKWZX2.jpg,nasi lemak,all,91232b674e68d205916b652a18e2e076,c21f5eb278d1834e
../foodsg-233\Nasi Ambeng\JYD77KCV0ZRBELOKG19XE0BI.jpg,Nasi Ambeng,all,91232b674e68d205916b652a18e2e076,c21f5eb278d1834e
../foodsg-233\Duck Rice\HHOVMAR4NWRUAPOFHPIAYNN8.jpg,Duck Rice,all,9145c262162c914f4b14f8689743ad2e,aa6d35525b4e6159
../foodsg-233\char siew\M1C9CAJMFIWV9XDOI554OHRM.jpg,char siew,all,9145c262162c914f4b14f8689743ad2e,aa6d35525b4e6159
../foodsg-233\whole wheat\MLTVPR95A9V1GVKB8CFW6O2A.jpg,whole wheat,all,91999868e7d4a4bad1ba49e6bb696465,8b83783ce1d0cfa3
../foodsg-233\whole grain bread\8C6F2Q32YAX6WO55K20UKWBG.jpg,whole grain bread,all,91999868e7d4a4bad1ba49e6bb696465,8b83783ce1d0cfa3
../foodsg-233\Soto ayam\KKROBOFOCU1B7EVVPIW8IZM1.jpg,Soto ayam,all,91be5a7941aed0505c5d3426e99fb90e,90d84d696ea535b5
../foodsg-233\Mee soto\JW7ZFYKPL67DPLWDV7CNKTZB.jpg,Mee soto,all,91be5a7941aed0505c5d3426e99fb90e,90d84d696ea535b5
../foodsg-233\Dumpling noodle soup\XI29YU6C3NC03M1ZAHKDWSTM.jpg,Dumpling noodle soup,all,91cc9278918aca84eedccffa82884c56,b798cc49cc761b64
../foodsg-233\dumpling\F87QFF5D00FQP606QTG1EDX9.jpg,dumpling,all,91cc9278918aca84eedccffa82884c56,b798cc49cc761b64
../foodsg-233\xiao long bao\1OUVCHHXYBTCJ49VGZJGEN96.jpg,xiao long bao,all,91d9e6e8c2633ce9fe0deb36e3d326a2,fbc5c11956461c79
../foodsg-233\dumpling\S4BHNKYWK1T44F0HTFCA3J4S.jpg,dumpling,all,91d9e6e8c2633ce9fe0deb36e3d326a2,fbc5c11956461c79
../foodsg-233\vadai\2FY2GS4LL10L1WI2X0M4QA3Z.jpg,vadai,all,920b1b5c43b71ba3ac038ae8734b55c7,f0b09c4fe7a34352
../foodsg-233\Chinese fritters\ZLIUR3E83Z98FY2W6UFKD7E7.jpg,Chinese fritters,all,920b1b5c43b71ba3ac038ae8734b55c7,f0b09c4fe7a34352
../foodsg-233\bee hoon\ITSADO7V0J7J3HXR7TOYXX6C.jpg,bee hoon,all,9227cdcbce3ff667ec02e3efdea231cb,85d62add2d4d16d4
"../foodsg-233\Bee hoon, goreng\SH1YI1T81182DC4KRYGGV9DK.jpg","Bee hoon, goreng",all,9227cdcbce3ff667ec02e3efdea231cb,85d62add2d4d16d4
../foodsg-233\bee hoon\4NIN7HLFCQFBJVSBZECVK4KL.jpg,bee hoon,all,92289ef2b5194017320367e948e69ebb,fea1f8d5e581d300
"../foodsg-233\Bee hoon, goreng\A0UVTP081VNH10YA4CZY3K9E.jpg","Bee hoon, goreng",all,92289ef2b5194017320367e948e69ebb,fea1f8d5e581d300
../foodsg-233\Grape\ZYKWGA4KBM0R75U7EGHE8PIY.jpg,Grape,all,924b6c8c1ce56755c4a62bef5b2a3c04,e69cfc53d691c016
../foodsg-233\Apple\QSH961F8GQYQYEJR3OP10Q3N.jpg,Apple,all,924b6c8c1ce56755c4a62bef5b2a3c04,e69cfc53d691c016
"../foodsg-233\Mee siam, fried\LQ23NOQ2CAU9OYO9N2C89P3A.jpg","Mee siam, fried",all,924dd8b12077af96e22db42d6c052e61,fb64c481dbb09a0f
"../foodsg-233\Bee hoon, goreng\UE83YBSRCMW1KNK01T2IUBGL.jpg","Bee hoon, goreng",all,924dd8b12077af96e22db42d6c052e61,fb64c481dbb09a0f
../foodsg-233\rock melon\V0PH4UGC8154BUO9TM9Z49HZ.jpg,rock melon,all,92993de5509d9016177c58ba08f74333,b7d94ce24bb0c13c
../foodsg-233\honeydew\ODD9B2MS05X6Y95SN2OAXK7O.jpg,honeydew,all,92993de5509d9016177c58ba08f74333,b7d94ce24bb0c13c
../foodsg-233\Mee soto\P5KXL7ABJ54T7EY4SBFMUL9K.jpg,Mee soto,all,92a09a6bebe27362f4caef2d7d105849,807107cf1e1f733c
../foodsg-233\Soto ayam\BF60UF271FO3FKDQTCXFMIF4.jpg,Soto ayam,all,92a09a6bebe27362f4caef2d7d105849,807107cf1e1f733c
../foodsg-233\hokkien prawn mee\3IWAU4K2ABJBTTZBKKKLPSCA.jpg,hokkien prawn mee,all,92a38a40d21934c73c78e93a9300b081,aa17bd929360671d
../foodsg-233\Prawn Noodle\U3IS5ZZISF7YWTFUWXLR599W.jpg,Prawn Noodle,all,92a38a40d21934c73c78e93a9300b081,aa17bd929360671d
../foodsg-233\black pepper crab\NQSEBZUSSQLSUN3Y3NQHU7Q0.jpg,black pepper crab,all,92a627413d130b935de8c2bb6cd766a3,d46c0e704f936dc3
../foodsg-233\chilli crab\MMSQ3LZ8I86K9EFM1QMQKP9J.jpg,chilli crab,all,92a627413d130b935de8c2bb6cd766a3,d46c0e704f936dc3
"../foodsg-233\Mee siam, fried\D63D7GZ1ITS1AIJJ17ZBVOEI.jpg","Mee siam, fried",all,92b341db37daefdd3a48b68e2ecf022c,e7a8d9d78224a55a
../foodsg-233\Mee siam\AQ86UKOB6CKCRAQ46WOM1RN0.jpg,Mee siam,all,92b341db37daefdd3a48b68e2ecf022c,e7a8d9d78224a55a
../foodsg-233\steamed buns\O842ZMZ4LMN1W3V46XKOKRN8.jpg,steamed buns,all,92cde0f283c3f3c702c95dd08e264a4f,84a767bdac8a9364
../foodsg-233\char siew pau\8OUM25KMYBC4HY2W8QWAZWRH.jpg,char siew pau,all,92cde0f283c3f3c702c95dd08e264a4f,84a767bdac8a9364
../foodsg-233\Mee kuah\3RI9PSZXD3GXSWBM60XDDPRN.jpg,Mee kuah,all,92e693154f4e536aa0a3de3980838a3e,f505525acabd4b4a
../foodsg-233\Mee bandung\W82VVJIRZB9BERAZRAAD7DVG.jpg,Mee bandung,all,92e693154f4e536aa0a3de3980838a3e,f505525acabd4b4a
../foodsg-233\Mee rebus\IZVKLWTYZGWI22CNFQ4CXM3I.jpg,Mee rebus,all,92e693154f4e536aa0a3de3980838a3e,f505525acabd4b4a
../foodsg-233\whole wheat\Q436QGK9RNPVOGHLVBGER7OH.jpg,whole wheat,all,92f0c0a45d7ebaf951a8427735eb6fe5,ea81959b7a6aa155
../foodsg-233\whole grain bread\HK6SO78SWNNV6E7SGFYLG6N2.jpg,whole grain bread,all,92f0c0a45d7ebaf951a8427735eb6fe5,ea81959b7a6aa155
../foodsg-233\Mee rebus\7YNOUPKEQLMIQFP5VJPR1RVH.jpg,Mee rebus,all,92f495bcba20f38a1951dce427f1bb3e,b4d5438716d6d30b
../foodsg-233\Mee bandung\K54TEP9ALHKF0JZN3CWE85L7.jpg,Mee bandung,all,92f495bcba20f38a1951dce427f1bb3e,b4d5438716d6d30b
"../foodsg-233\Bee hoon, goreng\E7O5KV7V4XV5G0PLPZ6350HF.jpg","Bee hoon, goreng",all,93065809d3ff92d144eb974074d17073,fddd041d063d07f0
"../foodsg-233\Bee hoon, goreng\G2XAI1EZQFI1PHBLQTM6RH9R.jpg","Bee hoon, goreng",all,93065809d3ff92d144eb974074d17073,fddd041d063d07f0
../foodsg-233\sliced fish soup\R3NT52RV3Z8NVYM8FYWJTU8I.jpg,sliced fish soup,all,935cc31a6ed620a1c7a42549cc590002,9f47bcf0c0ae8a29
../foodsg-233\Seafood Noodles Soup\6MYFRQBSBW4Y61CA91IG4KP9.jpg,Seafood Noodles Soup,all,935cc31a6ed620a1c7a42549cc590002,9f47bcf0c0ae8a29
"../foodsg-233\Bee hoon, goreng\KUSJ49FF1O3HLXYFJWTIYLVP.jpg","Bee hoon, goreng",all,93604641f220e22f2a2d8665800de8d8,e98bc42dc82cabb5
../foodsg-233\Mee goreng\AA59Y6ZCQQ3HOWQDNG0VKZHB.jpg,Mee goreng,all,93604641f220e22f2a2d8665800de8d8,e98bc42dc82cabb5
../foodsg-233\cream soup\UBJDZZ149XRMTZIOJ9MJVERY.jpg,cream soup,all,9362558c396970e448e6a20000bb1ae4,80d00fd24f63cdd7
../foodsg-233\chicken soup\VOUW1S1H57BQH3WALJISKP9J.jpg,chicken soup,all,9362558c396970e448e6a20000bb1ae4,80d00fd24f63cdd7
../foodsg-233\mushroom soup\V3PDTUJWE9L9FB8YU1YPR93V.jpg,mushroom soup,all,9362558c396970e448e6a20000bb1ae4,80d00fd24f63cdd7
../foodsg-233\spring rolls\Z7X8YG2E9M41AAPDG5HM5FHC.jpg,spring rolls,all,93affd6880b3821f1e06e72dc8c0f4cb,ae6cc093834d39b7
../foodsg-233\popiah\02IIZBDLJUQML2QLX4FO04QE.jpg,popiah,all,93affd6880b3821f1e06e72dc8c0f4cb,ae6cc093834d39b7
../foodsg-233\cooked brown rice\SQJ94MXN0NQF1K7P4OPOC9UL.jpg,cooked brown rice,all,93b79fe2c313c92b2695fe77d1ef9ecd,b681159d26ea2f36
"../foodsg-233\Pilaf, pea\P32A47LJLYP59YZ9FQ2T7GZX.jpg","Pilaf, pea",all,93b79fe2c313c92b2695fe77d1ef9ecd,b681159d26ea2f36
../foodsg-233\char siew\CBZTUQKTHAYQCKM8P2ZIZCFY.jpg,char siew,all,93f7f754eb25801f37a3865e05f91a46,e54ae98758798786
../foodsg-233\Duck Rice\86QCM4OACCMKGPY3WU7WWT1X.jpg,Duck Rice,all,93f7f754eb25801f37a3865e05f91a46,e54ae98758798786
../foodsg-233\Soto ayam\REVFE1JUPVEB9SCZK8VG1DU5.jpg,Soto ayam,all,9429b85048a23b59464256b7654c1c39,91fe4ed539002577
../foodsg-233\Mee soto\FI0I8A1MH27E6RGM6EX5F7YU.jpg,Mee soto,all,9429b85048a23b59464256b7654c1c39,91fe4ed539002577
../foodsg-233\Mee rebus\3B486M2E61A6X9RR0K6W3B3D.jpg,Mee rebus,all,9436b4d470b8624bed8ee852dc843c60,e592827c0f998f5c
../foodsg-233\Mee bandung\5CEP1AMEEKEPWOE8WL4SC4ZR.jpg,Mee bandung,all,9436b4d470b8624bed8ee852dc843c60,e592827c0f998f5c
"../foodsg-233\Mee siam, fried\59ZN4BHQ75V1ZK40SKQIKHZN.jpg","Mee siam, fried",all,9443284647ba6b60b0b7d428fd9b7d8c,80a178fca1e38fc7
"../foodsg-233\Bee hoon, goreng\3ADS5YGGDPCBUP4UBWU1HN3N.jpg","Bee hoon, goreng",all,9443284647ba6b60b0b7d428fd9b7d8c,80a178fca1e38fc7
../foodsg-233\Dumpling noodle soup\Q67KR57ZVKW8O31NJEUXL6K3.jpg,Dumpling noodle soup,all,94524bc5c12940437b14ee0b5b5f32bb,e057057a6f28366b
../foodsg-233\Fish Ball Noodles\2BIZXDYO643X7N0Q141LJRAA.jpg,Fish Ball Noodles,all,94524bc5c12940437b14ee0b5b5f32bb,e057057a6f28366b
../foodsg-233\fried prawn\AMHGRWYV6A0HJKH08V03H0TD.jpg,fried prawn,all,94c54d2875b5157f1c2613777ca3fbef,f6a1c6b48d1b60cd
../foodsg-233\drunken prawn\QKE21626FRLIJLPTSWH73T8D.jpg,drunken prawn,all,94c54d2875b5157f1c2613777ca3fbef,f6a1c6b48d1b60cd
"../foodsg-233\Rice, korean bulgogi beef\DUEWP18GHYUUCDWYUD4SI1UF.jpg","Rice, korean bulgogi beef",all,94ce35fbddada2d4bb355535a784c6a8,bbaae0a5dd8c54a4
../foodsg-233\fried rice\11SOPLWMD7FVMXDC14VZSVPK.jpg,fried rice,all,94ce35fbddada2d4bb355535a784c6a8,bbaae0a5dd8c54a4
../foodsg-233\Mee kuah\SSVG7UGWL4SCCXOWNGC89R0T.jpg,Mee kuah,all,94f6448e80b4c62bddab5f83afc5be5d,9dd9f460c6227633
../foodsg-233\Mee bandung\P9QLYOQN7GCXUKOHX4VPFF9I.jpg,Mee bandung,all,94f6448e80b4c62bddab5f83afc5be5d,9dd9f460c6227633
../foodsg-233\sliced fish soup\PE44DEHTM6SCJQC98GUKGK63.jpg,sliced fish soup,all,94fcfd28d638af746600e85e72bd630a,95ba4aa63ee33826
../foodsg-233\vegetable soup\6MLKTL3A05CYQMCXUJPMK1LJ.jpg,vegetable soup,all,94fcfd28d638af746600e85e72bd630a,95ba4aa63ee33826
../foodsg-233\kaya toast\ZKP1PCI0F7PKIQXNGXDQCWKL.jpg,kaya toast,all,95088050adee6c88f82c6be517c69f04,cd417ccae19eb294
../foodsg-233\Soft boiled eggs\0RV9ST6WPWN82Q5QFVYO90NP.jpg,Soft boiled eggs,all,95088050adee6c88f82c6be517c69f04,cd417ccae19eb294
"../foodsg-233\Bee hoon, goreng\X5ZSG7LCTP7FZ2UYN6VDKM4U.jpg","Bee hoon, goreng",all,9512b94864458c03ca66c5416c2c20f6,801f63386ecb2cdd
"../foodsg-233\Mee siam, fried\NTXVLP5XRIC098EFDIZ09A91.jpg","Mee siam, fried",all,9512b94864458c03ca66c5416c2c20f6,801f63386ecb2cdd
../foodsg-233\bee hoon\YXLPYX4QUN0YM9614IYD4WWL.jpg,bee hoon,all,953fe476628fde0bd07ded6e442440ef,c11b5c2d2cf47633
"../foodsg-233\Bee hoon, goreng\K9F5LVBUU04KPB8X3ZPHQWHY.jpg","Bee hoon, goreng",all,953fe476628fde0bd07ded6e442440ef,c11b5c2d2cf47633
../foodsg-233\bee hoon\P1F8TXVUL6PRE3CRZM2OBLCN.jpg,bee hoon,all,9543e95f71275952910eb9777dd4ca51,953b5a691b65c931
"../foodsg-233\Bee hoon, goreng\OOBRHWXLDJPFE1F74CIP736W.jpg","Bee hoon, goreng",all,9543e95f71275952910eb9777dd4ca51,953b5a691b65c931
../foodsg-233\whole wheat\80BFFUMKDN8KDAX7NDFFVWKS.jpg,whole wheat,all,9568ec89e838393baadd1c8323da1b7d,81bf509163b661d7
../foodsg-233\whole grain bread\A487PLRW623JWZSB739FZGIS.jpg,whole grain bread,all,9568ec89e838393baadd1c8323da1b7d,81bf509163b661d7
../foodsg-233\whole grain bread\IKVS1BK4URHQQW1IGKLKBP5C.jpg,whole grain bread,all,95a7e4b43d00d74f5ef4e1a238290966,ecec89a69cd1b0d8
../foodsg-233\whole wheat\D6NBWJUS4RXPXZ2Z45C9P7E6.jpg,whole wheat,all,95a7e4b43d00d74f5ef4e1a238290966,ecec89a69cd1b0d8
../foodsg-233\mixed vegetables\MP5WJ924IW2CFXV4P7RPOKWM.jpg,mixed vegetables,all,95d759fed2073a86d76b7a852eb7450a,be13828cf1c3853f
../foodsg-233\mixed grills\DTK4DVTL3RNE2IZGOXCX8FVK.jpg,mixed grills,all,95d759fed2073a86d76b7a852eb7450a,be13828cf1c3853f
../foodsg-233\Lor mee\1PO8H9HTC1EBJDW6NOUZILO9.jpg,Lor mee,all,95d8671efe3a6c24f4d82132fd4a2a26,ad85f4d4d24dc03b
"../foodsg-233\Bee hoon, soto\BSF6OREAEQLV5VJGVOM8261O.jpg","Bee hoon, soto",all,95d8671efe3a6c24f4d82132fd4a2a26,ad85f4d4d24dc03b
../foodsg-233\Lontong with sayur lodeh\ZDQZTHUNLN3XR9NPO46R96MU.jpg,Lontong with sayur lodeh,all,961d6f9a63e9d517f578913218487710,ad0fb733971a84c8
../foodsg-233\lontong\HNG9DV9KA4U4HTPW80C0GB0X.jpg,lontong,all,961d6f9a63e9d517f578913218487710,ad0fb733971a84c8
../foodsg-233\whole grain bread\4G6PJAYWHFGPO22XQZVIHSY3.jpg,whole grain bread,all,969647eb496e5811007aca5a971f33f3,f182ced88ef19961
../foodsg-233\whole wheat\QX1AUILB69N6ZLGUIP6204ZH.jpg,whole wheat,all,969647eb496e5811007aca5a971f33f3,f182ced88ef19961
"../foodsg-233\Bee hoon, soto\UXRPM0R9O8KUFN8MKXCK6SUD.jpg","Bee hoon, soto",all,9698fdaeb0d7a401893e5fc88cb3d0d4,cd4c0c6de7f2d0d0
../foodsg-233\bee hoon\L555ZDC5TYFFEKQL02DCG28U.jpg,bee hoon,all,9698fdaeb0d7a401893e5fc88cb3d0d4,cd4c0c6de7f2d0d0
../foodsg-233\whole grain bread\FVFCIAM5VGSQG1LFP9P14ZBN.jpg,whole grain bread,all,96ab557b9baeddb32fa7f105af344407,c3c6861fd8d0f9c1
../foodsg-233\whole wheat\G9F0UIYE29AL8D1L9KH3OESZ.jpg,whole wheat,all,96ab557b9baeddb32fa7f105af344407,c3c6861fd8d0f9c1
../foodsg-233\chicken soup\QXRQTGTKQ83VKFA2XH7OZSNU.jpg,chicken soup,all,96d642a66ec739c92037b38497500c8c,8f0f6cd6edca4448
../foodsg-233\cream soup\IBNU5ZOK1ISKMUC6O5B25ZP5.jpg,cream soup,all,96d642a66ec739c92037b38497500c8c,8f0f6cd6edca4448
"../foodsg-233\Mee siam, fried\O09LQLHLCXIXRVOTZ9VEASVQ.jpg","Mee siam, fried",all,96df7d1f7d9a6a53625b9b8fff1e0907,865e107c1ff0db51
"../foodsg-233\Bee hoon, goreng\1DSXPYCTY84MIH0EDUUSCRBD.jpg","Bee hoon, goreng",all,96df7d1f7d9a6a53625b9b8fff1e0907,865e107c1ff0db51
"../foodsg-233\Bee hoon, soto\QJVON8XM22A5XRNRDN9RRZWL.jpg","Bee hoon, soto",all,96df7d1f7d9a6a53625b9b8fff1e0907,865e107c1ff0db51
../foodsg-233\bee hoon\KWR6KXCTJ2ADLSWOHPN04FO0.jpg,bee hoon,all,96df7d1f7d9a6a53625b9b8fff1e0907,865e107c1ff0db51
../foodsg-233\Mee rebus\TCRRXL0YF4JWW8NMJZ5WGL0V.jpg,Mee rebus,all,96dff424f37e65cbf8a4d55124c74c56,a54a969b4eb16d32
../foodsg-233\Mee soto\U32JTLKM5XPD39LM6P6XRLU7.jpg,Mee soto,all,96dff424f37e65cbf8a4d55124c74c56,a54a969b4eb16d32
../foodsg-233\Mee soto\D17BRB7ZQAT9S13QXIBIQHSR.jpg,Mee soto,all,970106527a05541586701a0e0dd8bc6e,e886d59d129a66ce
../foodsg-233\Mee rebus\6MDR0BFKS4A0UWSFCXQ55VGS.jpg,Mee rebus,all,970106527a05541586701a0e0dd8bc6e,e886d59d129a66ce
../foodsg-233\Mee bandung\WV8ORDVAR0T82YYZQXKCOWP8.jpg,Mee bandung,all,9726c857d4130b5cfa24157abd6b0ec1,be23b89ea30ec516
../foodsg-233\Mee rebus\XJPBVAQCKNU84MY8X61T4NT7.jpg,Mee rebus,all,9726c857d4130b5cfa24157abd6b0ec1,be23b89ea30ec516
../foodsg-233\Seafood Noodles Soup\72RGV09J62JM57KFA1DDPGS9.jpg,Seafood Noodles Soup,all,97593222e7f050fc3e314eb43e25b58a,afe0e8b5c6928e89
../foodsg-233\Hor Fun\Y9YGP44ESKXE030OIKEBO7DL.jpg,Hor Fun,all,97593222e7f050fc3e314eb43e25b58a,afe0e8b5c6928e89
../foodsg-233\lontong\TY7LQJW7C37RQHVXKUBQT2B5.jpg,lontong,all,976de6ef974f17067fecbe402db6f1a3,c363bcce944e532c
../foodsg-233\Lontong with sayur lodeh\NA4UDYO0MYM0CT102AFRQRC8.jpg,Lontong with sayur lodeh,all,976de6ef974f17067fecbe402db6f1a3,c363bcce944e532c
../foodsg-233\whole wheat\QIAHFVZBPNPVG9K9JX593VVE.jpg,whole wheat,all,976edab43e67e41159ad04fa11475335,be3dc04237376ab0
../foodsg-233\White Bread\E5QOM6Y3JWS2NP3C461FAR00.jpg,White Bread,all,976edab43e67e41159ad04fa11475335,be3dc04237376ab0
"../foodsg-233\Bee hoon, goreng\LB5P3KP18U67EIAGUY6TWNXK.jpg","Bee hoon, goreng",all,97759cad73a710dff5b382c7c12d17d7,d91864873e53c3bc
../foodsg-233\vegetarian bee hoon\KI5QHDCCCIUBUKNYQ0OEOCWW.jpg,vegetarian bee hoon,all,97759cad73a710dff5b382c7c12d17d7,d91864873e53c3bc
../foodsg-233\honeydew\JZRJDS53EKR4DH20HT7I3VXI.jpg,honeydew,all,97bff48dd1926f669a9b9f9cb25218e9,b2b2c9e90ecc32ce
../foodsg-233\rock melon\ZUEXBN2NCUYKYATW64RV4JOZ.jpg,rock melon,all,97bff48dd1926f669a9b9f9cb25218e9,b2b2c9e90ecc32ce
../foodsg-233\chai tow kuay\AW8KTU87ZVJM95O0Z87YE1XZ.jpg,chai tow kuay,all,97c5633e5364323f70c7b28803a44672,bbc0942dde35f025
../foodsg-233\Kway Teow\MUSOE4E3I0MIH02X3VICZWD9.jpg,Kway Teow,all,97c5633e5364323f70c7b28803a44672,bbc0942dde35f025
../foodsg-233\chicken soup\487FOWWQCV4B7QA7I7XJ6JQ1.jpg,chicken soup,all,97cc7fbf93e97138c3cc08febaade0e2,eed038ca96e8e925
../foodsg-233\cream soup\92JO06IJD1391JM1CWTL155J.jpg,cream soup,all,97cc7fbf93e97138c3cc08febaade0e2,eed038ca96e8e925
../foodsg-233\chicken soup\5V3TTXZ27XHF3QL656XAL1SI.jpg,chicken soup,all,97d6dd30316e4f753e43f4164649c4c7,fc4225eb82e0cbce
../foodsg-233\vegetable soup\S4H1JGADC09RS3QLX9ZAGOMI.jpg,vegetable soup,all,97d6dd30316e4f753e43f4164649c4c7,fc4225eb82e0cbce
../foodsg-233\Pomelo\7IJCY93JZEASKUPWNN10G8DZ.jpg,Pomelo,all,9805256f694e8167b6f97601f8f11f72,e99796c4a44ab873
../foodsg-233\Grapefruit\R6OTPTEAVPLQG7OTKBQYF7CG.jpg,Grapefruit,all,9805256f694e8167b6f97601f8f11f72,e99796c4a44ab873
../foodsg-233\Mee rebus\P6H5DLHSCQW7ER59KS6G2209.jpg,Mee rebus,all,984a44fb67e704f940d2d6caa35f989b,d145d288438f8b7f
../foodsg-233\Mee kuah\AHQYNLBFK9H81U6L1TQJ7KXM.jpg,Mee kuah,all,984a44fb67e704f940d2d6caa35f989b,d145d288438f8b7f
"../foodsg-233\Mee siam, fried\SBXCUF8OMANL1B3TVSKWE4PK.jpg","Mee siam, fried",all,98532306864f414efb19329e3eba31ac,b28e46b8e578d18b
"../foodsg-233\Chap chye, Nonya\YYE4KS2LCKTPK0O0PZ0878QS.jpg","Chap chye, Nonya",all,98532306864f414efb19329e3eba31ac,b28e46b8e578d18b
../foodsg-233\Mee siam\US6IJAESZEQ2UESKBT5YQI0X.jpg,Mee siam,all,98532306864f414efb19329e3eba31ac,b28e46b8e578d18b
../foodsg-233\Chocolate\836R1WYT2XJWQQAJ3HYAT04S.jpg,Chocolate,all,985584c67e817d978c03cfbd707e3e56,b9ccc63b9c614d92
../foodsg-233\Sweets\K321N38AYYY1BVLY9SBANPIN.jpg,Sweets,all,985584c67e817d978c03cfbd707e3e56,b9ccc63b9c614d92
../foodsg-233\satay bee hoon\ZEKRNF8OM6ZAQZ0NTEOKB3ME.jpg,satay bee hoon,all,98603d326b92676f2b32ea3e8575c95d,e2cc8d5cf8e1a29a
../foodsg-233\bee hoon\VEDGN6RSP5FFJNUNAV632A4M.jpg,bee hoon,all,98603d326b92676f2b32ea3e8575c95d,e2cc8d5cf8e1a29a
../foodsg-233\Mee siam\RFQV2H88Y2GKHPWVVZ745L5I.jpg,Mee siam,all,9863081a85f673ddb96ea20d7bb47588,e2ada0d583959756
"../foodsg-233\Mee siam, fried\9QSRGMSBETFK6LA5HNSU2XF6.jpg","Mee siam, fried",all,9863081a85f673ddb96ea20d7bb47588,e2ada0d583959756
../foodsg-233\Mee soto\3WQSUYOKCKKM3IPJ04U8N3EC.jpg,Mee soto,all,98eb9220c030e43fc3610669656ee91c,d6f9cb5eb802b405
../foodsg-233\Soto ayam\5UX08UHSKINDMJILLUNS5847.jpg,Soto ayam,all,98eb9220c030e43fc3610669656ee91c,d6f9cb5eb802b405
../foodsg-233\pancake\4RZ7NGU7URYR52BKE8TWT0JI.jpg,pancake,all,98fc0c1214f2917c83409aed9e361415,b8cc810fc776633c
../foodsg-233\whole wheat\QKI4UKWLKQDMP839JV6470M9.jpg,whole wheat,all,98fc0c1214f2917c83409aed9e361415,b8cc810fc776633c
../foodsg-233\vegetable soup\E3119UQXHFI5YH6VVWUM0ORL.jpg,vegetable soup,all,9919c0dc31ea96aa006ae6d5d87ceb9b,dfca68c3431c7a34
../foodsg-233\chicken soup\3UKAOP8GU08G7PYJLQRM23HP.jpg,chicken soup,all,9919c0dc31ea96aa006ae6d5d87ceb9b,dfca68c3431c7a34
"../foodsg-233\Bee hoon, soto\ZIZZ0DM8TGZTQ41067WFSRGV.jpg","Bee hoon, soto",all,9932257084b87e36cf58feb19373569b,bdc8d287c14ec91d
../foodsg-233\satay bee hoon\TJVOM9VYE71HZCTB7NBN11MK.jpg,satay bee hoon,all,9932257084b87e36cf58feb19373569b,bdc8d287c14ec91d
../foodsg-233\whole grain bread\L1T7OD2F4D2LBLEVWXL0GQTG.jpg,whole grain bread,all,996abefd867847184b7f783a6d0babad,8f18f689e0df0f88
../foodsg-233\whole wheat\DRA0XCDC2N9CLAG13UKL8H77.jpg,whole wheat,all,996abefd867847184b7f783a6d0babad,8f18f689e0df0f88
../foodsg-233\whole wheat\27O9RDXFPBMRNLCX65D1G3MV.jpg,whole wheat,all,99872a598fa0b2bcba7e2652bad5a4db,ed34d0c29f8f90e1
../foodsg-233\whole grain bread\ZVCRHYCM4NF41DASMDA4RPLB.jpg,whole grain bread,all,99872a598fa0b2bcba7e2652bad5a4db,ed34d0c29f8f90e1
../foodsg-233\mee pok\SKBNJ6Q7FS2P1AY3F7NFVIL6.jpg,mee pok,all,99c9f5bcc3e2b76b7cb76b87fae02483,c3834b517d783e2c
../foodsg-233\Fish Ball Noodles\RSXXVRUAUEU64ML5GYMV35AN.jpg,Fish Ball Noodles,all,99c9f5bcc3e2b76b7cb76b87fae02483,c3834b517d783e2c
../foodsg-233\buckwheat\MLATZ2EVM0FXKLJCIAKQ83CP.jpg,buckwheat,all,99cdf3a9e0672d28e2c679d952fb9cfe,aacbf5d0d0c0ca2f
../foodsg-233\mushroom soup\THPJYJ6KPK2PHK5GAZLS6SGT.jpg,mushroom soup,all,99cdf3a9e0672d28e2c679d952fb9cfe,aacbf5d0d0c0ca2f
../foodsg-233\Mee rebus\D3RTL8ZP10QSRA84SOKLAIEC.jpg,Mee rebus,all,99f1bf82ca06bb25e253c6370c6bc121,de72a1a71190d7d2
../foodsg-233\Mee bandung\S456VX841L97Y4KISY0OL9UI.jpg,Mee bandung,all,99f1bf82ca06bb25e253c6370c6bc121,de72a1a71190d7d2
../foodsg-233\Seafood Noodles Soup\PM8P6HOOQ1LI9BSP3AK97MUG.jpg,Seafood Noodles Soup,all,99f30a72f49ceb0345d9ac3328f550d9,c66b3ffc98805a38
../foodsg-233\Ban Mian\C8XG0SWQK0XI1HHL6IQZYSH9.jpg,Ban Mian,all,99f30a72f49ceb0345d9ac3328f550d9,c66b3ffc98805a38
../foodsg-233\Seafood Noodles Soup\IM6KUG4F16ORD0S11OGCO1UI.jpg,Seafood Noodles Soup,all,99fa234d4422dc22265b413d46ec6076,e5a7961c1193cd39
../foodsg-233\Ban Mian\SIV4GKW0W40PITSPKLICVSQA.jpg,Ban Mian,all,99fa234d4422dc22265b413d46ec6076,e5a7961c1193cd39
../foodsg-233\Mee rebus\YB42GKXP1Q6FOTMP88HWK15G.jpg,Mee rebus,all,99fac20c49b742f4bead484c6d08af09,eb4fa0759051d4dc
../foodsg-233\Mee bandung\FDY0N0B3SB6LH6CYJDG8J2UZ.jpg,Mee bandung,all,99fac20c49b742f4bead484c6d08af09,eb4fa0759051d4dc
../foodsg-233\vegetable soup\PET95VEU1L6AQ88AIUXPTD25.jpg,vegetable soup,all,9a2e454d3486289eb5daae068d5985fd,a54def988598c65c
../foodsg-233\tom yum noodle soup\2TE47NLPQUPFT3W4S2S5F5T0.jpg,tom yum noodle soup,all,9a2e454d3486289eb5daae068d5985fd,a54def988598c65c
../foodsg-233\mee pok\6WC582HM720406Q57S9FAHPX.jpg,mee pok,all,9a3e8c6054f80a9ba7d76f54fbc1088e,bcd3854e96709b64
../foodsg-233\Lor mee\OD4TE9WXUBEIIJFJE7EO0T3E.jpg,Lor mee,all,9a3e8c6054f80a9ba7d76f54fbc1088e,bcd3854e96709b64
../foodsg-233\whole wheat\N9B9O4UT23DUVYE2IO7NY8IQ.jpg,whole wheat,all,9a497370fbe316f811e9fcf5cddd1685,c4a60dd95b2c49b7
../foodsg-233\whole grain bread\YJJ57LIDXPFO4FAVWRZ4NA94.jpg,whole grain bread,all,9a497370fbe316f811e9fcf5cddd1685,c4a60dd95b2c49b7
"../foodsg-233\Bee hoon, goreng\DZA2QWS844COGNFDWE8AUUW8.jpg","Bee hoon, goreng",all,9a4bc67ea9edc1fb1c152a388ad47dcc,af90fcc1e1369323
"../foodsg-233\Bee hoon, goreng\G5Z0T87B7J2VVBLIICUBHFL6.jpg","Bee hoon, goreng",all,9a4bc67ea9edc1fb1c152a388ad47dcc,af90fcc1e1369323
../foodsg-233\lontong\CN57G74XO3744P7QH9AK2C6I.jpg,lontong,all,9a5a1483440ebe320303c1a26a998bae,9186982b42ef8f6d
../foodsg-233\Lontong with sayur lodeh\DYWKZWT6CJ6HI4G9C0KGYPXU.jpg,Lontong with sayur lodeh,all,9a5a1483440ebe320303c1a26a998bae,9186982b42ef8f6d
../foodsg-233\Mee kuah\CO1NW4Y4VJSQOTQK64UWWRRY.jpg,Mee kuah,all,9a6a549939af6af1fe76dd6befb96617,c4b7c0ef30c47ac5
../foodsg-233\Mee goreng\0MGUYNWXIWW5O7XP6D8I2805.jpg,Mee goreng,all,9a6a549939af6af1fe76dd6befb96617,c4b7c0ef30c47ac5
"../foodsg-233\Bee hoon, goreng\8PXV6TFSX135RPNLH96EZENK.jpg","Bee hoon, goreng",all,9a6f51343196e62c2537e65b91d4385f,d0544f47138e6d5d
"../foodsg-233\Bee hoon, soto\1HTT1K799AYMEVODGTS4GQW3.jpg","Bee hoon, soto",all,9a6f51343196e62c2537e65b91d4385f,d0544f47138e6d5d
../foodsg-233\Mee soto\6L2YRSMROXA9JRBE2ZC17KKO.jpg,Mee soto,all,9a8191610ef8553804229a2d6d6822f7,f0a44fd31e9a39c8
"../foodsg-233\Bee hoon, soto\HIWNYML4EHYJKQCPLSZ8YYL7.jpg","Bee hoon, soto",all,9a8191610ef8553804229a2d6d6822f7,f0a44fd31e9a39c8
../foodsg-233\sliced fish soup\G1VM5Y4ON3RE8ZJULPPQA0CT.jpg,sliced fish soup,all,9a89a0460280ab76121111ddcbd57167,a63bc5e546060fbc
../foodsg-233\Seafood Noodles Soup\FVYL7UZM2RQIJWOB6XT1OV1T.jpg,Seafood Noodles Soup,all,9a89a0460280ab76121111ddcbd57167,a63bc5e546060fbc
../foodsg-233\Mee soto\XEG4XJOTI3AWQNDVVROUYIE1.jpg,Mee soto,all,9ae08b6ed902dd68d1a73464a479e1a9,81c496b11be20dff
../foodsg-233\Soto ayam\RWGQA62KHTKQ26V1OFRWT2IZ.jpg,Soto ayam,all,9ae08b6ed902dd68d1a73464a479e1a9,81c496b11be20dff
../foodsg-233\hokkien prawn mee\TUUHKGRY711CLOSXHZYNAJWS.jpg,hokkien prawn mee,all,9ae369aa3fb4065146c867b5f8db038e,8f366931642f34ce
../foodsg-233\Mee goreng\3WR4UODFY87W9Q48CGFT0U3S.jpg,Mee goreng,all,9ae369aa3fb4065146c867b5f8db038e,8f366931642f34ce
../foodsg-233\cream soup\5CCYGCQ14COR2CUE8PIEX0KY.jpg,cream soup,all,9b14ffd32640693490940426153c225d,bf80e0c6f8cc321f
../foodsg-233\mushroom soup\U50RR71WIMV8E38R79MRYP83.jpg,mushroom soup,all,9b14ffd32640693490940426153c225d,bf80e0c6f8cc321f
../foodsg-233\chicken soup\G6LD6G878ZQKR2NCSDV3KA5A.jpg,chicken soup,all,9b14ffd32640693490940426153c225d,bf80e0c6f8cc321f
../foodsg-233\Mee bandung\LEA3CFFHF8H8JFHVOTOAS1IS.jpg,Mee bandung,all,9b21e9ac751f626845916b7707e98596,efe2be803790943a
../foodsg-233\Mee kuah\KGHROOYN32NKK8GOLE63NUTT.jpg,Mee kuah,all,9b21e9ac751f626845916b7707e98596,efe2be803790943a
../foodsg-233\rojak\HK0TIMIULDPN6VS64OUGRK1V.jpg,rojak,all,9b2a9cd4c5d5a541479edda7b3554afd,b92e8f392e709263
../foodsg-233\chai tow kuay\6KEF3HIRNHODZCTI78QV4CR3.jpg,chai tow kuay,all,9b2a9cd4c5d5a541479edda7b3554afd,b92e8f392e709263
../foodsg-233\Mee siam\5ERNBN0JESN58HALQZ6G4WBG.jpg,Mee siam,all,9b37ba7aab8b4468aee0eb0f47b793f1,a0d69fa8d5c17ec0
"../foodsg-233\Bee hoon, goreng\X1ZTVGMKQO8HVZ7VMIKP30KY.jpg","Bee hoon, goreng",all,9b37ba7aab8b4468aee0eb0f47b793f1,a0d69fa8d5c17ec0
../foodsg-233\Mee soto\FX68P92ZA5WE8DDJWKPDJE5P.jpg,Mee soto,all,9b4c51a124183c5977d70e1ea31007c1,bf90120b3aa2f5ae
"../foodsg-233\Bee hoon, soto\RPZ0LT378MQ0NQHEBJ7YUIAH.jpg","Bee hoon, soto",all,9b4c51a124183c5977d70e1ea31007c1,bf90120b3aa2f5ae
../foodsg-233\strawberry\5EHQP488KETMSQV8220CYPMD.jpg,strawberry,all,9b64889bb1715af8c7a776ca8947671c,f8c6d519407b5f44
../foodsg-233\canned Fruit salad\XJ00X9WRMPRG1H5E9V46H9MT.jpg,canned Fruit salad,all,9b64889bb1715af8c7a776ca8947671c,f8c6d519407b5f44
../foodsg-233\kueh lapis - rainbow\W7NZDIZCAE8R1H68EHFLU3B8.jpg,kueh lapis - rainbow,all,9b9217a38d06d42dc2598e97fc2ef7ae,c2ca2f86780f1e3e
../foodsg-233\kueh lapis baked\WD92KCBD06DSXZ6U2H7S5OO3.jpg,kueh lapis baked,all,9b9217a38d06d42dc2598e97fc2ef7ae,c2ca2f86780f1e3e
../foodsg-233\Udon\1091WHQWT5BLGKRD14M9OVMB.jpg,Udon,all,9bab744154022c5fde7764f78b77c6dc,85883ea7789e6559
../foodsg-233\beef noodle soup\SUUV5TY7W57QM43XTP83Y7LA.jpg,beef noodle soup,all,9bab744154022c5fde7764f78b77c6dc,85883ea7789e6559
../foodsg-233\Ban Mian\EEIGU2EN851NNLBDABOB3YMN.jpg,Ban Mian,all,9bd2458232b4666f5b17b6c75dc6b187,97863cc8c3e76730
../foodsg-233\sliced fish soup\NQN1GEGQB7YRDXJ81DIVYHL5.jpg,sliced fish soup,all,9bd2458232b4666f5b17b6c75dc6b187,97863cc8c3e76730
"../foodsg-233\Mee siam, fried\UO3OOTSRSHVK8RJFA81G2R0G.jpg","Mee siam, fried",all,9bd3c32b43eb8be94f7d5b583e329cee,f66a8d30c3afc191
"../foodsg-233\Bee hoon, goreng\0NR8OJDWZRSY2GEXO1F6N3YP.jpg","Bee hoon, goreng",all,9bd3c32b43eb8be94f7d5b583e329cee,f66a8d30c3afc191
"../foodsg-233\Bee hoon, goreng\EDQHP7XTG9LTT79UYXSMU0W6.jpg","Bee hoon, goreng",all,9be42e8fdffde3eac045e7be13a0a1e4,e9496d9689ca34f2
"../foodsg-233\Bee hoon, soto\GX50SQO9I8BNZZWIL6TAA411.jpg","Bee hoon, soto",all,9be42e8fdffde3eac045e7be13a0a1e4,e9496d9689ca34f2
../foodsg-233\Mee kuah\JEFGGOWHI1MM7CI65PQTV4HZ.jpg,Mee kuah,all,9beaf59358f9ab118b6065d8d72cb6a9,ea4a113d07b35bcc
../foodsg-233\Lontong with sayur lodeh\POJG7MJEM70Y3IAPB0ANLBXI.jpg,Lontong with sayur lodeh,all,9beaf59358f9ab118b6065d8d72cb6a9,ea4a113d07b35bcc
../foodsg-233\Mee rebus\B6ZXNXORXK61WWDEJLYD2YCE.jpg,Mee rebus,all,9beaf59358f9ab118b6065d8d72cb6a9,ea4a113d07b35bcc
../foodsg-233\Mee bandung\IJKQT4HHSEYZLW2F532BM545.jpg,Mee bandung,all,9beaf59358f9ab118b6065d8d72cb6a9,ea4a113d07b35bcc
../foodsg-233\Soto ayam\YZYAQYUEEGS0KJACZ5U7RALF.jpg,Soto ayam,all,9c085cca2633e7082ec1696f96b26ba9,eba5bfa054d3301c
../foodsg-233\Mee soto\FEVA14CPJ7Y15GQOMVGFDNT4.jpg,Mee soto,all,9c085cca2633e7082ec1696f96b26ba9,eba5bfa054d3301c
../foodsg-233\char siew\8WZEBH77XQK4IXADU8V45P67.jpg,char siew,all,9c2b577bb77bf5a65be95f6ac0d82ad9,e89ecd4aa86a9a39
../foodsg-233\Duck Rice\52QGEV20M60EXBOFZ6N9KO9S.jpg,Duck Rice,all,9c2b577bb77bf5a65be95f6ac0d82ad9,e89ecd4aa86a9a39
../foodsg-233\mixed vegetables\77Y22EGVI4RVSQUX5I1VMVRS.jpg,mixed vegetables,all,9c42478cd850a934bc587df6f4b7e91f,a201bc2f916fd4bc
../foodsg-233\vegetable soup\OZQ533TRRKOH85IFMHUY7PJN.jpg,vegetable soup,all,9c42478cd850a934bc587df6f4b7e91f,a201bc2f916fd4bc
../foodsg-233\Mee soto\DV458BPJY95IESCQ8C4AH1NN.jpg,Mee soto,all,9c46f9b8852e6973d0bc1de3792c6972,c54e143bd2ae336c
../foodsg-233\Soto ayam\NEU4QG87AWN9QOW5BQPJS4JP.jpg,Soto ayam,all,9c46f9b8852e6973d0bc1de3792c6972,c54e143bd2ae336c
../foodsg-233\mee pok\Z01HULNRWB05COTHMDWI530R.jpg,mee pok,all,9c6b4211e26c2bee238064366b535e62,bd95e1483464c73e
../foodsg-233\Fish Ball Noodles\4WWGSO9UIOS3P5ZUJG27N8U5.jpg,Fish Ball Noodles,all,9c6b4211e26c2bee238064366b535e62,bd95e1483464c73e
../foodsg-233\oyster omelette\1795B0N5FIKTPUJBS9V6B17B.jpg,oyster omelette,all,9c8ca0d822457db808daa0a08f2275d9,f06ce5b39a839686
../foodsg-233\chai tow kuay\V5VITFV7YIP6VJ22CJ9NQOPW.jpg,chai tow kuay,all,9c8ca0d822457db808daa0a08f2275d9,f06ce5b39a839686
../foodsg-233\Mee goreng\G2FIRQ6TGOZRG5Y2WY2KHPKA.jpg,Mee goreng,all,9cb0a354fc733b9d006543c56dbb52df,bacde512802b9f65
"../foodsg-233\Mee siam, fried\IK33PJFE0CIGEYX6M9ZK5ZG0.jpg","Mee siam, fried",all,9cb0a354fc733b9d006543c56dbb52df,bacde512802b9f65
../foodsg-233\Fried Noodles\EX6721VGHE09X2NS7E17O6EF.jpg,Fried Noodles,all,9cc4cd667e9ce4281bf7b6175ad51133,b714f09ad064f8d9
"../foodsg-233\Bee hoon, goreng\UJBSF7ZV4M5HTYQA57QQZGD5.jpg","Bee hoon, goreng",all,9cc4cd667e9ce4281bf7b6175ad51133,b714f09ad064f8d9
"../foodsg-233\Bee hoon, soto\JA8UYBCS39BBLNREERDQ8WGQ.jpg","Bee hoon, soto",all,9cd78b7813172115cbb076611dcaf676,eb9294ca92e39768
../foodsg-233\Seafood Noodles Soup\DQ222M9LEQ5JCYY6HH3XPHBI.jpg,Seafood Noodles Soup,all,9cd78b7813172115cbb076611dcaf676,eb9294ca92e39768
../foodsg-233\bee hoon\4MFUUIELH73MX9AS54MHYMA6.jpg,bee hoon,all,9cd78b7813172115cbb076611dcaf676,eb9294ca92e39768
../foodsg-233\Soto ayam\L1BXIELKR8HAUBRFTIGVNXUU.jpg,Soto ayam,all,9cdd6567d0cbc8792bd4c45d786c02bc,becd823a812d1775
../foodsg-233\Mee soto\LO1BA3Q9K3F2XQGYZG6E9T87.jpg,Mee soto,all,9cdd6567d0cbc8792bd4c45d786c02bc,becd823a812d1775
../foodsg-233\Mee soto\GQP8WM46WN65Y1AO56VRA9J3.jpg,Mee soto,all,9ce82ba4aa3d9a77caf1bbb365c5b428,fba6d09ad169c650
../foodsg-233\Soto ayam\J0BJSBXJV3SI9NJ9D3R7YQPZ.jpg,Soto ayam,all,9ce82ba4aa3d9a77caf1bbb365c5b428,fba6d09ad169c650
../foodsg-233\Mee siam\707TBIVNLIGM1XSBDERR65RQ.jpg,Mee siam,all,9cecbd8e5ec9c88ecc0ef1338216c77e,aa5afce0dadc4ac0
"../foodsg-233\Mee siam, fried\C2L80BBFAN8OCMR0HDJTB3GL.jpg","Mee siam, fried",all,9cecbd8e5ec9c88ecc0ef1338216c77e,aa5afce0dadc4ac0
../foodsg-233\whole wheat\U3QYCGYDW2VYVO6UA693H5N5.jpg,whole wheat,all,9d25154646e21977cdefc91cc56308b6,e71c3957b8513133
../foodsg-233\whole grain bread\VQD2VTSY1798X6TO4V6TYUCC.jpg,whole grain bread,all,9d25154646e21977cdefc91cc56308b6,e71c3957b8513133
../foodsg-233\Mee bandung\0SEXD514LZ97VVSBEFKGL6FN.jpg,Mee bandung,all,9d2cb8381ae3bef55f59490c847005a2,a7c53c1ac5a12d2f
../foodsg-233\Mee rebus\T99EPGYIJOM8BIZEFCMJP24X.jpg,Mee rebus,all,9d2cb8381ae3bef55f59490c847005a2,a7c53c1ac5a12d2f
../foodsg-233\fried chicken\BW0LRFUYL2TODEC9VLNIP25Y.jpg,fried chicken,all,9d48791d5b5efdfe36d293edec60e45f,fdd0d2db1941caa4
../foodsg-233\chicken wing\PIVY55TBBYOACVG2641FXU1X.jpg,chicken wing,all,9d48791d5b5efdfe36d293edec60e45f,fdd0d2db1941caa4
../foodsg-233\Mee soto\GPA8EDSAY2YMUZQQ1UUFCD04.jpg,Mee soto,all,9d995eb8e30afb675822dba37de03ac3,d1b172c39a2b1a6d
../foodsg-233\Soto ayam\PBTUTCF04LT6R5SRYDBYEQ9G.jpg,Soto ayam,all,9d995eb8e30afb675822dba37de03ac3,d1b172c39a2b1a6d
../foodsg-233\Dumpling noodle soup\KO52OY8O15YCMPJHV3BXILW4.jpg,Dumpling noodle soup,all,9da636e7642b092f49fc3c37f581ba3b,d9f37be073814017
../foodsg-233\pig organ soup\5QSRVKCM8C2RXYENSJ4ZP9DB.jpg,pig organ soup,all,9da636e7642b092f49fc3c37f581ba3b,d9f37be073814017
../foodsg-233\Mee rebus\4LEVXF6XLN8YDPYKC4T7NSUT.jpg,Mee rebus,all,9dba0abe975585d2e7b736deb6b75598,b6b4d482e9474e0f
../foodsg-233\Mee bandung\W3EUDX5F1SBKNECCEB9TBCGT.jpg,Mee bandung,all,9dba0abe975585d2e7b736deb6b75598,b6b4d482e9474e0f
../foodsg-233\steamed buns\LKODMSNSW2KQP839ATA32SGD.jpg,steamed buns,all,9de15f853b778c4615fe32f1b5e7724c,8fbd7cc8c216f620
../foodsg-233\char siew pau\OOT0NWK8V5T3DT3RJ4QYMFKW.jpg,char siew pau,all,9de15f853b778c4615fe32f1b5e7724c,8fbd7cc8c216f620
"../foodsg-233\Rice, korean bulgogi beef\VLDMATB7CA4Y4W2G36I74108.jpg","Rice, korean bulgogi beef",all,9de1b4a2e5fc81b06303cc935257159a,b3908d73728e4f98
"../foodsg-233\Rice, with dakgalbi\6GS4RJMV1JNEF3KDHXG4J2EW.jpg","Rice, with dakgalbi",all,9de1b4a2e5fc81b06303cc935257159a,b3908d73728e4f98
../foodsg-233\cream soup\HYWKH5I6KMSKY6SXORXGUYET.jpg,cream soup,all,9de7cf340056045c5313118889be2b66,fbb18315960e9e1a
../foodsg-233\mushroom soup\215378H9ADDE67JY3RBAEPI9.jpg,mushroom soup,all,9de7cf340056045c5313118889be2b66,fbb18315960e9e1a
../foodsg-233\Mee soto\SU6G1SVUF8QFGQDR733LWT97.jpg,Mee soto,all,9e107c64baaca13b3fd8f9de7117bbc4,c4b9839c13264f77
../foodsg-233\Soto ayam\Z1DOQ1DLJ3PCWQ91UN5YWWDS.jpg,Soto ayam,all,9e107c64baaca13b3fd8f9de7117bbc4,c4b9839c13264f77
../foodsg-233\char siew pau\4BMG4FDK59KD366TI2FKV0SV.jpg,char siew pau,all,9e12856c55e9c30b82cb2405901bde75,ef28608e9f343e52
../foodsg-233\steamed buns\FHWY7U4EDQP978JLJLGLI0TT.jpg,steamed buns,all,9e12856c55e9c30b82cb2405901bde75,ef28608e9f343e52
../foodsg-233\cream soup\8S52OMJW1NWWA50LX9XN2IQL.jpg,cream soup,all,9e276a08ac5af90197ca08461348368d,a6e1c99bcc586672
../foodsg-233\miso soup\XOSA7HWQIATEIYMXY3WKE56R.jpg,miso soup,all,9e276a08ac5af90197ca08461348368d,a6e1c99bcc586672
../foodsg-233\rambutan\N8SZYPPSQ7UX4QL7YINOE16K.jpg,rambutan,all,9e5e14a445c49911eedc78adee431441,eb87961d9962984d
../foodsg-233\lychee\PCLGN8ES9O809O1GKL3K79OB.jpg,lychee,all,9e5e14a445c49911eedc78adee431441,eb87961d9962984d
../foodsg-233\lontong\W6JRYE7HKPMGCICJXWVDXB6U.jpg,lontong,all,9e61a9cca5fffbeda3d0e0196e4ca854,931a9e3936619967
../foodsg-233\Lontong with sayur lodeh\BMMHJ33IB8NU93SCQ106H66F.jpg,Lontong with sayur lodeh,all,9e61a9cca5fffbeda3d0e0196e4ca854,931a9e3936619967
../foodsg-233\sliced fish soup\B4VKOYLW45IVOGB1Y7V9IBTS.jpg,sliced fish soup,all,9e7ef0a019328537ecad5b1eba2a18e4,d16a0ea56f153c65
../foodsg-233\cream soup\EIU8TCPYE3QEKP5K7OWD57KV.jpg,cream soup,all,9e7ef0a019328537ecad5b1eba2a18e4,d16a0ea56f153c65
../foodsg-233\mushroom soup\ED14LNAB5W2C3HBENQ7079GC.jpg,mushroom soup,all,9e7ef0a019328537ecad5b1eba2a18e4,d16a0ea56f153c65
../foodsg-233\cooked brown rice\HNAOGLYXSXD84NVAFOWIO2FJ.jpg,cooked brown rice,all,9e7f0fe78c8995c73be9c553ebd74a2d,c3c10ff9784274ce
../foodsg-233\hotplate tofu\3B1JEMYV1NRWDZL4FDTF8KBW.jpg,hotplate tofu,all,9e7f0fe78c8995c73be9c553ebd74a2d,c3c10ff9784274ce
../foodsg-233\chicken masala\33ASNIO57WFZIZC53AOGMZVC.jpg,chicken masala,all,9e90afe108f0c04f4551de665caa956d,ee3e80c29fa5509b
../foodsg-233\tandoori chicken\XMK41GVL013ZO1UGPXVSUUB9.jpg,tandoori chicken,all,9e90afe108f0c04f4551de665caa956d,ee3e80c29fa5509b
../foodsg-233\Mee bandung\LOOWML593BLG49KFZZAYCGEN.jpg,Mee bandung,all,9e9d84e20173b54ed907c2dcaaeddc77,c884577a4aec2d5b
../foodsg-233\Mee rebus\XY2PICKQHVJ4VWARVS2JSRJH.jpg,Mee rebus,all,9e9d84e20173b54ed907c2dcaaeddc77,c884577a4aec2d5b
../foodsg-233\whole wheat\SIYJC1AFZV44L4UM0MIEZYOL.jpg,whole wheat,all,9eae2fd23f35fbf65d058a4121c46385,c14b7f36643d4323
../foodsg-233\whole grain bread\W8C3VZVWM0ER9S0SKFPJCJ4N.jpg,whole grain bread,all,9eae2fd23f35fbf65d058a4121c46385,c14b7f36643d4323
../foodsg-233\Dumpling noodle soup\WCN36EN38F0YIBCPOZ3177EH.jpg,Dumpling noodle soup,all,9eae81a26558077c3d639a0137a2d2bb,babce5dba1601632
"../foodsg-233\Wanton mee, dry\8BPV8E7GXLIP86HZP8F6N76U.jpg","Wanton mee, dry",all,9eae81a26558077c3d639a0137a2d2bb,babce5dba1601632
../foodsg-233\Mee bandung\X86UJBV0YF81CLD66G4GKFID.jpg,Mee bandung,all,9f1efa6cda71bb7c4ba51832e5469e2a,b1d2ae05d15eca2e
../foodsg-233\Mee soto\PPAOO6IDZ90AI0HMTWAVLKYN.jpg,Mee soto,all,9f1efa6cda71bb7c4ba51832e5469e2a,b1d2ae05d15eca2e
../foodsg-233\Mee rebus\W9BDLYXXII1QDUA5Y1778XAS.jpg,Mee rebus,all,9f1efa6cda71bb7c4ba51832e5469e2a,b1d2ae05d15eca2e
"../foodsg-233\Miso ramen, with fishcake\K2B55HCD0T1LCPIVPO1XQAYQ.jpg","Miso ramen, with fishcake",all,9f3bbbd949481041493f06a2db09d334,c4333bc43c1bf325
../foodsg-233\Udon\0OH40O3MCITLX2ODINNYFDEI.jpg,Udon,all,9f3bbbd949481041493f06a2db09d334,c4333bc43c1bf325
../foodsg-233\Mee soto\RMKE882CXTSGCGTTAEMQKCYL.jpg,Mee soto,all,9f3d1b9cbf7f102551fb6e644d743d7a,c3d1d4abf4ed400d
../foodsg-233\Soto ayam\ZYW0D7XZEC3T8TOFH9790PFD.jpg,Soto ayam,all,9f3d1b9cbf7f102551fb6e644d743d7a,c3d1d4abf4ed400d
../foodsg-233\Soto ayam\UO7UWT79QR466MDYRKZ1Z0L8.jpg,Soto ayam,all,9f6639ce68a44a65134c07eb1282f8ec,d2865a3a2e4cbcec
../foodsg-233\Mee soto\Q1PLB8FMZ0B2K2TJHI1LVWRB.jpg,Mee soto,all,9f6639ce68a44a65134c07eb1282f8ec,d2865a3a2e4cbcec
"../foodsg-233\Bee hoon, soto\HLDJLBO9EHVUDMQ1AH70DESW.jpg","Bee hoon, soto",all,9fbc66ca214700dc2026742bc64e3998,bebad90943f50f10
../foodsg-233\Soto ayam\JNUO3KPHL4B6ZKYLNE7UD0TZ.jpg,Soto ayam,all,9fbc66ca214700dc2026742bc64e3998,bebad90943f50f10
../foodsg-233\Mee soto\JZMOD556UT9GZ95PI6MA41W1.jpg,Mee soto,all,9fbc66ca214700dc2026742bc64e3998,bebad90943f50f10
../foodsg-233\ice cream - vanilla\U78B5QPUZLTKXC273DPXEDS9.jpg,ice cream - vanilla,all,9fbee9b75915536dfeed80caf82a976c,8771d9b632582dca
../foodsg-233\ice cream - chocolate\PXPN7M0MQIIZ6H617762M799.jpg,ice cream - chocolate,all,9fbee9b75915536dfeed80caf82a976c,8771d9b632582dca
../foodsg-233\chicken soup\7LHLM7N59I92470KCPZNUBO6.jpg,chicken soup,all,a00c206bc1a74768f8620d1c50195e0d,be34c19ac7c98c8e
"../foodsg-233\Rice, with dakgalbi\7V87FVLLX8L27N3KRY0AY64B.jpg","Rice, with dakgalbi",all,a00c206bc1a74768f8620d1c50195e0d,be34c19ac7c98c8e
../foodsg-233\Mee soto\7CTZ4G9B1ENGZH8H990VN3BY.jpg,Mee soto,all,a03e4b380bdbb13d89338e91ac0879e3,f64dc5869213cc2f
"../foodsg-233\Bee hoon, soto\H80DJYQ9ZQ0O8UKA026X9R8N.jpg","Bee hoon, soto",all,a03e4b380bdbb13d89338e91ac0879e3,f64dc5869213cc2f
../foodsg-233\hokkien prawn mee\6AXFI5VUW8MGVZYOJLCD58FN.jpg,hokkien prawn mee,all,a062db54bfd32412f525d4c3e51a65c0,d9906ae5be16e886
../foodsg-233\Prawn Noodle\7E0AE17EUYARU3OZIJBK3H8L.jpg,Prawn Noodle,all,a062db54bfd32412f525d4c3e51a65c0,d9906ae5be16e886
../foodsg-233\Mee rebus\Q04YZ5X761GK8SQTA7DZK7J5.jpg,Mee rebus,all,a0a3e1b74033cc40400afc8a40ed6d2c,d3625cad58ae2b94
../foodsg-233\Mee bandung\AQQFJKCVOBYZMLLH1UD2FV7A.jpg,Mee bandung,all,a0a3e1b74033cc40400afc8a40ed6d2c,d3625cad58ae2b94
../foodsg-233\Kway Teow\33VNMN9B03R7EX03Y0C6070X.jpg,Kway Teow,all,a0c3daf1d958aff84cb42185cfb50f29,fff68003c90ee43a
../foodsg-233\chai tow kuay\0R9G4KCXOSFPZX70FY1D3FIQ.jpg,chai tow kuay,all,a0c3daf1d958aff84cb42185cfb50f29,fff68003c90ee43a
../foodsg-233\whole grain bread\O14ROBP0YR6WJHBEMX63ULIZ.jpg,whole grain bread,all,a0c4dd0015fad0fef58ad313443b9c17,de0fc1914fb0b04f
../foodsg-233\whole wheat\9HT85I7PSTFTDEPT6H12JH2M.jpg,whole wheat,all,a0c4dd0015fad0fef58ad313443b9c17,de0fc1914fb0b04f
../foodsg-233\bak chor mee\JVS3TNKQTHDZXH0ZANS7WJDA.jpg,bak chor mee,all,a0e222df376b0a9ab3f8300e4ca8b346,bb2a64ac9bb14ca5
../foodsg-233\mee pok\7BQ18DC46X5W2VUIHJYFUV0J.jpg,mee pok,all,a0e222df376b0a9ab3f8300e4ca8b346,bb2a64ac9bb14ca5
../foodsg-233\Mee bandung\2YH079T5F94X5M9Q8UZS27PZ.jpg,Mee bandung,all,a11cee2fba9f62c90756cd55d3cfa06d,a08cc00e0e6fe5ff
../foodsg-233\Mee rebus\CK5PHL48JU55G62X5ZJIOTE2.jpg,Mee rebus,all,a11cee2fba9f62c90756cd55d3cfa06d,a08cc00e0e6fe5ff
"../foodsg-233\Bee hoon, goreng\LKB76XUY3FEL10OE12XAUZD0.jpg","Bee hoon, goreng",all,a120dfbede0e742fa46b81bf43621e0d,82e646540e3b7dec
../foodsg-233\bee hoon\NXP0IB3CFM5KIUT8SOHP4KEN.jpg,bee hoon,all,a120dfbede0e742fa46b81bf43621e0d,82e646540e3b7dec
../foodsg-233\Mee soto\U886SZZRMUGK1PROJJLX5BKT.jpg,Mee soto,all,a15bf902c50e9d86cd01ea6ff70aff24,b3a69c9992709ab3
"../foodsg-233\Bee hoon, soto\XDRPPLG7CCICLWI5TQIMM51Y.jpg","Bee hoon, soto",all,a15bf902c50e9d86cd01ea6ff70aff24,b3a69c9992709ab3
../foodsg-233\fried rice\NHF15KBFER38SB300F6C5X3Q.jpg,fried rice,all,a1a875b97c9911822a62d50c44c2ea68,ddc132138d9ef4b0
../foodsg-233\Nasi pattaya\53DGKGRLZGRWDXVEV7EYB9TT.jpg,Nasi pattaya,all,a1a875b97c9911822a62d50c44c2ea68,ddc132138d9ef4b0
../foodsg-233\Mee siam\1KXK5YK25G8V5DZQUTRJ0UPF.jpg,Mee siam,all,a1bfd2350014182b228d71b58ac840bc,9fda885ed442d568
"../foodsg-233\Mee siam, fried\4IGBM7EX9HV1W7R5PT9UOFTK.jpg","Mee siam, fried",all,a1bfd2350014182b228d71b58ac840bc,9fda885ed442d568
../foodsg-233\char siew pau\O4GEN81BS16XBWBYPGFS0AWB.jpg,char siew pau,all,a1c9900d19e92edadf81adb69ce18634,f06f8336c58055b7
../foodsg-233\White Bread\WYGQI0TBJ3YF8M6SQ1ZE2WTT.jpg,White Bread,all,a1c9900d19e92edadf81adb69ce18634,f06f8336c58055b7
../foodsg-233\drunken prawn\1TL7KUDWYZOGMYA0B83FSGN0.jpg,drunken prawn,all,a1f43538c6edf97c736e4a7789dbae68,e4ad3af42d8246ce
../foodsg-233\fried prawn\QGOU8XE7IMQNBM776GJT5N05.jpg,fried prawn,all,a1f43538c6edf97c736e4a7789dbae68,e4ad3af42d8246ce
../foodsg-233\Grapefruit\BHTVSQRBPD5EU29MECEBCG30.jpg,Grapefruit,all,a2047f67001425b18e23a8c14517784e,c9cc9e4361361eb5
../foodsg-233\Pomelo\0XRQEK3PCGZDZH5F2LT5NKMK.jpg,Pomelo,all,a2047f67001425b18e23a8c14517784e,c9cc9e4361361eb5
../foodsg-233\Mee soto\R8V3VSEUX6TD29UECREZEK37.jpg,Mee soto,all,a20715617fe26de559a12706ad4fd1e3,d58d02862fcb2d8f
../foodsg-233\Soto ayam\MQ8SSSEGO6STWULKYI9DRPF0.jpg,Soto ayam,all,a20715617fe26de559a12706ad4fd1e3,d58d02862fcb2d8f
../foodsg-233\bee hoon\K55Z9NSGAP2PIX3GST7LZD4A.jpg,bee hoon,all,a248fb1a88df4648c98854e54b3fffa7,d473532063b72a97
"../foodsg-233\Mee siam, fried\GSVQSM9342AY7Z24YRK3PJL9.jpg","Mee siam, fried",all,a248fb1a88df4648c98854e54b3fffa7,d473532063b72a97
"../foodsg-233\Bee hoon, soto\XJVLPL7MKVWEP2QS7647NLPZ.jpg","Bee hoon, soto",all,a25bda8e1a7843b7f7771d4f958eb3df,bfbb90b0cec0a487
../foodsg-233\Mee soto\F2HIZ6G77K5VAFGUP7IX3R60.jpg,Mee soto,all,a25bda8e1a7843b7f7771d4f958eb3df,bfbb90b0cec0a487
"../foodsg-233\Bee hoon, soto\YX433HY88RBG8QPCTKBXL9GH.jpg","Bee hoon, soto",all,a25c6295be0716076cc18f58f131937a,d4d66f4a6434b2b4
../foodsg-233\Soto ayam\8OZDSF54W3UMOR04TC67WT62.jpg,Soto ayam,all,a25c6295be0716076cc18f58f131937a,d4d66f4a6434b2b4
../foodsg-233\Chocolate\V3N3JOKMTTR5FIM3GV8PKH11.jpg,Chocolate,all,a26fcacd68c8ef244547b52068b14694,eac1d1ad8596d8b4
../foodsg-233\Sweets\9RFS0O1S6569HPOEGD580S0O.jpg,Sweets,all,a26fcacd68c8ef244547b52068b14694,eac1d1ad8596d8b4
"../foodsg-233\Mee siam, fried\8N18YAGMM5M4V38VMN6SREOF.jpg","Mee siam, fried",all,a2a232efc73b3a591ff89e66ab9d6886,d2550f927c783cc3
"../foodsg-233\Bee hoon, goreng\DG9Q4790QFHZF5JOTMR3PPVE.jpg","Bee hoon, goreng",all,a2a232efc73b3a591ff89e66ab9d6886,d2550f927c783cc3
../foodsg-233\Mee siam\ZRPJ3G50JS1HQN38KK38LGBU.jpg,Mee siam,all,a2c4424865368ac742a9f66bdcea936f,d5810a2b6d1b71e7
"../foodsg-233\Mee siam, fried\C54LTZZSOBQ2UJUWN42XFYIC.jpg","Mee siam, fried",all,a2c4424865368ac742a9f66bdcea936f,d5810a2b6d1b71e7
../foodsg-233\Mee goreng\33FPJKSL1NC0C378CBI102T5.jpg,Mee goreng,all,a2d20cc2a35f6b954a321651ca0b88f5,bfbd0be0c0c13715
../foodsg-233\Mee rebus\2XOURB7WOZ15QCZN5HUDYB1W.jpg,Mee rebus,all,a2d20cc2a35f6b954a321651ca0b88f5,bfbd0be0c0c13715
"../foodsg-233\Bee hoon, goreng\T0UQ971OSJ6D6TQ1FKPK5SSR.jpg","Bee hoon, goreng",all,a2e1463e2bc20a0c6fb5ace587d3f5fa,8987492f9516da6b
../foodsg-233\bee hoon\ZK9WCE5IEZ49IIGGKLY37V3C.jpg,bee hoon,all,a2e1463e2bc20a0c6fb5ace587d3f5fa,8987492f9516da6b
"../foodsg-233\Bee hoon, soto\U0N0XT9D8AGSTRPTLBETH5YQ.jpg","Bee hoon, soto",all,a2e1463e2bc20a0c6fb5ace587d3f5fa,8987492f9516da6b
../foodsg-233\black pepper crab\H50719ID4RVL3TJ70A363LGL.jpg,black pepper crab,all,a2eed6ad33b634b4f532a9c2ca8266cc,ac587b79a3227545
../foodsg-233\chilli crab\Z8601QA1HAA3EWBBVVMR5NBI.jpg,chilli crab,all,a2eed6ad33b634b4f532a9c2ca8266cc,ac587b79a3227545
../foodsg-233\Mee soto\BCOB6UTLBDSC5JTTONX7KJ7V.jpg,Mee soto,all,a3295bc5df02661fd2d0134daf8cbd83,c3b82aa02f3731db
"../foodsg-233\Bee hoon, soto\4HBSFGCWUA737D8IBJOVY879.jpg","Bee hoon, soto",all,a3295bc5df02661fd2d0134daf8cbd83,c3b82aa02f3731db
../foodsg-233\Soto ayam\I98S5RI41JSQD5F0ZMBRIY4K.jpg,Soto ayam,all,a33b54962229e2fff16b4357f0f368df,a28e67377838e16c
../foodsg-233\Mee soto\H05YVMLQMBMXW7S7YGXXYDNC.jpg,Mee soto,all,a33b54962229e2fff16b4357f0f368df,a28e67377838e16c
../foodsg-233\chicken masala\Q2SI1SHYNB8I9Y2HKNS22FR1.jpg,chicken masala,all,a34a0b55cac266c091d20f1e23478a7e,fe86823d9e6a3186
"../foodsg-233\Rice, with dakgalbi\3XFCACULDYZXDJOCM7DRMPOJ.jpg","Rice, with dakgalbi",all,a34a0b55cac266c091d20f1e23478a7e,fe86823d9e6a3186
../foodsg-233\sliced fish soup\DIAUQSHSTBWNIP7KVJ5FEEEY.jpg,sliced fish soup,all,a353f88fc42b1f899510c6d796d0239d,a0bccc8b967227f8
../foodsg-233\Seafood Noodles Soup\4OTE764DPS2O4FMMS365GCZW.jpg,Seafood Noodles Soup,all,a353f88fc42b1f899510c6d796d0239d,a0bccc8b967227f8
"../foodsg-233\Mee siam, fried\ELISTIPKEZD05ZEUM3QVFVKM.jpg","Mee siam, fried",all,a3641752f1ce0cacd356daccd0532802,9f2a7ee96087d250
../foodsg-233\Mee siam\4Y494P1B9B7ON1ZKVGJZLBXV.jpg,Mee siam,all,a3641752f1ce0cacd356daccd0532802,9f2a7ee96087d250
../foodsg-233\lontong\09X3ACIG3HEF92KWSO6QMTSA.jpg,lontong,all,a38673d9c5316b8db9e0c749ef119b64,d51e53e12b0d3e34
../foodsg-233\Lontong with sayur lodeh\43Z4D2SXEY57PGJ5JM2H9FGL.jpg,Lontong with sayur lodeh,all,a38673d9c5316b8db9e0c749ef119b64,d51e53e12b0d3e34
../foodsg-233\Soto ayam\V94R2O574UUBAES3GUC49Y0Q.jpg,Soto ayam,all,a3aa79e828ba24cde52bbe90af77cab6,81ba4e285e757acc
../foodsg-233\Mee soto\12ACU74D3X0IAVG2F1REC854.jpg,Mee soto,all,a3aa79e828ba24cde52bbe90af77cab6,81ba4e285e757acc
../foodsg-233\satay bee hoon\2NVZ1L5MWMR4FCVCMM3W8WZ6.jpg,satay bee hoon,all,a3e13c85f0a17f2cda7c07a56b34561b,ffa9c8452a9c3349
../foodsg-233\bee hoon\E9QS5CCJXIM5FTWBLBQ1MKBW.jpg,bee hoon,all,a3e13c85f0a17f2cda7c07a56b34561b,ffa9c8452a9c3349
../foodsg-233\Udon\UVKUOPDOL6NG7BO3SZN4T209.jpg,Udon,all,a3f97a007902dc7cc3da43131cbf5fad,9de5c8f51ea04c9a
../foodsg-233\Fried Noodles\U3VCMVM2U7VRUK48HI84AUT4.jpg,Fried Noodles,all,a3f97a007902dc7cc3da43131cbf5fad,9de5c8f51ea04c9a
"../foodsg-233\Bee hoon, goreng\Y9LWJOCS83G60A8JB27POJKZ.jpg","Bee hoon, goreng",all,a3fe5820088cb4f81b9ebb0849ce7bb1,bf92d54ad42ec20d
../foodsg-233\satay bee hoon\ICEP1XFJ6EKTVF547BWNZ74Q.jpg,satay bee hoon,all,a3fe5820088cb4f81b9ebb0849ce7bb1,bf92d54ad42ec20d
../foodsg-233\Chocolate\CKJ7OJIMX86TB642GZTKZHYM.jpg,Chocolate,all,a43850cb07ab36fe9dc6478c7dfc4eec,bdf3444d43cd9261
../foodsg-233\Sweets\RBRUUV8MT3DOJ7H3LF1WWTTW.jpg,Sweets,all,a43850cb07ab36fe9dc6478c7dfc4eec,bdf3444d43cd9261
../foodsg-233\tom yum noodle soup\IOX9QO0M37A2U3UO2XFUYWA0.jpg,tom yum noodle soup,all,a443a9cf0202b7033ac2c21445b6b7f5,cd2d7a7ba1608563
../foodsg-233\cream soup\WBBIOV044O352A6DUE24HIY4.jpg,cream soup,all,a443a9cf0202b7033ac2c21445b6b7f5,cd2d7a7ba1608563
../foodsg-233\Mee soto\IPBQHO82H83C4SW6960BNG7W.jpg,Mee soto,all,a44a7f68389e0b8d4efaa7c1e958cde6,805d5fe0f18746e6
../foodsg-233\Soto ayam\COBIR5MA128YKQNZ947H8HWF.jpg,Soto ayam,all,a44a7f68389e0b8d4efaa7c1e958cde6,805d5fe0f18746e6
../foodsg-233\whole wheat\8Q1H74VKUS58VXGO1AOUMCOQ.jpg,whole wheat,all,a47a86f4bb950f20b2f681c30ff310a4,af9c94cad2031b2f
../foodsg-233\wholegrain pasta\LIO2X1ZBU2G1JI35CFX2O2AY.jpg,wholegrain pasta,all,a47a86f4bb950f20b2f681c30ff310a4,af9c94cad2031b2f
../foodsg-233\hotplate tofu\36FXSHREX0H12CXN6984TJAG.jpg,hotplate tofu,all,a4a5a7c7123a70e6381d9293e42534a5,ecf0870b940cd87f
../foodsg-233\sambal\AIK0HMN9NRRSKQVFJ94VIN4V.jpg,sambal,all,a4a5a7c7123a70e6381d9293e42534a5,ecf0870b940cd87f
../foodsg-233\mixed vegetables\HN8X8M5RBDPRH9ZPIMO3JU2K.jpg,mixed vegetables,all,a4f54b7e2902b9a00d8bb89e4cbefdd5,fcb1c0682b343fd2
"../foodsg-233\Chap chye, Nonya\U5I81S0KSBRW6WDPEPSK5W4F.jpg","Chap chye, Nonya",all,a4f54b7e2902b9a00d8bb89e4cbefdd5,fcb1c0682b343fd2
../foodsg-233\Seafood Noodles Soup\UCNWOHF4GWJN6I4XOQIL65T3.jpg,Seafood Noodles Soup,all,a4fca404a66db713364b7736637b1e52,f474744e4a924b5b
../foodsg-233\sliced fish soup\GC5HQ5LF7IEXFYBS3ROQSX7Q.jpg,sliced fish soup,all,a4fca404a66db713364b7736637b1e52,f474744e4a924b5b
"../foodsg-233\Bee hoon, goreng\H52EHYYFTRO65T698W658G0Z.jpg","Bee hoon, goreng",all,a56393f3676f9ec720970a49f2cb6ad3,d5933ab92dc2b40d
"../foodsg-233\Mee siam, fried\0WDG6XTP8G2CL66KTAGAWTCF.jpg","Mee siam, fried",all,a56393f3676f9ec720970a49f2cb6ad3,d5933ab92dc2b40d
../foodsg-233\bee hoon\652CFI7OHPCQWEQ9QDAO6F04.jpg,bee hoon,all,a56393f3676f9ec720970a49f2cb6ad3,d5933ab92dc2b40d
../foodsg-233\Mee rebus\RMOV3NPPTH68LQTVPYTXD6BA.jpg,Mee rebus,all,a5926fd4efbe4ed4fefa6d925a70e847,f894d4d6d2ca8a4b
../foodsg-233\Mee bandung\BBLBTAWI0PJTXHFOKIXKHYFF.jpg,Mee bandung,all,a5926fd4efbe4ed4fefa6d925a70e847,f894d4d6d2ca8a4b
../foodsg-233\Soto ayam\5DMIALZ3EK1CTE5SJ2CJJXIR.jpg,Soto ayam,all,a5bf64101af5d621d3faa4659e737391,f5a1da4c49c26dd2
../foodsg-233\Mee soto\QS8GXY97CAL2GK0GSIRE8SLS.jpg,Mee soto,all,a5bf64101af5d621d3faa4659e737391,f5a1da4c49c26dd2
../foodsg-233\cream soup\DS3T4VKF5NHGKUGSPWHOFKEN.jpg,cream soup,all,a5da834d495d9731ad9180de7a0fc911,d28252877a92a7d7
../foodsg-233\vegetable soup\QY5TNTC7J9NP7ZCK4UMXP9KV.jpg,vegetable soup,all,a5da834d495d9731ad9180de7a0fc911,d28252877a92a7d7
../foodsg-233\chicken rice\B2PNRM9WAP364E18BCHHP4ZH.jpg,chicken rice,all,a5e306ab47c3ff81ab44213cb9450d55,acd47dcc6c9a5829
../foodsg-233\tandoori chicken\72XPH91KEMBVLTKFXFP7PSY2.jpg,tandoori chicken,all,a5e306ab47c3ff81ab44213cb9450d55,acd47dcc6c9a5829
../foodsg-233\Soto ayam\N4L0IZMI8JS65WCSGNYG7Y9U.jpg,Soto ayam,all,a6133b2993af77182fd5cd7dd4f42d6a,95a87e957cc05b46
../foodsg-233\Mee soto\EJ62W24VBEB73NL2Q6DWSKDE.jpg,Mee soto,all,a6133b2993af77182fd5cd7dd4f42d6a,95a87e957cc05b46
"../foodsg-233\Bee hoon, soto\YF4CUIT1YVRC5N3UV2LCP2TF.jpg","Bee hoon, soto",all,a6133b2993af77182fd5cd7dd4f42d6a,95a87e957cc05b46
../foodsg-233\Seafood Noodles Soup\YCBAJTWSZGZ3LP8AZX7DIPOX.jpg,Seafood Noodles Soup,all,a617ecb9cd8aca16e4b3b1fa65276864,b95c97171a3b290d
../foodsg-233\chilli crab\F3CZ308B377TKTFZKL77SOET.jpg,chilli crab,all,a617ecb9cd8aca16e4b3b1fa65276864,b95c97171a3b290d
../foodsg-233\Soto ayam\1J7DHBXASV4PBW7VLQTZJQWD.jpg,Soto ayam,all,a633091dce05c182d0430e9b5fbb4b09,e7aedb024a57e0d0
../foodsg-233\Mee soto\MFKOLPS902WCYMR4DIEAROPC.jpg,Mee soto,all,a633091dce05c182d0430e9b5fbb4b09,e7aedb024a57e0d0
../foodsg-233\Mee kuah\H4VGIHEKMCIO0CR5SMUL9KC6.jpg,Mee kuah,all,a6542b62b5d49b9aae9265e482a03fc8,d5820b6fee743232
../foodsg-233\Mee bandung\Q3Q440KIKH9HY8P4UY5URX0O.jpg,Mee bandung,all,a6542b62b5d49b9aae9265e482a03fc8,d5820b6fee743232
../foodsg-233\whole grain bread\516401GP7ENLUTNYHABWBXNU.jpg,whole grain bread,all,a677716707c381c0b192cc9edd446465,96c42a7fe4e1a0f2
../foodsg-233\whole wheat\DKG2W656KOK41EWUBY8DINUE.jpg,whole wheat,all,a677716707c381c0b192cc9edd446465,96c42a7fe4e1a0f2
../foodsg-233\Mee soto\OIAFAPIOV6P3V4GEUVB9U160.jpg,Mee soto,all,a68daf1460d59424a329e2f1d4e37e7a,a507d23ed972c91c
../foodsg-233\Soto ayam\JC703KBZG9AAX33Z8Q3M9PIM.jpg,Soto ayam,all,a68daf1460d59424a329e2f1d4e37e7a,a507d23ed972c91c
../foodsg-233\kuih bahulu\NFRZNSZ260ERQEJKHYTSKE7U.jpg,kuih bahulu,all,a6d897bb5d91a22e32307e4edc8d2396,916a986d9b6e611d
../foodsg-233\CNY love letter\NQIV8IPQZE93C2ZWX2984NN2.jpg,CNY love letter,all,a6d897bb5d91a22e32307e4edc8d2396,916a986d9b6e611d
../foodsg-233\Mee siam\Y064VT3S3V8P92EGZ750X876.jpg,Mee siam,all,a700350751c221bd1e8db85dc723c07b,c3673fed21548692
"../foodsg-233\Mee siam, fried\JLSEHLQLTTS7V70LIOON0RYK.jpg","Mee siam, fried",all,a700350751c221bd1e8db85dc723c07b,c3673fed21548692
"../foodsg-233\Rice, with dakgalbi\OEYD5QZ41J4HKVYZ7J1F8WF4.jpg","Rice, with dakgalbi",all,a72914b10b8260ea17901dc1d322e235,edd032b24fdb3130
"../foodsg-233\Rice, korean bulgogi beef\ABJIZ8XOYX4ESIAKOLYXT69K.jpg","Rice, korean bulgogi beef",all,a72914b10b8260ea17901dc1d322e235,edd032b24fdb3130
../foodsg-233\Grapefruit\GQNI9JDHKU2L81KHB7ALN0AC.jpg,Grapefruit,all,a751450fe16f411b6d4ca645b2dbdfd6,eed89337984067cc
../foodsg-233\Grape\2LVZJCJJ2FHG218EOEPXSOSZ.jpg,Grape,all,a751450fe16f411b6d4ca645b2dbdfd6,eed89337984067cc
../foodsg-233\Mee goreng\Z1KWCN4IW9XCUV9CUJHJLPKL.jpg,Mee goreng,all,a77e1ee55a0ec7722bf3b569f944e779,9bb5e42bab51b029
../foodsg-233\Mee goreng\LBQW08EKW7UQAS4ZJQ2Y2O0G.jpg,Mee goreng,all,a77e1ee55a0ec7722bf3b569f944e779,9bb5e42bab51b029
../foodsg-233\kebab - chicken\XRALTXJ0QHEDUZ27Q3DXKN6O.jpg,kebab - chicken,all,a7ada42214acccfd17b5e67b1f25fccd,cc89ad5795da9489
../foodsg-233\chicken masala\J6L758PH1STLFUETZQC0VXJZ.jpg,chicken masala,all,a7ada42214acccfd17b5e67b1f25fccd,cc89ad5795da9489
../foodsg-233\Mee kuah\YTP88T1307G0VCHVBTJT7L42.jpg,Mee kuah,all,a7b24c6ea9a40b7a9f15cf980d1c1fda,bf95c00fc55e3431
../foodsg-233\Mee rebus\DP49ZRZ9KDCX4XD3JYE4XL4W.jpg,Mee rebus,all,a7b24c6ea9a40b7a9f15cf980d1c1fda,bf95c00fc55e3431
../foodsg-233\Lontong with sayur lodeh\9FS48VOSKT93JY1XMV2K4KP6.jpg,Lontong with sayur lodeh,all,a7da08811490e14cd4d5c77f3dcf5921,cdd6bdcc594a2a0a
../foodsg-233\lontong\67TTXXKU9GB7JJVLRKTT55C9.jpg,lontong,all,a7da08811490e14cd4d5c77f3dcf5921,cdd6bdcc594a2a0a
"../foodsg-233\Bee hoon, soto\3CN1GB3GL21VGXP6AH08ALIV.jpg","Bee hoon, soto",all,a7fcee47dab1b3e87f12726ce33538c1,c7e59882c5f446c7
../foodsg-233\Mee soto\7U52HW6ZVI66RO8LJBZGVBJ2.jpg,Mee soto,all,a7fcee47dab1b3e87f12726ce33538c1,c7e59882c5f446c7
../foodsg-233\drunken prawn\MAN1V2NL2IHMWDSIH0196JVR.jpg,drunken prawn,all,a82c2012ecf2c074023681d50aa97ee6,cfc0b325c77a4c31
../foodsg-233\fried prawn\D1K5T2KO8SLOZ3AT94HNP1CF.jpg,fried prawn,all,a82c2012ecf2c074023681d50aa97ee6,cfc0b325c77a4c31
"../foodsg-233\Mee siam, fried\09WJSX4LSYA6OL0GDCYV6M9P.jpg","Mee siam, fried",all,a838554a4a385f757637a723df73f5b1,adb080dbcdef01f0
"../foodsg-233\Bee hoon, goreng\4SG95VYFNWAIACIY057PD9CW.jpg","Bee hoon, goreng",all,a838554a4a385f757637a723df73f5b1,adb080dbcdef01f0
"../foodsg-233\Mee siam, fried\TS053R0XK89788HSBLMC97Z6.jpg","Mee siam, fried",all,a854faeb1cac28f5aef81fca4da9cfb3,e2abbf18f151d450
"../foodsg-233\Bee hoon, goreng\PFKBWNN1IX3T3IPBUKM3LHI8.jpg","Bee hoon, goreng",all,a854faeb1cac28f5aef81fca4da9cfb3,e2abbf18f151d450
../foodsg-233\Mee goreng\YB0X3BSTYNHK5SCOHIIBJKTC.jpg,Mee goreng,all,a854faeb1cac28f5aef81fca4da9cfb3,e2abbf18f151d450
../foodsg-233\Soto ayam\N2XW4YB2MW0IUG8Q91D74O37.jpg,Soto ayam,all,a8555f5515cbe4b8adbf2e0d2a688b80,abd69469932dcc64
../foodsg-233\Mee soto\SG7X133FFFE9YRUUBIT11KFX.jpg,Mee soto,all,a8555f5515cbe4b8adbf2e0d2a688b80,abd69469932dcc64
../foodsg-233\Duck Rice\F14JI876M9IEELO2BB1ZODTO.jpg,Duck Rice,all,a8868829316eccbff0e7194900ecba12,9e96be58f849c845
../foodsg-233\yam rice\L30SSD9WRAD6ZGA89NNSANL7.jpg,yam rice,all,a8868829316eccbff0e7194900ecba12,9e96be58f849c845
../foodsg-233\Apple\UBDLGWMENL2R1YJYDHCXO2RO.jpg,Apple,all,a8b4708f378cea4ae0702f6d67b31b9f,85999a7be96ce430
../foodsg-233\strawberry\4MCWOXU1RS8GVV53GPBJUNJL.jpg,strawberry,all,a8b4708f378cea4ae0702f6d67b31b9f,85999a7be96ce430
../foodsg-233\strawberry\0VSFOWU5TH3Z4JQX0524BOVZ.jpg,strawberry,all,a8bfcbe6a0c104cb82033fe8d247d5c0,aad7c8e3cd64116a
../foodsg-233\blueberries\UBBA7QL0RF18XQGLWM9A8YHW.jpg,blueberries,all,a8bfcbe6a0c104cb82033fe8d247d5c0,aad7c8e3cd64116a
../foodsg-233\cherries\9R0DNKL0YLRIKHQ0BGJTYCBJ.jpg,cherries,all,a903f0b2d4963785c67187dbeef4d8b5,eaca16a51fc88e87
../foodsg-233\Nuts\93SSEC68EDQSG8Y68RRKNA2W.jpg,Nuts,all,a903f0b2d4963785c67187dbeef4d8b5,eaca16a51fc88e87
"../foodsg-233\Mee siam, fried\1QV71E9QT6BEBO78J8VPOJKA.jpg","Mee siam, fried",all,a95085e7e9e45d7d6cfc1d29df05b6cc,f99983f69ac20d19
../foodsg-233\Mee siam\UATK4FQ6ML9WAI9JWGAMTMNU.jpg,Mee siam,all,a95085e7e9e45d7d6cfc1d29df05b6cc,f99983f69ac20d19
../foodsg-233\sliced fish soup\NSGAVEDA750O8WUS6IMGZNLL.jpg,sliced fish soup,all,a954ebe64280dc0b0e2dc4db54123a40,90f45a3f382369e6
../foodsg-233\Seafood Noodles Soup\H72UCGLHTHH6AU71KKPDMWHJ.jpg,Seafood Noodles Soup,all,a954ebe64280dc0b0e2dc4db54123a40,90f45a3f382369e6
"../foodsg-233\Miso ramen, with fishcake\WGKFS0L3PL1F8YMTJ62O4G9Q.jpg","Miso ramen, with fishcake",all,a96284b7c77dece8b517308bb719f513,a26d4b266f3e3431
../foodsg-233\miso soup\057CVPOGNIACMEKIGDS5Z76N.jpg,miso soup,all,a96284b7c77dece8b517308bb719f513,a26d4b266f3e3431
../foodsg-233\hokkien prawn mee\Z5VDIWDCNBRFH1KKJ79FRJSK.jpg,hokkien prawn mee,all,a96c9c7bfc00855c04ecac3f67d80a01,e8c3917cdfd54818
"../foodsg-233\Bee hoon, goreng\CADC5OR9294VT3PUF4W4I6HD.jpg","Bee hoon, goreng",all,a96c9c7bfc00855c04ecac3f67d80a01,e8c3917cdfd54818
../foodsg-233\Mee bandung\4C4XSKR69P75ZYLZD1FW1X2P.jpg,Mee bandung,all,a980802dccf53726da1985243296b5dd,f6d3484c49726aea
../foodsg-233\Mee rebus\TMU8GJDDXKK0RQ76OAELT0W5.jpg,Mee rebus,all,a980802dccf53726da1985243296b5dd,f6d3484c49726aea
"../foodsg-233\Bee hoon, goreng\QG03E4K1WEUEMWVXLL1LLRWB.jpg","Bee hoon, goreng",all,a9938197a54561de89be82cebd1ba9d2,bb93c16885e09ce7
../foodsg-233\bee hoon\OR2VY79IUQT8DHOIJEQ24AQL.jpg,bee hoon,all,a9938197a54561de89be82cebd1ba9d2,bb93c16885e09ce7
../foodsg-233\cherries\6UIW3MAQNPPM5GVPICAB59ZH.jpg,cherries,all,a99aa4355e3576f1b2bdee101ad929eb,df9861c3e6ce9049
../foodsg-233\Apple\CUPKWGCT4QVJRZRVUVV89KZ5.jpg,Apple,all,a99aa4355e3576f1b2bdee101ad929eb,df9861c3e6ce9049
"../foodsg-233\Bee hoon, soto\GS8X41WOX6LQR2VAIUZCW0GW.jpg","Bee hoon, soto",all,a9a979b1af3b94983e9342fd2bfad76f,8c282c3d20ffe5d5
../foodsg-233\Soto ayam\50U4MCM0U41LR323AN57NWMT.jpg,Soto ayam,all,a9a979b1af3b94983e9342fd2bfad76f,8c282c3d20ffe5d5
../foodsg-233\drunken prawn\VM2CKL0MIOE4FEFPFXKAWKXF.jpg,drunken prawn,all,a9bd8f8a85f565c69d785ced021d1d1c,a56902643dd7d8f8
../foodsg-233\fried prawn\YHWME9Y4WCD75RAIH2VW587S.jpg,fried prawn,all,a9bd8f8a85f565c69d785ced021d1d1c,a56902643dd7d8f8
../foodsg-233\whole grain bread\OAZNDGMK2D0JHJY9SK1XT2QL.jpg,whole grain bread,all,a9d7aa304868e26a286449dc2f859224,890f6df3386e6432
../foodsg-233\whole wheat\NG0HK8ZF7048DLOP5TM9H7US.jpg,whole wheat,all,a9d7aa304868e26a286449dc2f859224,890f6df3386e6432
../foodsg-233\Fried Noodles\N23WLE3PJJUEMODV2TSAFZIS.jpg,Fried Noodles,all,a9e1ffe8379b7311ba753c7baf179bde,d4464728afa5bc96
"../foodsg-233\Bee hoon, goreng\43H4EA8H8290L4RCKWSOYFYC.jpg","Bee hoon, goreng",all,a9e1ffe8379b7311ba753c7baf179bde,d4464728afa5bc96
../foodsg-233\bee hoon\494XEZTKEX1LR7KOF7NUR3SN.jpg,bee hoon,all,a9e1ffe8379b7311ba753c7baf179bde,d4464728afa5bc96
../foodsg-233\Mee soto\EWMWRKNGTYYKPP91FEZGN66K.jpg,Mee soto,all,aa0f7e852d8844e5abfc0d1360b56fab,d2588eec4726b6d8
"../foodsg-233\Bee hoon, soto\FEIBFG3CYRE5YV5JDG4IMQG6.jpg","Bee hoon, soto",all,aa0f7e852d8844e5abfc0d1360b56fab,d2588eec4726b6d8
../foodsg-233\Soto ayam\BZO67SSC7IQQ3I30ZAJ4IODP.jpg,Soto ayam,all,aa0f7e852d8844e5abfc0d1360b56fab,d2588eec4726b6d8
../foodsg-233\bee hoon\UYA975FG3UE8B57J2VK2D4PQ.jpg,bee hoon,all,aa35781995c4040be83f839fd06f7c3a,b181405f8778776b
"../foodsg-233\Bee hoon, soto\DNNWV0SP6SOI84V555TM54WX.jpg","Bee hoon, soto",all,aa35781995c4040be83f839fd06f7c3a,b181405f8778776b
../foodsg-233\Mee rebus\FWUUPA655MBDWXURNS8UOURP.jpg,Mee rebus,all,aa42943b6177cb64bd49881606a7b636,e8add3a6d3949c24
../foodsg-233\Mee soto\R12XG99W7M5CIPORGJL39UT0.jpg,Mee soto,all,aa42943b6177cb64bd49881606a7b636,e8add3a6d3949c24
../foodsg-233\Mee bandung\XKTQ8EXS7I1XD37WR1UDLQD0.jpg,Mee bandung,all,aa42943b6177cb64bd49881606a7b636,e8add3a6d3949c24
../foodsg-233\Soto ayam\HA4LOJRU2NU9VBMMQSVRGIKZ.jpg,Soto ayam,all,aa5afc42b08aefc602cab09511a1369a,9c462b1fcea7f018
../foodsg-233\Mee soto\XGM3YCY3SU9O4NPLBLJJ7NYW.jpg,Mee soto,all,aa5afc42b08aefc602cab09511a1369a,9c462b1fcea7f018
../foodsg-233\chin chow drink\PUTT2WGPRYV4E5ZSAOJF1134.jpg,chin chow drink,all,aaec3ecfdb0e03ba28a58368093eae51,ba15e8b4b29265cb
../foodsg-233\Bubble Milk Tea\KDUPZW34WZ5RYH6PF30K90PQ.jpg,Bubble Milk Tea,all,aaec3ecfdb0e03ba28a58368093eae51,ba15e8b4b29265cb
../foodsg-233\whole grain bread\X3X6EE9CPTY0212QU5I508I8.jpg,whole grain bread,all,aaed52b87e36121e1b19ce932a6aadcd,c79be4a42fd06a62
../foodsg-233\whole wheat\2JMLVVFKZ1J9R9RYSP4XF4KD.jpg,whole wheat,all,aaed52b87e36121e1b19ce932a6aadcd,c79be4a42fd06a62
"../foodsg-233\Bee hoon, soto\8M1WOBROWO2WRMK8GZL066ON.jpg","Bee hoon, soto",all,aaf9ad5c1229090e4bdd422f72dde9bb,f7b3c0d017451a4f
../foodsg-233\Mee soto\JSBZO9GU9SJXDWMKZ60FJUBK.jpg,Mee soto,all,aaf9ad5c1229090e4bdd422f72dde9bb,f7b3c0d017451a4f
../foodsg-233\cream soup\S31K1U15ONKOZP4HRIZKC7I5.jpg,cream soup,all,ab1e5b2bcf9655fb5405f107c3aaa088,c4c56ada253e9731
../foodsg-233\vegetable soup\0J0ZQ99JH19DCXIV545MF2AN.jpg,vegetable soup,all,ab1e5b2bcf9655fb5405f107c3aaa088,c4c56ada253e9731
../foodsg-233\Mee bandung\DGPW51EY4KJ5OAJQSF6MAJ8U.jpg,Mee bandung,all,ab9144a79441a668de29796d1b93c205,8cf60e26ddc3a45a
../foodsg-233\Mee rebus\RHMAA0WJXC5VPJ6ARXKI11CH.jpg,Mee rebus,all,ab9144a79441a668de29796d1b93c205,8cf60e26ddc3a45a
../foodsg-233\bak chor mee\1W5JL50M2M1OA3CZOCG560RB.jpg,bak chor mee,all,aba8ee0e802dab3bbca2e50bafac0fee,ee94b45ac3b84b70
../foodsg-233\mee pok\2V75AS7XP3Z16EWN4SKBUE5Q.jpg,mee pok,all,aba8ee0e802dab3bbca2e50bafac0fee,ee94b45ac3b84b70
../foodsg-233\Mee bandung\4EGYSP3F5SR50HCU1KPYVDIW.jpg,Mee bandung,all,abddd8e0761465b723355c8d6b9b8bac,fad353042a1eb39a
../foodsg-233\Mee rebus\FMTYL0N4M6A9FTNTBC3WAG1D.jpg,Mee rebus,all,abddd8e0761465b723355c8d6b9b8bac,fad353042a1eb39a
../foodsg-233\fried prawn\7C0R2STVH1LOHVJZYPHJQ661.jpg,fried prawn,all,ac514648c4a420ffbcf08e2ea9fe3092,c4e9577a45464e39
../foodsg-233\drunken prawn\XV3QMUFY6L0PSAXX0LOKMRCG.jpg,drunken prawn,all,ac514648c4a420ffbcf08e2ea9fe3092,c4e9577a45464e39
../foodsg-233\Claypot Rice\ESW45FUP61UF7SEW8UUHZSBK.jpg,Claypot Rice,all,ac7c0d6ed0a3d8cfcfbd86c61558fa39,bed9a1e6d2484a27
../foodsg-233\yam rice\RI5T7HY9BRCHZG2LOMG64X1K.jpg,yam rice,all,ac7c0d6ed0a3d8cfcfbd86c61558fa39,bed9a1e6d2484a27
"../foodsg-233\Bee hoon, goreng\0GR4U29LMGLHD06QQT43YR91.jpg","Bee hoon, goreng",all,ac8d1d32d303a8df0d19f98c24b67935,eade870ad701da25
"../foodsg-233\Bee hoon, soto\O78S5WHEM9ZF56SLU5GF40JI.jpg","Bee hoon, soto",all,ac8d1d32d303a8df0d19f98c24b67935,eade870ad701da25
../foodsg-233\lontong\HQBPBQ8FA1WVXDEY3H1H2JE0.jpg,lontong,all,acb3fb10ea219839a578ac2d70c08b63,fbb2c5d2a24d481d
../foodsg-233\Lontong with sayur lodeh\HJI4IZJQND9YDXKD4G7HJM5C.jpg,Lontong with sayur lodeh,all,acb3fb10ea219839a578ac2d70c08b63,fbb2c5d2a24d481d
../foodsg-233\bak chor mee\VEIXRWRA9XURDQJ83XDCD95J.jpg,bak chor mee,all,acc6c196ae276edd76194636aed6b55a,86e47191d3d61b9c
../foodsg-233\Fish Ball Noodles\CEI2CS76AN8AR265BD93ZF2K.jpg,Fish Ball Noodles,all,acc6c196ae276edd76194636aed6b55a,86e47191d3d61b9c
../foodsg-233\char siew pau\QYY4GCE35LY8GR99KB43YC17.jpg,char siew pau,all,acd1090aa2d663de07ba930ef77c39cd,885a27bc4726f2d6
../foodsg-233\steamed buns\4CSGF36WQIV6TPYU8D3GDHDF.jpg,steamed buns,all,acd1090aa2d663de07ba930ef77c39cd,885a27bc4726f2d6
../foodsg-233\chicken soup\G3CVB42JVUREYE67HE7KTU10.jpg,chicken soup,all,acd2aa04be58baa86817fbe3bb85726f,fe1cc0988f9d9439
../foodsg-233\vegetable soup\OYX6W5FU2W05UC6UYFNUWM1F.jpg,vegetable soup,all,acd2aa04be58baa86817fbe3bb85726f,fe1cc0988f9d9439
../foodsg-233\Seafood Noodles Soup\LKM8MBRPLQW23CZPF47PJXHW.jpg,Seafood Noodles Soup,all,ace3c017a4856878b9969e6860a7647c,9fbd38587895b580
../foodsg-233\bee hoon\3SLF0G6MS2XPLL9U5AIGMYKB.jpg,bee hoon,all,ace3c017a4856878b9969e6860a7647c,9fbd38587895b580
../foodsg-233\lontong\FO3FNRH2HGT94TVZYXF5WHA4.jpg,lontong,all,acf28d01b9b68df60a56190bc26e7df2,eaca702a31b197da
../foodsg-233\Lontong with sayur lodeh\VOOJYAA242S496SQPQCYMBUY.jpg,Lontong with sayur lodeh,all,acf28d01b9b68df60a56190bc26e7df2,eaca702a31b197da
../foodsg-233\strawberry\INYTES9KTMEYVPNJ8POX9NJC.jpg,strawberry,all,acf5cdd4197023308c970e7f9a18eaec,b1b3c6cc5b964cb0
../foodsg-233\Apple\8P58W7K4WKOOECN4ZGXYF48V.jpg,Apple,all,acf5cdd4197023308c970e7f9a18eaec,b1b3c6cc5b964cb0
../foodsg-233\honeydew\9I2QXB38M2LML2UHI0MFE59R.jpg,honeydew,all,acf5cdd4197023308c970e7f9a18eaec,b1b3c6cc5b964cb0
../foodsg-233\yong tau foo\4QUVLON3PLXB6BL6ZMWO6IUG.jpg,yong tau foo,all,acf7a2253a7dd2257ec4919d0984cd37,a637bdc2d051e20f
../foodsg-233\sliced fish soup\F18YQSX0KFWO1LM684YWFLZ8.jpg,sliced fish soup,all,acf7a2253a7dd2257ec4919d0984cd37,a637bdc2d051e20f
../foodsg-233\Mee soto\C8UZ52ZNSS52CSL71XAGBL7K.jpg,Mee soto,all,ad3cc0a64a44f64f86874e5c6060c370,e9bd90e292994bf0
../foodsg-233\Soto ayam\284VVOWVMG0DHSWCQY9VY5VS.jpg,Soto ayam,all,ad3cc0a64a44f64f86874e5c6060c370,e9bd90e292994bf0
../foodsg-233\Mee kuah\7Z3DVAHSE98RERR406BCFQQA.jpg,Mee kuah,all,ad5536ecedeef4c23018d418e97b5f4d,ba90918f973b196c
../foodsg-233\Mee rebus\8E90QAMP6SJSPBG3V5COFJBZ.jpg,Mee rebus,all,ad5536ecedeef4c23018d418e97b5f4d,ba90918f973b196c
"../foodsg-233\Bee hoon, goreng\CC2EN8YISTGSSDSMGJR8QCTC.jpg","Bee hoon, goreng",all,ad58a1d8ac52e0ec075c4a7482e79e46,83e65da37885529e
"../foodsg-233\Bee hoon, soto\2KDS95TPRPCXFJM6SOISBM8F.jpg","Bee hoon, soto",all,ad58a1d8ac52e0ec075c4a7482e79e46,83e65da37885529e
../foodsg-233\Seafood Noodles Soup\Z7QUFMNR5LEHVNLGSG0AL0S9.jpg,Seafood Noodles Soup,all,ad601c8349764542e34967e3826b0beb,c3346de2a5837687
../foodsg-233\sliced fish soup\D3QLTUDLS0FUFM0NNB7L7VFH.jpg,sliced fish soup,all,ad601c8349764542e34967e3826b0beb,c3346de2a5837687
../foodsg-233\cream soup\AI42CMNI5SU45DR419Q40DBR.jpg,cream soup,all,ad942510e8e7e20397aa9ce21fe415c9,8168862e5f3b4cbd
../foodsg-233\mushroom soup\H8XXUAM71LJDTVCB4QG4TTIZ.jpg,mushroom soup,all,ad942510e8e7e20397aa9ce21fe415c9,8168862e5f3b4cbd
../foodsg-233\whole wheat\P9IF95L4B038CHXEHG5CO6F7.jpg,whole wheat,all,adae6be35cdad58ca51ff38f0e793dcc,95c374518f2fd078
../foodsg-233\whole grain bread\TQI4CQDMUZ747Q896P4P7GPK.jpg,whole grain bread,all,adae6be35cdad58ca51ff38f0e793dcc,95c374518f2fd078
../foodsg-233\Hor Fun\H8W6WGS6UMJ9SP0CCO8XZH1S.jpg,Hor Fun,all,adf20b5fe600e3dbbfb4b61e814a1b25,83968e51bcbd9c91
../foodsg-233\tom yum noodle soup\0Z84DINVP5UBKHSC3FRRBZTQ.jpg,tom yum noodle soup,all,adf20b5fe600e3dbbfb4b61e814a1b25,83968e51bcbd9c91
../foodsg-233\Mee soto\R2SV30NL4V4JY33TFKWXW907.jpg,Mee soto,all,ae206243c7ec54cb0076c9249cf4fc6e,d5c34ab907cb057a
../foodsg-233\Soto ayam\2C2U5ELWKS01KSBFF4VJNUX3.jpg,Soto ayam,all,ae206243c7ec54cb0076c9249cf4fc6e,d5c34ab907cb057a
../foodsg-233\chai tow kuay\WKQP597ETBJCUN6MJN7ZHKMJ.jpg,chai tow kuay,all,ae3d6529a81290165baa612736f1f200,bba8c50ed6b91a70
../foodsg-233\Kway Teow\KDYG50U0ABJ1312K91PD0OG7.jpg,Kway Teow,all,ae3d6529a81290165baa612736f1f200,bba8c50ed6b91a70
../foodsg-233\pasta - red sauce\G7C70OC7GEN89XGULM3DQFP5.jpg,pasta - red sauce,all,ae5a03032f42c0fcee87c9d1dd65d3b3,fa36953a12ab0cad
../foodsg-233\pasta - red sauce\LI5J3MBZX1C69GRAHSU0QFL9.jpg,pasta - red sauce,all,ae5a03032f42c0fcee87c9d1dd65d3b3,fa36953a12ab0cad
../foodsg-233\chicken masala\RKXSBXM8J190PKHHY1LODE86.jpg,chicken masala,all,ae5ffbc3eee0935980df79e6741af238,9c82a0f5fef80d43
../foodsg-233\tandoori chicken\BWIL7AIFBGEJ004YLVBKA9FR.jpg,tandoori chicken,all,ae5ffbc3eee0935980df79e6741af238,9c82a0f5fef80d43
../foodsg-233\chicken soup\YM34LW6VJCD2S574BLZLMBOF.jpg,chicken soup,all,ae63ef883eaa10f74ca0b13ab8d6cd4b,ef33803e07741e63
../foodsg-233\mushroom soup\R8CFXYG5AWRGVZIRG2030HDD.jpg,mushroom soup,all,ae63ef883eaa10f74ca0b13ab8d6cd4b,ef33803e07741e63
../foodsg-233\Mee siam\W1OVWL7POGFSBE1SCPRMW2MJ.jpg,Mee siam,all,ae72eaee3c0d575edb9d5f1479316ce1,bc1f88faafc290c2
"../foodsg-233\Mee siam, fried\T3FTMAM4Z94LPC6X561B11KZ.jpg","Mee siam, fried",all,ae72eaee3c0d575edb9d5f1479316ce1,bc1f88faafc290c2
../foodsg-233\xiao long bao\88CAZ5YVQPUVL8V1KFFQ22IM.jpg,xiao long bao,all,ae80dd46f60f157b261ca35935f23355,d1d3be17a040877e
../foodsg-233\dumpling\VIE7D63D1KT5UMXANHX2QAP4.jpg,dumpling,all,ae80dd46f60f157b261ca35935f23355,d1d3be17a040877e
../foodsg-233\bee hoon\S5O9KLYUIBSFJ9HKDO4Y7SU0.jpg,bee hoon,all,aeb51504f697be03e61b659b2109c496,b5d7d11e023e1b70
"../foodsg-233\Bee hoon, goreng\MEOKQQFCE25638TRRZX3UWU3.jpg","Bee hoon, goreng",all,aeb51504f697be03e61b659b2109c496,b5d7d11e023e1b70
../foodsg-233\Duck Rice\PW3GN46H6TDD3I29MRXMF1YM.jpg,Duck Rice,all,aec332358c66fec087151b6318817777,ec14c049b56fcc3d
../foodsg-233\char siew\EQ5RSDB73EBB99PY58P1YCOI.jpg,char siew,all,aec332358c66fec087151b6318817777,ec14c049b56fcc3d
../foodsg-233\bee hoon\36R82SUX9PJH6YJPX45P9N9L.jpg,bee hoon,all,aeccc528149f7e78bd57c98cf7cffdaf,d4ff4b202af16925
../foodsg-233\Seafood Noodles Soup\ONIGPGGFAETI0JQ83EAL63S1.jpg,Seafood Noodles Soup,all,aeccc528149f7e78bd57c98cf7cffdaf,d4ff4b202af16925
../foodsg-233\durian\9JZG7S4VX3KWVPFQP88GB7EU.jpg,durian,all,aed86c021ee817b0b336440fc15d648c,c6656b8af584946b
../foodsg-233\jackfruit\YSW6F3WDSTZT351I3C2HTRUX.jpg,jackfruit,all,aed86c021ee817b0b336440fc15d648c,c6656b8af584946b
"../foodsg-233\Bee hoon, goreng\9WLG4R3FCS7WTPK9YT0L3FL9.jpg","Bee hoon, goreng",all,aee2f6c216d7ccd2ba52b80fc45f7f81,c5337c8fa0cb833c
"../foodsg-233\Mee siam, fried\8U9A0B3G2OUPJ8DU4ABD6DWR.jpg","Mee siam, fried",all,aee2f6c216d7ccd2ba52b80fc45f7f81,c5337c8fa0cb833c
../foodsg-233\Kopi Teh Milo\M398Y8D279ULACUNWTAAR8T9.jpg,Kopi Teh Milo,all,aefcc1d416ae72a1cc67a5d7a7876b2e,ed92128ba96972e5
../foodsg-233\Bubble Milk Tea\B7YDQTT2UOBTLVXME9ULH0JK.jpg,Bubble Milk Tea,all,aefcc1d416ae72a1cc67a5d7a7876b2e,ed92128ba96972e5
../foodsg-233\xiao long bao\0QD1JOAT3Z5VGERG1B6W8JVZ.jpg,xiao long bao,all,af35a9327986b03a3ad66fc39e681197,a04fb590dc33734b
../foodsg-233\char siew pau\CXWOLF5XHKY839MR3X62UY0E.jpg,char siew pau,all,af35a9327986b03a3ad66fc39e681197,a04fb590dc33734b
../foodsg-233\whole wheat\2TO6CGBS9S7Y1UBHVBF7179L.jpg,whole wheat,all,af4e6da94383564c4e256904a1181cb9,899933a1b5cb4ab6
../foodsg-233\whole grain bread\QJ3K5YWDP9SOQLNKI46EEWO6.jpg,whole grain bread,all,af4e6da94383564c4e256904a1181cb9,899933a1b5cb4ab6
../foodsg-233\satay bee hoon\BALRYQXDPFTOMNH7K5IFGKJZ.jpg,satay bee hoon,all,af50fefa70303cfed7010c5440e178ea,dfc4f51697154605
"../foodsg-233\Bee hoon, soto\LDISZ32EOGEDK8D5NR1GIDQQ.jpg","Bee hoon, soto",all,af50fefa70303cfed7010c5440e178ea,dfc4f51697154605
../foodsg-233\sliced fish soup\3CXRLGQUA7OV4WSUZ88HL95R.jpg,sliced fish soup,all,aff9c65315397291d71647d58864fce3,db93e45c884999d3
../foodsg-233\Seafood Noodles Soup\OTGD55D3JDO7SHQY8D8B4BH5.jpg,Seafood Noodles Soup,all,aff9c65315397291d71647d58864fce3,db93e45c884999d3
../foodsg-233\bee hoon\ENL3B4FYYYO37HJFAQK4G0WA.jpg,bee hoon,all,aff9c65315397291d71647d58864fce3,db93e45c884999d3
../foodsg-233\tom yum noodle soup\QKG1XHVBU64MUKH7J72PMBVU.jpg,tom yum noodle soup,all,b014b341d4042ba851a7ab02f278e7f9,ebdb60e894a781c6
../foodsg-233\Dumpling noodle soup\FCE57ZJLQJXR9OZMDMH5X9JA.jpg,Dumpling noodle soup,all,b014b341d4042ba851a7ab02f278e7f9,ebdb60e894a781c6
../foodsg-233\Lontong with sayur lodeh\B55IP33XIAOZ6HS7US1Y7ZDU.jpg,Lontong with sayur lodeh,all,b066983853490eeb83fc23928a3814c6,bbcc5cb1798c29b0
../foodsg-233\lontong\FYLZ7XP69O8UT4GGODW6ZTA9.jpg,lontong,all,b066983853490eeb83fc23928a3814c6,bbcc5cb1798c29b0
"../foodsg-233\Bee hoon, goreng\BRNOQ9ZF9QW72D2CVP042UGS.jpg","Bee hoon, goreng",all,b07824daa8ce1e61b2691f47270c601e,efc990c7a192ae15
"../foodsg-233\Mee siam, fried\L36LGALL25PQ6GN4OQMGZ434.jpg","Mee siam, fried",all,b07824daa8ce1e61b2691f47270c601e,efc990c7a192ae15
"../foodsg-233\Bee hoon, goreng\JSPU51XR74M7230F0SJ3OAXW.jpg","Bee hoon, goreng",all,b08bceed900bb826b7ac90cf7487641c,9bf3220a6ac7c6c5
../foodsg-233\Mee siam\APLB8XYXTTFHKJMYEZLAG2EK.jpg,Mee siam,all,b08bceed900bb826b7ac90cf7487641c,9bf3220a6ac7c6c5
../foodsg-233\Mee soto\D7R19AORLLF99L9NH5Z37HE7.jpg,Mee soto,all,b08f06cbfc4a1ab0fde066cd5fc2ea59,af86af3dcc0c908d
"../foodsg-233\Bee hoon, soto\FQWCC26DEKTS6VPUXX3O7ZJM.jpg","Bee hoon, soto",all,b08f06cbfc4a1ab0fde066cd5fc2ea59,af86af3dcc0c908d
../foodsg-233\rock melon\AWCIBX422NRGU8Y2F0ZH4G3M.jpg,rock melon,all,b09cc5d5c90233ba148431917f9744e3,92ea5eb555229c53
../foodsg-233\honeydew\O63TZLVTHZ1N0HH69AMPUN4J.jpg,honeydew,all,b09cc5d5c90233ba148431917f9744e3,92ea5eb555229c53
../foodsg-233\Mee siam\563DLKX8RDYYKRFD2A03295W.jpg,Mee siam,all,b0d94ab1ff0fca6fd5297993ad597539,e8e3ef44929c3730
"../foodsg-233\Mee siam, fried\L9CQZ6NQHSR5L365KVLQIGQU.jpg","Mee siam, fried",all,b0d94ab1ff0fca6fd5297993ad597539,e8e3ef44929c3730
../foodsg-233\Lontong with sayur lodeh\F21ITND8SCJ85XO85U8WK6C7.jpg,Lontong with sayur lodeh,all,b1056e8b27ffefa0a067b97823035217,ea9d9f162a0b0f25
../foodsg-233\lontong\0HTBTOSNL9NNL7A6MJW2A3TM.jpg,lontong,all,b1056e8b27ffefa0a067b97823035217,ea9d9f162a0b0f25
../foodsg-233\whole wheat\NOZAZV5P2U2N0A8IIYLN43AL.jpg,whole wheat,all,b10fe5c8f61053c32ce0680ab351d628,e8c697b91f3889e0
../foodsg-233\whole grain bread\BINVE1D31WZ4KXST04I8OIHZ.jpg,whole grain bread,all,b10fe5c8f61053c32ce0680ab351d628,e8c697b91f3889e0
../foodsg-233\bee hoon\XSMV1JUVBW4PU8DX4LX387CD.jpg,bee hoon,all,b1254bf7758192dfcea9f548471fd4ec,f687876598c35964
"../foodsg-233\Mee siam, fried\FYY9NIAJ51LWVZA6UGHPOFNK.jpg","Mee siam, fried",all,b1254bf7758192dfcea9f548471fd4ec,f687876598c35964
"../foodsg-233\Mee siam, fried\XBTY52JA3VQ2QD7P89FKOPZ4.jpg","Mee siam, fried",all,b1311bbdebaae3d7b0309f5ba52154b4,bbb1d580f147c097
../foodsg-233\Mee siam\DKJT0R27KJPJP82DKZI7JSR3.jpg,Mee siam,all,b1311bbdebaae3d7b0309f5ba52154b4,bbb1d580f147c097
../foodsg-233\chicken masala\MJNIAGU17CXGX4UB2EBU4PT1.jpg,chicken masala,all,b153a0f8a51a8b6104ef04b47dd46fc1,d4954b562dba3453
../foodsg-233\Indian Prata\S63N07EAUMT8D5BUSFREX4TP.jpg,Indian Prata,all,b153a0f8a51a8b6104ef04b47dd46fc1,d4954b562dba3453
../foodsg-233\Chocolate\E35U1J2XWSMHUJTBPK9QIIUA.jpg,Chocolate,all,b16a6fef37a21e5b60f15a10863bdf23,b49a9863c649c7e6
../foodsg-233\Sweets\1ML0SU48H9VJVECY6M0KPOH4.jpg,Sweets,all,b16a6fef37a21e5b60f15a10863bdf23,b49a9863c649c7e6
"../foodsg-233\Bee hoon, soto\IZTWAM38KW6KS6GN613HK9NA.jpg","Bee hoon, soto",all,b1856930de8cf329edd1e8dc1b1dc429,ee9e91cb43a53252
../foodsg-233\Seafood Noodles Soup\5ZC7F06W1TOP1JSRH918UUWX.jpg,Seafood Noodles Soup,all,b1856930de8cf329edd1e8dc1b1dc429,ee9e91cb43a53252
../foodsg-233\fried chicken\ERDMPSUYU1BFU5FM4WUL1TL2.jpg,fried chicken,all,b1b560790f8fa18933ca57f7c5518e91,c7d190783ea99f90
../foodsg-233\har cheong gai\8GGOQJNDTUO21DDL01J3BO5A.jpg,har cheong gai,all,b1b560790f8fa18933ca57f7c5518e91,c7d190783ea99f90
../foodsg-233\Mee bandung\4MQZHFDW1FRV7A0VCIOEW7Z8.jpg,Mee bandung,all,b1d03c105f2fdb16ed377deadda1340d,aeb3e86f31cc3310
../foodsg-233\Mee rebus\TEGHBZIUE5HUW2IKF3WN3REF.jpg,Mee rebus,all,b1d03c105f2fdb16ed377deadda1340d,aeb3e86f31cc3310
../foodsg-233\bee hoon\9BLSWAUAJ6ZEZR8A858SBE1R.jpg,bee hoon,all,b1f3724846a54cbb1f568f124e06ba9d,fadbf828e198a268
"../foodsg-233\Bee hoon, goreng\563QHY9311XMOJOJOVJGJJBQ.jpg","Bee hoon, goreng",all,b1f3724846a54cbb1f568f124e06ba9d,fadbf828e198a268
../foodsg-233\Mee kuah\WFGTG3BPUXR1QOFRNVIO0W71.jpg,Mee kuah,all,b1fe715b91776c5c7325086c3d68fba1,e081cafb8ee3ac54
../foodsg-233\Mee bandung\SD7WXEBLGEON07EEJVK3QBRE.jpg,Mee bandung,all,b1fe715b91776c5c7325086c3d68fba1,e081cafb8ee3ac54
../foodsg-233\Mee bandung\MPFVKDF19TYF0PGG4D61B3UB.jpg,Mee bandung,all,b1ffa62e4351d31f852ba953209cf00b,a3b99f14c0b2e1f8
../foodsg-233\Mee rebus\CE2V6BP9QQCSTPAY464D8ZLC.jpg,Mee rebus,all,b1ffa62e4351d31f852ba953209cf00b,a3b99f14c0b2e1f8
../foodsg-233\bak chor mee\NJ8GUAU0N0V7JGWDB7UX857C.jpg,bak chor mee,all,b20ad533fb2b11700c19339700079a4d,f5ca955b927b4064
../foodsg-233\mee pok\JGCLE977P2U1MOFQCVSIFZMZ.jpg,mee pok,all,b20ad533fb2b11700c19339700079a4d,f5ca955b927b4064
"../foodsg-233\Mee siam, fried\EVA6UN7XCU9FC0ZVXADVT6PT.jpg","Mee siam, fried",all,b221e7c889e19d871440f1fb06a507f1,87c19c8f729d638c
../foodsg-233\Mee siam\D6UU984WD4VV10UIKLEK21W8.jpg,Mee siam,all,b221e7c889e19d871440f1fb06a507f1,87c19c8f729d638c
../foodsg-233\Mee rebus\187VZWXX4K65R03RL318TA0D.jpg,Mee rebus,all,b2387637fa1e78b65023c989fc81e916,ade99296cb1b0cc9
../foodsg-233\Mee soto\OS90HIDJ426T9XEJZNB9ZN9I.jpg,Mee soto,all,b2387637fa1e78b65023c989fc81e916,ade99296cb1b0cc9
../foodsg-233\whole grain bread\BW0L68TPS91G83ZV6KB18825.jpg,whole grain bread,all,b244bb8452ac03cdc2eb5a6091d12559,ee4ab13b812b8676
../foodsg-233\whole wheat\0BIVMRZPPI18OHH9EDZ2U99P.jpg,whole wheat,all,b244bb8452ac03cdc2eb5a6091d12559,ee4ab13b812b8676
../foodsg-233\Mee soto\Z8XH8DJ1ACKQ5F9DD4QZBUSA.jpg,Mee soto,all,b26064de47d9498040cbb4865d783a2b,df96484e2a0f3b64
../foodsg-233\Soto ayam\YXQUFUD0UPEYRL014UP26ZVP.jpg,Soto ayam,all,b26064de47d9498040cbb4865d783a2b,df96484e2a0f3b64
../foodsg-233\sliced fish soup\6OXFTYUNXLZW4OWPGXTV97Q3.jpg,sliced fish soup,all,b269f8fced303e80804799cdcbf43dfb,a5560d0d5b5af9a2
../foodsg-233\Seafood Noodles Soup\02J9STSBRW0PDYLNI4WUJD5O.jpg,Seafood Noodles Soup,all,b269f8fced303e80804799cdcbf43dfb,a5560d0d5b5af9a2
../foodsg-233\pasta - fettuccine\G4DELJLVKR0VSJMRYDDK3Q7K.jpg,pasta - fettuccine,all,b2748da7e37299b8863d301c079da88b,e8307bb8f8b0f191
../foodsg-233\pasta - red sauce\2PFU1H606MUU14LP648JJ6TT.jpg,pasta - red sauce,all,b2748da7e37299b8863d301c079da88b,e8307bb8f8b0f191
../foodsg-233\blueberries\TR54V56TVQFTY949UF6X6FVQ.jpg,blueberries,all,b28f0cead0ca1c08479a25473aef7885,a8607cce60dd739c
../foodsg-233\raspberry\BS29I42Z5UOON9VLP57FDVDP.jpg,raspberry,all,b28f0cead0ca1c08479a25473aef7885,a8607cce60dd739c
../foodsg-233\Soto ayam\Y7JBLNO5A0D41M5D8EFDOM45.jpg,Soto ayam,all,b2cb6c458d1074ba0055451906a81474,ac79776b988cf180
../foodsg-233\Mee soto\7UNC6HMM58U20YEA0F0WMD0M.jpg,Mee soto,all,b2cb6c458d1074ba0055451906a81474,ac79776b988cf180
../foodsg-233\Kway Teow\WORH1FGL70YZWUHVUBGNYF1C.jpg,Kway Teow,all,b2ed09327c36f3a08443cc381e6bd7d0,ab9490dfc6e00df2
../foodsg-233\chai tow kuay\PEMP0RD7ZTP4FU9B55865736.jpg,chai tow kuay,all,b2ed09327c36f3a08443cc381e6bd7d0,ab9490dfc6e00df2
"../foodsg-233\Bee hoon, goreng\UE2XAFQCBS9ZQPY6EDKZPCDF.jpg","Bee hoon, goreng",all,b3011060f6bcff4d5ab7bcb9b595925c,cbcf147815c33a87
../foodsg-233\Mee goreng\M5L9BDHM2TL1R6E6NK4D3ECC.jpg,Mee goreng,all,b3011060f6bcff4d5ab7bcb9b595925c,cbcf147815c33a87
../foodsg-233\fried prawn\7228W2EC81KI6S4CDH66RDYM.jpg,fried prawn,all,b33b094cea8b2d5de7ce78a599fec2bc,fe813826e31cc6f1
../foodsg-233\drunken prawn\MJX81Q0HQCT8CTUAIU4DA5U7.jpg,drunken prawn,all,b33b094cea8b2d5de7ce78a599fec2bc,fe813826e31cc6f1
"../foodsg-233\Rice, with dakgalbi\8VPFUK9T3PDBWTYZ2RV4AMHO.jpg","Rice, with dakgalbi",all,b3573b934bcc6eca1ab8dbd0287aa472,eebe943111173a2e
../foodsg-233\mixed vegetables\J6CSKMJEKL2VH7H24FV3KLKG.jpg,mixed vegetables,all,b3573b934bcc6eca1ab8dbd0287aa472,eebe943111173a2e
../foodsg-233\Mee bandung\YJA54A4CUVXH9XIDCDDA0XGO.jpg,Mee bandung,all,b3c5e0897b8a94eb7ee4166c9e8a80b5,cdc9d4e00b347a67
../foodsg-233\Mee rebus\1Q2GVN1J6C2K4824J3SDZ9YG.jpg,Mee rebus,all,b3c5e0897b8a94eb7ee4166c9e8a80b5,cdc9d4e00b347a67
../foodsg-233\bee hoon\X2H36QYACQJVED00V7K7N1GV.jpg,bee hoon,all,b3ce577d2566c62905c3edd0cd5254e3,8d140b707f677c46
"../foodsg-233\Bee hoon, soto\3RV10HJGW70X0LSGWOM9TR5I.jpg","Bee hoon, soto",all,b3ce577d2566c62905c3edd0cd5254e3,8d140b707f677c46
../foodsg-233\sliced fish soup\K22NVLL0J9RUZH4EU47YUZDX.jpg,sliced fish soup,all,b3ce577d2566c62905c3edd0cd5254e3,8d140b707f677c46
../foodsg-233\Chocolate\R1EAXUE3NVZ0UVS15JXRNLLH.jpg,Chocolate,all,b3cf7dd8f572ab3fb655b9447486d0d7,b2996c33cc6699cc
../foodsg-233\Sweets\9UTIZHDHZFFHH1I5LV6B4G4J.jpg,Sweets,all,b3cf7dd8f572ab3fb655b9447486d0d7,b2996c33cc6699cc
../foodsg-233\Mee soto\Z4TQ48ABS0XAF2NJFIBQLUII.jpg,Mee soto,all,b3eed668d029f78f3595054bde3dc051,b8dd857c07e11e25
../foodsg-233\Soto ayam\UQ14XAY0QB85KAKRTUTX8LCU.jpg,Soto ayam,all,b3eed668d029f78f3595054bde3dc051,b8dd857c07e11e25
"../foodsg-233\Bee hoon, soto\9KPX4X8TGUIZDS0QR6DY81MT.jpg","Bee hoon, soto",all,b3f97d0f3105d3d302a06138531c3789,eaf181cc0741de5b
../foodsg-233\Mee soto\5MTWYH8WHY4K9MEFY6ZK9MZS.jpg,Mee soto,all,b3f97d0f3105d3d302a06138531c3789,eaf181cc0741de5b
../foodsg-233\tortilla - plain\DEQBI92BTR24OGHWOSFEGTET.jpg,tortilla - plain,all,b3fd7620d0fd8a3dbf6207c6371aab0c,a787959ccb7009da
../foodsg-233\Wholegrain Wrap\9CMZVHYBFB41U9MEWXESMPRG.jpg,Wholegrain Wrap,all,b3fd7620d0fd8a3dbf6207c6371aab0c,a787959ccb7009da
../foodsg-233\Seafood Noodles Soup\4FWHIQ9S3HVTP7AG2ECRSI1A.jpg,Seafood Noodles Soup,all,b41763f2a030c114a28f7f894daac103,94ed0fa02f856c97
../foodsg-233\bee hoon\KX8PP6KNCYAZH4BNQBFT7C0I.jpg,bee hoon,all,b41763f2a030c114a28f7f894daac103,94ed0fa02f856c97
../foodsg-233\Mee bandung\IBQJMEMBZ15UJNLWZ05AZSCH.jpg,Mee bandung,all,b43e547da8b7bc16118c988d85aa5d97,81962f799832716f
../foodsg-233\Mee rebus\8J4WEZ4GAG2ZZGVODFZN3S6Q.jpg,Mee rebus,all,b43e547da8b7bc16118c988d85aa5d97,81962f799832716f
../foodsg-233\whole wheat\IATQA4HQIDEEGFFJS6UCWTP7.jpg,whole wheat,all,b455eb45ba6678969c4734611caed665,fec0552f2a7a7061
../foodsg-233\whole grain bread\9RJE3PPK66LGDLU7YNV8F8T7.jpg,whole grain bread,all,b455eb45ba6678969c4734611caed665,fec0552f2a7a7061
../foodsg-233\Chinese fritters\NNDL1CL1O7DZ3KVVIZ4T9JBG.jpg,Chinese fritters,all,b48b437fb74d9341d162eafba23fc319,efc894251e111b5f
../foodsg-233\fried prawn\YMQQVRAF82E1UMNHRBZ72OJ6.jpg,fried prawn,all,b48b437fb74d9341d162eafba23fc319,efc894251e111b5f
../foodsg-233\Mee soto\97QP8O8H3ODRXSPIXUTOR01B.jpg,Mee soto,all,b4b835638014553f223b776816ad7325,afc0f50bd23583cc
"../foodsg-233\Bee hoon, soto\IBO2OFDK0B968SXCG8G8CW6D.jpg","Bee hoon, soto",all,b4b835638014553f223b776816ad7325,afc0f50bd23583cc
../foodsg-233\Seafood Noodles Soup\Y50FE2QURFMWFQO8N8JBY4CC.jpg,Seafood Noodles Soup,all,b4d4794fa2d2238968b2a496167c48ae,b6d889e7c7183c34
../foodsg-233\sliced fish soup\0N1RFAPW6I3X7C8Z62BND0BH.jpg,sliced fish soup,all,b4d4794fa2d2238968b2a496167c48ae,b6d889e7c7183c34
../foodsg-233\cake\X76V65BF3ST0IDD2DZT4H21G.jpg,cake,all,b51d00f0a9d660f80085563e328f83df,abd535840597475b
../foodsg-233\cake\EV3KFCX9H41EJYG9V1VM83V6.jpg,cake,all,b51d00f0a9d660f80085563e328f83df,abd535840597475b
../foodsg-233\Mee rebus\PN5SDIGEQISOWZAHOF10MRPC.jpg,Mee rebus,all,b529bce83bda9cda4a0566e35b9fda56,a3cbd4f450f25ad0
../foodsg-233\Mee bandung\ZC72B0DLI0VW21I5RDK20P33.jpg,Mee bandung,all,b529bce83bda9cda4a0566e35b9fda56,a3cbd4f450f25ad0
../foodsg-233\Mee siam\W5J81JVB3R0VMOTIZ9P2EALY.jpg,Mee siam,all,b542a013f06a402cd87ceabbcbf46523,c3fd3ca2f6118386
"../foodsg-233\Mee siam, fried\K3VPQPW3IR3WLS0LJTF2RS62.jpg","Mee siam, fried",all,b542a013f06a402cd87ceabbcbf46523,c3fd3ca2f6118386
../foodsg-233\Apple\8PR4D6S79O8MZVK4UD9RXKCV.jpg,Apple,all,b59e4fa4668388a43457f9de5b58c758,fec11c07d1fe5908
../foodsg-233\Chocolate\3UC8ZU3HZ724PEF6GSLSH5G1.jpg,Chocolate,all,b59e4fa4668388a43457f9de5b58c758,fec11c07d1fe5908
../foodsg-233\Chocolate\A2FUFFTUQT94YKWC54KUR5S0.jpg,Chocolate,all,b5a9d62b390eaecbd64bdb99d29e5d9c,ea63950ea699c936
../foodsg-233\Sweets\LX9YW87JBHU6AFTVQSVQOJKW.jpg,Sweets,all,b5a9d62b390eaecbd64bdb99d29e5d9c,ea63950ea699c936
../foodsg-233\cream soup\8INBTMLLW19211UDKT02IYPJ.jpg,cream soup,all,b5b028d10b0f9ba7bbc273b234e42c98,d5f741b52b802ed4
../foodsg-233\mushroom soup\D8QF5S80DSU0S8T57CTESADX.jpg,mushroom soup,all,b5b028d10b0f9ba7bbc273b234e42c98,d5f741b52b802ed4
../foodsg-233\tandoori chicken\7VPE1TXGMY4EHBEXI31XYTNS.jpg,tandoori chicken,all,b5df068443c933b368108246eb767691,b40b413b4e6d5975
../foodsg-233\chicken masala\97SCH24HCV7BK0V96EN7X69L.jpg,chicken masala,all,b5df068443c933b368108246eb767691,b40b413b4e6d5975
../foodsg-233\Mee kuah\K6Z5J84Y1N9SYTXKPZCOG9CD.jpg,Mee kuah,all,b66f68fb6f5525697107f9ca1cee2d8a,bfd0f08619f3c4c1
../foodsg-233\Mee rebus\LI474SGHWEALFIHD75T26RHU.jpg,Mee rebus,all,b66f68fb6f5525697107f9ca1cee2d8a,bfd0f08619f3c4c1
../foodsg-233\Mee siam\KUNT6MAABT846Q3MDY0GIFMR.jpg,Mee siam,all,b674be30ef8e8d37bc0544f74fcabdc8,bc578c33cc840f3e
"../foodsg-233\Mee siam, fried\CU980HJZ5O91V2WVYVN7IW4W.jpg","Mee siam, fried",all,b674be30ef8e8d37bc0544f74fcabdc8,bc578c33cc840f3e
../foodsg-233\Soto ayam\1QC8W0XITZW52W6FX9VNCNJW.jpg,Soto ayam,all,b691d33cd78e8d39604132265bf6cfc1,cd84d2626d99b533
../foodsg-233\Mee soto\AOGFD5S6GP22FJ9PF5E9YR43.jpg,Mee soto,all,b691d33cd78e8d39604132265bf6cfc1,cd84d2626d99b533
../foodsg-233\Mee bandung\FS5ZXZC6WUWUNQKKPDOXQV4O.jpg,Mee bandung,all,b69205079ce302ae3779dc80f68c04cc,ae83adf83332c64c
../foodsg-233\Mee rebus\FG8GNJIUVKDFTVK8UP9X2O2C.jpg,Mee rebus,all,b69205079ce302ae3779dc80f68c04cc,ae83adf83332c64c
../foodsg-233\whole wheat\C9AZPGQWUR12JT9LVUH9JOHH.jpg,whole wheat,all,b694a867ee73184ee48a08a95d5619b9,afc9d207c93ae131
../foodsg-233\whole grain bread\GMYT50ZAR54WA8K0ULQS7XQR.jpg,whole grain bread,all,b694a867ee73184ee48a08a95d5619b9,afc9d207c93ae131
../foodsg-233\bee hoon\ERN6SKPBR2J0U29Q0TQVF9OE.jpg,bee hoon,all,b6ac2c7a7cc5dba5f3f7788d630515f9,d492d25c553b5a2e
../foodsg-233\Seafood Noodles Soup\QFUKQIM5VNJ1GOP1FL6KUWTO.jpg,Seafood Noodles Soup,all,b6ac2c7a7cc5dba5f3f7788d630515f9,d492d25c553b5a2e
../foodsg-233\har cheong gai\C8BR1VCM4LHL38HKKZ81EOW2.jpg,har cheong gai,all,b6bd499509a3f5d7966a8650630ee8ca,d1cbba7cc3d0c189
../foodsg-233\cooked brown rice\V3M1WFWFCSJJVW8EE0Z9W6GC.jpg,cooked brown rice,all,b6bd499509a3f5d7966a8650630ee8ca,d1cbba7cc3d0c189
../foodsg-233\black pepper crab\LZRLNI43ZDH9RN11DF578KNW.jpg,black pepper crab,all,b711dc9ba74855dbf06cbae767a375bc,bb9f923ca9f1a140
../foodsg-233\chilli crab\TIFGLQYCS318YQOPHK5U9FL4.jpg,chilli crab,all,b711dc9ba74855dbf06cbae767a375bc,bb9f923ca9f1a140
../foodsg-233\oyster omelette\T87VBB85I9YEF1WNF9HU5P1Y.jpg,oyster omelette,all,b71bed5b0f4134e7f84fecf2de242e2e,be9fec84c04ee88a
../foodsg-233\chai tow kuay\P5JKSLXCJB48ATLP1JXU1RMC.jpg,chai tow kuay,all,b71bed5b0f4134e7f84fecf2de242e2e,be9fec84c04ee88a
../foodsg-233\chicken soup\HUCH2YWI72LQY1SULMHV6WRK.jpg,chicken soup,all,b72d62a0f57d4dfa0747b66d4e2bb646,f8e86782709dac69
../foodsg-233\mushroom soup\N0V06EH2HI5YJDJA38ULNQNX.jpg,mushroom soup,all,b72d62a0f57d4dfa0747b66d4e2bb646,f8e86782709dac69
../foodsg-233\Mee siam\63N4DUOGQ78I2UH12ZK9F1GO.jpg,Mee siam,all,b734679dbb770ec8f4c6be357d9db439,c528ad27e03f05f9
"../foodsg-233\Mee siam, fried\9YF4ZLXAXCEJZL76AQ6SXBWY.jpg","Mee siam, fried",all,b734679dbb770ec8f4c6be357d9db439,c528ad27e03f05f9
../foodsg-233\kueh lapis - rainbow\3B542AO9M2BXE4RZXXHYCA33.jpg,kueh lapis - rainbow,all,b736464d1cb4559eec4a5129b147c647,8f9e177f4a7460c0
../foodsg-233\cake\5XDWQ3XNZLQ2L278LVFNJLV6.jpg,cake,all,b736464d1cb4559eec4a5129b147c647,8f9e177f4a7460c0
../foodsg-233\Mee rebus\E3LZM430EMVQVX8B575ZBS8H.jpg,Mee rebus,all,b751fff65324c4aded6e5a9354527ebb,d5244ed129c635cf
../foodsg-233\Mee kuah\KV82MRO25DJM8YBISQ9NXY5G.jpg,Mee kuah,all,b751fff65324c4aded6e5a9354527ebb,d5244ed129c635cf
../foodsg-233\Seafood Noodles Soup\MPV6D0OF6ON71KA798ARUXHI.jpg,Seafood Noodles Soup,all,b7613f43cbc59ce520a5dcf81a3ad7db,ad94c5e557589570
../foodsg-233\tom yum noodle soup\5RIQ37HOO9XW306Z9817F5AH.jpg,tom yum noodle soup,all,b7613f43cbc59ce520a5dcf81a3ad7db,ad94c5e557589570
../foodsg-233\bee hoon\9BYS92OEG49XA8Z0LZSHU57R.jpg,bee hoon,all,b7613f43cbc59ce520a5dcf81a3ad7db,ad94c5e557589570
../foodsg-233\Soto ayam\IB9ZV794ICGYX8E005NXQ1AN.jpg,Soto ayam,all,b76695ab49c00b22319a23f3a7be1c97,ff3f4374a282e888
../foodsg-233\Mee soto\NX0EKSHC76B4O1BC94KYFH64.jpg,Mee soto,all,b76695ab49c00b22319a23f3a7be1c97,ff3f4374a282e888
../foodsg-233\Mee soto\S7U70WCMY4M38G0S5YG9EO14.jpg,Mee soto,all,b7b7eb2814cad9902e3f127c3c6f04cd,c7f8441599726a2f
../foodsg-233\Soto ayam\M8IXDLTAJVG320ET5QSGBP1I.jpg,Soto ayam,all,b7b7eb2814cad9902e3f127c3c6f04cd,c7f8441599726a2f
../foodsg-233\Mee siam\5U08MVMZMB1JZ9SOI0N2BHOW.jpg,Mee siam,all,b818947ace6ea4de62c9aca434d748d6,f7f19eb688a0a330
"../foodsg-233\Mee siam, fried\NXK96LW5KMLST768UUPIDOLY.jpg","Mee siam, fried",all,b818947ace6ea4de62c9aca434d748d6,f7f19eb688a0a330
../foodsg-233\Mee soto\CILIZ4IV3C46BDYXPMAVVTR8.jpg,Mee soto,all,b8523cddb090afd941b5320b2df3baf2,c0e067977a9a7139
../foodsg-233\Soto ayam\YB697SR5HFFKFLQJ44H0QRIZ.jpg,Soto ayam,all,b8523cddb090afd941b5320b2df3baf2,c0e067977a9a7139
../foodsg-233\Seafood Noodles Soup\G80KRXO0T6YK9TU23EK0RUB0.jpg,Seafood Noodles Soup,all,b889bb2645917387fb15c25167c71f0f,bd96d07983c0cce9
../foodsg-233\bee hoon\J4XCU3JWFBXCC43AIUCG11FP.jpg,bee hoon,all,b889bb2645917387fb15c25167c71f0f,bd96d07983c0cce9
../foodsg-233\lontong\57AUTTIYIHG3PMXP27B3WR4G.jpg,lontong,all,b8a94d7ff0b95ff48225c9027a4b6c2c,efd09cf01072716e
../foodsg-233\Lontong with sayur lodeh\RUX28FT7FX483S6232Z1KFRV.jpg,Lontong with sayur lodeh,all,b8a94d7ff0b95ff48225c9027a4b6c2c,efd09cf01072716e
../foodsg-233\hotplate tofu\OPKXVR2GH65DFYRZJF0VG1PE.jpg,hotplate tofu,all,b8d634f3036979f63619f64fe82667d9,d8a63abcf8d095c1
../foodsg-233\mixed vegetables\PAOQCTY57MVS5W7K0HCTYCTA.jpg,mixed vegetables,all,b8d634f3036979f63619f64fe82667d9,d8a63abcf8d095c1
../foodsg-233\Pomelo\ZWES4V1IRNGCGS4ZZ7IZCUZW.jpg,Pomelo,all,b8f4a4c8fdfbbf93efd2cc2ec252b05e,857352e17ca6718b
../foodsg-233\Grapefruit\M2H6O3JLVGBS5VNBNKDAR53N.jpg,Grapefruit,all,b8f4a4c8fdfbbf93efd2cc2ec252b05e,857352e17ca6718b
../foodsg-233\whole grain bread\OOI4AO1MWQ9HBOI1W47Z1XBD.jpg,whole grain bread,all,b92a74283ea677b2aef828aa9bd3e8dc,dba709f1134f303a
../foodsg-233\whole wheat\MGQB6BSTBSSWMBRRI7G6P9UU.jpg,whole wheat,all,b92a74283ea677b2aef828aa9bd3e8dc,dba709f1134f303a
../foodsg-233\lontong\4B68OLZX4JWUO3JI8ZHMAZTY.jpg,lontong,all,b931e13ff07f3ca9552406f64492492d,f4b99ac4476b2266
../foodsg-233\Lontong with sayur lodeh\PQWJXF5QGF7F1LBBWPDV13DK.jpg,Lontong with sayur lodeh,all,b931e13ff07f3ca9552406f64492492d,f4b99ac4476b2266
../foodsg-233\yong tau foo\Y3UAABIGMJ43SQ45TKM5X3LY.jpg,yong tau foo,all,b94b35fec5c3d40d6112e0410d55a394,eba3958496ce9833
../foodsg-233\Laksa\H81MH61028WZDVKE358RKVGH.jpg,Laksa,all,b94b35fec5c3d40d6112e0410d55a394,eba3958496ce9833
../foodsg-233\whole wheat\583T1HXLISS0UZSN04KQ0LNU.jpg,whole wheat,all,b956246a07671303f206455c463fb151,da4887656989b727
../foodsg-233\whole grain bread\2AZ2GBQ4JB0U6U0EPTTYUIZ1.jpg,whole grain bread,all,b956246a07671303f206455c463fb151,da4887656989b727
../foodsg-233\lontong\4I2A9HLYVI0CXHYDPG9XZ6XG.jpg,lontong,all,b97223ea0c3a1ea405c2d9575d438425,af65f04a818fc738
../foodsg-233\Lontong with sayur lodeh\7624IDK12GWBW17FY0TSIGQF.jpg,Lontong with sayur lodeh,all,b97223ea0c3a1ea405c2d9575d438425,af65f04a818fc738
../foodsg-233\vegetable soup\T7ZPNHCWF8ZQV0G6QXJXR19Z.jpg,vegetable soup,all,b9c154edafbd644c1d93891ff54f91f4,e4e6c7a62e81709e
../foodsg-233\mixed vegetables\9MC5CQ37U7BVPV5S3OW1QFR4.jpg,mixed vegetables,all,b9c154edafbd644c1d93891ff54f91f4,e4e6c7a62e81709e
../foodsg-233\Lontong with sayur lodeh\BSGPNWOGSX9HGLA491VMTFWM.jpg,Lontong with sayur lodeh,all,b9d019a2b273a39bfc02815238caade8,b898ecf4d78e9241
../foodsg-233\lontong\UXHRT0409YNQ99OY1ICK7WWT.jpg,lontong,all,b9d019a2b273a39bfc02815238caade8,b898ecf4d78e9241
../foodsg-233\Soto ayam\GWCDS0PR7OA2XOYUJ77OLX4R.jpg,Soto ayam,all,b9d8d4716e3c3752b3d181f5b585db28,aa86159b498eb67a
../foodsg-233\Mee soto\JFT9A55SL1LRPX5W6U4H50E3.jpg,Mee soto,all,b9d8d4716e3c3752b3d181f5b585db28,aa86159b498eb67a
../foodsg-233\cream soup\52ZHCIW9OCAYTYOQZIMLXEP3.jpg,cream soup,all,b9dd5852eb2eee6347fda52e8d91deae,8fc0328f639d9789
../foodsg-233\mushroom soup\V7SPFDPGAOEE1QYRR0F5PHFV.jpg,mushroom soup,all,b9dd5852eb2eee6347fda52e8d91deae,8fc0328f639d9789
../foodsg-233\Lontong with sayur lodeh\GAP6OQ8U62TY5Z79TD29DAZ0.jpg,Lontong with sayur lodeh,all,b9f0981e7536e72af85bc4a3a0b05d21,85e63cc9f14c67a4
../foodsg-233\lontong\QJFIMU7MFTEDPK5IDE4RGKE9.jpg,lontong,all,b9f0981e7536e72af85bc4a3a0b05d21,85e63cc9f14c67a4
../foodsg-233\Mee siam\G5ANZ2DWRNZRV214CLTM33ZV.jpg,Mee siam,all,ba0f335a04a1c1069522a3b8b0c89047,e2b2bab3838f18cc
../foodsg-233\Mee rebus\RS1YJIXHV8M7PV058VL1R4XT.jpg,Mee rebus,all,ba0f335a04a1c1069522a3b8b0c89047,e2b2bab3838f18cc
"../foodsg-233\Bee hoon, soto\H52ZEOGP2UJN2CPR9U1DU5GX.jpg","Bee hoon, soto",all,ba0f335a04a1c1069522a3b8b0c89047,e2b2bab3838f18cc
../foodsg-233\dumpling\6RUK1D6ZRARGMP3NY3R9K3HN.jpg,dumpling,all,ba0f66f414ce6cbe6b1037e858b20d3a,be8f7e8195cca0c8
"../foodsg-233\Wanton mee, dry\R7HC70BLYL5FC4SCS51E7EG6.jpg","Wanton mee, dry",all,ba0f66f414ce6cbe6b1037e858b20d3a,be8f7e8195cca0c8
../foodsg-233\bee hoon\XZ0UEKATRPJ9IARPJBDGFNHH.jpg,bee hoon,all,ba3b1de3aaca9fc159efd84389dc09e8,979c40474b9a6fca
../foodsg-233\Seafood Noodles Soup\3Y6G1DGM73TZGBLT6WZFGY1W.jpg,Seafood Noodles Soup,all,ba3b1de3aaca9fc159efd84389dc09e8,979c40474b9a6fca
../foodsg-233\chai tow kuay\D1PP6U59RIVGPMSNC09OQ999.jpg,chai tow kuay,all,ba4b8844fd27b7148d3f868e76f9fd57,80ebd429db955a36
../foodsg-233\Kway Teow\N88591PXDY4G2QZ2P9Q5CD68.jpg,Kway Teow,all,ba4b8844fd27b7148d3f868e76f9fd57,80ebd429db955a36
../foodsg-233\cream soup\U05G263EQ4WRXYKYG5UMJA6I.jpg,cream soup,all,ba507810bf16e04889b59b76dd0c109f,a3ba2c9517ab560d
../foodsg-233\mushroom soup\BD5SXQVEH0M9C4VBDRUVBNX5.jpg,mushroom soup,all,ba507810bf16e04889b59b76dd0c109f,a3ba2c9517ab560d
"../foodsg-233\Bee hoon, soto\8A9D0CQC3MA4E3K9GR4WN80A.jpg","Bee hoon, soto",all,ba61774e02f95d2e34adef664dedd1c4,ef149a47e03bac38
../foodsg-233\Mee soto\DGPHH13UX23JOKP62A2DRTED.jpg,Mee soto,all,ba61774e02f95d2e34adef664dedd1c4,ef149a47e03bac38
../foodsg-233\whole wheat\467G4OXINGMPC024FZNFA23V.jpg,whole wheat,all,ba6bdbce7d4d0c9dba5ea99ca479781b,80fb12d97ae98995
../foodsg-233\whole grain bread\H3O36BTNFEXKYDOS6XL4WZRS.jpg,whole grain bread,all,ba6bdbce7d4d0c9dba5ea99ca479781b,80fb12d97ae98995
../foodsg-233\Mee soto\QHAAS0LR39ZTIYEGXDYF9MU6.jpg,Mee soto,all,ba7086d69525d74c473be94fae13ecbf,ae82914fc53a9679
../foodsg-233\Mee rebus\MTD8RWP0R7PZ3JGKP2MELTQ5.jpg,Mee rebus,all,ba7086d69525d74c473be94fae13ecbf,ae82914fc53a9679
../foodsg-233\sliced fish soup\8BHS7CQIB63ICRGPT2ZWW8NG.jpg,sliced fish soup,all,ba7dac68443216d92f56121f0044af3f,f599521c6bd8a463
../foodsg-233\Seafood Noodles Soup\Z6GZWK4Z28WOD2MD1DKR9YPO.jpg,Seafood Noodles Soup,all,ba7dac68443216d92f56121f0044af3f,f599521c6bd8a463
../foodsg-233\bee hoon\XEUM2EGDVI4HHI18D38G97P8.jpg,bee hoon,all,ba7dac68443216d92f56121f0044af3f,f599521c6bd8a463
../foodsg-233\bee hoon\5BPJDV0KT12H4PD0OJ7QQ070.jpg,bee hoon,all,baa12ddc71ff3f3ea922597bde7b908e,d568ca25c91787da
"../foodsg-233\Bee hoon, goreng\2CQD45FD3L96ND6NHEXIEWFL.jpg","Bee hoon, goreng",all,baa12ddc71ff3f3ea922597bde7b908e,d568ca25c91787da
"../foodsg-233\Bee hoon, soto\UNTYSNYKCZBCKCCM06OY5WZX.jpg","Bee hoon, soto",all,baa12ddc71ff3f3ea922597bde7b908e,d568ca25c91787da
../foodsg-233\satay bee hoon\5OWQA0Z0IGIUNDQCRV9NQWYE.jpg,satay bee hoon,all,bab773a58346b45947fd22f0a78ba1c9,fc58b8088197d1bf
../foodsg-233\sambal stingray\RRMNOV9GOZ9ICE82K3ALHDI3.jpg,sambal stingray,all,bab773a58346b45947fd22f0a78ba1c9,fc58b8088197d1bf
../foodsg-233\Udon\KRIJCUBH8YS7ABJH5G3WZFHT.jpg,Udon,all,bac70e89cd623cb8da2629955e1d9807,c4591b363ed83a93
../foodsg-233\Dumpling noodle soup\S66AUO0KPLX54OLPMAROEFVD.jpg,Dumpling noodle soup,all,bac70e89cd623cb8da2629955e1d9807,c4591b363ed83a93
"../foodsg-233\Bee hoon, soto\EMMSIWR59QBIGDSO4BA43S6W.jpg","Bee hoon, soto",all,baef29cf6149a3b8f1ee82c857046a5d,ee86a01c876a9e6b
../foodsg-233\Lor mee\14JTZXZSYW62SZ95TUHFHGXI.jpg,Lor mee,all,baef29cf6149a3b8f1ee82c857046a5d,ee86a01c876a9e6b
../foodsg-233\Mee soto\FM8A4CM48CRT9UNZLDTPS9RQ.jpg,Mee soto,all,bb075fde4146ecc435a089318e07d7f7,91c09d4f7a4e6d68
../foodsg-233\Soto ayam\2ED5K887IONC12F4KXWPRNBS.jpg,Soto ayam,all,bb075fde4146ecc435a089318e07d7f7,91c09d4f7a4e6d68
../foodsg-233\wholegrain pasta\W33FP9B4RJCMGABOYINTLEGL.jpg,wholegrain pasta,all,bb122675d985a0800731cc3b0a20e724,c71bea85c19ac56c
../foodsg-233\whole wheat\3CH8X4HT2HM40LTES7ZDMXZP.jpg,whole wheat,all,bb122675d985a0800731cc3b0a20e724,c71bea85c19ac56c
../foodsg-233\whole grain bread\9JPAXPEQ9T2NR8T25MP5EDIT.jpg,whole grain bread,all,bb45fc07f58d3975fc9fbde619cc2476,af049d2fc03cc45f
../foodsg-233\whole wheat\9T053MGW8VSGJYRHXQRJ2K9J.jpg,whole wheat,all,bb45fc07f58d3975fc9fbde619cc2476,af049d2fc03cc45f
../foodsg-233\Snacks and Chips\VK3L1YBSXZ1H0C44YU8HZWWF.jpg,Snacks and Chips,all,bb91f06a1ce5268173b212cffecab2c4,9447da3b6da99344
../foodsg-233\steamed grouper\4XDLE9VOTCMCBLA6BFO6MERP.jpg,steamed grouper,all,bb91f06a1ce5268173b212cffecab2c4,9447da3b6da99344
../foodsg-233\whole grain bread\VD2JF1UBX9PMA7XS3V4LD20W.jpg,whole grain bread,all,bbaed529f9ef7bedc6fcad0d899e373b,fb4ec0480b173c7b
../foodsg-233\whole wheat\M0DFUS0ZGXHBG7C6TNTTGX3M.jpg,whole wheat,all,bbaed529f9ef7bedc6fcad0d899e373b,fb4ec0480b173c7b
../foodsg-233\Mee siam\8VR55PRQX19VOC5LR9N0NDIZ.jpg,Mee siam,all,bc14eb5afcaac35f24a46780c1040a69,d5bc0ecb59987981
"../foodsg-233\Bee hoon, soto\ET3JORXH4NUNPTJT88HNLNPB.jpg","Bee hoon, soto",all,bc14eb5afcaac35f24a46780c1040a69,d5bc0ecb59987981
../foodsg-233\Lontong with sayur lodeh\PPLRU39F5TJ56YJA7A0UFAPQ.jpg,Lontong with sayur lodeh,all,bc2998695da12a390746777e7672fe21,f043ca5cfd70c0ea
../foodsg-233\lontong\F8XXDEEVKJPHLDFX3XILRVA0.jpg,lontong,all,bc2998695da12a390746777e7672fe21,f043ca5cfd70c0ea
../foodsg-233\Soto ayam\7BKEO82DCFDONLT305RKMA1W.jpg,Soto ayam,all,bc3513ce5d5258226acfd7eb6dbe0349,8ed4b341d9cbe0d8
"../foodsg-233\Bee hoon, soto\LFU8B8FK6L32RKUQ4ZGHGS9U.jpg","Bee hoon, soto",all,bc3513ce5d5258226acfd7eb6dbe0349,8ed4b341d9cbe0d8
../foodsg-233\Mee soto\D6137PBL8AEYPT2H2R1K05AQ.jpg,Mee soto,all,bc3513ce5d5258226acfd7eb6dbe0349,8ed4b341d9cbe0d8
../foodsg-233\Lontong with sayur lodeh\HJHIWZ06IXMBXEJ9V6F12CVK.jpg,Lontong with sayur lodeh,all,bc47647f2d8d790bf4164e85a9915c84,cda46299d8e2c99e
../foodsg-233\lontong\L7PGL210UAN13VF6Q3ZU8WUX.jpg,lontong,all,bc47647f2d8d790bf4164e85a9915c84,cda46299d8e2c99e
../foodsg-233\Mee soto\LHGYTHSC17BQKQRU8CV1689L.jpg,Mee soto,all,bc953976458f28647ef88d904a5fd8b9,a04b1e3cb8ecce93
../foodsg-233\Soto ayam\YGJ86HPZGOOYHFIFRB2RU4B6.jpg,Soto ayam,all,bc953976458f28647ef88d904a5fd8b9,a04b1e3cb8ecce93
../foodsg-233\mushroom soup\JJNS7GATQE5JDA44DSQNKEAA.jpg,mushroom soup,all,bc9a26865618053b33494b17247c6a20,baca2d2ca47492f3
../foodsg-233\cream soup\U8RAIW3OJ67YEJQNX2PL2CYJ.jpg,cream soup,all,bc9a26865618053b33494b17247c6a20,baca2d2ca47492f3
../foodsg-233\mushroom soup\KXBEMML5XGG2UAHL8VC4ODOF.jpg,mushroom soup,all,bcc15095f8fa42363f1c8140f4924bff,df2f4ad06d9520ca
../foodsg-233\cream soup\I0S4VKDPEIA3QT5JFAN6BOQW.jpg,cream soup,all,bcc15095f8fa42363f1c8140f4924bff,df2f4ad06d9520ca
"../foodsg-233\Rice, korean bulgogi beef\ASJCMYN950LUF2GECE8RMYKJ.jpg","Rice, korean bulgogi beef",all,bcc50df4d40fde9caba81f22ef119d5d,f1b4cecb20399366
"../foodsg-233\Rice, with dakgalbi\G1K6UZIAWCZW2UDI5E805YLN.jpg","Rice, with dakgalbi",all,bcc50df4d40fde9caba81f22ef119d5d,f1b4cecb20399366
../foodsg-233\oyster omelette\2TI69VIK2WQGIQM103UXKVI0.jpg,oyster omelette,all,bcf1c374230bc72604dfe94ab349384d,807a1ff03c433ec7
../foodsg-233\chai tow kuay\5DCKNH9DU13MVKZAM7ZRRWVN.jpg,chai tow kuay,all,bcf1c374230bc72604dfe94ab349384d,807a1ff03c433ec7
../foodsg-233\satay bee hoon\OJKRKZ35Z2XRANBIDZE9SYTL.jpg,satay bee hoon,all,bd2fc3e2d07538ec0a6eb3d39c2eb1f0,e8efc5919c12fc0a
../foodsg-233\bee hoon\51A11STH4S1OW5O11EO4YW5X.jpg,bee hoon,all,bd2fc3e2d07538ec0a6eb3d39c2eb1f0,e8efc5919c12fc0a
../foodsg-233\char siew\1E9NHWH73KA43JM7PUCS5DEA.jpg,char siew,all,bd43963b33339c8c3ca5a9ccf59e3952,966bea85e134c672
../foodsg-233\Duck Rice\RWHTGF5ESAANACXMQ77R1HN0.jpg,Duck Rice,all,bd43963b33339c8c3ca5a9ccf59e3952,966bea85e134c672
../foodsg-233\kueh lapis baked\HQBECJKQWQ0ZKY28DNUQJ9MO.jpg,kueh lapis baked,all,bd83114d0aeb49ce13b666f248d462a9,ba8fa4fc43c03dc8
../foodsg-233\kueh lapis - rainbow\N7REQQNQ9TV1OO8E0QX1T25I.jpg,kueh lapis - rainbow,all,bd83114d0aeb49ce13b666f248d462a9,ba8fa4fc43c03dc8
../foodsg-233\Mee rebus\LHEY8HWDTWSEV9VRUA1RTBG3.jpg,Mee rebus,all,bd9ee13e1a42c34ef8ac461af562eac7,b7b4e88ad179c590
../foodsg-233\Mee soto\WIVWSNATM06NP9O5INONJT3P.jpg,Mee soto,all,bd9ee13e1a42c34ef8ac461af562eac7,b7b4e88ad179c590
../foodsg-233\Mee bandung\SATZBKESM9NXFF4FPJ5SMFIG.jpg,Mee bandung,all,bd9ee13e1a42c34ef8ac461af562eac7,b7b4e88ad179c590
"../foodsg-233\Bee hoon, soto\0AA8EVVATV1MSGYZOTHPX2CR.jpg","Bee hoon, soto",all,bda1e16a470c4f1f42bd798bb609957c,eaa7adc4bc91611a
../foodsg-233\Mee soto\F7VFKZD5TIAQKXI4MJXVYJHD.jpg,Mee soto,all,bda1e16a470c4f1f42bd798bb609957c,eaa7adc4bc91611a
"../foodsg-233\Bee hoon, goreng\JA8PKUEHQ2LD0PIME9MHH8N8.jpg","Bee hoon, goreng",all,bdb3965131bd4032503d1945b51d672b,ffc2d0dc4a520b9a
"../foodsg-233\Mee siam, fried\K2NUMG7AAZ3XLOIDMBZUOWDC.jpg","Mee siam, fried",all,bdb3965131bd4032503d1945b51d672b,ffc2d0dc4a520b9a
"../foodsg-233\Bee hoon, soto\PJ8BA153X8YND0ZS8DF01971.jpg","Bee hoon, soto",all,bde076cc83251f34b8235ffe533ca1eb,e19c8671da273965
../foodsg-233\Laksa\KBSV0Y0KZG6SW4AYHPZ60AR0.jpg,Laksa,all,bde076cc83251f34b8235ffe533ca1eb,e19c8671da273965
"../foodsg-233\Rice, korean bulgogi beef\UYIE1ZIJI5VAI2UI9FF1XUEA.jpg","Rice, korean bulgogi beef",all,be1779da9d7b21410ed0ce602968f44c,e9e6d802164fe43e
"../foodsg-233\Rice, with dakgalbi\7JF6XJFVCL93IQJ6SP9UXSIJ.jpg","Rice, with dakgalbi",all,be1779da9d7b21410ed0ce602968f44c,e9e6d802164fe43e
../foodsg-233\drunken prawn\HV8OUD0YUNH5FBTWLWYS7SCE.jpg,drunken prawn,all,be3920443e302a3f65d3fc057e44ec28,ea682831b57eb153
../foodsg-233\fried prawn\7K4MJVS1CKQ3SCKJS1JK93SO.jpg,fried prawn,all,be3920443e302a3f65d3fc057e44ec28,ea682831b57eb153
../foodsg-233\Mee goreng\GFKXB0YWL5L4R5X6YA10POXL.jpg,Mee goreng,all,be45c6d44f770966157984369a8abe94,a0f18f9619d97439
"../foodsg-233\Bee hoon, goreng\JR8X18HH696L6S4R5OQ5SH62.jpg","Bee hoon, goreng",all,be45c6d44f770966157984369a8abe94,a0f18f9619d97439
"../foodsg-233\Bee hoon, soto\7O8PE7QZGIW7AD8VVAFZ972E.jpg","Bee hoon, soto",all,be5df3c0c37fec3a169164336b259788,f62eda32c43137e0
../foodsg-233\Mee soto\I6NKSC5JHUHYUQ7T815NISQR.jpg,Mee soto,all,be5df3c0c37fec3a169164336b259788,f62eda32c43137e0
../foodsg-233\whole grain bread\SQ032Y5D0LYN1KBNQRS467AD.jpg,whole grain bread,all,beae8a87361211a34ebe8e327ee24c8e,e431980fcdbcd8c6
../foodsg-233\whole wheat\QBCVFRPR076YJ14RMF95702P.jpg,whole wheat,all,beae8a87361211a34ebe8e327ee24c8e,e431980fcdbcd8c6
../foodsg-233\Grapefruit\F8HE5ZTSGVBY96OCRG0TTU0B.jpg,Grapefruit,all,bed269ef22e2c9fff3d09532eaa1a547,baf395ecd0800e8f
../foodsg-233\Pomelo\SUO4B4657P3HJ20D6DH7I32J.jpg,Pomelo,all,bed269ef22e2c9fff3d09532eaa1a547,baf395ecd0800e8f
../foodsg-233\mushroom soup\UMTKH7TZ7HF86V75BODY14CY.jpg,mushroom soup,all,bef4b0623675d54646dbfd2d0969693a,ffc4e80085579e6a
../foodsg-233\cream soup\L1DCMHUE55K66YGEQ0A4IUMA.jpg,cream soup,all,bef4b0623675d54646dbfd2d0969693a,ffc4e80085579e6a
../foodsg-233\Seafood Noodles Soup\2AIHFESEOHN1EP5WQTV6RZCS.jpg,Seafood Noodles Soup,all,bf0005404250a71df0ca347b4f1fd04b,d58a1209423f2eff
../foodsg-233\bee hoon\Q17JQWX22RBHLKZ1H74NJ8YW.jpg,bee hoon,all,bf0005404250a71df0ca347b4f1fd04b,d58a1209423f2eff
../foodsg-233\cream soup\25IU0NEO5LU7CH07S0LIA5VM.jpg,cream soup,all,bf2ee440f9f9203961d9dd3f0b46026a,9f1e1a6deac86423
../foodsg-233\mushroom soup\CNSO9L4JY7943R2P8KAZDO32.jpg,mushroom soup,all,bf2ee440f9f9203961d9dd3f0b46026a,9f1e1a6deac86423
../foodsg-233\whole wheat\SNK0HKDAP643HYJE236SNP5P.jpg,whole wheat,all,bf49d653bbc98fa25cf79a43bb1658e1,b8b1c0c006cdffdc
../foodsg-233\whole grain bread\P6A2OXGZQ5MMIRYJT9SRZUEA.jpg,whole grain bread,all,bf49d653bbc98fa25cf79a43bb1658e1,b8b1c0c006cdffdc
../foodsg-233\Mee bandung\TZSMBU2A9Z1SGZXOM9TISC1Z.jpg,Mee bandung,all,bf4d04c0a7abdfb6e81e36e412492dc9,bbcec43092c6cf86
../foodsg-233\Mee rebus\3U3NKGFMU5964ZRRJPJ8VOEQ.jpg,Mee rebus,all,bf4d04c0a7abdfb6e81e36e412492dc9,bbcec43092c6cf86
../foodsg-233\Fish Ball Noodles\MSZ26CLZ89XR8WAX8M511SP0.jpg,Fish Ball Noodles,all,bf58cdb5a035b4dd33524dc91dd11e98,e5d0da63d8c6689a
../foodsg-233\bak chor mee\YVDV4E2RQUDJMQD180201XHS.jpg,bak chor mee,all,bf58cdb5a035b4dd33524dc91dd11e98,e5d0da63d8c6689a
../foodsg-233\Mee siam\VGCPKSCK7VRECEC9EF6VXWMC.jpg,Mee siam,all,bf739db97453f85c835c08554c671a86,e212646adad55e5c
"../foodsg-233\Mee siam, fried\PK8ZV101VE8KEXLWOQM3GX0Y.jpg","Mee siam, fried",all,bf739db97453f85c835c08554c671a86,e212646adad55e5c
../foodsg-233\pineapple\H9CI8ORQNWMXMD4FMECZZ0L4.jpg,pineapple,all,bf75efeb604dbfd6fc9808906e77bd40,fac2e3cce584cc4a
../foodsg-233\canned Fruit salad\AH2UZQNPCAZC7TGMBYS7DHSI.jpg,canned Fruit salad,all,bf75efeb604dbfd6fc9808906e77bd40,fac2e3cce584cc4a
../foodsg-233\Porridge\0YES977AOOV403K2507TTYYP.jpg,Porridge,all,bf93b273685e9d1e466424fbfd9574c2,b623ec8fe1320fb0
../foodsg-233\Ban Mian\XOGWJHFFRP00E1G8P50NSWR1.jpg,Ban Mian,all,bf93b273685e9d1e466424fbfd9574c2,b623ec8fe1320fb0
../foodsg-233\sliced fish soup\6GC3EC4EO2BIBYB226Z1ESN7.jpg,sliced fish soup,all,bf93b273685e9d1e466424fbfd9574c2,b623ec8fe1320fb0
../foodsg-233\whole grain bread\N8KCZFPTIMD2Z3N7NJXKXMM0.jpg,whole grain bread,all,bf9d2b40f54faa8d9f888137d0c1a4d5,d2150b723d5e669a
../foodsg-233\whole wheat\TATUM7HV97N8YKB15KWSPAOV.jpg,whole wheat,all,bf9d2b40f54faa8d9f888137d0c1a4d5,d2150b723d5e669a
../foodsg-233\Laksa\OSHFRQ7TH09QNJ4DFN5VGEI6.jpg,Laksa,all,bfdfaeb9a4f0c8610927cd1d245db98d,fac2852dda348c9b
"../foodsg-233\Bee hoon, soto\PRYDXQVI3UCQBW0GOUCK7BCF.jpg","Bee hoon, soto",all,bfdfaeb9a4f0c8610927cd1d245db98d,fac2852dda348c9b
../foodsg-233\sliced fish soup\S0MRD0CMT12ASZVHFIJY56LM.jpg,sliced fish soup,all,bfe3e0908754c103413e6f2c8a12dc28,fea5b152d0a8c1cd
../foodsg-233\bee hoon\3ZXTFRCXTBGM1FLP92EEWIIG.jpg,bee hoon,all,bfe3e0908754c103413e6f2c8a12dc28,fea5b152d0a8c1cd
../foodsg-233\lontong\4GDZNU5XDYT2V7UJLOKJLV7X.jpg,lontong,all,bfed298143395e295a2d807a56ca828b,e0d3da6b6c7821ac
../foodsg-233\Lontong with sayur lodeh\EVRW7XSA6MUFTZB3H0JQ75JZ.jpg,Lontong with sayur lodeh,all,bfed298143395e295a2d807a56ca828b,e0d3da6b6c7821ac
../foodsg-233\Laksa\TPLBNDM4I40O8NYF8CD14X85.jpg,Laksa,all,bff7ccfc21272a2541d9bdb40c699a47,86f16b437c4c236e
../foodsg-233\yong tau foo\B3FKEBNSQJZCWEX4NA3J7ZF1.jpg,yong tau foo,all,bff7ccfc21272a2541d9bdb40c699a47,86f16b437c4c236e
../foodsg-233\honeydew\TVR13FVU8Y68Z8CLUUTDPY8M.jpg,honeydew,all,c033cf4b600fdf2cf8df882e504ae301,d49e6e0e872760ec
../foodsg-233\rock melon\9N34L749033DF1F76N2GB76T.jpg,rock melon,all,c033cf4b600fdf2cf8df882e504ae301,d49e6e0e872760ec
../foodsg-233\drunken prawn\YIXTUC356PTY2JQIRTZGTRR8.jpg,drunken prawn,all,c0b0cf454c52455dd773285293722f77,924503986fccf99e
../foodsg-233\mixed vegetables\CR5599K8XJBLPPI1KG462L0P.jpg,mixed vegetables,all,c0b0cf454c52455dd773285293722f77,924503986fccf99e
../foodsg-233\Soto ayam\OUU407BZOJAAGXEXKOV9E88A.jpg,Soto ayam,all,c0fe8bdaeb9cdb205628f79fba9b295e,f7d270360e4a6969
../foodsg-233\Mee soto\PP0JO0NOISZ6B1RHM1H24DUL.jpg,Mee soto,all,c0fe8bdaeb9cdb205628f79fba9b295e,f7d270360e4a6969
../foodsg-233\cooked white rice\58CJC8ISABM1JTB1N2PHZUEI.jpg,cooked white rice,all,c13836e7b3c0e7783497c53390e0325c,d6a47a8763be2198
../foodsg-233\cooked brown rice\SMYBSY1OM5BNCNINBXL91W9N.jpg,cooked brown rice,all,c13836e7b3c0e7783497c53390e0325c,d6a47a8763be2198
../foodsg-233\whole wheat\QV7QJN9N9ZLCMWXN1E2LV1R9.jpg,whole wheat,all,c16429c758fe1aa9c812266871d6b714,814ab635ca25ea7d
../foodsg-233\whole grain bread\WOB3MFBD27WQKLL4H6KLO65S.jpg,whole grain bread,all,c16429c758fe1aa9c812266871d6b714,814ab635ca25ea7d
../foodsg-233\Kway Teow\3C684VSFN43GV35403UCVDZR.jpg,Kway Teow,all,c1c2d3f67b0bd5c1b59098b44bf4137b,fbc4b116c44fd11a
../foodsg-233\chai tow kuay\P56AW468S4WCOH01SRT176GN.jpg,chai tow kuay,all,c1c2d3f67b0bd5c1b59098b44bf4137b,fbc4b116c44fd11a
../foodsg-233\black pepper crab\TYC2TL87OMQXM5RZ8WV149ZD.jpg,black pepper crab,all,c1f55680c419099c94c9158ea4e3a2b4,cfd498521a5a7a6c
../foodsg-233\chilli crab\67YSRN9YZ181NJJGADHB9QV8.jpg,chilli crab,all,c1f55680c419099c94c9158ea4e3a2b4,cfd498521a5a7a6c
../foodsg-233\Fried Noodles\QBHKN1NV7WZ6QL7VX9XRAQB2.jpg,Fried Noodles,all,c20eac9b28f43966161622d09b021b94,9ded6080839e9eba
../foodsg-233\Mee goreng\53YAFCKDZ5F32K1IQ8WOCYXA.jpg,Mee goreng,all,c20eac9b28f43966161622d09b021b94,9ded6080839e9eba
../foodsg-233\Mee soto\M9WM497GRNE6PNB20F89XVEW.jpg,Mee soto,all,c223d58ae5ba46f188730f3703818b0f,f446623d90d4c37e
../foodsg-233\Soto ayam\V9T5JGR8YEEENQGYMFXKER7Z.jpg,Soto ayam,all,c223d58ae5ba46f188730f3703818b0f,f446623d90d4c37e
../foodsg-233\breakfast cereal\I9KU33LP8JE0LINT51FKC13Y.jpg,breakfast cereal,all,c248f1d83cdfbd251467d6d3a7250894,b79ac4d90fcc3864
../foodsg-233\whole oats\DQFZ739U9CM3HN5IPBUPLMVG.jpg,whole oats,all,c248f1d83cdfbd251467d6d3a7250894,b79ac4d90fcc3864
../foodsg-233\Prawn Noodle\LQODJ5UGVXCPAOVB5OGYX7IB.jpg,Prawn Noodle,all,c286d5d2917a3dc2b4f40f3b694c8637,870f11d3175e1a8f
../foodsg-233\Seafood Noodles Soup\ZDYDTJSCEXTFHAOTGFQAI9LY.jpg,Seafood Noodles Soup,all,c286d5d2917a3dc2b4f40f3b694c8637,870f11d3175e1a8f
../foodsg-233\Soto ayam\O6LBQ6VXSSN5O4R565XTXI4V.jpg,Soto ayam,all,c2a0ebb2951b216e19d171ea540ae4a8,9cf1444a2fb47ba4
../foodsg-233\Mee soto\ZHNI5OWNCMRMYJU81T80IEP5.jpg,Mee soto,all,c2a0ebb2951b216e19d171ea540ae4a8,9cf1444a2fb47ba4
"../foodsg-233\Mee siam, fried\HE9MCSQHHCOZY20DLRTKE72K.jpg","Mee siam, fried",all,c2c5191a10c9a7bcc59ab15e4887c733,d54e4af52c8d2595
"../foodsg-233\Bee hoon, goreng\7SMNEX4TPN0OSI91B4R6ZUU8.jpg","Bee hoon, goreng",all,c2c5191a10c9a7bcc59ab15e4887c733,d54e4af52c8d2595
../foodsg-233\Fried Noodles\HUXOSDBIV8SQ7ZZZO7EACZ77.jpg,Fried Noodles,all,c2d3e188d7dff052dd734a399997fd7e,bbcce090cb4aa766
"../foodsg-233\Bee hoon, soto\TFA3A20OKPJY33FHI63WC6O4.jpg","Bee hoon, soto",all,c2d3e188d7dff052dd734a399997fd7e,bbcce090cb4aa766
../foodsg-233\bee hoon\7KG0IKKRPVX1AVQ2MZOOVPFN.jpg,bee hoon,all,c2d3e188d7dff052dd734a399997fd7e,bbcce090cb4aa766
"../foodsg-233\Bee hoon, goreng\PWHX70T03JJPLEJ6O693L6T6.jpg","Bee hoon, goreng",all,c2d3e188d7dff052dd734a399997fd7e,bbcce090cb4aa766
../foodsg-233\chicken soup\D14ZQ7AZLIZ7NTWHCG897B8B.jpg,chicken soup,all,c2e5130ad3f7aed2e7c04b80dd370bc8,b8c1f96e877a6038
../foodsg-233\vegetable soup\KNGLXM9A01AZSSK74T9W2DAB.jpg,vegetable soup,all,c2e5130ad3f7aed2e7c04b80dd370bc8,b8c1f96e877a6038
../foodsg-233\vegetable soup\DWZ35CBVNGFQMSXRM4R7MROM.jpg,vegetable soup,all,c2f6c75cb53c9ed75b30e79633965340,80a36fb3659fc252
../foodsg-233\mushroom soup\5R0ERN7YPWMZFNT2UDOH0ZDH.jpg,mushroom soup,all,c2f6c75cb53c9ed75b30e79633965340,80a36fb3659fc252
../foodsg-233\pineapple tarts\3LFIGP2P67V2L7RVIWLEXKA4.jpg,pineapple tarts,all,c314e6526937d44439a4a522705c2857,d09c2f6962d33393
../foodsg-233\pineapple\LN1G2KX023GV3EZT4P54S6G8.jpg,pineapple,all,c314e6526937d44439a4a522705c2857,d09c2f6962d33393
../foodsg-233\sliced fish soup\NBGISEG05WVL0BFCM6EFW9PF.jpg,sliced fish soup,all,c3477bb5013315b8ddd3be4feafc67f4,aae2aad9e1e6a1c2
../foodsg-233\Seafood Noodles Soup\IL62WF84W9B0P7K49OO5GLV6.jpg,Seafood Noodles Soup,all,c3477bb5013315b8ddd3be4feafc67f4,aae2aad9e1e6a1c2
"../foodsg-233\Bee hoon, goreng\YGBDFXVALT42MCNYWJAME8GV.jpg","Bee hoon, goreng",all,c35019e516441df86086c480e0c2f0cf,f6d18927107e3be0
"../foodsg-233\Bee hoon, soto\QBXEDH7OQULHDWNCCZGO1R21.jpg","Bee hoon, soto",all,c35019e516441df86086c480e0c2f0cf,f6d18927107e3be0
../foodsg-233\bee hoon\XBESN9NNRG33OVJ07O6QYOII.jpg,bee hoon,all,c35019e516441df86086c480e0c2f0cf,f6d18927107e3be0
../foodsg-233\whole grain bread\YYE8S5R20562FO0JZ16ICRZ7.jpg,whole grain bread,all,c36837267b7fa608de48d3cdaa081758,bf17c0e0333b389c
../foodsg-233\whole wheat\6T91DRVRC01CGG7C9PLM5RM0.jpg,whole wheat,all,c36837267b7fa608de48d3cdaa081758,bf17c0e0333b389c
"../foodsg-233\Bee hoon, goreng\2WJCL7DLMYYC3FTJA1B3FT86.jpg","Bee hoon, goreng",all,c37a0d91f54c64a7f89b7a35b79f3a66,eaeb8d9886ca38b4
../foodsg-233\bee hoon\UA7Z8ED6P58Z7GQ6BYA79WR1.jpg,bee hoon,all,c37a0d91f54c64a7f89b7a35b79f3a66,eaeb8d9886ca38b4
../foodsg-233\Soto ayam\BZIA3BHAQFOP6PBU5GOP7AIH.jpg,Soto ayam,all,c38c0e970ddc007de565411acbed9c10,f6e60aae3e814197
../foodsg-233\Mee soto\KH8W1YIPZRGBJZQKC8XSF14G.jpg,Mee soto,all,c38c0e970ddc007de565411acbed9c10,f6e60aae3e814197
"../foodsg-233\Bee hoon, soto\FCOXW8P3IN881QT8V000KMU9.jpg","Bee hoon, soto",all,c3c107f1fdf6f7c94a334b8cb8f38bcc,ae95d556454a7362
../foodsg-233\Mee rebus\WHH20YL0ZULGJXPD53H7V8QN.jpg,Mee rebus,all,c3c107f1fdf6f7c94a334b8cb8f38bcc,ae95d556454a7362
../foodsg-233\popiah\LPN2YXIXE501H0D4EF7QOD8T.jpg,popiah,all,c3e6ee7761bcdda82fe0713ad46b7f7a,ea88b56d52646b3a
../foodsg-233\spring rolls\2OLUHCJQ3C2WZKQ5AKFKQQS9.jpg,spring rolls,all,c3e6ee7761bcdda82fe0713ad46b7f7a,ea88b56d52646b3a
../foodsg-233\Pomelo\A0PRM6WJR4L18BD8WDNR7WS8.jpg,Pomelo,all,c3ea65ecc8603501d676e8e2f88ce251,e8781a9771719396
../foodsg-233\Grapefruit\EJ1PSVA4QP4DSD1ZU9Y9TC8V.jpg,Grapefruit,all,c3ea65ecc8603501d676e8e2f88ce251,e8781a9771719396
../foodsg-233\Mee goreng\2YISTMFW3XF3HC3Z8FKH2IVX.jpg,Mee goreng,all,c3eb6039c6baceaa620b2961e2831abb,8d052a7d63a183ef
../foodsg-233\Fried Noodles\BNO8OV4LCBEZG2CNI6MLALT8.jpg,Fried Noodles,all,c3eb6039c6baceaa620b2961e2831abb,8d052a7d63a183ef
"../foodsg-233\Bee hoon, soto\QMHYXBC1BR5BUG5VGCJF5CXP.jpg","Bee hoon, soto",all,c4305e0cadcb982919594b720ec31459,a1f4968389f9c754
../foodsg-233\bee hoon\DZL8BVZO4WDZKNZX0770DU0I.jpg,bee hoon,all,c4305e0cadcb982919594b720ec31459,a1f4968389f9c754
../foodsg-233\mixed vegetables\DJWNYC0H3JVWOIEV1XEHVFMU.jpg,mixed vegetables,all,c4433781154e8f7cf50239e014b0da0d,b63cc0308ec3f0bf
../foodsg-233\mushroom soup\I5FOL7NTFLJQ1ITL467B7JUJ.jpg,mushroom soup,all,c4433781154e8f7cf50239e014b0da0d,b63cc0308ec3f0bf
../foodsg-233\chicken masala\UG3AMTZG38X250W9ZD4QDBFL.jpg,chicken masala,all,c447583ecf4f730912594a5cc8409327,a8c4157a3a85679f
../foodsg-233\tandoori chicken\JW1URIJQU5GZ4TIELWONN52F.jpg,tandoori chicken,all,c447583ecf4f730912594a5cc8409327,a8c4157a3a85679f
../foodsg-233\drunken prawn\U76AA8KXW9MP17R3OPWUUHFG.jpg,drunken prawn,all,c45a5368068c6fd83e24b6db4364c480,da50e029e135bf72
../foodsg-233\fried prawn\YNLE8ID986NGIHJBA5PAMTA4.jpg,fried prawn,all,c45a5368068c6fd83e24b6db4364c480,da50e029e135bf72
"../foodsg-233\Bee hoon, goreng\CCHWGH845AP34I93QPA7DWUD.jpg","Bee hoon, goreng",all,c46561c0ab3886c757e339973ef7cc38,bdeac1a98c7f0270
"../foodsg-233\Mee siam, fried\LAK9901PBIJL8VRLLD5Q5JV1.jpg","Mee siam, fried",all,c46561c0ab3886c757e339973ef7cc38,bdeac1a98c7f0270
../foodsg-233\Fried Noodles\59GSJZQ0EYHE3YZCAFVCVGNH.jpg,Fried Noodles,all,c46561c0ab3886c757e339973ef7cc38,bdeac1a98c7f0270
../foodsg-233\steamed buns\CSS2I7LXQQSXBFLC6DOX3DV6.jpg,steamed buns,all,c49e7bef5b843c0cb9ef1e708f050db4,a7c358aca5b346b2
../foodsg-233\char siew pau\NXS0A3EC24M9Y4F83F9DIHPT.jpg,char siew pau,all,c49e7bef5b843c0cb9ef1e708f050db4,a7c358aca5b346b2
../foodsg-233\whole wheat\ZPFU5AKVODTNXYKDXRGJZS58.jpg,whole wheat,all,c4a5624dc1c1cd2df7a3b98bd13aa388,d0dc07837f409f8b
../foodsg-233\whole grain bread\E39TJGB2P1D9S0B9WP5EY0CR.jpg,whole grain bread,all,c4a5624dc1c1cd2df7a3b98bd13aa388,d0dc07837f409f8b
../foodsg-233\whole grain bread\57NFLW2M4SJE4XWNBO3OI4E7.jpg,whole grain bread,all,c4a58f9d5589b5a77dd1a8c1c88902a4,d29be8ceda2a12a6
../foodsg-233\whole wheat\HJSZ2P75JJ23EEWC7N1ET4DF.jpg,whole wheat,all,c4a58f9d5589b5a77dd1a8c1c88902a4,d29be8ceda2a12a6
../foodsg-233\whole grain bread\SYFARX670JDXX9SQ7F6DHE8R.jpg,whole grain bread,all,c4d540af5ee317adfe0aa3a827853355,988fd0f070876ff0
../foodsg-233\whole wheat\Q2CPMISRNSMLFHNR3ARPPQ5S.jpg,whole wheat,all,c4d540af5ee317adfe0aa3a827853355,988fd0f070876ff0
../foodsg-233\rock melon\A7Y6BE11V6EDPCEVG4LAPOGA.jpg,rock melon,all,c4fe9cbe3b2349391a33554bade1ef0f,fa90b1ec9826c373
../foodsg-233\honeydew\HAX8DAWPCUMXU6XGRHFQKSQX.jpg,honeydew,all,c4fe9cbe3b2349391a33554bade1ef0f,fa90b1ec9826c373
../foodsg-233\Udon\L4ST4K0537MBWIBWMK0T9Z8V.jpg,Udon,all,c52639984b0ca26c08abbef344587fd9,fdc34582ced81ae8
../foodsg-233\Mee goreng\UC44Q1GXLYMOKKSJD86IFI8Z.jpg,Mee goreng,all,c52639984b0ca26c08abbef344587fd9,fdc34582ced81ae8
../foodsg-233\Soto ayam\D17120QO8J5BK14EJNCA8907.jpg,Soto ayam,all,c54062e910e1f09b43b5f4bfdc39f5d0,e2c1b5b4a9597668
../foodsg-233\Mee soto\NBC6NLTGCOBW02ATA07YYT8C.jpg,Mee soto,all,c54062e910e1f09b43b5f4bfdc39f5d0,e2c1b5b4a9597668
../foodsg-233\chicken rice\20RAITKX80OX3KXP5CCFE0T8.jpg,chicken rice,all,c5bbd580dcd55c852dbc57367e51b72e,8b1abd693c316539
"../foodsg-233\Rice, korean bulgogi beef\3ASLH477UF4PB80R11NNPKJQ.jpg","Rice, korean bulgogi beef",all,c5bbd580dcd55c852dbc57367e51b72e,8b1abd693c316539
../foodsg-233\Mee rebus\ABLMPZ7J9ALI6LQATFT9F525.jpg,Mee rebus,all,c5e15a5f9bc6572e3da23cfad7c22007,f991ec43e00783cf
../foodsg-233\Mee bandung\5DAFGRX8APG1BYVW4XBH77NZ.jpg,Mee bandung,all,c5e15a5f9bc6572e3da23cfad7c22007,f991ec43e00783cf
../foodsg-233\Fruit juice\GPRL3TJBLUC8SRCWA8K8CFNS.jpg,Fruit juice,all,c5f9ff44c7d8d724d673e76bd5e81fbe,daf0600227fffa48
../foodsg-233\honeydew\RRNIVE3GSGDK393GDEZSXH1L.jpg,honeydew,all,c5f9ff44c7d8d724d673e76bd5e81fbe,daf0600227fffa48
"../foodsg-233\Mee siam, fried\CFSOLPNI88K8KPDT441QPMJC.jpg","Mee siam, fried",all,c62462fc0e0c536ee92744fe4e033d53,d8c873617967a32c
"../foodsg-233\Bee hoon, goreng\6JB74OS00H8SER2O3DX477YI.jpg","Bee hoon, goreng",all,c62462fc0e0c536ee92744fe4e033d53,d8c873617967a32c
../foodsg-233\whole grain bread\VAM882WILT4E2J4CD5ALUHH8.jpg,whole grain bread,all,c6346edc6d783010c492d0bf873ea598,eecab32dc9c21686
../foodsg-233\whole wheat\U9BJIKRS7KCIEYBB1KLWNZ1C.jpg,whole wheat,all,c6346edc6d783010c492d0bf873ea598,eecab32dc9c21686
../foodsg-233\Mee soto\4FGODQPX64RSVHAEJHJK6YTX.jpg,Mee soto,all,c63973418f770a9006a60658fcca304f,bb82e48dbc87a19c
../foodsg-233\Soto ayam\CKN4TZIEZV3S91SBYRX9DXEU.jpg,Soto ayam,all,c63973418f770a9006a60658fcca304f,bb82e48dbc87a19c
"../foodsg-233\Don, unagi\LGOHSSV5IFHOK88BHDVH2VE0.jpg","Don, unagi",all,c64928f418f81e22ac353d39f61f06da,858313547d5f647a
"../foodsg-233\Don, chicken teriyaki\GD71YDXKGOY3AVDSTR1J370V.jpg","Don, chicken teriyaki",all,c64928f418f81e22ac353d39f61f06da,858313547d5f647a
../foodsg-233\Soto ayam\6M67L9B69YXOMJ1C7YH3D40Z.jpg,Soto ayam,all,c6ad9824de03b9438598de7811d9f15e,e3a3f51d9454c097
../foodsg-233\Mee soto\S0CGH5HFPJ6NCX3WY6ES8PCS.jpg,Mee soto,all,c6ad9824de03b9438598de7811d9f15e,e3a3f51d9454c097
../foodsg-233\whole wheat\IS1YKJK91PI7OW8V5RE95GJ0.jpg,whole wheat,all,c6b266e60741ab1676212a2e530003be,c38eb07cc3f8fc02
../foodsg-233\whole grain bread\4SZ7PM1JIR3AENB7LPKMHILI.jpg,whole grain bread,all,c6b266e60741ab1676212a2e530003be,c38eb07cc3f8fc02
../foodsg-233\Seafood Noodles Soup\M46A76AD12G6K6QKTULV08DB.jpg,Seafood Noodles Soup,all,c6f39b4e6f1362201c2ef10add7702dc,85b02f277cd67c18
"../foodsg-233\Bee hoon, soto\EYBNXJVYW55OYEPRA5YI9OUH.jpg","Bee hoon, soto",all,c6f39b4e6f1362201c2ef10add7702dc,85b02f277cd67c18
../foodsg-233\Soto ayam\3XP5EHIOYGXZH06ADVA50XNM.jpg,Soto ayam,all,c70610e465e79af1cb1575856776eb15,87e63c51719d4a6a
../foodsg-233\Mee soto\B2RUPF4MAQ1CSTOUFSTWNZMB.jpg,Mee soto,all,c70610e465e79af1cb1575856776eb15,87e63c51719d4a6a
../foodsg-233\Dumpling noodle soup\DA0WUNIIDYD6EVSYWGOFC06I.jpg,Dumpling noodle soup,all,c72e16958723d38edbae1962cca725cd,bac13d93f248986d
../foodsg-233\beef noodle soup\5QLOFIHFJ272RU0G3NDE3D3Z.jpg,beef noodle soup,all,c72e16958723d38edbae1962cca725cd,bac13d93f248986d
"../foodsg-233\Bee hoon, soto\RJPQTHMZ7EK4XB2DOB5FSNJ9.jpg","Bee hoon, soto",all,c731fae791530998701c2e08b5346082,d017022f461e3e7f
../foodsg-233\bee hoon\QBOXLAKSXC1MHPIKTS6YUQA5.jpg,bee hoon,all,c731fae791530998701c2e08b5346082,d017022f461e3e7f
../foodsg-233\Mee goreng\475SOV23HSD1QPZRR64RHB1O.jpg,Mee goreng,all,c7a0280ec9896c5aaf8d9f572ff9f63d,e49e9e0899739c3c
"../foodsg-233\Wanton mee, dry\L09QBLLTOIGGBM40A2NK5W52.jpg","Wanton mee, dry",all,c7a0280ec9896c5aaf8d9f572ff9f63d,e49e9e0899739c3c
../foodsg-233\Prawn Noodle\9WI76T1J5EDEJJRLTG0MT0MX.jpg,Prawn Noodle,all,c814abd52e03d1ca9feab6567b37225e,bc91c756c07c1f61
../foodsg-233\Dumpling noodle soup\IZCWE7GW1VKM6TI2HRZNLY18.jpg,Dumpling noodle soup,all,c814abd52e03d1ca9feab6567b37225e,bc91c756c07c1f61
../foodsg-233\Mee rebus\IRKLF4MC6GJWRK4PNYCRUDUC.jpg,Mee rebus,all,c82c60bc433cb639a60f2f7769754753,90b6c1adeb688aba
../foodsg-233\Mee bandung\PSQE1ODJHGW5G7LX85JHET8D.jpg,Mee bandung,all,c82c60bc433cb639a60f2f7769754753,90b6c1adeb688aba
../foodsg-233\Mee bandung\BZ9LXN0UW38Y95XH59C933HV.jpg,Mee bandung,all,c894390a894858273fdbe96c01ec5926,f859c5c2856d9665
../foodsg-233\Mee rebus\WX28BJ5Z0A609PHTQZPBK9BC.jpg,Mee rebus,all,c894390a894858273fdbe96c01ec5926,f859c5c2856d9665
../foodsg-233\Mee soto\1DREQYTGZMJEQ1JXFM8QR1S1.jpg,Mee soto,all,c894390a894858273fdbe96c01ec5926,f859c5c2856d9665
../foodsg-233\chai tow kuay\IALCFE9LAHGYKQO6QTBRVSAF.jpg,chai tow kuay,all,c898bdb3ed34ec9ed0f209cd359ae3cc,ffe1be86809294b4
../foodsg-233\rojak\PPR3GXZFJUYEPB7PGGG60T20.jpg,rojak,all,c898bdb3ed34ec9ed0f209cd359ae3cc,ffe1be86809294b4
"../foodsg-233\Bee hoon, soto\PM15AAD22JRFJ4B3AOS55QJ5.jpg","Bee hoon, soto",all,c8af7cae666c64505f9b1e0d6b9c5c46,b838fcb4ba5a89c8
../foodsg-233\Soto ayam\MVMSTE46R8H9ZSZ6CYXS2QPB.jpg,Soto ayam,all,c8af7cae666c64505f9b1e0d6b9c5c46,b838fcb4ba5a89c8
../foodsg-233\Mee kuah\Y33ERA46VMJTST1Z1FUJE0CS.jpg,Mee kuah,all,c8b92b1bbb7f6b30fc653287dd6b6fc9,eaa78055159a17ee
../foodsg-233\Mee bandung\215641IBEJHCWXHI73BUW05M.jpg,Mee bandung,all,c8b92b1bbb7f6b30fc653287dd6b6fc9,eaa78055159a17ee
../foodsg-233\Lontong with sayur lodeh\SMT6N68XXQAVHW6EE53U8QAQ.jpg,Lontong with sayur lodeh,all,c8bf56b93b26b7cc5f649633d90c5128,bfbcc8c0630f1c3c
../foodsg-233\lontong\HJHHF39D24UQ1LK97YZKV4ZD.jpg,lontong,all,c8bf56b93b26b7cc5f649633d90c5128,bfbcc8c0630f1c3c
../foodsg-233\bee hoon\RHRAGNYL3HQH6N9JNQ1ZR79M.jpg,bee hoon,all,c9065582a932203454fe9fba7cfdb6f8,8d275285cb98e7d4
"../foodsg-233\Mee siam, fried\URM7IS5UA84IGF0PI77KI742.jpg","Mee siam, fried",all,c9065582a932203454fe9fba7cfdb6f8,8d275285cb98e7d4
../foodsg-233\Nasi Ambeng\XG3AK2UL5PPSFM0M12674EZ8.jpg,Nasi Ambeng,all,c90e58fd7b27bc5b2153c108b08cf518,dfd06821d4be9a86
../foodsg-233\tumpeng\SFZWFAH4KM8PT1TEO1OLYIW1.jpg,tumpeng,all,c90e58fd7b27bc5b2153c108b08cf518,dfd06821d4be9a86
../foodsg-233\whole grain bread\LAX2VZNTZJ1PFAGLDI32D0AV.jpg,whole grain bread,all,c91609eee17763b7c5c9bcc48112cb38,fcf8c1d0c28bca8b
../foodsg-233\whole wheat\W9UZI4ALY7Z0667UEG9FUNO8.jpg,whole wheat,all,c91609eee17763b7c5c9bcc48112cb38,fcf8c1d0c28bca8b
../foodsg-233\oyster omelette\F0QDNSPEHTFROLUBDXGXE0TG.jpg,oyster omelette,all,c96dbba4c8dc03f9308aa4a08019f3f2,b96adcece0b0d9c0
../foodsg-233\chai tow kuay\FCE1VDSPYB0WSFO3DGLLJYMT.jpg,chai tow kuay,all,c96dbba4c8dc03f9308aa4a08019f3f2,b96adcece0b0d9c0
../foodsg-233\Mee rebus\81DUG50R1M1DYHH18APS6XVR.jpg,Mee rebus,all,c9746db215d97ba3df885ae9fcf13473,e301d11aae5f8f4c
../foodsg-233\Mee bandung\B3LF1DEDYQXJS3ODR6U77LWA.jpg,Mee bandung,all,c9746db215d97ba3df885ae9fcf13473,e301d11aae5f8f4c
../foodsg-233\Mee siam\K2YHZVES12F8JVZG9EZIAL98.jpg,Mee siam,all,c97823feb65e9bb3860bae0cf71592cf,bfc544806e15a17f
"../foodsg-233\Mee siam, fried\8EY7SIPIMLO1IHSYT398XGOL.jpg","Mee siam, fried",all,c97823feb65e9bb3860bae0cf71592cf,bfc544806e15a17f
../foodsg-233\whole wheat\2J0CQOZHJB5C9WUPV8646QCZ.jpg,whole wheat,all,ca8780bbfe016d98ec72a3a4e3d90396,dfe8c89da41d9530
../foodsg-233\whole grain bread\ETKEPD2CKUDN9T6XUXH5QOWB.jpg,whole grain bread,all,ca8780bbfe016d98ec72a3a4e3d90396,dfe8c89da41d9530
../foodsg-233\Mee siam\CZ57JUER1P8ENPKYC75E878B.jpg,Mee siam,all,cab3c2f79a5b0d850ff41d85e41dd120,bbcef031c50b8734
"../foodsg-233\Mee siam, fried\NQLYDZXCNYMNVCRAU976ZA81.jpg","Mee siam, fried",all,cab3c2f79a5b0d850ff41d85e41dd120,bbcef031c50b8734
../foodsg-233\Mee siam\PV556PCFSPB4SEJHSP7Y5NV6.jpg,Mee siam,all,cab5503c26253dabd7152584fa08ca8b,eab596f187649b08
"../foodsg-233\Mee siam, fried\QXZLI9AC61XNVOQ2B4MV2W3R.jpg","Mee siam, fried",all,cab5503c26253dabd7152584fa08ca8b,eab596f187649b08
../foodsg-233\rock melon\1Q83QABZZYQC2NAU2TWO8G2I.jpg,rock melon,all,caeb67c605eaeb1b257aac6596839387,e79360d09d0bca3d
../foodsg-233\Fruit juice\B8WO388145HCZQFXJJX4DSU9.jpg,Fruit juice,all,caeb67c605eaeb1b257aac6596839387,e79360d09d0bca3d
../foodsg-233\chai tow kuay\CRI2GAZRKNHSBLK0C9XBUKIU.jpg,chai tow kuay,all,cb44629559535286119a6954d475ef65,b53cc2f04b622f93
../foodsg-233\rojak\20XI39R1SXS0S5QYK20NH7F1.jpg,rojak,all,cb44629559535286119a6954d475ef65,b53cc2f04b622f93
../foodsg-233\Soto ayam\ZTK4FSQQNLBMTKNTDIFC3HI7.jpg,Soto ayam,all,cb52659e4713c43e52d574e3c7ccc4e9,badedc7056425a4a
../foodsg-233\Mee soto\9VKD9F9A93QUKVHPGUXM8U0K.jpg,Mee soto,all,cb52659e4713c43e52d574e3c7ccc4e9,badedc7056425a4a
../foodsg-233\sliced fish soup\U7QR6RC1TTRXJQ3X3T3EIED4.jpg,sliced fish soup,all,cb5cf80f7232cc08c7ac29e158d1c402,d2a8c9872fde648a
../foodsg-233\cream soup\T9IIJ6MN7QM2P5YU3BBAY18Y.jpg,cream soup,all,cb5cf80f7232cc08c7ac29e158d1c402,d2a8c9872fde648a
../foodsg-233\beef noodle soup\HEOICGL1FZIXC39Y530UUH0U.jpg,beef noodle soup,all,cb69d440a507bb149cd762c0a8a2a736,87b89c7130676967
../foodsg-233\Lor mee\DMHZB2QOCY3WLX8VWUN8KF49.jpg,Lor mee,all,cb69d440a507bb149cd762c0a8a2a736,87b89c7130676967
../foodsg-233\Soto ayam\Q1HVQ9KFFFS0YYCYC9U3EIM0.jpg,Soto ayam,all,cb6e40dc54abab9a6b85422390c857f1,9ac16909111effab
../foodsg-233\Mee soto\KW3HDGG7QSB4B5ULS6504RFJ.jpg,Mee soto,all,cb6e40dc54abab9a6b85422390c857f1,9ac16909111effab
"../foodsg-233\Bee hoon, soto\O59Z2WFWNOAMNDDHRF9GULQC.jpg","Bee hoon, soto",all,cb6e40dc54abab9a6b85422390c857f1,9ac16909111effab
../foodsg-233\honeydew\4FPJX8P56M68Y6J54G6TS1E0.jpg,honeydew,all,cb6e6fc8a1c62da923a4f97909b90154,c4932b63376fa285
../foodsg-233\Fruit juice\JMA9DMJ7BVR82X17WKEN3EDQ.jpg,Fruit juice,all,cb6e6fc8a1c62da923a4f97909b90154,c4932b63376fa285
../foodsg-233\chin chow drink\Q4LK02PY6U7K7FRMLWPQNQ2Z.jpg,chin chow drink,all,cb7566452e28753674cd4591d41845d9,aa63538f34355a96
../foodsg-233\Bubble Milk Tea\PBRMYDWT4Z5VPUXV7WTNSCQ9.jpg,Bubble Milk Tea,all,cb7566452e28753674cd4591d41845d9,aa63538f34355a96
../foodsg-233\drunken prawn\9RJPT4BKLGY3T7OBG4QW18DI.jpg,drunken prawn,all,cb94f89913aabf7f3d656626dd27be43,beadf390c2d28998
../foodsg-233\fried prawn\2GQ9EM6OAQC6S1IKIDR8SQAH.jpg,fried prawn,all,cb94f89913aabf7f3d656626dd27be43,beadf390c2d28998
../foodsg-233\bee hoon\CRR4MH4DPHP4CYAJ5283LXBZ.jpg,bee hoon,all,cbcc2e1786c2d3775d17e3c2f5f2a88d,a9f6b3ea8a81bd80
"../foodsg-233\Bee hoon, soto\BY9PZP4J4VPJJVMHOZOJ13X8.jpg","Bee hoon, soto",all,cbcc2e1786c2d3775d17e3c2f5f2a88d,a9f6b3ea8a81bd80
../foodsg-233\Lontong with sayur lodeh\H4JF1XPIMJM779XSWVWN3IC6.jpg,Lontong with sayur lodeh,all,cbdec86d83c8f5f09a96c6e8fcff201b,b1ce84d3471e5b68
../foodsg-233\lontong\DC5ALD1ETVU0Z2UCCIQQ8OF0.jpg,lontong,all,cbdec86d83c8f5f09a96c6e8fcff201b,b1ce84d3471e5b68
../foodsg-233\Claypot Rice\RSMPP5ALBJAZ1TTKOIOAG50M.jpg,Claypot Rice,all,cc2175ab520ec959e094c0006e61bcb5,afc0a88ba186d6de
../foodsg-233\mixed vegetables\M937EZB6YHEDYU75FCS251SV.jpg,mixed vegetables,all,cc2175ab520ec959e094c0006e61bcb5,afc0a88ba186d6de
"../foodsg-233\Wanton mee, dry\T5DQZEKQQ6VWQ3X9YBXJUROA.jpg","Wanton mee, dry",all,cc4233fabfe2a347494fc3ab761a9d2b,efa6d1974a9188d8
../foodsg-233\Fried Noodles\TIHLJSRVPEFLMNWKXP1AD8IO.jpg,Fried Noodles,all,cc4233fabfe2a347494fc3ab761a9d2b,efa6d1974a9188d8
"../foodsg-233\Mee siam, fried\P8Y3PAMYSC4S4SD9NVI2BD4Q.jpg","Mee siam, fried",all,cc950bc1a1e9e8b1668608fb691caa8c,abc1909ec47dcb92
../foodsg-233\Mee siam\76MNGNE2331YBSF18QTVINQH.jpg,Mee siam,all,cc950bc1a1e9e8b1668608fb691caa8c,abc1909ec47dcb92
../foodsg-233\mixed vegetables\EA430CJNJQG1S2RBOFM281TP.jpg,mixed vegetables,all,ccb8217933bfc5f2e1b2a612bec3bf6c,be7cc0e10fd69849
../foodsg-233\green leafy vegetables\PUEC3P2J05390HBVCZ70LZBX.jpg,green leafy vegetables,all,ccb8217933bfc5f2e1b2a612bec3bf6c,be7cc0e10fd69849
../foodsg-233\Lontong with sayur lodeh\7YS8ATB9VTV2P6P298SIYZK7.jpg,Lontong with sayur lodeh,all,ccc8a41b76213e1698a7b2436679e26f,ddf84261c3a68cce
../foodsg-233\lontong\3X682ZNPXRRTB37FIDL8BVKD.jpg,lontong,all,ccc8a41b76213e1698a7b2436679e26f,ddf84261c3a68cce
../foodsg-233\Mee rebus\AHO5BP4O0ONLFKBH6I6XJ05C.jpg,Mee rebus,all,ccd20558c0c39df9cfe0e0ac26b7ba47,d154429a4b6e8df3
../foodsg-233\Mee kuah\DXPTEHKPZCG7KL95PFZWXENW.jpg,Mee kuah,all,ccd20558c0c39df9cfe0e0ac26b7ba47,d154429a4b6e8df3
../foodsg-233\whole wheat\R3SSW5L5MLYNCG3LCOUVOUY8.jpg,whole wheat,all,cce0fbd28c77618025b5ad23d42064e1,f98f8d583c3821ea
../foodsg-233\whole grain bread\Q3YEWHBL4J4W44CT76FXQ5N3.jpg,whole grain bread,all,cce0fbd28c77618025b5ad23d42064e1,f98f8d583c3821ea
../foodsg-233\Pomelo\1DJ06RCLBNBFLIT4ZES369LQ.jpg,Pomelo,all,ccff8dc2623cf1e6c0a4a028e00dd8b6,e3a71c9869c91ec6
../foodsg-233\Grapefruit\GLBMMZXGIH7L8JPHRUQ9GN61.jpg,Grapefruit,all,ccff8dc2623cf1e6c0a4a028e00dd8b6,e3a71c9869c91ec6
../foodsg-233\bee hoon\T4B73XPHZO0M6ZXLT8CGTH4O.jpg,bee hoon,all,cd0f7435a673edcfcb0569aa832d360d,9a4e01715eb37a78
"../foodsg-233\Bee hoon, soto\XBQ39R712RWJZAZADGNV0S4C.jpg","Bee hoon, soto",all,cd0f7435a673edcfcb0569aa832d360d,9a4e01715eb37a78
../foodsg-233\Mee siam\QVI8YO8XAPT09UG6WG03A6W4.jpg,Mee siam,all,cd5d7e71f5ba71516975e99ef35fb48c,80cb2f60f78234bf
"../foodsg-233\Mee siam, fried\GJ15FH0P685JRX9TBH0PLKL7.jpg","Mee siam, fried",all,cd5d7e71f5ba71516975e99ef35fb48c,80cb2f60f78234bf
../foodsg-233\mushroom soup\B7LQCZLDPSPCSDQ8TG0Z9GGX.jpg,mushroom soup,all,cd5eae9b9d21132be3e251506621893f,803f1f7c7c606167
../foodsg-233\cream soup\FFD68OPRCFJNF1C75WHEZIDB.jpg,cream soup,all,cd5eae9b9d21132be3e251506621893f,803f1f7c7c606167
../foodsg-233\Grapefruit\B6OIFCXA9PSQEZEX008KB7ZP.jpg,Grapefruit,all,cd5f807db84e8e5bd6337a3ba9d9a21b,b6f0c031cff0cf06
../foodsg-233\Pomelo\14S07JK0FE4DO03RUI14EYRF.jpg,Pomelo,all,cd5f807db84e8e5bd6337a3ba9d9a21b,b6f0c031cff0cf06
../foodsg-233\Mee rebus\TQCD9Y9ABI9OEQFFKO0C6QTR.jpg,Mee rebus,all,cd813e2c21f580205ab8b729ad2e0e16,936c91926cb55a6d
../foodsg-233\Mee bandung\1VZUSLJBOBDFHEEE5MLB89FV.jpg,Mee bandung,all,cd813e2c21f580205ab8b729ad2e0e16,936c91926cb55a6d
../foodsg-233\Mee kuah\R9GBXQ1UDIOASGHMSVZCWN0F.jpg,Mee kuah,all,cd813e2c21f580205ab8b729ad2e0e16,936c91926cb55a6d
../foodsg-233\bee hoon\I7QWT8UZE1L4V0IUA6DFBTIL.jpg,bee hoon,all,cdc7a3c09a1b648cf34d418568543b25,b934d0f2c6c29acb
"../foodsg-233\Mee siam, fried\2MPBPPVSEVQ3DLRULBFP9OJO.jpg","Mee siam, fried",all,cdc7a3c09a1b648cf34d418568543b25,b934d0f2c6c29acb
"../foodsg-233\Bee hoon, goreng\ZGBD8MNU14T2FKXJGTXQGELN.jpg","Bee hoon, goreng",all,cdc7a3c09a1b648cf34d418568543b25,b934d0f2c6c29acb
"../foodsg-233\Mee siam, fried\UZV4O4CBY94AQPFE6NH3E2XY.jpg","Mee siam, fried",all,cdd21ee585bc525e315d25cdaf4cfe57,f8c9b17945644e65
../foodsg-233\Mee siam\1VB33KW3T7AA27TIAVQUS15A.jpg,Mee siam,all,cdd21ee585bc525e315d25cdaf4cfe57,f8c9b17945644e65
../foodsg-233\satay bee hoon\F6IEPXJZ7OG8TE6B45SSYZSY.jpg,satay bee hoon,all,cdfb9f478bc50e94f18ef8a48493b7c2,a3fb8f309e60ba60
../foodsg-233\bee hoon\60H6H5YPVIOCCN1A5J9UFGMS.jpg,bee hoon,all,cdfb9f478bc50e94f18ef8a48493b7c2,a3fb8f309e60ba60
../foodsg-233\char siew pau\VZ3K5HS0IQ8GGZDICV5ZNWXT.jpg,char siew pau,all,ce2152af24137ee2e1a615019bd08235,90d417877552da3b
../foodsg-233\steamed buns\SDDEGZ6R2AGGIL65ZAMJ2IH4.jpg,steamed buns,all,ce2152af24137ee2e1a615019bd08235,90d417877552da3b
../foodsg-233\chicken soup\9D7Y5X4S9AMMT1IZ7UEKHXJI.jpg,chicken soup,all,ce2865b59d32011f638198ee896c584b,a2038f8f3c9c747c
../foodsg-233\dumpling\W0MO4DO1D51QY34CAHGNA2UL.jpg,dumpling,all,ce2865b59d32011f638198ee896c584b,a2038f8f3c9c747c
../foodsg-233\Kway Teow\ODUUWUL2FZ4WKOJY44JK2LM1.jpg,Kway Teow,all,ce72b04485fcb4126afd2699238861c0,a8a5372c35665bd1
../foodsg-233\Mee goreng\RYEDDL62B45SZATOSHSB2U2N.jpg,Mee goreng,all,ce72b04485fcb4126afd2699238861c0,a8a5372c35665bd1
../foodsg-233\hokkien prawn mee\YV0X5CA409J9GY5UMWYQC91E.jpg,hokkien prawn mee,all,ce75112c088db65aae29e6f970997f03,e3e6ac988d7324a9
../foodsg-233\bee hoon\QMMGEOEJUU68FCPK55MORR5C.jpg,bee hoon,all,ce75112c088db65aae29e6f970997f03,e3e6ac988d7324a9
../foodsg-233\bak chor mee\YP3D6R545NVONPI1Y7QQALQN.jpg,bak chor mee,all,cea2c66dca6a19fd69843904cb769e45,e8a6846947b56c67
"../foodsg-233\Wanton mee, dry\K0YH3KRH1LCMDOXVN0VZLH3E.jpg","Wanton mee, dry",all,cea2c66dca6a19fd69843904cb769e45,e8a6846947b56c67
../foodsg-233\Blackberry\8LYJV5LASRRO6SCEVTW693XW.jpg,Blackberry,all,ceb6c5e2a1a1ce3bf987df0ce41f3f20,df2eed81c45991b0
../foodsg-233\raspberry\B0X1LAOZPVFNKXWDJITUCSAH.jpg,raspberry,all,ceb6c5e2a1a1ce3bf987df0ce41f3f20,df2eed81c45991b0
"../foodsg-233\Bee hoon, goreng\M33HYN7RW991SSUUX11LNE9D.jpg","Bee hoon, goreng",all,cef8a0f01abc1bde6965ee3a814acbff,ffc0574aaea0871a
../foodsg-233\bee hoon\MOGSFBN3NUI7ZW3FEBBEE6HZ.jpg,bee hoon,all,cef8a0f01abc1bde6965ee3a814acbff,ffc0574aaea0871a
../foodsg-233\char siew pau\B2L5SDQCW79R4W4RC1LIX3ZQ.jpg,char siew pau,all,cf4fb64008a1ffea5a1dcc33d1c1bfd4,c22c7a9336cb7193
../foodsg-233\steamed buns\MHB8OVK0BRA2FKIQXIL54X89.jpg,steamed buns,all,cf4fb64008a1ffea5a1dcc33d1c1bfd4,c22c7a9336cb7193
"../foodsg-233\Bee hoon, goreng\98BCIYIROBNH79M2NU5UMU68.jpg","Bee hoon, goreng",all,cf86985a372f11ae72217b2fdce16f17,d0cb0f8e3e35b464
"../foodsg-233\Pilaf, pea\43IWZ2Z8BDO4J1CL80LI430H.jpg","Pilaf, pea",all,cf86985a372f11ae72217b2fdce16f17,d0cb0f8e3e35b464
../foodsg-233\ice cream - chocolate\FQEL1PNAU3OBJDD51AAOWU9N.jpg,ice cream - chocolate,all,cfe0ac43e1f94a015d25c7652c0475ee,b93bc8833f1e3078
../foodsg-233\ice cream - vanilla\943CTENUA7370WHX67V8DK4X.jpg,ice cream - vanilla,all,cfe0ac43e1f94a015d25c7652c0475ee,b93bc8833f1e3078
../foodsg-233\fish head curry\3UMRW4AY60SZP899O9RO6XF1.jpg,fish head curry,all,cfe5c1fe1d2f837255ed3e5bc9d197ea,d7bcd0e1dac08bc2
../foodsg-233\assam pedas\337WLEZWC7MEBUBBXSFUA1T8.jpg,assam pedas,all,cfe5c1fe1d2f837255ed3e5bc9d197ea,d7bcd0e1dac08bc2
../foodsg-233\Dumpling noodle soup\O81M164TCNLGNTO15GCN7V4F.jpg,Dumpling noodle soup,all,cfeb50e1189f010ea33504905992efc3,9ebe24408e679c76
../foodsg-233\Ban Mian\ZTLN0WHYLR5DNQ8WRW04PO5U.jpg,Ban Mian,all,cfeb50e1189f010ea33504905992efc3,9ebe24408e679c76
../foodsg-233\whole grain bread\4R6KSYE9NP5TRP4YO1YLPV31.jpg,whole grain bread,all,d04539a627d0667d20cb97383cb7bd02,a0dbd2362fbda430
../foodsg-233\whole wheat\C4V5LNBIBH5F16RTHDOTW5B9.jpg,whole wheat,all,d04539a627d0667d20cb97383cb7bd02,a0dbd2362fbda430
../foodsg-233\Dumpling noodle soup\J9J2EBKSOOF0WYKLZ6IG80JB.jpg,Dumpling noodle soup,all,d0518a1a5ab84c057d75c1ff5916e950,a0cf477a39e0d08f
../foodsg-233\char siew pau\MHLD0A4UCHLSUNCFF25QAZ2O.jpg,char siew pau,all,d0518a1a5ab84c057d75c1ff5916e950,a0cf477a39e0d08f
../foodsg-233\satay bee hoon\70CJHPFPHW0B9ZUE2UDHDDE7.jpg,satay bee hoon,all,d0550a1c65cea5ea19355953cac4bc78,ebc1bdace0908795
"../foodsg-233\Bee hoon, soto\Q5SM4K3N4G2QSPC2GNZTUKXN.jpg","Bee hoon, soto",all,d0550a1c65cea5ea19355953cac4bc78,ebc1bdace0908795
"../foodsg-233\Rice, with dakgalbi\13YRP82NQGKB44C3MKKX7VDI.jpg","Rice, with dakgalbi",all,d0704e59232e9aa4658372b569763628,f729c2962c7b6c24
../foodsg-233\pancake\QSEW83U9TT7L04XDADXLJA9B.jpg,pancake,all,d0704e59232e9aa4658372b569763628,f729c2962c7b6c24
"../foodsg-233\Rice, with dakgalbi\SVSSIYH8DAB0J4WLWW9CY6EY.jpg","Rice, with dakgalbi",all,d08f1619a17e617d591602109d8e923e,f4cb012c47353e73
../foodsg-233\cooked white rice\OCX3KIFPF90K2SD9YUGC4THN.jpg,cooked white rice,all,d08f1619a17e617d591602109d8e923e,f4cb012c47353e73
../foodsg-233\Fried Noodles\6ANRPOL8AHBG0JPKX5ZI2Y11.jpg,Fried Noodles,all,d099976d3fdfbf3c79e2a2e3e283b672,ffc7c06a03aca790
../foodsg-233\Udon\XHDQUUTE6RN8KVD85TX6RFHR.jpg,Udon,all,d099976d3fdfbf3c79e2a2e3e283b672,ffc7c06a03aca790
../foodsg-233\sliced fish soup\RS95Y3TT2BONPR1QNKU5OANR.jpg,sliced fish soup,all,d0adb39b81b6294feca21eb2e486e5a5,82fb97b51a305ae1
"../foodsg-233\Bee hoon, soto\B074GPKEYVL0DYI3UU525NDR.jpg","Bee hoon, soto",all,d0adb39b81b6294feca21eb2e486e5a5,82fb97b51a305ae1
../foodsg-233\har cheong gai\IUWI8H3UT81SYNG047IWBE1A.jpg,har cheong gai,all,d0af302e441f5b3e78a33cfc4231c0d5,bff032578991d618
../foodsg-233\fried chicken\SW30XJN8WKBIWNCEDHIY1B2K.jpg,fried chicken,all,d0af302e441f5b3e78a33cfc4231c0d5,bff032578991d618
../foodsg-233\Mee soto\097D8X4F327XCIKYM88JKBXU.jpg,Mee soto,all,d0bd368aba2a8bba2534af9ff484609f,d1825ab5a6de3a49
"../foodsg-233\Bee hoon, soto\E1WHXB4DLEZJL82INETC8SL5.jpg","Bee hoon, soto",all,d0bd368aba2a8bba2534af9ff484609f,d1825ab5a6de3a49
../foodsg-233\Apple\CKAX20CB29BSRHDVDXKWB4BM.jpg,Apple,all,d0d828ac132c2eaede69a87d84a9d90c,8be33039c1e17979
../foodsg-233\blueberries\07VECLSNTVFFL2F9GHXGGUSJ.jpg,blueberries,all,d0d828ac132c2eaede69a87d84a9d90c,8be33039c1e17979
"../foodsg-233\Bee hoon, goreng\5SKR330TH9SPVUER5FPKI4QD.jpg","Bee hoon, goreng",all,d0ff54ff27ad7a2ffc59b24a899347ad,e4c4812f9938773d
../foodsg-233\bee hoon\4R19K6GWVTGDWMAGHR3KKRNJ.jpg,bee hoon,all,d0ff54ff27ad7a2ffc59b24a899347ad,e4c4812f9938773d
../foodsg-233\whole grain bread\LTJJTZ1UEPHPE1NQ2LB2PVJA.jpg,whole grain bread,all,d10850b5f33019acc9e330de7fb585b0,9ce0638de63d90ce
../foodsg-233\whole wheat\ORJ9MPSS40A82KXDBNG0LI8N.jpg,whole wheat,all,d10850b5f33019acc9e330de7fb585b0,9ce0638de63d90ce
../foodsg-233\Mee rebus\UMCUYN95B8URSJ1PN3098G5H.jpg,Mee rebus,all,d1166be2dc4c375a4eccf041cc6d7d5b,99e3e619192ee037
../foodsg-233\Laksa\3B6CIEMCO1KZIKV6MOG5BRDL.jpg,Laksa,all,d1166be2dc4c375a4eccf041cc6d7d5b,99e3e619192ee037
../foodsg-233\Mee kuah\CV518PQNR4SUV86ORW33ITF2.jpg,Mee kuah,all,d13b95b8bab6ff2c9ac09edac8160b22,97032a9cb40f64df
../foodsg-233\Mee bandung\TJM47HMK9UXY38SR20CUT25C.jpg,Mee bandung,all,d13b95b8bab6ff2c9ac09edac8160b22,97032a9cb40f64df
../foodsg-233\mixed grills\GIARLCAVWCR9RD7W4KOGMRD2.jpg,mixed grills,all,d18da4f185a4d7ffc085ca346eba0d63,c53e3fe83b406a43
../foodsg-233\mixed vegetables\14FEL1W34T2F2XTB122CB637.jpg,mixed vegetables,all,d18da4f185a4d7ffc085ca346eba0d63,c53e3fe83b406a43
../foodsg-233\Mee siam\TAT6ZVGVIZG11P2VAPI40WKV.jpg,Mee siam,all,d1a2d9a3f5c9174afb6a9232e86c7338,e4847a8f4ffc1115
../foodsg-233\assam pedas\A4NOZQRSM5A12RK54Y6W0JTO.jpg,assam pedas,all,d1a2d9a3f5c9174afb6a9232e86c7338,e4847a8f4ffc1115
"../foodsg-233\Bee hoon, soto\SQT34HMU7ILATLRI2119LYRC.jpg","Bee hoon, soto",all,d1cffa61de9497e96cc4fd0f7885c74a,f3944d36959e3c28
../foodsg-233\Seafood Noodles Soup\WMHRQBCAH30CL425X60NX761.jpg,Seafood Noodles Soup,all,d1cffa61de9497e96cc4fd0f7885c74a,f3944d36959e3c28
../foodsg-233\whole wheat\GNH5RSH5YDD22ZOLEII4KTW0.jpg,whole wheat,all,d1ded25b1ede66233a938e433c058cc8,a1477246ec1bb659
../foodsg-233\whole grain bread\M6JDXY700W9RUQ2U65SSSC2V.jpg,whole grain bread,all,d1ded25b1ede66233a938e433c058cc8,a1477246ec1bb659
../foodsg-233\char siew pau\PSKTQK8XETWPM224A19I56JN.jpg,char siew pau,all,d1fa2c944428086f04bcb17f9a69eba1,90f12bedf00c4f96
../foodsg-233\steamed buns\QSEY1LWYLMW6ERICZUOVYE1X.jpg,steamed buns,all,d1fa2c944428086f04bcb17f9a69eba1,90f12bedf00c4f96
../foodsg-233\Dumpling noodle soup\884Q8Y13VSXPO3BDRLIMYPA8.jpg,Dumpling noodle soup,all,d20ed9ed3d5281f55b335423d8ed9126,855d3880b79f5aa9
"../foodsg-233\Wanton mee, dry\71ZDCWQUA7T5XIBRF4BBG1W8.jpg","Wanton mee, dry",all,d20ed9ed3d5281f55b335423d8ed9126,855d3880b79f5aa9
../foodsg-233\bee hoon\IY5C2WDOPPGWG6CHWAO2T881.jpg,bee hoon,all,d22f6f761581bc6f4a6ffe4ecdbdf1e6,bfc0e0b4a16ba1e3
../foodsg-233\satay bee hoon\AIDCW9AL7VDWL1I938C75QOJ.jpg,satay bee hoon,all,d22f6f761581bc6f4a6ffe4ecdbdf1e6,bfc0e0b4a16ba1e3
../foodsg-233\chicken soup\V6VTSXMPZYTGQK8L7Y6WWBND.jpg,chicken soup,all,d24229b89e1cc13e1a361c80b644ad79,c0e41d2f6b4bb6d0
../foodsg-233\cream soup\Z3N8JVTHKD8FGEM4NGQYIDUU.jpg,cream soup,all,d24229b89e1cc13e1a361c80b644ad79,c0e41d2f6b4bb6d0
../foodsg-233\Kopi Teh Milo\SCDKKJHOU92PFEK0VVWE57SS.jpg,Kopi Teh Milo,all,d25cf3b8fc68b3f9a3c355300c7b94f9,a81735686fec8333
../foodsg-233\nasi lemak\LD1LYEPUWYTSE2IY0L67W3E9.jpg,nasi lemak,all,d25cf3b8fc68b3f9a3c355300c7b94f9,a81735686fec8333
"../foodsg-233\Bee hoon, soto\SH5J42Y8BLTF2FNBA7WADAE8.jpg","Bee hoon, soto",all,d26d394613a770051dc1308ff705fa26,ee91c49e9be41b21
../foodsg-233\sliced fish soup\F9LY96VEGMSZ1CTGL2F15CZV.jpg,sliced fish soup,all,d26d394613a770051dc1308ff705fa26,ee91c49e9be41b21
../foodsg-233\Seafood Noodles Soup\1BZVYUDE4BKZ57ZS6S8Q8O8N.jpg,Seafood Noodles Soup,all,d26d394613a770051dc1308ff705fa26,ee91c49e9be41b21
../foodsg-233\Laksa\CW444I30B8BO3JPB7NNWADMZ.jpg,Laksa,all,d282eab64d1e02e7a024f27827b612dc,daca55c24e85391f
../foodsg-233\Mee rebus\1W3IMNXCLPOGNMGXV8U7BDJH.jpg,Mee rebus,all,d282eab64d1e02e7a024f27827b612dc,daca55c24e85391f
../foodsg-233\Lontong with sayur lodeh\RQG0WISZUYUVAWGBX4CY5C79.jpg,Lontong with sayur lodeh,all,d2c017312fecb6993096885e6971ada3,fee48492834b8f6c
../foodsg-233\lontong\EP992B157B805IXE8C05IZA4.jpg,lontong,all,d2c017312fecb6993096885e6971ada3,fee48492834b8f6c
../foodsg-233\Soto ayam\LFZPHFF3Q5MP7E7F5ZZJMO1H.jpg,Soto ayam,all,d2cca4dbb46b2162cb4b8b8a4b970f1d,96da41e51f3c78c2
../foodsg-233\Mee soto\QRRGU2ZF0YS3WF9W6ZFRG7I6.jpg,Mee soto,all,d2cca4dbb46b2162cb4b8b8a4b970f1d,96da41e51f3c78c2
"../foodsg-233\Bee hoon, goreng\7XEQXJBUH7STKM65LEMIMSQX.jpg","Bee hoon, goreng",all,d2ccd9f7e21860f797c9672c6cf45eac,aa84386aa45feaec
../foodsg-233\Kway Teow\9H4IE0GFTJKGCE1N5YZRO90N.jpg,Kway Teow,all,d2ccd9f7e21860f797c9672c6cf45eac,aa84386aa45feaec
../foodsg-233\Mee rebus\MK9VO4KYNEGKJ0E2L0YRTD5H.jpg,Mee rebus,all,d2f95f19f68d5671c71a66e830d7eefd,afe0ed95d31e1c10
../foodsg-233\Mee bandung\AVOS0IUTEEBSFGHN745FC0TW.jpg,Mee bandung,all,d2f95f19f68d5671c71a66e830d7eefd,afe0ed95d31e1c10
../foodsg-233\Soto ayam\KJYORM5XHF44UB78LVYRSTME.jpg,Soto ayam,all,d304767ad63985acfeaac4daab2da2af,802d87359eb59ab6
../foodsg-233\Mee soto\DWCFFPJ4XCXPCZDJWEFDBAT1.jpg,Mee soto,all,d304767ad63985acfeaac4daab2da2af,802d87359eb59ab6
"../foodsg-233\Bee hoon, soto\6YUO36VFKVW8AJ242ALOU1E1.jpg","Bee hoon, soto",all,d304767ad63985acfeaac4daab2da2af,802d87359eb59ab6
../foodsg-233\Mee goreng\AGTWH10ZMMD72HO93CQWOYZU.jpg,Mee goreng,all,d32a3310d66ca9406342e54e6f33fe7d,ac9a546a61af6c74
"../foodsg-233\Bee hoon, goreng\QH0CXVILLYMH3VA1CQD6ESQY.jpg","Bee hoon, goreng",all,d32a3310d66ca9406342e54e6f33fe7d,ac9a546a61af6c74
../foodsg-233\whole wheat\JBK127DAE1PORHI1CUYCUAJ6.jpg,whole wheat,all,d363e2186b6a28ec532578e4c3d5a9f0,d485e3d22dc83ec9
../foodsg-233\Wholegrain Wrap\9MR7DKAZ6WBV7VJVXZF55G5B.jpg,Wholegrain Wrap,all,d363e2186b6a28ec532578e4c3d5a9f0,d485e3d22dc83ec9
../foodsg-233\Dumpling noodle soup\72XO3ONMS7LLX6ZL8RLR0IQN.jpg,Dumpling noodle soup,all,d3729aebcdf8b17aa7b9f82474a4b018,95285a3b6ad523f2
"../foodsg-233\Wanton mee, dry\XOXGJXW6GQQRWBU9KHVOHYTC.jpg","Wanton mee, dry",all,d3729aebcdf8b17aa7b9f82474a4b018,95285a3b6ad523f2
../foodsg-233\Soto ayam\TLGAXMA73WDKBWSB9WCWI6ZQ.jpg,Soto ayam,all,d395d93a64e25ab780524949bcc61fa7,c75b9a6a25e485e2
../foodsg-233\Mee soto\13KNK7TSNMFOUUJYIW8N0CRB.jpg,Mee soto,all,d395d93a64e25ab780524949bcc61fa7,c75b9a6a25e485e2
../foodsg-233\Mee soto\1WROK7A19GF076WG00OJKI7E.jpg,Mee soto,all,d3cc4baf8548f53211babccf4f8ce007,e790f0cd8536c34e
../foodsg-233\Mee rebus\ZF4NYPI7154Y53VEBOTYCWAM.jpg,Mee rebus,all,d3cc4baf8548f53211babccf4f8ce007,e790f0cd8536c34e
"../foodsg-233\Bee hoon, goreng\7YNULWF8UJETJ3K1ZH5Z9P9I.jpg","Bee hoon, goreng",all,d3d652328bab7f24bdf781e5e66693ff,acc2a3adde0dcc98
"../foodsg-233\Bee hoon, soto\SXKTLIPEQI6X4H53NH8FUGC5.jpg","Bee hoon, soto",all,d3d652328bab7f24bdf781e5e66693ff,acc2a3adde0dcc98
"../foodsg-233\Bee hoon, goreng\J6HI6UUXY7H39BLW7P27F2W5.jpg","Bee hoon, goreng",all,d41108b2414daae85a62b7deeb236f7d,f992b5cad309e489
../foodsg-233\Mee goreng\8K8JH1OF8KMRY6TSSP2EMAF8.jpg,Mee goreng,all,d41108b2414daae85a62b7deeb236f7d,f992b5cad309e489
"../foodsg-233\Bee hoon, goreng\GFP7ADSNX0SSVPR93SOZPN28.jpg","Bee hoon, goreng",all,d422c78f83c1fd87958ff9a92de24239,f8a80bab07983af5
../foodsg-233\hokkien prawn mee\2HP0O3REGQSZ47IC3NSKWQ1P.jpg,hokkien prawn mee,all,d422c78f83c1fd87958ff9a92de24239,f8a80bab07983af5
../foodsg-233\whole wheat\THJQFJADNZ4NKKUDRKU52FT9.jpg,whole wheat,all,d439396f574dfdef6484f1820eb00bfb,ee5691a1c5dbc069
../foodsg-233\whole grain bread\QI7LGSX7E6SPSPDV7H8WA1R4.jpg,whole grain bread,all,d439396f574dfdef6484f1820eb00bfb,ee5691a1c5dbc069
../foodsg-233\Mee siam\TAH6U1OXPU5RWL0A1ZE2BSE8.jpg,Mee siam,all,d4453f85635afde57cdcfcd93296ece6,e4c997741bc23cc3
../foodsg-233\Mee rebus\RWZX1G1WUWLDOK2QURIAHLZW.jpg,Mee rebus,all,d4453f85635afde57cdcfcd93296ece6,e4c997741bc23cc3
../foodsg-233\Mee soto\HD8453BF1X3PQ0DYHVNTFBXH.jpg,Mee soto,all,d4707ac010d7b5e58b99acb7256827ff,e9cc93344f9b0ec1
../foodsg-233\Soto ayam\CACOIKBA9RMMN2IC1U504E17.jpg,Soto ayam,all,d4707ac010d7b5e58b99acb7256827ff,e9cc93344f9b0ec1
../foodsg-233\siew mai\ZJ0QNV3COV0RT88AS8E0TPA9.jpg,siew mai,all,d484ef6f9ec37a838f6e3794e01de910,b52bd1944b8594fa
../foodsg-233\siew mai\3KHD7TEB2Q4M10V4LGO5Y2KH.jpg,siew mai,all,d484ef6f9ec37a838f6e3794e01de910,b52bd1944b8594fa
../foodsg-233\Wholegrain Wrap\GF4XJKMZN27SLCMYHB19F4ZA.jpg,Wholegrain Wrap,all,d4870e9e8d7600804291a355a33705e8,9332581f7ed42672
../foodsg-233\whole wheat\23PR8SR0F1BPPIUT5ELXIVCK.jpg,whole wheat,all,d4870e9e8d7600804291a355a33705e8,9332581f7ed42672
"../foodsg-233\Mee siam, fried\HN8O5AS1GULH2EBZMD6K8GNN.jpg","Mee siam, fried",all,d4882b51fdd7b0cd8357b88ce07e412e,902e574362977b2b
../foodsg-233\Mee siam\U1VOPGY83YXC7395EH45L5N0.jpg,Mee siam,all,d4882b51fdd7b0cd8357b88ce07e412e,902e574362977b2b
../foodsg-233\Sweets\CO5W7KMU10KL8YXEMM5RP2YM.jpg,Sweets,all,d4c460d64de9d7958d6cb2be475e6372,ae1be587d9f83050
../foodsg-233\Chocolate\5MWSLVVJ4GYA76Z604G9ZEE7.jpg,Chocolate,all,d4c460d64de9d7958d6cb2be475e6372,ae1be587d9f83050
../foodsg-233\Duck Rice\3NBXLGGA3H4QLYG0AZSIQH8W.jpg,Duck Rice,all,d519a41f87a96ececa745b5917ac868b,be36a06a92b51f85
../foodsg-233\yam rice\JQ2UCJY7FUDS8P9QSBJCX5VF.jpg,yam rice,all,d519a41f87a96ececa745b5917ac868b,be36a06a92b51f85
../foodsg-233\bee hoon\ZWMXY4XL8QAH1S2UMTI19O7H.jpg,bee hoon,all,d5425e9e92589ca49302fd0b9afe0cfe,bbc5c84bc43ec4d2
"../foodsg-233\Bee hoon, soto\TKEATUB6XJRS0AU4PDFKREI3.jpg","Bee hoon, soto",all,d5425e9e92589ca49302fd0b9afe0cfe,bbc5c84bc43ec4d2
"../foodsg-233\Bee hoon, goreng\OOGR8TIA1XR0XXA44OM2ND74.jpg","Bee hoon, goreng",all,d546436905fe1e2debdcc879ab901bcb,e08d6609b59b5aea
../foodsg-233\drunken prawn\W4QRMTZ1XVTD6KW9L56652XQ.jpg,drunken prawn,all,d546436905fe1e2debdcc879ab901bcb,e08d6609b59b5aea
../foodsg-233\bak chor mee\FDWUP8M214BVN3QIJHOMRKT4.jpg,bak chor mee,all,d58b0dd94854f47b385ba2fc9ffde221,e0de8bb3ae919451
../foodsg-233\mee pok\XBWOHK2Q22DXADGYAJBXCTRK.jpg,mee pok,all,d58b0dd94854f47b385ba2fc9ffde221,e0de8bb3ae919451
../foodsg-233\Seafood Noodles Soup\ELAGJZ71K2QQDKRS9LF9TA61.jpg,Seafood Noodles Soup,all,d5d71e9f92a8a005a6cf818882d39340,ef8ea034d12dc78c
../foodsg-233\Ban Mian\A9DRQNQM5LN6AOJ7HU9TRKK4.jpg,Ban Mian,all,d5d71e9f92a8a005a6cf818882d39340,ef8ea034d12dc78c
../foodsg-233\Blackberry\VX57313W3MLKPXU8EYQD3G5O.jpg,Blackberry,all,d5ed7e8dabd67b844d8c1bc361bbea90,b689278b40adb769
../foodsg-233\raspberry\W1UK5JNQ08PFJXCZCTWRDM40.jpg,raspberry,all,d5ed7e8dabd67b844d8c1bc361bbea90,b689278b40adb769
"../foodsg-233\Wanton mee, dry\QXCY296PAVJTK1R94V61U389.jpg","Wanton mee, dry",all,d60533ff91f2ef79021a3fcdbdfffc24,a4fe81f047f07f80
../foodsg-233\Dumpling noodle soup\FJAHO90LBP6NR1JOPCR91KFS.jpg,Dumpling noodle soup,all,d60533ff91f2ef79021a3fcdbdfffc24,a4fe81f047f07f80
../foodsg-233\mushroom soup\OSXWSMQ4UCME55BZHGHGBWR1.jpg,mushroom soup,all,d6234c5837c82d8c9b2f836f08f46a90,d22f34b6d253498d
../foodsg-233\cream soup\02Y0152CQDVKDPQFXKCU2BVS.jpg,cream soup,all,d6234c5837c82d8c9b2f836f08f46a90,d22f34b6d253498d
../foodsg-233\bee hoon\WVA974FMT1AQWQL1V3H9AF98.jpg,bee hoon,all,d6463c12acf1691c46b2fdb78384f360,f3c5dc6181cdf490
"../foodsg-233\Bee hoon, goreng\OQE4XILTAPZ7FRKOE39ERR8D.jpg","Bee hoon, goreng",all,d6463c12acf1691c46b2fdb78384f360,f3c5dc6181cdf490
../foodsg-233\drunken prawn\EEYR99275X40MNR5XAUJHLBU.jpg,drunken prawn,all,d66c20c46b5f6441d78b2c801edff358,93ed0fb90bf4ca02
../foodsg-233\fried prawn\PMNTUY60OVV80Z5PNZLFMPUC.jpg,fried prawn,all,d66c20c46b5f6441d78b2c801edff358,93ed0fb90bf4ca02
../foodsg-233\sliced fish soup\Z6QMO9958BJKZ1S30ZO1QZTY.jpg,sliced fish soup,all,d691d8a07b5bef66bf49e435717b5088,b298cce33c1ce363
../foodsg-233\Seafood Noodles Soup\AB1M8E92082T2QTEHCTYW4XS.jpg,Seafood Noodles Soup,all,d691d8a07b5bef66bf49e435717b5088,b298cce33c1ce363
../foodsg-233\xiao long bao\2WVLZ4FMWAJXUSDYZ583IH7K.jpg,xiao long bao,all,d6b0799258f8da288b56507b37a2273e,80e7bdf8920f9269
../foodsg-233\char siew pau\GBO9XP0YCTOXEDYC3B9P2450.jpg,char siew pau,all,d6b0799258f8da288b56507b37a2273e,80e7bdf8920f9269
../foodsg-233\Mee bandung\XV7UEBVMHG69JH9500BTEQLX.jpg,Mee bandung,all,d6c0ace4319dda334fd0f7128be61d48,eabd9cd8b4c0a5d0
../foodsg-233\Mee kuah\LMJEADX681KUGP3ZJVE116VM.jpg,Mee kuah,all,d6c0ace4319dda334fd0f7128be61d48,eabd9cd8b4c0a5d0
../foodsg-233\mixed vegetables\ZYHXROG4GX8IAS6NKHT2VMAH.jpg,mixed vegetables,all,d6d183a8125443d32ccf037f2ecfaada,99e3c4c48e9ab6b1
"../foodsg-233\Rice, with dakgalbi\H9T58GV1OBMMLJ7RY8SN1GFR.jpg","Rice, with dakgalbi",all,d6d183a8125443d32ccf037f2ecfaada,99e3c4c48e9ab6b1
../foodsg-233\lontong\DJAK30GEJ0WP4AGJ2EZ7C1PG.jpg,lontong,all,d72eda78a1e83400fd766308d271c7d1,c40c7e27799c64d3
../foodsg-233\Lontong with sayur lodeh\P518M15U87N2EJGZV5D362ET.jpg,Lontong with sayur lodeh,all,d72eda78a1e83400fd766308d271c7d1,c40c7e27799c64d3
../foodsg-233\nasi lemak\9FXUY37CR94WPJR9FGBT72YO.jpg,nasi lemak,all,d7331f3a713a77787cbd4f0e3927451d,8e9cb14296cfc82f
../foodsg-233\sambal stingray\NO1TLQ2QQ7V1E10SEAMJ89ZZ.jpg,sambal stingray,all,d7331f3a713a77787cbd4f0e3927451d,8e9cb14296cfc82f
../foodsg-233\Pomelo\QR0J78D3ZN534XZFSOANQZ3H.jpg,Pomelo,all,d7339fc377cc24c73fd6e1cd9b42ad79,b4ba6d572d4a4654
../foodsg-233\Grapefruit\ZR0NCF99KOB5E900KSV4PR54.jpg,Grapefruit,all,d7339fc377cc24c73fd6e1cd9b42ad79,b4ba6d572d4a4654
"../foodsg-233\Bee hoon, goreng\FUSTHOPVFUFLIT2GZ3MEHLHW.jpg","Bee hoon, goreng",all,d782ef2a799841d86652715d54ad5f0d,d55c4d013c4b79e6
../foodsg-233\bee hoon\2QGR5C3FY7KEBJ012W3G8MMG.jpg,bee hoon,all,d782ef2a799841d86652715d54ad5f0d,d55c4d013c4b79e6
../foodsg-233\Soto ayam\LL049K3GRGV19K8ESFJW0GGH.jpg,Soto ayam,all,d79e526e3e0d748bc612e0eb3c17459f,c0ad2dcc7cda70c3
../foodsg-233\Mee soto\1VGYRSMCT58R5MXUVT6OIF3V.jpg,Mee soto,all,d79e526e3e0d748bc612e0eb3c17459f,c0ad2dcc7cda70c3
"../foodsg-233\Mee siam, fried\OIQPO3IWH2PWO6V9ATDYDJ33.jpg","Mee siam, fried",all,d7af11e43c8b90e1836ebf23ba771ba6,c1fc0e603da7649e
../foodsg-233\Mee siam\KI74AIRSJOZCI1CIB0KG8TTX.jpg,Mee siam,all,d7af11e43c8b90e1836ebf23ba771ba6,c1fc0e603da7649e
../foodsg-233\Kway Teow\8UCDANF1RC9B1AQODG07XXEE.jpg,Kway Teow,all,d7efc21d2b90eae9b4c9a76ea53ef7bd,aec5a6065c1adc3b
../foodsg-233\chai tow kuay\ZKNDFNWC29HBL17I896ZBEGV.jpg,chai tow kuay,all,d7efc21d2b90eae9b4c9a76ea53ef7bd,aec5a6065c1adc3b
../foodsg-233\chicken soup\KGRSRFQB8HPGO04IZ39RXETH.jpg,chicken soup,all,d88d14e9f0d7b8ffcc3e65be75b94b40,f5855ac36d098575
../foodsg-233\Kway Teow\5MV1VNQYUMHJ80Q2EJTTH0A9.jpg,Kway Teow,all,d88d14e9f0d7b8ffcc3e65be75b94b40,f5855ac36d098575
../foodsg-233\sliced fish soup\3ZH227JWLC7WKPYR9PMH908N.jpg,sliced fish soup,all,d899ba637e9525762dc58e82b78c6c49,bb01e9b59451997c
../foodsg-233\Seafood Noodles Soup\7K5V8WDYMRIE0W1FWKXUA0HQ.jpg,Seafood Noodles Soup,all,d899ba637e9525762dc58e82b78c6c49,bb01e9b59451997c
../foodsg-233\drunken prawn\7CNALOGH8BFIELMT0YK6IDFE.jpg,drunken prawn,all,d89d93b3e6a26e324d2e3ef7d829016e,c4b636c878c34f27
../foodsg-233\fried prawn\QA85O66FW554VF3AE3JX0SD3.jpg,fried prawn,all,d89d93b3e6a26e324d2e3ef7d829016e,c4b636c878c34f27
../foodsg-233\bee hoon\YKTIO1WTMEB8PE69J15M5XY6.jpg,bee hoon,all,d8adee833349dccda0e2a1b6c1415f4e,f8d141682fe0b7cc
"../foodsg-233\Mee siam, fried\P2DRMVCQ277N4NFN67DDEEPY.jpg","Mee siam, fried",all,d8adee833349dccda0e2a1b6c1415f4e,f8d141682fe0b7cc
"../foodsg-233\Bee hoon, goreng\TCSTOE5VN2XTJI8SVQSH1BEW.jpg","Bee hoon, goreng",all,d8adee833349dccda0e2a1b6c1415f4e,f8d141682fe0b7cc
../foodsg-233\whole grain bread\O5Y2OXO7AOU1CGJ8QOFDVE9M.jpg,whole grain bread,all,d8eea2d7c77a215596d748cf1b507864,ff6e85878b3c9420
../foodsg-233\whole wheat\KZ11VBN5U4J7PJO7KR7JLGWT.jpg,whole wheat,all,d8eea2d7c77a215596d748cf1b507864,ff6e85878b3c9420
../foodsg-233\Soto ayam\LNBT68D1DOP63AIIV910EKVI.jpg,Soto ayam,all,d8fd5e34ce488084a6c6360e3c039151,91c4070f1f697877
"../foodsg-233\Bee hoon, soto\0K9Z8M1YUTV21CLOX88KJN15.jpg","Bee hoon, soto",all,d8fd5e34ce488084a6c6360e3c039151,91c4070f1f697877
../foodsg-233\fried rice\O21D1ESCYK0NZF7EB55MG8TN.jpg,fried rice,all,d91faa1d0bf44487dbfa9445ca622b32,af8ff83cb4607092
../foodsg-233\Claypot Rice\GTTJLNUM2B39Y0LR3P81CQB2.jpg,Claypot Rice,all,d91faa1d0bf44487dbfa9445ca622b32,af8ff83cb4607092
../foodsg-233\pineapple\8RMNX99QSOAU2WRTSCH80M00.jpg,pineapple,all,d92401091c7d8550cd831faf04e8f297,e1b3ef5408ab4aca
../foodsg-233\Fruit juice\DM0M2B09VO427OYTBWMEKCS4.jpg,Fruit juice,all,d92401091c7d8550cd831faf04e8f297,e1b3ef5408ab4aca
../foodsg-233\strawberry\DWKJ5BIVBGGGYZQAPBV849AS.jpg,strawberry,all,d965f6cc4bdec9d783ff0822535c48a8,ec276779c659d804
../foodsg-233\Grape\58A8S2OMD1JERTH4TZOE9836.jpg,Grape,all,d965f6cc4bdec9d783ff0822535c48a8,ec276779c659d804
../foodsg-233\pineapple\WDIO50UY5MN4G3EF1HOWUG72.jpg,pineapple,all,d965f6cc4bdec9d783ff0822535c48a8,ec276779c659d804
../foodsg-233\Sweets\IJ3J2DYKHHSSWRXO6OCFB24F.jpg,Sweets,all,d97bb7b047d1755cfcbcb88d83368eef,fccd8232874df889
../foodsg-233\Chocolate\KZJDCOA4EO0H94SMVVD1F441.jpg,Chocolate,all,d97bb7b047d1755cfcbcb88d83368eef,fccd8232874df889
../foodsg-233\fried prawn\CXEV6Y16EF8GW6NP4CIX8JP6.jpg,fried prawn,all,d9ab2123483c8744c16c185e662beb3b,a621e156d7631ea3
../foodsg-233\drunken prawn\0V82E392ANI14VFP6JBHTRIP.jpg,drunken prawn,all,d9ab2123483c8744c16c185e662beb3b,a621e156d7631ea3
../foodsg-233\Lontong with sayur lodeh\DK5YSU02YBJV0JJEAZEAMGB9.jpg,Lontong with sayur lodeh,all,d9b0985b4fc6f0b65a99c8a723f57f16,c0e01ecb6f2f703c
../foodsg-233\lontong\1KOSQS0UM1ACVGTFZIX1PZQB.jpg,lontong,all,d9b0985b4fc6f0b65a99c8a723f57f16,c0e01ecb6f2f703c
"../foodsg-233\Mee siam, fried\8ORF4OLDMKFLGYZCW46LNMUI.jpg","Mee siam, fried",all,d9bed41ab428641924b20ae18c4bff9b,f9ed2e312d8c864a
../foodsg-233\Mee siam\SNHXL3YI5L5YYD13WC9742M0.jpg,Mee siam,all,d9bed41ab428641924b20ae18c4bff9b,f9ed2e312d8c864a
../foodsg-233\steamed buns\1VB40RK6CVCU55K61ZZAYZ7J.jpg,steamed buns,all,d9e7c0df6ebe2e1c87d06e2a68e510ed,90e4365b32e7175c
../foodsg-233\xiao long bao\4TN26T6YQ5DWC4R0V7GIW0LE.jpg,xiao long bao,all,d9e7c0df6ebe2e1c87d06e2a68e510ed,90e4365b32e7175c
../foodsg-233\char siew pau\XWFVFIDEV8DW0IA8U7XO8O62.jpg,char siew pau,all,d9e7c0df6ebe2e1c87d06e2a68e510ed,90e4365b32e7175c
"../foodsg-233\Wanton mee, dry\Z8WJ6S7M4OFKYNMQ9B145DU2.jpg","Wanton mee, dry",all,d9ea85b6113b7a0035e7dad55f171648,f5944ab825c636cb
../foodsg-233\Fried Noodles\CV5CQWX5DGXOYKM6KQ0QH79F.jpg,Fried Noodles,all,d9ea85b6113b7a0035e7dad55f171648,f5944ab825c636cb
../foodsg-233\chai tow kuay\YD7MCW9BFF2VK4MY4PISMHLE.jpg,chai tow kuay,all,d9ec3aa3fa9b29107aadd523cd4d5629,f8d7815f915a7068
../foodsg-233\Kway Teow\7XXINPHG5E8WRDLNXIE7Y7UB.jpg,Kway Teow,all,d9ec3aa3fa9b29107aadd523cd4d5629,f8d7815f915a7068
../foodsg-233\cooked brown rice\7W1CIXC3JCCDCGOV9P9PYM4N.jpg,cooked brown rice,all,d9f3d47f41c0eb0c74c86aff6afd1e09,ff07f83e40d8a21c
"../foodsg-233\Rice, korean bulgogi beef\D453TAE8ZEQTVQUCQ5LW5D0N.jpg","Rice, korean bulgogi beef",all,d9f3d47f41c0eb0c74c86aff6afd1e09,ff07f83e40d8a21c
../foodsg-233\whole grain bread\003VOYIBYM4JT9HEB2XWZ1O2.jpg,whole grain bread,all,da01c25ca208b98918568cca332107f2,95b578ca3d761388
../foodsg-233\whole wheat\DYUF2VOW0WZ0DB3VJ7B565YG.jpg,whole wheat,all,da01c25ca208b98918568cca332107f2,95b578ca3d761388
"../foodsg-233\Miso ramen, with fishcake\WDCBWHEXMDGR06EH0LQT8VGH.jpg","Miso ramen, with fishcake",all,da296383f1562b4913d1afa627a897a5,afc2f00bcb3d90d2
../foodsg-233\Udon\ZN4IA6F7ZGUDTJ0DJ2Q03B5H.jpg,Udon,all,da296383f1562b4913d1afa627a897a5,afc2f00bcb3d90d2
"../foodsg-233\Mee siam, fried\EMTN6O13TUT8SVLFLQF74W15.jpg","Mee siam, fried",all,da625a88703d9481d6fd6cbcd5f9e41c,95963a62f586c69c
"../foodsg-233\Bee hoon, goreng\W7E0H8V2P7LPL3IWN96Q2CIQ.jpg","Bee hoon, goreng",all,da625a88703d9481d6fd6cbcd5f9e41c,95963a62f586c69c
../foodsg-233\Mee rebus\3X5CNT2ACD67DQKZ7SWLAOLT.jpg,Mee rebus,all,da6ff0436f6013ddfba0f410b62cb8e5,b868649f0f32bb64
../foodsg-233\Mee bandung\DLUM8N75K4WMB3R0W71OJEHW.jpg,Mee bandung,all,da6ff0436f6013ddfba0f410b62cb8e5,b868649f0f32bb64
../foodsg-233\pineapple tarts\IPP2KEKDBNEKYJ44SRCOYNE2.jpg,pineapple tarts,all,da8212ab12da093efe8470cc5da2ce83,9112629d4df1b53d
../foodsg-233\egg tart\KT59R08KFC8C2AEC7IMYC3B4.jpg,egg tart,all,da8212ab12da093efe8470cc5da2ce83,9112629d4df1b53d
"../foodsg-233\Wanton mee, dry\F0JGOVNQV1Q5CHH36EUUO1T8.jpg","Wanton mee, dry",all,da83c6701451fe0cef30560eaa1e840d,8de1e756d05b029e
../foodsg-233\Dumpling noodle soup\8N934PSXQSP24TNAGFWMWKSM.jpg,Dumpling noodle soup,all,da83c6701451fe0cef30560eaa1e840d,8de1e756d05b029e
../foodsg-233\Soto ayam\1W288P40CHWO7E8BLUBC1HT9.jpg,Soto ayam,all,da9b2cb5fe195ad1fed9a6d510e61112,c7360a373619f998
../foodsg-233\Mee soto\FKEJL90004EN6R9C03WHEC7O.jpg,Mee soto,all,da9b2cb5fe195ad1fed9a6d510e61112,c7360a373619f998
../foodsg-233\Mee rebus\BFBP1JMS1KWUNTTVBTHESPET.jpg,Mee rebus,all,da9edfda634ddb8d6afd8934d0ce16f0,f492d20dcf66c88e
../foodsg-233\Mee bandung\DVLVBZJLMT1ADTRG5YU4RVO8.jpg,Mee bandung,all,da9edfda634ddb8d6afd8934d0ce16f0,f492d20dcf66c88e
../foodsg-233\blueberries\3X1E8FDRONR5U3FYQ3OY4H2Y.jpg,blueberries,all,dac1b9cc3595bdf0cafa662501aaf2e0,bd616e24c19bc1e5
../foodsg-233\strawberry\1QEE4NJ3EBVMC5YB8CHCQ9CW.jpg,strawberry,all,dac1b9cc3595bdf0cafa662501aaf2e0,bd616e24c19bc1e5
../foodsg-233\Mee soto\KHVAOAEAK4H1U4WY64RQ4X86.jpg,Mee soto,all,dad536b41c2226fa83117048379573ca,fa3f6b41809c97d0
"../foodsg-233\Bee hoon, soto\IPUSON7Q5SA4N1WBTV5X5JPH.jpg","Bee hoon, soto",all,dad536b41c2226fa83117048379573ca,fa3f6b41809c97d0
../foodsg-233\Mee siam\9R8CJXZJF83UFHD1RXMLF7K6.jpg,Mee siam,all,dad873c2f39d865823f5f3ca9b4ef0bc,facb852497328f91
../foodsg-233\Mee kuah\59MVVA3J8GGVDAMEIWUJGHBA.jpg,Mee kuah,all,dad873c2f39d865823f5f3ca9b4ef0bc,facb852497328f91
../foodsg-233\Mee siam\19YCKEM4MD878T1EU71NEVEL.jpg,Mee siam,all,dad96cf68d17b9a5937b1a65c3d56898,b687d8294172877e
"../foodsg-233\Mee siam, fried\DOAH0FNHZ6YH52JIHRWOKUN1.jpg","Mee siam, fried",all,dad96cf68d17b9a5937b1a65c3d56898,b687d8294172877e
../foodsg-233\whole wheat\0YHN6GZW858N224IZCTNIZIJ.jpg,whole wheat,all,daf3f186207899ea3e3ba654f2942b53,f0c14ffc0f1f1a60
../foodsg-233\whole grain bread\U0TZ0DIXPHMOURXPQKAJWLNL.jpg,whole grain bread,all,daf3f186207899ea3e3ba654f2942b53,f0c14ffc0f1f1a60
../foodsg-233\kueh lapis - rainbow\W23TRJ5UHOKATL1QCO5FBB2O.jpg,kueh lapis - rainbow,all,db736073e3756e12d0fc0206564b972d,c9e434cbe0ddb03c
../foodsg-233\kueh lapis baked\3WG3KTEEAKCPGYFZ032KXRU9.jpg,kueh lapis baked,all,db736073e3756e12d0fc0206564b972d,c9e434cbe0ddb03c
../foodsg-233\fish head curry\SWD1P1GNDO4YMSOGG2I9LSNL.jpg,fish head curry,all,db99cb98d8eebf18191f31ef74fc0d8d,96e12fb9e8a0b3c2
../foodsg-233\assam pedas\P6P2TT4HTES6ZZM5PWNJF6XQ.jpg,assam pedas,all,db99cb98d8eebf18191f31ef74fc0d8d,96e12fb9e8a0b3c2
../foodsg-233\Mee rebus\PSRXDIE2GUGB6BQ5UX3FCEE5.jpg,Mee rebus,all,dc0e2bc40cf67ea37d71b83b2e45917f,acc5d71a483da6ca
../foodsg-233\Mee bandung\ANDCY414CCT5L672Y6NPOS81.jpg,Mee bandung,all,dc0e2bc40cf67ea37d71b83b2e45917f,acc5d71a483da6ca
../foodsg-233\Pomelo\HQNQJ1PQO8LFPVBMCWUWEMEF.jpg,Pomelo,all,dc0ed55a50c3e28dad444cabdf7c26bb,ca9399aa5b8aa699
../foodsg-233\Grapefruit\9ZNSPPBD9SZ1OZA08GYPUHZL.jpg,Grapefruit,all,dc0ed55a50c3e28dad444cabdf7c26bb,ca9399aa5b8aa699
../foodsg-233\lontong\B95GT2Y0LTZI72ZQWGCDU3ZT.jpg,lontong,all,dc23cb07a8f203eb2a4894d0de83d5da,c7e8b1a7a484c697
../foodsg-233\Mee rebus\AAD0JL47TMD5Y4JF9PF7KA2Z.jpg,Mee rebus,all,dc23cb07a8f203eb2a4894d0de83d5da,c7e8b1a7a484c697
../foodsg-233\Lontong with sayur lodeh\GIMUD35A5OID8C0AF4QBI67L.jpg,Lontong with sayur lodeh,all,dc23cb07a8f203eb2a4894d0de83d5da,c7e8b1a7a484c697
"../foodsg-233\Rice, with dakgalbi\FXVY8KKYCHGQP3VZNWWQWT8O.jpg","Rice, with dakgalbi",all,dc2d05359cc01fb0d2cd7d86c26e1cdc,fd84c2d20bdb345a
../foodsg-233\fried chicken\8X2I2K43KPW30OV5ZNQLVVCB.jpg,fried chicken,all,dc2d05359cc01fb0d2cd7d86c26e1cdc,fd84c2d20bdb345a
"../foodsg-233\Bee hoon, soto\JW3T8YEN358HQIUYVTW0ATFC.jpg","Bee hoon, soto",all,dc47c2f4fe1580882d4e57098cdb5552,aef1fc48d089b30d
../foodsg-233\Soto ayam\G3J3ADJDRSQTP4RCBHCOOKEA.jpg,Soto ayam,all,dc47c2f4fe1580882d4e57098cdb5552,aef1fc48d089b30d
../foodsg-233\Lontong with sayur lodeh\C3BDQLMPL7PM2QXYQEAW9RJB.jpg,Lontong with sayur lodeh,all,dc51cf996ef5a609854e166e62cab38d,aaa6d1cbdcb2d023
../foodsg-233\lontong\1WQBY7PXVVNPEY8I013DVTV6.jpg,lontong,all,dc51cf996ef5a609854e166e62cab38d,aaa6d1cbdcb2d023
../foodsg-233\drunken prawn\3AUP0CKCCGYHUJ4P8WQCUAQ4.jpg,drunken prawn,all,dc7ad6a703d17a2a1dbc3da169daa0e4,f755d54202cb4f23
../foodsg-233\fried prawn\D88S9H416WGH9EK9PU4HFMQR.jpg,fried prawn,all,dc7ad6a703d17a2a1dbc3da169daa0e4,f755d54202cb4f23
../foodsg-233\Mee siam\MMBHWZJ0ED8SQUMRH934BB9D.jpg,Mee siam,all,dc8294688c6d64ab27e1699c3884127e,ee0edc78c085a7a3
"../foodsg-233\Mee siam, fried\TEDS6UADSGBREUWQE8FEFS1U.jpg","Mee siam, fried",all,dc8294688c6d64ab27e1699c3884127e,ee0edc78c085a7a3
../foodsg-233\Mee bandung\UHKYBLYJKXL5MHVA4OS1HTT4.jpg,Mee bandung,all,dc9054b6dbceb16b97d219cacbdf5118,b2d3ab4ad40ec8bc
../foodsg-233\Mee rebus\43UCFZ3V0EILWEZS6UR9VHP4.jpg,Mee rebus,all,dc9054b6dbceb16b97d219cacbdf5118,b2d3ab4ad40ec8bc
../foodsg-233\Mee bandung\LXTTYN11KSE6VJCLI766WGQ2.jpg,Mee bandung,all,dcb70bbc8891cf4f69730b93451ad1df,efd5945a9648cc25
../foodsg-233\Mee rebus\3YI8U9N9ZD19DDU6J9BU5C5C.jpg,Mee rebus,all,dcb70bbc8891cf4f69730b93451ad1df,efd5945a9648cc25
../foodsg-233\satay bee hoon\0SLK95YO3X2DK1345J5TDL17.jpg,satay bee hoon,all,dcd2b619f4a10243a758a7224ab70230,8f8dbc641517156b
"../foodsg-233\Bee hoon, soto\PZS4W29KTRFSSJOV7K1HUA0C.jpg","Bee hoon, soto",all,dcd2b619f4a10243a758a7224ab70230,8f8dbc641517156b
../foodsg-233\Chinese fritters\LOOAM39W9XXJTFW1BCCK7O5N.jpg,Chinese fritters,all,dcf7636a070ae38a9a277bd106a095b5,83821f3b7a47e31a
../foodsg-233\tau suan\CZ2YJDXPQEKER6JCI3FJT58Y.jpg,tau suan,all,dcf7636a070ae38a9a277bd106a095b5,83821f3b7a47e31a
../foodsg-233\Mee bandung\IAR4OIZ076O75TRAD5N54LMU.jpg,Mee bandung,all,dcfe1ff8ed9c791c0282a79828990a5a,beb4e184f2cd2478
../foodsg-233\Mee rebus\NZI9N66I9C1WX2L1H0YEX953.jpg,Mee rebus,all,dcfe1ff8ed9c791c0282a79828990a5a,beb4e184f2cd2478
../foodsg-233\whole grain bread\2KTYK7VN4MWAC0RHZLQ4MBH1.jpg,whole grain bread,all,dd2e09621246a49ec1e3d33259296ac4,9ac6a4956b6d3916
../foodsg-233\whole wheat\G21DSO9MV9FTA0Y3T22XW6OY.jpg,whole wheat,all,dd2e09621246a49ec1e3d33259296ac4,9ac6a4956b6d3916
../foodsg-233\black pepper crab\CR4X685L3DVGWWWZ5A0UQ3C3.jpg,black pepper crab,all,dd2fd7a7f69124ada03ee218f5af1d12,aa4b972c9e319d31
../foodsg-233\chilli crab\HR8RXOL3UWO8J2CY330DMR0G.jpg,chilli crab,all,dd2fd7a7f69124ada03ee218f5af1d12,aa4b972c9e319d31
../foodsg-233\cream soup\OYDAE4E60PYQ0KQIQSP11LPX.jpg,cream soup,all,dd592961ec9073e11c7459104277ebba,a122978fd59856ba
../foodsg-233\mushroom soup\6C05PU4ZBEHGAPLZSZ547NSC.jpg,mushroom soup,all,dd592961ec9073e11c7459104277ebba,a122978fd59856ba
../foodsg-233\Duck Rice\L2M0JGQSVV31EW4BM16KQ1KE.jpg,Duck Rice,all,de68233902ec9c21f09f8a79022c8e7f,fa93c64b0e663836
../foodsg-233\char siew\4JR3AQQ1EECPEPG2WCMY6NXI.jpg,char siew,all,de68233902ec9c21f09f8a79022c8e7f,fa93c64b0e663836
../foodsg-233\whole wheat\6OFMTL657YMD7MEXKJ1ZQ6R8.jpg,whole wheat,all,de92a5260b685ddde919ce6be0956ef6,81c0fc97c470cdee
../foodsg-233\whole grain bread\AWQZT04YSXF4AE5MA6AORSZS.jpg,whole grain bread,all,de92a5260b685ddde919ce6be0956ef6,81c0fc97c470cdee
../foodsg-233\Mee siam\N0KRP068NYP1KMDYTBQIE533.jpg,Mee siam,all,de9e3573928ab9d976b26a27e4e7e3c8,80d55fc67a4f2a1c
"../foodsg-233\Mee siam, fried\ZTS3YK84OSFGJVXW2UM334EJ.jpg","Mee siam, fried",all,de9e3573928ab9d976b26a27e4e7e3c8,80d55fc67a4f2a1c
../foodsg-233\Kway Teow\O16FWBQWGC4QCN5AWUX3YXF8.jpg,Kway Teow,all,deb43e8dd32e454a9e80a27f8bac3587,e29545ba34c13e9d
"../foodsg-233\Bee hoon, soto\E7TJOPOWV8EHRFZJ2EDMPTU6.jpg","Bee hoon, soto",all,deb43e8dd32e454a9e80a27f8bac3587,e29545ba34c13e9d
../foodsg-233\lontong\EAYDZQF0FNFADEUNJR11DLYU.jpg,lontong,all,deb7172064634d977efe61d8a42df7fb,a0588517535e5ede
../foodsg-233\Lontong with sayur lodeh\GCEH6JZ3ED4WUOAM186T7I33.jpg,Lontong with sayur lodeh,all,deb7172064634d977efe61d8a42df7fb,a0588517535e5ede
../foodsg-233\Soto ayam\8T7NWCEO8JQSHHSD9U0Z5IHW.jpg,Soto ayam,all,dec575acfa623099b388f4e8a1d954f9,ee316996293e85c6
../foodsg-233\Mee soto\I88CPOYVTBEC66YJLRP255LY.jpg,Mee soto,all,dec575acfa623099b388f4e8a1d954f9,ee316996293e85c6
../foodsg-233\dumpling\0AM4QLZQMF3QNUNC7GGCD78Q.jpg,dumpling,all,dec695002234869aa7a39561cfacabec,a721907e23da987e
../foodsg-233\Dumpling noodle soup\QJ3PPXNJOJ0L4QAC7GWA9HO2.jpg,Dumpling noodle soup,all,dec695002234869aa7a39561cfacabec,a721907e23da987e
../foodsg-233\Mee kuah\8LV2KJQXNUG7XWVLNHR54FJN.jpg,Mee kuah,all,ded4e43eca3292bd7fcb0e5ac5fe14f8,ae96544f2f64a46c
../foodsg-233\Mee siam\NPLXYG21R5YMGRA6OE4HD8EK.jpg,Mee siam,all,ded4e43eca3292bd7fcb0e5ac5fe14f8,ae96544f2f64a46c
../foodsg-233\mushroom soup\KEF88LT08HZMP7GJS1XP5E39.jpg,mushroom soup,all,df09938ebd78261abf68e6091e2bb6f0,d8972d5e4238b963
../foodsg-233\cream soup\5XIMLZI7MKPQMOO980W70DLP.jpg,cream soup,all,df09938ebd78261abf68e6091e2bb6f0,d8972d5e4238b963
../foodsg-233\cream soup\KXCUS6XK5VQC7FOZX3AD7KII.jpg,cream soup,all,df17c2bc1e952e0bbcea4023f80f16b9,a7931ac93e8d320f
../foodsg-233\chicken soup\ZP3GL4ZBT455I0BR3FJB27ZQ.jpg,chicken soup,all,df17c2bc1e952e0bbcea4023f80f16b9,a7931ac93e8d320f
../foodsg-233\steamed buns\JBDF2FT5I9095O9TXC5Q0JWT.jpg,steamed buns,all,df1d2ccd5af6e479e1b02a2a5a73ae16,d1d20d9a4ed2a3c7
../foodsg-233\char siew pau\S9P28VLMSD9ZTP8LA0TGC22O.jpg,char siew pau,all,df1d2ccd5af6e479e1b02a2a5a73ae16,d1d20d9a4ed2a3c7
../foodsg-233\Mee rebus\2SXA7A4W17U51SVVHA18RADK.jpg,Mee rebus,all,df678fadd74f45e6302c6fda3fb91b80,bf85f090d14ccf86
"../foodsg-233\Bee hoon, soto\UI99VYPQI44X422S53I7IIT8.jpg","Bee hoon, soto",all,df678fadd74f45e6302c6fda3fb91b80,bf85f090d14ccf86
../foodsg-233\Mee soto\XT5XL8TGBBDUSNYFWZ5XK60C.jpg,Mee soto,all,df678fadd74f45e6302c6fda3fb91b80,bf85f090d14ccf86
../foodsg-233\Mee siam\AFLDJL9H6SE12NNV410K3MIN.jpg,Mee siam,all,df678fadd74f45e6302c6fda3fb91b80,bf85f090d14ccf86
../foodsg-233\whole grain bread\BUP3LM4TLKFZBX4E6BRN8JQ2.jpg,whole grain bread,all,df97a78033950bc80560890b1a6dd639,91443f3e6561f187
../foodsg-233\whole wheat\5LYW9JLJJLCQFMB0IDJ58ZCH.jpg,whole wheat,all,df97a78033950bc80560890b1a6dd639,91443f3e6561f187
../foodsg-233\Mee soto\1PBQ6GABMBBYKBKEKVPMGTXS.jpg,Mee soto,all,df982cea4be0a4d4596dd9e69f3a171d,bb3fb0ba816c1629
../foodsg-233\Soto ayam\ZERWIU891956OW2XDH5HL1TG.jpg,Soto ayam,all,df982cea4be0a4d4596dd9e69f3a171d,bb3fb0ba816c1629
../foodsg-233\fried chicken\PT1UEO96E0GHC32GF46AL1TC.jpg,fried chicken,all,df984714844925f3f7670d240ece74ec,bf2cc4d390b19987
../foodsg-233\har cheong gai\1YA1TVM9T6PMAFGPMC0JYONE.jpg,har cheong gai,all,df984714844925f3f7670d240ece74ec,bf2cc4d390b19987
"../foodsg-233\Rice, korean bulgogi beef\32MBQAEL6RFF7JEAWVJTY84U.jpg","Rice, korean bulgogi beef",all,e0049015c8ed421095fc9dffa81dde9a,aaadf4f6e2129258
../foodsg-233\dumpling\WDHZSM689DYLUEEQUUR2MZCA.jpg,dumpling,all,e0049015c8ed421095fc9dffa81dde9a,aaadf4f6e2129258
../foodsg-233\Soto ayam\B1VWOFQDPMCBA3UX72NAOWNF.jpg,Soto ayam,all,e0316ce80c19736eb83a6fa0158ef1f7,f0c7c73e5b388988
../foodsg-233\Mee soto\SB0CXN6EMTAGKIOUVCV6V55F.jpg,Mee soto,all,e0316ce80c19736eb83a6fa0158ef1f7,f0c7c73e5b388988
"../foodsg-233\Wanton mee, dry\WBX66VXHQ9OG63EK8TRALB01.jpg","Wanton mee, dry",all,e04da46053381a15200c72eda7607932,921cb3f15db1b542
../foodsg-233\Dumpling noodle soup\9ZJ90WQW1W5T9GQ2QZLZZCWK.jpg,Dumpling noodle soup,all,e04da46053381a15200c72eda7607932,921cb3f15db1b542
../foodsg-233\Soto ayam\A32WCSVFRNCDAOI3HRWJPXCL.jpg,Soto ayam,all,e0bc15ce91bbb103ae1e1cf6b62aea97,f9cec09e1362668d
../foodsg-233\Mee soto\UNDUAPEA9E38AEVC2VFIW330.jpg,Mee soto,all,e0bc15ce91bbb103ae1e1cf6b62aea97,f9cec09e1362668d
../foodsg-233\fried prawn\CMFDY3O3IG2JU8UPIX47WHK2.jpg,fried prawn,all,e0bfa188dd10f86f3950839ec82457c1,e40b7fe20b3c25cc
../foodsg-233\Chinese fritters\EMMKHA49XEVL8J47X1Y1W6TR.jpg,Chinese fritters,all,e0bfa188dd10f86f3950839ec82457c1,e40b7fe20b3c25cc
../foodsg-233\milk\MSBUZO8ZG1HR38NU6NG2JA5M.jpg,milk,all,e0e53ed1c8b80ce94d8c80ff3177f3c1,814976d6328eeee1
../foodsg-233\yogurt\47Y8MJDKH6U2XBFBD8V21J9O.jpg,yogurt,all,e0e53ed1c8b80ce94d8c80ff3177f3c1,814976d6328eeee1
"../foodsg-233\Mee siam, fried\M29D3QGCTYLLKHCTA1PXJTRN.jpg","Mee siam, fried",all,e0e7a0d5a516803673d0b239020aaa4a,f885800f879f8cde
../foodsg-233\Mee siam\QWCERZGDYT9DIOKF7WYX0GA0.jpg,Mee siam,all,e0e7a0d5a516803673d0b239020aaa4a,f885800f879f8cde
../foodsg-233\whole grain bread\6AGBI5BL4UV0KD7M74GQGN69.jpg,whole grain bread,all,e11ef93ade1c43257053dcfe8d5dd0ef,f095af4b24bc93b0
../foodsg-233\whole wheat\LS6Z5UWQFGAE7W0IH9N2GN4P.jpg,whole wheat,all,e11ef93ade1c43257053dcfe8d5dd0ef,f095af4b24bc93b0
../foodsg-233\assam pedas\N4B8NXL11VST4CFBX902W2OC.jpg,assam pedas,all,e1632b6e81fe22d988b34aa17c937321,df81fd90d35554c0
../foodsg-233\fish head curry\3OALTGH78DK4A0N0X6Z0UAY4.jpg,fish head curry,all,e1632b6e81fe22d988b34aa17c937321,df81fd90d35554c0
../foodsg-233\mushroom soup\K4VUVF96GHNVWX4CIFQT8ZO3.jpg,mushroom soup,all,e1700da44c849bd2d259261944f09e3a,a4c41f2578a3679e
../foodsg-233\sliced fish soup\A7SVKCIU21XAAA5Y3DJ8SRGV.jpg,sliced fish soup,all,e1700da44c849bd2d259261944f09e3a,a4c41f2578a3679e
../foodsg-233\bee hoon\LXUYCOY9NKHHFME40TYPAZOA.jpg,bee hoon,all,e191ab5c7c47178eca5a07f186c5ea36,cd50e3cbb4551b98
"../foodsg-233\Bee hoon, soto\SEI2PTCHYKUMN2LU9Y6T5XOK.jpg","Bee hoon, soto",all,e191ab5c7c47178eca5a07f186c5ea36,cd50e3cbb4551b98
../foodsg-233\bee hoon\7DDENFDZ6S2L46IKA8PCFM1J.jpg,bee hoon,all,e194157346f50b4cafa8d3a68731ff52,b19ccbe3646186dc
"../foodsg-233\Bee hoon, goreng\WCRX58OOPVO9CC29J3D2YPCC.jpg","Bee hoon, goreng",all,e194157346f50b4cafa8d3a68731ff52,b19ccbe3646186dc
../foodsg-233\tandoori chicken\GOBXOM7VXTKNR0HMK21R3SG1.jpg,tandoori chicken,all,e1d48be17f5e42766f123c2f2aff3319,eaac11c2561fab74
../foodsg-233\chicken masala\E373LZ1CA9YI0VIKP0MP348C.jpg,chicken masala,all,e1d48be17f5e42766f123c2f2aff3319,eaac11c2561fab74
../foodsg-233\whole wheat\WCL30E7J9DCQBNZEFR344OOF.jpg,whole wheat,all,e1e8d3b61df06b6cc1f009eba6e7f773,95e53a8e4a35750e
../foodsg-233\whole grain bread\G6MWCP0B9C1QRSKSXPF56R38.jpg,whole grain bread,all,e1e8d3b61df06b6cc1f009eba6e7f773,95e53a8e4a35750e
../foodsg-233\chicken masala\582CMI0GVBI33LSLVP62D6HH.jpg,chicken masala,all,e1fe2eac88b7ace1e9ef152e8a7aba44,d807f06c1be4975a
../foodsg-233\tandoori chicken\M5DOXFSS6CDK8T2RZ5BEHHRL.jpg,tandoori chicken,all,e1fe2eac88b7ace1e9ef152e8a7aba44,d807f06c1be4975a
../foodsg-233\Laksa\6JPAAL2GYIJUFWWS7DOFMRCY.jpg,Laksa,all,e20c830d1582e44527829d826a5f698f,b5d5adf514e0430b
../foodsg-233\yong tau foo\4AGD6E9PV6APQKVYRIL4E8OH.jpg,yong tau foo,all,e20c830d1582e44527829d826a5f698f,b5d5adf514e0430b
../foodsg-233\Soto ayam\37UPO2FJQWHPJGOZ4T4N942H.jpg,Soto ayam,all,e2104c60d97f1f2f3c561c8b79cff0ce,83ef7af470912788
../foodsg-233\Mee soto\QMWCDBSE5F0Y99LH4142BMOV.jpg,Mee soto,all,e2104c60d97f1f2f3c561c8b79cff0ce,83ef7af470912788
../foodsg-233\Mee rebus\2UHTU3KEB76K0LGGOG0OW55B.jpg,Mee rebus,all,e221d0592c07f77f205f7788ed4ef089,ab8ef71896699849
../foodsg-233\Mee siam\R6ZGPGOKWC2TXY0P8T3WX6MR.jpg,Mee siam,all,e221d0592c07f77f205f7788ed4ef089,ab8ef71896699849
../foodsg-233\Mee bandung\MY6MPR4N2ZUTU7P6GNELMB4R.jpg,Mee bandung,all,e221d0592c07f77f205f7788ed4ef089,ab8ef71896699849
../foodsg-233\bee hoon\X8PZF81JDWSEWKW0H9GIAPDJ.jpg,bee hoon,all,e257d210fe7f5a033afbd81649ec74ea,d1b54a36c5b9a44d
"../foodsg-233\Bee hoon, soto\Z5O5T02XP478YV14DMT4MYOH.jpg","Bee hoon, soto",all,e257d210fe7f5a033afbd81649ec74ea,d1b54a36c5b9a44d
../foodsg-233\satay bee hoon\YVK6MGRGN0TJCZHSAP52QT8M.jpg,satay bee hoon,all,e271b9be4799530b28a1026dad613346,93931f8d011e7ef0
"../foodsg-233\Bee hoon, goreng\7TPTL1TUQ4E7ODK1TDCD9NSI.jpg","Bee hoon, goreng",all,e271b9be4799530b28a1026dad613346,93931f8d011e7ef0
../foodsg-233\Mee rebus\GUXKVR60QK0WQCE47CIOP144.jpg,Mee rebus,all,e28fa770422b2585fcd956207197dd07,ab93dde6d24280d9
../foodsg-233\Mee bandung\DHW2VFB7K0WSMOAAAV644K8Z.jpg,Mee bandung,all,e28fa770422b2585fcd956207197dd07,ab93dde6d24280d9
../foodsg-233\sliced fish soup\8DY50ELRXABR1QTRD1O0HVKW.jpg,sliced fish soup,all,e29ef504f0cbc918ec2c646bf0ce5f52,9fb150940f137e1e
../foodsg-233\Seafood Noodles Soup\IEH7QJY9S2XHOC8WQLGVI656.jpg,Seafood Noodles Soup,all,e29ef504f0cbc918ec2c646bf0ce5f52,9fb150940f137e1e
"../foodsg-233\Mee siam, fried\6Q0ZUSPI904SBLIJMKW143XK.jpg","Mee siam, fried",all,e2e61d9aab94a7e3e9772c933b19aa5c,f086875b9c6f98a4
"../foodsg-233\Bee hoon, goreng\VY5AZPBJX0DDFMCEKKH77V90.jpg","Bee hoon, goreng",all,e2e61d9aab94a7e3e9772c933b19aa5c,f086875b9c6f98a4
../foodsg-233\bee hoon\SNT2BA0VI820249SPB1AXQVC.jpg,bee hoon,all,e2e61d9aab94a7e3e9772c933b19aa5c,f086875b9c6f98a4
../foodsg-233\Soto ayam\7RFOIH562GD0L7KROGN1PVWC.jpg,Soto ayam,all,e2f661683e3b2c87691033884ada24a5,d5916aaef3904c65
../foodsg-233\Mee soto\XYJP02BRPYAOY47I4A7K88V0.jpg,Mee soto,all,e2f661683e3b2c87691033884ada24a5,d5916aaef3904c65
../foodsg-233\yam rice\0B4DCE8AD0HALZ6EHFY1LWNZ.jpg,yam rice,all,e2f9490cc95d3ce417b994c630bd98a7,b994842af5e0da6d
../foodsg-233\Duck Rice\3WRRGTI4KDISN94WT6Y08ICT.jpg,Duck Rice,all,e2f9490cc95d3ce417b994c630bd98a7,b994842af5e0da6d
../foodsg-233\mixed vegetables\D91YVUSRZPXSKUZ6AGGQZNLM.jpg,mixed vegetables,all,e3011ae8b44054ba6fb3bf24fe3fe993,edb4f2c218853dc6
../foodsg-233\mixed grills\IR2R40948PH5WJSNPO458CGF.jpg,mixed grills,all,e3011ae8b44054ba6fb3bf24fe3fe993,edb4f2c218853dc6
../foodsg-233\Mee soto\OZUT6PNRZU8M8C2OCT3708YY.jpg,Mee soto,all,e307e8c939d399787a890f11b95bf9d6,9cd2470b1ffa7a80
../foodsg-233\Soto ayam\PH20MDM8Y1P4PKZNX7ANI36I.jpg,Soto ayam,all,e307e8c939d399787a890f11b95bf9d6,9cd2470b1ffa7a80
../foodsg-233\Seafood Noodles Soup\TKOKAPFTGI4SNHVJH3JMKS3K.jpg,Seafood Noodles Soup,all,e329fb12cd31c0f0d781f60b69b4e365,b3ae41bc4a716e64
../foodsg-233\sliced fish soup\CVNMUIKTHLSZWP6VHMWH08GJ.jpg,sliced fish soup,all,e329fb12cd31c0f0d781f60b69b4e365,b3ae41bc4a716e64
../foodsg-233\lontong\JXFUBP9BUFP3K28MRBPA37F1.jpg,lontong,all,e33bf640b1808bff6c89a6f741b26ba6,c0651ffa2ba524d3
../foodsg-233\Lontong with sayur lodeh\TXFTC9COK68HNUFFFDSJLV2K.jpg,Lontong with sayur lodeh,all,e33bf640b1808bff6c89a6f741b26ba6,c0651ffa2ba524d3
../foodsg-233\steamed buns\E0UFV7KBH3L24HE9ASQ16PKH.jpg,steamed buns,all,e350a2515168bc1ffbf88e854eca876f,87ca983f299b7458
../foodsg-233\char siew pau\2FF9RGLN09IGHN3EN40FKVTM.jpg,char siew pau,all,e350a2515168bc1ffbf88e854eca876f,87ca983f299b7458
../foodsg-233\satay bee hoon\9HO6DKZV35E5RKTGM61A270L.jpg,satay bee hoon,all,e38a298c4f596a012d7334cfc49a56c3,b1b392d54abb2dc0
../foodsg-233\bee hoon\NEN36T0BKKTYXRX8ILSIWU4K.jpg,bee hoon,all,e38a298c4f596a012d7334cfc49a56c3,b1b392d54abb2dc0
../foodsg-233\Mee rebus\80W2M8KD4YK3OR7CHL433236.jpg,Mee rebus,all,e3a12a477d38b6d05d3b5e76b5b58934,e0d03f030e3c7f0f
../foodsg-233\Mee bandung\QVBNG864ZWJYLK4VDFLAL0GX.jpg,Mee bandung,all,e3a12a477d38b6d05d3b5e76b5b58934,e0d03f030e3c7f0f
"../foodsg-233\Rice, chicken katsu with Japanese curry\62DQ8MT2DAY0L9OO6VJ1SCC7.jpg","Rice, chicken katsu with Japanese curry",all,e414e075291b3f5306d092936528c01d,88851f5f9e4ab84b
../foodsg-233\fried chicken\BO6ZJ4L60GZSHFKCXLUX8FOV.jpg,fried chicken,all,e414e075291b3f5306d092936528c01d,88851f5f9e4ab84b
../foodsg-233\whole grain bread\QC7MKL0S23QUO7E7VUU8AMZQ.jpg,whole grain bread,all,e44721297d05f6b35a696e04c3157dfa,bfcd6484a613f20b
../foodsg-233\whole wheat\3IA80GUF03CC5MBUUAFIXCTN.jpg,whole wheat,all,e44721297d05f6b35a696e04c3157dfa,bfcd6484a613f20b
../foodsg-233\chin chow drink\MDPWWH7SMD0FPZ6FYE6XYCE4.jpg,chin chow drink,all,e44fc63001558910963053c15a802e1a,9fe5c099271ced12
../foodsg-233\Bubble Milk Tea\ZW3PRPCEOO0JGJLUK7UTRC0S.jpg,Bubble Milk Tea,all,e44fc63001558910963053c15a802e1a,9fe5c099271ced12
../foodsg-233\Mee bandung\0T8UELX00CJDINSNKG2KNPDH.jpg,Mee bandung,all,e45d4f6a09df1a10829bc194b802cc92,b6e5d080925fcd66
../foodsg-233\Mee rebus\HGDQWXHZTE0U0CGHOE18LMXJ.jpg,Mee rebus,all,e45d4f6a09df1a10829bc194b802cc92,b6e5d080925fcd66
../foodsg-233\whole wheat\D23GIITAD3MP4LVZ7O9MI960.jpg,whole wheat,all,e47358c8d246fc5dc07ec2402e6e0e14,f287136a6f983a23
../foodsg-233\whole grain bread\G8892BK0ZE6ME3XEEYILF63B.jpg,whole grain bread,all,e47358c8d246fc5dc07ec2402e6e0e14,f287136a6f983a23
../foodsg-233\chicken soup\KK8TQBCQMEQCUBNVTXI9OTZI.jpg,chicken soup,all,e473a45fa65d4000decc644b8e45de52,a0a72fd81a89b99e
../foodsg-233\vegetable soup\52KDPHVSMLGG7KDGS5SS5IZ3.jpg,vegetable soup,all,e473a45fa65d4000decc644b8e45de52,a0a72fd81a89b99e
"../foodsg-233\Bee hoon, soto\Y8QITCB49G6XQ70CCAGK6ILH.jpg","Bee hoon, soto",all,e473ca5ca5e8dc18e7ea11d8f36faed8,f882810f8d2f9b3e
../foodsg-233\Soto ayam\LW1DJWOG52NF70GTKTTAD56F.jpg,Soto ayam,all,e473ca5ca5e8dc18e7ea11d8f36faed8,f882810f8d2f9b3e
../foodsg-233\Mee soto\NR18KXLAGCMBQZQ5EJFBBRVP.jpg,Mee soto,all,e473ca5ca5e8dc18e7ea11d8f36faed8,f882810f8d2f9b3e
../foodsg-233\nasi lemak\406XFBK7U9ZWJE5PQ9WRO0CZ.jpg,nasi lemak,all,e474e4f685c6fb3dc48723ebe9024cfe,9a99e4809485dfe7
../foodsg-233\Nasi Ambeng\RTTNTL1JVJEOEQR4LLA7R7M4.jpg,Nasi Ambeng,all,e474e4f685c6fb3dc48723ebe9024cfe,9a99e4809485dfe7
../foodsg-233\chicken soup\LHGNOAFYA1SAMU3559SVS39N.jpg,chicken soup,all,e4ba080a957f4c71f6eff4c47369ce98,83f5546a2a2d3597
../foodsg-233\vegetable soup\3WK4R9F11IDAXVE7BMHZCU9K.jpg,vegetable soup,all,e4ba080a957f4c71f6eff4c47369ce98,83f5546a2a2d3597
../foodsg-233\Sweets\C9CUEZ6PLW0SVJODPWZKG32V.jpg,Sweets,all,e4dfd90f65991d133b562b3b2dddb6b2,bc9161c766733338
../foodsg-233\Chocolate\K18O47K1RH7WT857TU23VFCB.jpg,Chocolate,all,e4dfd90f65991d133b562b3b2dddb6b2,bc9161c766733338
../foodsg-233\Seafood Noodles Soup\P9OV257U9XIJTEJC8WEFC9AG.jpg,Seafood Noodles Soup,all,e4e0ce6c7a40202f6978262f32703080,df0860bd9ab48fb0
../foodsg-233\Ban Mian\2HU3TXDH5TH8NT7OABTN0FOH.jpg,Ban Mian,all,e4e0ce6c7a40202f6978262f32703080,df0860bd9ab48fb0
../foodsg-233\raspberry\2R74OZ00M4ONLYYIH8I5U4YJ.jpg,raspberry,all,e4f35192de730ac2c8f3e7e24c758e80,ec1ea41786e0db4b
../foodsg-233\Blackberry\HJTEI8LV3ZIKL5I99A651R5H.jpg,Blackberry,all,e4f35192de730ac2c8f3e7e24c758e80,ec1ea41786e0db4b
../foodsg-233\whole wheat\5RYDM5HQ7G19BRGD7AORKF4M.jpg,whole wheat,all,e554b8c42f47cfd33d06581273963306,eac295afd835c132
../foodsg-233\whole grain bread\OMCF88P1M9XYK7HSADF4HO1X.jpg,whole grain bread,all,e554b8c42f47cfd33d06581273963306,eac295afd835c132
../foodsg-233\bee hoon\O0S31ZURDJLK7EGLG3AZQXFS.jpg,bee hoon,all,e567f31efd5c4b0b3d73370952cc5935,c2df9f62780f6114
"../foodsg-233\Bee hoon, goreng\SQVG9X0K8JX10XN6THIIYIEV.jpg","Bee hoon, goreng",all,e567f31efd5c4b0b3d73370952cc5935,c2df9f62780f6114
../foodsg-233\Mee siam\0O8HU47T7003UK245NT7T9PJ.jpg,Mee siam,all,e56a7c19cad928ce8ca52033f84c7f78,f393cd26189b668c
../foodsg-233\Mee goreng\3RBA8RF81XJYYDNH0DNPHDJ7.jpg,Mee goreng,all,e56a7c19cad928ce8ca52033f84c7f78,f393cd26189b668c
../foodsg-233\Mee bandung\YOXO951ZH477J6MY6UM55ZL7.jpg,Mee bandung,all,e56cea38e0f7b5aa25c2b0dafb221415,859dde10da1229fb
"../foodsg-233\Bee hoon, soto\KDRROFO9WUBU4YFVF22086FX.jpg","Bee hoon, soto",all,e56cea38e0f7b5aa25c2b0dafb221415,859dde10da1229fb
../foodsg-233\Mee siam\ZT11KROVC042JT8TPY304F6B.jpg,Mee siam,all,e59f89e8a4b3ed6e51b93356214f1382,a1269f2b4e3d5865
"../foodsg-233\Mee siam, fried\3HX42EO0BGY6OML7YT9XN8RZ.jpg","Mee siam, fried",all,e59f89e8a4b3ed6e51b93356214f1382,a1269f2b4e3d5865
../foodsg-233\lontong\QFE9WRY938CANNA0ZGX6CN3I.jpg,lontong,all,e5a28c91ce727a4596eadac4821481d0,914c051e7f397e70
../foodsg-233\Lontong with sayur lodeh\0F7OJZLBSZ5EX0JDE8J3JE41.jpg,Lontong with sayur lodeh,all,e5a28c91ce727a4596eadac4821481d0,914c051e7f397e70
../foodsg-233\fried chicken\OMZSJN3YBTMNV79OACO15B47.jpg,fried chicken,all,e5e2b42e4869897598a01766b500024d,e896c74e1ce11f34
../foodsg-233\tandoori chicken\YX0MH81JDFF19HE9Y829VBN0.jpg,tandoori chicken,all,e5e2b42e4869897598a01766b500024d,e896c74e1ce11f34
../foodsg-233\kueh lapis - rainbow\X5YXSWRIQOICAXXX11VKFHG1.jpg,kueh lapis - rainbow,all,e624d72d5f90e284e52a5c1e9bbcde23,8f50711f53252f9a
../foodsg-233\Kueh Salat\KIJ2USL86LAMZQ7VI4XW0VHK.jpg,Kueh Salat,all,e624d72d5f90e284e52a5c1e9bbcde23,8f50711f53252f9a
../foodsg-233\Mee soto\HZYT05COKC4J5FGWPES6ZMW7.jpg,Mee soto,all,e62eb72f7432e38eb2bc9f727fd53e06,faf67c2b4f1022b0
../foodsg-233\Soto ayam\SQBN16UHQW2CBDT1FS9SL348.jpg,Soto ayam,all,e62eb72f7432e38eb2bc9f727fd53e06,faf67c2b4f1022b0
../foodsg-233\honeydew\4SG3SAAB4V38FGFCEG6HJEKB.jpg,honeydew,all,e690bcf3c650bff01c06e0b442b585b9,bfc4c0b90f3cb681
../foodsg-233\rock melon\2ILONUHQMKY505OG0H332UNY.jpg,rock melon,all,e690bcf3c650bff01c06e0b442b585b9,bfc4c0b90f3cb681
../foodsg-233\mushroom soup\849QIWMP17C8V0D1QMIUBJNZ.jpg,mushroom soup,all,e6969e1c9d20171caa2e5c8e337c61e4,9907149b1fb5789a
../foodsg-233\vegetable soup\89VE5SI6PB43IKF3R6TZ66ZZ.jpg,vegetable soup,all,e6969e1c9d20171caa2e5c8e337c61e4,9907149b1fb5789a
../foodsg-233\Soto ayam\1LZJRQ8AJE2EEM069KKC2QSK.jpg,Soto ayam,all,e6a41b26bb0392a2d54e45b78fd24bcc,87689f966c25742b
../foodsg-233\Mee soto\VKH3WCF0NQGVYRPK147Z2Q7M.jpg,Mee soto,all,e6a41b26bb0392a2d54e45b78fd24bcc,87689f966c25742b
../foodsg-233\pasta - fettuccine\500LCG57FSEPJPL3ETKW4ZQW.jpg,pasta - fettuccine,all,e6a634acefc380e91d446c321482a770,95ce4ba92d911557
../foodsg-233\wholegrain pasta\0XVDUMIFGYKAJGDBV2KIH9CG.jpg,wholegrain pasta,all,e6a634acefc380e91d446c321482a770,95ce4ba92d911557
../foodsg-233\bee hoon\WCD3WGANT1ORRH3UCCWNQUIK.jpg,bee hoon,all,e6c4c01921274470dd764bf54065f548,e00fe087a13db4f5
../foodsg-233\satay bee hoon\FSV3EJGH07Z0AVHC8D415I7Q.jpg,satay bee hoon,all,e6c4c01921274470dd764bf54065f548,e00fe087a13db4f5
../foodsg-233\Soto ayam\G2X64RW1FNFBKVCQJTVUIZGV.jpg,Soto ayam,all,e7108f9122f9510ac6265db5bade46b6,ebd9b68d84ba4a42
../foodsg-233\Mee soto\G28VT95NPLQI1UAV9RGUYW73.jpg,Mee soto,all,e7108f9122f9510ac6265db5bade46b6,ebd9b68d84ba4a42
../foodsg-233\cream soup\6HRJBYW561C74E7PXVD6S7JJ.jpg,cream soup,all,e71247775499ee84b66de0573df1efdc,f6b1eec9b021a2c6
../foodsg-233\sliced fish soup\5EZSDEHWJIZAZ6K7ICOUJ939.jpg,sliced fish soup,all,e71247775499ee84b66de0573df1efdc,f6b1eec9b021a2c6
../foodsg-233\satay bee hoon\4XR9999KVHO13RV98OWXNHJD.jpg,satay bee hoon,all,e72116dbdacb4bbfda9c5425c0f5c7b9,aa8a553b6ab425da
"../foodsg-233\Bee hoon, soto\F9IG8C4A18TS739CWC43RM30.jpg","Bee hoon, soto",all,e72116dbdacb4bbfda9c5425c0f5c7b9,aa8a553b6ab425da
../foodsg-233\whole wheat\WH2QPFM6IR5LZH0F0QMXABFD.jpg,whole wheat,all,e74540305c5af4885816f4e38fa09b1e,ecd4bcd8a1e3234c
../foodsg-233\whole grain bread\H1XO0565TRDBDHO8902ZN5F1.jpg,whole grain bread,all,e74540305c5af4885816f4e38fa09b1e,ecd4bcd8a1e3234c
../foodsg-233\lontong\RGBODKLCAPSG30OYRI1A6CMR.jpg,lontong,all,e7a7bac989d74e4aa083b189ab70f8b4,b9b3c664939d4272
../foodsg-233\Lontong with sayur lodeh\A8LDRPGNCIGAY752EMLW0JFG.jpg,Lontong with sayur lodeh,all,e7a7bac989d74e4aa083b189ab70f8b4,b9b3c664939d4272
../foodsg-233\whole wheat\7YUZ5KYH03JOMV4FI7CBIY66.jpg,whole wheat,all,e7fb61c007b97fbe6394eac067e4f48b,f19f92ccc2917570
../foodsg-233\whole grain bread\7JZ56SD23FHWZR8I488T5K85.jpg,whole grain bread,all,e7fb61c007b97fbe6394eac067e4f48b,f19f92ccc2917570
../foodsg-233\char siew pau\RVI5O9FWTRFFWA2G964YX8R3.jpg,char siew pau,all,e834176bb71d4f09cc808be9968c06a6,d2300fdbf04e6cb2
../foodsg-233\steamed buns\TQ1VH16EA4PV8U2I1G7ZUKGE.jpg,steamed buns,all,e834176bb71d4f09cc808be9968c06a6,d2300fdbf04e6cb2
"../foodsg-233\Mee siam, fried\79LDEGBMUFMI7H5R7CEZ8LCX.jpg","Mee siam, fried",all,e837c3a6f59c1c2360551988565e9646,b05f483e8de4954e
../foodsg-233\Mee siam\EOA23MY6628E802RT3C6J2G2.jpg,Mee siam,all,e837c3a6f59c1c2360551988565e9646,b05f483e8de4954e
../foodsg-233\vegetable soup\MIYL9TV4P4TII7VNEOEKD7HQ.jpg,vegetable soup,all,e846ece86409267efc32ac26b05e9bcd,ebb5c560bec2d0d0
../foodsg-233\chicken soup\8S96UNQ6VGAS04SD2SCIK8UF.jpg,chicken soup,all,e846ece86409267efc32ac26b05e9bcd,ebb5c560bec2d0d0
"../foodsg-233\Bee hoon, goreng\08ZYRGS6BCY98PLY52YVOOLQ.jpg","Bee hoon, goreng",all,e851199ef36b2c7e03d16fbc5be92130,fa8c930ad95aec62
"../foodsg-233\Mee siam, fried\7WS9XWYQ9DD6FSO1W4AGJIR0.jpg","Mee siam, fried",all,e851199ef36b2c7e03d16fbc5be92130,fa8c930ad95aec62
../foodsg-233\Mee rebus\GR7YTW38YYGIX8LFQSQ39RUX.jpg,Mee rebus,all,e8559da483a754045865185080d6c91c,ad14bf55c28ac0ee
../foodsg-233\Mee bandung\R20SUHHJNSJHQUHWHYPEE22D.jpg,Mee bandung,all,e8559da483a754045865185080d6c91c,ad14bf55c28ac0ee
../foodsg-233\whole wheat\DHI5ORL8BIK9LQYNQ1P5XTN9.jpg,whole wheat,all,e86244ec09aeacb4c33f26cf521f4b9b,ca6d2592d64b4b65
../foodsg-233\White Bread\0T4QP0X9ALYZ9TN52T76F79Q.jpg,White Bread,all,e86244ec09aeacb4c33f26cf521f4b9b,ca6d2592d64b4b65
../foodsg-233\whole wheat\I5VLBPFRH6IIE76EW0I96D2E.jpg,whole wheat,all,e871ffdfe0b4f47198da9a3d96d6dda5,d52d36c2da2dcd30
../foodsg-233\whole grain bread\K7BVOJ5YCX0QA7V9A85T3ROU.jpg,whole grain bread,all,e871ffdfe0b4f47198da9a3d96d6dda5,d52d36c2da2dcd30
../foodsg-233\Mee bandung\M90EUOU139XRZLDTKUDPHXOH.jpg,Mee bandung,all,e8ed6e5c26d69ab2089220bc9bca5cf7,f5db802d07bc0717
../foodsg-233\Mee rebus\GRP55QAFGM7FPV5DXIO3MRDX.jpg,Mee rebus,all,e8ed6e5c26d69ab2089220bc9bca5cf7,f5db802d07bc0717
../foodsg-233\chicken masala\S6SAQN4ZPJPDA7IKI1SN98SZ.jpg,chicken masala,all,e923987c12e9c4ff8ce1d931fa340f92,eb9f87ec4c812c0e
../foodsg-233\tandoori chicken\ZKSXJLG4RID929P7N2H3LUFQ.jpg,tandoori chicken,all,e923987c12e9c4ff8ce1d931fa340f92,eb9f87ec4c812c0e
../foodsg-233\Mee siam\M7FUAG5NQODTHDLWED0LRM5Q.jpg,Mee siam,all,e93264f315da0b753b1480901b356529,90cf45d24bfb29c2
"../foodsg-233\Mee siam, fried\CVH4RRQEZM3LSSJ2RK66DIYQ.jpg","Mee siam, fried",all,e93264f315da0b753b1480901b356529,90cf45d24bfb29c2
"../foodsg-233\Bee hoon, goreng\N2MUVULGM2U5FMR5C3TIXW2D.jpg","Bee hoon, goreng",all,e93264f315da0b753b1480901b356529,90cf45d24bfb29c2
../foodsg-233\blueberries\DJXMZGWLEPYGFPDXBO14FYE9.jpg,blueberries,all,e96960ed5e98f13d6f4a56723e083ec5,bfe0c0cd935c7e20
../foodsg-233\canned Fruit salad\R75ARNR1Y7L1E79T6QDCU3JF.jpg,canned Fruit salad,all,e96960ed5e98f13d6f4a56723e083ec5,bfe0c0cd935c7e20
"../foodsg-233\Mee siam, fried\NM1VFQVUNHTWNYMQXV6C9MGQ.jpg","Mee siam, fried",all,e983ad8fa4105c35d668e99f19807776,e38e9c3131876eac
../foodsg-233\Mee siam\WPRWKOXB7JJTMU2DNO6XUSM9.jpg,Mee siam,all,e983ad8fa4105c35d668e99f19807776,e38e9c3131876eac
"../foodsg-233\Bee hoon, soto\QTVF7UNF9JZS0ZJLDQI0S4X6.jpg","Bee hoon, soto",all,e98e71d86ce738e99f1e5aed75b102ad,d4d96a23716433ce
../foodsg-233\sliced fish soup\IAD1KSHVOPBM2MTAXWMF11U8.jpg,sliced fish soup,all,e98e71d86ce738e99f1e5aed75b102ad,d4d96a23716433ce
"../foodsg-233\Bee hoon, soto\UF0FO333G5A98S72ZE2XUYH7.jpg","Bee hoon, soto",all,e9a0e37242dd452af4130ea9ed0e9107,fea0eb45c077ca0c
../foodsg-233\bee hoon\TL3583A4NGDEW6P6C7LCAGAA.jpg,bee hoon,all,e9a0e37242dd452af4130ea9ed0e9107,fea0eb45c077ca0c
../foodsg-233\Mee soto\DL8QNYBPDYJ7Z3XPYLW5NY8X.jpg,Mee soto,all,e9c2cbdcb751ba09ae968d8ccf661560,fb9985c262969ac9
"../foodsg-233\Bee hoon, soto\EI5YZVMGE4ZQUTM7BIUBRYUP.jpg","Bee hoon, soto",all,e9c2cbdcb751ba09ae968d8ccf661560,fb9985c262969ac9
../foodsg-233\mushroom soup\17WIJJKUHG9FRFETOGGL214M.jpg,mushroom soup,all,ea1c9a179bbd79134032e92bc8c021e9,95d17a3922b3aba1
../foodsg-233\cream soup\LSW04JXVIS0DAHTPFMORFXHK.jpg,cream soup,all,ea1c9a179bbd79134032e92bc8c021e9,95d17a3922b3aba1
../foodsg-233\Mee soto\QUTVPCJDPH56EAKREOXYFEGF.jpg,Mee soto,all,ea20727cfb7a0c851f45d578b018dfac,d7ff3df8a7200420
"../foodsg-233\Bee hoon, soto\4IHFBXT7XRE6KFZDXH30S7CE.jpg","Bee hoon, soto",all,ea20727cfb7a0c851f45d578b018dfac,d7ff3df8a7200420
"../foodsg-233\Bee hoon, goreng\BGI5OWPV1DL1SRLWMUHH37FF.jpg","Bee hoon, goreng",all,ea3ea22384671a98142ef28c4b96083c,947e43f02f930ec3
../foodsg-233\satay bee hoon\C6X9P6OKLI69NYY8GDFIRRDL.jpg,satay bee hoon,all,ea3ea22384671a98142ef28c4b96083c,947e43f02f930ec3
../foodsg-233\bee hoon\P0AHIF2BJSXWV4SX80HIT67B.jpg,bee hoon,all,ea3ea22384671a98142ef28c4b96083c,947e43f02f930ec3
../foodsg-233\Soto ayam\OTONT97RP7BF952OSSHHJC6B.jpg,Soto ayam,all,ea4f47781ca0b033a25418c5eba92ee6,c0920f5b3d6c3c3d
../foodsg-233\Mee soto\DH94HMTB2XDAPOYFEOQ29BZ1.jpg,Mee soto,all,ea4f47781ca0b033a25418c5eba92ee6,c0920f5b3d6c3c3d
../foodsg-233\Soto ayam\G2UAWWIMFMV0PKN6T2B6KSEP.jpg,Soto ayam,all,ea64da178bc8251f068ffd240445d9ef,baed2db595908ac2
../foodsg-233\Mee soto\JEXZ3DDZ7PBVUOFLDQ5I2P4O.jpg,Mee soto,all,ea64da178bc8251f068ffd240445d9ef,baed2db595908ac2
../foodsg-233\fried rice\O2F12X3ODVQWFQYJR5BZNP96.jpg,fried rice,all,ea6559b831568dcc6c661ed7776abdd3,def554948b8b289a
"../foodsg-233\Rice, korean bulgogi beef\L2ML9HVOD5HV0XBYIJ7LU3YM.jpg","Rice, korean bulgogi beef",all,ea6559b831568dcc6c661ed7776abdd3,def554948b8b289a
../foodsg-233\salad\17K6OTVGNY6U83DN1JFBP91A.jpg,salad,all,ea8d883070a3da2813f80dca36337fcf,e8d2f75a8059b62a
../foodsg-233\green leafy vegetables\W92G7AF8ZRLD6IGOD14WYU7H.jpg,green leafy vegetables,all,ea8d883070a3da2813f80dca36337fcf,e8d2f75a8059b62a
../foodsg-233\Laksa\2N0K4AD1OL699OUAXC21RILK.jpg,Laksa,all,eae54b51da717426197c38332124fbb8,a5709292c9cfccd9
../foodsg-233\tom yum noodle soup\1PI138N9HBW2TZOFESLWFCWY.jpg,tom yum noodle soup,all,eae54b51da717426197c38332124fbb8,a5709292c9cfccd9
../foodsg-233\Laksa\TCQ7MLFKOV5AMEJEOFPZSYG4.jpg,Laksa,all,eaf5f9c4d28ba5be868dd7d965d5569e,decbf5342e401aaa
../foodsg-233\Mee siam\Z89WVEYCZMG1QXCCCWPBQ53J.jpg,Mee siam,all,eaf5f9c4d28ba5be868dd7d965d5569e,decbf5342e401aaa
../foodsg-233\bee hoon\NUAP9F4T880V3OET05MPAIL9.jpg,bee hoon,all,eb3bf53b5311f69993fee4462ea4449d,9fa66d852740c5ec
"../foodsg-233\Bee hoon, soto\CUX1LZ0B5DYSQY7DOHZLKCJC.jpg","Bee hoon, soto",all,eb3bf53b5311f69993fee4462ea4449d,9fa66d852740c5ec
../foodsg-233\Soto ayam\VOUA2SVW0OEDUOPMVRZKSPIT.jpg,Soto ayam,all,eb40189136d3ec3ee079a32a6af12f2c,eeea848437a17a95
"../foodsg-233\Bee hoon, soto\LBMRW4AEZG95NA19S0YAOLNV.jpg","Bee hoon, soto",all,eb40189136d3ec3ee079a32a6af12f2c,eeea848437a17a95
../foodsg-233\drunken prawn\3OD7DD37HLJRAN4BJF3TR3EY.jpg,drunken prawn,all,eb51c9501b666146fdef43b718c1b4c5,ffd5f8c280809f8c
../foodsg-233\fried prawn\ARUYPFWEZMCJNKNXNNKTQRDI.jpg,fried prawn,all,eb51c9501b666146fdef43b718c1b4c5,ffd5f8c280809f8c
../foodsg-233\oyster omelette\22K6Q8740BMW96FYSFOLGVJF.jpg,oyster omelette,all,eb58fbfb70b14f716cf4ac65be3ac49c,ae87981581ddf38a
../foodsg-233\chai tow kuay\O4SOH76TISRLH3H25L32E63S.jpg,chai tow kuay,all,eb58fbfb70b14f716cf4ac65be3ac49c,ae87981581ddf38a
../foodsg-233\Fruit juice\KJZT86DLVWBMPJFE60ZCTB8B.jpg,Fruit juice,all,eb7a1fec52b7bd38fc3c6b41b995ae13,bc90f1e38f8ce191
../foodsg-233\orange\K3OQWFUHOY2DGBQ2FTAAB3DO.jpg,orange,all,eb7a1fec52b7bd38fc3c6b41b995ae13,bc90f1e38f8ce191
../foodsg-233\Mee rebus\8MP2D3GNGQDTTD04IXVT4NSB.jpg,Mee rebus,all,eb7aab6a99ba46cc7de6a0bde82ba3bb,a1959552173a9eda
../foodsg-233\Mee bandung\97KOOPCA9H3MCXP9R91AJJWG.jpg,Mee bandung,all,eb7aab6a99ba46cc7de6a0bde82ba3bb,a1959552173a9eda
../foodsg-233\Mee soto\O545AKFDASJSEM3CW4A897WL.jpg,Mee soto,all,eb8a986677b14a1ad845e88505d4a139,f86cb783530e683c
"../foodsg-233\Bee hoon, soto\IBX3PGMT5CJRJAGCFIB82PS2.jpg","Bee hoon, soto",all,eb8a986677b14a1ad845e88505d4a139,f86cb783530e683c
../foodsg-233\lontong\3ZNPQIP4K0GOAA0XSOGUDEY5.jpg,lontong,all,ebada69a93fc93ff4a7fdc6e04a8c199,bf2fe297844a91d0
../foodsg-233\Lontong with sayur lodeh\UKF2PUUM7IS5M4K1YS3FILCU.jpg,Lontong with sayur lodeh,all,ebada69a93fc93ff4a7fdc6e04a8c199,bf2fe297844a91d0
../foodsg-233\cream soup\858LP155ZDRZ9740LLOA3276.jpg,cream soup,all,ebc20cb83c8bdf4d8c2393fd8c3842f3,d7b33ea1f0d1404b
../foodsg-233\mushroom soup\MPO009BMLQMV3XC1DVVUR33G.jpg,mushroom soup,all,ebc20cb83c8bdf4d8c2393fd8c3842f3,d7b33ea1f0d1404b
../foodsg-233\whole grain bread\YB5E70NRLLQ5ID1JZ7GHM2DK.jpg,whole grain bread,all,ec0adc89f04b8df29f150d72d639dcdf,a890bda07673fc8c
../foodsg-233\whole wheat\XSGB6JGLXSP3RV0R8G26EQ2A.jpg,whole wheat,all,ec0adc89f04b8df29f150d72d639dcdf,a890bda07673fc8c
../foodsg-233\Mee soto\R1UKSHXXC420AWUWKRI8GWW7.jpg,Mee soto,all,ec0d3f35e6f01576aa26fda7cd2e7b7e,bef2e2acc1c0e698
"../foodsg-233\Bee hoon, soto\XQX5L4MKYHW1OUWMLV6NN6XX.jpg","Bee hoon, soto",all,ec0d3f35e6f01576aa26fda7cd2e7b7e,bef2e2acc1c0e698
../foodsg-233\Mee goreng\0XVBARRT4TV6DLEHXDN7THFN.jpg,Mee goreng,all,ec3bc35e28a22449e4527d769d3399f7,f682fb21b691407e
../foodsg-233\Mee kuah\PWJPOJH6BQ67SGT7VMKD22AV.jpg,Mee kuah,all,ec3bc35e28a22449e4527d769d3399f7,f682fb21b691407e
../foodsg-233\Soto ayam\WTPBSSDF6EQJOG11YF83AZ4L.jpg,Soto ayam,all,ec3ca7676e8ab09b073f4d45f1055a81,f5a5ca3e6b1044d9
../foodsg-233\Mee soto\UP7JSCFMIXW08VWDRK5JR1LP.jpg,Mee soto,all,ec3ca7676e8ab09b073f4d45f1055a81,f5a5ca3e6b1044d9
../foodsg-233\steamed buns\GNRRAWJ9H841Z9T5ND0TVLH3.jpg,steamed buns,all,ec67d6e420c7c485170d52a71db2af51,d29e5c916143e766
../foodsg-233\char siew pau\KKTLRDZLJNZTL931UUOPNO0O.jpg,char siew pau,all,ec67d6e420c7c485170d52a71db2af51,d29e5c916143e766
"../foodsg-233\Don, chicken teriyaki\424AZ5VAU28RP958W1DSDUJK.jpg","Don, chicken teriyaki",all,ec931deac0eab8987b55704e901c0137,a5ec36c1d94dc632
"../foodsg-233\Rice, chicken katsu with Japanese curry\AU99KSKVTLMTJ0DI2NN8I8Q0.jpg","Rice, chicken katsu with Japanese curry",all,ec931deac0eab8987b55704e901c0137,a5ec36c1d94dc632
../foodsg-233\tandoori chicken\YLNOSZJANB0XTRNVHKO9MLGK.jpg,tandoori chicken,all,ec9e5f64972a73a1449dbae4d736ed65,929235cdc92d8b3e
../foodsg-233\chicken masala\VU1OY836JJBHLZF5WA2WEDCI.jpg,chicken masala,all,ec9e5f64972a73a1449dbae4d736ed65,929235cdc92d8b3e
../foodsg-233\mee pok\EWD5WFDT217SADWD1H4N80U8.jpg,mee pok,all,ecb3b51d18527709b8bfb98f873f03d9,c398fa39711298fa
../foodsg-233\bak chor mee\G0D7VY3G89GDEWXRF0AJ9DWW.jpg,bak chor mee,all,ecb3b51d18527709b8bfb98f873f03d9,c398fa39711298fa
../foodsg-233\Mee soto\VYP9VN2WH83YNPFX7Z4QG3NJ.jpg,Mee soto,all,eceae1fc82c4eb4827d076829cc1dfac,db85f05dc26b094e
../foodsg-233\Soto ayam\DT53TX5EQXH1TBRM8CSVTD6F.jpg,Soto ayam,all,eceae1fc82c4eb4827d076829cc1dfac,db85f05dc26b094e
../foodsg-233\Mee soto\QD0LUSKNXTD8U1PKGG4XA3HW.jpg,Mee soto,all,ed23da4b7d61e91ec91198632bf3e72a,c506189f72df623c
../foodsg-233\Soto ayam\AIH1XQJEOXO3CTGV9D07107K.jpg,Soto ayam,all,ed23da4b7d61e91ec91198632bf3e72a,c506189f72df623c
../foodsg-233\tandoori chicken\5Y13Z4Y2H7OCDF2C6X2CD90I.jpg,tandoori chicken,all,ed269654e8bf20054b03311a4aa22bd3,cb1c5d299d6ca456
../foodsg-233\chicken masala\L56233NS04Z7QON154JK2R56.jpg,chicken masala,all,ed269654e8bf20054b03311a4aa22bd3,cb1c5d299d6ca456
../foodsg-233\kebab - chicken\JLI2L3PF711VQEYB5G510SN9.jpg,kebab - chicken,all,ed5525c04603d5d309885cecea41d4d7,bdd5d82805d3e683
../foodsg-233\satay\QZMCKE1X8K0MX03YBTS5EQQS.jpg,satay,all,ed5525c04603d5d309885cecea41d4d7,bdd5d82805d3e683
../foodsg-233\Ban Mian\MOPHUPGH6GO0A10QZCR1UNL2.jpg,Ban Mian,all,ed61bddfd00b7f5af8fa796a5ff5ff8e,d5e44af62ed130d2
../foodsg-233\Seafood Noodles Soup\L4NFR00BTFGKRIMFKTDJIJDA.jpg,Seafood Noodles Soup,all,ed61bddfd00b7f5af8fa796a5ff5ff8e,d5e44af62ed130d2
../foodsg-233\mixed vegetables\1DU761DVFI1KJ8GHO1H2E19R.jpg,mixed vegetables,all,ed76b0c5dffe9097c639a08ede9e850b,bef1c10628bd15f1
"../foodsg-233\Chap chye, Nonya\8OZZIT8STXXXR526L6OK1WV9.jpg","Chap chye, Nonya",all,ed76b0c5dffe9097c639a08ede9e850b,bef1c10628bd15f1
../foodsg-233\Mee kuah\51N2O4S9HO78VGFWUMF3F1X3.jpg,Mee kuah,all,ed93ce0d131814318b253d1a4b1c3ac3,99736fcaa4859196
../foodsg-233\Mee bandung\OB88490OY8N6BCYWJ446QN2K.jpg,Mee bandung,all,ed93ce0d131814318b253d1a4b1c3ac3,99736fcaa4859196
../foodsg-233\Mee soto\PTILOD8A4YRSVT86UC68APUP.jpg,Mee soto,all,ede4f050e5a586d60c93371eac3fdf5d,af5a9b4ee421b425
../foodsg-233\Soto ayam\E4SCU10CGWJO8OZN5IPGMO86.jpg,Soto ayam,all,ede4f050e5a586d60c93371eac3fdf5d,af5a9b4ee421b425
"../foodsg-233\Bee hoon, soto\G5CJRVY4PU8XRYSGM9TNSLAB.jpg","Bee hoon, soto",all,ede4f050e5a586d60c93371eac3fdf5d,af5a9b4ee421b425
../foodsg-233\Mee rebus\YBMC6S40C0ML1DEPK4CKLTK7.jpg,Mee rebus,all,ededf02c8210695ad88e21227794dec2,833e8e6139c631b7
../foodsg-233\Mee siam\G9ULVEPRW7ZB1U6FPIN8PAYO.jpg,Mee siam,all,ededf02c8210695ad88e21227794dec2,833e8e6139c631b7
../foodsg-233\cream soup\A8DYFQRBO151SNEXVHPQFV9P.jpg,cream soup,all,ee05f8bd17e1b1ba015dd272c5ffa242,ed9e2b30ac6195a5
../foodsg-233\vegetable soup\V6RUAXGVG7GXUXLGF3IR09FR.jpg,vegetable soup,all,ee05f8bd17e1b1ba015dd272c5ffa242,ed9e2b30ac6195a5
../foodsg-233\Mee rebus\VMWOUYUBGQDOGRAK2RXFLRB1.jpg,Mee rebus,all,ee192536770b1bf63d2380d88c14ad4b,a987d508a952be1f
../foodsg-233\Mee kuah\1GCKFAQKKEYKOP6W3CIRMI71.jpg,Mee kuah,all,ee192536770b1bf63d2380d88c14ad4b,a987d508a952be1f
../foodsg-233\bee hoon\IOO4LTO1ADVD41SBKT1YMVFN.jpg,bee hoon,all,ee96cfe02a29866607c1edd4f0837dc2,f8b4a9f1a6d0b544
../foodsg-233\satay bee hoon\E16CFH3XG4PLDB2FGLRV07LP.jpg,satay bee hoon,all,ee96cfe02a29866607c1edd4f0837dc2,f8b4a9f1a6d0b544
../foodsg-233\Duck Rice\YQY5ATU5YSZKWWKFH65THI74.jpg,Duck Rice,all,ee98fa576b60c3f8fba74be78a6b5583,e35396894f8a692b
../foodsg-233\char siew\W3AVQOZK9YWZ78OTKDD3JO0B.jpg,char siew,all,ee98fa576b60c3f8fba74be78a6b5583,e35396894f8a692b
../foodsg-233\assam pedas\H8882A4HHJ6WBA1GBJU720ZI.jpg,assam pedas,all,eef9e53988b58d6abbcf968cf58e6e1c,fee0f0c3a043a967
../foodsg-233\fish head curry\7LTX93RFDT0J6Z3W4TFRY980.jpg,fish head curry,all,eef9e53988b58d6abbcf968cf58e6e1c,fee0f0c3a043a967
../foodsg-233\Pomelo\9A3DK9AFPI3CDR8KMN2S787L.jpg,Pomelo,all,eefa174464fcd6e76fa01bdaad611527,e3729c4d8aa635a9
../foodsg-233\Grapefruit\EDB96UTNURUTPG7OD3PVG5S2.jpg,Grapefruit,all,eefa174464fcd6e76fa01bdaad611527,e3729c4d8aa635a9
../foodsg-233\Soto ayam\1OJOG9JNRJMU8A26NDHIJOEZ.jpg,Soto ayam,all,ef1c243623fca689c1102d48ca2de020,be8574c6c79f4070
../foodsg-233\Mee soto\O90TS2Q5VEOULY4GISAYZE8S.jpg,Mee soto,all,ef1c243623fca689c1102d48ca2de020,be8574c6c79f4070
../foodsg-233\Mee bandung\XYGK1JZUSXWWUGYTMCFTYZM9.jpg,Mee bandung,all,ef1c685e2212a6582aca85c192277c61,f8ca9fe0c6a5298c
../foodsg-233\Mee rebus\S4I85BIDB82RQV2MP4A2NEDW.jpg,Mee rebus,all,ef1c685e2212a6582aca85c192277c61,f8ca9fe0c6a5298c
../foodsg-233\Mee kuah\3FCWT29YK2AM941MHOQSLAX1.jpg,Mee kuah,all,ef1c685e2212a6582aca85c192277c61,f8ca9fe0c6a5298c
../foodsg-233\cream soup\MKA7IMGNX4LAQPUETC99RQ2G.jpg,cream soup,all,ef29ad1d68c4268e9efd07cb06d35fb6,eab54dc4352394ce
../foodsg-233\mushroom soup\Q5LR063OWCHFZLQZW325QJ2W.jpg,mushroom soup,all,ef29ad1d68c4268e9efd07cb06d35fb6,eab54dc4352394ce
../foodsg-233\Macaroni\LLBSDJEXAWPMNZN1G9BBB3JV.jpg,Macaroni,all,ef897a6214bba0f85b791868dddd1829,8a091c35a9fbb5c3
../foodsg-233\Soto ayam\9PLDN5I8K63P9SUPN0ZJP5OJ.jpg,Soto ayam,all,ef897a6214bba0f85b791868dddd1829,8a091c35a9fbb5c3
../foodsg-233\miso soup\A2E2HAN8CZSLFB5YR9O5W4QY.jpg,miso soup,all,efccbaa087d6bebef1a9e529d999e371,be9ec05a5e206597
../foodsg-233\vegetable soup\QXV77746CXAL6J3FNCOJJKZX.jpg,vegetable soup,all,efccbaa087d6bebef1a9e529d999e371,be9ec05a5e206597
../foodsg-233\vegetarian bee hoon\0V1CF7TO3VXF35C2X2699NXV.jpg,vegetarian bee hoon,all,efce3c746008db05808029c649938653,bec6f501c207a35e
../foodsg-233\satay bee hoon\KP1HNSG6XBPFZVMIFNK99HJA.jpg,satay bee hoon,all,efce3c746008db05808029c649938653,bec6f501c207a35e
"../foodsg-233\Mee siam, fried\MEWSIA34PUXX5MZA2TPAZ2UC.jpg","Mee siam, fried",all,efda51b4c210d423d982c371ac30e54f,f893f370c16a1d62
../foodsg-233\Mee siam\FD1V2LAR3H4WJ7F1X268RGL7.jpg,Mee siam,all,efda51b4c210d423d982c371ac30e54f,f893f370c16a1d62
../foodsg-233\Bubble Milk Tea\470S0FN1I0RNDE4WNK1PACNG.jpg,Bubble Milk Tea,all,f00a8081c17f78577746e4e3c5da8f77,cd93696e922564b6
../foodsg-233\Kopi Teh Milo\J70T022SYNS0DXUUC5BPTLHP.jpg,Kopi Teh Milo,all,f00a8081c17f78577746e4e3c5da8f77,cd93696e922564b6
../foodsg-233\drunken prawn\MGRPY5QEL543RXDJ2UH72J1Q.jpg,drunken prawn,all,f00c064f0dd783f02a46fecd3e7fc815,e0f3516a6b852d95
../foodsg-233\fried prawn\4COTPXM06OVLI90JYVDZNAM8.jpg,fried prawn,all,f00c064f0dd783f02a46fecd3e7fc815,e0f3516a6b852d95
../foodsg-233\tandoori chicken\V2S9V4RT8JXR453V4JXOSW5Z.jpg,tandoori chicken,all,f020c200179c2a268713ea68f86ecedd,829fada9784b494d
../foodsg-233\fried chicken\R1UPJMGZ4RAWRB4XPNGNT0YE.jpg,fried chicken,all,f020c200179c2a268713ea68f86ecedd,829fada9784b494d
"../foodsg-233\Bee hoon, soto\82ZILVLKR07IIW3RQIKU4W3K.jpg","Bee hoon, soto",all,f071b61a31411fb9d865281359380960,eba1abd1e586a584
../foodsg-233\satay bee hoon\VYAY9YQGMFBTQW5I62XKVUVL.jpg,satay bee hoon,all,f071b61a31411fb9d865281359380960,eba1abd1e586a584
../foodsg-233\begedil\7ITF17IY7D7097RPR7L84PQZ.jpg,begedil,all,f0e8ef884874a5728430228a791a4584,af42f0a5d374c368
../foodsg-233\Tauhu Goreng\VLB1N3OAQCDHLUQ0ZS4TY09B.jpg,Tauhu Goreng,all,f0e8ef884874a5728430228a791a4584,af42f0a5d374c368
../foodsg-233\Mee rebus\07HGN3KMXJPZ9DFVLTJRJ49H.jpg,Mee rebus,all,f0ea358efe00359884f537354b21da02,ebd59592d28e844b
../foodsg-233\Mee bandung\EUUQ3FQGM8Y3DBW6ERFQYOIJ.jpg,Mee bandung,all,f0ea358efe00359884f537354b21da02,ebd59592d28e844b
../foodsg-233\Mee soto\4I1ZLVK8LOBCPOOCNLB3J300.jpg,Mee soto,all,f14bebf0368db7fbb0a03292046ad3e3,d5db41d30b8a2d8b
../foodsg-233\Soto ayam\DGOWZHJMFSOUSQXG5LWORKSC.jpg,Soto ayam,all,f14bebf0368db7fbb0a03292046ad3e3,d5db41d30b8a2d8b
../foodsg-233\Ban Mian\NKU4UDL4XJSPY265WE1CSGIV.jpg,Ban Mian,all,f15d3533f6d96e68ed78649851766990,a12b643e95ce5639
"../foodsg-233\Wanton mee, dry\RNTV6TG9CRLR9T5KU95HE4WW.jpg","Wanton mee, dry",all,f15d3533f6d96e68ed78649851766990,a12b643e95ce5639
../foodsg-233\Mee rebus\QL62MTK1JWL12NH3UTA1926M.jpg,Mee rebus,all,f178e054380cfca61f937e64a20a22c4,be4ce1b096c89a9b
../foodsg-233\Mee kuah\OTS9IVANQYSEFJIIX8DWPE1Z.jpg,Mee kuah,all,f178e054380cfca61f937e64a20a22c4,be4ce1b096c89a9b
../foodsg-233\honeydew\TSAFP30SVK85J7O7KV5IRARN.jpg,honeydew,all,f1abff8c41227ee9b3a494a22f38d062,f48b714fc7681ca4
../foodsg-233\rock melon\ZON9TE7HK3JYPBI3OUILQHFH.jpg,rock melon,all,f1abff8c41227ee9b3a494a22f38d062,f48b714fc7681ca4
../foodsg-233\Mee kuah\W4NO7D6Y2D6DTSTPI3GXIDSL.jpg,Mee kuah,all,f1bebbf60df3744dfb608a87c3cb63fd,97d3c236b56ab421
../foodsg-233\Mee rebus\HUYL3EO1BY1IP3HY16A781O4.jpg,Mee rebus,all,f1bebbf60df3744dfb608a87c3cb63fd,97d3c236b56ab421
../foodsg-233\Laksa\YSQEC8XH5IGIYPVLGLAUNSQY.jpg,Laksa,all,f1faebc84e9565d75251b374742994c0,cd96506d0ad22f7a
../foodsg-233\Mee soto\SKNKJGII8P17D95V2NMXGGS0.jpg,Mee soto,all,f1faebc84e9565d75251b374742994c0,cd96506d0ad22f7a
"../foodsg-233\Don, chicken teriyaki\CXQGVAO0EKTH0OK6M0T4P5Z6.jpg","Don, chicken teriyaki",all,f2112c042d733aa789edefb001c3c68f,bbb1d50846ad0bf8
"../foodsg-233\Don, unagi\1BQ259MNH14WF8EQNU1X1FSN.jpg","Don, unagi",all,f2112c042d733aa789edefb001c3c68f,bbb1d50846ad0bf8
../foodsg-233\bee hoon\0UY6IS9N3HMYVDSF5M663O8C.jpg,bee hoon,all,f2144dd041be9873f28e1d3d28c9c15f,b55c2bebe5638608
"../foodsg-233\Bee hoon, soto\SOQKBRKZDMNM97QO76WSCHZV.jpg","Bee hoon, soto",all,f2144dd041be9873f28e1d3d28c9c15f,b55c2bebe5638608
../foodsg-233\bee hoon\GO90QO23WCFESLCLJI85RM3Y.jpg,bee hoon,all,f22cab6449d91fb9ae4c624b671789ae,e52c98179b99ad62
"../foodsg-233\Bee hoon, soto\9AOM0AF3KVNC4LVCITKF0XR5.jpg","Bee hoon, soto",all,f22cab6449d91fb9ae4c624b671789ae,e52c98179b99ad62
../foodsg-233\chicken soup\YWE7RYX5SYBFR5URCFZNP65C.jpg,chicken soup,all,f248fdeee27c29731f2c3d92701b6daf,c06eecb4979c36a2
"../foodsg-233\Bee hoon, soto\5HXQBZPN470Y3GBUVP2X1DSG.jpg","Bee hoon, soto",all,f248fdeee27c29731f2c3d92701b6daf,c06eecb4979c36a2
"../foodsg-233\Mee siam, fried\JIXPTJF8ITVZFWBJL41M9T8I.jpg","Mee siam, fried",all,f256ba901a31810a9508e26cf4951759,bdc2d00f433ed278
../foodsg-233\Hor Fun\EQLKUESA15XD4T7GDXFVTKR5.jpg,Hor Fun,all,f256ba901a31810a9508e26cf4951759,bdc2d00f433ed278
../foodsg-233\Kway Teow\QVGG1S5FSU4M371DCJ43Q8EW.jpg,Kway Teow,all,f256ba901a31810a9508e26cf4951759,bdc2d00f433ed278
../foodsg-233\Mee siam\L4M3SEIDOLWPGU03WJE2X1OF.jpg,Mee siam,all,f277678775c10003a33070d3cbe08680,f51e99a56d968990
"../foodsg-233\Mee siam, fried\4QYU15U4UVH7LGP6ERESRD49.jpg","Mee siam, fried",all,f277678775c10003a33070d3cbe08680,f51e99a56d968990
../foodsg-233\char siew\IZQ7DIHUUAL71YI7MC53RISD.jpg,char siew,all,f27cf08736909756e03ad849e982adba,bdc14ef6c4ca82c5
../foodsg-233\Duck Rice\YE0AU0OZVEU8LHLWOIBVQO2O.jpg,Duck Rice,all,f27cf08736909756e03ad849e982adba,bdc14ef6c4ca82c5
../foodsg-233\Mee bandung\FKJUEWIYMSKSI7PHHY8I0OF7.jpg,Mee bandung,all,f27d5bdd1f4f78ee7b7b59e70b7531cf,954b9f2d7037321a
../foodsg-233\Mee kuah\APA7IHHETXSEFTOWG93TKU3F.jpg,Mee kuah,all,f27d5bdd1f4f78ee7b7b59e70b7531cf,954b9f2d7037321a
../foodsg-233\chai tow kuay\8HM6IFQFHH82J21DGG98FWO4.jpg,chai tow kuay,all,f2e3dd29319477aa00d505c5134fb428,f46cc460c04fbcf3
../foodsg-233\chwee kueh\J8PTBRRDN0OCLRMD93JQGS28.jpg,chwee kueh,all,f2e3dd29319477aa00d505c5134fb428,f46cc460c04fbcf3
../foodsg-233\mixed vegetables\9AMVFP9OMDG17M73CDU2YAV4.jpg,mixed vegetables,all,f2fd173f17ab53c5e5f13fb7979551fd,ed12d02e4b2d3db4
../foodsg-233\green leafy vegetables\8EICNHDEFC60W8AAT2DR3Z6U.jpg,green leafy vegetables,all,f2fd173f17ab53c5e5f13fb7979551fd,ed12d02e4b2d3db4
../foodsg-233\bee hoon\KCH9LF800BP3E24R42QDJG71.jpg,bee hoon,all,f310de87aed53d445e409b4b559354ab,bbc3ee64e498b920
../foodsg-233\Seafood Noodles Soup\0TML51VVX9578606GKOEHVAE.jpg,Seafood Noodles Soup,all,f310de87aed53d445e409b4b559354ab,bbc3ee64e498b920
../foodsg-233\Seafood Noodles Soup\X0B78FDDXF3NUB8W1KVV2LXP.jpg,Seafood Noodles Soup,all,f35819c2991f232a60e587b149f88a15,85ad02970fd27d9c
../foodsg-233\bee hoon\COX4UX9T19AAC71WRP2M8359.jpg,bee hoon,all,f35819c2991f232a60e587b149f88a15,85ad02970fd27d9c
../foodsg-233\fried rice\P2WZT7MG3PM4JSB69UWMIB65.jpg,fried rice,all,f35d181eab13af1612535e6a696cd88f,cd8c2e7636697944
../foodsg-233\Nasi Ambeng\JLPA6S2U9BB8SOH2ONB64ZLD.jpg,Nasi Ambeng,all,f35d181eab13af1612535e6a696cd88f,cd8c2e7636697944
../foodsg-233\Mee bandung\7I2YKEI9M3MZS5PUJU74WQAW.jpg,Mee bandung,all,f364492a23b9dd462a305f58064b431a,b7dad80928e9e44e
../foodsg-233\Mee rebus\B8VAL28ZKD4XP4VL5KI3EJDN.jpg,Mee rebus,all,f364492a23b9dd462a305f58064b431a,b7dad80928e9e44e
../foodsg-233\mushroom soup\Z13JVEDQ6N85EHPGNHUGRYEF.jpg,mushroom soup,all,f3710210eed8055ec15a445c2b306822,efd08ec2ab2a21a7
../foodsg-233\vegetable soup\5ZNODTSNBLY57IBO7W32FXIW.jpg,vegetable soup,all,f3710210eed8055ec15a445c2b306822,efd08ec2ab2a21a7
../foodsg-233\mushroom soup\21DG66FU4PMOPHCMKHF3B84O.jpg,mushroom soup,all,f373d3be4a63b2ba46f8f2bf11c80aa3,e0a25ab27bc8e4a7
../foodsg-233\cream soup\6UGPPQQ2ASJGE8DNF6U60ZGR.jpg,cream soup,all,f373d3be4a63b2ba46f8f2bf11c80aa3,e0a25ab27bc8e4a7
../foodsg-233\Lontong with sayur lodeh\X26YQYXIU64784F219C03KGC.jpg,Lontong with sayur lodeh,all,f387543279df7001b72b78efc697d934,80fa04533f687f78
../foodsg-233\lontong\86OKPENYCD4WU7HV35ESWW1J.jpg,lontong,all,f387543279df7001b72b78efc697d934,80fa04533f687f78
../foodsg-233\kaya toast\U8FJFHEP71JJ99JDM33PBXZK.jpg,kaya toast,all,f387cfa24dbdcc59c552acd3133bfe75,9f8fc0e06b74e291
../foodsg-233\Soft boiled eggs\K8XAWE9B36L0KGMMUAUGX8AY.jpg,Soft boiled eggs,all,f387cfa24dbdcc59c552acd3133bfe75,9f8fc0e06b74e291
../foodsg-233\raspberry\21G7HNLP1LNGN4FIHGYFD7YI.jpg,raspberry,all,f3938cc64171f900a64bbcd6c53e9400,fc4602310f713fcd
../foodsg-233\Blackberry\NCB9Q7QN1FEHBP3B2OXLU8GJ.jpg,Blackberry,all,f3938cc64171f900a64bbcd6c53e9400,fc4602310f713fcd
../foodsg-233\yam rice\VM6KH2EO6HYEMU1GHDO36JL8.jpg,yam rice,all,f3ac31f77485ee141a35e4feb3ef09ff,f89facd0d1634361
../foodsg-233\Duck Rice\TO5C3ZLLZLU5DN2SUL1UYRTR.jpg,Duck Rice,all,f3ac31f77485ee141a35e4feb3ef09ff,f89facd0d1634361
../foodsg-233\whole wheat\9XY7WRSIH3F2GN31M68YLI7R.jpg,whole wheat,all,f3bc1abeb6cc63c01bdca5b18737c198,d4d060b7dbd50a95
../foodsg-233\whole grain bread\A9BQF8P8MWTDTBJPRWMAWKAL.jpg,whole grain bread,all,f3bc1abeb6cc63c01bdca5b18737c198,d4d060b7dbd50a95
../foodsg-233\Mee rebus\EGLKG8RL772TFNO8SUSN9U4L.jpg,Mee rebus,all,f3ef693b350b3a6c54afef2475f4bd46,988ec433936f9b34
../foodsg-233\Mee siam\9M29PEIH8WWSJWKCASPSSVJF.jpg,Mee siam,all,f3ef693b350b3a6c54afef2475f4bd46,988ec433936f9b34
../foodsg-233\Mee bandung\DUV27QL1DXOBL3NZORJ3SK3R.jpg,Mee bandung,all,f3ef693b350b3a6c54afef2475f4bd46,988ec433936f9b34
"../foodsg-233\Rice, with dakgalbi\D5KL80243RRF4NVVDXLFSH7Y.jpg","Rice, with dakgalbi",all,f436152c2c9d30c14a102af2996cf18d,bde1f28f813c4c70
../foodsg-233\Claypot Rice\YXQ0C2V3AYW1W40X7WC0XXCO.jpg,Claypot Rice,all,f436152c2c9d30c14a102af2996cf18d,bde1f28f813c4c70
"../foodsg-233\Bee hoon, soto\GNDR2KCNFMSBNAIQ9YKFESVN.jpg","Bee hoon, soto",all,f438f5b5d8a604c8e3a3b5216cbbf3c4,f3c3cf98f824a60c
../foodsg-233\Soto ayam\64YHKMLLRV70WRENX1Y04YBY.jpg,Soto ayam,all,f438f5b5d8a604c8e3a3b5216cbbf3c4,f3c3cf98f824a60c
../foodsg-233\Porridge\O45OHDC2XOHDRNTUAYBXSS6H.jpg,Porridge,all,f466f9ea175f28737f19fef7597d2bf8,f795c8328fb08cc9
../foodsg-233\Seafood Noodles Soup\Y2A1OGUKGDOLKP3U566BFXC3.jpg,Seafood Noodles Soup,all,f466f9ea175f28737f19fef7597d2bf8,f795c8328fb08cc9
../foodsg-233\sliced fish soup\QMJWCVB4957GFID6MHSYVWM5.jpg,sliced fish soup,all,f466f9ea175f28737f19fef7597d2bf8,f795c8328fb08cc9
../foodsg-233\Soto ayam\ZJXMZV6CV5M2EOGM2IRJEU5X.jpg,Soto ayam,all,f490c8e9abe580c4ea9ef811cebc6f1d,98d5911ede39e413
../foodsg-233\Mee soto\XB1RX3OLUHGFV1ZDYYS5SIK7.jpg,Mee soto,all,f490c8e9abe580c4ea9ef811cebc6f1d,98d5911ede39e413
../foodsg-233\Mee soto\7GK75QTVGRCLR1ZRQHZKSCEA.jpg,Mee soto,all,f4bd80a5471b1436ff1bb28cab753e8d,c6d4bb72b40b9296
../foodsg-233\ayam penyet\HBD6R8PFO0CSQ4S3R2YWBSLI.jpg,ayam penyet,all,f4bd80a5471b1436ff1bb28cab753e8d,c6d4bb72b40b9296
../foodsg-233\satay bee hoon\BVR0FAXOQI7RJF20E0DWI7SW.jpg,satay bee hoon,all,f4f2a4c2658f6bb8fd0307288b77ff1f,ba1fe166b5493514
../foodsg-233\satay\FDDPWS06IN6EEEEOT9R7FA2F.jpg,satay,all,f4f2a4c2658f6bb8fd0307288b77ff1f,ba1fe166b5493514
"../foodsg-233\Wanton mee, dry\OOK1NLNE1XV4CVQMPPA6GLIN.jpg","Wanton mee, dry",all,f4f488970d7762af22b6ad0353621d73,ab65b4b393c3c28c
../foodsg-233\Dumpling noodle soup\UP3GLOCU7HBNMUQC12GZ13JL.jpg,Dumpling noodle soup,all,f4f488970d7762af22b6ad0353621d73,ab65b4b393c3c28c
../foodsg-233\whole wheat\S02S2GK4J85G0DQKUOJ43DBS.jpg,whole wheat,all,f5063316a75f79c1c202fe94057e78d2,d41a4b6c2e69b47a
../foodsg-233\whole grain bread\IDOYHMZ9ECO4RJGM1A8BKPDH.jpg,whole grain bread,all,f5063316a75f79c1c202fe94057e78d2,d41a4b6c2e69b47a
../foodsg-233\chicken soup\04RPRO7BCMPHU57IOM8LJZLJ.jpg,chicken soup,all,f50a67960c807f349c436aa2448e4f44,f4484e2ec34fae70
"../foodsg-233\Rice, with dakgalbi\TWJ46L7EZT0GOJLIGXM75RYM.jpg","Rice, with dakgalbi",all,f50a67960c807f349c436aa2448e4f44,f4484e2ec34fae70
"../foodsg-233\Bee hoon, soto\OIF3XNCKK61AD1ZLHE3QI0M7.jpg","Bee hoon, soto",all,f531e262254516d6c4c38f8ea9e70f49,bbf7e468c1258037
../foodsg-233\bee hoon\RCDLSXK355E6DVKDPZPRB90H.jpg,bee hoon,all,f531e262254516d6c4c38f8ea9e70f49,bbf7e468c1258037
../foodsg-233\char siew pau\WNS20PIKHMT3M9ICRJ6EADE0.jpg,char siew pau,all,f5c1979e6ecf2cf304ad85e517046151,81172bbb79783534
../foodsg-233\steamed buns\BLM0Y6FHSX44J74GSMFGY6H4.jpg,steamed buns,all,f5c1979e6ecf2cf304ad85e517046151,81172bbb79783534
../foodsg-233\cream soup\DMG9X9YVN0D2PXYEAU9Q6RR6.jpg,cream soup,all,f5c59dcee8141449738d3e447f1e7cbb,eaf5b1c0d842c54f
../foodsg-233\chicken soup\O0JL247XG7OAE0SDCR681R5Z.jpg,chicken soup,all,f5c59dcee8141449738d3e447f1e7cbb,eaf5b1c0d842c54f
../foodsg-233\Soto ayam\5S3J98BH8EJNHVVQFZB4MGVV.jpg,Soto ayam,all,f6111f2d4ee494ee8a28760c62bb34cf,f14bc027066e0bbf
../foodsg-233\Mee soto\6MSQSGA7B95BZKRDZHH29I7B.jpg,Mee soto,all,f6111f2d4ee494ee8a28760c62bb34cf,f14bc027066e0bbf
../foodsg-233\Duck Rice\CSY4D45A3BI8QI97OXWMTR0V.jpg,Duck Rice,all,f662be21a817706b6ce9713f379bf132,b4e22a84a3e5da6e
../foodsg-233\char siew\ZUKDDDBU45DJ4JUH64YSUD1E.jpg,char siew,all,f662be21a817706b6ce9713f379bf132,b4e22a84a3e5da6e
../foodsg-233\chicken masala\N4FCA8C7JSXU5LBER65CDZZQ.jpg,chicken masala,all,f67bc27d2a2abe4bcba33cb678ec04bb,deaa60c545d28fe2
../foodsg-233\tandoori chicken\113TKUDCA0AP43O9BMHSNKVS.jpg,tandoori chicken,all,f67bc27d2a2abe4bcba33cb678ec04bb,deaa60c545d28fe2
../foodsg-233\char siew pau\8GYA3KB97JVI0U9329HTDS17.jpg,char siew pau,all,f69d153388a0356bf01f030e7646e9f6,dc370e3ba6be7020
../foodsg-233\steamed buns\DVOIDLYY628DORUU18QKOJI8.jpg,steamed buns,all,f69d153388a0356bf01f030e7646e9f6,dc370e3ba6be7020
"../foodsg-233\Mee siam, fried\UN6R24BAMUGVQLV5JNFMBSDG.jpg","Mee siam, fried",all,f6a0def9e597b30250ab70bf575bcb07,ec65e29995da9831
../foodsg-233\Mee siam\U5AXDHC68XM64MQPLM533I0H.jpg,Mee siam,all,f6a0def9e597b30250ab70bf575bcb07,ec65e29995da9831
../foodsg-233\Lontong with sayur lodeh\2PFMCQRXQGK6I8T3IKOOA4HC.jpg,Lontong with sayur lodeh,all,f6bbbad5bf8b14b5bf62887ffa1012e2,afc880d71f6a6781
../foodsg-233\lontong\PZRXSPKUFS8PQ1QFVQ9M0MP0.jpg,lontong,all,f6bbbad5bf8b14b5bf62887ffa1012e2,afc880d71f6a6781
../foodsg-233\Kway Teow\RPYCQPUREW0PGCDO1KTRQ33W.jpg,Kway Teow,all,f6c568c168db6ac0ffe6b1242e0ecb10,eae6f62ad0b54095
../foodsg-233\hokkien prawn mee\P71EC2524N6G3AYHCWICQ731.jpg,hokkien prawn mee,all,f6c568c168db6ac0ffe6b1242e0ecb10,eae6f62ad0b54095
../foodsg-233\Laksa\BWL1KOSLWOCNLDZUT31BTORO.jpg,Laksa,all,f6ede4b37671d366548f7e35dc53534f,ba0f859b9e78b860
"../foodsg-233\Bee hoon, soto\V9D497CDF8XDLRWFUVN7R5I8.jpg","Bee hoon, soto",all,f6ede4b37671d366548f7e35dc53534f,ba0f859b9e78b860
"../foodsg-233\Bee hoon, soto\SAE6YNBR4ZLRRJBJX89I89QK.jpg","Bee hoon, soto",all,f6f6d37ba73edb78db3cc6dfca7cc91c,ee3072153d982b6d
../foodsg-233\Prawn Noodle\LYCXE99QP92MP6XO1ID5U0U5.jpg,Prawn Noodle,all,f6f6d37ba73edb78db3cc6dfca7cc91c,ee3072153d982b6d
../foodsg-233\honeydew\D0IEAYIL0UT678IR1V4SPHEM.jpg,honeydew,all,f71e3b9c574962e93d136788b9641247,e59812a769ee3398
../foodsg-233\rock melon\UM4S7BOOJYNM5EHORXXX7FDF.jpg,rock melon,all,f71e3b9c574962e93d136788b9641247,e59812a769ee3398
../foodsg-233\fried prawn\X9L9CGEM24HLIGC1SM07EBTJ.jpg,fried prawn,all,f723d5afd698d782871f54db1edc1b82,cad028f32d073c7d
../foodsg-233\drunken prawn\UF2X3EW9984D2VCOG8DTFA1I.jpg,drunken prawn,all,f723d5afd698d782871f54db1edc1b82,cad028f32d073c7d
"../foodsg-233\Bee hoon, soto\6OIKGOH9JE1I8D2G8YUWIUDN.jpg","Bee hoon, soto",all,f73dc6af6fe21f199fd38aa87a8ef68d,f4114a4369cb2dcf
../foodsg-233\Soto ayam\WDJA7NJM0OA7YFH7VRSH267C.jpg,Soto ayam,all,f73dc6af6fe21f199fd38aa87a8ef68d,f4114a4369cb2dcf
../foodsg-233\whole grain bread\H7MW14NVCP2UCWPJ2Q4YVFS3.jpg,whole grain bread,all,f79cbf84054d55895e37847f9846f78c,80466f2c6d9bb473
../foodsg-233\whole wheat\LM9DSUGUP2YKBAV6SS8PTTZ7.jpg,whole wheat,all,f79cbf84054d55895e37847f9846f78c,80466f2c6d9bb473
../foodsg-233\Fish Ball Noodles\Y4I0W8ENERU89DV081LWWHBD.jpg,Fish Ball Noodles,all,f7aab83b1d79daac8bca5fbe7d6ce6c5,fd93b447d259980c
../foodsg-233\mee pok\5WGAFUMBZRV1ZHD7GDUBRM7K.jpg,mee pok,all,f7aab83b1d79daac8bca5fbe7d6ce6c5,fd93b447d259980c
"../foodsg-233\Rice, korean bulgogi beef\2LIE57Y0LQU0M4OFHT9DC3EB.jpg","Rice, korean bulgogi beef",all,f7af54d3741c17c1eb4fca9258b0f38d,b83032a7c7d23a79
"../foodsg-233\Rice, with dakgalbi\R4RILLZYG51HCA7RQB8JYI5O.jpg","Rice, with dakgalbi",all,f7af54d3741c17c1eb4fca9258b0f38d,b83032a7c7d23a79
../foodsg-233\Mee rebus\B8DCQ0L668DO66QSUCMJ5EZJ.jpg,Mee rebus,all,f7c7ba5822b6784b78d093c664159659,c3b4bdf8f0d140d8
../foodsg-233\Mee bandung\Q3L2VNDDEUQE5149FQSHWGVH.jpg,Mee bandung,all,f7c7ba5822b6784b78d093c664159659,c3b4bdf8f0d140d8
../foodsg-233\biscuit\4PLK2GJH5V0U3B3W9JIA3N2P.jpg,biscuit,all,f7c9e99eb095616bd69050f2d9489150,aed4c830b5968677
../foodsg-233\Chocolate\AVOCR2EP7K9KQ3FFDJ770E0R.jpg,Chocolate,all,f7c9e99eb095616bd69050f2d9489150,aed4c830b5968677
"../foodsg-233\Bee hoon, soto\MQ3UAG1FKT8T5RKUUI4LRL50.jpg","Bee hoon, soto",all,f7db496de24645cb552ca5e15ef66cee,deaa81571af14734
../foodsg-233\Seafood Noodles Soup\CXK3WQKVBCDQBD5UYZCHOP3S.jpg,Seafood Noodles Soup,all,f7db496de24645cb552ca5e15ef66cee,deaa81571af14734
../foodsg-233\dumpling\IYY99TQFH0QD05LJT3OQNQ5K.jpg,dumpling,all,f7e9b67f0e66c0168c85733054ccbabf,e19b1e7d28259556
../foodsg-233\fried fish\8ZVU3JGVMV5KWHA3R2S8YXGA.jpg,fried fish,all,f7e9b67f0e66c0168c85733054ccbabf,e19b1e7d28259556
../foodsg-233\whole wheat\XVESXWOVMOF88FDBQDISI7BT.jpg,whole wheat,all,f8147a5bc11cb7a7e50a1673b70f2c1b,e2bec142fc31ce0e
../foodsg-233\whole grain bread\88XXFSYBYXT8V1FHC08LYAT5.jpg,whole grain bread,all,f8147a5bc11cb7a7e50a1673b70f2c1b,e2bec142fc31ce0e
../foodsg-233\cream soup\VJXEIFY81JT06GO542E6W9VW.jpg,cream soup,all,f866f25ed93a0f99205933eb7c5ac391,f2d2b9873c0f6816
../foodsg-233\mushroom soup\9N1HOJJA5ZR4LEV2LHLEZGS6.jpg,mushroom soup,all,f866f25ed93a0f99205933eb7c5ac391,f2d2b9873c0f6816
"../foodsg-233\Miso ramen, with fishcake\4L7D96OFPNBYF36R75UNJY29.jpg","Miso ramen, with fishcake",all,f87aa6bcd5790f6e6d108fcbd59c81df,bae02593e1de9662
../foodsg-233\miso soup\Y6ZE2YRZ30K1OEB36HSR7MF5.jpg,miso soup,all,f87aa6bcd5790f6e6d108fcbd59c81df,bae02593e1de9662
../foodsg-233\Seafood Noodles Soup\EEQBVROKEVQEDTWWX97HI2K2.jpg,Seafood Noodles Soup,all,f8b1111a220dd644b0546497a8270be9,a0138ebd4d5ab43e
"../foodsg-233\Bee hoon, soto\AYZHR47T4QNXNE3SF6KNTJ8O.jpg","Bee hoon, soto",all,f8b1111a220dd644b0546497a8270be9,a0138ebd4d5ab43e
../foodsg-233\Mee soto\25Z4XTGJ9ZTZFWL60DX0RSH8.jpg,Mee soto,all,f8e39f642eef2ba3d3bcfd6a151bd10a,fe3ab818b370a48e
../foodsg-233\Soto ayam\7YQ3FLXTRFYCWT0VB7J67K88.jpg,Soto ayam,all,f8e39f642eef2ba3d3bcfd6a151bd10a,fe3ab818b370a48e
../foodsg-233\Seafood Noodles Soup\DL5BXDGD1YAVQJ3FRC0QQ0HR.jpg,Seafood Noodles Soup,all,f91115434fffa91dfc3bbaed6902785e,c1414a2e75b71c7e
../foodsg-233\Fish Ball Noodles\Q9UD220MN2OK833GTR1YFO6Y.jpg,Fish Ball Noodles,all,f91115434fffa91dfc3bbaed6902785e,c1414a2e75b71c7e
../foodsg-233\char siew\J9GKHY65A38VTK3SCZHS73EY.jpg,char siew,all,f9548a778125a97300ef587743dd4036,f4a1cb97934eb409
../foodsg-233\Duck Rice\ELDAMA8OJSJS4ETHK3SP2O0J.jpg,Duck Rice,all,f9548a778125a97300ef587743dd4036,f4a1cb97934eb409
../foodsg-233\Soto ayam\M8EDFSZO7YJRDOWTNYLVQREN.jpg,Soto ayam,all,f96190e0ad4a4ef4d96918068fcc7d47,8dc3986e7164f691
../foodsg-233\Mee soto\DU2WR02NDX3E2UQBT9WXB0A5.jpg,Mee soto,all,f96190e0ad4a4ef4d96918068fcc7d47,8dc3986e7164f691
../foodsg-233\lontong\YAORLI6PCL9THJ3RYXXQ52QF.jpg,lontong,all,f99fa4735075422f53c2afd11ac7c756,ec93829d3374295b
../foodsg-233\Lontong with sayur lodeh\DCLV99E5ZSL9DVZOO3NICSDD.jpg,Lontong with sayur lodeh,all,f99fa4735075422f53c2afd11ac7c756,ec93829d3374295b
../foodsg-233\Mee soto\XN7PZ43U6NVMNBME4N5440FK.jpg,Mee soto,all,fa08aa75d0cd4a1b85f14aa0e439a0ea,a5a1d2879b16e596
../foodsg-233\Soto ayam\DAZHMJNO6108537DB9TR5YDG.jpg,Soto ayam,all,fa08aa75d0cd4a1b85f14aa0e439a0ea,a5a1d2879b16e596
../foodsg-233\sliced fish soup\46L0NXSJHEIXP476A11VP5YL.jpg,sliced fish soup,all,fa17df8af781d3cb4e498c0d489fab08,c2d69b306d996c72
../foodsg-233\Seafood Noodles Soup\RH74M7HNQOVIU1K4B65BRVDG.jpg,Seafood Noodles Soup,all,fa17df8af781d3cb4e498c0d489fab08,c2d69b306d996c72
"../foodsg-233\Mee siam, fried\QKH2U01TAKD0DPKY4LJQ13K2.jpg","Mee siam, fried",all,fa68a6a6a057261f462e5e4464a92e4d,fe528119522f6a6d
../foodsg-233\Mee siam\H5C334IA8MS7K6KWNCQ7W126.jpg,Mee siam,all,fa68a6a6a057261f462e5e4464a92e4d,fe528119522f6a6d
../foodsg-233\xiao long bao\4F9XLDWVEVTEQJMMWPZQVKTC.jpg,xiao long bao,all,fa8f8ca00011e9c02f25e0a494736a5c,bc9aa9e5f858c02b
../foodsg-233\char siew pau\29Y7FHTEH3C3ZX84ERXCW35E.jpg,char siew pau,all,fa8f8ca00011e9c02f25e0a494736a5c,bc9aa9e5f858c02b
../foodsg-233\tom yum noodle soup\TQTMXBAQ9GOOYZYW3L8T0S73.jpg,tom yum noodle soup,all,faac95e27d11da82276891422f0fa58f,c1b107c19e99cecb
../foodsg-233\Udon\IRGHIIDRHW7PL637AA1IL1KK.jpg,Udon,all,faac95e27d11da82276891422f0fa58f,c1b107c19e99cecb
../foodsg-233\Mee bandung\TZ8YLCYDQO8FBC93XR1LPVB2.jpg,Mee bandung,all,fac49f50bfe297f29798102c5e6fd78e,b885bcd54d5c9459
../foodsg-233\Mee kuah\C63PSQVIPP5FZH74AL03OVW9.jpg,Mee kuah,all,fac49f50bfe297f29798102c5e6fd78e,b885bcd54d5c9459
../foodsg-233\Nuts\U9W84FZMK87HOAM57ZG2J3YV.jpg,Nuts,all,faf33c42454906ecf5b885483be74142,f89e9761856a9529
../foodsg-233\Chocolate\TQBHN0CA4OE0K87HMB2E8AA8.jpg,Chocolate,all,faf33c42454906ecf5b885483be74142,f89e9761856a9529
../foodsg-233\cream soup\RTT4WFELI5X7VBN8ZK4VRVF8.jpg,cream soup,all,fb0d520a577dbb9b4da7e5ea5af530e1,b28b6d8f3278c22d
../foodsg-233\mushroom soup\EFTQF3RL79VKQZASE7GOUMLB.jpg,mushroom soup,all,fb0d520a577dbb9b4da7e5ea5af530e1,b28b6d8f3278c22d
../foodsg-233\Mee bandung\HH45GCD5B93H9ALQPW5W6QPF.jpg,Mee bandung,all,fb2312a056781b7caa40d2300ac2078f,a9cbd648ca21c93f
../foodsg-233\Mee kuah\SNM1G6CP8NKFFDV01ESWZ70F.jpg,Mee kuah,all,fb2312a056781b7caa40d2300ac2078f,a9cbd648ca21c93f
"../foodsg-233\Mee siam, fried\QFO5JW3KXJFYOUU0W0XR26ML.jpg","Mee siam, fried",all,fbbd04905f12f648c089ea16feb6b170,ee9fb0604a07bfc0
../foodsg-233\bee hoon\CNYNMJOPVFLDMVR7IPS4VE9P.jpg,bee hoon,all,fbbd04905f12f648c089ea16feb6b170,ee9fb0604a07bfc0
"../foodsg-233\Bee hoon, goreng\6SBLRZ6EYAK52NYT1IRCGDS6.jpg","Bee hoon, goreng",all,fbbd04905f12f648c089ea16feb6b170,ee9fb0604a07bfc0
../foodsg-233\dumpling\R001ALUA01HSPPAE36YOBRSG.jpg,dumpling,all,fbef6f00f5bccc911fa2478c5f72cca4,aaab8d34a4379396
../foodsg-233\char siew pau\56OQ9VUCAPZ1L1QU2ZTK01EQ.jpg,char siew pau,all,fbef6f00f5bccc911fa2478c5f72cca4,aaab8d34a4379396
../foodsg-233\yogurt\IBSFKVRURN25KYIX71DCRKDU.jpg,yogurt,all,fc0cdacd8fc3e23f76d116cfb06a793c,e8d93721c15ba5c3
../foodsg-233\parfait\NZS1WC6WU3XVE6FZMTI4GIM6.jpg,parfait,all,fc0cdacd8fc3e23f76d116cfb06a793c,e8d93721c15ba5c3
../foodsg-233\Soto ayam\2S15P23885SPMJA8G5Z4DMGX.jpg,Soto ayam,all,fc2228ba2e1f9fc01dd0297bc5bbbbf1,b5669ab929a3a58c
"../foodsg-233\Bee hoon, soto\CITV946U3PCYIX122632TYI4.jpg","Bee hoon, soto",all,fc2228ba2e1f9fc01dd0297bc5bbbbf1,b5669ab929a3a58c
../foodsg-233\Mee soto\ZQ6U67PAOLA2CIJE1C4GZYJD.jpg,Mee soto,all,fc2228ba2e1f9fc01dd0297bc5bbbbf1,b5669ab929a3a58c
../foodsg-233\Mee kuah\XGMSSBT8N05F7HD8JFYAALKD.jpg,Mee kuah,all,fc3c7ad0cd4dc4ff9d62a177d39581aa,99eeea818d33c714
../foodsg-233\Mee bandung\5BMXM747UX2DMI9IO3U1C316.jpg,Mee bandung,all,fc3c7ad0cd4dc4ff9d62a177d39581aa,99eeea818d33c714
../foodsg-233\Prawn Noodle\K74M577TWO6UYSQM8QRXVNYP.jpg,Prawn Noodle,all,fc3efcb5837252bd71472da068a9548d,8a1d956a963f5874
../foodsg-233\hokkien prawn mee\GEVTRW8U3ZLNN8GJ0C5J7M1C.jpg,hokkien prawn mee,all,fc3efcb5837252bd71472da068a9548d,8a1d956a963f5874
../foodsg-233\Mee soto\GWMLEHRDX7SIKI550YPR8FV8.jpg,Mee soto,all,fc70614a68662b5d69e7ee850104d5c9,f7ca27c1aa85d10e
../foodsg-233\Mee bandung\8XM6V32JQ726JKMR1B0Q9Y4E.jpg,Mee bandung,all,fc70614a68662b5d69e7ee850104d5c9,f7ca27c1aa85d10e
../foodsg-233\mixed vegetables\FN4DIRUVR03U12ZVPQ9XRKO0.jpg,mixed vegetables,all,fcb84035b9124afd3e97d13e7d54c27f,af85d956144cc35b
../foodsg-233\mixed grills\Q2YIAMCLCO1Y02WJQR02I3QF.jpg,mixed grills,all,fcb84035b9124afd3e97d13e7d54c27f,af85d956144cc35b
../foodsg-233\yong tau foo\PLZVSOO75Q1KGZXWGHVV6305.jpg,yong tau foo,all,fcee64d8a2430aa1b659f1f9db3126af,aac5a592d63c9a63
../foodsg-233\Laksa\46XZI8PZFC75W89TCM4WW3HF.jpg,Laksa,all,fcee64d8a2430aa1b659f1f9db3126af,aac5a592d63c9a63
../foodsg-233\Mee rebus\47JNNBA2ZR11E8QWJPOP9UP2.jpg,Mee rebus,all,fcf791c364ccdafb24a415b7af6a7166,b5b5f7ca40522b85
../foodsg-233\Mee bandung\8SYZVQXFTCT34CQ1BQVQZ37K.jpg,Mee bandung,all,fcf791c364ccdafb24a415b7af6a7166,b5b5f7ca40522b85
../foodsg-233\Mee bandung\R8UNZV3EC9TYJAT06BYJERGL.jpg,Mee bandung,all,fd35da0307138218dda56ed2cde382c1,bcba89cd919e6324
../foodsg-233\Mee kuah\GS7QYEDKGXNLCKB244HITPET.jpg,Mee kuah,all,fd35da0307138218dda56ed2cde382c1,bcba89cd919e6324
../foodsg-233\dumpling\S9ZGLM73OGWNQARB7GA5I272.jpg,dumpling,all,fd3c3bc356eb6306b3c6d6f41a75d09a,ab6286c52f689d2d
../foodsg-233\dumpling\RQWZK34JAG2XJZE0CLVNDXQQ.jpg,dumpling,all,fd3c3bc356eb6306b3c6d6f41a75d09a,ab6286c52f689d2d
../foodsg-233\mixed grills\BDSHF02YMMDRC226R80D5TFH.jpg,mixed grills,all,fd4d37265648a2811f9ed3940bd58b60,f5a6993448ad496e
../foodsg-233\Snacks and Chips\XEK5YQ85QYGFWO4EJO8Z69I6.jpg,Snacks and Chips,all,fd4d37265648a2811f9ed3940bd58b60,f5a6993448ad496e
../foodsg-233\Mee siam\QQGS0A4MVF1IB8MOYK24HNHW.jpg,Mee siam,all,fd54257f2aecff30ab600d2dac632e53,bf62c01f845e93b1
"../foodsg-233\Mee siam, fried\1PAYU6R0CZ2WIX9U3DEW8FWA.jpg","Mee siam, fried",all,fd54257f2aecff30ab600d2dac632e53,bf62c01f845e93b1
"../foodsg-233\Bee hoon, soto\SC1739BC0JNKFS8O87LL154P.jpg","Bee hoon, soto",all,fd83cedfc4f20cbf604c3b9ee575c2a4,af90f416d1cf91c2
../foodsg-233\satay bee hoon\QBRLYU31A16X1MSO1IZAY2TV.jpg,satay bee hoon,all,fd83cedfc4f20cbf604c3b9ee575c2a4,af90f416d1cf91c2
../foodsg-233\Fish Ball Noodles\OGN1I050Y0F92YBB7P37UJ1N.jpg,Fish Ball Noodles,all,fd985544c72d29f61ff1e96f37efb336,9177d51258cadec8
../foodsg-233\bee hoon\MGY68NQDDJRPOPFG3SY9LMYK.jpg,bee hoon,all,fd985544c72d29f61ff1e96f37efb336,9177d51258cadec8
../foodsg-233\drunken prawn\T5VG2HIH367MR3EHK05RG9YG.jpg,drunken prawn,all,fdb770cb11d7bd2d0f319b64cc5458ba,b7c8c02dcdb6b434
../foodsg-233\fried prawn\3X463UKUMGEYSYBAJT72K1A3.jpg,fried prawn,all,fdb770cb11d7bd2d0f319b64cc5458ba,b7c8c02dcdb6b434
../foodsg-233\assam pedas\WI0Z8UIJZZLO1GNVWRUYFPRC.jpg,assam pedas,all,fdee9ebc3f41a2909e57af14893176c0,fba0a3ee8f542498
../foodsg-233\fish head curry\1W2IKU8L2NB76AXA5ZATRSIQ.jpg,fish head curry,all,fdee9ebc3f41a2909e57af14893176c0,fba0a3ee8f542498
../foodsg-233\Mee soto\C4V10FZTYM44WRAQGNY8V8GO.jpg,Mee soto,all,fe33588ed52dd1a1281c0277faea7118,824e7abce1da0e69
../foodsg-233\Soto ayam\KOC5V52LZQ0SG6UAAZ52M6EL.jpg,Soto ayam,all,fe33588ed52dd1a1281c0277faea7118,824e7abce1da0e69
"../foodsg-233\Bee hoon, soto\G6PRCN61NZMWYOE19XZS9R7U.jpg","Bee hoon, soto",all,fe33588ed52dd1a1281c0277faea7118,824e7abce1da0e69
"../foodsg-233\Rice, with dakgalbi\A7MVHH55S4BVLVW9MOV0OUMX.jpg","Rice, with dakgalbi",all,fe3cc4f170bf69ae0fb2ae4f9c4842ea,f5866809b94fa347
"../foodsg-233\Rice, korean bulgogi beef\6WTY8GQBULAOZN9UTLT3DQ6Q.jpg","Rice, korean bulgogi beef",all,fe3cc4f170bf69ae0fb2ae4f9c4842ea,f5866809b94fa347
"../foodsg-233\Bee hoon, soto\DQ80W0VWQL1YXKV33VL8WEUG.jpg","Bee hoon, soto",all,fe4a1c01f99a697fce19b505cfbb3f3c,c99716de4aa22d95
../foodsg-233\Mee soto\H7WUPUBR38NGKY70UHKWR60G.jpg,Mee soto,all,fe4a1c01f99a697fce19b505cfbb3f3c,c99716de4aa22d95
../foodsg-233\Soto ayam\6Y7RSKA8ABA1BCWY1HJ10DSL.jpg,Soto ayam,all,fe4a1c01f99a697fce19b505cfbb3f3c,c99716de4aa22d95
../foodsg-233\Mee goreng\73SKMT8RD1ZFPU1NMNJMTW99.jpg,Mee goreng,all,fe56f2424b511b7c7648859b379595f7,eb8381179ede5162
"../foodsg-233\Bee hoon, goreng\UHCCGISM54OXVF1PXRQ6PW4K.jpg","Bee hoon, goreng",all,fe56f2424b511b7c7648859b379595f7,eb8381179ede5162
../foodsg-233\Udon\48DLHFSMY3O72PJU944M6DKA.jpg,Udon,all,fe650fa574b1c5ad139c37d950d297ae,94940bdf3ce374c1
"../foodsg-233\Miso ramen, with fishcake\9XDBCJ54HMYXD5HRA08G8Q3I.jpg","Miso ramen, with fishcake",all,fe650fa574b1c5ad139c37d950d297ae,94940bdf3ce374c1
../foodsg-233\Soto ayam\HLJZKR228JB0JHCJIDE990V8.jpg,Soto ayam,all,fe792769153c269649a8ef331b919069,ef59a0ed92c68178
../foodsg-233\Mee soto\EKQFCXAVDRJJLCO7LYXQSI7R.jpg,Mee soto,all,fe792769153c269649a8ef331b919069,ef59a0ed92c68178
../foodsg-233\Prawn Noodle\664F5E91N4OQ7P6FLIU7OR60.jpg,Prawn Noodle,all,fe8ad0871ded64c0ecc02ee989653ec9,86933f6e58b8b185
../foodsg-233\tom yum noodle soup\G7O8HHPFSZM5UG62WX8W1Q04.jpg,tom yum noodle soup,all,fe8ad0871ded64c0ecc02ee989653ec9,86933f6e58b8b185
"../foodsg-233\Rice, with dakgalbi\2QH0K5E29NM75LIITC003ZQB.jpg","Rice, with dakgalbi",all,fe8cf60965cd1be743bbe866a70c61d7,f88b95685aed6192
"../foodsg-233\Rice, korean bulgogi beef\G0SB30FDQM069O4HNVHCAC2W.jpg","Rice, korean bulgogi beef",all,fe8cf60965cd1be743bbe866a70c61d7,f88b95685aed6192
../foodsg-233\Nuts\WL1DSM0T2XG7ES4LC12UIURD.jpg,Nuts,all,fea24d7f88274bd23d87cdd3db9943e1,ccd133474fcc698c
../foodsg-233\Chocolate\PEWXD595TRTBLZ7CJLDNRXQ0.jpg,Chocolate,all,fea24d7f88274bd23d87cdd3db9943e1,ccd133474fcc698c
../foodsg-233\hotplate tofu\ITINIQEZIPKYMUSFA3MLQXSY.jpg,hotplate tofu,all,fec92be55ed8508505d0546f72d5bbe0,898d45d330da3ed6
../foodsg-233\green leafy vegetables\08MNVT7ZEXZCYIXZRACG0JY7.jpg,green leafy vegetables,all,fec92be55ed8508505d0546f72d5bbe0,898d45d330da3ed6
../foodsg-233\lontong\46XCH6V0HEQUDKHDF3UIQK03.jpg,lontong,all,fed5016fc1c7ff14d93f054325910429,b78dd0d4ad540756
../foodsg-233\Lontong with sayur lodeh\OJBIB775AZHHYJANOQEIK0U3.jpg,Lontong with sayur lodeh,all,fed5016fc1c7ff14d93f054325910429,b78dd0d4ad540756
"../foodsg-233\Bee hoon, goreng\NJ32SCEXHX0W0N7EHL42XV31.jpg","Bee hoon, goreng",all,fed710369095dca9819fa5d21685ddbd,d55578ca901e7f09
../foodsg-233\bee hoon\HI8PIKH8RR4FANMW5ZI649AY.jpg,bee hoon,all,fed710369095dca9819fa5d21685ddbd,d55578ca901e7f09
../foodsg-233\kueh lapis baked\L9373QHRGLYA5Y991LMD8LEU.jpg,kueh lapis baked,all,fed992ef8039273bd981a4daef191f36,f1061235ebf26d4a
../foodsg-233\kueh lapis - rainbow\XF4AGEUX97D50P8WGV20XQIG.jpg,kueh lapis - rainbow,all,fed992ef8039273bd981a4daef191f36,f1061235ebf26d4a
../foodsg-233\Ban Mian\K02MBCJNV6XWQLV85LBL0OKH.jpg,Ban Mian,all,fee96b2f8153b8ebf5d0ff01d74eff95,b34cc5c11e93383f
../foodsg-233\fried fish\AM7D8G52ZS53RQPUHUZ7FP22.jpg,fried fish,all,fee96b2f8153b8ebf5d0ff01d74eff95,b34cc5c11e93383f
"../foodsg-233\Mee siam, fried\VOOO6RTOP9WXHI1NOAU2NCD4.jpg","Mee siam, fried",all,feea27499dbe0191864ec847f6e8c16f,b8dec13f0f302e31
../foodsg-233\Mee siam\O8WOK43Z6K55CPNHPP00XBLI.jpg,Mee siam,all,feea27499dbe0191864ec847f6e8c16f,b8dec13f0f302e31
../foodsg-233\Udon\JZB0BANQDBY2J2BDHCVNAO0X.jpg,Udon,all,fef9875e706d46f58724ec141c8648ca,9a3d71eb5d90c095
"../foodsg-233\Miso ramen, with fishcake\QBU6H9I1Y0UQWI6IY4Y5SD2M.jpg","Miso ramen, with fishcake",all,fef9875e706d46f58724ec141c8648ca,9a3d71eb5d90c095
../foodsg-233\Mee soto\7C1W3NCQUEIIC0SAWBAIBHOQ.jpg,Mee soto,all,ff134caeb119c124f50b832a8d727951,a7c09a37f52cd390
"../foodsg-233\Bee hoon, soto\2VDYWIP13B77GFVCZCC1OH9X.jpg","Bee hoon, soto",all,ff134caeb119c124f50b832a8d727951,a7c09a37f52cd390
../foodsg-233\Mee siam\WDD0P5TEH0NNSDZ75X1F08MB.jpg,Mee siam,all,ff398085a104c40440d80a127c01dc2c,9c912ed23dcce392
"../foodsg-233\Mee siam, fried\P857TICUK1X8Q4K6R89PQEAK.jpg","Mee siam, fried",all,ff398085a104c40440d80a127c01dc2c,9c912ed23dcce392
"../foodsg-233\Bee hoon, goreng\1BXWZATIWAOQ9G8JCUSOI6H4.jpg","Bee hoon, goreng",all,ff6bc4f4ab4f9ef9a973d8d4129228cc,bec5b582920dda36
../foodsg-233\Mee goreng\J7DZEJFY1CMN4OGLX9HS205F.jpg,Mee goreng,all,ff6bc4f4ab4f9ef9a973d8d4129228cc,bec5b582920dda36
../foodsg-233\whole wheat\906PYER4VOHBA6QA1F3GESVT.jpg,whole wheat,all,ff6e20e13524df494050b62a54300f95,fffe43d0d72010a1
../foodsg-233\whole grain bread\8UWAUTHVKBCLL3BF0G7X27IF.jpg,whole grain bread,all,ff6e20e13524df494050b62a54300f95,fffe43d0d72010a1
../foodsg-233\Mee rebus\HCVHB7R0MP5YK5F853FCR3HU.jpg,Mee rebus,all,ff7c33468ed8e6d93051e8a7c28a1c31,ed78b0e061e3a786
../foodsg-233\Mee bandung\NRKLSROAOTO1NDVTRF7CEI1T.jpg,Mee bandung,all,ff7c33468ed8e6d93051e8a7c28a1c31,ed78b0e061e3a786
"../foodsg-233\Bee hoon, goreng\GUQ4EWSN30XPBAF4MM5M85GH.jpg","Bee hoon, goreng",all,ff804a09d619f6ca19bea13e78bbc2ef,b7c8430e5d278877
../foodsg-233\bee hoon\OR41H88V4RYZVQ8RX4IKLBJZ.jpg,bee hoon,all,ff804a09d619f6ca19bea13e78bbc2ef,b7c8430e5d278877
../foodsg-233\bak chor mee\MFGSMUATA3U4Q9Y2SH42ND92.jpg,bak chor mee,all,ff88c956706555e57db897bd730678db,d5800a273fb4ed36
../foodsg-233\mee pok\NG5M5I8SD4JAO3PUAHJNACB3.jpg,mee pok,all,ff88c956706555e57db897bd730678db,d5800a273fb4ed36
../foodsg-233\Kway Teow\NXOW1B6USNIPRFSEI7YZ0BYW.jpg,Kway Teow,all,ff95b18e553dec19849bfda02b3b9d3e,bfd080c23f8f7816
../foodsg-233\chai tow kuay\MZYCATQT3X7ED77Z1GHIR71L.jpg,chai tow kuay,all,ff95b18e553dec19849bfda02b3b9d3e,bfd080c23f8f7816
../foodsg-233\cream soup\Z6VLJC5C9UCH4P6V1Z79L4UJ.jpg,cream soup,all,ff9ded5fb2295e7187cf88095b4bb8a1,ca952bd6954a3b25
../foodsg-233\mushroom soup\66XFDSSHB1D9RF0WQAE4MSAQ.jpg,mushroom soup,all,ff9ded5fb2295e7187cf88095b4bb8a1,ca952bd6954a3b25
../foodsg-233\bagel & croissant\B1CY1FZVIMKZSRZO7J7ZU3JO.jpg,bagel & croissant,all,ffc2a9d4099a5e4330152da60413754b,ba0b6c5691d688dd
../foodsg-233\whole grain bread\U9IEBS2N1DPCGI4L7F137PO0.jpg,whole grain bread,all,ffc2a9d4099a5e4330152da60413754b,ba0b6c5691d688dd
