path,label,split,md5,phash
../foodsg-233\chicken pie\3T2HBL9HT23M3R3OZ0TTJAAV.jpg,chicken pie,all,2b4de8a031c15d84457b10a22b47e7c2,80075f7865c36b8f
../foodsg-233\chicken pie\SM6V9Z1NHU2LGZ0TTKXMO28G.jpg,chicken pie,all,a5416fc0429b2b9008379f8c9e13237d,80075f7865c36b8f
../foodsg-233\Nuts\0WYS8RU4U07TOUZ79K33A8GO.jpg,Nuts,all,1395aa24100e39853f50a9cdfa2d8615,800f319c309c77ff
../foodsg-233\Nuts\66IEMV1ZEZKRZT7DRCN5FMVH.jpg,Nuts,all,8be3598f1f6445dccf169214fa7dce04,800f319c309c77ff
../foodsg-233\waffle\2EZ8TALEJTZABEZGMNZUEVQY.jpg,waffle,all,f7dc654968326777a289ebbfe725334b,801e577a1e3b1b78
../foodsg-233\waffle\QIYFU3XB89OX7RIET9H26WO9.jpg,waffle,all,1816c0a208e6ee1fe069ef7334bb71ff,801e577a1e3b1b78
"../foodsg-233\Rice, with dakgalbi\JTICS7W1ADOT8OP5DR9MJ9BZ.jpg","Rice, with dakgalbi",all,6a7db3d4fadaeaf32790f2c4c6d4f9b6,801e75b1a78c9edc
"../foodsg-233\Rice, with dakgalbi\JAHLSE3HCJPDPT1UHHRD1ZU9.jpg","Rice, with dakgalbi",all,df54a41fc837378cba44ae11ecf3578d,801e75b1a78c9edc
../foodsg-233\Mee siam\2O9XY0G38P7TAU2MIXTH4VV9.jpg,Mee siam,all,5246581f8f69a2c3c2a6360921886848,801f63386ecb2cdd
../foodsg-233\yuseng\QGZ0314MHISEI9L7L3HT3MUC.jpg,yuseng,all,ca215b51806af6de2e05aa77a751c918,803773d14b7c7e44
../foodsg-233\yuseng\249OZACTHBR5GMXHK5WNYXUN.jpg,yuseng,all,820e524c2a94c56b0f890855763f4b55,803773d14b7c7e44
../foodsg-233\chilli crab\VSM2H58SXYZGPMSG4WQ50Y5Y.jpg,chilli crab,all,29a8fc24acbda8907a16b6dacfb06125,803b1f627aa748bd
../foodsg-233\black pepper crab\MPYPW5MINWNPOIQSURCV5Y8V.jpg,black pepper crab,all,e0f4c23ac087f1f0967296967da4ba03,803b1f627aa748bd
../foodsg-233\Lor mee\A5JJKJ8V2R8DX30HIBEQ3O2R.jpg,Lor mee,all,37148d4fab00394e6a5185053313ac2c,803d19fa5fa05787
../foodsg-233\Prawn Noodle\0DI4JHKH2XUT7CM0HPAQ8HAQ.jpg,Prawn Noodle,all,b46401c6830048ed2096fbade7734f3a,803d19fa5fa05787
../foodsg-233\tau suan\PTXQROY33F8NIFRXA3KLY8G2.jpg,tau suan,all,9642ca98371d7c2b84049944aceb4fa1,803e2bf522c7af58
../foodsg-233\tau suan\QJNRMRDKACOYZUQRWNI6GSSD.jpg,tau suan,all,05b80cdccd1b3a97009eb10b89dc435e,803e2bf522c7af58
../foodsg-233\mushroom soup\RWA8D8W0VY7UIAPSXMJ0RU1H.jpg,mushroom soup,all,550d67c637d158240e74aceb8d2c971b,804b2d5e763972e6
../foodsg-233\mushroom soup\W1YQAL4L67Y4B2J52SHEHH5M.jpg,mushroom soup,all,b8725c8555a5bf56112587468c2784c8,804b2d5e763972e6
../foodsg-233\chicken soup\URIM8YMDJUCP7QKQSMSKVA66.jpg,chicken soup,all,1dff44dc486f8115b20a8e0b8dce72e3,80516b5b76793966
../foodsg-233\cream soup\7I1JTCG0Q3YU0AAWB1LX2T2L.jpg,cream soup,all,03246e04f37a138e67698f61fbe04acc,80516b5b76793966
../foodsg-233\Kueh Salat\TNF1JPFTM5I5AZQW0KL0DBQQ.jpg,Kueh Salat,all,69080abdf6fb2a7b1af445cfc101e8cc,805577c22fc07f8b
../foodsg-233\Kueh Salat\1147H5TZV8B2JGCOV5HUAD8V.jpg,Kueh Salat,all,0f41c2643320ecb6ab9bf3f41ccb967d,805577c22fc07f8b
../foodsg-233\tau suan\FOED0FRTY5BQ7T1SPKNM8X2N.jpg,tau suan,all,a77a9b6036ef8aef5c972b0692f74cac,8057730b3db694f8
../foodsg-233\tau suan\SJR1VK0M0XPEU0LE1N6UQM0R.jpg,tau suan,all,fdd76ea614688e2d3a7380609bd45c5c,8057730b3db694f8
"../foodsg-233\Bee hoon, soto\5XQE5SM8WCOZMUPKJTI7PDCF.jpg","Bee hoon, soto",all,8690017f159415166714403ae7a4c1c8,805d3de0b2977c1e
"../foodsg-233\Bee hoon, soto\4QYBPFDQS69I2SXC2TXCRC9H.jpg","Bee hoon, soto",all,28516050a8f0a18093e89a3bd31cff7d,805d3de0b2977c1e
"../foodsg-233\Bee hoon, soto\4JPYEI4LSV04UYSSB8J6DGXK.jpg","Bee hoon, soto",all,1d452b4b9548c412947ac93f5190208d,805d3de0b2977c1e
../foodsg-233\oyster omelette\S99V87XOVWYQS7HFPH4NS8I2.jpg,oyster omelette,all,3fe210393326cd891810eba8c22bd417,807a1ff03c433ec7
../foodsg-233\Chinese fritters\YARGJIEXNNVPAM880AOBJIWT.jpg,Chinese fritters,all,476fb90e28d99c2dae71393dc1fe1902,807d47d3326c7f60
../foodsg-233\tau suan\L4JIOVHE5R1XXZR9AVAWBB0G.jpg,tau suan,all,34d5d14b54b685329a5d1c7a1a8f92df,807d47d3326c7f60
"../foodsg-233\Mee siam, fried\K1VCW6JDNUSF19A3T6JONW6Y.jpg","Mee siam, fried",all,4a3f937e0414bf631bc75e04e61e8d45,80813f6f15bc5b8d
../foodsg-233\Mee siam\KNFB7B844OZEXN8GFM2QTQ15.jpg,Mee siam,all,ead46806d71265e58a6b60652673391d,80813f6f15bc5b8d
../foodsg-233\fried rice\SWI18XO8N1PN5S75HN63G4GW.jpg,fried rice,all,546a0e6a5999aa500fa3d9f8282cf9d5,80851edee865977c
"../foodsg-233\Rice, with dakgalbi\55P08TMYDXJXIL2M5QZM16RL.jpg","Rice, with dakgalbi",all,dc2c338c5db467eaa7f2654e7a0aabb1,80851edee865977c
../foodsg-233\bak chor mee\Q60WE1L2M09F0D7MAQUYBE4C.jpg,bak chor mee,all,fd1813031e0fa17efc9979aacaccb81c,80971bfc03a14fe7
../foodsg-233\bak chor mee\PFDT9DBGOIM6DT643WMPV6DD.jpg,bak chor mee,all,6bca0f52988b1e36d369aa48bb4074c9,80971bfc03a14fe7
../foodsg-233\nasi lemak\C0LEWFGVQDHF9468JKBTTXS1.jpg,nasi lemak,all,2c3690b36f45d12e5825917f7371f4e8,809c6839afeba0d7
../foodsg-233\Nasi Ambeng\ZTSMZ5533WQ27R8HYT4R717K.jpg,Nasi Ambeng,all,eb005c137fd61b52df7af2ae13feedba,809c6839afeba0d7
../foodsg-233\Mee goreng\81MQJP04A1O3PYVGW5926OG3.jpg,Mee goreng,all,a085d3c359244e88ff10617a1b583b5e,80a61db73eda3929
../foodsg-233\Mee goreng\4MQEPJP4IFPVHXOL7HV3WLT5.jpg,Mee goreng,all,2708bd0257a5b06dc86c2c23b2741a23,80a61db73eda3929
../foodsg-233\Laksa\GK6XQCQ7ZFX17N3TU7XRT8XV.jpg,Laksa,all,5d524af4c4e4588a93f7bb5020963603,80aa87291f64dee7
"../foodsg-233\Bee hoon, soto\TDVMY2WIE6AXMFLAT6BRU3N5.jpg","Bee hoon, soto",all,58a777ef84bf6e9b5bb18b17bf544c44,80aa87291f64dee7
../foodsg-233\Kway Teow\CAZ6UAW5G5D0MZPFCJHAEXW2.jpg,Kway Teow,all,456b28641f24df517b6aac9b017239a3,80b41f687caaf0be
../foodsg-233\Kway Teow\CIMKXMESJKQSZLIJEORRWLMT.jpg,Kway Teow,all,71650488c272b00eb8eb6c6b6151b560,80b41f687caaf0be
../foodsg-233\tau suan\JR5WWTMKAP4EUPL1EET8FD9E.jpg,tau suan,all,d7a256463479a8d858696acd7a4c942b,80be1fd076c768cc
../foodsg-233\tau suan\MPUD16E6O2A7LB3Z54UA9D5M.jpg,tau suan,all,ac830536a26925707770e687431d8a0b,80be1fd076c768cc
../foodsg-233\bak kut teh\9I607SW5ORRJG7ZSEHTTX9WR.jpg,bak kut teh,all,9b89ef208f1af89e295fd52cb22b9e45,80c017dbce2b7e95
../foodsg-233\bak kut teh\R1D9LSO19WIS2QUXQGHMZFYO.jpg,bak kut teh,all,84579e1a42c9963f0d1acae97e29c6cf,80c017dbce2b7e95
../foodsg-233\Dumpling noodle soup\IVIKL43K5O8GNP6VT67Q7M9S.jpg,Dumpling noodle soup,all,00d4fef39c88909a154ef476aa6450a3,80c04f0f3f3e9679
../foodsg-233\beef noodle soup\UJJC4T6CI9MRH0YOT3WXVCEP.jpg,beef noodle soup,all,958862eb9beddfc1a2aded6e655d5881,80c04f0f3f3e9679
../foodsg-233\miso soup\YJ1QPXR3FGPLX73SGKRY4FH6.jpg,miso soup,all,b4fe35239fbebaa2878fb2e1392c5b7f,80c617a65e9f791c
../foodsg-233\vegetable soup\G2BTYBRT08QSFHN5RV630477.jpg,vegetable soup,all,eb145f8446dbcca4d56abdf94ab3ba8b,80c617a65e9f791c
../foodsg-233\Chinese fritters\Z6DMI5N3I0Q6YMP2LJ24X2UK.jpg,Chinese fritters,all,7ad3c63616f362cb31c4d546ce93b202,80ca3f3f16137371
../foodsg-233\Chinese fritters\VG35P4HRU8F1BUD9VA08WTHE.jpg,Chinese fritters,all,f68957eb835210287e74ea3464e8205e,80ca3f3f16137371
../foodsg-233\sambal\JU6246T8ISMGAG0Z0JCWXNGE.jpg,sambal,all,035583bc8deb4f201816bc1267fd8cc3,80ce3eb89b9722c7
../foodsg-233\sambal\37FNZP0VR918C9PN31LQTJTH.jpg,sambal,all,0d62d4cf568970fc4a708fd1dfde1646,80ce3eb89b9722c7
../foodsg-233\bee hoon\XJX10DZQ1QY1HLKDZ9X7QJA8.jpg,bee hoon,all,4896bddb0a5869f36eb22b7953b0b9cf,80cf87b53cdf0299
"../foodsg-233\Bee hoon, soto\QDYFON3Z7BHZ9NAPQZRZX9FL.jpg","Bee hoon, soto",all,d0345421628c4df06be64816cba59a4a,80cf87b53cdf0299
"../foodsg-233\Bee hoon, soto\TB9075DHGQX29UCA1HBJHRVT.jpg","Bee hoon, soto",all,d86e50504815e09286d361cc295449b1,80d02ff925ddb496
../foodsg-233\Mee soto\H4Q0FRJ8X4ZG7HQFH7EJV6IH.jpg,Mee soto,all,12e715b983b94eb5dc9743503b71c9ca,80d02ff925ddb496
../foodsg-233\Mee siam\F05BPFW94K1QD98SLREY1IEY.jpg,Mee siam,all,6d6b1627814ed3ddab1ffa0c499fd1bf,80dedc981c389b7b
"../foodsg-233\Mee siam, fried\WYMGJ7AANA4MIEBQVTDQAMOR.jpg","Mee siam, fried",all,0d78f818ba4cdf5fce2e01e6d648f54d,80dedc981c389b7b
../foodsg-233\rock melon\2EQE5XXA4MKEKK94XEYV5PO7.jpg,rock melon,all,d631b2b86fea5c7b650f89385b7ab5c9,80e57a604d5f87ba
../foodsg-233\rock melon\6LH01RLR07MVXKEUDKERCS8Q.jpg,rock melon,all,a27f8a303a917d0b47868283f4f945d4,80e57a604d5f87ba
../foodsg-233\rock melon\RTSAOLHSTSNC0QJJZGMMTT2J.jpg,rock melon,all,e7c1df32efaa112ed4fd6a2430672d01,80e57a604d5f87ba
../foodsg-233\satay bee hoon\2DZ1XQOOJX29ST6RZ8N5BSS6.jpg,satay bee hoon,all,8065ef2bcf621d269bbe56fbd5a3329f,80e93e9c2e1ba5f2
../foodsg-233\satay bee hoon\VO89RJ6RHW0GL6PCVWDTZNWR.jpg,satay bee hoon,all,52e7c04c7249e82afa6039f45682b7d1,80e93e9c2e1ba5f2
../foodsg-233\banana\UUMQ9LXLY39LJGDIMUKG6PB1.jpg,banana,all,e6a7ecbc8c92bbd874df27ec18885174,80f31f4678097bd6
../foodsg-233\banana\5RDUKE8QRZ0SQ9TL6XUL567F.jpg,banana,all,09ca24355eca7edfb3e73c8ace1a2c74,80f31f4678097bd6
../foodsg-233\Mee goreng\I9VQ0P0Q6Y56LRLB12552FVW.jpg,Mee goreng,all,38d38c61cbaac340403d2cf48da3f747,80ff5ff42a0b64c2
../foodsg-233\Fried Noodles\1D9VY49Y1D4FBVNY3OTBL226.jpg,Fried Noodles,all,f64a389b1002a96f5b4208887c186992,80ff5ff42a0b64c2
../foodsg-233\steamed buns\L7UUJJ5UTAGNCFQR0ALVICM8.jpg,steamed buns,all,6824c48de9ce97b9c1396d97cf708b19,812e16029f8fcdcf
../foodsg-233\steamed buns\C6Q0OLM17CNB1721IU4Z6WW8.jpg,steamed buns,all,d242433a2d91632826e970ff23335fdd,812e16029f8fcdcf
../foodsg-233\mixed grills\133V0GBYU8MOUZ02J3I7IZ05.jpg,mixed grills,all,bdf0e5634e4cb936eb7d186cdcf9ebf2,81359e7a7a1a71ca
../foodsg-233\mixed grills\B2ZKM0UN1G76T4BXE3FACSI0.jpg,mixed grills,all,3a2c3b6f28704db29435989b759088c8,81359e7a7a1a71ca
../foodsg-233\muesli\B2J34UDZG1JG6D7ALV39KKAR.jpg,muesli,all,5ff3b021d9f16329e1c83099896e39eb,81437f31707167da
../foodsg-233\muesli\CNXKTN5D65ANDZ4N089RXBJN.jpg,muesli,all,ca50332f6ae850c2546c164daa1f8dcc,81437f31707167da
../foodsg-233\french fries\J14APUH5B8GAXWQRCJPJ5WKH.jpg,french fries,all,798cc8a4e1f3b0f96f826e15a3e6958f,81549e6b993d48bd
../foodsg-233\french fries\KTX9CU207FVHU7FL5OOEKYKG.jpg,french fries,all,0cf77667b8a521f405809bcf98d1dd09,81549e6b993d48bd
../foodsg-233\spring rolls\VEPPTRLRH0PS1AXNT6SCHOFL.jpg,spring rolls,all,75ad4041520cc411e7c498f077086a44,816d3eb2f2c9813e
../foodsg-233\spring rolls\VL03W06W3ANUKPXW4YBILIFO.jpg,spring rolls,all,fc136b5a9179436cfd27ca6db787f0ba,816d3eb2f2c9813e
../foodsg-233\spring rolls\6UA5B079Y1QXTRDPB16HJQBJ.jpg,spring rolls,all,4b2e77526ccaa74762cf1275fa8c9d00,816d3eb2f2c9813e
../foodsg-233\spring rolls\X1FR3Y28931FIH0KT3CJCFMK.jpg,spring rolls,all,9928cf67e7cd6158d0e714a715068e8c,816d3eb2f2c9813e
"../foodsg-233\Miso ramen, with fishcake\AMH3DQVO81XPGBC14ONKTJW8.jpg","Miso ramen, with fishcake",all,1982aaf43431545bc577641c9facbdb8,816f17b433696674
"../foodsg-233\Miso ramen, with fishcake\04W6YZZ06EHATEZI86VFCCOE.jpg","Miso ramen, with fishcake",all,c7a18187ab341239a8cfbce7ef0c841f,816f17b433696674
../foodsg-233\char siew\E9U40YW8YML5DNF0T68DXKDZ.jpg,char siew,all,db5c636b4ee416f054edd279ec6c1ce7,8178978b7a2a353d
../foodsg-233\char siew\OM0EVAL08VS3YD4GHB61IUM4.jpg,char siew,all,beccb9093ab4590fb5e374083518a58b,8178978b7a2a353d
../foodsg-233\tau suan\3A11907EWWI8AE0XHR9RCA4J.jpg,tau suan,all,e78a80642c030748e3b3a7fcd5c7168a,81951eda7a1b69d8
../foodsg-233\tau suan\BCY6M6UWXLKJK9BWIHJ6BTSU.jpg,tau suan,all,68f610d8c786c9534a82053eceddf2cc,81951eda7a1b69d8
../foodsg-233\Alcoholic Beverage\XAYUWRA7GCTPBGTVBGZLZ2VJ.jpg,Alcoholic Beverage,all,1771008113689d38883760f16442ff4f,819faf81e30d5e98
../foodsg-233\Alcoholic Beverage\AX80APH68ROHMSYKHOHBGFWD.jpg,Alcoholic Beverage,all,fe028a0a797d87c2edb560d268fd4d24,819faf81e30d5e98
../foodsg-233\drunken prawn\66UAI7AJ6B9NS73UY9U9C9Z6.jpg,drunken prawn,all,55b5480d00db0e2c5db41d7274ea1ace,81ac1f947df33053
../foodsg-233\drunken prawn\29H8WKDW3G57O7FQA8XI6V5I.jpg,drunken prawn,all,aa1fde7885dda04d147e8785b3b5d40f,81ac1f947df33053
../foodsg-233\Fish and chips\Q9WVTGMI06Y9AFI5JHXBC53M.jpg,Fish and chips,all,b64b0c8ede9d93e60728938e4f40be5c,81bce086fbc1b593
../foodsg-233\Fish and chips\W2CFTL850QY1Q8DQMP9LOIVV.jpg,Fish and chips,all,97148509f63d0bad30a7f8960ed0beac,81bce086fbc1b593
../foodsg-233\hotplate tofu\DTH7NS4LH8HXDAU5ZEQ1CAN4.jpg,hotplate tofu,all,21ca0fea36a668111906abc9068e6702,81bd7de8e1c0c347
../foodsg-233\hotplate tofu\QSLII8QHJFKKUHHFCZJYNWVD.jpg,hotplate tofu,all,70efe8b0763964a2be70fd88ad3250e7,81bd7de8e1c0c347
../foodsg-233\bee hoon\R1YK11JB9O98P33UGDSEQFI4.jpg,bee hoon,all,63127500e31ac86eb4b3384b67d3908f,81be1f793c507271
"../foodsg-233\Bee hoon, soto\YG8G431ZP1YCHV68JBZKP3I2.jpg","Bee hoon, soto",all,385dfea285e06077d000136c514f1c55,81be1f793c507271
../foodsg-233\bak chor mee\SDUIKYXO16TMO87342VJ6C58.jpg,bak chor mee,all,730c77e1fb52f38b7d97ba385d4e43b4,81c39e5f707c6391
../foodsg-233\bak chor mee\FK17IVLIGE1XV1UBL0M0NITP.jpg,bak chor mee,all,2cc6c563b880c474f2684f549e823e53,81c39e5f707c6391
../foodsg-233\pizza\Y8PBCGUXXY31SWQ4BUA4YB3O.jpg,pizza,all,fd289f3ddb953a8722d5dbe156a4a562,81cc1ee57b307ac9
../foodsg-233\pizza\F1SIT1BOULEZKFPBAQD5STLX.jpg,pizza,all,4522ff0d7e58721f1419f06292a8934e,81cc1ee57b307ac9
../foodsg-233\Mee soto\4RVRRKCWIPAAU63BPH6NLA8L.jpg,Mee soto,all,a5abfa91acefcc7d7891f589155ea436,81cf1e1e78786173
../foodsg-233\Mee soto\WJTWNNOIY3TSR96RHOOTQ02T.jpg,Mee soto,all,d425542723c84357b99381207c2c01e6,81cf1e1e78786173
../foodsg-233\tau suan\Y95D81XZ8XIK97YRYQ9U9S9Y.jpg,tau suan,all,93144a00f9878b5d795c7598a96510ee,81cf7e3ac12594d6
../foodsg-233\tau suan\5KNM1N7LJ7MWWBP6UJ3IN7WI.jpg,tau suan,all,e2c191bd7e9336fb1e3b0c34706029de,81cf7e3ac12594d6
../foodsg-233\pizza\AHO01KTBKMPIXJOI94P94UB6.jpg,pizza,all,36d609ae81d3ad58cbb4facd68167e80,81e47b07b50e93cd
../foodsg-233\pizza\TGQ2R9VUDCEH5XRNSY3QWIN0.jpg,pizza,all,0a2b2994415aa14b2218cb328e5dfa61,81e47b07b50e93cd
../foodsg-233\cooked white rice\7S2MRKFZ2OWEYQLYZFB3ZVWU.jpg,cooked white rice,all,81570b9a08b50389bc2c118ce4cf5088,81e703b0be03f85f
../foodsg-233\cooked white rice\CZ34UT3YU1XCE47Y11G0PNTS.jpg,cooked white rice,all,21c5dfa6b600d400b1270a6986255a9b,81e703b0be03f85f
../foodsg-233\chicken soup\7GRF7FMUCAHWGFQ5SY0FQK4U.jpg,chicken soup,all,5e0bcb5ccfe2f3b99de872534610af86,81ec9e62316b71ae
../foodsg-233\chicken soup\P3S6UBFD7AFYBVOCETMENACM.jpg,chicken soup,all,61a20b790aa892453eb6d9a903debc0f,81ec9e62316b71ae
../foodsg-233\mushroom soup\O8K8EF9D1A6LMC2NX8D7FRP6.jpg,mushroom soup,all,b12fb7f4a2e591ded79a55adb1413e2c,81ff7c8241856f95
../foodsg-233\mushroom soup\E1QKQFPOSB28E7FQ5P6N6JL4.jpg,mushroom soup,all,58850a2be6e4c51948bcd3d0d394cc42,81ff7c8241856f95
../foodsg-233\Grapefruit\1NWG9ALX0I36V4IKXT9OU4QK.jpg,Grapefruit,all,592a72de226d117a21f9bf7b12efba39,82627f2d53d261f4
../foodsg-233\Fruit juice\1HYKOB9QD6G9HTCJ802742PS.jpg,Fruit juice,all,613c4c238702c5021a54642b3bdd52d8,82627f2d53d261f4
../foodsg-233\bak kut teh\6DJZJYHN8Y8Z1LIKKCBNFZSP.jpg,bak kut teh,all,c88440ae1e62cd0c8a31e05515f87745,82851f9f5e787168
../foodsg-233\bak kut teh\VIMX1JS7AFAII9CBJ9A7ENFD.jpg,bak kut teh,all,9941a991bb1ead18dcc25b243d088ad4,82851f9f5e787168
../foodsg-233\Udon\SQW5F4RX40LE0OKP6YR8TTHC.jpg,Udon,all,b870f7a57bab29bae1e8e2bb2deb28ff,82914cd3785637de
../foodsg-233\Udon\YCNFWYPDAONJ4QZF4Y1FXAW6.jpg,Udon,all,091dd13d608fc2fd8ac5467f4679113e,82914cd3785637de
../foodsg-233\assam pedas\SJPRJNMS5V0S1X6KG2JMTOOH.jpg,assam pedas,all,e7edb86adbfe25452e994d5840ed0cfd,82a96dbeb09cc3f0
../foodsg-233\assam pedas\L59MDPL1CM7CNHZ8L8YGJV0V.jpg,assam pedas,all,51f90546607fc4f7d18ab5457953cc26,82a96dbeb09cc3f0
"../foodsg-233\Wanton mee, dry\0KQS8S0ACKTGYRGS9KKMS7K2.jpg","Wanton mee, dry",all,bf783689d7819399a9afa355f7ee2303,82aa65bca6437ea5
../foodsg-233\Dumpling noodle soup\SWGAAHEICG87DXVIKR653M2O.jpg,Dumpling noodle soup,all,853b4e879c679934eac82a3be268738a,82aa65bca6437ea5
../foodsg-233\Dumpling noodle soup\R92WFJ1G7IRFXDGLDYHCXUDB.jpg,Dumpling noodle soup,all,3153f42bfa10e0dd2ba85aea06bfc787,82aa65bca6437ea5
../foodsg-233\har cheong gai\GP5Y1R9H9YY3NPXBEH1VX6JU.jpg,har cheong gai,all,d26f05cea8bf62983955b12ed91fc59f,82cd5bd737c183b0
../foodsg-233\bak chor mee\FO486IHCT7OTW2T70LSK4PK4.jpg,bak chor mee,all,7793daf274b017b287386395e8998908,82d5dfe0aae19c23
../foodsg-233\bak chor mee\P80OLQ35ZLZ1CX0BQO5AHH15.jpg,bak chor mee,all,34e8121f7b4ca139ffb842edd37b02c9,82d5dfe0aae19c23
../foodsg-233\Seafood Noodles Soup\LE0NU04EKD0L2JZAEH3S279C.jpg,Seafood Noodles Soup,all,edff631acfeffafe90ff65b316440076,830eceb819ad59b9
../foodsg-233\Prawn Noodle\4R84NWXDIW7YJBDWYQJDEVZQ.jpg,Prawn Noodle,all,2206e7ca5e9d689e38b4da8a7a624620,830eceb819ad59b9
../foodsg-233\Prawn Noodle\PPYZYJIR2L51TAT8LDIRR7EM.jpg,Prawn Noodle,all,e077c05b096739d61d0ce2463e750af4,830eceb819ad59b9
../foodsg-233\Peanut Pancake\MA52Q59BHS1FUXA0F2TE5UG7.jpg,Peanut Pancake,all,960e428ef7ed9e0fb00052a01dbf4584,83197dcb604f3e62
../foodsg-233\Peanut Pancake\36TLH4FQ52MQZVMLG1HJJLAR.jpg,Peanut Pancake,all,1987d118d3f57989f0208cf1691ca37c,83197dcb604f3e62
"../foodsg-233\Miso ramen, with fishcake\0H1R8PM8Q45BZRI0LP296Z6L.jpg","Miso ramen, with fishcake",all,2331feeb73a3b4b32e0d25f9ce0cc589,832379b2c2e3adb4
"../foodsg-233\Miso ramen, with fishcake\M9VWUTIG98Z0I2C8Z548F0V3.jpg","Miso ramen, with fishcake",all,65cd160eb72b4afd21fad11ee8034309,832379b2c2e3adb4
../foodsg-233\kueh lapis baked\HXBM7ZET1BFL695M9HBP2JDT.jpg,kueh lapis baked,all,a614c6866cdda82709722e24e0db87f1,832fcb322b828bcf
../foodsg-233\kueh lapis baked\6BCZ2VUOB778OONQ5DFL704V.jpg,kueh lapis baked,all,021ee4327ed8451bb005efbf4d4887b0,832fcb322b828bcf
../foodsg-233\tutu kueh\910NQ5NCEOJ4EOK4POKP26SP.jpg,tutu kueh,all,ccc0c584e74be4f4bdaa209bae05f754,83307c77e0cba587
../foodsg-233\tutu kueh\HSST7TPPEN7H654ZZUSPZ8FK.jpg,tutu kueh,all,9a6f906b50b295f533df4ea8298653a6,83307c77e0cba587
../foodsg-233\lychee\YU61IBITL62OP2E2IIPYZY3H.jpg,lychee,all,cb87ce49bcb721fc6aa2f4d38c365078,833c676d1e727047
../foodsg-233\lychee\2O6A4GOH7JPUCA4F1Z7TGLYU.jpg,lychee,all,1a6f516802c711aa7e2794779c15ed4d,833c676d1e727047
../foodsg-233\cherries\SUL32KNHXSCD0XXK49RLAZPD.jpg,cherries,all,97722a472b8f4153fc5e2bccdea64806,833cacb13ec6c14f
../foodsg-233\cherries\OZJNBGKIWE0AYZSKAQIJ4PBG.jpg,cherries,all,d56bd0aae98d466af278e549682b890b,833cacb13ec6c14f
../foodsg-233\Lontong with sayur lodeh\5WLUEQKXATHOPGJHUKDJS3ZR.jpg,Lontong with sayur lodeh,all,73d80b088caf6ebe0fec003726a9b180,8355485d0bb36b3e
../foodsg-233\lontong\XFYSIMX0SD2VTKSQBHA714H0.jpg,lontong,all,530faab2c7c2168ad452429dade7a392,8355485d0bb36b3e
../foodsg-233\canned Fruit salad\NY63L3OE0894LUZITURDLPPN.jpg,canned Fruit salad,all,67b4c44c7787d8972f021cded7437882,8359b6847ccb9837
../foodsg-233\cherries\KKNTXJY9FKW1ZYLJK4XSHJMH.jpg,cherries,all,7e5198b65b3c4369063ad31c8e880abb,8359b6847ccb9837
"../foodsg-233\Don, chicken teriyaki\5SG1IBLG6YV9AFYMYK8BB5AC.jpg","Don, chicken teriyaki",all,5fad25330df9b764f1325b4693e2ee97,839e35706b4a6a6b
"../foodsg-233\Don, chicken teriyaki\A5RBEF0VI27DT4H7EJ37CV7S.jpg","Don, chicken teriyaki",all,bf033117bd1f4af1f4a687d8bc84d67c,839e35706b4a6a6b
"../foodsg-233\Bee hoon, soto\S0Z77PMN27R8ESQ9U6Z3XZXP.jpg","Bee hoon, soto",all,0575319e03485581b41190f1a81cd422,83a2cf239ce3389d
"../foodsg-233\Bee hoon, goreng\R4ZX830SLRQWV9432JP0ZQ9L.jpg","Bee hoon, goreng",all,316a6693d46b871f95ceb8596c512356,83a2cf239ce3389d
../foodsg-233\beef noodle soup\FLKVGIWQOWO3TGYT2ZZR0M22.jpg,beef noodle soup,all,843cb53d0029533770a93d151e20b37b,83e62d1766133c3e
../foodsg-233\beef noodle soup\J4HWDA456FXFENFSMKGLF0TL.jpg,beef noodle soup,all,5bf20bcb4437543fe0d85d84952918f3,83e62d1766133c3e
../foodsg-233\popiah\JTUUYYRYQUAN6P2SN41U8YVM.jpg,popiah,all,f173546f7ff1394ed523dcd5492dbea6,83e67c91a66a91c7
../foodsg-233\popiah\Q90NOTT6ABWWO16RFAZVV3SY.jpg,popiah,all,d8a2fd00117db7261e548e690428f633,83e67c91a66a91c7
../foodsg-233\green leafy vegetables\L06UN8HMRVGYQYXDTUFFBTKH.jpg,green leafy vegetables,all,d5c9f405290ea8682290b6b860049535,83e7d3ae26220ead
../foodsg-233\mixed vegetables\RVX1E4R2QD99JGJ1LZ1UJZP5.jpg,mixed vegetables,all,81fff294267f0867e9c6e1049631bbf7,83e7d3ae26220ead
../foodsg-233\buckwheat\KPAG2ITOGFKNBVZB9OZVSAFO.jpg,buckwheat,all,770153999e17351ec31463fc530a90f8,83f62d0134b772ce
../foodsg-233\buckwheat\4XI8TSPQACKSCM7I9AF69POS.jpg,buckwheat,all,eacfd03cc95e8d06366118c8e22bf5d8,83f62d0134b772ce
../foodsg-233\Mee goreng\3BWUCU61HIERUARKFAADEJUB.jpg,Mee goreng,all,1c9ce6d7f386c3f7d0724aa5e106c480,8403850d5ffc7af2
../foodsg-233\Mee goreng\77D94V0OBFXCMQLZICAAEEE3.jpg,Mee goreng,all,c5192132c3319162fa8112c15d66656c,8403850d5ffc7af2
../foodsg-233\Mee goreng\K34JIWS6AEP51SLYMBUY61FM.jpg,Mee goreng,all,7c4aa6badf3516b6dbcf41576fac56cb,841859e6d279d7f0
"../foodsg-233\Bee hoon, goreng\VQROY6JJCVGRGDJ0E87F3Z94.jpg","Bee hoon, goreng",all,ecabbb5d4ce46419b9c04b7339a47d8a,841859e6d279d7f0
../foodsg-233\kaya toast\8649MYMFPDYKJPD44WZ4KU46.jpg,kaya toast,all,597e7e6a1e42d6fae8e76e28bf21c174,84495b747ba360b7
../foodsg-233\kaya toast\NO3YG2ZZV482GVFETE2X3Z41.jpg,kaya toast,all,320298f2566d3b719fc674e92c0e3d47,84495b747ba360b7
../foodsg-233\Mee siam\1YSC5YQ77VSQ8SI0DYUSX89L.jpg,Mee siam,all,108c16729ef8ab08be36a4ede2e41cb6,844a1d617bab7e94
"../foodsg-233\Mee siam, fried\AG16UF609LHP3X5U2JJIVS2V.jpg","Mee siam, fried",all,30f161a26848e1a5c8ac9b559f4b2cdc,844a1d617bab7e94
"../foodsg-233\Bee hoon, soto\MQMGS8I7AXJB7WWJ3YFG1KR5.jpg","Bee hoon, soto",all,38182e253c21e8036e3435cc800d21c2,844b5b34d8a3cf8d
"../foodsg-233\Bee hoon, soto\X7BD0TZ6UJFTFLU2CEIPD03D.jpg","Bee hoon, soto",all,11c4b229d2074323e38077b1af4a77c7,844b5b34d8a3cf8d
../foodsg-233\dumpling\B3W9XGK1MPO4SLDVXCN8XH1T.jpg,dumpling,all,1486e771fcacc855a009d94d790b55bf,84706b6b9db19cb2
../foodsg-233\dumpling\9DJKPZHWQ75IE1CW8R73RZLF.jpg,dumpling,all,0bcec7283b1be5f98c889b4c0bca4f44,84706b6b9db19cb2
../foodsg-233\cereal prawns\IYGSPUL0WLTH079A6RIBD3CQ.jpg,cereal prawns,all,b7bbd599473082442911e7d3f6451ceb,8479b4a5aaac83be
../foodsg-233\fried prawn\VVPSRSEM9B13F4IPQQBHJMHC.jpg,fried prawn,all,bcd89c299c86834f3af49b6cf01c8f44,8479b4a5aaac83be
../foodsg-233\drunken prawn\X6H6RCP2WR8ZWR3BLH90ERR1.jpg,drunken prawn,all,3d1d22505dcdc3a013ee388378c43218,848317261fab7cc7
../foodsg-233\drunken prawn\HD1876FHAU7BTIEC7KAURM00.jpg,drunken prawn,all,df7814b6bca41a09b086d134d65ea239,848317261fab7cc7
../foodsg-233\rock melon\32P30Z1PHHWMZ2BJJSFOZM6M.jpg,rock melon,all,2c7f96ce54da95ce6017f1b651d565c4,84939f78b84e3167
../foodsg-233\honeydew\MAVIOZ729EK1T5AWHQNYHFPO.jpg,honeydew,all,100236006d92170f4f4c3127a58feff2,84939f78b84e3167
../foodsg-233\chicken soup\XELWB3LBU28O94YROISI5WEO.jpg,chicken soup,all,c82ad25731dd1ef47e1786b70d69c18f,84a71ff079c72b14
../foodsg-233\Mee soto\A0YE7G6YSNOWKPS4ZDWLYTGJ.jpg,Mee soto,all,9a29276dc68c31c8947dadb27dab6830,84a71ff079c72b14
../foodsg-233\Soto ayam\33LFX5NGI6YBLWJ12HIMKUPT.jpg,Soto ayam,all,74a7216540ed226e14fe4772000431b1,84c7171fda196e68
../foodsg-233\Soto ayam\3EC1KLJUBS8XR9FPST0LAWJA.jpg,Soto ayam,all,353ae055994c72912bcac5ec5a59dd83,84c7171fda196e68
../foodsg-233\Pung Kueh\UO3KRZ5FHYFV6DDDY6CQADC8.jpg,Pung Kueh,all,44472e51daabc357a46f25d014b5f7f3,84cd5ff435911cc6
../foodsg-233\Pung Kueh\79HQJJ6OG96JE648M7T00G5I.jpg,Pung Kueh,all,3f31fdc91a9eded779b86b1da0fea214,84cd5ff435911cc6
../foodsg-233\rock melon\XOJDKWSFF6L42KGK551A1MJV.jpg,rock melon,all,2611ef638b1db1145a9fa214304ec4e1,84d32bc4544ffc96
../foodsg-233\rock melon\8U697LZHU00L49NCO83BD9AW.jpg,rock melon,all,9ad99288b92f46cb85f7608f0109aead,84d32bc4544ffc96
../foodsg-233\Fish Ball Noodles\65G1K2BOEK9EFOPI1IX7LCWN.jpg,Fish Ball Noodles,all,984ab774a125598bb963f2e21adc452e,8508789ea39e9d79
../foodsg-233\bak chor mee\ASLN0ER1OA2WBPIL4NS17SGL.jpg,bak chor mee,all,3fc200f39ed411ae81c8085dee896828,8508789ea39e9d79
../foodsg-233\Chocolate\RKPBC54LDYGLWVIZK40GUITC.jpg,Chocolate,all,84a1383c7809227e97bc3de93e441e60,85121c6ee1cf4b7c
../foodsg-233\Chocolate\6CS7H69HD346AAYX8TTMHKNS.jpg,Chocolate,all,c330bb44f421070a5d7eaf1faa8bbeb5,85121c6ee1cf4b7c
../foodsg-233\Indian Pancake\L6FYQDU3J3EKLU1720Z388VN.jpg,Indian Pancake,all,6d04c180d248c45a2f0382bfd1511016,851d756f3a6216a5
../foodsg-233\Indian Pancake\6HQNA09HW5ICLLLELABVSHEE.jpg,Indian Pancake,all,3edfb6574d867c41a178df0692c6c53b,851d756f3a6216a5
../foodsg-233\rock melon\ZZ9ROYWH9R6918XYCEK511BA.jpg,rock melon,all,63a8b21601e55783e854ac336ad92b0d,85257c69d84fc276
../foodsg-233\rock melon\D2ZZ8MX2AJOFNLMEOU8PQTTI.jpg,rock melon,all,000bcded04cd1453226e70d3a28b5785,85257c69d84fc276
../foodsg-233\lontong\MBKTYHJG9EE174ZP33ER2S8K.jpg,lontong,all,e0cb068ef4b2c411a1aeb5a6f327378f,85277e72688d3596
../foodsg-233\lontong\YYSKI9CTOTXZFCXYU96S67TF.jpg,lontong,all,09bb4927c5df094ce11848aba186a22c,85277e72688d3596
../foodsg-233\longan\SK2L5KQ0WBX8IH9O7Y5QU75F.jpg,longan,all,3891f2d64bba9476eba570efc06b4754,852d1eddb0db20ad
../foodsg-233\longan\DK2MX5AYQS3M49YPOL6F39Q4.jpg,longan,all,57231dd58edb74370835fcbe11871bba,852d1eddb0db20ad
../foodsg-233\longan\L5CQVOBW2OYDBTJELRSDYEX1.jpg,longan,all,26420df130592c008ae16a1476ad795d,852d1eddb2db00ad
../foodsg-233\longan\KBZKRO7G9ANHEADTVRS95PJI.jpg,longan,all,3dfd86d60673da6c2e2e69183be5f667,852d1eddb2db00ad
../foodsg-233\baked beans\3XCC5VOMBRJ9W5XGO23ULCMP.jpg,baked beans,all,ea9e4c47d1faa0bf4dce5cc4c5e7fa63,853535ed65e12999
../foodsg-233\baked beans\GXOK376RFD2G0Q8OVCA157GE.jpg,baked beans,all,bf81d2d20a390b10798185cbf77899d4,853535ed65e12999
../foodsg-233\chicken soup\XVEY4S5FIKM6YOANTKEH0BKG.jpg,chicken soup,all,c8f9e0aa402618ca4ab860cad955d05b,85353c267acf69c2
../foodsg-233\cream soup\EXHL4QRT37YCMZ793CBSMECW.jpg,cream soup,all,67d154c5ecd96367939eb08863b28cfd,85353c267acf69c2
../foodsg-233\bakso\XIX2Z99V20NJZ46SH62IKBKL.jpg,bakso,all,9f285f7b37e8f552afb465420ba0baec,854f6159692b7b70
../foodsg-233\bakso\T790S3WHRA6Q201HKFAN81I0.jpg,bakso,all,b347e7f015d109dd62868677402d0167,854f6159692b7b70
../foodsg-233\sliced fish soup\K7XBWHN2NA42JE1EBULVVY0X.jpg,sliced fish soup,all,fdc1ca39f8bd5570e278b14c56f23487,855e1f793e08187d
../foodsg-233\Ban Mian\P7P6OAVEDOFWO0MINSP6KL80.jpg,Ban Mian,all,df619848294b16753795c9d68eafcd2e,855e1f793e08187d
../foodsg-233\bak chor mee\7M1M784KVHVAP3J79G2OUMP4.jpg,bak chor mee,all,bee718c960b6c70cd95a58428bb9c993,85603633d8ce3c9f
../foodsg-233\mee pok\KWSFD9BYVV0HL52XQBY72KLE.jpg,mee pok,all,775bdf98805ccc66d2773c6c3b3507bf,85603633d8ce3c9f
../foodsg-233\blueberries\8YKG6YHYFBL6FEE3D98V2XOK.jpg,blueberries,all,d2442b670561596d337dbd937dad919c,8567dbc5b9cc5109
../foodsg-233\blueberries\EQ9NNCFS2IF752XQCACYMDX0.jpg,blueberries,all,1d877667a163c67f763cfd7bcec0c78d,8567dbc5b9cc5109
../foodsg-233\goreng pisang\RLQPYL8QWZ5AQA0RK02VL0R1.jpg,goreng pisang,all,71622b6fb22bbbe99a4b153a1a7026a7,85685ea5786539c7
../foodsg-233\goreng pisang\ADLYRHU1LIUYWFITA6K1OLR4.jpg,goreng pisang,all,96fdc5481de014acd6fe383bf9b06584,85685ea5786539c7
../foodsg-233\cheng tng\L5UG6OUPP8VIOYFN08PUZYBU.jpg,cheng tng,all,431b224a2e10435eafeda7f2f73d280d,8570628f3d93176e
../foodsg-233\cheng tng\C71Y5SILZLX7EMOL7N8DC7ZJ.jpg,cheng tng,all,faf1969676a363220efa27ed6b66cb58,8570628f3d93176e
../foodsg-233\Chinese fritters\HRWC33GWS4M8MA0B90IYAOMS.jpg,Chinese fritters,all,4bf99a207bd482ff6c0efb19bad493b8,85915a786de76436
../foodsg-233\Chinese fritters\V30X2G6JAV3NVKIMEZ88A8R6.jpg,Chinese fritters,all,c6db686e7350c21d46610bc940d0fab0,85915a786de76436
../foodsg-233\Kopi Teh Milo\VV91W852E8630GT5AFD98I1R.jpg,Kopi Teh Milo,all,11e6370deacada1e8bffce4520ac7a2f,85924b3f9a691e69
../foodsg-233\Bubble Milk Tea\KLI6QJXFPPVRCVU0B7LAYEBL.jpg,Bubble Milk Tea,all,ac3ab5068daef1898a6101497f9c42ea,85924b3f9a691e69
../foodsg-233\hokkien prawn mee\MQ84PSBLIDFBG1RUQRPBSLB0.jpg,hokkien prawn mee,all,92f417ad95d49823d61057195013b207,85945ed6368ce94d
../foodsg-233\hokkien prawn mee\DGOL3H99QGR3JU132YA0MZ5E.jpg,hokkien prawn mee,all,432a9740cd399b051dfa29a7f49fbe67,85945ed6368ce94d
../foodsg-233\tandoori chicken\EGEWGG2KG9F0YFMJ2O1N0ZCV.jpg,tandoori chicken,all,989235bbbc3b918919fd52686ce17fb9,8595c57ee8e09d91
../foodsg-233\tandoori chicken\T7SMBPP3BNAPU45V6R7NZRQ2.jpg,tandoori chicken,all,33ade6d66612a9fceb88328b5cc832c1,8595c57ee8e09d91
../foodsg-233\xiao long bao\WDK6AIZ3BFOW2QZ9FJ7FRTFK.jpg,xiao long bao,all,8dfcfebd2f3ac3409858b40c48da1a2c,85a836cbcad5d5a2
../foodsg-233\xiao long bao\KMA47TB8X1FXQT1681HUH4TQ.jpg,xiao long bao,all,6bea110cc13ca5b423c9f550ff4655d3,85a836cbcad5d5a2
"../foodsg-233\Pilaf, pea\7Y7MI2KVOC216RSMBIB7RSXE.jpg","Pilaf, pea",all,f05a8d2eb48b0fa6dd75694225d1f7b5,85b086cc1bee2cfa
"../foodsg-233\Pilaf, pea\BMHMGQUCYR6N65RGVLS0805Z.jpg","Pilaf, pea",all,38771d4075e82125419cd33da4fd7b73,85b086cc1bee2cfa
../foodsg-233\har cheong gai\5JXXCMUIA6VSM1V7Y5HE4UDC.jpg,har cheong gai,all,ef7b10f98accc91aa91067b9c2cf8125,85b670d3cb0a0eed
../foodsg-233\har cheong gai\VY9CKCJY5NU3SN712YDVQBAA.jpg,har cheong gai,all,19a7994ea072b79c694a4ebc2caad5e8,85b670d3cb0a0eed
../foodsg-233\bak kut teh\MGL8G79C1XZ7S4VZRZ6G4Y8P.jpg,bak kut teh,all,40982b66c122980e15fc4165696223b0,85c2960fd33c8737
../foodsg-233\bak kut teh\4KQF68KLE0JS5F4YOUV6Q3LN.jpg,bak kut teh,all,f92dbe7ec9970800215ac893a9f8c114,85c2960fd33c8737
../foodsg-233\Indian Pancake\ZB17KYJKV3U8IGPQY6F5YZVV.jpg,Indian Pancake,all,fc64419b17190ff7ec0b5830fefced51,85c5557a3ecfa281
../foodsg-233\Indian Pancake\4XDVWL3YDCJGAUITFU4FLD9F.jpg,Indian Pancake,all,b2f06d3b8d510a44f7865a96af9184a7,85c5557a3ecfa281
../foodsg-233\rock melon\A38FJ1UL336J96OHQT6MSMEL.jpg,rock melon,all,faff85fd49f6da061b676ef079fc16bf,85c65a8f6bcd61c4
../foodsg-233\rock melon\3GF44QI75GUO5I4WN4GIZUR9.jpg,rock melon,all,a0310207b5ed39e4845dcc36ae6adedc,85c65a8f6bcd61c4
../foodsg-233\kaya toast\87O6FOB3QR0E887H59GKD2YF.jpg,kaya toast,all,631b06c7210ea04c26f18e20d27fd134,85c9366a3d3c5571
../foodsg-233\kaya toast\C4P3ARCECGA2IY6BRPFWHGPL.jpg,kaya toast,all,fc8844caf30f80d05fa32d5ae99c18e0,85c9366a3d3c5571
../foodsg-233\whole oats\5NC4Y7ENBLC5VJ2UJVSTGZ3N.jpg,whole oats,all,98ee50bc9d8534eccade678295d11e06,85c9e415e2ef1c2d
../foodsg-233\whole wheat\XT810X4Z3WE10UGTDNJLEQY6.jpg,whole wheat,all,c7b6d5fe3e4e5a4bd0b7dc53425ac1d8,85c9e415e2ef1c2d
../foodsg-233\mixed grills\8BSISHXHP81X2QRJBEAM3IDL.jpg,mixed grills,all,2999efb7f718336d12e7029be9604f9f,85d4729f3c603b4d
../foodsg-233\mixed grills\O0TT4IYKK6DUOCRBXZ6411FG.jpg,mixed grills,all,fd44effb9b78f92afbb5755536aace90,85d4729f3c603b4d
../foodsg-233\Soft boiled eggs\ZIHTIUOOL8SYHPYUXC1FYDID.jpg,Soft boiled eggs,all,2c8ff54098405492a77ef686e25adb4d,85d9168bf9355926
../foodsg-233\Soft boiled eggs\DN0D39158I2MEJD2DMV47AGO.jpg,Soft boiled eggs,all,05be407f395d03f87673cb8d9014c3ed,85d9168bf9355926
../foodsg-233\Fish and chips\1ZDSPZ5U695H4ZYXQKJ96IPW.jpg,Fish and chips,all,c2b9ddcc12bfa299c437c340fb2ac22f,85dd46ea599dc2c1
../foodsg-233\Fish and chips\FFOOG3Z1O157FSVBXXTENBV4.jpg,Fish and chips,all,654fdd7b4db1d5411630ce8f9691d2a6,85dd46ea599dc2c1
../foodsg-233\goreng pisang\5AO8IZKUY2PRFCBWLJJ8KOS7.jpg,goreng pisang,all,a21aa66b5272707d4eb6819adbfe92fe,85e09ec2d86f6dd0
../foodsg-233\goreng pisang\YA0XTY04SLSURJREES391KMZ.jpg,goreng pisang,all,a6bd144698244a005dad97ba27eeb73c,85e09ec2d86f6dd0
../foodsg-233\lontong\5YEBP2SN11C9L3B6SPK05M66.jpg,lontong,all,a302d00dbf3985ae2ac320c1e4946ceb,85e73eada990c263
../foodsg-233\Mee soto\UJ7DFBSV85HRP4LOR2CRF1H6.jpg,Mee soto,all,8a41a5d3cfe2f960c483e9df1235a400,85e73eada990c263
../foodsg-233\Tauhu Goreng\JTKT00OEI1HJF53CNX04SK9Y.jpg,Tauhu Goreng,all,2e8712923c80c739405ad6da2c07435b,85ebc124db94de92
../foodsg-233\Tauhu Goreng\L2X9KZKX6RGIEFDUW0OSHXDZ.jpg,Tauhu Goreng,all,7dfd9fd82eb490ecc087be2ea315495b,85ebc124db94de92
../foodsg-233\char siew pau\Z71RIIZZ554Z2QKOK9M307KN.jpg,char siew pau,all,b48a973d38512a702441df13fbea2546,85f4c3434a837e9d
../foodsg-233\char siew pau\XNDY2B3BBHGR8TX5T2KFBUCV.jpg,char siew pau,all,be2b465a31974d2ccaadab4e18b8f232,85f4c3434a837e9d
../foodsg-233\yuseng\2AC1GUPQT8U989QAFEI3F662.jpg,yuseng,all,46f285fb3084e4a2b3b7bf5f8297d184,861871e7799f288d
../foodsg-233\yuseng\X3COGV0JJ5ZXUZ957N8LNZFN.jpg,yuseng,all,e512b97ec8d8f9215b7aff7fd3339b46,861871e7799f288d
../foodsg-233\Chinese fritters\FG5OKSWKAHFYU6ONAVJBAJT7.jpg,Chinese fritters,all,81a8ae1497852e907551583a91d9a95d,863b3e3d2b316964
../foodsg-233\Chinese fritters\UBH8BOM1OM6CS7DO3N355BLI.jpg,Chinese fritters,all,618805af16a139b915fe6d4276db833b,863b3e3d2b316964
../foodsg-233\lychee\ORALIIE5M8GSNBBCEWI9E336.jpg,lychee,all,36ccf4b9c8f5d7bfe21f40a22e1afae6,866961339066d3fb
../foodsg-233\rambutan\TJOG0OP5TOCB5DH1HK8578S8.jpg,rambutan,all,691e75cf136041fc927122f1da5f47d9,866961339066d3fb
../foodsg-233\blueberries\VYGBT9Q87E131IMUNM3BJM17.jpg,blueberries,all,bf96c1c34d2769723eb716fcff0809e5,869437d7e09a58cd
../foodsg-233\blueberries\NM1VH7SRJDQW95Y93PBP6EO2.jpg,blueberries,all,83a0d4d140e9c1f92fbd68bb669fdb9c,869437d7e09a58cd
../foodsg-233\cooked white rice\QK7ZCC8K7EMC95QU1B6HQ8RC.jpg,cooked white rice,all,94dbce441982a42f805dac1324fc0067,86943f63609d8f72
../foodsg-233\cooked white rice\N4X0Z9VIH1CSCR3H0D0EKTGC.jpg,cooked white rice,all,c11eba98493d15b84829f4d292be0d65,86943f63609d8f72
../foodsg-233\banana\B2SPEKMQXOXDDWZN31XL587Y.jpg,banana,all,dbcf98a3516e2c14cbfbf01643737275,86a2650950fbf375
../foodsg-233\banana\46H5QAA2LD23563RBV88V9UR.jpg,banana,all,d403fd3a1792e6cccfa17a7be0ee8225,86a2650950fbf375
../foodsg-233\Bibimbap\2XY3VCYNDYJ4NVM4K8123GHN.jpg,Bibimbap,all,302a9333e20badfb00b970c08f2aeaf4,86b63b3b25cdc88c
../foodsg-233\Bibimbap\CYAFRRJ602IRJU0YPNZKYDLW.jpg,Bibimbap,all,5dbb7eae056f11ca8685eb981efc0f7f,86b63b3b25cdc88c
../foodsg-233\banana\ZVIQ2H5I3MLJR7STDLVSPDLZ.jpg,banana,all,34a3faadaf6429a03ef074203ee7ee9d,86c3d492ff3dc184
../foodsg-233\banana\JYWGZIE4T3Z0U3O7W89GXBD5.jpg,banana,all,9d9d7f4fa74986f667757b7f211727fe,86c3d492ff3dc184
../foodsg-233\bak chor mee\RWUNDFQX89R1JN08UUN9HQD1.jpg,bak chor mee,all,25ffbb6c61b7a4020f689688f00facd7,86dd09863bcb27b1
../foodsg-233\mee pok\A2XT7N6SEO26B0JJ0KL9ZYJK.jpg,mee pok,all,c1c57d51870e7398416e9e2ccadc2040,86dd09863bcb27b1
../foodsg-233\popiah\4ZJ06TD89JDUIZWXG4TFXWOO.jpg,popiah,all,7822b81f99c16d5f47823d530f13139f,86e17a9d28dc27e2
../foodsg-233\popiah\AQJO0DA44BZ182ZJYX4YHEF6.jpg,popiah,all,1a2fdee820721aec2563eab318fe9e20,86e17a9d28dc27e2
../foodsg-233\Mee rebus\COXKHI5OGRJFBUWC9UV43SGN.jpg,Mee rebus,all,76e808b12cf0e574082fb92a9dd3c9d6,86e51ecf589e7890
../foodsg-233\Mee rebus\E6J37230L5TBTOVEM9FJRG7H.jpg,Mee rebus,all,26f9174becc632f4cb544e05e96f33fd,86e51ecf589e7890
../foodsg-233\cream soup\UD5QHBCYIG6I0V9JX2F1NBMS.jpg,cream soup,all,0b246147689c3446ceb4c395910f630d,86e63505dc1c6fc3
../foodsg-233\mushroom soup\TK6C2CC8JGYW1SVVH4VUVRJW.jpg,mushroom soup,all,26a6f8c8be6f42d728e9942c85c774fc,86e63505dc1c6fc3
"../foodsg-233\Pilaf, pea\RXY7G5AR6WJZ1JG812ARM8I9.jpg","Pilaf, pea",all,0335847a737a0647678748c52113febb,86e73d9d9878c542
"../foodsg-233\Pilaf, pea\37J2KLFYSYYPGWTY251GCM1K.jpg","Pilaf, pea",all,122b6f4b3735f94cb46684dc1e1ea10a,86e73d9d9878c542
../foodsg-233\pizza\B4OK3A3GUWYL1JRSS2YYDH99.jpg,pizza,all,871d4fce11f902d2665cfee7584460c5,86f559c46a0b3d39
../foodsg-233\pizza\WG2860ZKPA2MFI7IVWPINKC8.jpg,pizza,all,90e38a776e8f6ca3800b6e3b577a0eb8,86f559c46a0b3d39
../foodsg-233\yuseng\H82HYY9LE7IU5GRLJQ56D18F.jpg,yuseng,all,83f10e3d008c2a720715cb38cbed5ac2,870f9b13a3ee4e0a
../foodsg-233\yuseng\EKQD45415JN2O4JX2AYELKU8.jpg,yuseng,all,a038177d711865cb09c42dfa540f0b82,870f9b13a3ee4e0a
../foodsg-233\Mee siam\MA16J1XAX9GLJVRFKJSL12JX.jpg,Mee siam,all,674c74aca47b58008aae1e7d4d3f955d,871c6e316a3f60cd
"../foodsg-233\Mee siam, fried\7GKQR40KHXCKU5SXHS9UVMWG.jpg","Mee siam, fried",all,01d1608ff3e81194f00d9001add81e50,871c6e316a3f60cd
../foodsg-233\kiwi\BR6W6820BST0DHKVRP69PRMD.jpg,kiwi,all,20f17339748d886fc217f2d50a72c85b,873125f0f90dd876
../foodsg-233\kiwi\H2NK3XLS8JUVTULSLZPYT9J3.jpg,kiwi,all,157ba84c591c990d3ff1b3d170b0f84c,873125f0f90dd876
../foodsg-233\Soto ayam\JXIKXSNH9URAG42M1T3NEUUL.jpg,Soto ayam,all,9e84d7ff97eff26c9ef8efce6a369dd0,87689f966c25742b
"../foodsg-233\Miso ramen, with fishcake\5FNHIN5YZIOO3PUZUYT8GD72.jpg","Miso ramen, with fishcake",all,17ac78c787ce5cd01c8ad20f0f97c9b8,878d3cb43cc0abce
"../foodsg-233\Miso ramen, with fishcake\MY6HI0EVUHF4ZBDI7XP8ZNF3.jpg","Miso ramen, with fishcake",all,39b9a7bbc7857721935ca58727e374a7,878d3cb43cc0abce
../foodsg-233\goreng pisang\B0O7HOXZI2RLI6U5ER7QI40M.jpg,goreng pisang,all,c54c294b9b830b38f0258507a5fde980,8790c8c63f5ad0fa
../foodsg-233\goreng pisang\O49IPH2XSLM905YTNZY1JC5X.jpg,goreng pisang,all,401294d06afa9f0c3aeaf6e6d76de9d6,8790c8c63f5ad0fa
../foodsg-233\White Bread\J30XRVMBXR3C5PENEHHO2YQ2.jpg,White Bread,all,abd191e4676b2ef9bae7d9c2cdb07be2,87a370d48fdd900f
../foodsg-233\White Bread\5R3OGWZ720F8YWWQ4GOA65KX.jpg,White Bread,all,92785817998c07c7d63cf62d55562b2b,87a370d48fdd900f
../foodsg-233\miso soup\XX04YUEN2Y0AY6G05EDZQF7Y.jpg,miso soup,all,bac8fe84c0fc1c5458976478039baa59,87a3fc96a31e5461
../foodsg-233\miso soup\EQPYF14HPILJETD3P0GTMDYU.jpg,miso soup,all,6200ac60f67399cb552c1dbceb18421c,87a3fc96a31e5461
../foodsg-233\sliced fish soup\0VBJA77KFIZUQDJKD9KWNK4D.jpg,sliced fish soup,all,0c489a918d5a3ef490e43cf236fd6d27,87a900343fd16ddb
../foodsg-233\Seafood Noodles Soup\B4JYZ9BODL45XD0GHHJZQ0V7.jpg,Seafood Noodles Soup,all,db5935cb0490578535a23a50d671d059,87a900343fd16ddb
../foodsg-233\pizza\AWITWY3LIJMPWXQEW3EVYB6E.jpg,pizza,all,c0bbf8dff95f62db5438cd4d14f0fac2,87af6dac24a222eb
../foodsg-233\pizza\SZWVEMOE96GLTYTZYNNELMZS.jpg,pizza,all,0c7c994eaf8dd07563e9c2cf6844bbfb,87af6dac24a222eb
../foodsg-233\mango pudding\EKQI4BK4V8MWOMS7HQ6ZLDUP.jpg,mango pudding,all,64b68cb4773a0d686d2847de07006ebd,87c3742f033d436d
../foodsg-233\mango pudding\DJ65RTX8NB3YC1Q5O7ZYOGF5.jpg,mango pudding,all,3387e8e4e306d3f36b603e5867d1a998,87c3742f033d436d
../foodsg-233\ayam penyet\XCOXJT4TK50JXC9K1A5BYWYG.jpg,ayam penyet,all,33b80b936c9ab3bcb7bfb3238b03152c,87c67469f07ad498
../foodsg-233\ayam penyet\VPU35RNRPTNAVPTDDRU9H7YG.jpg,ayam penyet,all,a485a489e63de0454ed8dd0c2a3114f9,87c67469f07ad498
../foodsg-233\Seafood Noodles Soup\OTMJG5XMKYPX2WHEAYSP1F2Y.jpg,Seafood Noodles Soup,all,7a7bf94ac49db4a3f662d3983d3f025d,87c71c0351ee7372
../foodsg-233\sliced fish soup\HQT6TL72COLDWYFOXD4TG2WF.jpg,sliced fish soup,all,bd9e72647ac194b699766d2c4c9fb731,87c71c0351ee7372
../foodsg-233\thunder tea rice\SUJJEPUEAV9FUGBTWUU32GX7.jpg,thunder tea rice,all,97e4f333da70c76e3faa6cc45fb5b33d,87cdbe72b1834784
../foodsg-233\thunder tea rice\IV0D65QWU1DDFYHNXYIL6DE3.jpg,thunder tea rice,all,eea35f17522e3d2fba80c4e268680dd0,87cdbe72b1834784
../foodsg-233\White Bread\F48QKMNV9J0Q739O171SR9L7.jpg,White Bread,all,1fbf3bfdf511acbb282f525224ae99ee,87d87a3d21316e93
../foodsg-233\White Bread\KVXLYGRKVYGKXW2BGAQ2XBP8.jpg,White Bread,all,0e228d7dd25ef2320d941b16348e26a7,87d87a3d21316e93
../foodsg-233\dumpling\6DRPUTE0U9VKGCLL7VXE4JVW.jpg,dumpling,all,b69e5d4dcf7977b0d4ae49ef4c305041,87e678e160e76b0c
../foodsg-233\dumpling\JH4ZHLC2QEYWFZ71A5HKPFXH.jpg,dumpling,all,974ca72d89cea1c8089881a04162cc14,87e678e160e76b0c
../foodsg-233\chwee kueh\L4275ZTJBGXJZ3K6ZBUCBMHR.jpg,chwee kueh,all,efbe5272da7cd602ba70fde5b15223cb,87e8181cf3695a9d
../foodsg-233\chwee kueh\4CTQV5IPYUF2FGTKO9UHOI2B.jpg,chwee kueh,all,f9bf5cb271dd7bcec865cacf7920dd21,87e8181cf3695a9d
../foodsg-233\french fries\P2LYMFQQNQ6UN78E75ZTT6PX.jpg,french fries,all,b1350352716c2f5b68a6e184d310b7e8,87eb35e2070f3499
../foodsg-233\french fries\ABKGTWZQ5ZF5N9I9BM44C8O0.jpg,french fries,all,527f7c87fb6aacdb84b10492248cc11c,87eb35e2070f3499
../foodsg-233\xiao long bao\FP031U5Z8NY8VLQTQ9B7CWVW.jpg,xiao long bao,all,1f7c4f03901d3fb1e5491c4d857f0c66,884785fcf6fa9821
../foodsg-233\xiao long bao\GDNU4LU7NMJMMN358RMWP66D.jpg,xiao long bao,all,3abb79a5abce626b5b67c3aaa5403ffd,884785fcf6fa9821
"../foodsg-233\Bee hoon, goreng\0T5DB7S9BPH61B9MXE6TRUKV.jpg","Bee hoon, goreng",all,d6fd1300516f72c489ba552c12728579,88481efe36a1273f
../foodsg-233\vegetarian bee hoon\T01R44B3BYBHZ2XHSXZ20FP5.jpg,vegetarian bee hoon,all,00b2b1c41b4c7d829bf76c37252dca47,88481efe36a1273f
../foodsg-233\pig organ soup\7BNTEG6SHVDL5U7RQCUKJWOK.jpg,pig organ soup,all,9e18926f4ed569115c29201841439af5,885d1e7a38e5e586
../foodsg-233\pig organ soup\FOXC3VD5SRIVIZ6CHA0WH8JI.jpg,pig organ soup,all,41c08c4fcb7a3df2cf84585adcb3b2f6,885d1e7a38e5e586
../foodsg-233\chicken pie\R7YB62RIVZA4JUN329PFUB4F.jpg,chicken pie,all,e690cca47b0e66d38712ee4f359bbdc4,88743dcbf62ec270
../foodsg-233\chicken pie\W4HCX8AX1QZ3HJXCB3HIEA17.jpg,chicken pie,all,27f42fab2dc0ae7ba6cca9e21760f2dc,88743dcbf62ec270
../foodsg-233\Soto ayam\OO40D3GOYDRSJWRV87CVDC44.jpg,Soto ayam,all,48e4370ea7cd4979a8ff87b8934bd572,887568a7e52e665a
../foodsg-233\Soto ayam\77RH5O2YEWUQV8JR5ZF54E2U.jpg,Soto ayam,all,8e48f4937582fd9127a5082c6c40af32,887568a7e52e665a
../foodsg-233\Bubble Milk Tea\SSJSL3F9TDQ9KUKOXBWE7BXG.jpg,Bubble Milk Tea,all,abb2b756254196f0f9862557bc1a7def,8895ef9e34426c97
../foodsg-233\Bubble Milk Tea\7JRVY1NYKYDI0DYZ8OKP42UB.jpg,Bubble Milk Tea,all,fc7a82d07379d39e371de5fc820c78f4,8895ef9e34426c97
../foodsg-233\Tauhu Goreng\TEOLM29T6ONAO02PYOFBLFOI.jpg,Tauhu Goreng,all,dcbf1dab01dccfa99ffe2b840026e919,88c6963d85ff8a19
../foodsg-233\Tauhu Goreng\868H2DQ8CCZAK6WQOFVBQ9C3.jpg,Tauhu Goreng,all,e84bc5bd667a9e115d963ea4c15c5dda,88c6963d85ff8a19
../foodsg-233\Mee rebus\7UL4NMLVE830USXP155U8YQ3.jpg,Mee rebus,all,fe086a3de69c8540279222832e72367d,88c71f2e78a86537
../foodsg-233\Mee rebus\04CHN8WNAP71BAIM5LKEEVAG.jpg,Mee rebus,all,2926430f6e2207834c570e8e1d95d32b,88c71f2e78a86537
../foodsg-233\steamed buns\I50085BCT3WOKXKFEN8HT2SX.jpg,steamed buns,all,8f09f37b6240d95a6687f50e89fb2989,8909c6e6e4ce6f23
../foodsg-233\steamed buns\6J39Q7JVTIU9R2EFGR1L4FHV.jpg,steamed buns,all,7ac7600cbffae0e8dcfe989daeded755,8909c6e6e4ce6f23
../foodsg-233\roti john\D8NNHLGRYUCQXPE30FYY212G.jpg,roti john,all,4d9176ff4e3625f90fa7ae42d5e697a4,8911a3dee605f39a
../foodsg-233\roti john\H4BIFISYG1RV8II97AFU7P02.jpg,roti john,all,08d33f4e103c21275bbcc24e5eb133c3,8911a3dee605f39a
../foodsg-233\tutu kueh\YXZ2FVT63NSSXLW4V6IANM0V.jpg,tutu kueh,all,fd2b5c960738f156ed6c8908d3dec21f,89168b8f951d1e73
../foodsg-233\tutu kueh\6YTNIMDZAGJ8R8ZRT6IDHV71.jpg,tutu kueh,all,f3b684a4ecc8f9d481438387bd8864b7,89168b8f951d1e73
../foodsg-233\char siew pau\MKWNRFCC1NQUIQYNBQQR1KAF.jpg,char siew pau,all,41b123d0c27d74c713c5b541e8a83632,894c3e2fa935d51a
../foodsg-233\char siew pau\9VUG42448LKT7MWPI9OGC4FE.jpg,char siew pau,all,df6418e175778864fee2bac3cc9b2b6a,894c3e2fa935d51a
../foodsg-233\vadai\XDK2B61O1E0TQ4W0TI47P3DZ.jpg,vadai,all,28ecc56a30a245813126c0d4db7f8fa5,8956847e5f083f6a
../foodsg-233\vadai\47EI2KU5W1F3DD2A4IXTNU1L.jpg,vadai,all,4fc96740ab05db49df7e7a5ab5f6dce3,8956847e5f083f6a
../foodsg-233\Tauhu Goreng\VOJHMEDJCSGLNTT3EDS3PQNI.jpg,Tauhu Goreng,all,d1ac86de1a08bf9e5f45e8a8aaf90284,8987ab2ab0f5f434
../foodsg-233\Tauhu Goreng\37YZPDEVIJEL0O2W3EX4M8LS.jpg,Tauhu Goreng,all,cca9f2faddad3518e7f054ef2fcab62e,8987ab2ab0f5f434
../foodsg-233\hokkien prawn mee\BHJV04Z1MKBOFQ0W8GFYNBJ3.jpg,hokkien prawn mee,all,f201bce073654796df0c2fd07b45199f,8992f66dfb80c136
../foodsg-233\hokkien prawn mee\FXQMD388Q654WVCBJ31KVPEB.jpg,hokkien prawn mee,all,32f470ced39108e6aab765f0be698481,8992f66dfb80c136
../foodsg-233\sliced fish soup\MYYO6HXXJA5A15PDM1C47MEL.jpg,sliced fish soup,all,32a24cbbd2670e28e3505ac201ea4c06,89943659796f712c
../foodsg-233\Seafood Noodles Soup\M5YG81CUDZZFPMN7UHTZGN97.jpg,Seafood Noodles Soup,all,08f0fedb8ee2c8ed55f2818eb939ed34,89943659796f712c
"../foodsg-233\Bee hoon, soto\72GDL0WLZSJW232V6NYW3AUE.jpg","Bee hoon, soto",all,7fb488fa767dd1930b20993f4711ec0a,899f971c182b6aae
../foodsg-233\Kway Teow\E6WZW6B1ELVO4D7JFFLVJZ5V.jpg,Kway Teow,all,50ff3149e52e518d9e65387c1fe16510,89a83b1a7ae1a567
../foodsg-233\Kway Teow\ARMBV4ZZ54D4CZ653BNEF2UE.jpg,Kway Teow,all,efa79e0df4ee07e50d1deb34b4a9f20f,89a83b1a7ae1a567
../foodsg-233\rambutan\53GNO6XXGNNKD8GAJSJYK1Z3.jpg,rambutan,all,f3717ad19b7ce711932e44cc7b6a98c4,89a9468e3e9993e6
../foodsg-233\rambutan\WQAS2YVHYE20XRN3H7LIL5N1.jpg,rambutan,all,ceb58300d281dcf639da4bb72b1de974,89a9468e3e9993e6
../foodsg-233\ayam penyet\GNIIIP2A3TIPMS61UR0TVASH.jpg,ayam penyet,all,ebd2baebf5de9d73dabc0c446923e50c,89c0729ba919cb7d
../foodsg-233\ayam penyet\UGR0S5K5RX09SS35FXRGFK9V.jpg,ayam penyet,all,b21c0742203f11bbd1db07de99e808d8,89c0729ba919cb7d
../foodsg-233\vegetarian bee hoon\3QJZRRGWLPSLCOKTR3931HRY.jpg,vegetarian bee hoon,all,1e27894765ee95dd2c9c8b76998d726d,89d23a87711276fa
../foodsg-233\bee hoon\E4EKN5KCFBFLHIKAXM4HO1F8.jpg,bee hoon,all,0fec4765d396197c740e3223bf3b6e92,89d23a87711276fa
../foodsg-233\beef noodle soup\FATU6SWHYZDIJ7MX6M5YL4UW.jpg,beef noodle soup,all,647f07745de21b73dbf7a93c8287b87a,89ea51d61ea9719c
../foodsg-233\Ban Mian\XXHMABKDMGOM41DLN38NTJXD.jpg,Ban Mian,all,49a5c7738db15e5072bc4966dd01343f,89ea51d61ea9719c
../foodsg-233\Mee soto\F25C8Y9G24W4K4V4OZT4XFDX.jpg,Mee soto,all,683e4823ab0796d512c5e8f7526fa54f,89f30e223f727067
"../foodsg-233\Bee hoon, soto\MSJVNG7C568OSCS9OGVKHOQM.jpg","Bee hoon, soto",all,8b0cbf4ff4770b6b0bcb90e5a540a22d,89f30e223f727067
../foodsg-233\Kueh Salat\9H9J92ZDFNO8OO0VVT67JN3S.jpg,Kueh Salat,all,38e18526da51b6e398f6edec9546e895,89f65d47682a1b4e
../foodsg-233\Kueh Salat\LKPAL1AS72NNVPDI7T3HWL3U.jpg,Kueh Salat,all,aabd463132d9cb2b6598921b467b036f,89f65d47682a1b4e
../foodsg-233\Kueh Salat\QF54OVFDXAT4493XEE5NP8T6.jpg,Kueh Salat,all,9b6e84494cbba494aaef7fa853efa3c2,89f65d47682a1b4e
../foodsg-233\ice kacang\NHQBZVL5PXIMOHOXB6JZXBIP.jpg,ice kacang,all,f28877a087ef4e724afb22ee1029477d,8a255d5ace9699c9
../foodsg-233\ice kacang\ZS8E2YJI9N24XN9MS758QYAI.jpg,ice kacang,all,66dea62331a536927f6d0dd936e11101,8a255d5ace9699c9
../foodsg-233\sirloin steak\1ZFOWJJGGA82FKNODZ4GGKJO.jpg,sirloin steak,all,b1ed3222ca75221aa0f681498cb75075,8a5329f9e7b6c608
../foodsg-233\sirloin steak\4GSHSHGNET0CDG3ZTEUUXP1F.jpg,sirloin steak,all,f6278e88d8506932d36328d10cb9110b,8a5329f9e7b6c608
../foodsg-233\cereal prawns\D4PQH8WFJWPM4CU0BFZ9C80S.jpg,cereal prawns,all,85a0734007d508794bf8f2a702391631,8a59202ab53ddaee
../foodsg-233\cereal prawns\L0KBOIFE6SNBFPEZL7L1Z351.jpg,cereal prawns,all,fcff2f5b207867b1d6fd6a281169d246,8a59202ab53ddaee
../foodsg-233\mushroom soup\FLHMN3JF5M2HBJJLC6OP09M9.jpg,mushroom soup,all,ac63d0a28c9f829d7db6a34152a76c64,8a686ac4e5d21ecf
../foodsg-233\mushroom soup\TL9H502F8JNOEYZGNPO5O8Z7.jpg,mushroom soup,all,3c7badf7bcf4b2d0b6fed91ab300bb47,8a686ac4e5d21ecf
../foodsg-233\Kueh Salat\Y13QF1GF6I7VDSK34BN4Q0M7.jpg,Kueh Salat,all,b789fbb92e9906c934de18951ed4ca39,8a70f5f0e4f8f0c8
../foodsg-233\Kueh Salat\NGH7LA5E5KZMEYXWHSZ8152R.jpg,Kueh Salat,all,b186571dbc5313381b3a1e5069638de4,8a70f5f0e4f8f0c8
../foodsg-233\Dumpling noodle soup\D4LF2YEK6B2YDN305VVUOMFV.jpg,Dumpling noodle soup,all,1a19486eae7dad4d611ac1a49d8f73a0,8a826fbc3ae1e196
../foodsg-233\mee pok\WHNRF9R11K9Q7KETH11GJQMP.jpg,mee pok,all,3cef6f5bf272e86367aac341d4f38424,8a826fbc3ae1e196
"../foodsg-233\Bee hoon, goreng\US7GVJEK9ON36OY2VLS0SHZ6.jpg","Bee hoon, goreng",all,ada009ce09ed77098baed890e78d0e25,8a859d2c33d12fd3
../foodsg-233\bee hoon\MOF4MNO5VXWDAL6I6P14W2EP.jpg,bee hoon,all,92f9532db31e96aba27f3a1010149be5,8a859d2c33d12fd3
../foodsg-233\nasi lemak\88PQHY10ULCTXGYZQMF9EZPW.jpg,nasi lemak,all,3e7b205a2892bd45b2320d9b8834b27b,8a8668f0c66b9d1f
../foodsg-233\nasi lemak\SGP1E406S6XSVEB5L89FOLO7.jpg,nasi lemak,all,5d93e82e1cc9a844800ac2937d0226cb,8a8668f0c66b9d1f
../foodsg-233\rojak\TN07I54HBDM1ELVUM0GM0TK6.jpg,rojak,all,ed9d09810491ef2907027dbfb76ec309,8a8bcc565aee2497
../foodsg-233\Chinese fritters\U5BD7RR3UC5NHLYA57E2KJRG.jpg,Chinese fritters,all,be954035b1a22b7e7358a0acdd3984e2,8a8bcc565aee2497
../foodsg-233\rojak\CY4XD3EK4T1MKOSHDALCUCP7.jpg,rojak,all,38abe7abea025024e71951f9cf5db2d8,8a8bcc565aee2497
../foodsg-233\goreng pisang\F07KPW14FFK6WBGCXQL5SQFZ.jpg,goreng pisang,all,d6a6842e2572d7656fd3147c9e1633c1,8a8f54f041c37f8e
../foodsg-233\goreng pisang\F3WQT390VLB42VO138A6JZS1.jpg,goreng pisang,all,93e92e2d74e94428038f5ee917746ba1,8a8f54f041c37f8e
../foodsg-233\CNY love letter\19UU97ZV7O4FSBXHPDGYAH7S.jpg,CNY love letter,all,5447a7fdf023f5811a9698ff378c7998,8ab52b63b8c60be9
../foodsg-233\CNY love letter\1NX8BZKURI5NSVDLBJWD780S.jpg,CNY love letter,all,bbfe5bfa8d30820f55cf1ef2116000bf,8ab52b63b8c60be9
../foodsg-233\singapore sling\GE2TVTJKRHS33BZT7HQH0VYF.jpg,singapore sling,all,c65758f22fa75781e378b473347337bf,8ac3e0b47e5cd685
../foodsg-233\singapore sling\COXNHBAGQUFXQPA5FT12J5DX.jpg,singapore sling,all,4c9af342c7f8b290203e30bef832f0f9,8ac3e0b47e5cd685
../foodsg-233\Snacks and Chips\FBWUZ8YGSAJQX8FQPFTCPA32.jpg,Snacks and Chips,all,d2d3f3abb762bf5538d13ec5446b38f5,8adac9587406f43f
../foodsg-233\Snacks and Chips\R82UIQLT4EJY27A896S3C8AV.jpg,Snacks and Chips,all,84787c7279feeb5007ff4c6c9b4ed629,8adac9587406f43f
../foodsg-233\Kway Teow\JZMXUU11F7WRVWLVKH5TXOBP.jpg,Kway Teow,all,1654186223acf416280fd6ee9b631310,8aed95e789d30a52
../foodsg-233\Kway Teow\J3P28RLHVJOPW9HCMVYL8U3X.jpg,Kway Teow,all,60d0244aec81a0d0dc2242e3c046e0fd,8aed95e789d30a52
../foodsg-233\Pomelo\7J1U71Z9XDNV0I7ETKISZMRN.jpg,Pomelo,all,580eed41c78acef7159e711bc39605e2,8b07e0f7563b9b08
../foodsg-233\Pomelo\SZVLXKFPMHOFOKYOO41Y31MH.jpg,Pomelo,all,8c488d9fcf8a6474bedfc9794c498d26,8b07e0f7563b9b08
../foodsg-233\cream soup\P7ZWCXM5AK309F80OR1RMDXY.jpg,cream soup,all,30fcabe64e13a160b6d0413391eb3665,8b6ebc156472266b
../foodsg-233\mushroom soup\ZOKT5F0N9CBCQC3W0KTVB7NG.jpg,mushroom soup,all,7a8e464acabc8618054f1f80f9f44106,8b6ebc156472266b
../foodsg-233\Mee kuah\P1P4VWFJC9ZNA7QETR800ZWU.jpg,Mee kuah,all,c5e3856f6f6ba2a8a9870783b7600f7c,8b7ad2e657e12861
../foodsg-233\White Bread\AM04D3CLWPGL53MAYZJRPBQC.jpg,White Bread,all,1d5ec352e9503778f4c7cdbb9972c5bb,8b807fd0e07f0d33
../foodsg-233\White Bread\P6C25ETRWKXLC6TS5HTD5JCL.jpg,White Bread,all,70d6d691bb90413d9575343c4c57562f,8b807fd0e07f0d33
../foodsg-233\White Bread\HK67AWH3KJ9ONTR28VOSG1W0.jpg,White Bread,all,b4c0b1c47046efdde78099e45a1467bd,8b83783ce1d0cfa3
../foodsg-233\fried prawn\RSRE1H7LUWEXLIDIYR5MPX91.jpg,fried prawn,all,786d1573b36b150c9eb98b0cd9c2af5a,8b84bbf984235fe0
../foodsg-233\fried prawn\XEHFKA6DU7YNQSEF4PZQ75HB.jpg,fried prawn,all,589d520350f07a87b35f69a51a7ddd29,8b84bbf984235fe0
"../foodsg-233\Rice, chicken katsu with Japanese curry\G7N0UZFZ8C6DS71RUMN3D7X6.jpg","Rice, chicken katsu with Japanese curry",all,04fafb4ef5cfc8d4b861cdc2e80a4491,8b857e72486b017f
"../foodsg-233\Rice, chicken katsu with Japanese curry\BTICOM1DV7D4T3XP87GIPB2C.jpg","Rice, chicken katsu with Japanese curry",all,9322e96a53a48ca0f537cae928eb4a2d,8b857e72486b017f
../foodsg-233\xiao long bao\QGZCK1VVGRX0E1LUSVK82QCQ.jpg,xiao long bao,all,c221a399074a3438a3d9079c07500d78,8b8760d7f2a1e13c
../foodsg-233\xiao long bao\HQ6PPRKIM0287CULO25IQHW0.jpg,xiao long bao,all,c3f146347cfb7f5a20d1dbf3f943caa4,8b8760d7f2a1e13c
../foodsg-233\satay\K9SEQZQOER5CSGWMJZKE1772.jpg,satay,all,a2fe04537695d311eb457422587f7ad5,8b8c26335be98e36
../foodsg-233\satay\ZTSOJVSMG0KQDV6OWP5P2801.jpg,satay,all,1b4e6ba5a45d9840254bd3e9dd4f44d0,8b8c26335be98e36
../foodsg-233\egg tart\V5BM31RHCD50K5KPJWREOPEA.jpg,egg tart,all,5cbdc56dce628b563b35ce74c017b8dc,8ba070db5b2c8fa3
../foodsg-233\egg tart\3S6MCOJIIC594M61F17KO0ZU.jpg,egg tart,all,43de26dd698694beed39b5280c2efac9,8ba070db5b2c8fa3
../foodsg-233\steamed buns\EEN45K2A9TEV3W157ISGRHID.jpg,steamed buns,all,e1bf987e5bc2becc69bbea904f2d11e7,8ba65ce5679254e4
../foodsg-233\steamed buns\KFA5PSDS3NK86HN846YCRAJ5.jpg,steamed buns,all,aa60c05f70c8e082dc3327586da3f908,8ba65ce5679254e4
../foodsg-233\honeydew\KKWIH8BPJDF605ZKKESRXZO0.jpg,honeydew,all,ad57cc70307b6bd4e06651d13e9500e7,8bb33f866442a75c
../foodsg-233\Fruit juice\I8AWTKN31TOR9ROY2JTJ7Y3Q.jpg,Fruit juice,all,75e60db62350f11553541eecaa86f507,8bb33f866442a75c
../foodsg-233\kueh lapis baked\5TFRW40HWSW3GKIVFQRQFW24.jpg,kueh lapis baked,all,89a654703a20f1e765131b24aeed7493,8bc47595aa5dcb60
../foodsg-233\kueh lapis - rainbow\GTQREUL6LPGSP61YJFXW7NFQ.jpg,kueh lapis - rainbow,all,1dbb9618860e0e0e2b5942102a708fec,8bc47595aa5dcb60
"../foodsg-233\Miso ramen, with fishcake\UX77LORBTUMZ9PEGW05CZHDK.jpg","Miso ramen, with fishcake",all,6c336765d893c83fe4b014bc2681eb07,8bc76494f85f1a70
"../foodsg-233\Miso ramen, with fishcake\KEHWA6B3N0WW2ZYJ5BRFHTBY.jpg","Miso ramen, with fishcake",all,b0ac187b30f17c5dc63926469c3764aa,8bc76494f85f1a70
../foodsg-233\cooked brown rice\5AFBRAOGZRT6TXMU1WVIPQL3.jpg,cooked brown rice,all,54c84f62f65ecc4d33b4a77888b034e2,8c176d76c22b789a
../foodsg-233\cooked brown rice\HU8ZIQW5X4S6MNU78TMK6BDK.jpg,cooked brown rice,all,2497071df24455cba891052ed2b42254,8c176d76c22b789a
../foodsg-233\cereal prawns\R1J7N3RE6YTGIWXL8RB6JNI1.jpg,cereal prawns,all,a66d992fef3cee611cc22d15d57a9523,8c2b3b3cc84316ef
../foodsg-233\cereal prawns\TW1FNS1CNB1S4QRPZN0N46X8.jpg,cereal prawns,all,bac832a0c9e702a3d46dd63f883d1491,8c2b3b3cc84316ef
../foodsg-233\Nasi Ambeng\C1IIY8KS43CSR1INRZ6SXMGJ.jpg,Nasi Ambeng,all,abe87dc18ebef8b08e099c1b6dd94e7b,8c5a2bb3f17914e1
../foodsg-233\tumpeng\VUBY0QPE9YF8E9LN4ABT6YNK.jpg,tumpeng,all,1e742440626322ddfa768295e925d8f5,8c5a2bb3f17914e1
../foodsg-233\tutu kueh\SK0TVGI0RB26BJFXMKSMZ5W3.jpg,tutu kueh,all,22494f32377b58d7c2285ede189d6a2c,8c5d3260b75de14b
../foodsg-233\tutu kueh\M9NPRSB5PXETNS2VFJK9EHXP.jpg,tutu kueh,all,97d0fe6f4161eb1bd4a4eec640667134,8c5d3260b75de14b
"../foodsg-233\Bee hoon, goreng\5DASYU3IQKO7OXGONXF3T7R8.jpg","Bee hoon, goreng",all,a912975ae02321076fff5774f1342b94,8c69c968ebc338e3
"../foodsg-233\Bee hoon, goreng\8V00CYV9Q5E9TGLJNKON44JG.jpg","Bee hoon, goreng",all,66a1c13757ab4be30957deaf7bb2677d,8c69c968ebc338e3
../foodsg-233\Seafood Noodles Soup\62OOLYTW46C71QCI3CG0I9AS.jpg,Seafood Noodles Soup,all,0a82791128286d3a57056fe2e625c345,8c6fa0db384c678d
../foodsg-233\Seafood Noodles Soup\M2FDW8VMQ7DRTF30YOT1LCMY.jpg,Seafood Noodles Soup,all,f5b62f32931917be95cff7d807cdf45a,8c6fa0db384c678d
../foodsg-233\mixed grills\TNMF943EY3KL6LP90FF2DAQM.jpg,mixed grills,all,a07cd4d140454fba0c5fbc007cabfbf8,8c77ec329d360b0e
../foodsg-233\mixed grills\6B2C4KTOIV05XFME9U8SJNIB.jpg,mixed grills,all,d97eadfcacdd44518338ac53a5ee6aa7,8c77ec329d360b0e
../foodsg-233\goreng pisang\FSL0T3TR8GD9SJM73E3TUDH0.jpg,goreng pisang,all,4ac70bb7a0e7fcb8bcb8607ccaf09e17,8cb34b3fb0528177
../foodsg-233\goreng pisang\T2UBTOEM41W8OHMJ6VWQ12XY.jpg,goreng pisang,all,d5925aef4a1bc18ee37769285eb59fb2,8cb34b3fb0528177
../foodsg-233\singapore sling\O2XZJATVJMXODP3ZS38CBLW2.jpg,singapore sling,all,4823b879520f562d7aab97819ed5a2dd,8cc3dac2d346935e
../foodsg-233\singapore sling\UA0HW6KEHJMB580FR4TBH1Q5.jpg,singapore sling,all,69e839f18e04311365515ed18e440bec,8cc3dac2d346935e
../foodsg-233\bee hoon\48FFN4I6RJWGHZ8UI2A7YK99.jpg,bee hoon,all,f268e86a61e8fc7f053b5f327569f998,8cca7bb73c395228
"../foodsg-233\Bee hoon, goreng\AVOEFA0WJ1RY0613PYL64MFW.jpg","Bee hoon, goreng",all,c8a2a7403e119bc819118d37c66be1e0,8cca7bb73c395228
../foodsg-233\singapore sling\YJSP5APTX4XB0D3AZ520G099.jpg,singapore sling,all,6626ddf7f45efe414b777ba7fcdc3710,8ccb72147d222ff8
../foodsg-233\singapore sling\L1619SSJICGO9FO40CCKJE91.jpg,singapore sling,all,15ba51378ea24e60247d2f01c0fbf4cc,8ccb72147d222ff8
../foodsg-233\goreng pisang\FLG7E1GUMQAG356GE1ETFOKS.jpg,goreng pisang,all,63b3879458ed9796550ce98f8a68c2d6,8cfc2684fc4db22d
../foodsg-233\goreng pisang\DBOTRMW15OAWLPTR2VAKEWO0.jpg,goreng pisang,all,07a1335362d927ab701aad3d8a43bb32,8cfc2684fc4db22d
../foodsg-233\egg tart\4Q4HS1564PNH5FECI0OCO8SD.jpg,egg tart,all,c17effdd1ddb94dcb865f895c06ff05c,8d4b5f75a7b0a282
../foodsg-233\egg tart\UM8MCNXOY5TEUB64DLO36IEU.jpg,egg tart,all,0b19aa3e2d9492e34907364de1bfbcbf,8d4b5f75a7b0a282
../foodsg-233\Grapefruit\CI0P9ZITJCIGSYBTN9MK465S.jpg,Grapefruit,all,610a3ef56ae75e97f7d9b1e3afed9b8a,8d7e9705120f6d0f
../foodsg-233\Grapefruit\OG76HV40W5JFRFO9HJZDZNG9.jpg,Grapefruit,all,31a4a4629099b8a56a03dc191f55d772,8d7e9705120f6d0f
../foodsg-233\Pomelo\0KUT6LX9X9VGUH4EUSUXWGZQ.jpg,Pomelo,all,f29f592600dc96d53e8a2af0fc995de4,8daf33130c8f36b1
../foodsg-233\Pomelo\YC5EPX12MKKAZ2PNW0IPAZTK.jpg,Pomelo,all,b758f9a8b663da57786ec4233f439018,8daf33130c8f36b1
"../foodsg-233\Pilaf, pea\96D0YLXCY7XXYIPKLD6FS6RY.jpg","Pilaf, pea",all,f6f092f3101aea1c52b0e1e69c0938db,8dc5633b2d2e6592
"../foodsg-233\Pilaf, pea\EFY6QHZZTI4IRHNWDEYN6DEH.jpg","Pilaf, pea",all,8b18750bb4b6802efaca4b754a8454d9,8dc5633b2d2e6592
../foodsg-233\hotplate tofu\68AUCMRBVUOCTWAR2MALM6GL.jpg,hotplate tofu,all,07bc77928cd746b5e9bf1fe8a1a94edf,8dd49556332d7466
../foodsg-233\hotplate tofu\EXHNDA7B7ZA4P4CG3MZREU2V.jpg,hotplate tofu,all,e7d18eefe4209c4f3cf119c66520d8c0,8dd49556332d7466
"../foodsg-233\Wanton mee, dry\9PULHSHYFIQNS4KMLBN1ZNH9.jpg","Wanton mee, dry",all,e7eb72dd80cf055ab56a230e5cd2d094,8dd81e22f3c7321b
"../foodsg-233\Wanton mee, dry\1UDMXBZ3HZV2AFCEX9MNK4YP.jpg","Wanton mee, dry",all,910b9ab04b94665e66fc663e037583f0,8dd81e22f3c7321b
../foodsg-233\nasi lemak\C75K4TNIU7K5TM1V1BDGY2F7.jpg,nasi lemak,all,d1dfb8076852ab9f40e4f116aa2fba1d,8de0569d6f3de900
../foodsg-233\nasi lemak\D5L96XT3FJZ1RII9N47RZ6BS.jpg,nasi lemak,all,9ec4d0d5969554244938d43b511db585,8de0569d6f3de900
../foodsg-233\Mee soto\W1K9CB2B0XEKTRWDMTUOWKAA.jpg,Mee soto,all,8b2aaa3e43f1b6abade0a148d708bc35,8de1b6869b8e9998
../foodsg-233\Mee goreng\8AFRXJFRWGJJ8LBFQ7D620P5.jpg,Mee goreng,all,74725051e6202eee0ee9e0ae4f00da3d,8de1b6869b8e9998
../foodsg-233\hotplate tofu\1WVU2LKOZ7NVZWSY7RHN3RLL.jpg,hotplate tofu,all,9919f876198bcbce1c928d0a4fd09101,8de866953a165ba9
../foodsg-233\hotplate tofu\J02NU2DELTU2Y724CYLYDQVO.jpg,hotplate tofu,all,2a1dc0cf9c6517912bdb45a4447c717f,8de866953a165ba9
../foodsg-233\passion fruit\WFNWIOKBNY8Y5H61MFODG86M.jpg,passion fruit,all,a329978cc8fc08aef3dd119850cddc38,8e00acefb5e5d984
../foodsg-233\passion fruit\GGXT3I09IJMAF95I4LHY37VE.jpg,passion fruit,all,674162254c6ed3fe7ed280c6dd138de6,8e00acefb5e5d984
../foodsg-233\singapore sling\321TU82MWWQ02X33KEQFTOHL.jpg,singapore sling,all,cc096c4b498dc2ee36a6a14e1d746c4b,8e07fc22764ca6dc
../foodsg-233\singapore sling\DEXKKP4LSO17RTLNG2YV8QS3.jpg,singapore sling,all,6872aaae5ebc7246157ffa6fa0906d47,8e07fc22764ca6dc
../foodsg-233\dumpling\RXQW3XHWPTNBSA5DI6CBNQC1.jpg,dumpling,all,6e8a937b1fa514493c5b0e1a11c9dc46,8e8555832b2f2caf
../foodsg-233\Dumpling noodle soup\OMXQMX7Y122WBJQPWZ1IMBGJ.jpg,Dumpling noodle soup,all,8641d34a9dcb38192d0d88f222ee99dc,8e8555832b2f2caf
../foodsg-233\fried prawn\1AI9MH33A9FMK2ZS0QKUC8XU.jpg,fried prawn,all,80b8910bde76c72522b9f808a2ea32ec,8ea0fc4b8935356e
../foodsg-233\fried prawn\EF02374RZFE67GZNWPKN7D0C.jpg,fried prawn,all,9103c740c5ab5a362a7140106c2b10d3,8ea0fc4b8935356e
../foodsg-233\Nasi Ambeng\8VSLEILMC249WXDQURH2QT0Y.jpg,Nasi Ambeng,all,9611bbceebd83f737b0f3b86f380d57c,8ea281ce7c9d32b9
../foodsg-233\Nasi Ambeng\66NNFA5JWU1IGQM0EUEQDH8F.jpg,Nasi Ambeng,all,f88b5834bae2570cec9665952cb9872b,8ea281ce7c9d32b9
../foodsg-233\sambal stingray\42AW0DT5GKIJ9G70ZB7BSWJU.jpg,sambal stingray,all,d09a518f81630c1ec135eb138f798e6e,8eade19152dacc33
../foodsg-233\sambal stingray\8ROWI3NEPHJ7CRK8KVA11U1K.jpg,sambal stingray,all,a8b1397ceb352e0881df02c679f6cce1,8eade19152dacc33
../foodsg-233\Bibimbap\4273HDLBTLKJJWS41ON4BJIA.jpg,Bibimbap,all,cb95900f33ab4c586d6ed49aaa837bb6,8ec231f2d4c6d6d1
../foodsg-233\Bibimbap\KD7IQCIKIY754NIK095DUBGA.jpg,Bibimbap,all,9b644c1aa699380e26d8b6a188c3d112,8ec231f2d4c6d6d1
../foodsg-233\Mee goreng\RHJFGRKS2TKTMPCFMDW5A0II.jpg,Mee goreng,all,0efb391fd475ff1c4726f6ff7e152a60,8ec5984ab12eb76c
../foodsg-233\Mee goreng\VUT73JZMWWPHHS1VYPW3DR62.jpg,Mee goreng,all,a92a0af74dda11e19f6269065e13c9cd,8ec5984ab12eb76c
"../foodsg-233\Bee hoon, goreng\4LHH268TOU12RXNNGFR67HTJ.jpg","Bee hoon, goreng",all,358873b2d337ec846ac6dc51dbf1e651,8ec5984ab12eb76c
../foodsg-233\sirloin steak\R1GG0J16YYYOASQX46VP2SNE.jpg,sirloin steak,all,d2d264e2788b9bae369ab73064ae5307,8ec5b4fed5a94111
../foodsg-233\sirloin steak\4FN4XMUP8T10KPOZDXFNDWML.jpg,sirloin steak,all,c21dc0b4334b3223bbf2dc83ede27432,8ec5b4fed5a94111
../foodsg-233\kueh lapis baked\NHV1XTNKTEICFNEL15P4BJHU.jpg,kueh lapis baked,all,19a73d0c2bc3770d771fe35dbe5696f7,8ecdbe4af007e816
../foodsg-233\kueh lapis baked\5CI0N4UU5YUPJ0TJMM92GIU8.jpg,kueh lapis baked,all,1b863c6c2a4ed292b31f810a47f2d6c9,8ecdbe4af007e816
../foodsg-233\bak kwa\SCVZ3QBX1Y7IK7OH68ZKB0AD.jpg,bak kwa,all,2de330e8dcf41750a9f8a94851977255,8ed56ad02a51ab6e
../foodsg-233\bak kwa\J2QNOVAKRJ83VY332QZOLDZN.jpg,bak kwa,all,cb799ee0f10b25ef2ea9173fdf21199c,8ed56ad02a51ab6e
../foodsg-233\cream soup\CJLGHGWPQMLQSIVTDP07WACL.jpg,cream soup,all,7b4525bdf7e72f3665c802022f14fb22,8ed64dd980662f8b
../foodsg-233\mushroom soup\YLHS28W9N6M8VCOODO7AMG0G.jpg,mushroom soup,all,c4710d50e9af7c93b5123481913456a4,8ed64dd980662f8b
../foodsg-233\pizza\3RIBF2E89VVC81IID7CKQCJP.jpg,pizza,all,44ba715abff331c4f0ebf6dfea8b887c,8edb078511938fcb
../foodsg-233\pizza\WIH3Y9SOCROKSMAPV8JPH58K.jpg,pizza,all,12bcd20a5cb02c7a6cf8466b8e4bc633,8edb078511938fcb
../foodsg-233\cereal prawns\0H3W82GL0DMXBNB859HOW9I5.jpg,cereal prawns,all,3021dd7e3b4f5119cc97f310228ccdfb,8eede7967cc0c142
../foodsg-233\cereal prawns\SK4ZGI52AQ6L3A0XZD3P750B.jpg,cereal prawns,all,43eb60a3af7ff5edcea6ffdffeb82649,8eede7967cc0c142
"../foodsg-233\Bee hoon, soto\D1IOVCCMQ06OSTMZ5CUSV5L6.jpg","Bee hoon, soto",all,10faab141e9dd8fdef1b1727d917bbaf,8ef1ec42c493d399
../foodsg-233\Soto ayam\XM136EJF8JOZGXB7JSXP5I2K.jpg,Soto ayam,all,ebe474145679bd01167455e806416926,8ef1ec42c493d399
../foodsg-233\whole wheat\SKWF0AC6YTK09ZLHUR39YP10.jpg,whole wheat,all,a57f371d7966dcbd6c5cefe0ee8305a1,8f0f2eb1dc23309d
../foodsg-233\Wholegrain Wrap\W34E1LSPR7BLULETIDW2LSRJ.jpg,Wholegrain Wrap,all,92af9d09c8e2719d03bffb5ad153c0de,8f0f2eb1dc23309d
../foodsg-233\Peanut Pancake\INDV6ZPLVVEGNU1BP7WE8R2X.jpg,Peanut Pancake,all,59365f961a1b665e0819bd8b39261fb9,8f13f87e43c0cb8c
../foodsg-233\Peanut Pancake\DT0CAX7WRXOEZOUHUCW6D212.jpg,Peanut Pancake,all,cdeb0ab148b861b14c548f0a74cef880,8f13f87e43c0cb8c
../foodsg-233\Apple\ERTA67EPWOEN53QZ7GIDRCFT.jpg,Apple,all,3aac665fc9b5aa7f6afec146c4aeddc6,8f25828f8f978e0e
../foodsg-233\Apple\KRWF2RV2RD79G58U7CTXBDNB.jpg,Apple,all,2bc9909bfe0c885a195245e4f4ff2d94,8f25828f8f978e0e
"../foodsg-233\Bee hoon, soto\A5KZXEJ0TT3V2BEAR8FXVL9Q.jpg","Bee hoon, soto",all,307ed73bb48da7aa5e958b1a3c23f54b,8f2f2585479523d5
../foodsg-233\Bibimbap\3EFZ7O3E67KX1XZXTAC9NHWY.jpg,Bibimbap,all,518191383112d5bbd081666cfa8cc8d1,8f3273cd9c1c30cb
"../foodsg-233\Rice, korean bulgogi beef\C6N54VXJGEO29923RSCORFFH.jpg","Rice, korean bulgogi beef",all,7587f0efed574687abcd34fd876119a9,8f3273cd9c1c30cb
../foodsg-233\chicken pie\MLT95JAE9LS5QT5JR25RDNKL.jpg,chicken pie,all,a97f6ba18e802ddd21c1d319277759ad,8f41503f3f6f68c0
../foodsg-233\chicken pie\N59MEXGFIYBED6WN61S6GO6U.jpg,chicken pie,all,50be182f9eb859b4cee36262e9c2d233,8f41503f3f6f68c0
../foodsg-233\canned Fruit salad\YK2F7UG6VWM5STCF2HSQRU35.jpg,canned Fruit salad,all,8c97de44b2662f3c4d299814d5fe9620,8f4c9033cd1836fd
../foodsg-233\canned Fruit salad\3JLV959XRJUQUXVL7E8T7ZSO.jpg,canned Fruit salad,all,0b6963f2af478fb898fd55e5f955e277,8f4c9033cd1836fd
../foodsg-233\bak kwa\339YHOINPLLQ3PWSUZZ8WHRD.jpg,bak kwa,all,bb422f72ce99c143f92c8c304e982df2,8f539068de39ec1a
../foodsg-233\bak kwa\T5DVEN96DDJSZ5LAWKWY40OC.jpg,bak kwa,all,d2a362ceb04241435ab2a2aba19c1b89,8f539068de39ec1a
../foodsg-233\satay bee hoon\4XGKQ97694NSZ9MRBUI7N7A0.jpg,satay bee hoon,all,c4c9677545fb5a35179615770fb17732,8f54412b75fad688
../foodsg-233\satay bee hoon\9PYYTGHZQKXV3TXX5B9PNRIZ.jpg,satay bee hoon,all,2250a19430a2b26df1f24e991d14214c,8f54412b75fad688
../foodsg-233\black pepper crab\AFF90XHE6J791VHEUEM3R05Y.jpg,black pepper crab,all,26756beecf8659a1cc12058d6cc7bce7,8f565f2ad4245a33
../foodsg-233\black pepper crab\QFDYLVY8W84B5RJ5GE3FAARJ.jpg,black pepper crab,all,cfa538c29f9aa1e710f1ff4997466401,8f565f2ad4245a33
../foodsg-233\whole wheat\B19HRROVCX2E0ZNKS9AS4FER.jpg,whole wheat,all,05ff24f9b29e452812a1c9a24781096b,8f8705151f8d2dad
../foodsg-233\whole grain bread\THRMZP2WF2RSTPLF1AEC5A3Z.jpg,whole grain bread,all,5a5609e9603c58cc5f36245ec63e2cb8,8f8705151f8d2dad
../foodsg-233\Pomelo\9CNW1JHTTNNAS6R0272RPOKC.jpg,Pomelo,all,390dc36017fe77512ef12d7b859e2c07,8f8ab08c93dcc3dc
../foodsg-233\Pomelo\MFCO7K3HMJ1AIM19PYT5SQ0I.jpg,Pomelo,all,f7dcc568d4aacbe35b25bf4a6fcb4ccb,8f8ab08c93dcc3dc
../foodsg-233\passion fruit\QQUR41Z8KO5S1L7DUC0RKJSK.jpg,passion fruit,all,7c3fe4a6a850b02744cc4458995fded3,8f8fc094c5119e6f
../foodsg-233\passion fruit\3A20XLVAJOQLT2RPYB38X6C3.jpg,passion fruit,all,3691be1ec1c1725f1d09ddde536b5797,8f8fc094c5119e6f
../foodsg-233\Chocolate\OK485GQ2NANKZE2F7YI1J09B.jpg,Chocolate,all,e080897aecf5f1d62a776c290d9319fa,8f94b0694f863c79
../foodsg-233\Chocolate\T6LT0AC007N3ZF26MCWR72M4.jpg,Chocolate,all,0b3de009f6c9e09f61551b1c993dbf74,8f94b0694f863c79
../foodsg-233\mushroom soup\XIOUOIANGU0QQCO4LGI89C0H.jpg,mushroom soup,all,fed5a40902d445e6a772cf130348bf20,8f9e80cacf5d9960
../foodsg-233\mushroom soup\GA4Q7Q71IL7ZFBEGM72T0RYN.jpg,mushroom soup,all,a9c907730bff78eb7712dd42de791890,8f9e80cacf5d9960
../foodsg-233\Fruit juice\VUUXUR1ZDYV118IRNQQJIGIB.jpg,Fruit juice,all,242fa2929e6691ccfa2bc9a5ca5f7e25,8fa13487cbcbe170
../foodsg-233\Fruit juice\YPS8LRUSU6KXD4ILY56OW98T.jpg,Fruit juice,all,1ad37f00751fa8bbcacddc66bec5ce7e,8fa13487cbcbe170
../foodsg-233\hotplate tofu\S3YZWLZ0FC6LUM5RWKD8HVKY.jpg,hotplate tofu,all,dcd85b67f60841033351702f093aa646,8fa8f485d0d74b68
../foodsg-233\hotplate tofu\GPL4NP6NJJSHOCPEGZISVDCQ.jpg,hotplate tofu,all,d65a21d24d71ccb1de69bc76263b8841,8fa8f485d0d74b68
../foodsg-233\yuseng\W5LQE89Y2ODBW5X3OHBB35TY.jpg,yuseng,all,89116c5ea031840508fe7530ad989e66,8fc03693f4ed48a5
../foodsg-233\yuseng\G2GESVE6JN65B3LB2DY6J2UR.jpg,yuseng,all,2ed5dffc2e6f1e669a2dacb3f8331a8a,8fc03693f4ed48a5
../foodsg-233\lontong\YJ9FA2FJR6FGTR0OEP8DTVJP.jpg,lontong,all,0293ab2b9ae933b10419b97d972f6054,8fcf0a6b69e9b120
../foodsg-233\lontong\VUM9QQUHVUOFW62UAQR5G672.jpg,lontong,all,694f19b6977cd35c1edaefcc5ec6d96d,8fcf0a6b69e9b120
../foodsg-233\Ban Mian\R4682H05EG1NEPWZJSYXCMX7.jpg,Ban Mian,all,d6dde8590d70d8b088128a43afea1894,8fd1f8634a8e91c5
../foodsg-233\White Bread\W8XDDO8DOW47UU1HQBGH6GWE.jpg,White Bread,all,4fc4b3c6619903f41921baad02350f3d,8fe368856f85427c
../foodsg-233\goreng pisang\P4RGAWEV9XCNBVTDQKQBEP4X.jpg,goreng pisang,all,121c68d96d251366599674dd2c217977,8fe4f3d9740aa1c2
../foodsg-233\goreng pisang\VH6EH7S5R5GO4T8SYBEDCNFZ.jpg,goreng pisang,all,bbeca0e5563fb805c4890a2f3768b7c5,8fe4f3d9740aa1c2
../foodsg-233\cooked white rice\N2QZHZPYS6FSCQVB867H7589.jpg,cooked white rice,all,56b349411a696db25225f23c0356df4c,8ff07ad0c01f8a6b
../foodsg-233\cooked white rice\C2OZ1QWVOSDCVR447L3JH6D7.jpg,cooked white rice,all,d22c2de6e75f3a67c7883850ec992a9b,8ff07ad0c01f8a6b
"../foodsg-233\Bee hoon, goreng\49RA7HNYOEL68CG1QIMK9IPY.jpg","Bee hoon, goreng",all,3f3462b2a4f007be102f16c3799161e2,90125f7b63abc45c
../foodsg-233\Mee goreng\B6FIO4OUF9MC49HWYBAU7PR2.jpg,Mee goreng,all,b7d8087da9bf1e6dac5d57111dc047d8,90125f7b63abc45c
../foodsg-233\Nasi Ambeng\H1GTJ3N4P9EQL6PVRTO0U38Q.jpg,Nasi Ambeng,all,86ff23c301b29c45d964f6235dddf524,901765e5c2e7cad2
../foodsg-233\Nasi Ambeng\B4X57MS3B3O9N1RGO42E2X7L.jpg,Nasi Ambeng,all,8b8c4322206c327f52fed1001c0557c0,901765e5c2e7cad2
../foodsg-233\bak chor mee\6JX00KMJAA0BRPUBFPHXLPMK.jpg,bak chor mee,all,bf9aa454cf69d78f9b6809d7603d1990,902e6b5da4e093cf
../foodsg-233\bak chor mee\7DPLT510ATUWZT1ABKNKHQ7H.jpg,bak chor mee,all,6f47cdd7f26eaf798ea29eb9a07032e3,902e6b5da4e093cf
../foodsg-233\oyster omelette\BP0NSATH21JZBBI3JR17968R.jpg,oyster omelette,all,1857662694f31cb355aeb737d218cf70,903a6ef12b2a2ce7
../foodsg-233\oyster omelette\S85GK20GZOMK8W1BSOTRE8FO.jpg,oyster omelette,all,4f6d9ce30ff9136c0d8d9053695f4ff1,903a6ef12b2a2ce7
../foodsg-233\bak kut teh\7T5DS0E9DAQ0EZ86AOYS4DEI.jpg,bak kut teh,all,e44df7c460272767401ccb91d7fb4169,904fd69d652d3299
../foodsg-233\bak kut teh\EJTAOXNGO30V8B3QCQDBR8GN.jpg,bak kut teh,all,bd36eb4dee2a78430746dd8d024aa10e,904fd69d652d3299
../foodsg-233\biscuit\4NHD4UFOJWFSAJ55UMSRBC52.jpg,biscuit,all,7807bbf2738c562e080af2a58ba93b8b,90503c3d63be4ce7
../foodsg-233\biscuit\YFP1FXT65U43AT51JZUKCMBN.jpg,biscuit,all,caea39a05ad5821f9595a987f6e47f87,90503c3d63be4ce7
../foodsg-233\bakso\5Q2LWNSWLIVS069QA0P5QO9E.jpg,bakso,all,3cef71c5395467a8e08c2128dd367366,90730bca7b303c77
../foodsg-233\bakso\R5YXI9KNNPS5N1WNFG2NU6PP.jpg,bakso,all,a56d3792079e89d9a027a801a6854e2e,90730bca7b303c77
../foodsg-233\Lontong with sayur lodeh\SLY3PAFENEV41425ZV6ZBPZG.jpg,Lontong with sayur lodeh,all,40c14a09c752bc5d3bfef557f6d0e9bc,907a4d2d47381ef5
../foodsg-233\lontong\7K82LMQ3TSFUI9TPR3QJJFGN.jpg,lontong,all,c78b982667dd3aa07fe44cda69d808a1,907a4d2d47381ef5
../foodsg-233\chwee kueh\3I1UUC9AZWZVNX9OU0NOESD2.jpg,chwee kueh,all,e809473c20d9e2a092affdef542d89d4,908337785239b2ef
../foodsg-233\chwee kueh\WYU8CRYUTBF76D4T0CPGOS6A.jpg,chwee kueh,all,75b77df904da94f30087aa5f0be819c4,908337785239b2ef
../foodsg-233\assam pedas\XYSHMW0SLPRSW6S25IM0QBOP.jpg,assam pedas,all,11f3b9191b90f57d89cec11aa55e481f,9097508a6e7f1e74
../foodsg-233\assam pedas\JO1N1GV88RO0LH0Y06ROTKFG.jpg,assam pedas,all,5a1425b7966d7806e10b8b8a1e6dd200,9097508a6e7f1e74
../foodsg-233\cream soup\76GJB7FBL7DEZ3T2S218NM0Q.jpg,cream soup,all,718eb9a3ff2d9744fa0d101c06a613b8,90ba3d85d42ecbf0
../foodsg-233\cream soup\IGWWYZCBL206VC9YWUV3UYMK.jpg,cream soup,all,51505e8c101aee24a71847a9f55d85db,90ba3d85d42ecbf0
../foodsg-233\Tauhu Goreng\8YCH3SCUKCEE1WDSVCHVV3IG.jpg,Tauhu Goreng,all,da949a4c9f2dccb43a1abfee7e061f30,90c07baf6c3cbc29
../foodsg-233\Tauhu Goreng\FZD1BH1QIX4Q4V7X7YDSSYA7.jpg,Tauhu Goreng,all,f5ebb46632fec4a645c18df57d67a0b8,90c07baf6c3cbc29
../foodsg-233\spring rolls\XTSHUJICLNLAI3EFVM8HPS09.jpg,spring rolls,all,9075cfafb0231fb9f9c7d4590cad6bd5,90c746384ecf3be4
../foodsg-233\spring rolls\LOPO4QHLSKL36KXH5FRU9GXM.jpg,spring rolls,all,69fc85f62e797141ea2a1cce297cffe2,90c746384ecf3be4
../foodsg-233\Mee siam\QAXPI8FUKE0N6LDQAWR9TZNQ.jpg,Mee siam,all,01ed4bb14fad1e560dd7ac79f86b0c4f,90e441329fcfce1e
../foodsg-233\Mee rebus\LZBIEQ1EX1D7EU7B3CEPKRJ8.jpg,Mee rebus,all,a14a00a9d32c97c4560c28a57cb5181f,90e441329fcfce1e
../foodsg-233\chilli crab\W2G5HRO7WREP6GJWP6J4ACYS.jpg,chilli crab,all,d9e269ac2c48eb624a21195d14c386e7,90e809ebb9e071d7
../foodsg-233\chilli crab\VRWSBYKW1AC4V1G0B3C0EJOL.jpg,chilli crab,all,2729b178f14bd1665c645b65579edd8d,90e809ebb9e071d7
../foodsg-233\Seafood Noodles Soup\70V0B85ZEABBPCLKO592CFBM.jpg,Seafood Noodles Soup,all,a1609ccc06ab716776ac1ae9015c3ad8,90ef5f3c306349a5
../foodsg-233\Seafood Noodles Soup\JE0HVOMAO7WG5NB4NXYLDKBU.jpg,Seafood Noodles Soup,all,91acfd7c3aaa9e626905bb23b220102c,90ef5f3c306349a5
../foodsg-233\steamed buns\N4XTPEQOSIAV0W8QMBLWXYDD.jpg,steamed buns,all,f82e7d2b838068c3720c308d096f2a33,90f12bedf00c4f96
../foodsg-233\chicken rice\VBDG1X2RM0KL0DMOC0JJJ938.jpg,chicken rice,all,45a0b96f2e075e23cd607ef716c576db,90f1a36427d0ebec
../foodsg-233\chicken rice\JC6GPAOVA5F7AKGQ11Q7X05X.jpg,chicken rice,all,6fcbc69c6633ac8902880bad71c14983,90f1a36427d0ebec
../foodsg-233\Soto ayam\KIYB41RNRFHDN66W1OT7K7X7.jpg,Soto ayam,all,bb097f46ada1bf92eca56783fd09e9b2,91093c685fb263d7
../foodsg-233\sausage rolls\ALNKQ9U9BOZYNK3HK6B3Z2FA.jpg,sausage rolls,all,cb1ddc61989e07f7d49ae8b0647d32a2,91193de21ff91c8a
../foodsg-233\sausage rolls\JLBKB3ROSDFOAE717JQ96OWR.jpg,sausage rolls,all,d35a7598bb835848918a86f4e7f16a83,91193de21ff91c8a
"../foodsg-233\Pilaf, pea\A6CDJHUB16C9QI3Q8W563QZY.jpg","Pilaf, pea",all,c7f0e4a4ae5f94fcaab320b9344b776c,912a1f0b78e571ad
"../foodsg-233\Pilaf, pea\REBKEP2B57U7OZURV7U5LJJU.jpg","Pilaf, pea",all,c007f616f97f15e5ec17b23a75a69cd3,912a1f0b78e571ad
../foodsg-233\steamed buns\B4JM6MDKYFVVKX3R7LHMC6ND.jpg,steamed buns,all,ad3a1fe42132c34c6411b82cde59cf7e,913915bc1fc54ee4
../foodsg-233\char siew pau\FCPSPMVTY943IW06RKAEXOJS.jpg,char siew pau,all,a05dc617fabadf8e5841a5fa010b5b8b,913915bc1fc54ee4
../foodsg-233\ayam penyet\BIOPONZ2SBBUJQMRJKIDHDEI.jpg,ayam penyet,all,53fa4dc11f3a80710b4475ae033548a4,913b6e6b80390f67
../foodsg-233\ayam penyet\QDB0WH6OY5XOQ534BBWF6IGB.jpg,ayam penyet,all,5a38527b0c519283e804e624d2adccb8,913b6e6b80390f67
../foodsg-233\White Bread\9UDT4MN5VIQJP40B0TA2500M.jpg,White Bread,all,6a74f17883d3252b976fe1a111359f7f,913d66c635cec21d
../foodsg-233\White Bread\45584DEXLHKZZNWTQ8SHOS1R.jpg,White Bread,all,db9dd58afaf7768dbf497d6a2a387505,913d66c635cec21d
../foodsg-233\Soft boiled eggs\CL5AVPVFEU91TN3ZBAAO1T93.jpg,Soft boiled eggs,all,bb0ab352db4f1f15bc9eb850f576520d,914f6e353d3c6868
../foodsg-233\Soft boiled eggs\WG4JEAU4TYCQ4YKNX5AUAKPD.jpg,Soft boiled eggs,all,dd7fb2ddc87a1f3b6e340afa89dc8ee9,914f6e353d3c6868
"../foodsg-233\Bee hoon, soto\9XWCAP3JJCFSHOORLO4GDB9R.jpg","Bee hoon, soto",all,22dbcd833d0e5fb0bdee5f60894eee61,9177d51258cadec8
../foodsg-233\rice dumpling\BXE8DYWR72NE7YOJKI6OQ7JX.jpg,rice dumpling,all,121d255c08575505c53f51327e95df00,917a2e91e8869a7d
../foodsg-233\rice dumpling\6R7RUCDWVIZ9K6FDXZ1DQQDW.jpg,rice dumpling,all,0d92f3078cd04fa6f85f17f1cb1ea0be,917a2e91e8869a7d
"../foodsg-233\Mee siam, fried\OBTSEZISY15M7E9K2B9FUSA1.jpg","Mee siam, fried",all,7b64c2be86ca7fb48afb2b997a36fa8e,91873bb1fa84607e
../foodsg-233\Mee siam\GB30S6SSPG13KWU18CR2Y66U.jpg,Mee siam,all,8a78fcc02765c950a70ab9fccd1b893e,91873bb1fa84607e
../foodsg-233\rambutan\F34LWLTA0THWKSIXKPU65G5Z.jpg,rambutan,all,90ca7a02360ed24480cf55029afa3313,91956c6a5b99a5b4
../foodsg-233\rambutan\B3KMJNZTF6NC6E24S2T4TTZI.jpg,rambutan,all,7d40ab2845450be4b170e27e0fd51e2c,91956c6a5b99a5b4
../foodsg-233\longan\I525110W8VZ6RE2ATKY43FKG.jpg,longan,all,0dc26239669609b51bf61e6a1dd12839,919bbe276661694a
../foodsg-233\longan\HA8GW206P1P8Y7G0OLNW47ZX.jpg,longan,all,b0ec7d5cdfcd97ca23c85cc5832d3640,919bbe276661694a
../foodsg-233\rock melon\J6U3E7SL7P6A808J117WQ6SV.jpg,rock melon,all,c2aa1459c05a63d04d4956a84a59888d,91b56ad8366e4e64
../foodsg-233\rock melon\JQS7UPAUWT5KGF5NK4F7POVT.jpg,rock melon,all,8b9b55c42aa6610424337962aa8d98c5,91b56ad8366e4e64
../foodsg-233\satay\KZMMN56X86RMXSM7FC1K8GLP.jpg,satay,all,b8b5900f5cd09bf858f2399018acdaba,91b691df58d5023d
../foodsg-233\satay\HOGKMLV97K2NHKED63DXD2VB.jpg,satay,all,ffa25fea40075942b22fbfbd4aff1856,91b691df58d5023d
../foodsg-233\goreng pisang\YA64AHYB33UULCKU6HFDCQ20.jpg,goreng pisang,all,08f9510b9d9b7a9e4263844bffdb5ac7,91b706dc23e21e37
../foodsg-233\goreng pisang\ZXDGPLMYOGZGMRTWPVQR1728.jpg,goreng pisang,all,df9e2c23add33b75ec8f5ec7de7cd2b4,91b706dc23e21e37
../foodsg-233\bee hoon\5CQ0GXAIYKO2JTP9RKH2AVLM.jpg,bee hoon,all,69c292a598ca2e48fec55769019dcee8,91c14f876b1a9c79
../foodsg-233\Mee soto\63S9WPRKAV44ZJKQIKQC26QK.jpg,Mee soto,all,2058da51bf376d714d7ab68b2064c332,91c14f876b1a9c79
../foodsg-233\black pepper crab\KGFMK8OT5S3MLVDNDB3A5U1A.jpg,black pepper crab,all,2932225dbed292b4b4827c8b8d8788a8,91d24a2f36ba4177
../foodsg-233\black pepper crab\6MCNP5MC8DMDWYHSZO9RYHZQ.jpg,black pepper crab,all,cea4f64d718d60ca6120fd6d05271cc9,91d24a2f36ba4177
../foodsg-233\waffle\H30DV0KLYAO5RXNH9O781O35.jpg,waffle,all,a5df6aacf4cf51a56bba008755271c26,91dc1743052efd35
../foodsg-233\waffle\JO7T0EKSKMUFXF7SENU4IJDB.jpg,waffle,all,9a07aaa2e60807d0dd1238715bc6c954,91dc1743052efd35
../foodsg-233\lamb chops\GIP32L0BRV58LDP093U5V0W6.jpg,lamb chops,all,17325e7de6e4ef0d84171d42dc4922a0,91ece6e2a3818c9f
../foodsg-233\lamb chops\43KCCA45KJ82QAALKBV367G2.jpg,lamb chops,all,3599d48385a87603d9862b015c70683b,91ece6e2a3818c9f
../foodsg-233\Prawn Noodle\O0AUSMYHRNYU1V5N5FF9JD3I.jpg,Prawn Noodle,all,3680e272108b1e7bb40324b41dfe1882,91ed94c08f0759af
../foodsg-233\hokkien prawn mee\82TT94G027NHY3TZ2KJ3WFJJ.jpg,hokkien prawn mee,all,57aa036a4add19af8e7ce401fd6372ea,91ed94c08f0759af
../foodsg-233\Nasi Ambeng\KMIDZ7EX1C1C9C3N9122VIS4.jpg,Nasi Ambeng,all,6eff3944f9b31ea5ae43461116ca43d0,91ff6438e5608f1c
../foodsg-233\Nasi Ambeng\LPZ8NVHSYJRFII62PGSR693C.jpg,Nasi Ambeng,all,cfe056d742c56305e3f3b587b5f727b9,91ff6438e5608f1c
../foodsg-233\pig organ soup\BWU1HRXPLIFAKUWFQ1ZJKAD9.jpg,pig organ soup,all,00fd4b521ba7b44047f73edd26f135fd,925c550d423e0f7f
../foodsg-233\sliced fish soup\TGRX7BKNE929TMDVY8X3XNDL.jpg,sliced fish soup,all,72a148d3fa3c4eefadf7901a0d46d993,925c550d423e0f7f
../foodsg-233\passion fruit\ST3LFQ0SFV7UGO2ZMK5XER42.jpg,passion fruit,all,c87a4ca80937c000d5ede6c9cd9d858d,9262769aa91d6dd2
../foodsg-233\passion fruit\6X8DICQM64CESDMF3AJ1X3NW.jpg,passion fruit,all,3a3909cc53b12895f5d1a6bb3521c8e3,9262769aa91d6dd2
../foodsg-233\Fried Noodles\JHTD9PCQX8NARYDTFZIEA9Q4.jpg,Fried Noodles,all,530f83f22e68481a0830c25f444febf1,92746b4b4df83592
../foodsg-233\Fried Noodles\DEG94YRPOJBELQAVREEU8K1M.jpg,Fried Noodles,all,2f6dffd20c79fdceeb6df57faf1400a0,92746b4b4df83592
../foodsg-233\dumpling\17XO2KVVSFXO9D3X8NO9J0VQ.jpg,dumpling,all,8fb134b0d1c43d27d995c99c14f86d13,927a617165ee4c9c
../foodsg-233\dumpling\EM657GSGO32ICRA2UTRXGAXK.jpg,dumpling,all,b948be5497310c0133f19a98953a4d58,927a617165ee4c9c
../foodsg-233\chicken rice\2PJHU02PHI7XMLLUAXAYV266.jpg,chicken rice,all,cb00a3effee055bda8236ff35f6be673,92826bd9942e3e67
../foodsg-233\chicken rice\0FF2YPLG95L3LMOOIR903PC0.jpg,chicken rice,all,566b95a8168890571e20d112537784e6,92826bd9942e3e67
../foodsg-233\cooked brown rice\UUIEVMAQV7JJB6NESKU9O670.jpg,cooked brown rice,all,b2eb4a5816e02b086fdb62d60f2b9c1e,928f0f3a247e4f61
../foodsg-233\cooked brown rice\7C9O4ZWLI18FXWJX4BZOCFYZ.jpg,cooked brown rice,all,1cddcab5af346a45c60fe1fb1068bcf6,928f0f3a247e4f61
../foodsg-233\sausage rolls\P2MR1A8RX8JX5O7ZZAFU834Z.jpg,sausage rolls,all,e9b6d9e0dd08a8b68a7ac7830c8fa8da,92934a7ed179a1ca
../foodsg-233\sausage rolls\F771KTL32X9JA0VJ96LZ93R1.jpg,sausage rolls,all,beceb688356c6dba5ca5643efbdfa2d2,92934a7ed179a1ca
../foodsg-233\bak chor mee\ENNEXZOEBVRI1ZEDJMLGHX33.jpg,bak chor mee,all,5a2d865a04cb578ef392edeecad55701,92966be9a59e90a3
../foodsg-233\bak chor mee\2XA1HICOVIZ27B7Y8X2KTA5Z.jpg,bak chor mee,all,7e21f8928419d1bde03ac3fc24473726,92966be9a59e90a3
../foodsg-233\canned Fruit salad\KPND0RWVN26283QEOEBZ22KH.jpg,canned Fruit salad,all,7204f0adc7c9f7b01f57e0d8d87666cb,92b636a528a2be9e
../foodsg-233\strawberry\E2X7O9KHA4UN3W75KRHU32OT.jpg,strawberry,all,22dd43038c397dd55a65e5858cffd458,92b636a528a2be9e
../foodsg-233\singapore sling\P01IR2K4EJ9GOFLY9SZ9I4J9.jpg,singapore sling,all,49fcb7a299c8199233c9382152eb1e68,92b99f6315f111d2
../foodsg-233\singapore sling\6GAZZ7FSRJX36LOGH6AXTCPD.jpg,singapore sling,all,a77e92de87020a25c2bea6160a9b8d7c,92b99f6315f111d2
../foodsg-233\vegetable soup\Y39V4M5EZ9LLZ1OJW0W40WZO.jpg,vegetable soup,all,76ef2b193a3f9ed5c1d1a2721d370f8e,92ccf6ac53969187
../foodsg-233\Kway Teow\T38N79DM7RRRAYC2VG20S0P0.jpg,Kway Teow,all,2d0614148dcc09100d9fc606712551ca,92db244e12efc35a
../foodsg-233\Kway Teow\JGDLJMB4A3BMA4MFTQXUNIJY.jpg,Kway Teow,all,e9feb6575820795f0c4f9955a56f769f,92db244e12efc35a
../foodsg-233\Mee rebus\UJVAUMI4Q7OVYSM78UW0X95C.jpg,Mee rebus,all,d317d17264f0276fbbff76733ee7089c,92e14d861b7b6cb2
../foodsg-233\Mee rebus\124GSS2UHRIXSIZSFCYMCK5Y.jpg,Mee rebus,all,5d057a35e58b341516ee419f426c8ec3,92e14d861b7b6cb2
../foodsg-233\bak kut teh\Y0NSISNRWLVP6JSHEMVSRG6Q.jpg,bak kut teh,all,e58f5654188efd4813cd84a2c5aa9560,92e405b1dfd11ac7
../foodsg-233\bak kut teh\FYCFRZNLGSHNYCZ8IGM0NEC4.jpg,bak kut teh,all,4f824f404b9f3ef279ae5d4966a71f4e,92e405b1dfd11ac7
../foodsg-233\french fries\8XPCUEHVMI9AQBT3MFJYNDFU.jpg,french fries,all,bf2fcd837685290bd197eb0be2485b06,93301639e4b7e8ec
../foodsg-233\french fries\RNUBK9V0AQTVAM1D3SQ9Z596.jpg,french fries,all,05c37c147ebbde11de2e06f87f5ba8bb,93301639e4b7e8ec
../foodsg-233\Pomelo\OZR4QW6VOKN9S31KZF7Y2FTZ.jpg,Pomelo,all,a11d06aabf553142896c9cea6473ce65,9333db18c0e0ffe0
../foodsg-233\Grapefruit\6WZAET0W20Q92BAWI21JGAIB.jpg,Grapefruit,all,4a04e57a0969c141e85185f15391928e,9333db18c0e0ffe0
../foodsg-233\Tauhu Goreng\OYTOBQJUGIQ2WQBIO65B0IHQ.jpg,Tauhu Goreng,all,26b8e4c0063cfdbc565f76734be9eaf6,935a47b81e697869
../foodsg-233\Tauhu Goreng\TOVK0ZMJQN11OEZERNT4WDL0.jpg,Tauhu Goreng,all,851dae610ef701a6bfdc29c678138348,935a47b81e697869
../foodsg-233\blueberries\60YGI15QOA9Q6PBJNMB6S5U0.jpg,blueberries,all,73026652db50c46d16426d101c0139ba,935ec4288aa5adf6
../foodsg-233\Sweets\SUEKYEU5XEI376PFOGF7Q12P.jpg,Sweets,all,65b4afa5391709f2d41a6809eba80681,935ec4288aa5adf6
../foodsg-233\chicken rice\X861EICYEZJCZG5PK48A6AQZ.jpg,chicken rice,all,d90102e49b1d42247e390152598521dc,93754c21372fa9a5
../foodsg-233\chicken rice\8TPV0P47N5DLWYI6XSVK0RP8.jpg,chicken rice,all,973a891808cca3fde69e9df9b1fc0668,93754c21372fa9a5
../foodsg-233\Fried Noodles\FUP93M0QMILTQ0S3VG1TBI7F.jpg,Fried Noodles,all,ef6b49ac30f973d992c84acb74b22deb,9380aca47a7fa0fc
../foodsg-233\Udon\MCGB66OVCGWIB8TRQXMRZA3R.jpg,Udon,all,1b653874ccda5536dd5c79217b4b1bac,9380aca47a7fa0fc
../foodsg-233\chicken rice\USQ68XEKWH96C3G24COGBD2F.jpg,chicken rice,all,8ae07e8242041c0327a6819b9455b1b2,9387628421dd6ef5
../foodsg-233\chicken rice\KJXR9Y2IEVA7LUZCM9EVMQ8D.jpg,chicken rice,all,349f84ea44bb2ab16c13a27fc1a85be4,9387628421dd6ef5
../foodsg-233\rojak\F8TS388XHX3BQX2LIC0FWG4F.jpg,rojak,all,742c3e476bb0c3cb885bc96e3dca6e2a,938ae9a4b339c8cb
../foodsg-233\rojak\D90FT0OY2OM1H9SK40KNPVIC.jpg,rojak,all,8ca1234ad58b0026199e4ab06fec9564,938ae9a4b339c8cb
../foodsg-233\Nasi Ambeng\SY8JK3MTQQDDFJOFEEL6PF0F.jpg,Nasi Ambeng,all,97dee26ec2a809a569fb87b30a06224e,9392eea3a1852cdb
../foodsg-233\Nasi Ambeng\78LBO2O6DSU4UUN2KXRNXFKT.jpg,Nasi Ambeng,all,1146d79b1b7d33c1979cc6cdb84e5dd1,9392eea3a1852cdb
../foodsg-233\satay bee hoon\Y5M9T2MFYGZEJRWPXLPYZMDX.jpg,satay bee hoon,all,dac55ac35369c41047a88e0abcc09d8d,93931f8d011e7ef0
../foodsg-233\Nasi Ambeng\46E969X4OQ06WDG1YMBHWUXT.jpg,Nasi Ambeng,all,08bb553fc167a7c6fd78f88f1ed64376,93967e6269256725
../foodsg-233\Nasi Ambeng\2NENVU3RXWN11DS1GY2RBIXO.jpg,Nasi Ambeng,all,5cdc75a7c8d0fd79b5002c2063843d3b,93967e6269256725
../foodsg-233\strawberry\SX2A16W8V43GI27C93776VK5.jpg,strawberry,all,0d09515d4690a16b021f670b2c5d711a,93975292a6293be5
../foodsg-233\strawberry\E0LX8SSXIY69CE0RKVLCCO3T.jpg,strawberry,all,409bd83581ce7e1de2e094bc247f5406,93975292a6293be5
../foodsg-233\Seafood Noodles Soup\IYOU2VKUZ8JN0XMZMSUL265A.jpg,Seafood Noodles Soup,all,a326f9a2fbc8acc18894552f31107cbd,93a0327d82ca2f3f
"../foodsg-233\Bee hoon, soto\OABEYK4IQYPLRMIK93SZ6AW0.jpg","Bee hoon, soto",all,41f4b7ef64fff59dd001ffa127bf8d25,93a0327d82ca2f3f
../foodsg-233\yuseng\RD5L1M91SADIEX2HLCFEQMLN.jpg,yuseng,all,6a4634994021609ce27c1331be85e726,93d9fa27ed20a017
../foodsg-233\yuseng\1ZILEWP4F4WPNV392TE6LEGQ.jpg,yuseng,all,db8ec4e15661200334477b5cd1b2e15a,93d9fa27ed20a017
"../foodsg-233\Rice, with dakgalbi\U7WWNJ63KGOBWEJKXUO1WNAC.jpg","Rice, with dakgalbi",all,5a6f748d31b7f8328471706afeddd675,93db4b3b6a637088
"../foodsg-233\Rice, with dakgalbi\1R9V7PDRZWTN0I4KEFJOUDJ0.jpg","Rice, with dakgalbi",all,2b3799d3f009773d3ab5653eb6f42dfd,93db4b3b6a637088
"../foodsg-233\Rice, korean bulgogi beef\5BDIGZYH4Y7XJ7KUFE66BI1I.jpg","Rice, korean bulgogi beef",all,f858bc88d3bba201ea3fdc4bba1e3c8d,94246b37249337cf
"../foodsg-233\Rice, korean bulgogi beef\Z7XBA7TEN028ROLEHHIO90PQ.jpg","Rice, korean bulgogi beef",all,8dd39f77cc05d9e6c3e67dd3acc405da,94246b37249337cf
"../foodsg-233\Bee hoon, goreng\X6JLHIQJBNRMJV5QZK3QSD1G.jpg","Bee hoon, goreng",all,59a27ad01b2785f5bad75f65b3eb4bbf,94306bc92dcf25f8
"../foodsg-233\Bee hoon, goreng\6IKFE0FRS39UAP5ODYVAQR53.jpg","Bee hoon, goreng",all,5d10262c9e69af820fb76570a80b1a1c,94306bc92dcf25f8
../foodsg-233\Lontong with sayur lodeh\Q3J7X7VS5BRUAJABMGLSHXOF.jpg,Lontong with sayur lodeh,all,9f3be5398cbcf4a74f757fe1719459f4,94314bcf55664a6b
../foodsg-233\lontong\EF76U0KJFK0ILIO5T1WE17H7.jpg,lontong,all,1387bae503a975ef5e933219bb31a859,94314bcf55664a6b
../foodsg-233\cooked brown rice\HYHS38FI3S2SUWZTP20RC1J4.jpg,cooked brown rice,all,6f54b75e1765e4bda6ca97171ac5540c,944f4aa94bb5655c
../foodsg-233\cooked brown rice\1VVJJQAKC4EC735QNPYCHINV.jpg,cooked brown rice,all,b2f56c2a1b27b4f45e2d57d85df9e691,944f4aa94bb5655c
../foodsg-233\Pomelo\6TLZD99T9LFX5DUD0CG1XEL5.jpg,Pomelo,all,d9229ab7a282f361bcafdd47c14d9b7b,94650c991bf327e6
../foodsg-233\Pomelo\Q9T3OWV479UCU04FTTZN95YO.jpg,Pomelo,all,c2211e98031dafa16e6e605cbf57542f,94650c991bf327e6
../foodsg-233\Pomelo\7O8GZG3O3L27C9Y4AQ55STQ0.jpg,Pomelo,all,b6e75728987b35419c98ad32557c5cbd,9467639ca56b1ba1
../foodsg-233\Pomelo\3D594MEKG44U6OL82D0P3V5V.jpg,Pomelo,all,3671c1fd5bf97ef78fd7db3768a9df96,9467639ca56b1ba1
../foodsg-233\singapore sling\TZW4IMBNU446YS7AFEASB1QJ.jpg,singapore sling,all,7df0f5b91c6dd9094f371aa3929ccefa,94693337e2c648e7
../foodsg-233\singapore sling\WCLCP4RYS7U5O4EU6MOY3TNU.jpg,singapore sling,all,7ab3e087606be72e551a2a88cebbdb34,94693337e2c648e7
../foodsg-233\sliced fish soup\KXJ0FT4PE2LY4OGJHKCPLZFS.jpg,sliced fish soup,all,8ae8fae2bd4d17b849b193f0acb112be,946a5aad693235a7
../foodsg-233\Seafood Noodles Soup\TJ52PPU72HAVYY0SAA7VB4AG.jpg,Seafood Noodles Soup,all,ddd0d51739a8c5feb0c4ea841e33822f,946a5aad693235a7
"../foodsg-233\Bee hoon, soto\04DZ3NJ3LRKOD1C9HUF3I5KA.jpg","Bee hoon, soto",all,da607c0a6dd5283f6a740b73135f8a40,94884b951e163f3f
../foodsg-233\satay bee hoon\L6H6DJN5UHHBHSAS2KD6Q789.jpg,satay bee hoon,all,2f61b7cd002abe521a9c1caafd80892a,94884b951e163f3f
"../foodsg-233\Bee hoon, goreng\5OMWC9KCBKKTZY58AILCXWX1.jpg","Bee hoon, goreng",all,694b214d56a317b3a0a125702474d771,948f5a391e9c6578
../foodsg-233\bee hoon\YNT38CFWV25YVANLOKRMGK4E.jpg,bee hoon,all,eafa4bc7d12005a2ee324b2112b8459b,948f5a391e9c6578
../foodsg-233\cereal prawns\ACFKBXEWA0BI2LUMWOCE5IBY.jpg,cereal prawns,all,035308e61341d478e9754677825df4c9,9495955b1d6655c3
../foodsg-233\cereal prawns\IUBEBZVDJM9LHI4JL8Y35FAM.jpg,cereal prawns,all,7f669f6f51c08a21dffe5056db10d80c,9495955b1d6655c3
../foodsg-233\Porridge\2HI541QQ81FB5MR8WP5RHYZE.jpg,Porridge,all,183f2926c0eea39e69cdef2586f6f0be,949c2b83353dd1cd
../foodsg-233\Porridge\CR21U1PN43N7UOP7GF1GED2B.jpg,Porridge,all,ad62eee66583c0ceeecb7d2fe650ab01,949c2b83353dd1cd
../foodsg-233\yong tau foo\TLOCX64JSC8HK57RHGYLQH15.jpg,yong tau foo,all,4601bbf05e64e9d56c68bd47bec3cfe1,94a4439d4ad63eda
../foodsg-233\yong tau foo\FIFZEULB8R9M8FPO3HUI52OL.jpg,yong tau foo,all,9517ec7a3a4bca3e0aff0a40c969952f,94a4439d4ad63eda
../foodsg-233\whole grain bread\1IYPUS2C70EK25AEO3R9HV1B.jpg,whole grain bread,all,1000e9b6a46346c16f7077b1e028a1ee,94abd94d4fb48343
../foodsg-233\whole wheat\CNYD14VMT5USCE97DQHCFLLX.jpg,whole wheat,all,767afc10ca8c25584a16a025dd0d7cc6,94abd94d4fb48343
../foodsg-233\sliced fish soup\7T2H3MNNC0IZDDCHPK65081I.jpg,sliced fish soup,all,d7dad1c303fcd6273f985563ab91477e,94b3dbc11e3a4ea4
../foodsg-233\Seafood Noodles Soup\H9SAP8OE5VNSA0YOD5VD0J3Q.jpg,Seafood Noodles Soup,all,75bc8284270529b4937e43ac06cd8281,94b3dbc11e3a4ea4
../foodsg-233\whole wheat\B8C1YKGGKGLEPVQHZNKJZJEV.jpg,whole wheat,all,ad7b556b3593be72ae748f1c0edd4d13,94b437b4c0cfcb2c
../foodsg-233\biscuit\1C6J7UM4UUFYIO0C4W09GLY8.jpg,biscuit,all,242690643b743872c710910f61cddcbf,94b437b4c0cfcb2c
../foodsg-233\bakso\DKVRE5UKR7M0EDALC6YZBMGC.jpg,bakso,all,18b3c0c8e821bd8df075cc988ddd197c,94b57bbded40a0a1
../foodsg-233\bakso\UO5JSM8KX79ZRKUWS4HSOVIS.jpg,bakso,all,22279b32822366023eddef495b0ec18a,94b57bbded40a0a1
"../foodsg-233\Bee hoon, goreng\WK8MTL4CXB6A7IKZAYCCBJQB.jpg","Bee hoon, goreng",all,5172f47b39c2262f3b07ed8ae1eb14e1,94bd5dd527944b41
../foodsg-233\bee hoon\WMVE0CB1W6LIVDYBVP3L7ULO.jpg,bee hoon,all,a78c8d66488e8fc714cecbae56e6faed,94bd5dd527944b41
../foodsg-233\popiah\PQ0KJ4W47TC3ALBED6VW5O3S.jpg,popiah,all,7ff8a28c3e1e87f9cd3b91069c8d0584,94c22d95dbc9f458
../foodsg-233\popiah\ESBEGV1MFH6S9XM429AHTNWN.jpg,popiah,all,c74364e603657c56429acf32f4fd48a6,94c22d95dbc9f458
../foodsg-233\hokkien prawn mee\KT0O1GWVLTCJEIGJMXYR2810.jpg,hokkien prawn mee,all,aa20314a0bd2ff0a98fe6d9913d02a06,94cd689269e7273c
../foodsg-233\Prawn Noodle\FNC9CHWF9243808GTQF1DSK0.jpg,Prawn Noodle,all,02ae68ad3ef96be6f12cd86a14823957,94cd689269e7273c
../foodsg-233\hokkien prawn mee\NXXT28TUVSKCBMGDZMJHOI5K.jpg,hokkien prawn mee,all,3791cc4984914afc97f165d97a367506,94cf6b706f803497
../foodsg-233\hokkien prawn mee\H6687W18CK75MV3PCRPBUP5K.jpg,hokkien prawn mee,all,b3e0f29b0b7b16381a7a441fb696d9ae,94cf6b706f803497
../foodsg-233\vegetarian bee hoon\KORI7BGT3N27NK3E0NGTYLZX.jpg,vegetarian bee hoon,all,dfaa968ade3d96d813eb3d2159383a71,94d1da535d3cb542
"../foodsg-233\Bee hoon, goreng\YW1QFVHB7FEWEXBRK5LD3AOU.jpg","Bee hoon, goreng",all,17b997f49159274fc58573954897ca52,94d1da535d3cb542
../foodsg-233\salad\2RRF04WJ5FH5VKQBX6B1SGU2.jpg,salad,all,5f97178f4a3a6bb6f1bcd07d1a55bfb5,94d2c30fcb1e9e0d
../foodsg-233\green leafy vegetables\GYI7VQH5D1Q2KMRTDKR0A7PZ.jpg,green leafy vegetables,all,ab119159c7cedd64a8e86231b7e760b3,94d2c30fcb1e9e0d
../foodsg-233\Prawn Noodle\ZP848SHFI0L76B11IHBFPAPM.jpg,Prawn Noodle,all,fc32f758ab2c00a551ce37ba604d0597,94d3e682e3a3f115
../foodsg-233\Prawn Noodle\SEW2FJYDNEDAQISGJQ384JCX.jpg,Prawn Noodle,all,abd680468592a8f277d1c89a50335c2d,94d3e682e3a3f115
../foodsg-233\bee hoon\LVW28C28G5LSO2PBAQRM5GLJ.jpg,bee hoon,all,9259eec3a60022151b1253321eb47f69,94d83aa86c34ef2b
../foodsg-233\vegetarian bee hoon\WY8G7AOSXT2OL6PV8GDAFB6D.jpg,vegetarian bee hoon,all,c62478359529a10e778b1eab96ba230b,94d83aa86c34ef2b
../foodsg-233\Soursop\G3PD890KCJDKGQZRTOCLNHEQ.jpg,Soursop,all,4ae60aec25ce723e4030dcab618adf1c,94e330da9c9345f6
../foodsg-233\Soursop\9T1WQO3VLDPU0WKRLZHG97D2.jpg,Soursop,all,09d79c712af8c6489a38ac46018f80f0,94e330da9c9345f6
../foodsg-233\chilli crab\VYEO7TDXPLH5SK3XPS0LHS8C.jpg,chilli crab,all,0610f20b12bd5750d9194405f63cc08e,94e4019757565eda
../foodsg-233\chilli crab\X3KQAJV85EGVL5DZYE7FETXX.jpg,chilli crab,all,1fe3d7b423f1b9a7109ecaf56294a095,94e4019757565eda
../foodsg-233\hokkien prawn mee\IZ59BAALQLVWGC2NERJJ0C0T.jpg,hokkien prawn mee,all,30ffbddf577b9e4e5d395d2f0baac84d,94e7585466527c7a
../foodsg-233\hokkien prawn mee\7BCP6MG2HC9CCAZQM8H1GG1S.jpg,hokkien prawn mee,all,e00cc1330ebd477ee6fed3b5967d5763,94e7585466527c7a
../foodsg-233\fried chicken\9N2LHS6O1HJ6OHAFMO015ZNL.jpg,fried chicken,all,04589842e02403864699e16be559eed3,94e96ef2f8e8b090
../foodsg-233\fried chicken\YH9HCKEFNYGDJ0D6FUHAQTD8.jpg,fried chicken,all,22ee88e29d3dee95a0293c5cba102621,94e96ef2f8e8b090
../foodsg-233\Ban Mian\LCIO2SQ4FOSKXRH4B0R7CVBO.jpg,Ban Mian,all,2329633ae0f8fe3e51c10485a2a5351e,94f05ac369673596
../foodsg-233\Ban Mian\8LWVO8M369N126UWRK57L9P3.jpg,Ban Mian,all,3c91c2a5a20863264c3b26f898a9bd23,94f05ac369673596
../foodsg-233\mushroom soup\K9SQNU9Z37T4E5CMLFOBCCHK.jpg,mushroom soup,all,93a7111d57da9887c2dbd85e0dc5cd9f,94f4ead4adc2a58a
../foodsg-233\mushroom soup\PBDJWBY0GJIS8AKLFCLGFJNO.jpg,mushroom soup,all,750f996a8c36d58806bdf8d73adca6df,94f4ead4adc2a58a
../foodsg-233\whole oats\8HIRAJ8MXWPGOQIDAXDTX6YM.jpg,whole oats,all,bc9e314b33a0bdbf4b272128ab035501,94fc42f54bc15aa6
../foodsg-233\whole oats\3HPTIUQ3KWO2ALIC0NDFONGL.jpg,whole oats,all,c7f811ed625cde627b52019c0b02512e,94fc42f54bc15aa6
../foodsg-233\satay bee hoon\5TVI9OAM88RCJU1XX1Y7COC6.jpg,satay bee hoon,all,da2b7a25004796185c1abdc217eddf4b,9505f237c9346f32
../foodsg-233\satay bee hoon\8SSXG4LGG4IA3GVZQCW54JYB.jpg,satay bee hoon,all,335965233ef8749d5d2650d0d05c301e,9505f237c9346f32
../foodsg-233\Kway Teow\PPDSWIQHOTB4YKEKVOSNKVHD.jpg,Kway Teow,all,6427d309731c40c555395e5d6f34b491,951b477c0f6c9e30
../foodsg-233\Kway Teow\YURDH8K1GWL8A4GZ72X728II.jpg,Kway Teow,all,3da7da614a935a9949f3242d02ea2a10,951b477c0f6c9e30
../foodsg-233\Seafood Noodles Soup\UN5TP0ICB7QHP0DPIPWDK3UW.jpg,Seafood Noodles Soup,all,3f041b8d69ac40044f8e5e4e4fef681e,9531e0589dbc7ed0
../foodsg-233\Seafood Noodles Soup\ZX782EGZ7CRWNWZWVSJGBD6B.jpg,Seafood Noodles Soup,all,b1fb740a1c1e82aeef659d1f31e520de,9531e0589dbc7ed0
../foodsg-233\Udon\EGOJP45RKK3423IZQV2MCYW1.jpg,Udon,all,76437aed68576a9b52d91da0b274ddeb,95323b95e51ad865
../foodsg-233\begedil\Q0QZH2GLKILS4RGNF6E93AQ8.jpg,begedil,all,6b9c6e354a4b128e1175654f755dbcdb,954b426e3b3c7174
../foodsg-233\begedil\XAN7GU3T8L7ZS207A7K049N0.jpg,begedil,all,9c5307c59d39263cc777e3f3ccb90160,954b426e3b3c7174
"../foodsg-233\Pilaf, pea\M7WCE5Y9X8SZNBQDYOBHS39D.jpg","Pilaf, pea",all,aa230cae86d6f3c017ce2ca166db0c07,955b1e36c933e40d
"../foodsg-233\Pilaf, pea\TFI9NXZAOQWE3BKY6GQU63E2.jpg","Pilaf, pea",all,06a931576473b78d7ed2e517b9712def,955b1e36c933e40d
../foodsg-233\CNY love letter\26TXLYH83DX89MB8BK0CY2E0.jpg,CNY love letter,all,6215e821c07c14fab54ad6ba01e1e198,956e3b9448b535d2
../foodsg-233\CNY love letter\HY7NT7DSR4JUX3VYLVNFGPYY.jpg,CNY love letter,all,a93a85c6ea9e84726c4cea8c476b9498,956e3b9448b535d2
"../foodsg-233\Bee hoon, goreng\JBIZUQYR24T7VEDF4L0G73AB.jpg","Bee hoon, goreng",all,5413d4dfae77eee52e4de8dbf7a409f5,95701a293a8379bf
../foodsg-233\vegetarian bee hoon\PSBDDWYA7RWEKS5485V5QXEA.jpg,vegetarian bee hoon,all,e70c065092b358100f81d0abe940f6e3,95701a293a8379bf
../foodsg-233\Papaya\SV1OX3G822LGO1SMM1HXUAPA.jpg,Papaya,all,038df4e7f7715407a725e8e12b4a8c60,957445e20b6b3bc9
../foodsg-233\passion fruit\JJWLEHIKWS14A1OIVVTW72R3.jpg,passion fruit,all,2b85b3e63ffb59136e3e7fa1b0b95b67,957445e20b6b3bc9
../foodsg-233\Mee siam\70T1QD6820JBG4MJ9D7PGR5U.jpg,Mee siam,all,60367f912406a9fbc0f2a7d89f38d94f,95844e3d3bc22d8f
"../foodsg-233\Mee siam, fried\Z4PH9RIDNQHQX2GAMX1HTFX3.jpg","Mee siam, fried",all,236ab071deee6ce651bd6a6faa28c669,95844e3d3bc22d8f
../foodsg-233\steamed grouper\2615B9PT71SJWVKPZBMREVBZ.jpg,steamed grouper,all,5766485750512c844aae03ed578b9c62,9586f666d0d2b459
../foodsg-233\steamed grouper\DH5JUDF3C0B0R66JWZX6DHN5.jpg,steamed grouper,all,a66b5bb42c7a9e06785d0dcaafac1787,9586f666d0d2b459
../foodsg-233\Fruit juice\0Y9SX55DX0HWE7Q86JM0N6A9.jpg,Fruit juice,all,f4c74ec87ad10f9f4af50b42910bcfae,958f78332b9f0b84
../foodsg-233\Fruit juice\JEYT681VQRB8U6FXM15AESUK.jpg,Fruit juice,all,d1fe628dc839b86491f4f5a19c86cdb9,958f78332b9f0b84
../foodsg-233\kueh lapis baked\572FM723A0W8GKIAJ52SZFMD.jpg,kueh lapis baked,all,1ac6fc7367999ec06536e1dada9d632c,9595b6563a1a926e
../foodsg-233\kueh lapis baked\2LBTKP2FO2ZC9QVIMJ5WGUFN.jpg,kueh lapis baked,all,91195d57dbc3dec24b7e4c4c61f080e8,9595b6563a1a926e
"../foodsg-233\Miso ramen, with fishcake\RZQZ1JF9D10Z86ATLM97AQZL.jpg","Miso ramen, with fishcake",all,faf46221e6f115d6322a57d4e008aaf3,95a5633232337a2f
"../foodsg-233\Miso ramen, with fishcake\QBV0XW88Q8U2Q8QDKAUJEBD0.jpg","Miso ramen, with fishcake",all,99375e1fd06ab94afef031f62ede290c,95a5633232337a2f
../foodsg-233\Fried Noodles\8ENHR3XDX9RDGH9ZA56XCO95.jpg,Fried Noodles,all,7281443ec05c52c17ede502a513ddafa,95a5c12fde75b802
../foodsg-233\Fried Noodles\T2ZAN93IIA27PKAT3MRZ4CDX.jpg,Fried Noodles,all,e540295425ca1243eb7f2bc6f88d8c4f,95a5c12fde75b802
../foodsg-233\kueh lapis - rainbow\2GF0F9IQABH9EN3K9P7U6KBU.jpg,kueh lapis - rainbow,all,56af1c172e5293f03a6dad01609b2936,95b74af41d621c4d
../foodsg-233\Pung Kueh\8MDJX3YTRLBJ1YGQVMQZ53ZF.jpg,Pung Kueh,all,11d8b4f08aa1b5a18d257977c031477d,95b74af41d621c4d
../foodsg-233\rock melon\0ZJKS9R2MFIBYDTZPRFEC36I.jpg,rock melon,all,10865ef26aba6a545280f77322dca464,95b82ac77aca20de
../foodsg-233\rock melon\ZI8RF1MUBXF0TLS7GNQRK42X.jpg,rock melon,all,21a1b71365446e668955242c9f9a09d0,95b82ac77aca20de
../foodsg-233\pasta - fettuccine\IJKK0PU2JT7MDYKAHH9TKHRA.jpg,pasta - fettuccine,all,e9450e054b7e2fec3ab4b94d323b13b4,95bd7a8260e7c61a
../foodsg-233\lasagna\9VNHBULUPNSZROMAPHIXV86K.jpg,lasagna,all,4d9eb5213191313ca20cc7187ce89e7c,95bd7a8260e7c61a
../foodsg-233\popcorn\6HA2AQUJKA7TZST8GMGY1C6E.jpg,popcorn,all,b5a595bd2e6ddb7b7a927c1828be899a,95c17a1e2d392575
../foodsg-233\popcorn\II92NMBG8OHUSSH3NCPEFVCS.jpg,popcorn,all,f26897c6382b80b188ef088287250f88,95c17a1e2d392575
../foodsg-233\tau suan\SJVRBES3W2T3JJW3SZDY9EHQ.jpg,tau suan,all,cb1489f9476dfd56b9d087078fdfeb6f,95c54f9639cf3049
../foodsg-233\tau suan\1LG5TMLSAOFMJC4J0C7XW8GG.jpg,tau suan,all,3f8802565cbd2d6e1a3e7d585afb0222,95c54f9639cf3049
../foodsg-233\lontong\JKS5OBDP649BVU9OO1VBTZXP.jpg,lontong,all,d2da75b05198f4d4568761211d18b18e,95c742cb436b523d
../foodsg-233\lontong\CD05DDFJR182BB0YKW95WSPZ.jpg,lontong,all,b2bcb798686729aa372803adf4f001cc,95c742cb436b523d
../foodsg-233\vegetarian bee hoon\M0G0LSKYE2N5V1WYE4Q2KSQB.jpg,vegetarian bee hoon,all,05f57c980f4fa7e2d9314eb9c1efcb91,95c95a076b1d6d94
"../foodsg-233\Bee hoon, goreng\PT8V2M9FIDQ8RG9QVRBIC4PC.jpg","Bee hoon, goreng",all,97c87d69161a317c470b9032a8f8819b,95c95a076b1d6d94
../foodsg-233\Grapefruit\0ET0LO8P426K7NUH4LK6MHIT.jpg,Grapefruit,all,87c8f87560141af8ae7f63a877417501,95c96019886ebb7d
../foodsg-233\Pomelo\L2SVA2T4HFZY89ELMYBKCMZ8.jpg,Pomelo,all,179d0fa69726ef1400644ef759999390,95c96019886ebb7d
../foodsg-233\chicken pie\DEA8WRDR945URC1LSFIDZ25Z.jpg,chicken pie,all,9a3bbb93eda9169cd0bf3eb398da4048,95cd11bcac92e237
../foodsg-233\chicken pie\GVQXUTV0Z1SGFJ4AAVU3V488.jpg,chicken pie,all,ae5d8a329340b4c7d2e82a80de27ef40,95cd11bcac92e237
../foodsg-233\Kway Teow\QM1KHYZQQQSDAGAKSX6F7POC.jpg,Kway Teow,all,97202c3b7d1742da1f83985051734105,95cedb4a562a093d
../foodsg-233\Kway Teow\QP0OYS32UXQX0FI5P5DCHEGF.jpg,Kway Teow,all,31fb8bb54fa15db7e76a366e33006891,95cedb4a562a093d
../foodsg-233\chwee kueh\SXHSGX0UEIL5CHYCJMVFDUUK.jpg,chwee kueh,all,a889b20ddd8ec022407939b5330d48f7,95d35b614e82e0eb
../foodsg-233\chwee kueh\K8Y26NC34IIRRASDG8TOPK9T.jpg,chwee kueh,all,f379cfa116ec60f5ac8093b1314b623b,95d35b614e82e0eb
../foodsg-233\Tauhu Goreng\7ZHM3SJ0LXSNR2R0L3FXW4BE.jpg,Tauhu Goreng,all,0c3de9e79aead4bc364ea967c68bbd73,95dac463516e073d
../foodsg-233\Tauhu Goreng\L7TXSBYI6K7GC8SMK74JTTJ4.jpg,Tauhu Goreng,all,7afe3677a36d42409dcfd92154900510,95dac463516e073d
../foodsg-233\chicken rice\AKQYKPSTUOP65ZDGHE8CIQ6H.jpg,chicken rice,all,9372c5f486fd0bc1841fff0e934711f4,95f45721223b3e99
../foodsg-233\chicken rice\EYCBS61W3MFXM0C3YMKFHJPK.jpg,chicken rice,all,9a3e9788100c8c5e15cbe0abd5a1cfb2,95f45721223b3e99
../foodsg-233\mushroom soup\2XJGBMBAY872FSPBEOJ8U3YI.jpg,mushroom soup,all,2cedc82ff10f32409eec1fd195e4fd10,95f952820fcd7827
../foodsg-233\mushroom soup\3729465WDBLXA1P62ALWWYTW.jpg,mushroom soup,all,2b7dbbf0186469b8d9ba33552dcce170,95f952820fcd7827
../foodsg-233\chicken rice\WAEMTUEGS58G874YCXLMYF6Y.jpg,chicken rice,all,9a31e93bb5adf22ae4d241d63a88f78a,96021bbe25373ed8
../foodsg-233\chicken rice\THF1ES0URO8X7GKGX4DI4YC2.jpg,chicken rice,all,ef32bc2f06c50ce85a10650c1fbff343,96021bbe25373ed8
"../foodsg-233\Bee hoon, goreng\6V0WG5FNX4VZ9I9086K595X4.jpg","Bee hoon, goreng",all,c5841e505e9e3d27fc11d8b4e0d4ba89,9647c596a4789d3c
"../foodsg-233\Bee hoon, goreng\V3SZR0E4RUSHGQ8GVJGK70GZ.jpg","Bee hoon, goreng",all,22eaad025f04dbbe5f81a628114dcf58,9647c596a4789d3c
../foodsg-233\drunken prawn\8XZCH3GLLT1EELAGCLDIQ23H.jpg,drunken prawn,all,8cf6b0190361acc0ef8ede5ae9354475,965521320afbae7c
../foodsg-233\drunken prawn\MVBL3UN3TH2GABJEJ2IFQTWV.jpg,drunken prawn,all,4eddd5d3c3934ec2b06632f0cba8eb1a,965521320afbae7c
../foodsg-233\Udon\OYQ4HLRORDRJ5YGWH6ON77NM.jpg,Udon,all,747412cade9d11b3bb5febcee41c101f,9661698766e6929b
../foodsg-233\Udon\1N5F8HWSWF0AZ7UUM49G7D1M.jpg,Udon,all,6dce6238c389861a898bff5de41f57ef,9661698766e6929b
../foodsg-233\Udon\EU66AJIQ37MFRVZ6O6ZM691V.jpg,Udon,all,6139a4571b0e993090f86d25698d619c,9661698f66cca69a
../foodsg-233\Udon\4P8BU30SWUQJ2BCE4YB896WM.jpg,Udon,all,f330f8143bd88c834e287f8f245b5b98,9661698f66cca69a
../foodsg-233\ayam penyet\C0R2WZ6R7TBJV1HU47TB1H4O.jpg,ayam penyet,all,a0309b5e0e0457a4bb2dcd6f591fce31,966b69b4b46322cb
../foodsg-233\ayam penyet\YD62EVKRRM7JPG74D7CGKKMV.jpg,ayam penyet,all,64599e76455a25fdaf7d5b00b4f31117,966b69b4b46322cb
../foodsg-233\Nasi Ambeng\0434FBD7DGMDWABS9AQ0K727.jpg,Nasi Ambeng,all,bd5c254d1a232a59cae4efc6fb6da27f,966f539023da6b34
../foodsg-233\ayam penyet\PKY20FNNYEELAWVF23MUUDBY.jpg,ayam penyet,all,a8ad2281d504ec2ae02ba8e1128014f1,966f539023da6b34
../foodsg-233\cheese fries\UTYWVDDVOWKNSZLZ44R2V3VH.jpg,cheese fries,all,eaef2cc323adeb36f1e032f1d3bf75eb,9673ddc85bc2208f
../foodsg-233\cheese fries\6AYEDN1DVED81423SPXYPKQ1.jpg,cheese fries,all,f4a0849a016f667028808d543afb0ac7,9673ddc85bc2208f
../foodsg-233\chilli crab\JHOH2Z9IE4U9DXHEF5CT940W.jpg,chilli crab,all,c67ad09d70370daee90ebdea5dcfabbc,967a02bb0cecd3e8
../foodsg-233\chilli crab\BOWEXEI7H20NKINAFSPTBDIP.jpg,chilli crab,all,5eee07e4be6c91671baf38fe9213ed44,967a02bb0cecd3e8
../foodsg-233\goreng pisang\2MS5R9XSL4VEHTZG1N2KXJ48.jpg,goreng pisang,all,9a7633af97a37076c689207568ac7f06,968a69bd8965a54d
../foodsg-233\goreng pisang\EMLR4C3WZFRYPWVNAHGT8Q2E.jpg,goreng pisang,all,69c5d49d45c80f657fdc4fa5b5e43b0b,968a69bd8965a54d
../foodsg-233\goreng pisang\WCSFOA3K5SRL648Y5U37OBMU.jpg,goreng pisang,all,c3fa781e6ac20830e9da5aa97e89f930,96963c4673592f25
../foodsg-233\goreng pisang\GQJQ6SZIIZPVLEAIXKRMZZGT.jpg,goreng pisang,all,5eb88cb4bc07ac06fdc97e6373b07ce1,96963c4673592f25
../foodsg-233\cereal prawns\P22AH95DEEBXR9587RYZ9SDB.jpg,cereal prawns,all,de1f67f42e6e37a8c4809cff7447be80,96b979822d1c71f2
../foodsg-233\cereal prawns\ZCVP77XWE6AU3YE9MW9EOV1N.jpg,cereal prawns,all,ada205847cad144607ae52bc40c8e3fb,96b979822d1c71f2
../foodsg-233\chwee kueh\ZMRMJ8MX7FJUU226TLUCO962.jpg,chwee kueh,all,5e3cf80f4fb6ea6cc533c4aeb04c5312,96eac905ec3636c9
../foodsg-233\chwee kueh\NHPA0FQRZGLB5F91UNPFGMTX.jpg,chwee kueh,all,0d66352003134d4dd84c6c05ed93608f,96eac905ec3636c9
../foodsg-233\popiah\MNMRNXPLU6HMU2NQFX75NQC3.jpg,popiah,all,d50cc546df61d094ba36ef0b76d550b7,96eb2d94309e0f71
../foodsg-233\popiah\ZJJZFCJXI6BWB957QBPAE32R.jpg,popiah,all,2ebb822627f9aeabe3012cc7a951ba41,96eb2d94309e0f71
"../foodsg-233\Bee hoon, soto\EGJNL78N6SLWZ54WJLKP8L1L.jpg","Bee hoon, soto",all,4fbabe6f399693e91a4bbd5856d907ca,9726229d494e297f
../foodsg-233\Soto ayam\7M4TLNE87XTRJME6IKYT6993.jpg,Soto ayam,all,5089266faf4dfedb69e7eabaf30713a7,9726229d494e297f
../foodsg-233\Soursop\6HJQYDEF76VO9QFUB620PCRT.jpg,Soursop,all,dfb3101919a3cc8e121b77d71b4bb2f6,972f78808acfacb4
../foodsg-233\Soursop\0CTJQJBO6EX451ZOL9BO0GFW.jpg,Soursop,all,54b496b4dca4b119480f58b1430e5330,972f78808acfacb4
../foodsg-233\Kueh Salat\L311QX8O4S88O6K5Z2OHLDC5.jpg,Kueh Salat,all,10f2ed4e591977ab78a412d5f701c363,97772baa16d5320a
../foodsg-233\Kueh Salat\7Q5MJC6POZBVFHGMTUWSAC5A.jpg,Kueh Salat,all,9474f0973ea9be6622c258af8ff34391,97772baa16d5320a
../foodsg-233\Chocolate\18AFK6K283336DCMNV6JU6ER.jpg,Chocolate,all,666c957da95f7601004ae9b5aa6d244b,97788d6b6c866a91
../foodsg-233\Chocolate\YMG0SBANC0YZ39STGC3MXZLT.jpg,Chocolate,all,466114ebc506869eb9bf5d3294fe2c0e,97788d6b6c866a91
../foodsg-233\sambal\XASOWO9CXURKR4QVJMTGD3C8.jpg,sambal,all,02c733929e2c81d221cbbb2f836661a8,978e8f8faac34560
../foodsg-233\sambal\064H6Z7DS919WRM57ZRKBS9S.jpg,sambal,all,6daca49bb5fee781a0f819acd52e0b51,978e8f8faac34560
../foodsg-233\chwee kueh\JT1MQWEIRHQH1FZ9V0BHJDWY.jpg,chwee kueh,all,3602b6eab57236d528f93968b3d99344,97b21ac578d3071e
../foodsg-233\chwee kueh\QQIK5WOX3733QITP4LS63H37.jpg,chwee kueh,all,c32d0572e28408be53851f00f7263cf7,97b21ac578d3071e
../foodsg-233\rojak\KHGQHL2DN8D3FHIHYG6MULJZ.jpg,rojak,all,830a45506184f7116272164c45ba9bc5,97b2e8b999d4d424
../foodsg-233\rojak\OU60R9FDDI0VFISRMUUGE5DT.jpg,rojak,all,44d96507707afd2417d6e7273c60cf0c,97b2e8b999d4d424
../foodsg-233\siew mai\GQU5WKWY2UUQWMXJGC54010M.jpg,siew mai,all,9a6ce5dd2f46ed096ae8db9327eb9b5f,97c3422f7c37c618
../foodsg-233\siew mai\SBCGIWTVNYGRPKNLZ1PG4KS1.jpg,siew mai,all,8513bec42a9a9d6e35ed0f9a2e70b781,97c3422f7c37c618
../foodsg-233\satay bee hoon\GKAIORZ2CTE0IEXO30HBRWA7.jpg,satay bee hoon,all,f21041da484f7b4600813801c5334d0e,97d784709ee29c61
"../foodsg-233\Bee hoon, goreng\IIJ7TMPSF3VLEH7FW3QCQ811.jpg","Bee hoon, goreng",all,040580642c4e298cf01ef1e8b7a3cdd5,97d794534e4f181a
../foodsg-233\vegetarian bee hoon\X5963RTNCHMXAXQIXPE0JEI6.jpg,vegetarian bee hoon,all,50f5f912671944524c089f552131d193,97d794534e4f181a
../foodsg-233\satay bee hoon\FW6ZSC1FVFD5H6DENEP3NRHB.jpg,satay bee hoon,all,fec675cab7c9e702d44af729b1127301,97ff80f6801bc70a
../foodsg-233\Mee soto\I02SBXJ80969D9UUTJ7NOI1X.jpg,Mee soto,all,c8e31185c9839bf755d4bdfe02ae6a0b,97ff80f6801bc70a
../foodsg-233\yuseng\0IUV3F5AJGSG8C39LIX3HP2W.jpg,yuseng,all,c82654fe89695370aa2a8b330c8e32d1,981b21bc63ce3f51
../foodsg-233\yuseng\YVIWEUNGGD3C35CUZ2WUKY8R.jpg,yuseng,all,180d4f530bc20af2f3335ca8252eda30,981b21bc63ce3f51
../foodsg-233\yong tau foo\H1IVTLTWLG8E19WKD3EXRCCW.jpg,yong tau foo,all,aaf2ee34d0b2a515450e067eef7f3c3e,983bc71937273532
../foodsg-233\yong tau foo\Q3E9XVMV3DPTWF7CAGWFA6NR.jpg,yong tau foo,all,4e0abf7140a2cae7dc0d86ced83b8357,983bc71937273532
../foodsg-233\Tauhu Goreng\YBBUH798Y7Q9TQ9MLDM5O62R.jpg,Tauhu Goreng,all,3aabe519302fc48c9cd7ae69d4d65ac7,984b24d53e8f1bca
../foodsg-233\Tauhu Goreng\7MEIDING4IRJ3ZSXID5DES70.jpg,Tauhu Goreng,all,9628165e77bcb0bd2e1d4284b6a3e594,984b24d53e8f1bca
../foodsg-233\Kueh Salat\AP9B5N2A7CC3AJJQ37UF9DKN.jpg,Kueh Salat,all,ddaa845329c1782cb86ffbcf75c845b4,986b0ed0798f267a
../foodsg-233\Kueh Salat\ZH5OLQBLWPWFP5DH1J1TVYQL.jpg,Kueh Salat,all,1aee39fd6ddc6a94a2480cc3c1567943,986b0ed0798f267a
../foodsg-233\lychee\PDQW5GWDQM3TX38TIL622OZA.jpg,lychee,all,ae63e4155e8198fb0b5b87270ff9a222,9887e66847153bcb
../foodsg-233\lychee\WSFSWK7D4UZTPT1OZJ7PH5S2.jpg,lychee,all,e91c67af5082701e0daa206dde43bd7e,9887e66847153bcb
"../foodsg-233\Rice, korean bulgogi beef\2P6Z9VT76LUXK1Z2OEWSF4RE.jpg","Rice, korean bulgogi beef",all,9095ee371c5a5a3ab83c5a3505f09d30,98a3e593922d5bc6
"../foodsg-233\Rice, with dakgalbi\XDSSNSHYXIMIMVJGNSZC3EYZ.jpg","Rice, with dakgalbi",all,c8bc1298f231c1e9a05162925c9886d9,98a3e593922d5bc6
"../foodsg-233\Don, chicken teriyaki\AEP5T050KU4Q8M8Y5LVEOEMV.jpg","Don, chicken teriyaki",all,99f51ab92e14911cbbdf9f92269d74fc,98b8fae9a8e666c0
"../foodsg-233\Don, chicken teriyaki\2NDESA3G5VXKLIHAQSIBUKDW.jpg","Don, chicken teriyaki",all,8b1e8338572804e3f50840c8d20c4776,98b8fae9a8e666c0
../foodsg-233\tutu kueh\UGVLV4CFIJHFICXM2U5AV6AD.jpg,tutu kueh,all,846d3e54f9c927aaa2bed213fc82842c,98ce673398ce6331
../foodsg-233\tutu kueh\LT4WPYLQOWBIS7DBFVPI48RG.jpg,tutu kueh,all,5f6785f6ad83bd3953f01a30de72fef9,98ce673398ce6331
../foodsg-233\tutu kueh\HJSTNLMB8W2DH25DWZS5YFDK.jpg,tutu kueh,all,ad2f74e09a41c4c9bb978d3f1a9649c7,98d66b99e4ce8178
../foodsg-233\tutu kueh\NQQ5C5UPU1APD04FCW19I2EJ.jpg,tutu kueh,all,fe84997af10cd23838c1a18be91b1359,98d66b99e4ce8178
../foodsg-233\Fried Noodles\IZ6BAJ5DC01NN486M9YBREOZ.jpg,Fried Noodles,all,22ca42ca453e95b280eb2f3cd686007b,98db13d07fe8c0e4
../foodsg-233\Mee goreng\3S0ZGZG48YK45IY3MA8XB5X5.jpg,Mee goreng,all,1fbce571d9825457976603ef0c5db470,98db13d07fe8c0e4
../foodsg-233\Soft boiled eggs\OMKCM9RH24WMGPQ04YDWYSRF.jpg,Soft boiled eggs,all,da4898d33167dc85f16fb9a2b5e4560a,98e7319c6699c761
../foodsg-233\Soft boiled eggs\9MLEMNAY3Q8O7CZV5OC47KKC.jpg,Soft boiled eggs,all,5c5451873947c478db958eded3189192,98e7319c6699c761
../foodsg-233\Kway Teow\QFE26ACNWXI9IVBT9TBODPLY.jpg,Kway Teow,all,f03776bf243ef13330bfb641cbf324b8,9916546a2ded9395
../foodsg-233\Kway Teow\5AJ92ZYOQLFTBD33N94GDQYV.jpg,Kway Teow,all,b32ca1e1438957f66cc6dced45925e4d,9916546a2ded9395
../foodsg-233\Mee bandung\COJCQAPQL5FR06KWG35CWZXW.jpg,Mee bandung,all,7fdf1062dd25e126eb8bfa053e04e319,996a9685d89f067a
../foodsg-233\Mee bandung\EWILXG3PQ3PZ6DFTL133AF1D.jpg,Mee bandung,all,842ceb9a4f074d2b47d15630ca4550f2,996a9685d89f067a
../foodsg-233\longan\4GWL19OKL8U3OH4C5XY37D3L.jpg,longan,all,3829ae0eecc340b58a2a54faa7a2f743,997cb8fd21cff000
../foodsg-233\longan\OO537B6FKJAFXHEOQ56FS2E6.jpg,longan,all,7a77b1f0dfca83ed1cc88116afcf602f,997cb8fd21cff000
../foodsg-233\sambal stingray\KZW2EKYPPWCBPZ8YXYUINKSM.jpg,sambal stingray,all,8e67a07c46c3c01d4dd69ea42842053d,998eb692999c0e9e
../foodsg-233\sambal stingray\83EYL6H90D7MQ6BS2WU27M8C.jpg,sambal stingray,all,e086b82553543ecd46e05fa081117242,998eb692999c0e9e
../foodsg-233\salad\07TEOIL1BDNS978Q1EQ14QQF.jpg,salad,all,d06b41b566aca373286e5c62bd0cb229,99a362992e56699e
../foodsg-233\salad\7NZKMY9ALSZ54LXIECV7295T.jpg,salad,all,901ef815ef3d96ef60229eef5ea3c9a0,99a362992e56699e
../foodsg-233\begedil\P7K83VEB33O0ONS5JFEI4RJY.jpg,begedil,all,ab45cc36feb99fc9a63c9e39b79f4b83,99b26e0d1260b76f
../foodsg-233\begedil\2U77OMVOYAYGTFU0294GLKT0.jpg,begedil,all,5e81fcdb144de98687cd9daf0c996f70,99b26e0d1260b76f
../foodsg-233\spring rolls\70E8A8954P19UEK5080291CI.jpg,spring rolls,all,9a3f8dac43a137d71565b1bfcc4f7696,99c080b6c5f9aeba
../foodsg-233\vegetarian bee hoon\VB8RCWYCLMWSVKHPRAFSZHMM.jpg,vegetarian bee hoon,all,43b91a00dad9ca2f395de73a118f7958,99c080b6c5f9aeba
../foodsg-233\Kway Teow\8V9EE7TYCGDSQ1BWPKDA5COA.jpg,Kway Teow,all,1f40d789e5cfaf9fefb554c7210a148d,99c1ce2a53bd1c95
../foodsg-233\Kway Teow\JKS5DMKM44ZPICS2JJN3VA25.jpg,Kway Teow,all,4819e90ab5bd47f58148473cea66dc01,99c1ce2a53bd1c95
../foodsg-233\ayam penyet\PYUPKSL3RBE9TG0L0JHSKC05.jpg,ayam penyet,all,74efadf1d8f000e47344d6d9e984437c,99c63298e863cd76
../foodsg-233\ayam penyet\OV6V0YJ2FXE30DRFX4FICUUF.jpg,ayam penyet,all,4fb69f2e11d13cf78175597513190fbe,99c63298e863cd76
"../foodsg-233\Bee hoon, goreng\GUD4VUE014QJ7USS8P22SMWG.jpg","Bee hoon, goreng",all,12a520fe4b03a18e52247d47d5a7a6b9,99e3e619192ee037
../foodsg-233\Mee kuah\PUMCZCSGAOXN2U8HPJPINWG5.jpg,Mee kuah,all,a4b3f68d994786434ce675538a942a9a,99e3e619192ee037
../foodsg-233\Mee siam\MBW3YQD1OW77QL1GL73EPJ2F.jpg,Mee siam,all,9c9337700cf46dfbbbd3269851213a35,99e3e619192ee03b
../foodsg-233\Mee siam\UQ31F7P9622XNLRLXW9PMOGK.jpg,Mee siam,all,8b49be7cba27499ad97b6d0771b37539,99e3e619192ee03b
../foodsg-233\Mee siam\VNDMK12NGNVKLSUWVU0FMUMW.jpg,Mee siam,all,4e24a079d6fbd09aadb2812b8a528481,99e3e619192ee03b
../foodsg-233\Claypot Rice\I7ILZZMF5NFLT68Z5DBSF19J.jpg,Claypot Rice,all,8573a2a13d6f649aa81534345b941051,9a112de536db8639
../foodsg-233\Claypot Rice\QMZLJ2A9JCDID4F6974NMCT6.jpg,Claypot Rice,all,bcbae44d691e2ed4fdf08c5929686027,9a112de536db8639
"../foodsg-233\Bee hoon, goreng\UFT3SM81Q4JZMQZSZFTCHONZ.jpg","Bee hoon, goreng",all,28505b9e05888de4089f3b4910aa3776,9a1958ee24e707f4
../foodsg-233\vegetarian bee hoon\YT7DLQ6Y31IBQY2ZQFOG0VT0.jpg,vegetarian bee hoon,all,9e73f8175f75ce90e1c38e2949d6c3e4,9a1958ee24e707f4
"../foodsg-233\Rice, korean bulgogi beef\5DK2WHIU3Q297U6INRSUPJVS.jpg","Rice, korean bulgogi beef",all,f71902ab21fd52193ebcf7f41baac8c4,9a1b91796ea03697
"../foodsg-233\Rice, korean bulgogi beef\X4PM397YVLZ9FG6TBB7YRF3V.jpg","Rice, korean bulgogi beef",all,45958a5b9f336f8a60538699abe6c24f,9a1b91796ea03697
../foodsg-233\Udon\JZLQTDQOH0DC1MX58XC1X14T.jpg,Udon,all,caea03fd8a54ef36cc6e5005d2b006ce,9a3d71eb5d90c095
../foodsg-233\kway chap\JZ1KRU79W8DTL0H877E7JS1O.jpg,kway chap,all,4d95006a8f74fd27c6f854cc151f04d1,9a54f22a2596f2ad
../foodsg-233\kway chap\50T4FZFSWUTK9YC7N9T70F9S.jpg,kway chap,all,96f43f91be869a029ca051efd0c6d7a4,9a54f22a2596f2ad
../foodsg-233\rojak\NQYUB66WOD5H70WX81OWI7EV.jpg,rojak,all,726c9a80623b5eabf94b981e5fa97d2e,9a57a562922178f7
../foodsg-233\rojak\1SOY372Y5FZAJ40QRC97YCGB.jpg,rojak,all,f7f1a68d5926d9160ec435e7cd9784b3,9a57a562922178f7
"../foodsg-233\Rice, chicken katsu with Japanese curry\HTESU0BKMCFCB0J82Q3N1MEL.jpg","Rice, chicken katsu with Japanese curry",all,7b7b268ae3deda30bb7d577bf79e3c00,9a61649739e36f18
"../foodsg-233\Rice, chicken katsu with Japanese curry\TYYE2NPBVZWN40V18Z2PWQ4J.jpg","Rice, chicken katsu with Japanese curry",all,931d54dec838630c2bd2e211dd810bd1,9a61649739e36f18
../foodsg-233\chwee kueh\XYIU0YWHMAXYCOU8KF0ZGVQ2.jpg,chwee kueh,all,a74daa3cd7abd85d4d1b8d2d6d85896a,9a62f89af03dc472
../foodsg-233\chwee kueh\62N3ZGLBS3D108DOQBZY9S1X.jpg,chwee kueh,all,af04378d10b8736ce84adfcefd53c6d5,9a62f89af03dc472
../foodsg-233\whole wheat\DZUNJO2QKN3SK4G8DNGSZA27.jpg,whole wheat,all,8c2f69d058791f3864afc1cb8ea6fc17,9a74365329ff409a
../foodsg-233\whole grain bread\WK8QLEHEXESEHZYB4R2H96P8.jpg,whole grain bread,all,e9b22cb81c96ca6ee632f5ad215ce626,9a74365329ff409a
../foodsg-233\cooked brown rice\A4TFFRZHB9G7I5Z7G9EXDFR7.jpg,cooked brown rice,all,76b3e043b728383698122d0654ab4bb4,9a844e85589ef979
../foodsg-233\yam rice\EG932JFUVY1304M1PHEU84GI.jpg,yam rice,all,a34f01a96b17036357997eb4819d6997,9a844e85589ef979
../foodsg-233\Soto ayam\EISKEQR9CPWTKCFZRDH3PUBV.jpg,Soto ayam,all,65997dbbf1a7cfb138cc2d2f090e7d7d,9a91e9ea863ad0b6
../foodsg-233\Mee soto\RLDRFUEMCDQASXH9ECRXVZ9W.jpg,Mee soto,all,32450369ec4b833a57ee7495c17e60e9,9a91e9ea863ad0b6
"../foodsg-233\Bee hoon, soto\SX31XW5QXSX1OP8ZL6K7PG06.jpg","Bee hoon, soto",all,0a6481f14c32cebe7bc7d5f1193bf5ad,9a91e9ea863ad0b6
"../foodsg-233\Bee hoon, soto\2EGB35P3AF2BKD5FBQNOR2BJ.jpg","Bee hoon, soto",all,612ee05fde1c1c6b51938a0d547f73be,9a91e9ea863ad0b6
../foodsg-233\Mee soto\N2DYSYD69K8K7HK9QNWCSVPY.jpg,Mee soto,all,d3066dc5dc8cc66c819da3458bc9bdc7,9a9aa4b55f565858
../foodsg-233\Mee soto\FGFO3FSM7WP2HRVV7QG5D084.jpg,Mee soto,all,4468fe41f155c547ee395f376135725d,9a9aa4b55f565858
"../foodsg-233\Miso ramen, with fishcake\EI8AYCF65EX3R53VZXW9UXPT.jpg","Miso ramen, with fishcake",all,60a60645a4ea070bd9c423382618d5da,9aae01314ff07eb2
"../foodsg-233\Miso ramen, with fishcake\F16CA4OEHK5Z0K6A7S9X28EW.jpg","Miso ramen, with fishcake",all,12f407febf97bf021ab8217abfb3dae9,9aae01314ff07eb2
../foodsg-233\Mee siam\8W1YBY4HMCTJI2JKEFLHLBP2.jpg,Mee siam,all,62d499ade0750f3e7990189c5dcd8e50,9ac3656c3f303867
"../foodsg-233\Mee siam, fried\UDJILKC44ZKJT2DQE3XOPSHF.jpg","Mee siam, fried",all,f6109c370dee81ed935e3087cbdbcc2d,9ac3656c3f303867
../foodsg-233\chicken soup\XT33A3ZZ3YV1852LJELR886A.jpg,chicken soup,all,fa0ab9757e433ba7b159cd9f6b872b2c,9ad1f59e1a8a898b
../foodsg-233\Ban Mian\O6IB5P91ESO517NTUTIUIASV.jpg,Ban Mian,all,3e96db0aab32cde32535590b3b65fba1,9ad1f59e1a8a898b
../foodsg-233\Udon\3R97WIFSEC5JLS2IKF5E65X5.jpg,Udon,all,d84a0bfe99228a5e85bec970d0e375da,9ad1f59e1a8a898b
../foodsg-233\fried chicken\YBELI28WNFNPORH7AFVPBC47.jpg,fried chicken,all,0a8c3a761208d821d05e4ec8cbbeb797,9adf69ac84b6e043
../foodsg-233\har cheong gai\Y669OAQLM7OJ68AXSAXNEWXZ.jpg,har cheong gai,all,3ca3e350489eb2c4dc2fedb124258c88,9adf69ac84b6e043
../foodsg-233\singapore sling\06B7U1LJ9B3902BYCHJPEZRK.jpg,singapore sling,all,ed27d182ffdf487b3d9cfd1c771e7583,9ae3393c369c49c6
../foodsg-233\singapore sling\SKYVFJRAYI7OYC5IZEWZF1FZ.jpg,singapore sling,all,e0e310c5eb39c767c3c55ae345a86763,9ae3393c369c49c6
../foodsg-233\sliced fish soup\3KDEPEV4VRT4L4NMFIM0CLIK.jpg,sliced fish soup,all,719cf6eacc98efd78d7c5529f8937811,9ae371cca6936616
../foodsg-233\Seafood Noodles Soup\6GPAFWAQDN9XFCQQOWLTZN1E.jpg,Seafood Noodles Soup,all,5712f6213187322874976438cdc5d5dc,9ae371cca6936616
../foodsg-233\spring rolls\EMROOZ4X5C5RJRTY708V0AIA.jpg,spring rolls,all,148b18bcb242bad3dfa7a0b139ef656c,9aef90d06fc0e20f
../foodsg-233\spring rolls\D49O6BH09JRT7DCOR2EVRJC5.jpg,spring rolls,all,82d952de23effa6dd113e8c1e33ba226,9aef90d06fc0e20f
../foodsg-233\Mee rebus\DPUPXQAEM2RRI4088ZS8IIU9.jpg,Mee rebus,all,2035b022b3b906cae17d418a3eccae89,9af164ee3aa2d6c0
../foodsg-233\vegetarian bee hoon\ALDSK4ORRLYWSD3CSZSRJAQA.jpg,vegetarian bee hoon,all,0223fae5635b7e3650a18985374f7afe,9b13927faf781c08
"../foodsg-233\Bee hoon, goreng\RHIMII1FSVB9SASFPGCD854I.jpg","Bee hoon, goreng",all,986d2dead23b4255ea8e068b15b54f5e,9b13927faf781c08
../foodsg-233\whole wheat\X691JT9R6XVV78EHQLZ942N1.jpg,whole wheat,all,763f0f2b708b5459c0d8a77b70fd9317,9b355dd25232b392
../foodsg-233\wholegrain pasta\KO09LKFRPMBMC93VHYQ8YU37.jpg,wholegrain pasta,all,2ec2fdb70eb44351615e5171b3083dbe,9b355dd25232b392
../foodsg-233\pitaya\2B1Q05VNPLN1KHQDASPATBIR.jpg,pitaya,all,7413468eea5684944d75fc8512c32cbf,9b6d9c91c6d2d0d2
../foodsg-233\pitaya\HB2OJVO75E68UNO2ULX2ZIZA.jpg,pitaya,all,8ce6a5aaf8c34cb927e1c6999ea0060c,9b6d9c91c6d2d0d2
../foodsg-233\lontong\BBYPQCT13XOZK5CHN2SG1F6R.jpg,lontong,all,ab1914f008ebbbcb07283ff87d42440c,9b793ae624a6a199
../foodsg-233\Lontong with sayur lodeh\GZLE99SBX3XA888QB38PRZHN.jpg,Lontong with sayur lodeh,all,7aa690536f4c68dd73741583b08ce317,9b793ae624a6a199
../foodsg-233\Hor Fun\2ZLI5WXCWKGH8IHINEAICUZX.jpg,Hor Fun,all,4b93ed5b4c3d0c1760cb2dd1480e3e7f,9b84afd550cb6d90
../foodsg-233\Hor Fun\ZT3NXX4UIL4S3MCJ3F0UULW8.jpg,Hor Fun,all,7f4439738e39c4f05e9838b1078339cd,9b84afd550cb6d90
../foodsg-233\mangosteen\JB1DCOFUVBBGI8O7J0UTE3PI.jpg,mangosteen,all,758ba16e4aaa7259edb496da525bc54f,9b986e8794c5a13d
../foodsg-233\mangosteen\1X20OQM1LG681KRGRJ9SPMOL.jpg,mangosteen,all,ef670071c62421e529a1948f2e1a2ace,9b986e8794c5a13d
../foodsg-233\sambal stingray\04P8KNN062AQLZLLCZY1SSI3.jpg,sambal stingray,all,1f5c14754e73e62b744a6f998eb30dce,9b9db111c1299f47
../foodsg-233\sambal stingray\RCD7BSY6QXRJNEHPNUBLGQGM.jpg,sambal stingray,all,ee618f8c010bceebf708fb07a734475b,9b9db111c1299f47
../foodsg-233\yong tau foo\R0JOH2IVW2FRHNGDQW89500O.jpg,yong tau foo,all,c2721da212c8d3f1fb17748f716a9f54,9bbdb5c6cf890181
../foodsg-233\ice kacang\ID8GM9QC02K9504WJ9546XR7.jpg,ice kacang,all,4c128045434a6f91395f99a96cddcaa6,9bbdb5c6cf890181
../foodsg-233\Hor Fun\KE0CE4JM82RJPKMBEQEFW9T7.jpg,Hor Fun,all,775b88c1faf383fffa5f626064b6186f,9bc5fb1ae442d158
../foodsg-233\Hor Fun\IRBWM6T5YNJBB9I2J6WWXUZT.jpg,Hor Fun,all,6f7865cee0c16a487bbd84a35c111eab,9bc5fb1ae442d158
../foodsg-233\canned Fruit salad\G9QUDJ2CWASEV4YT1R20G6T0.jpg,canned Fruit salad,all,328892f229e12b65cf2db8190e4c0ed9,9bccb2f281b2c8e5
../foodsg-233\canned Fruit salad\67L5E2SHWM5S80RAK871HYIL.jpg,canned Fruit salad,all,99c040687e2bfa3248347db5a0b6efff,9bccb2f281b2c8e5
../foodsg-233\Nasi Ambeng\SW4AM1FFIX2APLYAG62C6IYA.jpg,Nasi Ambeng,all,817091fed11a3c5b28f7e2dabb23b9bc,9bd3e4a1cc6093b6
../foodsg-233\Nasi Ambeng\U11XS3U2XPUDOCPI7I18276R.jpg,Nasi Ambeng,all,99d03354ebebbc1400cfe6e0d72f42c3,9bd3e4a1cc6093b6
../foodsg-233\mangosteen\9MS4T039T1NJIYO1OBH26LVA.jpg,mangosteen,all,9ad6f07e273dc2fdb745008671cb5a64,9bd96926666c9338
../foodsg-233\mangosteen\CSJIQQIG0B5ZCR2YLZYWNTAW.jpg,mangosteen,all,6be406264762e4ed66a102e5b5e95ac5,9bd96926666c9338
../foodsg-233\satay\2ONATOX0GVOQ6B3Q6PZEDRR4.jpg,satay,all,b3ef5ed8da0bfd69914c78306d326450,9bd9bf86c05a4c13
../foodsg-233\satay\LCVXB5B7QBRPBZFMP9XI4NSO.jpg,satay,all,bdc327a69ee68c2f28ae460294a7c0b0,9bd9bf86c05a4c13
../foodsg-233\vegetarian bee hoon\DQPT8OU4QG4KAXB54VU2EYXI.jpg,vegetarian bee hoon,all,b4840915eb1bbc48067cf78f95bdcd57,9bf3220a6ac7c6c5
../foodsg-233\rock melon\PSZJGA0339V4R196NXPL43C8.jpg,rock melon,all,7a2962280e9ae2f9a234b22ec7b37ed7,9c1ebbc94ba77440
../foodsg-233\rock melon\DBDWYU21OPHS731OM9DNBUN8.jpg,rock melon,all,bcbcf6187a971859ad11ce9ecacbcf48,9c1ebbc94ba77440
../foodsg-233\rock melon\QZB6Q8T2CLI5SR4QSEAXR7OK.jpg,rock melon,all,3c3cb0c9f20bb92f7fe71e2d7f389af6,9c1ebbc94ba77440
"../foodsg-233\Pilaf, pea\HO5W1MH49VUNQXL8E0KVBP6F.jpg","Pilaf, pea",all,2692a509e6511d9c4767a7a6a71f7934,9c5b4b9d22d42cf1
"../foodsg-233\Pilaf, pea\L2MAQUKNUVQ1SK7F3NWMW3I7.jpg","Pilaf, pea",all,cbaca110fa8354ac7d1a768e47837ec3,9c5b4b9d22d42cf1
../foodsg-233\passion fruit\GH2OA4UPNPVJO1ZIXFG2FESF.jpg,passion fruit,all,27906e1beb4003155275480b1b3359c8,9c8fe1884eb34b0f
../foodsg-233\passion fruit\GW1FAV574BXXC6Q2UO3CQOP1.jpg,passion fruit,all,65f364b66a53b4c827611119666f4a9b,9c8fe1884eb34b0f
"../foodsg-233\Mee siam, fried\RPV0U70L77881NKB54GRWHP2.jpg","Mee siam, fried",all,1803e8dc82030b79bcdf434e75c0bc35,9c912ed23dcce392
../foodsg-233\Mee soto\IVAXLDG0AJ855H662G8Z75P6.jpg,Mee soto,all,797aa54c3a334efec13e02f3faa0fbda,9ca4e106818fc77f
../foodsg-233\Soto ayam\5LWBJPJ64LNUS6RSVHUDBNZT.jpg,Soto ayam,all,712cf9c8b43ec777c7183d8759c3be30,9ca4e106818fc77f
../foodsg-233\chicken wing\8Y86J49K4MPYQXEKRGF2BOPA.jpg,chicken wing,all,0baf78be907bf8a025ce059bcd17dc5f,9cb96d74620a236f
../foodsg-233\chicken wing\O6T539LPXSU9OWKRKK76ZDAR.jpg,chicken wing,all,27530755b7a863d49aeb855e7126ce6c,9cb96d74620a236f
../foodsg-233\pear\Z0NG29JJAEYVUOOM76HL1OM5.jpg,pear,all,150741f1ae32d88833282d6dc78f5bdd,9cc6744627c8d765
../foodsg-233\pear\C9I5OXC9BNCUQHSZQSHTBN32.jpg,pear,all,4ee58beaeffc2e7c3bd94432d0c602bd,9cc6744627c8d765
../foodsg-233\sausage rolls\NKDM3S3ISW1473XZIH1X4DEN.jpg,sausage rolls,all,c6a99212e85e636c1f690ceaa96f8b38,9cd5dee0834a3aa6
../foodsg-233\sausage rolls\GZYFH49HYQT2UY1H782H2L82.jpg,sausage rolls,all,abd02b1a16ead046898ecd6b80239ba6,9cd5dee0834a3aa6
../foodsg-233\char siew pau\WM7UEALWN95VT989BXWGN9SY.jpg,char siew pau,all,73d5b754aa638de7d774f7578e2426f4,9cd76780e2a861db
../foodsg-233\dumpling\JAPSFWQ81HFBXR8963B965R7.jpg,dumpling,all,742d1207d8efe21bfc43483833cfe75e,9cd76780e2a861db
../foodsg-233\egg tart\B2K6J4W9NUMW1THWFVQLR03V.jpg,egg tart,all,790fca4828d3b90a40bb9f89f1370c4e,9ce729f81716310f
../foodsg-233\egg tart\TQRX32Y2QI053UN1FPZ0N7GS.jpg,egg tart,all,c1c9c4fc9b23578ed2caff36e235ad45,9ce729f81716310f
../foodsg-233\rock melon\VRM0FJ9VLD3SSZ5YCM5EF2TW.jpg,rock melon,all,8a8c3f99957fb0eac9d7ea956bd96430,9cebf314c442896f
../foodsg-233\rock melon\FKZ5QIF8AZSMKUM0XT7DO4E0.jpg,rock melon,all,47aadcfd8e02bc8823dcc3f3c31fccc1,9cebf314c442896f
../foodsg-233\waffle\8FAN0SXXNX65ZO75HBI5HSNN.jpg,waffle,all,8cb665159858c40eb2d8705f83053c76,9cf1786bb649a4a4
../foodsg-233\waffle\Z0P3ZL7DQTW5ZZI4V2W3CEZQ.jpg,waffle,all,90ef1af46cd358cf0b080dd9e6420e80,9cf1786bb649a4a4
../foodsg-233\bak chor mee\JQQCX8IEVYRY4UT21SOP5T75.jpg,bak chor mee,all,b90d4a0075354af6ffcb8a17c69728f8,9cf821f5179632d1
../foodsg-233\bak chor mee\RU1CSFR170UQO9LVBO4RP9ZI.jpg,bak chor mee,all,69ca4abe531ba3f542abb31843ef3690,9cf821f5179632d1
../foodsg-233\yuseng\6AFXNPCG0UQJGRFMNR6EB69F.jpg,yuseng,all,5dc5b4f94e06d4ae3f513cc12e54ec01,9d015c065e773b78
../foodsg-233\yuseng\P4JXG25JU27HYDYOKAOYMOTG.jpg,yuseng,all,5980e500318b9156b782290aa9f26eb7,9d015c065e773b78
../foodsg-233\Nasi Ambeng\4WGMWLETM95H9ZBXKSRI88TA.jpg,Nasi Ambeng,all,c30285d6044aed234a4500a504c8bc8c,9d3a254e9fc4d849
../foodsg-233\Nasi Ambeng\L4YWU7596NK3GUT7EASS4D40.jpg,Nasi Ambeng,all,0eae094b99566061ae7dbebb099a175b,9d3a254e9fc4d849
../foodsg-233\Udon\NSAZLFX6PO6XE9R0RO44Q2YO.jpg,Udon,all,08c77242dbaeffffa60fbf4954113817,9d954af261e983cc
../foodsg-233\Udon\4FLU4LZCU3O57OC2BLCLCRD6.jpg,Udon,all,8aa79af9f85cda2f3571807332a8ff08,9d954af261e983cc
../foodsg-233\kuih bahulu\E09LM36IR2Q9IOX1PFBWMS10.jpg,kuih bahulu,all,f184f833adaa052ad2cdec46390bf659,9d9b6ad4b80f82d4
../foodsg-233\kuih bahulu\DZONJ8U00QWFZXF9VNQRALTO.jpg,kuih bahulu,all,ebbb9b6b9a7e534a7aff2465b0f6ac24,9d9b6ad4b80f82d4
../foodsg-233\canned Fruit salad\J8ZXCC8VKWVIR5UWLQVGMTVU.jpg,canned Fruit salad,all,4bf66eb5652fcd48f6cfe500d60d2a70,9d9cc17e41c61f38
../foodsg-233\canned Fruit salad\2OFEYPZA4X3HROZOJJNTH2IE.jpg,canned Fruit salad,all,ab76f069f24defec9b023cd277a941e4,9d9cc17e41c61f38
../foodsg-233\Mee soto\CTKIA12YH8H7E6M5W0KZX4BL.jpg,Mee soto,all,241179a2192a10e42fa26850feaa4369,9dc62936cb81d974
../foodsg-233\Soto ayam\CX2IS51UHZC1LS8AGOU8NVAV.jpg,Soto ayam,all,4fe303f933fe24d3c57037678f0f3784,9dc62936cb81d974
../foodsg-233\Fish and chips\QXJJTUODHWFIFPIUWBZAQK16.jpg,Fish and chips,all,1f6afe88793ba8eeb9f12ea868c6a9eb,9dd55497cee01865
../foodsg-233\Fish and chips\MKIJ9XJ67JEA86K30SYIKA9X.jpg,Fish and chips,all,ced7770ffe11b2acf9579238e05e3aec,9dd55497cee01865
../foodsg-233\chicken masala\SG7Y6V9ZD4NNW2EPM7LMJL9G.jpg,chicken masala,all,9cfc21c1136ca9edc969531a7b9719ed,9de46687d833614e
../foodsg-233\chicken masala\F8KXKDFIXOAKS3RUZZ56Z4MP.jpg,chicken masala,all,3f94f1f8e5f918ec428ed5f906e09912,9de46687d833614e
../foodsg-233\cooked brown rice\U9RMUCACWIFTUJ4JD39439QQ.jpg,cooked brown rice,all,1c6172b767e50725a4a6f387c3cfbdcf,9df2706e63cc84b1
../foodsg-233\cooked brown rice\Y7VL13BULF4ECKGMJJKSMUB3.jpg,cooked brown rice,all,010cb4c4ce3cbea35685b15935cdd472,9df2706e63cc84b1
../foodsg-233\pizza\DIK4PAJYJQKONPNMPFTDXK9E.jpg,pizza,all,789c179d8f54c5ef9aa10caac5f3c394,9e15396e96726e0c
../foodsg-233\pizza\MZ8EC1A745F0KQWKN9635OG2.jpg,pizza,all,ffdf4b61d0130de880da497a48618801,9e15396e96726e0c
../foodsg-233\singapore sling\W5U0WKB9KVQESKKFZFR9KLWQ.jpg,singapore sling,all,13aa8ff86b51e5e27768859d4a499f41,9e336163cd8c12f9
../foodsg-233\singapore sling\DW9XOI50IB7I5XDYOB30TU8Q.jpg,singapore sling,all,77514e7d0851427cd8f5c758a29ed24f,9e336163cd8c12f9
../foodsg-233\fried prawn\E05BDJ97TJSBEF8J8PCNAV1B.jpg,fried prawn,all,3ed42fea87399cd906315f39b1747058,9e4568466b9765ca
../foodsg-233\fried prawn\SQOZQWMRARO39EDDIB3WR5HB.jpg,fried prawn,all,ee4172c0d5dc2b4b609944921eacf017,9e4568466b9765ca
../foodsg-233\hokkien prawn mee\21BPB62ALD873HNBOCQCU8U4.jpg,hokkien prawn mee,all,ec9bc419112e3fe7b3bd58a7d9a93852,9e7d4ac8a85b6d84
../foodsg-233\hokkien prawn mee\H6T1449O5SUG35CPVMZ131Z6.jpg,hokkien prawn mee,all,5762a2573eb6064dff6276b7ebdd8788,9e7d4ac8a85b6d84
../foodsg-233\Soft boiled eggs\1D0URM3EPKCCQDYMO50NOLH2.jpg,Soft boiled eggs,all,4c0b24774c9f1897e27171d0f76a795b,9e83e10e3ffe0a90
../foodsg-233\Soft boiled eggs\0J5TL7ZUDT3WGRX46S2SAF05.jpg,Soft boiled eggs,all,0d69869241ed08df36d375df0f5b279d,9e83e10e3ffe0a90
../foodsg-233\Chocolate\IP09SG195THPZWIKXW8WKG5J.jpg,Chocolate,all,7daf096c01965444758f9b42162250fe,9e85f05ac13ee165
../foodsg-233\Chocolate\4P7SQ5IZ1D2GNF3FY8UR8746.jpg,Chocolate,all,cbecc7b6a621adfa1c2deeff40741960,9e85f05ac13ee165
../foodsg-233\mee pok\Q5NQ4I2TLHLF7TPJQOXAS9TK.jpg,mee pok,all,7fcf94b9b180c2d607f7f311c3bc8d60,9ec809a77670794d
../foodsg-233\mee pok\KKFH4TX3HUGUQ4P9HSA61QPF.jpg,mee pok,all,39c456c84e3f9f8d2d3b610c84a1d36a,9ec809a77670794d
../foodsg-233\bee hoon\MQA5O0NMF6SR8RQALMX30JWF.jpg,bee hoon,all,6a282e71fbe837dbbaf9846b6506b629,9ec8386eb72ae229
../foodsg-233\Seafood Noodles Soup\CRW18XBQHXEZKMOTCXCAUVD9.jpg,Seafood Noodles Soup,all,287b57357c4f5597fc71bb5bb6cced3c,9ec8386eb72ae229
../foodsg-233\Pung Kueh\5SNVJNOTZ3YWUFWBQJI5NJXB.jpg,Pung Kueh,all,6549ea458775bc6d20364e48fa4abf3a,9ed455de6e8e8091
../foodsg-233\Pung Kueh\YIF07FDJKYVD9XEYVXXCNMXJ.jpg,Pung Kueh,all,af7d803023a88587a4e05cb48b3ba7ad,9ed455de6e8e8091
../foodsg-233\Mee goreng\JY9EMKXPAY9TIXZXNH1739G4.jpg,Mee goreng,all,3dc9ea22c9959d7eb8e15cff36f4e629,9ed6a468de6d5910
"../foodsg-233\Bee hoon, goreng\I20RGHGX3L7Z09HYJNZMZOUQ.jpg","Bee hoon, goreng",all,8fc05abcac44952549f5376daecc85c6,9ed6a468de6d5910
../foodsg-233\fried prawn\FRT85TWAX7BE9TB7CRD7X7IW.jpg,fried prawn,all,eacd99cc322ddb4edc4a78834d0f17c0,9ede44d513d2c272
../foodsg-233\fried prawn\IJPPLANQD7BOI76IS2SQGJ27.jpg,fried prawn,all,4bd98c60e4a9aa7f8e2b27fd94af0a14,9ede44d513d2c272
../foodsg-233\dumpling\OXVN1MHRTW63HVY4O5VEYJEM.jpg,dumpling,all,d42ea68ebe13df2d7398e7ce9a6ff102,9ef087639a276998
../foodsg-233\dumpling\J0G81YQKROOFH9DJN9WFK5UL.jpg,dumpling,all,dc21d12e7c63f4f853170b60196b2c31,9ef087639a276998
../foodsg-233\chicken soup\1J7IIBO3LMKW0V6484FYF6Y7.jpg,chicken soup,all,ff2556d9af18bc4676f3408174805117,9f0f7016611853f7
../foodsg-233\vegetable soup\JID4CHTX2AB9OYADCKF0WCLG.jpg,vegetable soup,all,2df0c172a5aea64b764808ac8a4dbba2,9f0f7016611853f7
../foodsg-233\char siew pau\APVF3JM3OX31HT9MQ1MN6GSL.jpg,char siew pau,all,b8e05b46e06986e6d83f598849c156c5,9f9460c14f866d9e
../foodsg-233\char siew pau\U3K1MH0YUN995HW9N02EQRW0.jpg,char siew pau,all,df6fda4afa35950dab9ddb5139502d4c,9f9460c14f866d9e
../foodsg-233\Fried Noodles\KN8E5GJ7RIHK56HT2X2J9UIV.jpg,Fried Noodles,all,70b9185df0d6a61f92bbcc8fc6428d40,9f95f85c58d26059
../foodsg-233\Fried Noodles\ZKF3BCASWX8IIX9G9ZYFPDQ3.jpg,Fried Noodles,all,2e0bd9d6aef764da4197037a15d01809,9f95f85c58d26059
../foodsg-233\Seafood Noodles Soup\2CVRF9ZINJLLRIVNLBVUIZDJ.jpg,Seafood Noodles Soup,all,f452962a9ec7e06e5dbe966c37506fc4,9f9900ee4e909bc7
../foodsg-233\chilli crab\D7UVTW5VV7QCHDJ0YI31Q6ED.jpg,chilli crab,all,a88d85b6d57bc862286345423189d9c0,9f9900ee4e909bc7
../foodsg-233\Laksa\5EQYGSXI7607PXE7TSA09EEC.jpg,Laksa,all,0855e49fc990da385def16cc80c3ca81,9fa5849e37a20a5b
../foodsg-233\Laksa\32IUT2N6Y67KKRVQ1655T4NB.jpg,Laksa,all,a64405475eff4863c223e750b6668e3d,9fa5849e37a20a5b
../foodsg-233\mee pok\JR5XQ772QEX73O7NIYGN3S39.jpg,mee pok,all,0063d6115d7b542405c525e14d0b728d,9fac790507169d1e
../foodsg-233\bak chor mee\I1D7QSB3WKYPIG3TMIHDV3CE.jpg,bak chor mee,all,01f64b06c7999e91e5eaa7a7a46b728e,9fac790507169d1e
../foodsg-233\bee hoon\RW3NA3HMNAFD0WZ6L5Q1HVRE.jpg,bee hoon,all,68115136752f3b38035e1edcde774a3d,9fb9e0f6309c6066
../foodsg-233\Seafood Noodles Soup\DD04NPJZ9JY24G8Z3FLCNK5S.jpg,Seafood Noodles Soup,all,9ac199f46af382d3392dd248a237a782,9fb9e0f6309c6066
../foodsg-233\sambal stingray\MLCF2QUOBYQ0J5GC8H5T5U9H.jpg,sambal stingray,all,7d23acb1a082f6271b83c326dbe9aba2,9fd06961e4f09f22
../foodsg-233\sambal stingray\YVF7UM25L0A5Z7SCB6IX7JBU.jpg,sambal stingray,all,a1945bf2b44b105aa1de368146d21092,9fd06961e4f09f22
"../foodsg-233\Don, chicken teriyaki\MN23WU4KYNUSD3RP10CYIOAW.jpg","Don, chicken teriyaki",all,7333f899a48a0b07aade3e16fd5cde4f,9fd0c0f127c729cc
"../foodsg-233\Don, chicken teriyaki\7LV8DL3F8F6ENQU0EY8CNGED.jpg","Don, chicken teriyaki",all,e1832ec53543e237a986654bc95a46a0,9fd0c0f127c729cc
../foodsg-233\Kway Teow\UP8M3DOO05H2R80YSZVET4SQ.jpg,Kway Teow,all,4b28f48fb66092366c7cefbbd19d5208,9fdee520d4125a0f
../foodsg-233\Kway Teow\2WUMX1VQQ2XRK0FAWT7PFM2C.jpg,Kway Teow,all,bcfe16a7867c3636a3333b9645a315f9,9fdee520d4125a0f
../foodsg-233\Fruit juice\XDL1MJ7YZC6AOFENVTB970DS.jpg,Fruit juice,all,9a6b04c4b918b1fa1905a172d3011704,a007cbb2d4ddf129
../foodsg-233\Fruit juice\8N8PFSO2Q7G4M7IBT8DE5H1E.jpg,Fruit juice,all,cd5e75436e3c74104765c0fab4d46bd8,a007cbb2d4ddf129
../foodsg-233\chilli crab\96JNRUFAZR0VPIG2CZMJHE4C.jpg,chilli crab,all,6134d8d1bdfdc9af337458f8b9ca1227,a016e9f4867ad378
../foodsg-233\chilli crab\JHXDCRBEI82UDE81L28JAUXV.jpg,chilli crab,all,cfe888b7b5d524673e7a42aa728038d7,a016e9f4867ad378
../foodsg-233\sambal kangkong\KFHRUMTDAZGM1PWT57W2LA0S.jpg,sambal kangkong,all,3719c4dd06fb35dd8491646a39c25224,a04eafb950c3279e
../foodsg-233\sambal kangkong\KRDL9ODQJTMF4ZVY3TW0LYH1.jpg,sambal kangkong,all,f6ac0df937de2ce1f66bcecc89cb3406,a04eafb950c3279e
../foodsg-233\Lontong with sayur lodeh\PVBQAYEUMSR3Z5MBW5CGW0YJ.jpg,Lontong with sayur lodeh,all,e9485a794ab89ed5fa4eadefc071366d,a0551d25723f4be3
../foodsg-233\lontong\ZFGVXGNELQBI0H6IB6BWZC5M.jpg,lontong,all,6e4aceb43d73bc3357abea2b466d0f45,a0551d25723f4be3
../foodsg-233\cheng tng\H3SMECFO8DC9BCGV07HWHFL4.jpg,cheng tng,all,c63e5c47950ee1cfcc24cefe98671c6f,a06fc3999a669cb4
../foodsg-233\cheng tng\4WCB5JRYAB6ANWLQNB7C1LL1.jpg,cheng tng,all,c95bed8736d23232985d3a2b245147d5,a06fc3999a669cb4
../foodsg-233\sliced fish soup\PNEIUT8UDL8PBBWR341GP68P.jpg,sliced fish soup,all,238610e70bde79129f9db19db178ba86,a0709f48dfc97a31
../foodsg-233\sliced fish soup\IL84VMZQ7QC79SMDU3SAAK7D.jpg,sliced fish soup,all,fa6448e35966abc7d80a090f5bf17b6f,a0709f48dfc97a31
../foodsg-233\Mee soto\QPA81PCS7DG6OHOTK6R6XVSU.jpg,Mee soto,all,e52b10f3c628877ed694566f1808a3ca,a072971f5c4e989d
"../foodsg-233\Bee hoon, soto\282ZZ33WHAAFSV1H741T5SYD.jpg","Bee hoon, soto",all,4b456368b84cdca3ad082c12ec24ce4c,a072971f5c4e989d
../foodsg-233\wholegrain pasta\AAZKU1AQGSO2XRXIAD1NR8LB.jpg,wholegrain pasta,all,761650121ddd0de0eeb5cfb45fff35c8,a07d15f8b7031e99
../foodsg-233\wholegrain pasta\H3DOLM3KFPW74JANVGNE9VMJ.jpg,wholegrain pasta,all,b8bc8400ae38081f225fbb4c19251928,a07d15f8b7031e99
../foodsg-233\Fried Noodles\N0XGA2VNQJ2YXFJF14RD0RYM.jpg,Fried Noodles,all,a008e24766c4283a4b7e6aea928068c3,a087873e9e717472
../foodsg-233\Fried Noodles\5VWRQLN6FUHJ96I4KS9Z2EPU.jpg,Fried Noodles,all,4411e60b66d454f04091fc550c4cafe8,a087873e9e717472
../foodsg-233\nasi lemak\2BUR4HPU7X6X2I1C7K1K68QE.jpg,nasi lemak,all,a9fdb4a6a15c43d4612e7f85756d5d72,a0932f6ca8cf635c
../foodsg-233\nasi lemak\HI1OIXBELJJA7LFQRUPZD867.jpg,nasi lemak,all,5e01a2acc40e1915e663aa50963d4ef6,a0932f6ca8cf635c
../foodsg-233\mangosteen\2BMM4PGTAIB5EZIBGVOMG80R.jpg,mangosteen,all,f4fdf8d3c9a2a3a68d47201e5334b384,a09e87fa9e791261
../foodsg-233\mangosteen\6492LFZ2L5QK7M7R5AS42RH0.jpg,mangosteen,all,3f18d142036546d8b1d5c0fd762f7cef,a09e87fa9e791261
../foodsg-233\egg tart\YZVEGWG3NKR9192WJE9J75CI.jpg,egg tart,all,79cea974833cd3975005da42ba7e76dd,a0adce52b15b3ed0
../foodsg-233\egg tart\4SLZOAJ14CM5RCLQ80VT1XTZ.jpg,egg tart,all,36c6d031cc88a51bb3605a84b1bc3829,a0adce52b15b3ed0
../foodsg-233\Kway Teow\2W6IGT5Z4AWW0XFXR6MZ7A2G.jpg,Kway Teow,all,833d58a011a8ac74c775fbbabb3f4c94,a0b907524f4db7cc
../foodsg-233\Kway Teow\LJRLJCCNHT522VCUBXMMK6L0.jpg,Kway Teow,all,e836052b0bea44bdd8104069875d5259,a0b907524f4db7cc
../foodsg-233\bak chor mee\4DOLPH2RKH3XWRZ5UQ956TVL.jpg,bak chor mee,all,f0a98fa6955c2a9995461b10bd2f6711,a0bc87ee9f311b22
../foodsg-233\bak chor mee\7XLBTROGC14NT8WWU5WWVHJX.jpg,bak chor mee,all,da0b3505ca774217d0985a6e4ac10d38,a0bc87ee9f311b22
../foodsg-233\CNY love letter\CGBYBT3NRLYEBUE3WP0VKDE7.jpg,CNY love letter,all,cba2bf99ef3768a66fd7a0dc487ef2e0,a0c31fbc3ec070cf
../foodsg-233\CNY love letter\GTYR0LS5IK4UW7V6HXTRJ6D3.jpg,CNY love letter,all,7aa0db26eeb125f07c6e81cfb5e314d1,a0c31fbc3ec070cf
../foodsg-233\Kway Teow\GGZ9MX2EB64LBIASSEH15MZF.jpg,Kway Teow,all,b699ee4e3740d24faeb594552d7f0c8b,a0c49fa73cbad88c
../foodsg-233\Kway Teow\I7SN5LH4RA4T51ATAU517L10.jpg,Kway Teow,all,f5cd5af68acf424d18b5a990374fddb5,a0c49fa73cbad88c
../foodsg-233\Grapefruit\CSWUWVT9RGBY30K80N77CU7U.jpg,Grapefruit,all,e936c02581963d7c7832d3cceb7afc1c,a0c79d6862bec738
../foodsg-233\Pomelo\S7JSQFU282H7S82VL3M4NVZT.jpg,Pomelo,all,7dd0bb2f7a5ba45138f24c3f6023d84d,a0c79d6862bec738
../foodsg-233\Pung Kueh\QEAP5MJQ385FRYDB5RQS52PW.jpg,Pung Kueh,all,c3abd788509b1e0e404f9d3bc1e0edfb,a0d24bb83893b5dd
../foodsg-233\Pung Kueh\5V59607EFFK6CXE10LVH3GJ5.jpg,Pung Kueh,all,34347c85f4e97c2baa657e34bdb2ada9,a0d24bb83893b5dd
../foodsg-233\Pung Kueh\SXMRT00ZP3GDETDTGR00HSBC.jpg,Pung Kueh,all,2b20a7be33714d5eea8d700af9d866a2,a0d24bfc7a3238d3
../foodsg-233\Pung Kueh\IWUXSSHBW9VS5VYGI3GEWGPI.jpg,Pung Kueh,all,d6cffa4546292bff96f2e93940828ba6,a0d24bfc7a3238d3
../foodsg-233\Mee siam\FBSPYCV9O4A96ZBVIG08R0TZ.jpg,Mee siam,all,e7729cf98225858d2dc4c0b540bfbc69,a0d69fa8d5c17ec0
"../foodsg-233\Bee hoon, goreng\RGZ83TOAH9RVABBLESTNUULF.jpg","Bee hoon, goreng",all,fab4edee1dbeb0bd2652361e378cb128,a0f18f9619d97439
../foodsg-233\vegetarian bee hoon\6M8D2RLKKX3RK8TNPLAA6PTZ.jpg,vegetarian bee hoon,all,7b3bc9859b5576dfb0587fc4c98413c4,a0f18f9619d97439
../foodsg-233\Mee goreng\5FDUIP6G15XVHUH8G2WTFMTN.jpg,Mee goreng,all,275dcbae5a56e81dbc9490e8a99dcd26,a0f18f9619d97439
../foodsg-233\bakso\11FG93N0NWKKWGYW6APWHZBM.jpg,bakso,all,ede7117cbd480ab36c7b504b9d97e5a5,a0f197e29cc31a4f
../foodsg-233\bakso\UYACCGZOXV5H4V6JEMLUE38L.jpg,bakso,all,cfd07a98c0359ac3248f3bb538e402c4,a0f197e29cc31a4f
"../foodsg-233\Pilaf, pea\7NNTDZFKTFSELZVSQRZ8H1GW.jpg","Pilaf, pea",all,84c6f4ccd8b9471a6ad48aea4cce609e,a0f19ff0f887861c
"../foodsg-233\Pilaf, pea\06T3JBR0M9HIWTJO951JE6QS.jpg","Pilaf, pea",all,97dd64f3bdaa39c47d1ffb49314d7296,a0f19ff0f887861c
../foodsg-233\chicken pie\OEDX0R4A2VVDCPB0HBCEG3S2.jpg,chicken pie,all,741602815707669363c186f34171e33c,a10617e7c9f01f8d
../foodsg-233\chicken pie\YD67500D90YHVW13WPQIS7X1.jpg,chicken pie,all,e1837699e01ba8ef59369e33ae2022c1,a10617e7c9f01f8d
../foodsg-233\cherries\LML9LTN4E10UA43RVNY6Z8M6.jpg,cherries,all,c0c1ae4aabde2b2e4c8bc0a4af4ced20,a11897b73f099279
../foodsg-233\cherries\5KIYA8T4PTT2YNPB7VLH6JZW.jpg,cherries,all,1ae1d9b64f115f9b046e0188e59bd35c,a11897b73f099279
../foodsg-233\Pung Kueh\P10YWE5DRSMJ4C3Z9U91C40A.jpg,Pung Kueh,all,08ae79f63c5109bf882277b06616e452,a1191ee66d6e720e
../foodsg-233\Hor Fun\PGR04AXBSAP48DG3L28RIKPM.jpg,Hor Fun,all,1483288b774dedfdb070124fbc32ca74,a11c0f7897439ee6
../foodsg-233\Hor Fun\ROA8R5XL2WG84GU0SDDVMTAP.jpg,Hor Fun,all,65eb6708bb83ed1e964b38ba3ddedc6a,a11c0f7897439ee6
../foodsg-233\sliced fish soup\KV2GAUYGAY3B7OG9WG55Z1TW.jpg,sliced fish soup,all,8c1d6527700ee23ab816eb107bb774d7,a11cdff9d0a1d066
../foodsg-233\Seafood Noodles Soup\KHH7W6QDWODXY5XA5QP3XG9V.jpg,Seafood Noodles Soup,all,5e4a054de9ca10409fc13a766e4fcc4e,a11cdff9d0a1d066
../foodsg-233\fried prawn\9TBUIGAH05YM440W4OUEKC2J.jpg,fried prawn,all,e3b177436a29b89ec3e9bea1b192e5ff,a149deb2c3a709d9
../foodsg-233\Chinese fritters\YH5FTRI61BN5G4C8VXRU92ZZ.jpg,Chinese fritters,all,2ee3c5901436debb9f11c8bbbc4c1d6e,a149deb2c3a709d9
../foodsg-233\cereal prawns\E3JJALA57OTBBN89K57ZG5C0.jpg,cereal prawns,all,ff83a344d4694eb6db467ab15c1104cb,a149deb2c3a709d9
../foodsg-233\fried chicken\BH91MLSZ8PAX8BMZZACF4OHN.jpg,fried chicken,all,2e684a3f0bdce74862ba2faff25c10c7,a15c9661696a3c9f
../foodsg-233\fried chicken\1CM7X72O8Y9Q3MMMX6PHSQCL.jpg,fried chicken,all,1206d8dd4a31d6278edf9d9a96a05547,a15c9661696a3c9f
../foodsg-233\Indian Prata\TVUA1AO0QANVBM2NS5R9IU3L.jpg,Indian Prata,all,f4565f5472d7cd3aa5d70d48bdbba16b,a16a853cdfe055a5
../foodsg-233\murtabak\6IF4JGJ2V9XFO4X999YHGH43.jpg,murtabak,all,cafa0b931fed79c9102745ad1c9ab06e,a16a853cdfe055a5
../foodsg-233\char siew pau\GSTJJD698ZPRFZEUP84JKU4U.jpg,char siew pau,all,99f63f2caecae93f151f364dd6394d6b,a181de7c47993867
../foodsg-233\char siew pau\YB549DNFNBWUOONZBT0A3BU6.jpg,char siew pau,all,873954aaee42b2473875ac6a4b04b469,a181de7c47993867
../foodsg-233\chwee kueh\9T7C8I9ZCTJ4OJAQV38X7DVR.jpg,chwee kueh,all,16024f929be283f5d354fa9a09fa32b3,a18582fecd70de34
../foodsg-233\chwee kueh\4SSCDID19O48ZV89E399N5ZA.jpg,chwee kueh,all,e21d268d1c57f6cf7b8e6fa47883cee5,a18582fecd70de34
../foodsg-233\Pung Kueh\ZMB87C4QT3R6GBBNE7959U1H.jpg,Pung Kueh,all,89016368a034894a8c144a89ea711a83,a18e9a398e71339e
../foodsg-233\Pung Kueh\V4BJGA6TNR16MHVDB20FCC6Z.jpg,Pung Kueh,all,5d8d451ed21532b897b083c146bc9f92,a18e9a398e71339e
../foodsg-233\tutu kueh\M1863NN2XNB0APPZCKON8CS1.jpg,tutu kueh,all,f6c0bbfe3ea5bf75038eef833d82e707,a1975ef8a82e3631
../foodsg-233\tutu kueh\AZEMAB93V7UQ4ICCVJH2AMLP.jpg,tutu kueh,all,2a49b7780ebab1a5855dde4ad45f0711,a1975ef8a82e3631
../foodsg-233\satay bee hoon\AHYR9WBF4TL6JNPT0YAHTT5J.jpg,satay bee hoon,all,6c44b74bd198d8cf4b0ee57a3e74bca9,a1a3354f54f198d5
../foodsg-233\bee hoon\W50FMV51P5085JTOAQLJGTVX.jpg,bee hoon,all,c2df510b9d556f4c01585ddcca7a150a,a1a3354f54f198d5
../foodsg-233\Soto ayam\KK02OF79YT5QUH4UGDHQMQ8F.jpg,Soto ayam,all,9fffd31d97f123fcf43d57a03b0edfab,a1aa94e36eccce85
../foodsg-233\Mee soto\UJZK2TXMP1RYJQR6ZP2QPOTU.jpg,Mee soto,all,c88ee7256ccc991833f8f71f8acbad07,a1aa94e36eccce85
../foodsg-233\Fried Noodles\O6DY2TZE47WJ5GZU5ZI904TH.jpg,Fried Noodles,all,679d19c959e9c5d4ba12710d08e76413,a1b636b09bdbc9c0
../foodsg-233\Kway Teow\IKNPQZYLA7XJ5R342Q1BWQIK.jpg,Kway Teow,all,39b8ff2d989b1c6695d3c129153210f2,a1b636b09bdbc9c0
../foodsg-233\cream soup\1W1GAGBST6ZEA3AO31OV94T7.jpg,cream soup,all,46819d4826eefdd65283d93e9b1842aa,a1c03797d072729f
../foodsg-233\mushroom soup\WMG42FI3MYHRUWZJ0CNSPT6O.jpg,mushroom soup,all,218fadc9680cacb7eb8007a131fdfa19,a1c03797d072729f
../foodsg-233\lychee\BXIM2KU4KPAW9NWD2P835910.jpg,lychee,all,c5a5981a79103d9097e22511833b9959,a1c9db6ac5b482b5
../foodsg-233\lychee\YXDVM08C3TDDJK8I9051AS4L.jpg,lychee,all,2a8e2da7bd46dcbd1db8d05ccb3499f2,a1c9db6ac5b482b5
../foodsg-233\miso soup\0EYZ7HJFKGQAKEFGHJBK937H.jpg,miso soup,all,8f2298420a607267ccb54ef652bb556b,a1ca36add2b09a8f
../foodsg-233\miso soup\CWGFB8210NAEQOI3XVZ09SV9.jpg,miso soup,all,0fe36ec9c5b2a8ddea9be534dd49b2a8,a1ca36add2b09a8f
../foodsg-233\chicken wing\COI0AZZN9VFGBJ78UNZA56HW.jpg,chicken wing,all,59193adf47135092af2e7c0a758179b6,a1d39fdf78422149
../foodsg-233\chicken wing\8D8NHPBBTMABGX1GL7S0C52P.jpg,chicken wing,all,d790b27f5d9faf521269a899d6f0d946,a1d39fdf78422149
../foodsg-233\tandoori chicken\VV5FHMTA1HNAGTQQLWBW2AM6.jpg,tandoori chicken,all,0012471381c7d6380d4bd18cf45e6d79,a1e39f926c4d30c7
../foodsg-233\tandoori chicken\AGIY9TYJBBV5EX0A5XQB6VYX.jpg,tandoori chicken,all,0a7aafdf26c88fe453af793ba2e3f4ad,a1e39f926c4d30c7
../foodsg-233\rojak\LZI2VH23M7USPJMF4ZLQ1G0W.jpg,rojak,all,015d9c5a05d2d4132975c36b963186fa,a222f16bc1f45ba3
../foodsg-233\rojak\0UWQQEGHIOPTKHRQVY8WBT4D.jpg,rojak,all,db1c16c9fb874d43f0ea8093a10276ab,a222f16bc1f45ba3
../foodsg-233\kway chap\9VK9PGX8XAOX5ZH2J0SANNJ5.jpg,kway chap,all,c51119a4f28e0d7b25b0a5b0205f108e,a23af5a07b12d993
../foodsg-233\kway chap\1FS0FVSSN2SAX831HFJHUIWD.jpg,kway chap,all,5b072ef072c7a3a88554bcf6fb199f14,a23af5a07b12d993
../foodsg-233\honeydew\OMEW7YQS3SGGZU1OMN69REO5.jpg,honeydew,all,324b025aa1835bcd4ff987f554e10b0f,a24d7f22b55ac82d
../foodsg-233\Fruit juice\GG5KR93VL1JARHO28EPNYJ8A.jpg,Fruit juice,all,ebf2476b34feb3c1159ccaeb37d28880,a24d7f22b55ac82d
../foodsg-233\cheese fries\7J0PWT5ZIN9HLWSD7ERIT746.jpg,cheese fries,all,f069c4b9490db8cdc9a8a2be96091acc,a26ae80c9db795c5
../foodsg-233\cheese fries\EK1WVMPL2DI8W81EBY497L50.jpg,cheese fries,all,6a32f620e16babebea03777b3e6184b6,a26ae80c9db795c5
../foodsg-233\roti john\TXKQI6H19Z5WCLNUD9MYOY92.jpg,roti john,all,dfa84cf1cc28aa3b482db4d5d18e6e02,a281b78f485ce37a
../foodsg-233\roti john\M1Y0XR8GGZAQBIRAO23L0SL2.jpg,roti john,all,27e71f3115beecb985437eaa2edce444,a281b78f485ce37a
"../foodsg-233\Bee hoon, soto\K66GXKUOK97JI98MB3UGR6WG.jpg","Bee hoon, soto",all,5813fd1e40d4a696c9d963f94e738634,a28e67377838e16c
../foodsg-233\chicken rice\V1L0A3XJ6Z3TTY1M0XFOSOCL.jpg,chicken rice,all,26919671b71e9713f2ee0951b22530a4,a28e869f766a899c
../foodsg-233\chicken rice\2N7F4JJFLJA86MR0LGOZ5BLL.jpg,chicken rice,all,728ddb5a1632527bcd6fa4cab62265b3,a28e869f766a899c
../foodsg-233\Grapefruit\T1Z37NMOAAYQJAB1857J0LLV.jpg,Grapefruit,all,8512d3b87a1e6c9fc465f30918a42158,a2a5161b4fd2d91b
../foodsg-233\Grapefruit\J0LVUMG2ON0EHMPF7VDNODUL.jpg,Grapefruit,all,c35f3cea97cb4c598eeaaf01b7236d43,a2a5161b4fd2d91b
"../foodsg-233\Bee hoon, soto\0VOBTPB439IJ94EVBF4SO413.jpg","Bee hoon, soto",all,1964cdd707f266f9f79d49daea892cd9,a2b2bb51d88a4d5d
../foodsg-233\Mee soto\52KVH8KW6EUFN6V32G1ZZ37Y.jpg,Mee soto,all,264a29f2ae8d969a389a6b0dcf2bbff1,a2b2bb51d88a4d5d
../foodsg-233\CNY love letter\8LRUTUGZJABQ6Q3X9R215M90.jpg,CNY love letter,all,a1afd2b29135e4fcc9f95b42bcee1f8b,a2b7c504fc60b07f
../foodsg-233\CNY love letter\PAF33DLK2OKE93MG9IOO2YGQ.jpg,CNY love letter,all,e2ca70011ef5b19beccef37976a8389e,a2b7c504fc60b07f
"../foodsg-233\Mee siam, fried\FFZ5E5LS4C0HNQ4QVZN46IVY.jpg","Mee siam, fried",all,3717bd115d8cdf1d2357d03b7993fc88,a2cd47d68adcb152
../foodsg-233\Mee bandung\KMA5TGOWD4K227SK0IN8YD6I.jpg,Mee bandung,all,180792b167ab8bd9134f41bb55c676ba,a2ceb839c52f1ea4
../foodsg-233\goreng pisang\F48ZWJ545XT8B4H9GDVV3JZO.jpg,goreng pisang,all,4fb9027dfb2dc2b325c10dfc85dee9d8,a2d4635ba4275b78
../foodsg-233\goreng pisang\YJJFV92HFD6BW02R10AO7KSB.jpg,goreng pisang,all,296da96331dc773a54d44d1c796df59d,a2d4635ba4275b78
"../foodsg-233\Bee hoon, goreng\R8CDVR6X54LLMC0B1JVNI29Y.jpg","Bee hoon, goreng",all,b47119145071d723bb07cd1b881b3d5e,a2e7c47343a48d8f
../foodsg-233\vegetarian bee hoon\NDHUPDIXMC5RG1M5ZYYGIMOQ.jpg,vegetarian bee hoon,all,47bd8464df7485cd2ea55cd2f56a7e9e,a2e7c47343a48d8f
"../foodsg-233\Bee hoon, goreng\J4V0AHQN7WHHUTE0Y22LW3DW.jpg","Bee hoon, goreng",all,6a0c8d959a636e84603b42370f00856d,a2fe0b9975265523
../foodsg-233\vegetarian bee hoon\3DRG6UAC9RXZ89UYVPMBMZZM.jpg,vegetarian bee hoon,all,221a5defd8fc252f15c1f5049af272a7,a2fe0b9975265523
../foodsg-233\Bubble Milk Tea\C6K1O4TGOUAC04QBAI4S3OKT.jpg,Bubble Milk Tea,all,44002409eb627f6170c915f64ae6c582,a31fe4619b278f82
../foodsg-233\Bubble Milk Tea\0LOVIE1DYC4OPT66BG6EL91X.jpg,Bubble Milk Tea,all,e2277263bb00d6620db47b4f6f4f0240,a31fe4619b278f82
../foodsg-233\yuseng\XHOPI6DRNRC7QXGBG7UF97U0.jpg,yuseng,all,188fd6080030a3783c8560d50b3cb133,a32c55f8ce03e81f
../foodsg-233\yuseng\7T6336AS3FOPEYOVAC8KO7J8.jpg,yuseng,all,027fe06424457488889b3f400e46dada,a32c55f8ce03e81f
../foodsg-233\singapore sling\TO9CEJHSV6C29MKV662TSGPT.jpg,singapore sling,all,9358cf3520a3739738ecfe4b3563c0cb,a359c826fc229f69
../foodsg-233\singapore sling\ON5K2MY544JHKOLS0P2Y8LUA.jpg,singapore sling,all,a626afea7c1edf52d8af5067dfa36d21,a359c826fc229f69
../foodsg-233\whole oats\OHAO3TNZKEX16SIF89I2PQ28.jpg,whole oats,all,5351da319cbf564ed0157f02315bcdd0,a398d5478c6f82b9
../foodsg-233\whole oats\OHG824PKUOMZCEA3O0XPLIDX.jpg,whole oats,all,a43ae8ba0ed056b2f9e71b23c371e432,a398d5478c6f82b9
../foodsg-233\mushroom soup\HIBTOYJ3MDCWFJ1O7X2MWXG3.jpg,mushroom soup,all,bd3a9d6fd0e570f94cd09b5402bfbe38,a39adce5d0522bcc
../foodsg-233\vegetable soup\QE2MNWWTTKY05IMEYRT6W1A6.jpg,vegetable soup,all,395c5106a41e7f192f07801fd48eeeaf,a39adce5d0522bcc
../foodsg-233\bak kut teh\L254AO42N07XDXGWNIZ7H3V0.jpg,bak kut teh,all,d3c92eead42e8247449411a727857d3a,a3c710bf3cd0e24b
../foodsg-233\bak kut teh\CWU77O4I6LZOF4VJSQJV5VH9.jpg,bak kut teh,all,dcfd0a61a43e229b8e2734bc58bacd0a,a3c710bf3cd0e24b
../foodsg-233\Bubble Milk Tea\KO9HUFALAYXDT2Z9H2VT9KDH.jpg,Bubble Milk Tea,all,34fdd66b18f47bd34369fe9d4f6d2b97,a3d91977881d6336
../foodsg-233\Bubble Milk Tea\M8RONV6FTADQI2VSG4UIK0FT.jpg,Bubble Milk Tea,all,583110cf500bdf8ba7e64bd9cea84938,a3d91977881d6336
../foodsg-233\steamed buns\3FZO66V79ZEEV6DU4CLCCPQY.jpg,steamed buns,all,3ae684215d1b60d5cc3559ed1034fd9b,a3ded229680f7592
../foodsg-233\char siew pau\I0C94YIRQC2CDN9LNEO797TL.jpg,char siew pau,all,b82c14e3d49f414153ef614457837c75,a3ded229680f7592
../foodsg-233\chai tow kuay\Y14SQEDZTBWAJ50T6WBXRNQC.jpg,chai tow kuay,all,0726bbf6f8f13884b389913c7c2acb9c,a42d76f1c89681fc
../foodsg-233\chai tow kuay\A3H3ZZS74WB7U93T5WIBZCQ0.jpg,chai tow kuay,all,f39a44e037359818df1e4fcde747af4f,a42d76f1c89681fc
../foodsg-233\Wholegrain Wrap\7F928C62G48PNSMT151UHCJ5.jpg,Wholegrain Wrap,all,ec16d8c8c02884135bc3b84ba05d010a,a43435b67ee2c89a
../foodsg-233\Wholegrain Wrap\C9CCA26JBURHWCRSKQ9GDDBX.jpg,Wholegrain Wrap,all,ae5765ee95f0d63ad3e8a25524cdc2a9,a43435b67ee2c89a
../foodsg-233\tandoori chicken\X7JHRFPAGYQFIJ7EEYDYA56C.jpg,tandoori chicken,all,d000b60400b00fe0c9dc082c060fc979,a43dc3b21f608fc5
../foodsg-233\kebab - chicken\DZG8MFKML1IB7XF1X7RPD01B.jpg,kebab - chicken,all,a856b049172ba714ed43cf847013120f,a43dc3b21f608fc5
../foodsg-233\Peanut Pancake\KHLMPP7SCERN67A84VIXHPDA.jpg,Peanut Pancake,all,25c337539f35259710a9f2cc31b20eb2,a43ed9c2c53ec43a
../foodsg-233\Peanut Pancake\5TLA61PLRJWLI76LHN5P5WLB.jpg,Peanut Pancake,all,668067d65d5ddbb619774700160bf99f,a43ed9c2c53ec43a
../foodsg-233\Chocolate\6QXD6XY3046ZD3FAPU8ETBVP.jpg,Chocolate,all,fb41268e9291933b07e1a496b37fd388,a461e2969bd99d64
../foodsg-233\Chocolate\HD4XYSOLM4MVUBF9FLG63IIN.jpg,Chocolate,all,4d067a7b58737cd593924aa19ed4b981,a461e2969bd99d64
../foodsg-233\begedil\FUF73ABVMM2U2OWGXK07MQGM.jpg,begedil,all,3225706963f2b15b25c5adcaeee0ec7e,a47a03c57ef039ca
../foodsg-233\begedil\R5O5TISGVF0I3JAJ3HYUQGMV.jpg,begedil,all,6fc7dc5352c1d8f3fdafe668c8801eed,a47a03c57ef039ca
../foodsg-233\vegetarian bee hoon\OOZL6VC8ON1KSOGYH1L6RYFE.jpg,vegetarian bee hoon,all,6a1f6164295c0f36b24e7e75769e27ac,a47aa25d355b5aa1
"../foodsg-233\Pilaf, pea\IY9JZWG8U39XC17NSKVUSECD.jpg","Pilaf, pea",all,b76984b082c9e5828e86f403c1fc83c3,a493ca6c9966cb99
"../foodsg-233\Pilaf, pea\WRPUZLL536E4IGQNA878NZYV.jpg","Pilaf, pea",all,5035906c8778cabf2448d01a1e84175f,a493ca6c9966cb99
../foodsg-233\cheng tng\IDOGBGZ6PL4NT262YQGO0TCR.jpg,cheng tng,all,fa9ffa34dd78a5fbf125126f763c0e88,a496db6bd8943163
../foodsg-233\cheng tng\0NWRTRF8Y89FG1BNQGAFYPV9.jpg,cheng tng,all,00eb50984e603e6ea120264a94902d2a,a496db6bd8943163
../foodsg-233\Dumpling noodle soup\XOOGLCMFO77D5RETT6P5V6TO.jpg,Dumpling noodle soup,all,87ad88d925b1d00caae8581e53dcf4a3,a49adf0900f7b3c9
../foodsg-233\Dumpling noodle soup\O9W80HYHKO0M7O8P99XGP0GO.jpg,Dumpling noodle soup,all,eff4e364fc8c0275374d0b976e2496d2,a49adf0900f7b3c9
"../foodsg-233\Bee hoon, soto\HUC8YD49REL03T4NC5U7C6BS.jpg","Bee hoon, soto",all,0f426bca3591afe3fc25e4683a3ac95b,a4b212b46bd13ccf
../foodsg-233\Mee soto\P9GPNOSA72G6F7ZD4MWTU5TG.jpg,Mee soto,all,be550913530d71900fb51eb5997cd879,a4b212b46bd13ccf
../foodsg-233\hotplate tofu\PZK0V346SEUQO1Y14JG01WUO.jpg,hotplate tofu,all,889fbffa32e4e6ae9c9b143387e13e0b,a4b4f2c9c9058fcb
../foodsg-233\hotplate tofu\746SR0CK33WVIDP6EAI9YRCV.jpg,hotplate tofu,all,3c3b667e011e5a35641a58a36fc47cb0,a4b4f2c9c9058fcb
../foodsg-233\drunken prawn\97KMXEDIKHSFAPTPS4S6C0SN.jpg,drunken prawn,all,5cae743227b97e3d701640fd5effca2c,a4ba2c396bd8f162
../foodsg-233\drunken prawn\OJU174EE2K17VI8OKRVTZCYL.jpg,drunken prawn,all,b9fe6a16c5b329bbfbee44cd7543ed18,a4ba2c396bd8f162
../foodsg-233\singapore sling\MOWYH7DEGGLH35J8NIUEOCT4.jpg,singapore sling,all,aa4f0ed1e9c3bbbb477eda253b816fea,a4cd9211cef36c63
../foodsg-233\singapore sling\R21ZST5CPGLP5M8JF2C8N555.jpg,singapore sling,all,1ca18fe7b908ebb406df0cb62860b567,a4cd9211cef36c63
"../foodsg-233\Rice, korean bulgogi beef\3HGGYDF8INQ9G8E38ZTZLK1J.jpg","Rice, korean bulgogi beef",all,3cdf11d3195d4bf982cf439b921218d6,a4d557224a9f1f29
"../foodsg-233\Rice, with dakgalbi\PMFVT801S5QEHPWOFMVHHKN2.jpg","Rice, with dakgalbi",all,cfe7de349ff0d7e47fd709998a7947ad,a4d557224a9f1f29
../foodsg-233\rambutan\7DT6WJJIAC32447SZV094GME.jpg,rambutan,all,4e74a53817617a11491fdd3b24f3d96e,a4d6c62bb061976b
../foodsg-233\rambutan\A06932RAKM1YT2EH3TTCI8YN.jpg,rambutan,all,8e6172ece3d46302e2bef3e0e3c239c0,a4d6c62bb061976b
../foodsg-233\spring rolls\8J322IWMZYE2JHS5QAHFLZI7.jpg,spring rolls,all,35fac385e4c9725253a7363fd2c07790,a4db3b5927a4924d
../foodsg-233\spring rolls\538WEIQ4V0KMDULHVPXGOQES.jpg,spring rolls,all,71e7892f8dcfbd2053e86666150c6891,a4db3b5927a4924d
../foodsg-233\tumpeng\YXWUZNXVVSSRV1PHNB4G5F0L.jpg,tumpeng,all,f5ea154db7e04924f9baf2917d94d39b,a4e9c4b12d966a9e
../foodsg-233\tumpeng\QW2ULWWZKTI5HF4I33LXSCRS.jpg,tumpeng,all,a6d15706aad020551121f2f5a90344ad,a4e9c4b12d966a9e
../foodsg-233\begedil\PJT15HPOAM3BDLYOQMLWF6O4.jpg,begedil,all,12a219260f3a9d98eca7938bf01429e8,a556113fe9a881f3
../foodsg-233\begedil\7KOPZWQXJYK2RO0Z1RNYR3LT.jpg,begedil,all,0187cc680dfe48d1c53ecd95334b9308,a556113fe9a881f3
../foodsg-233\satay bee hoon\Q17SWJQCBQF0IK0RT4HXCBFG.jpg,satay bee hoon,all,27b8e0b5a177280f414f573ac3d7bdf7,a570cedb18033ea7
../foodsg-233\Barley\XOD46OE2TVAN2SQ9CVFBYRYU.jpg,Barley,all,dbe808daa80522adb6abf3fe29c353b9,a570cedb18033ea7
../foodsg-233\goreng pisang\H42DEJMLUGBRO7SKRHKTZZMY.jpg,goreng pisang,all,fd9fbc419c8e8e2db865d8d711342f20,a57a16ae7c283c27
../foodsg-233\goreng pisang\DN759EU8D8ARTJ8YFLBASJ7I.jpg,goreng pisang,all,99244e03d60047bc395de7aed68cecbc,a57a16ae7c283c27
../foodsg-233\Mee bandung\D9BW03GWA5A7I2XCZV0HLLZ2.jpg,Mee bandung,all,9b9e9305dcb7c395ef3cf325dc97fff9,a581ee61aa9b4973
../foodsg-233\Mee kuah\TICJWQ55E38ZF9G8PONV6EXU.jpg,Mee kuah,all,ba1cb15a9a109bf3e4db9ae4b182f10d,a581ee61aa9b4973
../foodsg-233\Mee rebus\1TKL0TN62IBCN7BTLM91PK1I.jpg,Mee rebus,all,410adf23c411a3e1c1abd7dd6f933a02,a581ee61aa9b4973
../foodsg-233\Mee rebus\9VYGTOPQ7Q5WL57NUWLQAZC1.jpg,Mee rebus,all,2254c7846748e813d5823a14fc6a2058,a584d84dc13f1bb6
../foodsg-233\Mee rebus\ZTCI35YAWL0W7QO3CBZKGUF6.jpg,Mee rebus,all,efffaa5cc8aaab41f64c39e7adc283d9,a584d84dc13f1bb6
../foodsg-233\Grape\6WD7M48EFT1CNYHSHM4UIBW2.jpg,Grape,all,eaa31b8c39ed80ad3538a36145bf0703,a594d04b711a7be5
../foodsg-233\Grape\HIV9G76V11N9JFCSEH41UHNC.jpg,Grape,all,0246aaee19b05e9384a4fdfeddb3f133,a594d04b711a7be5
../foodsg-233\bee hoon\DBQ51DD630O1P8ZH056RMFP6.jpg,bee hoon,all,cf1de5feb69f4f28261f25cac6cfd600,a59656504acb4fab
../foodsg-233\satay bee hoon\7KTTV06DSKWJQO2B7Q0442HQ.jpg,satay bee hoon,all,4ea9fd7317bde0a180d1d405d0c78e6b,a59656504acb4fab
../foodsg-233\bak chor mee\7J82RJ2UXB8O3D0KJ5AA44AD.jpg,bak chor mee,all,8e04746d457e71cdd10fc80bca551c77,a59772a031cdd8c7
../foodsg-233\bak chor mee\CT18KKNIB2LWA9C9K41YOK2P.jpg,bak chor mee,all,de39e230ec39ae5bf0c656dcbffdb275,a59772a031cdd8c7
../foodsg-233\Lontong with sayur lodeh\XFW4Z3KSL6NTAJSOL313Y5CW.jpg,Lontong with sayur lodeh,all,d8e78a5ab2f8b749547ae41d1f50008c,a5a294cb321cdb75
../foodsg-233\Lontong with sayur lodeh\XT4E3593JCFNEJ7JENPCWETR.jpg,Lontong with sayur lodeh,all,ed31f06f02859e74ffef01f9a05ab8c6,a5a294cb321cdb75
../foodsg-233\lontong\9ET4486XG1TQF32AL7UYVYNO.jpg,lontong,all,aec01edf5e91804fe4b84df446142b13,a5a294cb321cdb75
../foodsg-233\whole oats\UHEUZ7CTTD7X4M2B9J561SUJ.jpg,whole oats,all,98559cc8cb2b615f3d72609c13b2c7fc,a5b931de4ec021cf
../foodsg-233\wholegrain muffin\0MWLI0E3ZUFACT39245MLK8O.jpg,wholegrain muffin,all,807499832cfece8f13754580364a4927,a5b931de4ec021cf
../foodsg-233\tom yum noodle soup\A4W8LZIB11876C60UZ1PPAVR.jpg,tom yum noodle soup,all,b867e6b49ef4ab95e7c987f2e3808826,a5bbd6ecd8845909
../foodsg-233\tom yum noodle soup\O1GN5G4DKB7D3JZBZ56684EO.jpg,tom yum noodle soup,all,55b7bfb61d7aaebcc26f93dd659469d8,a5bbd6ecd8845909
../foodsg-233\rock melon\XS88THACUQ6G2OG7FSM2EZWW.jpg,rock melon,all,6eb9ff7974912290fbfd20138f9485e1,a5c39e1ec930cf91
../foodsg-233\rock melon\71Q5UWV5IC1LD2V6996UC5YJ.jpg,rock melon,all,7351420b329c4b061d5435fddcfb3217,a5c39e1ec930cf91
../foodsg-233\Fruit juice\59QRQENYPW8ODA1MPINUSIT2.jpg,Fruit juice,all,b6a3a8bbac918f9cadc9b8878358b744,a5c69c31c28f76d8
../foodsg-233\Fruit juice\I6DBE9BSBX30HITA5LHR5G2R.jpg,Fruit juice,all,f35a8876719adc2b99277af7c83690ab,a5c69c31c28f76d8
../foodsg-233\CNY love letter\2RXJBCRUQKI9TCOJXRCHTWVP.jpg,CNY love letter,all,a3b463e8bd6ca558c2ce161624151994,a5d39e0db5f2120d
../foodsg-233\CNY love letter\80TKG2BM0Q0Z2OLVH800YXRC.jpg,CNY love letter,all,84e5ea78f1d5de2ce2cdd33965e5c35a,a5d39e0db5f2120d
../foodsg-233\Pung Kueh\01ZP36BS33313YUHBKR1W579.jpg,Pung Kueh,all,658ccbfbb43fb2386190184e214a1d99,a5e2538d7cd66191
../foodsg-233\Pung Kueh\TOHZOTNGZYTDC4J54AM0EGMD.jpg,Pung Kueh,all,feed1b6b6f13d55cf98bb7f6377b623f,a5e2538d7cd66191
../foodsg-233\black pepper crab\0656W1ZM2RBWZUFSWQHSNQBZ.jpg,black pepper crab,all,82aa81fbcc7ccaece5ec34e8869204e2,a60785f897c14ef1
../foodsg-233\black pepper crab\ODGMVRRXWG2JMBMBZ96W2HPB.jpg,black pepper crab,all,35080a6eab27c7faf3d3c93efd52ec23,a60785f897c14ef1
../foodsg-233\Seafood Noodles Soup\RJW0BUGXVCX2USLLDH0A97MQ.jpg,Seafood Noodles Soup,all,1974214130047d67f32f2737e4e61664,a615bd0f6ad82c2b
../foodsg-233\Seafood Noodles Soup\GD194UTD6NUHLVHIE2F72IST.jpg,Seafood Noodles Soup,all,35e3e6ec1d790614352b96dfe5a90c63,a615bd0f6ad82c2b
../foodsg-233\french fries\TIAVSJ16JKY5AJR72SP6X7C0.jpg,french fries,all,4939c3b1205072d21e3140a6b3864ef5,a634d19a9ec5c23b
../foodsg-233\french fries\ITTWQ8ZE6AFTMSDVI0E1WQ09.jpg,french fries,all,29e64c09481022e9f5ce14acd67876a8,a634d19a9ec5c23b
../foodsg-233\sliced fish soup\R6IAPKAH1A0SH8L3LNEZRCNF.jpg,sliced fish soup,all,28f04115b4f161c85015b4e7c6e7d0b7,a637bdc0d0d1c28f
../foodsg-233\Seafood Noodles Soup\T0R2OLT8RQDVO8ECBLPZV0DU.jpg,Seafood Noodles Soup,all,4c432e2e2177e8ac5d910cc5d0665a30,a637bdc0d0d1c28f
../foodsg-233\har cheong gai\P5JLCMK7CR1XVJHLH6TKFGI9.jpg,har cheong gai,all,776bec5cf0a7077ea166fbbb475dc910,a66d7bc808c7d1d8
../foodsg-233\fried prawn\BJD3Y3K94UA6NG0HPHKPDYSF.jpg,fried prawn,all,cd04e7d4aad2685667edf89874c07444,a66d7bc808c7d1d8
../foodsg-233\Alcoholic Beverage\3J25DBFXSXA8JSHEOBW2TXT1.jpg,Alcoholic Beverage,all,af910016da2d934049a79246f3628f08,a69b83cc3166339b
../foodsg-233\Alcoholic Beverage\N9RJV62AE4QRGP0M4MC235WJ.jpg,Alcoholic Beverage,all,5fd3a0cac2482d8e95f5dc3ae3b94a9a,a69b83cc3166339b
../foodsg-233\Grapefruit\B404G5MSZ619LB5BF3963PBU.jpg,Grapefruit,all,c69f4e012186137a615e7104ae0e5f83,a6b1582677eca41b
../foodsg-233\Grapefruit\VF9LW9HV0QRP4Y139W4XXBB5.jpg,Grapefruit,all,bd85d2c3538dc8174b8fb5d959068f6a,a6b1582677eca41b
../foodsg-233\chicken chop\K8I68EBQPABL9ZDXP0U8DK1X.jpg,chicken chop,all,96a7ad39cfc8f9344154d3d703beff33,a6c3850f5ebe8a0b
../foodsg-233\chicken chop\4TTKYXOU9L7AV01OZ6B57DUQ.jpg,chicken chop,all,e56c661953dedcc5e488b36876cfc934,a6c3850f5ebe8a0b
../foodsg-233\whole wheat\3HIUW5OQ01WXX5F3V9PO7V0C.jpg,whole wheat,all,3a67704f9cbc4e4fb1e88fc1db775be5,a6c6a47956a9e994
../foodsg-233\wholegrain pasta\USRNLEDZYKLTE5T7OM9FCAPZ.jpg,wholegrain pasta,all,4aadae57f204628b7a38172a6a2b9a46,a6c6a47956a9e994
../foodsg-233\Grapefruit\KCJZXYFIFFUTP0VL05A61F8N.jpg,Grapefruit,all,91621505d0f2812b09d4d57ad4cc0a5c,a6d6c93def131860
../foodsg-233\Grapefruit\S6Z81VZ0ZM9I7Z4I6KSOUAP9.jpg,Grapefruit,all,78d414216277480ad68fad3ec1b6e5f1,a6d6c93def131860
../foodsg-233\mee pok\UGSOLPZ24QW5ZKBF3P2LRIDD.jpg,mee pok,all,d4fcfe77dde60c7c25ca81d6410ebc34,a6f11e70f9e042e6
../foodsg-233\kway chap\ICKXOU3LFG3Z4AJAGMGOCJS2.jpg,kway chap,all,31a10926bef7a70c62b81cd6ef2bdde9,a6f11e70f9e042e6
../foodsg-233\Grape\UEONNHE30ZMZW54VX98ZIG5S.jpg,Grape,all,f2f297676b5cbbb4fa0c76f33e3272ec,a709f194ed033ab6
../foodsg-233\Grape\ACRWYKJSEFLEA7GKGHU54E75.jpg,Grape,all,b9f688ab039c4bb52761f35768438813,a709f194ed033ab6
../foodsg-233\lontong\KOMMHQ0OC91P114V26TR3FYZ.jpg,lontong,all,9cba3452517bef8c72c4cfb0331c8968,a77bd5ec45a10aa2
../foodsg-233\lontong\33HTW7VKKLIOBHRN5DRUV4OO.jpg,lontong,all,10f15138a221fad9902680b2772f4f39,a77bd5ec45a10aa2
../foodsg-233\pineapple tarts\ZSO87QM824ESHA1OJLG968K0.jpg,pineapple tarts,all,9a2be74726fa2628eafa3a31c58aa250,a791b8978d5af144
../foodsg-233\pineapple tarts\TWITV3JVUKE3HHFN8AIRENJO.jpg,pineapple tarts,all,ac89fceb1bd1a1a8c0629090651f7e1d,a791b8978d5af144
../foodsg-233\Nasi pattaya\T0CUDZ4905WGNMRG06D6USAJ.jpg,Nasi pattaya,all,024061efbba3efe0113e1557231553a4,a7b156607c1d12dd
../foodsg-233\Nasi pattaya\679M847VMVTRJF992CP032N9.jpg,Nasi pattaya,all,13b17793623ef321cf571e9b8928ac21,a7b156607c1d12dd
../foodsg-233\cereal prawns\9LC9Z6EC9KA57TOYTCGTFA4D.jpg,cereal prawns,all,6e98e3eabf07b3360cf797a87b56f53a,a7b8804c1fea7ce1
../foodsg-233\cereal prawns\IL95VZT8NBOIPRX3OGWVXV5K.jpg,cereal prawns,all,e9cb0e272d255db72d48d2ca020917e1,a7b8804c1fea7ce1
"../foodsg-233\Bee hoon, soto\GAH5JQRNJ9T86ALQY5I8X5B3.jpg","Bee hoon, soto",all,e2d600592da7e75ca66bc8a54191db4f,a7c09a37f52cd390
../foodsg-233\Soto ayam\ZUJT54YU5UX89ZKKDZ1D1L0A.jpg,Soto ayam,all,1d4642577a3dd1de07d2b71a58ccf508,a7c09a37f52cd390
../foodsg-233\Fruit juice\ATW0DQK5OOJ04KWWK0NR9ZTQ.jpg,Fruit juice,all,2fb29535c1d8cf1954a2f2e11c67aa69,a7c0db1bd027c42f
../foodsg-233\Fruit juice\MPB8RTB5MV1BYJT0NZ8LGE2L.jpg,Fruit juice,all,c5d0a8985f7ab492799b1011e98dedea,a7c0db1bd027c42f
../foodsg-233\bak chor mee\Y2RTDZRB3CU0F1HZO56A1YW0.jpg,bak chor mee,all,2708660f81b77da304215f6cc3ba6872,a7c8fbe0ecb0880f
../foodsg-233\bak chor mee\JHHK9T9JFJBNIT90TONJM5RS.jpg,bak chor mee,all,a1040cfa89d0af0bbab2d36c4a02fddb,a7c8fbe0ecb0880f
../foodsg-233\chwee kueh\63W80173RWONL74AUC19JWYJ.jpg,chwee kueh,all,56413aedfe3b9b01a033603376ee6546,a7cde2930e6c1a33
../foodsg-233\chwee kueh\6Q4NQFVB858LHGHZQTS9DIU8.jpg,chwee kueh,all,e01d9f5ce2f2cd983cf960af57ec6e30,a7cde2930e6c1a33
../foodsg-233\chicken rice\CUWDE2836JDY1FQH0NMA8J9M.jpg,chicken rice,all,55f7f683b112d40c307c1bad8b8f95d8,a7d06ca5941aa6e7
../foodsg-233\chicken rice\8GWSPDQL3LTRIWH9KJBJ634M.jpg,chicken rice,all,50dac6b1062fff85a0563fe143375f22,a7d06ca5941aa6e7
../foodsg-233\Wholegrain Wrap\A8Z6D4C3CEYG1IZ1YPZ2FVYO.jpg,Wholegrain Wrap,all,9fccafb74e6e306461a56eb3f7c075e9,a7d15844f23ac9ec
../foodsg-233\Wholegrain Wrap\HCEEN4HTWE8ZR40WQAT1LRP1.jpg,Wholegrain Wrap,all,e89170df3da4abe1c8cb08a55b0c9da8,a7d15844f23ac9ec
../foodsg-233\gulai daun ubi\CD1X4HG3P68BNRLE6DZDVL7X.jpg,gulai daun ubi,all,f4a8954cf3ceefe04f0b08c1d27c159a,a7e19c8c71986733
../foodsg-233\gulai daun ubi\XAPQK3I172Y64QYFIICM8EFR.jpg,gulai daun ubi,all,f754625a31c32fad4c7503613617d85b,a7e19c8c71986733
../foodsg-233\sliced fish soup\X0REMV0O39HS6KJEXYIII4R6.jpg,sliced fish soup,all,6b637d50af91e0f8e618d9078f21e746,a7e1f09ac61e1b29
../foodsg-233\char siew pau\P3CJ0H3QAZ2ZUO9GV7F5IRL5.jpg,char siew pau,all,574c88f785bf0606eeb22cd5036b7061,a7e69436731185e5
../foodsg-233\char siew pau\MF4TL58ANNPE46LF75DMPOBS.jpg,char siew pau,all,654330b000217ffdee44feefc3fac3ad,a7e69436731185e5
../foodsg-233\Seafood Noodles Soup\DL7ROIHJGZZ7AZFAR3OWZJM6.jpg,Seafood Noodles Soup,all,b1f7e6026cbb27a49b0be0e7e37f3b69,a7f0f887d0c4493e
../foodsg-233\sliced fish soup\U40PGXELCAJDYZ2YLI08S5NT.jpg,sliced fish soup,all,8e631db35857aa3433fed8ef7e1d70db,a7f0f887d0c4493e
../foodsg-233\strawberry\7I7HOUXGKCNA4NZY93CZZRX9.jpg,strawberry,all,d4d3d41d85e41692512e5410bb4c4321,a7fe86b2f011c80f
../foodsg-233\strawberry\90183GXHSYCB88E5KDMPAXDJ.jpg,strawberry,all,e0a2027e19e8c4f0b1772973b03d0dee,a7fe86b2f011c80f
../foodsg-233\miso soup\O2AXT23FXT1MYMG84RBFBJD7.jpg,miso soup,all,17ee9f6686de03dbf1f93c5016486db8,a81b97ec587225cd
../foodsg-233\miso soup\A2CRSJIC5AYLYRJ36XTXN3W2.jpg,miso soup,all,bc8c6942a281f4a4854d93576d651d6b,a81b97ec587225cd
"../foodsg-233\Bee hoon, soto\UFGE8UAD0TNWSUWT5YLIDTVZ.jpg","Bee hoon, soto",all,21ec8c40600516bd9b63d6347456d659,a81c94f24be7c794
../foodsg-233\bee hoon\Q6EUYZ6Z30O1E95JZXEX58LL.jpg,bee hoon,all,86f9f5c05d97ca19ed80ab3cfdd286bc,a81c94f24be7c794
../foodsg-233\Kueh Salat\JPTSO2BO31FVR75KAQ5YMGUG.jpg,Kueh Salat,all,8d06bcf38942a2155ea2de1db14a2217,a83935a6c746873d
../foodsg-233\Kueh Salat\YHOR97W97YV8DJUB3T45Y2U1.jpg,Kueh Salat,all,ca1a10a4b4a5c745311dc666298a6bcc,a83935a6c746873d
../foodsg-233\mee pok\O2JSNTKF56M1G0AJRXAN312Z.jpg,mee pok,all,bf84b82a4474af3db2ca11d3d1e6f2f7,a847c14a6d2af5f4
../foodsg-233\bak chor mee\ZPMPKCFF56VFM5AJRNHBOTZY.jpg,bak chor mee,all,e7f25dea6ead84aa7418f867b02f19b6,a847c14a6d2af5f4
../foodsg-233\rojak\FGUFVCZWWDGK8A5PMCGJ5ZXW.jpg,rojak,all,60144301f5bd331fe9fc62179f6dd4c1,a84945171e9f785e
../foodsg-233\rojak\258RZBKP8NG08RA0YX6DXFHL.jpg,rojak,all,44a7a7e68b249b6d2084db259c41613e,a84945171e9f785e
../foodsg-233\char siew\MJKZQIXM5QDCRIDFOKQHYBNE.jpg,char siew,all,4989889c6504f66048eeebd59cea2301,a85995978539952f
../foodsg-233\char siew\RJFK5T4BY538ZUDSIO9ZNNU1.jpg,char siew,all,4917acac1772c9930e972e054afe1ecd,a85995978539952f
../foodsg-233\baked beans\9PZUQXCHIPMSN25H18T82W9F.jpg,baked beans,all,ce8c711ba828f4749962915c20fe3d3f,a86c97a19e565caa
../foodsg-233\baked beans\GTAGTXTIXMGDC1UJW40O410D.jpg,baked beans,all,4b906b010ee30249285d7328791229dd,a86c97a19e565caa
../foodsg-233\sambal stingray\041V4BC08ACAG9ODPIRY6KMM.jpg,sambal stingray,all,e1bd40280dd2e9d959d5dda9dfbce6bc,a88597ce90782f37
../foodsg-233\sambal stingray\4184RM09PJROTWL7XPX89729.jpg,sambal stingray,all,df1b565a160217fa46107d4e4accdf17,a88597ce90782f37
../foodsg-233\sambal stingray\TLGXI4NVGSWRL6ALMTSLOWT4.jpg,sambal stingray,all,6c6a6f7901f6422aa915289454c95a05,a88597ce90782f37
../foodsg-233\satay bee hoon\CPFG34FKX0E1HPHA4TECST4P.jpg,satay bee hoon,all,d30ff83e54e20fa4536474416cdd3e76,a88fe087833d94f5
"../foodsg-233\Bee hoon, goreng\SCXWIFUA5Z168E1ESDHZFH9Q.jpg","Bee hoon, goreng",all,da3968d69b20291cc276f8b5246069cc,a88fe087833d94f5
../foodsg-233\cereal prawns\LMOKB1FUFTWXE3XGO5G9TITL.jpg,cereal prawns,all,aee7494c2521af4f83c4399aecbb453a,a895855edb619a63
../foodsg-233\fried prawn\Y6OQ9Q3ZUR0PNHR8XSBBOAYL.jpg,fried prawn,all,133d43afd91b947a3087cdbbbd52d766,a895855edb619a63
../foodsg-233\Chinese fritters\HWBCD9PIMRFC0GLN9IO52S97.jpg,Chinese fritters,all,c86d6f92dff46dfa446f6477d941e8a5,a8a1fe9d05ce93a4
../foodsg-233\har cheong gai\TBPMJU0DNGL48Y764AOP0QMY.jpg,har cheong gai,all,d6c9792e124b603cc06d7e0b6efda952,a8a1fe9d05ce93a4
../foodsg-233\hokkien prawn mee\5N7Z5GL41IH5JHW48IIJD03S.jpg,hokkien prawn mee,all,08071a0e9f0cd133b609fd0261fb1920,a8a7b418d9dacd68
../foodsg-233\Prawn Noodle\KOZ0EQLNUQG40A7FLGP3KJ7P.jpg,Prawn Noodle,all,d35849c66011c7798da41bdb2e8f66f1,a8a7b418d9dacd68
../foodsg-233\popiah\J6Z3KIZTOHF04B7UCUWQVCZ9.jpg,popiah,all,eef7e435ab70e423181df794cab1afa0,a8c1f676caff6400
../foodsg-233\popiah\NMSW33ZHHXGP2HOL3W7SO79I.jpg,popiah,all,7b1814563f827349c9d943c613002412,a8c1f676caff6400
../foodsg-233\satay bee hoon\G803VZ4K7XDZEN8ZE6IVS4Z3.jpg,satay bee hoon,all,e92e5c2672abbccf039aab6812d217ba,a8d4bde2d2d8d581
../foodsg-233\satay bee hoon\PHWZZKT2F5MUUDTK93EY5EWS.jpg,satay bee hoon,all,344351c3dc36d7f39fbf9b4be455773c,a8d4bde2d2d8d581
../foodsg-233\egg tart\FAWP2W5KM86723H3KN62IUEV.jpg,egg tart,all,99ad8886b0c4a958d3e13c0347c7e30d,a8d727cb308b207f
../foodsg-233\pineapple tarts\Y6R0C0PVFYSFHWFG0FD61K6I.jpg,pineapple tarts,all,1a7ea7f3ef83e27628b5937b859fe33d,a8d727cb308b207f
../foodsg-233\bakso\24OWIZYRESPY45RO7KXLVWA8.jpg,bakso,all,899252fdeddad975e81b7417687f057b,a8d7809e83de87d8
../foodsg-233\bakso\Q8NSJ22WI57AJJNDDQTENHB3.jpg,bakso,all,bdddefe43c9a05bbf6ba9b9ce14a37f0,a8d7809e83de87d8
../foodsg-233\popcorn\XLAV1V31BXLOCSOP09D2XRQ0.jpg,popcorn,all,27327c1f02cac184a5fb9a2720893b50,a8d78568f78688f1
../foodsg-233\popcorn\LPSZOT7G0YZBT1E637KBCYOJ.jpg,popcorn,all,ea0628027ff638da1c2340fa31545f1c,a8d78568f78688f1
../foodsg-233\Mee goreng\LWHUM1IAVLUALZQZOLGAC1B4.jpg,Mee goreng,all,4046ccff3f851c02ace73fedc8cc9e9e,a8d9afcfc0521a3a
../foodsg-233\Mee goreng\9S1133M5AQR7V38405A9F4S3.jpg,Mee goreng,all,03c2412ff306e7ca5d3d54cc7793f0cc,a8d9afcfc0521a3a
../foodsg-233\black pepper crab\H1V5PD95YWLCGB03YXHYVEZ3.jpg,black pepper crab,all,1aa3d93214a358449619363a9dcdee61,a8f18197934b1bc7
../foodsg-233\black pepper crab\AHG8I56R3Q0VLMA5RZA4T146.jpg,black pepper crab,all,414a84922ed4b816ed952b8028f82467,a8f18197934b1bc7
../foodsg-233\wholegrain pasta\EJECH8BUR1MYYX4PWR4B1WDP.jpg,wholegrain pasta,all,9827ebc438c6f905dba427ac9f1843ab,a8f7970b82cc607b
../foodsg-233\wholegrain pasta\ZNL1DD8W1MLD5V23JFUJSYFV.jpg,wholegrain pasta,all,7ad37788083dec2f116996ef637faaf1,a8f7970b82cc607b
../foodsg-233\Pomelo\B8KMDOW6S43Q3PLYJL6K8OLQ.jpg,Pomelo,all,023adc9f0d0ea8175a4bd0f85ec916c5,a91f96fcd8c0611b
../foodsg-233\Pomelo\535NM525RVZDO4RGZ1KG1450.jpg,Pomelo,all,4af508f5d69c89cb8327c67619b3990a,a91f96fcd8c0611b
../foodsg-233\Mee bandung\Y21F2KPOT1VLGUXDGF727QAS.jpg,Mee bandung,all,e026c1074130f19b3312e39c97966525,a92a4bf02ba2bee4
../foodsg-233\Mee bandung\O9WQ803WEC8NDKVE1BXR8KW1.jpg,Mee bandung,all,08c985082577fb6a00ba3907dd45037f,a92a4bf02ba2bee4
../foodsg-233\Nasi Ambeng\43QMU79EUG7K4E0NI0786U1N.jpg,Nasi Ambeng,all,f488276b9ab9489df6dabad583138006,a9603527d61df239
../foodsg-233\Nasi Ambeng\YL468YDLY8WC4RXCAI05ZE3T.jpg,Nasi Ambeng,all,7f315617adb87972b0eaaa255b513481,a9603527d61df239
"../foodsg-233\Bee hoon, soto\X1HRO70SUYL989YIEXSDHPO3.jpg","Bee hoon, soto",all,35bb25dac344d4ce72a868226f78e0da,a9856e46646dd175
../foodsg-233\Soto ayam\DVKDAU4CCD14GKD6H4YZ7PHV.jpg,Soto ayam,all,57413c0f44795cd50c0781eeff224905,a9856e46646dd175
"../foodsg-233\Wanton mee, dry\5PZDL0BTDN9TJWITRHNQLR03.jpg","Wanton mee, dry",all,d4f2731cf07ad13ff61f15e25b3ec45e,a990126b3fe5db90
"../foodsg-233\Wanton mee, dry\2YFX5X8FPHKJAGT4NYOTKIPF.jpg","Wanton mee, dry",all,072839a55b59a473e914db4e0baf71d4,a990126b3fe5db90
../foodsg-233\sirloin steak\BFD03RDJ5V3IJ2OEFCLY558S.jpg,sirloin steak,all,4d2fa6845e09810f710900b550ad1a47,a9c715f830c3fc0e
../foodsg-233\sirloin steak\CTRBN1TYF250YUZ6RTM0LQDT.jpg,sirloin steak,all,edac98fb9d3508486d63ebb9203da27d,a9c715f830c3fc0e
../foodsg-233\honeydew\D52ORMKSL5WJBWLBGRJ344C5.jpg,honeydew,all,4d524406d6a096f1987ec4f80e4c7732,a9c92df8c21a971e
../foodsg-233\honeydew\BCUFFBUXG0VE6788IYRT2OLY.jpg,honeydew,all,5c362842c698c647cece03b795ca7ff9,a9c92df8c21a971e
../foodsg-233\sausage rolls\RS19YYLCSYENI4F58W99HWVH.jpg,sausage rolls,all,02bda165486eeffe19bf567bef05a4f5,a9d1e3253c74e06d
../foodsg-233\sausage rolls\83B4G6RDTAC4Y4NUJPHH9MQS.jpg,sausage rolls,all,65c26c7e8c6e7fa61a964ed53742e43a,a9d1e3253c74e06d
../foodsg-233\chicken pie\XVVF0BJXI9TD6C7ZUNF8YUJ1.jpg,chicken pie,all,b1d232b566aa9740213137861699ce2f,a9da346d9232ce8b
../foodsg-233\chicken pie\F5I0O0NRYQFTWEG1D8GAFFOQ.jpg,chicken pie,all,3dc1f70030d03102db78a3f25f3fe008,a9da346d9232ce8b
../foodsg-233\kueh lapis baked\LMW6SXVPUNXTCEFEEG0E2RY7.jpg,kueh lapis baked,all,8b1d35a68f75629d16bd41cce122b729,a9f29c38d24ac967
../foodsg-233\kueh lapis baked\RJWHZCPZS31TIQFZQRCY3NKC.jpg,kueh lapis baked,all,ca2ee12f3caab385b041ff85d892f6e9,a9f29c38d24ac967
../foodsg-233\Udon\HTMEWCW07ZCU95I99HD4OYEW.jpg,Udon,all,ad13184ea868ebbeff95f2b991c0f1f8,a9f8d2d62d89e834
../foodsg-233\Udon\IYYDQO97DDETSSM4NPOMZVIM.jpg,Udon,all,86e026a73125bb7a6ef8cc8d9c310a74,a9f8d2d62d89e834
../foodsg-233\cereal prawns\543831LY1OQ9XTNY2890AOWF.jpg,cereal prawns,all,f624345cec89e962595d8a5b92339df9,a9fef720d083c0b5
../foodsg-233\cereal prawns\YILAI45F6CCSG7DZB2SD9JUY.jpg,cereal prawns,all,2154eb96dd75fc14213b442938809c52,a9fef720d083c0b5
../foodsg-233\bak kut teh\5Z5TUR6I6NKOGWSO0TX9ZLRH.jpg,bak kut teh,all,8b490d619fb8718f79d903f46f219ad4,aa02a50cf5f0ce77
../foodsg-233\bak kut teh\4G1BCUIWYJRFL9LVIMGDSIBX.jpg,bak kut teh,all,f2c870f298abb35edc91e951120a8e48,aa02a50cf5f0ce77
../foodsg-233\Soto ayam\RNBX1JAYHRG521JC96I1X26Y.jpg,Soto ayam,all,0cc15332b3798e0127e4e688c8645377,aa06958b49ceb67a
../foodsg-233\Soto ayam\18QNI96TIL8VI3SB1BIWK7EP.jpg,Soto ayam,all,3bf2ddf6c27a999a98260be21f652a51,aa06958b49ceb67a
../foodsg-233\green leafy vegetables\40ZXK67PVF56QUBC55EFK64Q.jpg,green leafy vegetables,all,1e0eac7fa355a1108c0ba02c28f015e8,aa07c5369e699a36
../foodsg-233\green leafy vegetables\KRSB1DEBPOBG8CQY40CUFUZ4.jpg,green leafy vegetables,all,2d43efb0f1c33e8a99b73edf398b5142,aa07c5369e699a36
../foodsg-233\satay bee hoon\PKU1P7FDWQL58BI2DEX5HT6L.jpg,satay bee hoon,all,3f0391e37c170d6bcfd7612d15dfde91,aa08bd1998bdd9d8
../foodsg-233\satay bee hoon\L7Y5OZIPX6C1VN0V5178QB5J.jpg,satay bee hoon,all,916f2c7ea4f54309889c28b18de1c5fa,aa08bd1998bdd9d8
../foodsg-233\honeydew\UTJLDV4RJTSEOGLWANKER23W.jpg,honeydew,all,cf143a7bf2f2874499128ee383044879,aa0fcd9e7ed86060
../foodsg-233\honeydew\ZKAULRF1COE2GV15VDT45HIG.jpg,honeydew,all,aabbe4d23da17e2b7e09b501623ee4d1,aa0fcd9e7ed86060
../foodsg-233\Peanut Pancake\N88KQ5DMCWL0EL9G44V4LA3Z.jpg,Peanut Pancake,all,02c8eb6df97e9121f30959026ce6570c,aa169073c0ecdd9d
../foodsg-233\Peanut Pancake\4OFV7K35G9KGAVJWLMTH3SEA.jpg,Peanut Pancake,all,e8db1df6a696831a7092bf3f78de4ec1,aa169073c0ecdd9d
../foodsg-233\mushroom soup\S0AB5YD2KZQ7V4LFEJ7LKGYF.jpg,mushroom soup,all,5d553f9c14e031528f14f630969df922,aa22f5f2c5cf2c0c
../foodsg-233\mushroom soup\D6YV8ED8S2XUBBLAQHODLHN6.jpg,mushroom soup,all,bd24a7ee4072bb02cfa93208a7365335,aa22f5f2c5cf2c0c
../foodsg-233\wholegrain pasta\F3MNMUUGIGKFXCDWMXM6KSNY.jpg,wholegrain pasta,all,c2271e87e0902f68b3b75110b22c1f01,aa28d5f44ae868f5
../foodsg-233\Fried Noodles\SJYCU740KMSM708WIPLDQYLC.jpg,Fried Noodles,all,bf812b2c69c23d0bf03d55f678e282e6,aa28d5f44ae868f5
../foodsg-233\yuseng\VWKLN7MP4GKE77SMPOHDL3Y2.jpg,yuseng,all,ace761eada1ccff743bc97bfe91d6a2a,aa2ec36f1970c2f4
../foodsg-233\yuseng\QJMC35GJ83N0R49BWBXFZ5ZV.jpg,yuseng,all,964c3687a4621979cf4ec7cf448ad053,aa2ec36f1970c2f4
../foodsg-233\hotplate tofu\IO2G13Z84NS0C2NZU30HLWCX.jpg,hotplate tofu,all,d82ffde5e3e127932832b6e667912dc5,aa32bcb4e343d06e
../foodsg-233\hotplate tofu\VHKCQL8FBN48P7SQMG2G6GT3.jpg,hotplate tofu,all,3d1f09d63aa93dbe0a749019f0190424,aa32bcb4e343d06e
../foodsg-233\Peanut Pancake\N30F2CDJ29PTZB90D5PN4M7V.jpg,Peanut Pancake,all,0244bf4c39f41f71abac027d396454e4,aa35d2ed85d259c8
../foodsg-233\Peanut Pancake\IEAN00ECGCIL8Y3IPL4AV8N4.jpg,Peanut Pancake,all,d8166944886ed80f7cb83dbd88703495,aa35d2ed85d259c8
../foodsg-233\chicken pie\8MHKM3YUKUKUCJXG0E6SCA0B.jpg,chicken pie,all,878f4a8e2da1f64e7a439b98180faa41,aa4e1c65b50d7a2b
../foodsg-233\chicken pie\QROX1HSYYDU4CZGUK9KBLYXV.jpg,chicken pie,all,f5c6c60ce707ebefd7b7bb4f99d30c62,aa4e1c65b50d7a2b
../foodsg-233\Lontong with sayur lodeh\ASR9CPF16I1M52XF3GQ7JTDZ.jpg,Lontong with sayur lodeh,all,569d818c1ffe7b96722abb3e4a290ed2,aa5b31081636fb3b
../foodsg-233\lontong\1T8LWBYV7VS035VKOOVNWEHP.jpg,lontong,all,9054b995ed832a33cb800e8b82229998,aa5b31081636fb3b
../foodsg-233\sirloin steak\H6NSLSK2WC9PR1U8G4H2P05Q.jpg,sirloin steak,all,d283ccbaf99f1e1cff6b7102b8a988fa,aa64d51e9872c1bd
../foodsg-233\sirloin steak\QGRU4090F0TZYR92111JYKDB.jpg,sirloin steak,all,c65a1d10b683b95a1f6e547be4681c57,aa64d51e9872c1bd
../foodsg-233\tau suan\B2VD98TR6OZJO7UJRKQ84ATX.jpg,tau suan,all,3f963e9da3cec48bd89648fe6d2e3b36,aa6a2d71b46592d5
../foodsg-233\tau suan\FZOAQ754TQOW02069UD8SQ3I.jpg,tau suan,all,aff2e64148b94fbcacfa9dc89c8d84ad,aa6a2d71b46592d5
../foodsg-233\mixed vegetables\WEIDKQ5LB8CTIQDQUULR5O7R.jpg,mixed vegetables,all,89a025f3f4b5fd88c04419f9f1c0eea3,aa6d3d42f65bd208
../foodsg-233\mixed vegetables\53XES6XK36BO1XUPWIWNJQML.jpg,mixed vegetables,all,30ce9c489f91ad5e7d8388399c928733,aa6d3d42f65bd208
../foodsg-233\CNY love letter\V8TGMPR19FG9ACLP5OBXWU6S.jpg,CNY love letter,all,cd1d3ef572ea4c1f512e58b02c7c6440,aa6fc0a1f7949e12
../foodsg-233\CNY love letter\6FEW8YHOJOAX2XG9UJUN5OPI.jpg,CNY love letter,all,1dafbcaee8998d01ae5a45dea551a7af,aa6fc0a1f7949e12
../foodsg-233\bak chor mee\A8VBGS3N4IKUM2CRQJN51AUM.jpg,bak chor mee,all,2e432bb219c820413e146c93c801054d,aa708561d2979fcc
../foodsg-233\Lor mee\HRIBGI2L23X5OZ6261U5FM9U.jpg,Lor mee,all,e107ae3c5a295dbed82dc3c313b951a3,aa708561d2979fcc
../foodsg-233\chicken soup\4CFZIODNFET3D3KC8H2SMVP2.jpg,chicken soup,all,2e359d418567f25b99f2bc5422f2c310,aa7575cfcd306091
../foodsg-233\chicken soup\1AVLT2KZ0OLI7RJLOWRZ9FWH.jpg,chicken soup,all,5140c7c10358cec45bdc745cc67e49a0,aa7575cfcd306091
../foodsg-233\Peanut Pancake\CL0X8I7NN2SVUMBZJI1HUZ9I.jpg,Peanut Pancake,all,12c149deeb064f9d194784478893b5d3,aa7f428a4a7acaca
../foodsg-233\Peanut Pancake\XIKL0D3CSV2LU3GTXAJI24ZG.jpg,Peanut Pancake,all,aa9868c87ce4f21d645c2973ad5c8700,aa7f428a4a7acaca
../foodsg-233\pancake\NRNTXOACXUPJB2IPWJ5U9HOA.jpg,pancake,all,73b7fc9d7a7a7f5a41a563581b4f681c,aa81c71ed729517a
../foodsg-233\pancake\UIZEC82COEJ0TWXV8REKMB5M.jpg,pancake,all,4e7862f2a29da79abd0a6a85e39e43f2,aa81c71ed729517a
../foodsg-233\Kway Teow\0I0PFMS28LSBAAA6UCFS04DC.jpg,Kway Teow,all,1d018c615bdbb5dbc2946a01c6b9bb04,aa84386aa45feaec
../foodsg-233\chicken masala\SDTWV8W68DZOAG327QUF9JEC.jpg,chicken masala,all,84ec1febac23d8e2aeaf6f6fbd00c080,aa84815e7d7e74e0
../foodsg-233\chicken masala\HL25MFE0TOQ6VARHDSLNTRDZ.jpg,chicken masala,all,a7f6544460745bcc2ed0cab0cd38fae8,aa84815e7d7e74e0
../foodsg-233\bak kwa\4PIYE2T8ED4VZN7NB6IIIKQ3.jpg,bak kwa,all,1429bd884a4e2883bb667bdf19a0b879,aa85a70e84fd8c7c
../foodsg-233\bak kwa\1P9GAJ21S66T9LHDZD5MHGYY.jpg,bak kwa,all,8957bc8c7f89004e9f95737d1ac158f6,aa85a70e84fd8c7c
../foodsg-233\rambutan\0X08YX2QF810XAMGA029UE4D.jpg,rambutan,all,e8f7cdd76360368b69952a2e44980e6c,aa85d81e997a8d69
../foodsg-233\rambutan\B5KUOBGKB7HGVSB1ELAAU2VN.jpg,rambutan,all,debb2c3e053a25d3adbc3c353b12bfb2,aa85d81e997a8d69
../foodsg-233\drunken prawn\D4KPJ70PWUDPBO8KW5UTFVX3.jpg,drunken prawn,all,7e2f9b403dbdca14a4da8dccfdb95285,aa86045e293f4f7c
../foodsg-233\drunken prawn\UABLGVW24BVWL857AZEN1SOB.jpg,drunken prawn,all,2ce20df55a5c3fb02dd8b11a7fc6f679,aa86045e293f4f7c
../foodsg-233\chicken pie\Z8085RQM0JSJFSN90CH0ZREM.jpg,chicken pie,all,08436e40b28bc4c2a5c24b389f2a3262,aa8735959474f293
../foodsg-233\chicken pie\NUJNOS7V8O7GHAXVL16EPK47.jpg,chicken pie,all,056100c5538f9c57a50be77e60d306c1,aa8735959474f293
../foodsg-233\kaya toast\I20Z3XSFPIS8TPBZN2FF1F40.jpg,kaya toast,all,d0856bb9e87d6d679447d507e8ee892d,aa87b5bf498007e9
../foodsg-233\kaya toast\MAH6P0BC3J57S7C5LJ9LRALG.jpg,kaya toast,all,61b0eac8cf2b9f0ab3453fb94d7274b1,aa87b5bf498007e9
../foodsg-233\Indian Pancake\UGEYDGHABFCL2VP771EL5FPV.jpg,Indian Pancake,all,e06ee83114d3106b4f7acdf40e8289de,aa8bd6d239d12a4b
../foodsg-233\Indian Pancake\7QUTI5XI2JU70K4XA2V2R8EM.jpg,Indian Pancake,all,1bcb0d93b08d5a9993ff795b3f0a71ec,aa8bd6d239d12a4b
../foodsg-233\Mee rebus\23PCS6CMG3SAT24TEXGYJRBY.jpg,Mee rebus,all,619c809ea1f409a7bd7715cfd51122be,aa8fc50a163e9b2d
../foodsg-233\Mee rebus\AHMDGA8QUXMHMZ88ROGLRHJ8.jpg,Mee rebus,all,6e2956a26d425cc6f3bc2f3b8812660f,aa8fc50a163e9b2d
../foodsg-233\lamb chops\AAYHZBV744FTEZHOL3J4F01U.jpg,lamb chops,all,951d785427794e3e98fba2474df09d7f,aa91d57a046f3bc2
../foodsg-233\lamb chops\S8K5WLT6CX3CE08DM4YPRT60.jpg,lamb chops,all,1b036013be684fd7fa1f57f9e17c00fb,aa91d57a046f3bc2
../foodsg-233\chai tow kuay\OHH5M21ROUABH4BV1CBKAXCH.jpg,chai tow kuay,all,e303687baa2707d45be043161298c077,aa9587d69942ed29
../foodsg-233\Kway Teow\DTM3KU10V8OZT2EZASEN5IVM.jpg,Kway Teow,all,18e52ddb176756672fffe0cc275673a6,aa9587d69942ed29
../foodsg-233\hokkien prawn mee\QQDW76YU7LI7RPCX00KUDLF5.jpg,hokkien prawn mee,all,501d950f90ce1e4e837dea86e09fb2d9,aa95bd8ac391b41e
../foodsg-233\Prawn Noodle\8WVCQTCPRIA1LUYEMP0DMLUG.jpg,Prawn Noodle,all,03f63887022bc79ea50f146e74ddd171,aa95bd8ac391b41e
../foodsg-233\rojak\YR90HDJOENE5LV75FYTLLJGU.jpg,rojak,all,7e76d10c943bf5ff7d4a4a5f7a8b2d83,aa99bc46c16f8359
../foodsg-233\rojak\XBYLPAL8HCB1BLDV1AL6QIH2.jpg,rojak,all,9bb22f46e5b27a29684030b672c5e382,aa99bc46c16f8359
../foodsg-233\satay bee hoon\7Z9J2VEW72TD9RDO8R8T2SD4.jpg,satay bee hoon,all,fa8b12f4cfe7d09d103112d041893956,aa9ce564b4b238cb
../foodsg-233\satay bee hoon\WXFSZSEI6BI1X5R8CSD9X2CO.jpg,satay bee hoon,all,e7466a421ce1410e1b9fcce096d2a9c7,aa9ce564b4b238cb
../foodsg-233\whole oats\8Z4UDGX022GEG9454MQU2BA9.jpg,whole oats,all,3cef7adba84c46aa57b57b2f21464f9e,aa9d94625f0f60f8
../foodsg-233\whole oats\K1EB0STAE4F5C7MRXKTMD0EC.jpg,whole oats,all,7bd567bae6312397956627d9482b250b,aa9d94625f0f60f8
../foodsg-233\kway chap\ITIU3KHLIM4V554FMOC05B4V.jpg,kway chap,all,9bc035092747e383f2d8ae65c8324a55,aa9da51bc433995a
../foodsg-233\kway chap\FWKFYGOYF329T066SMBLTATG.jpg,kway chap,all,514f2c1d78ff4a56c9592a9bb4dce83e,aa9da51bc433995a
../foodsg-233\mangosteen\E0IH3UMP2CO1380SRT1DLO9D.jpg,mangosteen,all,f0b7058b543d4846d2e10e7006e238a2,aaa53373ca0c9c73
../foodsg-233\mangosteen\LO0KI38TQXZRNKSI9R550N7C.jpg,mangosteen,all,c9d0399abf108406dd47e6bd5d6e2739,aaa53373ca0c9c73
../foodsg-233\lontong\V9KX2IXSLJ1PI7XK9HL5CWU5.jpg,lontong,all,990b01f30e2133664f5a79051c737be8,aaa6d1cbdcb2d023
../foodsg-233\satay bee hoon\P3K6FGNCOI1MDFB27K0DIT3V.jpg,satay bee hoon,all,1d28216550a6d4775929b66b3e1a53ff,aaad8c949bd333c1
../foodsg-233\Mee soto\7HUQF16STPJUSVQNONPKPJAL.jpg,Mee soto,all,5497a24cecb8e07e58543e291dd61836,aaad8c949bd333c1
../foodsg-233\Lor mee\7K0TXBHLGM37TWSC6TD9OM7G.jpg,Lor mee,all,534bb57918a1a2f6c7c9a658482bfb7e,aab0fd27b19490da
../foodsg-233\Lor mee\3RJQ13OY9C8YG6GRXVC2LSG9.jpg,Lor mee,all,7625184fdbb33ed818800d8427d91bb1,aab0fd27b19490da
../foodsg-233\chai tow kuay\9LGWOHN19NH1DYIQH6BI7EAD.jpg,chai tow kuay,all,c6140a35f9b6c111a0b98bede1ea9397,aab42d265ed8e187
../foodsg-233\chai tow kuay\MVCPEP51FDFV5A98SJ6LL1PJ.jpg,chai tow kuay,all,65539dca8281fe88c70e744477278c94,aab42d265ed8e187
../foodsg-233\Pung Kueh\OGC4Z5NB4B9B5QVGLDLRBVRB.jpg,Pung Kueh,all,7be15f8b2c57809529ca7f0fe9484936,aab5c84d76e8a41b
../foodsg-233\Pung Kueh\YO39XI8Q5PR0VC1W3KWWC8PF.jpg,Pung Kueh,all,92d929593cdf37f929b700cd26f5f5ea,aab5c84d76e8a41b
../foodsg-233\jackfruit\ZP9133SX2DZOI1HIFQIJULYK.jpg,jackfruit,all,c559ec27d204842aa8f12912b1984528,aab5faf0c003878f
../foodsg-233\jackfruit\GO20OHLMHVEULV0KJD5POECR.jpg,jackfruit,all,6b68d0cab7ff4a4788b87c52c6239935,aab5faf0c003878f
../foodsg-233\Lor mee\MFK7QFSRJTJ9MHCWNN6WLQC3.jpg,Lor mee,all,0e513cdbb81c8d098a9136d9d050f5d7,aabcadd132420df9
../foodsg-233\Lor mee\N7H5CR9BU3Q9WMKMZF8YAEXL.jpg,Lor mee,all,b3abeda2169ba81ac2df575aaf8caeb1,aabcadd132420df9
../foodsg-233\Kway Teow\LMQ22MM04OCPJ8KSALRYGJIU.jpg,Kway Teow,all,df81464646e3a7b26d395d615e7e82cd,aabdb57694e181c2
../foodsg-233\Kway Teow\NHZEPFR1FN7ZD3TNGAP6HPQV.jpg,Kway Teow,all,fd831ec5411ca6af9d4afa0fb56cd3ac,aabdb57694e181c2
../foodsg-233\vegetable soup\SN662Y2T0LDFLZNJ3SPMS3S9.jpg,vegetable soup,all,5fab35abd873671178790bd92e01ff3b,aac0858f97169e1f
../foodsg-233\chicken soup\I4VJ6JUHA0BZ91WMSDWST3OS.jpg,chicken soup,all,4b0ff37b3e93912ceee74e0fb0768fae,aac0858f97169e1f
../foodsg-233\cheng tng\9SCA5839PLYS42UOEMLJ3QTW.jpg,cheng tng,all,367cb596583ac1224aec2c327e5315f8,aac1a534dae6d8ca
../foodsg-233\cheng tng\0D84M7UHK74D3XYQFSJSWXL0.jpg,cheng tng,all,6e679b6a48cbe740f705366d3a3cb6fd,aac1a534dae6d8ca
../foodsg-233\sambal\CMFYRFLUFD762WBL9WX8WRBW.jpg,sambal,all,dcd796d13aea54187fe5061eef96fea4,aac2851d9a3acb6b
../foodsg-233\sambal\MWK751YR9VK144701H9CRBCD.jpg,sambal,all,e0cf16b0ebdf0e7ab94527540a71344f,aac2851d9a3acb6b
../foodsg-233\Hor Fun\ECWQJH2DKPAE5GK9O2LVREJB.jpg,Hor Fun,all,04736034cd64aa508ba6ab0c70437651,aac3a042879f975b
../foodsg-233\Hor Fun\WTR71MWCJZUULA6EL7QZUKDC.jpg,Hor Fun,all,987ce82063e048addc3981099e244697,aac3a042879f975b
"../foodsg-233\Bee hoon, soto\5YM2CDK5MPX5P38WYWIIMUB1.jpg","Bee hoon, soto",all,a1eb5559396497d633bd769071febd45,aac3bdc0b1aa958e
"../foodsg-233\Bee hoon, soto\0PYK611HVTP9K9NQE1WGH1NB.jpg","Bee hoon, soto",all,1c7ede026eca2b4f6ae45bad7f886d87,aac3bdc0b1aa958e
../foodsg-233\oyster omelette\R0MXGRG223OTETQG66O043BX.jpg,oyster omelette,all,f134d0477fa6100ed68484b3214c8671,aaca852d8da7949b
../foodsg-233\oyster omelette\6T0P6EOVOJ9ZPUBJNKOVSTJ0.jpg,oyster omelette,all,6e5525a4e18fff62906b7cb32c9314d3,aaca852d8da7949b
../foodsg-233\buckwheat\QVAYFTKDJZNG847ADL49P1FB.jpg,buckwheat,all,bbe7fe981cb5c943090b4091ceaf2aa4,aacb9f3670a5a584
../foodsg-233\buckwheat\SPLZLCCO5MGD47M0O2FGEWQU.jpg,buckwheat,all,9a273b69371864e46428da555718c905,aacb9f3670a5a584
../foodsg-233\dumpling\V1ZT3Y8B0UH542ST7LGZOB54.jpg,dumpling,all,187491fc45c9c6afb2aae45584c2eb39,aacbd11f84b51f84
../foodsg-233\Dumpling noodle soup\T4MDPVXWDF3AFHD5X5IH3WN0.jpg,Dumpling noodle soup,all,5bd468f0ae0d49b4b70c3cd7e590e2c1,aacbd11f84b51f84
../foodsg-233\hotplate tofu\IX9J419PD3S93ABK172IP9S9.jpg,hotplate tofu,all,cf3414017faeecb619f531218e553388,aace9545ba17507a
../foodsg-233\hotplate tofu\I0RDE30GG97TKIJCLWZQ6NGQ.jpg,hotplate tofu,all,582fda5d8942e7fda947695d48416163,aace9545ba17507a
../foodsg-233\Kueh Salat\OF70NTZZ3OIS8NUMKREX3OP1.jpg,Kueh Salat,all,33280f02ed0ed1e8e0976d73882696af,aad3f5c0c0c3c31f
../foodsg-233\Kueh Salat\8UNEB2FK4C6M0Y7EEHIB1WZ2.jpg,Kueh Salat,all,72ffa557f0211f13e3498a6b807f2032,aad3f5c0c0c3c31f
../foodsg-233\gulai daun ubi\NV620VX6U9IMXS7IZ59PA2NJ.jpg,gulai daun ubi,all,7f4fddc5c381616a247bd559bd4d3446,aad40285299f967f
../foodsg-233\gulai daun ubi\8K9KS652CENHHILBPSRYU33J.jpg,gulai daun ubi,all,5ee250ed93064d92286386b0f47997e1,aad40285299f967f
../foodsg-233\mushroom soup\YYPEZ2Q4VWITL28EQPPAQFVT.jpg,mushroom soup,all,f0b1c0b4995e26f4abac5efaca90d87d,aad5a59b9dc30169
../foodsg-233\mushroom soup\A0M4Y1EBAV6EO1G20AOH0T0T.jpg,mushroom soup,all,b73aa7e192f0b85c0b298ff491fa07bc,aad5a59b9dc30169
../foodsg-233\chai tow kuay\SWOHXKZPKGAA41YN54F4KI7L.jpg,chai tow kuay,all,55c8729cbf25f821d8f0c0f6fa6c085d,aad5d5d6d24a8c61
../foodsg-233\chai tow kuay\YC2F430F4QF2TTMGH4I6MAZI.jpg,chai tow kuay,all,58bbfbd39cb1215f4325d7055eee7119,aad5d5d6d24a8c61
../foodsg-233\rojak\NY3N0JYUUQ35XW2A6R2IIN85.jpg,rojak,all,a76531a2a67941697b3411919fff0433,aad6bd69e42036c9
../foodsg-233\rojak\6KG6LZNQO167DSQC3B1VQGAC.jpg,rojak,all,27639e557b03482fc0b94134b9867089,aad6bd69e42036c9
../foodsg-233\Kway Teow\OHYUFI1CUYW1J39BMOZRMWHG.jpg,Kway Teow,all,cbcc4c0ee991faca68e90c83a35c7703,aad9f5448a5b853c
../foodsg-233\Kway Teow\Y31360ICQ5T5FCV8EZ1TCWW6.jpg,Kway Teow,all,440cbb1211d5eeafc8d91dffc7107c09,aad9f5448a5b853c
../foodsg-233\bak chor mee\N56H5KSPJFPM2UZDCWKGF5KG.jpg,bak chor mee,all,9025f389254a0726db5ac218582d999d,aadac005b7e8896f
../foodsg-233\mee pok\8AKTIYVMUC6EF9EENQLCY0NM.jpg,mee pok,all,b6e3932bff9bed4f0f15f1a3a4c69f2b,aadac005b7e8896f
../foodsg-233\cheng tng\4YCPJ8LPPCKK7ZPOD2UWT7HS.jpg,cheng tng,all,6b07ae778ee92ab6f86f987f4f3333f7,aadc950b6c3f83e0
../foodsg-233\cheng tng\55XSHFWSPVKGJSMLRNNJ34ZX.jpg,cheng tng,all,148404d74179244cee194afcf33cedad,aadc950b6c3f83e0
../foodsg-233\vegetarian bee hoon\Q06WOY9WKB93P0UJYFPX5R89.jpg,vegetarian bee hoon,all,e92b697bf03dd7028fc0bd12947bd8be,aade95e150c8cf85
../foodsg-233\Soto ayam\EAZ3CE1QP6LIBEQHOTPOCY76.jpg,Soto ayam,all,7c8eabe09a73a915842b2998fb72afc0,aade95e150c8cf85
../foodsg-233\hotplate tofu\VFL2XFAXDWG1JHHJIGNJLLHS.jpg,hotplate tofu,all,65f117446b9031b1498c2344cc568ec5,aae292b28dc8f731
../foodsg-233\hotplate tofu\DCV1GIB168V9K7W41QSLHNYQ.jpg,hotplate tofu,all,a1c9092dd701d9b4a282b728cb50df98,aae292b28dc8f731
../foodsg-233\hotplate tofu\4A2P6QVAN2YI0TZE5WRE77MF.jpg,hotplate tofu,all,76492130a45e9a4e0deaf5742d5fe203,aae292b28dc8f731
../foodsg-233\sliced fish soup\HDVB04OADEJZMO05HPM5TIJ0.jpg,sliced fish soup,all,024ad9d109fb5e511312e01190185da4,aae2aad9e1e6a1c2
../foodsg-233\Mee kuah\AG89PXRN9XD4479FYFIRQSS1.jpg,Mee kuah,all,50f95337d2eec543486d0e83d2fb9e7b,aae494995b706fc4
../foodsg-233\Mee rebus\MQTVYE318379XGP6F5PHCQOE.jpg,Mee rebus,all,88c93e94b98d447b097b933f6c29d2f0,aae494995b706fc4
../foodsg-233\hokkien prawn mee\AFXS9D0GNBK40FS3YZ70OEYY.jpg,hokkien prawn mee,all,a074048bb605c5bb0ab4519ed0a1472d,aae9e9c5a4939bc0
../foodsg-233\Prawn Noodle\Q3W3X0W5V2GCVYHNXU68002V.jpg,Prawn Noodle,all,3325f72850789d6f2a99e7855397c61b,aae9e9c5a4939bc0
../foodsg-233\meatball\UAILXVYN2EDI7XLDGHC2LOLX.jpg,meatball,all,29d8e17eb6db63347c173390c5c21718,aaea7bc2b2c3892a
../foodsg-233\vegetable soup\OC4UDC6LQ1KYGEE2PL3NG03S.jpg,vegetable soup,all,0fc4f8b6b78b2722161baf4cd9f50c6c,aaea7bc2b2c3892a
../foodsg-233\pancake\2ACA6CS5LRWVPB564KIFTA44.jpg,pancake,all,ce0ffe1be81602c4870021ea41af3860,aaec6dec359192d0
../foodsg-233\pancake\NK8WQJO9VZ4UM0IU2JESW54O.jpg,pancake,all,5350aff9bf53dad39e557187755f9245,aaec6dec359192d0
../foodsg-233\dumpling\27MSFATU254W3IKYDPLS356D.jpg,dumpling,all,c02bba7ce71fd9269321725330f5dce8,aaecb52346b35a89
../foodsg-233\dumpling\607VIHZ64WQ4NAB6J0MZ7ROR.jpg,dumpling,all,7bf94d0fb4d32c8110f3e47df40b6a2f,aaecb52346b35a89
../foodsg-233\Kway Teow\YLOAN8RMAJQ6P3T7U5DTR7QF.jpg,Kway Teow,all,5965b4c976a043cfa6562dd1fa2bb006,aaf085d53ac6b54a
../foodsg-233\Kway Teow\YSLI999CPGPF5PHIY0BLUFP5.jpg,Kway Teow,all,7a3aa41dd55bb5c77c3028a1e7e088c0,aaf085d53ac6b54a
../foodsg-233\passion fruit\1DZARDYT7O8GQ8V896QPBR07.jpg,passion fruit,all,cf2fde45bc1be5257fbf704be21b1192,aaf1909e7b30269e
../foodsg-233\passion fruit\8MNDAJ60D2SKT3R4E3KM6Z80.jpg,passion fruit,all,55ccbfec573e06f01bfdc032e5cf8268,aaf1909e7b30269e
../foodsg-233\biscuit\O1TLNAE2SITT1FRVEK878QJJ.jpg,biscuit,all,ff2e506d18ba3f5948d337f0f1524652,aaf1d500c02a6bff
../foodsg-233\biscuit\BL6IM37AMHZNAD7PR3UMV86R.jpg,biscuit,all,c20f3274c5a8c8bf3e5d90481a907968,aaf1d500c02a6bff
../foodsg-233\cheng tng\IR4YH8C8AUPUL48FB52HL5U3.jpg,cheng tng,all,010d7d9644e9821b9ff5de6023ab57c3,aaf585c29e8e9ac1
../foodsg-233\cheng tng\X88RKCRIZG4B749NMI3NZJ0U.jpg,cheng tng,all,7f472d259cf6df1fde27491871451670,aaf585c29e8e9ac1
../foodsg-233\Pung Kueh\06NNOV5TN06JY3I5X0IUOH2A.jpg,Pung Kueh,all,1a626ef354347ee5a1f965486bfe4179,aaf5c2f2f14d1252
../foodsg-233\Pung Kueh\JVU1RLAXQ1CBPKL8HMMX9D53.jpg,Pung Kueh,all,b88a75ccab094635f43709baeb07a7ab,aaf5c2f2f14d1252
../foodsg-233\Kueh Salat\QFXVPSJBTJ7EOCS26FU7L0GT.jpg,Kueh Salat,all,3ecc8017387cb632907bb5d9f6e8174d,ab060783707cf27d
../foodsg-233\Kueh Salat\LPRJQRBO6LZKFR3S1X9CTD5I.jpg,Kueh Salat,all,7ee7b01cbecbf34c83bf69e6e882c944,ab060783707cf27d
../foodsg-233\rojak\U000M0E16SB8R2IEF3NCGGE9.jpg,rojak,all,6eaf2352b91106f978c4344526d11e06,ab0bf728f19ec023
../foodsg-233\rojak\89YKE3OCVBBNRJN6V8HO1F8O.jpg,rojak,all,9e118ad0ce8f25b5df827586e81819d8,ab0bf728f19ec023
../foodsg-233\Kueh Salat\9BZRTC01A0QM292VC4GCMZ72.jpg,Kueh Salat,all,9ae37048e5f59dd7baf5eccefdd43c48,ab0d50017a6fe5ea
../foodsg-233\Kueh Salat\PS8WSQPTA8ZHTJ97H0GJT14M.jpg,Kueh Salat,all,3f7b9e7d2c77f2f9294422905791786e,ab0d50017a6fe5ea
../foodsg-233\bak kwa\I1HWL30O1IK1WMN5K0ZCG6M4.jpg,bak kwa,all,86fd4e026099998696322a074df05cb4,ab12957f92f85381
../foodsg-233\bak kwa\6VCVLBQGUBJ1MU3HAUVPU80N.jpg,bak kwa,all,888b04c2010b420889a83fbd422e2ee7,ab12957f92f85381
../foodsg-233\hokkien prawn mee\XBXPTXWY2BIAK3Q14W0KECB6.jpg,hokkien prawn mee,all,1003bfdaecdfd5bc632281b3808ff2aa,ab18b5cfb0a6a22d
../foodsg-233\Prawn Noodle\LR84KARGYNIYXTOYYZMORG6Q.jpg,Prawn Noodle,all,2e983991e18f8597b232e5dfb3fb0b6c,ab18b5cfb0a6a22d
../foodsg-233\Tauhu Goreng\9KVJ8P8F4K331X5B74WC5DLK.jpg,Tauhu Goreng,all,a3b03e82d60a32cb3f163f18af565a52,ab18c427911f8f1f
../foodsg-233\Tauhu Goreng\PVPRBX6CLNN3TFRBGN7R2OWF.jpg,Tauhu Goreng,all,e3d53198c92943a1bb6fd79185b1a181,ab18c427911f8f1f
../foodsg-233\Porridge\XK8WKXTAQJC19I7BRYLYVO4V.jpg,Porridge,all,a9a88313b29a042b4795fda48db90f8e,ab43218bd1cdee34
../foodsg-233\sliced fish soup\5SVQA747K4DTEQMPAOVK4NAU.jpg,sliced fish soup,all,935bb7d1af1d7bb6b6c930c839e718d2,ab43218bd1cdee34
../foodsg-233\drunken prawn\EIKVDM15M6VZYRCG7PM0VHUV.jpg,drunken prawn,all,6ae12be392ea3ca1d4aa1b2f8f2d786f,ab46b49efa243471
../foodsg-233\drunken prawn\VMKE2SKM2MG0RL6PGC1YKLD6.jpg,drunken prawn,all,f7d39f5f1fab3352bd86eb458ece00fb,ab46b49efa243471
../foodsg-233\vegetable soup\EK4FC4EC5XVWQQ65QFW3J0VD.jpg,vegetable soup,all,b40ed354b4bcaff0a0fca574d7331335,ab69d4617944749e
../foodsg-233\vegetable soup\GHP8LBTJV3GH7Y4ZD99EXIWV.jpg,vegetable soup,all,f4af70c336acd2f9ad5b62e778c0164e,ab69d4617944749e
../foodsg-233\Kway Teow\KOEC7MQ3UE53NAAXNG8SZ7RP.jpg,Kway Teow,all,52c934cc300104d9be8fc2f70c7d72e7,ab6bd034db32b413
../foodsg-233\Kway Teow\QL57MMVKPIBDQJ7W5HTDGS8B.jpg,Kway Teow,all,469a813612ba09c7b7fe97e857c0e262,ab6bd034db32b413
../foodsg-233\chai tow kuay\IVMSSJ0TWRZQXUMYZT94QMXB.jpg,chai tow kuay,all,4ce8ce9785849c7d9a483bf6b6775b4c,ab82ac93fdc08fc8
../foodsg-233\rojak\ZCDUU28AOBFXEVF4M19WWT0H.jpg,rojak,all,9dff56e45d0bf5801dbb40f546af624e,ab82ac93fdc08fc8
../foodsg-233\Kway Teow\2FH57QOKJD2POYUPNM0MSG5V.jpg,Kway Teow,all,ba19542925d946b3c195a5e642a08da1,ab83ee4fa41bb051
../foodsg-233\Kway Teow\J34AMTTEWSWJ10NDZLYFFWPH.jpg,Kway Teow,all,5aade5bcc037ecf4157a455fbfe3b688,ab83ee4fa41bb051
"../foodsg-233\Pilaf, pea\9007STPUBTL82QC8VOWUY0C6.jpg","Pilaf, pea",all,3e56b2d43988deeefb5d2f7fdd91bc4e,ab85861b796cb692
"../foodsg-233\Pilaf, pea\0C3SBWDXQ4LGIREMPW44ZNUC.jpg","Pilaf, pea",all,68ff2619d57e38c0286fde75b7b227fc,ab85861b796cb692
../foodsg-233\goreng pisang\TQDOH3K2VA8M9AVXNOWMVJ68.jpg,goreng pisang,all,3602354a523668e1de6adcd56b4ba56a,ab89785f47022d4f
../foodsg-233\goreng pisang\3VFOYMLAR3OJG9SLOB25Z95Y.jpg,goreng pisang,all,c90e9a68f760644661da93c29a55218d,ab89785f47022d4f
../foodsg-233\Chocolate\DBZ7YQ976ZEYN5PML2AM9F5G.jpg,Chocolate,all,a6557234c78fb9d88fdc2729f5d9094c,ab8ad1756b933419
../foodsg-233\Chocolate\ZDOO6FPES70RQAY1SSKCRI53.jpg,Chocolate,all,209769df901abce0a7cdd04888e6b2ac,ab8ad1756b933419
../foodsg-233\mixed vegetables\BGSB9XMA31ZAXO6RAQPSD9KK.jpg,mixed vegetables,all,37575152170ffbbfc04afc1bf3aa6a9c,ab8e1be456d864c9
../foodsg-233\mixed vegetables\UYGT7OSB150CV99D7UJCE2LG.jpg,mixed vegetables,all,49cbaf41459b6fdcdec3e048aaaae228,ab8e1be456d864c9
../foodsg-233\bee hoon\DS0QMXH2E2XQ8BCLD8IQ92F8.jpg,bee hoon,all,4f0c09aabf3922d25fdef3d66159d439,ab91f59dd452c458
../foodsg-233\vegetarian bee hoon\X1RUYNP20VD66RWV60INYU7U.jpg,vegetarian bee hoon,all,12ef9ffd22d9aede5b5f6bb835f339ad,ab91f59dd452c458
../foodsg-233\spring rolls\U20TKAIBD2Q4H6PZPO51FBQ2.jpg,spring rolls,all,46ded38978efc33be5fdbff3a578a6d7,ab96a5187373344b
../foodsg-233\spring rolls\7BRJQTU5UV52O9U05D6KETSS.jpg,spring rolls,all,6a56eede591bf877beb0ffad4e10d7be,ab96a5187373344b
../foodsg-233\goreng pisang\LABEAH9ZMKH5V0X84B8A3X45.jpg,goreng pisang,all,05b0ae3ce7afdd0c55930ac7ec0ef904,ab98253b49f74896
../foodsg-233\goreng pisang\L2FQBEQ7UWF4BLOTFI5S642P.jpg,goreng pisang,all,667629aacaee50d9605bcd7e543d4443,ab98253b49f74896
../foodsg-233\bee hoon\3JIYY9N69Q9NJ01CC06XFV3V.jpg,bee hoon,all,2f19e6948b2b4d8d4af684a47c6a4552,ab98650ca6363c7b
../foodsg-233\satay bee hoon\7CVQ710AU48X9ZMVZD4EOIXY.jpg,satay bee hoon,all,4d8c2c4026cb84c9469c769b1aac4889,ab98650ca6363c7b
../foodsg-233\chai tow kuay\EE98YJKZROVSIY335TSNW7DR.jpg,chai tow kuay,all,a393a9dacb3ec7a4b42098fa504843ae,aba0b51dd62cc91b
../foodsg-233\chai tow kuay\9080JP89FD989E1UH67ZCN8X.jpg,chai tow kuay,all,4b2602a05129b213357f250f9d69b4b6,aba0b51dd62cc91b
../foodsg-233\Soft boiled eggs\R66VIIYQNFUNNFA3PLZBH1HT.jpg,Soft boiled eggs,all,0e40eb6a1fd5bf147165d72a3482e6cf,aba5bc58108f96c7
../foodsg-233\kaya toast\SP9O5DB45LSFIMUM1RUHZ7FZ.jpg,kaya toast,all,644b694dfcfce06c2812a24edd225575,aba5bc58108f96c7
../foodsg-233\vegetarian bee hoon\Z0KW2515QYJ1PWMC8NYBZRGU.jpg,vegetarian bee hoon,all,d268b3659e9ea94ae237ad26f308d7ac,abb5d1a55432855e
../foodsg-233\vegetarian bee hoon\DP3Y53I2UEXWLI6J9G819KL6.jpg,vegetarian bee hoon,all,50e647341351164db8352b3a1346a416,abb5d1a55432855e
../foodsg-233\wholegrain pasta\EA4O1S6Z3NZYIJ7UVAAVTAF7.jpg,wholegrain pasta,all,ae646187928e6fd59c7430380c8fe9fd,abb64acb21e53625
../foodsg-233\wholegrain pasta\53TN16M7UDTPE7Z123NP78S3.jpg,wholegrain pasta,all,46e0b8cd619e53e7988fd390feb388c4,abb64acb21e53625
../foodsg-233\blueberries\U348U5K6ZHL25ZUO4SK9IVPA.jpg,blueberries,all,9054d610dafa21a9b3f03146d4644fa7,abb7d4d2ca0bcd08
../foodsg-233\blueberries\HYK76B1PBTMK7GJF0UUW9UXD.jpg,blueberries,all,7b85d08bb396a5f12854dfa05e965fa0,abb7d4d2ca0bcd08
../foodsg-233\Mee goreng\8AAULNKASQVTN1NX02VDCT0Q.jpg,Mee goreng,all,426e96eadf02c49a7a0f60dc34743851,abb9574229656527
../foodsg-233\Mee goreng\TJTW1ZPBVAM97KM81N4GAN4I.jpg,Mee goreng,all,9cf644e88d3a300196f212c5728b4f30,abb9574229656527
../foodsg-233\chicken masala\4VMD8VRZSMTYXBGJB4S8VXH9.jpg,chicken masala,all,6f5a58324397eb50ecd3be069e7eb65d,abc09d4870efa59c
../foodsg-233\chicken masala\QW0H7AN31XC5LXLBK6VQ7LL4.jpg,chicken masala,all,39b265b4f86fcb145c23f512fc2087ea,abc09d4870efa59c
../foodsg-233\Sweets\7IWHMA0ZOZ43LT05YFPII5QA.jpg,Sweets,all,255b0bfd8ee180d72695043421de50ac,abc0d5bb2633c934
../foodsg-233\Sweets\TPLTXXFVOW0OXYCV8QC2AZ2H.jpg,Sweets,all,c82ce04b97b843946325055ecf40d3bd,abc0d5bb2633c934
../foodsg-233\lontong\YRQMD5G0PQXSGPJRHT8JN1Q2.jpg,lontong,all,2242967d3b1dbea9815459568d8bddc6,abc0df096b6a3c26
../foodsg-233\lontong\VDR4QJ8LKDXZHEPNJRYX6DD5.jpg,lontong,all,066aa9e1090c474e924c853e3f93541f,abc0df096b6a3c26
../foodsg-233\blueberries\69Q7GJB267S9KNHRU3KZJWKY.jpg,blueberries,all,77f43a4be05268bc3ba740bfe90761df,abc2bd3c4239d239
../foodsg-233\blueberries\Y4FVK9J44RHFORTFYOJ4FR3W.jpg,blueberries,all,89229b892c13fe1e6c289a42cdc08658,abc2bd3c4239d239
../foodsg-233\mushroom soup\UIOX4YJBJROUF4924J7Q6QLU.jpg,mushroom soup,all,9f7c0fb9fe9188d99834a94278396513,abc2c0393dd992b6
../foodsg-233\mushroom soup\44IB0OQ9RQLVII9AX9MXY1XC.jpg,mushroom soup,all,40b9b8ec31e1fe720b3614358b312755,abc2c0393dd992b6
../foodsg-233\rock melon\19HUFVKOG7TR1KF466924Z43.jpg,rock melon,all,c260b796a4272f4cacac02a7cab15fa8,abc4843bd13ed26c
../foodsg-233\rock melon\Q7Q4IQFBDXSITOWWLPEGXPDW.jpg,rock melon,all,39090f2c6648a3d4d1f4c97363ce6d24,abc4843bd13ed26c
../foodsg-233\fish head curry\FQV7CJWMM76123390LUE3GKX.jpg,fish head curry,all,f47a928fa399b5c4fc1bd3c5c7ee6da6,abc57546d53ae092
../foodsg-233\fish head curry\RWTQZLDLP2TLH1LPX31FDNNY.jpg,fish head curry,all,a8acc9690668f4e66019910b618d8443,abc57546d53ae092
../foodsg-233\nasi lemak\ZCZCM8M1Y3V97UR1LU2DORA0.jpg,nasi lemak,all,62b28dc01c7dfc4cc258561197560a9e,abca3d48d4077729
../foodsg-233\nasi lemak\DQDWA9IE46YEBKLO23GVNDV4.jpg,nasi lemak,all,a69332dfd02f33e34e93e371d13852d5,abca3d48d4077729
../foodsg-233\Kway Teow\CF43UTJB0XFYIQ0WMVNVKZME.jpg,Kway Teow,all,15450fa88214eb34157196bd17733f9a,abd1a55477509cca
../foodsg-233\Kway Teow\C4UTYW1P62QDL3VGPSLKKRLC.jpg,Kway Teow,all,1e50ee98c199852d96775e81a45da9e9,abd1a55477509cca
../foodsg-233\Kway Teow\NG61WE3QH657GEVDDJ4LRFTB.jpg,Kway Teow,all,71c8f6fd188b6ed207279a3e64c00a1a,abd2d096c65ac93c
../foodsg-233\Kway Teow\FVCPY8W12A3ZMZL4BDB34Y33.jpg,Kway Teow,all,817015da25ace185105988a000db33ed,abd2d096c65ac93c
../foodsg-233\begedil\6JOELGUTYWNU7RFX94NQUG0H.jpg,begedil,all,8706dea72a5fe112ae2c42ec8b2dc433,abd4f45a144b426f
../foodsg-233\Mee soto\VK2ZT3XP7CTCS33UXC56HHT4.jpg,Mee soto,all,362c1095fddbcd65ec78fb0ff0fe80ef,abd4f45a144b426f
"../foodsg-233\Bee hoon, soto\8CH3HR1XXFEGOHURID5W1U0E.jpg","Bee hoon, soto",all,8beb895fe34e9669ca4c2d8f6049972b,abd4f45a144b426f
../foodsg-233\Sweets\QDAF485F05NKI0TM6PTICDK1.jpg,Sweets,all,83bf95d4235ddf9621f23053032dbfa7,abd58ac4a1d26b66
../foodsg-233\Sweets\J0AU7VFJV02QBW7T3ZELRV6M.jpg,Sweets,all,d4b41be9f45a460291f80b5d474bf6ba,abd58ac4a1d26b66
../foodsg-233\sliced fish soup\KDGPQHU8SF5KJQLEZ2SBW30L.jpg,sliced fish soup,all,12652be35a732c5e6da91a6b77d401d0,abd5d50ad26524da
../foodsg-233\sliced fish soup\LXSBUD4LTK9FOWW0FF8MIIDH.jpg,sliced fish soup,all,7148dbc840468dd67c1249813f217b0e,abd5d50ad26524da
../foodsg-233\chicken masala\EG5WPMA71CALAHLNDJKQ3SO4.jpg,chicken masala,all,2e476836c4a54f9b7b95136e536a4ea0,abd5d5428a27f429
../foodsg-233\chicken masala\DF0Y5NSUGF9S313QRGPDKOUX.jpg,chicken masala,all,e1eeb08e21f8b46286806a897000b20e,abd5d5428a27f429
../foodsg-233\tom yum noodle soup\YKCDWMZ4N43C5KL9NX3C2HLL.jpg,tom yum noodle soup,all,075b7595b2ddb06fc788f95c62729eca,abd7f49840c633c3
../foodsg-233\tom yum noodle soup\COAAOF1VTTIK28OJDX35ZXEH.jpg,tom yum noodle soup,all,bab9013495200fa850e684d8aa37db84,abd7f49840c633c3
../foodsg-233\ngoh hiang\AMLWGCPS52TY224MY9YPMPPY.jpg,ngoh hiang,all,f3585bd5ebbe59e4f24994902f6670f8,abda92a1ba65551a
../foodsg-233\ngoh hiang\0EU3C5DRSS5O8NS597A1OIMO.jpg,ngoh hiang,all,984cc5a00fdeb465d26f1a015e3cc9bf,abda92a1ba65551a
../foodsg-233\Kway Teow\P2HSGZ53HJB7JRSN4PUSRC03.jpg,Kway Teow,all,975a3601e3f1af6587e275ad2d5aecd1,abdac5dad01a40fa
../foodsg-233\Kway Teow\CAR7W77DZBMLWRE0KXQGHBQX.jpg,Kway Teow,all,95c07b324d8e917130183407a8548b63,abdac5dad01a40fa
"../foodsg-233\Bee hoon, goreng\17G1KZ5Z5UT6YRFJLA966G9V.jpg","Bee hoon, goreng",all,bee13770e8ee0c0a7f2e061f3ffd5a40,abddf408d168c07b
"../foodsg-233\Mee siam, fried\2EJGHBG9NUEAXCFMBBBO7F4R.jpg","Mee siam, fried",all,c401d78813d391e29afca75b3f6aecac,abddf408d168c07b
../foodsg-233\chilli crab\X5A0OR3DK418NRD8LSPWIIUO.jpg,chilli crab,all,82b04057170e3986b84393ea7a62425a,abe0b544d5685a6d
../foodsg-233\chilli crab\Y2SUSNMCBVPROKD05CYO99H6.jpg,chilli crab,all,8d282c3ee93dbc3cc85c09868d4bf863,abe0b544d5685a6d
../foodsg-233\Mee rebus\JNTPM5RH03UUJTFRG9TBW79Q.jpg,Mee rebus,all,b8b54958c5bfbe6c85fcf826d1bbdbfa,abe195a5c09fc46a
../foodsg-233\rock melon\XL9YDAFPIFXPXUJHAK11TM3R.jpg,rock melon,all,95f5493cad77c964ac1a4da29183f1ee,abe1c4c2bd0db459
../foodsg-233\rock melon\PVOVBLEHAIAFHLWPL7FO3WIR.jpg,rock melon,all,89fe18fef51cbffba7aec40f88f3fdc1,abe1c4c2bd0db459
../foodsg-233\Kway Teow\OKUJ3BGFQWCNP0EEKGWIQKVO.jpg,Kway Teow,all,41ba3f86cd75a972950cc3ed289d2bce,abea95a2158f4e0d
../foodsg-233\Kway Teow\I6KITHZ6FE8S0FYH9WHJWJQM.jpg,Kway Teow,all,683d4d98bebfa579619a4981901cf035,abea95a2158f4e0d
../foodsg-233\Nuts\Y0WS5YT4AQDEOAP8F56QFDS6.jpg,Nuts,all,78c77d334aec468edaf49f853858fb19,abeeb61c434c94d1
../foodsg-233\Nuts\7XDGNKC1OAHGYTBMZGWL2XQ3.jpg,Nuts,all,13b71187d363fc7174b6776f6efb6d8f,abeeb61c434c94d1
"../foodsg-233\Bee hoon, goreng\QVE3W3U6O26PHO75MQGFV4UP.jpg","Bee hoon, goreng",all,a1655ac079b44e8402426ac29bc37893,abf0851fc632922f
../foodsg-233\bee hoon\KYVAOVVR3ZBJH1EQZNCVPSJG.jpg,bee hoon,all,a97bd1f2b80a880637810953c30b439a,abf0851fc632922f
../foodsg-233\Kway Teow\ETINILDBZBBFCH0D6J8GU849.jpg,Kway Teow,all,e42d0eb060eca21aa32f81fbe6c2e11a,abf6d4788b24af02
../foodsg-233\Kway Teow\U40VDLUT8MD1A41XLMVD7CKY.jpg,Kway Teow,all,d6ae969dae2f35ae0b73df721de3de63,abf6d4788b24af02
../foodsg-233\Kway Teow\G9HBWW9KOBV4Y4RIHX503NXU.jpg,Kway Teow,all,888150ffb933e1428e70299e1986d869,abfbb4a0c690e9c8
../foodsg-233\Kway Teow\V9WXP6K1LFL9M8UR7DEYVYUG.jpg,Kway Teow,all,cb397896974d230ed6aeed8d90bfaeeb,abfbb4a0c690e9c8
../foodsg-233\Soto ayam\EUJZ78CLLPGJ3M1DJBBQB0XJ.jpg,Soto ayam,all,a69ecfb6c810cff421259abc54bca0b6,ac113be0ddcad88d
../foodsg-233\Soto ayam\4JYQCHCQVA1L81OQBZTLR888.jpg,Soto ayam,all,411aa39df303eacf95963f231db42cc3,ac113be0ddcad88d
../foodsg-233\bak chor mee\PIG65CDC1NEQTLY38WIO05TR.jpg,bak chor mee,all,70d2d62d9fd13c68b37fc405e659842a,ac190f1d9c7ab872
../foodsg-233\Fish Ball Noodles\KHTRAYLA6S2F4DH7B2SMK65L.jpg,Fish Ball Noodles,all,27d9db3a91d931753df6ea04fd06ca95,ac190f1d9c7ab872
../foodsg-233\singapore sling\R981LRFA4YHABOWBLSQPJKNM.jpg,singapore sling,all,db0a6aff5d18518b391ce15cd9583047,ac1c9a63f9f84b03
../foodsg-233\singapore sling\80LO7MPR8D7HNCZXW7HBMYI6.jpg,singapore sling,all,90e5755f4ac68eb0a8df60e33f6a8f35,ac1c9a63f9f84b03
../foodsg-233\Grapefruit\EHM2MBMS2I80QNXJZOSLXTQH.jpg,Grapefruit,all,e5a03f695ef7a9880d6db749dfffda05,ac2294f37b9781e4
../foodsg-233\Grapefruit\0XB2SZIQLHCVMTK6LA9KBZA0.jpg,Grapefruit,all,d938d58e377ebb65ac1640dcea790a38,ac2294f37b9781e4
../foodsg-233\Grapefruit\V3X09GXTKIQVKFUNF8EJ9876.jpg,Grapefruit,all,98c46d654dedaf2949d4757a3d7c82a1,ac2294f37b9781e4
../foodsg-233\char siew pau\IEUPUVWH4QZNFD6W7QWSRZ5F.jpg,char siew pau,all,5ca0e1a9f712a476c64a1bb3d6d111f1,ac2f60b827859d5d
../foodsg-233\steamed buns\U5UYGPJKHK6GO0DRKJOLA1DP.jpg,steamed buns,all,a1ee215fbcf2074559e14f296010f3f4,ac2f60b827859d5d
../foodsg-233\Grapefruit\VNGS1S1F48VCH9WYUAM84JJJ.jpg,Grapefruit,all,9e7cd82ad9ea609b042b74962966f2fe,ac329321fb5c8b65
../foodsg-233\Grapefruit\O0IXRGYY4XGIFPCO01OLT2O5.jpg,Grapefruit,all,f5c32670c4d85b3e42544420bdc36cc8,ac329321fb5c8b65
"../foodsg-233\Rice, with dakgalbi\DP6CS9VDVILB4PH3VN1LM2B7.jpg","Rice, with dakgalbi",all,4ad1aa5a9276a1e78207630d6fce0682,ac3cd232d9c223db
"../foodsg-233\Rice, with dakgalbi\QSUCK83VA15QSHOXEGT0FACM.jpg","Rice, with dakgalbi",all,7fa1fe65939112387c105f7beb56db95,ac3cd232d9c223db
../foodsg-233\chicken wing\PRYWHFYSXF42L2HTLJXI4RAB.jpg,chicken wing,all,b0101cdb2265d81bf9d59fdc3e51f4e7,ac5abfa478de2184
../foodsg-233\chicken wing\L16AUKJLYTGNORIJG1E7GDN5.jpg,chicken wing,all,f994cc90a4c119708be1d9dc79619c7c,ac5abfa478de2184
../foodsg-233\Pung Kueh\2DJC07NDK5NC87ES1K1RHK8I.jpg,Pung Kueh,all,4c7c4216892fd6493b1a2a9525a1484c,ac86d96ed3304793
../foodsg-233\Pung Kueh\HJRCNLL31UXIZ9N4OUKGYXF6.jpg,Pung Kueh,all,1673404fb160dbba313638b8baaa4cf1,ac86d96ed3304793
../foodsg-233\Seafood Noodles Soup\DEKI8RZCJV439N6OB8VI1MUN.jpg,Seafood Noodles Soup,all,bfc74f452828a53d54cca22d4345d9ca,ac8c951e5f3e48a9
../foodsg-233\Seafood Noodles Soup\LJ9ZZ48QYCH7C747IWF6HLLM.jpg,Seafood Noodles Soup,all,08377ff9575740c8e07fee336b65c60d,ac8c951e5f3e48a9
"../foodsg-233\Miso ramen, with fishcake\RE2W1J9UM8QMD92B9UESYDT0.jpg","Miso ramen, with fishcake",all,a76aec7bd7cb58a7831ac1ae2bbc934a,ac92f4c5c71e487c
../foodsg-233\Udon\LA170W0V49MWVEY4YMKL3AR2.jpg,Udon,all,4a13ed143783f57b0be209604344d9dc,ac92f4c5c71e487c
../foodsg-233\longan\US1YGMIEOFZFLMSGU1JX510S.jpg,longan,all,a92e62b903a7f707363a6f895c19fe1e,ac93936cc1963ec9
../foodsg-233\longan\YD1XWK8R7B81BDQ1J4OIU3P4.jpg,longan,all,46d667cd754557d83e43a4498ae58bc4,ac93936cc1963ec9
../foodsg-233\thunder tea rice\3Q3MIWC9D1FS0D8AIK54YGSN.jpg,thunder tea rice,all,d47e717257480ecd1a1b21088ceebe01,ac96f34e0d83cf09
../foodsg-233\thunder tea rice\778SIJM9XY31SNT0NBJST014.jpg,thunder tea rice,all,68fc229a0a2305ff6895a671852c3671,ac96f34e0d83cf09
"../foodsg-233\Mee siam, fried\T2FIRV55XY3BS10VZZ8LU4R5.jpg","Mee siam, fried",all,580bbf1078c1623d91558aba41b8b1b3,ac9b836db8e29196
../foodsg-233\Mee siam\CYDV6P54J5GAS1L2NLT6VIT1.jpg,Mee siam,all,9a85a45609e5ec9771b4d893472967f7,ac9b836db8e29196
../foodsg-233\Soto ayam\U3C8T764JG42X5LA4MN9XJXC.jpg,Soto ayam,all,531679f6705baf267ae4ea96ab99b3f3,acb2d4404b27ddec
"../foodsg-233\Bee hoon, soto\ZEUG8LAK2Q2QTJOEXIXOXJV2.jpg","Bee hoon, soto",all,004560809b7060f48378ae9cd54ead74,acb2d4404b27ddec
../foodsg-233\cheng tng\T4HH7I57Z9GWPM8YE06NX0WT.jpg,cheng tng,all,384f2080885feb4ce850f3e8595863b4,acb336199bc0cbc6
../foodsg-233\cheng tng\2R319QOL4OWPXQCJVQXUH4B6.jpg,cheng tng,all,34d66a13de5f81f834a09b8a095aa277,acb336199bc0cbc6
../foodsg-233\kaya toast\2DXPP0M5GLFQ85E1829W0VMQ.jpg,kaya toast,all,7c2ca16cc0ffa3b36072f40f1a6746a3,acc34b39c7343c93
../foodsg-233\Kopi Teh Milo\RPTX3FU91N513WF883BA5OIV.jpg,Kopi Teh Milo,all,0c12b9b6863491b9631bd7a8e81a17ae,acc34b39c7343c93
../foodsg-233\strawberry\ZEKZRLOTXTYBTZK6BYS20083.jpg,strawberry,all,ac4c5c23f8ece820071851095239aedc,acc6d119a35ac76c
../foodsg-233\strawberry\QQRR5ZYO2E35VYF71IYV3LVO.jpg,strawberry,all,2f125daee940c058e137522c4bc0c0a7,acc6d119a35ac76c
../foodsg-233\longan\B21WFY8QCWF14800ZBSYRQ7Y.jpg,longan,all,1896273237d0be9b35704f8d99c36d58,accb92b4ce2f0de0
../foodsg-233\longan\ZB9Z9H82TTJCDM0VHRQSUIZP.jpg,longan,all,0fcfe74bb2ebc21b22daf92cf31004ea,accb92b4ce2f0de0
../foodsg-233\Lontong with sayur lodeh\SKJG5T5QWUAFH5PMRA7QPSY7.jpg,Lontong with sayur lodeh,all,eb9eb1f41eb53c0a62a8fbcd610c95dc,acdad159db648e28
../foodsg-233\lontong\GJZE6BMDAQK4OKIYQ1CNMKTQ.jpg,lontong,all,3473253f08b8a64b443658542b9ac679,acdad159db648e28
../foodsg-233\Pung Kueh\6NXU6ZD62C0G6PNXTJYDBV5O.jpg,Pung Kueh,all,07c4eb3d0fd148840803f1587685e907,ace4eca96c69cc91
../foodsg-233\kueh lapis - rainbow\JQBMQ6IOT1OCDHKZKZXYPQ1X.jpg,kueh lapis - rainbow,all,179bf3872a44b942fb1ef617eb916903,ace4eca96c69cc91
../foodsg-233\Kway Teow\095XTD486MUW5AYKDT4ZHZLD.jpg,Kway Teow,all,54a571c4ecde6249a5db9234c57baac2,aceee35994720e29
"../foodsg-233\Mee siam, fried\5MQRDNLBK3PHF2S48STQOL17.jpg","Mee siam, fried",all,704a7fedf961e7609e9e6f6b1d8168db,aceee35994720e29
../foodsg-233\rojak\1TLSZA1360X2AQ3WTU9FKBYK.jpg,rojak,all,08c9ae16b61daccc1d13bf05b0599960,aceef461ce20923b
../foodsg-233\rojak\WWYXJPSU16YSLLR68MAMZXO2.jpg,rojak,all,188f89a07e5e8253f0ce4a6133ed88c2,aceef461ce20923b
"../foodsg-233\Pilaf, pea\U7K3NMTOYDL1TOBNNA0070PP.jpg","Pilaf, pea",all,5c20cc83253154c744806d310537a545,acf0862b7c859e71
"../foodsg-233\Pilaf, pea\QST14E1LA69RKMQN5MMR1RVD.jpg","Pilaf, pea",all,55ee04b8dcecef178075362af6b23726,acf0862b7c859e71
../foodsg-233\black pepper crab\4NV817F0527KBE0FB0I516SU.jpg,black pepper crab,all,ebf2ed98f3f42527778da4592c17eed5,ad0c844acffcd075
../foodsg-233\black pepper crab\UGYDX10S9NI4JT38T3NQR8VG.jpg,black pepper crab,all,0762fa08e87d5bccf7f5c21a3549c2b4,ad0c844acffcd075
../foodsg-233\Lontong with sayur lodeh\IQOH3R8JBEF5QE9867ANY094.jpg,Lontong with sayur lodeh,all,1fbe51c5fcd7cb3de78c9a222c59efef,ad0fb733971a84c8
../foodsg-233\satay\W9S95KGMZ5CEIDPRIV9B380B.jpg,satay,all,8e809a4c59d55461da492389e6151237,ad1eda68cd6530e2
../foodsg-233\satay\VHR622V44RDMFXIHATOS53EX.jpg,satay,all,e88afe818be9532939da6637d134ac15,ad1eda68cd6530e2
../foodsg-233\Sweets\C2NQ8XW29F9V9TN1NGWF8TYP.jpg,Sweets,all,89447c9b74beaee7223970f4c57f2548,ad1fcbf190c49638
../foodsg-233\Sweets\MHW5ZOMSB1Y531JPSDIVZMKS.jpg,Sweets,all,d65aa9c8e003e7dae26fb59f0c90ed9a,ad1fcbf190c49638
../foodsg-233\Fish Ball Noodles\VW8M32H5ZHTVAMQLADXB2A0X.jpg,Fish Ball Noodles,all,c0e39184c0094a9495d496ab2f8878f8,ad24363f709c9396
../foodsg-233\Fish Ball Noodles\LBJ0ERQVN357AT8AYJM67LK5.jpg,Fish Ball Noodles,all,d916eb935d56db27a330bb11a4586adb,ad24363f709c9396
../foodsg-233\chicken rice\8AZ9EVQ87MRICRENPD00HKRO.jpg,chicken rice,all,85c47151c779eef2578087e1de23828d,ad33fb8c123fa4c0
../foodsg-233\chicken rice\2XI7LU1V5OU8QQ8KNIQTCDYO.jpg,chicken rice,all,d556e0815ed88aff6e43b776c3d3a181,ad33fb8c123fa4c0
../foodsg-233\kway chap\8YEDJ8OK1QFXYK98JDVCQVCA.jpg,kway chap,all,4fdcb60f3087dda12c5b8f7502957cb8,ad35c1d03e4dd13a
../foodsg-233\Chinese fritters\M0BMRMOO80PCAT544B7MD95B.jpg,Chinese fritters,all,ba47e5e861eec8806e3f520e65316737,ad3a90e19bcf6590
../foodsg-233\Chinese fritters\QXBUQ9CNBIYWD6ILN16MU7KR.jpg,Chinese fritters,all,71643425874f316e2c4f8113c469357b,ad3a90e19bcf6590
../foodsg-233\lontong\X7B1EYYOE4U4E0DM55JVVMR9.jpg,lontong,all,0194c0c28998e198051f56b376fe4457,ad44c5864b167abb
../foodsg-233\Lontong with sayur lodeh\N5JTWHP5GXQ4QWSOFAY26BAC.jpg,Lontong with sayur lodeh,all,494c4de4ca3ca83dc605e2e42eee2669,ad44c5864b167abb
../foodsg-233\vegetarian bee hoon\PDKZW295VMZJVGDXWI1RZNG6.jpg,vegetarian bee hoon,all,bc8e108263f3813469316aabc84cebb4,ad4b144a1a2d7b75
"../foodsg-233\Bee hoon, goreng\7VNCY480NMV2BBO39THIXNRW.jpg","Bee hoon, goreng",all,b0bc243810c17699cf188e03b7bb2e79,ad4b144a1a2d7b75
../foodsg-233\bak kwa\X2QFORTRZBIQIPO6IIZD7MRQ.jpg,bak kwa,all,b6507959d0991db15b06478c6b30686a,ad4ef4358170df21
../foodsg-233\bak kwa\71G7N5NETQDJYYXRDUUW5IR3.jpg,bak kwa,all,3979f215e483ddce2306da7802dbe524,ad4ef4358170df21
../foodsg-233\cooked brown rice\L8NRXIPHZTKF7LKR9438CH90.jpg,cooked brown rice,all,c671c5f64bb1eabc3d188a3cfbebafec,ad59922f0fb430d3
../foodsg-233\cooked brown rice\V4KNZD8EJ02X8DHKKYS9GLGL.jpg,cooked brown rice,all,939ae6446d233aef0bf70c227ac7a36d,ad59922f0fb430d3
../foodsg-233\yuseng\H7R03S0962GXDZB79JM95UHE.jpg,yuseng,all,16940a37b140decb9c77dd84c3630108,ad5a3025c396917f
../foodsg-233\yuseng\E5PWINC4DHGJ34AZAKY8V546.jpg,yuseng,all,c060e7bbb187222a8b15d0c0c6121f2b,ad5a3025c396917f
../foodsg-233\orange\1G2JX3NS000AGX5KZKVL73F2.jpg,orange,all,b4612d2e463dd25ae0b11dafe38edb66,ad839af8c04739dc
../foodsg-233\Fruit juice\OGGAAP0FIY2A24GA1Z9R3YTQ.jpg,Fruit juice,all,ab9670f2f87307f294b7ee39f9e1012e,ad839af8c04739dc
../foodsg-233\kway chap\NHKK33EXH8VVNGJU7UJ9EEQL.jpg,kway chap,all,d4431c6b0564cc508bc64bb4bb5903e5,ad8564e69616ced2
../foodsg-233\kway chap\KT30PROANH7BQRNPMDK6H54K.jpg,kway chap,all,7961ea2dfd8140940210c86cd6c468f1,ad8564e69616ced2
../foodsg-233\chai tow kuay\IRUFKXUACU96V87OXQONV0VA.jpg,chai tow kuay,all,c3b70bab909353732ccaa570686fbcab,ad91d0cec36d86e1
../foodsg-233\chai tow kuay\ZTSRS1AHX32B8U1RBA00L9YG.jpg,chai tow kuay,all,9a783bf230e8f6c1f0c93ee24bed8c18,ad91d0cec36d86e1
../foodsg-233\Kway Teow\6WJ8CQAAK8B6OF7VY3ZK8T57.jpg,Kway Teow,all,a6eaa7556ee71999c68d5f3975819ec8,ada3d6d82856e9c8
../foodsg-233\Kway Teow\AEA7BWYZUNAR4QUQREER07WU.jpg,Kway Teow,all,ad96a26dd198beac846ea4ef68e3f80b,ada3d6d82856e9c8
../foodsg-233\buckwheat\OAHGCU36JGCOJYAMASPVGNMQ.jpg,buckwheat,all,8cf1fb5302d93308bfe1d5bf9ef470fa,ada5f281d28a97ca
../foodsg-233\buckwheat\17HLM3D2860L1R4XK5YPCUIT.jpg,buckwheat,all,72e18ecb5a72cfbd9fa394bbce3f9e63,ada5f281d28a97ca
../foodsg-233\Mee kuah\H7SELTAWBK4VPX1ZNPKSIQCU.jpg,Mee kuah,all,457a209897946a64757e9737dcf053a0,adada8b4a334bc64
../foodsg-233\Mee kuah\C1D4OZEXOYNGPAHE7P8SHMQA.jpg,Mee kuah,all,67bd1463b84f471126092c149d3247d1,adada8b4a334bc64
../foodsg-233\sirloin steak\Z79GYSO1BFJ21Y5LWAEF46HJ.jpg,sirloin steak,all,57e1c7d9c6bf51f857e431c3a385658f,adb3d07914589f62
../foodsg-233\sirloin steak\WYVS6ZVW4J1TAWFQEBLH46U0.jpg,sirloin steak,all,cd5d378de7f099fc635669d1411c1fed,adb3d07914589f62
../foodsg-233\rojak\QUW2XO3JH3AZM43C2TY7PKNS.jpg,rojak,all,c36544fcee3d544edba9e99eacd30878,adbed230c0e689f2
../foodsg-233\Chinese fritters\LISRWC0L34X0Q71JNY0P83T8.jpg,Chinese fritters,all,685e78efd2cab601fef51d66c119c846,adbed230c0e689f2
../foodsg-233\mee pok\UXGZT5FQCC3RFQI3PPQ3REIA.jpg,mee pok,all,f5f5068e20dde2f3da1e6fe309063ff4,adc5d07acf2d0370
../foodsg-233\mee pok\UKJFI5NE2KN4GVMBTSUX25EA.jpg,mee pok,all,c027dab807f4f995af9f77025697f750,adc5d07acf2d0370
../foodsg-233\muesli\58IPLQBQURAQV8TBLW3KS05R.jpg,muesli,all,32c7b496b0bae0471392bb571c40fc76,adc7d0191f936865
../foodsg-233\muesli\ZV0QYR6B7TVHONJVUTPF7KUC.jpg,muesli,all,eaca833d8b522d9bb2a9b2151598b0f3,adc7d0191f936865
../foodsg-233\mixed vegetables\ZYBAENXOY3529T3TMLMNRGKJ.jpg,mixed vegetables,all,3362aa0025c3b43a6ef56b1706e5aa70,adcc26d0192f9f29
../foodsg-233\mixed vegetables\1XZREYX1QSKZW1IC1O4P41Q9.jpg,mixed vegetables,all,dbcf12d1b4646ba63fa4f4d2e838cd04,adcc26d0192f9f29
../foodsg-233\cooked white rice\HIWM9ZAYAQXO68R23JUPDH9Y.jpg,cooked white rice,all,d7e028584833d5c8af89445fabbee9c8,adcd34b453938bc1
../foodsg-233\cooked white rice\7FZN46TCMAG364SCEVLA4SJ1.jpg,cooked white rice,all,99a0e68ca0247292e832f27c1c2867d6,adcd34b453938bc1
../foodsg-233\satay\MDIHGQJ71Z35FYKQIGG1JDZJ.jpg,satay,all,55395ecf76c9e59e85dc6f5f65a35c6c,add0881fb6de106b
../foodsg-233\Macaroni\QVO11A4U3B39O73QDMZ51915.jpg,Macaroni,all,f705fc0aa9509974f7120d01fccbf15b,add0881fb6de106b
../foodsg-233\pitaya\B2LQ0KR3YKHSVCTDGZMB9AFI.jpg,pitaya,all,213358aa567dbfb9a7404256b449adda,add0946bf33dc04c
../foodsg-233\pitaya\ORMZ23BZ641TZSGKC8U4Q9BB.jpg,pitaya,all,e7ea94709dafd3539db5ffb167d84ad7,add0946bf33dc04c
../foodsg-233\siew mai\XISDHMQZ6ZOTJHT7USA2NSA5.jpg,siew mai,all,b789b403066b2912bd0b029076f1e70d,add0b449c3079f2d
../foodsg-233\siew mai\A03X3D0J718L1L5VRR6OJL1Q.jpg,siew mai,all,b94a0ae8ba54eef3e604d6658cedf570,add0b449c3079f2d
../foodsg-233\Mee bandung\KK0VDJ6OKCJ3ZTN4WOZTRN0I.jpg,Mee bandung,all,1ae2c0ce87dc1f4924f55ae3ce647f37,add1cea4d1c5508f
../foodsg-233\Mee rebus\ZVIEEF0195SLP8ND9VONOXXT.jpg,Mee rebus,all,9df355f34914101f48eceacfba566ec9,add1cea4d1c5508f
../foodsg-233\vadai\OTDMRC0SXPRRLBXLJIWHDNUD.jpg,vadai,all,035badf9f8f16398933b450f470cc256,add1d14c7251cf62
../foodsg-233\vadai\2EBN8BYA737ZMV2TDB6YOTAK.jpg,vadai,all,64c4a48cba694dbb59be04caeeaf4cb5,add1d14c7251cf62
../foodsg-233\satay bee hoon\SU3QV3WZMH3T3R8E4GVLJWJI.jpg,satay bee hoon,all,2f7f39f36f0ae1dcd0515ae882f7e735,add6d009cf383c63
../foodsg-233\satay bee hoon\N7U2MSLAJPBDB0O1QRYRCMNX.jpg,satay bee hoon,all,537fcc0c97675c50a9216d9756fc7c1d,add6d009cf383c63
../foodsg-233\bee hoon\90QS9UXE108ED5RBRZ0TICFR.jpg,bee hoon,all,3d16870daecd5100ffa3dd52e50dadf8,ae04947c5e6d65e4
"../foodsg-233\Bee hoon, goreng\1OV1TY4LF6309F72H1J9SW0I.jpg","Bee hoon, goreng",all,24bbf71da6f656401e9f576e9d9f5ae5,ae04947c5e6d65e4
../foodsg-233\yong tau foo\VY0LP254IH6KIINTQPSOC09R.jpg,yong tau foo,all,131e112b3ee001599cdf57ba68030193,ae14e13f8ff48c60
../foodsg-233\yong tau foo\LMTPFY57C4A123PBPMNJGR9K.jpg,yong tau foo,all,192a78dbd7246ce531dc1a80399c705d,ae14e13f8ff48c60
../foodsg-233\goreng pisang\TM08IC5L1OLMWTH5M51I3725.jpg,goreng pisang,all,2bcb933415b3d9e5f24fdb70fc3d1c96,ae152973616f64c9
../foodsg-233\goreng pisang\VQHSLNIYP9LMPOYSQAMFU0DE.jpg,goreng pisang,all,a82474cddfd4677b3a3f97efabe3bdcb,ae152973616f64c9
../foodsg-233\begedil\GL761M5WIX38MBUY8S5AOQ6E.jpg,begedil,all,db18bc2e29b8542d4b6f6841c729f0c2,ae3ed9c4e428e18d
../foodsg-233\begedil\0X7TK6G4EIW3HLTPLGR2RHNL.jpg,begedil,all,44914ed03b879e7d0d171290cb0f34b3,ae3ed9c4e428e18d
"../foodsg-233\Bee hoon, soto\WW3UJWR1VTHXO6H38HDFGUR1.jpg","Bee hoon, soto",all,6fb6f333fffb967d48c24a213f12de53,ae4505ea4f446e8f
../foodsg-233\Soto ayam\GAD3F71XENJIY1C331ML4G3D.jpg,Soto ayam,all,abad20caf52dfc4f183d62803841acc7,ae4505ea4f446e8f
../foodsg-233\kway chap\49ILDZ1J1QYYZVBQ967C5FY6.jpg,kway chap,all,48e765dffd82ad1c11d0c17a8e6ab70f,ae62397ffe90a005
../foodsg-233\kway chap\XZYH7CELGKAR3SL109JP1TBU.jpg,kway chap,all,9fce5efe4726b5ae6da0d8a2b551c924,ae62397ffe90a005
../foodsg-233\pitaya\BHKSZR11F37L6Q3J2VBMX3DQ.jpg,pitaya,all,45d17dac7aca6e68a6f7d185bb26546e,ae6c8686cb878dc9
../foodsg-233\pitaya\CEK21APDD9AHB297SSLKYEDH.jpg,pitaya,all,b8bacf26d7d065c4e2a809acb5200b00,ae6c8686cb878dc9
../foodsg-233\bak chor mee\LEZ17LHPE36ZA3V9T44HKF2Z.jpg,bak chor mee,all,9e04952213c7eb5bd54aac735bd174bc,ae71a19ac54d9659
"../foodsg-233\Wanton mee, dry\UCZD5HHC87RQJDNRW7T8C9ZT.jpg","Wanton mee, dry",all,5b1ba37691190eb3302b052d498d531a,ae71a19ac54d9659
../foodsg-233\pig organ soup\003FGGVIAA13WE3U416RKC88.jpg,pig organ soup,all,77525696d258cda14353b2be0d660e58,ae819106cc7ee3f8
../foodsg-233\pig organ soup\SM3B7BR9M8NSUIKCISH9TDTJ.jpg,pig organ soup,all,ea5fc33628b7e7502914dbf8c756d67c,ae819106cc7ee3f8
../foodsg-233\pancake\FDL4HX9GUQXKNSF5T4KNS433.jpg,pancake,all,d1a14516cf44951d4379835eabead095,ae85871a9178ccf9
../foodsg-233\pancake\YEC5PZS17AWKMWFI193G18V9.jpg,pancake,all,316433e5f72f6bc09f11087fcb7ec860,ae85871a9178ccf9
../foodsg-233\Kway Teow\1VVZ3JYPN7F4FPEU5PZXPS2G.jpg,Kway Teow,all,8d5edeeb5493bbec575aea3a643caa39,ae86b831a25ccfe2
../foodsg-233\Kway Teow\GXTYST4WNPVGJMM0WVFU2RSN.jpg,Kway Teow,all,446fd9e511db905469a7481ed72ae9b3,ae86b831a25ccfe2
../foodsg-233\chicken masala\5P7FDR8EHQQDBVU4Z4EDFPZU.jpg,chicken masala,all,18c8a728974131eab02ab3096d13b994,ae8c853c8b799396
../foodsg-233\chicken masala\HCR86JB979EIJ9BGJDMLKQJX.jpg,chicken masala,all,72f6c41d429f36ee27793d1d8bb6386a,ae8c853c8b799396
../foodsg-233\cream soup\HOO6GPT8DUVXL8QBLW2U4EEJ.jpg,cream soup,all,9ba160a511b56737ae98eddc3c2f14a8,ae8ee17cd2c0c8cb
../foodsg-233\mushroom soup\BSLT3KOOTUFO7HWAR2ZT0ZR9.jpg,mushroom soup,all,25e0b6abf6b6a47767130892fa256c45,ae8ee17cd2c0c8cb
../foodsg-233\chicken chop\QD3U8O0YYP7MI522BBEXSBNV.jpg,chicken chop,all,28f5a36896f0e76efeded21306b4ce86,ae90d48b323dda3c
../foodsg-233\chicken chop\O0M6OP8ZSKXZ68VGVL8Q2JVI.jpg,chicken chop,all,cbb39a422f1f348b5ef636d9b6cea67b,ae90d48b323dda3c
../foodsg-233\biscuit\BK0JATYC7RUOQQ5ET9OW4B4C.jpg,biscuit,all,5a3f589ab225b9803790908d652f31a0,ae91d88e0ff711c4
../foodsg-233\biscuit\32BIME42MZ4V3YZAPMT4V24Z.jpg,biscuit,all,6a13bd868510e73fee118d8baccd0a99,ae91d88e0ff711c4
../foodsg-233\sirloin steak\T3672BLEA4XMDCCJ18GZR0OD.jpg,sirloin steak,all,8de801a146f99b9baa9332140de6a238,ae948acab589f21b
../foodsg-233\sirloin steak\5R2BBKNOEVNBTZDTKGYFISD1.jpg,sirloin steak,all,58f6d2e2065d47b67d5357ed60de57d4,ae948acab589f21b
../foodsg-233\Macaroni\3SRIDGHNFGHV5FYV9VU8MEW2.jpg,Macaroni,all,a56b1332b23ff0e65a2416226a8346e7,ae948b9478eae4d1
../foodsg-233\chicken soup\4BRJCDR18PE3KAWAO6ZZBCT9.jpg,chicken soup,all,02a72950866cf7eade857bc6ffbeedb1,ae948b9478eae4d1
"../foodsg-233\Bee hoon, goreng\5F3IQDB97ZP3OKJS6EIUEVG4.jpg","Bee hoon, goreng",all,53406f932ae491b5f17f39ae313006d2,ae94d04fd22d9b70
../foodsg-233\fried rice\FDDW4I5DGUMWT9GJI2ACD02D.jpg,fried rice,all,a1bc4720d186869049f792bc87419196,ae94d04fd22d9b70
../foodsg-233\mixed vegetables\K0UDBI98ZQO70VCZLOC3A1F2.jpg,mixed vegetables,all,28a0eb4f74ca392d3b7fd7c428b22f51,ae9577c62c18f0a9
../foodsg-233\mixed vegetables\R9GR6HBCJFNL676QDM7V73EF.jpg,mixed vegetables,all,fff04a6347410a7259608b10e4cfe8f3,ae9577c62c18f0a9
../foodsg-233\Mee soto\6MYWTL8OJ20NTOMY48VN0188.jpg,Mee soto,all,a6c772d3cc0153cf381962136468b143,ae95d556454a7362
../foodsg-233\chilli crab\6E9AHK9AELMPRIRB6B33F62E.jpg,chilli crab,all,3db975186e385051e841cfbd22fc9ba0,ae96169575c1ea4a
../foodsg-233\chilli crab\11216XE4VYA4PO2XLGXA8TRK.jpg,chilli crab,all,3b755de92a3027e73bbf15d64f9c0087,ae96169575c1ea4a
../foodsg-233\fish head curry\SSN4AMLW8KAYVWJ8Q0YSMZF0.jpg,fish head curry,all,47f7a9e8186a24adb8bafb94c99ee736,ae9799080c2dee2f
../foodsg-233\fish head curry\H3ID8AUQZXSUVUQSZV6AD4Y7.jpg,fish head curry,all,fceef09c3d219bed7c55d45693b11656,ae9799080c2dee2f
../foodsg-233\cheng tng\71QN5NU47PWUC8UGOLAZQYAZ.jpg,cheng tng,all,ebc78fb78b26509137b0b7a369aa12e6,ae97d1869a6b2b50
../foodsg-233\cheng tng\K8KTUR5P0JTGZBUBNXEHVAOG.jpg,cheng tng,all,391dcf46dd26ede65333a6035939fd4d,ae97d1869a6b2b50
../foodsg-233\chicken soup\Q1XS8WD6BBZYXTLY7756NOUU.jpg,chicken soup,all,8d09171d80e696d6676772388a891478,ae99b1e6ce8085d6
../foodsg-233\chicken soup\IQ7WICYOFNBQB1M8ULUY51T4.jpg,chicken soup,all,6cce6a6daed50f2b6d8a85437b874994,ae99b1e6ce8085d6
../foodsg-233\kway chap\U8S0C1O3ZXKBYFTHWANF5896.jpg,kway chap,all,e72d0c1e4fecd52cbf4b7e342ba16f74,ae9de2c289934b66
../foodsg-233\kway chap\UUJOVO8Z7G3KGPXQDDG3PK8N.jpg,kway chap,all,c15d15d7d926991b078ad58c837d0159,ae9de2c289934b66
../foodsg-233\hokkien prawn mee\LSRL0UT24BZUMU3V7V32MUPG.jpg,hokkien prawn mee,all,3aad1df172f31313cf8ccd702c7e208d,aea995d6c22ee12c
../foodsg-233\Prawn Noodle\SZ3ESV0DX7SYT5JWQV838HV5.jpg,Prawn Noodle,all,3039f4d4f6a0b1f512b114a6af2ac75e,aea995d6c22ee12c
../foodsg-233\Kway Teow\7T77GYCCKTJVJKZNDP1KLBU1.jpg,Kway Teow,all,63c37348d64e7ed4eb72af4c32d18c49,aeacb0ade795c806
../foodsg-233\Kway Teow\PHZDJGB8MODGVHQ7YEHS6EVK.jpg,Kway Teow,all,6f17eee4c773308b2c1b28dc92999b5f,aeacb0ade795c806
../foodsg-233\Chinese fritters\0LRUH7L6YIKX2UYRASHBF83V.jpg,Chinese fritters,all,edd0fccb23fdafd7fc0400454a7c4e72,aeaece94aed89248
../foodsg-233\Tauhu Goreng\AR75JHHLM42BKOPVGK72VZIB.jpg,Tauhu Goreng,all,adb5268615ce543b5f21dacc577a7b4e,aeaece94aed89248
../foodsg-233\Kway Teow\W3QL9VJC141UJUVUMMR9GW4V.jpg,Kway Teow,all,cb7d8a6bc4f391e6a363b56b1cea1f11,aeb6c09b856bc329
../foodsg-233\Kway Teow\5FYK9CX5OTT6MIJZDQWA6798.jpg,Kway Teow,all,481baa7926b2b8de8e77037c3e28cdad,aeb6c09b856bc329
"../foodsg-233\Mee siam, fried\JN3L6A02J7YPR487VHGPLNP2.jpg","Mee siam, fried",all,b9aab3d568327d526e64b4cdd788652e,aeb9a5c4d266d829
../foodsg-233\Mee siam\CQQHMKS8M4X8AZAUP0Z8EX69.jpg,Mee siam,all,3cfa233a097c1c25620c7ab13781d3e6,aeb9a5c4d266d829
../foodsg-233\goreng pisang\SDRIUSAUS7NMEP3C1M6L5L65.jpg,goreng pisang,all,b2526af3bc2247f1d374edfa6c1d9d54,aebfaf9993870014
../foodsg-233\goreng pisang\8Z2SKBPYHB0MQMPZRTP1NT90.jpg,goreng pisang,all,b79269d2bc54fe206cb091328344002f,aebfaf9993870014
../foodsg-233\whole oats\IXSXDL685LGBE02GFLWEW4QA.jpg,whole oats,all,8aaafc79cbfe0277ab9480897a23859b,aec0950fda766ce0
../foodsg-233\whole oats\H5CON38CMYJAO16WOPKQB8UF.jpg,whole oats,all,ce048a325d191ffaecaa50e79bbd80c6,aec0950fda766ce0
../foodsg-233\Mee rebus\SP1INZWCNQCSHCETJRSM3EYB.jpg,Mee rebus,all,ff161f275cef2234bfc6bed32ae75d06,aec1d54e033bcf21
../foodsg-233\Mee bandung\2H76WUJKVM7OE0NHWMLN4XHR.jpg,Mee bandung,all,2dcc03dfe6c1c00eb7cea0b3be2efb95,aec1d54e033bcf21
../foodsg-233\Lor mee\G4J39UK6G2C4A47ERV4GC0K7.jpg,Lor mee,all,e89f69d171b8bc748bcf373e747ed7d4,aec3a95c97785a60
../foodsg-233\Lor mee\BXUNEQOIKENNG93URQIKOLQG.jpg,Lor mee,all,281f985c2d935914006e9bdde1d6e57f,aec3a95c97785a60
../foodsg-233\banana\PMCDKBZL6I9BBFLJDB360PXC.jpg,banana,all,cb8b325ca07194d5b42280cdb28d6e18,aec4d03a8fe06d87
../foodsg-233\banana\E9P81IO0KBNGYZ8FEIU19W3A.jpg,banana,all,f14f6869904bf896a0b85b18de9f7fd1,aec4d03a8fe06d87
../foodsg-233\mixed grills\RAY80T662676VNG7YYAU447W.jpg,mixed grills,all,548511110d454002619b6781f7d1c664,aed024d29b49cf8b
../foodsg-233\mixed grills\YLSJJASVUN3QS6BPK8LHKGVN.jpg,mixed grills,all,de598a855f048d3ba90691111c5cdd26,aed024d29b49cf8b
../foodsg-233\thunder tea rice\8OHJJERRJHMKG7FK6TGYFEE6.jpg,thunder tea rice,all,21d06c294d8bd7faa9bede211a169f2e,aed0912fcce782b8
../foodsg-233\thunder tea rice\QIE2630TO0X04FQY8A3EJDR5.jpg,thunder tea rice,all,554c2c1d085c440193e4e8fe4def37ee,aed0912fcce782b8
../foodsg-233\durian\589A0X02MJYK55Q37LDYTTSV.jpg,durian,all,7574adde87f88e05dcbcc7632b492573,aed1b14b659cd229
../foodsg-233\durian\VS56KT3B6TEHXVOI32F6GKVZ.jpg,durian,all,ac7661c8dc6dff2afb986ded679ae601,aed1b14b659cd229
../foodsg-233\rojak\I3W4AFVE5SYGLDJKX413RJRG.jpg,rojak,all,c8b9dbcc023c066ece4222e2a469c765,aed2e5b2c501c69b
../foodsg-233\rojak\8MZ1QE9MCEKBOP53WQLYHMNQ.jpg,rojak,all,3d504cb5b7ad840b40e0305efa05c77a,aed2e5b2c501c69b
../foodsg-233\french fries\XEAXQ35D3T5EK9ZTP3OCUNSV.jpg,french fries,all,bf71997d1c70a661e1c6fde8ab5a6dee,aed4b181d9267e83
../foodsg-233\french fries\PR25I7I12JM2794VVCJQPOLT.jpg,french fries,all,6cfdb2211c48658bc07d9069f48c0f34,aed4b181d9267e83
../foodsg-233\Peanut Pancake\04DKPV6KI8P1QKV653W1B6CU.jpg,Peanut Pancake,all,ca89585a0c4e368f5e051169d437a785,aed4b1e2670a64f1
../foodsg-233\Peanut Pancake\LED8JTGWQO8N32OYGNM7HTPS.jpg,Peanut Pancake,all,1df64d96b3086d3d7f90e12a868f9979,aed4b1e2670a64f1
../foodsg-233\cream soup\LE7IYHPMPZZ56LVPW57VQYIL.jpg,cream soup,all,fad681373a0e33135f2575544a40faf7,aed681d31ec86c33
../foodsg-233\chicken soup\U62EQ87ZP2DBNSDWXQ88IO0W.jpg,chicken soup,all,b1adeb5531f293f5c871393b405bd968,aed681d31ec86c33
"../foodsg-233\Chap chye, Nonya\DAA0WNYCYP2ML1GW65FPLHOI.jpg","Chap chye, Nonya",all,2a889dc7973e1aaa8a557b4b41a61f6d,aedec460d305db13
"../foodsg-233\Chap chye, Nonya\OHBQMGE5JE58FOEPVG9VDV3H.jpg","Chap chye, Nonya",all,760c3c8b12558b8166552cad6dbe7be6,aedec460d305db13
../foodsg-233\Seafood Noodles Soup\YMXB9LRTI9VUOV7G10XC81Q3.jpg,Seafood Noodles Soup,all,4d9ac67f8efb4378a96925d145670e55,aee095a0ff83d503
"../foodsg-233\Bee hoon, soto\XBLA0ZM1XJI7K5ZAAKFIGBHS.jpg","Bee hoon, soto",all,7ad84356cf380894f17e811ce2c34577,aee095a0ff83d503
../foodsg-233\fried rice\1HKABDY0R4NHNRJDCSX05YL2.jpg,fried rice,all,5068962765a4cf3e02a271bf52a7bd3a,aee1f342ce4cc9c2
../foodsg-233\fried rice\CBT8XQCSP5WRK90TVAA1OM8B.jpg,fried rice,all,24ed822c4945b08d42545146ea46af8e,aee1f342ce4cc9c2
../foodsg-233\chilli crab\1XJR8N68Z3UBYE074DM9Z7ZO.jpg,chilli crab,all,aecb8ec982475c96d3f66653cc287dab,aee9b6c2cda9d084
../foodsg-233\chilli crab\DOENRWX1XG0YU4BRVLXSYMRE.jpg,chilli crab,all,534dc1f230f04db2ac718a7e7f28b433,aee9b6c2cda9d084
../foodsg-233\Udon\NEYJUYA48U1WNB0CTSGFZFOX.jpg,Udon,all,93892bf32d8a2c53899b2e113275a77a,aef1840ef235cb1a
../foodsg-233\Udon\IFZ4LM6RMXZI4X3D1LQ6L2CD.jpg,Udon,all,f04d76326cf55f92273735bdf4a45ed3,aef1840ef235cb1a
../foodsg-233\Kway Teow\WLGQ3FXCU1KIK2I1LWX4ENHB.jpg,Kway Teow,all,d7add94a23cb99be16838e2894a47a14,aef1bb0df501c0c6
../foodsg-233\Kway Teow\9AOM8LFVPPLLEFCMJ685TUSI.jpg,Kway Teow,all,0a14111779f040387be0e3524243eda6,aef1bb0df501c0c6
../foodsg-233\Fruit juice\KGZTT3G61M1BEB820BAWQR3Q.jpg,Fruit juice,all,45ee7acecb165ee4f6ddb5cfa913e79b,aef5c41bcb849866
../foodsg-233\Fruit juice\Y09JOQAQ1Y3FNL730ORASK98.jpg,Fruit juice,all,694fc5f3d5b1e1edfd5f535f6f52e8b1,aef5c41bcb849866
../foodsg-233\cheese fries\ZS1JFH7CEVTPH22B6X94SSI5.jpg,cheese fries,all,5c9fbb64477a2f783e8b2665b7f71cd2,aefa18c87f174039
../foodsg-233\cheese fries\82MKDDOVUU5PYFB2OKZPKI39.jpg,cheese fries,all,1b5b9f1983e5146480c6fab9d92cba8d,aefa18c87f174039
../foodsg-233\Mee rebus\N2R4ZTBLB1BOVGZ25PDUQ4SK.jpg,Mee rebus,all,5a80475935ccfab587348eabb8e60c64,af15d478c3e29a8c
../foodsg-233\chicken soup\XAIBNK4NFTPQR2L6EHUI2Y40.jpg,chicken soup,all,c51e83835cabeac4e317d81b0be83fb8,af25056f2dc1dc8a
../foodsg-233\chicken soup\EX95RTDKTC8HTMPBPHZE1N3V.jpg,chicken soup,all,47a0691b663a8d309f347b75293b2c9f,af25056f2dc1dc8a
../foodsg-233\bak chor mee\SMQZAHCF1H3LR1RU60ANO6VJ.jpg,bak chor mee,all,fc3db6093bc5ffc259b06f1fac443841,af26d43e930b9899
../foodsg-233\bak chor mee\AWP1PV77FR9IJAAP9A52D8DE.jpg,bak chor mee,all,e9b08cc991b70ca1c0de3ad652bb71a3,af26d43e930b9899
../foodsg-233\Dumpling noodle soup\Q799LMUIGSKD0RWKKWFB3EFR.jpg,Dumpling noodle soup,all,c5c5d31510904243d165af4b46dda4b7,af2765d4909c989b
../foodsg-233\sliced fish soup\ORDVFAJA1CFYVETWVITOOGJM.jpg,sliced fish soup,all,95c96a75105fdeb33d7b3241b3fe8559,af2765d4909c989b
../foodsg-233\Chocolate\TTRYEAIYBNZIW0KQ10FNVA0C.jpg,Chocolate,all,0c65e81901a01d72de1c24605253c0e6,af39d0c299e66239
../foodsg-233\Chocolate\A9V8HNKHD1OHT6U4C4ULZ26E.jpg,Chocolate,all,eef1dc234ba1c6f246cc9a36fba69e8a,af39d0c299e66239
"../foodsg-233\Bee hoon, goreng\20XZTLNGNS0SU5LFSFCZU8KD.jpg","Bee hoon, goreng",all,36dd030202c94c765e9120fd33fab62e,af3c103ea771422f
../foodsg-233\fried chicken\E3A1I98ZYMRZ9K6LFP0N9JMJ.jpg,fried chicken,all,1d2fa6a6d2a2a17745aa1e3e4b275c74,af3c103ea771422f
../foodsg-233\Wholegrain Wrap\D1WVWSX63F4OBNF9UFJEIOEJ.jpg,Wholegrain Wrap,all,e884dc704646d8463583059693d5d744,af3e9313d8e0ccc4
../foodsg-233\Wholegrain Wrap\42SMV16GQ3SXVABB2JJVTWBY.jpg,Wholegrain Wrap,all,4c1db4a631c710bcaa409893423680e6,af3e9313d8e0ccc4
../foodsg-233\char siew\F1JXNJPWTJ81U1FT1WCKNA6W.jpg,char siew,all,cf946e34c769f87a02bee4b6ee59dfc1,af42d2d1b58e9166
../foodsg-233\char siew\BPUACHFVTEQV796I5NM41GHF.jpg,char siew,all,5a1fcacb9860b1b9c2bb32ff32c12f36,af42d2d1b58e9166
../foodsg-233\char siew\0NVMPF2XZFFFMQ80FT0EN5M2.jpg,char siew,all,857abad55e80dcab3dde8f5ca04c7bb2,af68824ecdbb4e14
../foodsg-233\char siew\X2IJO2X7JZHI1TLP1UMW0SV9.jpg,char siew,all,8dba5da5aca7aecee816ea73e1412974,af68824ecdbb4e14
../foodsg-233\bee hoon\6K4QOGI2CCA9KM7JFKGYTJA3.jpg,bee hoon,all,cd4c6bef494faa232ad0bd2584757083,af84d49b916bd360
../foodsg-233\vegetarian bee hoon\V87GK270S9RJ70PCONN4WRWG.jpg,vegetarian bee hoon,all,820d6e742c2cf766e036f96d8aa1eda6,af84d49b916bd360
../foodsg-233\rojak\OVZWA1IZYG1IN16KVSMHMIDE.jpg,rojak,all,be9f1a31195813da41d268bb2ecc96cd,af87d0489e6993c9
../foodsg-233\rojak\W7C81A74Q62KOHZI85LKE8KB.jpg,rojak,all,d17c9e2fa04811a797be1598cb3fd4e6,af87d0489e6993c9
../foodsg-233\Pomelo\BBO48VX2SJNOTLC4RRHR5VFF.jpg,Pomelo,all,dee73fbf1403fff2cc7f9d1f916cbe97,af88a294d4d2eb9a
../foodsg-233\Grapefruit\TVCDOA6428C6H0XQCD72IAKW.jpg,Grapefruit,all,17177a5c737e10894adfb9ff427e9e2b,af88a294d4d2eb9a
"../foodsg-233\Wanton mee, dry\3IYTIQNX8SZTTT6396U1AQSI.jpg","Wanton mee, dry",all,eb1a0cc72fe05a54cf1be2c1ccfbfe9b,af90e84794fad0e1
"../foodsg-233\Wanton mee, dry\WIYPJ8M6B4UTM55QGROH8F19.jpg","Wanton mee, dry",all,a68c2ecb3f4948c16c6cfdf4cbc6de6f,af90e84794fad0e1
../foodsg-233\passion fruit\UY12BAESW4NVVE8S3A199P82.jpg,passion fruit,all,c2466a9c386a18d0ed758187af8e3ff8,af91d16e902f1f60
../foodsg-233\passion fruit\4P5CMJ664IY5VBFRWWUNI6RQ.jpg,passion fruit,all,598cb54c8d7a536ed1c86b50086b7fb1,af91d16e902f1f60
../foodsg-233\Chocolate\0V2VRCFX0AHTKBCBVIMMPYZU.jpg,Chocolate,all,4331320458b9bcbc00f03eea9ae0cba5,af9490696f969469
../foodsg-233\Chocolate\WILKBNE52FT6ICQJSPLIEB9U.jpg,Chocolate,all,d4e0e70430f35d44de74f3f72463caac,af9490696f969469
../foodsg-233\lychee\AKROBDNHSM9IK5BZWWUVDLOR.jpg,lychee,all,ee755473d29e4a65e81199a0df131917,af94d05ac56b9664
../foodsg-233\lychee\KROLQ8JOF1XVNOQ8OAV2I753.jpg,lychee,all,1ed64dae784e6e76c691bb9ccefa148c,af94d05ac56b9664
../foodsg-233\lychee\Y1R1B1JM6ZWSU4UHKVCH3AHX.jpg,lychee,all,dedda792258ec359023156298f6ea120,af94d05ac56b9664
"../foodsg-233\Bee hoon, goreng\5LCBTYZLOXEBCX7JQ8I1KOJV.jpg","Bee hoon, goreng",all,381b10ae8c31795f1e64327dac93e902,af95b542c03dd334
"../foodsg-233\Bee hoon, goreng\MGDWXNGM5WNGVJGA549LU9EP.jpg","Bee hoon, goreng",all,517502b03391951582b85f44b72b61da,af95b542c03dd334
"../foodsg-233\Wanton mee, dry\C70MS1T42R1GS8KB6HLDR7XH.jpg","Wanton mee, dry",all,cb78cbe2d9cf003d8a0c9749a0fd83a1,af95d493709309ce
../foodsg-233\bak chor mee\QWJF5B98O98261M448W7B5BN.jpg,bak chor mee,all,e7899467ba9b1c8ab0ae9ba3e6ed3342,af95d493709309ce
../foodsg-233\chilli crab\KFW6KQMU7C5HWUHQOG46WHML.jpg,chilli crab,all,475baaefc0406b7471fe307e47b0671f,af96f5c0c22acc53
../foodsg-233\chilli crab\7PLNYNZJLLJ81417MTLG88UF.jpg,chilli crab,all,6028a522777eb5b827ab5f6ae531444d,af96f5c0c22acc53
../foodsg-233\hokkien prawn mee\0DK78XFG79GQ4TX1BUKGL2RD.jpg,hokkien prawn mee,all,20f752244bcd6609050f1101017e092e,af97b458c86ae12c
../foodsg-233\hokkien prawn mee\RW9R3PQPWQ6QUAO7D9VDJIFT.jpg,hokkien prawn mee,all,65f740702c7ab61d86a7444c9103f7fe,af97b458c86ae12c
../foodsg-233\Chocolate\6LRN6384PHGTV3C1R1UKEIA6.jpg,Chocolate,all,fdb37f6f9500ce0a5dc3d93e546b8bde,af9db0e0c972a46c
../foodsg-233\Chocolate\0J5XQUO6P1VTK7EXK4OTUX8V.jpg,Chocolate,all,8c2955aac014f67bf597afca74269395,af9db0e0c972a46c
../foodsg-233\begedil\DE7ZHXR0UAATINR2TQW802GU.jpg,begedil,all,38256e092e280c0b642181f7ba5d6643,af9e1c613187585e
../foodsg-233\begedil\FQHRWN54DVC93SL8OBEEHOGF.jpg,begedil,all,1f7377ebb8ee698561d3af54c8e0b4eb,af9e1c613187585e
../foodsg-233\lychee\TMWNE675EFMZDRU2LGXNTR25.jpg,lychee,all,d285faafc0aa525be14afc7f0eb91304,afa96b639c94c149
../foodsg-233\lychee\L5HY6LX56RJF3RMFU950530M.jpg,lychee,all,8a3972f06966b79ae1857f9d1be1f787,afa96b639c94c149
../foodsg-233\spring rolls\D1N214L4BKTBP1UQE4P9OADW.jpg,spring rolls,all,07278f8d93b54ad6164792340a43c976,afab971e9681f084
../foodsg-233\spring rolls\EMK04SBRPGM8Y9HDYRBWG7IL.jpg,spring rolls,all,54b053c17d93cb4d1cb7a36c3a371fc5,afab971e9681f084
../foodsg-233\goreng pisang\B680V0X65I59T966EL01CJ35.jpg,goreng pisang,all,d89af471cd0eea526dd5b374443af09e,afb1914297578c6a
../foodsg-233\goreng pisang\GZPUBY0ULILTI9J8VSXD9EZY.jpg,goreng pisang,all,553d3a5fdb7bcd04f9d362067968dac4,afb1914297578c6a
../foodsg-233\fried chicken\TFP9YQXIKPRV5NYRBL56FAD0.jpg,fried chicken,all,c5acf95450eba298a23cdf8a163ea483,afb7f0d8c4d8c340
../foodsg-233\fried chicken\P80VAIP0B3PLOQF19L1RIBBG.jpg,fried chicken,all,c582effd24eb4ccaa48580bb9fae66b1,afb7f0d8c4d8c340
"../foodsg-233\Rice, korean bulgogi beef\T6IBFKJ77ZYWGTE8H1EW848Q.jpg","Rice, korean bulgogi beef",all,3a0b7bc036686886d84c2aaf212728f9,afbc18ec62d26cc2
"../foodsg-233\Rice, korean bulgogi beef\4YQV8H17FVJOHN3XQOES2341.jpg","Rice, korean bulgogi beef",all,ea960ecb30ad56c427a889c1f4fe8f03,afbc18ec62d26cc2
../foodsg-233\fried prawn\SY22FNA7JW2U0UK5TS2B1SJE.jpg,fried prawn,all,2e8f3d1f12ab68965e686f08774f1ade,afc0d44b833db50b
../foodsg-233\fried chicken\N7XOWGJ8M3CRPZNUVOK8K0SL.jpg,fried chicken,all,0e9fc93a2ff3816d0ca3d23d7e41c473,afc0d44b833db50b
../foodsg-233\Soto ayam\6HLEASKMOILFFGIGKBHX8B7N.jpg,Soto ayam,all,94f710fbb28e493e8b983db525d83763,afc0f50bd23583cc
../foodsg-233\tortilla - plain\VWG1N0JT6ZBBD55LHSDRMMQG.jpg,tortilla - plain,all,f03454defe4877831668abba2b7abf25,afc22b85b09ce7d0
../foodsg-233\Wholegrain Wrap\WD7KWLO42KJMAIW5BZ7WMFA8.jpg,Wholegrain Wrap,all,ccd28ed8386c55c86280f939201b564a,afc22b85b09ce7d0
../foodsg-233\kway chap\7FFC37HES62FC5IHPSRCD1TA.jpg,kway chap,all,23183f1b7310897f7b9f4deca28a2ba3,afc2eb0ca40b6dcc
../foodsg-233\kway chap\WFBQK5MTX0L1SM1AV2J25946.jpg,kway chap,all,c30f775ac478513ed463076c742d9050,afc2eb0ca40b6dcc
"../foodsg-233\Mee siam, fried\6L545614TFX3R5MWC4VLXA62.jpg","Mee siam, fried",all,9bce0d447d767adf9691866d2137e0c5,afc600e0eff1f0d0
"../foodsg-233\Bee hoon, goreng\70L33FV0DNS78J8C25CFZCX2.jpg","Bee hoon, goreng",all,6bcd88ed62f3d18c80de1f57468dd2dd,afc600e0eff1f0d0
../foodsg-233\rojak\A89J3GUL18CB10XXK6IFHZWN.jpg,rojak,all,47dbe864516fe0f2e5e98f38b7c45ed3,afc6bb79d014c432
../foodsg-233\rojak\BPNCSYW7EBMO4YZE334CBXNJ.jpg,rojak,all,9c191136dc24347afd1c41f5e222ef3c,afc6bb79d014c432
../foodsg-233\lontong\Z7YVT82NHTCVSHY17WPD6UYB.jpg,lontong,all,a68d223651276b4acc87adb4b2d7559e,afc880d71f6a6781
../foodsg-233\black pepper crab\7EJ3SMOZNGIQRPYJQOVSNLJM.jpg,black pepper crab,all,cecd1089ba6e4a1e03a89f162a58be37,afc987a186359734
../foodsg-233\black pepper crab\28JEHTIM2H70BB99LHDAI4R7.jpg,black pepper crab,all,6ef278a5db7e6558a0c2d5c3dd9c92f6,afc987a186359734
../foodsg-233\kway chap\EXV9ZY3UBCQGP7FQYTPHAATX.jpg,kway chap,all,51fd73530ace11f24de382345117642d,afc9ab98b00f0717
../foodsg-233\kway chap\X4PIQN3UZU3MMAA229QDEZC4.jpg,kway chap,all,1371d751c9dc023e3c86145cdd9946e6,afc9ab98b00f0717
../foodsg-233\rock melon\J9VCHZCP26ALAQJOJM0KYGNS.jpg,rock melon,all,93c9b9f825c368f358fe14b0f4294e94,afcbd03d93348d30
../foodsg-233\rock melon\E8EPOB0G9SXHY04R4FELEW5Z.jpg,rock melon,all,98b3ffe5441af5cc4f5f683efa3102b6,afcbd03d93348d30
../foodsg-233\Duck Rice\5FN0FF42D48UNCF8N07CL33E.jpg,Duck Rice,all,f5b12074433d21b4373583daff3f0b3a,afccf40ec02dce2c
../foodsg-233\Duck Rice\JBUVQXZBXDNHWKXY2C0FRX39.jpg,Duck Rice,all,f4b6240117a3ad5cb58db4c64aa44737,afccf40ec02dce2c
../foodsg-233\Fruit juice\FN7PRLXXJGK6AA16DJRGIHB6.jpg,Fruit juice,all,6aef685ee0e82e3459e5ab74ff5fe3bf,afcd402ad3b15297
../foodsg-233\Fruit juice\88WDCA096DX3STX5PSOTM989.jpg,Fruit juice,all,0290837886c7d4d17c6c06fad24feefb,afcd402ad3b15297
../foodsg-233\mixed vegetables\6AIZPE5AQLCO6H1TAAZ8IL9R.jpg,mixed vegetables,all,ba17e923555da24dbd9ebe2795a81980,afcea2d91294f858
../foodsg-233\mixed vegetables\C71CU93OP7BB67TVMQUIQ3MB.jpg,mixed vegetables,all,8d491922e982bc0f5ffbd108d792c30e,afcea2d91294f858
../foodsg-233\chicken chop\LSNPOEIH9LAU8WE6Y7M4RX2G.jpg,chicken chop,all,1c84af34eb2d8ccc8b7fdd69caa21fd5,afd2d40a352fd254
../foodsg-233\chicken chop\KWPKWI44TSM95PYK2I3N2YXH.jpg,chicken chop,all,873825cdbc227800a35ce3da721ad377,afd2d40a352fd254
../foodsg-233\Kway Teow\LDD2PNM9J6XLIEJZH27ILKH5.jpg,Kway Teow,all,f52c295ef16da74151c923b282b9e2e3,afd4bd6ac520b027
../foodsg-233\Kway Teow\NOB68CWDLXK4SD69NHW5IXB7.jpg,Kway Teow,all,bf6e6b55a1c0a169db975cab099a5ef6,afd4bd6ac520b027
../foodsg-233\mixed grills\D2IRUPI9BW08QEXRAZRXD7LZ.jpg,mixed grills,all,ee321261ea129cd2341b84f6033dd8e5,afd6901c4b659e32
../foodsg-233\mixed grills\SKPYUH6NYB22HQ9LGRWHCOZ4.jpg,mixed grills,all,7d4b1c9e1d1c4f4874883c0d3a0c19cd,afd6901c4b659e32
../foodsg-233\egg tart\2X03RN3Q10XCRIVG1YD1FAAZ.jpg,egg tart,all,7ab1dad179ed22c152645748d5536eb2,afdaf42d82649296
../foodsg-233\egg tart\K6E0ENL8JP9WD06AHPFC8ZDR.jpg,egg tart,all,36118d664cd5d16430dd1df74887d848,afdaf42d82649296
../foodsg-233\bak chor mee\TZNS0AHI5FQV8PKFJFHFCOAK.jpg,bak chor mee,all,c7e758fa35c533e4e70448a76a1f2283,afe01fe3146f5068
../foodsg-233\mee pok\ZK8VZIAQ5A864IKXZ88MWWHE.jpg,mee pok,all,921b595c47b9bffab706c4fa7d38f42c,afe01fe3146f5068
../foodsg-233\kuih bahulu\30W65O0SBJPLU848X3K96HEV.jpg,kuih bahulu,all,76466204e2a94441439a56763d42ec78,afe0fb05c32586a5
../foodsg-233\kuih bahulu\5JHY92R79RNVWJ03CY6ACOLS.jpg,kuih bahulu,all,039240120e214f8764724306f1e61005,afe0fb05c32586a5
../foodsg-233\black pepper crab\0TH6G1TL6AMWENWVMC9ZADWH.jpg,black pepper crab,all,825e555813166475126894f2b37eee0a,afe4a4431c4bd85d
../foodsg-233\black pepper crab\CBAO15X8ZIK5Y4EQ60I64Z56.jpg,black pepper crab,all,59df3199d0bef9da5be8ecd3e8e345db,afe4a4431c4bd85d
../foodsg-233\bak chor mee\OEPPWEX46CEFMLF7IU39BGD0.jpg,bak chor mee,all,e4b2c2760f418a3518eddec046174c76,afe5e740814b8de8
../foodsg-233\bak chor mee\WS6E6XHDOELS1FN8PYCYT8GA.jpg,bak chor mee,all,c805dcee9621c69479457127e7e16748,afe5e740814b8de8
../foodsg-233\Instant Cereal Drink\MFWF190ACQ3RGD3UQ8XJ4IK4.jpg,Instant Cereal Drink,all,cfb1698b6c9e5a1b047cc68f8b3eb9c7,afe81292c4c8d71f
../foodsg-233\Instant Cereal Drink\T6HZVXJS1D9YHDBXK9B4O9I2.jpg,Instant Cereal Drink,all,c286dac5eb8478d5b868f094fdd7f3af,afe81292c4c8d71f
../foodsg-233\tortilla - plain\262UL7Z89XSKZJ4KKGKNG4UO.jpg,tortilla - plain,all,5f2dc448bab3a9cbd47f2e08d07f60b9,aff584431de0ace2
../foodsg-233\Wholegrain Wrap\A6ONGM2ZXFS9HMAAJCCQQ9JM.jpg,Wholegrain Wrap,all,00e8842dbd98fb0f00ee08540f5e51fb,aff584431de0ace2
../foodsg-233\Kway Teow\6HN37LBB50O8P2RYU35WS9AX.jpg,Kway Teow,all,491d819a3e9ed1ef5697f7a2ff114351,affed081694a9568
../foodsg-233\Kway Teow\45NCT9ATK8PW2RIATZLV5JCZ.jpg,Kway Teow,all,2cd53fbc3adcd7be6696d854309ae55b,affed081694a9568
../foodsg-233\canned Fruit salad\H7XEHQ1HQRDGNQZXSV87P82S.jpg,canned Fruit salad,all,5725d7aa02bc64ce896f5a0a3eea39f5,b01f92288f72eab3
../foodsg-233\pineapple\RU4AO9ECFNHBY79SHM57DXIX.jpg,pineapple,all,ad07a4f2f41c3da6c1038c2bd82d19a1,b01f92288f72eab3
../foodsg-233\biscuit\TIVYL7RIPO652S0CXNZRDO15.jpg,biscuit,all,1898d15f03edd49d5a9b3082d233aba4,b036cfcd3032c9cd
../foodsg-233\biscuit\GLAOSFECU45XOMHBRS1W730Y.jpg,biscuit,all,18782fdb5f17589b18d390eea9747d7c,b036cfcd3032c9cd
../foodsg-233\Nuts\I3LIUYA8N933QDNGMML6UGTB.jpg,Nuts,all,8d3af713d87d9efb18cbb73bef3bc054,b03ccec3c7cc3938
../foodsg-233\Nuts\K56WI1KGHAX4Y5Y00IMGM885.jpg,Nuts,all,fc1759e652a58b6774e29129de2dd8a4,b03ccec3c7cc3938
../foodsg-233\pancake\1STW1EDH2FRDO3ABRL13ROKV.jpg,pancake,all,af2713bf772a29891011c52689992a63,b07149c45ffb1c94
../foodsg-233\waffle\FKT8RYWE12VFBA197ONKGU7S.jpg,waffle,all,bf604bf450905e792414ecf7dd782000,b07149c45ffb1c94
../foodsg-233\Mee rebus\A23G0OQVODTOYI0RAW0NZS0F.jpg,Mee rebus,all,06b9ebb0b6ad2f00ed0e0ab1aeac982f,b07d85f01d697a62
../foodsg-233\Mee rebus\VF0QTMN5P02HIL8TF80PKB12.jpg,Mee rebus,all,bbe160d711ac9f4465d3efec5e4f5cf1,b07d85f01d697a62
../foodsg-233\Mee rebus\P36KXGIVS8TIAIDSTCLUYU61.jpg,Mee rebus,all,47088007faa5f11b3f0306ceba68fb11,b07d85f01d697a62
../foodsg-233\lontong\3WBPUB45ZWDK2PGUUE4PL0SL.jpg,lontong,all,6ab7941870535ce016e6532ef364f842,b094cfc33135e3cc
../foodsg-233\Lontong with sayur lodeh\6E8BG0JP6139XS1QW84M88YV.jpg,Lontong with sayur lodeh,all,1d7821c0b8c6e9f933b87861cb1b1861,b094cfc33135e3cc
"../foodsg-233\Mee siam, fried\E04OBSTGZK4U2YL2BXUGV05V.jpg","Mee siam, fried",all,0f558b48a63dc5b7687185137b899860,b0969bb8d5d07ac4
../foodsg-233\Mee siam\R1JCQ6L93NPI0U9MIBAW6PKS.jpg,Mee siam,all,b4f61680414b6d562e932356e996d6b2,b0969bb8d5d07ac4
../foodsg-233\rojak\Y0GIAJPDHSA2SK4UXF8PH7KA.jpg,rojak,all,0877e5be2e6c581471f44f43151dc79f,b097d43a0bb963d2
../foodsg-233\rojak\ZZL8XKFOS0DIM27L0ZTYU2QS.jpg,rojak,all,672d636a7aee3eeba452534df2a6e4d4,b097d43a0bb963d2
../foodsg-233\Snacks and Chips\PY2V024I2VWF8DI953F2GCR0.jpg,Snacks and Chips,all,9b4c31cdc6e4d46d49ade2bf07747a9c,b09ecf61c76c9892
../foodsg-233\Snacks and Chips\0ODAOJOOJL1HL5Q5P35EK76M.jpg,Snacks and Chips,all,5397e3aba74840a3a9838fd2f66e0115,b09ecf61c76c9892
../foodsg-233\passion fruit\YS8GUQ7NGUWJP62L8G2Q6B8T.jpg,passion fruit,all,77c815a9a038fc2823d990fb44e76a7e,b0a9b796c8e20b9e
../foodsg-233\passion fruit\PTVM3VAMW6N8JXUVQI53VFJF.jpg,passion fruit,all,eb97a3acdb390317a4eef8ea1330e57c,b0a9b796c8e20b9e
../foodsg-233\begedil\R4RYUHFA1ZAOERURFKC1NWBS.jpg,begedil,all,84eabe0f1836f98a7f3f99f5b3314900,b0b2cbcdb6d82c4a
../foodsg-233\begedil\CWZ2DI6QXF5GN56RYHSQIK3K.jpg,begedil,all,4436b061fa29d2c08fdfed6420014499,b0b2cbcdb6d82c4a
../foodsg-233\oyster omelette\WLHVK8FNPA2GCQ3OHXJYWNV3.jpg,oyster omelette,all,0f8c4727468a9691b29e3d28b103bee0,b0b2efa4b8ad9491
../foodsg-233\oyster omelette\VP1LZB8AUSG681NKIJO40PQ1.jpg,oyster omelette,all,7280f4951ba7c5dbf3239999bb342871,b0b2efa4b8ad9491
../foodsg-233\muesli\MWSAYWS1QANZBR0RUDB1M63D.jpg,muesli,all,64943fe96d4b82e4f517141d1fdfa401,b0c798cccf32cb98
../foodsg-233\muesli\0I29EETR7AKWCJI3LP9HWGXB.jpg,muesli,all,cf8a8bf2da1d41f7fdb6c1ce41c6c772,b0c798cccf32cb98
../foodsg-233\satay bee hoon\QIV9XUXPW0QBGWBB2EEPMLTL.jpg,satay bee hoon,all,7db70bfef20d004ca18006795850aae4,b0ce1f383c87a49e
../foodsg-233\satay bee hoon\AXECBESIWDLBC4JNVMXVV442.jpg,satay bee hoon,all,fc17bcd77bb66c94fddc14eb6f2af094,b0ce1f383c87a49e
../foodsg-233\muesli\68PNPDM6Z8RSPPDUV5LC9PXZ.jpg,muesli,all,a3a217586a67aca2121b60fc545d53bb,b0cf98cdcf32c918
../foodsg-233\muesli\VYC50PC4LOVQJ266SHQYBY6L.jpg,muesli,all,122c19de96400a9f3d5977c6e4956e3c,b0cf98cdcf32c918
../foodsg-233\bee hoon\3LVQHKKQQ4PNYK1XZPZXOB19.jpg,bee hoon,all,bbdb675cffab8957d01a4fd65e919292,b0dac02f0fe91ace
../foodsg-233\bee hoon\ANK1AJGWKNN5G1I2LBGV4KVI.jpg,bee hoon,all,9532e0c9c82923d219520fac496e5afb,b0dac02f0fe91ace
../foodsg-233\siew mai\7MQ7NFMG4E3TEM9TQXWA2CWD.jpg,siew mai,all,5b593aa4dedcfaaea5b28256e7f07b6b,b0dcee2b9585e22c
../foodsg-233\siew mai\I52AVRZA5TT70SG40R48DZEW.jpg,siew mai,all,f16b05cee9b409feaf34d2bddce338d3,b0dcee2b9585e22c
../foodsg-233\mixed vegetables\FFAH3L5PUM1MADV7GBO2KYUH.jpg,mixed vegetables,all,6a7df77f56becaa139ad1fa6fd0d8f63,b0de8ab179704e1b
../foodsg-233\mixed vegetables\6D75QOD50PBOS3C6GBCPEX98.jpg,mixed vegetables,all,ef02ad17ae896e71ce769886c8dedec4,b0de8ab179704e1b
../foodsg-233\Mee soto\V2YI5XXK6FNKUEBQPNIIVCNE.jpg,Mee soto,all,2f4e6f7334367036141aadb3a04ad328,b0df8d4e56629643
../foodsg-233\Soto ayam\KZJ214UVUJLVKLSPVD2BTM1Z.jpg,Soto ayam,all,832a23e8f63ea48123314f8ee7dffbcc,b0df8d4e56629643
../foodsg-233\hokkien prawn mee\GFVSFTSLJLKM65SZ5XNS7RZ8.jpg,hokkien prawn mee,all,2738cd3fc9fe3a3140e46e49bdc44e7d,b0f4c3299f269c63
../foodsg-233\hokkien prawn mee\67JO8Q80TAEWLDHARJ6O5W4R.jpg,hokkien prawn mee,all,fe9073b083789555a3cd964373f2c8b0,b0f4c3299f269c63
../foodsg-233\vadai\WQ40TKTFTWU4JDLBSYHNXAKU.jpg,vadai,all,aed6de8713f466950680a1fb995ba3fe,b11717c6ead3032e
../foodsg-233\vadai\AU9EHXHMEQ5E7TR6XTPJJUTQ.jpg,vadai,all,272d9a6642a3772771066c9bfa5e4a0b,b11717c6ead3032e
../foodsg-233\bak kwa\ZVQX65ZIEQJ1C9UVMCULAXAE.jpg,bak kwa,all,e6ad0211047d0da163778575445002c6,b1205f1f3958b365
../foodsg-233\bak kwa\W2BHIM7SBK5JW7BOFOJSLEHR.jpg,bak kwa,all,f4ecbf011990ede7dba9f7a58177af18,b1205f1f3958b365
../foodsg-233\Seafood Noodles Soup\Q09YRFDDN4DVJ9NKBK7OHQZC.jpg,Seafood Noodles Soup,all,352d20a06d9ff55dfc1f56d307e328d7,b123d079c88e3db9
../foodsg-233\Seafood Noodles Soup\RVS2R57WQCA59TLLI9IA2MV4.jpg,Seafood Noodles Soup,all,6a9828b542677f254379c74e0a59485e,b123d079c88e3db9
../foodsg-233\bee hoon\K8Q40OXBP6TNQELL933JYFH8.jpg,bee hoon,all,8a6c23308fb3cb21228d3a299b43db81,b123d079c88e3db9
../foodsg-233\lontong\DRRFBZWDNU1QHE35JGI0AAEK.jpg,lontong,all,5acb5083e2a8382bb96048328908fe1d,b140998f7479cc7c
../foodsg-233\Lontong with sayur lodeh\I19FLEX3SSP6HBKYX5CHQDPL.jpg,Lontong with sayur lodeh,all,0458d23d16a0c86ece1b579eb62148b8,b140998f7479cc7c
../foodsg-233\tom yum noodle soup\555M429HSMMB1NKL1GUHNXD1.jpg,tom yum noodle soup,all,69277b07bb8004c70534e3cde9e635c7,b161cfc6b01ee31c
../foodsg-233\tom yum noodle soup\AXAZ10JM9LWSAMK2SIQB5JRF.jpg,tom yum noodle soup,all,452e6f6908c35596992da1c5f7b309fc,b161cfc6b01ee31c
../foodsg-233\Mee goreng\K8P1PC1DCFQ1YILW4SN27FCP.jpg,Mee goreng,all,732b54622adeef16599d010c9eed3b19,b1639714ccc364cf
"../foodsg-233\Mee siam, fried\NXVZYNHQ1VMBA2ND8PA4X1NU.jpg","Mee siam, fried",all,ae08bc39595a99b74b827cdf524b9caf,b1639714ccc364cf
../foodsg-233\breakfast cereal\8SVK6Z8SJ5P0FNPLGC3H6IUS.jpg,breakfast cereal,all,6dbcd6e92788a91642f209ea82ceb849,b17219b8b2eab6a2
../foodsg-233\breakfast cereal\MOI864NLMLP8HXYJZJO0QEIY.jpg,breakfast cereal,all,20d3cd9a3a0deade1764960b38bdc8cd,b17219b8b2eab6a2
../foodsg-233\Kway Teow\EAPCFJ7H2QMDWM8CUZIP2KM0.jpg,Kway Teow,all,b8d50ecf7dc0b0c00a8b45973290c65c,b1829e6968d6659e
../foodsg-233\kway chap\CD03RGU139B0MA45LQEPA8EH.jpg,kway chap,all,19c6762841818d1811717e212221c566,b1829e6968d6659e
../foodsg-233\Peanut Pancake\7XA4L4G26K4D661WSXMHU3UJ.jpg,Peanut Pancake,all,cb39643e08cfbf48f241ae0136ee7bd2,b1a68a29f443e957
../foodsg-233\Peanut Pancake\526VPJJXOOJ3INRKCCZRBPRN.jpg,Peanut Pancake,all,28b97286b5be7deaaeccc915e5c1b518,b1a68a29f443e957
../foodsg-233\baked beans\PMAMN50JFA414KL7TRV7W8IO.jpg,baked beans,all,ba137b233ed91aac695d348cff9669fb,b1b163999c6f9a24
../foodsg-233\baked beans\QTIE1XMCVK1D6FVAYIVMS2FZ.jpg,baked beans,all,eb3e2371bb7b3b0495aaf268b2c89b94,b1b163999c6f9a24
../foodsg-233\kueh lapis baked\PFV7CESX5ZTUAPU7FXQGFXI9.jpg,kueh lapis baked,all,fa6451486d70394371c22428f44e717c,b1b39919ea863d45
../foodsg-233\kueh lapis baked\2WLQCBUHKZQDO7WGI4OFNNHB.jpg,kueh lapis baked,all,10e792c74d1024c88731efa086879682,b1b39919ea863d45
../foodsg-233\Alcoholic Beverage\F3INJ8YIT9EW7OS3HLRNI1QD.jpg,Alcoholic Beverage,all,e0d717ce24f274852ceb4ebeed135554,b1c7638f9e386560
../foodsg-233\Alcoholic Beverage\W5UYSDSM19HZ9I7OZSJBSB8Y.jpg,Alcoholic Beverage,all,930c032c757596d2546a230140ca7757,b1c7638f9e386560
../foodsg-233\bakso\P54ZEBTWO46EZ8DVNHDPONRM.jpg,bakso,all,71c41e345f973ba699e132213f6857cb,b1cbcb386667922c
../foodsg-233\bakso\VY0AGKBFVCIB64IULGDXBKKH.jpg,bakso,all,d14d278186a07aeee9ae9fefb67f5d96,b1cbcb386667922c
../foodsg-233\Soto ayam\KDU1G9A2B7T210YE7OM7DZ0C.jpg,Soto ayam,all,3e6c3b5a8d7fff6724b40f5f37819e2b,b1d3432596d8cb3c
../foodsg-233\Mee soto\CDKTL2QY88IOJQOVTBIAWRMD.jpg,Mee soto,all,ca800068b1220e7050239178e879ea4e,b1d3432596d8cb3c
../foodsg-233\ice kacang\G0IZSGBUX5YXKGAWUR30EVJ0.jpg,ice kacang,all,7dc7233a39431e94a386e0ea410cb18e,b1d51f1c1cb5c1c3
../foodsg-233\ice kacang\8UVJIAH3VXEE3SPZC3VEMNGW.jpg,ice kacang,all,6b5b5592b74d9faf1ee026c4b152b90d,b1d51f1c1cb5c1c3
../foodsg-233\Kway Teow\G8GT9RIJCH1CD9G46Z3I7JCI.jpg,Kway Teow,all,4480f02a3af017762e45192aca0e1777,b1d9fc44d09d85c9
../foodsg-233\Kway Teow\ATIW3PKHSNJPW4900GNI9RVZ.jpg,Kway Teow,all,30a450aa259a79f796e29f0986881a60,b1d9fc44d09d85c9
../foodsg-233\Grapefruit\PYHVX7YN231XVF6PNIZJG9XH.jpg,Grapefruit,all,36c89b63a1e18ec99d493c7df2a3c89c,b1e6960cc9b9c798
../foodsg-233\Grapefruit\AT1WMBQSMOABOIKRNCV4PN5Q.jpg,Grapefruit,all,9177f56d22b0543e439722d268f1f305,b1e6960cc9b9c798
../foodsg-233\Kway Teow\AH6ZWANKQ44SSEC0EZ8CLDZH.jpg,Kway Teow,all,e0df1186f7a3f77946fb1c5e41d480ba,b1e8cbf40e927887
../foodsg-233\Kway Teow\NF6YPWU3QDB5ZL7WWMDXO05V.jpg,Kway Teow,all,35b16d715965fcba826bd6fe376937cd,b1e8cbf40e927887
../foodsg-233\chwee kueh\ON8LTQ24OE4WH68QE4V2BT5G.jpg,chwee kueh,all,eaa727c753e9ffed5054637ae73f4046,b1ecdb86d034ca93
../foodsg-233\chwee kueh\1AG1063OZKY7QI4CU6CP3KZT.jpg,chwee kueh,all,985fba5e08ddcede714a0a646635d202,b1ecdb86d034ca93
../foodsg-233\Fried Noodles\DFRWUHJ7IWO0P12F1KCO116T.jpg,Fried Noodles,all,1a1d96ec8a4d0088d03baf4f1a6a9934,b1fb6aaa1d10543e
../foodsg-233\Fried Noodles\P5SS5WSG494YO30TW5BQW22T.jpg,Fried Noodles,all,8345f09d55875bebb5a240f85e6a4caa,b1fb6aaa1d10543e
../foodsg-233\lontong\JW192EP98WPMLLDZIIGXXPL5.jpg,lontong,all,3119323ed157b67bbbb17b0b9a31424c,b20d063c5f7b5a32
../foodsg-233\Lontong with sayur lodeh\AULNPUQHLBJFMJOSVG9QE1ID.jpg,Lontong with sayur lodeh,all,dc86e1adc145374322d65884f0b7ab38,b20d063c5f7b5a32
../foodsg-233\rock melon\6YDUZL4YZP5QDH70YQN3Q46O.jpg,rock melon,all,2e7539db7bd7530ad206578ba8d3a291,b2173c4eec6bc41c
../foodsg-233\rock melon\UUCV9BGA0WLKP39OZNQHF7DP.jpg,rock melon,all,a8e2f6a18132753a96d2deaed8c3857b,b2173c4eec6bc41c
../foodsg-233\passion fruit\RL2Y48VTH3MYH2PZ0APLMDB0.jpg,passion fruit,all,0042fb3fa732d24b0ec89e0a04332b08,b22dbdc5ed4818e8
../foodsg-233\passion fruit\FU3D4J8VBKTAJN9744G7UOL1.jpg,passion fruit,all,f6836466ea1d1a9a3dc23e4eeb159491,b22dbdc5ed4818e8
../foodsg-233\fish head curry\RSDIF9ZDUND3HCVY28XCUVF3.jpg,fish head curry,all,c695d88e1dca2f5959155922e488a360,b236ed2dd05282f9
../foodsg-233\fish head curry\K90CVHUSDV2G5IH4RBJB4T4K.jpg,fish head curry,all,ed75b703dc5a1ba18f4039596ab659c1,b236ed2dd05282f9
../foodsg-233\cream soup\L13WTVF1L30CSAN1IGPEA7I5.jpg,cream soup,all,726e01418b84e6b88be6c9064e5e389a,b2623fa3f2c6da10
../foodsg-233\mushroom soup\QDKJ05QDO18PHORLMPS0W9VZ.jpg,mushroom soup,all,054dd0031c7d05f01b147356ba199796,b2623fa3f2c6da10
"../foodsg-233\Chap chye, Nonya\6BYXGMMTD04RJNUROOAPG8GZ.jpg","Chap chye, Nonya",all,5e4ae4f33421383fd21740bd9a53854d,b28e46b8e578d18b
../foodsg-233\Grapefruit\HSKHEMMUHZESF7TFY9RB43SO.jpg,Grapefruit,all,3cc952a6624cc06d8e3b345da334a407,b29ed9c98d7c2099
../foodsg-233\Pomelo\MHFE27S55A59I8FNNASBZTAL.jpg,Pomelo,all,34b071b7f598a732c2dacc31b3e72b30,b29ed9c98d7c2099
../foodsg-233\Duck Rice\9H6WEY5PFESEDYZRJRK7JWSL.jpg,Duck Rice,all,c072bc9b6dab758fd22e6802128de1bd,b2b0e151cb2aaf65
../foodsg-233\Duck Rice\LVOHA9ZHF1UXHZCP5Q89LCIP.jpg,Duck Rice,all,8c13747f211510c30c5a5bd373e17ff3,b2b0e151cb2aaf65
../foodsg-233\begedil\KZPKWI1G2IN5X9FY7KXC5HK9.jpg,begedil,all,be1cca155542a36a8cf145d178c71815,b2b1bcdcc0dcb249
../foodsg-233\begedil\15CKCII6204H7RTMFB4BGILN.jpg,begedil,all,c5f7bbc13e965eb22a5e91ff227ce9ea,b2b1bcdcc0dcb249
../foodsg-233\ayam penyet\I18O83XIL4DZA53X3E3XE9E4.jpg,ayam penyet,all,cde20b13f3b2e97c039daf7e60fbdccb,b2c15b6c9d889796
../foodsg-233\chwee kueh\ZHMUAA3NUR7KEVFR697BG6RJ.jpg,chwee kueh,all,1f6075da5787a1718534b18a2c6f3130,b2c15b6c9d889796
../foodsg-233\hotplate tofu\8S1T1ZZYBTRYQOEDS62SP8MI.jpg,hotplate tofu,all,ebf62043893f3b51972e6c20f59a29d8,b2c6cd3930e6cb31
../foodsg-233\hotplate tofu\FAL6CU07PEUEBIYA96LRUWH0.jpg,hotplate tofu,all,3dbd71a6d18b1cbc546beee9be73cff9,b2c6cd3930e6cb31
../foodsg-233\Bubble Milk Tea\E6256UX4JVX4ZIO7EYSRZX0M.jpg,Bubble Milk Tea,all,99a0a81bbb19890feeb89a6c16dd8269,b2c848bd617bb459
../foodsg-233\Bubble Milk Tea\BPTM429B840S1G9YSHSFNYY1.jpg,Bubble Milk Tea,all,8a505d3f880bcf2ffe8cc1213d9714aa,b2c848bd617bb459
../foodsg-233\bee hoon\J27CNPP9HT5L52KA3QSOLV3K.jpg,bee hoon,all,8d7c933a411f32a6745299f90c84a86d,b2d185f67a5921b2
../foodsg-233\bee hoon\4C4Z8RGNHFQN4CQRYS3D7367.jpg,bee hoon,all,f87b219373eebe9dbbc1b1d283620969,b2d185f67a5921b2
../foodsg-233\vegetarian bee hoon\HMS59MPGMHM0NOIY2TLII15F.jpg,vegetarian bee hoon,all,5fae283b070097e6d816035bab474d26,b2d185f67a5921b2
../foodsg-233\vegetarian bee hoon\CXHYOHRIWSE2BVQZT31PGVMZ.jpg,vegetarian bee hoon,all,49ebe254c9aa3b70c097012006017a52,b2d185f67a5921b2
"../foodsg-233\Bee hoon, soto\C3AY7ACHUEKU7518FEWPYRTT.jpg","Bee hoon, soto",all,57e493cc5772bf527abace57a154de86,b2d5cf2a8452369d
../foodsg-233\Soto ayam\QI59B2PHNM96TCFIU1Z2ERFZ.jpg,Soto ayam,all,10385c47d1482146b5edbb6ce71a4507,b2d5cf2a8452369d
../foodsg-233\Soto ayam\H32147Y65PQ396VS0X7SNP7B.jpg,Soto ayam,all,1aab3d0e4e707945c1db7fb10d41406e,b2d5cf2a8452369d
../foodsg-233\pancake\QOU8PEIWYYO8JWJ8AZVKUZV9.jpg,pancake,all,820515918c0ecdfabd7d3352d678e176,b2d785b98dbc0ec0
../foodsg-233\pancake\C0GPPQ6YZR8GRPS7L5SVXEYG.jpg,pancake,all,365016b043f139079842fdf99852b915,b2d785b98dbc0ec0
../foodsg-233\chilli crab\DXDKOHUOTPTY38QVI821ZDUJ.jpg,chilli crab,all,94e12a8b4f227e40109311c9e65524b5,b2dac9d68db304c9
../foodsg-233\chilli crab\4AL5UXT616FGSDTLTSM7RJPV.jpg,chilli crab,all,7d959571c1883778632f796c830e626b,b2dac9d68db304c9
../foodsg-233\lontong\1OC1WL435FIZSJN4T3YXU57J.jpg,lontong,all,276370b4e3fd9c8c73534c0867634714,b2f289786ea6989a
../foodsg-233\lontong\YCZJS5HZSGYYGHQLKO38PSR6.jpg,lontong,all,34b7ccfbb77ec78fbff9f5db72a509b9,b2f289786ea6989a
../foodsg-233\sirloin steak\L32DX5JLM8JBCUDX9XV5CZJK.jpg,sirloin steak,all,4958b27b87115f19ecf62d716e67769b,b2f383897c0e643b
../foodsg-233\sirloin steak\54J5ZFZXNFAFNXBLJORQVYRD.jpg,sirloin steak,all,e3a141dfb840c1107c62beb3ec198710,b2f383897c0e643b
../foodsg-233\Laksa\CGXB0WJMISIRXH7N1BJHSJC7.jpg,Laksa,all,b1314fc3276b03d225adde025185b1fb,b385959a461a5f69
../foodsg-233\Laksa\CSQMFTJ5O8DTDB7LOEQS7ULT.jpg,Laksa,all,c86a39f97e1a099f5299cbfd60ecae72,b385959a461a5f69
../foodsg-233\honeydew\M4OR9VEW50IGWR1NJVOB08ZC.jpg,honeydew,all,6cd3850b78d14bb4032637fff66e7b3b,b3859ced44338772
../foodsg-233\honeydew\YB2NXVLU3JSADQ2VSGRMMYL5.jpg,honeydew,all,98e9f2b029478e493e353cd9a5c3ce8b,b3859ced44338772
../foodsg-233\tutu kueh\4YQP1RFWGI8QVH1PNLVJE2ZK.jpg,tutu kueh,all,6db36b2c784599ca9f59080b55f6485f,b3866cc969f2c730
../foodsg-233\tutu kueh\XGZZGGGID45W51SV4GAG22TD.jpg,tutu kueh,all,22e7e389de75564cff764f9d03ae3a64,b3866cc969f2c730
../foodsg-233\sliced fish soup\M9LYV8TNLY8KCKCIYUZDFY6O.jpg,sliced fish soup,all,449fa6075e19acaa8fc7cf315a45dc0b,b38cc3f434d1ca33
../foodsg-233\Seafood Noodles Soup\IV88U3YTH0GTSIDVALQ7F4F4.jpg,Seafood Noodles Soup,all,6e6a7979d9842ce9f767c81c95cc5211,b38cc3f434d1ca33
../foodsg-233\Alcoholic Beverage\93KN14JYY0IJ7U5DMGDGRCHG.jpg,Alcoholic Beverage,all,d9379261f739985f5845f7562cdf4dac,b393cc9c33cc3389
../foodsg-233\Alcoholic Beverage\IH90ZXGYW8KEJPPXH4D53GR9.jpg,Alcoholic Beverage,all,e442233b477221b180ae82365c90cc61,b393cc9c33cc3389
../foodsg-233\tutu kueh\0R9H3201LQHH2P7FZ3FR47RM.jpg,tutu kueh,all,3f9ae4d4760f24a8e63b9e764176193e,b398cc7399669b24
../foodsg-233\tutu kueh\MZSRIH29KRTBDFEQ8UYRJUIF.jpg,tutu kueh,all,e9344aaf8437325c2735e7bbf4c816e1,b398cc7399669b24
../foodsg-233\french fries\HY9F5G2T7SSL69BAMI3EQVTW.jpg,french fries,all,cc9ae5fcc02118dd3252606988be00bb,b39ec2698c8d3a1e
../foodsg-233\french fries\KLU3PRIT76H9H8DTYB8RXAL8.jpg,french fries,all,c9313ef341191b0f2bb7c6dc36a940ed,b39ec2698c8d3a1e
../foodsg-233\chwee kueh\GF2QFHSV74HH2NKXB5PFSJLV.jpg,chwee kueh,all,747f02d011ac379c059937a80718e6c6,b3cb0e967c18c167
../foodsg-233\chwee kueh\G8KQZ6JG0D1JWJ05CQ7Q7QRA.jpg,chwee kueh,all,b30edcfa04c12e04980384f23b8d1afc,b3cb0e967c18c167
../foodsg-233\Fruit juice\XBYX8M3AY94DX1SH6T0BVZ05.jpg,Fruit juice,all,e134d955092a9485213a046f292b7198,b3cccb30cd32cc99
../foodsg-233\chwee kueh\CXTUXJ42XETAYPULR4HC6FO4.jpg,chwee kueh,all,fc8b9d470dad3b5bea3f698ee6ddc4e4,b3cdd292cc8cec34
../foodsg-233\chwee kueh\29WKJ42Z833N0PUZ03NTCFSD.jpg,chwee kueh,all,de35030fdb9a3075172ee4867c33b05e,b3cdd292cc8cec34
../foodsg-233\pineapple\PFWYT67VPZG7BJ0A7EJC73PU.jpg,pineapple,all,2de509b7edb145a319ffedea51edb4ef,b3ce9899ce668c23
../foodsg-233\pineapple\VNVEDS95AFR77JHR4W2551I6.jpg,pineapple,all,1adcfac98adb927c679509cc2b53f76c,b3ce9899ce668c23
../foodsg-233\Seafood Noodles Soup\9VVKTWAYDL2IUT66XZZIZ2HI.jpg,Seafood Noodles Soup,all,8bc591fa83e7b26a28ef1d30b50fed67,b3d5d3d0ad808e8b
"../foodsg-233\Bee hoon, goreng\820JDZYD9TTRJB1GHS7QTM5L.jpg","Bee hoon, goreng",all,ea08ae74ea7c29b0f62ccd914e494c91,b3d5d3d0ad808e8b
../foodsg-233\cereal prawns\BKVGKTPQ59KD4WPPHL5NYN0L.jpg,cereal prawns,all,1a18a2bce761e11b5491b06c32352e36,b3dc470b5c2363d1
../foodsg-233\cereal prawns\1SYP13VVU58ZDYHOR9I1VWSF.jpg,cereal prawns,all,ee67fb2ce48372d73ebb2650a6de01bb,b3dc470b5c2363d1
../foodsg-233\sambal\TXVA8WJWGL9SU88O1OHBLG9T.jpg,sambal,all,b5ce1411a7f574025948662073684ce9,b3e88c1c7a1b2dcc
../foodsg-233\sambal\KVDPQJ8EK7T0N721SIUW5WU5.jpg,sambal,all,eafa891094311fd0ec2bddd3ba43af10,b3e88c1c7a1b2dcc
../foodsg-233\pancake\7S7A2M1LR55S2JZ8NQ4IQ7GU.jpg,pancake,all,ab58cf909bbaeb28297eb63c40a5fa42,b3f5c042953f70e1
../foodsg-233\pancake\TK60WFWDKCPG0661X8DUIY52.jpg,pancake,all,b6d007ddfaaaf9e06aeb87a846f65ac9,b3f5c042953f70e1
../foodsg-233\longan\WXPJQ041CHOBTR2SR7H0CUGC.jpg,longan,all,84bb225e3e33b466e9731d6f6e333e99,b41bc928e48efcc6
../foodsg-233\longan\789NEL9WZ9RPNAY3J129RYIP.jpg,longan,all,4c2ffce997481e765ddd61391ad131d1,b41bc928e48efcc6
../foodsg-233\Mee siam\A4APC2WM2UZ9BDA7711CMGA7.jpg,Mee siam,all,553fef06bf7d02fae1f07961e7d1c272,b41d9b7899a097a5
"../foodsg-233\Bee hoon, goreng\HSQLEQI0EC82DRI7Z61DMO0Z.jpg","Bee hoon, goreng",all,831a47348a3c3019036deb7543f49661,b41d9b7899a097a5
../foodsg-233\kaya toast\FUDMB6KC06G9GLRRTAC75TI1.jpg,kaya toast,all,9ea83c9a4e6bb4174ceafa1cba641e6d,b41ea56fc12a36d8
../foodsg-233\kaya toast\KUTYYCG56OXJNQ031ALUB600.jpg,kaya toast,all,8a16b13667df1fb7c91ce446b10cf701,b41ea56fc12a36d8
"../foodsg-233\Bee hoon, soto\I1A4RZOB35G49TQ5U8A71M0H.jpg","Bee hoon, soto",all,844dd47277499b1154bab0ec5224ba9b,b420d175cac6cf3a
../foodsg-233\Seafood Noodles Soup\LSLMQ5F4MQHQJP3O20I5R07H.jpg,Seafood Noodles Soup,all,6395787a732d071e329912fa0dda69ae,b420d175cac6cf3a
../foodsg-233\lontong\UCCJ46LQOL9RUK1139724PL8.jpg,lontong,all,58e36801166627fef95d225985290c55,b424071ef97a7869
../foodsg-233\Lontong with sayur lodeh\7X0FIPPO5FTGZI4BO92X8RGD.jpg,Lontong with sayur lodeh,all,f88b992dfa577791fe9763ead8410e88,b424071ef97a7869
../foodsg-233\chicken rice\JITTT1BNWLL6MQXDTFO1CRA2.jpg,chicken rice,all,b50450ba844c386dd93228079c6e2335,b438dbd6e641898d
../foodsg-233\chicken rice\U5TMR2XD75B2VM1NM7OPVFTK.jpg,chicken rice,all,51b3693127713879601f884f7dfc93ce,b438dbd6e641898d
../foodsg-233\chicken rice\NCBVDGXIUZB2X8RWG06V89SG.jpg,chicken rice,all,98bce842d58b138261bdcae9d5bd2f74,b438dbd6e641898d
../foodsg-233\Sweets\ZOHB2YE16C3L04K114GZCOVH.jpg,Sweets,all,0ffd49e47d2aa1b2c4940480c6d6510c,b439cf0d69cd3924
../foodsg-233\Chocolate\E4HTWN5O5CON344O8H6EWM3I.jpg,Chocolate,all,18a5fed0151dba0a7b540908aab810e4,b439cf0d69cd3924
../foodsg-233\sliced fish soup\09Y35NM49KHF4C68T14ANFO3.jpg,sliced fish soup,all,fcecbdd04848711bf4b4856fddf875f8,b43c7c7c78ca4989
"../foodsg-233\Miso ramen, with fishcake\1TE2UP5CHTNPLS4PZ6ZMTOW0.jpg","Miso ramen, with fishcake",all,5ec133a8d7fd8b50ab7cf43d06fe4114,b43c7c7c78ca4989
../foodsg-233\chwee kueh\18WTZB6YIFTAIB1DY1NRZZNE.jpg,chwee kueh,all,c86f94bbf99e238228b7862ece740aea,b464de9830c14ffc
../foodsg-233\chwee kueh\OQHWG2Q97QXNA43HUGUKG637.jpg,chwee kueh,all,26dfcde21034a6f7fde7fcf34968d1eb,b464de9830c14ffc
"../foodsg-233\Rice, korean bulgogi beef\IL70HN18169DXQWFRI9J6WEM.jpg","Rice, korean bulgogi beef",all,9e1fd910cfdf8da38fc6a61545868310,b483cb3c8a712ecd
"../foodsg-233\Rice, korean bulgogi beef\CI8X7OWJLZOO25WB3EYICC41.jpg","Rice, korean bulgogi beef",all,eabc751e49afe369627919c9c0f247a2,b483cb3c8a712ecd
../foodsg-233\rojak\3G8RHWF488NX99Z888XVLQB1.jpg,rojak,all,aa24527940d0fb798994a68f0dc1a0af,b487f0c30b293f3a
../foodsg-233\rojak\GKTEHHNQRKT5S648375YRFXU.jpg,rojak,all,82a819a8d0d8e96740b5a4757ff7ab57,b487f0c30b293f3a
../foodsg-233\mixed vegetables\3APP6DJW6BXJA8FCXGBTGYHU.jpg,mixed vegetables,all,d44e02e313445e6d8645b8b3088e2aaf,b491e9de42259e3c
../foodsg-233\mixed vegetables\O6YW1AS0TKE4M58CB5LHASGY.jpg,mixed vegetables,all,e092278510e13d3278880bf183dd1db2,b491e9de42259e3c
../foodsg-233\blueberries\1WAZZLJQDNMYUZEDHKQQJYM8.jpg,blueberries,all,e485456992effd7fd8fbc44053c6293b,b492c23d39e6e499
../foodsg-233\blueberries\5CTMPP9V0PICNIRTHS3EEWO3.jpg,blueberries,all,5e75cb367758aa5ba03184badb8320da,b492c23d39e6e499
../foodsg-233\lychee\E59KGSDVXZUDBA144NUKD5NL.jpg,lychee,all,561c3470134c13ba2192142e3428afd2,b493c76c9238cbe4
../foodsg-233\lychee\B28F6XHOJER3NZW7Y8HECAAN.jpg,lychee,all,78ca687812e33d091417bc4afc1d23dd,b493c76c9238cbe4
../foodsg-233\ayam penyet\GRPKDU0M2SZV33GL877QGV78.jpg,ayam penyet,all,b5bb3c5493be3cf18995d5419a253178,b493f8a5801d58fe
../foodsg-233\ayam penyet\5VAL4EQKFRZ53F406B46C61K.jpg,ayam penyet,all,1a36c9e85032d77f770bae322d3ba1c1,b493f8a5801d58fe
../foodsg-233\Peanut Pancake\TUPRG7IO1XGI81NWXRDYYTOJ.jpg,Peanut Pancake,all,af1d28950a097a41f4ccb226b420658e,b4a5255ad19ad639
../foodsg-233\Peanut Pancake\GIYK2Y2OLG3PT3MB9WIGVE8T.jpg,Peanut Pancake,all,923ecc7a6ae1fab4cfa065e00ab5ac03,b4a5255ad19ad639
../foodsg-233\dumpling\I103MKVF1A650CF5ADWXVNJJ.jpg,dumpling,all,96d097dc7f99a50375ca2e73b8131b6c,b4b439162cc1af6b
../foodsg-233\dumpling\2QB32AWGT0TTNM9IUHGH9IZU.jpg,dumpling,all,909747fabbaea7bb1a6ea417dfe58f99,b4b439162cc1af6b
../foodsg-233\Kopi Teh Milo\X9CJEFTFQI8KED3XF7XUS0YB.jpg,Kopi Teh Milo,all,1d989d149bd203a995d47eaafa1edc3d,b4cb0770782cc3e7
../foodsg-233\Kopi Teh Milo\7RASYQ0HFJW4IWK1OP11707N.jpg,Kopi Teh Milo,all,5e7330c735f68cb408d8c7bc98b3c309,b4cb0770782cc3e7
../foodsg-233\Kopi Teh Milo\ORMWI8QI5HH34FP2B50SJ2CT.jpg,Kopi Teh Milo,all,7ef5389f6d384f97cf19ea0cfb39f5d5,b4cb0770782cc3e7
../foodsg-233\Mee rebus\72YUTRY6B3YTH1YCQ0OSDIGD.jpg,Mee rebus,all,a97801f336b1bb5ebe75284ba7aff0b7,b4cec164923e4e79
../foodsg-233\Mee bandung\2S84IZULN0R8OOQQ9R818TEV.jpg,Mee bandung,all,eb48d7ece2eef6b407d6a5d8f9b42c6c,b4cec164923e4e79
../foodsg-233\beef noodle soup\0PC2LEL5NIUBU9MIDM0S7YTE.jpg,beef noodle soup,all,1c8968dbe28c6ec2b8b6959767a648fd,b4d6323160da2fe9
../foodsg-233\Ban Mian\6WWFJFZPEAX42PMQ51ZT07XJ.jpg,Ban Mian,all,e015c3d70252a16f56ac3f2d35c9bc32,b4d6323160da2fe9
../foodsg-233\chwee kueh\ALTU9ML74F6DPNVELABFBGXN.jpg,chwee kueh,all,c8f514f6e1b72afda1a57e6233d1d9f8,b4e0cd9f33f8c031
../foodsg-233\chwee kueh\QKBG9JUX3P3X64FS71SCK6TC.jpg,chwee kueh,all,0d255673d679c2312669dd4f685e45ec,b4e0cd9f33f8c031
../foodsg-233\Soft boiled eggs\X4MZMWR827P1R59G39MGQOUU.jpg,Soft boiled eggs,all,654414798a102f33ad7d96ba4488c4d5,b4e33387b38ccc4c
../foodsg-233\Soft boiled eggs\WSNYGXBMKN844CIWKQLATON3.jpg,Soft boiled eggs,all,23a4fc24994a7420add1bb506d4f2c18,b4e33387b38ccc4c
../foodsg-233\dumpling\366SUWB5PYU2I6ZT6NJRWS0H.jpg,dumpling,all,ad1344726848092c9443c368ae8ce889,b4e38e915f6cc0c9
../foodsg-233\dumpling\MVE4B8YBXYUMIRAW39PES6KV.jpg,dumpling,all,cbeee8545ee3821c16dc408c7fb1ae1a,b4e38e915f6cc0c9
../foodsg-233\strawberry\86BUABP7VW0GD8GZ0OCLI4MG.jpg,strawberry,all,1be45817b6421cd3a8061af0f3c9e7ec,b4e393873b2ca5a4
../foodsg-233\strawberry\QSJDKI5Z7Y4C4C5JYGNCQ143.jpg,strawberry,all,ca600a8c5a48131707b85a674e57af38,b4e393873b2ca5a4
../foodsg-233\satay bee hoon\O6173UN328FVZAQVS69X2N9G.jpg,satay bee hoon,all,bb87b5b1044fbd2fcc20da2f000c97e8,b4e59e60db066d13
../foodsg-233\satay bee hoon\IVP5D6LEDAB4SR85NU9B92L9.jpg,satay bee hoon,all,f4a8d7339784bc042811ef4538c6be5b,b4e59e60db066d13
../foodsg-233\tacos and nachos\ERLP229CO76ID5B9N6S90I6J.jpg,tacos and nachos,all,f917646629a0f204db4ea4c8e3191226,b4e9e996d2198d25
../foodsg-233\Avocados\OGREIKT4XKSBLZI6A6V1V201.jpg,Avocados,all,ea647f7127f98b7ac2c05ee37830e21e,b4e9e996d2198d25
../foodsg-233\oyster omelette\W3PLKZ3VNRWO4ZDQKU7N6LBX.jpg,oyster omelette,all,b65c70e1efc4d612d1fa6ccc5a1ef94e,b4f1c19c8bc6eb03
../foodsg-233\oyster omelette\CXVBXLOWYPO8UKW8DTNI7E45.jpg,oyster omelette,all,ac80b26edfa6a18df51c3d3084c48fea,b4f1c19c8bc6eb03
../foodsg-233\blueberries\X3F7LA1F0TU3FJZZCWUIF7QF.jpg,blueberries,all,a4fda9e24437bb09ff62addc791ec8f7,b4f9e998178e0563
../foodsg-233\blueberries\WVBAAHGICHU5M2L61RQCK4YC.jpg,blueberries,all,0b5f5ea71e7f208bd3ee1b5d44f65c48,b4f9e998178e0563
../foodsg-233\Kway Teow\R8ZI4QLPH8TFTW4HJRQY8UGG.jpg,Kway Teow,all,8e06434598f4e04ee1c88568bd32ca9d,b502089f3f1c5afa
../foodsg-233\Kway Teow\43G82X5IEVCU3ONRMJXFHVHU.jpg,Kway Teow,all,b2603c153957844e5be3e8ab0bba4235,b502089f3f1c5afa
../foodsg-233\Mee soto\Q6Q4ISMTHOI7HLEUX0BWS6SH.jpg,Mee soto,all,4c5fdb2aba42c0abcaec39b4f59a429c,b504da4bd23b4a1f
../foodsg-233\Soto ayam\77R0KIXJOODI6DZY18M62T5V.jpg,Soto ayam,all,7bf8e9744523b193522293bfec79aa6a,b504da4bd23b4a1f
../foodsg-233\chai tow kuay\14T93DPW69XKJY1R800JKC4K.jpg,chai tow kuay,all,95c9a6766f5bf0dc1084b1d096c2e15b,b50ad22dc8756ad3
../foodsg-233\chai tow kuay\HKF9IBK4Z70K4DIWU3JWGREF.jpg,chai tow kuay,all,dc8aa2ff50eb8f751c1f6fc430eda641,b50ad22dc8756ad3
../foodsg-233\Lor mee\HZHP3X25TKKQ09CYGWA2XY08.jpg,Lor mee,all,24219d109488f7df667ba99a3bde56ae,b510122f0f747df2
../foodsg-233\Lor mee\D7IETMT17W5HAXHUK90RLINK.jpg,Lor mee,all,8dca4db51c193361f6e0227c8a08ea14,b510122f0f747df2
../foodsg-233\Kway Teow\O0GLQM2G6KPDI3P8YXMUIVXW.jpg,Kway Teow,all,a319fac12c393da2f3f740afd08cf0f9,b51ec213093e3e3d
../foodsg-233\Kway Teow\QH3N2F8DL4SBDV5UTHIBCLCJ.jpg,Kway Teow,all,17390d85d2ab4f481c1c79542abc204f,b51ec213093e3e3d
"../foodsg-233\Rice, korean bulgogi beef\35J341TFXIPCLDMXU9CNPQ9U.jpg","Rice, korean bulgogi beef",all,ab561dd51047ce4391f5cc7d4fdc5af4,b522c82d4db27cd3
"../foodsg-233\Rice, korean bulgogi beef\ZMOQ7O3307SYG36VFRBE0UB0.jpg","Rice, korean bulgogi beef",all,e8eb4a73c0d3c6423ec73e4aa5a85e81,b522c82d4db27cd3
../foodsg-233\satay bee hoon\689DWP9L88IT2QGNHXUO711E.jpg,satay bee hoon,all,62bc493199032aa7c389c36ecbda4378,b5394a45874e98cf
../foodsg-233\satay bee hoon\POG4DOCTLPG9TOS6GQZYVW1D.jpg,satay bee hoon,all,e454cdfdcd8f5830c86d7b554c9624da,b5394a45874e98cf
../foodsg-233\bee hoon\78OTX69HIYQQB6QK5FDZIWVY.jpg,bee hoon,all,1b30e51a00a70623d8e34963e06b0f2a,b5394a45874e98cf
../foodsg-233\vegetarian bee hoon\SSGYE5JM28INEDKEZ0CXTTPB.jpg,vegetarian bee hoon,all,55102a538f4f4761e996af478133f890,b542c49bd14f456e
../foodsg-233\Seafood Noodles Soup\FMLJNZYT5HG03I748CXP6GZ5.jpg,Seafood Noodles Soup,all,fc8916c40600f2278f8a4d288f2a2e60,b542c49bd14f456e
../foodsg-233\mango pudding\LET5PUBXWUZDY55A15E8ADOC.jpg,mango pudding,all,bbdcbcd0a263e5817aa30dfddd468c60,b59ac2619873d34e
../foodsg-233\mango pudding\A7HDIC50QUX43ET5U6UP7BPY.jpg,mango pudding,all,02361f45352d7433b2d00efa096465bd,b59ac2619873d34e
../foodsg-233\Kway Teow\F3Z0SOP5R51UJ6FPNB2C2YY2.jpg,Kway Teow,all,e156ff335c51112493d83d26bd107d2a,b59d864b1e6c63b0
../foodsg-233\Kway Teow\OIO6R99BGPLHIQOIOMY2OOQ1.jpg,Kway Teow,all,237867c1cfc1e8a98602158168a27c3f,b59d864b1e6c63b0
../foodsg-233\singapore sling\INRAILRXZJ5NVLFPG7APNMLF.jpg,singapore sling,all,6f90e56cb463b913152adaa82a0f9211,b5a996d0caa5a9a9
../foodsg-233\singapore sling\WLRQ89BA5YH31LPEXU7A8R9R.jpg,singapore sling,all,aabc337f2890377356b5dea5c383c028,b5a996d0caa5a9a9
../foodsg-233\Mee siam\LZM0WYODKEHJCJVECXAM9EEH.jpg,Mee siam,all,4ee55996b51cd6ba8900ee6a3a5d1f1d,b5abd0f5424446de
"../foodsg-233\Mee siam, fried\60PQ22R0OHMGQ05SXOD4YR53.jpg","Mee siam, fried",all,5e809bdd46b344289eea6403439f3198,b5abd0f5424446de
"../foodsg-233\Mee siam, fried\D4D9G2JL6TT6RJ9J6IEGOEEL.jpg","Mee siam, fried",all,20e84b5db615e2496f5adac992a8508d,b5abd0f5424446de
../foodsg-233\mushroom soup\M72QL6MWZMQ8S70TVL8DA5ZW.jpg,mushroom soup,all,fb6ef7ecf0f5fe64d018c90c36bd265c,b5adc2ad6a952895
../foodsg-233\mushroom soup\2IMSNQBR1X1WLGSC62FRWML0.jpg,mushroom soup,all,af8cd41f72c5c657f3f911951a818075,b5adc2ad6a952895
../foodsg-233\Mee rebus\QC4MH1CIJ6RJBBDF85HMU11I.jpg,Mee rebus,all,2ad61fcc2ac02920a6494195cdf12f9e,b5b5f7ca40522b85
../foodsg-233\Mee rebus\PKCQNTE752T7R7MRWNE3FMPL.jpg,Mee rebus,all,dd473fa5d3ac279bdc95ad1b79d5f886,b5b5f7ca40522b85
../foodsg-233\fried chicken\5G335Q0KDKN87TTCJLMGU7VZ.jpg,fried chicken,all,5cc2742e229440cf2b35784370d384ab,b5c0d04f6325dc1f
../foodsg-233\har cheong gai\XUY1UVD0L1RWOFUMA7QTKVXC.jpg,har cheong gai,all,d678d6062e413bee4c7a965d335425f8,b5c0d04f6325dc1f
../foodsg-233\cereal prawns\RBPKSUEL6C08PBJFNYU4WC5J.jpg,cereal prawns,all,3ca2d79958b6e96d5612e649f9d91b57,b5c3c28ece1c9c78
../foodsg-233\cereal prawns\9L8CKRHZTBT4RPU4WNWH99SC.jpg,cereal prawns,all,dc919a0f3944fdc6a525c8460d07bc85,b5c3c28ece1c9c78
../foodsg-233\cheese fries\7M556KN00EM2PBQ7MHMF5ASN.jpg,cheese fries,all,7d8ec554ed723f6140e2541d9c13b807,b5caa75988c523d9
../foodsg-233\french fries\Y4UFYEQNAUHZTK66AJO73QMY.jpg,french fries,all,445cbf79946ee17d3acbd4aa7ccb3b84,b5caa75988c523d9
../foodsg-233\Apple\K7BT2Y5VVUO8ZQPDRC9XA3TR.jpg,Apple,all,2ae05474457c9b56b988e7175c24b030,b5d2b8c93218db87
../foodsg-233\Apple\10Y2Y71EBVI1OJZHFTT45OCY.jpg,Apple,all,cd6ea4c23327cfdc5893cbdaf9b61a4a,b5d2b8c93218db87
../foodsg-233\chai tow kuay\T2O6LRBNRJ7MCCE1EID5TI7U.jpg,chai tow kuay,all,b6ad0753db1fc18a66764a013dcf6d3a,b5d5402d7e87d80e
../foodsg-233\oyster omelette\456F04HIWJ8E6IH5FAVQ70QZ.jpg,oyster omelette,all,37d333846f171ff287d811da8bc3a2c5,b5d5402d7e87d80e
../foodsg-233\vegetarian bee hoon\LE7B8YGOUMEUNLK50UJDXTTO.jpg,vegetarian bee hoon,all,7eb3964d97823e1cb09a407e29c1e1cf,b5d5564bb0fe8824
../foodsg-233\bee hoon\39YRV70GRP6QSU8N0F0NJ97W.jpg,bee hoon,all,9d97f7da3f9bc41529d6518dd55dbe12,b5d5564bb0fe8824
../foodsg-233\Mee rebus\7L5LAGQ0CPPLHEP7MVB1YERH.jpg,Mee rebus,all,43a70be0641c35e814f8d3b1b9134ecb,b5d682709ff01cc3
../foodsg-233\Mee kuah\DHZ0SMHM537R1KRHALCEHOCS.jpg,Mee kuah,all,6ac5009dbc225dd9e8274411c19d4131,b5d682709ff01cc3
../foodsg-233\chwee kueh\07PIJJOFNHUV8BKPWXD15EOO.jpg,chwee kueh,all,2f09967a0145c514c2dea0310494e272,b5efc2906e1b8525
../foodsg-233\chwee kueh\P04F4355RMT5IWPRPKA2JV8X.jpg,chwee kueh,all,8565f357cc9bc9a0ffe6929da2b90d56,b5efc2906e1b8525
../foodsg-233\Chinese fritters\SN39887V5T5SOV9WXTQ1NWBY.jpg,Chinese fritters,all,7ec8cbbf7763e1ce1a5b8af8fc6015a3,b61ecfe0f062313a
../foodsg-233\Chinese fritters\395I6OX0SAOFX0ZUSQWKHNQB.jpg,Chinese fritters,all,4f75ca24a75f335b4eb441968195da4a,b61ecfe0f062313a
../foodsg-233\mee pok\CZTICAJW5696WL5Z6S7G0KS5.jpg,mee pok,all,64c8393887d8a91ba4181295732f9733,b62a6b99fcc13885
../foodsg-233\mee pok\YR5Q78B1Z1WE4I2KXIO3DW3U.jpg,mee pok,all,f5c7d3733131280f31a5845b2abc710c,b62a6b99fcc13885
../foodsg-233\mushroom soup\0ERTN8A2IG6PHLWAIOV1UY7O.jpg,mushroom soup,all,bc3d8904d2d0d6fa9ad790e5b117109b,b636b43606273765
../foodsg-233\cream soup\PQ49E4J0ETQLZ4LNJOI0UGR8.jpg,cream soup,all,63f67a64889ae8125219c38acbc149b9,b636b43606273765
../foodsg-233\lontong\0D58KCCAHOSPDZM3WWU0MTJ5.jpg,lontong,all,06b1e9cd6ad80a175772c4c7448d9048,b644c14b163e6f36
../foodsg-233\lontong\E3WBEXXSLX6D7AOY603AJH8D.jpg,lontong,all,2c39bc252b17578d0f502896ddbc6fc6,b644c14b163e6f36
../foodsg-233\mee pok\957HFNF2PZM063MPUWO99SSO.jpg,mee pok,all,924b32a0b75354eb8f2fbfd7d0d0a9a5,b67681391ff87884
../foodsg-233\mee pok\PLJYXAHQ28ABV1H529DSGPCP.jpg,mee pok,all,00698931b16eff4d732c1fc000416eb8,b67681391ff87884
../foodsg-233\sausage rolls\BXIF7ZN6BRQ312U8LXRW5TTE.jpg,sausage rolls,all,b22bba4b6c642933c9ee6f2f5572728d,b681769acec8991e
../foodsg-233\sausage rolls\KRIONGQ95SPSY4KN1HG969GY.jpg,sausage rolls,all,7a632969a9162c26660cc3b25c833342,b681769acec8991e
../foodsg-233\pineapple\U4HIDLPDD0WH8H0J58ZOIFL5.jpg,pineapple,all,763d0b59d47c79173e2ba60ed0a13523,b693c90cdb6c8c63
../foodsg-233\pineapple\TJ8LC65PE8SF54NP1238BZR7.jpg,pineapple,all,53271ff4b78795a9338d991da6c8cf87,b693c90cdb6c8c63
../foodsg-233\Mee goreng\AMWB8S8ZV12M9T9VAU9D1DSN.jpg,Mee goreng,all,5d4108dcea854b47b50f29360372b2f6,b694dc58bb8ee025
../foodsg-233\Mee goreng\AXYMX1G89X3E9N3VS8KXHU3K.jpg,Mee goreng,all,fece19354f21793134709da476e9cb61,b694dc58bb8ee025
../foodsg-233\longan\NCFJBIN5EH9ZHAT4CCNSIL16.jpg,longan,all,34c85e5d9ca76296741ae17553151fcc,b6988c6dc12367f1
../foodsg-233\longan\I03W8N806H2IHN829WYLKUDN.jpg,longan,all,d385447a93d9a2c1737aafb1d8073246,b6988c6dc12367f1
../foodsg-233\cherries\LTKHNL7GZ8TVT1YPEPX432VX.jpg,cherries,all,98638fc60d3d50e140fa0207e20e85b8,b6989301c8df1b7c
../foodsg-233\cherries\C64UYFXCOUJD1DRQC3J2IKLD.jpg,cherries,all,462f4d02b764bc6d2fec79812a126e9a,b6989301c8df1b7c
../foodsg-233\char siew pau\RPKYH4H9L680S9PMBTC87Y9E.jpg,char siew pau,all,e3aba1eb2fea747f974982e18adfc753,b6b06f2fb410d14e
../foodsg-233\steamed buns\WAJ2RQUO5O85CPP8CAQR3L7L.jpg,steamed buns,all,aef46cd3419c71b7ad8b4234bc33b380,b6b06f2fb410d14e
../foodsg-233\Prawn Noodle\TAHT7WOW6UZTVPNT330Y5T3T.jpg,Prawn Noodle,all,574942153a22d8fc6382d3f3ec264662,b6b2ae1760d71193
../foodsg-233\Prawn Noodle\AH98UZ8ZO03Q9EBU9VGVW2VH.jpg,Prawn Noodle,all,9cec8a351c26e43dc308e77f1c7b7117,b6b2ae1760d71193
../foodsg-233\Mee rebus\1US7B486EGYMBXNJLM9HPGPK.jpg,Mee rebus,all,499fd9dd04259d0393d895b52e5df09d,b6b4d482e9474e0f
../foodsg-233\Mee bandung\5FU9AS5IUF9MATX46VKV293M.jpg,Mee bandung,all,36ddd89a2fb7e9dc8570c843d8b37ce2,b6b4d482e9474e0f
../foodsg-233\mixed vegetables\T2AB0D33PJCQ4RFRLTUAYNCU.jpg,mixed vegetables,all,72c0dc860e8b5daf8295be70e69b76d7,b6c1db786806cc8f
../foodsg-233\mixed vegetables\CGFFSA7XCDR8ZVRQS7Y4D3UP.jpg,mixed vegetables,all,d1f2e6e160503990ef3193729a932228,b6c1db786806cc8f
../foodsg-233\oyster omelette\F1I0ZT0B7IQKYODEYCZLQ6JT.jpg,oyster omelette,all,3ec946e427ee6c59f73964efee39572a,b6ce33a1d7478924
../foodsg-233\oyster omelette\7VNJF2YCLOO7QFMM7UTUN3X3.jpg,oyster omelette,all,a4b9d504ea74506f8a61e9186553d5fe,b6ce33a1d7478924
"../foodsg-233\Rice, korean bulgogi beef\GQNIA2Q30A34X9H02QMDP28N.jpg","Rice, korean bulgogi beef",all,be03ab2d7fe4b364eaec3f4798ca3e56,b6cfdd38c07a8c60
"../foodsg-233\Rice, korean bulgogi beef\00HN6Z5F3Q5ON9YZ3E1B5PTF.jpg","Rice, korean bulgogi beef",all,9e09216856539b6e5e7b3c7082077609,b6cfdd38c07a8c60
../foodsg-233\chicken rice\CR5SURLFR6AGRNSLPUZ8LVG5.jpg,chicken rice,all,e574a3b29a1ea4e6bb585a37a1c1037d,b6d0cb216e36ce31
../foodsg-233\chicken rice\4A9Y4TEH4BTA4UOTSZE2HXFD.jpg,chicken rice,all,40191921f014f70c26e4091fd05f0066,b6d0cb216e36ce31
../foodsg-233\rock melon\3OHHN9Z69WOKLE172N146I1A.jpg,rock melon,all,4860c981a05a98f0ffc254173756ffb2,b6dccc5a74731894
../foodsg-233\rock melon\WQJ83HHL2ZK7N5CEGZQGLOIX.jpg,rock melon,all,58bbdde941521208f8a2c9add2776647,b6dccc5a74731894
../foodsg-233\Claypot Rice\JCHZJOAA9K2NJCNN7OB4QAQ1.jpg,Claypot Rice,all,7ec9afd04bdbb7217cda15afd78d4e30,b6dd400d66ab70cb
../foodsg-233\Claypot Rice\QXJW01C5XZDJVI2GXYHJG9PF.jpg,Claypot Rice,all,ba122b32b74df63771e6bbb5f0d6226e,b6dd400d66ab70cb
../foodsg-233\rambutan\RR92VK1V0ZLSVYK51Z5QMG2W.jpg,rambutan,all,b2fc4a71a418e6ed966dbea5e103950d,b6e293586496ac75
../foodsg-233\rambutan\820J75WKHLWI188P5O94LZYF.jpg,rambutan,all,e4f05a1eea24aca74cc7b7e289a09507,b6e293586496ac75
../foodsg-233\pear\FNHJC0V0K9XC4349HHJP5VZV.jpg,pear,all,d4ecbeabb7bb9d6a5c914149315c7208,b6e6c80b8fcc3c98
../foodsg-233\pear\68U0V1U5VTQXJ5HZU62164JW.jpg,pear,all,a1c6ad2a20a7e906880b92d9d2b2b855,b6e6c80b8fcc3c98
../foodsg-233\rock melon\64JTIWLEV96GJF3E34CSIJIV.jpg,rock melon,all,83ce6c046febe26a8ac2b5b39a575f01,b6f221a19e0f9d38
../foodsg-233\honeydew\MT0XNGZ8P4DBMCU6TRSWLV7X.jpg,honeydew,all,a6a58f80e52afe81606a5f26ed0f6124,b6f221a19e0f9d38
../foodsg-233\Mee kuah\7SK5N7WZQTMO2QDSXK3B7FJ7.jpg,Mee kuah,all,e1b35053d04ffe79ddd06d1c20d08d84,b712d44f4169c736
../foodsg-233\Mee kuah\BQVR0QF2KW2UH502JM93FIM4.jpg,Mee kuah,all,2d3e5cc3cf497fbaa62fa35a8cdb27e2,b712d44f4169c736
../foodsg-233\Soto ayam\REAZ9CTO2I3JQKWEUN6W7O56.jpg,Soto ayam,all,8ee1ff650abcc53a3aeebaf82f3a1717,b772e9e894815993
"../foodsg-233\Bee hoon, soto\NDWRHOPKY3MLPXHAMWBEJUD2.jpg","Bee hoon, soto",all,9baaa474f8034fff97066b9823fbebaa,b772e9e894815993
../foodsg-233\Prawn Noodle\7OQS7IFDQD5SIRMDNGKTF5D8.jpg,Prawn Noodle,all,f2be778ff9c74dac877b7cdb622cc582,b78cd0355259cb96
../foodsg-233\Prawn Noodle\S14S7JME3ZNN59YUR2VLFGPJ.jpg,Prawn Noodle,all,d56ee0d81917331d384d26cce6142033,b78cd0355259cb96
../foodsg-233\drunken prawn\3UB4MJKMACH3WQXYO9E2Y746.jpg,drunken prawn,all,ff5eac7a2f4c6842d07a72b75b49a19e,b796265521eb2db0
../foodsg-233\drunken prawn\OB5LPJED1SBJXOQ4DCLSOAUD.jpg,drunken prawn,all,713e5bd275611ba4a890e0f5b645c041,b796265521eb2db0
../foodsg-233\Mee rebus\H1N9RYGYYQ9F0E56KKIO4NL0.jpg,Mee rebus,all,5ec8b5fafefe121c75a51562837e1e5f,b796d3811f406f0e
../foodsg-233\Mee bandung\8BEX1GG8HTCP3PH9D8JMM0A5.jpg,Mee bandung,all,3a778e5ee67a248c29b51492908b820a,b796d3811f406f0e
../foodsg-233\Mee kuah\JEROF0VQO2GC472F79T0X60U.jpg,Mee kuah,all,8d4771aa11448e1ec9c619354e149276,b799d0656064c2f7
../foodsg-233\Mee bandung\PSKO2B26JAVWFQN9BI0W16HY.jpg,Mee bandung,all,2c6355f55ccdb5e7f37b9fbeaa419772,b799d0656064c2f7
../foodsg-233\Soto ayam\OE41LDBBS5V5ZG5L4FFN7QG5.jpg,Soto ayam,all,206cad23fd2f6dd9979440b3092584e4,b7acd49a522dca31
../foodsg-233\Mee rebus\UB0V2YLLL05P70116XW2VQHR.jpg,Mee rebus,all,e2b54baf4e95ac43db37acf77156e9b4,b7b4e88ad179c590
../foodsg-233\bak kwa\HDNO4A93JUCL572MLS20WE20.jpg,bak kwa,all,d06f998d0918a7a829c74da247d74e2a,b7c3f4c3a4e780a4
../foodsg-233\bak kwa\J887IB54Z0UCU8YZ3MNJFDZL.jpg,bak kwa,all,074acd19b819951a69f4e907cfbc7ddc,b7c3f4c3a4e780a4
../foodsg-233\Udon\11UPMHQFD3GOEN0DOSOBK7E5.jpg,Udon,all,f069d7ce8814d2c80532a9634c748cda,b7c4329f7098c335
../foodsg-233\Udon\79ZT8UNFV44XWYOFQSGSZ4R2.jpg,Udon,all,aea510d75175441eb04895d4f8120c17,b7c4329f7098c335
../foodsg-233\canned Fruit salad\VR901UET4525SK0LSWCUQY0O.jpg,canned Fruit salad,all,2fb917cf91420bb5b9d14deb9207b0aa,b7c59be264f0d1c0
../foodsg-233\canned Fruit salad\N3OYOYYAG9PWJTQS26MD6PXY.jpg,canned Fruit salad,all,22bb91829a6934e8676156b8d7f20a97,b7c59be264f0d1c0
../foodsg-233\biscuit\VPV8TSEOWIKZ5EDZU38TJPWO.jpg,biscuit,all,0b12879bcf2788427098fdf873bb6bd2,b7c66433c619c39a
../foodsg-233\biscuit\JS4GDVU5SJHSM9ZN6L88JIAQ.jpg,biscuit,all,d6a76c2d70e017c7889d6510064cc8cb,b7c66433c619c39a
../foodsg-233\bak chor mee\GZL0AW0TM53ZQ2KEY0SI5QWW.jpg,bak chor mee,all,e361fa7cd0cd020881b20395b16c7408,b7c8e86785221fa5
../foodsg-233\mee pok\8GBPZBHVYJNMQF97VTVRDO9V.jpg,mee pok,all,51aa07b6cb0d27a5ae0726983d712d68,b7c8e86785221fa5
../foodsg-233\canned Fruit salad\S7MK48VA79U6LKA42SQW1UPJ.jpg,canned Fruit salad,all,9cc0be9a18cb96148270f8b2b1404ab1,b7d3c02e0e3973c4
../foodsg-233\canned Fruit salad\NS7RL18AKMHSR6703SAN1YLS.jpg,canned Fruit salad,all,c10338bc83ae87a8cdc690dab739c351,b7d3c02e0e3973c4
../foodsg-233\canned Fruit salad\U8939UCW9JTLYZWK196R3USJ.jpg,canned Fruit salad,all,67aae8b6a719a292fbd32f2bb284bb22,b7d3c02e0e3973c4
../foodsg-233\Nasi pattaya\5ZGZILCR40JG2T0ABEOZ81SK.jpg,Nasi pattaya,all,b8da1ea347ff165bab5326deabe5f3c3,b8075f917a117327
../foodsg-233\rojak\TXEX7JZC2GNOQ8OX14S29JZ9.jpg,rojak,all,65227587fad758b70d505e31c3a059d5,b80fb57c893e92a1
../foodsg-233\chai tow kuay\2XIPJH2IW1TB1OEJZ1SMG1Y5.jpg,chai tow kuay,all,e591abe3196c03c46cbf3cdaf7c079cf,b80fb57c893e92a1
../foodsg-233\cherries\DLV8QCK4Q9YCZXAA38N2GA0Z.jpg,cherries,all,92ceee622650ffda63594735a6296d23,b84197fb11a5bb12
../foodsg-233\cherries\MNX8SRN0IQUV4SW2SMCNPS8T.jpg,cherries,all,c7e28f4f5afb2045dd1acfe7b89d1182,b84197fb11a5bb12
../foodsg-233\bakso\5AEBIHEMZERVRDFFSPOS0KR3.jpg,bakso,all,4b5b373647c7d2f141c21c4152c85981,b8431f9812c67cde
../foodsg-233\bakso\XOMQBBJL08KQCU7A3S8BJ5XL.jpg,bakso,all,1aea72d7664099c407af95b2f100409c,b8431f9812c67cde
"../foodsg-233\Bee hoon, soto\QSSKUUA5XZGDVKCRFBLNNGVV.jpg","Bee hoon, soto",all,1bce432a502f084d7cb37cd03d944817,b84b4735d84da53a
"../foodsg-233\Bee hoon, soto\WXDABI0T83JEC4N4S2HYZMQL.jpg","Bee hoon, soto",all,ceabe418dc01cd56474147e0d46c93b5,b84b4735d84da53a
../foodsg-233\canned Fruit salad\L4E5CYIFK04ASGW6ZIYIMS5W.jpg,canned Fruit salad,all,9b58a52d0f50353cdb08a65eb82f95bf,b84b9495934ace9e
../foodsg-233\canned Fruit salad\6MIDK4TG30VU4M12WWIQS0ZX.jpg,canned Fruit salad,all,53a047b124d8cd759b1f39d8f4d992a8,b84b9495934ace9e
../foodsg-233\bak kwa\12HM58PPSGJBVM1E8P109WIT.jpg,bak kwa,all,e0226137a6df90bd6808721ff8b02c6a,b8708537c21bcbcd
../foodsg-233\bak kwa\0B3FJKGZ9F2U6R9Q64JNMD50.jpg,bak kwa,all,52aec7202fc3d942f19a9d28419e90b5,b8708537c21bcbcd
../foodsg-233\Kway Teow\5HONVYLMV6XRYO07L0SPZO1A.jpg,Kway Teow,all,34b1cb87053fd49e535f43e8e1e796d1,b883820c9337f7b6
../foodsg-233\Kway Teow\R5UKN7AKGZ129ZOK6K5P3HGI.jpg,Kway Teow,all,cdbaaa672660c4558e3de729f406f19f,b883820c9337f7b6
../foodsg-233\Mee kuah\YFII6ITBIXNKHC6Q5VP61PH1.jpg,Mee kuah,all,deb820acbc4c0140b1dfb28b4169e788,b885bcd54d5c9459
../foodsg-233\hokkien prawn mee\E5ZLQK19DUQQGWKOU8U3DEF8.jpg,hokkien prawn mee,all,9c3fc29b5f806a57b1edd05109ec4340,b88f5e56406af2b4
../foodsg-233\Prawn Noodle\2XFO3HJZFR59VTA07L52Q6MI.jpg,Prawn Noodle,all,44b0f5dfa423a6a4c1bfa9d24c3c08f0,b88f5e56406af2b4
../foodsg-233\Fish and chips\HPIPU6JJ01LPMKNDOYZ0VBK7.jpg,Fish and chips,all,ee943b61111d24d6731009cabdc6e220,b898c5635ba56c4e
../foodsg-233\Fish and chips\T28QQZ2EUBB1W1R0QSLCAZG3.jpg,Fish and chips,all,57586f14709de90047beccb34baa8dc1,b898c5635ba56c4e
../foodsg-233\begedil\OTG0RRW1TJWFX03R4NE8KJBH.jpg,begedil,all,9328d126fd19349025d3a53265bc65c3,b898cac40de23f8f
../foodsg-233\begedil\I54V2KMDUH5BLSTR3L7M0355.jpg,begedil,all,3150de8bfb6da9b9e2696847c2d68b6e,b898cac40de23f8f
../foodsg-233\spring rolls\UWHV2D7FAU1PNJM51O9USH8L.jpg,spring rolls,all,0421a03f5a102f1e63cfac8e667df0cc,b899ab5387867899
../foodsg-233\spring rolls\COHJ975D38MTYJ4M1EGTUMLS.jpg,spring rolls,all,a29eae09cf865cd3411e7238f37ce1c8,b899ab5387867899
../foodsg-233\french fries\5P0V90BXNZAT6KBORY3J4F4L.jpg,french fries,all,4f713ffec4253d06a58e077b236f5e28,b899c6c65b3839c3
../foodsg-233\french fries\C14LR14NMDA9O3X78RKPW7UE.jpg,french fries,all,413ba467df1a4276e5d64f0a21688e4a,b899c6c65b3839c3
../foodsg-233\mangosteen\A77H3HB3SF9XBTCC6FV9BWYM.jpg,mangosteen,all,8fc34da906950b9dce217381bf4dcd6f,b89cc74c9e33ca26
../foodsg-233\mangosteen\2SUZKXVSTJOQM6H7K63VLZ82.jpg,mangosteen,all,f6bbc3236995b69046cd5fb11243121b,b89cc74c9e33ca26
../foodsg-233\mango pudding\Y4NQRBNPBMITZMLOPMFKQ1P1.jpg,mango pudding,all,ed273c8d823103711ed9c88840f883e4,b89da0eedac3c407
../foodsg-233\mango pudding\OTU3HW8SLNWNEGXD8PG4FD0U.jpg,mango pudding,all,1f079a16f7cc472bdd1a06e2f261ed10,b89da0eedac3c407
../foodsg-233\Kueh Salat\WV8B8ZWWZLIAR334V7V91A59.jpg,Kueh Salat,all,8e9c31c3722f3fc7cb45a81bc3257c62,b8b6c37f90f1a091
../foodsg-233\Kueh Salat\O01VXLRMRVI3UP917R5HPNWQ.jpg,Kueh Salat,all,f980c70800005ae35502b7b4948aa36e,b8b6c37f90f1a091
../foodsg-233\bak kwa\2O0Z8HJO8B2JLXLVON0DGM3O.jpg,bak kwa,all,ccd28c7a6e7fa97dff9d41c94c1851b4,b8b6d0c08e0f4f9d
../foodsg-233\bak kwa\ZCKFZDP4LDGTJ0R4FTDOYWOR.jpg,bak kwa,all,49ff2e3de279c6c003dfeae917c93411,b8b6d0c08e0f4f9d
../foodsg-233\pitaya\O3ITYM03XIMNESQPZ56L68RL.jpg,pitaya,all,ec058e5659dcbca1050f12bbb73dfbb4,b8c0c137c669c77c
../foodsg-233\pitaya\ZPTMFE9WNJK5G6LPP48AJDAW.jpg,pitaya,all,cf2af106653d93139a3149ce64d3b902,b8c0c137c669c77c
../foodsg-233\Alcoholic Beverage\DW8T00JH3QPIFQTXO1FLB5G4.jpg,Alcoholic Beverage,all,4281f51979fbe85bdea836036d4dd165,b8c5c827993cd32e
../foodsg-233\Alcoholic Beverage\3TC5E635P34RI54UNTS6TLDL.jpg,Alcoholic Beverage,all,88616de3769737e61c22f1c0a51be1bf,b8c5c827993cd32e
../foodsg-233\Kueh Salat\WASBKBRONS30SCYPU00T61VY.jpg,Kueh Salat,all,ea795739d2ea92b216425e69a32e609e,b8c687b1781eb946
../foodsg-233\Kueh Salat\1303B45XC8DNC4QCQ96Z5UEV.jpg,Kueh Salat,all,6e93fb996680289753805cb7907bc6ce,b8c687b1781eb946
../foodsg-233\black pepper crab\Q90JJ10P51JQBHXPMJI94UHX.jpg,black pepper crab,all,716cc2f3f625577561d882fb74161d6a,b8c9834c4ee4aef2
../foodsg-233\black pepper crab\E7SB2Y73VFPBS1CGN01Z8AJT.jpg,black pepper crab,all,0c0cd8bca0834327027bb879902e3f2c,b8c9834c4ee4aef2
../foodsg-233\Bubble Milk Tea\VIOR9NRW12AL2GCRNMDZMC26.jpg,Bubble Milk Tea,all,f068bfca0bd271fb4e20cc4d5ecfd910,b8cec731d9319e03
../foodsg-233\Bubble Milk Tea\MR2XPVHYY920SUGTRRX3FN8J.jpg,Bubble Milk Tea,all,084b060863452e990b464e0515c58bd0,b8cec731d9319e03
../foodsg-233\char siew\3H8O4P2HQWKJNTOFBC1GH6TT.jpg,char siew,all,d7a268665f85a53d460e810a93d3f84b,b8cee1c98e149d3a
../foodsg-233\char siew\FEWI1PSWCZJ76YGGT6UXIVJR.jpg,char siew,all,fa2d8806af9578d12575480378c802ad,b8cee1c98e149d3a
../foodsg-233\yuseng\P33SGC3HAHPO3EPU6TL6F8HR.jpg,yuseng,all,88907dc70b9770bcd3575cea0a181ff8,b8d4cc38f18992dd
../foodsg-233\yuseng\9NTQ0XUH3P60ZYSIFLVX01H4.jpg,yuseng,all,88cf6cdf484754b3c2f457803214516f,b8d4cc38f18992dd
../foodsg-233\mixed vegetables\U2L6Q5HYSXAZ7EPYOEWTVXDM.jpg,mixed vegetables,all,570e20330786488ee37f7accce9b8132,b8dee4c6739a9860
../foodsg-233\mixed vegetables\RIVHKILOELF72I66EPWYG194.jpg,mixed vegetables,all,c09f7808894d493e084fffbbd635c843,b8dee4c6739a9860
../foodsg-233\sambal stingray\WVMS22XMEUX1YXBNRY42D43D.jpg,sambal stingray,all,967a96f04e244702de5916c3021b4a04,b8e2f12ab391999c
../foodsg-233\sambal stingray\T173PTJTBQWXG2PCLPCRS5YR.jpg,sambal stingray,all,c6c62a1b7f130a6f0d5bc8397338820c,b8e2f12ab391999c
../foodsg-233\tom yum noodle soup\3U9BO6AL2PFVCDKK3IYIXTC0.jpg,tom yum noodle soup,all,2ffe7ae875a646ca4b772e6256b6eb25,b8e830b4b6863f8b
../foodsg-233\tom yum noodle soup\J215HM5GJUOLV4O51AFAJGXS.jpg,tom yum noodle soup,all,d4a33b9d6488e31b972f9ec89afafa56,b8e830b4b6863f8b
../foodsg-233\mushroom soup\FM9BTQYPKSU2NH685FU6O5GZ.jpg,mushroom soup,all,2b89bf6c93ef5479e72574d38c38e1cd,b8eac6878f813d94
../foodsg-233\mushroom soup\M1MNR4D0N57YCA39KQCLL5C3.jpg,mushroom soup,all,07087681465ad14a5ef61f2a59841a57,b8eac6878f813d94
../foodsg-233\Prawn Noodle\O8SY7L8SY4MU1M4KFNLYJJ0N.jpg,Prawn Noodle,all,3ef4a931007123b45e4b305e742fcbf2,b8eae18187653997
../foodsg-233\hokkien prawn mee\ZUFD3P8NP3LR2CS9BG65UJKU.jpg,hokkien prawn mee,all,87776a168d9d58a12289392f1b8e90b4,b8eae18187653997
../foodsg-233\pig organ soup\WWTS693IOAXMR4YRKC5FFP31.jpg,pig organ soup,all,c86d4c94f346acbc9d5750553c12fb00,b8f58fcaf1862612
../foodsg-233\pig organ soup\AVJP8DGQH09MDJ9MRFV0PXJX.jpg,pig organ soup,all,9dcceb6bcd5ef7da686c8c1522ff5611,b8f58fcaf1862612
../foodsg-233\chicken pie\MQYCKG6I58HY8BNGFNMMPIMU.jpg,chicken pie,all,8a4a2eb326fdbab9def4e0e488e77d49,b90171b2af7e9a42
../foodsg-233\chicken pie\29FPZCCT2OYO9ZLIFD8DPYFW.jpg,chicken pie,all,3984c3476f61e50044033e36b1e56fce,b90171b2af7e9a42
../foodsg-233\cherries\WMGMH2BKYRDFT79AB9NAZ1B6.jpg,cherries,all,d9eed015a145ed65987f35871520c142,b90684b0c7da3adb
../foodsg-233\tacos and nachos\E2DMGB4KSCCOKF35Y1L4XWEY.jpg,tacos and nachos,all,60ffeb3598677c9ecb49308c2218914e,b90684b0c7da3adb
../foodsg-233\bak kwa\E1E7H5WE9CWWU29DPIPNMSBY.jpg,bak kwa,all,e37d34bb9b6e2d00f091987a3c2131fe,b914cd6bd19b0ec4
../foodsg-233\bak kwa\BFX2CCLFYRT8W2GCHWT4HGPG.jpg,bak kwa,all,9406101419b5a4e2a0f5f068bff42e1b,b914cd6bd19b0ec4
"../foodsg-233\Rice, chicken katsu with Japanese curry\B1DKPCYEXUQ7NTBTZDQ9U89F.jpg","Rice, chicken katsu with Japanese curry",all,8e530c73f385079d48599f85caa5507e,b936067b4a6d50d6
"../foodsg-233\Rice, chicken katsu with Japanese curry\0FKI0XLQXVUB88D9VXLSKXUF.jpg","Rice, chicken katsu with Japanese curry",all,9491c3bfc95fed1fabea37bee92a24bf,b936067b4a6d50d6
../foodsg-233\bak kwa\138XMV1PW0E4CC1IGU7QYIJ2.jpg,bak kwa,all,c26a414f08509b42610218b01c18bb96,b959813adb37a262
../foodsg-233\bak kwa\C3774OMGITCKU33Y7M781VAT.jpg,bak kwa,all,d3e0a1d78b4af133fe32416523352fdc,b959813adb37a262
../foodsg-233\vegetarian bee hoon\NC5846C4RHGHT0QT67KSF14D.jpg,vegetarian bee hoon,all,e75bb2742862e42f1414fc4570f1bc74,b969c1c6c2999f8c
"../foodsg-233\Bee hoon, goreng\PI08WP9XKD2IBWXFC9E3JX4I.jpg","Bee hoon, goreng",all,31febbe81e337af5e3a3b24e57dd942a,b969c1c6c2999f8c
../foodsg-233\bee hoon\NFEAIR5CL9KVP7PNOYZUO5BS.jpg,bee hoon,all,ed3e4c61a50ab9588961548dbe663928,b969c1c6c2999f8c
../foodsg-233\Sweets\S5Z49TSGUT2CGNCSDR5WFA57.jpg,Sweets,all,7fc4902bb5f2a2eae0e592bd88d9944d,b96dce92938cd065
../foodsg-233\Sweets\R8G71R3DYIQ6HZNZOIRO8X9U.jpg,Sweets,all,08935085beae95d790f0402da46b8676,b96dce92938cd065
../foodsg-233\muesli\549X1GLZPX3CI3EP10YJ9XJA.jpg,muesli,all,01396eed2f4a1b1ea6ce604802108fb4,b996e4c9906c1737
../foodsg-233\muesli\YBABWIOQH2BBH4OE9CFEMLN9.jpg,muesli,all,f5eb8c79214ffd8151afe19dee3c55df,b996e4c9906c1737
../foodsg-233\Bubble Milk Tea\Y1QOX7N5ZCHEGSCOQAY5V0NY.jpg,Bubble Milk Tea,all,929814d1eea730b971043b136265c8e7,b998c639f82749e2
../foodsg-233\Bubble Milk Tea\P30ZWIGIAP9BGGABVK8JT13M.jpg,Bubble Milk Tea,all,6985204dd8692db59fae7b8c74c16234,b998c639f82749e2
../foodsg-233\rambutan\CXT6LFUMNU4WSN8JZ1X52IT9.jpg,rambutan,all,f63748c8caebd41a6feb9a7a6b996a72,b99cc467d242e639
../foodsg-233\rambutan\I355QG35ALLZ5ANLOMO0Z8U8.jpg,rambutan,all,c187ba383959e7e0e9f44d9a7fe30cfc,b99cc467d242e639
../foodsg-233\CNY love letter\X5G85N0XR70MF3UCDPQZ4HHI.jpg,CNY love letter,all,3debe66c7ab3a553fc2e616fd39d1523,b9b4c04aa5c77387
../foodsg-233\CNY love letter\YWSQQQO4L07TXA8DE7W5K6S2.jpg,CNY love letter,all,f54be1b3bb9ef3cad9c7388e3a7375e3,b9b4c04aa5c77387
"../foodsg-233\Bee hoon, goreng\95D4J39WTL5M14U99PE0JFA8.jpg","Bee hoon, goreng",all,f957209a6aa4e4922fa2ebde96d3c004,b9c140f87af8703e
../foodsg-233\vegetarian bee hoon\E8CFQNQNG9X4Q11CIF34PAVR.jpg,vegetarian bee hoon,all,ba5cbaf23a833ac23734230a19990c99,b9c140f87af8703e
../foodsg-233\Grapefruit\8D8AXOGMH51LDR4GLT406NM1.jpg,Grapefruit,all,aabd413614782695bd39b055ee485caa,b9cbc2251f326cc9
../foodsg-233\Grapefruit\IWZIS5FAP6UGDG1FUUHJ3EI7.jpg,Grapefruit,all,654900eb696ca9a8d12e844dfd8acb5f,b9cbc2251f326cc9
../foodsg-233\french fries\3161I395VD8CGNY8LK7OWUCI.jpg,french fries,all,a8a9873551b45d608d816b1eef324e50,b9d0c44bcfa46a72
../foodsg-233\french fries\ZF8RYM3FDYR0YG54A3C8UY4T.jpg,french fries,all,6aad676ca64bdfdc43d0fc6989f7bc84,b9d0c44bcfa46a72
../foodsg-233\Fish and chips\PYYNQ00DNR2KIDMNFA0N0BN4.jpg,Fish and chips,all,d3174b1095ff693d6dd35590be6c298b,b9d0c44bcfa46a72
../foodsg-233\Chocolate\EGKHX5E6Z7GPZL4OGF0EM1WE.jpg,Chocolate,all,d534d7683e55598856189a16d9f52dee,b9e4b14c949b9371
../foodsg-233\Chocolate\VX916BFEV116EGR0J5HFXLBK.jpg,Chocolate,all,feb9befc40e7636f0ffee311fa9341ab,b9e4b14c949b9371
../foodsg-233\raspberry\TBXSZSGHV5HOPJM1WX58SPHY.jpg,raspberry,all,f4c8c5cbeffa0cf5e894aadd60f79f46,b9e61ea07013abe5
../foodsg-233\Blackberry\3LPDWCR0ZT4J78PL7U8NUG55.jpg,Blackberry,all,ec41af18a55cc51bf72147e9519dec11,b9e61ea07013abe5
../foodsg-233\satay bee hoon\25V0TGTHT6XAE5BUHXE2LBQ9.jpg,satay bee hoon,all,af63e040988db246bf4ff14662b98945,b9ee8c053709f89c
../foodsg-233\satay bee hoon\Z5J95S7SZO15KEGYI7HQV7KX.jpg,satay bee hoon,all,709b552fae0e94ea0d0a36f4c48297f8,b9ee8c053709f89c
../foodsg-233\Duck Rice\9P5OO1T74MEWD6YMOGZ3F4GT.jpg,Duck Rice,all,96f551dac6901aae51307be29a1098c0,ba00953f5a39ebd0
../foodsg-233\Duck Rice\LHEEJ9ALMX4CRKNHDULTL9EH.jpg,Duck Rice,all,a8fe3a5b51000ba9fd6e2030ff253750,ba00953f5a39ebd0
../foodsg-233\gulai daun ubi\I2D3I5W25E8OHHCCU5BE2SOK.jpg,gulai daun ubi,all,525359b2ba1222621940bd7d0313ff3f,ba0aad7cd02a3fa1
../foodsg-233\gulai daun ubi\20XUPG6J293VQ2S2U0NAPHJ7.jpg,gulai daun ubi,all,947920cc23924acec8e33dcaac236d8f,ba0aad7cd02a3fa1
../foodsg-233\bak kwa\BM53OWUY65212QMXL4XGE9W1.jpg,bak kwa,all,4b59ac8b562575679eaeae71472e22d3,ba0dd0af8b6a2d32
../foodsg-233\bak kwa\02NXZN10RFNOHKS8BTL56XW6.jpg,bak kwa,all,8cb32f68325f9eebccc4b16d17c07b0f,ba0dd0af8b6a2d32
../foodsg-233\hotplate tofu\DT2QQLZO2UBL2HEI2FHRWKG1.jpg,hotplate tofu,all,b11d9cb232d5a387c229181920ba71b1,ba3439b2ce8692dc
../foodsg-233\hotplate tofu\ME4XQ0TV4KTOTWHHOEG79G2Y.jpg,hotplate tofu,all,f3983005df5ff729ecc142ccc4ce490e,ba3439b2ce8692dc
"../foodsg-233\Don, chicken teriyaki\JLVCLRYN2MBYLQVHQOHL4JNQ.jpg","Don, chicken teriyaki",all,592b4fc4b3e322f2e13f8ac0daaddd20,ba35d37124cc1733
"../foodsg-233\Don, chicken teriyaki\OY1NL3FR76Y2K9ATNGUH1022.jpg","Don, chicken teriyaki",all,a728744032e09a66e860b1fbd4ad89a9,ba35d37124cc1733
../foodsg-233\Snacks and Chips\5NY0I74D29OVB01AHGPVUCMG.jpg,Snacks and Chips,all,09a9acb7e9c458be865dcf439f249903,ba3785953139c2ce
../foodsg-233\Snacks and Chips\QB6H724DQ5SNF6AU6QWHZ4QK.jpg,Snacks and Chips,all,1b8f25efd8637e6d394235acb296a09f,ba3785953139c2ce
../foodsg-233\Sweets\KL85D6XNCP4U47B7082XNY4L.jpg,Sweets,all,bc62775be595332f7995ee49ff47e079,ba3bc1c4363b39c4
../foodsg-233\Sweets\X8DIUKYCSJD1YPPR36CIEO8B.jpg,Sweets,all,c3eecd00de5959b733264186e816f2c2,ba3bc1c4363b39c4
../foodsg-233\satay bee hoon\MFDNHV9MM00STRLXDSFQ7L7N.jpg,satay bee hoon,all,6c7a17b88b7661dba5c5907e5c394193,ba40d5274c97d8ba
../foodsg-233\satay bee hoon\E8ZNWM783N0G86XXSPNV5YKL.jpg,satay bee hoon,all,01d5f8d994a08ab7a1b1a79a16b6ef4e,ba40d5274c97d8ba
../foodsg-233\Ban Mian\66VQYGV1ARWXQ5AEZ9C95AG0.jpg,Ban Mian,all,ecbce07289e1024751dc427dc898e047,ba4b863d947ac2e8
../foodsg-233\Seafood Noodles Soup\EBF9XNMU4XN7KRADNPZNXS31.jpg,Seafood Noodles Soup,all,7876eab05d8c5ecdab7731706e63df0a,ba4b863d947ac2e8
../foodsg-233\chai tow kuay\59I6HV2AFDJMIIMVITXSQAL9.jpg,chai tow kuay,all,bd347a00f77ed12dfd60ca34c468e7bd,ba67d0ad8be31544
../foodsg-233\chai tow kuay\CO2UHVJINUQB39WE22NQ5XM8.jpg,chai tow kuay,all,943deaa0809957966602762d5653dc63,ba67d0ad8be31544
../foodsg-233\Apple\QO9WBOQN9E41YGZJBADGPTXE.jpg,Apple,all,f19e1171f53dd59ee650f846d69ae2f9,ba6ac538986f2798
../foodsg-233\Apple\GJ4BILSR60BLIXBNUR3YO1KS.jpg,Apple,all,1d79624b6227d61129f3039f1b844a39,ba6ac538986f2798
../foodsg-233\rambutan\C8IQWOX2X2GK9E9I5ABRK097.jpg,rambutan,all,fbb66d2f1289eac86a30ad89f0b340cd,ba7191139fec5219
../foodsg-233\rambutan\HDBR69NJYSQZ6INLSK0B9P5Z.jpg,rambutan,all,65ae708b7652e95344654ef1e3251850,ba7191139fec5219
../foodsg-233\sausage rolls\UC5SUTIH4RYBVDMISO7ISN0I.jpg,sausage rolls,all,44e79c0f56508ba205f97c23be17d07b,ba71d7ba08d129d4
../foodsg-233\sausage rolls\9JUBV78B2J184S46PVEDQRYO.jpg,sausage rolls,all,afdeb77d30a636a442ecf69130f5482e,ba71d7ba08d129d4
../foodsg-233\cereal prawns\J3ECQMFIQ5BA5FEZBI4L0BG9.jpg,cereal prawns,all,8eaf6c8908a985a11384cdf2d9ce8443,ba80fcded427b02c
../foodsg-233\cereal prawns\4I5USN8KK24O154UC1RZOLZK.jpg,cereal prawns,all,a82859a488a246b8dab2e84b1ef6b621,ba80fcded427b02c
../foodsg-233\tumpeng\MRDNMXXHL98Z60HB3G3XXFWX.jpg,tumpeng,all,e30089a7ced4b43fc4a421f3121468b6,ba832790bd01eb2f
../foodsg-233\tumpeng\SO05UBBAK0FIE5GP7GYM2I0X.jpg,tumpeng,all,c1c40ba84f857706dfb140e46a7e06f6,ba832790bd01eb2f
../foodsg-233\Chocolate\BLIPX4A78VI11CT7CW77V2EW.jpg,Chocolate,all,dbed9517645a86f85ae689f2dbaae95b,ba86c5693a96e568
../foodsg-233\Chocolate\HOTX6WK23XHJMF00FNESJKF8.jpg,Chocolate,all,e4494439ece9d2760fc50105aacbf476,ba86c5693a96e568
../foodsg-233\rojak\THL3MH9046G718XHNOM77HB2.jpg,rojak,all,9a058b8f1eb920b45e18c52254fb94ff,ba8a0e97e0333be1
../foodsg-233\rojak\FMEZ4OQLABCX7TUTCBLVCT60.jpg,rojak,all,6362d0b1d342453d61e89d54bbf02644,ba8a0e97e0333be1
../foodsg-233\Soursop\7065ACLR9AEG3LKOCCCVMAWZ.jpg,Soursop,all,6a98911fab834b9d66d62b117c3c15e7,ba91e539d61cc2cc
../foodsg-233\Soursop\IV5L4YIUQBQVC6AHNXR8XXP2.jpg,Soursop,all,c8c827cfc92b9f59364adedd749d7367,ba91e539d61cc2cc
../foodsg-233\Pung Kueh\870ZZD6LQ5I7FLSB49149Z7S.jpg,Pung Kueh,all,5ec1f3db9f205418e81d099e3edc5862,ba91e872a169be58
../foodsg-233\Pung Kueh\QD6YO8JAJ810F3SED7087PUH.jpg,Pung Kueh,all,013583c17c7209fbfe92f68f5559b800,ba91e872a169be58
../foodsg-233\chilli crab\5M0QDNL1XR80KIA28GYI7H80.jpg,chilli crab,all,8df8fc2daa0cf9e977af86358f9646a2,ba93d003c16fd26b
../foodsg-233\chilli crab\NFSY7VP6QE66L5O2LLLLLOA1.jpg,chilli crab,all,22c1976a700bd67bba148c4df598dd8f,ba93d003c16fd26b
../foodsg-233\rock melon\30H9PFUA705OXS1L4DMYKJ5T.jpg,rock melon,all,630eb4b1b392eb565192545cae25a672,ba94f548c527923e
../foodsg-233\rock melon\AL6LRY7M4ORLWX743R1W4DVX.jpg,rock melon,all,9752256d4288142b702959560137f9bb,ba94f548c527923e
../foodsg-233\egg tart\0XSS0EC76ICC0N0Q6K657QML.jpg,egg tart,all,8c8255ea1a637343823f79ef1098a6b4,ba97e1d81f396890
../foodsg-233\egg tart\X0QZD4EWE7TPLMSJGFF6JK5J.jpg,egg tart,all,14026b9ec3de939857f32af8e1c81d72,ba97e1d81f396890
../foodsg-233\bak kwa\MTZ8SXADLBBIXXXD0VJX0EGO.jpg,bak kwa,all,f9fdcac189ec9d242172171c20104197,ba97ea3980e815ea
../foodsg-233\bak kwa\B7NL5RO7YOQKGR1CN4TEJPDJ.jpg,bak kwa,all,feb1faaae80c5270779d0b83f203fffa,ba97ea3980e815ea
../foodsg-233\rock melon\92UIZSFOA7XQ0CQWP76L4ZRK.jpg,rock melon,all,1d3acdc899426a6af117e206604dce3b,ba9b8468c569ca67
../foodsg-233\rock melon\K958CAEE47M1ABLVHR7PRKZS.jpg,rock melon,all,a75f5464a9f72cf8c9364838bf33b9f4,ba9b8468c569ca67
../foodsg-233\rock melon\UGJ01WEBVBY2W7WTJIBXXYL9.jpg,rock melon,all,11daec94af9e7accab6be2f39b855b9b,ba9f8568c5619e64
../foodsg-233\rock melon\2JB837XCL24ZFQQWLGQ0TVFQ.jpg,rock melon,all,6837545dedcd3de9e905332b78b20078,ba9f8568c5619e64
../foodsg-233\kway chap\EA0IZ0R2TYE1Y3ETJ9JKODDP.jpg,kway chap,all,2f3309c97b20b002ee7e0df7121a7f0c,baa5c98585f43f42
../foodsg-233\kway chap\QTSDRZLAQJNMXR10TCZLLX4H.jpg,kway chap,all,3453ff3518d3720fe7628676c5a56058,baa5c98585f43f42
"../foodsg-233\Bee hoon, goreng\KRR78CFQ2TATJQGTFP6OOC5K.jpg","Bee hoon, goreng",all,5d899d83d6bbb9046137ea8f8a60e248,baa7f9dcb0114239
"../foodsg-233\Bee hoon, goreng\DW0KS7VMPCQ70OA6KCYCMIQF.jpg","Bee hoon, goreng",all,53087e88f5231339ddc1d1a7e6220a30,baa7f9dcb0114239
../foodsg-233\lamb chops\7VV9ODKJSCV1I7X1AACNNM23.jpg,lamb chops,all,f3635d17cd6de1c1b415886293327ada,baacb694c07e99c1
../foodsg-233\lamb chops\MIDHB1CPXNWBHUQ4X44WGW6T.jpg,lamb chops,all,f874772beff18cd81cd4700ede830a8c,baacb694c07e99c1
../foodsg-233\strawberry\OL0PS5R8POU0FEA97JRN2X88.jpg,strawberry,all,900374659a62ef3c32d68ca7b0b8eab3,baafa53d9d308984
../foodsg-233\canned Fruit salad\XXUCH1RQMWDES97F1DVAL8Q4.jpg,canned Fruit salad,all,614d941d88da9cbb5047edc7ec7e1be7,baafa53d9d308984
../foodsg-233\vegetarian bee hoon\EGYSSNHIBATK03RGQ5HW44WL.jpg,vegetarian bee hoon,all,deb6001ce155a2c55ee8be52155d266f,bab7e4d0812b866d
"../foodsg-233\Bee hoon, goreng\KBMVIP6CN365AV9JXE7R4C59.jpg","Bee hoon, goreng",all,930b40b399a5dd878263d54ffb7fd67f,bab7e4d0812b866d
../foodsg-233\Mee rebus\CHPV8CE9H75YZGDGJGVZAEVZ.jpg,Mee rebus,all,924801b31dd4bfafb51c5006199b4037,babae1b1c496b219
../foodsg-233\Mee rebus\XY0LSYW634A5J5NVAI8UKVPV.jpg,Mee rebus,all,7f45f4d22e77cd757bb267f2b4208d75,babae1b1c496b219
../foodsg-233\pancake\YB445GNZIDKOS90KRPM290YV.jpg,pancake,all,41b960fa766eebb4c35dfa85d596c08e,bac1856fc22fc03e
../foodsg-233\pancake\5P5EYILKF0XJZMBWCY62Q5OK.jpg,pancake,all,39dd2778831bed324e75be6d94f86515,bac1856fc22fc03e
../foodsg-233\lamb chops\PPSQBB57VO0HBB9D0YU9BZD4.jpg,lamb chops,all,ef7f1e9cc6bdc77ff9d226a51109fa01,bac5d5ab86c48c53
../foodsg-233\lamb chops\EFSJJRG8X2P8Q3DMFNEUK3KE.jpg,lamb chops,all,1ffd6931bfe030ca3c114cd8247a6486,bac5d5ab86c48c53
../foodsg-233\Fruit juice\KJVEFC6GYTWDTBKPPT6HABOA.jpg,Fruit juice,all,61ca5fc6960fad80f5852e13216c302f,bac6913bc86c8739
../foodsg-233\Fruit juice\HVXX801X3E7N9E8HY8DNQXG4.jpg,Fruit juice,all,50e4b05db4999bccfedf3dea1363a803,bac6913bc86c8739
../foodsg-233\hotplate tofu\NQ8IGLUHFFVOBYLY897W6CJX.jpg,hotplate tofu,all,d82df8730d6ed9c4b9a68f537d451826,bac897c6dade1112
../foodsg-233\hotplate tofu\8A8JT5BX0Q0IV8WY2O2LMDZ4.jpg,hotplate tofu,all,cba8d5ca4e335c4536c9ea8cd3e35092,bac897c6dade1112
../foodsg-233\popcorn\26W9AH98YDZZK1BYYB8Z39AL.jpg,popcorn,all,2f8c1e4b6ca818b0310c8adc2656ac96,bacec13c0e61bd32
../foodsg-233\popcorn\AN29WCTUJPBIXM0FSYY3JF5X.jpg,popcorn,all,d7d9939839ab69be7395cc9675752bca,bacec13c0e61bd32
../foodsg-233\Mee soto\55VJRPZZE7D47GTOGC6KD04N.jpg,Mee soto,all,4f06beb8573ef0150109ac969a462278,bad0adc1b596968a
../foodsg-233\Kueh Salat\JZ8RFJ8MURGV86SJOMO6MALF.jpg,Kueh Salat,all,0008ce4a6c6d8a17e509cdd20406701d,bad1bd00d03fafc0
../foodsg-233\Kueh Salat\FL4Y8VGQDCAM2F9UEIGT4QT2.jpg,Kueh Salat,all,410fd1c3f30d88d25c846a0595945da2,bad1bd00d03fafc0
../foodsg-233\lontong\CH8Q4JAENFRIHVPTWZ715PW6.jpg,lontong,all,43b042d092d890b0b4993ec16273dbb2,bad8f1ad8664c313
../foodsg-233\lontong\JA12Z2RI23DXIQO648QKF6K8.jpg,lontong,all,7cc0e71bd56e7a9df7261bb32e289f3e,bad8f1ad8664c313
../foodsg-233\Tauhu Goreng\8AMBM2GE17SJ1MB06UNMOMI1.jpg,Tauhu Goreng,all,23b339a7ba5a9838dd8bf6bde1e0e9d8,bad9942e1934f654
../foodsg-233\Tauhu Goreng\GNLSHBFK81YHZXYS3RBOH2NI.jpg,Tauhu Goreng,all,dddc7e8f95faa6df4aa0afd87b29b3bc,bad9942e1934f654
../foodsg-233\steamed buns\NQBJWA1ZQA7EEKYNJYYLB2FU.jpg,steamed buns,all,932545b22f0e739d409720d78d1eb125,bae00feca5cc3293
../foodsg-233\char siew pau\JFMWBDMDDN7S1S7CXXZZ8BI0.jpg,char siew pau,all,8bfc1f4723b9408c500c64da4230d97f,bae00feca5cc3293
../foodsg-233\oyster omelette\0JZNLE5STXJGCJWPC5JXGT3K.jpg,oyster omelette,all,c95d2c801455b51189e2974ae483a52d,bae180c245877e3f
../foodsg-233\chai tow kuay\8F18ML1HMWDA85HEYS9N3KR7.jpg,chai tow kuay,all,4f30221e185307064f71915c1bf850e0,bae180c245877e3f
../foodsg-233\Mee rebus\EWFVJX5G7SA8QKELCBLSJP11.jpg,Mee rebus,all,795839b212a4211ea7844b8ea1a7c4ff,bae1d5cac2c98ac9
../foodsg-233\Mee kuah\OOXNZQ8M039N8QANINWZ04GC.jpg,Mee kuah,all,d30b66a80bcf30aa40ae17daa8fe25c9,bae1d5cac2c98ac9
../foodsg-233\Mee kuah\HK7SJBQZJ9UYHGJXTG6SOZ1F.jpg,Mee kuah,all,4b318070b1b26987f2d942a762491f5e,bae1d5cac2c98ac9
../foodsg-233\longan\VM3RSDPZSD54IJLNGFWFIB0Q.jpg,longan,all,f71fee4372d419e1ea98e03bbbe15345,bae29483c797d03c
../foodsg-233\longan\7GFKMHGHCAVZ4291A0P8EFPF.jpg,longan,all,3fa6e6701c05381cf69e1d436de9687e,bae29483c797d03c
../foodsg-233\longan\IQ6M56M5HVZK38G0WI039TDI.jpg,longan,all,30dd74d59cd4330f3b8021c783e8b96b,bae29483c797d03c
../foodsg-233\longan\D195MFZT8YV74ZFDBX1QMMZN.jpg,longan,all,88ce9c8435b00a540e3f5ce87182df81,bae29483c797d03c
../foodsg-233\siew mai\8YP4G4V3VGM4Z9SSZDQSRHEH.jpg,siew mai,all,ed41b48eb093416a849d212009099430,bae4ecf2a7455818
../foodsg-233\siew mai\EE8VE1HAN032UJUWD8LJYT8U.jpg,siew mai,all,2f4815087b7a0773a33139ca73e7dd54,bae4ecf2a7455818
../foodsg-233\sausage rolls\E5R6CF53RI8GFH0JX7KDX3KB.jpg,sausage rolls,all,413adba2ea316bbb2d4b8e2e31bbe518,bae89496cbc135c9
../foodsg-233\sausage rolls\0A19DTF289KY9562OFE0LOSK.jpg,sausage rolls,all,c2cee7f8e058cc411c60f54796981c91,bae89496cbc135c9
../foodsg-233\pasta - fettuccine\RBNHN2OMFYUKPOCLHY55UYQ2.jpg,pasta - fettuccine,all,b11d331e31964c24aebb0815bef78be0,bafdc4c292b41b92
../foodsg-233\pasta - fettuccine\7W5UBJCRZT6OQW2Q4YU9WPRR.jpg,pasta - fettuccine,all,4003e7a439c0d0fc7d26daba92147265,bafdc4c292b41b92
../foodsg-233\preserved fruit snacks\3FJSDJJXQWVME5VGPBZZL55I.jpg,preserved fruit snacks,all,5666eda7242464ecc4904b5d05e4b4a8,bb07907fc4994e98
../foodsg-233\Apricot\TRQD2VDN4HYIGUZVBXGPYEJB.jpg,Apricot,all,06a078e0d7c201bb42bd3ffa21ab51ca,bb07907fc4994e98
../foodsg-233\lychee\OAP966RQCQIB3TBJRE0SV6QL.jpg,lychee,all,d1b3d333ffc5a429bdf4abc8db23df28,bb0fb90da4272536
../foodsg-233\lychee\WT5GL50PJCMRKKRIEKEWI36W.jpg,lychee,all,93825dda1c346bc3551af54fcb29a41c,bb0fb90da4272536
../foodsg-233\sirloin steak\SRDE4XBUIRXUJNBYN9V3IX5M.jpg,sirloin steak,all,760b10721adb29db3cca6879f996908b,bb15d04a055f3e4b
../foodsg-233\sirloin steak\0107GZUTG250L7JCXL59VZX6.jpg,sirloin steak,all,4519d3adc6466bf71c5fb8692e314c33,bb15d04a055f3e4b
../foodsg-233\sausage rolls\24JK21VEILF4RA5RXUVWCYWJ.jpg,sausage rolls,all,675a1085f75400f219ce8313b949ebc2,bb17d1281b3933c6
../foodsg-233\sausage rolls\QP4U8VF6QFU8DW8HGZN8PY1R.jpg,sausage rolls,all,a69c68f44d4349c333c848b10e663280,bb17d1281b3933c6
../foodsg-233\rock melon\MBEVYZVXMLTQPP25IY2TXV83.jpg,rock melon,all,8203b3a42fa42021cf122f6e70d4279d,bb1b85c0d867c2b5
../foodsg-233\rock melon\A61H9I2X00T25OKLYH1X7NDW.jpg,rock melon,all,8d5352c5c33273ecb5158524f55b2fc9,bb1b85c0d867c2b5
../foodsg-233\Mee soto\TZFDIBC5MO9GGZ0QKN88C2J5.jpg,Mee soto,all,0f3bc536a4854f08e3ace1ec4339f471,bb3ec9c032c9a533
"../foodsg-233\Bee hoon, soto\8AFXFCLNL2ROM3Q8022MEBZR.jpg","Bee hoon, soto",all,0973dc639744a6ce27113d55f43b66a8,bb3fb0ba816c1629
../foodsg-233\Kway Teow\YWFILWNTVZRV88IZ0C2TJZAQ.jpg,Kway Teow,all,1d1090c7ca8ef3738b52be4c1e6013a4,bb4ea43b80fc364c
../foodsg-233\Kway Teow\L4HFK91879URERNRPYFWWU9L.jpg,Kway Teow,all,5842b4efe3d0ab5f946f2659721e79b1,bb4ea43b80fc364c
../foodsg-233\har cheong gai\M9BI3JHU36OQYU55NBPFVU11.jpg,har cheong gai,all,d1c9755bde68c39b076fbea417c1063c,bb729fb1c5d8c048
../foodsg-233\chicken wing\LH4RXH8BZY671ACIX2UH4KWM.jpg,chicken wing,all,276a051f9aa0743b6e6af8a515e35fb3,bb729fb1c5d8c048
../foodsg-233\Chocolate\OV9I1CK9T32IW3QU88IW65VV.jpg,Chocolate,all,6d4cc39ba2e77976ebeba96c7bdffd8e,bb819562963760dd
../foodsg-233\Chocolate\W9RE5263LM22K6ZT0HMY9N82.jpg,Chocolate,all,2ced78652b6cb513be50d91eb3f28bf3,bb819562963760dd
../foodsg-233\cereal prawns\QO5I3CM0SQOVB7URJGC1XVZO.jpg,cereal prawns,all,516d85790114c15405c607c6b7e53f8a,bb81c0139d4ebe3c
../foodsg-233\cereal prawns\WZHAOJ0B6JBEV3DRBWSEE9XI.jpg,cereal prawns,all,09336d2e51802db98d18701029839051,bb81c0139d4ebe3c
../foodsg-233\ngoh hiang\FDM3S1051WID4HG3ZAFEBMQL.jpg,ngoh hiang,all,12b4f4692f9f46ecb3f491e9e52a3eae,bb82f40dcc4b791a
../foodsg-233\ngoh hiang\58M5G2JLW4HNHB7UOH4Y92TF.jpg,ngoh hiang,all,13cc8145f11294e8372c2c37023a1410,bb82f40dcc4b791a
../foodsg-233\longan\4FMK7XR9XHSY5HY4Z3FN63B5.jpg,longan,all,42ceb4231fd45543382196a4d71defe2,bb84c66b3c94c38b
../foodsg-233\longan\3B65MTCH18HNJPC082UGTYMS.jpg,longan,all,8f2b6182b284e46ad57e2bb7f1ec469c,bb84c66b3c94c38b
../foodsg-233\cereal prawns\XBFI018QKL4TANIDI8C0LM05.jpg,cereal prawns,all,4d47940090f912c8e797ccf1c02745eb,bb87cb8b861c2aa5
../foodsg-233\cereal prawns\94PRYYQL0DS0VT2TN73IUVO1.jpg,cereal prawns,all,204500bb0fd8806a706d7828f403a30e,bb87cb8b861c2aa5
../foodsg-233\Udon\4Z12C76YRHHL6BQ8JDO6HRK2.jpg,Udon,all,62c8aeb22682c8307f893eec8a64b3dc,bb8cc6b1994e62ac
../foodsg-233\Udon\VF6WUWFZ28WT6FR2PLSQAYTO.jpg,Udon,all,07404524153f39d82845c5f6fd0b72a9,bb8cc6b1994e62ac
../foodsg-233\tumpeng\QY43VEFYU7P5J6E1UE06D8TM.jpg,tumpeng,all,1d00dc769feea06c6ebe7651bad1591f,bb90c443957ec16d
../foodsg-233\tumpeng\3D5RJX25G63QZ9O4KNI75UBH.jpg,tumpeng,all,87d348e39211db484ccd43d1769779eb,bb90c443957ec16d
../foodsg-233\rambutan\8W119D1WWO7QH4SPO2XOHLXK.jpg,rambutan,all,cc652aab994c9a061c13b7cad9052303,bb91c46a936d3a91
../foodsg-233\rambutan\U8LN19DJ6GV6WKP74DV0ZBIW.jpg,rambutan,all,de414b57f8f81384dee266fa04834173,bb91c46a936d3a91
../foodsg-233\assam pedas\KQRF2ORMLW484H7RTBFDF83W.jpg,assam pedas,all,e566f33814de4bcb7eb40de3f61458f8,bb92b092f22abe38
../foodsg-233\fish head curry\0ES52LXYLA80BZPQURH79LBY.jpg,fish head curry,all,0c945b841ef627e4a92315866066d2c3,bb92b092f22abe38
../foodsg-233\honeydew\JGS1WBPOLL9NLBSMHX3FYFX0.jpg,honeydew,all,9a4e1e16a33f2354dc8250954f40497c,bb944e944863cf4d
../foodsg-233\Fruit juice\0M9UAUT51JNHCA8CKNSLRFMP.jpg,Fruit juice,all,2dc2d39abc17b884b007459f9be7f6c7,bb944e944863cf4d
../foodsg-233\oyster omelette\HU1F0VRXTZV1D8PL6KISD1DF.jpg,oyster omelette,all,50efdc970231105a66af7d8a7f5b9837,bb94e018cd4fc64d
../foodsg-233\oyster omelette\7RZUDZUMJXIN73DTAF7LBYQ5.jpg,oyster omelette,all,6467770c626138ede602687110805932,bb94e018cd4fc64d
../foodsg-233\rock melon\X2ZVXLJCJN72458ZKQ6GLIAY.jpg,rock melon,all,df57f70ed2ba69edf05529ece2b32237,bb95c958856d9463
../foodsg-233\rock melon\4L8YO39KUJI9DTP9INDOQ88A.jpg,rock melon,all,53d1e3961ed8408f90fbc3882b3e991d,bb95c958856d9463
../foodsg-233\rock melon\0RZ1N3DRVELSJR8ZWFZEE1CB.jpg,rock melon,all,125d34a037b511f85c2aacf181082d73,bb95c958856d9463
../foodsg-233\rock melon\S13Y39XS6SUNPV370M9KE68B.jpg,rock melon,all,cd708b0dc873bc2ed6dddb4f56097f48,bb95d24a854a8d76
../foodsg-233\rock melon\TOP3RJDR9BCT40MSCKCO1R5T.jpg,rock melon,all,a8c3197e1bb6904c89ca76b859f0cbe4,bb95d24a854a8d76
../foodsg-233\rice dumpling\QER4I02Y2D1H0JX8M0KWQHVJ.jpg,rice dumpling,all,66cc0a0e204f71475193247a67646934,bb969768e09366c2
../foodsg-233\rice dumpling\ELNJ11YTVFV8P27ZAB2HWN6L.jpg,rice dumpling,all,1829b8abc8f462ad0dc6aede7b8541cc,bb969768e09366c2
../foodsg-233\rambutan\C2736F64JL0VN7UFTTJZDBA2.jpg,rambutan,all,5d622978d107637997d2fdf2c3194f5d,bb96c4a833993996
../foodsg-233\rambutan\UT74SG9GQVECY298T62BIBA4.jpg,rambutan,all,993b43eec5cb67646810819821a269de,bb96c4a833993996
../foodsg-233\Chocolate\3LH2SBSYQ189HINGF9KGM7J1.jpg,Chocolate,all,3e5e400580a1d3125d3877f4464199be,bb9fe568d440c4b1
../foodsg-233\Chocolate\Z67486UZ5S62FOFORXDYDFQ3.jpg,Chocolate,all,a493fdcce9bb88d4984963c08acd783d,bb9fe568d440c4b1
../foodsg-233\muesli\OMPEPCSUFQ2PVY0XHZIN0OEA.jpg,muesli,all,6280bd8083a538450283edfd4a8e50d6,bba4c09287c2de6d
../foodsg-233\muesli\8U27XW3F56E42NJV46PG0JA5.jpg,muesli,all,d0a8a06938e0929bbf1b992e06849ca8,bba4c09287c2de6d
../foodsg-233\bee hoon\MCDQ2GYOH1847J9RPAWBFPMQ.jpg,bee hoon,all,660f12d6be0a5715f7e3eb230fbe38ef,bba5e6c1a00dc53e
../foodsg-233\vegetarian bee hoon\7METUZ5CR6M3ZJ8K7J1ZNUGQ.jpg,vegetarian bee hoon,all,4d2f45aaa011e9ca5feb08b109885436,bba5e6c1a00dc53e
../foodsg-233\mixed vegetables\G2CF8YXZKETGPATZH9BHAL6N.jpg,mixed vegetables,all,cca81f48f2173525ec3a7f420d16b00e,bba798f842470b4e
../foodsg-233\mixed vegetables\BP7WQUXQBGGCR034L3VGVT5L.jpg,mixed vegetables,all,2787eeb04ab5b73da8610df83a7afc84,bba798f842470b4e
../foodsg-233\Kway Teow\7SEVQ5XSHTEK05XFR1C44S8X.jpg,Kway Teow,all,0aa314817fb483e28022bb1ea84a4a75,bbade118c82eb6a4
../foodsg-233\Kway Teow\M3GXJOVOZZNOLLDXV18JWJEY.jpg,Kway Teow,all,b622b2f1f7e47888e4f37032f3eb915f,bbade118c82eb6a4
"../foodsg-233\Bee hoon, soto\8E27RGUPX4OTFRP9AH9UQSUF.jpg","Bee hoon, soto",all,e9d5d7cc6e5b38ce330e9989bf9fbc4c,bbb3b4c0d1c3c09e
../foodsg-233\fried prawn\JGOI56HAYEZ8G21NS3VPSEPV.jpg,fried prawn,all,6afe7cfb13e9f25cef7ff81896521d46,bbb891844ccea7c6
../foodsg-233\fried prawn\TH7KYGZ9HV8B7K5IRBCJVJQP.jpg,fried prawn,all,38c24633bc5e194678655301496319d7,bbb891844ccea7c6
"../foodsg-233\Chap chye, Nonya\FV6CXMQ1JWFRQ44J9V409MQX.jpg","Chap chye, Nonya",all,4f5ffb3bb4817012c9cd568b1d6084d4,bbc0810dd76ed235
../foodsg-233\Lontong with sayur lodeh\DXWY6MW9M9H2BXEMNV9ZIWGG.jpg,Lontong with sayur lodeh,all,49b4561477b72e313d5c076432fad3b9,bbc0810dd76ed235
../foodsg-233\cherries\9MLH9I34BCKYUFP8CZXJBGZ5.jpg,cherries,all,3dd038836198e487cbb01b0b1b02c760,bbc0cd2f926dcc30
../foodsg-233\cherries\FE8BI1K1PDKRVL9GX08V48Q7.jpg,cherries,all,fc6c2550ef36e890bcefe4d5125ca305,bbc0cd2f926dcc30
../foodsg-233\chwee kueh\HG3GTT30PTVPWO4OWPO5Y7RO.jpg,chwee kueh,all,c051ff669398bcaba8861e268a577bbb,bbc1b599c61c4e64
../foodsg-233\chwee kueh\6CZ11RLMAREYHQAMYVN289YG.jpg,chwee kueh,all,551836796912b3e9f361738e0d55735f,bbc1b599c61c4e64
../foodsg-233\tutu kueh\MEJMF7S7SCVWJF0HOQ9W22U6.jpg,tutu kueh,all,5b3666cfd7a88e9012b241a1f22ce9b3,bbc4b723cc1cd03c
../foodsg-233\tutu kueh\CUSXKOXUX56BDBMXZV7HF3ET.jpg,tutu kueh,all,d632b09a897b1c007f0bc2099cca8dfb,bbc4b723cc1cd03c
../foodsg-233\pitaya\KVRVYDJ2Q07R9AXYRZ8E5EZE.jpg,pitaya,all,74ee383b4b727a04163c98dc1b5f5c22,bbc4cc31917ec469
../foodsg-233\pitaya\ZHVNFSD7APJBMLQIVWAW5653.jpg,pitaya,all,47dba7f889bd5787568484eec4acde2e,bbc4cc31917ec469
../foodsg-233\Chinese fritters\EQ0LV21C2NDYO1DDSRXYK094.jpg,Chinese fritters,all,4ffa61fb6890b43bccdd46893b6f33da,bbc9ce2070851f3e
../foodsg-233\Chinese fritters\AMO4OGZ744UG3BJATR87CHN7.jpg,Chinese fritters,all,ed9d3d41ac275644efe7581517699b2b,bbc9ce2070851f3e
../foodsg-233\chwee kueh\UO1GQ6LYXA254LM84OSG3G8J.jpg,chwee kueh,all,f915abe36637d5405115814ef0201432,bbcbcc604c33724d
../foodsg-233\chwee kueh\NL3ALL02SLMKZZRAKBAYVM95.jpg,chwee kueh,all,da1cfbf35112bde937f7684dc0bc29aa,bbcbcc604c33724d
../foodsg-233\banana\5ISS33B8YM0RGYLFLG26ETUA.jpg,banana,all,9d8096a1d9482e47d255340cfacf0b77,bbcc16e98f30cd22
../foodsg-233\banana\SNVVF7Y65W5JH8QUBIRXBTF0.jpg,banana,all,7d9477e1020a6c86fc5de28a63a501fc,bbcc16e98f30cd22
../foodsg-233\Fish and chips\4A06GSN0BBNPT640CYWUHHF5.jpg,Fish and chips,all,621026cfd760719a25dd0aaec566a881,bbcca502d52d8e53
../foodsg-233\Fish and chips\A8H7G62Z5MQRRJ7MSR8D8R6O.jpg,Fish and chips,all,248d6829122b6ed958450cc2d59337ee,bbcca502d52d8e53
../foodsg-233\hokkien prawn mee\5S8UAZL9J7HJJQE4TBGIFWK1.jpg,hokkien prawn mee,all,29bf0c6c3560285a0ce3cc35b8fcb7da,bbccc13f1ce2c132
../foodsg-233\Kway Teow\W1UJICDKW2T9LYGU9Q3IHMYW.jpg,Kway Teow,all,092c38e8a6e00c45f55b17a79503748a,bbcde400860fd99d
../foodsg-233\Kway Teow\IV49M1FAOXQQ2818IPK76YPV.jpg,Kway Teow,all,fbf35e9fc2cd8dc8655db032e8ffd16a,bbcde400860fd99d
../foodsg-233\Mee rebus\NHNDEH0NX87U3XFOVMOM5OXH.jpg,Mee rebus,all,09968e69c4aa1a9ca679ed361f6e5f1e,bbcec43092c6cf86
../foodsg-233\Mee bandung\HZWTWZU4N9WWQITGSYP729GZ.jpg,Mee bandung,all,39067b640fc287c85a427465566e643b,bbcec43092c6cf86
../foodsg-233\Seafood Noodles Soup\NXKEL2Z4T691IXTZWHXXB72J.jpg,Seafood Noodles Soup,all,3e72a6faf32adace6b7fb80e447f42e2,bbd0dcc03b6a9926
../foodsg-233\bee hoon\9IJ7MNO7IIE05PW56OSVHBAG.jpg,bee hoon,all,40ba181dc9bfb6e2d8f9eda9031aff56,bbd2f7022c3e91b0
../foodsg-233\vegetarian bee hoon\7TV0MZ5QZ9MTZT09WDT2MQIE.jpg,vegetarian bee hoon,all,f0d32d5a1b830ea62c65dbbe0c0d939c,bbd2f7022c3e91b0
../foodsg-233\vegetarian bee hoon\P3MU462FRVJ9KXACG4Q8WZ99.jpg,vegetarian bee hoon,all,9efc53330e74ce1c37af467cb2801fa5,bbd3e44784469387
"../foodsg-233\Bee hoon, goreng\4R1MVZPOUACT0TC24DLGZ7A0.jpg","Bee hoon, goreng",all,6bf04d8964f922d8b7b0dcaa54adb469,bbd3e44784469387
../foodsg-233\hokkien prawn mee\QRJTGJCYXL7Y1VR0AP1LCOIL.jpg,hokkien prawn mee,all,114b241d7aa2dbde8623826d0d451787,bbd4528b088f4de5
"../foodsg-233\Bee hoon, goreng\NDNF8D3G90355E4N5DE5I6IK.jpg","Bee hoon, goreng",all,1697200f0af00753ebadb5c2a6aaaf33,bbd4528b088f4de5
../foodsg-233\Grapefruit\7ATIIU8GEMDTYKCSC6KJH15J.jpg,Grapefruit,all,e25fad20606acdcde1aebfcc49c69191,bbe0d01b4f34ea1c
../foodsg-233\Grapefruit\K8S80NB36YGOY2UOA482A2JD.jpg,Grapefruit,all,98858aefb74b263af63f3d0694541af0,bbe0d01b4f34ea1c
../foodsg-233\begedil\4CZ0KT0WNMQ5UQIK0I3A1HVY.jpg,begedil,all,ad9e48b1656f808c47f4320959028477,bbe194c66329ad16
../foodsg-233\begedil\6AG8YEIGZ7X5PH492SEV0X93.jpg,begedil,all,99e50227478bcc4e79a9122459f81eae,bbe194c66329ad16
../foodsg-233\lychee\QC40180EXDTESKNLYRVCH4F4.jpg,lychee,all,018412016edc962ed55ca9d6becf4efb,bbe7d490d22b4d18
../foodsg-233\lychee\ZZKT6YP133TVO8CMGF209TKA.jpg,lychee,all,ac8f60bf7d762bd72d85e4c353fb1961,bbe7d490d22b4d18
../foodsg-233\Kway Teow\YODXHGNVUEJKXJ7LPLP03CRE.jpg,Kway Teow,all,966c16d53c700cde815d514178e69da8,bbeb7e1e0f12c0c0
../foodsg-233\Kway Teow\297VMCNCY6CMDHBP4C4SFBF2.jpg,Kway Teow,all,1dde709542ecd39a157f54bc177bbd6d,bbeb7e1e0f12c0c0
../foodsg-233\cheng tng\APRUL87W2KV4HEQ6Q2Q2BP46.jpg,cheng tng,all,4b3f0fbb961d4b2700807694d9c98351,bbf5ec84d329c181
../foodsg-233\cheng tng\7S3HONQPHZ18MNVS0QZUX0A9.jpg,cheng tng,all,7338256557ff4876944d806ee2a0bbed,bbf5ec84d329c181
../foodsg-233\rojak\H7U6Y2C7Z7QGA3FRGN4G1NEW.jpg,rojak,all,38d34183b5a2f6cd039fcb9c7c3e56b0,bbf6e1d0ecc8a40a
../foodsg-233\rojak\UWXLE9S4BVDGI0P1WI3EGP6T.jpg,rojak,all,28e50e37a8c8bfc5fd5be119606995e4,bbf6e1d0ecc8a40a
../foodsg-233\satay bee hoon\8NCVFB84MK68GBNF4MZILDZZ.jpg,satay bee hoon,all,7c5829c339b5cc8556bdd63ce2dc567b,bbf7e468c1258037
../foodsg-233\black pepper crab\I3JTBAJBHA34O8W0LKJX0IF8.jpg,black pepper crab,all,471d4d86090ef5e05be8b041d6c876b8,bbfca110cf8078b9
../foodsg-233\black pepper crab\9Q6133V1UX7BX9ZY6565UDKZ.jpg,black pepper crab,all,a532916d0b5700c67f4f1a83778bb699,bbfca110cf8078b9
../foodsg-233\whole wheat\54LNG6KI9MXV34R383XJJMBS.jpg,whole wheat,all,dc8ea733544f3e50fca82e34770a1bc6,bbff9640b0c82653
../foodsg-233\whole grain bread\NVR4GQM6IQD4W1F5A10DVTXG.jpg,whole grain bread,all,2e614b652884bfcfec99b3a2ad1b98e4,bbff9640b0c82653
"../foodsg-233\Bee hoon, goreng\1XOSG6EX6SU0WZCZKX6WNRSZ.jpg","Bee hoon, goreng",all,116d6643f451bac4f3b08f42254984a3,bc0aecacc237b0f2
../foodsg-233\Mee goreng\C94A4FSGEB8HC080PFK5VEEN.jpg,Mee goreng,all,6073db953600dbdd7b1f6e681a831402,bc0aecacc237b0f2
../foodsg-233\chicken pie\DOLLUVXLEYXBUZMTTXNI0796.jpg,chicken pie,all,3df5d974e2678eefc3086f77f21beea1,bc1e910616f0ef96
../foodsg-233\chicken pie\16B9ALTINA2GIEXEN481A7YI.jpg,chicken pie,all,dc62e0d0781634e76cf09228654e0341,bc1e910616f0ef96
../foodsg-233\lontong\NW4R74EB69UP414S3DWQA19Y.jpg,lontong,all,e02432014f4ab9002abc216a84388e43,bc1fcb7e3f242480
../foodsg-233\lontong\4YL1MX9RK86OU5VP5JPL690D.jpg,lontong,all,73f04f6a4b5f721b7e1ac8a6f86dea18,bc1fcb7e3f242480
../foodsg-233\canned Fruit salad\8NEOMZRDC4IDP4VLSH2SUJX6.jpg,canned Fruit salad,all,dcd80cb1e6d2319d62f98ebd15d30e1a,bc24c3cbcb329a69
../foodsg-233\canned Fruit salad\N8RHIVGP7OG4I7V6W8CJASZE.jpg,canned Fruit salad,all,2d49828cc6564f4d3ba3c91e2b361484,bc24c3cbcb329a69
../foodsg-233\Chocolate\EXYVAMKP7AECX5D6F4513JCH.jpg,Chocolate,all,ba54366482a1c3a35863e99e12e93ee5,bc2ccb3dc233d2c2
../foodsg-233\Chocolate\NU6W2TUBZO5WL7EAG6M5J3W5.jpg,Chocolate,all,5262c91e6fd906f29deae2c1be914eeb,bc2ccb3dc233d2c2
../foodsg-233\yong tau foo\T2UWT0P7RFP61SMWTFVZHI4Y.jpg,yong tau foo,all,4eaa512f0d10e020dd44259ab052ec13,bc3cc1c09ec6cc6d
../foodsg-233\yong tau foo\7XYLXC3NQ6XH3L3D1UCAN2G8.jpg,yong tau foo,all,8188d085f3c29417e7a9e779471e9612,bc3cc1c09ec6cc6d
../foodsg-233\fish head curry\5IPQN4RRL0YZ5AGGMUQBHFOW.jpg,fish head curry,all,9ddba4bdbd8c2039780713db3bf50d75,bc40c65fd60cd3e4
../foodsg-233\fish head curry\6WVW3U8GOZJ0JKSVC8QO4APC.jpg,fish head curry,all,aa50f94de38a9933f828bd6129987209,bc40c65fd60cd3e4
../foodsg-233\Kway Teow\KEYZLZRQHABN2AERW3KENO1W.jpg,Kway Teow,all,2b6663219571bfee6e7e1a56bdb5577a,bc41053f4a7a87f1
../foodsg-233\Kway Teow\6Z2JU26WNWT12MDSJIGXM2IW.jpg,Kway Teow,all,b34411bf3e360801a9b7c8e76885033a,bc41053f4a7a87f1
../foodsg-233\rock melon\DAOEUHG7LC53DN4164V2SFPN.jpg,rock melon,all,9c222a34f19c3fb520b0cab3a5d3bda3,bc56534a66d96385
../foodsg-233\rock melon\6SAYDMEVGK9K319N0IWMX04H.jpg,rock melon,all,52bb9e7bceb43112c47478f9e2bafe2b,bc56534a66d96385
"../foodsg-233\Miso ramen, with fishcake\7P5EEASGDXURC2OKD3EYPLZS.jpg","Miso ramen, with fishcake",all,96617efbba42c541932df5ce1010687d,bc5c53e3c9af0449
"../foodsg-233\Miso ramen, with fishcake\BE4IYPBRZTGFH545VBG4Q395.jpg","Miso ramen, with fishcake",all,ba640a8ca8cbd56c429a0d96762b17f4,bc5c53e3c9af0449
../foodsg-233\banana\T2AEBMEIFTE2ALNA68R7HFJF.jpg,banana,all,d1a45cd9eab9e5d7dca82e64f9feb73f,bc63d19d8d3126cc
../foodsg-233\banana\2O3DSDXGQPWZ4MHJ9LNG0QZN.jpg,banana,all,911070a81a43f17546413c305b0f757d,bc63d19d8d3126cc
../foodsg-233\drunken prawn\TT15CU69YOSYMBTOU6CX2Z9V.jpg,drunken prawn,all,b51c1fe81f648586bea6ba839a493d2e,bc760bb9b4225789
../foodsg-233\drunken prawn\GPRC4YS8BH4P9Y3S26WN2OJV.jpg,drunken prawn,all,84fa36d1ee4d1082232e850d0637446f,bc760bb9b4225789
../foodsg-233\chicken masala\4FJD3XCV919DE750Z3KN3J7I.jpg,chicken masala,all,fd147c00657beafa95182351c310e52c,bc842cb4765574ae
../foodsg-233\chicken masala\O2QMXKV8F5XHHVJ8O64LJOG5.jpg,chicken masala,all,9d870dfd6af84f44c677a5e7c33d0363,bc842cb4765574ae
../foodsg-233\Nasi pattaya\RJDSZJYPBRFCMJI6KUPMFEEY.jpg,Nasi pattaya,all,ce011dfa71c2319018a5ddfaeb900b3f,bc85844b6f444f5e
../foodsg-233\Nasi pattaya\UH0B1S7MEMZ8283S0NS6RGVN.jpg,Nasi pattaya,all,923abc53a3560604a27245feb669bda2,bc85844b6f444f5e
../foodsg-233\drunken prawn\5DI50XE060B4DPZRRE101PHD.jpg,drunken prawn,all,e0eb644f0fd7d16f8f9526f9988392cf,bc8ef7b8c065ca90
../foodsg-233\drunken prawn\BE23LBK2KWZIEREPYNRUMELV.jpg,drunken prawn,all,7496f27dacf18b16eb0760e1e605b7df,bc8ef7b8c065ca90
../foodsg-233\drunken prawn\MLKEFQJ08U2KXAEULL4ULZ00.jpg,drunken prawn,all,b00d9069a10328c2b4ea1e7473fec7e4,bc8ef7b8c065ca90
../foodsg-233\biscuit\C8FOF8GE7EWR6ISPOWN22YP0.jpg,biscuit,all,3b1e0f3503bcda23a7aa78959747a403,bc90c36f3c916b26
../foodsg-233\biscuit\OSWMBJAJT7KBQA6TBN02NA7A.jpg,biscuit,all,242189bc5267ecdf4017927803ebe5bf,bc90c36f3c916b26
../foodsg-233\hokkien prawn mee\R4RWIQ7WJW5901PL7HSO0J13.jpg,hokkien prawn mee,all,a97d7239dd79cd02eeff35b238ad4b67,bc91c756c07c1f61
../foodsg-233\Prawn Noodle\7V85MPW4YNZQAQAQHFJOIH4N.jpg,Prawn Noodle,all,2505bf9c0d5ceeb7583ab9969c83499b,bc91c756c07c1f61
../foodsg-233\cheng tng\OAPBD87E812X21VDG8V6Y55C.jpg,cheng tng,all,a49f9f59ad7b804cb637d98ad4f8cd84,bc9487e99c23319e
../foodsg-233\cheng tng\ZUE2FFFO8A724V2FRY2QQ1B8.jpg,cheng tng,all,92bbc20ead14947bc8c956a26dde0d05,bc9487e99c23319e
"../foodsg-233\Miso ramen, with fishcake\3OG3U2XZ7KG5NN0HB9FJNLY2.jpg","Miso ramen, with fishcake",all,947ec645dfeb7144eefbd68ac9d84f6b,bc96c639c7619364
../foodsg-233\miso soup\E51CUG9YRNL6B05UP6NY67QA.jpg,miso soup,all,d75083e7971e3c3ec6974a5e0db0a18c,bc96c639c7619364
"../foodsg-233\Miso ramen, with fishcake\U9NLZL4SS2XEKITDEVG559QK.jpg","Miso ramen, with fishcake",all,baf0044847be94930d818d3fd01a747d,bc96c639c7619364
../foodsg-233\banana\FFRV6CCXPFIKM6K75TKI279U.jpg,banana,all,9234f4194e2a9f30623bb3fc6a715640,bc98c063c7a71e99
../foodsg-233\banana\478Y0P307DYIH07CNUX9FPQO.jpg,banana,all,b37c7c1cd440266d2aa4e633f60d2669,bc98c063c7a71e99
../foodsg-233\raspberry\3BMJSMNU6U7BDHFXR8D7DCNZ.jpg,raspberry,all,56363cd32c851877fa69fe942b85bfa7,bc98d2e2c36d932a
../foodsg-233\blueberries\OVQOO70YMVTIZGMG6N612612.jpg,blueberries,all,ed8b769dbf93e623580c9cf52c038534,bc98d2e2c36d932a
../foodsg-233\hokkien prawn mee\DS811VGHR3TTP0E18UNHB960.jpg,hokkien prawn mee,all,a32b2bbef1ffac22774d8820aaf8af63,bc9eb468c1c387c3
../foodsg-233\hokkien prawn mee\HX49TQW90E30MTCHL41XJ79I.jpg,hokkien prawn mee,all,1f8e3d4290f1638f2481f8dcfd2ec196,bc9eb468c1c387c3
../foodsg-233\rock melon\XHKI1FWWLCJO076N51B4JKO5.jpg,rock melon,all,3f3836ef984fca64486243812ebf36f2,bc9ed249930dce26
../foodsg-233\rock melon\VOUHZ7S5CN2HQRUU7NMCOU96.jpg,rock melon,all,021bb064c85a4d3baa233819ff04cb0f,bc9ed249930dce26
../foodsg-233\chai tow kuay\Q8FR6H7SP34OIO2OQ1PI48ME.jpg,chai tow kuay,all,30b92635e078bd5624e21af5c3cce5a5,bca9d20cc9774731
../foodsg-233\Kway Teow\BS8PY5UY06DCZL44KW3PN2RZ.jpg,Kway Teow,all,73ede641c91559dd6114df0c0bd446ab,bca9d20cc9774731
../foodsg-233\gulai daun ubi\P67KJZV72CNXQL5REX5JBJAT.jpg,gulai daun ubi,all,5b289d14d5073c00527f969fe6d112ba,bcbdc0f38b4c047a
../foodsg-233\gulai daun ubi\4BTYQ81F6MHTA4M9JCKZM60X.jpg,gulai daun ubi,all,b811ffbb3555291b7c3b7cb12fd4a1df,bcbdc0f38b4c047a
../foodsg-233\strawberry\5V1PX4EZGZ9VSWU6DI43RAGW.jpg,strawberry,all,e7f6762945d59b11c009734feed2c729,bcc0932fcb34c93a
../foodsg-233\strawberry\59XGY8LAY1ICILT93URU1R3N.jpg,strawberry,all,6d4743be706a662247b91df5c2e3bd69,bcc0932fcb34c93a
../foodsg-233\rambutan\KIDJJEOQRTBP5L7S6ADH6LIN.jpg,rambutan,all,a0050fcb2caa2c33bc90ed07e9cd3f8a,bcc0d66bd23ccb30
../foodsg-233\rambutan\6EVEEHMWTT3IGLC3FLM6Q0RA.jpg,rambutan,all,9bfb6f611f54d5806296ef4c70a1321a,bcc0d66bd23ccb30
../foodsg-233\ice kacang\H4CNYHYCZTW7SPJWG5NA57X9.jpg,ice kacang,all,097d362f8a3b84ddaf4c20affbb646bf,bcc31be6c11ec136
../foodsg-233\ice kacang\ZI1JMXGLHKXSFQP0UV3766HA.jpg,ice kacang,all,4da81fa0051d51fe7edb1598e7f11b68,bcc31be6c11ec136
../foodsg-233\chai tow kuay\5VF9NAJVUNC3LI50BSTUSGJ9.jpg,chai tow kuay,all,da8e42494cd3a0f22143a0d3605d7bb9,bcc390e99633871d
../foodsg-233\chai tow kuay\Q2BLXYPBFSEMGDWHT0ZHF82L.jpg,chai tow kuay,all,56b4a459a0d32cbc1cceeeb1ec6fd6ad,bcc390e99633871d
../foodsg-233\pancake\2W6AOZ6GIDR235MH3IF5AI6J.jpg,pancake,all,80864d3516b188bdc56ee282db010899,bcc3c3389e344be1
../foodsg-233\pancake\0ZCOILFU1EQ3Y1RI0P585433.jpg,pancake,all,6c291fa5de1d82768dadf1783fd11f7c,bcc3c3389e344be1
../foodsg-233\mango pudding\9LVJQ9147VKY6NHS3HCRZJIL.jpg,mango pudding,all,7cad979159e5a2b1371729774ab46d24,bcc4c36bc5304eb5
../foodsg-233\mango pudding\NKC7HEJAD1UI8GHR50G9U7O5.jpg,mango pudding,all,a0b6ef99daf2f943c4e8b6971c017b16,bcc4c36bc5304eb5
../foodsg-233\mangosteen\B5Q5JZENXW0PJFXTLSU1D52G.jpg,mangosteen,all,8c6469bc05b81cc7f6554860c835dad1,bcc4c413936c1fcd
../foodsg-233\mangosteen\IJ1W1QFZ5P6SPEQYOCKL4PRE.jpg,mangosteen,all,74358586a32969448a027eea1eb1e926,bcc4c413936c1fcd
../foodsg-233\seaweed snack\T9DQN5WHBRPY20RRXRM2N4MD.jpg,seaweed snack,all,e719c9d23bac0297287a99e351bffcaf,bccbcb2c9230cd99
../foodsg-233\seaweed snack\VTMC0CMNCDVWZ5697VAK0Y5F.jpg,seaweed snack,all,75fda8ee170f472e55b9572bd5148174,bccbcb2c9230cd99
../foodsg-233\Nasi Ambeng\QOL9A7NFT541R9TXU10MS9D0.jpg,Nasi Ambeng,all,998cad22b18fbfc67dc52939fc5a79ab,bccc9435ca70cb72
../foodsg-233\Nasi Ambeng\HDL1XUG69YML9RWV7N9AK66L.jpg,Nasi Ambeng,all,9e5552183bb74e51e0d4f5606a24fadf,bccc9435ca70cb72
../foodsg-233\ice kacang\7AH0ELKLBF9D2824K8LO7G9Y.jpg,ice kacang,all,a6aa631319604802c6b7ec9b37da1140,bccc96a3a149c93d
../foodsg-233\ice kacang\EQW8SD47JE3BR0ZKJ5YIDOXF.jpg,ice kacang,all,77d14d25f2aaef36876f090b461160ec,bccc96a3a149c93d
../foodsg-233\chwee kueh\PGFQRPGWAANQES9419G1W4Y5.jpg,chwee kueh,all,40cb494b98ef8ac133f65280c3351d79,bccff080869827db
../foodsg-233\chwee kueh\8X0LQ7DJP8RGJ87OK1WCRLNP.jpg,chwee kueh,all,aadab069a16a1e07a7a9f3491e7b7ac4,bccff080869827db
../foodsg-233\tortilla - plain\E4LXQXQY6J12Y95QM53T5XRD.jpg,tortilla - plain,all,477c3cf87679f66f3d44cd494cdaea81,bcd0c327dc38e994
../foodsg-233\Wholegrain Wrap\N441P2FBP9X46AT0B9L62V9J.jpg,Wholegrain Wrap,all,59764cca9112e9529e4fc684385701c3,bcd0c327dc38e994
../foodsg-233\kuih bahulu\6I7LNQKND2BT5GLHUH8GTK9F.jpg,kuih bahulu,all,621800516bd60b49841dcb8e5f9f6bf8,bcd2cb8cc60cf833
../foodsg-233\kuih bahulu\U148TK2ZTQ07RIGVRB0PP9X2.jpg,kuih bahulu,all,b7ac51beef9e1b80bdd35946fc44d45f,bcd2cb8cc60cf833
../foodsg-233\char siew pau\VOHTWKWYCFNRJGNGL77B9ERM.jpg,char siew pau,all,cf9e7a3be9b0ede0b70485edc37ba6d8,bcd34b8731997149
../foodsg-233\steamed buns\GK8ZK9XJKKOLAO0Q13HVQTMN.jpg,steamed buns,all,6967cd95ce704bf173f9c8ef17b16154,bcd34b8731997149
../foodsg-233\pancake\NAKEKGEXSY9OZVPTHI8ODJ10.jpg,pancake,all,951c9b3ababc2f9f4b0f777d7880c75d,bcd3e802479f28f8
../foodsg-233\pancake\F3WRBSAZ81AMA4A2IJ7ZRIPF.jpg,pancake,all,fd481564df27185eeb7d9fab1fbef803,bcd3e802479f28f8
../foodsg-233\kueh lapis baked\4RVV4HMROMCOYLPBVQVLWHAB.jpg,kueh lapis baked,all,3f388091c1cecba90999b55d72df1088,bcdac1641ecd65d0
../foodsg-233\kueh lapis baked\YCVIB4DVB2J49BDREK9DR0Z4.jpg,kueh lapis baked,all,e80f1d6221f3fb30efe88594235bd362,bcdac1641ecd65d0
../foodsg-233\rock melon\J8NMB5GDFRPVTWFNHYGIMOFJ.jpg,rock melon,all,2f7d3f6540ce1c6c585ad3a2377fafd8,bce09797c27e8831
../foodsg-233\rock melon\SY7I3R8N26BXTXSB2L54ND1E.jpg,rock melon,all,5f2a2c95c9741696c965a17d62f09f25,bce09797c27e8831
../foodsg-233\lamb chops\4X7MS5AZ71DAB9E0281A9280.jpg,lamb chops,all,dfd5786d63a0aaa7922b6027d4033852,bce1c736684ca1ba
../foodsg-233\lamb chops\NIB6LYX4QXSXMKIYWIW657I6.jpg,lamb chops,all,c6009ce31609b78072132b45206ced63,bce1c736684ca1ba
../foodsg-233\thunder tea rice\L1ONF1EXDQZKOLM80YP00AYN.jpg,thunder tea rice,all,94d4084d0f7081e10b9c25fac02ac03e,bcf2c00c9f733790
../foodsg-233\thunder tea rice\4OR547TEJO7HQKD778V7GQZC.jpg,thunder tea rice,all,13ac68a3aadfe45f53337e074ab8cd4e,bcf2c00c9f733790
../foodsg-233\Prawn Noodle\OKLASJW200QWKRK9I5NLMUGU.jpg,Prawn Noodle,all,019758b9a7bbd4f53a3c2f52d913289b,bcf343a55c97b810
../foodsg-233\Mee kuah\YR88ENY4QNNOU4ZI6Z1HIBA9.jpg,Mee kuah,all,6b9df7abe68b8a60d5bf5718a59381c1,bcf343a55c97b810
../foodsg-233\Fried Noodles\1UR5W310LFQ0HPTNMNKF2OEL.jpg,Fried Noodles,all,764669c2c75bedcb8525bfe75480d088,bd15c0460bfe4d3a
../foodsg-233\Mee goreng\FG608SCHN55VFRZXICD4UCPA.jpg,Mee goreng,all,62f02f53fafbe3397ed13f7363ce3ba2,bd15c0460bfe4d3a
../foodsg-233\gulai daun ubi\GAHGC8WHU89G5KU3147UM0RO.jpg,gulai daun ubi,all,6bb80e3853788eb33f95b0dff894dc39,bd1dcccf45521613
../foodsg-233\gulai daun ubi\ED20OGNYFAKQVDQA5LLIZ2ZC.jpg,gulai daun ubi,all,2453fd192fd545648a0674bd93d71d01,bd1dcccf45521613
../foodsg-233\fried prawn\FIDD3AUGDPZ9MQ5S4KXFKUBQ.jpg,fried prawn,all,f5294a6224f1df664869e7904c7fd953,bd29c01f90963f78
../foodsg-233\drunken prawn\5TPIN73V4WSJWA2NEP5MR60N.jpg,drunken prawn,all,b3e88cfbacdc8065044b6d6e5cd81ae0,bd29c01f90963f78
../foodsg-233\Seafood Noodles Soup\MRS4MPYZCJPEJMTE2101ZG5A.jpg,Seafood Noodles Soup,all,f44cf356d39f2fa562e46a63f317cc5c,bd42ca898366ab9b
../foodsg-233\sliced fish soup\QG0N0A8R0JILDA2IF7LQKVVR.jpg,sliced fish soup,all,c41717c94b3bb0db2968e01df1c1cb6b,bd42ca898366ab9b
../foodsg-233\french fries\V204E5RWQI97EQSEKJK2OQ1E.jpg,french fries,all,8aa0bd8575479c4ce4029bce6f3bb38f,bd5bd52bc210426f
../foodsg-233\french fries\76CODRXA82VUF5PR4OGJ6DDS.jpg,french fries,all,7657ec6c77987dfdd9c6d26eabcc3ba1,bd5bd52bc210426f
../foodsg-233\lychee\FEVJ9JQ7G51R017MCM0GXV0F.jpg,lychee,all,e290d8dcfeac6f50f220792339a93f17,bd69c0b783b0a693
../foodsg-233\lychee\CJ98ZPA3FLJ5GO0BECZJ9QKP.jpg,lychee,all,f26464455dec38a736ab97a94ed96362,bd69c0b783b0a693
../foodsg-233\bak chor mee\G0SEILG9TEKIUA2FX1KKK7MA.jpg,bak chor mee,all,16eb5625220125b233ffdc9cf210f337,bd82c2a4d759ca69
../foodsg-233\mee pok\9WKCYZQMBKFVYDZ3IKK16V7A.jpg,mee pok,all,9b01ef0011958c731ed18f79b2468d23,bd82c2a4d759ca69
../foodsg-233\dumpling\4HT9QAT5U5EYR1SC20VML010.jpg,dumpling,all,a9826bb056781ff639eba9977bb418ad,bd8343e03efc4a23
../foodsg-233\dumpling\WOCNJR2513DY6PTIBSHKNZMC.jpg,dumpling,all,201b46fce2e538f7e262ff08d9a375d5,bd8343e03efc4a23
../foodsg-233\Peanut Pancake\QD7MRNBZU55HMCEIFLN4UF7J.jpg,Peanut Pancake,all,18b46cb78acce97a8799b0e2cb36e5e0,bd83c2319a3e9a63
../foodsg-233\Peanut Pancake\R9AIYYG30MKO42B31I2RPBJ3.jpg,Peanut Pancake,all,72dca022a9e66ef4d5283ac2cd548cf4,bd83c2319a3e9a63
../foodsg-233\begedil\6F40YVR9PVRPCLRHZ6ZYBEO2.jpg,begedil,all,35b6840082233d470e5bac21dda47d72,bd8ad13c436ad525
../foodsg-233\meatball\VZMMOUHDXQORUSRAZE8I607V.jpg,meatball,all,9cda767e901a575d0961d8ced2997547,bd8ad13c436ad525
../foodsg-233\rock melon\6DZREDY7E82IQI28RO0ZV4ZD.jpg,rock melon,all,5227be43528059f47ad5cabe53f30ea5,bd9092cbcf651d30
../foodsg-233\rock melon\2RU0IMWW9YUNSIW7X6RQQUJ8.jpg,rock melon,all,1bc6b9909cb98bfb19c55ad47894d8f7,bd9092cbcf651d30
"../foodsg-233\Rice, korean bulgogi beef\NBDKTR5RPU6IGH8NQUTU29F4.jpg","Rice, korean bulgogi beef",all,15097835aaa5f8264b4b44b1d51a06d2,bd90d587570a9a2d
"../foodsg-233\Rice, with dakgalbi\FTS3UR0QCB5KWUT763L5KRHW.jpg","Rice, with dakgalbi",all,715b56f23abe40da15c5a7012f734c4f,bd90d587570a9a2d
../foodsg-233\char siew\K2T64QL37CCEIXBROCQWQXU5.jpg,char siew,all,dcd35e5689e4fdeb02c71c6d24f8956f,bd92c06987256f36
../foodsg-233\char siew\MZYMGKQS7CCCR1MZ7MMXHGY2.jpg,char siew,all,6f2b177f4784b11ad1ba09f469e45a31,bd92c06987256f36
../foodsg-233\rock melon\94UEB6KZZKB3DJHLRICLHOTZ.jpg,rock melon,all,48993293bf65ce4fc992f107cb5ff292,bd92c40ee3399c63
../foodsg-233\rock melon\J5O73OJE1PCM9EDIKBKY9GJ3.jpg,rock melon,all,af66f473683aafad5bae47e8df9e3321,bd92c40ee3399c63
../foodsg-233\pear\8P2RUPAFIRGSN0J35K7KF7KS.jpg,pear,all,695e175cc6b01974d5c02e4c43005d20,bd9fc61cc4e0c0e3
../foodsg-233\pear\UW1UBGT9FCVASYXBUBN01HXY.jpg,pear,all,be8f080682c4befa69de20819557c3e7,bd9fc61cc4e0c0e3
../foodsg-233\sausage rolls\SKY46LJ8YB0YU5Z1DT0A2CQN.jpg,sausage rolls,all,6b4e32c7d258822cbdd9ebfcc4826137,bda3de8dc385b120
../foodsg-233\sausage rolls\ZTRXUA8NZNSWCP3XFBP29U3R.jpg,sausage rolls,all,0ee3afee3dffee58418be813916a377a,bda3de8dc385b120
../foodsg-233\bak kwa\MC9ZVL5N2C8QLK0TUEWN5MNA.jpg,bak kwa,all,a92e4a4ab715e761321e367d7b13fc40,bda7d078c3094bac
../foodsg-233\bak kwa\2PAAGYQWC06000HDVBPPYO7H.jpg,bak kwa,all,7d5773054ae53ecd9d365289a219b693,bda7d078c3094bac
../foodsg-233\kueh lapis - rainbow\Q5GPR1WENO7OMGI1XH7ZGU0S.jpg,kueh lapis - rainbow,all,bdb4c928b2c8f1c877d588373f84c725,bda9907cc8e0c8de
../foodsg-233\kueh lapis - rainbow\4A8LQZSGAU5BZ38ECSOG3Y1T.jpg,kueh lapis - rainbow,all,61bb0ee52bab2391693c8e4f9cc5876a,bda9907cc8e0c8de
../foodsg-233\sambal\SNIC6FH6QG1Y4MTC3SFJNOR3.jpg,sambal,all,65c2d7f8589e0b1fd8d38083fe8dfe84,bdac02812f07357f
../foodsg-233\sambal\MRY5E4DSMS8V029H5T5WU692.jpg,sambal,all,f50297cbd73d2397d7babf5936963177,bdac02812f07357f
../foodsg-233\char siew pau\QE9EJWCBMPIZIPBBZ7XZ2RW5.jpg,char siew pau,all,77628467f8180a16855b68308fbf3b93,bdaee42bc54c5e01
../foodsg-233\char siew pau\NTKQ3UN7J1KXBSHDCYMK4CDX.jpg,char siew pau,all,a1e16a3eef054403964f9c249db7b51a,bdaee42bc54c5e01
../foodsg-233\oyster omelette\UDK1GXMMASANJ11MDZBJB5YW.jpg,oyster omelette,all,fc0c203474bc2a9e1a5b1dab3fc7f9fe,bdb6f40cc2ce05c3
../foodsg-233\oyster omelette\PATKCOTO1EPVTAZ9WP8DD7AF.jpg,oyster omelette,all,886ea1fca5d25403063a1c74e84a8f7d,bdb6f40cc2ce05c3
../foodsg-233\fried chicken\RRNSM5YWHGJ8WJFEZ53W1KO0.jpg,fried chicken,all,dd2918aeca3ca8554d7081552175124c,bdb8b9bc98851658
../foodsg-233\fried chicken\FZUUGM73WEBDTAWS83C0Z38G.jpg,fried chicken,all,20dcb6e0dd37fb367fb2af4d04fa1528,bdb8b9bc98851658
../foodsg-233\siew mai\KKOD7IJROG9OXFY0WILZX9M8.jpg,siew mai,all,dac9b251cf5386ce1d406f5f6d1ede20,bdc1969292cdcc6c
../foodsg-233\siew mai\HG9SZF62J79PN1YBICHL1ZDZ.jpg,siew mai,all,f1d91d1c6a4a4c03219607f0da76d19c,bdc1969292cdcc6c
../foodsg-233\siew mai\EURK9VH1HST8MHOLQXTBP9L4.jpg,siew mai,all,b399fe509807392a6e65925ff4333436,bdc1969292cdcc6c
../foodsg-233\Sweets\9Z95L2EYWB6GH11H4BERL9JK.jpg,Sweets,all,196dd4c221626d2d2f875fcc03cd3bde,bdc3d294c44c0d6f
../foodsg-233\Sweets\06MHB1JFUGGWCPCCBXII8627.jpg,Sweets,all,2af7b25b1c7c4c1e20b22dfc5956d4f9,bdc3d294c44c0d6f
"../foodsg-233\Wanton mee, dry\SDK7M90PUNJQBXME7TPPFS5B.jpg","Wanton mee, dry",all,1978b6840158c3eaf041bd0945bdcf8b,bdc4d03ac073c3cb
../foodsg-233\Dumpling noodle soup\361CUXLL1Y1GNJ15O3SAE7P1.jpg,Dumpling noodle soup,all,7df59f82c93b8e05f01229de35c4373f,bdc4d03ac073c3cb
../foodsg-233\canned Fruit salad\KI2NPGEE0TBYW5MPPP5QNIUY.jpg,canned Fruit salad,all,8363f87cf6d0f84162d65da29d381633,bdc5d22f1f104f12
../foodsg-233\canned Fruit salad\L15NG7K6EQ3KM3N6U6YQMI13.jpg,canned Fruit salad,all,dca215bcf8646c854d3199870e0c40bd,bdc5d22f1f104f12
../foodsg-233\lychee\FLHLI2CY39A10QPT9HMXFE81.jpg,lychee,all,981bf489354aae2e7d169159ab3b4c2f,bdd2c900de6f0336
../foodsg-233\lychee\JJ0DIWJ6C4LXFZ5L8UOMNQGP.jpg,lychee,all,54ad948bf8c40722a10bdb2915f1faf9,bdd2c900de6f0336
"../foodsg-233\Chap chye, Nonya\9BQGZSX9YVRFV7RK2CRBEZP3.jpg","Chap chye, Nonya",all,0119815b86810a82316e7d30f5f2c670,bdd318bc63904697
../foodsg-233\Ban Mian\SXF5VGP0S3PT6IE96T9YV57Q.jpg,Ban Mian,all,1adcf79e1caef3b0332baaf550379ce7,bdd318bc63904697
"../foodsg-233\Bee hoon, goreng\DELBCS1000DVXWZD0HLHSAHO.jpg","Bee hoon, goreng",all,31889e8819dbf2a8c6252b78d55a39d1,bdd6c90f72308e89
"../foodsg-233\Bee hoon, goreng\MYHRWU7CMKGRZBXBCSUCWPDR.jpg","Bee hoon, goreng",all,c8f4ebaf5896a9664b0d4192090fd6af,bdd6c90f72308e89
../foodsg-233\Grapefruit\738YB0UR0IFL61ZA6XRE5HQ5.jpg,Grapefruit,all,e1bf73961634e123341744dd4b13ae2a,bdd8d2c3680781de
../foodsg-233\Grapefruit\3XPGZT7T1PET1PCDDDJDOS76.jpg,Grapefruit,all,871c93b72695f61443a80b4534870824,bdd8d2c3680781de
../foodsg-233\salad\JTOAMPCYXYBVGQT2BQ0P9M52.jpg,salad,all,9eea29d65eac677506f3b2d8f97cc36f,bde3c83cc7a20b61
../foodsg-233\salad\J9YZWS94FLXXOGHAW0WUKHGA.jpg,salad,all,a9a14b2409232154d13211d599100932,bde3c83cc7a20b61
../foodsg-233\bak kwa\KUINNXUXPSVPGNJQ6PY9OV95.jpg,bak kwa,all,5b3ca0be3c6c3c92d7ac901327f35215,bde6b537a146a052
../foodsg-233\bak kwa\IIJOEVWEQYO905ZLUU7WC297.jpg,bak kwa,all,5d2b64b5573a4a3d1127d780ba83f3dd,bde6b537a146a052
../foodsg-233\Nasi Ambeng\A04S5C63ET5ZDQ317P9ZMLH0.jpg,Nasi Ambeng,all,b3acc529a20a9deadbe5476ecbca19f2,bde8d472c841cc1f
../foodsg-233\Nasi Ambeng\2CJAGQQIQ4XW3REXNLQLXI7T.jpg,Nasi Ambeng,all,9875481a3600771d31e02c25b5137122,bde8d472c841cc1f
../foodsg-233\Kway Teow\GRGZM6LZW24926BA5MBDTBKV.jpg,Kway Teow,all,1a51063537ebc3ca54fcf323884cd5e6,bdf0f042812fde26
../foodsg-233\Kway Teow\97MBPR8XAHFTD6VD7M36GBN5.jpg,Kway Teow,all,11f904df4da4827cebf6d7b8fb57d7ff,bdf0f042812fde26
../foodsg-233\bak kut teh\77RN4VH0V4R1ER2Z5PGIS26M.jpg,bak kut teh,all,2aaf4cd218442d547340292eb3d05859,bdf2d5514446435d
../foodsg-233\bak kut teh\Q0YT34K30NPC8ILC1XIY7RJ2.jpg,bak kut teh,all,02ba067d4e9164416e6a71a3122b2ea1,bdf2d5514446435d
../foodsg-233\sirloin steak\V8KEMY4OXW2FWB4RGMOAZP6Y.jpg,sirloin steak,all,9705535fc0adfab2c3c87575ef5dedb0,be0f90f4cbd0c869
../foodsg-233\sirloin steak\ZPPXGBEEPGLJ5SB3VUUV2FA3.jpg,sirloin steak,all,cc32de6a8643a3f38e9fa1927d609118,be0f90f4cbd0c869
../foodsg-233\kueh lapis baked\OVI7PPXBCCBRKJQB3IWFBEFK.jpg,kueh lapis baked,all,1bb50194dc74475f1b891bc7e27abd3e,be1fc3288ea3986c
../foodsg-233\kueh lapis baked\1R7JFS5OQNPL292RM5JYLL8H.jpg,kueh lapis baked,all,33cbfe97e0a8656b7a0b7a6e1c3beb97,be1fc3288ea3986c
../foodsg-233\fried rice\OHA04C965NPWQOO3W86OONOD.jpg,fried rice,all,f33ebd737f72e0a90e32241f64b814b9,be2af5a2f4365085
../foodsg-233\chai tow kuay\8S6PYU0U151JW53HE7SOSOWN.jpg,chai tow kuay,all,ee2ac674d4329e6bab310d22bf9c8f2c,be2af5a2f4365085
../foodsg-233\cooked brown rice\TUFM0OPZXOCORS6ZN3U70AVH.jpg,cooked brown rice,all,16ccf6f00e8dbb86cbc206c09aa2c8b6,be34c19ac7c98c8e
../foodsg-233\Chocolate\UMU5RMKOZT4AB0DLRX2XD4I6.jpg,Chocolate,all,b5367b74203bb8b36c3d12dc4e06ecbf,be37b43a84b981b4
../foodsg-233\Nuts\HBSJK9OBI4ZAJEDAVR7XNC6Y.jpg,Nuts,all,bd18b4282d07839a32c28024df761aa5,be37b43a84b981b4
../foodsg-233\bak kwa\F8CM0VG33THMIZS4OLM3EEE1.jpg,bak kwa,all,3d11058e987be69b483f91138f6a972c,be48d097cbf8cc41
../foodsg-233\bak kwa\ZS8OOYQ9JBWD1MKJUC5Y16G4.jpg,bak kwa,all,29e160c9d856b9f802841a2191e36a87,be48d097cbf8cc41
../foodsg-233\vegetarian bee hoon\S34GI1987QR1OHWRN2HJVW93.jpg,vegetarian bee hoon,all,6a66a98e23a027f931b87e3067f097c5,be4ac0b487d597d0
"../foodsg-233\Chap chye, Nonya\GJ4LXG0EXNCUY4FVCYGALTKC.jpg","Chap chye, Nonya",all,c9dbc08e23902a5b81d08277e4c49494,be4ac0b487d597d0
../foodsg-233\Sweets\XLFHNUK7ACNG9IKHAHLS5GCW.jpg,Sweets,all,29cf87912cce10c99254cc805ef68168,be4ac1b04ec23e3d
../foodsg-233\Sweets\NLDP2FSUW9EAJ92LGI14HR9G.jpg,Sweets,all,b283b4d5162aa476dcdc956d85709185,be4ac1b04ec23e3d
../foodsg-233\gulai daun ubi\122KGR93VRKMVIGHGLGH5PRK.jpg,gulai daun ubi,all,6ad110ca405f99c248ceb9322265ebee,be4c8b82adcb340f
../foodsg-233\gulai daun ubi\GXJLST9PE1DM0564EIWPTI32.jpg,gulai daun ubi,all,bf87d85089e965186a710bc5b06e7e99,be4c8b82adcb340f
../foodsg-233\sirloin steak\4GYFQQIV4YQQKMEVL24W9KTT.jpg,sirloin steak,all,038e818120324d1caac2689aaa226138,be4e759d8198c09e
../foodsg-233\sirloin steak\ZPDUKNNKQFJFOGP4O6LQAAMY.jpg,sirloin steak,all,a383f4eb1ac75caef2194d36331ff32d,be4e759d8198c09e
../foodsg-233\rock melon\9R8IDKZUD9OARDGRT52XWNPQ.jpg,rock melon,all,afeb9927f96db042b7b876b86a83c48f,be51832ed02dcd93
../foodsg-233\rock melon\OF63TR5OEHO4N24SC6TZ1DBS.jpg,rock melon,all,72c2b74a664e52b8606ffad0c05ba50a,be51832ed02dcd93
../foodsg-233\sausage rolls\1BN0O1GW98CEDYJRK64MSOIN.jpg,sausage rolls,all,5a95d75980910f0def191e6b48e95fa4,be61b09a0f03dd8e
../foodsg-233\sausage rolls\MBPR3GVLHLMGUE2J8PFRY1UL.jpg,sausage rolls,all,1c5cf51a92f1a998858fb4884f487b7c,be61b09a0f03dd8e
../foodsg-233\kway chap\3EACNPD9VBIE63DUICW0FJCU.jpg,kway chap,all,8bb1fa98f098969a6521737997d61f74,be684f0fb5851c2a
../foodsg-233\kway chap\0K394ASM4QNWJ03K9UFB6GDE.jpg,kway chap,all,ae7393bdecfe28627ed3e8a81f4e1c6b,be684f0fb5851c2a
../foodsg-233\sirloin steak\OZSHMMELNCZO92GH4GN23WGC.jpg,sirloin steak,all,734f5b6d5912bdfcc6042341c8d64c73,be6890bf4b346a61
../foodsg-233\sirloin steak\LJ219FLV60CMI8IRFZ7XN63Q.jpg,sirloin steak,all,33f824872c6fc1b0b24151c658b02565,be6890bf4b346a61
../foodsg-233\rice dumpling\TC0MYXTAIXPJMX1QVRV4CLEC.jpg,rice dumpling,all,39cf390f5a0546a2d80b506c203f385a,be6fc1d04905c27b
../foodsg-233\rice dumpling\SHJ5YJIEOQZAXYIT4ALWQ4IU.jpg,rice dumpling,all,0861fadb4e678d8c936a25f57186c631,be6fc1d04905c27b
../foodsg-233\Lontong with sayur lodeh\0B5P8VZ6E5MI9AMJYHK6SPJZ.jpg,Lontong with sayur lodeh,all,dfbe2062ad599c0f3fcbe722b0c06b41,be6fe894e118c4c3
../foodsg-233\lontong\XUJ1TVO3HQEHL1Q9NFBW23TK.jpg,lontong,all,b64612c6c32d41e54a5726f82c19b4c9,be6fe894e118c4c3
"../foodsg-233\Pilaf, pea\VFJZJZG80BPVYBE8XIH1QF67.jpg","Pilaf, pea",all,0b4423dd0fa1a7f637993af23b35ef97,be79f516830a8e64
"../foodsg-233\Pilaf, pea\OMVQMC0VDLVXY5UC8RSIDTBK.jpg","Pilaf, pea",all,614027f95ac05a198814346b620f9df9,be79f516830a8e64
../foodsg-233\Peanut Pancake\IYOEIVHQQI877E5FEFT1N1N3.jpg,Peanut Pancake,all,366cf600964cfc7e4813dbf4aec48bac,be846c6a29e12fa3
../foodsg-233\Peanut Pancake\FEIZZSLF0VGJZ40RV4W6KEX8.jpg,Peanut Pancake,all,3bc7144f8bf570713fa2b5728c83e59c,be846c6a29e12fa3
../foodsg-233\pasta - red sauce\3CSG33LS2GYSPDPLEM2IXYWR.jpg,pasta - red sauce,all,d68b7b9c76561b45258aaf538d6d9d90,be848007151f9f3f
../foodsg-233\pasta - red sauce\OTCZZRT2WNJ9HHJERUFN4CGK.jpg,pasta - red sauce,all,830a60928100952e87facb83f133df0f,be848007151f9f3f
"../foodsg-233\Bee hoon, soto\3F67YWC953FX09HT14MO1EVO.jpg","Bee hoon, soto",all,44d59c9a30f7a0e4d1d0dc9076f7131d,be8574c6c79f4070
../foodsg-233\har cheong gai\CMJP75NKJ3AD6NGM3Q5OYHTK.jpg,har cheong gai,all,5f48d6e7e7bac61390c226e4ba9133f6,be8f547403536327
../foodsg-233\har cheong gai\0IKKGUNP1TAXQQLN1ZPDOKWT.jpg,har cheong gai,all,21d53c0caac5b3a638ae93328f058a10,be8f547403536327
../foodsg-233\cherries\23V283GINXU3F8C6BU4GSK9T.jpg,cherries,all,6acd883c3681017047deb6deb16ac137,be908e743277ad81
../foodsg-233\cherries\Z4QRZGAZ7AM7VRMKVFTQU1JP.jpg,cherries,all,1e4b66b591c92ffdac4349e4ffe0c8c2,be908e743277ad81
../foodsg-233\cheng tng\U6HBZ9C37R5SHG3KG65CI08R.jpg,cheng tng,all,23d5babdaf7d9ee6a6708a477f9477a7,be960f4c789660c7
../foodsg-233\cheng tng\PS522FGCQR14AWDEVHMZP32G.jpg,cheng tng,all,2090c21a3d2b6b886705c1df600df5f5,be960f4c789660c7
../foodsg-233\black pepper crab\LUMHT9KMV6BCY5VNTXGJO873.jpg,black pepper crab,all,d2c2528e97917a4a6b853877b3074649,be97b5d085f08368
../foodsg-233\black pepper crab\NJMRH4FN4Z0KV6XNUOKZLPE0.jpg,black pepper crab,all,d8cee033a88e33d9c51496de79123805,be97b5d085f08368
../foodsg-233\buckwheat\EGV2AXYFQUKTZQQXCSLGJH1L.jpg,buckwheat,all,bc6aad7f5798597d05fcb3a4aa1f4a32,be9aa135966448cf
../foodsg-233\Fried Noodles\5F6Q8J5PCPREF60XJUFT0CRE.jpg,Fried Noodles,all,5d7aa010902d633b6770c87356d90b02,be9aa135966448cf
../foodsg-233\Dumpling noodle soup\JX3BWC67YF61FYUYYGVLVRXO.jpg,Dumpling noodle soup,all,3152ca86bdfc6f89180b219c861a1e4a,be9cb04e47b198c9
../foodsg-233\Dumpling noodle soup\6T369MBHO7VG8M5I5WVHPD66.jpg,Dumpling noodle soup,all,6f97bb57d6279f715d657fdf13a2b2fc,be9cb04e47b198c9
../foodsg-233\hokkien prawn mee\KTII4G2UU12H3NMF9WYGGSI4.jpg,hokkien prawn mee,all,4300d258b230da44a1518922dfd0f2b9,be9ea8fdc0608743
../foodsg-233\hokkien prawn mee\E34I8GHMIC1ZZBCATZWL6P7B.jpg,hokkien prawn mee,all,e5b2b1cf5663c758462d80f9792cd89e,be9ea8fdc0608743
../foodsg-233\chicken chop\LADWOATB44Y8SFJ7W209SBYZ.jpg,chicken chop,all,6072776e009ecf2463235d1e2f483014,be9ec1e9c6458466
../foodsg-233\chicken chop\O0MHLUPKSCSO47IGNBCDUCWN.jpg,chicken chop,all,05ba383d71c9925a7ced5263e27b48a6,be9ec1e9c6458466
../foodsg-233\mee pok\GUIPUUD1QODRW8ZEM1XWUWRN.jpg,mee pok,all,160b87bbc2c345a4ce864a5f2f1e6fb1,bea5c2588d6386c7
../foodsg-233\bak chor mee\65Z9KAOAOIKY4907D8CXXV1F.jpg,bak chor mee,all,d3d4ec27d366dc04450dab2647441501,bea5c2588d6386c7
../foodsg-233\black pepper crab\87YNEZBA8QU80PD17WJKT71V.jpg,black pepper crab,all,83690969beacdadafc1ae11cecc3580b,beaeea95743480d1
../foodsg-233\chilli crab\NA3A4WQHLIDNS4KDUAV9DHQM.jpg,chilli crab,all,7bb1057b7409bb02da34fdea2b89ef50,beaeea95743480d1
../foodsg-233\banana\QFE22IE411393T6AOROKVN24.jpg,banana,all,93cad63fec3c86ea41f71e75129b16c6,beb4c1c30f69970c
../foodsg-233\banana\DUSAAET6OEBXY92YZSUIH0GJ.jpg,banana,all,33b19b0814e8e9e37426337ec2b3dc92,beb4c1c30f69970c
../foodsg-233\Soursop\J0FZYJGRNXUJDBE8G97IHFIP.jpg,Soursop,all,2308955a5f6467785692737280790ef5,bec0c03ee79e3168
../foodsg-233\Soursop\S12LXZSM6OAEDD201FL69DLZ.jpg,Soursop,all,66e4ec181993f7b07172ca6d1ad23080,bec0c03ee79e3168
../foodsg-233\Mee goreng\GMS0158K15U9VTTNAQYUTXE2.jpg,Mee goreng,all,5cc2e6eaca9c4a91e246060b73b8d733,bec1801e1f7b78a1
../foodsg-233\Mee goreng\U3M3E1FIOG2RNUOZBBESNXBB.jpg,Mee goreng,all,27975fd1b0dec2506279ffdd3fbfeae8,bec1801e1f7b78a1
../foodsg-233\honeydew\NCYP3AQ1A0PUTW1ZGIVO9J32.jpg,honeydew,all,471f3edbd5e77187bf97ce297af8a0a9,bec19b649c63c239
../foodsg-233\honeydew\66R4GXIDOR102UNLPHGODRQ7.jpg,honeydew,all,1a87e0c498a64377cf9c57b2a48e9ed6,bec19b649c63c239
../foodsg-233\Snacks and Chips\SV1OBTYT2PWAWLSRU18AP1V4.jpg,Snacks and Chips,all,4ea110a87bf2e23fbd4763eea19681c9,bec2c13dcdd0320f
../foodsg-233\Snacks and Chips\VZXYPU1S6TQNG8WTA2BS7P6I.jpg,Snacks and Chips,all,e2f9d0e23bb50046bf9593eaf7910e39,bec2c13dcdd0320f
../foodsg-233\Mee rebus\JEI8N144QXSTBOBLY4O1U2CH.jpg,Mee rebus,all,2fe9bbf1dafa28f293247b3db3300abb,bec2d38d8d345272
../foodsg-233\Mee bandung\5ZWZYSP9QBNL4V3CRUSRL5N0.jpg,Mee bandung,all,a26aa84afd844f79b4bafbdbf7d3f5d7,bec2d38d8d345272
../foodsg-233\chilli crab\TRH6AQ7H56O1RMIXGBNLBX9T.jpg,chilli crab,all,50f5cf775fce1ed0ed65975dc5012a9c,bec6a602870f571d
../foodsg-233\chilli crab\3BDOGSMOM6LLK4B4S6D0PFPN.jpg,chilli crab,all,f341fa34e5e857810d34d5c79e36c97b,bec6a602870f571d
../foodsg-233\sirloin steak\1BKX8CAMGG8XI0LOMLUC15KS.jpg,sirloin steak,all,434753d040da47f4a8460a656e64344a,bed0c12f2cf03399
../foodsg-233\sirloin steak\6JQ7K8U5L1BJYXCB3CX5AAL7.jpg,sirloin steak,all,d30e547f9d19407b0a4fa02be344a188,bed0c12f2cf03399
../foodsg-233\sirloin steak\O7Z72Q0KR8ZRZA9F062W2LOI.jpg,sirloin steak,all,a409a094ba2a4ed6e5094ba65cd26bf8,bed0c12f2cf03399
../foodsg-233\kway chap\6ELOQGI6ZF05GNXHSO02IBC2.jpg,kway chap,all,7f74af20a8fe1096e3e8cf40b59dc52f,bed2a0b51a5fc429
../foodsg-233\kway chap\6WERROD1RINC5TMP06V0NGCV.jpg,kway chap,all,816ffb2184b8970f8131aa33836c2cfc,bed2a0b51a5fc429
"../foodsg-233\Bee hoon, goreng\523TGNFZW28NNAMBCXDKFH3F.jpg","Bee hoon, goreng",all,65a2ae4ea18ad0cfef7cd8678fd331f2,bed6c02b873d9e20
../foodsg-233\vegetarian bee hoon\FXGU3WDJCBEI7179SIVKBO1O.jpg,vegetarian bee hoon,all,7f438fcffb7498e24182909069a355b0,bed6c02b873d9e20
../foodsg-233\Ban Mian\22KRLN8CZRYT30V8HZT83R0E.jpg,Ban Mian,all,997a60e71be9165b3e3884796ea72c3d,bed9c1c6c7981e0c
../foodsg-233\Ban Mian\JPFORWRZ4AEW4UZY5L4BWYCI.jpg,Ban Mian,all,34019da45de1ae7317625d5fca5fb887,bed9c1c6c7981e0c
"../foodsg-233\Don, chicken teriyaki\QLVCGFYWAEJV2IAQB9810I6I.jpg","Don, chicken teriyaki",all,9daf74eee3a8dfae1cc351474fd5c065,bedae8b5a22c2a98
"../foodsg-233\Don, chicken teriyaki\SZJMQN95KNEVH9OMUHV650X3.jpg","Don, chicken teriyaki",all,02050522ed43bea175c67629f9a329a2,bedae8b5a22c2a98
../foodsg-233\chilli crab\WJ8DVPQEW0KWJMCLFTV1N11C.jpg,chilli crab,all,688dbf76d6bae098049c9ecfa852a144,bee0db00cb356e89
../foodsg-233\chilli crab\ACKEADPR54H6MQRYLU3UEVTC.jpg,chilli crab,all,3d6f7230b68da92518c84d47ccbbae6e,bee0db00cb356e89
../foodsg-233\Mee soto\X7I5KV4TB021BVX38UJNOAGI.jpg,Mee soto,all,35ce055a9f62793dba8dfd9267b209be,bee1a9d19a8c47a1
../foodsg-233\rice dumpling\1S04TTBIL79X2WAPHW6YKB16.jpg,rice dumpling,all,bb8c458c60b36ff4e40732e7888f7cf9,befca121924f5d88
../foodsg-233\rice dumpling\A8RJJTHYCFZUS2G7LJQLA09G.jpg,rice dumpling,all,1ec9a4a6a0d5fac73b5b38cb937e48fa,befca121924f5d88
../foodsg-233\satay bee hoon\5MM1R7GUTSZGZWPVRRD8YW8P.jpg,satay bee hoon,all,66d7ad363d7c4a24523d4aeab3cd60c7,befcc0247c4f48c3
../foodsg-233\satay bee hoon\56HKEEHOW4S6H5O6V9W542BE.jpg,satay bee hoon,all,278b61e45580e579e04f7f03b413ec0f,befcc0247c4f48c3
../foodsg-233\begedil\E89IQM8CQYQH0HAWCR76M3E7.jpg,begedil,all,d9936196b64ab411e7414827b67abf68,bf0154a8a9d5d94e
../foodsg-233\begedil\JFF4GSYZUEU30OX6A2DQCK7C.jpg,begedil,all,e9af914741b3059dccc1035f9af9299a,bf0154a8a9d5d94e
../foodsg-233\bak kwa\ISMOVMDZZ0G2FYJ82AA1QGTF.jpg,bak kwa,all,8b40cc734bade0d2f5d6bcb24be35887,bf017cc0952fc18f
../foodsg-233\bak kwa\8VO5TETUN8MB6DG963JZH422.jpg,bak kwa,all,af62ed5684ea53787402496898dea829,bf017cc0952fc18f
../foodsg-233\hokkien prawn mee\34A4IG5115318CQUHUKYQC8E.jpg,hokkien prawn mee,all,03035388eed1edb86dac8dd8aac81bd4,bf02509e1abff828
../foodsg-233\hokkien prawn mee\QMNXI66U29CURSAH69JO0WK4.jpg,hokkien prawn mee,all,907e98b3b616db19f7c673f26c5ba932,bf02509e1abff828
../foodsg-233\hokkien prawn mee\7NWXN3008VWDHFEMZ84SHBYE.jpg,hokkien prawn mee,all,fdb33bd5919165e99c4cd4faf9f47ca1,bf0325e0f9b16543
../foodsg-233\hokkien prawn mee\BLGKR0QE7LWPG52ZKQIS56UH.jpg,hokkien prawn mee,all,48750e6c12e4f98a14cee6a3030b2ea5,bf0325e0f9b16543
../foodsg-233\tom yum noodle soup\XIEUO2O8L4Q35JPSTG60R5OG.jpg,tom yum noodle soup,all,029cabd43f9e245584309b8b8ce24f13,bf054092cbdc6dd8
../foodsg-233\tom yum noodle soup\OPOW02WNQS40VN0U5Q661V3M.jpg,tom yum noodle soup,all,5aca9d9f47e853970e8aa05508fa8ac9,bf054092cbdc6dd8
../foodsg-233\tandoori chicken\PBNQCMNRIAN62A3FPM8L7M8V.jpg,tandoori chicken,all,40e2c685dfb43a8ac9c76d6f959c3de7,bf0f4916a50e3cf0
../foodsg-233\chicken masala\TXR9XB6N429E9GOZYCSRP8ZJ.jpg,chicken masala,all,41ec0d054d05ea92033b013f03952cb2,bf0f4916a50e3cf0
../foodsg-233\Tauhu Goreng\SELLBZRHWLG5WCGNS4CLIZA4.jpg,Tauhu Goreng,all,73f15e1beabe0790f70aaf753c904396,bf1b532b6561e061
../foodsg-233\Tauhu Goreng\APPKIC8VR3MCJV7VJPHTGV7T.jpg,Tauhu Goreng,all,42a8b34bf3e928856c9fed50fa4b0cc0,bf1b532b6561e061
../foodsg-233\passion fruit\6LO0SFCMH4GYTDATLLME4BIO.jpg,passion fruit,all,ceca8c5892815649c8bac70d0e4ade14,bf1cc0e24f1bb099
../foodsg-233\passion fruit\J5ITPF8OQ2ANS0IW58OYXZCT.jpg,passion fruit,all,e91b366ad15dd05b431895c008914e4f,bf1cc0e24f1bb099
../foodsg-233\miso soup\0O4UR1KJME6A8ZOCI9HP59DR.jpg,miso soup,all,66a20a696634f0d40edd59e51287975e,bf1db07ad2c1c189
../foodsg-233\miso soup\OZD5NF0TLA08JTI1RXGG05II.jpg,miso soup,all,97d87263d8fdff7e48c9175cd9a49eb6,bf1db07ad2c1c189
../foodsg-233\lontong\2D0ZNSQWVQNNZ5GUFG7STZXA.jpg,lontong,all,37922f951c592bc498f269122e7731a2,bf1ed0c35238cb2c
../foodsg-233\Lontong with sayur lodeh\8JOZG5HAWYEB64JA5F63GCY9.jpg,Lontong with sayur lodeh,all,90d1195f59aef3bb398dce2d7f80cbe7,bf1ed0c35238cb2c
../foodsg-233\chicken soup\VYIN1XZFSPB2F5E2PFZKQAIP.jpg,chicken soup,all,ced05b655c2b8bcfa8c49756524a2c1a,bf30b24407a92ff4
../foodsg-233\chicken soup\LTK65S5AUE78V7DWXAQ4WD69.jpg,chicken soup,all,207da51d9c380ae9df9324a63098e2f4,bf30b24407a92ff4
../foodsg-233\Mee soto\BKVGWA4UZ5OKBFVJVEMVZFCW.jpg,Mee soto,all,ae0b9ee049fb32f5364d1853589b4847,bf33d08519b16ec2
../foodsg-233\Soto ayam\4U97QBSIN1NOTXEMX6BWY2V0.jpg,Soto ayam,all,68bca0257e9e42359a39a1e4687bdf88,bf33d08519b16ec2
../foodsg-233\bee hoon\3UOM1377CYU5H1SQSWEZWS4A.jpg,bee hoon,all,7d52eddd3a8190fe902ae795f9190e98,bf39c0c28f1bd660
"../foodsg-233\Bee hoon, soto\3XJD0DCO24FP81FJZRJ22BZU.jpg","Bee hoon, soto",all,4d724658b0dcbcd6082e6578d0dcda50,bf39c0c28f1bd660
../foodsg-233\Kueh Salat\9I2Y0VQHPDUZAQXN0TWHKANW.jpg,Kueh Salat,all,5f53a9780f32f81ba1f59d8dfc0c8f38,bf423d8305ab8367
../foodsg-233\Kueh Salat\CT1AEGFZDE0X8SE5AAJ3K01R.jpg,Kueh Salat,all,21179e44ab82f0002317c77ba2ef869a,bf423d8305ab8367
../foodsg-233\har cheong gai\MCUHKW7O5NF2FJ0UXSO6WLHD.jpg,har cheong gai,all,c7d4a6db23d01cb1b42a0ca44ed44469,bf45223ef1c306f0
../foodsg-233\har cheong gai\P3ENV80K875I8J76ZEU3IUDF.jpg,har cheong gai,all,dd66d6aef2b1d9a9c009ae4a0d714489,bf45223ef1c306f0
../foodsg-233\chicken rice\0D836SQ6IW68OLCSDKFDP6SE.jpg,chicken rice,all,2550aa1adb59e1ffcd14284203e64ab1,bf484385878fb49c
../foodsg-233\chicken rice\WTKV8JZZ0D280TUWWBGB5ZXM.jpg,chicken rice,all,c7af417f50d9d654778b4eda9ab3905b,bf484385878fb49c
../foodsg-233\Mee soto\WUQNP4OLP2D8HHO8ZREICFJ2.jpg,Mee soto,all,be8bbb46a2fc834eff38b51868134603,bf53c08e1c82e32f
../foodsg-233\Soto ayam\FIH1AHY0VVJHFY8DP961XKZS.jpg,Soto ayam,all,5cfe54f7312a08b5b59d7c5c15dffc8f,bf53c08e1c82e32f
../foodsg-233\vadai\OKJJY590VD13I5JXMFNHWQ4B.jpg,vadai,all,6e982b81433610a3ee0247bd41a777ed,bf5dbe60b10c7a01
../foodsg-233\vadai\PJMGKEHA6KZ2I5N1TBDR1ADO.jpg,vadai,all,02476a11b5bb5db0d615057d2c4dee13,bf5dbe60b10c7a01
../foodsg-233\rock melon\1MX4LGVCBCXIGTB70XQTXNBW.jpg,rock melon,all,d6c18ceec0f12aea36f8782b18526ba6,bf60d0a5e51f650c
../foodsg-233\rock melon\ITP87BZFCHO3GC1Q4VAHMI4M.jpg,rock melon,all,84ae186454ed2f750bbe16f29082ff8b,bf60d0a5e51f650c
../foodsg-233\canned Fruit salad\JAEOB87TA6IYZ93B2B9W05F6.jpg,canned Fruit salad,all,a4e3c64ae30ab74faae535e55e8543ac,bf666b99c2b18491
../foodsg-233\canned Fruit salad\PXBTL9OLGMEWDJT48BF1AA4I.jpg,canned Fruit salad,all,15e293172d832609de2ff504b669a261,bf666b99c2b18491
../foodsg-233\ngoh hiang\TU9OJYWP638NTLLTIHCFUVW7.jpg,ngoh hiang,all,d9af852abfe8f56a0f20d6e1691147f7,bf68c0d0cbd8b48d
../foodsg-233\ngoh hiang\J2YP2TT3RFI175UHOZAK1X38.jpg,ngoh hiang,all,5fa6d284471beb17a8da99fbdc25b56f,bf68c0d0cbd8b48d
../foodsg-233\Nuts\YN9JM7B85FA55SUMEHG1W0SR.jpg,Nuts,all,1d0ddc44e06c6e061aad1c1b843ec31d,bf6cc0831af3292e
../foodsg-233\Nuts\816VTAP7VXBFZW9VSCTSF0JB.jpg,Nuts,all,168cddf47ea20a9497bbc8bf78846442,bf6cc0831af3292e
../foodsg-233\kway chap\LYPQ5P7VRFT9DW7U0HBQZOYO.jpg,kway chap,all,c78a566dfc0c8ad509edbdb1eb2448bf,bf70d125c296748b
../foodsg-233\kway chap\G9YQRKPCH695OTPBWBVV4LSG.jpg,kway chap,all,10d58785eb324faa1bc6d5b586ac0d69,bf70d125c296748b
../foodsg-233\spring rolls\RNIDPIH6RJW87SHFTW73ZZMZ.jpg,spring rolls,all,81b4806c7fbb404655fe9dc29a5f8a5c,bf809019cf6ea687
../foodsg-233\popiah\XNJMVE6UB26477HTX6MC67AO.jpg,popiah,all,0daf6eed52f7d888d36bd0f2eb9b4bd4,bf809019cf6ea687
../foodsg-233\Dumpling noodle soup\710CZFUNU8LLO94Q6N9XG2FD.jpg,Dumpling noodle soup,all,58bd2c2fc1953a6d7a7a58208c36e88d,bf81608f1e3c7165
../foodsg-233\dumpling\D17NGZ9WTSS3XX5QDXJIQ6ZJ.jpg,dumpling,all,a808504ac1c38803aa85c6722b1bbb22,bf81608f1e3c7165
../foodsg-233\kway chap\JYOQSPCZPNH660RBQ7ZRGGZX.jpg,kway chap,all,0de1f7ec7dec9f4955182ac7540d6cb7,bf82441fe08aa33f
../foodsg-233\kway chap\RMZQ6CDBRJVMUIB88R2XZC4J.jpg,kway chap,all,459ab4f6c418931da06329739341a9f9,bf82441fe08aa33f
../foodsg-233\chai tow kuay\SOLT8IF7KQOYP9C9TIE8YFRX.jpg,chai tow kuay,all,a3ae031bfcb082d9708d55bb2b0d3b4e,bf87d042c3698f0d
../foodsg-233\Kway Teow\BTS2HFVN0SHA6NBS1S8YOW7B.jpg,Kway Teow,all,d87ca72ef6ad588cd5a7ca749e18c491,bf87d042c3698f0d
../foodsg-233\Kway Teow\0NOZ53EMDIV1X80EHQW1UNCF.jpg,Kway Teow,all,ed853373a2e58cc0498d0c66d4774559,bf87e0be4152172a
../foodsg-233\Kway Teow\1F39RG4ENPXMVKJS1DP4Y8U2.jpg,Kway Teow,all,0eb8450f945e8b8a1c57ea4af7f92039,bf87e0be4152172a
../foodsg-233\biscuit\67VBUVB1Z0Z3TW2XGWT9AUFM.jpg,biscuit,all,774ba18bf9caaa2fd09e8c51b595705c,bf904e2f0e647887
../foodsg-233\biscuit\V8V1MPRDEWM94N9UJKKWA9GQ.jpg,biscuit,all,638d6cfa94dd708546a3802f336537ad,bf904e2f0e647887
../foodsg-233\kiwi\R5D5WN78ZHKARDH0XYMDMZZS.jpg,kiwi,all,5a6bf5b4eae9cbb456865d4c447b6a62,bf91a6e1c167b442
../foodsg-233\kiwi\5G42EH0SMQPGG9WTYI0AJCUB.jpg,kiwi,all,a16bb54277b3107bef237624e5e30255,bf91a6e1c167b442
../foodsg-233\buckwheat\Z99CLWALKZTZ54ACHG531OY5.jpg,buckwheat,all,2e404ddcd78d6a9d45fd091602677087,bf91f0d0c0cac72d
../foodsg-233\buckwheat\2LRBB3HY6ZE5ZJE81D2GEYAS.jpg,buckwheat,all,e0eb051471a3403b5e5aa623f9798570,bf91f0d0c0cac72d
../foodsg-233\fried prawn\LNSVYWS2O7BQABEJIE6V4RKM.jpg,fried prawn,all,34bbd0767f00d01257dfb126fe708b3d,bf93d0ccce331826
../foodsg-233\fried prawn\GCJ35RE9VK83P5UIZVLJ0YYE.jpg,fried prawn,all,5b07f185f29d52f5de6396bfea09bfa6,bf93d0ccce331826
../foodsg-233\begedil\TC943VV0D7V1CPS8XRL0LT92.jpg,begedil,all,218ed9d70e51a0b3eb9b7749d73cb5f7,bf94c04bc556c83b
../foodsg-233\begedil\K6LQD2RWNLT4G2AVRNN8JD0J.jpg,begedil,all,eeecc503c5f27d5c5bdc417bacaf024a,bf94c04bc556c83b
../foodsg-233\Soursop\TNL81BN2YM257OLIM4FUFIQR.jpg,Soursop,all,259222fb797a3b1feff9538cf09aa35c,bf94e0cb9021c776
../foodsg-233\Soursop\BELQVKFRKQLM0FP91AND529O.jpg,Soursop,all,9029f53633943fc4009d2e2c7bedfe35,bf94e0cb9021c776
../foodsg-233\popiah\TUZDVOW945EUSUWTRB9UZR7C.jpg,popiah,all,0c907201f1facaf6ad0f32328ec8fa65,bf953bb850c42693
../foodsg-233\popiah\G2IX85N5R7YNDK6M7ZU8H0FQ.jpg,popiah,all,1db3d0b0fb2604c038ea3f43bd6cfaef,bf953bb850c42693
../foodsg-233\Kway Teow\SYSBJ53NE5QIDV4WRUKN0RP4.jpg,Kway Teow,all,3e8b80fcbce57bf64f49c84d1e053bf8,bf96c4f09ec0984b
../foodsg-233\Kway Teow\RP22TJ0JN3S2YT9MNORI33OB.jpg,Kway Teow,all,06b382e3679320255906acf33c14dfed,bf96c4f09ec0984b
../foodsg-233\Prawn Noodle\E3H8QQTUS4K9MV7HWTOE5VC4.jpg,Prawn Noodle,all,e995ff98410978895b9518140172f661,bf97c8dd90682362
../foodsg-233\Prawn Noodle\5JBBJOODFXD2UGFBL7WPNV7A.jpg,Prawn Noodle,all,43fe5fccf473d0ec464b88ee70e9af7c,bf97c8dd90682362
../foodsg-233\bak kwa\4OFIGYAXI235SHJNSLL3UDHC.jpg,bak kwa,all,83593afc2a43abc92046334d1a42e94b,bf97f49f00da0198
../foodsg-233\bak kwa\6V0TJQC8FREEIR60CA170LSY.jpg,bak kwa,all,75daaeabd70e97d11951b134af53042b,bf97f49f00da0198
../foodsg-233\mushroom soup\OB42IIWHE3ZHQRJOVYC90XJM.jpg,mushroom soup,all,62f4392303bc34831f8a67a362bf2ec1,bf9ac067870ccb92
../foodsg-233\miso soup\IBUIQ4MEWB9PX3KXH1GYAOCY.jpg,miso soup,all,2448395157169be0c5dd285a0a800f4c,bf9ac067870ccb92
../foodsg-233\Fish Ball Noodles\K9GDPSS769ZJSALPLHUSRLBQ.jpg,Fish Ball Noodles,all,ce86fbd637e1a2b354f5babb2dd5082a,bf9cd0c5c035a972
../foodsg-233\CNY love letter\0RFV3HCVW86PJUEMRPTAJ8F7.jpg,CNY love letter,all,0865b66eb74da16d6a71c07c830bf8b9,bf9f8548d4259266
../foodsg-233\CNY love letter\SOVB3D2MFOIJHQP4Q4WOSULJ.jpg,CNY love letter,all,6a9a86d047427c2fc07423158e7c543b,bf9f8548d4259266
../foodsg-233\Peanut Pancake\OQQFG08MF74O83DHXQIP4NKU.jpg,Peanut Pancake,all,e1081b672cebe5821cd3ed8f3bc68366,bf9f90e4c9c0c3e0
../foodsg-233\Peanut Pancake\KKJUC6FV1YW6QLQ7TKGM1E9F.jpg,Peanut Pancake,all,ef1103c055e38fc809547b78640e58dd,bf9f90e4c9c0c3e0
../foodsg-233\sambal\2Z8TDVCP82J22VNANAYLZL7V.jpg,sambal,all,72b00fc36cdae2094dac6b81ee34ae0c,bf9fc0586cc1e702
../foodsg-233\sambal\0UZY1P514II6CHAPMEGK3CDG.jpg,sambal,all,3fd12349bf8295612a7d53dae90a2ae6,bf9fc0586cc1e702
../foodsg-233\pitaya\Q7OTRL6ZVNNDFNL1DRYGM31F.jpg,pitaya,all,afc394f7ea767793ee3fa5de53f10021,bfa1c01fab16b2c2
../foodsg-233\pitaya\IE12R9H5B6B44G1BWPVIW39V.jpg,pitaya,all,24bca4d2aa6fea6a273bbf37aea52bf3,bfa1c01fab16b2c2
../foodsg-233\baked beans\0BRVE3Y9JV9EWFYFEOX3JPGN.jpg,baked beans,all,335164bba9ad5bb0249c2e539da3b656,bfa7b0c2d06780e3
../foodsg-233\baked beans\TBX9MR1DLAY6F3FDFCYUXWRD.jpg,baked beans,all,475a3cb5cc1903c667b8df0eb8960466,bfa7b0c2d06780e3
../foodsg-233\Kway Teow\0BPE76Y5MTTLS4H75TOQZJED.jpg,Kway Teow,all,bb76ba5deb4c87210c4c15b716d36cc8,bfb4c0d0cfe08d45
../foodsg-233\Kway Teow\JIMBT4P7OZMT9A9RUNLIKT8I.jpg,Kway Teow,all,f8033ed5a8e594534d37c27896843f45,bfb4c0d0cfe08d45
../foodsg-233\french fries\J1EXPHCKULSAH5Y02VC6W8GU.jpg,french fries,all,84e9f6aa515cc1e3c5317cf7b1646a62,bfb5c87ab04b2cc0
../foodsg-233\french fries\GRZS3OFN8CE56PEF53F5LAME.jpg,french fries,all,13e866004b7fa3040326ada09a1b5d74,bfb5c87ab04b2cc0
../foodsg-233\satay\534FB5S4ZYWSFOGVH6U0YUJS.jpg,satay,all,83d54093a66ba59f7fe47f4efb0b7926,bfb840f4276037cc
../foodsg-233\satay\0O0PNM7GNZKDBNMY0R3IGNZI.jpg,satay,all,d0dcf1112aa7aff5b7091b75618e868c,bfb840f4276037cc
../foodsg-233\yong tau foo\DURJ3976UWS2GT0UATHKLKCI.jpg,yong tau foo,all,3ec22c700e1d00d5f7fb62d6f5643da4,bfb8d0694b202db5
../foodsg-233\yong tau foo\PR3ZF54R0Y9M9TYCM0SZRAEW.jpg,yong tau foo,all,4b28f700ce44886140145a36ad02249a,bfb8d0694b202db5
"../foodsg-233\Don, unagi\3Z7FFIZ5TDGZRDGKKRB41L5V.jpg","Don, unagi",all,6d413ce2df9d8e16418ff0a2ded8dcb9,bfb99072e0c4e6c1
"../foodsg-233\Don, unagi\MZWI0K1SXQLWBLU6NEOTS8P4.jpg","Don, unagi",all,92b68061a4a6ac9487dee973d0f7474f,bfb99072e0c4e6c1
../foodsg-233\har cheong gai\NAFC6V2YHUZ0TXMUPDGT96R4.jpg,har cheong gai,all,3cd1c6ad0379c4be6a9e9d387a4f502b,bfc0783d9dd0c462
../foodsg-233\har cheong gai\9PDJ449M0YLVWLBWGD3UYAHF.jpg,har cheong gai,all,b391493ba55d563b337ff37f3c891306,bfc0783d9dd0c462
../foodsg-233\pancake\GIX54H0F4ZEXZPCLRI09KGC8.jpg,pancake,all,d267d3a4bd414fa7d1f69d93f54bff87,bfc0c02f9e380fc9
../foodsg-233\pancake\ZNSOJLUWGO580FDVAYF1QSNU.jpg,pancake,all,d1a5a34c711943e01bb790781ca6b0ad,bfc0c02f9e380fc9
../foodsg-233\yong tau foo\Y5FY9WYKKHJ8KF87OW96JNTB.jpg,yong tau foo,all,63185424aaeda99b604a3de0581375fb,bfc0e4c7c038c33e
../foodsg-233\yong tau foo\TTK1O1IEGFJQ81SZUAIRP0XQ.jpg,yong tau foo,all,c8584eaa764c35a4e14f2965f03dd5b5,bfc0e4c7c038c33e
../foodsg-233\satay bee hoon\PWU9SHQMX7KKWT877OK879TM.jpg,satay bee hoon,all,01def402e85e3616b5a3ebae71ccec07,bfc1f804d3cc0673
../foodsg-233\pineapple tarts\ND8LPLDJC5MWYZKK3JE2S494.jpg,pineapple tarts,all,7eb6236430383ef24f080defe7d0b33e,bfc281d92e9d20c7
../foodsg-233\pineapple tarts\IVCQKNWJIVB7LQT6M2LHZAZ3.jpg,pineapple tarts,all,5700880f11474fedd2f2ce770e5a4922,bfc281d92e9d20c7
../foodsg-233\lychee\WX10FE6FPYXMHLBC2A5PC76M.jpg,lychee,all,b3b95eb484804cc004e625c5be32765d,bfc2d02d01b3ced1
../foodsg-233\lychee\ZSYKK8OC966JWZC76Y5J4IAE.jpg,lychee,all,1586f96cd7bdac4494e6d89840381a0a,bfc2d02d01b3ced1
../foodsg-233\char siew\3Z520HQZMYQSE5NUGCPX6PBH.jpg,char siew,all,9b194c5508d226a50190686fa9d459f2,bfc397211a4e601f
../foodsg-233\char siew\F7UH82G2O5E6Y6ELCLNQZNG9.jpg,char siew,all,cdc6ca9f75c26b656f04d940530c8a44,bfc397211a4e601f
../foodsg-233\rock melon\4DSLD993YMEG9T4ND240VH0M.jpg,rock melon,all,863220dd6d0bb8c79d72eecbb080c67c,bfc4c0b90f3cb681
../foodsg-233\chicken chop\YXNE8Y5LADNT865OZVA6U9XC.jpg,chicken chop,all,e207a491f800cbcf7226ed5188b9e0b8,bfc4d400811f5e5f
../foodsg-233\chicken chop\YSIVMO4XSMUTU5NFZFT7TYJP.jpg,chicken chop,all,c953cb5b10fd581a1766b58379bb2a41,bfc4d400811f5e5f
../foodsg-233\hokkien prawn mee\3KWY1K2W00CPB4EN0RXK6RGF.jpg,hokkien prawn mee,all,73669735aec9b6861bfad96693c82ab9,bfc7bc34c01ad071
../foodsg-233\hokkien prawn mee\1JV3EY44633QCOI6NGBDFC8Y.jpg,hokkien prawn mee,all,eda5d66b16be609d00def4f5a9494725,bfc7bc34c01ad071
../foodsg-233\White Bread\7M9ZI5JNRZY8K5WH70IQ7OVV.jpg,White Bread,all,1a1fa02b36daddf2a44b7a9266a577db,bfc7c04a61bc0f13
../foodsg-233\White Bread\1A7H7JSA158F55DQDLVTTGD3.jpg,White Bread,all,33b2c19872ead88ed6235f74504120af,bfc7c04a61bc0f13
../foodsg-233\honeydew\GSG9EOBKLAQM8XMQ0ZGOSOVF.jpg,honeydew,all,573219ef8eab7da5dea277a67df93f27,bfc8f883c007c39b
../foodsg-233\honeydew\SPHKTB0A17HGFUC31K8O0VIY.jpg,honeydew,all,0d347cbfb669027cdc5f4f1a0b831a93,bfc8f883c007c39b
../foodsg-233\sushi\NBV04HWBJ8EPYKJUGHKBWWXL.jpg,sushi,all,4ae0496603d58e55b7dfd29009da0631,bfcac0b1631e34c9
../foodsg-233\sushi\2I7VLYHOFKDKEI01ZDUOXSS9.jpg,sushi,all,3271bcd377a6c5fc918579ce3eee3fcc,bfcac0b1631e34c9
../foodsg-233\Cucumber\DSCJ0AZGQOJQXGMQFKB4J0IC.jpg,Cucumber,all,fce20ac82eaae340a2de03914788f206,bfcc80931b8d6c5a
../foodsg-233\salad\6MKKJINCW2JSBMTP17TIC4UX.jpg,salad,all,481989e1fafba511de940630a708340e,bfcc80931b8d6c5a
../foodsg-233\mushroom soup\4IH6LE0A0OZVVX5GP7B7V292.jpg,mushroom soup,all,2158592fdc6dce4caba51d2363ce86a2,bfd04b43102f57b8
../foodsg-233\mushroom soup\M2M2PNODPYKYXBPGKN9RO62U.jpg,mushroom soup,all,261f2b6a274dbf582b8328a39fa479d6,bfd04b43102f57b8
../foodsg-233\baked beans\96QUMQS45L9GSH4EEECTO0FI.jpg,baked beans,all,de790522997ed4221606e1ba2cdc2daf,bfd0c2cbcc3d9070
../foodsg-233\baked beans\MIOOP62ULZGUNPMS4L5PSUUI.jpg,baked beans,all,af5aa3173a6828e0f9e472566c1fac14,bfd0c2cbcc3d9070
../foodsg-233\Fish and chips\299JVRDETW1BSKQ0O3878YAC.jpg,Fish and chips,all,7fa4a253291248674471f4274bf65078,bfd29c21cd18ba85
../foodsg-233\Fish and chips\NKUJPBYSL1VKFIFVVXL9JO4V.jpg,Fish and chips,all,720dc5412598b541dad77fef4f02caad,bfd29c21cd18ba85
../foodsg-233\biscuit\POL6NWAFQ1DFL5YCEA3NVUHE.jpg,biscuit,all,c83f11422bad032a5e208dcdcc6b0534,bfd2d03d83244bd2
../foodsg-233\biscuit\2XKVO2LOW3U63TEHXSDXMHIR.jpg,biscuit,all,b2f733a0e48439be6df76585e8190db6,bfd2d03d83244bd2
../foodsg-233\Mee rebus\OOZVALQ4NJE6FTYFKLCWROOC.jpg,Mee rebus,all,7ec804e940da6adc292bddb3e21b88d0,bfd7d44a4169e121
../foodsg-233\Mee kuah\2W83X4H87C148LSY3LLDBPDX.jpg,Mee kuah,all,3f17c8b43097ecdd7c65bf70218d0335,bfd7d44a4169e121
../foodsg-233\Soursop\UMU4BP78R5KWZAQM6QXPTII5.jpg,Soursop,all,5ddb29cbf3ecec8c819cb2f0bb34ccc3,bfd8d0c983368336
../foodsg-233\Soursop\PYJF7CSY7MDU61G0MD08WB3C.jpg,Soursop,all,baeb6f8519656fbfbab8a74f6eab19c5,bfd8d0c983368336
../foodsg-233\hokkien prawn mee\YQHYJG64ZL5Q4TJAA9H0SJI8.jpg,hokkien prawn mee,all,52887994996359fbd588ebf453e3d290,bfe0c01f03f83fc0
../foodsg-233\hokkien prawn mee\A6UC5LYEZ5ACGM1A0LVRS5PH.jpg,hokkien prawn mee,all,64792beb24c409545896a63a8c7dd357,bfe0c01f03f83fc0
../foodsg-233\Pung Kueh\JGL6ZBADQUB6CGAWJ6V53B4P.jpg,Pung Kueh,all,0c4e5afa019c64a0f084c44030388cb1,bfe1c09f473838c1
../foodsg-233\Pung Kueh\Q2UZCLO5ZFS46XC4G7ICOL5O.jpg,Pung Kueh,all,fb7e6a00d1e2ab1dab6957d96a28fd03,bfe1c09f473838c1
../foodsg-233\bak kwa\DZUBDNLFC096X90PY6R90J01.jpg,bak kwa,all,3035caa1bea9db98b7288bd6eb113540,bfeda150854fd0c8
../foodsg-233\bak kwa\WV4WVGPXBZ1UAQCONRFRNQW7.jpg,bak kwa,all,5d3a29a9dcb8d67cdeb550e1d8bc9eb2,bfeda150854fd0c8
../foodsg-233\siew mai\12WX0Z2WTTTIBVWUQDPKX080.jpg,siew mai,all,372f157b4a3779641ac88ed16cf203c8,c0173b6e3464d3c7
../foodsg-233\siew mai\UBXQY6HPX6RVZQH77W4POUKZ.jpg,siew mai,all,8037f3c5ad59fc42fbd7b47309852e60,c0173b6e3464d3c7
../foodsg-233\Kueh Salat\J1CUNJEM1BCAPEKQZBM8KN1P.jpg,Kueh Salat,all,deb16413d1d7ca5ca8e57cb742893209,c0333e921ede169e
../foodsg-233\Kueh Salat\NU109ORCB9IJT88T7RB057W7.jpg,Kueh Salat,all,490f78d1fb492e8a937ff71405255b89,c0333e921ede169e
../foodsg-233\cooked white rice\YPFCK4K2TIKYDRX7NBHPWBZS.jpg,cooked white rice,all,20a9b184dc3d640a21d6eb3135800796,c03e3e90e5ca966d
../foodsg-233\cooked white rice\ZS52POE2FWSY18Z2ONJ2EG2L.jpg,cooked white rice,all,b39adee47a7c171779a37b8e4850ea79,c03e3e90e5ca966d
../foodsg-233\tutu kueh\TOFR9AY9F3RYL6P0UV5L2NU7.jpg,tutu kueh,all,a1ddb4a9e76fa109bcf73076cfceb694,c0486264cdb776db
../foodsg-233\tutu kueh\2HHMUAEHQ7LXKMYED1LB0G0D.jpg,tutu kueh,all,80d5e9267d2c9109c46a8870a2b29a17,c0486264cdb776db
../foodsg-233\bak kwa\H6L61KGA0UIZ81HHZMJFD7A4.jpg,bak kwa,all,2a46125718b641ce4b8248a674ff22e7,c05d050f1f7a5ee1
../foodsg-233\bak kwa\QAU1QXQJ5OZBNEL0AJ3VKEP4.jpg,bak kwa,all,235c4232aed5fd7c369a11658193fb69,c05d050f1f7a5ee1
../foodsg-233\gulai daun ubi\H2V0USHZCRS1JNAVYVRPL8SY.jpg,gulai daun ubi,all,68babf830480289fcf238932d29440d9,c061c1eac362e7e7
../foodsg-233\gulai daun ubi\7H86MTM01SPHGZ2W6BRMHPNS.jpg,gulai daun ubi,all,fbc01641f98891a1710ff7dd5adafb6e,c061c1eac362e7e7
../foodsg-233\Soursop\XCMAA0MA0U54IGSM6GHERJA9.jpg,Soursop,all,509636d5f02dbfb5d72348c35797ed5c,c06695d94a64b79b
../foodsg-233\Soursop\J2GJ0YUN94EENDWQPJQ7ZYN5.jpg,Soursop,all,f4d64b3c0ad0226199f24a76df29d083,c06695d94a64b79b
../foodsg-233\Dumpling noodle soup\MM5II9ZUO0JNUZ1G1VLE4GFB.jpg,Dumpling noodle soup,all,eb81ba2424dc719e8d76d5d164834406,c066a3b79f8d4d28
../foodsg-233\Dumpling noodle soup\27BML7I2I08L1DY2TEW7XV9E.jpg,Dumpling noodle soup,all,84dc6c43487e2461905f50f24343f1c6,c066a3b79f8d4d28
"../foodsg-233\Wanton mee, dry\BGURFFOCE3ECD30PE6VGL8ES.jpg","Wanton mee, dry",all,33dcf4ba3269aee4b523bc0149e38667,c06b65f2b3b1a1f0
"../foodsg-233\Wanton mee, dry\ODD6CPEZ9XV2ZH0WHV7XBH3E.jpg","Wanton mee, dry",all,ed1bff3d2cf173516aacab5c1c6cf1da,c06b65f2b3b1a1f0
../foodsg-233\murtabak\4SYUL66ALT1PI0EO0A9PDWLM.jpg,murtabak,all,f7f85cfc43c8b39b5a3ff6f291e3ea82,c0734fd06b85399e
../foodsg-233\murtabak\US28XCN74ENW6JIT8B9Q6BKS.jpg,murtabak,all,f4f934fc57970f7dcb535e42e2cd595b,c0734fd06b85399e
../foodsg-233\Kueh Salat\RKBY9I75JJH34AEG3TGTQ99P.jpg,Kueh Salat,all,bd0e5c462d334318a4e9ff9d9372ebb7,c07a27d558ac37d2
../foodsg-233\Kueh Salat\6NFL5LU3C7MIKUJMSB4Y1LQS.jpg,Kueh Salat,all,a07bb384d84c0d652f59d48c127992e8,c07a27d558ac37d2
../foodsg-233\Mee goreng\I6GN8Z5FK4NSF8QEUJPYFW39.jpg,Mee goreng,all,2670c8504f53a043fed0be2d824790ad,c0811bbc3f366e63
../foodsg-233\Mee goreng\F9M85RI15MLY5TTWRDOFS9JJ.jpg,Mee goreng,all,20903d6cb8c77d62edbeca7206a9c139,c0811bbc3f366e63
../foodsg-233\Kueh Salat\LB94D0ILAAK5OU8UO0GF1U27.jpg,Kueh Salat,all,34da55169587ea60541dfdae7dc3e31d,c0847f1f204b45ff
../foodsg-233\Kueh Salat\QMIL2S5PHUG118LSAZK632F1.jpg,Kueh Salat,all,ba2f18634732421ea79ed5e09628ba69,c0847f1f204b45ff
../foodsg-233\chilli crab\SOXJ24ZYVUB4F4QMJHBTQNFG.jpg,chilli crab,all,2f6268cb5f3e06bae4f7902c787bdc88,c0868e7fbeb08f90
../foodsg-233\chilli crab\XCTVU9OX9KFOCNXSRL541FE7.jpg,chilli crab,all,f875f2b16fb24cc7ba2ed235a2c3d7c6,c0868e7fbeb08f90
../foodsg-233\begedil\HVUR2L25IHK9EFRMFQ19MJ0A.jpg,begedil,all,2dbefabd2f331344ecc7d137a3b30068,c08751cbce9e6b61
../foodsg-233\begedil\5JD58C2HA6VEKO6ORHNE9DY6.jpg,begedil,all,180422ee1918c98672283cd1cc1600e8,c08751cbce9e6b61
../foodsg-233\Mee siam\8ZU2SWD4YRPNE4PMWBRHMUKT.jpg,Mee siam,all,067ad78b90d0aa07324597f21ce2ac3d,c09385161fdb37e8
"../foodsg-233\Mee siam, fried\07KOXNHR87CY8H4FJADCX6I2.jpg","Mee siam, fried",all,1c4b797edd9f86017786358ad98711db,c09385161fdb37e8
../foodsg-233\siew mai\0A0KR31T5WJO87JL9MRUO9QO.jpg,siew mai,all,711b6bcee068762c141998457d4b2deb,c0982fa53b6758d9
../foodsg-233\siew mai\F9N1RSE0GRA8XHKZFCSBEPL0.jpg,siew mai,all,be2c4e83978b45e5bb6ee17f3e2f4954,c0982fa53b6758d9
../foodsg-233\Udon\OD7L72TBED3BIKW4K6KHCUBS.jpg,Udon,all,d4b5bc4019676b2c3e3dab3828f33899,c0a41fdd7a3a689a
../foodsg-233\beef noodle soup\VY03TJUPU2GR4E7ANZQ47K92.jpg,beef noodle soup,all,63912597c51ab0cd4d8a5089c1c72cd2,c0a41fdd7a3a689a
../foodsg-233\tau suan\VZWI8Q6O8QQP5WMC0I1YWVPG.jpg,tau suan,all,4c6735e20483a9aeef94b482cfe41752,c0b4af9ead8b348c
../foodsg-233\vegetable soup\4Y2VJBUEA0JY0Y08Y3SOXHBA.jpg,vegetable soup,all,206cea4bcc8d44b35fb687135f3924c4,c0b4af9ead8b348c
"../foodsg-233\Mee siam, fried\U796OAZM3U1VKIXR5HKMSUTV.jpg","Mee siam, fried",all,39c329e9c1fe15c04353dfd852b92c35,c0bfe870870d98eb
"../foodsg-233\Mee siam, fried\POF5SAY7VF98M7BY7JG5ZWMA.jpg","Mee siam, fried",all,ad43bfa256770ea64c5f0844cb68331f,c0bfe870870d98eb
../foodsg-233\Mee rebus\BCABCIWYT69VKNZJ5FK0GBS2.jpg,Mee rebus,all,5baa9c063f286b06f0c5a44e621d6c95,c0c074ec9e39f86d
../foodsg-233\Mee bandung\UMZ5FLHPJT3ZF5KZATH56R2U.jpg,Mee bandung,all,f2632dc039d5346f313d8ae58f784df4,c0c074ec9e39f86d
../foodsg-233\pig organ soup\V76KMI07VJRVUF8KE3BQCELN.jpg,pig organ soup,all,0cf49f802c03d1c1d05d09c23de5b5a4,c0c2cdc0fa873a6f
../foodsg-233\pig organ soup\2SP0LMX9EVP8UZEUYR8I4TBT.jpg,pig organ soup,all,17a8c934f733f69d126655c832339984,c0c2cdc0fa873a6f
../foodsg-233\Soto ayam\Z7Q6GYL7EY4D6LVYYTMXMPA4.jpg,Soto ayam,all,ce5c6b169bd24491ac2608a68bad2d9e,c0c67e80eb7907da
../foodsg-233\Mee soto\KOBDTUGJUNO90PCMLU1HIKK9.jpg,Mee soto,all,bb3b0ad3cbd26d23f78217bd80c80682,c0c67e80eb7907da
../foodsg-233\Kway Teow\G21DEOT2ETWEK3CLM12JVZV7.jpg,Kway Teow,all,89740313f9078d5d3580e01474779d64,c0d22d5e1f62f2b8
../foodsg-233\Kway Teow\CCY4JA6O0C9CKMNFW8LGNUWD.jpg,Kway Teow,all,8d03067b2ba0a789ffea465bdd8a068f,c0d22d5e1f62f2b8
../foodsg-233\Soft boiled eggs\3A2W5IH3KSSRUFL6Q9V8O68W.jpg,Soft boiled eggs,all,d64351dfb7042a30edec092b6481d5e1,c0df03628ded9f90
../foodsg-233\Soft boiled eggs\4J9V6YIJ81870OLCONEK2072.jpg,Soft boiled eggs,all,25b269c8b04c311b9617c86e78f6c477,c0df03628ded9f90
../foodsg-233\mee pok\PX34L55ZXQ3YGU5FGEFFLIIK.jpg,mee pok,all,c7571b88c6e940c74aad0a13c413269c,c0df57fa07a885c1
"../foodsg-233\Mee siam, fried\XHNXHKUTWTPI2X89DIZDN4A5.jpg","Mee siam, fried",all,0bd59d22946a538c8375a5303fcb7c71,c0dff340a6b11b1b
"../foodsg-233\Bee hoon, goreng\3V6I8YQMM5TXJ4A98D38W4YA.jpg","Bee hoon, goreng",all,1227cd4db92073bbbc0de5531129176b,c0dff340a6b11b1b
../foodsg-233\White Bread\T0LHSA70K8ZUCNPVRXR9PBAX.jpg,White Bread,all,0a657115686335d1f75e113d44864879,c0e93fd494c85b65
../foodsg-233\White Bread\IEPP6WDSIQ3TFH5LSL29UKT1.jpg,White Bread,all,3c92c276b212e5493fefdc8d20224df5,c0e93fd494c85b65
../foodsg-233\hotplate tofu\58G04XY60NFPEPF3MO7W6DMT.jpg,hotplate tofu,all,db6973909efeecf4554d9030cb54b1b7,c0ea87809f9d9e33
../foodsg-233\hotplate tofu\L7QD52CGNTMI1MCNJGB0Z70J.jpg,hotplate tofu,all,2bb47dc490a2b490aac43b8a529d1370,c0ea87809f9d9e33
../foodsg-233\pineapple\LIDFUCI713ELNWKHUAYQ2CKZ.jpg,pineapple,all,477c9c058fc6961e5dd00e440a5f5426,c0ed0b3636341ddd
../foodsg-233\pineapple\WDX2O3T2LIECLDT6IXWKN28T.jpg,pineapple,all,134d0596a8ee5e2d3dba5f1702593b69,c0ed0b3636341ddd
../foodsg-233\Soto ayam\SG4XZPCE04B55QIK4L1M7BHN.jpg,Soto ayam,all,04d806db2de0e9fe3b75d811dcb4a26e,c0f917c298a739c7
../foodsg-233\durian\UEVF3GWDJBR21HK9P7W32NSX.jpg,durian,all,7494db68f73d0caf1e5300569b517e45,c1073fd8362eda32
../foodsg-233\durian\4PQ70MERF33WBQFQHJBFSFUE.jpg,durian,all,ee236513e3409b4fbc152067e9d8df21,c1073fd8362eda32
"../foodsg-233\Bee hoon, soto\945B6CRSTKHA46P7393DC5V0.jpg","Bee hoon, soto",all,9d92fa3d2147fad401e2cbdfae8ddbef,c12386854f1f3d79
../foodsg-233\Mee soto\KXV4BJRGS38ENTTE3VGG9MXT.jpg,Mee soto,all,ef6429e6123feffa41ddc68180b9f3cf,c12386854f1f3d79
../foodsg-233\sausage rolls\QCDBU0AYSKEMQYY5HY9Y3DO2.jpg,sausage rolls,all,0e40a86fd0b538715a8cebd837638f3d,c135cc348f0b36de
../foodsg-233\sausage rolls\97XMBFYU67HG5LTZHE463UTC.jpg,sausage rolls,all,7a3c362f0019587b9149ce96112bf097,c135cc348f0b36de
../foodsg-233\Seafood Noodles Soup\DY5T8R8ZR98ROA2RGMZGSGKU.jpg,Seafood Noodles Soup,all,781c97483bda6ccd49537a4395cb283c,c1427a7faaad818d
../foodsg-233\bee hoon\KG5C49G6RNQ2LM6VZGUPH44K.jpg,bee hoon,all,df6cb9096a31d62f798c22c2cf831e18,c1427a7faaad818d
../foodsg-233\lontong\WCBT2G9GKU68XXDN1SMK3U3N.jpg,lontong,all,fecb2f972a4c951a03a2fdea7786ffd3,c15a9ed13cca7989
../foodsg-233\Lontong with sayur lodeh\HVD2LR1TJBOH9JIWQBG60D9X.jpg,Lontong with sayur lodeh,all,19e2ce3d8afb24b405b94ee533702a21,c15a9ed13cca7989
"../foodsg-233\Bee hoon, soto\AKTDFO2D8H48I3UBIBBCFTLT.jpg","Bee hoon, soto",all,92ca9a8afe7e64e86bd65a63619220be,c1703ee8b8b199b3
../foodsg-233\Soto ayam\8C6KADCLHN46QTBFJH6TMUQ0.jpg,Soto ayam,all,dc1caa39a80e9212f4c0b4a9c796067a,c1703ee8b8b199b3
../foodsg-233\Kway Teow\RF5YDLS4TT1GNK2STPEOYH1V.jpg,Kway Teow,all,d5bc87c82ed2680857e5270e66262a21,c17952e66fa1a915
../foodsg-233\Kway Teow\ANFWHZN8IGKQSJP65A8T5KPZ.jpg,Kway Teow,all,c1074d730b650b12c187b92427fe5400,c17952e66fa1a915
../foodsg-233\Burger\Z3C55WO4GGAP7XR2XV2ELTIN.jpg,Burger,all,127396fc689c4fbfd94bf269c1193a94,c1861f3f3d6070d5
../foodsg-233\Burger\6KEW7PLGMZRZPOHO4DRGHTB3.jpg,Burger,all,55b9b05ffa61aa235c7d18e13234bd4d,c1861f3f3d6070d5
"../foodsg-233\Mee siam, fried\2IVK8J8AUOQ6MZZE5IU9T56T.jpg","Mee siam, fried",all,8f5d90fca2a658ba6a76bab99df19318,c18f14aac7adee30
../foodsg-233\Mee siam\2U9W5VLMGCNHD08UP0V2URV7.jpg,Mee siam,all,cf23b9223f3151dc3f45b435927c7a2d,c18f14aac7adee30
../foodsg-233\Mee siam\RVEE0UTZWZRFMSUXTPM5ACYK.jpg,Mee siam,all,59dbcd27668ca76f6a7fb848e3b12c50,c18f14aac7adee30
"../foodsg-233\Mee siam, fried\NT0DMW3JHHCUFMQX2184ZZ6H.jpg","Mee siam, fried",all,306012ab6b8d25ee42ab7e6d45b04d80,c18f14aac7adee30
../foodsg-233\Grapefruit\9EQF5WCVNWP48P14ORMDX688.jpg,Grapefruit,all,a18e2907a1fc56ceb93f0aed0c357f6d,c195d4c17be95626
../foodsg-233\orange\CVWTB9GIWV9HPG9S3NHZ47GG.jpg,orange,all,a7773b318dedbef1f505fc4635eb9305,c195d4c17be95626
"../foodsg-233\Don, unagi\JUVWBRX8GGGPV7M6N7ZZQW1D.jpg","Don, unagi",all,b811fae50e5c823e2ed13ef4fd4cf03a,c19ec1d8cfc0cc67
"../foodsg-233\Don, unagi\1FUN70SVM057ZA1IFZ2FV7SR.jpg","Don, unagi",all,1c9d6dd474aa485bb47f5a6f7bdbea57,c19ec1d8cfc0cc67
../foodsg-233\sausage rolls\LC57HKMSPE3XBHKXW1QPY78B.jpg,sausage rolls,all,e2b106246516049586c20241300f8726,c19f1c1a5bd56ec0
../foodsg-233\sausage rolls\4XVU8WWE4HY0ZSFQP5B5GR5N.jpg,sausage rolls,all,01742ce8ecc7b7eadc6b1ea453667ad8,c19f1c1a5bd56ec0
../foodsg-233\chicken rice\Z9IY3R8S89OP9OE3XYCN5BM7.jpg,chicken rice,all,fd5e98a76047472b36f9730dfaac436c,c1aedeaa02357ac5
../foodsg-233\chicken rice\C7JAPZQATXFHW8W0HAV6JIWZ.jpg,chicken rice,all,0093e276faaaa3897b8dd9fcf9ea3133,c1aedeaa02357ac5
../foodsg-233\Soursop\3RX63W155185IWD1ZLE39JVJ.jpg,Soursop,all,44d47a741f8813f84a4f82f5975c7ad3,c1b43b2561c3cddc
../foodsg-233\Soursop\98FRX64XQSNLSCDST6JBL6S8.jpg,Soursop,all,f1e1215b792379f0c4a833b811152627,c1b43b2561c3cddc
../foodsg-233\wholegrain muffin\9ZEGJYP85VNBRX5E69E3Q7HT.jpg,wholegrain muffin,all,99ecf3d33612b9dc0903a2dadc6e0ca3,c1cb67588728966f
../foodsg-233\whole wheat\KIGGC5ZJREKBFULF0BEB0ANT.jpg,whole wheat,all,51cc2238a9085e3fd409478543141922,c1cb67588728966f
../foodsg-233\french fries\FFR0FV3RYINYIH5040E0QPH7.jpg,french fries,all,f9724ef1709a4887ab6d9e6f4d60c682,c1d380db82a72f5e
../foodsg-233\french fries\FJNCYYGTNY311RF3IJM1WSP2.jpg,french fries,all,9054958d8523403cc0b533f6e526c16e,c1d380db82a72f5e
../foodsg-233\Fried Noodles\97FRGQ1B9H9SGF4R5WTZFZ0L.jpg,Fried Noodles,all,6fdfb9e2085e33ed77b552bb09e94b55,c1fc0e603da7649e
../foodsg-233\fried rice\SNS2P5VFL2NV76MLGL0X3F0G.jpg,fried rice,all,a040cebcb05b0551dd4460b6da335e07,c1ff4e80689f611d
../foodsg-233\fried rice\E30X2Y85EIE8791ZND93BCEE.jpg,fried rice,all,e01db5cfed85805efc6b1003bebccc4a,c1ff4e80689f611d
../foodsg-233\Burger\ZQ7XB0Y1CYME0ZD7SBTWLNDH.jpg,Burger,all,408f1630096230b455cd5f1d732291df,c20f39386dc1e727
../foodsg-233\Burger\U0EK3XN19P17W1HP1IQWV3YJ.jpg,Burger,all,0cfb22a526c6289f2a921fb95ed2b472,c20f39386dc1e727
../foodsg-233\Pung Kueh\TW671D72OV5Z4A1CCEW5WDTG.jpg,Pung Kueh,all,2c7d6dca685dd0d251be9d43f66028a4,c2232bfabdd2cd20
../foodsg-233\Pung Kueh\YADW858OK9QWXB55P0V091DK.jpg,Pung Kueh,all,d7400bc7e3baac60f965c64fd23c8113,c2232bfabdd2cd20
../foodsg-233\Chocolate\53VKE17AZAUXNPMDS1R9WCMD.jpg,Chocolate,all,15b3bab1f2e938592d595280b75d4068,c22b6f8795c22997
../foodsg-233\Sweets\Q9Z7JGQFLQ0380ZH0R6O93GN.jpg,Sweets,all,a587da8b464a974e62f3bc9eea3a7142,c22b6f8795c22997
"../foodsg-233\Mee siam, fried\EGW9ZYUUVDZ3J1QFMATGX6YI.jpg","Mee siam, fried",all,a1d2d4b5422e0010cea8b1274eef188b,c22e53f35ca30537
"../foodsg-233\Bee hoon, goreng\KP6RKA0D2Z2F9H0G86ATQXFC.jpg","Bee hoon, goreng",all,c3ffdd86178769f2b9c241fef39cea61,c22e53f35ca30537
../foodsg-233\char siew pau\XXPJKEE9X5BALV5SLA6E4L5W.jpg,char siew pau,all,144818c5aa3285dcd26e993fb889c1b7,c2356993acd17ea2
../foodsg-233\steamed buns\4J7RCS71KARWKHLDYIPKVMRF.jpg,steamed buns,all,2cd57f0c88e2d44dccbc1815abaa564d,c2356993acd17ea2
../foodsg-233\Tauhu Goreng\YYWUTE13U6M6M2S6IG1V0MJW.jpg,Tauhu Goreng,all,8e32bd8574f02115874edb5c139bdaa5,c236bd65e8d2e462
../foodsg-233\Tauhu Goreng\6C26JO2614QF6V5B4VB2XXMW.jpg,Tauhu Goreng,all,738af67a01a343a5bb15b5a6241a07d7,c236bd65e8d2e462
../foodsg-233\green leafy vegetables\1I3ZVD4RESL4QQWAH0IO8KI8.jpg,green leafy vegetables,all,13b9fee59df782db8f380391ea44817d,c27e11999883e5db
../foodsg-233\green leafy vegetables\Q66ED6VK9MUXG6YXBKS3RCOX.jpg,green leafy vegetables,all,fad98344869e9c8d172052e3ff17a19a,c27e11999883e5db
../foodsg-233\mixed vegetables\FNPCQWENMZAZSDVPV43S56J6.jpg,mixed vegetables,all,72393c57e06bfe88c2c20b13adf7d02f,c281fda550de9b16
../foodsg-233\mixed vegetables\O9C3QOKUZQ8TGQAODXZ0W7LX.jpg,mixed vegetables,all,748d6920c571d587bb8a8309b344524b,c281fda550de9b16
../foodsg-233\spring rolls\K4MHPXV9DEA75RXBZDQ2TH1Y.jpg,spring rolls,all,123ca747be79c8fbf6b2e159121d95e5,c29cccb294a9b5a7
../foodsg-233\spring rolls\AD6W8UI0OYSBXUS6XCK9JLUL.jpg,spring rolls,all,9efbb11bdff3770d596d623f0228afc7,c29cccb294a9b5a7
../foodsg-233\biscuit\GUW3ECRDMF9REPU97M16AGWZ.jpg,biscuit,all,178942c95bb9de084f121a3ae1359f38,c2a0bd4f30c9cfb4
../foodsg-233\biscuit\PSWLHW6162XP8YOUTQJFDWEG.jpg,biscuit,all,f43d0d362ed9893f5ae2848a1dd4ab95,c2a0bd4f30c9cfb4
../foodsg-233\pig organ soup\EBES8C4BU9EC6Q2SWSQ2MFSO.jpg,pig organ soup,all,c0448c323ee6a9a5a78996d08d8d4653,c2aa50950f657e6b
../foodsg-233\pig organ soup\DMBVUYNIAFJZM8HO6DO35332.jpg,pig organ soup,all,808221f047692e541da9eeaef6c4238c,c2aa50950f657e6b
../foodsg-233\tutu kueh\JY94BBUJED8NPF0DTAP4ONTP.jpg,tutu kueh,all,c2dbb4c54f7faa1704b37fbdcd5f353b,c2ad4d7d2062cdcb
../foodsg-233\tutu kueh\XIS5MVMHER6S72LYP8ROIEGE.jpg,tutu kueh,all,2007bbe7c645157330e8cca5f9265814,c2ad4d7d2062cdcb
../foodsg-233\passion fruit\Y7UHLLD12XLU91XBDUT9KAG1.jpg,passion fruit,all,bd08737313b6421ca339bd28ce459846,c2b235d2464eec97
../foodsg-233\passion fruit\1VE0V83SPSFZY6VSW73IWDZI.jpg,passion fruit,all,aa50240540ba554fb7580c78632efc9f,c2b235d2464eec97
"../foodsg-233\Bee hoon, soto\UZAOJ6O0OB7Z1H61REZ27Q2N.jpg","Bee hoon, soto",all,24ef6250583d0043b4eae6228f5b63fa,c2db2fe08dc7120f
../foodsg-233\Soto ayam\6DY9G5ASNTLXKA18MK21QTUS.jpg,Soto ayam,all,06e7f12d2816bc1f8a6c569aeb2fabbe,c2db2fe08dc7120f
../foodsg-233\siew mai\JNVOB3T7ST890J3QSRHCDUYM.jpg,siew mai,all,b74901579e2e5eb5a44207ce458d560e,c2f4584c4f92adb9
../foodsg-233\siew mai\45BHLYJZ8PHZOT58XVRPTFTS.jpg,siew mai,all,2c498633783db996b772c623c085a3a9,c2f4584c4f92adb9
../foodsg-233\pancake\MFYG4YG36P0YTBC8Y86BQKW2.jpg,pancake,all,909755a05bb2ce45a0e9b8f9d6e35225,c3013c3b7aafe170
../foodsg-233\pancake\836GS9NT50Z7P1ERH9OPN7PR.jpg,pancake,all,355292af729eae57061f9604a451353e,c3013c3b7aafe170
../foodsg-233\Mee rebus\NZMYD95LC6L50ZNE0XHZMBDM.jpg,Mee rebus,all,97b62f3dad60f3a368de6cf90d2cd224,c30e511a12ef0edf
../foodsg-233\Mee bandung\UAHADU71JRMU1MQMSFZ5BAGL.jpg,Mee bandung,all,f1187bc43a5d4079378c56334b0711ee,c30e511a12ef0edf
../foodsg-233\Mee siam\4OJISRYRPX97T142KJ6AWBNW.jpg,Mee siam,all,297dad3548fb4e207a1da7244c98d517,c313487d162d1fe5
"../foodsg-233\Mee siam, fried\YTC35TMYXBLRVPCEQM74698M.jpg","Mee siam, fried",all,7763053da79a3290f6b8a2042d8331f8,c313487d162d1fe5
../foodsg-233\Kueh Salat\LPLHYOH1O30AJ598NU8J92WC.jpg,Kueh Salat,all,f5fc0a9f38d90da23d4fb50665a61a6e,c3172f7c7c442359
../foodsg-233\Kueh Salat\BN3ZQGKSZOOT0CM7DV6F2TT3.jpg,Kueh Salat,all,e8f65685827957439a5e04b4660784e9,c3172f7c7c442359
../foodsg-233\Kueh Salat\JP5Y3JM95B4HXOJBBEAXN99L.jpg,Kueh Salat,all,21d541b53111ac572fb599190bc86727,c317b75340aa8b8f
../foodsg-233\Kueh Salat\A9YPEJ6C8PJS8A14MM8A8Y6J.jpg,Kueh Salat,all,fc00224d2f57634862c69e83faf0705f,c317b75340aa8b8f
../foodsg-233\durian\7P7AI3QIHDB0QPNXPAFIH2OR.jpg,durian,all,444f67a0bb7fb2935c408040624ebb77,c32d32b239c7ec46
../foodsg-233\durian\DO1Y0TL3R6F9SMLFBUON5JZU.jpg,durian,all,6d6bb467492b9a0896f05d3e0807ea23,c32d32b239c7ec46
../foodsg-233\kueh lapis baked\7JGHO6LVKVV2W1M6GE2VOY1N.jpg,kueh lapis baked,all,701379f02c8a9290e9082b9bee2083d7,c3433ff06cae2c8c
../foodsg-233\kueh lapis baked\L397SKS3D3I1108WRG3HUXDJ.jpg,kueh lapis baked,all,577a36ab0a830a99e1743580c372a7f2,c3433ff06cae2c8c
../foodsg-233\Chocolate\RZ57AYD4U12EHPUJMGEMBP72.jpg,Chocolate,all,e6bd182b6c051e5f907a01b45c4594db,c363bc9c43639c9c
../foodsg-233\Chocolate\AWV01DYLVM81U61AKTBA61Y5.jpg,Chocolate,all,108c1c5cb618f5bf042c529b782107cc,c363bc9c43639c9c
"../foodsg-233\Don, chicken teriyaki\K8FL6HGCDZS7MERQE8LZPTLZ.jpg","Don, chicken teriyaki",all,8078e6f883d0f361d032c8877c286dc6,c38544fa4a9529fb
"../foodsg-233\Don, chicken teriyaki\QCEO4RU3LCEXJOEMDSAO0RUJ.jpg","Don, chicken teriyaki",all,b8749cb1d552eba4b3be0078894ea66e,c38544fa4a9529fb
../foodsg-233\strawberry\SPOIJ0RPMWN74V102PZOS4BQ.jpg,strawberry,all,28b747faa8db2eadfd4cb65e7f9e9deb,c387dba0ae487726
../foodsg-233\strawberry\HF77X6OTN3FO79JGNMVD75AA.jpg,strawberry,all,f4cbc4c27e98ccd0b084123eaf8b9e0b,c387dba0ae487726
../foodsg-233\strawberry\6B5YC5E9DB6TD25KY1FBXFXL.jpg,strawberry,all,fe182a449e1138ca0330317794e103c5,c387dba0ae487726
../foodsg-233\mee pok\LWOIOKIGYHB2H3WC67URV5Z3.jpg,mee pok,all,00c0321314ea3d13ada540a9c669630d,c398fa39711298fa
../foodsg-233\Snacks and Chips\35OU43GE86NH8XO7N7SDWRX6.jpg,Snacks and Chips,all,d30401aaccd4ea0732e87e726a436759,c39e2cc72d6f28c2
../foodsg-233\Snacks and Chips\CGC5VRROXLW8JHQYLRHB8VYX.jpg,Snacks and Chips,all,7f163aa684b77ff4bcf13ff3df122400,c39e2cc72d6f28c2
../foodsg-233\Kway Teow\ZFZH2PBXVV65FY2W0JKUFPBL.jpg,Kway Teow,all,cab0866508dc5b5a1583f5151313f58b,c3a0b397a4f3a89c
../foodsg-233\Kway Teow\LXSVMIKB754H4US9NVAUN3GU.jpg,Kway Teow,all,3d3848e8e95d05b73cf497e43b76f847,c3a0b397a4f3a89c
../foodsg-233\Nuts\VKXK63T4WWLUK1ZAMYRI1ECD.jpg,Nuts,all,610717e6d0ee62a7745350a81a34c00f,c3afe09cd2567b10
../foodsg-233\Nuts\FW8CJYV842TLKEEZY1VAUYZN.jpg,Nuts,all,53e9cc4f5622764ecd839d5202d99297,c3afe09cd2567b10
../foodsg-233\Bubble Milk Tea\09W3BBZEAAM42ARL5S8KJ8ST.jpg,Bubble Milk Tea,all,917a8ff4e18329d443b8a43fb563c64b,c3b171530bdaabe0
../foodsg-233\Bubble Milk Tea\H1VKUHDZHATPHDXSBP5LQ3C5.jpg,Bubble Milk Tea,all,deff9fa35a6f1e3f888e0717016ff42b,c3b171530bdaabe0
../foodsg-233\Soursop\86OPUD1EOLOS80IFD88BTRBK.jpg,Soursop,all,bbccd3ee5f5d8da9d12d8606f2df0e87,c3be342cc8349e6d
../foodsg-233\Soursop\HFW8DFL6DO0XSS3COW0417TS.jpg,Soursop,all,b03a276e74686b91e61a26b01b03611f,c3be342cc8349e6d
../foodsg-233\Prawn Noodle\T61ELZ4CSW7YDFLCBD6FH9TN.jpg,Prawn Noodle,all,8bd9cd7fe5546d86affd11504bb63642,c3c3f362389e896c
../foodsg-233\hokkien prawn mee\U2W0PLXRDTDHUO5FPM4XOB0P.jpg,hokkien prawn mee,all,25afee6f49924739e41eb858fb81721e,c3c3f362389e896c
../foodsg-233\Ban Mian\I33TQODEFW5E5FZGRNC1LL4J.jpg,Ban Mian,all,fd1036778929f68df7c4962522643a60,c3cc2c57653c97a8
../foodsg-233\Ban Mian\3YF3EN28UBIYJQ8L6MSWN5PW.jpg,Ban Mian,all,80b81fe27deb5f9d18af3a89ee06eb45,c3cc2c57653c97a8
../foodsg-233\durian\0XNDKU89BHMV8YT9UZ1LLNVG.jpg,durian,all,4613fdffcb42b139f444af0fe06a9bfd,c3e47c9361329e99
../foodsg-233\durian\H8VT80U2CJZRYCWKO46COA75.jpg,durian,all,2ff9fa84a48dd94a35012851a910c2c4,c3e47c9361329e99
../foodsg-233\fried rice\A5YGDXFZSJJDIKHMMT3ZBJXY.jpg,fried rice,all,dd7a02ba94bd595703dbf6dffa98807b,c3ea37ed1001bf45
"../foodsg-233\Rice, korean bulgogi beef\RZZYNRYMDHXAA9TXHSMWZIFO.jpg","Rice, korean bulgogi beef",all,b90d164e009a28b9332bb1f04c018195,c3ea37ed1001bf45
../foodsg-233\Hor Fun\ARLKIQ5VFQVEU61RGAW1L5RD.jpg,Hor Fun,all,84aa9f98f2710adbecfc9a31c1399699,c3f8d1e7ce806196
../foodsg-233\Hor Fun\JN5GO7WME418DJNTGINMSQSJ.jpg,Hor Fun,all,b82d7c2772d4421e16543cff91f9692c,c3f8d1e7ce806196
"../foodsg-233\Mee siam, fried\8CQQT9F4E43UH076I63868V0.jpg","Mee siam, fried",all,bd3a494482fa622257bb85f88bb4f18e,c4044e6ce7e28fcb
../foodsg-233\Mee siam\33E7KG821WHGENIO9LJ3XOIT.jpg,Mee siam,all,459f1554a9521bcf9e57e19bdf553c7c,c4044e6ce7e28fcb
../foodsg-233\Indian Pancake\NXC8EM9VKGTKMVLFYEAT60W5.jpg,Indian Pancake,all,4628a06c99f48a981e5aa8f2857f6d10,c40c0e953dd2f763
../foodsg-233\Indian Pancake\481CNN6JLMQQ1OU3Q2DMSFN1.jpg,Indian Pancake,all,53227f2e7c4d558bc4d21163f4038139,c40c0e953dd2f763
../foodsg-233\lontong\M8TSUO6948O1V8K3X5ZXAJEW.jpg,lontong,all,99766839a43d4e9401f385f62d10eefa,c40c7e27799c64d3
../foodsg-233\bee hoon\2BYXAB1L24GLIGF6FCON0SOK.jpg,bee hoon,all,40289649e3cdbdd6c4cb2cbff2b44203,c41b1f6b1d4869bc
../foodsg-233\vegetarian bee hoon\8B8UZQ2OOAZ7DFG2NQ70ZQ6C.jpg,vegetarian bee hoon,all,d3ecfe74939c0ee7cbc74b57873c9d58,c41b1f6b1d4869bc
../foodsg-233\Tauhu Goreng\LB8XXWTZDF7J5MEWTZQH1GQ7.jpg,Tauhu Goreng,all,8079c884fdc2724877745b1561f3552f,c4265a9f606e3fc8
../foodsg-233\Tauhu Goreng\2QKXGH9HZQ5PDXBT27ORAQ9N.jpg,Tauhu Goreng,all,e4039956abd137ad910482e6826d11d7,c4265a9f606e3fc8
../foodsg-233\tau suan\5DW8EALSZ5UOVPK278EREUAV.jpg,tau suan,all,d2a06394a8667a0dcf8f9ae2f931adc3,c42e7ae120d43f6b
../foodsg-233\tau suan\TNF3GWHGHKRC2AOLQAG3KT2O.jpg,tau suan,all,e6c81ee3bde769ab618aadf7325fd29d,c42e7ae120d43f6b
../foodsg-233\drunken prawn\NAGGSWRDXB36FLTC31TPV2DW.jpg,drunken prawn,all,c98b8dd29e185f3f7eeadd19ea66d369,c4332f68f0a585fa
../foodsg-233\drunken prawn\XGCQKR03YY5DCZ6ALE81LRA4.jpg,drunken prawn,all,50e3ef2c82b31258106746e5339ce00d,c4332f68f0a585fa
../foodsg-233\chicken masala\5AOZ7EAD3Z63XE74J03SHUG7.jpg,chicken masala,all,cdfd9f6b8207934a8ffeb355440b1f0c,c44644ee45ac6efc
../foodsg-233\chicken masala\VKGLC545UN7YL96GVZB7V56A.jpg,chicken masala,all,b06be9db7a0cd81ee3a8727025394e52,c44644ee45ac6efc
../foodsg-233\Mee siam\Y25A28GMMIZBTJ4AAA81JEN1.jpg,Mee siam,all,596a50201d7feb238965f17e8c0beee9,c44ac32bc7973a39
../foodsg-233\Mee rebus\L7MU3ZU9WOB9KAEFUHG17S68.jpg,Mee rebus,all,b57455495d79a232968bdd241452c484,c44ac32bc7973a39
"../foodsg-233\Mee siam, fried\6C6XECQ8OD184D9617FOJABK.jpg","Mee siam, fried",all,5124b34df625dafb819d160fa7d616a2,c44f442eec98917f
"../foodsg-233\Bee hoon, goreng\OJGD89203K1TLOQIGP1SQA51.jpg","Bee hoon, goreng",all,177f7c02a8e942227cc377f52bf67275,c44f442eec98917f
../foodsg-233\chicken rice\5XU8TZ9N3S9B55QEZJ0O4P30.jpg,chicken rice,all,b002c5cae1cc440a0c3f8f368986ae6a,c456962e5b390b37
../foodsg-233\chicken rice\UKH8IS3ADOEGPOIAEKE3GMKF.jpg,chicken rice,all,f998157be311b27528d9a270150daead,c456962e5b390b37
"../foodsg-233\Rice, korean bulgogi beef\4WBGSAPRJKINRVEEQM0M1HHL.jpg","Rice, korean bulgogi beef",all,dceb6ab956293004dea3c28d4df52975,c4670fd77c60341b
"../foodsg-233\Rice, korean bulgogi beef\XB9ZL51PZVY8XOXQ20Y1LHE6.jpg","Rice, korean bulgogi beef",all,93a7f72d9527cd97e5b5457d79352742,c4670fd77c60341b
../foodsg-233\Kway Teow\NZN7GHR5LYJU9WWW1ZQQ5K0I.jpg,Kway Teow,all,9de4e950dda42c760df6ead4c18ffae1,c48163de8f39b863
../foodsg-233\Kway Teow\ALWIG0EA2R1BK4JO3BAAT4FF.jpg,Kway Teow,all,e5674c22468c2090606baaf8c9a2ab39,c48163de8f39b863
"../foodsg-233\Mee siam, fried\PCXLABVSS1GXDD1LE3AGS5VT.jpg","Mee siam, fried",all,7840739c97df0dd107cc953121980b03,c4861ba93bd7a49a
"../foodsg-233\Bee hoon, goreng\2RQFSJ07RLIG1BRO470IV2ED.jpg","Bee hoon, goreng",all,1e31965d38a4d8acf224fd96faab6f4b,c4861ba93bd7a49a
../foodsg-233\Grapefruit\5M2U3ZGZ04QQST13GDSDPWDI.jpg,Grapefruit,all,9d3b1f3f6260ec0d01ce773c455b0653,c48b90669bb3ec39
../foodsg-233\Grapefruit\TKYHCAAMGMS1G3PF9T8AEYHP.jpg,Grapefruit,all,23e4469de9ef3adcd329605e7e836bc3,c48b90669bb3ec39
../foodsg-233\begedil\HHQLQXW2OVCVNQIF6VT1MAPR.jpg,begedil,all,7c6b51355bbca283c9e5ef801593e83d,c48dc76a4a655a97
../foodsg-233\begedil\WU9GWUK66MCLPEZ7WCZGQEB8.jpg,begedil,all,90e3bcb8e61e1b4f694d221ec2d9b5d7,c48dc76a4a655a97
../foodsg-233\nasi lemak\YXY9YRUMU0QUAXRQB4QPU8SR.jpg,nasi lemak,all,f58270babb809c6d32e0f73fb5b48b34,c49cf0734fc949cc
../foodsg-233\nasi lemak\RKEIKKEIYF22QDGMK543E36S.jpg,nasi lemak,all,24457c351e6f44fe83ccffa98cd51930,c49cf0734fc949cc
"../foodsg-233\Pilaf, pea\YE95RAKGY33CPQENSXS73GKI.jpg","Pilaf, pea",all,9960d87f51ecabf61e6b0c46030b818d,c49d39e530732b4b
"../foodsg-233\Pilaf, pea\I2LALQ61EXT2TJUMBR6PWK0S.jpg","Pilaf, pea",all,85fa9a9e0dfbd29a0b4fc23f81411b95,c49d39e530732b4b
../foodsg-233\vadai\YPJDENGR9OWI4X8KOWRUVPFG.jpg,vadai,all,86d886def30ae7a209c7a429a033e2b3,c4a22bb7f4c4d14b
../foodsg-233\fried prawn\PMBCEYOI9GQAF0ONGV47FCGX.jpg,fried prawn,all,aeaf35151473e91191bd86e7bbe999f0,c4a22bb7f4c4d14b
../foodsg-233\Nasi Ambeng\XOF9FI61DCT1WQJ67HNKQ1AI.jpg,Nasi Ambeng,all,847adf8ab039945b9d7b67e39bae01a9,c4b738d84761369e
../foodsg-233\Nasi Ambeng\UFBNLFUN06NCQ0P7MFDG2HDQ.jpg,Nasi Ambeng,all,fb882ddb9f76949f934a629e0983bacc,c4b738d84761369e
../foodsg-233\Chocolate\IWAHEYTY88YDN24D3TBIWX9T.jpg,Chocolate,all,c3eb27c987d511409d1ec60cbf06463c,c4c26367a536d0bb
../foodsg-233\parfait\5FP5NFFFHZN8T4R9RNWY9FV8.jpg,parfait,all,5cff7b194a1a644d5238820267346fb9,c4c26367a536d0bb
../foodsg-233\blueberries\CRNAHK31D0ZERGJE4LYO57SY.jpg,blueberries,all,794fbaff681ff463757ff20b3b39649d,c4d247162dda2c6f
../foodsg-233\blueberries\6EA460R05720UO15DOKORNXU.jpg,blueberries,all,e605e2f95f6377db5f973e98d31f835a,c4d247162dda2c6f
../foodsg-233\Soto ayam\X9207QMB0LOEESENEDA3UM11.jpg,Soto ayam,all,f5afc4d2d69df56613b0e1329911d068,c4d631d9d2c1caa7
../foodsg-233\Mee soto\MVOKPFU2OMV7JNDG4LFYETH1.jpg,Mee soto,all,b7485c61d06e4436850937067a9255d4,c4d631d9d2c1caa7
../foodsg-233\tutu kueh\85H574XEY2B4W0OKO91B4J74.jpg,tutu kueh,all,c73dbc1950b7774eb0d8afc428255c38,c4d68f94724f9c61
../foodsg-233\tutu kueh\8BF8NI53E6AMS8RBZ2CNN062.jpg,tutu kueh,all,8006a08072094061f85a71c75c77c191,c4d68f94724f9c61
../foodsg-233\chai tow kuay\28OEN2XEAUGPS842S4WEA9AG.jpg,chai tow kuay,all,b4b984e5d5bf65b0c182f4f77f6408c5,c4da2fb4b1b412a7
../foodsg-233\chai tow kuay\XJEGTDEZK7SS0N0OBOYF10H4.jpg,chai tow kuay,all,6fc1a8c41c879aabbac55b38e4bc4ec1,c4da2fb4b1b412a7
../foodsg-233\Soto ayam\RKDMZDWPIHT221KYFUQTEX3T.jpg,Soto ayam,all,e4a57b0cd04cde08e80aacc8d4df82c2,c4e015d70a5b5aaf
../foodsg-233\Mee soto\60L3834SI3WHDREZEFGHLOR7.jpg,Mee soto,all,6f332440b3e8981ce0392b6f5b7ae0ce,c4e015d70a5b5aaf
../foodsg-233\cooked white rice\1JJ86FGR7CT6MUPNLNUWABM9.jpg,cooked white rice,all,5b34c1ded8a66bc2843880425324348c,c4e83ad061179b7b
../foodsg-233\cooked white rice\FSWIPCMQCRQ0Z5VNRYAFSJ4B.jpg,cooked white rice,all,f0eaa72661c5e2c00cc2edbae7412b08,c4e83ad061179b7b
../foodsg-233\fried prawn\VNIPTFDU50MW8KWVX47S4P9X.jpg,fried prawn,all,c7986bde27bde9946dfdbef4f81122b8,c4e9577a45464e39
../foodsg-233\char siew pau\CD7CK5DSJTG28B9WXFD0Q6U0.jpg,char siew pau,all,2d78d561f7ce20631b9e2f88fafb1fcc,c50f5e9d38785c34
../foodsg-233\char siew pau\D0HJMA4FRK109N3GEPEGCXNR.jpg,char siew pau,all,853f2375ff3ed9cd1dbd85027167b5b4,c50f5e9d38785c34
../foodsg-233\salad\M0VALVBUZRTEMDYACE87TMO9.jpg,salad,all,0c70366825af46c0a6f5d3f3d8a6f98f,c5175e3e2ca1a49b
../foodsg-233\mixed vegetables\T0C86JMD6RCSTDWPTUX9M3YY.jpg,mixed vegetables,all,cce53f51468f85add2dc68d28252fa47,c5175e3e2ca1a49b
../foodsg-233\Prawn Noodle\7SV25OWZSZZ2BI06VB6CALBB.jpg,Prawn Noodle,all,a14a507b3161c6ef8ec1eb7fa9e3c2ef,c5227efc2891f5b0
../foodsg-233\hokkien prawn mee\VA2TSQRKPMW481XE05F6BGES.jpg,hokkien prawn mee,all,81470b667ccaff4941080006435f0eef,c5227efc2891f5b0
../foodsg-233\Fruit juice\9P04WCHL99TNFLBTUGPB6OJV.jpg,Fruit juice,all,7d1c0d79d1a04ce552897e386f9a8bb2,c55858242aee7abe
../foodsg-233\Fruit juice\9M81IYI7B5T5XI6HXOHBNXKN.jpg,Fruit juice,all,d55864f01f2fc1963cf74be23f664638,c55858242aee7abe
../foodsg-233\Lontong with sayur lodeh\9X5LUGPHNLF28JDRF17A5PKX.jpg,Lontong with sayur lodeh,all,098f59afd9657e047ccf4abe961d0ba2,c5676a9caca44dc3
../foodsg-233\lontong\RSHEQ1LD3QVVRILYDTELT31O.jpg,lontong,all,a196d2b9a1348e6d54a5f5d9f08fdf89,c5676a9caca44dc3
../foodsg-233\mangosteen\6EAXXV4484ZRGE2MOVEM2A8W.jpg,mangosteen,all,71f8a4f408b57dc80ccdb1bd60617388,c5853e5eb03163d3
../foodsg-233\mangosteen\OO7MB7I9J0DGMJ12W7YS7OFB.jpg,mangosteen,all,0dc8bc54600d15aa698bd11d00e58df4,c5853e5eb03163d3
"../foodsg-233\Mee siam, fried\SHH1AHOJ1M1NTJZ39BIZHU8M.jpg","Mee siam, fried",all,ea8656562a61f777dfdcd181c39bd344,c58c2f6738b3609e
"../foodsg-233\Bee hoon, goreng\6QU1Y7DW94HSM37X7IHK9COB.jpg","Bee hoon, goreng",all,10dd1c979d65496d4d0377879aebe3b4,c58c2f6738b3609e
../foodsg-233\Nasi Ambeng\3LU4DEJQCSHLLHDV2BB6KLSL.jpg,Nasi Ambeng,all,59e1763b16a66f8b8874586b1ed84c90,c5933c72377221ea
../foodsg-233\Nasi Ambeng\TTDJ9H6VOOUJ5BOQ6T3BDKBJ.jpg,Nasi Ambeng,all,7b6825b9b859344ac11875c156fcc74f,c5933c72377221ea
../foodsg-233\durian\VFOU70AAN4E1IIKAICWUFLSH.jpg,durian,all,f6dce763b12c11d772092a805edb9c12,c594786b636c8375
../foodsg-233\durian\AXNMJVBW05UPRVMNZRQHLVIL.jpg,durian,all,8cf2fadd605f38d9620d69c5f5098633,c594786b636c8375
../foodsg-233\preserved fruit snacks\TUTWGCEY51JN5Y68B08H70S2.jpg,preserved fruit snacks,all,070a6cdd4c33aab3ce039c2bf971b3fc,c5995aa42ed3718d
../foodsg-233\Apricot\8UR9HLFHJAH0F5MDVQDGM8JG.jpg,Apricot,all,5f312b5ad35c7b7116c395535bc93efb,c5995aa42ed3718d
../foodsg-233\Kway Teow\K8GLLOLES6SIEMH29WTGTVTS.jpg,Kway Teow,all,c7832e4a9ee62d7b13e702cbcf052e2d,c5b702be2fa825c9
../foodsg-233\Kway Teow\KXGBIOQXBMBHW7QVHVNJH51H.jpg,Kway Teow,all,54f28e6502946eb3965666a6b1f2500d,c5b702be2fa825c9
../foodsg-233\Soursop\IKZ7BI0YZT28FREC3H4M035T.jpg,Soursop,all,3b14f80c8de24ae4ec0b23d4f9a0c2ff,c5b81e43e2fe6a42
../foodsg-233\Soursop\GHJFDLE70I8SVSE9WDMBSPKQ.jpg,Soursop,all,c080c0712a87ee07492d3b04902112b1,c5b81e43e2fe6a42
../foodsg-233\black pepper crab\3T70NKTDUA1DRM8E944EU63X.jpg,black pepper crab,all,cd40881926a8f2c59711dc8b6a62bc5a,c5bcfe20a15d1c72
../foodsg-233\black pepper crab\5MY9UL30SEZM8GFV6339YTY8.jpg,black pepper crab,all,f9cb44df8ceac30e2a9c4f4a55741e98,c5bcfe20a15d1c72
../foodsg-233\bakso\CART7QDZA5U9Z7WUZHCYZCHZ.jpg,bakso,all,d4bd2e4eabb747d918f1b7e5c51e6e43,c5ce936946396695
../foodsg-233\bakso\WL7S8RT428SK8YQ7U7NMJ2YP.jpg,bakso,all,805ff3b6ef5b41b621558dd62b3c517e,c5ce936946396695
../foodsg-233\Lontong with sayur lodeh\U2LO81888RA65V8MR7EFTGBX.jpg,Lontong with sayur lodeh,all,2daf032914137864e8b3d053ad094533,c5d32d5c3ac60799
../foodsg-233\CNY love letter\BS29S140JPX4AE13TBKI0IFO.jpg,CNY love letter,all,041bfda1d1073391e9f7aad99fa87d91,c5d979686626e48b
../foodsg-233\CNY love letter\QYJ66QVNQ1J5JIT2HO4NRXCH.jpg,CNY love letter,all,9bbf5498f37576037dbfbf95250ae4b5,c5d979686626e48b
../foodsg-233\Mee soto\B6HVS0AGIEJL4U8AF2O01K1K.jpg,Mee soto,all,48e48fe6a352e12954dc499be9f67d90,c5d9d08de769b442
"../foodsg-233\Bee hoon, soto\JWI9NCT7GFEDBRD8FBO6TGTA.jpg","Bee hoon, soto",all,45f481eba68dacd703f873bb2218fce7,c5d9d08de769b442
../foodsg-233\mee pok\P7MBNJ8C6W75XRNJZ8BI8YQM.jpg,mee pok,all,7799dd9975c66a132c6d29130df756ea,c5de5a901aaa6975
../foodsg-233\mee pok\N2K9XAZAG0UPMBR195YQX1PL.jpg,mee pok,all,001c5b6c1129173cb1d311a75e1ef61c,c5de5a901aaa6975
../foodsg-233\fried prawn\XSZ3XG7N4Z2SI0MPBQ7DEHI2.jpg,fried prawn,all,ea959930b50eb3d88e4d38258d86af40,c5e4ab3e54079678
../foodsg-233\fried prawn\LQEOR46G5MTSB1JU7148OGM3.jpg,fried prawn,all,7a2a1d9ddce87a916f7ca73454e7fccc,c5e4ab3e54079678
../foodsg-233\chicken soup\TLXB8P2TVPI7B3OBD4938U81.jpg,chicken soup,all,7892abe939c99130949c194078340ca5,c5fa5a2c6c257266
../foodsg-233\chicken soup\AEZIN0SIVFD9QSV9KQ0UI28H.jpg,chicken soup,all,02107e5c06406f4ae80b3a4eb3430179,c5fa5a2c6c257266
../foodsg-233\chicken rice\F3MKFM8YBSYRS6Y34WP3R4MM.jpg,chicken rice,all,e0ae4d61e735f3832ceaaccb31c48b78,c60c77d8e8c97558
../foodsg-233\chicken rice\131WY40DNU50756VGZOQM53X.jpg,chicken rice,all,ee4d681265126985e110889a87cb643c,c60c77d8e8c97558
"../foodsg-233\Rice, chicken katsu with Japanese curry\Q3M5QN4J351AZ69LT2O4EMMF.jpg","Rice, chicken katsu with Japanese curry",all,afc5d1bf64d9c1426a040ad57660d75f,c6151b2b77a6b491
"../foodsg-233\Rice, chicken katsu with Japanese curry\8DA1UIASNP3TPMSJZ2N9LUAL.jpg","Rice, chicken katsu with Japanese curry",all,48d633378757bcd13022231f551f70ea,c6151b2b77a6b491
../foodsg-233\bee hoon\1ASMJ12TIUA1GKW1YGEJJYNK.jpg,bee hoon,all,53448a25b77891af4bcbe3bdaa15426d,c62c3caacc953e36
../foodsg-233\Kway Teow\BLH176XB1K2N04H68R1KBZKQ.jpg,Kway Teow,all,ed4cd9b4837a77d8f2cb755040911940,c62c3caacc953e36
../foodsg-233\vadai\DM1KYY7FD9PPC2O7VPRRT0MH.jpg,vadai,all,b8a4cddaefd4a7cf9058512d2dcab66e,c633797170c6a49e
../foodsg-233\vadai\WSU0O4FWDI5E3DTPYFV2KYM7.jpg,vadai,all,e61078927099ff803959bfac926d53e4,c633797170c6a49e
../foodsg-233\Soursop\IE7YXOTDH22ADVJ3AG2K832A.jpg,Soursop,all,ec89685c83ccf6eb657f903ab0a97317,c6426de0350dd3b7
../foodsg-233\Soursop\Q7LRXAKXRIRP1MLUOTP6FD97.jpg,Soursop,all,8902079a6069214ef34aa4ef5c9daa3c,c6426de0350dd3b7
../foodsg-233\Kopi Teh Milo\JU6YD34HC9PM1QWBH5QUAAZX.jpg,Kopi Teh Milo,all,3eda306afa6c550adad204f8597b5a14,c66687266f683c93
../foodsg-233\Kopi Teh Milo\3EFF3EZLJBSAA4CT5LQ0NDIO.jpg,Kopi Teh Milo,all,4804cceb68d6caaac96baef68eedf18d,c66687266f683c93
../foodsg-233\milk\1KYIF223YOW7ZOTQQ60T6HVW.jpg,milk,all,bab4f38345a6761416a060baca77c4e1,c669361aecc3c366
../foodsg-233\Bubble Milk Tea\DCKQU224R2EFC7YMM72AN6VG.jpg,Bubble Milk Tea,all,fe89fc390783d7617293d1a7419552ca,c669361aecc3c366
../foodsg-233\satay bee hoon\7IFRGYBAMEBQ54S1661FLRW5.jpg,satay bee hoon,all,94107040caaddb29554fe0a2ce84ab93,c6919dc743b83aa5
"../foodsg-233\Bee hoon, soto\N0HBQXAK4AGX4N9UX94W4WBY.jpg","Bee hoon, soto",all,d8410ae96da7b58cc3a3423c7e1e53b7,c6919dc743b83aa5
../foodsg-233\singapore sling\OFMXL9OZYS2J1US233KQW2MF.jpg,singapore sling,all,182d96557d0d01a3d3dee20a6ea40e34,c6d62c69e3c386d4
../foodsg-233\singapore sling\0W1QQH7JPEW4LFL15CKH70FP.jpg,singapore sling,all,d9b24fadda8951b361921e504d6de105,c6d62c69e3c386d4
../foodsg-233\lychee\A04LY8IPKKIGIE8IS0STNL22.jpg,lychee,all,bf4f40e6b0162bed4f5cc3f9c40ec148,c6f14b5d45a92b68
../foodsg-233\lychee\SYO69H18QUEARPLR43GWLXYG.jpg,lychee,all,655bfdc7add01768edc8b4a384a99a4f,c6f14b5d45a92b68
../foodsg-233\Fruit juice\DQRLEAATOVR36FPLU7BELNAY.jpg,Fruit juice,all,ac2232b156d2efe7e834203a4099d224,c72f3cf81a601f43
../foodsg-233\Fruit juice\7QWTH4NFWW1X9X7VD8UDHZ5U.jpg,Fruit juice,all,e067982f9fbb390eb7590ef3eae4ab21,c72f3cf81a601f43
../foodsg-233\mangosteen\U393KTUOKLQ0NTU4S9HQCL06.jpg,mangosteen,all,e27cdce76b70ebf20aa77fc6a8752cbd,c7833ce68311fe38
../foodsg-233\mangosteen\73BKEK6SL2FS5HUWBSQJPHI0.jpg,mangosteen,all,2d0776b3eb2edfab72e8ca170d7e6526,c7833ce68311fe38
../foodsg-233\Kway Teow\UM9VSRNRX6RTA6QDIS43XHIE.jpg,Kway Teow,all,6274ba2d054a88561b60c5cfa2773e6b,c792da696d653864
../foodsg-233\chai tow kuay\994LW3OD25CV4KIUVBMKERRK.jpg,chai tow kuay,all,77f398c4e2d3b58555ee21294ce51ef1,c792da696d653864
../foodsg-233\drunken prawn\DQ7TLB2M1NHL86NTFCGT90HA.jpg,drunken prawn,all,e7d530725cf4f20c02c92f652afedbd2,c7a2b89cd6230b7c
../foodsg-233\drunken prawn\2C716XN22A8AC62IRK2AAI8L.jpg,drunken prawn,all,d1d975eef4f2334034ca5e30039e0b43,c7a2b89cd6230b7c
../foodsg-233\chicken soup\A5HERKYZMJJ59SX2CPR3K05M.jpg,chicken soup,all,ffb8f6ca4d428358dd5b6c6feecac965,c7b1660b256d1e27
../foodsg-233\chicken soup\EYSOMNKHCQYPU9LWZYYHTGOS.jpg,chicken soup,all,a8f2be74e620039631c0745e37d880fd,c7b1660b256d1e27
../foodsg-233\chicken soup\FWN54F6KTN2OK5JY85R6WUDH.jpg,chicken soup,all,1b2cb70c1554b80070f306eecb61cc08,c7b1660b256d1e27
../foodsg-233\nasi lemak\O6UTYPN3S3O4SFD4PWQLDGTU.jpg,nasi lemak,all,93b0343335c28edacce117ff13c6e74e,c7b43083c4deca3e
../foodsg-233\nasi lemak\J0KU65HX4FAH4TYO1CQ3QHNL.jpg,nasi lemak,all,028e905fb071371024983d02eef4326a,c7b43083c4deca3e
../foodsg-233\Kway Teow\VECPETX1Z5O2VCKBIR6XUH6C.jpg,Kway Teow,all,5db081434b46e6d59d4487f486a77a1d,c7b7f888a0298fa5
../foodsg-233\Kway Teow\2PV4UWG9B5K7A9QXUAFW3IOZ.jpg,Kway Teow,all,8e33e62f1862077eabbeda9e7a965a6b,c7b7f888a0298fa5
"../foodsg-233\Bee hoon, soto\2TUKODHAME4RGKHA5J3H2O33.jpg","Bee hoon, soto",all,0ab8beabee52b58973780a6df2b9117a,c7d31868e1c18d9f
../foodsg-233\Mee soto\SU4G7XRWV63QDQRZJIKTQAWW.jpg,Mee soto,all,193934ed177c0e83dcfba8e0a5b9187d,c7d31868e1c18d9f
../foodsg-233\chicken rice\09A2214GV0GLE84Q5YNGNHUT.jpg,chicken rice,all,a589a8835f2a6ef2225e5ed764682fbe,c7dc7c61dc091725
../foodsg-233\chicken rice\2UBGRGNVM32XC1E4V2MGCEAA.jpg,chicken rice,all,6b3185f55e24adf9c65a6a7ee4322c07,c7dc7c61dc091725
"../foodsg-233\Rice, chicken katsu with Japanese curry\KQL7O546Y247LH53OG3F684A.jpg","Rice, chicken katsu with Japanese curry",all,b2bd39158f62692950f16bd2a78aa24e,c7e0171755d45ec2
"../foodsg-233\Rice, chicken katsu with Japanese curry\ZMQ195255M6VD59ASML6LUHE.jpg","Rice, chicken katsu with Japanese curry",all,369cbee7f95b1281f864618855127861,c7e0171755d45ec2
../foodsg-233\satay bee hoon\JTNEL3YTWHQSOMYKHDELCRY8.jpg,satay bee hoon,all,4048411e05882c4d928af42c946e829e,c7e8b1868496c4df
../foodsg-233\cheng tng\EUDXJQRY1KOPEY26FNMOX6SB.jpg,cheng tng,all,0bb122eb001fe6da947a8132d267baed,c7e8b1868496c4df
../foodsg-233\lontong\TXMOIDKYSIGA4A3QJZVVEE0G.jpg,lontong,all,cbf59db14a3ffa03e6c9e66a5a02ec9e,c7e8b1868496c4df
../foodsg-233\Lontong with sayur lodeh\4PT6FS2FDSOMWTSAPXNI3DJB.jpg,Lontong with sayur lodeh,all,898564da437e1942f9654de9c9b6c25d,c7e8b1868496c4df
../foodsg-233\baked beans\4FHGL0YJ6T6RG08ZC9SYL6BR.jpg,baked beans,all,a1773bc1cb01bc71278a4707e61be70a,c7f5e4e4c5e09c84
../foodsg-233\baked beans\340LCYF6GR3DAZMM8CIIVEY0.jpg,baked beans,all,86baeddecf836932966a21df8e148b25,c7f5e4e4c5e09c84
../foodsg-233\thunder tea rice\C3M1AJ2FT1OUXNQG72YZKTVE.jpg,thunder tea rice,all,5f4ab5c7a2c0f43fb5b0dfba29c85d89,c8037654fae1e547
../foodsg-233\thunder tea rice\FVLI6XKK0F4VKHG7W3UZK33C.jpg,thunder tea rice,all,4b286df1e8a4925fd0c223ffbc9061c7,c8037654fae1e547
../foodsg-233\waffle\H42R5F6K8Z0LQKQRI2INN5S3.jpg,waffle,all,7b39d6fffad8fce55d687fbbe8040aca,c830207c3ad7f5da
../foodsg-233\waffle\JPPOXB9LYYBAEMV0Y2G0BWRS.jpg,waffle,all,95d5e680383295660f93e724d58188e6,c830207c3ad7f5da
../foodsg-233\tutu kueh\F02TSM8BSTI5VWDVD6U9DEJB.jpg,tutu kueh,all,43f3c37789a714d6c67609e131303d4e,c838705e8fe2792e
../foodsg-233\tutu kueh\QZO2WP25DT7S54PAD9JCNLYR.jpg,tutu kueh,all,96276d29efacc93bc6aeb1b3287d0ee6,c838705e8fe2792e
../foodsg-233\Mee siam\HYAJSZTAH7NX8NJ6ZB3KIFU3.jpg,Mee siam,all,a30885d40eef4d226ff15eda549326b4,c851bfcff060c329
"../foodsg-233\Mee siam, fried\06VM8ESXIQVJVXJ6KDCTI2QG.jpg","Mee siam, fried",all,f454fd0d9b93a7f812605435432623d7,c851bfcff060c329
../foodsg-233\watermelon\MTKEJGUUR0WNDIO5PSJTJ6HE.jpg,watermelon,all,abf39f2620934be5e2af7484596e6a04,c8c07f98e146b39b
../foodsg-233\watermelon\F8MOTRC2YO8YFVQWUWOJKV58.jpg,watermelon,all,e2d5469066f4cada1481ee32df6ee487,c8c07f98e146b39b
../foodsg-233\vadai\I67VC85CGL0JULUD7JOTRZCZ.jpg,vadai,all,78a9252d42a93edc37cb593439bf4c60,c8c5cdda193a3336
../foodsg-233\vadai\VIYNVRIBOKJDJB01CBVH07CC.jpg,vadai,all,100374c4e17070f80263b5d2f76f05c3,c8c5cdda193a3336
../foodsg-233\cake rolls\09WKXI66CLD6BHAZCKXWC0RO.jpg,cake rolls,all,13be63d25995a0695993890564ee5392,c8cb4b8d2d65a556
../foodsg-233\cake rolls\K1R6I5QWDCIUAMFXVHZWC9UK.jpg,cake rolls,all,192d0cb13d994d783df00184ea4feccb,c8cb4b8d2d65a556
../foodsg-233\har cheong gai\56U61N3Y76QLUGNNIKBXIKRH.jpg,har cheong gai,all,92559f43feb129fa5b35903cd4bda019,c8d51fe82707e326
../foodsg-233\fried prawn\T9B23VHEUL28VOPA2AD29O8I.jpg,fried prawn,all,b1b0c41f531b372b4fae408e628460b9,c8d51fe82707e326
../foodsg-233\chilli crab\1BZRAW4QJD47C8N24PV4LFO4.jpg,chilli crab,all,43003088f2c95ce4af9ba18e74720814,c8d52a5e2f60698f
../foodsg-233\chilli crab\8AYLLF846VNXYJNTGGI0Z4VZ.jpg,chilli crab,all,5ad5acf42cf92ba5e9f9b4001bbeb2f2,c8d52a5e2f60698f
../foodsg-233\char siew pau\PI7E19P49PCMNIHSYDVEN40Y.jpg,char siew pau,all,868d1cd4a8149a8da96853ab2fa9dcf8,c8f626c03acd79e8
../foodsg-233\steamed buns\19DTUS6M5LCXLCUGVVFFYACU.jpg,steamed buns,all,61f06e88bf4273615d46a0008705e2de,c8f626c03acd79e8
../foodsg-233\chicken pie\V9RYBH1W0FCBEPLIYHGBLUT2.jpg,chicken pie,all,3855e5721dd32b2bb33f62cbc650495a,c9041b7979d9bae0
../foodsg-233\chicken pie\KC0XMYLRR182O7C3778YUHHK.jpg,chicken pie,all,d29e3fd67683b288085fde3c891d05ed,c9041b7979d9bae0
../foodsg-233\canned Fruit salad\ZWSL3K4BB3FWPT6CON410UDS.jpg,canned Fruit salad,all,a0030604ac9f5f19e4d7900bfce6b86c,c90995361edd789a
../foodsg-233\canned Fruit salad\GPSQQFICWCLBP9XY1QA3R463.jpg,canned Fruit salad,all,468427c2584d3230676872f4888f4dfc,c90995361edd789a
../foodsg-233\CNY love letter\M8TR4S7MGSO0G0EKTCOU34UV.jpg,CNY love letter,all,ecc0dc49ab8584a2312ce51b9dae0386,c92143261bff0e37
../foodsg-233\CNY love letter\RJ55H3YGJX9FP0FEHAPC84XO.jpg,CNY love letter,all,890ba69e517e3c920969451ab9a7315f,c92143261bff0e37
../foodsg-233\chicken rice\UCZTHBOFBT0PVVAX5K3BU6XN.jpg,chicken rice,all,c0e5e770c27ef516a69cc7ee57d43807,c93b5aea960594d6
../foodsg-233\chicken rice\FQA723REPMNCNV9C4GHXZNY8.jpg,chicken rice,all,c750124755536c19350eeace81789ec5,c93b5aea960594d6
../foodsg-233\mee pok\AV3G0XK45LOT4RU11QYS0TKW.jpg,mee pok,all,043786286afe44327233916b5c2eb637,c943047e237cdbf0
../foodsg-233\bak chor mee\7CW8U1D0755KOP4L100GC9CQ.jpg,bak chor mee,all,c9b7e3675bf815f7fa752395ada4672c,c943047e237cdbf0
../foodsg-233\nasi lemak\VDX6GQT0446Y4Q6RV2ZNSAA3.jpg,nasi lemak,all,c3bba0341b224c9dbf0ae6b7ede884c8,c94f113e4e783b31
../foodsg-233\nasi lemak\V4PNDO2AJPD5MJ3BEPSNA9O1.jpg,nasi lemak,all,cfdbba4a013a9d3d828031385a91b992,c94f113e4e783b31
../foodsg-233\Fish Ball Noodles\I81RSAQPAFJC01GQ5OYGMV7H.jpg,Fish Ball Noodles,all,e129b4a2015bad86d7e50cec4a46a6d9,c9733e9834ceb0cc
../foodsg-233\Dumpling noodle soup\7S5HPVTZD7Q4FCKUU189MI05.jpg,Dumpling noodle soup,all,1e078e967c70163698b611c0b3d7602e,c9733e9834ceb0cc
../foodsg-233\char siew pau\8R51YYVWSLAHTV4TK1A31MFV.jpg,char siew pau,all,17d1cb9a50fb36d7afab233deb5e0285,c9993c8cc5d28f2d
../foodsg-233\steamed buns\22XWWUSD65UM0WNNJGHPNHE1.jpg,steamed buns,all,284aca053c3b6c523d5003a5d4d11009,c9993c8cc5d28f2d
../foodsg-233\ayam penyet\V4LW5T536I5SKI2HDDADY0UL.jpg,ayam penyet,all,0600f7af6167b87cbe18b2a2f31ec9cd,c9c473cf852e8ea4
../foodsg-233\ayam penyet\DD67Z4SA8UBY3QPH52G4HCK5.jpg,ayam penyet,all,0f07c7fe37870ba6558b456964d20952,c9c473cf852e8ea4
../foodsg-233\singapore sling\RVKPN26YW7HK1UXOOD2TQHGE.jpg,singapore sling,all,bf9c3dfba646a1db32564566452c8593,c9ccce2edb316498
../foodsg-233\singapore sling\X7LJQFAO9O4INSEHGK7P8GD7.jpg,singapore sling,all,90e1c39c558642e71ea39bc55c048b1a,c9ccce2edb316498
../foodsg-233\tumpeng\TPPG4CFA6L5FQCD21I78YHEN.jpg,tumpeng,all,9e50d4ff63ea2b5cdc95d1f3cd27f3ec,c9d1a7c662ca1aad
../foodsg-233\tumpeng\G5L0CEHXMSEW5FQVU1HHLEZ9.jpg,tumpeng,all,2c1e1662846be79ca6932aa94d89216c,c9d1a7c662ca1aad
../foodsg-233\banana\OR1H24XAE2WD5UMTXX30RKLN.jpg,banana,all,f195e855b7d0bc7643a0de3e9a0726a8,c9e529347b8a36d2
../foodsg-233\banana\KDC29SZ1231P7OK1UWQ9INN7.jpg,banana,all,20607c15162f957615f764e7f7d6314f,c9e529347b8a36d2
../foodsg-233\Kueh Salat\CSRI0JYAIPMQUQBT1VJZZ2GS.jpg,Kueh Salat,all,04fc88b171e418f994a65eca51cccfa8,ca14a57a83e2be8d
../foodsg-233\Kueh Salat\8GUZP9G1YO3BYJEQ7Y8T154V.jpg,Kueh Salat,all,fbb056008bb4daa9642c47c5a86e6ff0,ca14a57a83e2be8d
../foodsg-233\thunder tea rice\G1UORG9P7MUGKLWCXYJV0Y5T.jpg,thunder tea rice,all,360614bd3a31dedebebcf81466214071,ca2b346ed4e4d2a5
../foodsg-233\thunder tea rice\RGYN70JQHYKXK2WMNJDJ9BKN.jpg,thunder tea rice,all,354caecb5618e10825859f5a5f570d41,ca2b346ed4e4d2a5
../foodsg-233\thunder tea rice\Y7JS7SWL5CI1CQZ0GIP2LIMF.jpg,thunder tea rice,all,f725d6758bbec7b793bf53780effe75b,ca2b346ed4e4d2a5
../foodsg-233\Kueh Salat\Q6YD4WYDZ4RSEIT7I7004RB6.jpg,Kueh Salat,all,6acf6d0fc844424dac897a486da624bb,ca5e9e352989a9b8
../foodsg-233\Kueh Salat\79I5CLTE0V1J2GDWCQLUN854.jpg,Kueh Salat,all,cf6629c373e780cd6b69e755e02e7fc7,ca5e9e352989a9b8
../foodsg-233\Kueh Salat\O8LMT08VBPPW0E4CZL186ENP.jpg,Kueh Salat,all,829588d8d01fdd59a46a27a54407b5b4,ca6a8a69ca3d639c
../foodsg-233\Kueh Salat\FFT75L6V4FR24DK26MP46UAC.jpg,Kueh Salat,all,37cd176550f58e07230c6e4619524726,ca6a8a69ca3d639c
../foodsg-233\Kueh Salat\0PSFXEC5OD8N92HOSSET9GIJ.jpg,Kueh Salat,all,953c385f459d45bcdf62981ea02470ab,ca6a8a69ca3d639c
../foodsg-233\singapore sling\AVE4XOK8Q18EEFQHPKQRMBVH.jpg,singapore sling,all,f95e8e4ef4e0231bd1a6d414034372f1,ca828d75b574a46d
../foodsg-233\singapore sling\EJ28F2LS5XZVD5N8KQ25US4L.jpg,singapore sling,all,f993584d5d00fd32f90c65569f7aa17e,ca828d75b574a46d
../foodsg-233\Soft boiled eggs\9UL3PS1J8YLHOW6BH260JSZY.jpg,Soft boiled eggs,all,ce3c8ccada79d7ac076cfd8fc6c7cb7b,ca83950ed627d8b6
../foodsg-233\Soft boiled eggs\682LV81VPI0FZ3SQ69T9P954.jpg,Soft boiled eggs,all,9958d2ac7b90850f026daee1e60e0170,ca83950ed627d8b6
../foodsg-233\Grapefruit\Y62L28QLKBSLA3NKRVG4D1UN.jpg,Grapefruit,all,643d0e220acc7e4c3d7868406ca0e8e4,ca9399aa5b8aa699
../foodsg-233\xiao long bao\PZ3KY7BWACKPXR943PQB33BY.jpg,xiao long bao,all,8861458c410b2f76261738a956fc1304,cab44a6f731ead40
../foodsg-233\dumpling\3W94SWNC75DQE6N5JTH5X6F4.jpg,dumpling,all,e3a9c2b6c95ab36c448e78bc1860b376,cab44a6f731ead40
../foodsg-233\dumpling\9TNLJR9173C4BP7NG21QF0RR.jpg,dumpling,all,512226a7a0f92edaed0ccdeed304f225,cac52ab76e9a252a
../foodsg-233\dumpling\Z2W4BB3INYE39CFYYSKRRL2Q.jpg,dumpling,all,fd7d00a081c4a29c1cf9d0d69c1d09e6,cac52ab76e9a252a
../foodsg-233\chicken soup\8VSUMO8QGHBUOCVHUJJSVZIX.jpg,chicken soup,all,c1fcb9fa42251d38af45405dc8ed0fa2,cad78a9562e8917a
../foodsg-233\chicken soup\6I62EAVA420MYA6FCTXP2C20.jpg,chicken soup,all,9e7f0533e72e4682fe4ad3c8a4e02a43,cad78a9562e8917a
../foodsg-233\mango pudding\X9W1E7SA52PS3TI24FN4DP09.jpg,mango pudding,all,6b4845557890b14c31cd9b3d29dba88a,cadce50a922f1b72
../foodsg-233\mango pudding\8ZG2NN0IRJ2MKIUQYNW412WH.jpg,mango pudding,all,2e6ec0cb38fa12c7996d53e101070723,cadce50a922f1b72
"../foodsg-233\Bee hoon, goreng\16WVWLI78S6GR6W4ULVZXS5K.jpg","Bee hoon, goreng",all,6e436e27880a2329e6471d3e59b5959b,caea94a94a856b97
"../foodsg-233\Mee siam, fried\P79DNP1EA53R5BREXQ7TWPHK.jpg","Mee siam, fried",all,d60b17543e71756511dbd8a58f1db037,caea94a94a856b97
../foodsg-233\Mee rebus\XO2Z6TI4FRZ98NN5M23FY624.jpg,Mee rebus,all,08aabe10b4f969009ef4731e5df0bc36,cb061d3075ba7969
../foodsg-233\Mee rebus\801XFN5LCGPCLIYQP3QRJE3M.jpg,Mee rebus,all,cb7a093ce3ae93c87ec2dd12f0ff0768,cb061d3075ba7969
../foodsg-233\waffle\J8A8IA0V8PQRA7CA15R2P5IG.jpg,waffle,all,9b223f1fce9b14eb005006809e4995a9,cb1cc1d0a75b945b
../foodsg-233\waffle\PG0AWXZA6650CPLLPGITELPI.jpg,waffle,all,69a9c763abf14b1081af2404b336968e,cb1cc1d0a75b945b
../foodsg-233\Pung Kueh\BUYELQ6JHKI58HS75LJ2MTWC.jpg,Pung Kueh,all,16ea54f4b6eb23c86ee633b836f4ce78,cb218115c65ecf5e
../foodsg-233\Pung Kueh\GUB2XUCRAJKZ53XMI81EVT4C.jpg,Pung Kueh,all,20af17a16c47f59dfabe9d06553f07d7,cb218115c65ecf5e
../foodsg-233\kaya toast\2XMCBZA9A8I76KS54C9F5VMG.jpg,kaya toast,all,c473b3806348efd9bc8f23911bb336ef,cb25167e3a6825b5
../foodsg-233\kaya toast\PV5R9F2IGWUZHYA2HNPK5ID9.jpg,kaya toast,all,2aa4a498298c038d886575d4563126d9,cb25167e3a6825b5
../foodsg-233\vadai\0ZMLLU8K70VJGLBTCMQD6RLX.jpg,vadai,all,b1c9d025cb9a82be64ca6e77138c91e0,cb2aad3493d57093
../foodsg-233\vadai\0T0BO5WEIMSFUSCTL5AQC7J6.jpg,vadai,all,5c4b82f345e9a2c8515c57c2a94051d3,cb2aad3493d57093
../foodsg-233\fried rice\UPEKWV0AA314H4GVDNID7U5U.jpg,fried rice,all,c34585c8a54820b649126c02976ddaaf,cb2b56b422d227d3
../foodsg-233\fried rice\QGLPMGEKC4HU719TH6RIXN4J.jpg,fried rice,all,b534405ed1037fcff95b772dca71f11f,cb2b56b422d227d3
../foodsg-233\bee hoon\VK5T564FJF5WB9Z8Q9UCZ8PD.jpg,bee hoon,all,004c98a85742bd958a13246f1fa4745a,cb4aca4b7819ee86
../foodsg-233\Fish Ball Noodles\7NQLW8CD4ZSOX6TI22WXAM0S.jpg,Fish Ball Noodles,all,1456df122cb10f7e4f3b7ad860d1d916,cb4aca4b7819ee86
../foodsg-233\siew mai\39922T7LXTIXPUWADCEIAD8Z.jpg,siew mai,all,2cbb9de47900a79950415ec1538d8e15,cb672d69349e8583
../foodsg-233\siew mai\16PVPZ39BC3SQKW5M7GHX80W.jpg,siew mai,all,385b42622900b9e210908486e5413e5d,cb672d69349e8583
../foodsg-233\mixed grills\SLI3PPDO5FBRRLBOE1P7OHRO.jpg,mixed grills,all,89a732cd2b51ff70d32d8796e25ea4b6,cb830b9db3e0c738
../foodsg-233\mixed grills\TPOSOY786VQ7VYAWRNVOUBJK.jpg,mixed grills,all,f075e2a69ce6bb27a472beed8e087ff8,cb830b9db3e0c738
../foodsg-233\Kopi Teh Milo\83KLY3OTAF9GYXH1O8KEGIZT.jpg,Kopi Teh Milo,all,c78e5b920da978820e5734dcce76f10b,cb89aed6512b90cd
../foodsg-233\Indian Prata\WQ7Y6G5F3D5R1BM3UUX7G44Q.jpg,Indian Prata,all,d36d120c538a398f62876df5b70b34c4,cb89aed6512b90cd
../foodsg-233\banana\QQN50A8CLRH5JFGYK5TWW49P.jpg,banana,all,124949879b982652666c418677b1f958,cbbb2c369272c94c
../foodsg-233\banana\5QF0HNQJAIWRWK6T62O143QX.jpg,banana,all,80d80a43e96dd16675b35fb165460449,cbbb2c369272c94c
../foodsg-233\pasta - fettuccine\KT17THU4HDSFRPS059GGG9EY.jpg,pasta - fettuccine,all,8ec73526182af0669a4264b71000c7cd,cbcad25615a97b82
../foodsg-233\pasta - fettuccine\PUYSGI2Y6AS9CB2NX5APU24Z.jpg,pasta - fettuccine,all,dd9ddac8d2ac165fa40e1e8f0a1fead7,cbcad25615a97b82
../foodsg-233\fried chicken\1JCT654EJY8ILPFETSPCKXPW.jpg,fried chicken,all,27e6941db99c06a59cfdee6015511e6f,cbd06a89b426d573
../foodsg-233\fried chicken\9MHVHDRRT4V8QTIQLFAIBV23.jpg,fried chicken,all,b81fcecfd9b67a0a34fab508f9ce5114,cbd06a89b426d573
../foodsg-233\bak chor mee\E3YRPCH67QO47EDGDYFN7T1X.jpg,bak chor mee,all,375097e2a4ed6f71ac3e369007ffeba5,cbd62e643c495e07
../foodsg-233\lychee\PR7SDBDW7RVN070L6EZW1V0A.jpg,lychee,all,6bd39db4f06ac8c1c5e1afa65d7d2025,cc327e09f0936367
../foodsg-233\lychee\SZ4CJIXQCGHK5AYFZFR0FU2S.jpg,lychee,all,a46d0baee5ca54a3a95a8d5033408b70,cc327e09f0936367
../foodsg-233\popiah\BRXAE3I17XTCHL9CLMS02EWS.jpg,popiah,all,ff8fc1533be14eb7ce14ad99ee1edbf5,cc43dc99f0703376
../foodsg-233\popiah\R3R38F6XM58P7KDT8YUREZOS.jpg,popiah,all,7609e364dade256a98cbf90b988e0c19,cc43dc99f0703376
"../foodsg-233\Bee hoon, goreng\3ZTC3MFNSBMCFRE4IPIAKUMV.jpg","Bee hoon, goreng",all,30e9c6da9e23d10a4286050d1e5b65ef,cc4640fe8eec9f81
../foodsg-233\Nasi Ambeng\1LJ8F5UO1FXFWZR9ZTMHT4LQ.jpg,Nasi Ambeng,all,c072ccace33ccfe207c0fd7cd7ff60dc,cc4f57389a3139b4
../foodsg-233\nasi lemak\DPN346J8JR1G89PSUFJL48FZ.jpg,nasi lemak,all,d7cdb3ccdeed8ed462a54445b3624675,cc4f57389a3139b4
../foodsg-233\sliced fish soup\C6OMICS4MJNDITZA3NLBY4US.jpg,sliced fish soup,all,7915b64bbe1bcae772b19c355d68af56,cc5c53336ca992d3
../foodsg-233\sliced fish soup\IWTXWL02HHMZQ9U4TIW8V3I8.jpg,sliced fish soup,all,3d04bc34d7f0f3ca350f1b44023dbe9c,cc5c53336ca992d3
../foodsg-233\Bibimbap\D7S40PZ2XL9XD48UUFWOFDNM.jpg,Bibimbap,all,6ffce64c78661d0388c03733686138fc,cc7331cc9f706493
../foodsg-233\Bibimbap\H156HZ058BNAEBBXQU1P9RZ4.jpg,Bibimbap,all,3c876faa8a4447196fe8991fd2c083c0,cc7331cc9f706493
../foodsg-233\char siew pau\CC17UJVMHTKXP6NCM661470H.jpg,char siew pau,all,dc51bebaff826873285b3eb7b4275030,cc8c69cb1b30f565
../foodsg-233\char siew pau\5R4HEL6C7ESYWPT6CUSLT3TP.jpg,char siew pau,all,fb21820b54af5700f3cd2d1a48730912,cc8c69cb1b30f565
../foodsg-233\buckwheat\LF6SOWXHCJUTW0RKPK10WUAN.jpg,buckwheat,all,813f7a23248f1fe1f00205f627a8aae5,ccb099ad39929f85
../foodsg-233\buckwheat\8215IBY5RNE4E94VJVMEVF1A.jpg,buckwheat,all,363b95a1560ee6e159a0743f9fd26c12,ccb099ad39929f85
../foodsg-233\kuih bahulu\AB1Y90YYFDJ5VP9Z1P4U19ZV.jpg,kuih bahulu,all,57f23df1eeaf9eef6e1854a729d153bd,ccb3919596936a66
../foodsg-233\kuih bahulu\2FWL3IFVVJHO6USKVU1P9BAF.jpg,kuih bahulu,all,34afec222645ce9f61484a662d1f3b01,ccb3919596936a66
../foodsg-233\chicken rice\A1EEI9YD7XVX48S6A4U1AYK0.jpg,chicken rice,all,c312c28c248fee8a66571c4a0347ef2c,ccc73c684b10f2ee
../foodsg-233\chicken rice\UTBU8IXH3EOG5C0JIT4UMVG1.jpg,chicken rice,all,a4e04422363ace67ad8664950f401750,ccc73c684b10f2ee
../foodsg-233\drunken prawn\W8PM7RHD36TZZN755Y0LT0Q6.jpg,drunken prawn,all,c8eb5cc48ef181c2f5fa8f582ae9faf9,cccae3b48af928c6
../foodsg-233\drunken prawn\QP0L0AGZ96U30HTOWPGZKUTN.jpg,drunken prawn,all,d7297b5edcc7a01feca393e21715cc58,cccae3b48af928c6
../foodsg-233\sirloin steak\4RQQY7HQTKD1KZ17BZ10981Y.jpg,sirloin steak,all,40cf5429925ad14090a066d4e24376ce,ccd0ee52570aab8d
../foodsg-233\sirloin steak\ZEP2406M68Z6XQC7QR6G43FS.jpg,sirloin steak,all,97f6d8ac84b5774c0d793d7b0f8f42da,ccd0ee52570aab8d
../foodsg-233\sambal stingray\J4OILJ4A0HDQ4Y9704RWSLKG.jpg,sambal stingray,all,8a500eb06b8d29a8e59f19f0aeddf6ce,ccdc348e8bcf9c18
../foodsg-233\sambal stingray\U5XYY6T20ES8HCU0JYKR7RLW.jpg,sambal stingray,all,60f7e1437ca73b1b25747b4d8aaecb8d,ccdc348e8bcf9c18
../foodsg-233\goreng pisang\CVH20EAQ98K8C0A4C0U8G0C9.jpg,goreng pisang,all,d131bd6fd25d47b5d7ed4cfa14dbbf85,cd2b13dce184f10f
../foodsg-233\goreng pisang\PWU6B82UPQP32XTLP3BB7L0Z.jpg,goreng pisang,all,858b2a31f58a187bbe0c36ca23dae69f,cd2b13dce184f10f
"../foodsg-233\Bee hoon, goreng\6K3E66RW971JHFCQ2VDA60AB.jpg","Bee hoon, goreng",all,3146fc4ac39192da08e67ad7bdbde2c6,cd50e2cbb6551b98
../foodsg-233\cooked white rice\IQTEFDHVTT8DMN3X4LYPJVY2.jpg,cooked white rice,all,34e2cad924547a6c9e319d2b58d4747f,cd7039cf607c6632
../foodsg-233\cooked white rice\6U99BDAFD402ZWSGP7IMA602.jpg,cooked white rice,all,f3edab2ee2f046d1d00125ddf0e5bd1a,cd7039cf607c6632
../foodsg-233\ayam penyet\0KR0WB8A6NJ9O9VW1IEL754A.jpg,ayam penyet,all,7f5bf5b4409b2da3bb48efa050ee5bb0,cd7be8ac36c04e34
../foodsg-233\ayam penyet\SJHGSAF65CL40G4T1WG3YLYK.jpg,ayam penyet,all,43b9255549115df23ba921c869fc45ef,cd7be8ac36c04e34
../foodsg-233\Chinese fritters\U7UZSLCXLKYCII0ZET7YMB3V.jpg,Chinese fritters,all,f00efda74e244156cca07acc27fe6996,cd87740a431fdc72
../foodsg-233\Chinese fritters\WZGVA49111404AVIY4QCHZZI.jpg,Chinese fritters,all,587db2397e8343de532b04b1e8fd9ae7,cd87740a431fdc72
../foodsg-233\Mee soto\V0YVUUYOS7YDDX04LL56JY5D.jpg,Mee soto,all,8ebf36befc073a9ef51fd801a3537072,cdb136ca98c1998f
../foodsg-233\vegetable soup\PPVGFMOZQHV1EITRQKH7CR0H.jpg,vegetable soup,all,07f7c52af2b26dfba3e4557f8f4954b3,cdf04ff93c8106c3
../foodsg-233\vegetable soup\MK2PYBWBYS6ANW91Q1HD29E1.jpg,vegetable soup,all,377d30ee4ff39d18819c85bbd6b79a89,cdf04ff93c8106c3
../foodsg-233\yam rice\W7GXDB0W2QSHJCRL7Y1KYHB8.jpg,yam rice,all,5a10e653439a46ddbc126a24f4b378d7,ce0e4d7676c2a385
../foodsg-233\yam rice\WA2C3IEWD49SJH1LXYVG463W.jpg,yam rice,all,bd56ba481bc7c0afe0c864518d7b69b5,ce0e4d7676c2a385
../foodsg-233\Pung Kueh\7NKLHZBA5503JBD8ARE5A4FC.jpg,Pung Kueh,all,608f753a527e101353111f23081f5aba,ce121ea6ad686a9b
../foodsg-233\Pung Kueh\QOBMWPVA06HCIYBWLF4HR0C3.jpg,Pung Kueh,all,e5c4347426a2e3ad5135df1cd5c8a72e,ce121ea6ad686a9b
../foodsg-233\bee hoon\IF6DPJ2VYFXW9MAHXP7P4LML.jpg,bee hoon,all,2838539306707680a4d6dffda274e796,ce3178d0a1c7979a
../foodsg-233\vegetarian bee hoon\O00XP0SLY1BO5CVJ1RK9PBVM.jpg,vegetarian bee hoon,all,e98dcca8dcb279e54d44e4065e13b7a5,ce3178d0a1c7979a
../foodsg-233\chwee kueh\5B8YY8NMCNDJ2QENQQW8SWDC.jpg,chwee kueh,all,9a744c9a1cc6444b6ea8b7548d78d6b1,ce365a1ae54d0c5e
../foodsg-233\chwee kueh\P7SXJU3FEG5VGW5DOJ3C94HC.jpg,chwee kueh,all,ae7a7e512ba7ca75865fd64eae26453a,ce365a1ae54d0c5e
../foodsg-233\Mee soto\GSWNRQXIJLK780N4C74U45FP.jpg,Mee soto,all,5e93f0ce3ce7a18042f12bf42e68e9bd,ce3973c6c8d8701e
../foodsg-233\vegetable soup\LTRFE5VRXFFGHXVDIS4CKXTO.jpg,vegetable soup,all,eb19296b09f405ea88d495c9ceb1509b,ce470f2f1d132c35
../foodsg-233\Kway Teow\YOATO4L6MGPNYJM3TZE8K081.jpg,Kway Teow,all,a5ad5781ad86bd401a25819711ae1f1e,ce470f2f1d132c35
../foodsg-233\Fruit juice\EY8O6OXW6AH73ZEOYTAD49XI.jpg,Fruit juice,all,40332058ab74c82796f66e248bd9f5a2,ce48f0b71fc3e10c
../foodsg-233\pineapple\CTDSVQA3SWY8P6A220VRBDBD.jpg,pineapple,all,fa3b76b47f9c6e8902498ee93a89f251,ce48f0b71fc3e10c
../foodsg-233\Snacks and Chips\MWZ1YO93B6GG35CPT8YBJX6S.jpg,Snacks and Chips,all,66f1b87e232c55e5234f9cd574fa4f44,ce6d25b6919a2cc9
../foodsg-233\Snacks and Chips\53YWHUDQYH54HFKZ5T8D85S5.jpg,Snacks and Chips,all,b8ed9d12a6dc234a74a805c7898c6882,ce6d25b6919a2cc9
../foodsg-233\otak\2OJV0XA7B6Q9OZ6J6IOPJJUN.jpg,otak,all,0054ad5790b44ce9ed452357bb7d74d9,ce8c34c2f3e1d172
../foodsg-233\otak\65XEYHUFZQ8B5VY3SHK717CE.jpg,otak,all,90e6c72ba06d2bd9343f33aefd5f2158,ce8c34c2f3e1d172
../foodsg-233\Wholegrain Wrap\U0VYFCGNE5AJ099FKPAF6WAK.jpg,Wholegrain Wrap,all,478251fcfd2d4e1e2c3ffa7e16f6ebf1,ce8f0d185ae938f4
../foodsg-233\tortilla - plain\LHAT41LC8SHFSU48ZR9W4W5R.jpg,tortilla - plain,all,ea855067fa927e6b0b8af1d2d2009750,ce8f0d185ae938f4
../foodsg-233\Seafood Noodles Soup\XPDZLODJFEWFBDW7AEZLG9M4.jpg,Seafood Noodles Soup,all,e6d27a559eaf4b408894234f1f1b2a6e,ce96718c24d3f70c
../foodsg-233\sliced fish soup\0S6CON06Q3WMLFFTZUC7JNPD.jpg,sliced fish soup,all,83353a3597b92bd74bf956eef71b32b2,ce96718c24d3f70c
../foodsg-233\fried rice\R35WDJC35CV1THQU5HQZCZFN.jpg,fried rice,all,e0ff47f354a8f00ba3488116bfd5f41f,cead29e429e1e351
"../foodsg-233\Bee hoon, goreng\LR932QXQR219407XN1RUHGYN.jpg","Bee hoon, goreng",all,6804b286d1b6ff43a88ba951668670c7,cead29e429e1e351
../foodsg-233\Fish and chips\MR5W3ICMWGLKVO5R336ZBUVS.jpg,Fish and chips,all,efcfc496b07886762ac2bea04ea2787d,ceb0fec3403d698c
../foodsg-233\Fish and chips\TYRPXPRVL5EJ7QFHK56652MG.jpg,Fish and chips,all,cd895ccec12828b46f45a685fb16d39a,ceb0fec3403d698c
../foodsg-233\curry puff\A18IS6WPHXJRHNQL9XTJKAUB.jpg,curry puff,all,2c56d740bf5e8a11fcd876ccd518157b,ceb5095b45fc3162
../foodsg-233\curry puff\C6OQLY8WAGPXTGOWFFV9M8FX.jpg,curry puff,all,065067d1cc42852966293ee7c27b3dc4,ceb5095b45fc3162
../foodsg-233\sushi\DKNWNPOI1CD2MTDTOF71JRIB.jpg,sushi,all,ccc085a887bbbf7956d40501d457e925,cec2387ccfb0f02c
../foodsg-233\sushi\09P8ZWPCU6AOE582CMBLM57T.jpg,sushi,all,15e58a40ca97df199e0c38583dee3c9f,cec2387ccfb0f02c
../foodsg-233\goreng pisang\3P6FEGW6XTANB2QP1L0SCFLM.jpg,goreng pisang,all,104b910ff30702806b29a68d20948582,ced903ac1fe138c6
../foodsg-233\goreng pisang\Y7IMZYBIMT4LHFY0SX4UYEXJ.jpg,goreng pisang,all,d2a50b9e8349e96281dff37073fcbed1,ced903ac1fe138c6
../foodsg-233\Mee soto\DKJUTPHTO1L9R3DF7DGVT61B.jpg,Mee soto,all,35b25858c3e95a971284e7231c18f199,cee3994df30432f0
../foodsg-233\Soto ayam\6GM33IUTXXWFV7B6WY6NWBKB.jpg,Soto ayam,all,4fb6f80862c6b51478a045cf7f8e4c5a,cee3994df30432f0
../foodsg-233\chilli crab\PWJOXQPYVAITON9CLFP4EBGG.jpg,chilli crab,all,93929bda0040af6cbdfa5dbcd1b060e5,cee88436b59e28b3
../foodsg-233\chilli crab\6NIB91TZF8IDKLM2HOIYELIW.jpg,chilli crab,all,75a1ada37eb99daf3270b704aa62407e,cee88436b59e28b3
../foodsg-233\bak kut teh\4EDE4IW4MT34837J2V0MOP2C.jpg,bak kut teh,all,7748037539f36262fa524a767841b648,ceeb42880f8caf33
../foodsg-233\bak kut teh\Q7LVWS1OO7TMPR326I54IGDI.jpg,bak kut teh,all,cc7fb12f01a25b4e05fff6a18084865e,ceeb42880f8caf33
../foodsg-233\Nasi pattaya\DWFPO87J8R2XPQ8TKDWB02S1.jpg,Nasi pattaya,all,62e848adb175f8e05e45968cb278528f,cef2788d655cb209
../foodsg-233\Nasi pattaya\8UKKV2G3GDJSGLS7FZD2TEAZ.jpg,Nasi pattaya,all,3aaa6e7d568154500b02f95e7cd4e402,cef2788d655cb209
../foodsg-233\sliced fish soup\BTY6N88UUCRPHW7A7N304WJ2.jpg,sliced fish soup,all,2f80b57b52e36132fac5f13b7b463841,cf012af524f6338b
../foodsg-233\Seafood Noodles Soup\IVDRCUZWEHHJD69XTJ6WZ8VW.jpg,Seafood Noodles Soup,all,50f4caa32ebb467360096433e25632e8,cf012af524f6338b
../foodsg-233\Soto ayam\GJZQN4KXIO191J1KU6G4XO30.jpg,Soto ayam,all,56a6ec38fe22d5bd85019c2e7e005754,cf0a52350a736f4e
../foodsg-233\Mee soto\SILL02XOAYIF4CEZYETNGQ1D.jpg,Mee soto,all,3d2cc9758586baeed22299fec18d1874,cf0a52350a736f4e
"../foodsg-233\Bee hoon, soto\BOO8N14ASR800WMWUS9JKBRA.jpg","Bee hoon, soto",all,770e4695d66834da382bae95cb0501e1,cf0a52350a736f4e
../foodsg-233\Kueh Salat\OLTOP0XI77P4K2D4FBUYL6EP.jpg,Kueh Salat,all,98b565a776016ef0b287092b9c394ab4,cf13c16871365a67
../foodsg-233\Kueh Salat\OYFHDSW6SN8LEGJU7UY9DY9L.jpg,Kueh Salat,all,10d229246544cc777344137596f23033,cf13c16871365a67
../foodsg-233\dumpling\ALJG7NPMI4T7U77THTVC7UX4.jpg,dumpling,all,c9ac26ac498a2218f5cd4b5ed2146af9,cf1862bb256245be
../foodsg-233\char siew pau\Y7DYPDBQARPVC0X4JF92Y3X9.jpg,char siew pau,all,3df72ceaf7dca367daa834ba84e30538,cf1862bb256245be
../foodsg-233\Nuts\TEQ8LATEG0HRBD7TC9FXHD87.jpg,Nuts,all,3a543d8240b8b5c13f79b0d053c58e29,cf2cb0cfe3319390
../foodsg-233\Nuts\2QDDEAFU6KKVUZSLR2JDSEYN.jpg,Nuts,all,7bd052f52db27d2f84e6391ea7f605be,cf2cb0cfe3319390
../foodsg-233\pitaya\1Z687X8CLYF8TILBR7SZLSJJ.jpg,pitaya,all,2a916c791accca2b654ccabe14dad6fa,cf3373c6a4ce2438
../foodsg-233\pitaya\EUPDEOZ06K4C29SN3GPHI9AE.jpg,pitaya,all,c893dddac427e8d1c8fe250aeba30db0,cf3373c6a4ce2438
../foodsg-233\pitaya\LAN3AWLAJ9HNR81RLVBBFHBS.jpg,pitaya,all,083a6482a18b843f0c3b1b75072fad1a,cf33b0cc843c5b33
../foodsg-233\pitaya\4KPHUZL8DSX95I98XDL7OWCS.jpg,pitaya,all,5b7c45fd50f63a25c55dfa0a918cbb38,cf33b0cc843c5b33
../foodsg-233\chilli crab\XKM8RON7U45X2GGN3ASCRUA1.jpg,chilli crab,all,d4de992d80abf20534fecdc80ef155a2,cf79544d4ba221b5
../foodsg-233\chilli crab\LSZYTA0LMSHCHFAE8JO215V2.jpg,chilli crab,all,7f3479791f7810715de20f2436bd91b1,cf79544d4ba221b5
../foodsg-233\fish head curry\PVZ597MMO2C7JL94HNZKIZBC.jpg,fish head curry,all,c3415d18bddd9c783ecbd5e7d24e53fc,cf802dcf20cdf42d
../foodsg-233\fish head curry\A9SW9L5Y9GQ96EBP4JVOC108.jpg,fish head curry,all,93a5d68f3e109c887f7e3d57ccf911ae,cf802dcf20cdf42d
"../foodsg-233\Rice, korean bulgogi beef\IJKN6Z8BZXGGTZMAQ3U4GESE.jpg","Rice, korean bulgogi beef",all,63734a82023892a47c0d1ce4f257ce66,cf813234cd0d2d7b
../foodsg-233\Bibimbap\WHTB4THT3YFCIKJNSP9AVPMS.jpg,Bibimbap,all,dd3f9dac8a84d2ea345c8d2a1d63ae44,cf813234cd0d2d7b
"../foodsg-233\Miso ramen, with fishcake\RG17BTIC0W5PJWR6OFD60RLA.jpg","Miso ramen, with fishcake",all,6aab9ae05489b61b35b62286d960c807,cf8af06423b8c7e1
"../foodsg-233\Miso ramen, with fishcake\DTBN9YBRSQ0H7V5KBP02ALLB.jpg","Miso ramen, with fishcake",all,b31e8ba6ac898264a5ccdfe1ddb37d76,cf8af06423b8c7e1
../foodsg-233\Nasi Ambeng\AZJSG91B5BUYG0AOXJ8HLJFG.jpg,Nasi Ambeng,all,5254e9f99f1001a22623304bdcc662df,cf8eae6b54954318
../foodsg-233\fried rice\CBTFX4LJW9RFDHXL26MWZI8Q.jpg,fried rice,all,07957f88fd2b3b9d712f3d1d7838f912,cf8eae6b54954318
../foodsg-233\Nasi pattaya\73C4G6HZ42UEDY03K2XX86EI.jpg,Nasi pattaya,all,b82c02ce1448a601190448132a5772e4,cf91903e036d1ef2
../foodsg-233\Nasi pattaya\V2WD86V2VFP58CTWHWN9XEWI.jpg,Nasi pattaya,all,15644cb364ef87990c42b29199b03bcc,cf91903e036d1ef2
"../foodsg-233\Don, chicken teriyaki\TVZJMZXC7QKR51JRO59UD62J.jpg","Don, chicken teriyaki",all,1f6efb80a3589e3684b25d286f30038f,cf9898a7f494d81a
"../foodsg-233\Don, chicken teriyaki\DXG1VNVL3RA4O40BYW669LGZ.jpg","Don, chicken teriyaki",all,7814a844292561803748b6026aefb6ce,cf9898a7f494d81a
../foodsg-233\Udon\MMWSCXR5AZTN9GWJ4DNNO91N.jpg,Udon,all,644bad958b47f71a2904483971cc97ea,cfb2348a114f3fa4
../foodsg-233\Udon\IF4ZT2RM3SCIG4ZEATE6Z41M.jpg,Udon,all,2ba8f9957533574288c581ba1034d026,cfb2348a114f3fa4
../foodsg-233\Udon\2X89FM11O2JXKRHI4T4N3JQS.jpg,Udon,all,78df71ba0ae7a910c76025f99d18b476,cfd634b8d121c3a3
../foodsg-233\Udon\X9PJLR2LTQ26CSRYJWSR3W5R.jpg,Udon,all,dae57468b06ce4b86822f36150a270e3,cfd634b8d121c3a3
../foodsg-233\milk\6JIK74EII7BGPUYEMDGEGRX6.jpg,milk,all,308b48dab49f97edd241b8968341edca,cfe0acaca41792da
../foodsg-233\milk\ZZEBSA6SSOS5CQLWADNIPIKF.jpg,milk,all,62325521cc5f7c1d3348266f544abe7f,cfe0acaca41792da
../foodsg-233\lontong\H9JT7P0CREMDG4DV9KYDBHI3.jpg,lontong,all,f0bae9d1e4653364bb79ba782fd8365b,d00b4bd94e3d39cc
../foodsg-233\lontong\ATPB9L1ZOOOA631OLJYVWGYP.jpg,lontong,all,ae754cd9cae0c2f49cce245c275e8acf,d00b4bd94e3d39cc
../foodsg-233\lontong\Y48HSQGSA5NZCJ2NRDCMS8CU.jpg,lontong,all,3cee0746a4b305e9f5e2ed0c79aac667,d010c54745bedbce
../foodsg-233\lontong\UNLMPWG23RN4RAI1QJESEW9I.jpg,lontong,all,d875cb27a160f32151e40ea6c036361a,d010c54745bedbce
../foodsg-233\fish head curry\DJL0VF71PUGRI8U085V1WIYP.jpg,fish head curry,all,0063ba945b66229df7d8fefb6b849557,d0156fdebc387c40
../foodsg-233\fish head curry\N7OMT3E4FSDEF5MI1AF3L54H.jpg,fish head curry,all,e76961b6961605314b40819b446f8ded,d0156fdebc387c40
../foodsg-233\pasta - fettuccine\STTDCX4LBQ98ZQJDMV5TLPM8.jpg,pasta - fettuccine,all,f57c2455acedf0652e1cd1ee2bd02af7,d01f6b2a282da5be
../foodsg-233\pasta - fettuccine\WKS2ZMDJRMRYT3P8WBITLE41.jpg,pasta - fettuccine,all,fe726a4bc7148876886842550ef0b62e,d01f6b2a282da5be
../foodsg-233\kuih bahulu\NYCIZ4WYCBVWPXPTBHMRDUDV.jpg,kuih bahulu,all,4784164d6c7c91ec84943220d022b2d7,d03a4f311b1e3dc3
../foodsg-233\kuih bahulu\ZASQH4OTH5JBYLD3FLHP8FGA.jpg,kuih bahulu,all,fb85b95e34e50e352018f305b338d848,d03a4f311b1e3dc3
../foodsg-233\Nasi Ambeng\28HFUSSPVIJ39TY2NOH5ISFZ.jpg,Nasi Ambeng,all,990b4ec76bde4b9461d9dfeeeb81c8dc,d05e2d9d0d789696
../foodsg-233\Nasi Ambeng\Y1Y4BMJDP8043N9305U5XHKT.jpg,Nasi Ambeng,all,3960c08581696bbf8f21f09fd6c02eca,d05e2d9d0d789696
../foodsg-233\kuih bahulu\JO3EWB8L0SPWKSZKP42FM7N0.jpg,kuih bahulu,all,b7b1b78d6dbcfa3ab85fbfee703ca031,d06e6103bd94b8be
../foodsg-233\kuih bahulu\LEVAMSMJYW7JHJCNMBHIVPEW.jpg,kuih bahulu,all,5a6b7ced0f687a3a5ab759d43da4e5fd,d06e6103bd94b8be
../foodsg-233\Dumpling noodle soup\G58Q2UD68I7V1480GBAZORSJ.jpg,Dumpling noodle soup,all,9042bd88705d666b8064fd3f9725afbc,d07443e4ce93cec9
"../foodsg-233\Bee hoon, soto\GD21LJVR2DRYS119FTL25SUK.jpg","Bee hoon, soto",all,af0c6d8222862470c52f0a062eb41427,d07443e4ce93cec9
../foodsg-233\xiao long bao\1L8SCFGFYMLCPR9B3E3Y5HGJ.jpg,xiao long bao,all,529dcc6cbc15611f061a859b75b43d2e,d0952a6ebea16c96
../foodsg-233\char siew pau\FY5DLRV5XCOFVW5FSLCIX7VS.jpg,char siew pau,all,c2c95d987ecae24ff6c6190b33a7f7ea,d0952a6ebea16c96
../foodsg-233\curry puff\0X1SMYMQSYN8E4C0RQBT5N7L.jpg,curry puff,all,2c484926fbfe31e874212e0cb5c191bf,d0974bd3a6845dc9
../foodsg-233\curry puff\AMW96GCL5VKJ874DRS6WMS2H.jpg,curry puff,all,54d8891fbee38303a4323254369d757f,d0974bd3a6845dc9
../foodsg-233\har cheong gai\K8HJN7KVZ7ASWEGDW6M51T8F.jpg,har cheong gai,all,7206d873525d4bb166bdbb9e05d6a8cc,d09e37b135956951
../foodsg-233\pasta - red sauce\DQB94UMD6Q3YJW7PYZT9J1OG.jpg,pasta - red sauce,all,76fd95439d8beca19a036a0e2083a9d2,d09e37b135956951
../foodsg-233\passion fruit\7JHLSUU7MGNL4EU0QH5FPVL5.jpg,passion fruit,all,764fc2c541d6e39952e267d1c2b810ec,d0ad87929c619bec
../foodsg-233\passion fruit\5NIGWCH2DDKZ2Q0V1LPQFJ3W.jpg,passion fruit,all,a213e42592be7e6d04f15a914d93507d,d0ad87929c619bec
../foodsg-233\Indian Pancake\G3ZQ1TLEZ7ERMKK8PKG7KCCB.jpg,Indian Pancake,all,45d24a0b911ee001488407d438474ce2,d0c17bec68557568
../foodsg-233\Indian Pancake\0O6I9QCA51QC99HUVB42493T.jpg,Indian Pancake,all,9d69863ad8eeb3f85c60eac706d3d7aa,d0c17bec68557568
"../foodsg-233\Bee hoon, goreng\AGBGFH2HVRSLWRE7GCXFOQMB.jpg","Bee hoon, goreng",all,d6784fb94623a209c5e500f01ae24698,d0ca4f3516366f32
../foodsg-233\vegetarian bee hoon\22T5LKOKTLL4T721DG4FUPQM.jpg,vegetarian bee hoon,all,85114a2fb9c6b11b46ac9d82efa5b433,d0ca4f3516366f32
../foodsg-233\Udon\0K070UJR2AIH1OQQOHS0FJ33.jpg,Udon,all,35bb554628d386acf3515a60772afaff,d0cd07853eca38cf
../foodsg-233\Udon\56MH4UVG4LAG2AX0Z747REV7.jpg,Udon,all,2dd2f4eb1a89e5c8c13f30328ce3bb2c,d0cd07853eca38cf
"../foodsg-233\Pilaf, pea\TL0URH0RI20ODDJNZSOCMVEC.jpg","Pilaf, pea",all,f7224713061d5100127324846d3715bf,d0d8457e452af65c
"../foodsg-233\Pilaf, pea\PC4YDO159S9M2NR55P7OG3XL.jpg","Pilaf, pea",all,2d9aba759f1be6ea2c5d60b2ccfef7f0,d0d8457e452af65c
../foodsg-233\Mee siam\D9FCOGMCV1HYAFGSZ0MJKOKI.jpg,Mee siam,all,af2ebac1c621e75d6c34cceafe2e9eaa,d0e159707af581e6
"../foodsg-233\Mee siam, fried\IUVXGN1A0DYW16RM8N2SZ83S.jpg","Mee siam, fried",all,d2680c6870210217fe9d4607246daa70,d0e159707af581e6
"../foodsg-233\Bee hoon, goreng\Z0NO38CXT3QC3NAT70LT4N42.jpg","Bee hoon, goreng",all,1ad353ceb8ee8edb6ee630952a25da08,d0e159707af581e6
../foodsg-233\Sweets\IKYE5A1CSTK91H6Y1CS9RCJU.jpg,Sweets,all,fa0159c522864db621de4d0898881811,d0e72a8df80362f9
../foodsg-233\Sweets\7BELP843PUMVO78WY4C7AS1L.jpg,Sweets,all,10171681db1b180b23cd261dc86b50f9,d0e72a8df80362f9
../foodsg-233\lontong\8YYHJXELD5CKPABS3ICXA0MC.jpg,lontong,all,5a826af4ea0256f8034d8a84e3b66b6e,d0eb078d3b935c1a
../foodsg-233\lontong\H5BHZBT1HT0SQK27P8IP3LBW.jpg,lontong,all,87a609dc204a37b1f0fabf76e2369772,d0eb078d3b935c1a
"../foodsg-233\Mee siam, fried\R95FPOAEYF241RDYG88EODQI.jpg","Mee siam, fried",all,b7a4719ef81c5fb8776d8eddcb318ab6,d0f06af07de0c05f
../foodsg-233\Mee siam\FL0WA5RCH2D4SDKSNH44KLIY.jpg,Mee siam,all,8884498ab8e0d74010ad196a03d5e86d,d0f06af07de0c05f
../foodsg-233\bak kwa\JWQ3FWWOVM7IGMNECGSXJA82.jpg,bak kwa,all,c550371fab350d0088a28f7b3b1c5ebf,d0f07de268b4166e
../foodsg-233\bak kwa\S5060O0WOTRTG8Q1PE5MWJN9.jpg,bak kwa,all,d30242cd5a10663746b597c76b5a6c43,d0f07de268b4166e
../foodsg-233\oyster omelette\ZZ6N28ZO9142DYPU7NKGMAF4.jpg,oyster omelette,all,d94401f2c1786f770a44de25e62aa7ae,d0f0cfaf04d1471d
../foodsg-233\oyster omelette\VO6W0M4IQJ2RFP8A197OVBVL.jpg,oyster omelette,all,7d70cf4573a3b72555972a4f90b7230e,d0f0cfaf04d1471d
../foodsg-233\bak kut teh\69C5YY571VJ2RONSIBF5ZKUT.jpg,bak kut teh,all,b131dbcff1b04cfabdf22358c7fa005a,d0f14aca5bd7209e
../foodsg-233\bak kut teh\UI9UD1PKNKINAHPBOCV493P4.jpg,bak kut teh,all,7229f9cdab56bc7dfb4f757edb0d923c,d0f14aca5bd7209e
../foodsg-233\hotplate tofu\218CZMO9JKWOY66ROHH0QDFO.jpg,hotplate tofu,all,d7ab5a981f2cb475e6f39e4f4341fcc2,d0f52950679be296
../foodsg-233\hotplate tofu\FWJPR89P3VN9XQAHL2JT6F3U.jpg,hotplate tofu,all,ec98501ab43b37d3dcfbfe365d340df9,d0f52950679be296
../foodsg-233\hotplate tofu\E5SPMPJHQGYJ9PL6C0LJ6SSY.jpg,hotplate tofu,all,a13e3e23f7a6ec9eacd71d09b1c1a73e,d0f52950679be296
../foodsg-233\kway chap\FRGOYXX52U59SZKHVB6FSW0E.jpg,kway chap,all,3508a1f68e65fccd5e5390166ea4f105,d0ff8f803c72b438
../foodsg-233\kway chap\3TSN6DOJPJ6R1C7I7048W0PX.jpg,kway chap,all,2a2ac30e3c610ea659677a47433b38e4,d0ff8f803c72b438
../foodsg-233\Indian Pancake\W8LSHSG6YVZF3A4PL7Q6N6BS.jpg,Indian Pancake,all,f0ffd295e780d2299360997d19bf7b3f,d10358993bd96ada
../foodsg-233\Indian Pancake\Z4TVIZF7D1TL1NAHXU3JDO5A.jpg,Indian Pancake,all,6ddd23e12024eeb83b82ab1c542e8c56,d10358993bd96ada
../foodsg-233\kaya toast\VDC66P9CZ71RWUKXFORM9TWU.jpg,kaya toast,all,6b0752f5d399b7200d7925e9e2af3d9a,d13f242836c639e7
../foodsg-233\kaya toast\9S8HIHXWB1C0PZT2W4AZI9XJ.jpg,kaya toast,all,a55d8bcf3f76b7755413e7fc46cc5e31,d13f242836c639e7
../foodsg-233\canned Fruit salad\Y33SA718FNSDSYWYMTQ6HUY6.jpg,canned Fruit salad,all,944fb3cadb004bae74adfadff56fc996,d14145a43e7f0f8e
../foodsg-233\canned Fruit salad\NN876PR7QKUCCVOBWC251EAD.jpg,canned Fruit salad,all,d67b54d6d9f558c9e497b89e11133cdb,d14145a43e7f0f8e
../foodsg-233\cereal prawns\Q8J5D7CDS6V1N9R0AOPR9GJE.jpg,cereal prawns,all,2c68aabee0ba5a03f3b7880e48316a4e,d1477e9843661c6d
../foodsg-233\cereal prawns\6EPYZJ47NGASEXO1HISVW81X.jpg,cereal prawns,all,4dd9dd5780aff1a17ac77b202ead5f38,d1477e9843661c6d
../foodsg-233\Mee bandung\ZY0OHZBGLOOGEZDSKM5452AO.jpg,Mee bandung,all,3550226f92c4b2691e7c2f17b503cfe3,d154429a4b6e8df3
../foodsg-233\Seafood Noodles Soup\8ETOJGWALMZFGWW38E2RVGTI.jpg,Seafood Noodles Soup,all,8318592c4152f98837c743a92376beb0,d16d1ed07cb230e3
"../foodsg-233\Bee hoon, soto\FY5RKFGNPD3KMGKZYTQU7LYY.jpg","Bee hoon, soto",all,50fc0b4c830d840bc5ecf6db93c6e250,d16d1ed07cb230e3
../foodsg-233\black pepper crab\5YUYISWES2N27IOIZOODVH66.jpg,black pepper crab,all,555212ca5a2eac432e4a19dc240ca528,d171816949ef1796
../foodsg-233\chilli crab\TY622QWDK670FU942VQZPQOW.jpg,chilli crab,all,57bdaedebf3fd6a897dccd7875b8c938,d171816949ef1796
../foodsg-233\steamed buns\JCEXMKWGHFJAUX18V8YYN8S3.jpg,steamed buns,all,6e8755118e39a262293393fce351558e,d1784d6e5e2b261a
../foodsg-233\steamed buns\O9VGXU0WEKUKEI5IAR448QGV.jpg,steamed buns,all,f2fed70df5ce2e86603e9b8d6ec69204,d1784d6e5e2b261a
../foodsg-233\Ban Mian\OPUMOWA6NQTAPXFSYL6KQ55R.jpg,Ban Mian,all,822f785ec662cab56fa95cc2fca099b1,d1884ab762d2a9ee
../foodsg-233\Ban Mian\27NOMXFZQGE3FHI7Z5JFS47L.jpg,Ban Mian,all,ce6ed8d74bab786f26cd3f460d273d40,d1884ab762d2a9ee
../foodsg-233\Ban Mian\RZCK88X2T8KDMDI5PPDO1YKT.jpg,Ban Mian,all,826b6c4d715db3bee14331c0ae9b46b7,d1884ab762d2a9ee
../foodsg-233\sirloin steak\ORT8IEH3E9XS63DF7KI8OBEA.jpg,sirloin steak,all,165093921f44cc625bf9aeafd8483c0a,d1924cd65ada1b59
../foodsg-233\sirloin steak\BDC01UZJNRZZUX4X9WT3A9PQ.jpg,sirloin steak,all,7492f92ce48b2f36e1b96b331249e3b1,d1924cd65ada1b59
../foodsg-233\Udon\H2JKZ0B3XQ6DUWIKUOA79WV3.jpg,Udon,all,5662eaef6ac6897eae161bb44744d815,d1955f426a3e3970
../foodsg-233\Udon\IRTGDOTX8SPXM0TZWJS40TF5.jpg,Udon,all,d1f72a9c6a67197e0adeb34d27c5ea29,d1955f426a3e3970
../foodsg-233\bak chor mee\ANID18DW3IG6LWGZ271BRQ3W.jpg,bak chor mee,all,fda67b70dd158dff4b3acae19161fcab,d19df4d3c18c1f48
../foodsg-233\bak chor mee\I0MCUXTN7OSWTHI7DXPDG3WA.jpg,bak chor mee,all,cc3c4f0f03f3b38b6eec920d1737afd2,d19df4d3c18c1f48
"../foodsg-233\Wanton mee, dry\W1GZ40DU9BGKR43B7NL6GCM1.jpg","Wanton mee, dry",all,de74e7c87bb5e7243eb51140e22c23f1,d1a60d8a318dfe1b
"../foodsg-233\Wanton mee, dry\WK2MNHFPB83RUA04B17QOL0L.jpg","Wanton mee, dry",all,6f5cc4e01eb92af222ba9184482a2bb0,d1a60d8a318dfe1b
../foodsg-233\Mee siam\6F3T6FDATYQYB3T96JYIC0FJ.jpg,Mee siam,all,f79e53d5f187f5c5326ce9375d194e5e,d1a75b46392ee503
"../foodsg-233\Bee hoon, goreng\SLHQKH5BXKQG1RAU950K1LI2.jpg","Bee hoon, goreng",all,3c68b69bf052ea2c8b7b1eb8d9ee7949,d1a75b46392ee503
../foodsg-233\whole wheat\OHQESD1UOEQH3HAH5BQSON0N.jpg,whole wheat,all,007de61af9c1804481660a88e13cdb64,d1ad13ea1594e237
../foodsg-233\whole oats\I0VIS645K62OWWL0BBYKFHQM.jpg,whole oats,all,4258f49cb3d584b28da8b9ad77d5492d,d1ad13ea1594e237
"../foodsg-233\Bee hoon, soto\Z33MP7GZ9VU79NM9CTNYV3BR.jpg","Bee hoon, soto",all,da77c3258bada8c8b98c379302273a4c,d1b172c39a2b1a6d
../foodsg-233\hotplate tofu\T46MJ20T8KPBQ26RJU9ECI7B.jpg,hotplate tofu,all,c5e6f589b85c51352221b86e501243ba,d1c0180b7c9f78de
../foodsg-233\hotplate tofu\QDRBJ8A5HF77CCQ0PTPDDIUO.jpg,hotplate tofu,all,ac2f219f790a85fa4de31dec17de456a,d1c0180b7c9f78de
../foodsg-233\mixed grills\UEAP9UIQRV3IAICR0QWA7BRA.jpg,mixed grills,all,c9912069e9ab5ccbb07983c70352c9f3,d1c0cead2d38363d
../foodsg-233\mixed grills\QXTO7F136DA4Z5ZE9QVXA5DR.jpg,mixed grills,all,1b91876553058a16fb833d1f1ace1ebf,d1c0cead2d38363d
../foodsg-233\Dumpling noodle soup\J3GSH1X21SMVB904ENE1K32L.jpg,Dumpling noodle soup,all,815cca883a1dc7901317434800b95a04,d1e33e0e6960b635
../foodsg-233\Dumpling noodle soup\HJONOPS3D9N3DG9VNKKHB6HB.jpg,Dumpling noodle soup,all,76ce6f2e502f3ce21fecff030769ec38,d1e33e0e6960b635
../foodsg-233\Lontong with sayur lodeh\KXODU2VM360XS85M324LKZ0C.jpg,Lontong with sayur lodeh,all,b9ac16616a920bf8025a3591e5f47f77,d1f14fe43ce16066
../foodsg-233\lontong\LRA4YA9XW316ZN9W0SAZ37CY.jpg,lontong,all,d9e0b23ee6f02b79ad6faa39956e620f,d1f14fe43ce16066
../foodsg-233\cheng tng\C6DJE70U2C9I3FFDM146FE8O.jpg,cheng tng,all,ed4117078e64730f4c0b41486a8942c3,d1fb2c0602e0fcde
../foodsg-233\cheng tng\D5Y3SGHSR73785EXFK84C4G0.jpg,cheng tng,all,efea4a7d4f8159d6d6de9dceaf8e7ff7,d1fb2c0602e0fcde
../foodsg-233\Soto ayam\9P9ZVOR4ZIKXSRWOTNY48K4D.jpg,Soto ayam,all,c767c5c7633a11ba01ac673c86adcb75,d1fc2ac53df6d200
../foodsg-233\Soto ayam\K0HPA1X20A60BRJL9T61LBPD.jpg,Soto ayam,all,afd0006e41bffa9eb3bf3fdd6c9f47ef,d1fc2ac53df6d200
../foodsg-233\CNY love letter\ULKYG209FZEUZDWVOGYJULOA.jpg,CNY love letter,all,707689b329bcf2d157a57e133810cad5,d20e11f4e7c80bfa
../foodsg-233\CNY love letter\1RR7X6ME0HKGCJVNSOWXC4VH.jpg,CNY love letter,all,24e774a8ffa227cdd2ac0d93ee637ae3,d20e11f4e7c80bfa
../foodsg-233\Seafood Noodles Soup\P2KOTF3N3WT28YC0OXPJB2O6.jpg,Seafood Noodles Soup,all,bba44c95390a853860f8b76408472984,d235994c46f36237
../foodsg-233\sliced fish soup\J5P3H7YRANXW18U0B51GX0QX.jpg,sliced fish soup,all,436f3dcff81a7ef36076bca81e86895a,d235994c46f36237
../foodsg-233\Seafood Noodles Soup\RFXV9NKX3HS7FJH7GZ7QIAEV.jpg,Seafood Noodles Soup,all,d5a50b6d811dddc83ee9dad82e0c8db9,d24bdc48ed65e10d
"../foodsg-233\Bee hoon, goreng\1RSS56HZZ74MPW2VBTIEHTNF.jpg","Bee hoon, goreng",all,bf82634ea3a07c34f5f96df495104103,d24bdc48ed65e10d
../foodsg-233\miso soup\9H9XBTYNCP6BETEHKVM5N3A9.jpg,miso soup,all,6ec3557988e01e701576e037a6f4ed4b,d25263815bddacc5
../foodsg-233\mushroom soup\EOPJEEDABLXW6BH44AI6XE5O.jpg,mushroom soup,all,fddb1e8c252027105e3de6e868892709,d25263815bddacc5
../foodsg-233\chicken pie\ASC07WBH6IMEM0VSVG9H6IUM.jpg,chicken pie,all,e3d4624848205454e11e70017449eaf7,d252de8f828eb998
../foodsg-233\chicken pie\E0GTW0GTS1S1LXGEQUV31CJ1.jpg,chicken pie,all,5a06077e6fcbdf4ad7f70419318f7998,d252de8f828eb998
../foodsg-233\Soto ayam\S67R5UN3O3SIZ8V91DSKICDE.jpg,Soto ayam,all,386cd3d6a9f721c6cee3ebbf98783202,d26a91197d869ef0
../foodsg-233\ayam penyet\TI638U4RC5GRY6L6DFCAZPT9.jpg,ayam penyet,all,32a1619356b02d8fcf0488c27ced6765,d26a91197d869ef0
../foodsg-233\Peanut Pancake\MDKU68P8HUDPMQ1YUU7NY96H.jpg,Peanut Pancake,all,b289872de7b183d2594cb3a91ca423b8,d26b248cdf81cd6c
../foodsg-233\Peanut Pancake\ZVEOQFP2R5XW4LB65RSDBSI2.jpg,Peanut Pancake,all,f66db8167b48019c1950f1843a414e5b,d26b248cdf81cd6c
../foodsg-233\mangosteen\5YVZDX652WOHFQGB7LOR15J3.jpg,mangosteen,all,63fe849bfdc17fe54edcf55c49205569,d27468d37689e199
../foodsg-233\mangosteen\JAWVE0QZ5S26ARBLBY8IJ8W3.jpg,mangosteen,all,ac1dd7b8143cd0824d30bcdf1e2d0e42,d27468d37689e199
../foodsg-233\Soto ayam\L9NA0JQXKHC9JGNXUU9A7Q3E.jpg,Soto ayam,all,3eba085cbc512d13229d09a8164c03b4,d2865a3a2e4cbcec
../foodsg-233\hokkien prawn mee\3HP4C75WOKONGCI0T6BBJQXQ.jpg,hokkien prawn mee,all,a929082f706096ab8c43738ccee333e3,d28e153d1e744ae6
../foodsg-233\hokkien prawn mee\4213D9G3M8T395HMO8SSNMRX.jpg,hokkien prawn mee,all,d3f9f73973f7d5e5f34f26eb9c775dd5,d28e153d1e744ae6
../foodsg-233\steamed buns\PL010TVM0UU0HRCRU6AVXURV.jpg,steamed buns,all,1e9b35365fe1831170b59a59386dd50a,d29e5c916143e766
../foodsg-233\mushroom soup\OR7QYZ3OHX2UXIYF1U72ATIO.jpg,mushroom soup,all,fc40911773ad91f0433335f23c2ce8ae,d2a8c9872fde648a
"../foodsg-233\Chap chye, Nonya\HNFW8TJRIQP0J99UUP0BOWOD.jpg","Chap chye, Nonya",all,0961acd024e3af800883fb20406b6ec8,d2b1a901bf037aab
"../foodsg-233\Chap chye, Nonya\9KLTXLPUT3G1LUAZ1RZ7BLSG.jpg","Chap chye, Nonya",all,48d05146e2da555bdb82b9dcaa8ee679,d2b1a901bf037aab
../foodsg-233\french fries\L73WMP6UEYW0HNVZNGMP87QH.jpg,french fries,all,8137772f9a53891f0fd2668ad2208cc7,d2bcd18843358fb5
../foodsg-233\french fries\4L4M1PZKNIG59FNWKPDPIB5P.jpg,french fries,all,f6dec2c7bc807725fbdfbdc1368b1476,d2bcd18843358fb5
../foodsg-233\french fries\XLOJ36EGVIWKAYPMTHLNLOL1.jpg,french fries,all,61768fbd9f8c86a856c68540c8bf35e4,d2bcd18843358fb5
../foodsg-233\honeydew\NOZ51OR3U47V1KT1478HKYJ0.jpg,honeydew,all,0fc8c419d3e1fbec4332f7c07e531bc2,d2d25a05b5ad5a55
../foodsg-233\Fruit juice\8JZKD7E6Y39N8VJF8M98VCT8.jpg,Fruit juice,all,0d675593d92d3712cb8f7229a9ecbee8,d2d25a05b5ad5a55
../foodsg-233\pasta - fettuccine\EX7O4JN76N5B9W755AUODEQV.jpg,pasta - fettuccine,all,8ec33ae5e6f254bbc5d57a846a7cc52a,d2e34d7f163028dc
../foodsg-233\pasta - fettuccine\TI17MGNWYP85XGCT3P8TFAPO.jpg,pasta - fettuccine,all,e6cb988969b15edd96e8ac48bc3ba28f,d2e34d7f163028dc
"../foodsg-233\Bee hoon, soto\MFW5J7NAEL8WU51FVBVJ9KI5.jpg","Bee hoon, soto",all,99316da1fb660ade4aec39c618561945,d2e44806cf1b1d3f
../foodsg-233\Mee soto\3RCULOGTW93V1BTK2Q1P2VV6.jpg,Mee soto,all,c648908d3aee578dd95f811a12dc0297,d2e44806cf1b1d3f
../foodsg-233\Mee siam\0N9GJKQKR4LPEC7E6QYCHW0B.jpg,Mee siam,all,b85fcbaaabfb63cffefbb446f5501cdd,d2e4b516b5a95625
"../foodsg-233\Mee siam, fried\OUM3O3Q4ZFLFS097RZKGM8AJ.jpg","Mee siam, fried",all,77aa05b2985c1a86ae4074f34094b6db,d2e4b516b5a95625
"../foodsg-233\Mee siam, fried\N8P8EE7KC0XXWYQ26JWO2GAM.jpg","Mee siam, fried",all,7b6223137f5a71245fc9ae90b5e9c7fa,d2f09975e921c366
../foodsg-233\Mee siam\1G2XFR2P1GJKBOU7KO0O3440.jpg,Mee siam,all,0cf1ff2c7bd4e44f5fa561b1ed7d1e29,d2f09975e921c366
../foodsg-233\sliced fish soup\E2VD7IDEC6XGOJAXMNISL4BM.jpg,sliced fish soup,all,03a4bd72fb3b113d76ff74b916091246,d2f16a951f3530ac
../foodsg-233\sliced fish soup\48IOWIGBTYNG0P5UJBY3SHTT.jpg,sliced fish soup,all,f2d79c968471a082847cc02b49ba5b64,d2f16a951f3530ac
"../foodsg-233\Bee hoon, soto\PH7FU8ETGY5ORIUWW0LKWYAA.jpg","Bee hoon, soto",all,466954e4a9553030b134f9b58dfb0375,d2fc1a7aa99153c8
../foodsg-233\Soto ayam\5QVGRJTHNZRX6K9PXT2L7LYM.jpg,Soto ayam,all,b05b56b99bc1b586459fde903827c2d0,d2fc1a7aa99153c8
../foodsg-233\tau suan\DX8FUSMIZD3GLKZW204HH76C.jpg,tau suan,all,899f113580844d55e02487e9fcf39d29,d3011a1672767e76
../foodsg-233\tau suan\X3EP9RM06ICJRM0E96MWSBR8.jpg,tau suan,all,cd566a4215dd10abf9d210d19c8dbbd7,d3011a1672767e76
../foodsg-233\hotplate tofu\MNG9SIB9BKYZL4565LVCX5P8.jpg,hotplate tofu,all,febf4ddff0d30e5d5b7694666b0de470,d3112d7a286fb5c1
../foodsg-233\hotplate tofu\29L1YXE7VZWTZLIP1HRIYP0C.jpg,hotplate tofu,all,8d9264b9aea441b092bfaa9097d784f2,d3112d7a286fb5c1
../foodsg-233\vegetarian bee hoon\VG8PZNYBTGMB6ZII49ZZMQ06.jpg,vegetarian bee hoon,all,e86a73189e14defba4aa0910b694205b,d31a103b17bf31f0
"../foodsg-233\Mee siam, fried\XQA26QMC8E3T32169Q4AAY04.jpg","Mee siam, fried",all,971ee0a8c8a522a5676bd72a702768de,d31a103b17bf31f0
../foodsg-233\singapore sling\JBY8WQH3M6MKWDTZVBID249F.jpg,singapore sling,all,af382d50f74fdbf463e8df8df50661a8,d335cd3cce1ac292
../foodsg-233\singapore sling\7HN0Z351VLRY3EXHE6DPRHVH.jpg,singapore sling,all,a2355e4a327abcaecbead1178afedb02,d335cd3cce1ac292
../foodsg-233\sliced fish soup\5VVD2MN13E90JWMSSL1IPQKN.jpg,sliced fish soup,all,56ea55239fd2bc49bd6ce7676feb22eb,d36304cd43b6971e
../foodsg-233\Seafood Noodles Soup\3UGRV7FZ08OS2QWWN3QNRC65.jpg,Seafood Noodles Soup,all,fc467d79daeb71d84ea141b4f8c71a47,d36304cd43b6971e
../foodsg-233\murtabak\8PHNLOLAWL7EVRHZ48578JQ5.jpg,murtabak,all,48f78a16eb85d38d7b1948b4481ca99e,d37a880d9cccd6c6
../foodsg-233\otak\9MTC75LDL58VQARLSQPLPP1D.jpg,otak,all,7de644565fa646d3c7feae5da03c7398,d37a880d9cccd6c6
../foodsg-233\mixed vegetables\X02EHPQYU5TDGSF0V5UUD2D9.jpg,mixed vegetables,all,8d6f341713f5c998df7bda96deba979b,d37c1f7de934a040
../foodsg-233\mixed vegetables\PB4WR21R9TACAFVBLJYDXWHE.jpg,mixed vegetables,all,4b12607556998d7167f2d6e133087e8d,d37c1f7de934a040
../foodsg-233\dumpling\BCHEA1WHAJPGL2ZNBV67XQBK.jpg,dumpling,all,320b56e0c98c4494bb0c6c570e481e17,d3882af5a563e21e
../foodsg-233\rice dumpling\XGD7H9PPN7YTSID08KOADNGU.jpg,rice dumpling,all,6717230cf6dfb232ac611e3785613764,d3882af5a563e21e
../foodsg-233\Tauhu Goreng\1NTG0DZHHJI4NCTCXV5KIIT1.jpg,Tauhu Goreng,all,2ec5a85832efa224019aad2da82b849f,d393a378da24ce07
../foodsg-233\Tauhu Goreng\FXMI0CE1WISJQD0THGZCBP1F.jpg,Tauhu Goreng,all,0f346e512a3ef988f66222b1a5d9f3f9,d393a378da24ce07
../foodsg-233\Udon\MOY06VOLEPFODTPKHYTYGXMT.jpg,Udon,all,83b330634634d95c84f15563ed183cec,d3b135e8cc852eac
../foodsg-233\Udon\ZOOHUOCVTRI27IAGY4H1JWNN.jpg,Udon,all,352d6b673c61d2adc8bee31bc8756c8a,d3b135e8cc852eac
../foodsg-233\whole oats\13UK9IFBQU3FAR5HII0YQYGZ.jpg,whole oats,all,0529b7c2cdaed0b58ec4a501eb75b5e7,d3cc6cc76db25230
../foodsg-233\whole oats\KEAV7UNGP8NBJTV7O6PXYH8F.jpg,whole oats,all,076029e4e69654cdb6fef784579a40f3,d3cc6cc76db25230
../foodsg-233\hokkien prawn mee\3T8E7L47KGOIHHW9TJM93SRH.jpg,hokkien prawn mee,all,dce4365027f62e2544c868609ce7a7db,d3d14f8b74cc2a8c
../foodsg-233\Prawn Noodle\XS5VUB99K7O0P4EDS9861I4K.jpg,Prawn Noodle,all,063eb439e3df9998ab7186d73f1e50b7,d3d14f8b74cc2a8c
../foodsg-233\gulai daun ubi\EPM9YAR4U25Y4ZHBWMHDYSD4.jpg,gulai daun ubi,all,bbe2540b1d3726eb2b6c2effd3f22f73,d3d3c5ca122ac3cb
../foodsg-233\gulai daun ubi\J07125FRGJQNCH0UP3QCIIJF.jpg,gulai daun ubi,all,9aa47eca69e312ae8b0a232227263ced,d3d3c5ca122ac3cb
../foodsg-233\kway chap\QOXLOLXWIQJR8057XOTLWK81.jpg,kway chap,all,306f2a51596e3fb6f4155402e9be19e6,d3db81686eab0e61
../foodsg-233\kway chap\YQSI9CC8MWL3NWWLAAUY09X9.jpg,kway chap,all,4472663ffe338b4b3038bafffc6f1e32,d3db81686eab0e61
../foodsg-233\popiah\XZDXB59XYFTCN9O7VBDL6LAC.jpg,popiah,all,a49cfc3abf97c90ceca6fe7f9c69dec4,d3e06e91cdc43bc2
../foodsg-233\popiah\G6O9RP3851GKR2OIO2U8GLRT.jpg,popiah,all,bb0c351f55168d23d47a2b157f286dc5,d3e06e91cdc43bc2
../foodsg-233\Seafood Noodles Soup\MAP5D3DFQ34R90GJFE9VDGE5.jpg,Seafood Noodles Soup,all,cda12bbec88870a7e7f6e1bbefa5dd63,d3ea4ce423968bca
../foodsg-233\sliced fish soup\RTFY5R3VJ5NEWWM9M217DF3K.jpg,sliced fish soup,all,d626c4b63e71d5347c449a7969120bdd,d3ea4ce423968bca
../foodsg-233\Soto ayam\7X0RMZJ0WS9WHPJ2U24YE8QY.jpg,Soto ayam,all,66b1e765e07b9cb36d8fa700886d5767,d3ed297224353e1a
"../foodsg-233\Bee hoon, soto\4N6XXWHOGTEA5KC6UYLGZQSI.jpg","Bee hoon, soto",all,2b44d96552d9871f582034903087ecb2,d3ed297224353e1a
../foodsg-233\mixed grills\LRC3MBIAK1A4A3GA8QEO22FJ.jpg,mixed grills,all,ec2db445ac31152d73fac89cdeaf7b5a,d4071d9f58d2d9b0
../foodsg-233\mixed grills\FQZ6XR53XC1DCRQC6K79TRZQ.jpg,mixed grills,all,1a0e16cdb07e1112ab0c0865e8163fc9,d4071d9f58d2d9b0
../foodsg-233\Laksa\18YXD75HZABGI1YJC8OAQMFF.jpg,Laksa,all,a17b3b094e8e99fe2741e9a65d4dae2e,d40abfac7c197861
../foodsg-233\Laksa\1GW05B4RKGRAO9J8BYCHEG52.jpg,Laksa,all,949409e7bb5782c19f7c957611ffb69e,d40abfac7c197861
../foodsg-233\chwee kueh\27R2DL62U25OTPSQ2GVFVZW1.jpg,chwee kueh,all,c371a31e1e21d2bb03396c83014e7d9d,d42b4ac459cb3db8
../foodsg-233\chwee kueh\NZRFH8RJWXK2JC11H93Z35UB.jpg,chwee kueh,all,57291d4f5f9626a5e3a36b941c3d1867,d42b4ac459cb3db8
../foodsg-233\Fried Noodles\4G3DT7LL187JT7CDLK7B9U53.jpg,Fried Noodles,all,04cdec199f7fff56bab1d74fdfb89189,d42dc2322bbfb5c0
../foodsg-233\Udon\RF42APN2W7YLCH6PHX024ANF.jpg,Udon,all,f0caaef5ffa5fea612d08d3b958d6f9e,d42dc2322bbfb5c0
../foodsg-233\Soto ayam\KVXTO649P1UYO2G1FI4MT4HM.jpg,Soto ayam,all,ed613aabbfd75d72955a95fc0b3ead80,d453161f1e7ac83a
../foodsg-233\Soto ayam\33BKULWTOFY9O1OT0OQAU6M0.jpg,Soto ayam,all,d16f25f3a0f0bbecab07f11d1d97b3af,d453161f1e7ac83a
../foodsg-233\kuih bahulu\UBVHGVA3YOSJV0ZJTTSNAVVA.jpg,kuih bahulu,all,a6f584f8fa5c7a4ea32b6a8a74926842,d45969c2fe309ca3
../foodsg-233\kuih bahulu\ZGU7KXQ451G3HZJJN6TK1YCC.jpg,kuih bahulu,all,59b5b49e91053fded7e9f01b92cc97fe,d45969c2fe309ca3
../foodsg-233\sausage rolls\QB0VRUOPWD5I6KH1P48F74FF.jpg,sausage rolls,all,18c6d585a5c70b3b8f9433c9dc307b14,d478cb27e610a9ce
../foodsg-233\sausage rolls\44WA4IH2WAB0BG8EI9VTZBBC.jpg,sausage rolls,all,9125f1cb785097034973450d1c087ab5,d478cb27e610a9ce
../foodsg-233\tandoori chicken\CNZVQPKKU5TIJ4ROBUYCCDIH.jpg,tandoori chicken,all,b4de23b885137d0664a7435580d71346,d47b7f3cb0470491
../foodsg-233\tandoori chicken\D4A4K3CHMS8JYHTYRZYJK9RY.jpg,tandoori chicken,all,00de304ba571276949272c46f3e6b779,d47b7f3cb0470491
../foodsg-233\bak kwa\VEFBKJVZABATLFKU0UEO9IXL.jpg,bak kwa,all,470c97c7961ac25fff57939a22008f4e,d48e2a69ef21adc4
../foodsg-233\bak kwa\4JAIZMAR34112V6MUZI30HBH.jpg,bak kwa,all,7bdb649f5c6157aaeb8ce214846a8d72,d48e2a69ef21adc4
../foodsg-233\Seafood Noodles Soup\SGNN198LL7AEZ9F314G1S0MT.jpg,Seafood Noodles Soup,all,bb94b30666be33fa7d69b99f3a26dc8a,d4946b0b3d4bd03d
../foodsg-233\sliced fish soup\TI7Y36D02JZ8E52U3YEX0QBY.jpg,sliced fish soup,all,cf7da22c8b4dd37d16cd3fe46875e176,d4954b526c9336cd
../foodsg-233\sliced fish soup\3WNGOEIACCDMIUSI75MG8M1N.jpg,sliced fish soup,all,120f9731a102234ec138b5d3e833d04d,d4954b526c9336cd
../foodsg-233\baked beans\APZED4OZN16SH2400U0QZ9UA.jpg,baked beans,all,30ff51d2810abb72387381a8f3d26c10,d4a5108e5cdbb587
../foodsg-233\baked beans\B6JZRAS8JH67MF33QR7PEXOZ.jpg,baked beans,all,5f92aab25e26b7f8a95bcd0c0618c2ca,d4a5108e5cdbb587
../foodsg-233\baked beans\KGU022GYFFBJPKPBEQ2AWAZE.jpg,baked beans,all,a41d9fd9b157438a4659546bcc5d5c03,d4a5108e5cdbb587
../foodsg-233\mushroom soup\AZF2QKUHN63VX48XES9RQAGM.jpg,mushroom soup,all,7455b8ead7e4d59c15f934c9ab5f51a1,d4af2be0b487d28a
../foodsg-233\cream soup\5NMVXISXFNNR3NZSA84OTIXX.jpg,cream soup,all,bfacf8ab4ba212913f6e8b3e61f1df42,d4af2be0b487d28a
../foodsg-233\Wholegrain Wrap\CENA0S0558HX76PZ1B09EM4F.jpg,Wholegrain Wrap,all,5bbc58ac7ff01dd2f75265c8152bb53a,d4c3ad806bbc2bc5
../foodsg-233\Wholegrain Wrap\KVC4D2RB025ESF4TOXKT94JQ.jpg,Wholegrain Wrap,all,53bd708a981424540e382e361af6dade,d4c3ad806bbc2bc5
../foodsg-233\whole grain bread\U9TWX4N8DT0UXWB5A34GM186.jpg,whole grain bread,all,6c0d679d21ea574e3ca22204e808bd87,d4d1a1299bb5e916
../foodsg-233\whole wheat\IYW70FNQYQR0RXSZQJVRHAUF.jpg,whole wheat,all,e9ab8c49ba1746aebe60c6274d3cbc54,d4d1a1299bb5e916
../foodsg-233\Mee siam\WR91D9XGH3AAYAMYCWFQ35S0.jpg,Mee siam,all,46a93f0861c0d0632340d7dc3c422eda,d4d5ed4a163b6912
../foodsg-233\Mee siam\JDOT6L1S9X3ILS5L3QXW9GQ5.jpg,Mee siam,all,f09825958c18ca0b8d6e874c29190873,d4d5ed4a163b6912
../foodsg-233\blueberries\TTQANO7UUOPXQZ34HNIXMWR1.jpg,blueberries,all,26f6c6a23e2e13cec1356ff7dd48b76e,d4d915c347466fc8
../foodsg-233\blueberries\BL18ZABVO37LNL9Y70916FST.jpg,blueberries,all,264ba35ace97aceeb3449f89c0e3faeb,d4d915c347466fc8
"../foodsg-233\Bee hoon, soto\Y2K2JXZGKGYS7H024QJ9MCF2.jpg","Bee hoon, soto",all,7184456045b45d55a6972e5ca22ccbbf,d5004ae169df3d63
"../foodsg-233\Bee hoon, soto\210LRJ6GIS0UGC59R02M7CKG.jpg","Bee hoon, soto",all,41a981578bb16713de215495c89dc0c0,d5004ae169df3d63
"../foodsg-233\Bee hoon, goreng\2TPSQR38KA5U1ITB7266YHDW.jpg","Bee hoon, goreng",all,5f6fb07e10349fa136f55c772be3b996,d509562dca37ca3c
"../foodsg-233\Bee hoon, goreng\L9XG86W6171JNS70735O4GPK.jpg","Bee hoon, goreng",all,2d0f8e1e60705398074754e6c96b684f,d509562dca37ca3c
"../foodsg-233\Bee hoon, goreng\021VH1MPKERB1L20WGI0XC6I.jpg","Bee hoon, goreng",all,3626fb4ad3d0d7e946dfdec204366183,d50a2e9d2632ed6c
../foodsg-233\vegetarian bee hoon\Z5BZK0NWEJASAFYIK6WK8D8K.jpg,vegetarian bee hoon,all,f3c408bfcd94009f9c5e084aa4acd73e,d50a2e9d2632ed6c
../foodsg-233\cereal prawns\PYCPM0KI06IYLQETYH308BEY.jpg,cereal prawns,all,9eda0cbe03ced8e6578786f6943894d8,d517e0c2b07d8e63
../foodsg-233\cereal prawns\MRQTZ84WQ51SVS23IA71IP1Y.jpg,cereal prawns,all,9645d724fe3afd567bdf0f26aaea23cd,d517e0c2b07d8e63
../foodsg-233\pitaya\9UC0JYZL5UWYGOOPI04CE5NW.jpg,pitaya,all,93b4b76726dba25d9e70d08b536ce268,d5181774a5ec5aa6
../foodsg-233\pitaya\H81NFDZ44UVS7EU5GO7W9TZQ.jpg,pitaya,all,73557dac69b1a19f73ee67ebdc3dbdaa,d5181774a5ec5aa6
../foodsg-233\steamed buns\1UEZZXAADRQ70J9DOBVWBZWL.jpg,steamed buns,all,63d0f50122dd067402d9c63bef315347,d51945135716d557
../foodsg-233\char siew pau\AYH59ZGEYUWNVXQTCIWT2FA0.jpg,char siew pau,all,38e1ac2fad7b3b9f34aabc8e02726b05,d51945135716d557
../foodsg-233\Kway Teow\ABAF0891CJBKSYVZF3SSY378.jpg,Kway Teow,all,3779682ff340075a77b20f07be6bd18b,d51e98d7d6f14980
"../foodsg-233\Bee hoon, goreng\XK0ITVSR7WOUQOV1P6R49POM.jpg","Bee hoon, goreng",all,c25072b5a3f8a1f7b579f3754c62286c,d51e98d7d6f14980
../foodsg-233\hokkien prawn mee\AYTIGKIWTN7XMKFNRP5UV6T9.jpg,hokkien prawn mee,all,186af15af3ac76c3f6cf3ad37fe7f27b,d5244a17693a6d9b
../foodsg-233\hokkien prawn mee\RIOPQ9O29V8AIBYT4HZDLRLR.jpg,hokkien prawn mee,all,5a5ac1b0a66f994daf6c2cad6ac56cb3,d5244a17693a6d9b
../foodsg-233\Peanut Pancake\Q6PVXUX4ZBVW5YTFNHHFTFSD.jpg,Peanut Pancake,all,1c2e89382663a9b4777bd9dd0075c7d5,d52b4ae0259f5723
../foodsg-233\Peanut Pancake\Q2E0E19GNEIH850XCZ69I4Z9.jpg,Peanut Pancake,all,2a6fd51fb54e2af41949902459c56a96,d52b4ae0259f5723
"../foodsg-233\Bee hoon, goreng\BWQHQU7Q0XSPZWK4JDDNXO9B.jpg","Bee hoon, goreng",all,87e859591ebff53ad6359be74dd1c881,d52d652d6a3da8a2
../foodsg-233\vegetarian bee hoon\BJ1YIZ954LQ4RP7N036OHX3E.jpg,vegetarian bee hoon,all,28d25f1af34739a2b4a8323a62bbd8a1,d52d652d6a3da8a2
../foodsg-233\cheese fries\BYHUPSBQDOQWC8G3XUW2T3H8.jpg,cheese fries,all,dc57d94e89e01b9d9dfc9d7a08fa2fa0,d5361769498d7496
../foodsg-233\cheese fries\ZP0H6SJ63FQ7ZMIDMS4Y0KDH.jpg,cheese fries,all,80e84f6263eeae39997efcefbd2680ff,d5361769498d7496
../foodsg-233\cream soup\DU24QA64QT7105PA8EU0BU2J.jpg,cream soup,all,ba9b7fcdaa3dea71b82d79705989ef9d,d5374ad60bd20fc2
../foodsg-233\cream soup\X8XURDTWX5NSZ4HKDIYB06IU.jpg,cream soup,all,102bf51d5179ab11844e9ca329f37744,d5374ad60bd20fc2
../foodsg-233\Soft boiled eggs\F8XY5WXEHJMHWUBT0OMFID04.jpg,Soft boiled eggs,all,e5107f5ff24be51daa64ee65be9c017b,d53a7af548c42d98
../foodsg-233\Soft boiled eggs\TI72XBWUVPWZ5V0Z6P6I75R2.jpg,Soft boiled eggs,all,ae8d589e24d04f052b70ca4bc3af368d,d53a7af548c42d98
../foodsg-233\Dumpling noodle soup\KEQENVSEHRB0GRV20543XAKT.jpg,Dumpling noodle soup,all,81a652cc20d55e0a4baffaa56a7aa8bf,d54b32131b3c1cbd
../foodsg-233\Dumpling noodle soup\79YCECMSYXG5LFGDV6KN74NW.jpg,Dumpling noodle soup,all,a62c2ca161818d39ea0e8f339b42f178,d54b32131b3c1cbd
../foodsg-233\tau suan\6KR6YJIZFT14DWCLZ9FU0PD0.jpg,tau suan,all,0b0612d8b749296651b4bea67889846c,d552ca618d5e365a
../foodsg-233\tau suan\RF1I615P4SZ9I89TW2BADSCF.jpg,tau suan,all,b46b78db03fd3a30539f2058930fae59,d552ca618d5e365a
../foodsg-233\tau suan\JP8HPBCN18BX99ZQXO902E33.jpg,tau suan,all,0c4d837c8591dbf3b6233c1ed3a8a33c,d552ca618d5e365a
../foodsg-233\dumpling\ZLGODOV3PQYWA1Y66Y635XHH.jpg,dumpling,all,ee5d54c905770a0e7ce2eaa574753dfc,d5532a2f7d9504f0
../foodsg-233\dumpling\EKC4Z6DX44B9F0O2MOMATBYK.jpg,dumpling,all,16894028a3989c9534a62a6d4aeceffa,d5532a2f7d9504f0
../foodsg-233\cream soup\F7Y8WK0IIZXD07XL8K14U6M1.jpg,cream soup,all,9e6afedabe297f81a8507fc45dab833b,d55f52d456b6a290
../foodsg-233\vegetable soup\FJJ3FRCCNUMQ5T40B85PGTHD.jpg,vegetable soup,all,47f267e7e9949e31d61544257a786652,d55f52d456b6a290
../foodsg-233\bee hoon\M93BT20EIY7OQTITCDY46J6F.jpg,bee hoon,all,630d5f646a0b462d43cf60afffe3c9c4,d568ca25c91787da
"../foodsg-233\Rice, chicken katsu with Japanese curry\YUP9NOMKOUO4G1AKR9GSIUA7.jpg","Rice, chicken katsu with Japanese curry",all,3a5dd534c95a6ac3c9fc4509601c3159,d585db625427da29
"../foodsg-233\Rice, chicken katsu with Japanese curry\BLZ6FLBVZYIZGNO4M9KK71C7.jpg","Rice, chicken katsu with Japanese curry",all,47f722ec342dc2872d6aafbe908ced40,d585db625427da29
"../foodsg-233\Rice, chicken katsu with Japanese curry\CYJNWK4QZCN5907VPDJ3N511.jpg","Rice, chicken katsu with Japanese curry",all,6efd551731d2d5938f419a46d9ae39d5,d585db625427da29
../foodsg-233\kuih bahulu\QVAVYID130M1FBS3WA1S2ULK.jpg,kuih bahulu,all,68213645bebf2208e9d57d4140f39359,d59d3007bc345576
../foodsg-233\kuih bahulu\MRTS3AW5V02OLWYK985ERDAE.jpg,kuih bahulu,all,8060fbc9d4f3612a583ea0e21f1fb0b3,d59d3007bc345576
../foodsg-233\chicken masala\C77ML4TIAKX1EZHK93LJQUBB.jpg,chicken masala,all,a82fe8262c9a703384a4acdea49dd49c,d5a5111e1e9a5ada
../foodsg-233\tandoori chicken\BKKRO1ZTQGMFTD11W4JCAH59.jpg,tandoori chicken,all,5c42dcd2cc8652fdc6ed3d12150f9b0f,d5a5111e1e9a5ada
../foodsg-233\char siew pau\KS1XRMCIX7SPEVWUV7UD2ZFA.jpg,char siew pau,all,08170eea6ce5c7963cb17c73ef2d4d18,d5b66e7860c9c5c8
../foodsg-233\char siew pau\KYQEIIEK4DDLCOICKP91UMHV.jpg,char siew pau,all,09f606f04e7d51ec561800b09f3d173b,d5b66e7860c9c5c8
../foodsg-233\cream soup\0QLT96YXTQ1NPEYKA8OY401A.jpg,cream soup,all,7da1220d1434686edab70541a1c60b1c,d5bd68d0a7720659
../foodsg-233\cream soup\H1G7O5Q4KWXH5NWVI31J2TT5.jpg,cream soup,all,1e00ff6c950bd02897717fb4a0d8705b,d5bd68d0a7720659
../foodsg-233\mee pok\ZN85WVITQ7XRCMGWYTNNWFGQ.jpg,mee pok,all,43b2907b686e24d27ad806f50d294fd1,d5c478d1e5de9a80
../foodsg-233\mee pok\8669MOKP2IYR1KZD67C6NH1F.jpg,mee pok,all,547d6b1f5ce21aff0cef67e061476803,d5c478d1e5de9a80
../foodsg-233\kaya toast\J4RQE4BVQSCI8ZO1FVUMXJGM.jpg,kaya toast,all,50633349d663c9c079f8fde16f3acf3b,d5cc0599ee85c197
../foodsg-233\kaya toast\BCHN05PKMF4AAY1FY5KF1HD4.jpg,kaya toast,all,8b0b280443edb1ba8b934cfd22a51256,d5cc0599ee85c197
../foodsg-233\Snacks and Chips\8CQ8ZEPU3Y8UCVWDZ5AH5WZW.jpg,Snacks and Chips,all,47cbc3c347b6c81685f176419a65b312,d5cd2a6196a631ce
../foodsg-233\Snacks and Chips\AK2X884EBJNTKTO71Y8ZXKGK.jpg,Snacks and Chips,all,a1e30d41132c59e755ec1c2aaf24992f,d5cd2a6196a631ce
../foodsg-233\tutu kueh\4B80JQ1ENPZ4JQCAEODWRJ92.jpg,tutu kueh,all,b47db02fec0d8ce94ffccbdd21f786a9,d5d6904c1f426bb5
../foodsg-233\tutu kueh\71N7261WL10BIIQZGWD3A7DP.jpg,tutu kueh,all,16a3c6c6628369acc5ab95655f6de79f,d5d6904c1f426bb5
../foodsg-233\Pung Kueh\OE6L5FHUI335QJE2OQ5TK7HP.jpg,Pung Kueh,all,cb13f95f4315d455544d0716cb5fc168,d5dcd090cbc24e4f
../foodsg-233\Pung Kueh\XA3OXKGARJ8Y148MT3ELXXFY.jpg,Pung Kueh,all,dcf212dbb6fcf9de1677643aa9b33d62,d5dcd090cbc24e4f
../foodsg-233\roti john\HC8N4VLFQEWP71MC20FQ6GA4.jpg,roti john,all,aa7d7f6ebaadd94af379574a5151c465,d5e66a9c6ea130e1
../foodsg-233\roti john\8QH7LAXCDA6QU6MF590KIU1N.jpg,roti john,all,64528530fcf587e0c09888ab8887cf8d,d5e66a9c6ea130e1
../foodsg-233\longan\6J37KM9ULS6MMQ5H5WDVSO65.jpg,longan,all,701358ba130251d1813e710572040ad6,d5f2234ef205b91a
../foodsg-233\longan\SMTFMXHQ0273Y6BPUQK9OZVS.jpg,longan,all,97954a6478223b2bb7a988009e9d8a58,d5f2234ef205b91a
../foodsg-233\rock melon\LBXQ7GNGL1WBS8T4UMFTXIIP.jpg,rock melon,all,b6a374883d7245d77267ec69924435a2,d5f2d6dd8c9604d0
../foodsg-233\rock melon\CLZZW5BNDWEPMXLBMMACRC10.jpg,rock melon,all,054fb564a294e4b25ab52e538bee2416,d5f2d6dd8c9604d0
../foodsg-233\hokkien prawn mee\ZDCCY36QANQR9OOCVST009T5.jpg,hokkien prawn mee,all,60e71a23cf4e1e179bc4a870f06fcaab,d5ff45e30aa18b11
../foodsg-233\hokkien prawn mee\Z686Q4FHODD2BNUDM5CPCAVS.jpg,hokkien prawn mee,all,cd6c32f37fff67daa54292dc9dde517f,d5ff45e30aa18b11
../foodsg-233\bee hoon\7ORZWPGZDX97DSPF5Q4OJNAQ.jpg,bee hoon,all,3f462d8073411fe33af9ba5717c5a620,d61b692d643a263b
"../foodsg-233\Bee hoon, goreng\GJBFIUE1GYJU3P7CO8R2GAA0.jpg","Bee hoon, goreng",all,f45e4bac031b8ac0ba8d7e10c9fa8417,d61b692d643a263b
../foodsg-233\muesli\7BY6IDQW7XYLP6ZZ61DTS8CX.jpg,muesli,all,961893c146bd1eca58aaff52420278f9,d61e18b0568e2fd3
../foodsg-233\parfait\HPPE39MF5RYD22ZW4ISV0TV6.jpg,parfait,all,c1534440cbbb3f4e971f16c513c31472,d61e18b0568e2fd3
../foodsg-233\singapore sling\I845M1XOZYHQTDKZ5CJCXWY5.jpg,singapore sling,all,acc4fe7cd1a1c053db7574682a3c8a9d,d6430b61c54e2de7
../foodsg-233\singapore sling\RODXSEO7NSVY5FCUFQ98IYKK.jpg,singapore sling,all,b54dd3de07ec34654b390b9aa14ed02d,d6430b61c54e2de7
../foodsg-233\Soft boiled eggs\RH7A93JW3NC2SGDFJQ8O4T1N.jpg,Soft boiled eggs,all,d2c4a9b50ec74c1a64b8e610d2a57bc4,d6480bf791d2e0f1
../foodsg-233\Soft boiled eggs\7UBQV3LLA8X1RUGP3F7Y1XQT.jpg,Soft boiled eggs,all,8fa54efdcd906fe6dfb8bb8b1fab7f6a,d6480bf791d2e0f1
"../foodsg-233\Don, unagi\AL6IFTEZJ06Y37032V6VDB80.jpg","Don, unagi",all,5e292086153236cd401bb51bad031e55,d64cce3c9243ed34
"../foodsg-233\Don, unagi\XRMHQUR86FA38CIAJN1JKQN6.jpg","Don, unagi",all,c2c230fa0c95a23067a20d838deb8b9c,d64cce3c9243ed34
../foodsg-233\har cheong gai\ZE9RV5ST9WO1IEE2E6NRLIP5.jpg,har cheong gai,all,58feb1d8f94e32c4d4814463eed370e1,d66b2d34d9c2071d
../foodsg-233\har cheong gai\IOJV90E0HT2A9NQ8QHFY3YYD.jpg,har cheong gai,all,4e5ca9c9e1eed7b9d4c4a7821dc96d77,d66b2d34d9c2071d
../foodsg-233\mango pudding\E6HOQCCZXG7PPHE3HKWF33T7.jpg,mango pudding,all,1041ccc43e8765441637f0bd3ccb9885,d68734b09a94b6ae
../foodsg-233\mango pudding\FCZUG4XO6GXZCVEJ4FB6JVQ2.jpg,mango pudding,all,b61d070c0855ccd7775bdf570b596dc9,d68734b09a94b6ae
"../foodsg-233\Mee siam, fried\T9MHJU08LPNR1DXIDODVBM1T.jpg","Mee siam, fried",all,8bc0bd9471d77bcadb4803def6c9a810,d6884f8d6cc51bd8
../foodsg-233\Chocolate\E889NBLMKTZCZBF8LZI0NQW1.jpg,Chocolate,all,914091ad1e4b283d7367046eb4c5bac2,d69369664964b599
../foodsg-233\Chocolate\0NBRV2Q9PXK6A828T7Z6JPLA.jpg,Chocolate,all,4d6b268bbce83c05fdf96e91e2e3fd87,d69369664964b599
../foodsg-233\oyster omelette\FF09LR8B6E1O13KG8VUZZXRJ.jpg,oyster omelette,all,2cbdff11db3c7e30958e336d900d1dc4,d696799925696623
../foodsg-233\oyster omelette\EJN624173M0B7MCCLNO9TMMA.jpg,oyster omelette,all,a26a67ab8b528e1167bf4212c4d436a5,d696799925696623
../foodsg-233\Mee soto\GBTI29APAWPJ6C9IVAHIFMN6.jpg,Mee soto,all,a25abbf6025ca1497e916dd19f64f2e2,d69729c96642323f
../foodsg-233\Soto ayam\S5BI3GHUQ49ENKYNBX4MLG5B.jpg,Soto ayam,all,238a00b7757e576787f9b702f40048a3,d69729c96642323f
../foodsg-233\kueh lapis baked\V8SOHEAPNGG23Q37YNTMK33K.jpg,kueh lapis baked,all,fe75abe456ee18f74b642286307c9304,d6adc094d972c363
../foodsg-233\kueh lapis baked\Z4YS81WXLD157C141DSW1ZP5.jpg,kueh lapis baked,all,374610ebd8652e28c1e716d5bbc96c2a,d6adc094d972c363
../foodsg-233\Pomelo\YUEZHG84SC3P31HLASSZZO0P.jpg,Pomelo,all,7610bb3d90213c4d4c2b90960dd5e2be,d6adc9a21ad5a54c
../foodsg-233\Pomelo\9D8S79GYGY8DXX9R5T1IXPJE.jpg,Pomelo,all,52c05d25682c24171dcbcc0e4c47db66,d6adc9a21ad5a54c
../foodsg-233\Mee goreng\AY43ULMULV2XZG87BENC238J.jpg,Mee goreng,all,03cdc4192dc0a13f0e13602adbdb7755,d6b9eae2e802583e
"../foodsg-233\Bee hoon, goreng\R4GNGJ3PWXYA3P0GH4CB15TP.jpg","Bee hoon, goreng",all,d99c98816f3dd9bad6c731c369fbb23a,d6b9eae2e802583e
../foodsg-233\Fruit juice\2I0GGZD7F2H93Q9UWCF4WKQT.jpg,Fruit juice,all,f25b414d6a7b7bb7eaba4e14374fd1e0,d6bcca80dad5a94a
../foodsg-233\honeydew\NS997VAFDGPJPYB5WY72TBPP.jpg,honeydew,all,7e3032d72094c79f9aa04458f52882fa,d6bcca80dad5a94a
../foodsg-233\tau suan\E6HP2TU8QDZFYI5UDBHVTWVD.jpg,tau suan,all,5b50a68fe7641cf1692d90123cd97505,d6bf54a950a34695
../foodsg-233\tau suan\0BT3XXM851YFNS2BQGN4JBAZ.jpg,tau suan,all,778a80bc1870aedc6b561929134c039d,d6bf54a950a34695
../foodsg-233\breakfast cereal\PUVO0OA9OH4OTS94FPSSYJWW.jpg,breakfast cereal,all,5d05d4ebc7753170fd6a659e1740c2a9,d6d1a6a8aa4a5c37
../foodsg-233\lontong\NTPGJVXRWZ1143JTVW681S21.jpg,lontong,all,57edaf84f4f8d1d9043549467292d44d,d6d9c1c6036e1b6a
../foodsg-233\Lontong with sayur lodeh\APEU2K5GMVF79UEQA5B5UMVI.jpg,Lontong with sayur lodeh,all,2e4482e0e3c6b80089db0597ae683755,d6d9c1c6036e1b6a
../foodsg-233\Lontong with sayur lodeh\XJDR6M0B5ZOJII4NG2J9UYUW.jpg,Lontong with sayur lodeh,all,e326cfd2df732ba052216859097071a4,d6ff84b48a897512
../foodsg-233\Lontong with sayur lodeh\PA2FMIUGQ71B75C246SI9K9N.jpg,Lontong with sayur lodeh,all,ca27dd3b36179ce215e027a42f05468b,d6ff84b48a897512
../foodsg-233\Lontong with sayur lodeh\KABQT13MVQTZHJU3P2KQ0YAO.jpg,Lontong with sayur lodeh,all,598d3b5318239ef6c355db04ae2d11d9,d6ff84b48a897512
../foodsg-233\bak kwa\401FJ2NCQ1I7YJJ2O3FT8XNJ.jpg,bak kwa,all,034b5eaa6eb4ab454a223ba7e41ef89d,d7002bfc5cbe804f
../foodsg-233\bak kwa\9WYL6T1E7RI76CY0GWYV56H8.jpg,bak kwa,all,ee5fae3f140940303c3ae971af368302,d7002bfc5cbe804f
../foodsg-233\bak kwa\UBVZB5VMOQ9A7HJZTIBB9IC5.jpg,bak kwa,all,e2a7256e0498c9a3f4727ae6933f6142,d7002fca3fd46235
../foodsg-233\bak kwa\UHABJKPYK4GSXHS5UX1ROD95.jpg,bak kwa,all,6d55a56e1600326ad96dd5b8a6bfc892,d7002fca3fd46235
../foodsg-233\kueh lapis baked\F9IH6I08WFWW909VS01U5B13.jpg,kueh lapis baked,all,80c9feb0c9160641baf4556bb60db59e,d70afa258ada8959
../foodsg-233\kueh lapis baked\H45B4B9SFDQY8JM77SSUW17U.jpg,kueh lapis baked,all,a4b5ccb5e3e719b31c75fdc6c575ed8e,d70afa258ada8959
../foodsg-233\murtabak\IICVTIQ0NF0NOOG4TOW2ZR30.jpg,murtabak,all,316d3fe1a0acea7868f7236147935ab8,d7112f4ad10fc07b
../foodsg-233\roti john\2LIT7WLHQIIQVSY4ZG6OZ5IB.jpg,roti john,all,5a4064129d036fced0fa3a878e0c6c29,d7112f4ad10fc07b
../foodsg-233\Mee kuah\UZTGX6B88VMLFEXSL9TNML6G.jpg,Mee kuah,all,b0edfbcd984111eebf46537376ac760c,d72a1cc07ba1a6e5
../foodsg-233\Mee kuah\Z3TBH1LJ7JEPACX3NKEJRFVH.jpg,Mee kuah,all,15f9a904fdef68bea58aa29f626bfd20,d72a1cc07ba1a6e5
../foodsg-233\nasi lemak\RGC8L2IGL0ARZ8GA3YF1RVOD.jpg,nasi lemak,all,117a23c2d01d52672f7cb600a9e883cc,d73f9e54890b8869
../foodsg-233\nasi lemak\5GW36U25D67XG900I5J1R1MW.jpg,nasi lemak,all,17e23ba61c632bc1d26c6ba8b3978cbb,d73f9e54890b8869
../foodsg-233\whole oats\0WNWS3YX4PPZQG5SNHVGMRL0.jpg,whole oats,all,bff0b3838f7d101797ad31a12ba79fc9,d7605ee440d559ae
../foodsg-233\whole oats\NCSIHA735HOR49CLCE2KZOLS.jpg,whole oats,all,b369cdaf307e68959be19094c6f68894,d7605ee440d559ae
../foodsg-233\whole wheat\BKQKR7E4XH0N01AKVOSSZX8H.jpg,whole wheat,all,e19ffdb8618ae2d33183a8262a943597,d785401f31eb538d
../foodsg-233\Wholegrain Wrap\MO5UKFWBHQE0VP3KGHZN4W07.jpg,Wholegrain Wrap,all,2dbd76605d60bcc1a5dd13b6d5246eea,d785401f31eb538d
../foodsg-233\kway chap\USYBTPVVZ075L9C7XNCKZZR0.jpg,kway chap,all,3edf08aa55dbf1ddf8d93f00b69f478e,d78743373cd07249
../foodsg-233\kway chap\36A4CG4UK2GA1ZZ5OU8BHP9A.jpg,kway chap,all,6c6bb05e8cc701fd4cb9a76f1e5eea2a,d78743373cd07249
../foodsg-233\baked beans\SK3P57O0XN1ZUWPRQXITZ6NB.jpg,baked beans,all,7229356ac675516689e76c7241ba3cf9,d7948a620b934cf7
../foodsg-233\baked beans\OO41AHA73YI7P904AXIAZ3TE.jpg,baked beans,all,776b29e2b7377bf036fbfbccf1e3bda9,d7948a620b934cf7
../foodsg-233\chicken rice\5362A4TTOHEN3NES5ZQJK0AF.jpg,chicken rice,all,043b8f2cb486533a6a352f8fa5784e97,d795d02d832ecc3c
../foodsg-233\chicken rice\O1IS7NOXVN7G9AV0BZEJYZ08.jpg,chicken rice,all,97e1b1692771c1ee95a1359c66bc107e,d795d02d832ecc3c
../foodsg-233\Kway Teow\LBFIRY1WVBMRLPX8SHTBGVAH.jpg,Kway Teow,all,5c5815454b92969156f9ab81baaa3b17,d7a2f80ef12d831c
../foodsg-233\Kway Teow\3CYLBVZFQRBKWEMLYDDJW19O.jpg,Kway Teow,all,2278bbe7ece387cef064d23cb8a45750,d7a2f80ef12d831c
../foodsg-233\tom yum noodle soup\D9WCNIDI3IF9H1ITC48BKSX4.jpg,tom yum noodle soup,all,b11f5d9c92c8c74076d03bb0cef0cae2,d7b7681260bb443b
../foodsg-233\tom yum noodle soup\AQBU71W40LQ3CKXRXCE6BWE5.jpg,tom yum noodle soup,all,7a940198dafb8a06ada4c64d57c82163,d7b7681260bb443b
../foodsg-233\Mee siam\ECG9ZVAFICZGFQTE781WDMH8.jpg,Mee siam,all,5175799dec4b5b6f1c639e7e03398ff4,d7b88dc51034cbf2
../foodsg-233\Mee siam\Q5YEJAUX3W0NM5W6VTJ4SOBQ.jpg,Mee siam,all,9d84230dbc7424e357fc8fcdd3d3dc59,d7b88dc51034cbf2
../foodsg-233\chai tow kuay\6SVIITX14LQBZ8M3CKMEM1T3.jpg,chai tow kuay,all,8d66c261c0ffc288dcced669741d2ad3,d7bd5ad621921d81
../foodsg-233\chai tow kuay\6QBN1NI9IBU5KQ56K9KOM8FO.jpg,chai tow kuay,all,44f916b56bf364b27f01e95154e953ba,d7bd5ad621921d81
../foodsg-233\Kway Teow\68X7L5IYM44O04FP0ULMJL9X.jpg,Kway Teow,all,92e03c83fb6cdd6859ba319dc2f70205,d7dcc2c14351cace
../foodsg-233\Kway Teow\AF7X5SMURPAE874LDWBRCUY2.jpg,Kway Teow,all,8d315b9f68817cec7e7fddd93c7feaaf,d7dcc2c14351cace
"../foodsg-233\Bee hoon, soto\FCKN88NMQ7IUUHWY07ODPNKN.jpg","Bee hoon, soto",all,d5901eb703a014e13807e154192930ef,d7e980e30f844f93
../foodsg-233\kueh lapis baked\Y0IG9ZV494HHL0NQ5RTUSOQQ.jpg,kueh lapis baked,all,17697851545013011d5e28f5488cf43c,d807159d033f707e
../foodsg-233\kueh lapis baked\EIH22SAKNPU51AYYBVEGVQAM.jpg,kueh lapis baked,all,e6c3fc7015e79fe8fb334434e1f2e7f2,d807159d033f707e
../foodsg-233\Bibimbap\1FDSZCPTL9479UQAZ6DITE7C.jpg,Bibimbap,all,951edef54c15e46e1841e51d5f65bd87,d82327ce9b987c61
../foodsg-233\Bibimbap\BTV57TCB2OTSZRW09PY7N82B.jpg,Bibimbap,all,81ad03c2d6c05cb746ba26f6733aab47,d82327ce9b987c61
../foodsg-233\yuseng\PUVFTZ06LSQ3ABEU7UCJPO37.jpg,yuseng,all,90cf1d462ea0272e5ee2438085c5acdd,d84d0e7a63a434db
../foodsg-233\yuseng\EP2IAUD0PDQ603G4PTVB6QAC.jpg,yuseng,all,8f7acb782676b816e9495e2ea460e08a,d84d0e7a63a434db
../foodsg-233\Chinese fritters\P6K0J86H7W58ZVMU4KYQU1ZB.jpg,Chinese fritters,all,ec178d911ef34ce089017a28cc29725d,d85a87658f8ad07c
../foodsg-233\Chinese fritters\PX89FSHIETD1UGR85PLRTJA2.jpg,Chinese fritters,all,4b7d64970e78ad533b4d2040aebf8846,d85a87658f8ad07c
../foodsg-233\sliced fish soup\2JNSTQ2JYVHLR3L72THC2RVE.jpg,sliced fish soup,all,aae90d00183439690c1c353f5eb0f1d2,d870552b859f5372
../foodsg-233\Seafood Noodles Soup\DLKSJOBNN6IY445U6TKU67UW.jpg,Seafood Noodles Soup,all,7fa19c258ec4efa81ffbb34d8434fe57,d870552b859f5372
../foodsg-233\durian\7JRWSKOOHVLIRUC19QPOULQZ.jpg,durian,all,e23b2e8352293345b960805d6a427d18,d8936e5a564c636a
../foodsg-233\durian\7HUM6FUSEQGZLYGE3LUSBXBU.jpg,durian,all,9f5181d36194050205e8c12929b95667,d8936e5a564c636a
../foodsg-233\kiwi\VKSAVA8IHH5FHRADW9H9K8F6.jpg,kiwi,all,7d180a18cc1a778e857155c5487613e8,d8c167471ab6e8b2
../foodsg-233\kiwi\CQVX49R7Z6SOSQ63YMOH8SXM.jpg,kiwi,all,7a5e3a20c770c332d6b3e9d2f4ba0390,d8c167471ab6e8b2
../foodsg-233\mixed vegetables\MXXKN56GO8J4N1DKR3NIQP7D.jpg,mixed vegetables,all,84c83a32da8ecc230342d14929131117,d8c873617967a32c
../foodsg-233\rambutan\MPVN6H9UXVJ5A7O1D8M189M3.jpg,rambutan,all,ce8855ebdc9f086604c7f48f3c187412,d8dbf933b050f2a0
../foodsg-233\rambutan\M8MXXLQL1NLXF8K4GG6QY11T.jpg,rambutan,all,4397ce02844a144bff31c387bf481219,d8dbf933b050f2a0
"../foodsg-233\Bee hoon, goreng\HZ4N63IDYFF9AMG5NSBPFBPU.jpg","Bee hoon, goreng",all,965f218b38a5ea7905a0d475f58062cc,d8e6fb80ac9d8551
../foodsg-233\vegetarian bee hoon\D3E1ETH5XY35G66N96G6AFDC.jpg,vegetarian bee hoon,all,04808e682007bab726a3802047445a7e,d8e6fb80ac9d8551
../foodsg-233\sambal stingray\WUDFOYFRCA8HF9UDHX4Z2B4D.jpg,sambal stingray,all,82d512f8a1588c3e2a6aae9a1ae8a335,d8f0ffceb00db044
../foodsg-233\sambal stingray\DHHWZY3KTUFCFRGFFGGVAPCM.jpg,sambal stingray,all,5662ab42d42257123c9988be95f91269,d8f0ffceb00db044
../foodsg-233\Grapefruit\KGCHS0877UOYUBPTHTESXC0H.jpg,Grapefruit,all,141d559f29ecc410ad830f12de662446,d8f8f0619a6627e4
../foodsg-233\Grapefruit\ELBDEBNF09M42MU6OKG6DDJX.jpg,Grapefruit,all,c001d1905134b870dac7e8d43131f5b6,d8f8f0619a6627e4
../foodsg-233\char siew pau\TVBUHC2H3DNR3H2Z3Y3KXS7S.jpg,char siew pau,all,6286a2e9916d859c3d3aa493d1bcd733,d907347c61e6b962
../foodsg-233\steamed buns\8YYFWHJ1L7Z6TNS0B5KVF9GQ.jpg,steamed buns,all,57f544e97302690b2f4a6d1ac6d58205,d907347c61e6b962
../foodsg-233\mixed grills\4F3LL48Y10F2TUTH92YCPA4V.jpg,mixed grills,all,f49b2406ed9156f4aeb955774ef600fb,d93e43f4219e79c0
../foodsg-233\mixed grills\7LC5FTMUUHERCEZO3I4TOZTM.jpg,mixed grills,all,74163ba750502131d1ea9ce2a00996bf,d93e43f4219e79c0
../foodsg-233\tumpeng\QYOXUPS00ILHHQ2L7VBEELVD.jpg,tumpeng,all,469f4da123bb8dd946aa2a80c6b0220b,d9621b313f3a609d
../foodsg-233\tumpeng\4U7YMC0CON8C2I9SNTIITBLH.jpg,tumpeng,all,5d6cb93238dd7f67617702c1f53af164,d9621b313f3a609d
../foodsg-233\Tauhu Goreng\HC4VJ2E3FCYD5V9W0KRW20N5.jpg,Tauhu Goreng,all,0796c0ac5632c56c2117f8e719cd4a6b,d9a33a873d3ec0a1
../foodsg-233\Tauhu Goreng\XO4C5LSGA12KJV60VQBIH4SI.jpg,Tauhu Goreng,all,5fb7c3d424edb1490216cb2b2ca3b636,d9a33a873d3ec0a1
../foodsg-233\whole grain bread\8A0PH76RWHT0UF47B36IOPD8.jpg,whole grain bread,all,bab4ec9951a40298f39f8fe5799c764c,d9a5d659b4c0bc51
../foodsg-233\whole oats\M39807L95VE5I9QFGQSIKHR1.jpg,whole oats,all,0cf1a7eaf7466bf0a8216af1581eeca4,d9a5d659b4c0bc51
../foodsg-233\preserved fruit snacks\DVQRURPEI6WY8AE92BI0N46H.jpg,preserved fruit snacks,all,265b67c1b9234324edc9f895d6435f9d,d9d84cc05a47d7b4
../foodsg-233\Apricot\I6Y9WVPJDXL2WHZSEALFBRDR.jpg,Apricot,all,fe1fc6b51d35fc8727404458dfff3b7d,d9d84cc05a47d7b4
../foodsg-233\fried chicken\R6OVWR6VBRRPYP9WPIWVECPW.jpg,fried chicken,all,0750af4ea325aa81dec9c1075607dc49,d9ed845ec628cc47
../foodsg-233\fried chicken\SNBIX862MHEO1PUSBGO8MU74.jpg,fried chicken,all,461bc70684215968c5587bc644de25fb,d9ed845ec628cc47
../foodsg-233\salad\E4DTCZPSTJDQ7I61LU9P999N.jpg,salad,all,e765469cc763bfdbf76075a208c159cd,d9f0fd78b2a54061
../foodsg-233\green leafy vegetables\TPGB8NUGLAIVSWU2CYH4BDQU.jpg,green leafy vegetables,all,d1bee7200d1ddcc10e97eaf5e0db1cbd,d9f0fd78b2a54061
../foodsg-233\Dumpling noodle soup\OGOZ05OYNT68BLG7O1IQ7JG1.jpg,Dumpling noodle soup,all,e2ae66063c0499eb6ab9e53fca1adcf5,d9f37be073814017
../foodsg-233\jackfruit\DO0CKH2JR1HDVQV973BJNFVT.jpg,jackfruit,all,0e5e2682b6d9346e76238ae753875d28,da7b259cc26f2518
../foodsg-233\jackfruit\1FXTI28RZZB8ZADVNRGNX55P.jpg,jackfruit,all,832a84b2bf485b0efd92bf4d5f5cffe6,da7b259cc26f2518
../foodsg-233\pasta - fettuccine\C6L4KKE3BWVJ4ZRFN34GSGWC.jpg,pasta - fettuccine,all,d8122fffb153a2d7b4611b5557b8250d,da7d2883d14cce72
../foodsg-233\pasta - fettuccine\ESFVWFA1C7GTORQGV1HS3EUP.jpg,pasta - fettuccine,all,6fd0a1998aa65c9783052116346ba9a7,da7d2883d14cce72
../foodsg-233\hokkien prawn mee\5K0NW17PRIGU8DXRJNWEE9KO.jpg,hokkien prawn mee,all,c7cbe6a025f98ed0dabac458ab924381,da932965248f8ece
../foodsg-233\Prawn Noodle\8EIOSK869QNDI44366L7QUEI.jpg,Prawn Noodle,all,25cd3374b157574c43c946fda8690580,da932965248f8ece
../foodsg-233\tau suan\YV5U9H0P5GFAPB55KSE1YRJY.jpg,tau suan,all,65c9973433338567dc3d2b0573f64dd7,da9cd493d2a6905d
../foodsg-233\tau suan\RTV6Z1PNZI1S7EC8ZQ16RSQN.jpg,tau suan,all,0886065926269d08f6d84c41703ed483,da9cd493d2a6905d
../foodsg-233\tutu kueh\NZT6O3LU0L6FRRECI6D83UJI.jpg,tutu kueh,all,db5f755091f5690c74a7e8be2874e8eb,daa5a55a8278c7a5
../foodsg-233\tutu kueh\IBCYYVY9KV01ANFYX0FL89I9.jpg,tutu kueh,all,9d6b44acfd25922a45c198210518788d,daa5a55a8278c7a5
../foodsg-233\Tauhu Goreng\0USDL5KENKX4J1HKKLON8YFW.jpg,Tauhu Goreng,all,34b9f57b1e3eb7b5319153d028a3b628,dab0e3c09d7652c3
../foodsg-233\Tauhu Goreng\VZV34IFWOCLPBD6Z84EDO3I1.jpg,Tauhu Goreng,all,e0760623116df8bb9bc3f644d2f00eb8,dab0e3c09d7652c3
../foodsg-233\White Bread\WPV7XLVEK6VT8Q0BGFUHTLCI.jpg,White Bread,all,eff7a7e6a0e185f7a5323ab9a0137a94,dad2a9a5b473184b
../foodsg-233\White Bread\W5JGEHQEVSB916NACA3WVINP.jpg,White Bread,all,4c3f76fa0268afb0439e4cc4230c7d17,dad2a9a5b473184b
../foodsg-233\goreng pisang\KBRNKFFAVCYC3OX9WZLRJEGZ.jpg,goreng pisang,all,be5965761acd56b8812b4363118e19a2,dad5a26bb9a43846
../foodsg-233\goreng pisang\RAJMU8ALOTQV8R3KR1VLC7S5.jpg,goreng pisang,all,184aa4ee910835db24671646e51387be,dad5a26bb9a43846
../foodsg-233\spring rolls\JO9U3JPBU5L2HVQXX3HKGWLI.jpg,spring rolls,all,0d367a09aaba0ad980f3ab0758222478,dade2c65c181c4de
../foodsg-233\spring rolls\QCDU46HVGPN7VP1O64CQ6WMW.jpg,spring rolls,all,29095886aa73fce19bcefe6a93c6ba12,dade2c65c181c4de
../foodsg-233\Soursop\C6YF0BPG1LR5QWBJZV5QJ1PG.jpg,Soursop,all,658a537d8eba936af27e44852a9d1b04,dae06475d9e9c905
../foodsg-233\Soursop\FT7PVW47XYHNKS0YUSB17K83.jpg,Soursop,all,2d09390fbc28ae5b0ed6995af388e8d5,dae06475d9e9c905
../foodsg-233\cream soup\JL6NXEVFXB9FZT1XAZ7HWAV8.jpg,cream soup,all,62a8bf4370f0bf0bb468ad09c2e22005,daf00a95a88db53d
../foodsg-233\chicken soup\7FAPBZEZP8PMS7VYNWR8A6CZ.jpg,chicken soup,all,e4981cb786142302d9504af63db7849e,daf00a95a88db53d
../foodsg-233\Kueh Salat\UDU6XY9KEJG75NCIW4E79ZWD.jpg,Kueh Salat,all,287717c7e4bf2fa521e4c8b9d735a2b3,db12d8daf3c18523
../foodsg-233\Kueh Salat\T81K04763HBN5ZMB2RSJUDKX.jpg,Kueh Salat,all,b38a6375d36aa1c34564d1e0be75d620,db12d8daf3c18523
../foodsg-233\parfait\ULX55ZE1A4YK430MXRSXI3VT.jpg,parfait,all,0dae95b78a20de69f649f2a682a25442,db18185d0db3f2d8
../foodsg-233\yogurt\O1LSBA0KZJN6QCU4XYGUERB5.jpg,yogurt,all,4906092a9fe75dac5381271210c526df,db18185d0db3f2d8
../foodsg-233\Mee goreng\J5J73DENF54PEZQQWGMZTGX2.jpg,Mee goreng,all,d215dc721e6b8252385b247b64785d4c,db2aec08f89334b6
"../foodsg-233\Bee hoon, goreng\KCFFJFHZL5XNTYMI1QNG8WJ1.jpg","Bee hoon, goreng",all,fa8a363d6e451986a10ab68a2f94c0be,db2aec08f89334b6
../foodsg-233\baked beans\XDFGGVQR63VK4NA4242YPK4B.jpg,baked beans,all,d5aa7f4e7d7528626df56f063b0c0e41,db31e4d922c43b36
../foodsg-233\baked beans\XHAT3RG151QUSM2K7O3XSISB.jpg,baked beans,all,6856195086e468ed32f3ca4c49122171,db31e4d922c43b36
../foodsg-233\milk\GX6THY5B14TR5F4SF7SI5I79.jpg,milk,all,ab8183ede67eeb3080f6eb1f45fab607,db39699ec3906668
../foodsg-233\milk\E67TVCC6AS4ZRKRATXTJICN3.jpg,milk,all,7ef8724d94d82facce6e6fcba797894e,db39699ec3906668
../foodsg-233\CNY love letter\OU2013IU55AWZIW3QHFRIX4X.jpg,CNY love letter,all,c29ff837effba786ac70c2c144017c13,db3e6832addac029
../foodsg-233\CNY love letter\FOOSRHFT10Q0VFW88GCVYL8W.jpg,CNY love letter,all,5c19482517afd58329e84922f52899c4,db3e6832addac029
../foodsg-233\CNY love letter\FIX0HGWLONWCS246J1Z5BO0Q.jpg,CNY love letter,all,06bd859e50881ac0b4ac6b054c43691b,db3e6832addac029
../foodsg-233\Nasi Ambeng\W7K9ZWJH2O1AHI472JPRMQT4.jpg,Nasi Ambeng,all,3fecde9078847c84548a1eea4440a4cd,db3e89d80d2dc5e0
../foodsg-233\Nasi Ambeng\QOMLJNWQPHXUN5KF3U4GRH7E.jpg,Nasi Ambeng,all,d145e8f19b9ff794cf0ab60155cb64f1,db3e89d80d2dc5e0
../foodsg-233\singapore sling\TIUMEPEZU7C0UPXHT17FYS2K.jpg,singapore sling,all,84b63e9f09842ad332fcdfbdda588d3f,db48e059f5f322c1
../foodsg-233\singapore sling\QU39LKPAOOS570GMV6BGPJXU.jpg,singapore sling,all,081202a3cf87316062e964bf97f84119,db48e059f5f322c1
../foodsg-233\baked beans\T7GYI51LPB9MUNUHCHFHMAMA.jpg,baked beans,all,d4e74f2b5aeee8900bf038e9f920b05e,db4ae96b20aa196e
../foodsg-233\baked beans\XVJEOFIGUGSJVBXTX24AKNFF.jpg,baked beans,all,79b3a63e1c72d3b5893d68c2ce82cbcb,db4ae96b20aa196e
../foodsg-233\satay bee hoon\48MWQSMXKQ049TPQFEGLETTS.jpg,satay bee hoon,all,305a25d72dd7a68504df681cbfc44f2b,db82eda5fa9284c4
"../foodsg-233\Bee hoon, soto\XISCQP2BX2HXBZ6SZ3L75SLZ.jpg","Bee hoon, soto",all,62880133ee5d085fe22606e17ac9f269,db82eda5fa9284c4
../foodsg-233\Grapefruit\JKDB2A71YGYXWH8QK2C4O6UF.jpg,Grapefruit,all,db3f2ce57d7da6df203b5646a0b5210b,db84e417c61f233a
../foodsg-233\Grapefruit\LPGWEJXV7B7KKBKCIRWDU664.jpg,Grapefruit,all,9028ce4bdf7c37eddfffbcb6b677aab7,db84e417c61f233a
../foodsg-233\tumpeng\QATSHG8OR6TUZUKHV1JESJPN.jpg,tumpeng,all,59a4d3ed3d4da5411af76a6db79bc473,db918095d16cfd1a
../foodsg-233\tumpeng\25ZKP0N9K8EQDT1KMPLZ47GO.jpg,tumpeng,all,43a676a55bc650d98fe614e6b10c82b3,db918095d16cfd1a
../foodsg-233\fried chicken\I9W38O7J9YR3U8SE9B8A8ARZ.jpg,fried chicken,all,504d821db6f0320d26aebec1c146fdb4,db9216ea92b7504b
../foodsg-233\fried chicken\RD0UJUZH9WCSRIWJDDHV3R9N.jpg,fried chicken,all,aa9b69ecd4c83e7ca7b82e3ddfff318f,db9216ea92b7504b
../foodsg-233\tutu kueh\0Y4Z7U3VCVNY2ZM7MH042HC5.jpg,tutu kueh,all,c8da192143fa844ff60fa8bd5288ba1f,db92a5ed703068cd
../foodsg-233\tutu kueh\GHAIC6LC33WXVRHTWM67I1CT.jpg,tutu kueh,all,4714d095607b8c085b2eae9fc99c4aeb,db92a5ed703068cd
../foodsg-233\sliced fish soup\5EUYEPJUBPWB2IE91RAHKMFU.jpg,sliced fish soup,all,e78905144aca16c5c387967ac0b9f405,dba10d1e36613b66
../foodsg-233\Seafood Noodles Soup\6X75MNLP2216LD822Q0AXSB8.jpg,Seafood Noodles Soup,all,105ea4e426c151bfb6fb66b05e3d9884,dba10d1e36613b66
../foodsg-233\goreng pisang\028COJDB9ZCIJFC2UUPNMF2B.jpg,goreng pisang,all,c5d35a69491b3228fefb8ca7f152c16d,dbad82e01d239d8b
../foodsg-233\goreng pisang\1DH74TKNP1XWADQP88ZNMFFQ.jpg,goreng pisang,all,733f04d74c050b71b2938b666825d356,dbad82e01d239d8b
../foodsg-233\biscuit\AI96GSCW6AMHE7TYPA9AODYL.jpg,biscuit,all,990d14f4b15754f4e2fe050bb8abcd6d,dbb0a44f5af08d26
../foodsg-233\biscuit\30ETRC7Q0PEME7EG1OYCTRFW.jpg,biscuit,all,089f0e12aeba67e43f5eb233a2957ca9,dbb0a44f5af08d26
../foodsg-233\Mee siam\9G5O6UEXX3I0C8AGUVC21H06.jpg,Mee siam,all,b94175a8cf284ddcdbd8e2b558767153,dbd16c15b4fa80a5
"../foodsg-233\Mee siam, fried\4OQL30VY85TR7D509M0UE2N9.jpg","Mee siam, fried",all,a46a8fc4cd96379dacb33bf732902fd5,dbd16c15b4fa80a5
../foodsg-233\rice dumpling\MMTMSX27NUB48ASTPKT56TSY.jpg,rice dumpling,all,e6ec948b017adb602a7ef49740fb0898,dbdfa9e0940a62ac
../foodsg-233\rice dumpling\41DI37O3RMVFJ0LNEI6P4LF0.jpg,rice dumpling,all,772250d4c933791ceb2685a2424620d0,dbdfa9e0940a62ac
"../foodsg-233\Bee hoon, goreng\KVDFLMJFAVE7UQJV2ASYI2MZ.jpg","Bee hoon, goreng",all,53d2790f827af379663dc5bf9347d156,dc04be48a37f0a5b
../foodsg-233\Mee goreng\D3MSHKPLQ67AXHA6SQGLTPFZ.jpg,Mee goreng,all,6f1ea50c59b4ea50abab8d518dcd4413,dc04be48a37f0a5b
../foodsg-233\hotplate tofu\SG9RLWYUBGIKG71RC4MAPM3M.jpg,hotplate tofu,all,6ef1fcc39ab62c023e5f5d2b80acfcf1,dc897e852136e71a
../foodsg-233\hotplate tofu\44KKHLWOKTXZDBXG9YTJ9ZPY.jpg,hotplate tofu,all,bc9e670b0473d4c53c3b08a3a62e1b48,dc897e852136e71a
../foodsg-233\Mee soto\YMINN5GLNU8PBQLACCNFNBJA.jpg,Mee soto,all,d02ef52c462f83d3a4687f8066cf6680,dc9e30a5c7863c1e
"../foodsg-233\Bee hoon, soto\LNCLN103MMVKM7SIJ8V5XZWF.jpg","Bee hoon, soto",all,9c594d9b2fb9ec93b04e81206e51d60e,dc9e30a5c7863c1e
../foodsg-233\hokkien prawn mee\TN5FDY0ZHMC3CQITB20SAKDB.jpg,hokkien prawn mee,all,cb336bf943e93a838b7840e5acab6821,dca37b5420197b69
../foodsg-233\hokkien prawn mee\GJSRLLSJXLEQEB3CWDPV43MG.jpg,hokkien prawn mee,all,0e1695c2f2222c2db80f34b4840fbc53,dca37b5420197b69
../foodsg-233\kway chap\4DDZSU793M4D7TYAMGDMGN1T.jpg,kway chap,all,7382e2f23d1c917ac9b2a1e7c23fbb10,dd3dce24b3694069
../foodsg-233\kway chap\RNII1R5O7Z8W4JB4RDQ6LBQI.jpg,kway chap,all,054e4bdbe19fbc776c38d0159f8b8c40,dd3dce24b3694069
../foodsg-233\fried chicken\V2A5KGTZTJDMC8V9E07L93RN.jpg,fried chicken,all,6ed026c52344fcdeecc6242f502fb532,dd428ccd93bcd132
../foodsg-233\fried chicken\Y8KDG2ZCL9UA0S6BE6D6V0EA.jpg,fried chicken,all,f49183f3eb966090134ce0b7d7dd52f9,dd428ccd93bcd132
../foodsg-233\tacos and nachos\NYC42ZVVDD9D6G5NS9472CAO.jpg,tacos and nachos,all,c5ae86f5bf2d3bc03bc687666f943c55,dd69d1f7028c48b5
../foodsg-233\drunken prawn\UQQMD9KJ0MNYJTAN98P19UP0.jpg,drunken prawn,all,735fd2539f289e1b4498366a937539ab,dd69d1f7028c48b5
../foodsg-233\roti john\DVZTNFGQHF18X8IODBQB22CS.jpg,roti john,all,360d2d996756e18f03cd52abd6261752,dd881a17ca3e94dc
../foodsg-233\roti john\YMDBS38CJY7412LAQ2FAPCQC.jpg,roti john,all,6639af9be6a4e8d412770b9ec652dd6e,dd881a17ca3e94dc
../foodsg-233\mangosteen\CAGCI605PQ8TSPAL53VM43E2.jpg,mangosteen,all,0f866dea74847b2ba70ea5a84c576c1e,dd916673b8d5a026
../foodsg-233\mangosteen\N7O7WKBTV7DXJS2M4T3TGVQ8.jpg,mangosteen,all,3d0754dfcb0e243dfd65cbaf9877fdc6,dd916673b8d5a026
../foodsg-233\kuih bahulu\0O8YT50BB46R10ITP08KX6J0.jpg,kuih bahulu,all,781323385f20f5430d677ce1ce89dd86,dd9481738e98e6e8
../foodsg-233\kuih bahulu\SR2Y3I78HGJW3WNODKMCTV5I.jpg,kuih bahulu,all,4af4c4f57ca1f961c3e38df11200f558,dd9481738e98e6e8
"../foodsg-233\Miso ramen, with fishcake\HP34E04BSCZ5SHQXDP2URDMD.jpg","Miso ramen, with fishcake",all,83c1d7bea829a650aa9824bd385832e0,dda8691738ae5730
"../foodsg-233\Miso ramen, with fishcake\SG81YLXSD9OFJVHKL9QZ5F52.jpg","Miso ramen, with fishcake",all,de23a57f43f6b0ec52d9550c33807371,dda8691738ae5730
../foodsg-233\pasta - red sauce\MR0JYNBMCD48N0OJQC2PF9LR.jpg,pasta - red sauce,all,73aabf2b37d3278793f0818175b12510,ddad52956ad28d42
../foodsg-233\pasta - fettuccine\KO5I1W8UMG9WOCWCJ7R3N1L1.jpg,pasta - fettuccine,all,c40e6dedb39acc36adb517913ba9188a,ddad52956ad28d42
../foodsg-233\kuih bahulu\QPVSGENC7KMJW61S5OV2SH85.jpg,kuih bahulu,all,61751ef8b2e82c66b7dd15580c0032d6,ddc16c9a39452e3c
../foodsg-233\kuih bahulu\ZFA00V8A7AJZVUCMCJAWHNWM.jpg,kuih bahulu,all,c461ea4f5672b298783116027c2a45da,ddc16c9a39452e3c
../foodsg-233\tau suan\8XXB3V6FPR9AJGCD00S1NFBY.jpg,tau suan,all,acdde3688dd63d7cdf7c7267d4110ca2,ddc421d127e7389a
../foodsg-233\tau suan\IWUJ44Y0PR5QOSPCOLF1N9R4.jpg,tau suan,all,ff404c6194760641a62a08e38cf34121,ddc421d127e7389a
../foodsg-233\Lontong with sayur lodeh\35YFEXUFDIHJV86KQFZOBDCF.jpg,Lontong with sayur lodeh,all,1d10d7b5349a1269fee5cf3422bb53d6,ddf840a287bd1a9c
../foodsg-233\lontong\WA0Q1L9R1R9OO8NVGL3STJE5.jpg,lontong,all,65abc9c2f298e162c235c576bb0fc456,ddf840a287bd1a9c
../foodsg-233\lontong\EXS5AGZVIHJDBTJ9W4YONVBO.jpg,lontong,all,20cfc625973211512879b4806456527c,ddf840a287bd1a9c
../foodsg-233\tau suan\HIPA9U9W0U1OKF7V2TFG5EWI.jpg,tau suan,all,9505c4d4069d556159abf8ba61874cab,de1c6037a7caa945
../foodsg-233\tau suan\RK1YYGXYVWKZWMH68KPIO4VW.jpg,tau suan,all,157f21bf3257b90c4581a09f673b15c3,de1c6037a7caa945
../foodsg-233\tau suan\MVV400GLO47LLAPXH9MWTA5K.jpg,tau suan,all,664f436831e0cdf0c17c4a6c551768e9,de1c6037a7caa945
../foodsg-233\kueh lapis baked\R30VRXI582YSWB9WNVQV0GNU.jpg,kueh lapis baked,all,a2037484274d7f0064396d687b8f8d9d,de1e61add5c18728
../foodsg-233\kueh lapis baked\0DXOJFBJIZL8DULXOUH8HJBG.jpg,kueh lapis baked,all,75db656fe5aa6b22e577f526eb9419bc,de1e61add5c18728
../foodsg-233\lamb chops\8OOEVBEQGLXB7E5TGRUTHDK9.jpg,lamb chops,all,85772ec61a01974fcbbcd94d2bc94976,de298d44a0feab94
../foodsg-233\lamb chops\PR9DFZ8UGAVPZAHHYQZ7NTEP.jpg,lamb chops,all,d570a77233edecb0a612f6947075c4bb,de298d44a0feab94
../foodsg-233\yuseng\PSWOO4O4H48Y9R5I7QT1DJ0N.jpg,yuseng,all,7b848fb2c2044b6324b16db8dc6803c6,de34d6353959a2e0
../foodsg-233\sushi\GO8CE2B9051FNILPYMBIJ9T6.jpg,sushi,all,b14128bf4b5d038e38bd8ac10ff19432,de34d6353959a2e0
../foodsg-233\Bubble Milk Tea\LLXKHV6ZDIMQ09UBO1RQ7AYL.jpg,Bubble Milk Tea,all,a47cd475cf1ae95b307efae520c73924,de746628f5475aa0
../foodsg-233\Bubble Milk Tea\0RQB6TTU6URYRNAB6DTRO81L.jpg,Bubble Milk Tea,all,3c00147e95764b3948b69cd7c51f420b,de746628f5475aa0
../foodsg-233\Bubble Milk Tea\M4PAGAUDODM5QB4QS5PZFH5I.jpg,Bubble Milk Tea,all,b8ca99c49c6b47a4dfbf60ddcd390363,de746628f5475aa0
"../foodsg-233\Mee siam, fried\DMPTXRB0BO8OFX98XADP5COJ.jpg","Mee siam, fried",all,187198e712ff4d22c30c0ae416b28b0f,de8760d1c39a9e68
../foodsg-233\nasi lemak\N5M3J7EIOGVG3K0HBEW2G7K1.jpg,nasi lemak,all,f3f5d69c4922a91e12132432298ba3a8,de96b10b636764c4
../foodsg-233\nasi lemak\B2PTNQJX54GYGJB9SAIVZZBJ.jpg,nasi lemak,all,dcd552ea44f4ee27e306fc2c769b57b4,de96b10b636764c4
../foodsg-233\vegetarian bee hoon\ZPMKHDAHAVKDGMJ3TXQ0AOXI.jpg,vegetarian bee hoon,all,33e0e96d08b25b5edbaccd0ce97a3bf2,de9c7107b46e445c
"../foodsg-233\Bee hoon, goreng\ROJ0EH44M8HFAQHTDNAN6I1H.jpg","Bee hoon, goreng",all,5b6466cb1e506e97f7e01120501c5065,de9c7107b46e445c
"../foodsg-233\Bee hoon, goreng\JZJVG59MFRAFI8DT3CWZ79EI.jpg","Bee hoon, goreng",all,79d90c8a9a13211d1f2050e252cca761,de9c7107b46e445c
../foodsg-233\siew mai\KLQ013JXQTPDPRPV1QRP0B7J.jpg,siew mai,all,6c624ef5019f8fd4d4ee4155221737f8,dea229ddc2d2ca61
../foodsg-233\siew mai\P7HYGO9HKEELYDSN10ZRBK6N.jpg,siew mai,all,1899a7aea46234a2b43959db1a0db39d,dea229ddc2d2ca61
../foodsg-233\lontong\FO6MN9LOE9O0748O21Q8DYUE.jpg,lontong,all,c6ac377b68f7272750ec93d20bdeec02,deb13186035b4c7d
../foodsg-233\Lontong with sayur lodeh\SWTMTMIDFOH42QLGF5SOH6Z6.jpg,Lontong with sayur lodeh,all,f7c94e66bf54cbdc6398d735b5c37bf0,deb13186035b4c7d
../foodsg-233\biscuit\MDMGMKFFT6JJK9SEFS6UB98P.jpg,biscuit,all,2f60a6c5cc28957e084dd3048e27e436,dec02c6e422f6da5
../foodsg-233\biscuit\JFAICRJIW7W703HMMKJWLGRG.jpg,biscuit,all,d12edb68a71bedd0e85377c4f9d7c404,dec02c6e422f6da5
../foodsg-233\Laksa\WU0Y9K6L4E20CUT4KRQCJXBR.jpg,Laksa,all,56760a127df5381dccc7fde4d305e3b6,decbf5342e401aaa
"../foodsg-233\Bee hoon, soto\QTQ7WMC64VDF1YTV7BFBWGF6.jpg","Bee hoon, soto",all,db5eb4e4183a0a006beb822bcdff68c3,dee86a9623134d9c
../foodsg-233\cream soup\R8AOQ828R0C6BCXMEJGJ5RH7.jpg,cream soup,all,5bc2c80820f32f91a99cd04cf11751e2,deff098250ce423d
../foodsg-233\mushroom soup\L8JBNFEHRZVZ1ECD2HONZ9YA.jpg,mushroom soup,all,9a3a02afcb7ac4e727ec00f63a65066f,deff098250ce423d
../foodsg-233\Fruit juice\0MNPZ5OKIQM7MXZEVWE1DEV1.jpg,Fruit juice,all,2b841a20b51c862a48886a458452ce9a,deff5bd2a3803011
../foodsg-233\Fruit juice\DFD3CY9WEFK67AIU7CMQMZFJ.jpg,Fruit juice,all,3f5f05c6e79595b5d232c1a77e89e77a,deff5bd2a3803011
../foodsg-233\bak chor mee\VG2NH0GJELJY6AV1BNDKD26S.jpg,bak chor mee,all,972ac22ce37dd3f25a83ab4ba9d1ed0c,df1c406a2e2db572
../foodsg-233\bak chor mee\B9CO4E71KBHWDJPCK7Q1GOMX.jpg,bak chor mee,all,675e24edfa5f86b4a7c532a2acb1cdfe,df1c406a2e2db572
../foodsg-233\Dumpling noodle soup\MD8IMFGVM3XXH1TAEXIH83BN.jpg,Dumpling noodle soup,all,c149a206b6f8bda4539155179d030985,df1c406a2e2db572
../foodsg-233\gulai daun ubi\P1PI75VPANZ4FZUHC8V3UXL7.jpg,gulai daun ubi,all,7859e3c16a6e1a34844aa66a80d6789f,df2a7ea512c12c53
../foodsg-233\gulai daun ubi\CXCVS78UGJ6UNN6MBNZXW69J.jpg,gulai daun ubi,all,7f71eb4311410d22b7f7e20fee4215af,df2a7ea512c12c53
../foodsg-233\Soto ayam\QXJG05BTN9E0ZQG5F1A35J4T.jpg,Soto ayam,all,d31746f1d37d24ce0c665f5cf2c3b7e9,df41213de01759f1
../foodsg-233\Mee soto\JOC177CWL42ZDX9G7V86Y1WF.jpg,Mee soto,all,623f3760ae4b06efea5fab6c9356e6d1,df41213de01759f1
../foodsg-233\spring rolls\C1IC5HNB04WEGDJE3IEBSREL.jpg,spring rolls,all,6e2a9936fc8cba159e9b344f475bd94c,df48e1a498e39d43
../foodsg-233\spring rolls\OLC0W8VTH4OJ8DDZQGD6DGBA.jpg,spring rolls,all,792b6ea460605e8de1e020fcf348ccfe,df48e1a498e39d43
../foodsg-233\Dumpling noodle soup\T2PBEH33O35OLTCQTCE3AMQN.jpg,Dumpling noodle soup,all,b6453ac1577b595ca6b37bf1496d019d,df4b713e2a7d0430
../foodsg-233\Dumpling noodle soup\QVG2RXU66AJMSEICJWMQMT2A.jpg,Dumpling noodle soup,all,b7a3650b457cb063f12c17e350cf311e,df4b713e2a7d0430
../foodsg-233\Dumpling noodle soup\CYLJR8HCLI30Q909T1Y37FQT.jpg,Dumpling noodle soup,all,59217413288b7efef961ff71fa9ee1ec,df4b713e2a7d0430
../foodsg-233\cereal prawns\ABJ2BUB3NZPPGNVWR0N8ZXK1.jpg,cereal prawns,all,9cc54c9b4afa541980d404c912c23ee7,df67136509663b03
../foodsg-233\cereal prawns\MW2NHMX5H4HEWWYOLA2LRLHU.jpg,cereal prawns,all,83891000d72fe7c67d241abbc28a4c52,df67136509663b03
"../foodsg-233\Mee siam, fried\QFME3TWOHYXK9V81LYZ5QLFE.jpg","Mee siam, fried",all,cd6f147388adb250339d6f9e62329496,df6a403f2af541c2
../foodsg-233\Fried Noodles\JL4BIHRFRMV22FF5WWHO4N1Z.jpg,Fried Noodles,all,9e80ae5e215aeb37f23dcb0dc0b27b0a,df6a403f2af541c2
../foodsg-233\durian\GDQV63MOAE1MKP1NEDUC8H1C.jpg,durian,all,08e30384652fba3f6f0069bf9f32a309,df826ac3f03492f2
../foodsg-233\durian\8GGXSJ610CBMBVISN1SQ5XOZ.jpg,durian,all,e0c14c2414a4cfe94d8ec68890dee512,df826ac3f03492f2
../foodsg-233\Grapefruit\1BJPZ7EYTRYEB59BTXYVYAZE.jpg,Grapefruit,all,02c88f0c01a61f62d1cc69bce1ddd759,df85ac13ea3ba850
../foodsg-233\Pomelo\3QPQRRXEED0JM91JHZWZI1MS.jpg,Pomelo,all,a7e99f9e2531d3122b994aeaf040d811,df85ac13ea3ba850
"../foodsg-233\Pilaf, pea\KUA6JBH9S4GQG2H0BRH7HUW3.jpg","Pilaf, pea",all,b943e598bbd03b121cc79bc0ba66c6d7,df900c1fb06b8573
"../foodsg-233\Pilaf, pea\XQGJJ1BGWDCZ1ECRN7DVXTVQ.jpg","Pilaf, pea",all,f5cb1e7ecdc20b057ad875a2d89694e9,df900c1fb06b8573
../foodsg-233\chicken wing\O738Y4DOKUDSLDI616KHAXED.jpg,chicken wing,all,007ea88fe11b84a871c324c7ae113b3c,df90df406a2d3435
../foodsg-233\chicken wing\A7I85DZY156C5KVUJHG7CECJ.jpg,chicken wing,all,8f3a387de9e3cedf36be3fb351b7c249,df90df406a2d3435
../foodsg-233\wholegrain pasta\547UYE9MICL9HO5N6CCISVSG.jpg,wholegrain pasta,all,bc2bf57a2e93d5fa579a2cf6fffcbd71,df962cc5999cb031
../foodsg-233\whole oats\DDLYFSBFO1W1W74QB6MLSL92.jpg,whole oats,all,e5684d1ad2a7421197f875cef24f7435,df962cc5999cb031
../foodsg-233\steamed buns\2I0R8AMRQKZYWXKMLCSWJSTK.jpg,steamed buns,all,5c5bd61523a0b6f2411eabe74d492f90,df98786ae02587a6
../foodsg-233\steamed buns\0C8F24QH68Y8LBTORIRPPAY8.jpg,steamed buns,all,0852cae14d4268021302c65ef85cc135,df98786ae02587a6
../foodsg-233\char siew pau\K5GN4JQ2THZRBYPGGBBJLL86.jpg,char siew pau,all,b9814df723a8ffc7337a142f636a86ed,df98786ae02587a6
../foodsg-233\chicken rice\HLFV6JTOJA1O1X6T16VJFPPJ.jpg,chicken rice,all,9aab2c459c4543bd041c2572189a215a,df9f25b8e5c49044
../foodsg-233\chicken rice\5C51DUYWFIBK41G4DU5VGZXB.jpg,chicken rice,all,3ea4a5b8ca668c2c334d022f8eeac85c,df9f25b8e5c49044
../foodsg-233\longan\6Z43UA68HJL2YM9YI0WZK3P6.jpg,longan,all,cd08e79c64a90eceb4f2f054dd435d83,dfaf70b0e182c6d0
../foodsg-233\longan\7A1MVICY70PRO84SHRP6TK55.jpg,longan,all,63388e90e3ff395d124478786079f67b,dfaf70b0e182c6d0
../foodsg-233\black pepper crab\UMUGA7IVXZ4ORFMT9QJ6MEGI.jpg,black pepper crab,all,dc128f32afa3d10c0813f09d9d03fed7,dfc6ffc0f8094c01
../foodsg-233\black pepper crab\TGNOWIIJBYPU7KSVIZAN39UF.jpg,black pepper crab,all,9be369e2308a9b511e020b432095d86a,dfc6ffc0f8094c01
../foodsg-233\rock melon\TGB4ZUTDJHUIAHCM39TI4RM7.jpg,rock melon,all,faddc2d0753393e5534bf369a2b33530,dfd920a986b497b0
../foodsg-233\honeydew\P8QYL617Z21TMAJY7V4QUCPJ.jpg,honeydew,all,a91ec40fd3460e5a9ed9e7cfea71687f,dfd920a986b497b0
"../foodsg-233\Bee hoon, soto\B20QKJ6L9DVMIFWDUSRY4CXW.jpg","Bee hoon, soto",all,2018e4c70b719a3351a02e287a1ed08c,dfe310c6b10317f8
"../foodsg-233\Don, chicken teriyaki\FMY6NB2478V8J7C6VQJZXAXS.jpg","Don, chicken teriyaki",all,90bc3c4611d92d201f285f4ae405d1dc,dff4c0608ea39e94
"../foodsg-233\Don, unagi\XN3YINV8J0GRQP9IXJEB89SJ.jpg","Don, unagi",all,ca9729a04e1b82ace6b13be438877618,dff4c0608ea39e94
../foodsg-233\nasi lemak\EEIWJ8CPPBIL43VFFFHGW7JL.jpg,nasi lemak,all,1fce719adfe045536765eb705e628877,dffd3517c1c0dc00
../foodsg-233\nasi lemak\531KBMEK85A8BD3G5UQFEK7K.jpg,nasi lemak,all,d94e01a80e0329375edc6fa51a4be7ee,dffd3517c1c0dc00
"../foodsg-233\Bee hoon, goreng\VGYU104TZHJ044IVI01GYOUT.jpg","Bee hoon, goreng",all,6edef96ceb2de41af667d247ff973232,e00e853c9e85dec7
"../foodsg-233\Bee hoon, goreng\J3C7UDBFDIMHFRBCZZHG88KH.jpg","Bee hoon, goreng",all,20c1f66cc0b11650738b8e0420639e6f,e00e853c9e85dec7
../foodsg-233\black pepper crab\F1TW3EPE95PJLTLTW7CS6XNC.jpg,black pepper crab,all,34e0539ab29f2c26bc3092ec8324b35c,e037453a7fe81287
../foodsg-233\chilli crab\15B5694UHISHEWU9AXE0EYWU.jpg,chilli crab,all,d2938eb6095015451d581a8fb9233821,e037453a7fe81287
../foodsg-233\Chinese fritters\PO9Z1O94XKCLXJ6W86O1J7M7.jpg,Chinese fritters,all,421d9422c8ec0e9f6b664bc1b5a36359,e058cb5a724e9b63
../foodsg-233\Chinese fritters\0WVJ5P4ZKWGPQ7B5OSLFB4OW.jpg,Chinese fritters,all,c6f80fb9f34b88dfb27fca4959a2d7d7,e058cb5a724e9b63
../foodsg-233\Kway Teow\SMZ4BSCWIGZOG05FSXRJDIX4.jpg,Kway Teow,all,d94243b58b6f649843d0331bcc534997,e080b0beb2747ceb
../foodsg-233\Kway Teow\A28FAB3HYVNRQBY7XJCMKLQ4.jpg,Kway Teow,all,9d75312ca9eaf67476ebee3726f8f6fb,e080b0beb2747ceb
../foodsg-233\spring rolls\X7C9GYVZLEM8N1WNBYCS3H9B.jpg,spring rolls,all,422fae89e0dfbdb5a1fea62adf5ba768,e081ab831fb51fb4
../foodsg-233\spring rolls\NG7OV40PY5AIYHQ1LSGLRPWL.jpg,spring rolls,all,f2534300664c36440f169e5997f7c572,e081ab831fb51fb4
../foodsg-233\CNY love letter\F4YHI6Q10184TGJRVU7G4KU4.jpg,CNY love letter,all,2e7a55123f2f3cf2281ce38f4b3d1a93,e0869b19b7660d79
../foodsg-233\CNY love letter\D68G9NR921PT92EIF2NIYAOB.jpg,CNY love letter,all,dccb5be3f4c179f8454dd2c749ed87bc,e0869b19b7660d79
../foodsg-233\Claypot Rice\7B2GD378FRVATOYB4D7BDV0B.jpg,Claypot Rice,all,cb1d8510aa603ed9af83827e13092633,e0870cf337c333cc
../foodsg-233\Claypot Rice\7XL4F1RY493BOXUP6LRJK9RY.jpg,Claypot Rice,all,6592aa0b5e429193ce69ff151532fb25,e0870cf337c333cc
../foodsg-233\rojak\MU7OPS2GRKBAS3HT8CXBJF8R.jpg,rojak,all,de098e106ca0b6b1a25896834b1d6b8a,e0898f49975a9573
../foodsg-233\rojak\2T4RGAZRXNG86NRGU3LKVDIF.jpg,rojak,all,99635132575daf9cfc6ec0204c788257,e0898f49975a9573
../foodsg-233\satay bee hoon\8FCMWQF0ZYJ27KNS1EHWO8E7.jpg,satay bee hoon,all,44c1cab57e901dd70c4b8bf811a7ee3d,e08f97989a19da63
../foodsg-233\satay bee hoon\HK1L5E61C6AFKT356R46B21A.jpg,satay bee hoon,all,09f314772cd47d3be5959a4acd5a456d,e08f97989a19da63
../foodsg-233\french fries\FCLLO54Q8QBHSAAX8XUAPTC8.jpg,french fries,all,264e37d4c4bd174f16bc3f48f0322e77,e093431802e37ffb
../foodsg-233\french fries\CQFWQ81SE3FU1DKS7J905RIY.jpg,french fries,all,f07f7500d2c9215f08dee909049d263f,e093431802e37ffb
../foodsg-233\chwee kueh\IYDXCGBHR4YYO6JJG9E1VJTO.jpg,chwee kueh,all,f65f088242a961eb78f365d923a49b25,e09dce923ac3394d
../foodsg-233\chwee kueh\EVOX538V04N3BQVKNTIAJ35C.jpg,chwee kueh,all,81825377e3428520f7bf0422855721c4,e09dce923ac3394d
../foodsg-233\Kueh Salat\AU3X21V5H7HTVNGX0VIBOJYW.jpg,Kueh Salat,all,4f86af7b940890c7737062c0d0c45807,e09f1970b863bca3
../foodsg-233\Kueh Salat\8NMU4KTUM45RY0PAW475VK9B.jpg,Kueh Salat,all,7c7b3b585a70f7a8a184ea3e43f41cfd,e09f1970b863bca3
../foodsg-233\bakso\1ZSBS83RZAJ8F8FG24E6AWZR.jpg,bakso,all,99545bc650f97f71fa68adee8cc0b8b5,e09ffe00873e90cb
../foodsg-233\bakso\TL9C6211538793FAGQD906RD.jpg,bakso,all,3cdf56f71436c30a1eee40968ca1617c,e09ffe00873e90cb
../foodsg-233\Laksa\TXKV6EWKXVB8A78JKNK4JD8W.jpg,Laksa,all,67eb2bdf189507d7f223f1435a97a135,e0a5afd6859ad512
../foodsg-233\Laksa\5CXO74OX1NA14S05H9BVW1B1.jpg,Laksa,all,35d5d10aea8ef61aea35d38b32d219b0,e0a5afd6859ad512
../foodsg-233\Nuts\9DIBG4T1CU0U1DTLGZU5CJNE.jpg,Nuts,all,7698180432aee9219f080dbd26945638,e0a92bf3224a33af
../foodsg-233\Nuts\FCAPN4XRK01NRYHNF9RMVVBE.jpg,Nuts,all,a9b199d2d920bdf049ba6f782ad3cf22,e0a92bf3224a33af
../foodsg-233\Kway Teow\ERZ26HB5GV079E4VYPSVUDQ5.jpg,Kway Teow,all,3cf49f2f5c9bc7b33d752d6d6e189833,e0ae87389c91f19e
../foodsg-233\Kway Teow\BTK8PVUDGJ53SGRBSRPW6F50.jpg,Kway Teow,all,1f383e1e80e48621e1164e0310c22fcd,e0ae87389c91f19e
../foodsg-233\thunder tea rice\FEMHHE4ZZJPUXADNGFPT2WHT.jpg,thunder tea rice,all,88ccbc1a881150a2cadf8ab569243a80,e0aeb9a35334864f
../foodsg-233\thunder tea rice\TT9VORVTS0HYP90JWW6X3ABG.jpg,thunder tea rice,all,26fd108cbcc416f322be78074dd24d64,e0aeb9a35334864f
../foodsg-233\Mee goreng\HWS7I6YRY7S7O6UDQGJVM8HF.jpg,Mee goreng,all,742dc9efab09d66bcfc113514391e55d,e0afc50f523c52b5
../foodsg-233\Mee goreng\ZQU9EL6NI7FBERR0CI8GCDU6.jpg,Mee goreng,all,9af49eb76e41a9759184061f10c1afa3,e0afc50f523c52b5
../foodsg-233\bakso\WLZGJUYR0OKTP1N75LU0BQ4A.jpg,bakso,all,c398de844da6e9ceaec0ed39694eb0d8,e0afd468c32d9a35
../foodsg-233\meatball\IDPIL6BI1Z3LBQOKDKOP5IHR.jpg,meatball,all,0f6c20c2373aa5aba4d3b6baf17e7ccc,e0afd468c32d9a35
../foodsg-233\chilli crab\91X2LBTXGDCDM73V3L3RPEHA.jpg,chilli crab,all,ef459196a93186db16d6dce50405c49c,e0b5955700673fe2
../foodsg-233\chilli crab\AIIUP48SGRLIG45JX5ICLN7W.jpg,chilli crab,all,bcd519e5a6068cef6ff2bd1d0fddd64b,e0b5955700673fe2
../foodsg-233\spring rolls\RCWH6ZIQGNOXNY7TKFDV8K66.jpg,spring rolls,all,f9083ff6cec850914cda7b18496ca541,e0b81e676b8eb8b0
../foodsg-233\spring rolls\C6JLF557URHXNA11LNKABJCR.jpg,spring rolls,all,f513d8c5c1cc1eb5ed77b5260c749d7e,e0b81e676b8eb8b0
../foodsg-233\bak kwa\0ZUL0RX9YWPA7IWOHZ29M81J.jpg,bak kwa,all,06a4f63126186e46f74e9ead691e56fb,e0bdd05092ca9b7e
../foodsg-233\bak kwa\6BM10UXYH6YV6CX40P1IQDLG.jpg,bak kwa,all,4c24817825dc8e4a51fbc10097008481,e0bdd05092ca9b7e
../foodsg-233\miso soup\WIQEQT876QLGSMOE3DTZ8TVX.jpg,miso soup,all,04c3d9d5eceb1fb295f8f1e21d9fecae,e0c125bf17a85a97
../foodsg-233\miso soup\JDUPOBBCU5VAJ6P4STIP7R3N.jpg,miso soup,all,11d0bc5aa74f03eae3a4c7c73e95e71f,e0c125bf17a85a97
../foodsg-233\kueh lapis - rainbow\5QX5HH648UUEJ43DY17LT72I.jpg,kueh lapis - rainbow,all,1c29a3e57f9a22d27bc91ddd2c484753,e0c2a635d363e4f8
../foodsg-233\kueh lapis - rainbow\WJ7P9UPN50E2ZEWQENPMWISW.jpg,kueh lapis - rainbow,all,65daedaa17291804cb2850adecdc9fb3,e0c2a635d363e4f8
../foodsg-233\cream soup\ZWAA4FZ3JQDD7ZNH84SS7Z21.jpg,cream soup,all,2a7e5bc776d97c83ba6fad9b87193885,e0ce86813f0f3c1f
../foodsg-233\cream soup\QG98CF511JCVNOB88TSRNYQL.jpg,cream soup,all,403da3d725bdd818e49f9bb01f5be3e9,e0ce86813f0f3c1f
../foodsg-233\lontong\6PZ718EXAOMN61D3TCQQBPZS.jpg,lontong,all,bb72ec6fef1e385cf66f938cb8b6bdb7,e0d18ff035c54575
../foodsg-233\lontong\C6RJMZGG3ZQUQE7NT47ZZHJ5.jpg,lontong,all,763dbfcda42b669ebb107a4cd4393b41,e0d18ff035c54575
../foodsg-233\bak chor mee\71FNQAR21V84TC5LBB96HL2J.jpg,bak chor mee,all,287b6125ec6d78ed816dca1cf90a6bff,e0d495489f255e67
../foodsg-233\mee pok\6EILUVRH6QT7Q8GH1ZNO7Z97.jpg,mee pok,all,2ea22db9cacfe6e185343ba56cb366e8,e0d495489f255e67
../foodsg-233\green leafy vegetables\1BEJNN7NVNRYFQOZV2JO35B5.jpg,green leafy vegetables,all,45319901c7d4dc3bea29d10b6b1ece06,e0d651cd1846cfab
../foodsg-233\mixed vegetables\QYMXO1QTPBPXB2LLG8TRBZAL.jpg,mixed vegetables,all,103c0cd48a539e040415fa92b118f020,e0d651cd1846cfab
../foodsg-233\spring rolls\LMZB2287YXSNIZ3TU1SWQWZA.jpg,spring rolls,all,e5b6bb23089b2b7a3b6acf8c49316676,e0d847f15eca39a1
../foodsg-233\spring rolls\WINXFZARZUX692GN9LHEZLIN.jpg,spring rolls,all,3c32b12145a4af75c9c74086977bb1a8,e0d847f15eca39a1
../foodsg-233\mixed vegetables\9D73LBT8TUIGIDPRTAQNYC89.jpg,mixed vegetables,all,e61ca8f576db9a8262aae5fc1c9a4042,e0da812d879adaba
../foodsg-233\mixed vegetables\O99K0DGX1LMGJQSMVZIX98H8.jpg,mixed vegetables,all,d439532e0687077a465d6b3dd8207f37,e0da812d879adaba
../foodsg-233\Mee goreng\VXKERS7UX65AWHWJOL816IWQ.jpg,Mee goreng,all,80a4d3b3f8a1b565b752bc3d627e201f,e0fc1c61eb85e594
../foodsg-233\Mee goreng\K4Y6XFO8IKM4SD3U0V826KHB.jpg,Mee goreng,all,accc7cbf9ecfa6824c01421268bef733,e0fc1c61eb85e594
../foodsg-233\chwee kueh\JPN538FBH6GPK5RBJ3G2IHXG.jpg,chwee kueh,all,432432b434b391d27c3319e325679404,e1309d33efe38648
../foodsg-233\chwee kueh\W61OW06BYHTP38NPNB5C2ENW.jpg,chwee kueh,all,dedda8dd002484e35922c8ba8a744be6,e1309d33efe38648
../foodsg-233\lontong\UJK1N5FJQDYAROKVXOHSBM0C.jpg,lontong,all,b066ea300946e0d26fb1036f25aa3327,e13cb32395b5d494
../foodsg-233\Lontong with sayur lodeh\802RQC2EQYPBEM130EZGI5M8.jpg,Lontong with sayur lodeh,all,2122f4e145d3dcc65ccc93f67531f249,e13cb32395b5d494
../foodsg-233\fried prawn\E5D3LHYIKYAEL9LLQB0U2Y28.jpg,fried prawn,all,128f9064cab36c3e53376769668dbc41,e142c50b4f6faba4
../foodsg-233\cereal prawns\KAMT75FATS26B3ULMOB0D2A4.jpg,cereal prawns,all,6832b88d0861ab3b82621b678dee94c0,e142c50b4f6faba4
../foodsg-233\cream soup\ZTF1HP066T202LHKED0EACGP.jpg,cream soup,all,1e2b2a58474f77dc61517385ce42d621,e1449a1f2b6c9d6a
../foodsg-233\cream soup\SKBYAJP50K5OFRSW5TACAIAR.jpg,cream soup,all,1d4811a93b64307fbd221de7aabe892f,e1449a1f2b6c9d6a
../foodsg-233\char siew\1HVKHQ16GBIOJA5V1XEVA7BT.jpg,char siew,all,28ca4525f65f562ef34354ca4066d69f,e153726ba432ce39
"../foodsg-233\Wanton mee, dry\ALZWCBVZUZ7BNKVE6PTT8BCG.jpg","Wanton mee, dry",all,5f0ad8d66e36a6d58fe4b93d0f0ba5ec,e153726ba432ce39
../foodsg-233\chwee kueh\MEIT1VKZ0Z1JQES2YVBW2LHY.jpg,chwee kueh,all,caa40d40779fc02e3bddce7bab012c8b,e156dc495bca4669
../foodsg-233\chwee kueh\UN3R2DOIJQX9HHTIBG4KTL1M.jpg,chwee kueh,all,971893437ae4d67b17865c139d4ea4e8,e156dc495bca4669
../foodsg-233\sambal\SPJK8I1512WIZ87Y53QR22HO.jpg,sambal,all,4b7de32b9899dbafe3683b1a895de8f2,e159b661ea1ee01d
../foodsg-233\sambal\SJWFWOGD25TERU3SVJV54TZC.jpg,sambal,all,ff074bf99ad296010661c538ecce6e20,e159b661ea1ee01d
../foodsg-233\yam rice\UVV8Z284ZLGJ8GVLE13MD2L1.jpg,yam rice,all,3a4386ed1e103db2174c27e09302ab94,e15f2de994dc3025
../foodsg-233\yam rice\205QEOVVZY4FFES7HH3DN0M0.jpg,yam rice,all,6a747f78986bf23bc38a83c2539a4069,e15f2de994dc3025
../foodsg-233\Kway Teow\CKDZXTAVZWPTQRHF1FEDZ8DD.jpg,Kway Teow,all,2f4529f25f43851016ac0c4fe222d129,e16dd4039fb19a86
../foodsg-233\Kway Teow\3PZGAOPYBSQZ7B7N6B2Y3NE5.jpg,Kway Teow,all,fc1c8371a20d1762f7e3f62b6a3507f1,e16dd4039fb19a86
../foodsg-233\chilli crab\026JNFMMP0NPLCE0GSHEY8CR.jpg,chilli crab,all,f9f2a810ecf220264916d7e1b45b53df,e182d69f3c9271c9
../foodsg-233\black pepper crab\Z5UX9FRP8XP2Y9NTI0K4D4OJ.jpg,black pepper crab,all,c16e47d1a1f6bb99c24f0c99f153afcb,e182d69f3c9271c9
../foodsg-233\mee pok\2ETZGV6EW5H2NNZVMP51TYGY.jpg,mee pok,all,6d19fa8d06903111b56cbe865896267b,e1869e79c92683da
../foodsg-233\bak chor mee\13VRFHJE3ZECVETEKTUKL6WM.jpg,bak chor mee,all,2722b8c3b2e62a83d57ff8d0d1f5e321,e1869e79c92683da
../foodsg-233\bee hoon\YJ69NGETL4MWGWGVAAKA2RZO.jpg,bee hoon,all,1dca164442a895cb3d816cb97d812e23,e18a98638ddabe34
../foodsg-233\bee hoon\KL0P3BBPPCZ6C6C35R0EU4EV.jpg,bee hoon,all,5d0aa2020f80a08faaae332b0359893d,e18a98638ddabe34
../foodsg-233\fried prawn\JD3922RUC39TOXH3P99PXXO2.jpg,fried prawn,all,be662d949f0c9d93a7c4893d37638d15,e18c946ed1e345e5
../foodsg-233\drunken prawn\AOMXQ76MLZ1XYSYA9LD4RBWU.jpg,drunken prawn,all,ed6a6baa6dc93d2e49da153fafc7ce65,e18c946ed1e345e5
../foodsg-233\yong tau foo\GVQDLGNIKSC85LDC4NJ9XK7A.jpg,yong tau foo,all,edbc326ae1595dc3abd4244edf847324,e1919e509d6a996b
../foodsg-233\yong tau foo\1LVIB7QMMY46NDNMFJW3GQU8.jpg,yong tau foo,all,da5eb9c5681442f0e0cedd9241de3048,e1919e509d6a996b
../foodsg-233\lychee\BDY5R7WCQZUY6IFIK1JRDUCI.jpg,lychee,all,4aa68b37841d5658a64180e5b7a73117,e1979752da690969
../foodsg-233\lychee\0SSPKHK80QUDU1DZQLU104V0.jpg,lychee,all,9bc520ac3381b824b430f833693708bc,e1979752da690969
../foodsg-233\Chocolate\B82PU4SCEN6DNV9Q2HJKNK3E.jpg,Chocolate,all,7556a585c34344bb62f14d770eb9994d,e19a9a38cfcdce20
../foodsg-233\Chocolate\84D4E8HU6Q9YX1CPAG8GSHII.jpg,Chocolate,all,adf16b106e4e24ba3c2adce71aa9c7d6,e19a9a38cfcdce20
../foodsg-233\fried prawn\FC0COEUPFP9I66S5I2MVVUI9.jpg,fried prawn,all,8835612e29bf8ec642eec9dd1572c819,e19d8f70dba09c62
../foodsg-233\fried prawn\SA2L6P7LM05CQLG3WCE421Z9.jpg,fried prawn,all,e3589f340881e5a60267898612839fef,e19d8f70dba09c62
../foodsg-233\Nasi pattaya\BVJ3ICVP8PT6NOTRE2F47X9R.jpg,Nasi pattaya,all,b56c6e398167b8a1eeb47bbb0385853b,e19e85720acbbd70
../foodsg-233\Nasi pattaya\G4IY4R4JG0XZ3CPP71XS3OKB.jpg,Nasi pattaya,all,a28c9fcd830f10146f61da80919c4768,e19e85720acbbd70
../foodsg-233\Kway Teow\4B6TSA2BPHK2K9EQX5WWIBM6.jpg,Kway Teow,all,1fb9fef14252b59974df8d9de6d44af2,e1c09e8f91b132d7
../foodsg-233\Kway Teow\G75VSQJEEIBDS7KD1GIV81JG.jpg,Kway Teow,all,8fd1ebeff4c631321b0bf6961d6a06cf,e1c09e8f91b132d7
../foodsg-233\Lontong with sayur lodeh\UFI13HV2QMAQ0FDTF5CE4R8G.jpg,Lontong with sayur lodeh,all,ea7cddcc817253d92f14ebdf0c8ae690,e1c5847d15f8ac63
../foodsg-233\Lontong with sayur lodeh\HDPPA0PXM5VW12AWA8RUTXCG.jpg,Lontong with sayur lodeh,all,768278badfa02cdbd3983876537ad8e4,e1c5847d15f8ac63
../foodsg-233\Kway Teow\RYDHBNKFLQFDUGLLRYSAPTNS.jpg,Kway Teow,all,70907e63c78b363654e33624710e0c7a,e1c7965a1a2aaa3d
../foodsg-233\Kway Teow\7QD1JJ3M6D2RYD594OWQ4MAJ.jpg,Kway Teow,all,5460e15e2aeb34df449941f70640c99f,e1c7965a1a2aaa3d
../foodsg-233\begedil\APNDH9IBHWOXWZ1BFCOCWX1K.jpg,begedil,all,999fea051123b32120e2a6b0e4a10fdf,e1d786c0398f744e
../foodsg-233\begedil\EO7CUA23XL9U1ZUZY3F3WACZ.jpg,begedil,all,0aff3c1f39b09ff203d2400d831e3a6f,e1d786c0398f744e
../foodsg-233\Udon\3NGV1SRJYPI015WEW0MK1IR0.jpg,Udon,all,c3b3d63a229825d7c1ec97e5e337f8a8,e1df06cd198a3770
../foodsg-233\Udon\G0JFKV6SYWLXY3RHEAEPPKZ6.jpg,Udon,all,bacdaec173b81487afdc50ab49b855ba,e1df06cd198a3770
../foodsg-233\Mee siam\LQVQ486DB7X1K0BWI47G5VV7.jpg,Mee siam,all,5f40c650f8c2c66fd3df54f20c23f5ef,e1e41e91388765db
"../foodsg-233\Mee siam, fried\ADWEKHNKMKEHD83J62DA97AJ.jpg","Mee siam, fried",all,ef29cbcae28ab35f53cff7b5f0247b88,e1e41e91388765db
../foodsg-233\sambal\B07QDSITLMQ3UM0N1CY6THLL.jpg,sambal,all,5ac72de96ec24ef34479ffa75bd890a5,e1f195a6639119ea
../foodsg-233\sambal\PVLNXVP7BRCGPB6GJS36WS7X.jpg,sambal,all,af14b6a46b454d2f548a4cc87cf48934,e1f195a6639119ea
../foodsg-233\Dumpling noodle soup\30XB2AEWRF8Z9BCJEKKALMAH.jpg,Dumpling noodle soup,all,cfd8dcdb69c38d1eb77c6f5057907d42,e1fc624ae578c3b0
../foodsg-233\chicken soup\FUXUFCHZOHTB4BAONPI2L5TV.jpg,chicken soup,all,83ec06827f514ad4af0d6006f401c295,e1fc624ae578c3b0
../foodsg-233\mixed grills\VLLNKRFX5HM0RL7KGGLWKCXE.jpg,mixed grills,all,5a60047cf773393ec9d0cd8bf2cc7de0,e1fde095f21a4354
../foodsg-233\mixed grills\E1N50WH5FL9JS05K98BGSBIP.jpg,mixed grills,all,df1649976ab44ea9d4b418cf326ea8cc,e1fde095f21a4354
../foodsg-233\Mee goreng\T4UMU0M0E4C5ON5YTYBM903L.jpg,Mee goreng,all,930c36716af7f77187ac5cde0dc80581,e2029587151f5a7f
../foodsg-233\Mee goreng\BGM72CTZ3OCBGJMDK0Z826XK.jpg,Mee goreng,all,4a19b69867c96675bb581850c95ec1f8,e2029587151f5a7f
../foodsg-233\Fried Noodles\SJ3DOL8BOIIWXWDCVRZJ6HSB.jpg,Fried Noodles,all,fbccdb954f0c1702621b1f8b9aa1f957,e2288094779bfa7a
../foodsg-233\Fried Noodles\0ED53F9NA57CEPM1FIL57FPE.jpg,Fried Noodles,all,151ffa6568bab992a80e2d494cb4afd2,e2288094779bfa7a
"../foodsg-233\Wanton mee, dry\U8LB4KGAMUKYUIAC2PARK21W.jpg","Wanton mee, dry",all,9b333fb77a3ca81b0a2417517aba046e,e253c47bb4741a78
"../foodsg-233\Wanton mee, dry\M4PJHKK1ANZ378YLTCTJ9XAJ.jpg","Wanton mee, dry",all,0d56f3e0cf4ebaf2b870efc69b6697c0,e253c47bb4741a78
../foodsg-233\Kueh Salat\0AEXQMO3QGET2229FETOEIZS.jpg,Kueh Salat,all,911b0367c665f6ff936036ce8fee3448,e267c7ecc4a4c0ad
../foodsg-233\Kueh Salat\QRC2N6WNVDL5G8SAMGVZ77TN.jpg,Kueh Salat,all,457c23401046fd28166225ae51cf674d,e267c7ecc4a4c0ad
../foodsg-233\Mee kuah\C2KD3UJFB6211DJNQDKULCZ0.jpg,Mee kuah,all,e465f735fa5cb17528f37d627f9d66d1,e28795bcd8b16a16
../foodsg-233\hokkien prawn mee\500TTG9JM2QVQURGJNZXL5EY.jpg,hokkien prawn mee,all,9017111657f3819034683a764f213543,e28795bcd8b16a16
../foodsg-233\Mee goreng\LTI2HNYK6P2IC76FRBSXUT4F.jpg,Mee goreng,all,e817199ea00563063387521ae65f8e5d,e28e1e626bc5e8d4
../foodsg-233\Mee goreng\1IWVZ6S1XSF0LC2CNOKKC24I.jpg,Mee goreng,all,2fbef9532b1e8c7f627e744efcfbf4c0,e28e1e626bc5e8d4
../foodsg-233\Kway Teow\DAF5V72MHUEKWFQ1SRFV7067.jpg,Kway Teow,all,43db5731ecf3b880aed72f75e60bf6f7,e2959f703c629963
../foodsg-233\Kway Teow\YBQ2CU6NU72JYQNN9K7S6Y3L.jpg,Kway Teow,all,510032f806a3b63af2bf23c05a2d2fcd,e2959f703c629963
"../foodsg-233\Bee hoon, goreng\GYEPZ6YW14A8M09MMHGGBDCT.jpg","Bee hoon, goreng",all,2c156c3560c75690331cccf44e22016b,e297955a9e69a524
"../foodsg-233\Bee hoon, goreng\OWWXO0RZETNE7LDQIG3ETPRS.jpg","Bee hoon, goreng",all,99222f87fbd7448206012946e4142e06,e297955a9e69a524
../foodsg-233\Pomelo\Y59O6SIVOTO75UFF62OLOOAL.jpg,Pomelo,all,ad303004a4b2ec2579f60abb87b1475a,e2979d706bc23478
../foodsg-233\Pomelo\2WE64F1R2X1YIAC11DU3DUBB.jpg,Pomelo,all,102e0c003c1be6bdaaba99c496d2f529,e2979d706bc23478
../foodsg-233\french fries\O9WZY4MY41D294YGQ6NVLKEP.jpg,french fries,all,1b80cdcddcc3a6ca4fef6d9dbaa07235,e299ec41b238cdf2
../foodsg-233\french fries\STCULO4SF4BT4YF7URJ0SDYE.jpg,french fries,all,dec56bcc9a83112d134c74f3032f23ae,e299ec41b238cdf2
../foodsg-233\Kway Teow\OFXR7H81K1FD7L2POZNF75UH.jpg,Kway Teow,all,f67d9ac9d3dbdfd91d30171fa50096f5,e29a9c319b6672d8
../foodsg-233\Kway Teow\7ZC7BX6DQB7DRQYUY5C268I3.jpg,Kway Teow,all,ec05ec6237e81f15b753e0b6fc12ea7d,e29a9c319b6672d8
../foodsg-233\kway chap\QNYQCXG0AMWE4OPHJW5GF6YS.jpg,kway chap,all,7b5f3659ca33a550617ea375a0ae49f3,e29cb24448d9fb9a
../foodsg-233\kway chap\3QLXQPS65YT1MK9MAYUNIM3H.jpg,kway chap,all,eaa21e3ef9a83599e09d778dc5759756,e29cb24448d9fb9a
../foodsg-233\pineapple tarts\24TYZUTPQT3H97X27GVEREKN.jpg,pineapple tarts,all,2d55eefe6e1515718549701e2e505d82,e29de9741e4124db
../foodsg-233\pineapple tarts\BEXMR77H0NGOGSF7N018GM7N.jpg,pineapple tarts,all,57dc2a6cd8fc9e7b60c07189c5566b8c,e29de9741e4124db
../foodsg-233\drunken prawn\8DOIDAZ1XDHUL6NAV2KYML6O.jpg,drunken prawn,all,b16c2458c5248e4d21ef3db1ad544a67,e2a5d5344b2b49e5
../foodsg-233\drunken prawn\COB0X6JQ96NVTEITYGULZEY8.jpg,drunken prawn,all,a91b6ba17dfeb40ef01388ddc751de2f,e2a5d5344b2b49e5
../foodsg-233\lamb chops\LKH89N8WTMEZ2E2GYB9KOK68.jpg,lamb chops,all,4a63366b38c7e84cb00b6d2571768c62,e2a614794f9d38d2
../foodsg-233\lamb chops\OFCXLEGBSBQU8Q434IMJGI75.jpg,lamb chops,all,1536684be53d41f8dfb337bfe4584478,e2a614794f9d38d2
../foodsg-233\Pung Kueh\PCH3J9PB5TPZWF14DVLJGRXY.jpg,Pung Kueh,all,353d3ab75f0daa22b6e4fd8a862d973e,e2a6b4229b8bcd5c
../foodsg-233\Pung Kueh\MIGTQ3R7V13AQ7BZCBNHZA1Z.jpg,Pung Kueh,all,1df2b1fa03cf4f131491f09a1c370114,e2a6b4229b8bcd5c
../foodsg-233\vegetarian bee hoon\5ZUZTTE2UGHDWCPAU907HJ3Y.jpg,vegetarian bee hoon,all,665131876f5b6eb1b49b035009e26d4b,e2abbf18f151d450
../foodsg-233\lamb chops\G0VEQBXIKCB6BCB3Y9XKL0DZ.jpg,lamb chops,all,502d1880ab8202e9f3000b7cad7713e5,e2ace4619c161ede
../foodsg-233\lamb chops\C4IL4FQU6PKO6UH2KO1FC07J.jpg,lamb chops,all,377e813119860818d9fbbd5e373672b3,e2ace4619c161ede
"../foodsg-233\Mee siam, fried\90FM0FD9NJQ0026V2PXYBH00.jpg","Mee siam, fried",all,47738118b32ee12c3687d2aaee8f7737,e2ada0d583959756
../foodsg-233\tutu kueh\QSFKOMEF2P8R9GWUDSAMS0A0.jpg,tutu kueh,all,e25c04674ceb113d8ad56792a57ff634,e2ba196527185b6b
../foodsg-233\tutu kueh\3G8DZSEOKD5GC2NJEXZAMR9E.jpg,tutu kueh,all,8c20d4a930ac208de512d82b6f6ec436,e2ba196527185b6b
../foodsg-233\cheese fries\JLY1I7BLD92BAUTHWEV8VQJP.jpg,cheese fries,all,859f08d0053dd532f8b086c6d9f6e275,e2c68c7a971d18c7
../foodsg-233\cheese fries\QLER57GKWZ1PK4F23KWOWJV6.jpg,cheese fries,all,8d8fbe45493e9b801a9aeb1e2f8a694e,e2c68c7a971d18c7
../foodsg-233\curry puff\0Q7LBW5LTRH5IQ66XQ3M1ZYF.jpg,curry puff,all,d7630f01bf48a6b0642187774277aa34,e2c8adb71262c98f
../foodsg-233\curry puff\K4NFPB4PC1N72LKLUWDSP10N.jpg,curry puff,all,5c235d821b622dd55c25986db0c61479,e2c8adb71262c98f
../foodsg-233\lychee\BK0T4WHBE2A9ERF92OABMFBR.jpg,lychee,all,773d316d956e59fd3b67d8d6ed1a6a89,e2cf57d062cabc21
../foodsg-233\lychee\W910C3I9DAPRPMYH4Z731REA.jpg,lychee,all,fbee80a3b4f44b2f664ae0a498f31f11,e2cf57d062cabc21
../foodsg-233\rojak\VG9O6GH16ZMD6L40OMURM39Q.jpg,rojak,all,af4dac76b7ccd92eaa3c79ae495fcbba,e2edcc12160f79d1
../foodsg-233\rojak\V4H5Q0KMFC7PWAH6PPLTQVFO.jpg,rojak,all,dd2d89687b6c78e02239609c92eecffd,e2edcc12160f79d1
../foodsg-233\Mee soto\SV32SQJKM4K9EX2VAJ26RZHI.jpg,Mee soto,all,92486c1e9b4d8c1dc240e52d1428c81c,e2ef8548562f1a65
../foodsg-233\pineapple\6TI4O6KECDXLQ7Q7BUWFI2FG.jpg,pineapple,all,d96996d47b2bf0e451739e3682514886,e3009c798643c9ff
../foodsg-233\pineapple\IJ5JZXAPJ9YWWZH06DHBVDY7.jpg,pineapple,all,de2edd4464192788faec1fa4e1b1a7f5,e3009c798643c9ff
../foodsg-233\Papaya\YRRGCFOAE1ELY4JPSYT5MF2N.jpg,Papaya,all,821fafcad3bceb03e9c7e4e527397a9b,e31817276c5b5b25
../foodsg-233\canned Fruit salad\WEI6QA2T73TCJWMLTZ33ZKWI.jpg,canned Fruit salad,all,21efb655641dcde52206a4db8858a256,e31817276c5b5b25
../foodsg-233\canned Fruit salad\43YV3TRR599QGMCIS4Y6Y4VY.jpg,canned Fruit salad,all,f8918644346ee65497296b74086933f7,e31817276c5b5b25
../foodsg-233\Mee kuah\ALGUPCQED71L6YCOTDAOLX0H.jpg,Mee kuah,all,c7b13b0a01237dcf79253b4321032bc5,e32dbcc3a413c11f
../foodsg-233\Mee rebus\X5778PN5DJ1MNT59TBCTDGGB.jpg,Mee rebus,all,1a99b6e808ee73530627bffb9c4dee6d,e32dbcc3a413c11f
../foodsg-233\Nasi Ambeng\FAUE1RDLIHFCRY4BDWZYQ210.jpg,Nasi Ambeng,all,caf21ec8e634e44eacbb798c6eea0e07,e333b1a0d0dccc6b
../foodsg-233\Nasi Ambeng\GQZJ8DT4Q6XH4IGPL0MV7UZL.jpg,Nasi Ambeng,all,b9e59775835e06cb221c60fe0d172b6b,e333b1a0d0dccc6b
../foodsg-233\french fries\8GFCZ1IBYSCKI76PD303OFN5.jpg,french fries,all,064dedf5599da2650cfcaef25eb73d2d,e336033aa7319753
../foodsg-233\french fries\NEXYVT0FCWO17ZHZPLF9GMHC.jpg,french fries,all,76e1465cf800a3663bc26d098adea250,e336033aa7319753
../foodsg-233\spring rolls\EWSVT1FEBRVYTI4W06POHSY8.jpg,spring rolls,all,a7c3b0bdf6ad6ea1495b5ab4ccb012c7,e33c1a4a94255d3f
../foodsg-233\spring rolls\UIKHJF051M27P445VRARI13T.jpg,spring rolls,all,b743c6a7352b071d6662be7efb58a201,e33c1a4a94255d3f
../foodsg-233\bak chor mee\00R656UOOWLTR0V4I959I6TN.jpg,bak chor mee,all,c9c999bb2ab7e12292c91b27cb4e0dac,e33c9c72716e036c
../foodsg-233\bak chor mee\KBVQVJK7FC8GWNXY4P64VYC8.jpg,bak chor mee,all,965d02047379b11c65fed8b83e49b7ca,e33c9c72716e036c
../foodsg-233\Mee soto\S94A69SWVEB5U324REWGIAS8.jpg,Mee soto,all,e1fc61175a75ed6fcc92e13d2b519ea1,e349cbcc9c363594
../foodsg-233\char siew\GVX2HC32K50U4E367GEQKP8J.jpg,char siew,all,097908355cb65c383cc5717d04286399,e34d101e3734d5cd
../foodsg-233\char siew\VTQVEYU6LH21NQRYSLRE4B7N.jpg,char siew,all,49f07549c97fd6d15b69692580b72fb7,e34d101e3734d5cd
../foodsg-233\lontong\AQ5SPZFSJ1RY9Q4QO5TMRBVA.jpg,lontong,all,76bf6b6a68a0f3199e7d92d4e7fb5575,e361b456c5ca632d
../foodsg-233\Lontong with sayur lodeh\EUHN77K9SYXVVFH5J1G7HT2V.jpg,Lontong with sayur lodeh,all,d0292df8f410d85b8e5aa9a3b3808ee1,e361b456c5ca632d
../foodsg-233\longan\TG3BFXUKE196Y97XZAZTEJV1.jpg,longan,all,64740a0c6e85410a206b33479cc3e2bf,e363dc1a52e686ac
../foodsg-233\longan\HAHXR4W0VOX5SA2ABAILVSED.jpg,longan,all,29cbcf2d3a7af21981b3148f5f9c2428,e363dc1a52e686ac
../foodsg-233\bak chor mee\JSGD1FXR3V1XFVBOKN1WV24R.jpg,bak chor mee,all,a71b02738d2c7ad8b9a17d85e82c6004,e365b49a41e49f31
../foodsg-233\bak chor mee\IJMOR62FIPWS1P9BEETH2HDT.jpg,bak chor mee,all,6d4b8e258fe0d1f832b8dd862ee98710,e365b49a41e49f31
../foodsg-233\Sweets\IFZ8XGGE3BV96HVF8H0XITMU.jpg,Sweets,all,6cea3b32bc2b6da8971cb37c2ef232a5,e365cc9399cc8ccc
../foodsg-233\Sweets\P4SPGIUGO6UN2IDRR7ZZ5HPJ.jpg,Sweets,all,40840c3027060b7b7a037c6fad93842a,e365cc9399cc8ccc
../foodsg-233\har cheong gai\NGMDI1H6O1AXGOPXQTZKPRKB.jpg,har cheong gai,all,84b9d2ad90447c943128566b8fbcfec9,e366b8651cdb1a62
../foodsg-233\fried prawn\0YV10UH8QZKZ338MK1ZFJY6F.jpg,fried prawn,all,0ed46d43ba2fe7e4e0a182e311fdeba9,e366b8651cdb1a62
../foodsg-233\sambal stingray\JZIL76NRSVYB6NUB70NJKS7T.jpg,sambal stingray,all,5d7815a8ceccb86445a630188bea28a0,e367f2b0da340e13
../foodsg-233\sambal stingray\2O4S5NGFZFJTW89BPMCP43TZ.jpg,sambal stingray,all,3ed8d8cd06b4572b9f5f40be9084fe29,e367f2b0da340e13
../foodsg-233\hotplate tofu\9S4IGZ4M93G7LGCMGF9B54BY.jpg,hotplate tofu,all,ec614c4b9a60843a388ccaba227f5bc4,e37964358d950e35
../foodsg-233\hotplate tofu\B6JFFMTKCQ9LU2EBPCGD56IW.jpg,hotplate tofu,all,71feeadbfd956262a299fcaa91530288,e37964358d950e35
../foodsg-233\bak kwa\79DZ6NSQ67DTZDNMCWJWTMUC.jpg,bak kwa,all,8045d8ce964c07a630bb0b0425312abc,e3859f709262f8ac
../foodsg-233\bak kwa\PQK6QEH709KT7FUNQZR4GRAM.jpg,bak kwa,all,ae9b737890ef11dbc26586fbb8b0be3c,e3859f709262f8ac
../foodsg-233\seaweed snack\9A10OE63WRDGH771TQ55NU6Y.jpg,seaweed snack,all,25075600220fd29f68184f56362b71c6,e38d8e75314e6788
../foodsg-233\seaweed snack\0ZKLAM4AWA8G7F2UGUABG5LY.jpg,seaweed snack,all,1757c94da6c3821d894c03b005490e41,e38d8e75314e6788
../foodsg-233\bak kwa\XCV5NOJJECCUXO8U0L4HGPX8.jpg,bak kwa,all,949d43daed66f8cff3f369bdcf12e420,e393844e96670f2d
../foodsg-233\bak kwa\KTJZU7ATQ9069KV426L6RVM9.jpg,bak kwa,all,0bd373bbebd7fd36d1062478b2d1434f,e393844e96670f2d
../foodsg-233\Mee soto\Z638VX182E30K3R20MXYQNTS.jpg,Mee soto,all,145b0334481ddfab2b0c366fc137ec0d,e393d887906ccba6
../foodsg-233\Mee soto\0GNWPGPZUFU0TM2G9F2LH2ND.jpg,Mee soto,all,2e346f603bc071791d3132106906ba39,e393d887906ccba6
../foodsg-233\steamed grouper\VOGMPVBZHMIA4PDCK4FLJ717.jpg,steamed grouper,all,31df5951b5593e06c9097df514ee9814,e399eea0e887bc84
../foodsg-233\steamed grouper\ATIIIGBIDGJ23OO09GZMY6ND.jpg,steamed grouper,all,a66bfd75b838fc2fbf69f2ce6b92650c,e399eea0e887bc84
../foodsg-233\Bibimbap\GBD65G66H8LYWEU5K1C8T51T.jpg,Bibimbap,all,5d491d3e0bd82f3e7d637fcc7e25aa85,e39aaea591336689
../foodsg-233\chai tow kuay\H87EC646WFAJVR2HIAY3AT9L.jpg,chai tow kuay,all,2ee74d8ba6e3ebc6cfbf3e5b688dce1f,e3a4efb090d00bdd
../foodsg-233\chai tow kuay\K25DUFT3ZNKOYAACNON9ZQ4H.jpg,chai tow kuay,all,8312c8bbdb58a099a695b1c067626c45,e3a4efb090d00bdd
../foodsg-233\Mee bandung\FED98764KDX7IOMYV038TLLF.jpg,Mee bandung,all,2a9f85c472993d5de7de0663a60e4271,e3adbec2b643c007
../foodsg-233\Mee rebus\U11PP136C2RLR5AC8DQSNS71.jpg,Mee rebus,all,e178bb773aca009e37cca883cf0a5811,e3adbec2b643c007
../foodsg-233\begedil\2AA22MQUART1RNLV8S9CTWHF.jpg,begedil,all,630767fc2e2fcf8e33ca34fca4aa5e05,e3b1c91c3930d3f4
../foodsg-233\begedil\79MGO2GNE5VG352WWI6BWFEB.jpg,begedil,all,b6064913fe90dea90e5cbe9fdee1cc5a,e3b1c91c3930d3f4
../foodsg-233\chwee kueh\YYB86OK90REZNTMQ35V6RKR8.jpg,chwee kueh,all,3a838d15293070582369627d96e64dce,e3bcc0c19b69b9c2
../foodsg-233\chwee kueh\TMCHMZRQ9IQC93V18J2F0MZM.jpg,chwee kueh,all,e8c3411fa089cd41fbb06f5abb1c0e53,e3bcc0c19b69b9c2
../foodsg-233\Mee siam\BKFQUK1HBEHMY6V2I5MBE8OD.jpg,Mee siam,all,aa11b2bc6c26ba06729fcd43f2b53d98,e3d23b1835353467
../foodsg-233\Mee siam\Y5FP8ECL5NUVYAGT4UIUSRKR.jpg,Mee siam,all,e51f3d6e9397dec270a7747ffdcf4453,e3d23b1835353467
"../foodsg-233\Mee siam, fried\TEN050U3JJALXS8G06CKJ72G.jpg","Mee siam, fried",all,20d630f5a7825238b5fe6cc32d686cc0,e3d23b1835353467
"../foodsg-233\Bee hoon, goreng\DU462SM79LY0A2USBG7O573H.jpg","Bee hoon, goreng",all,afb504a0e2499e895171995b24030d00,e434dbc9164ae5d2
../foodsg-233\Mee goreng\9V988DASREEBVV2IED2UZMBJ.jpg,Mee goreng,all,d0e8a300b3a829347fcd73cd7098fa83,e434dbc9164ae5d2
../foodsg-233\seaweed snack\NEFCUL4U34J0WXZ582QP4RP7.jpg,seaweed snack,all,50995608bb89598734434c178fffc334,e4399b6c98c3c69c
../foodsg-233\seaweed snack\AVE3QWL1YEQ22H5QD7UJCP75.jpg,seaweed snack,all,e39c0eeccbddc426106b8a6f0baf8c56,e4399b6c98c3c69c
../foodsg-233\seaweed snack\ZQC8IVDATSZ2L13ZC6LV5NR6.jpg,seaweed snack,all,99618b8db3a3a604095784fc8eae0f71,e4399b6c98c3c69c
../foodsg-233\Mee goreng\RFIOSHLL5ESIWX5UUV99Y0XG.jpg,Mee goreng,all,3157da03573ddb1c3e458df4c1bca156,e4459f3879cb320e
"../foodsg-233\Mee siam, fried\97SUGW7XFA5ET4R4C5SOJNRG.jpg","Mee siam, fried",all,fca8ba604d8f09ee8722b746a0a4b8e7,e4459f3879cb320e
../foodsg-233\Kueh Salat\YBB70YY3WIPEJR1W4ODYB9RX.jpg,Kueh Salat,all,c2a6362c36cfa65466a48a3d9f5c2623,e456aad4d10b36ab
../foodsg-233\Kueh Salat\X5YLAMWUGMQA5U4JPM21IPX6.jpg,Kueh Salat,all,964a9de782acb4c46bad82596a31e1f6,e456aad4d10b36ab
../foodsg-233\vegetarian bee hoon\WWU2T2V0E240WUZC21HG0RKJ.jpg,vegetarian bee hoon,all,7cc684a0b0cee34f9dbdb6bccdcc8629,e45791fa29f06a8a
../foodsg-233\ice kacang\5PW8RSW4NR184SOTPLV7UABR.jpg,ice kacang,all,f17d3dbfb8b816c31fedfea07c3e5d9e,e46531dbca8ecc38
../foodsg-233\ice kacang\MLD3N2D2O2L7WLXESQMU538Z.jpg,ice kacang,all,f32555c95d179db9daab2715bbffb15c,e46531dbca8ecc38
../foodsg-233\Mee goreng\43DQI5INMX3RG0CA00LHFPR0.jpg,Mee goreng,all,3bbe1180f0d9d6293b93c587c55eb8ca,e487037ec4e05f95
../foodsg-233\Mee goreng\KEZCWKQDYEF3D261EN9UT1YA.jpg,Mee goreng,all,55463968d000cfae458ae535ead0c1a7,e487037ec4e05f95
../foodsg-233\Kopi Teh Milo\16CM40GVNS1V8ZZ6D7ZL25LH.jpg,Kopi Teh Milo,all,ba5342b60d2274b1f9ec0a9d3d7b8192,e48b9a3ccab58972
../foodsg-233\Kopi Teh Milo\H7OWIPYJK4OWMR4OPTL9RXFW.jpg,Kopi Teh Milo,all,03f6f41c60259e099e5f7a05da029244,e48b9a3ccab58972
../foodsg-233\Dumpling noodle soup\J5CWJ9OTKPI8AS9JER43OCM3.jpg,Dumpling noodle soup,all,97a0c194cc6dd88ad2ddf915d47d386b,e48cb1f69ab3d830
../foodsg-233\sliced fish soup\BJY7A76GPFRML3BXDBU0VRHZ.jpg,sliced fish soup,all,f01717b0d8ba9d17a8dd0ad9d1e03871,e48cb1f69ab3d830
../foodsg-233\Bubble Milk Tea\ILPP2MHP4LB2JY75DO5FQOXR.jpg,Bubble Milk Tea,all,a4d79843bf2cab1d95945f4a3f074e82,e4959bab9aa14e54
../foodsg-233\Bubble Milk Tea\0Z1DAT92T0NMKBS8YI1R2SYX.jpg,Bubble Milk Tea,all,d2a4a42f2cbb746c76857ad058c5fe16,e4959bab9aa14e54
../foodsg-233\vegetarian bee hoon\BAS1Z457G5YNSUTRY0V77VEC.jpg,vegetarian bee hoon,all,1a2ce101ea176b36f3788380fa11745c,e496626d27641d6b
"../foodsg-233\Bee hoon, goreng\EH8RF0YAFVMLM2UCEYU0HA0S.jpg","Bee hoon, goreng",all,4f728707920c4ffb3b6a75c23d208bd4,e496626d27641d6b
../foodsg-233\bak kwa\ZKHW0XGXS1A75XOTCTW27YLI.jpg,bak kwa,all,8f3fb0957830daee0cbc7f0f93b31ad0,e4b48c869dce03f9
../foodsg-233\bak kwa\XON9KWN9Q05TU1ASJ57CI72P.jpg,bak kwa,all,e4f73ee05909f62eec83a94cf3e18323,e4b48c869dce03f9
../foodsg-233\har cheong gai\OBCSCGKR0OJ9EWSKTMAF4IG3.jpg,har cheong gai,all,0a16daab478877fcf90912a500e255d9,e4b9f64cc3539066
../foodsg-233\har cheong gai\68WPFEXU3C6K8D4WRQUHCTK1.jpg,har cheong gai,all,b3faf8ee86a9952eeefbcb8c1903550c,e4b9f64cc3539066
../foodsg-233\har cheong gai\WG1VC1ZY1M7KSOKR4V4IMDGL.jpg,har cheong gai,all,ebb6014187cbc188979513dd2196937d,e4b9f64cc3539066
../foodsg-233\har cheong gai\P807JCZH8KY94S119SSG4K0W.jpg,har cheong gai,all,8f6fb0b3677d1355453465ee16791cb3,e4b9f6ccc3439066
../foodsg-233\har cheong gai\3D7GM4JKRHVPEQDPX485YASA.jpg,har cheong gai,all,00c4414757a0443cf48bce000bf6e3ea,e4b9f6ccc3439066
../foodsg-233\fried prawn\2BWZ8X6OTM2VH2AW0XUMK4O5.jpg,fried prawn,all,5f145bc42ee66ba87d8dfa38d8802879,e4b9f6ccc3439066
../foodsg-233\chicken chop\NM5RCQK8L1R3J46LLGWQOS1J.jpg,chicken chop,all,7a84db4773b1e417ac36dccd424a9c77,e4c5d16f85325a69
../foodsg-233\chicken chop\L8C972K4N4VK68LEOZ7SRBLB.jpg,chicken chop,all,d96091909fafacf4ce20564eddb68493,e4c5d16f85325a69
../foodsg-233\murtabak\65X6ZL4ZRBVHCP91QMKJ3D1J.jpg,murtabak,all,caf2b3723333454298dbc29b6c27f085,e4cf8331cf90c91b
../foodsg-233\murtabak\TRG6Z2XH7J1OYB3S0OA23ZIG.jpg,murtabak,all,c254257600c6017cc8d0c33dc85946b8,e4cf8331cf90c91b
../foodsg-233\Pung Kueh\K5RBRP457RBQOUY22T9N0EVU.jpg,Pung Kueh,all,438ba773edabf2504d98b9f4e03972fe,e4cfdb3892264d64
../foodsg-233\Pung Kueh\UUTX586KFZ9TCHKZ57DRQEEH.jpg,Pung Kueh,all,46e318fae6b85c56d12baa768606de48,e4cfdb3892264d64
../foodsg-233\mixed vegetables\GJRR5QRC6JMI2AD7TQ3PGZKI.jpg,mixed vegetables,all,417be01652887391610ff65403ed6867,e4d24363b14f32bc
"../foodsg-233\Rice, with dakgalbi\F1XSGGJYIDG74895TTVSR4IF.jpg","Rice, with dakgalbi",all,c165e448447aa061fc9175da31cb4a72,e4d24363b14f32bc
../foodsg-233\bak kut teh\QR9WAW4ADBCM5WKK8ZAYNUD4.jpg,bak kut teh,all,08a12c9b0a845db33ea5be198a7dbd51,e4ddbf349333d002
../foodsg-233\bak kut teh\SSI9W8EXHH5CDPBD96YF4D6L.jpg,bak kut teh,all,67039038d3a7aeae9476c5c5107b164e,e4ddbf349333d002
../foodsg-233\yong tau foo\OX1F6PRPKNLYL6E88A74W8B6.jpg,yong tau foo,all,eed2a7f95dd8371f7fd5fb6265fa760f,e4e096b15bc629ce
../foodsg-233\yong tau foo\EX28OH7R0V99T3N8RLJBHU3S.jpg,yong tau foo,all,dcf399bf4ac4b8b29384febd30314e80,e4e096b15bc629ce
../foodsg-233\vegetable soup\09BOZZQXHFIZ0ZLJLR118HVE.jpg,vegetable soup,all,ca2432a5befb430847e98a2d8195f813,e4e6c7aa2e8170da
../foodsg-233\vegetable soup\V7TRQ07H1R3HMMINJBFQEPPE.jpg,vegetable soup,all,75da07e0dcd4c3bc4d560de4dc946f6f,e4e6c7aa2e8170da
../foodsg-233\fish head curry\C0QJ0MPHXKN32FKYD40B8134.jpg,fish head curry,all,d1bc8238608159eab2af3af1116a5c54,e5003a63fbe0cd95
../foodsg-233\fish head curry\V7Q3WDJEWOUW69FM30XKH3GU.jpg,fish head curry,all,7bea2373341c37dcf42847256878768f,e5003a63fbe0cd95
../foodsg-233\Peanut Pancake\74B1W9HNW5WXCFEAZUAK35CP.jpg,Peanut Pancake,all,3af73161e36e860bfc550e7c17d3de01,e513d26d59f60c61
../foodsg-233\Peanut Pancake\IDIGMMG44Q7YAT9Z9T3DUY8A.jpg,Peanut Pancake,all,96bde42b6e082e7c78960bc5090fba50,e513d26d59f60c61
../foodsg-233\cheese fries\JK7U9I4CMANEB34VELE3D4GA.jpg,cheese fries,all,1977a335631abe20e5f97be609827b37,e51d183b3ae46167
../foodsg-233\cheese fries\JUZ81TMDQXZPQ7JG8FFE1O4T.jpg,cheese fries,all,102e6a844f478bd85228b759da1d199b,e51d183b3ae46167
../foodsg-233\meatball\UG4RIRI98Y1K3V8SB5G40MWN.jpg,meatball,all,cbf10d6d28250808683d790d37692a91,e53296c7499e6471
../foodsg-233\meatball\5HD9F1SR1RU0DCYN5IEE5ICP.jpg,meatball,all,fa8b2741c5d6808c365713399386b91e,e53296c7499e6471
../foodsg-233\muesli\ZPSD3KHTWXGSQEA38FMBQ9RU.jpg,muesli,all,5c0611376476b22115686b37e9869230,e532c69b3c6cc233
../foodsg-233\breakfast cereal\ZEKQO19Y7NXZ5D738QRBEU27.jpg,breakfast cereal,all,7c245642d037484a077064980603cc8b,e532c69b3c6cc233
../foodsg-233\seaweed snack\AKPZC0LXTM63Q58SA6RGE9AK.jpg,seaweed snack,all,9d00de12d9ed7e6bc476d23a75962b2d,e5388bc792c69699
../foodsg-233\seaweed snack\8I4Q1ZU9OKRX1NC1AGVS2DPR.jpg,seaweed snack,all,a8cb143d297ea6716066564f666dc038,e5388bc792c69699
../foodsg-233\chwee kueh\O5LN30GGBF63A3R725DDISTZ.jpg,chwee kueh,all,eb6153531dbf86253ff5bda51d8b4a44,e5495ef949b0606b
../foodsg-233\chwee kueh\96UBI3HS754RM1QLZ7BCYFAG.jpg,chwee kueh,all,12e7440be2fb742bab0fc6afd79869ca,e5495ef949b0606b
../foodsg-233\tandoori chicken\GMX489W9W9RZ9CDBAYB4PEZ4.jpg,tandoori chicken,all,501379c0ef668e71521a6ffdd2d9940d,e58342e4a70b5e5e
../foodsg-233\tandoori chicken\IMKUU1SF6CJ7EROJIQGU1AB4.jpg,tandoori chicken,all,06d35ad7b245553ac87dbe8955ea7f5d,e58342e4a70b5e5e
../foodsg-233\Katsudon\DAJPGCVNBSIHREFTD6JNSEZZ.jpg,Katsudon,all,c15042c44e8280e8bfba1812594d2488,e585da57604d359a
"../foodsg-233\Rice, with dakgalbi\4VTG7G0JTVL2L8EBD39Y311F.jpg","Rice, with dakgalbi",all,6c96433d94a3229329616746b5e58fef,e585da57604d359a
../foodsg-233\Chocolate\F2977VCQ5M5TZNYIWTUQQ7ND.jpg,Chocolate,all,1965596126b76b98590070d348c7f980,e58e1acc2b96649b
../foodsg-233\Chocolate\HMS5GNP00GW2WHS145TU4DX5.jpg,Chocolate,all,e0c0b17196ce3879428764465c2e7d33,e58e1acc2b96649b
../foodsg-233\Snacks and Chips\T1ENCJRRLRQ4E6KLDYIEEIJB.jpg,Snacks and Chips,all,95b1e3723dda9b9d766f4ad804a27957,e58e983167cc6593
../foodsg-233\Snacks and Chips\O9EVEXJ3BQ2GG5MZN20DT6ZM.jpg,Snacks and Chips,all,1aecb5e2e1b179e2999b813d69e462f9,e58e983167cc6593
"../foodsg-233\Bee hoon, soto\5PK2QJMDWNLVHY9RMNLJ3LI4.jpg","Bee hoon, soto",all,93ec1879f06d5d48a0d5f377ff0f3806,e591fab1a71a1259
../foodsg-233\Mee soto\WL4IJXO3RFUNXK1DLOFELF9R.jpg,Mee soto,all,c6b4e959270da2324cf74e19e99e25f4,e591fab1a71a1259
../foodsg-233\french fries\LSOMCQ8NJWQWHYTMUAGCS670.jpg,french fries,all,482798d0f939612c3566bdb1ef46b543,e592d9b42af58893
../foodsg-233\french fries\CGBMZNNZXHWHQ67X9OYIGWRL.jpg,french fries,all,cb557daabf43d4359208a1b4e2f4be04,e592d9b42af58893
../foodsg-233\Kueh Salat\LB4OES1470TQRQVYKUXNQZ79.jpg,Kueh Salat,all,7249a06b405eaa3341dc6f0fb2b08eac,e593936c4cb761c8
../foodsg-233\Kueh Salat\FAD7K7NBO8HTGRD56UKHA3J1.jpg,Kueh Salat,all,bd5690fa0ef70d1c8aecd1451d278394,e593936c4cb761c8
../foodsg-233\hokkien prawn mee\8E9EJBGYQBUTYGAM645WONHX.jpg,hokkien prawn mee,all,b1ae67678d17684099a464a37b9544df,e594d0af0ec03b9e
../foodsg-233\hokkien prawn mee\ZF4239L48BZNJGU5VJF0VQA8.jpg,hokkien prawn mee,all,ec33cf84db7143ace191758a812081f4,e594d0af0ec03b9e
../foodsg-233\muesli\P5ZQ7H7XO8TBGGOYRP8UNE2O.jpg,muesli,all,ba6155ce7116885f700564aaf691a938,e59a63d52ea555a0
../foodsg-233\breakfast cereal\GUIGKURSIVL4AGRNGT4P3GSX.jpg,breakfast cereal,all,ff8b6204c98b8edc1368cb61c3b29b0c,e59a63d52ea555a0
../foodsg-233\chin chow drink\U1W171Q6G7WZFTUGKUW9W93P.jpg,chin chow drink,all,80e15310d91bd2e93b75c906d42c1424,e59c93cd9a619a23
../foodsg-233\chin chow drink\9C5VD0KEVVTFKPL63HSG61JS.jpg,chin chow drink,all,bd2653f95cecb43c51441c88847d1c1b,e59c93cd9a619a23
../foodsg-233\rock melon\M6XPF9XM203N1BWZO2X4KEOB.jpg,rock melon,all,f8140d93101bf92a522a8aaff76cf06c,e59e9669993624ca
../foodsg-233\rock melon\0IZZNVPZ2HL27L0RC5ZHQPSI.jpg,rock melon,all,3e86c5e313f3f7fd18ecd2004544d8da,e59e9669993624ca
../foodsg-233\vadai\1PCMLVWMLD5ADIRFBMAEH26E.jpg,vadai,all,05c103111b83f328b42d8db61f4d2978,e5a45a912eca616f
../foodsg-233\vadai\118ARMUKGJHUT2SWWLQJ31AP.jpg,vadai,all,fabad355d36cf8d9c2995321b4f16ed8,e5a45a912eca616f
../foodsg-233\Nuts\4800C1LZZ0E6Q86ASPB5ODVT.jpg,Nuts,all,5b9c1c464d5d0dc7a82007f102a1bd18,e5a49a4c9a936967
../foodsg-233\Nuts\5738ZBRSAORBEFJVG1DNH10Y.jpg,Nuts,all,73e9111d2c1006a0d0db542982053298,e5a49a4c9a936967
../foodsg-233\Duck Rice\A6E4OK1RTEZEBVQJ7STHRE71.jpg,Duck Rice,all,76b5f72965240e6de7869a0f41f2c2e3,e5a913b00dc2b7d3
../foodsg-233\chicken rice\OZEG5RTAE3PD4TVOMXR6LIOJ.jpg,chicken rice,all,74dc010720e7fd6206710ec07a093e6f,e5a913b00dc2b7d3
../foodsg-233\Duck Rice\37GM6JNNW9XZO9N8WEWNTXWE.jpg,Duck Rice,all,af9768f7d81c8e7ad13de0de5eab96b2,e5a913b00dc2b7d3
../foodsg-233\yam rice\67KO34P646UDNBNK9H7Y0KY3.jpg,yam rice,all,149cc76dcffbe38d73d5bdf42fb5e610,e5bc15f308d12bd4
../foodsg-233\yam rice\3LG88J0T7T2IF8WI0EPF9W2R.jpg,yam rice,all,520c100ab4aa0bb16a52d9b3e57832b8,e5bc15f308d12bd4
../foodsg-233\rambutan\BU0ON7AJ27WJOIFJIIPPF136.jpg,rambutan,all,4601109a94b21581223921af96ae1d3e,e5c29c39d334cf60
../foodsg-233\rambutan\GCOAV3GMWBU07J05ZGS4799W.jpg,rambutan,all,c701303dcb25f65cb6affb77f2b6f69b,e5c29c39d334cf60
"../foodsg-233\Don, chicken teriyaki\BW4BRKGFI2C12Y6N2EFAJ70E.jpg","Don, chicken teriyaki",all,ae05e0d0e3b78d522487690528057804,e5c3100b9695e1ef
"../foodsg-233\Don, chicken teriyaki\7LWACX60SQ9OR20THH3EM0MF.jpg","Don, chicken teriyaki",all,7f6f54a9c3ed0b891da5287dfc9d5e52,e5c3100b9695e1ef
../foodsg-233\lychee\V51BE6OA0D8TE3WA3YXNXGTZ.jpg,lychee,all,7c222bfd2a38a7a75da39b2719376d50,e5c71a79a136d868
../foodsg-233\lychee\Q2U92U4FUA17JASD77MRH6VN.jpg,lychee,all,fae96a5705a9f3193c9ca7c2c60563c2,e5c71a79a136d868
../foodsg-233\kaya toast\KJ2VEF9AXMO8KOS9PPMS1QT2.jpg,kaya toast,all,4d39900ff7628a100b2120d3640e30ca,e5d262c44eac5aec
../foodsg-233\kaya toast\GKHN2OZI2G51UZNZ20HCZI8I.jpg,kaya toast,all,0e01a371cf3ba9545ef59af4773e6ed3,e5d262c44eac5aec
../foodsg-233\Mee bandung\1AG95YRZE7OCHN171G7EM1VO.jpg,Mee bandung,all,5e52fd972213f7e39f04c957cbc64f1a,e5e9d625c234c83e
../foodsg-233\Mee rebus\M54CPGMYQXZA8K0NZ35J77OF.jpg,Mee rebus,all,27b732ce671ede5ab3f70d81230fbacb,e5e9d625c234c83e
../foodsg-233\rambutan\YW5V5W8724DZV3R57N6N0AJY.jpg,rambutan,all,297110ef54afaad9a7cc65277a20d5f0,e5ec1c78f9b9a024
../foodsg-233\rambutan\G9HGB6VSGJK6MUS05GZ9FDSB.jpg,rambutan,all,61cbe21d8fa6979c7fcf92c3b579bb6f,e5ec1c78f9b9a024
../foodsg-233\Snacks and Chips\W5Z07XS7INYBK6HNAZMJPS3E.jpg,Snacks and Chips,all,ab5a0f08ec113fd5bfda01d38ff74a18,e631cccc999bcc19
../foodsg-233\Snacks and Chips\K5VK1UZL0NU1MRK3MFJYVUE8.jpg,Snacks and Chips,all,ba6f228de1fb3f85713cbca72b2a75cc,e631cccc999bcc19
../foodsg-233\char siew pau\I888H5AXQR4MIQK7N17T9PM6.jpg,char siew pau,all,e03bb4bcb0084878d3d11b8170060a4e,e659b2b48b34b38c
../foodsg-233\steamed buns\F5NNOS1PXIEZ6MIV0W2OB1MQ.jpg,steamed buns,all,151322c675b25406624ac7147953ee13,e659b2b48b34b38c
../foodsg-233\Mee siam\6NKAHA7CBTZQXFIRQ3NN7VFK.jpg,Mee siam,all,9c3cc769bd81f7f3b4522ad5f1d0024d,e66e45f903811f9a
"../foodsg-233\Mee siam, fried\V8U1S1ABIYOBIP5E60QQ9JUI.jpg","Mee siam, fried",all,46f2d65d7610e62c971636648c0e8c90,e66e45f903811f9a
../foodsg-233\Mee siam\I2G0ACHUOPN58WUBI7D9P5QT.jpg,Mee siam,all,fb8252f9ded833ae30aa86915b4cff6c,e66e45f903811f9a
../foodsg-233\sliced fish soup\YL5HAZFN0JGZIMI773NL23N6.jpg,sliced fish soup,all,19299bd201acc9ae1442610fa1671439,e67aeea4b083818f
../foodsg-233\Seafood Noodles Soup\WWT9QHCK38JHEOJYP6302FDC.jpg,Seafood Noodles Soup,all,8836c43bb41d778c39bf84f8604947be,e67aeea4b083818f
../foodsg-233\Chinese fritters\ZQTTTXE0H8T7WNA47ZABZPE7.jpg,Chinese fritters,all,7c05540ef7b2901e6a9d470b8754d36e,e699936319649ec6
../foodsg-233\Chinese fritters\CHBGIOZV9R6RDSNRVPHK7CXF.jpg,Chinese fritters,all,7bafeaf929eb4f73df1cd3c6a39d8a85,e699936319649ec6
../foodsg-233\Fruit juice\RZXWMRD0LGLP3WOE9ICRGSTY.jpg,Fruit juice,all,504fb4eb5dac3e9ccbd9512b040c2fba,e699966a4f349923
../foodsg-233\Fruit juice\DQEXWT8BWPX1F6ZC5D31JEN0.jpg,Fruit juice,all,9ea19e5b754d30292ce0a5c06659cf15,e699966a4f349923
../foodsg-233\Alcoholic Beverage\KPOGVMQI9XELOJSXFKPGWIM6.jpg,Alcoholic Beverage,all,ae4b543c55f06dcbc775181b1c510995,e69b33cc246c3333
../foodsg-233\Alcoholic Beverage\RY05VZ5ATQMSBM7HGTVHY1M3.jpg,Alcoholic Beverage,all,2d22f7e17a5c4529350daffedcd801bd,e69b33cc246c3333
../foodsg-233\Alcoholic Beverage\5TKX5VLRTBPRW86KLPF5CG9K.jpg,Alcoholic Beverage,all,e8c4b4a1cf2466f486be7fc94f66c3e5,e69b33cc246c3333
../foodsg-233\Alcoholic Beverage\SSK3SZ3JTXLIBONJ1Z2AK6TN.jpg,Alcoholic Beverage,all,6b89f450532248e9d5bb9d21ee489b42,e69bc6cc313133c6
../foodsg-233\Alcoholic Beverage\EPDLOC5PQCJP3THE7GBXY926.jpg,Alcoholic Beverage,all,34e00739d295d77e5f8ef80532ca5758,e69bc6cc313133c6
../foodsg-233\char siew\OITAD2QZSIMWD3M8F5XLRVI9.jpg,char siew,all,d87bdecff0581487689d93ef9e7b624f,e69cc96134966799
../foodsg-233\char siew\IGG6KGX21ZU9DDBZBK1VY9KQ.jpg,char siew,all,b0f274c4f287ef294ae9aaec3b9525ab,e69cc96134966799
../foodsg-233\Bubble Milk Tea\YJFYM335F5RHOBL7TK1PCD1V.jpg,Bubble Milk Tea,all,5971514d7c1d1eb56a0c5afce61dec2d,e6a9199c72b20ecd
../foodsg-233\Bubble Milk Tea\A8WLPWHTLLSG25UV1Q7ZMJL7.jpg,Bubble Milk Tea,all,5d83c4d885021e986c615ee905935aeb,e6a9199c72b20ecd
"../foodsg-233\Bee hoon, soto\5IQROA27XJC184CJ3MXO1DS2.jpg","Bee hoon, soto",all,f72e0abe58d57e84a09bcbadf057411b,e6b09d0fd0e65ac4
../foodsg-233\Mee soto\Z8CKJ2SJ6ZSRS3FSFKEKCFJ5.jpg,Mee soto,all,78aa7117145970cc2784cbb7fdb125d4,e6b09d0fd0e65ac4
"../foodsg-233\Don, chicken teriyaki\AJ43L4PVV482JA6ZXEPF97OM.jpg","Don, chicken teriyaki",all,092ae08f9162b52fb1ed3d427c510409,e6b23863b12165cf
"../foodsg-233\Don, chicken teriyaki\Q493Y7Y0Y03CCASKPNN7G8UA.jpg","Don, chicken teriyaki",all,8413ff21d031de928e0eded9df10d01a,e6b23863b12165cf
"../foodsg-233\Rice, with dakgalbi\746FXDNR8L7OV4HC2WH3BSTW.jpg","Rice, with dakgalbi",all,e489cdfd0a368f433e4f627e7bea4025,e6b290b253e662e6
../foodsg-233\tandoori chicken\GOX4A8E3T6XKGQDX86X5PA0U.jpg,tandoori chicken,all,0aacf8ecc9ed3e6aaf40f85c9461eee6,e6b290b253e662e6
"../foodsg-233\Bee hoon, goreng\Y562U5D9UXS86FE2EICBF7KS.jpg","Bee hoon, goreng",all,b84d04bc959ec6cf4666d2f7e8131ce7,e6b5a50a15ed0da6
../foodsg-233\vegetarian bee hoon\99VDWMCKX4IYKTPYZMYQ9HBW.jpg,vegetarian bee hoon,all,7e4b459fe7fa27ea6a4b0d2d5b046398,e6b5a50a15ed0da6
../foodsg-233\whole oats\YV954P40CE2GOKL3RRTFYVU6.jpg,whole oats,all,149d4f4b3596b1983fddf6c5f853e175,e6c2962dc91b9137
../foodsg-233\whole oats\EZL6RT00HU0HN6F8Z7NFFRUZ.jpg,whole oats,all,e29095c32a7da203a2faa8355867d085,e6c2962dc91b9137
../foodsg-233\singapore sling\MD2FEOMYZVRA6HI2N4JC1RHD.jpg,singapore sling,all,b7b46dac4ab90ec5c478f15d641a0b7c,e6cc8c339b2366cc
../foodsg-233\singapore sling\LZDAY5ZL4IXJ5XHHH5PF7ZAH.jpg,singapore sling,all,145dce1ddeaf46c548f57c4d2f4db6ce,e6cc8c339b2366cc
../foodsg-233\honeydew\JOUHPFM8NPA1VJA23UD59L5M.jpg,honeydew,all,0d765efa180abd7775be6f3587ff8d43,e6cd9ccc98331993
../foodsg-233\honeydew\EF0606NC9WQTQ6VP1L7RE1WK.jpg,honeydew,all,ed7705b5240db68004a4144958b036e7,e6cd9ccc98331993
../foodsg-233\satay\6WXQD0RZJ5DE574S2ATVDCOT.jpg,satay,all,4d25eb96acdf967ef5412510c735921c,e6d119061c9cd71f
../foodsg-233\satay\TDIGUL2WDMUPVXT3Q0K3PLE1.jpg,satay,all,7c391907d79f4b7c09e172935a683f6b,e6d119061c9cd71f
../foodsg-233\Kway Teow\S1PEBBXF75Z8C03K9ZOLGZOO.jpg,Kway Teow,all,9388f28c19d3e16e1ec393f014677400,e6d8f05cc1f386c1
../foodsg-233\Kway Teow\5YGWTTNVDZAZ2ZFGT4UZJ97B.jpg,Kway Teow,all,137f6fa8eb6f8fca076ebc7d2b7069b3,e6d8f05cc1f386c1
../foodsg-233\goreng pisang\BW759MKONYG7SD5OKPXMMR8W.jpg,goreng pisang,all,a4c0e1ea8121cfe1c3c841458b6bced6,e6d9d9048f3a2cc5
../foodsg-233\goreng pisang\XQDBORCSI0R6HKO2FPI5BQM4.jpg,goreng pisang,all,c5d369bc454def4cd777617434ddc071,e6d9d9048f3a2cc5
../foodsg-233\sirloin steak\S9NHI25NQ02SQTK2HJOPQBXW.jpg,sirloin steak,all,ac740471e4e6f07803dbcc707522b21f,e6daaa8bc085275d
../foodsg-233\sirloin steak\JY7UYSH0E37F906VN9QE079Z.jpg,sirloin steak,all,8a76d6291b90e1cc9179021b6fed6a5a,e6daaa8bc085275d
../foodsg-233\tandoori chicken\RTBX8EDHS0U0H6YUA8O3M3IG.jpg,tandoori chicken,all,7e0698e4427aa605cfe8b6d628692fbd,e6e405bd391f2529
../foodsg-233\tandoori chicken\K1E3IIXSLY44Q0TPYGL2A4O5.jpg,tandoori chicken,all,a6b21d7128836da9927a1be94e268921,e6e405bd391f2529
../foodsg-233\bee hoon\TU5EUT7FKIIDYP7J8UBH458M.jpg,bee hoon,all,a4c42137c398984a512973398a205045,e6e5911ab444eb6a
"../foodsg-233\Bee hoon, goreng\C6QZR7IPK2H3W2EMZETQGUAI.jpg","Bee hoon, goreng",all,ba66e594ed232648d9823a6f3576c0ec,e6e5911ab444eb6a
../foodsg-233\Soto ayam\SKQT30UOPBE71L5OPWDPYFNI.jpg,Soto ayam,all,e50308a6ebfe163e884009be04dd33aa,e6e7b300958b5c69
../foodsg-233\Soto ayam\TZDNSQ8NXO4DHY7UT4NRHHXJ.jpg,Soto ayam,all,94deee5383a85e7662971c8883f2142c,e6e7b300958b5c69
../foodsg-233\mangosteen\MKPD7XSYXV3VLQCV83LM9IG7.jpg,mangosteen,all,8039aca4696bea9ed096bb068e6fa3c9,e6f0918f5c74c43a
../foodsg-233\mangosteen\WCDWZUX4EAQHKNBNXSU8UC8A.jpg,mangosteen,all,a58684696872db5298abb0f6c2b8907d,e6f0918f5c74c43a
../foodsg-233\Fried Noodles\LRLXYP3I6LUCXS1QYRI59W24.jpg,Fried Noodles,all,5ce703cf311723eddd4e1d1b66ef6ea6,e72f81174cb690b9
../foodsg-233\Fried Noodles\DJZTPH0CTK9UW89MZL1GMZ9I.jpg,Fried Noodles,all,c7e30268bcdfbf7eb190b67415e58010,e72f81174cb690b9
"../foodsg-233\Mee siam, fried\THZKXCNDM5FVXYP2DM1GENR1.jpg","Mee siam, fried",all,402563d8149912e01debafbaae1ee50a,e785ec56d15a982c
../foodsg-233\Mee siam\WZFF33UPJBTB6EDJJST9SOPN.jpg,Mee siam,all,bf27b86caef19803c6915351d46f8fb5,e785ec56d15a982c
../foodsg-233\CNY love letter\TEXCMSVGE2BHCW9DAUOVGD22.jpg,CNY love letter,all,0462e8e6ec8d667c7744741ee48692b2,e7969869998d6496
../foodsg-233\CNY love letter\U7RG077QC3L8BPNVCYZ151I5.jpg,CNY love letter,all,b6589ec8576e3077714891c951866ba1,e7969869998d6496
../foodsg-233\lontong\1RSZNMWYN3H6HJQ6G03WR6ZE.jpg,lontong,all,cdad49b4202c0bb46db9e760d26333da,e79a88077a7ba462
../foodsg-233\Lontong with sayur lodeh\BZGB0IRLA41K2GC0RXMZ3TNT.jpg,Lontong with sayur lodeh,all,ab59390b183c1c637b978f6723362273,e79a88077a7ba462
../foodsg-233\breakfast cereal\BJZDV8ILNYV3B8JE0R8N8QAI.jpg,breakfast cereal,all,6aa652abc25a48da39e32c95239ad395,e7b3754accc4ca44
../foodsg-233\muesli\3GSUNX7GTCFQZ85K2FAHPYLG.jpg,muesli,all,a245c3fffbd1115955de1cfa083e1f13,e7b3754accc4ca44
../foodsg-233\vadai\EY9489LVEBBKJTSEN3APHCJS.jpg,vadai,all,950178af59d87fe3ace3bbba64e25c5d,e7b53092d3d60669
../foodsg-233\vadai\UVDA55PKQB8VJFH50P06Z8XC.jpg,vadai,all,84293df47d5664a8b2a7dc00c3fc65e6,e7b53092d3d60669
../foodsg-233\Hor Fun\KI4WW3KMSF3OD5GQNPJRF8Z8.jpg,Hor Fun,all,6e06413da3d27831d9f6c07be6e62249,e7d1d89669c4171a
../foodsg-233\Seafood Noodles Soup\TR2ZNG9F1AJV79Z72QCAEM43.jpg,Seafood Noodles Soup,all,d1ba6725c5baad58a0ab87de4503caff,e7d1d89669c4171a
../foodsg-233\ngoh hiang\64K8NA99Y1HVJIW6JRCJTZDF.jpg,ngoh hiang,all,78e0c0b61797f728325f0c13460817ee,e7d5d184f09643c9
../foodsg-233\ngoh hiang\0IN6EUA5CRG8X6W92LFX9YJ2.jpg,ngoh hiang,all,91353d51a1665c956172b730acc78227,e7d5d184f09643c9
../foodsg-233\lychee\9YV51VT37Q5T27W6UM6RV7IQ.jpg,lychee,all,160c4c5782dc72fda6b6eb8626a51fe6,e7d6c00e0f383fe0
../foodsg-233\lychee\QQLWE01T7O9R0K7NQH89J1X8.jpg,lychee,all,5624675aba39dc1d34d7d2bf162f2089,e7d6c00e0f383fe0
../foodsg-233\cereal prawns\024E116ZRQK51ZAWRALIOPAK.jpg,cereal prawns,all,ced2b15307c2053292fc6849c0675b0b,e7e1981eda24e41d
../foodsg-233\cereal prawns\CTEA1LWT3FDANZDL0NRB3WX3.jpg,cereal prawns,all,74a63d015dacc2cc8d35299e4c808e8e,e7e1981eda24e41d
../foodsg-233\blueberries\U388CDN3JPQBJX94DVRGU4GR.jpg,blueberries,all,0df5b0f343cef559479a75a86328be08,e7f734a4e8600d99
../foodsg-233\blueberries\66WL196YQM98EQOWRHRB6IQ7.jpg,blueberries,all,76fb1d5f641d6dbccfbb7588081d57b5,e7f734a4e8600d99
../foodsg-233\Peanut Pancake\DJVEH3U7MJVJ54F4AE2Y94YH.jpg,Peanut Pancake,all,f7784136d6ca9c769fdc24de8e30fade,e816d37da436c1e4
../foodsg-233\Peanut Pancake\5IFBGO33148Z3KTZVPNPF635.jpg,Peanut Pancake,all,6adcc4d18401ab871d8bdb656a710320,e816d37da436c1e4
../foodsg-233\chicken rice\2TQQSCMPYS3YPVEFPSP7HQQN.jpg,chicken rice,all,bca34f627422d74e6fce3a6028415866,e83cbc8196e9e4b4
../foodsg-233\chicken rice\T21QERAB0PWO86XSX2FQLXVU.jpg,chicken rice,all,21dcccd0b0879f6e05fd00fd01edda73,e83cbc8196e9e4b4
"../foodsg-233\Miso ramen, with fishcake\Z5LLIU4XZPZ64MWH0KRVWAZ5.jpg","Miso ramen, with fishcake",all,d71c655ac869503c5da546c469134528,e84bad2d93d590b1
"../foodsg-233\Miso ramen, with fishcake\HC4214M7SZBONYSE83JZBA4X.jpg","Miso ramen, with fishcake",all,ea7621b47b35f21cdd083eb33a08db22,e84bad2d93d590b1
../foodsg-233\miso soup\C1VUMAV8PFASM22G2YGK6SOQ.jpg,miso soup,all,d50e067f86d5cd8bb2984ad3702acabc,e862948d9b96b599
../foodsg-233\miso soup\BDRB3QE3351OKXRPY6GBYZ4M.jpg,miso soup,all,43f220af5f0e1d30b6007110b87d2f15,e862948d9b96b599
../foodsg-233\pancake\KBV7S3HOPZ8597P67R4SKC9K.jpg,pancake,all,613cea840769941659725e8d9ad3002e,e868c06b6bef81e1
../foodsg-233\pancake\W2ROJMVQ2NO5SBCK64XQFNNY.jpg,pancake,all,933a1d4a1cb0f299f1d6c620e4cda99c,e868c06b6bef81e1
../foodsg-233\Soursop\K1ZRI54370F2V8FHVDCIO2HG.jpg,Soursop,all,3b018fc8e87ff8cfe65e70db0db9fb30,e86c9263c9b791c3
../foodsg-233\Soursop\1H9K7ID4OQZFJS19TDNGXW4V.jpg,Soursop,all,9a127434ff1052e62f17a7feb05c7b96,e86c9263c9b791c3
../foodsg-233\Kway Teow\1KSRUXV9S57ELAH8YY6FXFIM.jpg,Kway Teow,all,08e0ae96cf2e3366a28cbfa327cdea40,e878a24f9049d757
../foodsg-233\Kway Teow\YOODSUYCCQGM4J8E344SBBQU.jpg,Kway Teow,all,2710c648e9ba83c2fe06f063aa3098ef,e878a24f9049d757
../foodsg-233\fried rice\ATUL0YZI7XN8G7O3LBPG840Q.jpg,fried rice,all,0037b7626be9e6cf82c19a19c3c1f558,e887d07f2b08cecc
../foodsg-233\Nasi pattaya\AQFCBRNJXXFGEU9QJWM3LPAP.jpg,Nasi pattaya,all,e6727d1bcbcf3144e7cf7fe9322dd56b,e887d07f2b08cecc
../foodsg-233\Kway Teow\ZK6E2ASL2HU508H70PA50Z76.jpg,Kway Teow,all,5f0aad7cebe8314543f0c74ce201da4f,e889972bd22c4c7d
../foodsg-233\Kway Teow\41KQWU600RIDQJJAQ6JGY8BY.jpg,Kway Teow,all,06ac2e3713cee203c248410c4ae58c07,e889972bd22c4c7d
../foodsg-233\spring rolls\6MTCVLYWOQZM25SAKPMHSFLK.jpg,spring rolls,all,1ddd4b2fcdfbe737a7c9fd81f3189238,e892c3398ce5cfc4
../foodsg-233\spring rolls\KPN30DMPGF0OQCCH4FCAKZ2I.jpg,spring rolls,all,35c452fe48b850a030407f4da99397bd,e892c3398ce5cfc4
../foodsg-233\Lor mee\ICPUBG7G2N38PCOZ4872W8CQ.jpg,Lor mee,all,b54d3ed618f1e20aa064b3dba81300f9,e897a7d84361479a
../foodsg-233\Ban Mian\W40X99WJJ1B3X9EG482YE6W7.jpg,Ban Mian,all,65fe2b1f32d74e509a8ef4c1047c6cc7,e897a7d84361479a
../foodsg-233\sirloin steak\TH5O5EYZ9JGMUNFDTUHS1HU7.jpg,sirloin steak,all,0b7ff48bf49ea24cdcc12860e5833eaf,e897c33919746ac6
../foodsg-233\sirloin steak\LSEMTJT5WOEW78L8UD7ZXE56.jpg,sirloin steak,all,7186d1e5e83665cd27095fa72a3ac113,e897c33919746ac6
../foodsg-233\pasta - fettuccine\2T2BSBGDX9IC1ZLDOIABUN0U.jpg,pasta - fettuccine,all,3f0c5e85a54e29122efcf66ad8cac0f7,e898972fd8304ae7
../foodsg-233\pasta - fettuccine\KGL2REFI95EBAE8YPSXIW6L2.jpg,pasta - fettuccine,all,831408abeff18df9843a5ae1a9f8c463,e898972fd8304ae7
../foodsg-233\chicken rice\PEQH29BBMXB72JULA9W6ZQBQ.jpg,chicken rice,all,c70eba7cf366263a1e47bd29dfa25cc2,e89a95f9406487eb
../foodsg-233\chicken rice\YNFH1DDQ9LKRJNLFT34VKU2M.jpg,chicken rice,all,23702a17f6c7c74c81da3803bb14a59f,e89a95f9406487eb
../foodsg-233\popcorn\H8TTCINPZ1MQ8DMNY7AAKDIQ.jpg,popcorn,all,543f2ce3fabe14d7ac2281d298d90506,e89b069ac23ca6cf
../foodsg-233\popcorn\1QZ9VE3KYO5IC9D599VDHTQW.jpg,popcorn,all,d8bd7b89f51852f40645e8c4b996d5a2,e89b069ac23ca6cf
../foodsg-233\rambutan\BUN3PO79AFDR7W6ZCP3D6ALL.jpg,rambutan,all,cc3d2d033a76f72bd94d4ac2d6061d58,e89c8569954b3a3b
../foodsg-233\rambutan\ESI96PHYKNCJ88777N597ZI8.jpg,rambutan,all,634a2c4e85de076e847657e1b1d11a01,e89c8569954b3a3b
../foodsg-233\blueberries\IZRYMXGEF7O4L32SE9BPIS1O.jpg,blueberries,all,55f3d129314b6b07ddcf6c838dd4755a,e89d9c6989cb3853
../foodsg-233\blueberries\YLMA6FF5QL5NXF0ZMPHGGN50.jpg,blueberries,all,76b2894bd0bee31ff087e149025fa87e,e89d9c6989cb3853
"../foodsg-233\Mee siam, fried\78CL7MGXJUYEBH2P1ATYNP7N.jpg","Mee siam, fried",all,63ad97a1e66428d52f715efed9d6840b,e8a1c4a794b7b3c4
../foodsg-233\Mee siam\HYDSMUWCSL1TR6GZ33PNT0UR.jpg,Mee siam,all,aca4ba316c9bcf0ea07f33f1b3e9d970,e8a1c4a794b7b3c4
../foodsg-233\Mee kuah\DQZ4V0ZYR2HQ765BKAG2N56W.jpg,Mee kuah,all,4ceeb29408732fd6e03bbd74a70b23a9,e8a4aec2b587c49b
../foodsg-233\Mee bandung\S1LB36V5M051PK5XEZLFP4AM.jpg,Mee bandung,all,8336ab77ed225b3da354d45eafcd5f8c,e8a4aec2b587c49b
../foodsg-233\sushi\QRV35VPP56UEUAWZ2EO0MRRQ.jpg,sushi,all,e7d244c5f7699874d909043f73c057b1,e8a575b83aa1617c
../foodsg-233\sushi\NOLSSXJB98JLMCTEV4RT5Q0R.jpg,sushi,all,03f923a2565ce88f86fa49d311a07f24,e8a575b83aa1617c
../foodsg-233\oyster omelette\212H7CRDQRQVDL1XMECW779U.jpg,oyster omelette,all,d2c5cad3756e35a6595cde9002226ca9,e8acbb427d694a64
../foodsg-233\oyster omelette\FX8ZYBLQFRLFWXOTXLN8BF8Y.jpg,oyster omelette,all,b3a3b3894f7c7eacc310a446bd86da41,e8acbb427d694a64
../foodsg-233\bak chor mee\Y3A8D9IXCC35IZ51IR2ODV1J.jpg,bak chor mee,all,5b006df739cf2189739a61960cc1a050,e8b656282fb5c18e
../foodsg-233\bak chor mee\NG0VUKKWGEQ78UAXYEKEEV1P.jpg,bak chor mee,all,ba155d20b56c3917b414eb349842021e,e8b656282fb5c18e
../foodsg-233\bak chor mee\MXCQBNSY59VUIJWXBE552MRU.jpg,bak chor mee,all,362f4a2a288f8e8c58384abfe94dbff1,e8bd80dd8b728f60
../foodsg-233\bak chor mee\7N3QLGRDZU4PA6L5IZI8USBA.jpg,bak chor mee,all,c125f6a9ec68896238ab1151567d2c90,e8bd80dd8b728f60
../foodsg-233\ice kacang\IGVIPJG3MKP8R4QSHX7IUPPV.jpg,ice kacang,all,0b80062521acad0e89c449446dd54162,e8c09f3fa41e94b2
../foodsg-233\ice kacang\IPRR6CSWQS36E0N1FJ1SHZY2.jpg,ice kacang,all,d14871dc998a9cb6069f93a126e656a5,e8c09f3fa41e94b2
../foodsg-233\hotplate tofu\WG9A6NMHE7OK6TRP9OT62056.jpg,hotplate tofu,all,eb50dbd1877ff6647b12b1f4ae78589f,e8c2402d1f5e3cdd
../foodsg-233\hotplate tofu\4GVTY8QXMDBNCNXCLSPAMZJD.jpg,hotplate tofu,all,4dcf4a9aec8b9083df21150633a724e7,e8c2402d1f5e3cdd
"../foodsg-233\Chap chye, Nonya\5XGL9OTZLN00MQNC8C9EM8ML.jpg","Chap chye, Nonya",all,2c81e189439283a4b7234a0ba83b1c6a,e8c5859bfca1816e
../foodsg-233\bak kut teh\4FUDE7NMVS037TSA9LXYG261.jpg,bak kut teh,all,36c4c363b11c4a149cbadacbe15a8144,e8c5859bfca1816e
../foodsg-233\green leafy vegetables\QDWYTPEVYVJKORCWSJCO5MKX.jpg,green leafy vegetables,all,35fd899b557083ef9806abe560a95a7a,e8ca85701f623a6f
../foodsg-233\sambal kangkong\4RDG0ZBG9EDGGWZUM9ELEJFL.jpg,sambal kangkong,all,1c81ece6f51c896b88166ad48341ee65,e8ca85701f623a6f
../foodsg-233\chai tow kuay\XF8QN2F0DDC2FL46JCP7QAWH.jpg,chai tow kuay,all,1026e6a555b02b05fda1e6f81d49cf20,e8db3d7a74694114
../foodsg-233\chai tow kuay\QK7KJ7VADZK2G95GI3FM5374.jpg,chai tow kuay,all,544b4fb0aaadb7be729be1faee7345ad,e8db3d7a74694114
../foodsg-233\Duck Rice\8ETVNQOUUI4HUOJX68018CUI.jpg,Duck Rice,all,a2d91320880a9e64bf89052664f983b0,e8dcaef8a1a27660
../foodsg-233\yam rice\2H2ZBLZ6O5QCNNBBI5BWERCD.jpg,yam rice,all,4fc5aab39a8c7efcc9a6b5595937cf2c,e8dcaef8a1a27660
../foodsg-233\char siew\3LCYWLLVIHJH58UHKM16OTVR.jpg,char siew,all,47d6f70b2422337d65bac3217b525b42,e8de81d60b5a3ba8
../foodsg-233\char siew\4JQHMEWB8IJM7E0GTV8A3HMY.jpg,char siew,all,54b488eaf92a29a988b88aef1ff972df,e8de81d60b5a3ba8
"../foodsg-233\Bee hoon, goreng\FP0O32MDSYDVDBEDIGFHWYB7.jpg","Bee hoon, goreng",all,d1e8c29b4ed1bfff54dda7c3c28c3a52,e8dfc058427bc86d
../foodsg-233\vegetarian bee hoon\QRBKGLYIDLQMGBSZVGFG37AK.jpg,vegetarian bee hoon,all,9dfd75aef5398b02c3cb84a7367cb15e,e8dfc058427bc86d
../foodsg-233\satay bee hoon\DX3SNDU109D4D1N57XNW37BG.jpg,satay bee hoon,all,73c7ee4ae74925d974034473ef5dad1c,e8e0f740d24eda6c
../foodsg-233\satay bee hoon\G1QB654OST0K2WQUMB8KWHTC.jpg,satay bee hoon,all,f15b71fb047cafc625882991a721c20b,e8e0f740d24eda6c
../foodsg-233\Soursop\0BOQ8TFA28GE0GQGZGFSILQ5.jpg,Soursop,all,56a888b671de1d8cee119f3253158ec2,e8e4e546c63bc839
../foodsg-233\Soursop\FJ9VDNO8LKHW5SLZVID6VAFS.jpg,Soursop,all,3c6607d850467064076ed46c8cfc24f0,e8e4e546c63bc839
../foodsg-233\blueberries\6HACFGID20FDPHRBX4XP3RGS.jpg,blueberries,all,3360800eb40bbc168d32eb8e86f69ade,e8ea80968787c7e3
../foodsg-233\Blackberry\N4GIRPPQ01Z2IDHE1QGF3MRY.jpg,Blackberry,all,e7e43a85c993092c4dbb075252b6999d,e8ea80968787c7e3
../foodsg-233\Kway Teow\VNU9JGWCOZBWYJJ3BVU2XAC5.jpg,Kway Teow,all,df7d290186336dbc4861416b2bc6f2c0,e8f285a89e0578f9
../foodsg-233\Kway Teow\Q51Z1U0YFN2JVV2SZAGT68Z3.jpg,Kway Teow,all,29735f8327ada15e541ee18e45282d8e,e8f285a89e0578f9
../foodsg-233\Kway Teow\ZX244JAAPUMG9ZRNLDK5VAMN.jpg,Kway Teow,all,8c85450571bc7189b77f375aadb07d53,e8fdf058c96001fd
../foodsg-233\Kway Teow\11K3HYOHRT44ASMFXDW9GF0R.jpg,Kway Teow,all,f41d9e7ffd1fe91b74c798c5b3ee508b,e8fdf058c96001fd
../foodsg-233\seaweed snack\V03T3MTE74GWB7ZLBUSHX4UR.jpg,seaweed snack,all,63da55be285ace9992a8e7c26c9f2548,e90c3c31cec396ce
../foodsg-233\seaweed snack\7FJH9V0OMAM5D54HQB6NA1ND.jpg,seaweed snack,all,34dfbce034aa740b36ba78c49f749647,e90c3c31cec396ce
../foodsg-233\cream soup\5UR8YUVDILG4Y532AUQZBEZU.jpg,cream soup,all,1d43e38460eee394a4eaf43e84bf94ec,e9304f5d39cec780
../foodsg-233\vegetable soup\GR7TSUA65VG1VULY19BTYFJ3.jpg,vegetable soup,all,b84b344b54d153ba7651bf8a9f4bf5c5,e9304f5d39cec780
../foodsg-233\Instant Cereal Drink\QS3JBMJ5YF24G8HNWFRARP00.jpg,Instant Cereal Drink,all,a8df5b33d0972a8d3da315da53b49be1,e931c7c6964cc23b
../foodsg-233\Instant Cereal Drink\ZDMZTM3CN3J2DYT23YFGSWIW.jpg,Instant Cereal Drink,all,b53a7eef6687538c448f8109a1b3b62b,e931c7c6964cc23b
../foodsg-233\Snacks and Chips\XCO2ZNMXGR12GCY4TPGEZNBD.jpg,Snacks and Chips,all,471e9d01faf9dc2ad8452c3853c90ff5,e9384ac6cb879699
../foodsg-233\Snacks and Chips\WZWXWWY5DJY6BYBW94V0D3C0.jpg,Snacks and Chips,all,10497e1b714e05eb24f478037649defc,e9384ac6cb879699
../foodsg-233\roti john\FKLVG2U52PV89GRA5LZ97GV9.jpg,roti john,all,bc4f261212df031a3380bac55fb60600,e93f6d6ba1d09188
../foodsg-233\roti john\2B8B38F4EVB510716L38I0FF.jpg,roti john,all,2e9edf3db7c711df7f38e11229c3cfd7,e93f6d6ba1d09188
../foodsg-233\cooked brown rice\5WPYN98GUJKATCX2HHQSCYF8.jpg,cooked brown rice,all,9b053e0f700200956a608aef09cd4520,e961099e56d662e3
../foodsg-233\cooked brown rice\ZQLKVD8IWFDN2S2PJ8DJLWO8.jpg,cooked brown rice,all,da12fa72f530318736d613d942a74f3d,e961099e56d662e3
../foodsg-233\Snacks and Chips\47A7JCVBUTVKNVX4RVMI7H4A.jpg,Snacks and Chips,all,73a48813217be6e93a8cf4c20968c28c,e9634bc8c3988e3d
../foodsg-233\Snacks and Chips\V3FLMY0YAKEFJWU8VT0G1FM2.jpg,Snacks and Chips,all,5432dcadb7328986fa4e867086ce6026,e9634bc8c3988e3d
../foodsg-233\Ban Mian\G9YHK40TYZYBXY5OENDLXX6R.jpg,Ban Mian,all,f14d7730311874f6cade87267653871d,e977838c2e58a4b3
../foodsg-233\Ban Mian\QTT6SV79JFCM80BEQCEUKGDK.jpg,Ban Mian,all,d59cce4b49d6b82cea18652a3a105177,e977838c2e58a4b3
../foodsg-233\bee hoon\ZUWQZVIJ8A0C8FNFJK3A9BRG.jpg,bee hoon,all,733087461c89386fafa5aa54f95f01d7,e98497326d5299b9
../foodsg-233\Seafood Noodles Soup\7BKTAKB9JEQPR4UDLXMHDGYW.jpg,Seafood Noodles Soup,all,4883e1bd10fce1022aaed6375af9fe30,e98497326d5299b9
../foodsg-233\rock melon\KQT7Q0HCYZ7SWN878F0G66GK.jpg,rock melon,all,447862bd9dd5dd0c053333f0bd88fd01,e98d9672344c9b35
../foodsg-233\rock melon\IW0KB4397F6SWI1BWA2JSIY6.jpg,rock melon,all,e4ac40299ad1ee6e3caf837611298e25,e98d9672344c9b35
../foodsg-233\chin chow drink\5BLPHS4DRCPYT3HNJ86LWJ7D.jpg,chin chow drink,all,2fe1c80a4600b950ddb09ffca73c45ba,e98f76f099699064
../foodsg-233\chin chow drink\3OMHPL6O2DQBX0AC1ZG5PDFL.jpg,chin chow drink,all,60c791294bb903c3bf5563eace41249c,e98f76f099699064
../foodsg-233\rojak\KA2N3290PAYPZGM3R8OUP447.jpg,rojak,all,c13827e94367b9a75df57c92608568ee,e991a10bf50655bb
../foodsg-233\rojak\KDVAU3MHOJTD83GMCBCEHYHV.jpg,rojak,all,c9b421d447ba7c04c7b452bdf1147b44,e991a10bf50655bb
../foodsg-233\chilli crab\W5YJN4G3RAIUQ6DADSIVM9SJ.jpg,chilli crab,all,6958fc6dab9aea52b61c7abcd20fef8a,e99416fb1867312e
../foodsg-233\chilli crab\TYOQJV95SC1NTPHL7BQ7OE4W.jpg,chilli crab,all,f69e3afdb4230885e6d279d3b4f18005,e99416fb1867312e
../foodsg-233\Kway Teow\X7C7EFOZF6Y8S0NKGAB9EFMP.jpg,Kway Teow,all,0b7b443f0dc9d37403ee54bdeab2c66f,e9948f43305f72b8
../foodsg-233\Kway Teow\C6A4LOW7F061BD3L5CZCVTIC.jpg,Kway Teow,all,a687df19d2a8eb5c983962e661475ece,e9948f43305f72b8
../foodsg-233\Kway Teow\BB147NWSEG8X2OVGSYXP7I6D.jpg,Kway Teow,all,4cbfeb61a60e0b2ca7ab64428776a701,e9948f43305f72b8
../foodsg-233\rambutan\0IHUWLU8ERC89HHC614QBMRP.jpg,rambutan,all,4043e5f88b84a0f9b90745050d45b92f,e99690694f9730ce
../foodsg-233\rambutan\EOMSLH5PKS5MZBK4RVK3UQJB.jpg,rambutan,all,a3219fb9a66a38da64c3cd6a12401553,e99690694f9730ce
../foodsg-233\Duck Rice\917PDK77LVB9JCL4I49DT77Q.jpg,Duck Rice,all,3f1c6a638bbb40db14f1a0ce048b329b,e9979d68a42cd299
../foodsg-233\char siew\TUDSOECOZ7QR1WMDGME204BI.jpg,char siew,all,239ffff5bf51888940d5006881f02140,e9979d68a42cd299
../foodsg-233\sambal\JJ8R7ZLC1B9YT94CXDE29OBA.jpg,sambal,all,40882b5e4af25fd615fe5dc4ecb89171,e99b837942cc2763
../foodsg-233\sambal\DOB2ZRS9V8X1RFMB5PPP8JJJ.jpg,sambal,all,f309353249b1ea324aad853dc4a48962,e99b837942cc2763
../foodsg-233\thunder tea rice\LZKWX1UQFHE4OF0MFR4EK1N9.jpg,thunder tea rice,all,2245e3e6de1483bf4dd2d301f52a4257,e99c8f3130cf6668
../foodsg-233\thunder tea rice\TAEJ2AEZW6WNBB2ZUYM007O1.jpg,thunder tea rice,all,2a7e5cc816887bfdf5576dfe35b17b2c,e99c8f3130cf6668
../foodsg-233\Kway Teow\YTU4VNWAD332VPRETNX8DKHZ.jpg,Kway Teow,all,a29342e6c30bccc6c3c8f3013a7d8b7d,e99e9571526b3246
../foodsg-233\Kway Teow\T2WSPF54GPQERFN8EAJM2YMF.jpg,Kway Teow,all,362d1c2997267aa23df48daadf1dadd2,e99e9571526b3246
../foodsg-233\Instant Cereal Drink\K44WE1GCVEK007W7FZ9YGEQC.jpg,Instant Cereal Drink,all,90635f458a58a6e78565347eb5032924,e99f15bd4295f042
../foodsg-233\Instant Cereal Drink\7QQZYIRNRSGNOWZTZPXHL5YV.jpg,Instant Cereal Drink,all,374f37c24ed5769ffae1ad730ec99f37,e99f15bd4295f042
../foodsg-233\Chocolate\RXP7SW9ELITP2B4OBTIX6QW2.jpg,Chocolate,all,c5645a725f9041937864db55a7427e2c,e9a4316c92cfd26c
../foodsg-233\Chocolate\0OCNHA39SNX1B4GUZ17XGZ0F.jpg,Chocolate,all,1b8a85d7cf5c5432f1500da6e9806758,e9a4316c92cfd26c
../foodsg-233\hokkien prawn mee\LEV1SVDBTJSF4OU57OUSRTC7.jpg,hokkien prawn mee,all,bf94285a3e619b4047ea6f902778702c,e9a9d2709c16b947
../foodsg-233\Prawn Noodle\IVSGYO4DD2HNB8RPLPOIEKOW.jpg,Prawn Noodle,all,4970a0db4fde79b89027393476be83d6,e9a9d2709c16b947
../foodsg-233\chicken pie\Z5ZNZF51IKVD50IKSONXI3SG.jpg,chicken pie,all,c202e3c4dbb82fc287ecdc411c2b7454,e9b8c2c7d9ca660c
../foodsg-233\chicken pie\ZVNNWBVMWBWK7UWS35R9NBVJ.jpg,chicken pie,all,e059c019501f32b9fbb54d58edbe38ad,e9b8c2c7d9ca660c
../foodsg-233\rambutan\MXDW9RJVZTQQFIGQ16BRS7Z9.jpg,rambutan,all,19bb5792427b5b443bd09c33444922b7,e9b97e7e8081a12e
../foodsg-233\rambutan\DJTBM8DZNEQ0SMAWBIQMGYGO.jpg,rambutan,all,0d186ee8eab3b65a8a055c0295b2a0a0,e9b97e7e8081a12e
../foodsg-233\Mee siam\8JWNAHNAR09P95G68XNRDPGN.jpg,Mee siam,all,e5b13f8ed311535d3520d0d7e18d868d,e9c0d23d635e851e
../foodsg-233\Mee siam\5Y67BIP63EYUS8KGG0B1288V.jpg,Mee siam,all,d0c608da80132ffdeb29b0900395d9a1,e9c0d23d635e851e
../foodsg-233\cherries\DUSTFXFZVH2J5MGM1VF7YLAQ.jpg,cherries,all,71c1f661a24ca4b05875210ee1745735,e9c5923a87c96a96
../foodsg-233\cherries\BAUDNOGRIFGBSTOKZWI7QS8P.jpg,cherries,all,3d56b91c7774f398780ac54ad1769a15,e9c5923a87c96a96
../foodsg-233\longan\MXG2UOIF1LBAVCQGXDUM1QO4.jpg,longan,all,5a169bc9153a7017b756150febc81108,e9c6947b62b46986
../foodsg-233\longan\8LKEO5H1GFB28ZVSTXQVBQTA.jpg,longan,all,a9b2e88fc39123d5d2e626557e88f91c,e9c6947b62b46986
../foodsg-233\banana\Q5ZP9HZ6FP5PV0FFK83SB1H1.jpg,banana,all,88f51193960eca2c41e4d3f093392cde,e9c99234cc3ae61e
../foodsg-233\banana\EICXTX6Q77A3TALPQAPBEQOU.jpg,banana,all,8aed6f857d5c98fdeb104dfce8875dac,e9c99234cc3ae61e
../foodsg-233\Soursop\IXYFGI7V2A1HEP8WTZ6SUP3U.jpg,Soursop,all,6106c22b3cde4de9d478f0adb0acf462,e9cb94359e3439c2
../foodsg-233\Soursop\EUY8WFDB3M4TSZLXMHJ41FLM.jpg,Soursop,all,302f6d29485a57c5aab26393e02cb3dd,e9cb94359e3439c2
../foodsg-233\Chocolate\49EVA9QV33BVYRQTS1HAI6T4.jpg,Chocolate,all,54e4fc4344a0479bcac5554c8ec77f41,e9cd9232926cc66d
../foodsg-233\Chocolate\FKAIL65GK0NE9UKUMVDXAYSX.jpg,Chocolate,all,f11dd28ff31dd69d1d48b37c75f03e0a,e9cd9232926cc66d
../foodsg-233\kiwi\4E7HPZS4OVSWQZ8ATHNRCX53.jpg,kiwi,all,73f42367e615ecd742322f8caa274878,e9cd96349a32c963
../foodsg-233\kiwi\Y9DY0I1JFP99AF981FPUOIRD.jpg,kiwi,all,7e62522fad7138183c421d8705dc6b36,e9cd96349a32c963
../foodsg-233\Mee goreng\7TX0KJOQNAZSLSNIYSCO5FW6.jpg,Mee goreng,all,033fe3cd833be07ffb8ec8dbe90940ff,e9d1afc0850a94fb
../foodsg-233\Fried Noodles\684N5FPYLGU03GXZ38TBRURI.jpg,Fried Noodles,all,50daadbb15f6840107e0776429aa228a,e9d1afc0850a94fb
../foodsg-233\kway chap\1AT52E3HBAM4CVEO1IF3XT1O.jpg,kway chap,all,155e22e58e1e9fce0ad974e6631285c5,e9e2bc90e6cec48a
../foodsg-233\Kway Teow\5U4SQQPLD9XRUP0OECCYFYHA.jpg,Kway Teow,all,46145f45224ede1525d8db606bcc7ad4,e9e2bc90e6cec48a
../foodsg-233\Mee goreng\N8D3BRYZ1WEQXBB7506RUZNV.jpg,Mee goreng,all,65e7c019d9987e7869416beb42e5ce03,e9fc1c787a23618c
../foodsg-233\Mee goreng\LVBSR29XROHUPRFMF3XXYS1K.jpg,Mee goreng,all,7fb9276ed84a3bb864e93fe669f76956,e9fc1c787a23618c
../foodsg-233\Kway Teow\N3DZ7K9U5PPQTKT8QJJMCMRC.jpg,Kway Teow,all,1db9f7e2b70571ee1095ddefb9f485ba,ea0ad5afd2d48b0c
../foodsg-233\Kway Teow\79I5W4HH1JYGY96NAROOM1O9.jpg,Kway Teow,all,90f96f697a1937b086a882dab4bc14cd,ea0ad5afd2d48b0c
../foodsg-233\cereal prawns\85RMUZ1SSUSUGC2SDOWCOCFF.jpg,cereal prawns,all,fffd2c9226a54c37b30c104810cd2d8a,ea0c8f4e5a4e5acc
../foodsg-233\cereal prawns\FMAQUR7P0XFAUCCEUHR44BFH.jpg,cereal prawns,all,de26abe7eeb19308ee95a61d9e8f815d,ea0c8f4e5a4e5acc
../foodsg-233\Pung Kueh\Q799CZ1QQUN739TIR9MRAXYS.jpg,Pung Kueh,all,825ce509c1a46f6bede9f2cdeb708fe0,ea14bf55c7101ac7
../foodsg-233\Pung Kueh\VR7DII7APNGZHSG2DQO2VC65.jpg,Pung Kueh,all,c4371854553c32a9255fab0ae3824816,ea14bf55c7101ac7
../foodsg-233\whole wheat\0Y6Y6D8HKMXNN39SGB0TWCS6.jpg,whole wheat,all,f4ebf689bba94d582395fe2e24de0cf9,ea14cfa0816c733f
../foodsg-233\whole oats\G38CEBOYQG0RBFG1Q1WGTZS2.jpg,whole oats,all,d310f6103a3ae8f5d1e2baa39d708dd5,ea14cfa0816c733f
../foodsg-233\green leafy vegetables\EIKCT7KK1AF4ZUA5LQHEHOH7.jpg,green leafy vegetables,all,fbdf728d0ecd160ef1668aa2e31ab25f,ea16e876bc24a5a3
../foodsg-233\green leafy vegetables\FV7BXC1L8MZQV182BO5RKO8P.jpg,green leafy vegetables,all,1c553e4c7d8e4e34c658505ad39b8e6f,ea16e876bc24a5a3
../foodsg-233\Peanut Pancake\5V8S2CFRWGKC2DBAV2FNFQEU.jpg,Peanut Pancake,all,92202a86d6a1019312c7633e6a0e3919,ea17826215fdf0f0
../foodsg-233\Peanut Pancake\5D5L1UJXCTQ3FTWDB3556L03.jpg,Peanut Pancake,all,d9995e60517aceb6121993fe1df47f42,ea17826215fdf0f0
../foodsg-233\seaweed snack\9KGM129GZ4VO2L5I6MLVKSC1.jpg,seaweed snack,all,d7b0673c332bbb8b34840d48b0d257e0,ea1a90e1959c736e
../foodsg-233\seaweed snack\R0CW3SEJF2FKM4EXY23BK5N5.jpg,seaweed snack,all,47a74566e902c8b97e10d17b260304fd,ea1a90e1959c736e
../foodsg-233\pig organ soup\ECGRE5COU770I3W0PQ2W1Y3P.jpg,pig organ soup,all,1819bc7a2d8a3d335835e704429813f3,ea1b1c6c630b1e97
../foodsg-233\pig organ soup\0UDY6LFK5ZUO98TMQ5XZTE4F.jpg,pig organ soup,all,c7ee9997fecb9f6c4dee1366a9bf2613,ea1b1c6c630b1e97
../foodsg-233\fried rice\YN7A51DICITCNZMECIZOLR5B.jpg,fried rice,all,12145bb3faf8dbeab911e9e71c417053,ea1dc47a16a48cdb
"../foodsg-233\Rice, korean bulgogi beef\3PNE7O9H56JA96NA1UPMCHK7.jpg","Rice, korean bulgogi beef",all,0d2ff50f46c2121ca413a4fe5f50574b,ea1dc47a16a48cdb
../foodsg-233\Tauhu Goreng\E0ZDZP3AE3A86QNCAOY4IUII.jpg,Tauhu Goreng,all,078b33a3aa94882b73fa5de6d9f4f7c3,ea1ec37122a11df3
../foodsg-233\Tauhu Goreng\2DJOS3ARCM6T1UDV5A72T4CZ.jpg,Tauhu Goreng,all,1d9f7a61af2f1e6feac424d092adf0f1,ea1ec37122a11df3
"../foodsg-233\Bee hoon, goreng\4XAM8U00CMBPOXT0EG9TMWSU.jpg","Bee hoon, goreng",all,538392404081ea862e9b6cb2079fc50f,ea291451fad3ed11
"../foodsg-233\Bee hoon, goreng\XF1VXZ1S6SIWC1RZTK8SWL99.jpg","Bee hoon, goreng",all,e7376f02fe23150f8cfe60523b0ac08b,ea291451fad3ed11
../foodsg-233\curry puff\JBSMMYEAOUAB3J06VRE3E9ZE.jpg,curry puff,all,f393be6808e3cde2116dd1b249300363,ea311b72e4e8a5c5
../foodsg-233\curry puff\UL7F7GR48KO6Z0XJRE1UGKV9.jpg,curry puff,all,63afab0644881430e32b9b697392baf2,ea311b72e4e8a5c5
../foodsg-233\milk\PHKKB1FXTX64TIQWU98BLSI6.jpg,milk,all,c1ad2714c736feb1cd2b4c38fd5a1263,ea32c39cdc8dc8ca
../foodsg-233\milk\KUXHFOJ8H8VQHA7H5V3PEP0M.jpg,milk,all,e25933ce3139bf53d51e4644e3f3669b,ea32c39cdc8dc8ca
../foodsg-233\honeydew\KO0B8MRSVPBNDF1P58F3XVJ7.jpg,honeydew,all,a0f5cd51397b0ac532e13d8e71ed67f2,ea34984b655689bd
../foodsg-233\rock melon\1200VR33B4PSB0POGI55F38W.jpg,rock melon,all,ddac766f79243334f3d873daf22b4ca5,ea34984b655689bd
../foodsg-233\seaweed snack\0W0W5UR36U9IYER7QVJZ7Q7J.jpg,seaweed snack,all,95c2df691c0bf6a8d5fc60ca2d25d5de,ea358760954ab6ce
../foodsg-233\seaweed snack\G4GKIKJI6RXE0NQDNH3YAMGM.jpg,seaweed snack,all,c37a9b49b9433af16959e2f5edbce9a7,ea358760954ab6ce
../foodsg-233\begedil\IZUKMDLBP3X2CC8BKUBU7F8I.jpg,begedil,all,6a5e8b23d7406df7460647d7f16fc477,ea3a84b19667d8ca
../foodsg-233\begedil\11JDJ9B2GKRS0CP85CXOQ4QG.jpg,begedil,all,45c8615a9f7b9d2fbbb20dce931147f1,ea3a84b19667d8ca
../foodsg-233\biscuit\HBQNBIOCJ60WZYQCC6AWKBQ8.jpg,biscuit,all,a3ef28386d9cf9907b79546165f0fa09,ea3e95c190d66d68
../foodsg-233\biscuit\Z4DNPNBCZSBGCJ1HN8BDPI9N.jpg,biscuit,all,f907e949ab7a440823b8ed6d6b31f8cb,ea3e95c190d66d68
../foodsg-233\Udon\TVAEO9FBQ9DWKGDD1CBN5UE5.jpg,Udon,all,7775a230fa3631a3e376cf2910be4ad7,ea41ffe2a05b506c
../foodsg-233\Fried Noodles\6OTKOEHZV1RFZWROQYO6J0FB.jpg,Fried Noodles,all,ed93c55948f1f2023b02958b53bd1a44,ea41ffe2a05b506c
../foodsg-233\mixed vegetables\C8N1VOR22E5R5OQPJ57WLCRB.jpg,mixed vegetables,all,ac3f472060d5f730ee5ad25cf8f55f6c,ea447958d27f91b0
../foodsg-233\vegetable soup\HOW551Z75TKFD8RWBU6Z25RB.jpg,vegetable soup,all,fc3d3c5a34360a2f7041dbef2d6c6d0b,ea447958d27f91b0
../foodsg-233\goreng pisang\Q2H2CM2Q13SJU65V4VUL7JCT.jpg,goreng pisang,all,1fed06dfeb5d8bd9d55574f32c5d824f,ea450a31d3f44ef4
../foodsg-233\goreng pisang\1P66Q3OUOTC5892RZ7NRXANW.jpg,goreng pisang,all,86ffc44604e62a93a8398e01ec637332,ea450a31d3f44ef4
../foodsg-233\Kway Teow\LI0WYMIATESIQ8OUYCN9UR8A.jpg,Kway Teow,all,5788d3b76bd27b2d7b863d5a56def8b4,ea52d24e4b5b986c
../foodsg-233\Kway Teow\7BI95XZ4SV76AW1Z6UW03XD1.jpg,Kway Teow,all,47e94773a6e917987399d61457e7033a,ea52d24e4b5b986c
../foodsg-233\sliced fish soup\AVFOAEKJUHKP2YTU8CN1JK6N.jpg,sliced fish soup,all,5dfd117ccb1b2aad3da0872b74656402,ea547fc0e0c3838f
../foodsg-233\mushroom soup\4KF1E2XLCJOC3LG57GCZ6BVB.jpg,mushroom soup,all,c57fa16fe57bce70accb0652107e303f,ea547fc0e0c3838f
"../foodsg-233\Wanton mee, dry\X16EBH1F716MF8E1AOZD06XI.jpg","Wanton mee, dry",all,7edfc54eb36038756b71cb479c2406d4,ea57457a42684e6d
"../foodsg-233\Wanton mee, dry\D8BMHIBBTUM2MBBK1NVAMVIZ.jpg","Wanton mee, dry",all,a1b7a88665eaa78a4c490b7f924b5c41,ea57457a42684e6d
../foodsg-233\ayam penyet\CSMEDQUI4X1UW48NQUG8MXK1.jpg,ayam penyet,all,e2366e8db69ed69873f56e130dfe3da2,ea57815aaa699572
../foodsg-233\ayam penyet\OS4EF72LS8A3JGA7HP7FOQRD.jpg,ayam penyet,all,7be394a90fd0ca3219cd7399fe344a7c,ea57815aaa699572
../foodsg-233\Apple\CJOMFP5ZD5WCTPC5D51DWIDU.jpg,Apple,all,4dbc4fdbf069bf0d7510237c60211791,ea584daf30b30aea
../foodsg-233\Apple\NTGELENRND75NW4LOCGT37SG.jpg,Apple,all,aef6f31146bc5ed354db83cfa39cf25b,ea584daf30b30aea
../foodsg-233\curry puff\9AHKRGKPVG5099NQ84ZBCKRZ.jpg,curry puff,all,e39a89c0585c7df81dc6e0379b73562d,ea5a85685ae6136d
../foodsg-233\curry puff\VOIBBGRUB8P9FYBNS94P3C2W.jpg,curry puff,all,42f914765f23d73a27d238733d8d7e56,ea5a85685ae6136d
../foodsg-233\CNY love letter\47X66HDW3KSUNWAN8O11WG2O.jpg,CNY love letter,all,670300774253e04d0a9a34970017f999,ea61d11c959e46d6
../foodsg-233\CNY love letter\HUHU81JD64QOVLGFX4NL1Q80.jpg,CNY love letter,all,464b95f57e93465047f48c46da1c0775,ea61d11c959e46d6
../foodsg-233\hokkien prawn mee\M1FWVHJ5QGTJ78484WH0SG7B.jpg,hokkien prawn mee,all,328e95f102db073abe0a947f6f1391ca,ea6c149f4332b719
../foodsg-233\Prawn Noodle\AQ7IJ9Y4N1V30IV07S5S2DHM.jpg,Prawn Noodle,all,62566432b0b19f12aa6e355d0b10b3a3,ea6c149f4332b719
"../foodsg-233\Bee hoon, soto\ZJAUNIEH1FWSIL5NSR8OKMRN.jpg","Bee hoon, soto",all,299baeb719d970d92fe00222e0c48929,ea6e5869e09083df
../foodsg-233\honeydew\VNXHHBODYC0WXOWS4P4XI4T5.jpg,honeydew,all,3b7f83499e3ae0b253b80d74f85285af,ea6e84b5399e90f0
../foodsg-233\honeydew\EAKBC3O65T0GANRJFKBHX8YT.jpg,honeydew,all,7654f8cceb5abfd6d7813f0f3f28be15,ea6e84b5399e90f0
../foodsg-233\bak kwa\YDTLC1TV7SN24PL4G0DO3NKI.jpg,bak kwa,all,ee5b8371aae7f70761eac4e0fef472e3,ea70c12797ce1ec8
../foodsg-233\bak kwa\GUN1NAW65X86M3CDMUPSSFM9.jpg,bak kwa,all,34723b408dee354431c7718bd2a204c3,ea70c12797ce1ec8
../foodsg-233\bak kwa\TLNL4SS5WBE5T49PQN26KZ55.jpg,bak kwa,all,ad90a60c566b60d031faf771a0f88f6b,ea70c12797ce1ec8
../foodsg-233\Kway Teow\AE7CAY7N662I6U7K70N2AS47.jpg,Kway Teow,all,b70d3b1a2306adcdfa4ed7d69c7d21f7,ea7325993469649e
../foodsg-233\Kway Teow\2BH9BBERUO32ZC5LWCU5NSEO.jpg,Kway Teow,all,48976ca46fe60c9aa38fa527cc6a7e42,ea7325993469649e
../foodsg-233\Lontong with sayur lodeh\6HHKZHZ3F0YY7R11XZ133R0G.jpg,Lontong with sayur lodeh,all,0ee8adff54fbf021c71b7ef9731b5be6,ea749454766adc68
../foodsg-233\lontong\88VJ5AYG6GCGJB3GRCE3VD1H.jpg,lontong,all,29989b241c7a47b552d120aa9cd5b88d,ea749454766adc68
../foodsg-233\sliced fish soup\GTPKN9ZWV7GWMRKJTMK2T7IK.jpg,sliced fish soup,all,76b4ecc8de058932afd89df1733db344,ea7585891fa49873
../foodsg-233\Seafood Noodles Soup\7P2QM2K09P0L8VMIRSVWL8WH.jpg,Seafood Noodles Soup,all,bd1e0cf9c831deaaaa07db20ef796eda,ea7585891fa49873
../foodsg-233\sausage rolls\ZTXUWL09CUHGZJN6K5JXEZ0L.jpg,sausage rolls,all,953dead291b550fef2b77d960f90da39,ea85951a856ecc97
../foodsg-233\sausage rolls\5Y76SYG9B1J5273OAZTBBJRX.jpg,sausage rolls,all,59c16505c7bd86bb3c02d3af9bdcccfa,ea85951a856ecc97
../foodsg-233\chai tow kuay\2WPQPRDQZHIAXNKZBUBO1QYT.jpg,chai tow kuay,all,c103a2ce3a0bf51560be1bafcaa714e3,ea8798985863f6f0
../foodsg-233\Kway Teow\8LSPDUYCTSH74QH8PB856ALP.jpg,Kway Teow,all,6d3df597d36fa092374c20ca155cf145,ea8798985863f6f0
../foodsg-233\Grapefruit\6P0Z6LYECIQ7YSM7CUG9G1PQ.jpg,Grapefruit,all,9a112daeb9cd6c2808f7483a13dd1800,ea87f0b4b5d8068d
../foodsg-233\Bubble Milk Tea\SPCK7ULWCWMSR8DKFOP0VPP1.jpg,Bubble Milk Tea,all,0087a66a1efa1736dded6874aa971d05,ea88b453e920d6b7
../foodsg-233\Bubble Milk Tea\L3IYKITSWDGWH5A4WBUN3PDH.jpg,Bubble Milk Tea,all,2cfb6033ec5e6fe6e08a68342c607bb7,ea88b453e920d6b7
../foodsg-233\Mee bandung\UJG6IHDSPMU1DRE8CI2ZPDQI.jpg,Mee bandung,all,15e9d627879ae98e00c839ef3fadcf8b,ea8ab1233e6825ed
../foodsg-233\Mee bandung\0BCNAWQ5HK8VC3UKCYHFZLZW.jpg,Mee bandung,all,eb8d4101fc5a47b3a7260ee48904e635,ea8ab1233e6825ed
../foodsg-233\Fish and chips\H3Z78DEG1FMHCE1G8SWE3NJ3.jpg,Fish and chips,all,fb9c2ef0592dc1c277c33074a46c8501,ea8ae195969fa44a
../foodsg-233\Fish and chips\BKSO7ZSZ8CXG4OCUKYJ3KDXS.jpg,Fish and chips,all,64765faaf8e154c6c1ac3caa0eacdf59,ea8ae195969fa44a
../foodsg-233\Kopi Teh Milo\9FNZA6CATRCB6I1NTVMENNRH.jpg,Kopi Teh Milo,all,4c12e20e4b7f77d788ab45b9deac6a52,ea90956a5e6a03bd
../foodsg-233\Kopi Teh Milo\GEO7XIQS9CZCX2EAFK9SZ4YO.jpg,Kopi Teh Milo,all,ab2e6e2915c4e458a8e4f52e8d3fa81b,ea90956a5e6a03bd
../foodsg-233\chicken chop\HAM7LZDHMPG2RH054NEVRLSX.jpg,chicken chop,all,b6133864848ad5e2878369e029c929ec,ea91c9d6853a9571
../foodsg-233\chicken chop\LGYFO282HV5DHOAQUJ8H5KWB.jpg,chicken chop,all,a3967b2053c85db85ea2d4321612b90b,ea91c9d6853a9571
../foodsg-233\Lontong with sayur lodeh\GCHSZ907MB2B0S1BH2TP5PUR.jpg,Lontong with sayur lodeh,all,56b9b97b8ba1f1d927f7088a59cd2a6a,ea92c84aac2e978f
../foodsg-233\lontong\MLG4FD4XCZCVZQNPWKGAW6V1.jpg,lontong,all,85d9d69ce10930cc88775d4f94e16d54,ea92c84aac2e978f
../foodsg-233\Sweets\72SD2UWOWF76Q8DUC6WD5Y0T.jpg,Sweets,all,0618f4cc632a79ae19cd480f001aff17,ea92e51e9e689a25
../foodsg-233\Sweets\QQ9COBGMO5J3N99COGMIXBZH.jpg,Sweets,all,796d2ed14705ef031ecbe07e3255cdad,ea92e51e9e689a25
../foodsg-233\Mee rebus\S2UUQNC41MZI6XUCM5LG4IH4.jpg,Mee rebus,all,40867c28a9f7c7a50c9be79348b607c1,ea93951e556a4e2a
../foodsg-233\Mee kuah\TZ1ZMH2TAHNAGK6373XUK7QY.jpg,Mee kuah,all,c3bda0cbd166a9285774f45d0c795b3e,ea93951e556a4e2a
../foodsg-233\Kway Teow\WX7AUKWMA8WOHKR2IRL47E11.jpg,Kway Teow,all,bb6012f0410b020e0f5b30f51686e5e3,ea94e9129d3f8163
../foodsg-233\Kway Teow\OLZ8FW882AJP3CDCYBZZEWBR.jpg,Kway Teow,all,110d380b277a3a06796ee9762dfa32db,ea94e9129d3f8163
../foodsg-233\whole oats\MEOYSD4WRMCKHAKPWR3QRSYL.jpg,whole oats,all,287d0f5d848fa0736c2db70ef9e5826e,ea95a5adda169486
../foodsg-233\whole oats\AZ4F48B23OWINRI5VPSS0N3Q.jpg,whole oats,all,b52bd54683de2a5b48fe8be14af172e5,ea95a5adda169486
../foodsg-233\White Bread\AGW5VI82315CVO51RM6B9JPB.jpg,White Bread,all,06cddfe2017fba16b3ac5ead698ff123,ea95ac5a9522ce36
../foodsg-233\White Bread\TMCZ4BUCKT8O8R7PT0OJS5OO.jpg,White Bread,all,c0316856569f2a0a1644b1655798be82,ea95ac5a9522ce36
../foodsg-233\satay\CIPYVZLMET5XUPKFY17F7728.jpg,satay,all,5acdc8635346b4447d0380d8590c7c60,ea95d53a9cb15a84
../foodsg-233\satay\7ZCR7EYJAH4JO1PQLCTB2ABS.jpg,satay,all,4885c366943eed0e4568b1047d30343d,ea95d53a9cb15a84
"../foodsg-233\Pilaf, pea\Y0DH8Z5V2NRMF5VZ1BYCCIJS.jpg","Pilaf, pea",all,766dd65577d0511f3f394085039a7c0c,ea96e1c2877a3871
"../foodsg-233\Pilaf, pea\KSJ8MX4Y885HDPY6IC57SIXT.jpg","Pilaf, pea",all,52ee9191b33b96e09e1bf51849ab1d87,ea96e1c2877a3871
../foodsg-233\popcorn\MW841PBHFHP6OY0MWUM3BL9T.jpg,popcorn,all,51fdbd12364f6b3136805195a03f26ea,ea976acb44b0bce0
../foodsg-233\popcorn\TUDFG1P1AGNS6HAWNN7LD4V4.jpg,popcorn,all,be17f8a9f1c1a1e410976c5bd71ff480,ea976acb44b0bce0
../foodsg-233\Seafood Noodles Soup\4ZV4627B6XKVT7IMQV7SHANS.jpg,Seafood Noodles Soup,all,901afa123e772160acd3536d9017f9bb,ea99cb5c826b89b8
"../foodsg-233\Bee hoon, soto\PDUX7EFVY7T45FY53DNN5TU6.jpg","Bee hoon, soto",all,2d8030b1534c48afc12da1c25bc78d05,ea99cb5c826b89b8
../foodsg-233\cooked white rice\2CHA7QZ2GREYY6XD7DEZYY40.jpg,cooked white rice,all,c5f04aa57e0adef22048c67adcca6a08,ea9c53698e74c8c3
../foodsg-233\cooked white rice\TX35XGKRQPDQ9KF2DFUDTEQV.jpg,cooked white rice,all,2acce365dda38cdda615ec26e33c27e1,ea9c53698e74c8c3
../foodsg-233\Bibimbap\N6AZE87KGGWZCDP8FKGBLFL0.jpg,Bibimbap,all,415a229b406eb202a2d5ca8ae5a4e6df,ea9ca5729e889933
../foodsg-233\Bibimbap\GQREUWAWVFSQ07DICNM9CRJS.jpg,Bibimbap,all,6d32785e5fb773ca046ed6ebe9e0a76a,ea9ca5729e889933
../foodsg-233\sirloin steak\UJAVOH67DA052QDHAKCY33YN.jpg,sirloin steak,all,e36a07c71d4d859a3944e1ae3f17db18,ea9d88d0c49597e3
../foodsg-233\sirloin steak\U34ZH6K4OQA6X9UFHTQN4YCM.jpg,sirloin steak,all,254161388ec82e4586cac4fb3f05e95e,ea9d88d0c49597e3
../foodsg-233\Kway Teow\7KZ5PXCEDD4XPQLHAO4KXC0S.jpg,Kway Teow,all,2dc401d50ff33718621bdce246605f21,eaa3958cd2c91acd
../foodsg-233\chai tow kuay\4ROYPKW1L7AWQ6WY3M5Y65LP.jpg,chai tow kuay,all,dc1298dfe08db992e18bed1f9427ec9b,eaa3958cd2c91acd
../foodsg-233\bee hoon\721FLDFS2E1JGV3BA3G2BP6C.jpg,bee hoon,all,3b0fb5960d5f2714c3502b1e3119f21a,eaa491079f5cdaa8
"../foodsg-233\Bee hoon, goreng\M0ETL5BOK002R9VQQ2NZRPGQ.jpg","Bee hoon, goreng",all,83e674e3bcc0483c36a4ce5348031160,eaa491079f5cdaa8
../foodsg-233\Grapefruit\GRH783XU5KXOA5Q8ENE9DMGS.jpg,Grapefruit,all,6c54362b3c9f3eed6c6493fff921a25d,eaa4a9a669b5929a
../foodsg-233\Pomelo\VE735FSHERSR4DLLA8E6LNVB.jpg,Pomelo,all,8ff8b580a3bb84721f374674efa7ac3a,eaa4a9a669b5929a
../foodsg-233\Chinese fritters\C2K44KJ6MAALEN3NG414KCJR.jpg,Chinese fritters,all,f608db2c6cf59aafa5caa31b33d470a4,eaa52d2c1c1fbd12
../foodsg-233\vadai\Z4NUAIFGIPTQ3FLPOQ66Q6Z6.jpg,vadai,all,e59ba63a2440224d6cd9acf3786ccd24,eaa52d2c1c1fbd12
../foodsg-233\sambal stingray\90XBXVQ91E05B6DT5CKWYJW6.jpg,sambal stingray,all,8dd667365665c21cfefe7d18a6cfded4,eaa7c2309c9d9d62
../foodsg-233\sambal stingray\C3F2HI1RTBH7RHRYWT42AMXB.jpg,sambal stingray,all,19419ba6682c2d6f37fb78e2bcc98e0a,eaa7c2309c9d9d62
../foodsg-233\black pepper crab\5OXG4YYM5418Q1MO69U14H5G.jpg,black pepper crab,all,a01b7490685ec884f944f55d453548ab,eaa9a7a1d5507c61
../foodsg-233\chilli crab\UXUGIA5ASW91BP9R56I94K4N.jpg,chilli crab,all,e428337194dc904842b210c7357f30b4,eaa9a7a1d5507c61
../foodsg-233\chilli crab\9L2TMFYLMLMQKV55L3YZFW4Q.jpg,chilli crab,all,6258deb070bc1975bfe90e9c2cbf557b,eaa9a7a1d5507c61
../foodsg-233\Seafood Noodles Soup\5YMF4XU67VJQIM3CC21PWQ3S.jpg,Seafood Noodles Soup,all,c46361c89d10b5d817ac99e1ae48dc0a,eaac81d3953d1e43
../foodsg-233\sliced fish soup\Q2LPTMR7IB1II2GMWWAD5QX4.jpg,sliced fish soup,all,c723737e0c67ddd9be9b18c9b24a0d00,eaac81d3953d1e43
../foodsg-233\siew mai\QJP0FUN4WTSLOZK5T35GPMKV.jpg,siew mai,all,9d79618949f8f10bbe5ee9dde2c00983,eaad94d39a15e2a4
../foodsg-233\siew mai\CMTP8MIPWFCS3CT90ZF923X9.jpg,siew mai,all,100ded5a8db07b9039f737677465b3f1,eaad94d39a15e2a4
../foodsg-233\kuih bahulu\2NB0ZP4KK3QJFTD42QMI6UQP.jpg,kuih bahulu,all,77d0904af058198777bfd4536dcbabc6,eab58b46a553f448
../foodsg-233\kuih bahulu\GCWA06XFC112I07MBJPTLFQI.jpg,kuih bahulu,all,0fde2829c36c8774396bc466aae79052,eab58b46a553f448
../foodsg-233\muesli\F8GTDSK99QZFM11J2KVXNELJ.jpg,muesli,all,20184455f4403a40b2fd5ee1aa375d36,eab8c127ddd86071
../foodsg-233\breakfast cereal\CBDPJ7MD8GUGOBKLSHCUNQVU.jpg,breakfast cereal,all,92e4c371ec16164e9a6ed9fdefed0fd2,eab8c127ddd86071
"../foodsg-233\Bee hoon, soto\VSSCGVIJM49IG08EM0YUXMB1.jpg","Bee hoon, soto",all,d14b2bf778f56f5bc266d4e62b74e8cf,eac2a58ad40fd62d
../foodsg-233\Soto ayam\89V7ZNJ4PNOIW138AEUNRIO0.jpg,Soto ayam,all,6b803ee9d96e69ccb415e4c5a45c343d,eac2a58ad40fd62d
../foodsg-233\sambal\PLE9FT1FUXRE6D4HV6G4G00A.jpg,sambal,all,d8a23d97fe1154aa67c1d88cdbc53e08,eac48c1f95b093f2
../foodsg-233\sambal\ZSOEMRJTH4M8MN8VFG9O2A7S.jpg,sambal,all,fca659f9b6b45c930382ea1ab796c197,eac48c1f95b093f2
../foodsg-233\CNY love letter\IFFFM6YR62SE1ICRBJBZQ8PC.jpg,CNY love letter,all,69ce0abc3f37f7064648e3db03bd5215,eac4a54a963fd816
../foodsg-233\CNY love letter\7PLW7LZIB5ETS10HMOBWFCQE.jpg,CNY love letter,all,053a2e1d5f6f8a5c8c349d4e12bfcd95,eac4a54a963fd816
../foodsg-233\rock melon\PR9ED9CQIVRCIUTJJ2TITI5E.jpg,rock melon,all,ffae4acf9d018b37ff5901ddcd962f00,eac7953c96396618
../foodsg-233\rock melon\OQVIQNVEKWF4RL9RNXOOSHYI.jpg,rock melon,all,a7f21d71baf69e4d20ef799038f89786,eac7953c96396618
../foodsg-233\Chocolate\DLKY5GI1TZ6BTR0XQ6750V3H.jpg,Chocolate,all,b6cae690d04cd04d52fdf84eca2bc565,eac7c439859694e5
../foodsg-233\Chocolate\9HHRAAPSJMQ765PRJQ2S3KED.jpg,Chocolate,all,1602d603232519ff9f1e17d8aa742126,eac7c439859694e5
../foodsg-233\Kway Teow\JIDFUWTOLF0R65C8JA7MESKV.jpg,Kway Teow,all,5ae759227bdee922f8e587eda494d095,eac7cc6c7f602164
../foodsg-233\Kway Teow\H6FBY2Q9AMXJ8OD381ECPA2T.jpg,Kway Teow,all,07c0a46798dc3e71b26a65b111af53b5,eac7cc6c7f602164
../foodsg-233\pineapple\VFM4BL5AVD055QMD7SGQ1QTA.jpg,pineapple,all,748eecb00b872950ce7f15fb5151196f,eaca9135e26ccb70
../foodsg-233\pineapple\Z33SOEYFN4TMNZ6HWPEDULZL.jpg,pineapple,all,fb9b665f65cbc351be62fb0448b1452e,eaca9135e26ccb70
../foodsg-233\spring rolls\S09ZWDBBHPUTQ6A96HFBB1RL.jpg,spring rolls,all,412b875345836a684c7a8e38eb7ca8c1,eacb9db09492718d
../foodsg-233\spring rolls\M4VNLS4341A76B4NUEY1E6L0.jpg,spring rolls,all,561d797145350fb236a070113488db94,eacb9db09492718d
../foodsg-233\Sweets\CQNI79GJ7GI0C6ARGBEICD2U.jpg,Sweets,all,c16bb06c723bc8c401f0a394825032fc,eacbc57ad0a58496
../foodsg-233\Chocolate\I0W53HE3YY15GK66EBJDLRX0.jpg,Chocolate,all,d602117518d28fead6f9371170a2934f,eacbc57ad0a58496
"../foodsg-233\Mee siam, fried\P9L47FWL8JA15EGPJ3WWJ8L4.jpg","Mee siam, fried",all,bf84680a83c904f66b2857296feed06a,ead2af14b74cc01b
"../foodsg-233\Mee siam, fried\1JQA4ECSWZTK8RIV7SPUXP22.jpg","Mee siam, fried",all,c827dfe7b0fed6e9073bbe76555c5657,ead2af14b74cc01b
../foodsg-233\Duck Rice\3COFZQ38GGK89UYX54FISU8D.jpg,Duck Rice,all,ff184bfb8b0ce014c1d0b8a369fa3712,ead2b5696296b234
../foodsg-233\Duck Rice\DZQYLS18ASOCYAHXWI4MZZOR.jpg,Duck Rice,all,752ee5c4c179b4ff248f9f4a8e2173fe,ead2b5696296b234
../foodsg-233\mee pok\96DNYE74LJBNEFJD4Q89KKJA.jpg,mee pok,all,dc94e423a2c07636a4c642334532a109,ead2d3cc1c6c7033
../foodsg-233\mee pok\JHBJO8ZPQEJHLKBM0EZTM2J4.jpg,mee pok,all,e43eaaaed405fb1dfe25cd346e40d9de,ead2d3cc1c6c7033
../foodsg-233\Duck Rice\KNZWK16Q7FTNHRLEA1MDQFI4.jpg,Duck Rice,all,3c2cd10d677304ae1d3e966fce5f46a3,ead38768b52ed142
../foodsg-233\Duck Rice\R12PN6I5VHFQFQLMGNH0Q0AG.jpg,Duck Rice,all,5cfee20ba96c638820bd2ecdbfa1fb92,ead38768b52ed142
../foodsg-233\White Bread\CWOUI4M8GREDGEU674EGPY9W.jpg,White Bread,all,d83f57f0ab7f204388db79851f75ec9a,ead3b904b49e94e8
../foodsg-233\White Bread\GCU7LHA7B4MLSQHZ50T49VGW.jpg,White Bread,all,c83ff73bd952458fbccea08aaca150c8,ead3b904b49e94e8
../foodsg-233\spring rolls\0CNQQJLCCLHUR7RIRS5MAMNU.jpg,spring rolls,all,097907f3e097db021c86fa4e23e54467,ead8b460d835e1da
../foodsg-233\spring rolls\TS8VSDQ3CADWD5JO51BSWHAC.jpg,spring rolls,all,58bda35879d29f22c694d404b10fc4c3,ead8b460d835e1da
../foodsg-233\tacos and nachos\HUATE9EHO29NV0ZPW8O7U1LO.jpg,tacos and nachos,all,c517a4e4cc4914de140282d3b4c1b271,ead8c84f79cea148
../foodsg-233\Barley\JY0EYHZBNV3K44MKJ2RIFIAT.jpg,Barley,all,71c0ac7e98b27e469c09c29ccaafade1,ead8c84f79cea148
"../foodsg-233\Bee hoon, goreng\H6Y2EMJMI5B6GT07JROD75H3.jpg","Bee hoon, goreng",all,af9d98059afc98469b1dcb6dbe896367,eadadaa08582af35
../foodsg-233\vegetarian bee hoon\O8EPUMM9L8FVW06ZSM1GLIE7.jpg,vegetarian bee hoon,all,0c3b1c10cc62ff7528b875ec72c72995,eadadaa08582af35
../foodsg-233\vegetarian bee hoon\0KAMK7PF0B70BAZ1JE2SNM1G.jpg,vegetarian bee hoon,all,7f047acf2bc398f20cd128f4058ff097,eadd3c4a2986cc4b
../foodsg-233\bee hoon\J46AIP1NQTNZFI3DFSXQJN5V.jpg,bee hoon,all,4b7b89476f87821bf3101fdf352330c8,eadd3c4a2986cc4b
../foodsg-233\black pepper crab\YGC4LFS5TB6I887TMJJHNDK7.jpg,black pepper crab,all,c1bd38ec4370ce21d0465c739847fdee,eae0e17b810ee4ce
../foodsg-233\black pepper crab\Q5DO1L6LDBO9WL1CTWC34K3A.jpg,black pepper crab,all,34432254f1969f580699a72278c04c72,eae0e17b810ee4ce
../foodsg-233\Kway Teow\97MNNVHVF3N8UPGY7LI1WILA.jpg,Kway Teow,all,7a70f8bf9c5bfe51899bb6734ca2e3d8,eae6f62ad0b54095
"../foodsg-233\Pilaf, pea\SR14WADK7Q397J8FERKCEQH3.jpg","Pilaf, pea",all,7edc7b5daabe82ec2ad4ebef6911d106,eaf5f40aad3a804b
../foodsg-233\cooked brown rice\Z4I9ZUYB2B4KC2VW9V6N3PAB.jpg,cooked brown rice,all,6ba5da34f712f6bd441f038222ff5387,eaf5f40aad3a804b
../foodsg-233\bee hoon\BFYHB3DHNEPSDM0KYUVR6KY8.jpg,bee hoon,all,07643b098803d8e009f1d7a7fb6e52d4,eaf6952d064a6a35
../foodsg-233\bee hoon\E2914HMK3TIALPIB89Y9YUVQ.jpg,bee hoon,all,3a4e5d78ea9d7d0dd57c152564d44fc2,eaf6952d064a6a35
../foodsg-233\Fried Noodles\E048RKSFOA72QQ2RR96NPGK9.jpg,Fried Noodles,all,07aecfdbfd5e8aff30b0d46cdc187f0e,eaf8346c591095b7
../foodsg-233\Udon\D6T2NPW9AXR2EGSGGATSJ0RL.jpg,Udon,all,6d2315ef18244e8635a1f69ef475799e,eaf8346c591095b7
"../foodsg-233\Mee siam, fried\6MD8Y9ZTLL31KBR9NAI3WP8A.jpg","Mee siam, fried",all,56bf48234b0d94b11c72dc1b91954634,eb0b9962f0f2d22a
../foodsg-233\goreng pisang\GQFJ5M2RM8SHT2Z1MZ312GCC.jpg,goreng pisang,all,42636b593fcd317d72f3e50485b2608a,eb0bd84db095a197
../foodsg-233\goreng pisang\V2UYC7IHEY52UYOR7HVEY9P7.jpg,goreng pisang,all,ed39801f5c5305ecb46f9b6c3740ba83,eb0bd84db095a197
"../foodsg-233\Bee hoon, goreng\B5GKHEEIYVWNRUUDHMXYI6DL.jpg","Bee hoon, goreng",all,e33e98e1e6927b5568b3d5bc3f3db94c,eb11f57fb070c340
"../foodsg-233\Bee hoon, goreng\TWYLWVYCV85DYQC9XXM2QFBJ.jpg","Bee hoon, goreng",all,3a8b00907fe125325f9f1330354bf229,eb11f57fb070c340
../foodsg-233\muesli\4DA8QBMLZYWUIKBN2TS0KALS.jpg,muesli,all,364ea2cc1d7f64888f79ce6f3ae07403,eb189487d277cf08
../foodsg-233\muesli\YUA9OW5T9XD7Z7QL35HZG7Z7.jpg,muesli,all,a57b985b0b078adf04b5a4b815fdb165,eb189487d277cf08
../foodsg-233\begedil\W3Y626C2GMD4IBTEMSUCOFAS.jpg,begedil,all,5c2fbcf285edd698500b7d72cfa4ee81,eb1ac8398d4b11dd
../foodsg-233\begedil\MPMP5JRI8GAB5DFFFCZC6CQS.jpg,begedil,all,79d00978e8059a79d18a555d5b153d14,eb1ac8398d4b11dd
../foodsg-233\biscuit\JIOY9OGBWY4CBYXUK8YF4I8U.jpg,biscuit,all,ab7d9aed5331754538f82a2822334dbd,eb1fc5709e634905
../foodsg-233\biscuit\9C99PQO0LH2Z3PK0SMU027U9.jpg,biscuit,all,b865a2ab2423fd32db689eb1b1420902,eb1fc5709e634905
../foodsg-233\tandoori chicken\KD6IKD9YTY96X359I5OMQUKQ.jpg,tandoori chicken,all,bf6084e87e9450fa59cc8c7960d8ddf0,eb27902383bb86d9
../foodsg-233\tandoori chicken\V6JO1C73KRBEFT8G3LRUPZW5.jpg,tandoori chicken,all,76982ccba75090b3ca6471002265e5a0,eb27902383bb86d9
../foodsg-233\chicken chop\N0KD69ILM8RDYUO70Z8OKJA4.jpg,chicken chop,all,71b912425a37089437e2d1f14e56065e,eb3094cfce4ac538
../foodsg-233\chicken chop\XNHYX8DKU232ICSX3UT640SU.jpg,chicken chop,all,3131334f974e63c04a6b0ba1c9ae9122,eb3094cfce4ac538
../foodsg-233\Dumpling noodle soup\FKYGZHC9N30HGABFN17SH68Z.jpg,Dumpling noodle soup,all,d36fb7218929dc3ecf9fbd2fe8a8d00b,eb42350d9e143f36
../foodsg-233\chicken soup\SONGL0ITAM1A844CT9LDA7F8.jpg,chicken soup,all,5362a55104e7bec2600b20c2af0d33c8,eb42350d9e143f36
../foodsg-233\Mee rebus\R2QDKZSJWRERAXXGEQX9QPLU.jpg,Mee rebus,all,8f33060d245cf1bf96b07764aaaf658c,eb4fa0759051d4dc
../foodsg-233\biscuit\US8MQDP2VMYPI8LKX4SSJWQS.jpg,biscuit,all,dba60faec0c1490bacfe823be86115bb,eb5294a91a566d3a
../foodsg-233\biscuit\VCJLNY5PZ3T90DIY3RH3VLIY.jpg,biscuit,all,04a077398ac3bb261fa577751523871a,eb5294a91a566d3a
../foodsg-233\bee hoon\XZR24ZBAASQE52OY5AZAZXQQ.jpg,bee hoon,all,8335a0a8331c8daa133f434649534278,eb71f9c2601f5243
../foodsg-233\Seafood Noodles Soup\Z2BK3JX5Y4T17FWJSKFLBATD.jpg,Seafood Noodles Soup,all,638ea72a989a589cd2bac394cba9456a,eb71f9c2601f5243
../foodsg-233\sambal stingray\HZNLRCTW5F92PAL65OEVK4NI.jpg,sambal stingray,all,c16d05bb6c6bae558007eadd97611067,eb72c5669684d658
../foodsg-233\sambal stingray\OAIBZ8FVVZ07RU2DLPEZSL3P.jpg,sambal stingray,all,c2e12f0838d26ee4065b8b4d7493f3e0,eb72c5669684d658
../foodsg-233\Seafood Noodles Soup\F4MG4V4X5199ADXJPZTGZO88.jpg,Seafood Noodles Soup,all,7a69486990a3246084c55de5be413efa,eb72c8ec26a684cd
../foodsg-233\sliced fish soup\HPIQP9U892ZG47XEKGQ3DW40.jpg,sliced fish soup,all,7adb71aa7f1e55a10753c3be08ce7a1a,eb72c8ec26a684cd
../foodsg-233\chicken wing\C81OOMV1UH3AK2GRWLBPF3P5.jpg,chicken wing,all,778b6a367b5f540599d1db2e68ec3cf4,eb76d4c9328a0d9c
../foodsg-233\chicken wing\F8VIVEQLL448YYQA4EHJ1RYA.jpg,chicken wing,all,be72f1ffe662a3ceed965a48308b331b,eb76d4c9328a0d9c
../foodsg-233\bee hoon\WMUIROH5FHDXKT6T1OCYTTU2.jpg,bee hoon,all,95c2da92bdc7e33aa481d257926ac81b,eb7a9664c292ada1
../foodsg-233\vegetarian bee hoon\MZIMLIZWD41QZAIQZ9QLCBCF.jpg,vegetarian bee hoon,all,50ece4a894563848dbf299a451208f7a,eb7a9664c292ada1
../foodsg-233\baked beans\MPVTNSB1JAGIAUAEJOO6CC9R.jpg,baked beans,all,2cc87bb8299362630931640be055db2d,eb80859fbcf800fc
../foodsg-233\baked beans\2PRQPBN9NPUZLGUY69HYW49X.jpg,baked beans,all,3fd7c27104475e0e5c4c9a992ffe8979,eb80859fbcf800fc
../foodsg-233\tumpeng\ZNZ387EY3EUGLCFGNG8WW61V.jpg,tumpeng,all,08fd669e30d9091703df126bb085e3cd,eb81b1d3e8df140c
../foodsg-233\tumpeng\84TWR90H0RHBEB7GMRBVG76M.jpg,tumpeng,all,426af3824160777bcb5ab9b5109efdc1,eb81b1d3e8df140c
../foodsg-233\black pepper crab\E1MCJOSNRUYODLPVY94NONAI.jpg,black pepper crab,all,572fa820b371eccdf124468bb4aabb0a,eb83e2a7a054f552
../foodsg-233\black pepper crab\BAKBM38429XGLPTZ8CHLVES1.jpg,black pepper crab,all,f5f64684da68bdef06031648b1fe5e51,eb83e2a7a054f552
../foodsg-233\Chocolate\RL96Z5ZDTITHCKXX4K1A9JDM.jpg,Chocolate,all,0309ef85c02a0f4d564a877e30a8a7b9,eb87361c4b60349f
../foodsg-233\Chocolate\72Z5GC3K6P7F8H93LBLLHLJL.jpg,Chocolate,all,1fad5467810a9b1c36c2e0d37f1c9a04,eb87361c4b60349f
"../foodsg-233\Bee hoon, soto\KJ11LEG83KFUH2713WQC3HLG.jpg","Bee hoon, soto",all,d149856dd2826b9f17040c2debfebecd,eb8d95123732c6a3
../foodsg-233\Mee siam\2K1XP3T8U75VIH49MO07AAIL.jpg,Mee siam,all,525e55b657c0b97c79d9a28b080a91da,eb8d95123732c6a3
../foodsg-233\waffle\PJL1Z0SYY2736U28AIPYBIAA.jpg,waffle,all,67aa1da7ff989cb51f125154800de42e,eb928cadd8946a96
../foodsg-233\waffle\85E3RY8YRCHNPDX5WC73FA3N.jpg,waffle,all,9df1b3c1a22a8106551630a54d74abc8,eb928cadd8946a96
"../foodsg-233\Bee hoon, goreng\WAZAYJ6XIXKUHNBBTEFH2SFW.jpg","Bee hoon, goreng",all,959537a71c11fe4f0842ece288a17b10,eb9495633c8d709a
"../foodsg-233\Bee hoon, goreng\0KCTL57W073OJJKRPZHTH47C.jpg","Bee hoon, goreng",all,31caada55cd0b6e9558f9a3f96dc021a,eb9495633c8d709a
../foodsg-233\dumpling\XPF338KU4PT6GJUWBTAHJMPF.jpg,dumpling,all,34a9ba5026f2583f15c592d6aaf4977f,eb95b4e2b41b1236
../foodsg-233\dumpling\EAELGSP6YEHXM4ONZYRNARDU.jpg,dumpling,all,11ec1a1def9721cdcce59ee1549a2660,eb95b4e2b41b1236
../foodsg-233\mixed vegetables\T7Q56OFTJVY6FBAB0JP3HJTR.jpg,mixed vegetables,all,d034ee19d9f2496e4ab25f75e7aa269b,eb95c0d22f6a942b
../foodsg-233\mixed vegetables\QYM2WIWF6BDRFEZGSCE8L0FA.jpg,mixed vegetables,all,b757ac15f1ee5da37b295b5df646adf8,eb95c0d22f6a942b
"../foodsg-233\Bee hoon, goreng\M0U55DQNKEFQG41S7R5AXVY6.jpg","Bee hoon, goreng",all,af0ef8d4ff0c5ca6591cc1170bccf5ec,eb97c64ab5258e28
../foodsg-233\begedil\NFSAO3CCYTCJ674DZYZWEOMP.jpg,begedil,all,4c90d752ca600b91a35d5cfbc3104082,eb97c64ab5258e28
../foodsg-233\nasi lemak\OEFHH3ESG4JU9P5Y6729H9EI.jpg,nasi lemak,all,5e91ea69c80ff2d9b1f1a16cfdb6cfe6,eb983d3896307a63
../foodsg-233\nasi lemak\GVTEILRAWPEX2ULCWTQCI9JP.jpg,nasi lemak,all,987977fb7ad8fbd18c7525c2b161549c,eb983d3896307a63
"../foodsg-233\Pilaf, pea\7K62KEMZE4H1WWC1NY59J8QS.jpg","Pilaf, pea",all,db3958ea02a44e5f93e0c1c08a469bd8,eb9cd2cc1e413966
"../foodsg-233\Pilaf, pea\QMH4YFW19AFDPDTRUDKSIN7E.jpg","Pilaf, pea",all,b563af44f25c23394c43bf59f392cdd1,eb9cd2cc1e413966
../foodsg-233\goreng pisang\1R7D6NKFDZMVUT0NGDRRBD2Y.jpg,goreng pisang,all,7002007ae59acd6350cacc0a4bf7e7db,eb9d94709397182b
../foodsg-233\goreng pisang\V3YJ2R4TWDH2CU79ONQ8MBVF.jpg,goreng pisang,all,e0a26956e86a387e82bc57890da25659,eb9d94709397182b
../foodsg-233\Duck Rice\2JPBC7Z2384D6YZFMZRMAZ8W.jpg,Duck Rice,all,ea119673031c696c91d2b03c4016d2b8,eb9d95cbce689060
../foodsg-233\char siew\64RHVW2LC7O6LCWIF5TCZUOI.jpg,char siew,all,2e7029eaf16cf995de9594976648680f,eb9d95cbce689060
../foodsg-233\Kway Teow\2FPP5GSKZ9QCHOMD807DFOFO.jpg,Kway Teow,all,bec71ae0344173a974b854b138405889,eb9fdc2ac205c266
../foodsg-233\Kway Teow\IR43WBGDGKJ30ZJRL9TT4BV8.jpg,Kway Teow,all,b29774c6fee66d5780f4e4ee67b5c21f,eb9fdc2ac205c266
../foodsg-233\miso soup\PES6XT5J1SR5CMQYJCXX3UVZ.jpg,miso soup,all,46b17f2277701d8e2857b0cf7d1f71c4,eba32397d7d00a98
../foodsg-233\miso soup\C0R8QRC58GAHJWLCEG9OH1FT.jpg,miso soup,all,12adf79d97801762a35c8d2d717ff8a5,eba32397d7d00a98
../foodsg-233\hokkien prawn mee\BTC078TENFK1MG63ZSYO2QTX.jpg,hokkien prawn mee,all,1b31ecc8413b36040acf4a9a662a679d,eba5855e48b2939a
../foodsg-233\hokkien prawn mee\6CAZJQ1ERLOD35SY9DLL5PQG.jpg,hokkien prawn mee,all,f34fcdf7b9a273d8775f258c6b68f730,eba5855e48b2939a
../foodsg-233\drunken prawn\UCIUGCA2T6FYQPKUXON3VE00.jpg,drunken prawn,all,6a08e640eb8a3811ea9f1bd68a2b6609,ebaca01f9951647a
../foodsg-233\drunken prawn\JZ36VLSNY7MTTH598P0FOZT6.jpg,drunken prawn,all,e5a44e063ee648ccbe7de26ff3c5a792,ebaca01f9951647a
../foodsg-233\Tauhu Goreng\PDY0M1T03K67QBLEVL6VQFRU.jpg,Tauhu Goreng,all,6f2dfbb32e1d4d4584f5f839a8ad6b37,ebb0b54432c39b9c
../foodsg-233\Laksa\PR8JECY0YS5XVJ5SMA4LS9FD.jpg,Laksa,all,68ee76ac85ee10cdd1f06262dd1182f4,ebb0b54432c39b9c
../foodsg-233\Laksa\JSFY0JL7XH0NPFNI5FEVSOHJ.jpg,Laksa,all,c7e196152c2d5b36c4a1c34bf9a66350,ebb1d4d42b136869
../foodsg-233\Mee kuah\P190BWXD249I6FMI6Q8YRBVJ.jpg,Mee kuah,all,26d892b9914cf5e5e437e8c029eedf1d,ebb1d4d42b136869
../foodsg-233\Chocolate\RJJCGNTM74JC4YMXGVL8MFXH.jpg,Chocolate,all,c0e75f8637e02e6d5368cbec0432ed87,ebb4d00b4f4f3470
../foodsg-233\Chocolate\2720LWR0CMGI3V9QWXAF3OKE.jpg,Chocolate,all,29a606511d63039ae4c45de1e4164ec0,ebb4d00b4f4f3470
../foodsg-233\sausage rolls\G4NDUQ29ZT6YG80UP6O6O2Y7.jpg,sausage rolls,all,bde608ad633c941b3a51c3fb8ea7c827,ebb5e0219f4216d9
../foodsg-233\sausage rolls\K1DATJDYZ5XDW1QL88U5Q56K.jpg,sausage rolls,all,cf6abc7333dddfebd0ffd97ae380da8d,ebb5e0219f4216d9
../foodsg-233\chilli crab\R5ZVDHH3EIACYI7MHX5UI8R1.jpg,chilli crab,all,aac3852172d5e4f8982d6da8f66bde3d,ebb68193066b4b35
../foodsg-233\chilli crab\9FQD3N1IYHYM17QECD92K62F.jpg,chilli crab,all,f42986920335cd407e2e15968dbf9045,ebb68193066b4b35
../foodsg-233\rock melon\9OCSJFAJHP1W52Z6ZKD82RIC.jpg,rock melon,all,6b099ccfcece912c5e6cdbeedb146159,ebc0950cda33c937
../foodsg-233\rock melon\XVA1HI3A8PPIQ42QE3EDWS6I.jpg,rock melon,all,ea83876704ce8a029dd2580c2b573c23,ebc0950cda33c937
../foodsg-233\satay bee hoon\8AUIJPKZR4BBIHJ5WLSHCRHK.jpg,satay bee hoon,all,089ee198dda643840120378562d2f4e2,ebc19427d89ccb49
"../foodsg-233\Bee hoon, soto\RO74CZUZIC2B3R5RBDZRWKB6.jpg","Bee hoon, soto",all,d2e117a246830fbe1818579a1ba2b551,ebc19427d89ccb49
../foodsg-233\satay bee hoon\77T33Q0JX730LX62WIS111T0.jpg,satay bee hoon,all,cbe7c74cd5ce546248eccebd1e4827ec,ebc1bdace0908795
../foodsg-233\popiah\XY9W5US1IT3RR2F36AUX776N.jpg,popiah,all,5c9b23fd9886ac888b0c305568e7bedf,ebc1e80f91b62ce8
../foodsg-233\popiah\6MZB22RO0YUQ792W2CK4DACW.jpg,popiah,all,a560749fa462f6e937b54d2b333fa42e,ebc1e80f91b62ce8
../foodsg-233\Kway Teow\PZI17QTSSZKV5UU8CLHFSGCA.jpg,Kway Teow,all,3b899c0208a4fa6a50d17b4f36dd238d,ebc4af51c268852f
../foodsg-233\Kway Teow\E5GXS27T8ZUZ7FRP04RVVMBX.jpg,Kway Teow,all,93b6a764cd9a434a4c20add2569899c6,ebc4af51c268852f
../foodsg-233\Mee goreng\797EGEI9NUW86MJMNLMVTGTW.jpg,Mee goreng,all,1fcbe9409ac2d98747ad26d686c384b5,ebc4b53b946c9461
../foodsg-233\Mee goreng\EQDRD7R1GLI6JISIXIVISQSG.jpg,Mee goreng,all,4ec03a0a0d2cafd54dca0d3425195725,ebc4b53b946c9461
../foodsg-233\cereal prawns\ZGX03AFY19EGWFO0W93Z3583.jpg,cereal prawns,all,c6b69596ed40f1deb5475b07b4eb98a8,ebc59083b57e805e
../foodsg-233\cereal prawns\LYMBM9GUJAUCXCOQ4TZ8YN83.jpg,cereal prawns,all,694687997e272dbb07aa394ed9ac4038,ebc59083b57e805e
../foodsg-233\sambal stingray\NH30Z6435VDM7AE7QJ0AZ7EA.jpg,sambal stingray,all,b56f73f6538cafbe4d93e8f247ca4abc,ebc6001b3c381dfb
../foodsg-233\sambal stingray\1Y99OOXXUXY4S7U2G9YRFAWV.jpg,sambal stingray,all,e404f0683a8fdcf7afc0ce92fbc99274,ebc6001b3c381dfb
"../foodsg-233\Bee hoon, goreng\UAL45QZS9T1I31SIV8BUHOZ0.jpg","Bee hoon, goreng",all,e5dfd0926ca42b3a65bcde3ca1ae496a,ebc7a4e487a2940f
../foodsg-233\vegetarian bee hoon\UCUFGUBLVW06GPO2ZEYBITTA.jpg,vegetarian bee hoon,all,7d10deea989bcc6c1c9e8e1c44cecbff,ebc7a4e487a2940f
"../foodsg-233\Rice, chicken katsu with Japanese curry\0QVYD9JIV8AXD2H6FVMWBP2Q.jpg","Rice, chicken katsu with Japanese curry",all,2f04aa587e22eb69e45de29686a78c13,ebc8d4b54ab44ab2
"../foodsg-233\Rice, chicken katsu with Japanese curry\4VLIJT6W5X681X8P9SSSXIM1.jpg","Rice, chicken katsu with Japanese curry",all,9d7287a652a1d6a0fc79439d6093c896,ebc8d4b54ab44ab2
../foodsg-233\chicken pie\XPPZ0Q9DZNLSY8W8H1N1NB07.jpg,chicken pie,all,1e3e0a96ac1c99f53ef7e5b0dfceb8e6,ebc8e2bcb7a494c0
../foodsg-233\chicken pie\M86HX4NI2G7VTWSG5HZLUEGG.jpg,chicken pie,all,40b80f644ada7b8a9be3c0f5863efca8,ebc8e2bcb7a494c0
../foodsg-233\pineapple\NWAK09APDDWNQGZCQ1HIAS9Y.jpg,pineapple,all,e48fa83e96786d43faeaff1af2d89708,ebc91d2d5232269e
../foodsg-233\pineapple\EY90HYF9RDLCY88OMXD5JG0Y.jpg,pineapple,all,534c1f77a8ddaaa94b312743946909d6,ebc91d2d5232269e
"../foodsg-233\Rice, korean bulgogi beef\TTQKQPIL2M7NBL94V2SAN4WJ.jpg","Rice, korean bulgogi beef",all,c7d4c45ac70a33a27e04c37a397937a2,ebcb24259354d3a3
../foodsg-233\cooked white rice\E91RD82KRQTOIB5SFBP1EJJR.jpg,cooked white rice,all,8d83f284b8a7118be291d140ea6dbd02,ebcb24259354d3a3
../foodsg-233\mee pok\OCPHJOQ9DYJBUAMI47A5N1VT.jpg,mee pok,all,e60ab0b57aa90abeb528dcd13c2d9d0e,ebccf54bc12c443c
../foodsg-233\bak chor mee\YH3Z42C7VBLNIGVC0NWQZ1PL.jpg,bak chor mee,all,18e2a11920136e00242b91c50072e041,ebccf54bc12c443c
../foodsg-233\rice dumpling\AJ9B2G5VXZQI5KIKS8108UGT.jpg,rice dumpling,all,8cafe6d4e4d66fffa6993c409c782cc3,ebd9c5121a34996e
../foodsg-233\rice dumpling\1N2VPBQZI7HA70YNN3RIERS8.jpg,rice dumpling,all,65fea904db935b657c75eb6581920f0b,ebd9c5121a34996e
../foodsg-233\char siew\PAGWY7LJTFF9VF13V4JP4HXI.jpg,char siew,all,572fc74deb9ffc84f34d6894e65673b9,ebe097d2191bc50d
../foodsg-233\Duck Rice\GEMI7RXWT2E06O60B2P19JFM.jpg,Duck Rice,all,3a2601e593394f0ea892fd2171548041,ebe097d2191bc50d
../foodsg-233\kiwi\31XTLFTNXI84TT09NO68U3CE.jpg,kiwi,all,3433b41070b672d47b3edb65fc8b7849,ebe5851a9630cec9
../foodsg-233\kiwi\EKQVV3JXZUGZK2BF6RT3SFFS.jpg,kiwi,all,ed3936cb4213646fa30b1ea7aad4fe63,ebe5851a9630cec9
../foodsg-233\Pung Kueh\9QFHOATVAS73SZGFOQGY61MW.jpg,Pung Kueh,all,2c15186372cf3782359ca8f158057c19,ebeccce0e513c10d
../foodsg-233\Pung Kueh\69Z6GDP08UVGTHPUU94WPLZM.jpg,Pung Kueh,all,21a211c95069248a3d8a5ad317dfab96,ebeccce0e513c10d
../foodsg-233\meatball\3X55EO2G5IJHN9H6R3D22MV1.jpg,meatball,all,8077e827a5b195d166d008e733ef08f2,ebf18401ce9c1be6
../foodsg-233\bakso\XC02P487CG5OQR0OL1RYBZ9Z.jpg,bakso,all,50cea2016f24edd99f2a3a99ee74fb4f,ebf18401ce9c1be6
../foodsg-233\Fried Noodles\ONZXUEO5GGT71P2377WYP6P5.jpg,Fried Noodles,all,ee819f05be399f412af8a51faeb270fa,ec0484951f1e667f
"../foodsg-233\Mee siam, fried\DFSJTL1CANA2E6J66P5Q78I0.jpg","Mee siam, fried",all,2711549ade4bd45793a847676d4f01f0,ec0484951f1e667f
../foodsg-233\kueh lapis baked\XOHWRQHSK7LY5LOEQYCN672H.jpg,kueh lapis baked,all,470f0ed4085df33fd8a8d4df863ac8a9,ec13b16ab46e8374
../foodsg-233\kueh lapis baked\9LS8VTETVYUJF2LNANZYYFZU.jpg,kueh lapis baked,all,9516d92ad7ab8e4336feb319a94dcbba,ec13b16ab46e8374
../foodsg-233\char siew\UX2K7RFZDNSEQFD652CWX78H.jpg,char siew,all,d66b557e76512e7c63df926a1cc67340,ec14c049b56fcc3d
../foodsg-233\beef noodle soup\ILYP2KC33OY2XTLU4Q59RZH5.jpg,beef noodle soup,all,df5b9056eac229e1d0f0ee0a69fe5b63,ec2f303aa16b4da3
../foodsg-233\Udon\DT63Q048RQEMF7WRILNJY0K6.jpg,Udon,all,e2a9890bed849ba9b36c0dbf2d0536d5,ec2f303aa16b4da3
"../foodsg-233\Don, chicken teriyaki\WGGZZCP2EZEWMWA3A8TPUXWY.jpg","Don, chicken teriyaki",all,01a3346195ee7323dcd52bfdb34d11b4,ec3ee6c893ad8268
"../foodsg-233\Don, chicken teriyaki\2W4MRB8JHKR5KWY7XZKR3NP8.jpg","Don, chicken teriyaki",all,92eae09d4defbd5e21bf213069c74521,ec3ee6c893ad8268
../foodsg-233\yuseng\SLM2DPCXK14KELOW6ZGX9CJW.jpg,yuseng,all,85306f0c7aa9e86b520555bfa424df20,ec4147bec1633ac5
../foodsg-233\yuseng\DUF635XHTQBU2ES8YE4EQMJR.jpg,yuseng,all,becf62cfdf9f0a049106b9aef208f62e,ec4147bec1633ac5
../foodsg-233\sambal stingray\AUPW5RDW3A9ADCQMOZGNA3TW.jpg,sambal stingray,all,e6fbd7320713e958f7fc4066c19b776c,ec48a2a3c58fc7d4
../foodsg-233\sambal stingray\I85ZOP0UGEV735ENZ4J2QGOS.jpg,sambal stingray,all,07b9c873874ee41614c2b2814ec1a1d8,ec48a2a3c58fc7d4
../foodsg-233\Grapefruit\8S9084T54WLYIE3LP7YLUPTO.jpg,Grapefruit,all,ff9d9128885a430944b6bf34d92b2ed8,ec6eae611460f9d8
../foodsg-233\Grapefruit\5BYRXN8D1N5QC9XREYE6K4A1.jpg,Grapefruit,all,5cd101a266150483a394a55cb806ec3e,ec6eae611460f9d8
../foodsg-233\Dumpling noodle soup\C4IKMDGX21KNFEA6GV9FMUBM.jpg,Dumpling noodle soup,all,4ea43c29f9d621cd3186731a00bad8aa,ec87b9945258a0bf
"../foodsg-233\Wanton mee, dry\JJOY5ZA4V6ZJVQIAL7LIOC49.jpg","Wanton mee, dry",all,3aa804ee36aa2791aab7786856b5bdef,ec87b9945258a0bf
../foodsg-233\cheng tng\4HKAVY52X86G5C0OP0T1F029.jpg,cheng tng,all,5fe61c6eaf73e00d2c226d52e05c43f1,ec8e90ad039a179f
../foodsg-233\cheng tng\EPC6C82J59299INS43SXB1FO.jpg,cheng tng,all,21bda08005cad3fe9e7f2f682b5e235b,ec8e90ad039a179f
../foodsg-233\biscuit\BXS0Z3XE13ZWMW80X09T13WO.jpg,biscuit,all,93798fa00358f3537ebb09f5f508c392,ec93966c9196cb31
../foodsg-233\biscuit\A0WPGF379RGNOEFGYZ94HXEI.jpg,biscuit,all,aa71c0db9a353decbe23ff14b7a9d861,ec93966c9196cb31
../foodsg-233\passion fruit\A8XF9JPN2PTWJ1W0MEXB2X2F.jpg,passion fruit,all,e77213bc88178d606fe89a08bd7f4a61,ec93e21469fe4389
../foodsg-233\passion fruit\MD5NWY7QM8EB0Y6I4LO7KDSI.jpg,passion fruit,all,f5cfe157fae67a3bf6195cfd9655d51d,ec93e21469fe4389
../foodsg-233\breakfast cereal\H9B37SZFN2V6DJISEPGFOZFG.jpg,breakfast cereal,all,65b2dbd9ede1ea1dccc45dd4453c89f7,ec95d141c64d99cb
../foodsg-233\muesli\NX0YACHOW5SLM1VX5MVJ2R9V.jpg,muesli,all,4a8d0c4b1881452eb623cfb75b21257b,ec95d141c64d99cb
../foodsg-233\mushroom soup\E2W3WYQ5C8M3TX5ANE8CAO6G.jpg,mushroom soup,all,c20e0f077f4b8daca5ac060569b5e287,eca4c11bbb7a84e4
../foodsg-233\cream soup\TEYCMUXI8MQAN524557537WO.jpg,cream soup,all,a8314bf64a848dc00d57ac8e190cd529,eca4c11bbb7a84e4
../foodsg-233\vegetarian bee hoon\LA71418I4KXKB0NS97H6KZ82.jpg,vegetarian bee hoon,all,fa295f45eb7114c44cf6329910adf2ff,ecb052c07df3aa4a
../foodsg-233\sausage rolls\VIO7R2AEBKOHGTJ4NLL08M6U.jpg,sausage rolls,all,5c53709ae8059de5e44d4309c5482bc4,ecb08bcd96226ee1
../foodsg-233\sausage rolls\U9RFYLIZ570EI6KUUO1PWJ71.jpg,sausage rolls,all,8c0e8c2b4fa413ca06ed4d169fe1f85c,ecb08bcd96226ee1
../foodsg-233\Pomelo\QKT6ZEK51W6HI188CR6IXWAU.jpg,Pomelo,all,46d6c49cb6dead8bdfb7316d09614428,ecc3990d9a32e31b
../foodsg-233\Pomelo\X5N1O44OYPKI4IK8HAHQH6Y3.jpg,Pomelo,all,7d27b7bbf2a0d90934f52faf7f6a3090,ecc3990d9a32e31b
../foodsg-233\passion fruit\N3LVLH6Y5XGPUH38LJMMG9PN.jpg,passion fruit,all,a24c00c189a1a3d29ddb5001b5572456,ecc7933868c7643c
../foodsg-233\passion fruit\SEY49PDJEJ0A56IXAOI1C8HG.jpg,passion fruit,all,bb89ddaae6b666bcb24ef26811fefa4c,ecc7933868c7643c
../foodsg-233\Peanut Pancake\DFVW2810VIBYFUJ71PX4KAUQ.jpg,Peanut Pancake,all,8ec1c6e6f65bb6f3e589069bbcdde79c,ecd48c53b05bf44c
../foodsg-233\Peanut Pancake\KKL5BARSDF6GQ4EUU15KH56K.jpg,Peanut Pancake,all,114bfd34c66e4f401a026eb8a7afbb14,ecd48c53b05bf44c
../foodsg-233\rock melon\160JDZZI0GP1S8WJ3GHUXNDC.jpg,rock melon,all,af9cf37ebd343fdfec5c5843c8ced340,ecd4af2f2dad080c
../foodsg-233\rock melon\P2D4LTURFSOHNWB8E1KJQCNV.jpg,rock melon,all,42554095d807b27e9d665bd51a9e5def,ecd4af2f2dad080c
../foodsg-233\rock melon\K484C2TL8UQLUBQOO8G288UP.jpg,rock melon,all,f39e668fec7915bc312e1371b23759c7,ecd4af2f2dad0884
../foodsg-233\rock melon\OSUGGRDL7HAAT0955MWM8DPJ.jpg,rock melon,all,47fdd1e6ae542772cec549c04b253d47,ecd4af2f2dad0884
../foodsg-233\Claypot Rice\4XCUA2861G2NAURE7PVZW9C4.jpg,Claypot Rice,all,f86617f679771a2181309872af37623f,ecd5ab1aa03ca574
../foodsg-233\Claypot Rice\G4YFCSVEAOLF5AL65QZ7KYV5.jpg,Claypot Rice,all,071d86f2a41e6a03ca3663e65987bfef,ecd5ab1aa03ca574
../foodsg-233\beef noodle soup\LPIQWXTL0CFP33XXJKD1WQWJ.jpg,beef noodle soup,all,b9319f982fce646989d07ed8350bc4c7,ecdae906a02ea4fa
../foodsg-233\beef noodle soup\BDQUA1ONCWTZN3NRVQHA6N5T.jpg,beef noodle soup,all,12cb8e124a5233b6a7e0c105b9254a7f,ecdae906a02ea4fa
../foodsg-233\mixed vegetables\TQLT4V81TZHF3X4FOA3A9JCU.jpg,mixed vegetables,all,092755b90cd1da120b62544f9edf725d,ece283299d6295ab
../foodsg-233\mixed vegetables\XYGG670VDH169T5ERXSE2TIU.jpg,mixed vegetables,all,c94730f6df186f18a1435b717745fde3,ece283299d6295ab
../foodsg-233\wholegrain pasta\W86SNPJA6Q5ZCCTI41R7LMWE.jpg,wholegrain pasta,all,8c01799de8af73e13e471bcdcbe96e0c,ece3535155587394
../foodsg-233\wholegrain pasta\GVQIVWEQEQEF8JYSTC9N5GJQ.jpg,wholegrain pasta,all,04db9793f8f5244414c2c6e7178d2872,ece3535155587394
../foodsg-233\hotplate tofu\VPV6OQG9WTYMO68UFSH736WZ.jpg,hotplate tofu,all,c4d2d5d6aa0a3793111aaf6092959179,ecf0870b940cd87f
../foodsg-233\Kueh Salat\CHO0ZTTZ2BRIMHY5FFUMHP3R.jpg,Kueh Salat,all,5c1f762475ab8b9778fc512b836993e8,ecf3833c8a689473
../foodsg-233\Kueh Salat\86TISHYCAD1ZEV7IL3VAGPNM.jpg,Kueh Salat,all,568fe81ee0e2511865c59411cc7316ab,ecf3833c8a689473
../foodsg-233\sirloin steak\6JN9S6TBJE8M5QV3TQ79Z2A0.jpg,sirloin steak,all,0d0d74384474918163a5e8011cab269d,ecfd8124113e447f
../foodsg-233\sirloin steak\FY0BVY97AONHKIBGRUD6968P.jpg,sirloin steak,all,efb5df8f8f967f6a9a4e37c750c14171,ecfd8124113e447f
../foodsg-233\satay\2NPR1PNSFQBHU820X1UKJ7QR.jpg,satay,all,b54edc8bbe6cc9395e5135885f422dee,ed1ad489669c9a9a
../foodsg-233\satay\FDX06OBD8NIFQQ40BMK1GFZA.jpg,satay,all,e0cf6f0b6733b5d033b5406ee88428f2,ed1ad489669c9a9a
../foodsg-233\hokkien prawn mee\YD4ZGBE6EKWQUM4N54JDPAL5.jpg,hokkien prawn mee,all,8bb4ccd61bea0dc494580a4ec2d25e46,ed3092e1da8f299c
../foodsg-233\hokkien prawn mee\LOXG5OT64MM706ZEI0C4NS82.jpg,hokkien prawn mee,all,ab4bef2292134f3f08621dd818b6fb38,ed3092e1da8f299c
../foodsg-233\Kway Teow\LKESBTKUG3A2XAJ0BPCN6AIH.jpg,Kway Teow,all,fba500f5589a3ecc2825a021ac90e8c3,ed3587318643175d
../foodsg-233\Kway Teow\JI9X973C5S1YQNFD5I728NOK.jpg,Kway Teow,all,0cb18468dbb5725c15269c07b2e6a792,ed3587318643175d
../foodsg-233\vegetarian bee hoon\F5DYL2HDU1DHPOANPET432W7.jpg,vegetarian bee hoon,all,c4ea72aa04605a966d89b3af4f0c06a5,ed4ed42a4a386597
../foodsg-233\Mee goreng\57FU9MEJ0SCQ9M7YVEH74IQ1.jpg,Mee goreng,all,6c6f1f990293e9903caa5e8d178c6e95,ed4ed42a4a386597
../foodsg-233\whole oats\DD3ICLRRQSR9ATRB76LQ3KRZ.jpg,whole oats,all,f3319421109e6fb3b6da0f0c2bc11c58,ed5b361f8388c361
../foodsg-233\whole oats\7JWJ9PEJ4X1E01CGDMO6DAL8.jpg,whole oats,all,8dbefc6d4714fd91cb992137ace56ae9,ed5b361f8388c361
../foodsg-233\Snacks and Chips\8RX8VLFHWMCOOL0Y0NF2F3SY.jpg,Snacks and Chips,all,a90f7ce30bbb101c0912d82b200b55c0,ed699bc090b196c7
../foodsg-233\Snacks and Chips\NHFVGU0E7WJO6EOBDSWU8L92.jpg,Snacks and Chips,all,f82534beb63d355093061c9fa61920ea,ed699bc090b196c7
../foodsg-233\lontong\0S4RUCD33WSUYJTAUD36MF6S.jpg,lontong,all,aa7d313019e143f04b8ea2ba9a59a0e9,ed729b854ebc0d60
../foodsg-233\Lontong with sayur lodeh\MRJS3ZSH8TB121BH3ZWB18EN.jpg,Lontong with sayur lodeh,all,85abfb9da358e8c641571e79da7d4127,ed729b854ebc0d60
../foodsg-233\Mee rebus\2X6D8RA4W4QP1PQQL390KNSF.jpg,Mee rebus,all,e614b1bce0be614c6128632af4ea6436,ed78b0e061e3a786
../foodsg-233\blueberries\7VDVZQE6VL727F4FACS8NYXD.jpg,blueberries,all,22b9ab7b573eeb9796292f39ed032d9a,ed80935bce6e810f
../foodsg-233\blueberries\I0TP1O41I254CUMZHM4YO09Y.jpg,blueberries,all,2bb67fe38dcdd60c1ad8b9e587a489da,ed80935bce6e810f
../foodsg-233\breakfast cereal\SK18ARU5L58W1VEOPUBESG1Y.jpg,breakfast cereal,all,1d988c5f800089d1c33716f60b731972,ed80d238981797cf
../foodsg-233\breakfast cereal\ZINA0F30ENBL5U81CWWVV12P.jpg,breakfast cereal,all,6da0e082f1455341abc7689b92130c4e,ed80d238981797cf
../foodsg-233\gulai daun ubi\B8U1XEAQH8B4X2HNZ8WTJKEC.jpg,gulai daun ubi,all,a04c70e89642baf1a32a937d053a10c8,ed85809a9f799a61
../foodsg-233\gulai daun ubi\IHDVJ0GMW2LW68IL3V4F3O11.jpg,gulai daun ubi,all,35d23d3e6e8bdf13b056cf37352a0985,ed85809a9f799a61
../foodsg-233\Tauhu Goreng\EDYEYYXQP8XVVA4L3OKVC7S4.jpg,Tauhu Goreng,all,79957f77728a3d1c7a728e6a3f82c1b7,ed868833a638d2eb
../foodsg-233\Tauhu Goreng\T8IVUDOLXPYUB61AFRV85VY8.jpg,Tauhu Goreng,all,278cd66d00d7f7981f67869108da5d34,ed868833a638d2eb
../foodsg-233\chwee kueh\2QJ8OAG27RYJMUGEBW7754Y8.jpg,chwee kueh,all,6d0c2486d64e799e9140d2fbdc994a47,ed86c05e266b9e4c
../foodsg-233\chwee kueh\0WBCUSK65DWXC5QE30DZR2P4.jpg,chwee kueh,all,20cc88e73ed68fea7b0eee38c5b34e54,ed86c05e266b9e4c
../foodsg-233\rojak\K7QKUAJ6HDWTA71I58LWGIO9.jpg,rojak,all,5aa08c6ea98a7ec50b4346266a2f4303,ed87d0c89e299a35
../foodsg-233\rojak\ZPP8B058WUL305NNF0DUK6OB.jpg,rojak,all,0f6e3b922ea32b4d4178e1acce7510bb,ed87d0c89e299a35
../foodsg-233\Soursop\KFXGAZZNPSYSXHZGDRKMCBVM.jpg,Soursop,all,6c055c53a035d296a8a9006f94e3b4b8,ed939c48eb04d4ab
../foodsg-233\Soursop\MW6UO0XQVBJHVMS3T0FN2UDM.jpg,Soursop,all,0e2e3bfafbe914361fb164ef21dc15e4,ed939c48eb04d4ab
../foodsg-233\roti john\X0GPZWS1JSLM58G5OEDY13IJ.jpg,roti john,all,6ac2b37db6833abb08733eecb596bd48,ed95c063959a6d49
../foodsg-233\roti john\Y792XUWE8MD29VCUUYP2QNWO.jpg,roti john,all,b6a9c8c91df43d8baa3f82d08032a7e5,ed95c063959a6d49
../foodsg-233\Kway Teow\8LZ1OZ2Q7BXPMEZJBUSKCBDO.jpg,Kway Teow,all,fe4622ed6d7ac0ecddaa04bc2f57e0d4,ed99b67acac9880c
../foodsg-233\Kway Teow\SVP4UM3NV16FUN7W7Z314LSL.jpg,Kway Teow,all,40c151e927059bac412c756acf75fc61,ed99b67acac9880c
../foodsg-233\seaweed snack\9V8TR3D904UGC8DML71Q81MO.jpg,seaweed snack,all,0050889b2ce4fe2b7ad29341593099bd,ed9a96cd9265c1c2
../foodsg-233\seaweed snack\NEBI87SDZ8E2UGININ3CY13H.jpg,seaweed snack,all,5cde144b18a7e2e62ccb1ea371ba1fdf,ed9a96cd9265c1c2
../foodsg-233\Snacks and Chips\O8CGSTL58W5K67P5JLTFE6BP.jpg,Snacks and Chips,all,b9bca16ec01d7c6aebfd70912c837fae,ed9bc06d4e483387
../foodsg-233\Snacks and Chips\SSLU5MTDOHEFLPNVAASHH6A6.jpg,Snacks and Chips,all,e73267afa1e51f2f15dda81cebd4cb3b,ed9bc06d4e483387
../foodsg-233\Pung Kueh\QCIJUOFUADJE7ADFO1BMQ10S.jpg,Pung Kueh,all,89117dc1928e36f9a9b77723e5d8ab1c,ed9c9a67939b2520
../foodsg-233\Pung Kueh\ZJUGZJ1SCAWYX3A3ZFORR5Z4.jpg,Pung Kueh,all,11153d51e43ff1475ce0908f385f0a6e,ed9c9a67939b2520
../foodsg-233\fish head curry\GU95MSEFLEZ0PMODM1AI4GUZ.jpg,fish head curry,all,345dc431a3942150857bee0acb22fb00,ed9cc4b3cad221d2
../foodsg-233\fish head curry\Y93KUQLKII4MA503JE8TLEJ9.jpg,fish head curry,all,9d0d97cf5480cd8bbc6aabccb9671df7,ed9cc4b3cad221d2
../foodsg-233\spring rolls\YDUAFUS7C1YGD85YFHCVX6Z9.jpg,spring rolls,all,89d99e68e8bfae68bbb54d23d7b93cd5,edadd9996a533044
../foodsg-233\spring rolls\7FVH0RZQH4RABYFHMP5QDQQ0.jpg,spring rolls,all,865dece047f25585ce8d31fbbc03bed5,edadd9996a533044
../foodsg-233\seaweed snack\LKT66FYBPET3XZTN9P2DLXJM.jpg,seaweed snack,all,29accdb1142f34cb316e0406909b948d,edb6c60a9ac93989
../foodsg-233\seaweed snack\GTQMI7GA2RVAF73JZQVNQAUI.jpg,seaweed snack,all,e0d64d21eb1962cd0fc71b4a4cdb88bd,edb6c60a9ac93989
../foodsg-233\spring rolls\XT54SFYA2Q9C16KRN7Y3KD6Q.jpg,spring rolls,all,0d0806bd23b6d539484182f7e5ae886b,edb9da244092adce
../foodsg-233\spring rolls\3D5ARMZMWQC0QUZJSNU7T6PS.jpg,spring rolls,all,c49c9334f97a0fe9de3db5caa39453ad,edb9da244092adce
../foodsg-233\chilli crab\0YE32PV496KND54988PKKUMF.jpg,chilli crab,all,1f252cc3e3418ee8493a639cfb84886e,edbd80607fe1588a
../foodsg-233\chilli crab\GN09ITRYU7E20LS4NMVH6APW.jpg,chilli crab,all,81c74efa61c840d02a3488059c11d804,edbd80607fe1588a
"../foodsg-233\Bee hoon, goreng\086WWUYSM7MH26NCM65FG5W6.jpg","Bee hoon, goreng",all,ebf7730fb7844da0aa197429f98642bf,edc0970ad02bcbae
../foodsg-233\satay bee hoon\U8AZM1AWTW7W0IJD71HP7BQ3.jpg,satay bee hoon,all,e607fc393b9a0485b14911492ea6224e,edc0970ad02bcbae
../foodsg-233\Mee goreng\NRQCZXR82G2ALC01UWDR1G0B.jpg,Mee goreng,all,9641fbefcfe91d261fc2ab41db3fbb8a,edc2c22d6b942dca
../foodsg-233\Mee goreng\4Z551CDYLM2KXZAN9A0XTV6X.jpg,Mee goreng,all,b42ec68f7c93f4d571e92f67d676bd25,edc2c22d6b942dca
../foodsg-233\fried rice\2GVRCHZREILYTE68S52KDXKC.jpg,fried rice,all,366984890ca82998c82e4025150e02ce,edd20738bca1c24f
../foodsg-233\fried prawn\P1NLH05FZ551189NOH4SNU37.jpg,fried prawn,all,cb4855dd2f349cda702399ee2682ccaa,edd20738bca1c24f
../foodsg-233\green leafy vegetables\3SR9P94I7097K7MUV1L10PFB.jpg,green leafy vegetables,all,f63a3488a914ebb6e81d0d66792736fb,edd69228872b4b6a
../foodsg-233\green leafy vegetables\OYH2L1TUIZ5PADLQIOEUQ33X.jpg,green leafy vegetables,all,5171daf41646fc295589cc301b5cb514,edd69228872b4b6a
../foodsg-233\char siew pau\31QR906W4CN4RA86ZY7CNFXZ.jpg,char siew pau,all,1964cc9faa3d15f7145fdf9bb6f1367c,edde333ec4038ec0
../foodsg-233\char siew pau\VA1L2D3UGZYO61H2EBU2E8L7.jpg,char siew pau,all,c3585e0f97065387b5ba4effece67005,edde333ec4038ec0
../foodsg-233\chicken chop\YX3B1OS2Q6GBV4YLA1GSTO2N.jpg,chicken chop,all,29520057a3a107c064444c9adffc2f9f,ede2e02db43d809b
../foodsg-233\chicken chop\8SY01M6BK65N81N6FR9AEKZQ.jpg,chicken chop,all,869ab034f0d29c9fa38cf4df033f7119,ede2e02db43d809b
../foodsg-233\Kway Teow\W0M7YQRJP7HWKOOMTP8PD6V8.jpg,Kway Teow,all,932f4ff1d7cc83cf25ea57f53a6c36f9,ede48c9e5b3092c5
../foodsg-233\Kway Teow\PRN493M7DE4LL5YR2NRWRN12.jpg,Kway Teow,all,dc7100b44d51522fd7029ac5241da1ac,ede48c9e5b3092c5
../foodsg-233\tumpeng\3QH1R56JIR1LFXX15FP7SSVU.jpg,tumpeng,all,d7376853c3d5cfcf9007251964784428,ede8eea9d4809d11
../foodsg-233\tumpeng\AZ49DSQO9WEVO21VFNSPEEOV.jpg,tumpeng,all,5e47f1c40bb4b88d72afc77ac700c5f0,ede8eea9d4809d11
../foodsg-233\nasi lemak\ZWH5V4DAWR60X8NNNVJTKWIY.jpg,nasi lemak,all,8fce4114304371c306d69ea9ab501393,eded0a84e1c9b1b4
../foodsg-233\Nasi Ambeng\A9BDDWUU09BGLVNDCE4M8XCR.jpg,Nasi Ambeng,all,3a90bcb9782d2fc36b579d47c78d8858,eded0a84e1c9b1b4
../foodsg-233\Lontong with sayur lodeh\Y4ZPZWWH0SRO22SZ5RJ3GBCQ.jpg,Lontong with sayur lodeh,all,1f5038eeabbe72e8f1724800db736a77,edf421a2ada4c25b
../foodsg-233\Lontong with sayur lodeh\W8MS2L97C4QQ0ADXIPW1GP2P.jpg,Lontong with sayur lodeh,all,0f794c3ace7f8b8224a33e9834a25cbf,edf421a2ada4c25b
../foodsg-233\Lontong with sayur lodeh\E3NKSMG71FM2IPRN6BFAYJ9B.jpg,Lontong with sayur lodeh,all,008ae4db6cdb894c71dc3ef778c9713d,ee05550a32673e79
../foodsg-233\lontong\CYWIHY3M1C6CDO87Z50AXFW4.jpg,lontong,all,283341f8daa07b05d044574602a30753,ee05550a32673e79
../foodsg-233\thunder tea rice\0NYI7DJQH1FMTVPTI40IJEHS.jpg,thunder tea rice,all,313df421f9c56068d2f4a4c19d5d6f4e,ee1b28fcc14597c2
../foodsg-233\thunder tea rice\GRY8UVZZXFBLZXGH68ESK2DK.jpg,thunder tea rice,all,e448b647a34b637c114ed432413df671,ee1b28fcc14597c2
../foodsg-233\canned Fruit salad\B4MV3JHITYMA8AD5XIOOMXZC.jpg,canned Fruit salad,all,056ff5d8122aa1dc3ebc1acfee455600,ee31e9cd49598742
../foodsg-233\canned Fruit salad\AZUE60218W23HFNM6AY4SBJ7.jpg,canned Fruit salad,all,434f6f7da924718a8c8e36c145a9f8a5,ee31e9cd49598742
../foodsg-233\Kueh Salat\PL0K8V1N7AMZZSB9SD07KOGQ.jpg,Kueh Salat,all,899c7249624fac8344cf12d168c18e66,ee34bc3c96d2a0e2
../foodsg-233\Kueh Salat\0PFN5PFYEQANPZXFI2YQMUXD.jpg,Kueh Salat,all,9330f9a88cd383f8c871b16f6bdda2ff,ee34bc3c96d2a0e2
../foodsg-233\lontong\5CBNFGJ9KWB49HKS15JHVESG.jpg,lontong,all,d009507e2d748027c54c9b812b3073c3,ee3fa1482003fedc
../foodsg-233\Lontong with sayur lodeh\NNAW2VNCZQG23C9FFQQ67Z48.jpg,Lontong with sayur lodeh,all,23f1c58335d9a4a0c84d0bdeb26ddf91,ee3fa1482003fedc
../foodsg-233\Nasi Ambeng\OC47K32K2KLU2RCTTVMN37LQ.jpg,Nasi Ambeng,all,7e13c36c77816bba7d7bc63b49d73c24,ee42f48dd2d29349
../foodsg-233\Nasi Ambeng\V77F2YJ8DOX5VID6G3QNXMQH.jpg,Nasi Ambeng,all,c2bfb63ee8ad9466c30329dbc231088e,ee42f48dd2d29349
../foodsg-233\passion fruit\TO8H1H8UGM8R88CQ9VMQLOTN.jpg,passion fruit,all,9f6e16c02531b686383eaf9863e71570,ee469129e29d6996
../foodsg-233\passion fruit\41FAMQ5Y7L4OYQ1NLH8U9RC9.jpg,passion fruit,all,a69617747c688bd542797dc9ccf6ad9d,ee469129e29d6996
../foodsg-233\sambal stingray\1Z7AZ6KB3X18XV50IDWD3WSF.jpg,sambal stingray,all,eae3ca79e265947318fc01402dd6af68,ee67d2b494c3c20d
../foodsg-233\sambal stingray\ED34PXG96E8HYX70C3HTDH9Z.jpg,sambal stingray,all,46643284526bb6f1d911661dee02039a,ee67d2b494c3c20d
../foodsg-233\sambal stingray\58540NU78JMFZGPLI5KD8LD2.jpg,sambal stingray,all,370c733abf4d3f99e8c7f079f21fbaef,ee67d2b494c3c20d
../foodsg-233\sambal stingray\5CUJYAOBQ06GIKP0USX6OG1T.jpg,sambal stingray,all,7f718f6a6d7cbe1ef7a427555c8c9dec,ee67d2b494c3c20d
../foodsg-233\canned Fruit salad\2D5EV13VKVE4L325LIF0ZXEE.jpg,canned Fruit salad,all,cc5d819b1a1cafff3e0cd1a83f69530c,ee6ac26247b79498
../foodsg-233\canned Fruit salad\PIU51RCQQ72S7RB1EVAX30HA.jpg,canned Fruit salad,all,85eac40a2e4e5eeb3b99e9457b29b502,ee6ac26247b79498
../foodsg-233\yam rice\WQOQZXE926DAZ6SVI79ERDNG.jpg,yam rice,all,da8fa89d2505ca7fc27bdaeab6a1bd95,ee80e1fb97038c63
../foodsg-233\yam rice\YE0OV88T3UQV6KBYROA3BWEQ.jpg,yam rice,all,c8c84024a015227ed952b5fd9171962b,ee80e1fb97038c63
../foodsg-233\honeydew\MMQ5Q38YVNH2968N8V8JLRXB.jpg,honeydew,all,0984609bed24ebb74363469abe19369d,ee81afee91629864
../foodsg-233\honeydew\CWXXIG9PMEQ00TUNG2O03TTC.jpg,honeydew,all,54150328e80faa3d6a3d8dc41eea24fe,ee81afee91629864
../foodsg-233\oyster omelette\L6FECNIBOOSB65G4Q1JJKJR7.jpg,oyster omelette,all,6a1e94b6916536ab5f2c5ff7eabc6e03,ee84f448c76d4a2d
../foodsg-233\oyster omelette\TNSUSCWLB6F8FL01MHZAOMLY.jpg,oyster omelette,all,318cac3df3eba2c421e8f265b0030627,ee84f448c76d4a2d
../foodsg-233\Kway Teow\7P03T1LRIEC1DV3ZCJOY9A7A.jpg,Kway Teow,all,a93ba057c5ade2383afae009d1322bba,ee85a097905f871e
../foodsg-233\Kway Teow\XL0PF6FZQQZW3SY7D3O4XSJD.jpg,Kway Teow,all,2971cfd19a693badafaf94e0276f9e74,ee85a097905f871e
../foodsg-233\vegetarian bee hoon\9ZYZP0X18P8WKQ3THZQFSHYG.jpg,vegetarian bee hoon,all,dc403cf1c79de767fb7c723b796e13f0,ee87950ed14e525a
"../foodsg-233\Bee hoon, goreng\RQ96KM7C9VXIDRV8VOVSUOO7.jpg","Bee hoon, goreng",all,b81d8cc9cb1431b0d8ff3bea6e406220,ee87950ed14e525a
../foodsg-233\vegetarian bee hoon\4R9TET9F316TUAI29WUDEJAQ.jpg,vegetarian bee hoon,all,c9ac19a5df5d719ec05a149ac7207f9f,ee8ab594d958a1b4
"../foodsg-233\Bee hoon, goreng\2CFKM4K5VW0HPM5JSEJEXDED.jpg","Bee hoon, goreng",all,e37beabb9b34a50d1339d6a50656fdbf,ee8ab594d958a1b4
../foodsg-233\Pomelo\S4RHKD1KT74AOK3V8UFVZ08D.jpg,Pomelo,all,e536c1b29aa9663b18db7db3944f4734,ee8d1942bbe11ec2
../foodsg-233\Pomelo\KIMYN52KQYPINFPA0VDU00G6.jpg,Pomelo,all,8fcb6c16e4896d3378943a56a7f1c201,ee8d1942bbe11ec2
../foodsg-233\pancake\JK87NLWK44SGINLWKKBZE6KZ.jpg,pancake,all,b57d72bc9514ae2e503d7b4787430408,ee933219c34d9bc4
../foodsg-233\pancake\YXBLC7OIZJFXS9G4A9PMIHS6.jpg,pancake,all,41086f102fd972d631d51953a8e67612,ee933219c34d9bc4
../foodsg-233\Chocolate\7S17T6825WGU80VABFN8QLOW.jpg,Chocolate,all,0685ec36b4f02e28ff1e88932d999b5f,ee94852bec8a91e5
../foodsg-233\Chocolate\GDRDNC6863KXS7DA0J94CKTT.jpg,Chocolate,all,cf0cb2d773c76e09de8d2b8127dfba8c,ee94852bec8a91e5
../foodsg-233\pancake\CLZ3P6MFEQLCQTVJSK4WMVLU.jpg,pancake,all,ce6855af1af2088a18281d20c9be1f05,ee94a44e867ed138
../foodsg-233\pancake\75NCC8FRQZ34BHDHOYN4CCTA.jpg,pancake,all,4b1e9690cddf1087130d07e8d20ad64e,ee94a44e867ed138
../foodsg-233\vegetarian bee hoon\3LRF2THVWL76ZKTR1LJV7V6F.jpg,vegetarian bee hoon,all,8e3156883f05bbaddf9fdae839e86878,ee94e337c0729662
"../foodsg-233\Bee hoon, goreng\GZ2OZQRGX0FNHD5ID1MBITM6.jpg","Bee hoon, goreng",all,c85180c531ac9fd73ad5a5f5f5090271,ee94e337c0729662
../foodsg-233\Duck Rice\E6NKQ7TD56T381OCSCNGBMT7.jpg,Duck Rice,all,65adfe8a857c28a8cdf72425b3b951ba,ee9584c21d3bb946
../foodsg-233\Duck Rice\WUR856L9G6BR45XOR34F0K3J.jpg,Duck Rice,all,f8797315a8c165b00bfeb9360a6b0edb,ee9584c21d3bb946
../foodsg-233\Burger\LR6EIOR5B7AYUM1QX5JZC65O.jpg,Burger,all,48ad2c79a49d8cd591194529225fd479,ee95913e846bb862
../foodsg-233\Burger\44WGQJ5ZKW5T4SVYMOH8LF5I.jpg,Burger,all,dbb874db12101dd16600759fed3c5132,ee95913e846bb862
../foodsg-233\vegetarian bee hoon\YE7BRG8YXTHE2WH81JENGOFL.jpg,vegetarian bee hoon,all,29534e21a8f6a322baf85fddb19efa18,ee95b050a34bb4e9
"../foodsg-233\Bee hoon, goreng\URGP2YPROPA1KZ71XICJ42US.jpg","Bee hoon, goreng",all,eb8edd74233a175736149bfff6140d2b,ee95b050a34bb4e9
../foodsg-233\Mee soto\89VENBEYAUZII0ZP8664BFM4.jpg,Mee soto,all,f752a92029b7df29a212b1864ead74ab,ee97b446611b254d
../foodsg-233\Mee rebus\DMBFSKUB8TLIWXR4WR82E1VO.jpg,Mee rebus,all,760aae35b89a914c6eb10ab2abecb232,ee97b446611b254d
../foodsg-233\mango pudding\Z8QF3KAYYKOXH8Y2BSUWQ2S0.jpg,mango pudding,all,54929500292575e66124edf310727317,ee99e4c2c9e29d09
../foodsg-233\mango pudding\VZRGXB31ENOTIE9L74FPH8VV.jpg,mango pudding,all,b1251857d82f03633a4a4c60fb199d29,ee99e4c2c9e29d09
../foodsg-233\Sweets\4ETC7QJMN0RIG3256TFEGVKY.jpg,Sweets,all,106c0ec54621644f0ff105f1d26f9ab3,ee9b0fe49229866a
../foodsg-233\Sweets\3KW7DQ9VCU15LESX98CR6RL9.jpg,Sweets,all,3c20d687109134bb33f7cb99e02623ec,ee9b0fe49229866a
../foodsg-233\begedil\57FPY1TP0ON4UA3C158Y9A7B.jpg,begedil,all,13c5e4b39d7d9dd6c1ce825cc27751c8,ee9cc9c370962359
../foodsg-233\begedil\2ZQ5OK3JUU249SSU86FXU39I.jpg,begedil,all,8804bf07a36844729999b3f3f4b9f0da,ee9cc9c370962359
../foodsg-233\biscuit\BK4VBRKJZ59ZORLAB8QTEBVH.jpg,biscuit,all,3e30f594a6040f77b947c78aa7b2b73e,ee9d8162378864b7
../foodsg-233\biscuit\ZNPKGUIFE5E3BCQJIJ9HM3U2.jpg,biscuit,all,be953df38ddaff1ec8a69f2d8d96aa0b,ee9d8162378864b7
../foodsg-233\hokkien prawn mee\CG9NAGCTDYOBSGTDMQD5JX75.jpg,hokkien prawn mee,all,6da610ddd1e2e849b9a1ecb51d59bff2,eea015ad9b961cd8
../foodsg-233\Prawn Noodle\GL3UO6A63A7IDV5CZ06BFSUH.jpg,Prawn Noodle,all,c74346febcafa627ad5d854c81bf1218,eea015ad9b961cd8
../foodsg-233\rice dumpling\D6BVIFXWBJ1AFAK3YHJ54ZB1.jpg,rice dumpling,all,36300ed0274e1d831b48e1432636d056,eea4d20b9d48b1d3
../foodsg-233\rice dumpling\ZFE68KJRXYHA423TDR8P0GJO.jpg,rice dumpling,all,9083bfc29a37988b6b61765f7cd2c293,eea4d20b9d48b1d3
../foodsg-233\hokkien prawn mee\01KGMF2AAP7Z9BKIK5NGN083.jpg,hokkien prawn mee,all,c77c044b7f97374062a240a4ed159dde,eea541c032466fde
../foodsg-233\Prawn Noodle\2RXBNT8SNUCMMENUH2MVD12W.jpg,Prawn Noodle,all,a6680bc57f58c012fd1f974c1f87d37e,eea541c032466fde
../foodsg-233\meatball\61Y7BM6T8BF0UC13X3O17XVB.jpg,meatball,all,5d41cee9f1bdbca2c15fa51a036462fc,eea5e486d043caf1
../foodsg-233\begedil\NBYI5W7ZNOGRWHJ5H5ML5Z24.jpg,begedil,all,086af2f0f2baa1fddbe4e1b254165fae,eea5e486d043caf1
../foodsg-233\Mee rebus\Q5RVV7Z4EG8ES18TSLJZA680.jpg,Mee rebus,all,93d20ba46a4b55324407ef21ec93909b,eea5f5809a9334c6
../foodsg-233\Mee bandung\8KU3WQ9VUH7ZVLIEBI4N1I4U.jpg,Mee bandung,all,3bd704b54ed352c265e993d5fbc57230,eea5f5809a9334c6
../foodsg-233\vegetarian bee hoon\HFUIBJF187R72NMTGQFOADCH.jpg,vegetarian bee hoon,all,0a1032d53edf1a541d50fb6aa55b72cf,eea8d429d2bcca34
"../foodsg-233\Bee hoon, goreng\DWD693BG1NT93ZSVVVF5YEKP.jpg","Bee hoon, goreng",all,8f01a43d047523ea1f44f5c774ddfadf,eea8d429d2bcca34
../foodsg-233\cereal prawns\NGUVVFT3YECMJUGMAEBYU1HZ.jpg,cereal prawns,all,65d557eca0ed6a29ea95a1971a99172d,eeb0a10ddf098717
../foodsg-233\cereal prawns\7C4R92BARLLP523AUJ112O4Q.jpg,cereal prawns,all,f61041f6e35ff05c34a8a77cd41357f3,eeb0a10ddf098717
../foodsg-233\Kway Teow\L68DEQX3IFJFS9AHE4SWFEQI.jpg,Kway Teow,all,ddf5226e0c6454899126fd29c00d6201,eeb89d41901ec72e
../foodsg-233\Kway Teow\WDJHK3ROPDTT22TC90VVP002.jpg,Kway Teow,all,a61ef776168092f405fdeb599057376e,eeb89d41901ec72e
../foodsg-233\curry puff\KGMBVAZZDHECJ1T8PF8VEW6I.jpg,curry puff,all,66a3e4abd67ba83157d2e22068fd0e6a,eeb8b087dcdc9860
../foodsg-233\curry puff\HEVXD9T4TAW02MDHHYXCC0BO.jpg,curry puff,all,76eca5364fdd8f85edc91150bd3a4c42,eeb8b087dcdc9860
../foodsg-233\Kway Teow\UDGDGA6EDTSQK84T6ZLADQLS.jpg,Kway Teow,all,4e7351d96154b1d706aefa80d367d712,eebc94c2c3ea4a70
../foodsg-233\Kway Teow\Y7S35H2W5XN5RWJC6EHREMG9.jpg,Kway Teow,all,1585af77d02892ca9458ddbc0b3a1135,eebc94c2c3ea4a70
../foodsg-233\rambutan\990DBOOVVXJGKJBOSEVV448X.jpg,rambutan,all,484127fc91928113e9cfbbd57d18f88b,eec090cfcb3669d0
../foodsg-233\rambutan\3J8EM6H72GCRAARWL8V80F42.jpg,rambutan,all,6abd074a3f35e28184b39b7c7d89b1a7,eec090cfcb3669d0
../foodsg-233\rock melon\93VMS7PGXTMPLOP4V99RWU63.jpg,rock melon,all,411be382f3bd244268017aeff09bc6b7,eec293859c17783a
../foodsg-233\rock melon\HQR4BE8WBHX0OKOVK4K83NJP.jpg,rock melon,all,ae2f266a7627cd820796ab642d87c674,eec293859c17783a
../foodsg-233\preserved fruit snacks\UO3EGBQMKZI48Y6BDW3B315M.jpg,preserved fruit snacks,all,09fb2b79bb84f087a3918c6a6b222abc,eec685199ef838c2
../foodsg-233\Apricot\855337HNPMY6Q5BBVEDHD41V.jpg,Apricot,all,82531dfdea7dc28cebaaed95a47f7c55,eec685199ef838c2
../foodsg-233\Nasi Ambeng\9U14MFB40SIX3A6SE3RK2T7T.jpg,Nasi Ambeng,all,7c4d4b830448adf1f60627a09997a841,eec691359ac648e6
../foodsg-233\Nasi Ambeng\U93STTTJB6YDKS8G3CXGTO3Z.jpg,Nasi Ambeng,all,241954e5303c0b2fa55286a60a1f783d,eec691359ac648e6
../foodsg-233\Nasi Ambeng\L4D2P3UCI3AEG2R07HRET81R.jpg,Nasi Ambeng,all,03b36f9d4bd5c410d6b88b566a440c77,eec691359ac648e6
../foodsg-233\Kway Teow\LWBA6UKT9VR3D57W14EPRZHN.jpg,Kway Teow,all,5740da2619a565d21ec589166646e030,eec6a57b84219ea4
../foodsg-233\Kway Teow\2AAWZ3T64JT2DK34ZWG92BDJ.jpg,Kway Teow,all,2f71f2e10303e6b2bd2d19a20e66e2dd,eec6a57b84219ea4
../foodsg-233\tumpeng\OEYS9D12NMVKMOOZ350SPPNX.jpg,tumpeng,all,471d3aec1746f9e35a26431668b09047,eec6f01bce688934
../foodsg-233\tumpeng\O37OMPD8EOQLEH83WE6HNV07.jpg,tumpeng,all,e07d3b66daf25fc77bca15645c7c2bf7,eec6f01bce688934
../foodsg-233\tandoori chicken\NJXNHF77JCCUE8ALZQJNFZ75.jpg,tandoori chicken,all,915aaf7807c8d46dffb0282bdb87eeb2,eec7843b830a92dd
../foodsg-233\tandoori chicken\AB8ACIMRVACYI5KOAXB699LE.jpg,tandoori chicken,all,dbd00e8e0efcfd500533200d0c17acf6,eec7843b830a92dd
../foodsg-233\fried prawn\1K3GGU7TOV97H4NNLT9RQAPD.jpg,fried prawn,all,7d3bc1e7fd8b6f9ad04936822f3abe0b,eec9919652952d6c
../foodsg-233\fried prawn\LP1ONPH7LMBBVFJAUPMMH45S.jpg,fried prawn,all,519f0dc33eae810ad87971860fe7e6d1,eec9919652952d6c
../foodsg-233\chilli crab\VVI9HSSQ5ZJVWLIIFC79QCN3.jpg,chilli crab,all,97522bed70d0c503f2d76c52e12f4300,eec9b0b5e15c1529
../foodsg-233\Seafood Noodles Soup\4JI4PVLORARKKUKH18NMDS5K.jpg,Seafood Noodles Soup,all,2248cc3d0fa26c317146c591d40b78b4,eec9b0b5e15c1529
../foodsg-233\yong tau foo\J3D2G6YN40UTGPNICWY17BSQ.jpg,yong tau foo,all,8af94857e5335df1144a646e565dc6fd,eec9e1e8a32585d2
../foodsg-233\yong tau foo\AVDAM7L6FJ4JHIXUSOTSAHNC.jpg,yong tau foo,all,c1dbb5499af9680904aee2c329c772ae,eec9e1e8a32585d2
../foodsg-233\White Bread\JA2802S5T9R3IP8Q8BIW5QDT.jpg,White Bread,all,9ee48a25bb616427bd1753a7514ad2cd,eece99c500d2b61e
../foodsg-233\White Bread\UKPGFQR5JCKPQ1M8JSG7XUK8.jpg,White Bread,all,660db39455303bc46cdfb4825e85dc6d,eece99c500d2b61e
"../foodsg-233\Bee hoon, goreng\QTIKP3FGVOM1UP0RQQ05JZNW.jpg","Bee hoon, goreng",all,14e17ad0bf8a632cf13647039e47c46a,eeceb9f8a1c40299
../foodsg-233\vegetarian bee hoon\BB249YVAC5EGB0OWIBJEGXGU.jpg,vegetarian bee hoon,all,696f7226a8ed2c07ab8fc165adfbf446,eeceb9f8a1c40299
../foodsg-233\Laksa\DN848X0TP58K5QEY8GRV1B6Z.jpg,Laksa,all,bddd75f97249a9b47a646b45255433c0,eed1f477818884d9
../foodsg-233\Laksa\1KD5WNBSER256GBS4IB8X7AV.jpg,Laksa,all,687de899c848ff1ea5120fdecfbf8170,eed1f477818884d9
../foodsg-233\yong tau foo\LGM02X4ZQUBEJ96SUNHY5OF8.jpg,yong tau foo,all,fe6bafd71e33027653f6f01e66f82dcc,eed881a51fc6ca38
../foodsg-233\yong tau foo\O9RJP6WRADHTDFAMVN48M0RE.jpg,yong tau foo,all,838ed878a6aa49bde25847e0ce966a36,eed881a51fc6ca38
../foodsg-233\hotplate tofu\5OP99Y872X08CSI83T2RAF85.jpg,hotplate tofu,all,6d37859aa1a2a33643cdb2ad84bc80cc,eede36c012c999e4
../foodsg-233\hotplate tofu\H0QTVQTDHX50T20FDW867Q50.jpg,hotplate tofu,all,87548726fb111b5e3bdf067049e97437,eede36c012c999e4
../foodsg-233\Pung Kueh\E6FEKNSC3Q68CHPOIHQUKN37.jpg,Pung Kueh,all,fa03f194daa389047113c282a29b0b06,eee0d587ca850a2f
../foodsg-233\Pung Kueh\QBGPLKYRRLWXCZ0LIHPTLPDB.jpg,Pung Kueh,all,6fbec21dea442297b6ff7fe0f46ae5a8,eee0d587ca850a2f
../foodsg-233\mixed vegetables\MMNQATH476N7Y339MOLBCWYT.jpg,mixed vegetables,all,e414c7ce1af585997b489e82ba5bd1ed,eee290945e47e878
../foodsg-233\mixed vegetables\Z1OBEU30T29YMN17M5YMWZRD.jpg,mixed vegetables,all,820fa956381498af057a7068207b954b,eee290945e47e878
../foodsg-233\egg tart\5DH49YR767UFXHJ67WFAWDRC.jpg,egg tart,all,f25266507753e034e615490d18ddf43b,eee4852c44b46f96
../foodsg-233\kaya toast\G9OZLJ043NEJQRME3IRHEFH9.jpg,kaya toast,all,99cbd09eef95fb99a75096abe9b455a3,eee4852c44b46f96
../foodsg-233\Chocolate\B0LPY1JUO9IOKJOI2AZIJV06.jpg,Chocolate,all,34ea3db33af56c112dea06aeb6fde5e9,eeebc5959115e540
../foodsg-233\Chocolate\SGVK1Q9DSY9QNTB1WI3WGJT0.jpg,Chocolate,all,e8a5170f52a60477bf33da156fe06d88,eeebc5959115e540
../foodsg-233\sambal stingray\X7071KNBC0O043XUWGQ7HWJB.jpg,sambal stingray,all,84b74737e55d79c4358bea282f0d7ce0,eef0d4798d686381
../foodsg-233\sambal stingray\1OKURB6ZSL4M92HGFO6QMU0F.jpg,sambal stingray,all,87e9998e00fa80e3988212b86770378d,eef0d4798d686381
../foodsg-233\Kway Teow\4Q61CTC855LQBOM4R3CSNPOG.jpg,Kway Teow,all,2fe252e17409d4a43b45f7c12e68f53f,eefa84a51e82fc12
../foodsg-233\Kway Teow\0RAOCN6NPGHRIR4ZRBM0YBSA.jpg,Kway Teow,all,a0ca4962f6b690d14722b81a3a89c984,eefa84a51e82fc12
../foodsg-233\green leafy vegetables\FCQYN4X3638E8C6R5BIR0W4F.jpg,green leafy vegetables,all,6a82a634489522496a70c549613e8ac3,eefae978a811c1c2
../foodsg-233\green leafy vegetables\YAQBAAEQZ81JQMORSQRJOQ4L.jpg,green leafy vegetables,all,61341f647c38778143ee4ba53c06cbaf,eefae978a811c1c2
"../foodsg-233\Bee hoon, goreng\BYL8SHR4NYENRMCNWRAMDOZP.jpg","Bee hoon, goreng",all,5df349102785cc28011ef0ba329c664a,eefbe13cc0aa01a9
../foodsg-233\Mee kuah\AVD5OR15A7ENJMJQ2OP9IKKI.jpg,Mee kuah,all,81ae8e781e88a2ed5cf7ca2a5786cdcd,eefbe13cc0aa01a9
../foodsg-233\tumpeng\VEGT84ZBDQ50BO684TZNRR2U.jpg,tumpeng,all,c8aef4d2488d23d9ceacec7f62351503,ef1259a40ce9197d
../foodsg-233\tumpeng\WJR671H8N17JSR3ZFKF3KW89.jpg,tumpeng,all,b66dcd074bc9299509b1c66674dc58a7,ef1259a40ce9197d
../foodsg-233\har cheong gai\PPNXGEKRNT7W8XMRBIS4KLJR.jpg,har cheong gai,all,d4e33dd1e90a8ff844c2d42ace4e4155,ef1cd43a15215ae6
../foodsg-233\har cheong gai\PDAB498B3FF9W6NC0YHDOCND.jpg,har cheong gai,all,f7c52ac34ec951ea3d97871840c6170c,ef1cd43a15215ae6
../foodsg-233\bee hoon\IJ4MG4OY0VGGRTOYAHQYYR2S.jpg,bee hoon,all,f8276cca92b413ba90531ad64a4e76d6,ef1f9535c0e4c264
../foodsg-233\satay bee hoon\ZHQS02OS0E2XKXS6KHBPX1T5.jpg,satay bee hoon,all,15da1d8b1251b7303bdfacae180b70c3,ef1f9535c0e4c264
../foodsg-233\wholegrain pasta\TJQYGLDB1L3G2822I7QIG8VD.jpg,wholegrain pasta,all,efac33e6a38d731d005e47e736d8577d,ef228495d07a5a8f
../foodsg-233\wholegrain pasta\XP921J7POYO46UJHALYJN3KZ.jpg,wholegrain pasta,all,b4dd08a6e4e2840e8da51311d9a5a07b,ef228495d07a5a8f
../foodsg-233\chicken masala\Z7U9PGF6UCZFCLCQKDLB82AN.jpg,chicken masala,all,3fb75290114a37fad5e14225e20246ba,ef22e697c48e5093
"../foodsg-233\Rice, chicken katsu with Japanese curry\0659PHCD17BVKS0RP6Y5W00F.jpg","Rice, chicken katsu with Japanese curry",all,dfdee7acb5e32e1bb91069adfce02c45,ef22e697c48e5093
../foodsg-233\Fried Noodles\QWRA36OR5UOQJ85TCS8UQ5EC.jpg,Fried Noodles,all,5ed6df848126b0dd7ea19fe777f98428,ef2c90c25e916b5c
../foodsg-233\Fried Noodles\SD5S0SME0BWG26MFQDTGHV1B.jpg,Fried Noodles,all,991a0ce58878958e22e55fe3495c3e52,ef2c90c25e916b5c
../foodsg-233\Prawn Noodle\TX8F7UMPFE8EGBPP20WEPT5V.jpg,Prawn Noodle,all,f3d8ac39150fbc4109beec1149cf8c60,ef37a0589278de22
../foodsg-233\Fish Ball Noodles\N7R5MRM41O7SKTTZHJ0830KB.jpg,Fish Ball Noodles,all,e167c8f7e2518df3176875f708384f3f,ef37a0589278de22
../foodsg-233\Kway Teow\19G4FNKD1A8SETJLVO53F0OU.jpg,Kway Teow,all,b3bbf2692457bea92fb7033a8c4d0c92,ef3c502f2bd0b4c2
../foodsg-233\Kway Teow\BJ7TU5Z8RW2JPEGRGGUOBBZG.jpg,Kway Teow,all,7542a553ce6e689fe43bee1291675236,ef3c502f2bd0b4c2
../foodsg-233\Soto ayam\UULCL1N9SU8IJX57SZ2L1CGW.jpg,Soto ayam,all,ac575ebbfa14380e53e782232112e778,ef4c90e38d8f1ac1
../foodsg-233\Soto ayam\SANNIKO3A1Y1326C9XDON7Q5.jpg,Soto ayam,all,f49fdcefdc8c60184b412b9fc0d289f2,ef4c90e38d8f1ac1
../foodsg-233\Mee soto\AE18UF5MRVJEQRAE6WIDHXAH.jpg,Mee soto,all,aec55eaa00f1c5fa227d85244b02ed3d,ef4c90e38d8f1ac1
"../foodsg-233\Bee hoon, soto\BZYJ46BQ3TXUWS0Q5FGTFQW7.jpg","Bee hoon, soto",all,2b7b2920823fbe1a5556cf9307803956,ef4c90e38d8f1ac1
../foodsg-233\bak kwa\073KA7ZGHCP8DZOXXYU61M3X.jpg,bak kwa,all,f3a9e39276a3cf07a73db3a4e2e53f4d,ef50fb5eea3a8020
../foodsg-233\bak kwa\3PJYE2CVCBGLUEQMHT3CFDIH.jpg,bak kwa,all,2bb0a319520992b518077ab6a9d4ff9d,ef50fb5eea3a8020
../foodsg-233\bak chor mee\9IKPLCXTE75KMLU3GEZY0RSK.jpg,bak chor mee,all,5cfa05fa08bac4e044179367bda2479e,ef585a2e2b30ad91
../foodsg-233\bak chor mee\CE7XZF2HUHT883H5B49KO3L2.jpg,bak chor mee,all,5d61a620b5183187861462dc7c35a13a,ef585a2e2b30ad91
../foodsg-233\fried prawn\R99NXUVH4502XNN1PJTXMBY2.jpg,fried prawn,all,f081377212fd91db0552f46f9460a1f3,ef63909cc0662f33
../foodsg-233\fried prawn\34CPEHR4SZI43B1M8XRO20MA.jpg,fried prawn,all,f1a21d2f8b4146b819f4077cf86935f3,ef63909cc0662f33
../foodsg-233\waffle\57TRMOAGEB63P9Y8YAKMZCQU.jpg,waffle,all,39a4185a5f241982117dc8497f6eb070,ef648ae5b19a3462
../foodsg-233\waffle\1RNKWDQADCYW3BW7NBWXIPPV.jpg,waffle,all,6d8c75f0b825b3f8310a4cc5162279a9,ef648ae5b19a3462
../foodsg-233\bak chor mee\SGFONZYM0GQO47QZZTPHXL0F.jpg,bak chor mee,all,164922221ff8bbb196034b568b6a3bfd,ef8190c56ad52d8b
../foodsg-233\bak chor mee\H4BMD1N59PTSZLTOE2BXVOZD.jpg,bak chor mee,all,1be96ca5b494b75ba7274714eae80d85,ef8190c56ad52d8b
../foodsg-233\Fruit juice\NFQ22K0CR9CXD0IC7GDXUIGF.jpg,Fruit juice,all,8c4fc298843f4f390fc78257fb03ef29,ef843b12e01f68b5
../foodsg-233\Fruit juice\D5G2P6HF0EVUJTW0FUTG0G5T.jpg,Fruit juice,all,4ef3178f54d241eb6bd9a9009dc4f828,ef843b12e01f68b5
"../foodsg-233\Chap chye, Nonya\9958TGZSPU7Y7XPYQ9SAA8WK.jpg","Chap chye, Nonya",all,645634fbc9133ab7bf58c3de29d7ad3b,ef8494269b93e1d8
../foodsg-233\mixed vegetables\W4DDT4RDLGFSPIU0908X1ER6.jpg,mixed vegetables,all,e5c88e100d3262d942a8ce6fb731dd73,ef8494269b93e1d8
"../foodsg-233\Chap chye, Nonya\ZQ6GAEFX8EBVCJPDHPGFOGM8.jpg","Chap chye, Nonya",all,6d658831724488f50b630e1f36fac8df,ef8494269b93e1d8
../foodsg-233\popcorn\394JEBPPFLIJYCGE2M4GKFS7.jpg,popcorn,all,9a89099a3ef9e4426843cdbb60e88fec,ef86f427c190434f
../foodsg-233\popcorn\0T28BU5Z66Z7JYL8R1SV190E.jpg,popcorn,all,cd0cac1b2aed9ab0082398ea55dcceca,ef86f427c190434f
../foodsg-233\cheng tng\T028UWOG88X57YIN1ES160G7.jpg,cheng tng,all,c8f54c6283194648299a17339941a981,ef89f20fc050e1f1
../foodsg-233\cheng tng\IE75VJIFIORBN7Q8L9YXLK3E.jpg,cheng tng,all,08ac7a8e6854ff36c25c2e0c6a9be37e,ef89f20fc050e1f1
../foodsg-233\cooked brown rice\CKGNBQCOWJ0FZW186RIGRDIO.jpg,cooked brown rice,all,0cbf27f71260dd6446ede29af86a11e7,ef8e747842216787
../foodsg-233\cooked brown rice\15FD684W51DMFCNPJ9Z1KG0P.jpg,cooked brown rice,all,c6ac8453380ff8305628762bb947bdb0,ef8e747842216787
../foodsg-233\biscuit\M910GK52SBYBHEUSZCU4WEN3.jpg,biscuit,all,8c1af06f03602c671d3afa9905524850,ef94c16b1ee090c7
../foodsg-233\biscuit\HFPBUH3UZZEP2BIOALU3AHMA.jpg,biscuit,all,9db5e659ef23e47ff93505029f207149,ef94c16b1ee090c7
../foodsg-233\Indian Pancake\IQ8NIRRLDQZJESXIAE7CEWMK.jpg,Indian Pancake,all,b8720988286a6317f9d8a0ab7557e422,ef96f6b8305121c9
../foodsg-233\Indian Pancake\LGOKWG3SS3QML32VKHON7GRO.jpg,Indian Pancake,all,4899b72bd423a701e55754fe38b73d6b,ef96f6b8305121c9
../foodsg-233\Pung Kueh\85N792YQUVAP12HE26KU5XUX.jpg,Pung Kueh,all,ecc10c6f589b8bffa9a5476570b6baf5,ef97b03c936c9160
../foodsg-233\Pung Kueh\MINNVAR8SDHLKWQOJK9FI1AE.jpg,Pung Kueh,all,cbdc8ee431e5d3e34f58d1b56d406d0b,ef97b03c936c9160
../foodsg-233\Grapefruit\CJ50PRTIG9U9FVGP36JL378J.jpg,Grapefruit,all,0de67366c05f6045799379d13b4ef9f8,ef9dd46283111a37
../foodsg-233\Grapefruit\OB1O2T3PFK6UYIG1SKPYPLAE.jpg,Grapefruit,all,a88a1486a103645f8bc5a44215a96e0f,ef9dd46283111a37
../foodsg-233\Pomelo\10FCU5NV01TB8FN457JOFAQU.jpg,Pomelo,all,f961f9bcd50367513ca79a9f4cfe6505,ef9dd46283111a37
../foodsg-233\Chocolate\63JKQS9NJ7DRRU1LSA2DRUWC.jpg,Chocolate,all,49b3118cf0675f08528081db3fe90d6b,efa5c45a9ea11ab0
../foodsg-233\Chocolate\3PR3J0ZILAR045VUSM2UL7IH.jpg,Chocolate,all,695357c370cc8aaead4ff1c6fec3fcd3,efa5c45a9ea11ab0
../foodsg-233\Nasi Ambeng\WZSTTVWTL868VD6TUZN9HVLZ.jpg,Nasi Ambeng,all,9989f9423325647c3a07d30daf5d1637,efb43a4ac49d207a
../foodsg-233\Nasi Ambeng\UISCBR3LXERM99SVMVE30K9Q.jpg,Nasi Ambeng,all,43bebefe09d5a5b01f719ecb3d93a764,efb43a4ac49d207a
../foodsg-233\Kway Teow\8REVGQXQSEF41CC4S02L59K5.jpg,Kway Teow,all,d14d2c0182ece990e586c0ae013f452e,efc0c187859f8c5a
../foodsg-233\Kway Teow\6L7N4F65HGUE1ZILO86ISB0F.jpg,Kway Teow,all,001a09a7b1d103e7317428e3e8797731,efc0c187859f8c5a
../foodsg-233\strawberry\1R204HVZ85JO1E682I592QJ9.jpg,strawberry,all,5ab936c2ffae1f78aabe3d92a2f4dd46,efc0c41f93783ae0
../foodsg-233\strawberry\VXWZ7IJ3EE30JN0SE0AU53RE.jpg,strawberry,all,4fbfda1e4d094c1f201d15334785526c,efc0c41f93783ae0
../foodsg-233\black pepper crab\YHR07U3PUNOA773WQSIWLCZ7.jpg,black pepper crab,all,b9fb0f8f452f1d9a676c2fa2fb27031a,efc1817f68e06a92
../foodsg-233\black pepper crab\OPEULWOAU6Q2VKQSCZBII9L5.jpg,black pepper crab,all,e756d29420f4008b0256b0cc259fae61,efc1817f68e06a92
../foodsg-233\rock melon\SWSFXLA13QRI8KI15VTOP4PI.jpg,rock melon,all,9a06fef25b0e5bf37de7bea71226be1b,efc1a01d9072c76b
../foodsg-233\rock melon\53AQTDPCSNVQNLMJN9EARKBP.jpg,rock melon,all,d5676881dcb3df4ae1b8bdb6db10ead1,efc1a01d9072c76b
../foodsg-233\rock melon\6VE8HCP3ERSX17E89L7GPI7V.jpg,rock melon,all,f3b58317bd9d81840158aae08f873438,efc1a01d9072c76b
../foodsg-233\rock melon\COCGT5UFTQR3EVMAPC3R418U.jpg,rock melon,all,c9475104803868ece03fd3c0a3aa8ed8,efc2941fca708d19
../foodsg-233\honeydew\TARK93IKHCUTXIVVDJOGJGVC.jpg,honeydew,all,40c9ed57c75d100043d00ed3d4cebd74,efc2941fca708d19
"../foodsg-233\Mee siam, fried\AIL2WQASWQ4J4BO9KG5UZCTL.jpg","Mee siam, fried",all,9b0abc095ca92f37b46c0500060ddc33,efc2d690193fd828
../foodsg-233\Mee siam\BB99XA19I2K7YNLD8ZFN8EWK.jpg,Mee siam,all,6a3dcc8882aa4cbed0f8a24486fee3b9,efc2d690193fd828
../foodsg-233\Kway Teow\P3EYTQRVY4O8XBFP3QIJ6MVH.jpg,Kway Teow,all,3c9f63578bef826d74603feaf4f9646d,efc456ea68942297
../foodsg-233\Kway Teow\6VMHNYIP3L81YXEVMK393MUW.jpg,Kway Teow,all,e942002d889a335bda4670b9ecefacc3,efc456ea68942297
../foodsg-233\Instant Cereal Drink\55OI2J4UQABWKEVS80GEEMEF.jpg,Instant Cereal Drink,all,6476f7278e6721e8d1c5189f6ccefa70,efc4907ac105763b
../foodsg-233\Instant Cereal Drink\4XVXVCBRDTX3EM7XHO9N0YFM.jpg,Instant Cereal Drink,all,216891008a131cc280c81a68caea0077,efc4907ac105763b
../foodsg-233\banana\8K0YV6B1WB6660BL2X1O1THR.jpg,banana,all,a6879806ef431c5a4057f214addf4f54,efc9f07897268c60
../foodsg-233\banana\I5G4BXN1UHQG354LBPT1SAOQ.jpg,banana,all,5a15eec83d44e36f364603f7764562f5,efc9f07897268c60
../foodsg-233\mee pok\C2ZJFH68XNEH2QQWFFCXH7ZW.jpg,mee pok,all,3f70249c789a01b541ca88d7c85f5072,efccbcc0c08b3596
../foodsg-233\Fish Ball Noodles\2N2I9VO859U0BRWKZIVSC3JY.jpg,Fish Ball Noodles,all,cdb7524ca637b08545ec4094b25757c4,efccbcc0c08b3596
../foodsg-233\lontong\R40FRLINKBZBE29KEHCYLDVU.jpg,lontong,all,3d6eef6c884cdb36f0227c2310a6db3a,efd1112a4c293af5
../foodsg-233\Lontong with sayur lodeh\5XGVVJ10FVG1A7QVHFN0U1EJ.jpg,Lontong with sayur lodeh,all,776c973179219347e3660050728906db,efd1112a4c293af5
../foodsg-233\blueberries\USPS8AJQK262QOSVQ3V8M5WW.jpg,blueberries,all,e28e4729f8bc66d82b45b731ef29d35d,efe15642f08864b7
../foodsg-233\pancake\U91WM6NKQB4KDJYALST77C1C.jpg,pancake,all,89a4f6c7852400fff8bdf7db6d58b836,efe15642f08864b7
../foodsg-233\fried chicken\T8K5UWY41BENQSWW906X9S5N.jpg,fried chicken,all,7ca39ddf3db9899a7c01487474d18cf5,efe698f08d881987
../foodsg-233\fried chicken\FT91NIE20Z7DX9TLZ4H3K1RC.jpg,fried chicken,all,813b8378b4a0b9ce3bed0a3c1f89b588,efe698f08d881987
../foodsg-233\cheese fries\89HEP97CJUH2ZIVGORE8HA89.jpg,cheese fries,all,b96e2235e94f9fffb099fced8753f043,eff0cc42934b1ca5
../foodsg-233\cheese fries\6PLEA62HNB4LTEOEHH33GJ4I.jpg,cheese fries,all,6134404a9b7ca0f1a61b1cac3b26d8b3,eff0cc42934b1ca5
../foodsg-233\Pung Kueh\SOT6EVMIVPJTWDLZ0BJFIWW2.jpg,Pung Kueh,all,6cffb0bfb52b0e7f9f4b809e6cd69db5,eff26a8f164160a6
../foodsg-233\Pung Kueh\EP17DBRZ9BHDNG6TGBZYX4Y2.jpg,Pung Kueh,all,e2e45e67670e3375417eefc350a685f4,eff26a8f164160a6
../foodsg-233\chilli crab\5UCF5W4GE2RFW0EPX73M7OSU.jpg,chilli crab,all,77c7901f01cb80050880cfee35caa77f,f00f817e637c7270
../foodsg-233\chilli crab\Q4CEV6ZLGZQNIZK2Q5UZWXIN.jpg,chilli crab,all,f7e569a4e0ffecc442015ea6d91aaa3f,f00f817e637c7270
../foodsg-233\bak chor mee\OYC4A29HP80LRWWP1RWYV5WJ.jpg,bak chor mee,all,87163ce51984f5b5bffb410c7b243e1e,f025c28c4a3bcd77
../foodsg-233\bak chor mee\L2OJ2O0650GFOU2EUXRILJXY.jpg,bak chor mee,all,3c1dcf35188b068dcebde65ad1f54165,f025c28c4a3bcd77
../foodsg-233\char siew\43JWTL5RHDFHSC7E6HHXFK8X.jpg,char siew,all,4d9ef396a821480083c7c59aae77ef4e,f04b8383c5c371dd
../foodsg-233\char siew pau\KZ7XA7R0RYZYNVDHUD7NHU83.jpg,char siew pau,all,66898db701dfd38f6578b167167e6ecd,f04b8383c5c371dd
../foodsg-233\Kway Teow\9A0VM0PUWMOL9WX62ZQD1SJA.jpg,Kway Teow,all,14e94e0849e5c93da5f28d4711d775f3,f05bd32b0a2d3935
../foodsg-233\Kway Teow\WAIMNDX6UW07EITL3BLCYUL2.jpg,Kway Teow,all,1ce788265d6e8ba83113d9dfe1d5edd3,f05bd32b0a2d3935
../foodsg-233\tumpeng\MSZWC34ZHUBEZ9XXHM98YDEO.jpg,tumpeng,all,73202e3aa8c0ade536d8234f222c40de,f075ea5aa9f22189
../foodsg-233\tumpeng\LOLGIS74CIA9AFOSCCQRHYD3.jpg,tumpeng,all,678e7989346db5dcc310d298e9c9f223,f075ea5aa9f22189
../foodsg-233\chwee kueh\06FLIMUZBJPG2GAVA3Z05FTP.jpg,chwee kueh,all,777223147eb8b052818aab5d849b6086,f078dbdb2c38c8c4
../foodsg-233\chwee kueh\NWSET79JA13M6Q2BYIIHA8CS.jpg,chwee kueh,all,2b33828c4d1f4ed8059204e5b2bcdbbc,f078dbdb2c38c8c4
../foodsg-233\char siew\I4TC854FN3E82CXVOAVYFMYB.jpg,char siew,all,c6c3eb56083ca24491a05a360589281f,f080e50fe73b816d
../foodsg-233\char siew\NCRD648YQKDMQBRF9LUUDBW7.jpg,char siew,all,9a7d78f7c9ccfb3d267f4dad41a20b1b,f080e50fe73b816d
"../foodsg-233\Wanton mee, dry\OT2K8K9QVCAE43DNAAJDLQ7P.jpg","Wanton mee, dry",all,d95c2a5f62f836a9b477bc5ae4ab592b,f08f0e70f182de39
"../foodsg-233\Wanton mee, dry\CCYH0A1P3U4FKFZBZB47A397.jpg","Wanton mee, dry",all,828d4412bef96a97e24c4d1bbd0f1d30,f08f0e70f182de39
../foodsg-233\buckwheat\C4LQI9DI5HU8P86AXPMY7CQC.jpg,buckwheat,all,ff10473e51e0ae059d37bf50cc58b7c7,f091dad5da6a4989
../foodsg-233\buckwheat\T64VQ2PBDB8S6YVAAO96F8BW.jpg,buckwheat,all,d93e7518c296ba84f7a87536573d5328,f091dad5da6a4989
../foodsg-233\chin chow drink\WI0HBMF8KO8BA8C4TSAFAAP7.jpg,chin chow drink,all,66bbf086390e6172c8ab3974847ba1f2,f0923cadc7d3f00a
../foodsg-233\chin chow drink\NUG969DLU4QCHIEW7XPVGU7T.jpg,chin chow drink,all,0c786f5b67a9a428fec4997e3be69cfd,f0923cadc7d3f00a
../foodsg-233\gulai daun ubi\NOWM60EGBCRDE86XYD32I2ON.jpg,gulai daun ubi,all,795b8aa208d166805d237f6d9863cd59,f093c29b8b4d0d6d
../foodsg-233\gulai daun ubi\PNE85DNSXPGDWVHPTZ5LZ7I1.jpg,gulai daun ubi,all,20207d9f922d6c03f4b4208fa54ce336,f093c29b8b4d0d6d
../foodsg-233\Ban Mian\DGK5AAVLWMA65EUAEG1DUG3Q.jpg,Ban Mian,all,92c519f26864f40079e2e6dbef3cce5f,f0943d8067dac6e5
../foodsg-233\Ban Mian\IWOBPU4PX7FFGTBF01YOCNZY.jpg,Ban Mian,all,9cd564464b7ce3a1d5d7cd135721dcc4,f0943d8067dac6e5
../foodsg-233\bak kwa\1CNBQSJX2WN8P99KINXZFJHX.jpg,bak kwa,all,a92c6c33d15e4f689686522f055d2ca6,f09dc766cca19c07
../foodsg-233\bak kwa\Q79ENUKF7X9CMH018KK5X44H.jpg,bak kwa,all,a48b21e3b5e2cf9ea8c0e8addb2441b1,f09dc766cca19c07
../foodsg-233\Peanut Pancake\QJOQ052GXEZEJ92CWJ34DDRT.jpg,Peanut Pancake,all,9f26cf442ac3a6f0aa6cbc13687fa542,f0b9d1944ec6686e
../foodsg-233\Peanut Pancake\HRPS9GVW54M3NAY7JJM9Y50W.jpg,Peanut Pancake,all,3621a0abb6bcd073235ad98f9ad4d068,f0b9d1944ec6686e
../foodsg-233\bak chor mee\U171NLXSQUA6BHNWNA1DVQFL.jpg,bak chor mee,all,934822bd9001cfb7ed86ef306d75fb7e,f0d59b7be0c484a9
../foodsg-233\mee pok\AHGTWZBYHYUN385Q5D2R6VQ7.jpg,mee pok,all,2ee924803b184fb0f25bf4870176b539,f0d59b7be0c484a9
../foodsg-233\Mee goreng\XUV2RKCG04UB1CG3P5FCV6VR.jpg,Mee goreng,all,8007b7dcc39a62370166c1f5ab4a09fc,f0f08c6a97631fe0
../foodsg-233\Mee goreng\TO43JVBDUSTPVGB2FJ20JFW1.jpg,Mee goreng,all,af73b6f575dc4b3013084947f1e9bd6c,f0f08c6a97631fe0
../foodsg-233\cherries\CTW9JJMK6H799F46V5ZI6SG6.jpg,cherries,all,111cf87b15ca8349b3c9977eb513a746,f0f6f158c0d64176
../foodsg-233\cherries\W0E7QARKX7643FITBZMYXOJF.jpg,cherries,all,9c306e7a28559b1d44e367ae4f3b19a8,f0f6f158c0d64176
../foodsg-233\Soto ayam\PHUX1W78A1JZVH6GRJ6OOD0D.jpg,Soto ayam,all,83e267ed9ffe07dad573e04a6a02ff58,f0fd45bf10f05a24
"../foodsg-233\Bee hoon, soto\2ZCFGXBHX42M44Q6I06PE2O7.jpg","Bee hoon, soto",all,125baef9a258135e2d20892543d524b6,f0fd45bf10f05a24
../foodsg-233\lamb chops\TBI8Y3J1JXKX5O3RHEQOSK5L.jpg,lamb chops,all,73c79723f729540b4b332ff3727fee20,f146c1af173d06b1
../foodsg-233\lamb chops\2I8Y3AJVBKHXWD5FEMLKLOBM.jpg,lamb chops,all,c516e2890da008d6ea0fc3c9091d9666,f146c1af173d06b1
../foodsg-233\bak kwa\1I12J4LG2GBK8NGTJF6B2IUQ.jpg,bak kwa,all,f351f251329398a1ec2522c8c60840b1,f147822a9d659f86
../foodsg-233\bak kwa\RU428HH9LA61W0IJ4EL78EAY.jpg,bak kwa,all,e30584b4d988b0af84aefd03a44b4f46,f147822a9d659f86
"../foodsg-233\Bee hoon, soto\IDOOX7HOWBCLZY6ZQ4E378RL.jpg","Bee hoon, soto",all,576d2751a8cf2f29a5f47478e15ec3b9,f158e0c15763d746
../foodsg-233\spring rolls\YON3JEWGXZ8RGLRWLRRB7ZMK.jpg,spring rolls,all,627c0b3e9a6d6a0efa3cc743b918f972,f17358a9351c0e8f
../foodsg-233\spring rolls\F33O69GTJO80LAX4PR3ABJF8.jpg,spring rolls,all,b078b66f265de6bcd13725aa6f5e1c7d,f17358a9351c0e8f
../foodsg-233\bakso\5301EQIDCYSN31O8NZ6DACI8.jpg,bakso,all,2fe4791c42256e8967ab0665f6e3c07b,f1839581950fd23f
../foodsg-233\bakso\B0I4TQ9UM47U4GWQHEPI8L4Q.jpg,bakso,all,eef5992db783c64fa41fc61ba12a26b0,f1839581950fd23f
../foodsg-233\black pepper crab\O0NQXERQXNLC0LUB2GZS8ZO7.jpg,black pepper crab,all,2ebc6848171b0ab822f275136eff8d1d,f186c69178cbb781
../foodsg-233\black pepper crab\WGYAOOH186N0RRGV6RH7NX1R.jpg,black pepper crab,all,c0dca6ec9e2b1445712fbf164ceafdfb,f186c69178cbb781
../foodsg-233\Nasi Ambeng\Q6DPWJUM0C6HRP2B5PI9BNTY.jpg,Nasi Ambeng,all,24c3554dceb2b321e2032b192008ff0d,f18a0aba9b82ded8
../foodsg-233\Nasi Ambeng\MB9XXQSV2CJJ2XPHCQMJONSD.jpg,Nasi Ambeng,all,a82a4177363f8842b3738fb7ef72e5ae,f18a0aba9b82ded8
../foodsg-233\Mee bandung\7TGZQJB90N3JD790J32OKDWU.jpg,Mee bandung,all,964c514665b897a3349c58cf003f95db,f19480c781df9eca
../foodsg-233\Mee bandung\SL6NVPBZ6LH7IMDYPB4QKD27.jpg,Mee bandung,all,ba1e7d47029589553535bdee6b513d29,f19480c781df9eca
../foodsg-233\vegetable soup\9DCRBC2DKMEJQ26K9M581Z68.jpg,vegetable soup,all,128e2b64fbad0059b3b55d5940c7fee2,f194cadaad8934cc
../foodsg-233\mushroom soup\L9JP6VHRIL9FDXW2Y3ZFJTO8.jpg,mushroom soup,all,b55f6194916a18fa79c9545998f07b55,f194cadaad8934cc
../foodsg-233\steamed grouper\D3EVR9O10GQR6TZR33FYIOGC.jpg,steamed grouper,all,f381fee42a3b5b761254b4cf34fc8ad8,f1983ea0e887ef84
../foodsg-233\steamed grouper\FPV5ZXSJG6XVZHU1W5ZNDM12.jpg,steamed grouper,all,a2d1f2a274b4c7268e517abb45bc38e9,f1983ea0e887ef84
../foodsg-233\chin chow drink\IL6WT9IJQVJ54D09LJFUHKEK.jpg,chin chow drink,all,299e8c25e4af03c39abc6ada82ff4c5a,f1d9aa38b9a18cac
../foodsg-233\chin chow drink\IE4WSAC9N1RV5DRXLI38WXL0.jpg,chin chow drink,all,3cdad66d535a78b3f10112b6069324e1,f1d9aa38b9a18cac
../foodsg-233\muesli\91P3YKVMFAK6WKHAHJ69F6YS.jpg,muesli,all,e1a80af2dcc56200ffa3650252a056dc,f1e6d0817f3802b7
../foodsg-233\muesli\9987XB80YI61IFD8P7F8P6OZ.jpg,muesli,all,2763d6a80aa5773904a01751d93728b8,f1e6d0817f3802b7
../foodsg-233\Fruit juice\QTUTA2TGTC991LMKBO3KYELU.jpg,Fruit juice,all,b87306b609a6302d68024bf53fde34c2,f1e868d9cee68918
../foodsg-233\Fruit juice\951674XK12N89XS1QDERKHZO.jpg,Fruit juice,all,a965c064c717aae1bafd3571e35f1053,f1e868d9cee68918
../foodsg-233\hokkien prawn mee\6VW3C2PEVMCIG8O7FH4WKVPO.jpg,hokkien prawn mee,all,1dd2fe7a15fb6a4da0d40376e2510ba6,f2378fc0e00e8b8f
../foodsg-233\Prawn Noodle\95ARR0G7GMNG7D13EB7PZV1C.jpg,Prawn Noodle,all,4a0c1b90f37e5df9816cb66cff2cf07d,f2378fc0e00e8b8f
../foodsg-233\chwee kueh\FRJ0YMDR0BHKY80RQ2KJ9JE1.jpg,chwee kueh,all,a83a89d2c39b35953ca58da7c4c89375,f2424badf0d08b4f
../foodsg-233\chwee kueh\5CAOD9CG3250YT3CLONLZZMC.jpg,chwee kueh,all,e1e43f3c7b1f02f412e5a1b90fd94d8f,f2424badf0d08b4f
../foodsg-233\mangosteen\JQXYI98M4GZGZ2P2YHM01JCF.jpg,mangosteen,all,373bfbfe33b20d162530271bed975000,f2768cc91f91caa4
../foodsg-233\mangosteen\0B74N5P54V0R7FH43TKDB1SG.jpg,mangosteen,all,ff4690c25baf758fe51695cad17e3bd0,f2768cc91f91caa4
../foodsg-233\Seafood Noodles Soup\ZMYXLB96R1H9EUDVPZWA11EP.jpg,Seafood Noodles Soup,all,291ed6fb2597a47558b70b7f531416fc,f27d81629632cf98
../foodsg-233\fried fish\X0YRAISRY6XNKVS9L560VTUU.jpg,fried fish,all,820743f1b13aad05ec029df2005e6d6a,f27d81629632cf98
"../foodsg-233\Mee siam, fried\R3Q5L2M11TPQR873Y3HN49JK.jpg","Mee siam, fried",all,ff6aff617e2035fdd9bb69e346612ec9,f285c93f70b2a1b8
../foodsg-233\Mee goreng\05RVPMLJWIG8PKW8PMSGEB2V.jpg,Mee goreng,all,8ad5ef6ed018930bc31913dc8e83ad79,f285c93f70b2a1b8
../foodsg-233\sambal stingray\YU9ZRH2JGUNB465W4LAFCM2L.jpg,sambal stingray,all,5f50b992d7669292e2a320cc1eda4924,f2948d1bd26519f2
../foodsg-233\sambal stingray\4MIIGWAP2YRQ9DVCVY04P64B.jpg,sambal stingray,all,590cedee60da8bbfd9eeffc36b5aea4d,f2948d1bd26519f2
../foodsg-233\sambal stingray\G5T21BLK0CE5L4C46YJQSU4Z.jpg,sambal stingray,all,9806e2f90828d286689ff76f0d4211d6,f2948d1bd26519f2
../foodsg-233\kway chap\J80E5TBM0C5XNSA99ZPIQVN3.jpg,kway chap,all,b23a1d91d4068d86b6c210eac3d7692e,f294ca8c2eb19997
../foodsg-233\kway chap\9M75LCA2JUNLJAM92ZMLD5PZ.jpg,kway chap,all,af9fec295a6fa0b790ce68a9e40af0be,f294ca8c2eb19997
../foodsg-233\Fish and chips\LN7F9TKQE02KWDW469NXLVTJ.jpg,Fish and chips,all,ac4974fdc6fcaca0e0f81a033f1f1e80,f2b383372ed23ca0
../foodsg-233\Fish and chips\3VWATPAX7SWK9O7XF7RFPV5Z.jpg,Fish and chips,all,db49d1c99976fbc8e116b7297ea2a8fc,f2b383372ed23ca0
../foodsg-233\chin chow drink\B1SLPCIOVQ4JHLBPHD1M3GA8.jpg,chin chow drink,all,c8439b9bacf3117cbe2de79bb35244fd,f2c795154936c46d
../foodsg-233\chin chow drink\V2YP0ESOMYRLH0VND7C1K7N1.jpg,chin chow drink,all,025105f62f8bde0a4e3cb1b7f3a39c43,f2c795154936c46d
../foodsg-233\lontong\CYNYK2363DPZPKJKA90T6Q01.jpg,lontong,all,fb3f25361d20d5adef4048974ee950f3,f2d38f171830f538
../foodsg-233\lontong\AEH19R4PSD0S63WO4J0K2JDU.jpg,lontong,all,6be6badc9e8f5e4cfd16a4b4879a74d5,f2d38f171830f538
../foodsg-233\chilli crab\S3MOYIUDASX3BMJC5E5RZE0A.jpg,chilli crab,all,950dae8a7b994023c0efc76c24c6f33a,f2d3d4729303dd24
../foodsg-233\chilli crab\TF8QYRRTY60GW4YDL92T2592.jpg,chilli crab,all,94105feafcaef816e9a0bb3997cf1034,f2d3d4729303dd24
../foodsg-233\chilli crab\QN5I72FJAAQBRSPNNQSRNRWC.jpg,chilli crab,all,bab27d3badffa0f80f4420e44a49c435,f2d3d4729303dd24
../foodsg-233\sliced fish soup\N30HZHL15R3OPMS5E8TQO8R4.jpg,sliced fish soup,all,e6534097a5ff93caae34c75bedd85e46,f2e949b2299478d9
../foodsg-233\Seafood Noodles Soup\9QLHXQKH9OYHPEX7UPMZOXM3.jpg,Seafood Noodles Soup,all,44d99491dc1d94b984c7f3f26085afcb,f2e949b2299478d9
../foodsg-233\Lontong with sayur lodeh\52Q0WZJZ80CDFCSBFLAH8UTK.jpg,Lontong with sayur lodeh,all,c2689f38a84ee7ec0c1dbdbb89508791,f3048c5f74786371
../foodsg-233\lontong\J4IAEX0PRG2JQASN60M9EH3G.jpg,lontong,all,a34b7255238267a9fe15b0ef74ca350b,f3048c5f74786371
"../foodsg-233\Wanton mee, dry\66RTZ92DBCCC6VZY3EDMJ2D1.jpg","Wanton mee, dry",all,893aad208649e8b52e2d8c234739c47f,f30b6cba899ba249
"../foodsg-233\Wanton mee, dry\OOE3XXTLENREUSBRJ1NWSWXT.jpg","Wanton mee, dry",all,aeb5a08402d713d6530138d7e7e8d474,f30b6cba899ba249
../foodsg-233\Bubble Milk Tea\R8ZT9IOC2VO4WR4954KZWNNM.jpg,Bubble Milk Tea,all,5a87d736e025f3d7dabeac341e18c4cb,f3313493c75d286a
../foodsg-233\chin chow drink\5KN4C9N1JAGM01KJ6F4T8P80.jpg,chin chow drink,all,c906e4b6866bff783b48ac60c7dcf773,f3313493c75d286a
"../foodsg-233\Mee siam, fried\FW0A2NHR4CGFKMEJ1GZMMSSV.jpg","Mee siam, fried",all,e5c6550853c010cf2fa40752784a5fd1,f33457185b4164e7
../foodsg-233\Mee siam\6MFA0Q5ZUNLYMQT55QPL3URD.jpg,Mee siam,all,0a8dbde819fd2c9749040088469def2f,f33457185b4164e7
../foodsg-233\tom yum noodle soup\ZRJFISZZOXVIJVLAKZJHN0G7.jpg,tom yum noodle soup,all,ca5cb05067c910d7d6799909f177f746,f37680fd15504dd2
../foodsg-233\tom yum noodle soup\TIWII86E4E2K14DYN5R8IBUY.jpg,tom yum noodle soup,all,5b60119411e272e5195e5b00f2e8b4f1,f37680fd15504dd2
../foodsg-233\kueh lapis baked\KEYWANT0G75FVBRZ5JX4E3NY.jpg,kueh lapis baked,all,9cca3ef5f358da43ee3b8c6fdadb9fbe,f383f8c680979d38
../foodsg-233\kueh lapis baked\4QXENLLJCESZK5RTZEK1CQYO.jpg,kueh lapis baked,all,ecc4d5f0eb94fe7eb1728905cd6e79c6,f383f8c680979d38
../foodsg-233\mushroom soup\Z17UPO8ET95G4GQVFYZUBC06.jpg,mushroom soup,all,9fbde7571f15ad4038251d8083ac5acd,f3913dd47092f08b
../foodsg-233\mushroom soup\9IXF4UP70F617O3NY96XN1A9.jpg,mushroom soup,all,f76a00859f85f7f7a60d60b0ec0ddd30,f3913dd47092f08b
../foodsg-233\rock melon\J0W19QKLLLOYHKUNV24Z1DG9.jpg,rock melon,all,66893f01af9a7065dbaa4a413f39cc3b,f3929769cca4cc92
../foodsg-233\rock melon\5LJCH2KTOCKQ0VMUCWI3NFTB.jpg,rock melon,all,485b18ab77e7a02b82685c30a5f7cff2,f3929769cca4cc92
../foodsg-233\rambutan\CJJCRAOB20AD8FPMX7UH3426.jpg,rambutan,all,ab25b8f8a8bf9bf36034190309e5beca,f3934cac33934e98
../foodsg-233\rambutan\Y8OCLSDWRHHB51PCS3CVWP0J.jpg,rambutan,all,b2d66fd6f0e6143a0e883e50b01b15e7,f3934cac33934e98
"../foodsg-233\Mee siam, fried\OPMI1FDDGORI0LRZKC6OBSUX.jpg","Mee siam, fried",all,ffa5ccc99609c82a076bfec3a202b016,f393cd26189b668c
"../foodsg-233\Bee hoon, soto\LZX9CO3FK2AKVC9FXMQZFR35.jpg","Bee hoon, soto",all,4945900e71a8be1f0d9d827d3e7e71f1,f39a820f2d6d9507
../foodsg-233\fried rice\4AP9U3X0KZUH275GOKFGNNYE.jpg,fried rice,all,a683594511cbed1a8cb2c750c9163771,f3a8a205e557d42b
../foodsg-233\fried rice\D2UNVURWNZ2784GC312L0T6A.jpg,fried rice,all,c3e904dfb92442622ad8a46fc499b78c,f3a8a205e557d42b
../foodsg-233\kueh lapis baked\L086YG0JBAA4U56MU4PBV27Z.jpg,kueh lapis baked,all,f940017a465814842dd871079c760fa6,f3aca3790d4899e4
../foodsg-233\kueh lapis baked\G27E47WOX1U1W3CSA8B9YN2P.jpg,kueh lapis baked,all,2e9196be8635ab0435ed8a877a059099,f3aca3790d4899e4
../foodsg-233\bee hoon\PXSGQ6D6TJHGQRVL3VP2GSOB.jpg,bee hoon,all,125c3eda794ca6673035cc7d0c1a3448,f3b1d17a85768261
../foodsg-233\vegetarian bee hoon\9A7235T64938HBGFGADZILPH.jpg,vegetarian bee hoon,all,68c1853d413356e5ecd773dc0e46bf0d,f3b1d17a85768261
../foodsg-233\bak chor mee\0T2HM5Q89B03X56CQBTZEFMP.jpg,bak chor mee,all,67a67ec036dd352a6eda7d71fc751fff,f3b3de5c801e81e8
../foodsg-233\bak chor mee\GXA3ZB7PHW9W6HXEKO8SA98W.jpg,bak chor mee,all,3e359290f0b9cc2dbfa64594fa846976,f3b3de5c801e81e8
../foodsg-233\curry puff\I72TAP9R1BLR3HTBMORSAYDH.jpg,curry puff,all,31cafac3610ed6a9b4a3c9cab8a62a81,f3c2b9a18d0bc61d
../foodsg-233\curry puff\YX1KZWNO44V0K61NM8037FH9.jpg,curry puff,all,8aff027f451c07ac9309cefcb40dc4dc,f3c2b9a18d0bc61d
../foodsg-233\goreng pisang\B7ZC0W0W5YFV56CYSZGWG5DC.jpg,goreng pisang,all,24d5c28852d01d36660fe900165a5c5e,f3ccf016c5798730
../foodsg-233\Chinese fritters\XY1O8TBVJBP4906QZ6UPXSL6.jpg,Chinese fritters,all,2363820b44f42389ccba78677c4983f3,f3ccf016c5798730
../foodsg-233\Mee kuah\9SA8ME9LXZQJEG7Q6RYHK9HZ.jpg,Mee kuah,all,cb493e46566613a3c1e8adc40653ed17,f3d38decd2cb1810
../foodsg-233\Mee kuah\3CMVZCNNWIWQLDGIOI6PPPLH.jpg,Mee kuah,all,7c49a442e1268d91202f1210adc7b020,f3d38decd2cb1810
"../foodsg-233\Mee siam, fried\8SU3WXFSN0U8KVMOA4UO4P1M.jpg","Mee siam, fried",all,77a4cd3fb5cbd13d9e22f4d09654f94a,f3dac8447465e24b
../foodsg-233\Mee siam\HTSF5HG8CUW8AOFNDSGQM98T.jpg,Mee siam,all,0b6b391475863b80d6e5c5677d0b0023,f3dac8447465e24b
../foodsg-233\chilli crab\CB9M5Q6XEOEQPZVPIIRUZJSQ.jpg,chilli crab,all,f65c15cb4c77f9f55cf913d013a4fe06,f3f1c05799388f28
../foodsg-233\chilli crab\9YJXIV5N8UR10K60VJ4QV54M.jpg,chilli crab,all,fe569186d8f4ce51617485d6997368f9,f3f1c05799388f28
../foodsg-233\cereal prawns\6OMJVJEB9UKDNA66QB41Y4W3.jpg,cereal prawns,all,4fb0de6a0745208ac1362617b27bef71,f3f2e28382b3950d
../foodsg-233\cereal prawns\6W6VL3TC1TEVMB20VL8XFHYL.jpg,cereal prawns,all,11e8a7d5cdb14fd7f38b9abad2a828ef,f3f2e28382b3950d
"../foodsg-233\Rice, korean bulgogi beef\30MIR95U89K3OGWQ1SG5IUYS.jpg","Rice, korean bulgogi beef",all,679dc5a3be0b9b56d58728c6b4ef0973,f3f3113939805d8d
../foodsg-233\mixed vegetables\ASGVS0Z1T6IW9KXMHED7DR8B.jpg,mixed vegetables,all,497a4cba62a47fb674630cf4cb89c9dc,f3f3113939805d8d
../foodsg-233\Kway Teow\LPQ4QZ1AJ6CLB2F2TDHUOD6J.jpg,Kway Teow,all,e3bac47a9c031c2a54dfb80abbd44158,f40b82bdc3cdc915
../foodsg-233\Kway Teow\HY3KV3BOBQT2LJ5SUC83KN1Y.jpg,Kway Teow,all,94e5277fb8df8ec104f35fe47e82f7f5,f40b82bdc3cdc915
../foodsg-233\chwee kueh\218H42FZI46VLP4TWVTZWOJJ.jpg,chwee kueh,all,0d761687f17e2c1d6913f85ae585c331,f42a9035d3734eac
../foodsg-233\chwee kueh\94RQ16M9X15CRS45ML4DP49B.jpg,chwee kueh,all,727e3befefec81f804db29ecf257e59c,f42a9035d3734eac
../foodsg-233\Hor Fun\EGCCT9J7CCSME6AAY6DGE5R0.jpg,Hor Fun,all,594319ad24f5c963cdd23827539f213a,f42b89f186c0bae6
../foodsg-233\hokkien prawn mee\88AZAG9ZFDKOV8FAWE6WMDGN.jpg,hokkien prawn mee,all,a9b7e4429b9403a7b9f1a44eb2cc904c,f42b89f186c0bae6
../foodsg-233\steamed grouper\U6IZAHJT0N92AFNQTKX89AXA.jpg,steamed grouper,all,bcfcc03e26b97f5ba44154d585085d94,f43ad2e98b85cc85
../foodsg-233\steamed grouper\PYGRTCM9MIE9LTLRJZH9X5CS.jpg,steamed grouper,all,8e9e83702809010dd27e6136c69c622e,f43ad2e98b85cc85
../foodsg-233\Mee siam\NNU0IA39NW1Q42N862V2LPTJ.jpg,Mee siam,all,8f49d18c7d16e9253e6b09d6e359ef0b,f44c8a333dac661b
../foodsg-233\Mee siam\6M49NZFHZLQ5W1LXAOZJPTFB.jpg,Mee siam,all,d229122b8f2018d4f5ce34f0ae3a2037,f44c8a333dac661b
../foodsg-233\canned Fruit salad\X3VX53N0A3I8SSIKBA3006SN.jpg,canned Fruit salad,all,269008b3eb1d27ca70ee49422a715c1e,f44c8bb35dc0c273
../foodsg-233\canned Fruit salad\XS85COI7PCWUM19G2U7PNA7L.jpg,canned Fruit salad,all,ba99e63076ff6286d4eebb0b5b60d7c2,f44c8bb35dc0c273
../foodsg-233\Soto ayam\BM7I82HBC3FEF5QVX2F9WW47.jpg,Soto ayam,all,3c699b458118b5f42c26c7d1f859c2a5,f463c318dbe19c8c
../foodsg-233\Soto ayam\L53I0SY5SW3MDW1YEFLYMN5J.jpg,Soto ayam,all,63246b18741bbd7805aea2b94402fa86,f463c318dbe19c8c
../foodsg-233\chai tow kuay\OGWLVFKDTM1RMD7SXQ248X90.jpg,chai tow kuay,all,0f7460ca53e11c9e80d3e9aa5e53770b,f46cc460c04fbcf3
../foodsg-233\biscuit\42KKZWFCU7RFXGRVKUR9BERY.jpg,biscuit,all,b36b24d16cd0f04a1df830a459ef7354,f480cb2aae6d34d9
../foodsg-233\biscuit\7AXT06EEIDDCETCSD2H3QET1.jpg,biscuit,all,d228a133ab0c6a6b9ac302eea3bd6ddf,f480cb2aae6d34d9
../foodsg-233\Bubble Milk Tea\RCATF8RZ7LIP72OSLORXSVJW.jpg,Bubble Milk Tea,all,05445ad33513c9240ba2d2d379cd5500,f48b0930c734dd73
../foodsg-233\Bubble Milk Tea\CGE4583TZGVHJSPRSUTJW8GE.jpg,Bubble Milk Tea,all,bf0c8b8ffaeb0b9b4bf46d5369263659,f48b0930c734dd73
../foodsg-233\vegetarian bee hoon\Y6SK9WNLAUQRFTTITPDFHEZM.jpg,vegetarian bee hoon,all,dcbf389d7e280b92344370d97bb6bb18,f496b987c9586a25
"../foodsg-233\Bee hoon, goreng\E73LP4JZ0HQRKFOWTS125ENH.jpg","Bee hoon, goreng",all,355c1ef725d2e654c7d904741fa4819c,f496b987c9586a25
../foodsg-233\fried prawn\YYPISDQF71E218FYSD1TR159.jpg,fried prawn,all,6137a43583e970e49131c9b63fed42c9,f496c24b49ce3699
../foodsg-233\fried prawn\9XORF68YBDDAQVN7KLDHV5ZS.jpg,fried prawn,all,b616029ebaa8825f8419448e887f031c,f496c24b49ce3699
../foodsg-233\rice dumpling\5754XYFGLUZB7ANPJH18GXIN.jpg,rice dumpling,all,cf3b6ebee651cb7611e222b3616c73cc,f4a6d30dcca0d758
../foodsg-233\rice dumpling\1KNF575JR2SFSBZFN9XB1ACO.jpg,rice dumpling,all,6fe38e1fab60411e40561800633edd1d,f4a6d30dcca0d758
../foodsg-233\pizza\UQPUDVM5EUNIB3KE0BT6OGON.jpg,pizza,all,4c7962d72130d21a274c48fd69078000,f4c3d2894db6d234
../foodsg-233\pizza\ICN467WYUVMLCTY30MN678UL.jpg,pizza,all,65aa6c755f6a2f307ddab9474de81463,f4c3d2894db6d234
../foodsg-233\Peanut Pancake\Z368OH8KJ1ZYPT0XZL4OV0OJ.jpg,Peanut Pancake,all,aa4c39b2313ff4d61231fc9cb650c429,f4c59823c45bdd16
../foodsg-233\Peanut Pancake\LDXHYB8IITKDJZANMVM76866.jpg,Peanut Pancake,all,c35c2124396b95428d430767a68bf23d,f4c59823c45bdd16
../foodsg-233\Lontong with sayur lodeh\QTC0AYHA3WDARZ41PKIYLHLX.jpg,Lontong with sayur lodeh,all,88a42370ad3426d78e3f9624ba3de9e5,f4cfc82d85378b88
../foodsg-233\lontong\NGXG0B4T40H1IOCU9M95LYDE.jpg,lontong,all,6cc9b04bfa764a2875805d15d4696925,f4cfc82d85378b88
../foodsg-233\Duck Rice\ANRCNOZ32UCDKW45LEWH6KQZ.jpg,Duck Rice,all,6acdf8f294152772d2cb1c114e681dd9,f4d1c2454f54dc66
../foodsg-233\Duck Rice\EJ4WNAC9T97VA1VPH1445F13.jpg,Duck Rice,all,bbcbdc69b42a624c74df5f9c47b70115,f4d1c2454f54dc66
../foodsg-233\char siew pau\DS47O8TBZSHWR08MY3QTG5GP.jpg,char siew pau,all,7b1cfb08ac8c6a03da1755b30a9c4f0d,f4d629a146cd2b36
../foodsg-233\char siew pau\1R82B8GSJXUJ08XF2O71DS6Y.jpg,char siew pau,all,15fc135ae91f88e47857a204d6339898,f4d629a146cd2b36
../foodsg-233\chicken chop\5PJ86VFGL2MUHAN44M0CFRST.jpg,chicken chop,all,eaefd84e42f7a0ffd14b8979389d0cbd,f4d6c315ad0ab42d
../foodsg-233\chicken chop\1YWJL3IHJLGCHREPA4562AA1.jpg,chicken chop,all,71604a67c444d00870bfa19cddf2eb57,f4d6c315ad0ab42d
../foodsg-233\bak kut teh\L5UYVKZY1GVT7YAIG4XDN33I.jpg,bak kut teh,all,8b9d82d99ab73e4dd3c74f3c7294fe40,f4e562a7a5920e9a
../foodsg-233\bak kut teh\QCOGCCV0K1XJA42PI2QW1FP6.jpg,bak kut teh,all,5c2acd93cc3eecbcdf83fab8938aebcf,f4e562a7a5920e9a
"../foodsg-233\Bee hoon, soto\1AR76XG0PW7BHEGTTUH67VZV.jpg","Bee hoon, soto",all,4f1728e13cdb85be57930440c167bda9,f4fdd0d354c25a0c
../foodsg-233\Mee siam\FYAIN7YXS816U4XADP3AMN0B.jpg,Mee siam,all,be6dceb303fbf67cb350dedd06b796f0,f51e99a56d968990
../foodsg-233\whole oats\KXOH4LMXJ0Q4E574HSCMIWRS.jpg,whole oats,all,898adb4f23f9f326c39cbec29dc14ce0,f525a9cb8a4a96b4
../foodsg-233\whole oats\V2U3NUK3TYI52BGW1XD8PAQN.jpg,whole oats,all,ceff8512ee45a98a5a9f12715ee8770d,f525a9cb8a4a96b4
../foodsg-233\singapore sling\97JEWEFIU9BCL6OW9VXM18L0.jpg,singapore sling,all,8123ecbe54de994237b2f623dd666484,f5474e325e58cc98
../foodsg-233\singapore sling\UG2FHMMNJZ34M6WW1UYU3JFR.jpg,singapore sling,all,f1c29dd312029544c5153dbc36cf2bdf,f5474e325e58cc98
../foodsg-233\sirloin steak\WWBGPDUH8IDS2Z546208JMEV.jpg,sirloin steak,all,bab7ce1ea97f779d34ec9c689b21caee,f54ac2499da5899e
../foodsg-233\sirloin steak\NU4NHY8UG2FOGWP01IQ1BUC6.jpg,sirloin steak,all,b1e472fa05324c28e7633c6352686700,f54ac2499da5899e
../foodsg-233\popiah\GP5FXCEM29E1YJ6IPYVW68QI.jpg,popiah,all,8eb533aee0934dcdc9badcf45f8eb0a0,f55212cd6f6a24e1
../foodsg-233\popiah\HO4Z4ARD1VYWWFLRMNQ39XM0.jpg,popiah,all,9b646979c2e2484447bf9938a4f8a945,f55212cd6f6a24e1
../foodsg-233\popiah\RTOQ5YZHVUO1ASI5QGOFDYOT.jpg,popiah,all,bacaed5e857e36c0accc29addbfde5df,f55212cd6f6a24e1
../foodsg-233\kueh lapis - rainbow\IWGZHXHXYOOAFTULJTZ3IIQG.jpg,kueh lapis - rainbow,all,817d2dc73e1d9e078e55e8c26b1bd6ef,f555ce2ac0d39784
../foodsg-233\kueh lapis - rainbow\WW9QV3ZEXS10XMCDGKLTQ2CN.jpg,kueh lapis - rainbow,all,a768f4cd06dc004030cc0f86132029ec,f555ce2ac0d39784
../foodsg-233\gulai daun ubi\MQOAGD6O5PJGO86J1ZRZKGUV.jpg,gulai daun ubi,all,027fa4e244a156e78a66f5174236dc0a,f57a81c212e11f79
../foodsg-233\gulai daun ubi\N4HVSORWXFDDA7B517IIYEHN.jpg,gulai daun ubi,all,0d3f86b168ab55b2c9d67c615cfddec8,f57a81c212e11f79
../foodsg-233\sambal stingray\XZOWQ4L6TGQ54N9OS9QVY4DF.jpg,sambal stingray,all,c10824390742a386418eed0b5ce81762,f5805b09499d3ced
../foodsg-233\sambal stingray\T3YDUGB23B82IQBGSFFOICWH.jpg,sambal stingray,all,4e8b777987a8f4d9a52a3e93b457a0b2,f5805b09499d3ced
../foodsg-233\tau suan\Y5VFUHPGKLWWK45WAE4XUZ6E.jpg,tau suan,all,a863626a377b76add268fdd1a5d40caf,f5809f0ff01e3662
../foodsg-233\tau suan\LYDT5IZKGOVU8BM9GSNQ8GXM.jpg,tau suan,all,93047d613ac350317424da3c427674c0,f5809f0ff01e3662
../foodsg-233\otak\1VQTN83VQ3HFHMHS71ZPA1JU.jpg,otak,all,44d73ce0db6abfc650e5c1d3cdb5ed78,f585b4c092b62f78
../foodsg-233\otak\DPT5KJ13B8VJWYZAC1PRW9MI.jpg,otak,all,05bab2a011a1f07c9c6bc7e722ec7051,f585b4c092b62f78
../foodsg-233\chicken wing\9MZOHMRZTERWQZCZM4Q68HY5.jpg,chicken wing,all,cb09de9d8050d5eaec168f08e78cc599,f58852b54a7c9f30
../foodsg-233\fried chicken\9WQKKH9DCO6KF7ZQ85C3UHK3.jpg,fried chicken,all,c3d6f2e25b9ad1827ed95784595d659f,f58852b54a7c9f30
../foodsg-233\hokkien prawn mee\M1AQ6VKG2RFTYC10T3S24I00.jpg,hokkien prawn mee,all,53a7ce666bedc149f519bcb2d05af4b7,f590564acacd8a37
../foodsg-233\hokkien prawn mee\4D41BBYRRCJHIJ5KB0GP13ED.jpg,hokkien prawn mee,all,94b74d8ed24caa1c989ee1e5c8d52a5a,f590564acacd8a37
../foodsg-233\Fried Noodles\1CQSHFXGV4UIZCIRIRCLZYNA.jpg,Fried Noodles,all,aa48318f3c9b059c204dec565c5e724f,f592c2ada93648da
../foodsg-233\Fried Noodles\LSPN1CQ3TRMK39V3IPMDW1N3.jpg,Fried Noodles,all,85614151dde605466dd705d321d393f6,f592c2ada93648da
../foodsg-233\sausage rolls\SOTZFWZ16R5FIXY9MZOVV2IN.jpg,sausage rolls,all,2c94a46f80067fc39a311d0b154ac367,f5934d24c66891db
../foodsg-233\sausage rolls\O9OPKB70L0OMN7W4H5L5TW5E.jpg,sausage rolls,all,7476e8b5bd30a95d2768b570d51e4a0c,f5934d24c66891db
../foodsg-233\Pung Kueh\9IYZ76AHJIWGVWW573ZMK2EW.jpg,Pung Kueh,all,2f2e097a7ea3466ad7f6c6d5b27ad3b2,f59aca159c34351b
../foodsg-233\Pung Kueh\GNSWWVU39VQ61E4HNBTV9QGX.jpg,Pung Kueh,all,226f1467cac6a139899bd98a6bfbd6f4,f59aca159c34351b
../foodsg-233\whole wheat\UNGT7P0ABL08H7NYWYEPDOUF.jpg,whole wheat,all,91539148f2a7f71846c2ba98bf920ea3,f5a150064d7ef293
../foodsg-233\wholegrain pasta\AR0AEMTK4F0UH2P2O3B78LQO.jpg,wholegrain pasta,all,932dfbc7955bf8b3ed3eb5c9cfd7a65b,f5a150064d7ef293
../foodsg-233\Soto ayam\HFUDSZMO279ZTPJH0RNKUTRA.jpg,Soto ayam,all,1f0eb80b52433eb69fc4a9794ab905cc,f5a1da4c49c26dd2
../foodsg-233\chin chow drink\ZEVZONODP3XUPVJ7UC00MBCA.jpg,chin chow drink,all,f47a3f78d510226a77241c3e2d8342cb,f5aad4972a787160
../foodsg-233\chin chow drink\LSSIG3DXY1U6ZC4X3W2W359A.jpg,chin chow drink,all,adb8727d3db476a5f6b42a5dd62f3ee4,f5aad4972a787160
../foodsg-233\Fish and chips\FZEDIBS7HNJGVL8HWJP9XFO3.jpg,Fish and chips,all,6dc1cf12900423fa226b2a5690c0ec2a,f5c4c1710ed9e233
../foodsg-233\Fish and chips\89SNVT7V8UM4J4MSG4VK11ZE.jpg,Fish and chips,all,3a5ec5ed41080eaf95cfa4412a6352f9,f5c4c1710ed9e233
../foodsg-233\cheng tng\51IJ030IGG04QJH772KPBLX9.jpg,cheng tng,all,5b8e7e4379de2cccdc88d694ad5a6e91,f5d24a6b2135c6e4
../foodsg-233\cheng tng\LY47QZD213XFMDUD0N7OGK9F.jpg,cheng tng,all,66eef25681c466c48df0fbf8ef10ad77,f5d24a6b2135c6e4
../foodsg-233\Kway Teow\FTLQCMXE2K3EFAMMTT2PU2UE.jpg,Kway Teow,all,3e73aeb37389ed4457f4208c460857c2,f5da52e84bc16986
../foodsg-233\Kway Teow\2DAGGZCK8QARWFDE102A468E.jpg,Kway Teow,all,e5c8d92fd9090a58bb7d34e440a0cacd,f5da52e84bc16986
../foodsg-233\rambutan\PCTNY4I1DD083CYFZEL99LTA.jpg,rambutan,all,3782ef5dee4374232f9d2f4ebe47d0f2,f610f94f695986b0
../foodsg-233\rambutan\CTO9KYBYYKCC8KQHZIZRPMCB.jpg,rambutan,all,36362c6abca71107d915b51b995f63bd,f610f94f695986b0
../foodsg-233\rojak\7T8ZXCPAEB8OU1J1DK72V214.jpg,rojak,all,3c9c42778ba06d9e0dd325fc71fb7ac6,f611136f6e2c9525
../foodsg-233\rojak\RQE01TDQ4KZQCPWM5QJOFWLF.jpg,rojak,all,ca4ac83af49770cddbca7ba87dbbad94,f611136f6e2c9525
../foodsg-233\chwee kueh\A24Z8IQXX37JMHE8OAXLR3W6.jpg,chwee kueh,all,80d1e6ab340d45ca462e327796dcf867,f62a01b54bdb2e8c
../foodsg-233\chwee kueh\7W1QTNY6IDI9IA1XBIN18YNJ.jpg,chwee kueh,all,257fe8c6aee157af790a6ce95b481d7d,f62a01b54bdb2e8c
../foodsg-233\Sweets\SS7763OXTUPVDYD8LD6CEV3H.jpg,Sweets,all,fc181d124d857f466dd1f0f97e53b159,f635917696c1a1b8
../foodsg-233\Sweets\7V6DP0NVZHEBMXZLSN6ZFUSZ.jpg,Sweets,all,f829a9559f7adb7c95fa94babc92427f,f635917696c1a1b8
../foodsg-233\Snacks and Chips\0ENJMUJYQEOFOBTGYNIA95G3.jpg,Snacks and Chips,all,b75e10bab693cfa94b08c75c7e47178d,f64eb10c59236579
../foodsg-233\Snacks and Chips\NW2WBTU8IELL2LU8GEN9OV3O.jpg,Snacks and Chips,all,10d9f89dae55ec3fbedd5aae51ab02c6,f64eb10c59236579
../foodsg-233\drunken prawn\8J7BW8YJGF0YI8GARXWCP9OE.jpg,drunken prawn,all,28172b195661825f050afc13c4e4c863,f65f3421ad4de481
../foodsg-233\kueh lapis baked\3S9JGRWJYD24HGLMM76XSH9J.jpg,kueh lapis baked,all,6ebf218de6efb1bd8216144fdbaa9a8a,f66341f058d92997
../foodsg-233\kueh lapis baked\GLG386CHDTU8KPMKODF0QMKZ.jpg,kueh lapis baked,all,f238fe1ac539fd34052a28898534adf0,f66341f058d92997
../foodsg-233\Pung Kueh\E4PU4ONOUHW2K45Q843Z81ND.jpg,Pung Kueh,all,80e617b2c91a4a0a3c8216edc7c9d745,f6666e494dc47682
../foodsg-233\Pung Kueh\XM9HLP9DND6HQ4AXXB0U9944.jpg,Pung Kueh,all,3ffdbf62712e28ee55f3e981c188bf29,f6666e494dc47682
../foodsg-233\cereal prawns\VHLHTBB08HFXTHMFZUCM7QZV.jpg,cereal prawns,all,1a04336cb01dd44b0edb72c01d46b314,f685d62f8532d252
../foodsg-233\cereal prawns\SFV8HMD846IMG4TTDRBNTQ9F.jpg,cereal prawns,all,c7a2151122b2b53acdfe6de318a2d54c,f685d62f8532d252
../foodsg-233\chwee kueh\6JXKOIOVRHFI1G1BNKMPLOQ4.jpg,chwee kueh,all,ed56346e3d8fecb45e8578cdc0209ce9,f6873f43a1dce220
../foodsg-233\chwee kueh\U74UCBBL3ZU7P5O5EEK0WLEZ.jpg,chwee kueh,all,726104bf5f583360a01cad92404cc3a5,f6873f43a1dce220
../foodsg-233\char siew pau\K30HDCLSFQW8P9BE4Y5TXU8S.jpg,char siew pau,all,74a20d0505f1d39391a8da3861e3534e,f68839649a996736
../foodsg-233\char siew pau\Z2EH9ZFJ31R7KKNRWP9UMNPW.jpg,char siew pau,all,009da770b2e93cf2b2369d7f21ab1e7c,f68839649a996736
../foodsg-233\dumpling\YSL1XO39HQUFJH9XCJ9ES8XB.jpg,dumpling,all,70f1e60061f8b6b4c38d7487a1fdf6f7,f68d8abe31c690a3
../foodsg-233\dumpling\S5CIEGV39HR0AEG0UOW6RN43.jpg,dumpling,all,b7bedca86b5041e20f170845b21f12e4,f68d8abe31c690a3
../foodsg-233\Mee rebus\4QEQP136U2E84AHX16E3VIX0.jpg,Mee rebus,all,418e2e9469683960adc95eaa96d4452a,f692cf59dd447048
../foodsg-233\Mee kuah\YIVJVLJX7ADTEAUHG61YAS6B.jpg,Mee kuah,all,2e5ae114bf35cb467c8bb011c8ed41c2,f692cf59dd447048
../foodsg-233\Kway Teow\UB1L3KJJAOGB2ZONQMIM0B3L.jpg,Kway Teow,all,771b00e3cc31d2626693db5dcf649104,f6adc652818eda85
../foodsg-233\Kway Teow\NJWGSF20I5T92F7D5JGGZCUA.jpg,Kway Teow,all,9a75c33e7915f05e87ce0a2514b6062a,f6adc652818eda85
../foodsg-233\chicken pie\DA0AE0377NJKYY82YW7W46MA.jpg,chicken pie,all,b70bd6cfb76f0c13ba1f2708200e982e,f6c1a42f9314c747
../foodsg-233\chicken pie\1RZAL7BLTA369C2H7VWURL0E.jpg,chicken pie,all,d27fd2697433c3f54453b6967a28cd03,f6c1a42f9314c747
../foodsg-233\sausage rolls\IF7LTKUH5MZJ0NPU0EBV0QKF.jpg,sausage rolls,all,9b5f0425aebcc260a6426a287bdea268,f6c5862e9156c27a
../foodsg-233\sausage rolls\OY00OPVCBQDIC319KY8JPI91.jpg,sausage rolls,all,f28ef4053c56db5c14799676f7e3fc25,f6c5862e9156c27a
../foodsg-233\satay bee hoon\507BUUCHH82VGHJFYRTQAKK5.jpg,satay bee hoon,all,9bac6a577ff5f1cb65f70df1a1432037,f6c74956d231425e
../foodsg-233\satay bee hoon\QRLT6V8DVLRPQ28JCUKMBB15.jpg,satay bee hoon,all,89effb3e7a421e8df895779bbebc3b2f,f6c74956d231425e
../foodsg-233\popiah\UCAY467LKYJC3YM64CLJXWWZ.jpg,popiah,all,dd6f84a2255240572c1a7f35920fde52,f6cbc960dc276198
../foodsg-233\popiah\2FDH8FSXQFF05SBP7XJZ1OKA.jpg,popiah,all,93481512bae64a59f17d828a05da36f3,f6cbc960dc276198
../foodsg-233\chilli crab\EAX0N8SGZOQ4DOGC1SGNFUIK.jpg,chilli crab,all,1b6bf6e606cc05286c05ae694f832517,f6d5814a5be32d05
../foodsg-233\chilli crab\1DOJ2GGE6OMCD2E3Y2D3KT29.jpg,chilli crab,all,4627a6ba7853807ae8567b30233538ce,f6d5814a5be32d05
../foodsg-233\Bubble Milk Tea\G2DYB4NST58XE7XJAB01E8E4.jpg,Bubble Milk Tea,all,2d15c82905ee021e5efa88497442d4a3,f6da88a758248d76
../foodsg-233\Bubble Milk Tea\RSFMRNH04KCAIPE9VHCDBTQV.jpg,Bubble Milk Tea,all,f9aeada12048462824879618f942dcdc,f6da88a758248d76
../foodsg-233\Udon\4ILY3HP4GOEJXQCTIQ9L3AN2.jpg,Udon,all,46a41fa2e6bc6b924802730253e116e8,f6e0e084f40cdafc
../foodsg-233\Udon\MAD727PY2FDOW7VUM2L1455X.jpg,Udon,all,959c08aef13661ef07872e3a08a1c11e,f6e0e084f40cdafc
../foodsg-233\satay bee hoon\AJM980B32ZQ3KSIR3G7COPRN.jpg,satay bee hoon,all,ee06344c457fe5a0133d28e57ab39a73,f6e1b4b2a4313556
../foodsg-233\satay bee hoon\HLAC68A43GPH57EQOAVAB15J.jpg,satay bee hoon,all,0c641ffed5e6ca00a638b09e6f9a2022,f6e1b4b2a4313556
"../foodsg-233\Miso ramen, with fishcake\3U9JD5BZTUK9UVGZ1P44HQF1.jpg","Miso ramen, with fishcake",all,1e2b3ef547b1e5eb5bdebe88c89c7539,f6e443cc4c6a4a6d
"../foodsg-233\Miso ramen, with fishcake\2852UFP9PCJB3IVF5UZ6R0AR.jpg","Miso ramen, with fishcake",all,2ebb45b859247b853ff96d17b5be966a,f6e443cc4c6a4a6d
"../foodsg-233\Bee hoon, goreng\12QXTRD3NO6WKWHWZC1SGS1A.jpg","Bee hoon, goreng",all,23f83cf005ccdc66bf52fb981017696b,f708d507560f4a5b
../foodsg-233\Mee goreng\0EKM5Y5A9SV4FPXQ9SVH0FNP.jpg,Mee goreng,all,8ba76ef8b29e006594ffa657e60b61db,f708d507560f4a5b
../foodsg-233\rock melon\TZ469WPV3VHA6B6PG90535IA.jpg,rock melon,all,0767380bb1c83ad25db41a20a09b134e,f7479a11895ea15a
../foodsg-233\rock melon\8BTZL1RTWZU86NBNUTYYB85X.jpg,rock melon,all,baa32dffefc09a7688c38c4f59db6c97,f7479a11895ea15a
../foodsg-233\Soto ayam\5GBCW2GO979VOGKAH58MOXD4.jpg,Soto ayam,all,be167790c63de7556245583a5bfe0a7f,f74b5461608d8a5f
../foodsg-233\vadai\FMQ18AO32SB0J5X8ZW7E9E42.jpg,vadai,all,06af580a1f0a9a1a28e5255fe6ac0b34,f780ca8f9759cc06
../foodsg-233\vadai\IA1TYISJ13MH5BH04ZJJ4D71.jpg,vadai,all,53495bb82b3e68c5aefba44a5ec94640,f780ca8f9759cc06
../foodsg-233\rojak\N4VE51MO0FEBA8N5OSQOI26A.jpg,rojak,all,abe9b271e55f8bc228f76948578d825d,f789f21d183f9412
../foodsg-233\rojak\9SO60TD6TLKSYHM9BIG78TZ0.jpg,rojak,all,fe54278f5ff1f582f59c28873a28749c,f789f21d183f9412
../foodsg-233\kueh lapis - rainbow\ZGATG30DMDTBGGVK1R80CJP8.jpg,kueh lapis - rainbow,all,b9b9cf5e94cca866bcd052a69e5f7dfe,f79dd0b9942452e1
../foodsg-233\kueh lapis - rainbow\TZYR44EPN8BF2GZYYHYL4XUC.jpg,kueh lapis - rainbow,all,177e2f5ea4cc6aaf580e6646ef8946f3,f79dd0b9942452e1
../foodsg-233\hotplate tofu\C8DLO7ZQV9P0JKN20H1UO6B6.jpg,hotplate tofu,all,88aebdcbd1ffa39c7161e4ab290b7f48,f7b474878b58e019
../foodsg-233\hotplate tofu\GB0FNSWNJCE2KIQKF84IS8UT.jpg,hotplate tofu,all,0e3f3964dd87ea3263a233cb19fd3cbb,f7b474878b58e019
../foodsg-233\bak chor mee\VZP982PW106J0PCTTSOWUD7T.jpg,bak chor mee,all,a9020851eb4c5ed81c8b4da2b7c95c77,f7c3148b132d3c2d
../foodsg-233\bak chor mee\TI1NCCHDUGSHYMU6ZCJ78O7S.jpg,bak chor mee,all,744da1ab6a2bedd592ff29a1dd11603d,f7c3148b132d3c2d
../foodsg-233\popcorn\QQYWN9NG7JXUU8ZKXIPMYVBS.jpg,popcorn,all,800d7573e904f9fcc00dc658960ea3f0,f7e26ceb00cb4b88
../foodsg-233\popcorn\YMDQZ07I8E6WNASUBH9WP8YD.jpg,popcorn,all,ff46094af2bc956c829f85f73760b893,f7e26ceb00cb4b88
../foodsg-233\roti john\CMHBXKJ2FL5LR0RF6T1JOMYW.jpg,roti john,all,4e47090d94bc358e0afb097b95de7371,f7e6c0259cdc0a1b
../foodsg-233\roti john\P7QQHF3SU5YXEMPJCNXSWCLY.jpg,roti john,all,cafbac355a3e9894abb220949a2fb886,f7e6c0259cdc0a1b
../foodsg-233\blueberries\0A751ZMBSQAACO9NAJLOF3W1.jpg,blueberries,all,615a149ecadfe4bb97ead991cecedc12,f80b872f57f00e23
../foodsg-233\Blackberry\N72PBA5DYZMBXC8QXM0TXLEW.jpg,Blackberry,all,80fd8b6f11b665aad280fa34d4996128,f80b872f57f00e23
../foodsg-233\Prawn Noodle\K9KHXWB5PY4HC2JLM2N6USWI.jpg,Prawn Noodle,all,f11aa9006955469a66326ec2efde6b64,f81383e3decca0aa
../foodsg-233\hokkien prawn mee\056DRME04UDG2CWD33EZ9UUA.jpg,hokkien prawn mee,all,8df9decfb34eaf130c4d400421ac07a4,f81383e3decca0aa
../foodsg-233\chicken soup\D4WQ9W5QQCYQI8D5G2NJJ1VV.jpg,chicken soup,all,321bc2b7f7ab0b1dff0b7aef882cd748,f82b83abb4e51265
../foodsg-233\chicken soup\GF2M48DOAAWLY4L8RH33AR2I.jpg,chicken soup,all,47c45cf455f434488727bba6e9ec83ba,f82b83abb4e51265
../foodsg-233\Nasi pattaya\566RNWIFYVW0ODZJ2DJKOJZE.jpg,Nasi pattaya,all,66becf966fd0e5c04d0699fbe5b162a4,f82f95b5de584290
../foodsg-233\Nasi pattaya\1U199DKF2YQZWTK8X3PO7253.jpg,Nasi pattaya,all,4b72a245930d7a708674c030972b3ee7,f82f95b5de584290
"../foodsg-233\Rice, korean bulgogi beef\6WHTP6WMFJ6RLX9EBU1ASK6F.jpg","Rice, korean bulgogi beef",all,f23efa7194bbf9a73d330926f27e3f96,f83ba10ea7f880b3
"../foodsg-233\Rice, with dakgalbi\0PVW76S3E1VN7M52NF5O03RT.jpg","Rice, with dakgalbi",all,6513be28c0de13f8e4a1d9d0570f95f1,f83ba10ea7f880b3
../foodsg-233\sambal stingray\B26T49J1KVRT2MQM10P6LN96.jpg,sambal stingray,all,a5fb982424e9a6c36db64c4a982e04f4,f847612b1f3521da
../foodsg-233\sambal stingray\YPUZN2IJUOXEPSL9P1FABBDS.jpg,sambal stingray,all,e4cada0181851430e3f7ab24b6d34b6e,f847612b1f3521da
../foodsg-233\Fried Noodles\9Z928L1X408FTR3KOI563PID.jpg,Fried Noodles,all,8de30d69f279d58244032716a8e63179,f84aaf97d024d28d
../foodsg-233\Fried Noodles\YCHQOG4FAYEW306LQP7UYO4E.jpg,Fried Noodles,all,cb4760c7bad61dc830baa9a89c59af7d,f84aaf97d024d28d
../foodsg-233\char siew\OM0NKQEMFELU6CV8Z2L70D83.jpg,char siew,all,ff40524dcba532610dcd4c4b218e88e4,f84edc3a419511e7
../foodsg-233\char siew\VPPVGR313PF2IRO4TMT8VM1Q.jpg,char siew,all,c831f87a61d8b3b9dc2aa748a083879f,f84edc3a419511e7
../foodsg-233\kueh lapis baked\LWRSENLXECUPZG6MH95F3VRL.jpg,kueh lapis baked,all,9f6fff11988a5a39a1d5a68cee8bdeb9,f860e5656e20cd5e
../foodsg-233\kueh lapis baked\O1PAN3JBMA74WN6LTUQWXAGW.jpg,kueh lapis baked,all,be8f19960ac35bf8e6553abf7acb3906,f860e5656e20cd5e
../foodsg-233\chicken rice\DY79YUUPAKNOK1NJCZ0HV66Y.jpg,chicken rice,all,b96395f2d49dd14d95bcd9ba7dda579b,f863072f9089c37d
../foodsg-233\chicken rice\QPCQB47MUSFUHJ64KBVFFGGG.jpg,chicken rice,all,158c9abf81ca10bedb5329e507529339,f863072f9089c37d
../foodsg-233\har cheong gai\KSIHMBRSLIIU3KXEOWBQ6HX9.jpg,har cheong gai,all,4a1855c99f2acc045d75841b825cf8a2,f8639667c134cc9a
../foodsg-233\har cheong gai\H9WZTQ6MLOLU6AP2HRFPY99S.jpg,har cheong gai,all,fae618404cc348165cf3a774b4cb53ef,f8639667c134cc9a
../foodsg-233\Instant Cereal Drink\H2QZFJYOR3O57S1KZ0EWSB5V.jpg,Instant Cereal Drink,all,f8c131225c308d566ca0813efdd57e50,f86993979430c5cd
../foodsg-233\Instant Cereal Drink\LRM7ILAOPIOFA9ACDCAEWA73.jpg,Instant Cereal Drink,all,9edc416e5944fd77cd4f64a446a8c9be,f86993979430c5cd
../foodsg-233\Kway Teow\U2K8SAQBALDGS4NUWC77J0TC.jpg,Kway Teow,all,9f7466aaced045257ce237fe9a4ea0cf,f87883a2d0e56b59
../foodsg-233\Kway Teow\YNI93VNSAKPVXUX6TM2PDBRA.jpg,Kway Teow,all,0203137f05b96d4e07ba676b2457e040,f87883a2d0e56b59
../foodsg-233\singapore sling\DDTM0DAO0R4YCTX6QAYGPY4Y.jpg,singapore sling,all,d742bb9297471ecc5dc26ce1911bb09e,f8795636274cd889
../foodsg-233\singapore sling\2SHBC3P11N2RI8TH69X1TSLY.jpg,singapore sling,all,55139c163298a1b82705c0eb510123b9,f8795636274cd889
../foodsg-233\kway chap\FLUNMESVFRKCRNUSJXJQR0JP.jpg,kway chap,all,739b61c33ac9f68937b063c70267d837,f8869dd0c1a73d4a
../foodsg-233\kway chap\V1D0MC982LYYMJ87C4VI1I8D.jpg,kway chap,all,d5b48f3963ef602e9907a662788a8bce,f8869dd0c1a73d4a
../foodsg-233\fried prawn\CS7FHYRWSRJ51IL2NDJ8IBWZ.jpg,fried prawn,all,b10008ccb412f8fcd3dfcfbbda9df3f7,f886c95b4a71c966
../foodsg-233\cereal prawns\YQG3NUWVN9JRPOJ0LK910O5O.jpg,cereal prawns,all,ec650cdd56a749e0ef38f7142d5f31a6,f886c95b4a71c966
../foodsg-233\raspberry\DWWAVDQZI7KDN856T6PHBQ3C.jpg,raspberry,all,b75b4e56913469569e9d3a3d6f9aafed,f88dcc6b802f271b
../foodsg-233\Blackberry\9EUYRCQ0E0NAI6RYSQ3BGM6B.jpg,Blackberry,all,5278262b4e468715399171f5ac04a66c,f88dcc6b802f271b
../foodsg-233\Mee rebus\I1ULT1G3Z2BOU5IL04KDJBTO.jpg,Mee rebus,all,77789a74290ae0f997b0d615fe6e2e2f,f890c7ecac2f88e8
../foodsg-233\Mee rebus\ENY9LGZNHRU4QDZM8JFBX65V.jpg,Mee rebus,all,796be6fa95780ee562b50d502326280e,f890c7ecac2f88e8
../foodsg-233\rojak\73GPAGMFFT8R134T7AFIPH7Q.jpg,rojak,all,5ab1e7b34e505a76bac6867219b6d4c8,f891839e9e70ac72
../foodsg-233\rojak\XOTHD9X3T7T4ZYUVNYXG8G8Z.jpg,rojak,all,a471e49acf3c6cf15d9c75a32e57b4d8,f891839e9e70ac72
../foodsg-233\Mee goreng\7GM452RUZXI260H0SPCUBWME.jpg,Mee goreng,all,359c6779777ff556513be4f81f236a31,f8a385909f8e99d8
../foodsg-233\Mee goreng\EQ8XCOYSLDE2XCAJR8JJI3C3.jpg,Mee goreng,all,b8eb64b04413360922b2bd7fcd51b72b,f8a385909f8e99d8
../foodsg-233\Bibimbap\NCMGC972FIXGD1MQM27L5K7O.jpg,Bibimbap,all,a6760dfd8e9be4882e36990f672a3be3,f8a3e7cc9040d2fa
../foodsg-233\Bibimbap\FH4FW82H1Z3KIMPPHRAQF3BX.jpg,Bibimbap,all,796baf842ea2846513b75025b6bb1ad0,f8a3e7cc9040d2fa
../foodsg-233\cherries\KVM7A5YFRGHIPILRF4WEIY16.jpg,cherries,all,f72d2027046a99550aeae463eb3062da,f8a69da9a659095c
../foodsg-233\cherries\4C8WCFP52PEUDBQU3V8CYH55.jpg,cherries,all,36afcaf54d54bf0e719e865406b07b52,f8a69da9a659095c
../foodsg-233\lontong\WZRR7N5P7EJHJPMXGT7SXBTL.jpg,lontong,all,9516128f52803c9ab2b99e3f150041f8,f8a7848a7ad54995
../foodsg-233\lontong\D3LNMRDGM1FTPX2UY0H3NXHB.jpg,lontong,all,fa9700f934b98c9fd0159cb2861efe77,f8a7848a7ad54995
../foodsg-233\hokkien prawn mee\FYGALJI0KQE6KYWP64UCWA9S.jpg,hokkien prawn mee,all,89893613a64a4ab734ea10e477ebc6bc,f8a80bab07983af5
../foodsg-233\Fried Noodles\LJ9A74MEV70GUC8FW5WD6X83.jpg,Fried Noodles,all,a9f1455c6702404c9c6a0b61312fc336,f8b3493a0ff0a469
../foodsg-233\Fried Noodles\CWPZDSBFAK9IH3GMASMCT3GW.jpg,Fried Noodles,all,39995f8e8818143dd3fdb81da4ad35f1,f8b3493a0ff0a469
../foodsg-233\mushroom soup\ZB1V21MFBJFHBC3K0DNG5F9K.jpg,mushroom soup,all,685e2214d4a2701ee629478f5ecf850a,f8b86561a5a587d2
../foodsg-233\mushroom soup\WD1DCXB4FOJC85E2LYQDL8W3.jpg,mushroom soup,all,191f02a2ab4a44323d24a9836847c61a,f8b86561a5a587d2
../foodsg-233\sirloin steak\EXLG9Q9KTUEZK01435HOCH9P.jpg,sirloin steak,all,49ed155bd9cd195ff2994b5dec7d75da,f8b890958dd26ec3
../foodsg-233\sirloin steak\MOCPJ5WAQ889VUVF7OJ21RJK.jpg,sirloin steak,all,d0873e534bfd75d8611697f032b683ec,f8b890958dd26ec3
../foodsg-233\Bubble Milk Tea\HRK0TMC71SNHJD4MSXK3IHJL.jpg,Bubble Milk Tea,all,465cf9a569c655476fd0212b19ce3080,f8bce3854631ce38
../foodsg-233\Bubble Milk Tea\CT70MYXDK5YWDWR56WE2VJQ2.jpg,Bubble Milk Tea,all,abdf942c1c4aaea96673ecff196ad1ec,f8bce3854631ce38
../foodsg-233\Fish and chips\AQYDMY2CH9EQ9234UMSXFWDK.jpg,Fish and chips,all,8807c779060b158f84e3c204cb7d02cb,f8c03589749fc41f
../foodsg-233\Fish and chips\LEWNA2IYQF6750WSUH5EOFT3.jpg,Fish and chips,all,e378cc156126aa061c40e2b33a084802,f8c03589749fc41f
../foodsg-233\satay\0G3GKF4EJLLFMSJU6OVKP8T7.jpg,satay,all,07d32cd476b703ec13124d38fb3c577e,f8c595d5944b1ee0
../foodsg-233\satay\71Y02IN1AUCAFMBJRRN4F669.jpg,satay,all,e76bca934c138a4a77f1f1887dcfac52,f8c595d5944b1ee0
../foodsg-233\steamed grouper\465BNVPXPU2U9A32XQ66AYER.jpg,steamed grouper,all,50ed66575dbc60b78a1f5dc8205b292a,f8c795386f10654e
../foodsg-233\steamed grouper\KPBBAHWCES1FD52DNCTC1IAO.jpg,steamed grouper,all,d6c32ef887b1bd26021805e93ddaf646,f8c795386f10654e
../foodsg-233\chicken rice\98HNDCXP32OA36F0VOJDZ7IR.jpg,chicken rice,all,6970f75a27b52be8bd091cc21acbd84a,f8d4ce35d070097e
../foodsg-233\chicken rice\K4JPR7P3VRIAYOO5N2MAUAEC.jpg,chicken rice,all,bd77fd25ed421e7a31823e3be14ca146,f8d4ce35d070097e
../foodsg-233\sirloin steak\1QH7F7J5FW0821KTTNDUKWZI.jpg,sirloin steak,all,c6c125e7aedd58106225c19c950cff27,f8dc9d60c827c43b
../foodsg-233\sirloin steak\NU4LZ7ILWKYL2BUVWVZ0FGWG.jpg,sirloin steak,all,5be1af537d7f8473e8feb18bd0a750fa,f8dc9d60c827c43b
../foodsg-233\chicken wing\88VYYLORCHOFC3TU3FZ6JRSB.jpg,chicken wing,all,38df5a6f9435c01f962b5e6b6fd222ad,f8ee85e0d7a04e85
../foodsg-233\fried chicken\6Q29KL5DZA1QN3W1N4JJY48Y.jpg,fried chicken,all,32ad4e0d5d22a3fde3d2a02d08cc2607,f8ee85e0d7a04e85
../foodsg-233\steamed buns\O1OUNKP1QOH5XIBOKFUN4GC1.jpg,steamed buns,all,d31800822ff97b0c83042c6c31e0ab9f,f915062f3149cfd8
../foodsg-233\char siew pau\ZGUM41RRUU3DZ3QPU7EIZ34I.jpg,char siew pau,all,6b2af3648bcb13847c7a88020772147e,f915062f3149cfd8
../foodsg-233\black pepper crab\NJN5GYLPNPK47VBXYONSVXJW.jpg,black pepper crab,all,18a551f9a576b13c57c1fb3af37b2303,f916f86f00b0ccb6
../foodsg-233\black pepper crab\LB3QUXMTZK6OI47LZ6ADV3I8.jpg,black pepper crab,all,943f2026cbafdcee254b66a9c624cf02,f916f86f00b0ccb6
../foodsg-233\green leafy vegetables\L06YEOM7ZXQ11ENO1JWIUGFD.jpg,green leafy vegetables,all,45a760c3dc07ce33bc765954773725a9,f926c8c9954ab1cb
../foodsg-233\green leafy vegetables\98YSG5INW0H6KX0J9YNACP5O.jpg,green leafy vegetables,all,783ab3e54ec07105de8d35232513d8c7,f926c8c9954ab1cb
../foodsg-233\bak kwa\IZ4IVTJLGNO9PSHHC4PJMT5O.jpg,bak kwa,all,fbb7d208298a5a53305581ed83f53f71,f9270579f0cad2d0
../foodsg-233\bak kwa\22QRDT968G93AWGRET37ZBLZ.jpg,bak kwa,all,bd2a9f2174527a5ad068807ec4985565,f9270579f0cad2d0
../foodsg-233\rock melon\D0TS9L4VCPORH6Q4XUSD09QY.jpg,rock melon,all,180e4a0bdece8c6478ff5061e171475f,f93186cc156378b6
../foodsg-233\rock melon\GLJGHY0MCKXZ0WHSZYOBL0NP.jpg,rock melon,all,66b56e795fe8a30d59fdb4cbfa193eba,f93186cc156378b6
../foodsg-233\chai tow kuay\NLY5J108OKCRBVDRK7SYEBC8.jpg,chai tow kuay,all,6d04776ccb69a1a451bb2b65aa986472,f93d256f0b412e29
../foodsg-233\chai tow kuay\11OFUPJKG8NWZ04351OORKS6.jpg,chai tow kuay,all,ece1f9a1dba6cd3b423ea0a4805e09f1,f93d256f0b412e29
../foodsg-233\tutu kueh\29ICOXDN93PMNVWQADYMJKVP.jpg,tutu kueh,all,3bf3b2ae473f95e330e43f7a277a708a,f95e55394c1a1b61
../foodsg-233\tutu kueh\UL50S5M7799KE82K80Y5HV9J.jpg,tutu kueh,all,87c3b2ce4b9fd360fcb8c64d754d921b,f95e55394c1a1b61
../foodsg-233\tutu kueh\JV3ID44CZLYCPA09M023VTO1.jpg,tutu kueh,all,8f9f0fa4518e2bbd1b202b3aed3840cb,f95e55394c1a1b61
../foodsg-233\rock melon\XA10F16GYRYXGEXMR2T14F20.jpg,rock melon,all,e74866a52a7b4dc5cc1e061b12ecb8e0,f96986ce15a138b6
../foodsg-233\rock melon\W24I21WAQSG1ZILQLID2O5ON.jpg,rock melon,all,9abeacf5dbe4f69afa1fe79704f62de4,f96986ce15a138b6
../foodsg-233\drunken prawn\N9TXVTIJKUDO65LMDV4347O9.jpg,drunken prawn,all,29b77fba23c66d9935daed6ca4df16b6,f982d006145b1f7f
../foodsg-233\drunken prawn\LN8XUCQJ26YT0LJA7KTRMFS3.jpg,drunken prawn,all,7bd6baba1d7a23d2aaf2b84cdfa0e3b0,f982d006145b1f7f
../foodsg-233\bak kut teh\WEYGEC4DPJXQBG1N3JZT74KV.jpg,bak kut teh,all,99b3f9df9c8b3e6978f3640db064d542,f983f1dbc38ca214
../foodsg-233\bak kut teh\Z4ZSFC7UG1E5RRTOHR4YG60J.jpg,bak kut teh,all,4c1e6d36cc5ea48d76599288e343d2f2,f983f1dbc38ca214
../foodsg-233\CNY love letter\7EH8CL2B4UQQFX87Y4PRDQQZ.jpg,CNY love letter,all,0fe4ea131a526523463b054457e6f45c,f987845a2fa568ca
../foodsg-233\CNY love letter\RKUYU2I1YEK5F333QV72W69A.jpg,CNY love letter,all,cd8ccdd09ce717e77c50a54bd0a94b4a,f987845a2fa568ca
../foodsg-233\fish head curry\U446TLHM55755O3KZOQKHJKK.jpg,fish head curry,all,eceef8ab83e5b4cd509f9c81e9c30f27,f98c5ac5698425cf
../foodsg-233\fish head curry\EAB4JU5DG41X2SF3F2HCSXQO.jpg,fish head curry,all,3d61687312ac1e4b40823d695f28002e,f98c5ac5698425cf
../foodsg-233\chicken chop\FCTDOWKUWW21XDY4F586ZFHX.jpg,chicken chop,all,9748aa9a2bf86d3a120cf37125e81fd8,f98f846d6a942d1a
../foodsg-233\chicken chop\0B3DK2MP8L0UI0SG7JYNQ57P.jpg,chicken chop,all,5215fb8897cc64cfff2c61f7f26dcff9,f98f846d6a942d1a
../foodsg-233\popcorn\VQ7SW3ASDAPN5PFS8Q7SO9A2.jpg,popcorn,all,565fcb629c35669493c2bea96dde8f00,f995b828a83de664
../foodsg-233\popcorn\VU0AWF1VQHBG5QVI7GPCZ3ID.jpg,popcorn,all,e3d693bdf32c98d134d6a712e49adc71,f995b828a83de664
../foodsg-233\kuih bahulu\9V7EXE2BFTUDGY3KXSEPOO2T.jpg,kuih bahulu,all,5c85a0da1906d38b0128ad08015eae57,f99e96c83834c716
../foodsg-233\kuih bahulu\C94LJAGYG9MJUEERDZOHHBQK.jpg,kuih bahulu,all,9e52974721b404897ef5be6254f57b84,f99e96c83834c716
"../foodsg-233\Bee hoon, goreng\AU7R8TBA4PQHPA2TP3Y1K953.jpg","Bee hoon, goreng",all,d50eb36163ef895efd133264ab9f8f5e,f9a5c7968657a212
"../foodsg-233\Bee hoon, goreng\E3U9UQUR71A1081EGZGU2Z6P.jpg","Bee hoon, goreng",all,00bb7633fab09b03497e431fc3cbaae3,f9a5c7968657a212
../foodsg-233\nasi lemak\A0EQ277QACEUFUXBWB40VY1Q.jpg,nasi lemak,all,8121113fbc80395f6719929a0d262485,f9ad6971a622c4f0
../foodsg-233\Nasi Ambeng\OMHQZIA2DNZBMT8EFKF9764M.jpg,Nasi Ambeng,all,1f9efd3f0ba644fda539fa1243653091,f9ad6971a622c4f0
../foodsg-233\vadai\F60DQZ7GXSU8N926PW6U28HK.jpg,vadai,all,1ed4382d6823614fb774f5c750dd14f2,f9c0f425813fd632
../foodsg-233\vadai\48W9WC2PJ4I5QKZ463HMO656.jpg,vadai,all,37618bb6c359e845e047c5442e03deb6,f9c0f425813fd632
"../foodsg-233\Mee siam, fried\IJTDYAMCRU66KWODW0ILY3OK.jpg","Mee siam, fried",all,8ae7ae53251de38298784bff7d3c0509,f9c1359151165977
../foodsg-233\hokkien prawn mee\05QM2M1STO03G54XYFE3GT80.jpg,hokkien prawn mee,all,4b72125c9a0433ec8d61ee2901c99867,f9c1359151165977
../foodsg-233\bee hoon\2RU2XTO4ZE67S3G68857RF85.jpg,bee hoon,all,011e09ebaba9f7aafb128414ae49a3cf,f9c3801d8f6eb464
../foodsg-233\vegetarian bee hoon\DA11VCBIDFM4IDLL7O40C4KL.jpg,vegetarian bee hoon,all,ae0d8f39f4a4da0b82860988d16ffa19,f9c3801d8f6eb464
../foodsg-233\popcorn\LXZA4MZ8QS02WDBQP2BE5AX9.jpg,popcorn,all,0e07c9587feb630fe989ca81ef07e63f,f9c4486c9d73c2e4
../foodsg-233\popcorn\J4CHTUUWQ1CJ2CX5ND4T5OIB.jpg,popcorn,all,b1077a6fbc2cecd2909b7e6fd5acbaa2,f9c4486c9d73c2e4
../foodsg-233\Soto ayam\YYCX3LUYEMFD2SV3AGUD61Q6.jpg,Soto ayam,all,562326990107850c87b8751d0f12c74c,f9cec09e1362668d
../foodsg-233\chilli crab\KA98XYEFQCGPYWYTX4J8NY1Z.jpg,chilli crab,all,07797828e03d2b48fdef759c69390550,f9d89091873b3a72
../foodsg-233\chilli crab\6QSRVTD1OZ4YZOKWO71ISWP5.jpg,chilli crab,all,5f2e5f92eec6e2e4b94c62c174a7a489,f9d89091873b3a72
../foodsg-233\Mee rebus\Z7C8IU5JSWX4RRCBFTXAZUZZ.jpg,Mee rebus,all,c32e17e25df615b7f4bfb331049fb46c,f9fce16181079e13
../foodsg-233\Mee siam\NZ6GOAFBGY0A5R71OBYRAV42.jpg,Mee siam,all,8cf6c52a39e612ec679af4cda406910c,f9fce16181079e13
../foodsg-233\chai tow kuay\12LWKHRKB8VUBL8RX59MIMDS.jpg,chai tow kuay,all,3bb28bcf2a447f4cefbd99c9a24a123d,fa05b15e154a14fb
../foodsg-233\chai tow kuay\DSBD3QVZEYS6JOWCPWOW9JWC.jpg,chai tow kuay,all,8476168f52882a29b16c55a1454439e2,fa05b15e154a14fb
../foodsg-233\har cheong gai\7JYQK18NDO0CVIRYUSOUHXP7.jpg,har cheong gai,all,5f030d985fb9fd16b49a390f7e01f881,fa0ce1f3c09d93d0
../foodsg-233\har cheong gai\X3FZ6W4IDB8FZM1CST4D1BES.jpg,har cheong gai,all,cacc389ea56ae8cc80f159c7aca074fa,fa0ce1f3c09d93d0
../foodsg-233\chicken masala\FM6UGVPW7VI46RVL5SQ594SX.jpg,chicken masala,all,c3ed41f7861d52957da17d9678f7bdac,fa0de5f2c26289c6
../foodsg-233\chicken masala\IULJ06AG5X6CJ8FKR0PPUEKF.jpg,chicken masala,all,d6ad01e91e1eb3d0c5aead5521a333b6,fa0de5f2c26289c6
../foodsg-233\Mee rebus\UQ2DDJKCD8FF7T59GKDE801L.jpg,Mee rebus,all,e23c91056bed76e6f9079cf5365597d9,fa2d95b60ed43ac0
../foodsg-233\Mee rebus\3M7DV3OC7SWPDGMG92SYZ9GW.jpg,Mee rebus,all,8e780d2e71ea85e9ac155d2585fc216b,fa2d95b60ed43ac0
../foodsg-233\chilli crab\AP35RLK70ACXLTIFLS9ZVNXG.jpg,chilli crab,all,261fc17d96a5ee66d3e886624674cb5b,fa3484710fcb8f61
../foodsg-233\chilli crab\QAU3J6WQDKUO8EH8STETNZL8.jpg,chilli crab,all,9fc8b865c2aa5ff458604dc436bafc39,fa3484710fcb8f61
../foodsg-233\White Bread\W1BMEEO8TKJWVUKO74VIYFGY.jpg,White Bread,all,d3be590e0df4668cd13b2219208939f1,fa34a56a94d2d2c3
../foodsg-233\White Bread\7WMAAWWBXOYBNDUEEOY9XH6U.jpg,White Bread,all,cd3644d3daef19e080dbf36ac85482c7,fa34a56a94d2d2c3
../foodsg-233\Soto ayam\E211SE0MHK2XOWBGTUTBDLTI.jpg,Soto ayam,all,1e42e962b17d85979bfeb14cbb562544,fa3f6b41809c97d0
../foodsg-233\kuih bahulu\0OQWS9E5II1JP6DS7R86ER9L.jpg,kuih bahulu,all,d96cc09ac25c829be602639d0006ac54,fa3f81c0d43599ca
../foodsg-233\kuih bahulu\35R4YR849XIQ6ON5GXAOAPGS.jpg,kuih bahulu,all,d202abaaf3fe072032ef1e41743f6a65,fa3f81c0d43599ca
../foodsg-233\sambal stingray\K5LLKCCXFCARK8C7TCTA3JKP.jpg,sambal stingray,all,102336859616529ba8f37ff8c5fca7db,fa408da3e8b49dc9
../foodsg-233\sambal stingray\G82M0HKE7XYENCU4DSYDD69W.jpg,sambal stingray,all,299d4572cb05ef8c967863f4219cc733,fa408da3e8b49dc9
../foodsg-233\sambal stingray\XR8HW25K5L1S32BB4KHFP96J.jpg,sambal stingray,all,1ef37568b6b5a39d2a9600eb7ffa46a3,fa4823689b6e95a9
../foodsg-233\sambal stingray\O71A74F9U8LXJOHW9MKTCNX6.jpg,sambal stingray,all,4e889877dd8f9208e80700f91f88b202,fa4823689b6e95a9
../foodsg-233\bee hoon\802HWTFP9IP1IXX9MYES8AXK.jpg,bee hoon,all,feea141fd9dec8ea4e2e5181261e0177,fa4a6a28293d353d
../foodsg-233\bee hoon\DYN1S3WSJN2HMIAIBW8CBO84.jpg,bee hoon,all,53d95d7f6bf718e34223f547b6a4ad17,fa4a6a28293d353d
../foodsg-233\bak kwa\YRXPZTYDB466XWKZZRIER49G.jpg,bak kwa,all,18970228437ba3d5bbf52f5ca645beb9,fa4ac3942d8bb274
../foodsg-233\bak kwa\IQUB13H7NWXYMMPNX0SIF2RF.jpg,bak kwa,all,a72c195758decfd43d9a2ec9d9a4fca0,fa4ac3942d8bb274
../foodsg-233\Fish and chips\RIKBIBAK2FYWGQT8S1I0D6IV.jpg,Fish and chips,all,d2a89cd28b67f980ce7b122229f65aab,fa5414b43ece6391
../foodsg-233\Fish and chips\NIVQ98DYWT1OWHVBS4W4YEWY.jpg,Fish and chips,all,f81007b71d6c8bcdfc25a1105bb231fd,fa5414b43ece6391
../foodsg-233\Kueh Salat\NZOI976AF897QW10YB65VNUS.jpg,Kueh Salat,all,6f6a6a05649914e9079d55f8bdf2541d,fa54d15ac26aaaaa
../foodsg-233\Kueh Salat\3Y789RFHRNXRHGWZ6J78QRQH.jpg,Kueh Salat,all,3e830b8e2c5d3be500afc1bba25648a7,fa54d15ac26aaaaa
../foodsg-233\sausage rolls\RI7X6N970PURY3H1C80Z2E3M.jpg,sausage rolls,all,f8ac2f044d561d26fc2c49ca2126e86f,fa55450a617a5e4d
../foodsg-233\sausage rolls\FED2M2GRAN5BHJ46JH1D6SVB.jpg,sausage rolls,all,93c1e2defe2b4f0fba6319de207f4025,fa55450a617a5e4d
../foodsg-233\Grape\WHHD7X281D0Y4NOM026V6EOQ.jpg,Grape,all,9c44ff8ae4f7b6fbf5c6dc5ca0aa42ce,fa5c8109999bd91d
../foodsg-233\Grape\YQA8EWSEVZ68BMM8U6B7ZJJS.jpg,Grape,all,4e9f54493e3f874f0ea9a34861db9ac9,fa5c8109999bd91d
../foodsg-233\Peanut Pancake\VRA8F8ZAQ4AZERJ3C66D5DY6.jpg,Peanut Pancake,all,90d73d727aeb077c5959182bf7d2eec7,fa6e1507062b0e3f
../foodsg-233\Peanut Pancake\VZGOEQQWMMZLDG8M7W0ZUTCW.jpg,Peanut Pancake,all,eacc5589e5ffc5d9ba45585e629c3cb9,fa6e1507062b0e3f
../foodsg-233\rojak\UWZBC65FTFLACK319O497E9N.jpg,rojak,all,5a01219f9bb74dc0c5f3e4a55f166994,fa6f81e096ac5385
../foodsg-233\rojak\MHH9IY4RJ8HS2QUZJKRNETRY.jpg,rojak,all,a49a865ed82338a8c7c7296e7ac6609b,fa6f81e096ac5385
../foodsg-233\rojak\PIG1IZSSQL0DB3M08E8ITDU1.jpg,rojak,all,b2f0f8b922640d995fb6302fea7b4597,fa6f81e096ac5385
../foodsg-233\murtabak\4N23AAYR7VUMT3ZA0LBEVV73.jpg,murtabak,all,2a9a80b19a5ea061c235c7546224b0dc,fa7165030f8e1eb1
../foodsg-233\murtabak\4RHPEDJNU1O0WLRZ9XPZOYIO.jpg,murtabak,all,f3b7044d3270e13c6389ec034849d44f,fa7165030f8e1eb1
../foodsg-233\tumpeng\Q0WILAD9D6VFG2TNTP7EKPW1.jpg,tumpeng,all,78612872b72b1e78d572af9400823d61,fa802e58d1969db9
../foodsg-233\tumpeng\ST75H401E3ERW562A2DKNZ2R.jpg,tumpeng,all,338b0ac1c51b891d0398b66ec33acd15,fa802e58d1969db9
../foodsg-233\begedil\CYOECG1W8X9AP2G8HXAK709C.jpg,begedil,all,137c2f43c1c547798e71ddd440a8b075,fa8195639263cd6a
../foodsg-233\begedil\OU733CV3NP7553PRL86BEYDJ.jpg,begedil,all,f40a014aa6f85fff299f66470f6ced3f,fa8195639263cd6a
../foodsg-233\begedil\D7ECWYYE48S9UO7NFIQB5W5H.jpg,begedil,all,97af4fe3ef4b64d25eb5456e108e4fe8,fa81a5d6d908d996
../foodsg-233\begedil\6EY0WIPLK8AIJA9PD04DYRJ3.jpg,begedil,all,26070d4f610c20c1380b5c0d04123214,fa81a5d6d908d996
../foodsg-233\Duck Rice\X2B74TRXGLM60ETOXZ0YX0TL.jpg,Duck Rice,all,fc79ff3a915f8c1deaf091a5992849b9,fa82a92d0d3566f8
../foodsg-233\char siew\VFZ4K2I49997XHP3SHX0WDKQ.jpg,char siew,all,8daba5b0ec0ec0ade2dcf15204a3fa86,fa82a92d0d3566f8
"../foodsg-233\Rice, chicken katsu with Japanese curry\0EPSKIZPIH2B0QG3R75NI8VJ.jpg","Rice, chicken katsu with Japanese curry",all,1821650ee179428c8151a695019231ed,fa84859ccf3a9865
"../foodsg-233\Rice, chicken katsu with Japanese curry\KK3CJ0AA5CP07R9P0LDTCP6Y.jpg","Rice, chicken katsu with Japanese curry",all,026a6ed1c002a3fb71bf9c315a2a4ff5,fa84859ccf3a9865
../foodsg-233\Kway Teow\T2JYKN5BI8UTS6KX037HWZFN.jpg,Kway Teow,all,e55e64eb158fa1f0a8f3e51038f927b6,fa84c44e836ec4ee
../foodsg-233\Kway Teow\K7FLWMPF03VI34QDZQQVKKOD.jpg,Kway Teow,all,e4c8c4ee02ab6782e4904a5faaec149c,fa84c44e836ec4ee
../foodsg-233\Kway Teow\Q9XQWH88Y7VZ455VICVU4GSN.jpg,Kway Teow,all,9706341b2b4a802d63efc0c233fa636c,fa8580caa5e5d25e
../foodsg-233\Kway Teow\446LI340BBW46J3FXHPHTAWU.jpg,Kway Teow,all,7d63c057922298d4b61399aaa5bb1fe4,fa8580caa5e5d25e
"../foodsg-233\Bee hoon, goreng\BVH22W5380PW4DSSIOS3QZWJ.jpg","Bee hoon, goreng",all,acfa3c0c09bc36450ae94a03546b86de,fa85c03fe750ca13
"../foodsg-233\Bee hoon, goreng\D83NW3H0UILGVKG7SJZ77XOG.jpg","Bee hoon, goreng",all,271e683c8600512718f2cd2342bc2660,fa85c03fe750ca13
../foodsg-233\chicken masala\2AHUMWKJ6W45XRCPWIRG5FV4.jpg,chicken masala,all,dad7859b07dc001d71a66b5de1991d5d,fa8d52a5ae1d4a07
../foodsg-233\chicken masala\A95A54A80L1M6S7VB4SCC5M0.jpg,chicken masala,all,5ca04b7662724acaaa033578b7c16cde,fa8d52a5ae1d4a07
../foodsg-233\whole oats\IP5LCNIEXZ12Y0W5ARFXGXSY.jpg,whole oats,all,bb0db629e6675b7e3612ad40c0591a71,fa8d85784a93316d
../foodsg-233\whole oats\1J34GRL1JDS4T4FGC8DUOHN2.jpg,whole oats,all,f92ceb505d29133a6b8e1ab4d7117410,fa8d85784a93316d
../foodsg-233\rock melon\N4YN395L4TZUHL2IVIZ3WC4G.jpg,rock melon,all,e426af096919ec00a9a1c0910b8f9a21,fa90b1ec9826c373
../foodsg-233\cereal prawns\AC00LJPS9T3AT7JXRIJP5IDT.jpg,cereal prawns,all,61659ec9b4e730ded2b0f49c956b9348,fa90e25c9502cef6
../foodsg-233\cereal prawns\ISIUOK57FJA0SW6QCY1PZC2C.jpg,cereal prawns,all,60262e2f28c7bee4bd16d86540434f68,fa90e25c9502cef6
../foodsg-233\Sweets\XSDWJC8VEEBW0L24WN3S1RKR.jpg,Sweets,all,32ecb39764931ac30d0e22e6da8fe1ce,fa92276464cb9947
../foodsg-233\Sweets\HN0QIRZOXRBL9VR1C67VB2J8.jpg,Sweets,all,612344dbb23e292bba46a8bd1c9dcd5d,fa92276464cb9947
../foodsg-233\lamb chops\A44XY84QG4731YZ7VM8UH0HT.jpg,lamb chops,all,94418374f1c0a3a3e3866126140c5a38,fa92d5ad4ab06e11
../foodsg-233\lamb chops\5ACWB0UX78123GNSGIANVSPI.jpg,lamb chops,all,e77584480ed528904da8c3f884befafb,fa92d5ad4ab06e11
../foodsg-233\har cheong gai\K0N1J4EAIIH3UK7XM2L4VIT2.jpg,har cheong gai,all,17d4309390bfd3c377a0398b9ec9b4f6,fa98051718ff33c4
../foodsg-233\har cheong gai\ZJ3NFVRYLA1GXVWFG07MP0D6.jpg,har cheong gai,all,354c936d23a319bcac66bfcd6cefe77f,fa98051718ff33c4
../foodsg-233\Kway Teow\CXD9LLFRYWGJ7829K3Q13TTT.jpg,Kway Teow,all,beb7a4d12901d5dca0a7b9e20af711c9,fa98e3e085219b4f
../foodsg-233\Kway Teow\02NQQZSC5XUAMU08GSF7ET3F.jpg,Kway Teow,all,c60d280ecbe2de64b658a238b7e55dd6,fa98e3e085219b4f
../foodsg-233\Mee rebus\HZT9AWQMIEKNL4W1YD8QH3T4.jpg,Mee rebus,all,bd5d86d655718de76bf2f072114a75b0,fa998066d7a59a94
../foodsg-233\Mee bandung\625G51RVGFDDYEZ7WCJQTGHG.jpg,Mee bandung,all,4022946370a1e9c53f508cad9cc99a1b,fa998066d7a59a94
../foodsg-233\black pepper crab\INPF0XDXZMNIWBQQ51UOL6C0.jpg,black pepper crab,all,d25ae7199697b4da5e87e41133061dd8,fa9cc4b08a0f5579
../foodsg-233\chilli crab\JMSHSERP4LRZKA14LK1X3NUW.jpg,chilli crab,all,421f3c3eda170b096dae7ff487ed232c,fa9cc4b08a0f5579
../foodsg-233\goreng pisang\G3BGHAEU3ZE1YBT5VUUF7R2S.jpg,goreng pisang,all,caf9e89166ae549fda7d239a8e01f87e,fa9dc5e2096f1249
../foodsg-233\goreng pisang\HT11JHJCZHLZONKRP1II2600.jpg,goreng pisang,all,7238eedbac4ca863540056fca45525d3,fa9dc5e2096f1249
../foodsg-233\Chocolate\XA2UW0SFX53QFB59P0BQZJI9.jpg,Chocolate,all,731917ac8109f954ddf6b5be07bbc29b,faa1851e2c6d7ab0
../foodsg-233\Chocolate\SOJ90YZFT290W9TUI1LXJKOP.jpg,Chocolate,all,565f7d928c71b794b2aa6ae790b2646e,faa1851e2c6d7ab0
../foodsg-233\rock melon\785O2UUAGB2SS1H5PFJENFMP.jpg,rock melon,all,118a41ad33fa1e486351691122a6ad91,faa2c1b846996796
../foodsg-233\rock melon\XHI4O329BPO99OOA6Z9N217C.jpg,rock melon,all,0c1aad0803619a500e83209de754d791,faa2c1b846996796
../foodsg-233\raspberry\8ND9ZE1S00A3VM3TH8F9M3X5.jpg,raspberry,all,73007ad6bfe60eb77995cc12a1dc059a,faa3a04f5c6b1287
../foodsg-233\blueberries\O2ZUBADUD8OOSXNBA1YDIHTN.jpg,blueberries,all,c90113d20d7222f399f971f16d384ae6,faa3a04f5c6b1287
../foodsg-233\Kway Teow\AOJR133TC76H38WTTQ7Y4BVC.jpg,Kway Teow,all,af0769566a5dbcd0547a61c174c7066e,faa3e187868e9c94
../foodsg-233\Kway Teow\DUP7Y8RS19NIOE3Y25MS3K98.jpg,Kway Teow,all,dc9cfe59f97f11d0c1add52e6b5c875b,faa3e187868e9c94
../foodsg-233\Soto ayam\QG0PKUCZBAXOV4IXTIA0UC7G.jpg,Soto ayam,all,1a333f3fe52f517a82ada7d3ce56cc61,faa48dd317b2130e
"../foodsg-233\Bee hoon, soto\7Y4K7YB5IG2IIX5L1EMRLJTA.jpg","Bee hoon, soto",all,cf99170a3839ac8266d76484dc3642f8,faa48dd317b2130e
../foodsg-233\Snacks and Chips\ZKMJRPGDV2ZN6M4NCXD3M313.jpg,Snacks and Chips,all,01fb6a78b419eefff7ccc081352b71ca,faa525e281c591e7
../foodsg-233\Snacks and Chips\LVMYDVJQ8IBXU0212KKIKUWN.jpg,Snacks and Chips,all,b6d34e9c588e6d18bcb807dac681ffd8,faa525e281c591e7
../foodsg-233\Laksa\XQ4GBHQH9PO1I8SRBBZFC3EL.jpg,Laksa,all,69aac8930fe14c08a7f990b921dcacd3,faa9c1d2c7e42692
"../foodsg-233\Bee hoon, soto\ZAJ1UYJ4ITD0CCKR9ATG0Y87.jpg","Bee hoon, soto",all,0cc1277fcb4a5e5f179af6ee5db415ce,faa9c1d2c7e42692
../foodsg-233\mee pok\1K2EFQ8WK1KC89WWRLF0FHCI.jpg,mee pok,all,b70803b68db3eceabd642d30065f907c,faadbc90c2eb6441
../foodsg-233\mee pok\AOMLMJMFNLKLQO9PDTJJO738.jpg,mee pok,all,67b53e0e57b6be379ff27e03592204ed,faadbc90c2eb6441
../foodsg-233\Prawn Noodle\GWBGD3JUL1T01IC8YZ2MCJF4.jpg,Prawn Noodle,all,a17815b256ed33a8fd6218d81f4bf9cb,faadd1944acb2968
../foodsg-233\Prawn Noodle\RLXSHU6VS0QL98VCV9HQNGC7.jpg,Prawn Noodle,all,02c8cf8c03c0ab9872158e79b529142b,faadd1944acb2968
../foodsg-233\Grapefruit\B2HSGIO2A9GYA3PYDRNXY2QZ.jpg,Grapefruit,all,cc01e77b14b9d572f8ed60ef502616db,fab1a8d4e1d2a1c9
../foodsg-233\Grapefruit\RFGX0LGY43R93ZPV4DKOTRTN.jpg,Grapefruit,all,bf765ad9cd5307c921f5e94b8c28e5ae,fab1a8d4e1d2a1c9
../foodsg-233\fried prawn\DD7FTD0Q69LH7OTIXFX3Y8DC.jpg,fried prawn,all,fc301f23301f189b47637309295f88d1,fab3b11d96c8c80e
../foodsg-233\fried prawn\Q90MWJYQ10NV1HAVNLR3S3JW.jpg,fried prawn,all,92bb4d6a5dce2906d49c716ebaa2f633,fab3b11d96c8c80e
../foodsg-233\salad\37BTG005ZI1TADVSJP2361F8.jpg,salad,all,633b6d5328f9c6a630249d8b927a9708,fab47595c3d20c29
../foodsg-233\Barley\GH1UWI6W2D4TLBNZ3YBI396E.jpg,Barley,all,2051a1fa07d519ab39af3f61acb2590f,fab47595c3d20c29
../foodsg-233\rojak\RA66XU1D5ISFMHEEUG2RQLXX.jpg,rojak,all,eca783cc8a3f68f31f24e7c8b56b7f38,fac08c5b04cdfe32
../foodsg-233\rojak\FGX7AY7DDGTMZONB24ZCOVOP.jpg,rojak,all,ae8dccf11ba673ebdfd2d868d8488352,fac08c5b04cdfe32
../foodsg-233\Instant Cereal Drink\TY1AUV8UES7HK4OGBHI6ZEYR.jpg,Instant Cereal Drink,all,519ef4571ca2d2d127d9444311ab02f7,fac0a5bd853c52c3
../foodsg-233\Instant Cereal Drink\DTLXN3R5UMPC1LRT3NA2RPD8.jpg,Instant Cereal Drink,all,a56c19f6e79522e743063bced8b364f7,fac0a5bd853c52c3
../foodsg-233\cheese fries\3XP9PBD0EXMXBH1TN4XVZXQ2.jpg,cheese fries,all,7be63ed2c049ea1dde654db79bc6e79f,fac0bf4de1166852
../foodsg-233\cheese fries\4OHM1RZEZIY7KO9RWQODYH0J.jpg,cheese fries,all,7a5573b3c4c8724a5fc088f28a1d6cfa,fac0bf4de1166852
../foodsg-233\satay\TPYY175E97CLIJZTDENSC3D6.jpg,satay,all,bd224fa82f50e328b2afb0f8d66efca9,fac0ce4e49395857
../foodsg-233\satay\UJFC3PPF04ANEPZ0QW7S4RI4.jpg,satay,all,f2f55bcf45e6ed3a6da678fe7a639cb2,fac0ce4e49395857
../foodsg-233\Bibimbap\2OZJWX39BSNH33C8VJVN3UI9.jpg,Bibimbap,all,142b1171db19d3293a43f971fd228b94,fac5606292c9cf4e
../foodsg-233\Bibimbap\3PKOOZBZTNAS00CHA8FDJREO.jpg,Bibimbap,all,55d89187e605b857077917f5d507acce,fac5606292c9cf4e
../foodsg-233\satay bee hoon\6W3J0JOLVHMNDPXPOG8C6KB6.jpg,satay bee hoon,all,f5a02993bcee9df60b2069339f4b569f,fac5d24ad20f4a2d
../foodsg-233\satay bee hoon\32548XY4UQI4H7E1J19SE8XU.jpg,satay bee hoon,all,0d97e05351b63a6576e0a490fcc2b192,fac5d24ad20f4a2d
../foodsg-233\Chocolate\1AKL8AEW6TJP3B92H8HZH0KI.jpg,Chocolate,all,2e35aeceedccfa93800b705729da2ddb,fac991cb8315972c
../foodsg-233\ice cream - chocolate\5BYH8VQSS7YGYLYCO28MQY3Y.jpg,ice cream - chocolate,all,d334d9e342d81d4fc9836c427832d4ce,fac991cb8315972c
../foodsg-233\Fruit juice\V3T1W4WO8FULKECB0ATRF70A.jpg,Fruit juice,all,c36552eb972225ee73a7afe677568aeb,facba5344d89720d
../foodsg-233\Fruit juice\62B245BL3R74YWXUS6OMWXPG.jpg,Fruit juice,all,4357138baf912d50e8fc288b58912eec,facba5344d89720d
../foodsg-233\singapore sling\797JPXEHZO9FPGBU8JZ6YDH2.jpg,singapore sling,all,06d76aa44aec848182edf02ddf668857,facec59993a4c324
../foodsg-233\singapore sling\M1WUQXHGL07OYHZQ9PTS2SRJ.jpg,singapore sling,all,59d38ef7597d29b889fd3c8664257afb,facec59993a4c324
../foodsg-233\chai tow kuay\L4H9A1KOTKAU4HT5UCOPMLM7.jpg,chai tow kuay,all,d53b1aa3556bd0a97cccac8a3f38ef0a,fad0810fcd6c507b
../foodsg-233\chai tow kuay\YZXT0JJ0LX2AFFQ6JJBXTTRF.jpg,chai tow kuay,all,ef3827ffe5c0b3e83e06035a89696fb1,fad0810fcd6c507b
../foodsg-233\buckwheat\E8GZ775W2WKRI2J6DR3O8Q30.jpg,buckwheat,all,8a5105e7c26a07f2f0abe789aecc6eab,fad085977a1aa538
../foodsg-233\buckwheat\O0LMZMO1Z0KX3TYJTTAQLPRN.jpg,buckwheat,all,f3e1e62758beef62844576a87d4d556a,fad085977a1aa538
../foodsg-233\Mee rebus\FXEGH2WL4JK4IPS559JO4MH8.jpg,Mee rebus,all,46fe249e50314ccf822d43bb69808591,fad353042a1eb39a
../foodsg-233\chai tow kuay\D6CQHW62DAB4DD8HOT8J7OB4.jpg,chai tow kuay,all,0fcdde7bdf1024f6fa69ae0954855f5e,fad3812697625e89
../foodsg-233\rojak\5V0V416TMCIK1KNQIYQUD57O.jpg,rojak,all,b1659a6aec50fc747e203b931dc87618,fad3812697625e89
../foodsg-233\har cheong gai\FJFGUVQKPAN9DXLKF9FTNK44.jpg,har cheong gai,all,427874b51bc52cb8a70dc2991455c356,fad4806a17ce7c8c
../foodsg-233\har cheong gai\ASZEK7KDWEHVI8J89R066YU0.jpg,har cheong gai,all,25e15cc250ce70b3874872f3709245ff,fad4806a17ce7c8c
../foodsg-233\Apple\DEQSVT71MX8KCN45B2P96BVX.jpg,Apple,all,c87c769e0e31d9f250d8e568b5064bad,fad80b3d6f0e201d
../foodsg-233\Apple\B7M5BVX3WDD9E1DJGPDZXV8M.jpg,Apple,all,f6c4cf91e521d6542f4037cc39a4f44e,fad80b3d6f0e201d
../foodsg-233\salad\55D537SSK6LF80ZJK2XCS8SP.jpg,salad,all,143e8fc661545496dd2ebfde780af681,fadb828ade94d052
../foodsg-233\Barley\DTI665BQHY39R69G05V414BO.jpg,Barley,all,3049c221c717eae4dfdaf82444aadec4,fadb828ade94d052
../foodsg-233\satay\XAA11BTYOW0MOS2ZWJOIQ0UG.jpg,satay,all,91ed31ead60deda83d54cee29add1713,fadba0a8a510d277
../foodsg-233\satay\464LTGCPOVX20WSKU23TZTL9.jpg,satay,all,6c33ab252d0f36ac7226edac5a84297e,fadba0a8a510d277
../foodsg-233\cereal prawns\T4YO3OWZXLCSX9DVWUKB05HS.jpg,cereal prawns,all,462a82dc924743430e0bd907be4b8f7d,fae045d53a40e52f
../foodsg-233\cereal prawns\GT0ODAFLDQZ2W9CTE9FPAD1T.jpg,cereal prawns,all,20e36fb793b566006de89b69598c5151,fae045d53a40e52f
../foodsg-233\goreng pisang\TND95CZ5A8VMEII3UCVK7M7V.jpg,goreng pisang,all,818bc89f6a990590ad3a15b8cd59c6ce,fae1b04c9a0e5b39
../foodsg-233\goreng pisang\ECLDB5HZ5W9N2E44NSQCYC02.jpg,goreng pisang,all,efe3b9193d214f0a629dd88bf6d5a0bc,fae1b04c9a0e5b39
../foodsg-233\salad\1UJLH84VZXW0Z8QV1WUX0CVM.jpg,salad,all,078532f3e096bc390e0ee92bc875ce22,fae5893640aac735
../foodsg-233\salad\J1KOGNLM0CPQF3SRKO38Y5RT.jpg,salad,all,d0fa49ba9cab8275e0bc30de02a6ac7c,fae5893640aac735
../foodsg-233\Chinese fritters\FMU5JKRT7KS55KF6GB3AQXZC.jpg,Chinese fritters,all,1743aa13195f74fcec12b1c931397a44,fae885161cf8ea1a
../foodsg-233\Chinese fritters\YNMTARPRJ8V54YZ8OAFIZ1PT.jpg,Chinese fritters,all,1f485e9038a8f6fb29b44caf0e9369fa,fae885161cf8ea1a
../foodsg-233\gulai daun ubi\1K83354AEEE77TZF95A4H0T9.jpg,gulai daun ubi,all,f59ea2166b111a80611453f595cd14ca,faf0c16a966e8199
../foodsg-233\gulai daun ubi\YSA42YM7P7B15GJ5GCJ1EGET.jpg,gulai daun ubi,all,bb413627f076f7f265968cc99c920311,faf0c16a966e8199
../foodsg-233\rojak\X3HVVBEWTSXJVVE1VR5KMZB1.jpg,rojak,all,1cf25763c4fc0f58839da1221ba89f89,faf1a01787794a38
../foodsg-233\rojak\F0DD8UBK4G8PYQ3OZVREXKV3.jpg,rojak,all,dc0f92d5cd5163b8b7cd04fddd9204e6,faf1a01787794a38
../foodsg-233\mangosteen\OS2XENDYDPJ0SBWQCWXXCXPL.jpg,mangosteen,all,7d11999c3a82b8c5a490dff2ba0c86c1,fb15a0b264661c5f
../foodsg-233\mangosteen\Q5VOI1567Z1PTKQ6HLIC9GQG.jpg,mangosteen,all,58bddaafa0e9eb8ba50443ef941f24d8,fb15a0b264661c5f
../foodsg-233\bak kwa\FUNWSWPPOO7Q81XYYTWXKMRA.jpg,bak kwa,all,c020f793fa48053cc00793b2a1d455db,fb23c047d0bf8589
../foodsg-233\bak kwa\6IUQXH51CBAQVQSGRIFVAWQT.jpg,bak kwa,all,404a0de51ff08cf8f415f91e9215cdd1,fb23c047d0bf8589
../foodsg-233\sambal\DPNOSFB4O30KQVUHP12Z9VA1.jpg,sambal,all,2d444285d859e4b090b700657f814abd,fb3bf880e0ef81a0
../foodsg-233\sambal\NAU73NWD13L3CWGH9XKEFSD0.jpg,sambal,all,1f5a546e081ab028fa519be79abe5bf9,fb3bf880e0ef81a0
../foodsg-233\chai tow kuay\6N41LI0YIZZ48HHO3TENOZ35.jpg,chai tow kuay,all,b0a1b2052b6882a562f987fd72f4e0d0,fb44b00fc539972c
../foodsg-233\chai tow kuay\BLTN3GKYTXV9ZINM2TPADR01.jpg,chai tow kuay,all,73edb464ed8cd1da4e58fb5592a97b40,fb44b00fc539972c
../foodsg-233\rock melon\I3SDT9XH2PNBDIDLZUPKKDU7.jpg,rock melon,all,25d563c45bfe161df6914006dbd07040,fb4e4e39ccba0232
../foodsg-233\rock melon\JR179DDUC3QZIY75G3UGIDE4.jpg,rock melon,all,02f72dd758904aca299996acbc5fb02d,fb4e4e39ccba0232
../foodsg-233\Mee rebus\PCC2967BY75O0MKRS62K21B3.jpg,Mee rebus,all,9c119e17f3af4d0b4509bc7e3a95965f,fb6885d9ae268585
../foodsg-233\Mee kuah\O3R3BKYCRMHE44G7Y1XW0Y2K.jpg,Mee kuah,all,085997b83ad1d9852d93dc023a70ab31,fb6885d9ae268585
../foodsg-233\kway chap\BK1HD5MU6XAQMX0W7C15UCGN.jpg,kway chap,all,1568aa9815c582803a3985e41c785022,fb82919fc41765c8
../foodsg-233\kway chap\LHGKWE671FPD3J07BQGA9I8P.jpg,kway chap,all,ccbcd4e817ff2b6632d20a146f37991a,fb82919fc41765c8
../foodsg-233\bak kwa\E9END97DXHU5GEUGDZCM5F22.jpg,bak kwa,all,66223856577cf8084f02b52292bf0839,fb83c3ea9c80f894
../foodsg-233\bak kwa\V9PO2RZEYJ7MYLIBLGRC5XL4.jpg,bak kwa,all,0fc0e77ba692bf04fe76e35632f12df5,fb83c3ea9c80f894
../foodsg-233\bee hoon\ISTCWDCG3DBR39YGFC1SZCOG.jpg,bee hoon,all,b84a65133f5d5a3f686eeda9202afaf8,fb8460971dd205ed
../foodsg-233\satay bee hoon\6GDR10B2PBILVYJK17TBOV9M.jpg,satay bee hoon,all,f71574ca16c7215aac17773566972f68,fb8460971dd205ed
../foodsg-233\green leafy vegetables\FE57CFFW8Y98RIA3A8QR8V25.jpg,green leafy vegetables,all,1429cd86fa43f5acda9e3ed14d731ef5,fb85843bc1609fe8
../foodsg-233\green leafy vegetables\CCA53TESP0HAPBLOI4IEWRIK.jpg,green leafy vegetables,all,0f1a65d182d4fba35d764f01eef04dca,fb85843bc1609fe8
../foodsg-233\Mee rebus\ENTM41Z53YXI7TN0IPW23YOV.jpg,Mee rebus,all,ea1452c4d977a47db42ef63b7ea2cce8,fb86f92d8494c362
../foodsg-233\Mee kuah\KRLM4BTXCCFNPNK614TQZDZY.jpg,Mee kuah,all,bfc853bab4d1d4ddb285fc4787fd73d6,fb86f92d8494c362
../foodsg-233\rojak\WWDEWIEZPCM1EHCLJ701JGDM.jpg,rojak,all,8c4e8bfd512cf1352deb7a25ea54e99a,fb89a16d9568568a
../foodsg-233\rojak\4MCMZCV5QAABMWY4BF087IAT.jpg,rojak,all,372dfa65833697eee663965a6bfe121d,fb89a16d9568568a
../foodsg-233\cereal prawns\OHFS8ODH9AXUITCN7GXS1HRE.jpg,cereal prawns,all,622f1543210b31e4d4195193bd378e54,fb89a9102685ebe3
../foodsg-233\cereal prawns\NF79TG7F8KIRLLDP0RNSNPP2.jpg,cereal prawns,all,d8205913445ad8bdf1af6ebd4d8926ab,fb89a9102685ebe3
../foodsg-233\bak chor mee\TPYSIXVB6IPW795ENIT1TMCF.jpg,bak chor mee,all,dae686deb869c9b591977aeb1a0ed7a0,fb8cd1b296a15839
../foodsg-233\mee pok\Q8677W1COCD2CUMRP1YH6BD5.jpg,mee pok,all,279c080e66f5c61d877502ec0d2c0fc2,fb8cd1b296a15839
../foodsg-233\popcorn\7TAAI9GSRCM6QHEO43YTZ4UH.jpg,popcorn,all,ed5cfac0c35edeff59df4c82b2dbe0c8,fb91ca098d3ea4b4
../foodsg-233\popcorn\7CZZ7BR53YVVT5W78G40H1IR.jpg,popcorn,all,928b9f31d08d38b865b2f0c56f0d0ae0,fb91ca098d3ea4b4
../foodsg-233\seaweed snack\JDTQ2S66UTWXL3IYV7UP4969.jpg,seaweed snack,all,6ef17c041bf4f965ed6b2ca22dc91205,fb91cc78a74c912a
../foodsg-233\seaweed snack\IC1UMDWMDO3FZD7HHWXHOIGV.jpg,seaweed snack,all,ce29b752781a3af7452534e17eaa0247,fb91cc78a74c912a
../foodsg-233\seaweed snack\7WJNR4G9KBE59CHMM4VGRX5O.jpg,seaweed snack,all,5c25b2645e4a52f19e15986e5f43d501,fb91cc78a74c912a
../foodsg-233\Mee goreng\7HU8Y501EXRQWB4MOJ7FW3KM.jpg,Mee goreng,all,421552aa9cd0cf6e60e369dde5905663,fb9404115b5b3e69
../foodsg-233\Mee goreng\7C7CJAB979B3G5460OVOLS6C.jpg,Mee goreng,all,6d6ce1aeadb00b90289138049b70f3d3,fb9404115b5b3e69
../foodsg-233\Kway Teow\37OSL23VCG8C9OA6YHA73FZE.jpg,Kway Teow,all,254d8d203d5b303217c39939d100d354,fb942d156c17a985
../foodsg-233\Kway Teow\VS4LKMDEBPD15AC08519BHEM.jpg,Kway Teow,all,8db7e5dcd3c34ff16654c380297042c5,fb942d156c17a985
../foodsg-233\nasi lemak\IWAFA3M9XZXR8K6Y4RCGG4IQ.jpg,nasi lemak,all,5622dd3ccf2aa5a882766bebc02f4317,fb959068c2c3e71c
../foodsg-233\nasi lemak\PIJNE0Y3X6UEC3C4HL2S1NJJ.jpg,nasi lemak,all,7a013f32ac2f3e74d0466dd509013f1d,fb959068c2c3e71c
../foodsg-233\Soto ayam\G1SBPJHYT0NG0QPTDVCWMZ3O.jpg,Soto ayam,all,bdba890a947bf066f056e67e272a7e10,fb9985c262969ac9
../foodsg-233\Mee bandung\GDBYIU09M8EAQ3BNAJHFLVG7.jpg,Mee bandung,all,fe73fb95a2cc415633b4a03bb668b811,fb9c95bd99700530
../foodsg-233\Mee kuah\4PYTKF1S6BLSJ9OUWMX4XIQN.jpg,Mee kuah,all,11ee770b9b52c473e1aface2c120bc00,fb9c95bd99700530
../foodsg-233\Mee rebus\VASLO7SDBRVHFZUCU3GVFSCW.jpg,Mee rebus,all,f5457b8dad69cc5451d9c6b4e6b73eb4,fb9c95bd99700530
../foodsg-233\Mee goreng\9RQI1C6EDAJL7HHRO1UYBK5Y.jpg,Mee goreng,all,356b18efd185878567c8453792f119b5,fba4c416c31bcb0e
../foodsg-233\Mee goreng\HBY3Y7H4E5ENUQUE3HZ70MDG.jpg,Mee goreng,all,fdc8b4168d8fe96c3718a50cbae431d8,fba4c416c31bcb0e
../foodsg-233\fish head curry\WHGJELGRFXVENKNIVCTE1379.jpg,fish head curry,all,4288848e6878aebc4b90618859675a24,fba4e173a0eec2a0
../foodsg-233\fish head curry\P26N5CEA01YNVK1XZV2OCA31.jpg,fish head curry,all,0536dcf9e7b91087523c3963a988b356,fba4e173a0eec2a0
"../foodsg-233\Bee hoon, soto\84VX5UFDNB51O0TD4AILPKEN.jpg","Bee hoon, soto",all,5319236dad3ee5c5ac5460e28d7b349a,fba6d09ad169c650
../foodsg-233\Mee goreng\Z1XEWXA9M8RZ089NI0FWPIJX.jpg,Mee goreng,all,5f3fed04dc70b3c2bf21011c748a55cb,fbb11df1c74e0803
../foodsg-233\Mee goreng\CC38A2R54G69YKGLQBTNMQ6W.jpg,Mee goreng,all,5308224540c86aefb189edc50e14c460,fbb11df1c74e0803
../foodsg-233\cheng tng\S5CP9TKUCB6Y5Y0K9Y3R37AZ.jpg,cheng tng,all,c551f4fe46151caeb486bbb713cb539e,fbc0e49e93c3c84c
../foodsg-233\cheng tng\HHZCR3LHE5TB4EI3N16HVUQ7.jpg,cheng tng,all,6adedf54a0009ff77c4f8f54cc3c50bf,fbc0e49e93c3c84c
../foodsg-233\rojak\J1R0VTKAB4E2A709CCUN05KJ.jpg,rojak,all,3e3bc069b9a28a1e829bf2b062582033,fbc2841ac51ccb3e
../foodsg-233\rojak\OH7SSP5L84S1WXMD27H1GXJL.jpg,rojak,all,1d2b8ad27f009f9bca5e3e35f41042ce,fbc2841ac51ccb3e
../foodsg-233\Kueh Salat\H7WPF95WFJG2FOKW9OU68JUM.jpg,Kueh Salat,all,fd939364d9714cf84de926e2ae29a898,fbc3903e0330cf72
../foodsg-233\Kueh Salat\PKPSA08Y1G5TB0XEHI7EDUKX.jpg,Kueh Salat,all,33600532611f8db3b30105be438d76d3,fbc3903e0330cf72
../foodsg-233\siew mai\H7OQ6O8YDDCHN4LM9XFACPXU.jpg,siew mai,all,f9921278f569bb24ecb7b9dec1049fc4,fbc48c1b9e23c51c
../foodsg-233\siew mai\PRBDAK3ND54QHR26V3873PN4.jpg,siew mai,all,40a01bd4570ad299406255518f4bb1cf,fbc48c1b9e23c51c
../foodsg-233\kuih bahulu\WVKRX50DWQK6YPZF4COXYWES.jpg,kuih bahulu,all,ce02d417a8a3e83ffe5474732420d618,fbc4e45ac03d8e70
../foodsg-233\kuih bahulu\L6ZVT8M8KIDEWJSV63L6L1BX.jpg,kuih bahulu,all,d7c2029b9e4c13b6e3adaec53b74aa3c,fbc4e45ac03d8e70
../foodsg-233\bak kut teh\BKJD5IVXAQGE2ODBJT2HHG2P.jpg,bak kut teh,all,a62f50f0597f3c627981fa9bcfde0492,fbc5b0b2e0c38b91
../foodsg-233\bak kut teh\E8F7G2BP92ZBYTL3J9FK55NR.jpg,bak kut teh,all,7ec8c893bb24ccd5ed22e9a9bba00e54,fbc5b0b2e0c38b91
../foodsg-233\rojak\CKJOFIV6FL8W13YR2VJGQR8P.jpg,rojak,all,ee75b164d07382ec11d661df6b9eb06b,fbc6b199d469c015
../foodsg-233\rojak\HXNIWL1O940J9D6E92R6YBUL.jpg,rojak,all,c4e8a5d94dee019bfb1f40e8d646bc0f,fbc6b199d469c015
../foodsg-233\Mee bandung\MTTGD724MVKQ7BRJ2GMFIG0O.jpg,Mee bandung,all,9373728118b8a36abba88644feb10020,fbd1c454d043d678
../foodsg-233\Mee bandung\72NYK0GON9XTHWG2283TK53U.jpg,Mee bandung,all,8896dc2928f68c51504fdcd3753047e4,fbd1c454d043d678
../foodsg-233\Pomelo\6UN37QH1GUJA61GQCT2E9CEP.jpg,Pomelo,all,e7c0bdeefb7264f196b0f29189f08aed,fbd4f00a818da43f
../foodsg-233\Pomelo\09K3GI4VFWP971YSY6ES375O.jpg,Pomelo,all,65c373f71b802abefc738f756458cb75,fbd4f00a818da43f
../foodsg-233\rojak\TQP60T29CYAB65R803KBUUMZ.jpg,rojak,all,f7bca46d02613029688b6b501461d15c,fbe78e88c384849d
../foodsg-233\rojak\U9PA6W1CVBUMQZ2ADWN333ND.jpg,rojak,all,ab6ee5c79b0f8ee8d69bd7ab29f91220,fbe78e88c384849d
"../foodsg-233\Bee hoon, goreng\3UX5OYVQ23LO1QL0544FKSHJ.jpg","Bee hoon, goreng",all,47bc3d67b30df516119a496b4dfc9701,fbe9b414c24acc69
../foodsg-233\sambal kangkong\E4I8X8NTJKPTZJNZS4QEDEZ7.jpg,sambal kangkong,all,7e9594f3874b0c5cc53aa5a2d78a06a9,fc0e4e6471979319
../foodsg-233\sambal kangkong\5HODDDJO13J9S2ODEBG6VDZE.jpg,sambal kangkong,all,558be1d59c5d36c993fa3eb0bb73822a,fc0e4e6471979319
../foodsg-233\Seafood Noodles Soup\8WMOP6BX1ES8JUMJDB107KO5.jpg,Seafood Noodles Soup,all,68f73a3c8aedb5a3d13b908d23299473,fc26839dffd19040
../foodsg-233\bee hoon\L60455NM7LT6R33ZMAZM967Q.jpg,bee hoon,all,7f60e260e84c534d5f43b78d6e9ce8b2,fc26839dffd19040
../foodsg-233\Mee rebus\OMW90M0P3TD4ENTBFP02R5BG.jpg,Mee rebus,all,ac8a8847948a2609820bd5fb4aad4b84,fc3e11dc52ba2b11
../foodsg-233\Mee rebus\ZC403JPW1MCFJHSCAAKKRMCK.jpg,Mee rebus,all,5a91d7fa54de953a67edf537f0f04167,fc3e11dc52ba2b11
../foodsg-233\canned Fruit salad\T3WPMJAEJPDMVTPVMAV2L8D1.jpg,canned Fruit salad,all,901f44dbbe6421bd7db5bf79e7cf69db,fc5c83c396382ce6
../foodsg-233\canned Fruit salad\7S8JSCCHE2QP85CUMB09R0EK.jpg,canned Fruit salad,all,c52511faf3074238c09fe911d2a5448b,fc5c83c396382ce6
"../foodsg-233\Bee hoon, soto\5K83MUULX6N6KRKEVD1Q0A8A.jpg","Bee hoon, soto",all,ff2e8600746c26b6abd7b166ff774820,fc69a3868d8aa5a5
../foodsg-233\bee hoon\XP67P9DIN0ONAMLM9X6WVQQT.jpg,bee hoon,all,6e118408045c2c1ed9be0678ef517a0d,fc69a3868d8aa5a5
"../foodsg-233\Bee hoon, goreng\MMFY0T5E6IXK9HWSB5HQQQRY.jpg","Bee hoon, goreng",all,4076e70549bf175a487080d6b88fc13d,fc78ca650c32f12d
"../foodsg-233\Bee hoon, goreng\9C8PU3YGE7XTAQ1R8WSXX575.jpg","Bee hoon, goreng",all,2fa6919c9e044c415925800f427d95db,fc78ca650c32f12d
../foodsg-233\sirloin steak\9P2DA19N7XKE1M911929C5FE.jpg,sirloin steak,all,5be9eb086cfd93d878cf60369932ae76,fc81c39ec33db488
../foodsg-233\sirloin steak\22QPZA5TQ9N0EBO13ZEYE25T.jpg,sirloin steak,all,ba29490417c88b6c33c1e65a016f6576,fc81c39ec33db488
"../foodsg-233\Bee hoon, soto\RDX290QYXB19DDPR4Q44GCKY.jpg","Bee hoon, soto",all,6510af700e4a209e7bc4dfbf07e201b0,fc8493856d87749c
../foodsg-233\Mee soto\3OAJBDLP5RBVC2CR6TMUZGAF.jpg,Mee soto,all,fd41be3674435031115c87ec8a9681c7,fc8493856d87749c
../foodsg-233\Duck Rice\F5GMBYXMIVBNNY5BSDG9CB5Z.jpg,Duck Rice,all,a948fe17e61c416a130f9da13e4b660d,fc8c8b5a87b89532
../foodsg-233\Duck Rice\JASVO2W06DWFZK4JG7MB6A9U.jpg,Duck Rice,all,11340c3c386b356430536f93b4426a13,fc8c8b5a87b89532
../foodsg-233\Snacks and Chips\OKDB2IRFY8SKI3OUMG0SW3P6.jpg,Snacks and Chips,all,a1fef08af931dc66d342512df6649d11,fc93c13c27f058c3
../foodsg-233\Snacks and Chips\LDI1MEFNB0BBKUC74ZLJI210.jpg,Snacks and Chips,all,c1ece6922954c5a70194dbad74524d0c,fc93c13c27f058c3
../foodsg-233\ayam penyet\VQUK4TZMOAULYO2CE4H5HUIL.jpg,ayam penyet,all,1ee5ace6fb6fdb805064559e43cb5575,fcac017b7242b3a5
../foodsg-233\ayam penyet\TE905FJ2MAGNQW9PTSCCFHRG.jpg,ayam penyet,all,c6df3461a29fab27546017fcf138f949,fcac017b7242b3a5
../foodsg-233\baked beans\39FNP657WKX6OOOPSS8PADEO.jpg,baked beans,all,c7b9a952a3e7129ed257da4bb46ef8ad,fcbc88395f60e0c5
../foodsg-233\baked beans\X7GB4UZOF08IQZ32NRBBWFRW.jpg,baked beans,all,6140e0cc2e4ea3db6bafd979038fdc5f,fcbc88395f60e0c5
../foodsg-233\singapore sling\DT92SIG45KREZBP4MFIW0819.jpg,singapore sling,all,60825673a63cb82bdd7f69ba8bd55d8a,fcc549371f3f4500
../foodsg-233\singapore sling\Z2RF2ESHOR0HVS0BVAI47Q84.jpg,singapore sling,all,0fdade7bd45530419c86a71afd4d80b0,fcc549371f3f4500
../foodsg-233\chilli crab\EE21590V0V4RC95FQJVP6CWW.jpg,chilli crab,all,a8c2292e14c9cc012ae36692ce37c8aa,fcc7421829bd3867
../foodsg-233\chilli crab\COA94QFZZUP0GBFL18YBIQBO.jpg,chilli crab,all,dc9caf97a42554c32e09144539065a2a,fcc7421829bd3867
../foodsg-233\hotplate tofu\72XHTZ3YQKQU1R11JQ8UPTWR.jpg,hotplate tofu,all,2b9bb003c353a3ce8d038209c9e6e757,fcc8698e3bb1e184
../foodsg-233\hotplate tofu\CRM9UVZW39D3PW3BEPI0N11B.jpg,hotplate tofu,all,3d5f717a422712591bb709e7395fa101,fcc8698e3bb1e184
../foodsg-233\ayam penyet\GNGYDVBUWIM6XIFU3YK4QSTX.jpg,ayam penyet,all,6fa81be6caa38c4d6c7ba336d3db8642,fccac7b10ec71846
../foodsg-233\ayam penyet\43VRDG79DNU1Z6MTXHC5TENC.jpg,ayam penyet,all,4baea29a5bda973a0461355143475d9b,fccac7b10ec71846
../foodsg-233\Kway Teow\91BXH15OU87UEQGGP1OR08SL.jpg,Kway Teow,all,f047757f3ed0e250d2be211e979caf07,fcd2b115c45c9578
../foodsg-233\Kway Teow\R2KXPO1LYLG6BOTDXZHSUL6K.jpg,Kway Teow,all,b43f468d32b7d51fd4a39993a9f72dbe,fcd2b115c45c9578
../foodsg-233\Duck Rice\WNBL3F6TGGSUA86NIUZWUR02.jpg,Duck Rice,all,e2ea0e3753007b290913ab73462e4973,fcd2e2a7c25a8439
../foodsg-233\Duck Rice\MWU0C2UXZ9LQ5ZVW994HMX20.jpg,Duck Rice,all,85360fdf276782baabdfdf734313375f,fcd2e2a7c25a8439
../foodsg-233\satay bee hoon\8430QGGZT9TCKJ05OVANNLJX.jpg,satay bee hoon,all,f7658b994e2dd8bc77ee34e6a65369ee,fcd3862c6456696a
../foodsg-233\satay bee hoon\29SAUAQUT5UO1QAX4CKR842W.jpg,satay bee hoon,all,381d046ed7e6193290bf67c32e87d061,fcd3862c6456696a
../foodsg-233\pasta - fettuccine\F8FTN2NBIR8D7E1RZK92OUAM.jpg,pasta - fettuccine,all,97cdf925b9385c23c75a5ab753828fe8,fcd5936a6b853013
../foodsg-233\pasta - fettuccine\757WDVA6UF9IETGX9GXJJLCW.jpg,pasta - fettuccine,all,f654b32c3bd4ef5cdd51bd97c1ebd63e,fcd5936a6b853013
../foodsg-233\rojak\YE1VFJDMNCYVD5P88B8CW7VF.jpg,rojak,all,f5893342d7afe67a20d964dacbb08615,fcd6910c07fa7d80
../foodsg-233\rojak\TVT2CIXU8QBP8LK1LM1B4ZD9.jpg,rojak,all,8158cc81e9beedca821aab027e94e0f1,fcd6910c07fa7d80
"../foodsg-233\Bee hoon, goreng\ZTD0R38S4KAOK37ZEHUKJTTC.jpg","Bee hoon, goreng",all,1c8a7839b9df0f6c23b6e37a2159e423,fce108ae24994ede
../foodsg-233\bee hoon\4HRLXFUD7LRG4VMHA25C1MDY.jpg,bee hoon,all,b9fa21e9dd5f571762f02e7ace5b56ff,fce108ae24994ede
../foodsg-233\rice dumpling\XC4YADYK1ORJIUERUGIRABKK.jpg,rice dumpling,all,30b2196e3969442f28ca1622039df09c,fd046971902fd563
../foodsg-233\rice dumpling\IXHAFURXYPW4BOJDZU0HMU1F.jpg,rice dumpling,all,b637b412974ade22a958c91ae31d1a6f,fd046971902fd563
../foodsg-233\rice dumpling\B0AAO5A20QU51TC8UDNNHWET.jpg,rice dumpling,all,3826bf3a48933e8f1ce562850927d4a2,fd046971902fd563
../foodsg-233\chicken soup\ILSTOKZLHZSTRQ3JFDLG2CW0.jpg,chicken soup,all,2b4e563f68099ceb974eddf85690915a,fd2c52936b4a389a
../foodsg-233\chicken soup\NRNESZ2ZZKC8BPN3YGBNTBS3.jpg,chicken soup,all,9cfacdf5f32f649f555151f968a7a6be,fd2c52936b4a389a
../foodsg-233\tutu kueh\9YB5ZO0B2QFFN6F59E9XH0LC.jpg,tutu kueh,all,e778a8f3fe1b764b478d31a02e1c9639,fd4602de62e19539
../foodsg-233\tutu kueh\1CG0VCYE35D7OPQ0SJ4V6Q7J.jpg,tutu kueh,all,56f1a004015bef5ec1e560a79edf897c,fd4602de62e19539
../foodsg-233\vadai\IE83FHRFEM18SP2N1O5RQXBG.jpg,vadai,all,ab8b58e84cc0f3dd8ebba138138980d7,fd53c5c3c038c4bc
../foodsg-233\vadai\C415845DA9VLIYIO120OGKC0.jpg,vadai,all,4fbcd2f8fdaa98ea34f77199f01ea0cf,fd53c5c3c038c4bc
../foodsg-233\chicken rice\FYCA45GVG4Z50MDHYFPTJLV5.jpg,chicken rice,all,6ee9a038f321078f7425c8adfb101202,fd5fd01e193a3203
../foodsg-233\chicken rice\ZQLFOOIJRY42SNOSNMD0OS8E.jpg,chicken rice,all,4adaeea8444c0b3a5683b868e1aa9104,fd5fd01e193a3203
../foodsg-233\mee pok\UX2YKOUKETZ9HYINOF0K4F9F.jpg,mee pok,all,efe3bc8bbb50cd1b698382d6ac94dfc2,fd71d4c6c152435c
../foodsg-233\mee pok\1F576YYCSM84K4SVXOPYUJ1L.jpg,mee pok,all,2b2221122e808a7013f7b30586a13e2d,fd71d4c6c152435c
"../foodsg-233\Rice, chicken katsu with Japanese curry\P4R2NICTL2S9V7ADT71OZ64R.jpg","Rice, chicken katsu with Japanese curry",all,94d43c55e783326e0a811a07f3d3d837,fd7aa0e08707859d
../foodsg-233\Katsudon\DU2I5CF0Z43SVHQUGOG3Q0HE.jpg,Katsudon,all,6655394a54c202178ea3a9ec553fdb04,fd7aa0e08707859d
../foodsg-233\Kway Teow\SK9HMGH9UQULMJE10K3JV1AN.jpg,Kway Teow,all,73a34c2986fbf9a84be7f6fd52f1f6fc,fd80e05f8156d71a
../foodsg-233\Kway Teow\QGLT0DVTUTT6JUUVJK5O9HZ4.jpg,Kway Teow,all,018b2f67e28649a8fbbe1c947271d401,fd80e05f8156d71a
../foodsg-233\fried prawn\FROLQ6Y39PIW1IJAI1ODXUH5.jpg,fried prawn,all,293e6712bf6d0553ae6f7603203669ca,fd8a82258f5e306e
../foodsg-233\fried prawn\QUJ8KZPTX7L18KGWUYB1L3TD.jpg,fried prawn,all,8c2eb8e0467da9adcbbe6524d782d4ac,fd8a82258f5e306e
../foodsg-233\Lontong with sayur lodeh\07URHNKZGOXPSWA1KHOV8PEU.jpg,Lontong with sayur lodeh,all,d730b1f0cde46b251b2e9ca5d6c7c862,fd8cd4718a940bda
../foodsg-233\lontong\5055CXQ38133R6PQG5LUWNAR.jpg,lontong,all,6debe5e8faa2318c2214a1ea29a7452f,fd8cd4718a940bda
../foodsg-233\hokkien prawn mee\7JLMUHNQ3KZR669B645RXI07.jpg,hokkien prawn mee,all,2ac75bfc4fd5da45e1bc00844096107f,fd99bd383625c181
../foodsg-233\hokkien prawn mee\PDC7M6DM0GASWPCVZYEIP3H3.jpg,hokkien prawn mee,all,b156c19565a9bb4639552433c83ed98e,fd99bd383625c181
../foodsg-233\satay\L4YV858MXDHLQ6IKBU11LJME.jpg,satay,all,31f0c0bd7c4c25264ed59e8176e66346,fd9cc4319ec688c9
../foodsg-233\satay\XWNIVP2QGXSDPPDWT5M7BQGL.jpg,satay,all,1bed6652e20006ca92a56a90d89d1db3,fd9cc4319ec688c9
../foodsg-233\Kway Teow\TNN2ZMR9UO7OM1BC5O2385VQ.jpg,Kway Teow,all,a8c14230c6fd64db09491e86d2268107,fda0202dc736466f
../foodsg-233\Kway Teow\7S6BD3Z9L20UETUI15FX1XQ4.jpg,Kway Teow,all,7ef631945812d535944794a947e4be2d,fda0202dc736466f
../foodsg-233\sirloin steak\1TJV4NO34WJR95NPBIF6KV0X.jpg,sirloin steak,all,83c999812edcdef8c735e881bc4349da,fda0fec20007bfb0
../foodsg-233\sirloin steak\GZ18S38GD9BVTX8AB1DRQKIZ.jpg,sirloin steak,all,be6fc3a31979071ba138639056578b37,fda0fec20007bfb0
../foodsg-233\Pomelo\UQZ62RT12WZVIRG1UJ8N80GP.jpg,Pomelo,all,2f47c23818ae5748ceafd3aa908db3b6,fdac3092199dc497
../foodsg-233\Pomelo\AXPMJMLYD0JOTYD6SET88L8Y.jpg,Pomelo,all,b1b0c16c307ed9ba03faef32bd479bf9,fdac3092199dc497
../foodsg-233\Fruit juice\VO2458UBWIOEU5M5K9RG01FN.jpg,Fruit juice,all,2cbd158ab54c822e28f3608df4604b91,fdaec48933c2c664
../foodsg-233\Fruit juice\UXFJ44H6VYC8F2I1V1PFQ5TK.jpg,Fruit juice,all,e7f661af1a12fe8ff09577b07c85eec7,fdaec48933c2c664
../foodsg-233\steamed grouper\P4RFZWMB4NQMUKDFNTP04EFR.jpg,steamed grouper,all,b6387986c043af55fc7fcb7f2de2ead1,fdb0d0cba9868a0f
../foodsg-233\steamed grouper\5L3GH5DPR5HLMB2CUTD1M3MO.jpg,steamed grouper,all,6cb3de6e94f1406da914545753e872a0,fdb0d0cba9868a0f
../foodsg-233\assam pedas\EDKC5570E3GPB8L2NXY16CZB.jpg,assam pedas,all,b0b1504463e9d05ea87a70bbba326abb,fdbaf081932dc324
../foodsg-233\assam pedas\ANB9IBV5M3D71B2UFRXL27JP.jpg,assam pedas,all,3bbcfd15c84f95893031a439ba5056e6,fdbaf081932dc324
../foodsg-233\Kway Teow\NLNU1RO9H4U255YJ8HR3EKDV.jpg,Kway Teow,all,62247b567673e56d311fccb364d8da7f,fdc043622a0f7d8e
../foodsg-233\Kway Teow\YIGYJJC9C3N29T5Z1YYAG7TF.jpg,Kway Teow,all,6b33862f8fdcc53fcb855356a10294fa,fdc043622a0f7d8e
../foodsg-233\mixed vegetables\NBPBS7LV0TDSLRNS3NGZU77J.jpg,mixed vegetables,all,3248dc39087ba8a5abaae8034ec0c28d,fdc08634edc20f1d
../foodsg-233\green leafy vegetables\JKP6GEFM4VE7NE4FAJUT76S8.jpg,green leafy vegetables,all,98c913572356be2599b84335284b1c13,fdc08634edc20f1d
../foodsg-233\Kway Teow\NJXEZ0L97C6QRVPG3WG3VGJG.jpg,Kway Teow,all,a2fcd75df295be7f2b83608c6df65cd9,fdc0c01f9639c372
../foodsg-233\Fried Noodles\B5ELNK8A9IDOVQN5E2XO5104.jpg,Fried Noodles,all,0fb20091466b96e7c1b19a9b0a88eed5,fdc0c01f9639c372
../foodsg-233\tandoori chicken\8QRYVMJEP0Z1TSZ83EIL9A3S.jpg,tandoori chicken,all,8c6d7f5bff27834261a3c120e13ad2f0,fdc0d0696af4a1d2
../foodsg-233\tandoori chicken\H3GLPD32ZJAI4LICPOT01AEY.jpg,tandoori chicken,all,4a36c02d103b474fc268dded519685a8,fdc0d0696af4a1d2
../foodsg-233\Peanut Pancake\0MBDBA67IYBSM8GE60SDD9SB.jpg,Peanut Pancake,all,16b9f1af433c24ab1937587fbc037d8c,fdc1c21e16597346
../foodsg-233\Peanut Pancake\6BDHYD5EKIXG7ETD17QUA5EE.jpg,Peanut Pancake,all,1ff578f3e73ab258afba6a58b827dd94,fdc1c21e16597346
../foodsg-233\sausage rolls\JCZX5JXN7UHB5I8ZXYOS8OS2.jpg,sausage rolls,all,2f07684aaa4623b25140158010ff35c5,fdcc8039d33ba852
../foodsg-233\sausage rolls\0LN6YRQS9RP944YW6HJ9YQNG.jpg,sausage rolls,all,75cac90f6b5320d4e596853bcc9c42c3,fdcc8039d33ba852
../foodsg-233\whole grain bread\YXHC41QL2QN7ZCCCTX5KU28O.jpg,whole grain bread,all,7c2af2ea3e015230aae43c2b11fe6623,fdcd92b48a24ca33
../foodsg-233\White Bread\N65CVZ59YC4ZMHWWSJD6CIK4.jpg,White Bread,all,d65208d3be1cace1c043d2f43be340e6,fdcd92b48a24ca33
../foodsg-233\siew mai\UQCRXBE0H4YI8EU0KUHSC6CA.jpg,siew mai,all,3c561a66b98201c3288789e6f25fb938,fdd082351d49e9a5
../foodsg-233\siew mai\0NGT54J1GYH7MNPEEMN5TG1S.jpg,siew mai,all,0dcda82db8723d3748dd549f9e8db6df,fdd082351d49e9a5
../foodsg-233\bak kut teh\AVKY9II8XR3NWNYJEDZQ3HGF.jpg,bak kut teh,all,ddf1c308b4abb4f07e9de4ed81296fe1,fde9c0c20d8fa954
../foodsg-233\bak kut teh\0CVMMD7RM3XXCWXJWHOTRE9W.jpg,bak kut teh,all,12d61aa02d1a35da6be128928c3843ed,fde9c0c20d8fa954
../foodsg-233\begedil\Y5ZCMCZ8EJQ77RJBFPVAE6SU.jpg,begedil,all,79cdc1c7bf7e834b99e1f10e16d4b953,fde9e61b8a266908
../foodsg-233\begedil\YUA7ZM268H6KHI16JT4596J2.jpg,begedil,all,75b84ebe633c3cf650bdc418aff87435,fde9e61b8a266908
"../foodsg-233\Bee hoon, soto\RO7QTOPMXDSV1ZYJCCPX2LEO.jpg","Bee hoon, soto",all,108152c1ea99a07102c352caeeeb66d0,fe0cb0f4c86b25a3
../foodsg-233\pig organ soup\CK764YMZ4R2H5JN3NVEIKK86.jpg,pig organ soup,all,b2b804c483738c15c70ffde5c5059fb3,fe0cb0f4c86b25a3
../foodsg-233\drunken prawn\OXL9QEOFSVMPOTTJV4U5Q8TZ.jpg,drunken prawn,all,cb5367a29210200be030b06d49e2c65a,fe16f969940ec191
../foodsg-233\drunken prawn\3ENREK8A3HEDI664O6PKQQ91.jpg,drunken prawn,all,98a7719cc65c0755945d09cab98cceb7,fe16f969940ec191
../foodsg-233\cream soup\L0WJZJRA53UYY7T7EZAOZOO2.jpg,cream soup,all,35b2f7951568e377e3955377f0b66813,fe22b33646767019
../foodsg-233\tacos and nachos\78KG9XBITW519HTDG0CPI81F.jpg,tacos and nachos,all,1d4077663553a734a9cfb517c6e91211,fe22b33646767019
../foodsg-233\Fruit juice\K6B3TEFR3E64HTPRBKG9TB6N.jpg,Fruit juice,all,834196a609f52cb9621654b5d291e4c2,fe4bc98dcd3c2430
../foodsg-233\Fruit juice\837ZYDE2KF3FUBZI3Z7NL5L0.jpg,Fruit juice,all,583e5421b70a3f80d1ddec445f9cd740,fe4bc98dcd3c2430
../foodsg-233\vegetable soup\IXIITHZU96Y3DC5G4YM3LMGU.jpg,vegetable soup,all,5ad0f8459dc93b1bebdda8a16b256043,fe54abc04dcba446
../foodsg-233\mixed vegetables\NRKE9H4GLDRVYH0WCW65ZEB2.jpg,mixed vegetables,all,4982552b3087daf97e060b0f6904a8e4,fe54abc04dcba446
../foodsg-233\bee hoon\H9WMULN73GUM6SLHMHXW4EA1.jpg,bee hoon,all,fdd1ea1273580c93305638fdb759ed62,fe55d170d550ca0b
../foodsg-233\vegetarian bee hoon\E6YOAHEDEIOHVTVLBZQ5TFDZ.jpg,vegetarian bee hoon,all,58c9d94ed4c7514d076188cab613420e,fe55d170d550ca0b
../foodsg-233\begedil\1FFUVY52FKXIBJ3JN8XNS1NM.jpg,begedil,all,8120d2c3f9390df387b79af50bc0fd1d,fe5a973585268272
../foodsg-233\begedil\R5M0AK6YI8SM5YP9FA4QL1RJ.jpg,begedil,all,b3059494de9ec45e907070ab5d79473e,fe5a973585268272
../foodsg-233\cereal prawns\7HRXZFCM2M2J0NQIMCIA19PL.jpg,cereal prawns,all,d00a428cbd300bcc1e17d68c47c1f894,fe5eea6aa0689524
../foodsg-233\cereal prawns\NUXLGQKGRIFE1JFXM52ZF243.jpg,cereal prawns,all,bac4a1a1547320edf4bc8c832015a99c,fe5eea6aa0689524
../foodsg-233\spring rolls\HAXPQRDT3I61BMYZ75RWTWVK.jpg,spring rolls,all,f0994c2256f2748a1924f1e69395b6f1,fe5ef0a18851c15b
../foodsg-233\spring rolls\SRXOQBQBF46KT6GOH694RN4I.jpg,spring rolls,all,fed012dcb2906f05cc9393e487d8d8e7,fe5ef0a18851c15b
../foodsg-233\cream soup\NIJJWND94L78KTZNCU8ZIQR4.jpg,cream soup,all,93116709b212edda4a0eee38ef3ac1a2,fe6392cbe8a49219
../foodsg-233\cream soup\NZG9E5EINTX2HZCGA851YNQK.jpg,cream soup,all,ba712ba02b4a07f9b3b7b6cfa6f0c697,fe6392cbe8a49219
../foodsg-233\Mee rebus\BKE077XHZB45AVB14UGMTD36.jpg,Mee rebus,all,91280bf605512395a2eb5fa8d62d8d45,fe65a402d54dd1a9
../foodsg-233\char siew\WCT7ECV756DMCGX6VO7L8V12.jpg,char siew,all,61b7c562294cd735aa18bde7048845a3,fe6dc1c2961694d8
../foodsg-233\char siew\G62H5D5GH4LHYPBZX3OE386B.jpg,char siew,all,3632b3583b3f2112b3b20889033ef9ff,fe6dc1c2961694d8
../foodsg-233\Fried Noodles\2D4MJ86URZ1J6N5WNYY139M6.jpg,Fried Noodles,all,8badb7212f1d6df59657a0e1400b47a1,fe7b60608e87989c
../foodsg-233\Mee goreng\K6GKJU3OJF7KDOTAHFJNF5H0.jpg,Mee goreng,all,30caacf5441edbe80aaf52acea85674d,fe7b60608e87989c
../foodsg-233\Pung Kueh\93L5LHC8C30TW57GHNV1VFGV.jpg,Pung Kueh,all,e821298ad8fd2e63faff9dcd5c45da67,fe83c0e69a07f05a
../foodsg-233\Pung Kueh\YSB2Z4HN8FBLBA1WUF8NWGZV.jpg,Pung Kueh,all,f1338d4d1fdfcbdfd549ea21459d5329,fe83c0e69a07f05a
"../foodsg-233\Rice, chicken katsu with Japanese curry\AWHJNJP9SQLHY4PNNG3REXFQ.jpg","Rice, chicken katsu with Japanese curry",all,74159922b47341db7ef0ff21fa74ddba,fe849466885bd563
"../foodsg-233\Rice, chicken katsu with Japanese curry\S1704PNBQ9CI47SP0AO39QII.jpg","Rice, chicken katsu with Japanese curry",all,85f391a05663658689eaf9812d74feb4,fe849466885bd563
../foodsg-233\Nuts\JX0BNNX64HWJO573FCW4QKPT.jpg,Nuts,all,23117de4f9a37f153874e18204525314,fe853d66ca3401ec
../foodsg-233\Nuts\J820E20MHBQKHJM1C59VCXJ0.jpg,Nuts,all,62bbae659992fb9411f8e1b323280061,fe853d66ca3401ec
../foodsg-233\Chocolate\ML24Z41VY4GNFH36GETNTWOQ.jpg,Chocolate,all,df3c3bfd418e669915733739aa172a4b,fe85817a7e858178
../foodsg-233\Sweets\8XDPV2N4PXUC65HXP20WAPGH.jpg,Sweets,all,ca57888fefb31c7b9154a692db846caa,fe85817a7e858178
../foodsg-233\Kway Teow\5E753KH4TAJFJQG5HYXJJKTU.jpg,Kway Teow,all,f1013e6fa7f994b92abc033604c19575,fe86404be8b1959e
../foodsg-233\Kway Teow\KGRHX81XBLSJMUCRBSR1KOUU.jpg,Kway Teow,all,1493cdf301570daac9a2bd2b49d0672c,fe86404be8b1959e
../foodsg-233\kiwi\KCEQ1Z56WPIJ8X06O06VGGTS.jpg,kiwi,all,c9cdbaf9c877ec8e19dfa2d7db0c6753,fe8814dc0f07c75c
../foodsg-233\kiwi\414FB3M64YDCVZZBTKFCV4QN.jpg,kiwi,all,568cf9dda16e8b0a160f438fcbc07088,fe8814dc0f07c75c
../foodsg-233\watermelon\MGQC3N484JKQGS6T4B89PW1S.jpg,watermelon,all,151c932c3e03e2b77634b04539526ef7,fe8bd6704426d1d1
../foodsg-233\watermelon\J814QSRB9UMLVA6J5PGGYHL6.jpg,watermelon,all,c35233b2e793a7e0d9976f822af1205e,fe8bd6704426d1d1
../foodsg-233\Ban Mian\J5EDIO9DAGEO9GVVI1O07YQT.jpg,Ban Mian,all,a5ea83fc5b806116181f656eb5c38cdc,fe8fd02e853ca522
../foodsg-233\Ban Mian\ZO0NMNJXBW4GX27JTC3N8L53.jpg,Ban Mian,all,edcfb5b979abb00cbecc330d96e0eef2,fe8fd02e853ca522
../foodsg-233\vegetable soup\IQM08UK7I89VFDOQUJAQ9KTB.jpg,vegetable soup,all,23a84094ea3bdea45e0950912ebd5ff0,fe91a01fe84681cf
../foodsg-233\vegetable soup\M7J7MC15WBV5NUMB809Q7N2D.jpg,vegetable soup,all,0e649cf7003bf10b8749f7939674999f,fe91a01fe84681cf
../foodsg-233\sambal stingray\S0XNZHXS5MSLJ1CTHE45PW1X.jpg,sambal stingray,all,94d1066f8e53188a2920d1ce2b00b976,fe97f607c0579050
../foodsg-233\sambal stingray\9P7XMGA1FNJPQXVGWZ7ZINE9.jpg,sambal stingray,all,99f05dd9ad5cd5d5609f84ad6156def3,fe97f607c0579050
../foodsg-233\lychee\482NT1YYYEL2IBDGZU8CFMXY.jpg,lychee,all,9b869e8e8873400446cc83b4a5ed485d,fe98901ed7a29625
../foodsg-233\lychee\7NWIQDYJSHFZNUBW6G2HI9A5.jpg,lychee,all,594c8b56c33529b11cbf9835e90687e6,fe98901ed7a29625
../foodsg-233\honeydew\B724SVRIMQ57VR1O6FDTCWUN.jpg,honeydew,all,437ed25d030720d21a25cc44fbd51c3a,fe9d46adad921209
../foodsg-233\honeydew\L158X9Z62UL8NFGULFV5LGTK.jpg,honeydew,all,68c4050dc94c3975d5179ad2e32b45f7,fe9d46adad921209
../foodsg-233\honeydew\H7RM2317RI8AHC11J9G0UZBD.jpg,honeydew,all,73e00f7bfe9a5e3d4dfd75bb94326325,fe9d46adad921209
../foodsg-233\Mee kuah\0PT528DVYPUOGQT0OKCC9D01.jpg,Mee kuah,all,975237d83ab75dd89dff4b47a37e381b,fea065c99a15d932
../foodsg-233\Mee bandung\2AS1HJUZDRL80MSM5A77ELQA.jpg,Mee bandung,all,0380cd6f538656b36229ece58fcb8287,fea065c99a15d932
../foodsg-233\hotplate tofu\174TLEKXAG5RUI1Y3EPYXXYX.jpg,hotplate tofu,all,bc666e738d273363007e4cbd39245d92,fea06896b8d0bb68
../foodsg-233\hotplate tofu\XF49F5TNHKBXFD48DAGUQBYA.jpg,hotplate tofu,all,f3c667230dc72fe38005fd5d5eba1e56,fea06896b8d0bb68
"../foodsg-233\Bee hoon, goreng\RLBRRHKMFNDA05P2UZEDEXDP.jpg","Bee hoon, goreng",all,32e4ca8a52bda4a5df0da8cb663fa106,fea0eb45c077ca0c
../foodsg-233\rambutan\HD9R2WFCPSNH37AEHB9CYUJK.jpg,rambutan,all,dd7116879c65d5e97b0264a550aa7ca6,fea1c31e8d6294e2
../foodsg-233\rambutan\212J065J2U82EZQ2NQ97WG2D.jpg,rambutan,all,e79c1f119565fe70cbb57557b7b42939,fea1c31e8d6294e2
../foodsg-233\buckwheat\HIYLEHGRJLJRO1QCTIVUPV01.jpg,buckwheat,all,9887e45e90cdeba53cf8da0cb719a086,fea4c9b4d4954a94
../foodsg-233\buckwheat\CPRP4AAOOR0K1Q6PZA46QGHY.jpg,buckwheat,all,60028c7eac88520a4c1e94c8b963bc4e,fea4c9b4d4954a94
../foodsg-233\Soto ayam\OX9ZC9HVSILVDPOHN7OPZA43.jpg,Soto ayam,all,5e2bd2c2d553de6798ec19052079fc8d,fea9e087979e1890
../foodsg-233\Soto ayam\M6YYA5V1KHD6AGUD3X9M3707.jpg,Soto ayam,all,f9b172b2d2870262281fbc4e91abd6d1,fea9e087979e1890
../foodsg-233\Mee soto\JT16ZNYC2P27LJ1ID0UPY1L0.jpg,Mee soto,all,e86e380d80b99042bb20770a0790d3ec,fea9e087979e1890
../foodsg-233\rambutan\D2RK7GVXF115AXZJ1B9UT8BI.jpg,rambutan,all,0ab2c975df8d5d449c869b10dad062f1,feb091c16b1e0ea6
../foodsg-233\rambutan\IM6W5ZCFYAW6AZZHU3TOQ3QH.jpg,rambutan,all,ae41232dfcb3fb4c85a65f5365e648cd,feb091c16b1e0ea6
../foodsg-233\chicken chop\AGGQK6YHHD6QOZBG72IF71DT.jpg,chicken chop,all,e9b64437a73fc2099f2d2dc88dbab338,feb3c3be8864904a
../foodsg-233\chicken chop\S66M79TM9L2DSZVIK5FBR8CU.jpg,chicken chop,all,434cefc36afa93c61fdb4eb621b9e688,feb3c3be8864904a
"../foodsg-233\Rice, chicken katsu with Japanese curry\V6IA5Y96Y4SOOEUOT5KMN3XU.jpg","Rice, chicken katsu with Japanese curry",all,574a24d2af417410b59636ef10f2cab1,feb58547931e0913
"../foodsg-233\Rice, chicken katsu with Japanese curry\3NMXQV3I3BLT4P4GM9WIC1TH.jpg","Rice, chicken katsu with Japanese curry",all,92f519e56f5d673c67fab7271368c0cb,feb58547931e0913
"../foodsg-233\Rice, chicken katsu with Japanese curry\ROYHD29K22IJ6ABEG04CP3CK.jpg","Rice, chicken katsu with Japanese curry",all,8f74bcfcc475b8d22216cff28a753872,feb58547931e0913
../foodsg-233\Kway Teow\54EOQZYKDKPRREOS1STSCJQH.jpg,Kway Teow,all,5b3db03f7de5d8d1762d01ce251cb57f,feb9a095c19e81c3
../foodsg-233\Kway Teow\QHJ9H1E58V18SVJ16LD9NMC8.jpg,Kway Teow,all,d76200c47b6273012ebefa832530ef05,feb9a095c19e81c3
../foodsg-233\rock melon\V2YZORZSH78VL1V7ZHKJV5ZG.jpg,rock melon,all,aefff7f6f7384b6b83007b70103ad8b3,febeae8b33258088
../foodsg-233\rock melon\O93K5BUPNTTOLZ493DVJGBIX.jpg,rock melon,all,4e573f6d7cbb917283422e4eeac13150,febeae8b33258088
"../foodsg-233\Don, unagi\A45H6W95F1N3ID0P4OWJC5OO.jpg","Don, unagi",all,c4bad46612c877d697a34f462f40552d,fec03f989d0acc0d
"../foodsg-233\Don, unagi\IHXHA0K5SH67Q5PSNETCO73V.jpg","Don, unagi",all,e7b8cfa2d12ec24d2c009390edc9b4ed,fec03f989d0acc0d
../foodsg-233\popiah\G8WKR6VY83ZG006JKB4DE083.jpg,popiah,all,47be04356df8573c16c5d10f746f581c,fec04aaa53952e2b
../foodsg-233\popiah\DGV2L7H5Y0FNUYY6AP84XO42.jpg,popiah,all,e7e78aef75eec7fbd1ca54c7407cd116,fec04aaa53952e2b
../foodsg-233\bak kwa\15WN9Z5ZVSEZY0X7T4L8EOT7.jpg,bak kwa,all,82eba32242b39479138a1256c4d6b9b0,fec08d4b584b5e0d
../foodsg-233\CNY love letter\D0W8YTG4Q7YY1TVWSVCJ611S.jpg,CNY love letter,all,d0062177844b644f581cc3d24562ca9c,fec08d4b584b5e0d
../foodsg-233\bak kwa\2HGGU49IFURLKP7MRYRLP0W9.jpg,bak kwa,all,59a1a89e11564971b2f4c421e258cb8c,fec08d4b584b5e0d
../foodsg-233\chwee kueh\EHMCH8LBP4F1GJMJ0CZXJVDB.jpg,chwee kueh,all,beb8498cafae1b8ccef1df2072eadf6d,fec29548ce39a932
../foodsg-233\chwee kueh\R7QXG8U1XR1WT2RWN7ST9Z85.jpg,chwee kueh,all,ad9ec81d224efd5a7d6170c262f4cab2,fec29548ce39a932
../foodsg-233\sausage rolls\WI92PMNKVTV7XIGLI54SVX8J.jpg,sausage rolls,all,9129949d625707e3c7025c44774f640a,fec380bf31cb0668
../foodsg-233\sausage rolls\KAUTDR7P1C4BAEQQATRICSQZ.jpg,sausage rolls,all,b002ea8ce5d910d5c53f46c76a50268b,fec380bf31cb0668
../foodsg-233\Apricot\J9DWV3Y8ZP3HLVXZPXSSOW7H.jpg,Apricot,all,a81355f2fb6f2d3ac8018c9180b3c5a7,fec5811e4bb82c47
../foodsg-233\preserved fruit snacks\WCGK9SHH4S83FFLJXKV3P5ZQ.jpg,preserved fruit snacks,all,e0b1e08834e6d666b4a08d18578b9649,fec5811e4bb82c47
../foodsg-233\sirloin steak\P0X6YYZZ4DI4ZRDZ179DOPK6.jpg,sirloin steak,all,28a718d6df8aee4491cb8ecb8d0d9b89,fec5a08a95956a59
../foodsg-233\sirloin steak\O40D61RJTG6HCS33K1PR90VN.jpg,sirloin steak,all,46b2e46df7251b2bda9a92013cfe4c3d,fec5a08a95956a59
../foodsg-233\bak chor mee\09FEKNTIK5YYGR3VVV83995B.jpg,bak chor mee,all,c405696284d22b43c46c3aa71cc09f1f,fed0606b830f8c7c
../foodsg-233\mee pok\76EECK7NNFLPHYUA80SZD7ZY.jpg,mee pok,all,06bb673d2a9a5c0fe70399d1251e356a,fed0606b830f8c7c
../foodsg-233\Nasi Ambeng\3ZYQ0E1XFEZ2H8UANEIE2YP1.jpg,Nasi Ambeng,all,c3827bb9af0fb8535bc110434d1d4a37,fed0db0aec35301a
../foodsg-233\tumpeng\ZK8SB5I54D76LY403PE2X3NV.jpg,tumpeng,all,547d6f2cc02848e6e1ea4b21fb511aa6,fed0db0aec35301a
../foodsg-233\banana\R597LXLDTGS2UK4Y4IHJOY1L.jpg,banana,all,76f9889de2e07c6024c58b8a213e6fda,fed2802d0bd2707d
../foodsg-233\banana\GCQH2YD9P7JOHAI1M1LS6Q2M.jpg,banana,all,9d6b0c444b2f54079fad458674aaf1d9,fed2802d0bd2707d
../foodsg-233\vegetarian bee hoon\VL0SDRW8CQRTU53OK2CJT0NI.jpg,vegetarian bee hoon,all,2436ce3c4957c09ed6d2e6446c914031,fed2ad40b10b974c
"../foodsg-233\Bee hoon, soto\N5DLKED3JQZT6OW37N8IJ77O.jpg","Bee hoon, soto",all,0003a9316598b0c729d1c9c896b590e7,fed2ad40b10b974c
../foodsg-233\Soto ayam\OQVTOW96ATLALK52RG8K1453.jpg,Soto ayam,all,56a541eeeb9618b6b43badcf3f9c1d03,fedcc1a0a6b10f1c
../foodsg-233\Mee soto\R5AQTZ8P0KFTC8ODFINKUZ9U.jpg,Mee soto,all,fde781bf468bf566ed2690baa6f8d793,fedcc1a0a6b10f1c
../foodsg-233\Lontong with sayur lodeh\5BXGTF1SXU60MMYC0EWQF2RQ.jpg,Lontong with sayur lodeh,all,1b5fb1cd979113fb0251ab0f4138eca3,fee48492834b8f6c
../foodsg-233\chilli crab\AT43B5PX1CS01AVLQF8P7ESB.jpg,chilli crab,all,f3dece10fdb5481068382be6ca62203e,fee4a8829bddc02c
../foodsg-233\chilli crab\TTQJVCNRGI4MCPDNR8JJ4OLU.jpg,chilli crab,all,82b4fdc9b1c807b2ff72b36e7ebdf2f9,fee4a8829bddc02c
../foodsg-233\Kway Teow\WDWZ2XIKOQN5AYGJ9FBE5T9P.jpg,Kway Teow,all,ce4a82f49d22c9f4e1b01b94b6082fde,fef2e4c082c1c9ad
../foodsg-233\chai tow kuay\UU07AB6BAF5PIGT72WDO9FPA.jpg,chai tow kuay,all,d9e82ddad9ebe246940114b6bd2fbb8b,fef2e4c082c1c9ad
../foodsg-233\satay bee hoon\AT510X4SBXLWOOR3UI1YN8D4.jpg,satay bee hoon,all,22381c17eec9a9f7390a9beee74e6acb,fef8a8e08585a794
../foodsg-233\satay bee hoon\OGGFIIC2DGAFDJRWCXGHWO72.jpg,satay bee hoon,all,968f0784c01e525707d79f5306f9592f,fef8a8e08585a794
../foodsg-233\cereal prawns\FABDETAY4GIJZNOMWWOLON5E.jpg,cereal prawns,all,90cd895bcbbc142587712eb184b15780,ff12f616b0436e48
../foodsg-233\cereal prawns\OHUBOP4CADBY6P5W2KYKQGLL.jpg,cereal prawns,all,d39ba9c0a171b372d2848bc710893f62,ff12f616b0436e48
../foodsg-233\drunken prawn\733VRJLK5MVZ2BALYQR3RJJV.jpg,drunken prawn,all,e1e14c8e08d49a3d708641d6a69aaf1a,ff13d05a8f38b062
../foodsg-233\drunken prawn\ADCW6JMRHW870UGR0R79SUYN.jpg,drunken prawn,all,3a4b08d2537430ed85c376365a9db811,ff13d05a8f38b062
../foodsg-233\Mee bandung\WIAM2LWREO5JJ4BJAL0SENEB.jpg,Mee bandung,all,ed680706a4ad2b83dd41294b8e7d9d5a,ff148469c96a8e2d
../foodsg-233\Mee rebus\Z51WPLYYLN2LWF5U6HWH69HN.jpg,Mee rebus,all,f5d93b153ced8a4fb58cc9d3b32f8f95,ff148469c96a8e2d
../foodsg-233\satay bee hoon\9HPFJ9JZ5A9V9DMGMZ7RW0TE.jpg,satay bee hoon,all,df06ecd7d1ff25eba30d344f8c4291cc,ff15c17a14243e1e
../foodsg-233\Mee goreng\9YGP3AW5OVO8M0I32SH2914N.jpg,Mee goreng,all,1cc745d34f76b39a7c27d3f27a58eac1,ff15c17a14243e1e
../foodsg-233\cooked brown rice\FQYL7YJ0WMIR0AS4HO34B7WH.jpg,cooked brown rice,all,3ac0b49e7fe92bddb4a072a50a67629e,ff1cd47002429fcd
"../foodsg-233\Rice, with dakgalbi\6OX7SBBUHQ8ESTU9QW7UTMJ3.jpg","Rice, with dakgalbi",all,9e374f3de8af2c4ecb627675024bc762,ff1cd47002429fcd
../foodsg-233\jackfruit\DKQ4V0QSGWVL2FOZQU7O1K9M.jpg,jackfruit,all,add59df6fd1aec877204e239e3f99457,ff40e0af800d9fb4
../foodsg-233\jackfruit\FHJ3ZOU4WAI0SSBG5G1Y5Q0C.jpg,jackfruit,all,18ea5da4b2f047d329cd55881fd2ad5e,ff40e0af800d9fb4
../foodsg-233\Fried Noodles\ERSQ3GK5SYLPL8PLWL626CCK.jpg,Fried Noodles,all,316f23343f2a35d39935ca4509d13504,ff4170c64188cf9b
../foodsg-233\Udon\QA9VOKVZK3FTWPM9BMSGY2K4.jpg,Udon,all,0d30484a94a7900c00f5b724c401ce33,ff4170c64188cf9b
../foodsg-233\mushroom soup\INDYZ71JBIPAK0BUNQB1UC4C.jpg,mushroom soup,all,6fd8b3e40ecdd3858f0b1688c43a0c3f,ff42406ff3308738
../foodsg-233\miso soup\72XZX6R33EDVOD1R8951WKN9.jpg,miso soup,all,7265c07d999a0d61ff347630b84273da,ff42406ff3308738
"../foodsg-233\Miso ramen, with fishcake\R8ATFW5P5EJBAPCSN34RZNZ3.jpg","Miso ramen, with fishcake",all,e13571ac4fb17b284b1ff64576f2ea80,ff43a034a61f83e2
"../foodsg-233\Miso ramen, with fishcake\EKQ11OJSDZE8BR5BJF1NT96L.jpg","Miso ramen, with fishcake",all,eacf0a5dd0a5c04758afc4096e23d661,ff43a034a61f83e2
../foodsg-233\chai tow kuay\NFD9OGBDSG6LN008ZKFL1T6O.jpg,chai tow kuay,all,738bb0a6bd0858156e3de3d37a963bd5,ff51540a716a6d25
../foodsg-233\chai tow kuay\V55OHGBZ9NI7HKNQA7HJS5H8.jpg,chai tow kuay,all,1c2a366585fc0c81a148bf50c038f24b,ff51540a716a6d25
../foodsg-233\whole oats\NA35V51CZIMCLI01DW7J9J7R.jpg,whole oats,all,7162d3eae0268d7449a7a5ed025156aa,ff56e03990b38e81
../foodsg-233\whole oats\4IIUUDXD3G7GS1QZN45KC0P9.jpg,whole oats,all,e4e6f0f89b407a407b2679ad63212e9d,ff56e03990b38e81
../foodsg-233\cereal prawns\QXTYCUZTD1OHXCSZSOY3CLHX.jpg,cereal prawns,all,7f215c56ab24e1d755e06f5c1c240ac2,ff5c28f470b15134
../foodsg-233\cereal prawns\7TRNDNSCOVJA5M8RD6WKGAVF.jpg,cereal prawns,all,83019704890c4d3f3fe761d49f2bd5f7,ff5c28f470b15134
../foodsg-233\fried prawn\JZ5ESEFWPH7HXH3D19ARD96P.jpg,fried prawn,all,81d7b20f81be0f717f6aa0c1bf5e8a05,ff5fcd68c0a202d4
../foodsg-233\fried prawn\7Z0OOCGOG9KCXIU9X3MMZ1RI.jpg,fried prawn,all,b0cf375483e8487d02f20ef76f37989d,ff5fcd68c0a202d4
../foodsg-233\lontong\YY2EWDRRDVXWLUIFWSHKMS6T.jpg,lontong,all,bee7a8fa3125f615441a08099d59ca39,ff61d4b4c9662548
../foodsg-233\Lontong with sayur lodeh\9QH2UNU51RXODULJVG85TF86.jpg,Lontong with sayur lodeh,all,2e84ca514481c236a79829710d872186,ff61d4b4c9662548
../foodsg-233\char siew pau\HLRMVEEKYUEECCG2TK55IXEY.jpg,char siew pau,all,472dbf79534cdfc6c2799db05244b527,ff64e01b81c08f4f
../foodsg-233\char siew pau\5XHWK7SYF88ADUEY5YUU3VT1.jpg,char siew pau,all,0b5259ca73d7561e929325f44fab2c27,ff64e01b81c08f4f
../foodsg-233\mee pok\T8POZAAPQ1YS61EC1LDCLTRW.jpg,mee pok,all,0b98767ff67b8e36eadf60055c6301d2,ff6bd07980608763
../foodsg-233\mee pok\NVZ0MP6W4N670TUJA329WRJQ.jpg,mee pok,all,1d0108c56147194d65d5a5bc38720191,ff6bd07980608763
../foodsg-233\Fried Noodles\CBFVTE6FNGAMVT0VZWMDOQCO.jpg,Fried Noodles,all,89d113b2c2b97c3b19b2b5d0e68f4d55,ff732825a1d8e5c0
../foodsg-233\hokkien prawn mee\NDLUT17RSLGB5UQKVXSUHC7G.jpg,hokkien prawn mee,all,fd5eb6f6fde5269462968036e325eab7,ff732825a1d8e5c0
../foodsg-233\mango pudding\OEN7N02F6VTVNZSI87K2QT8H.jpg,mango pudding,all,c5e28f52d8d075de5d0f58c78d8aa981,ff806846a11ff478
../foodsg-233\mango pudding\T77G5N2FEP8IYUX8FEGR1DOP.jpg,mango pudding,all,12561a39936b7a5201f8832eedd66fd3,ff806846a11ff478
../foodsg-233\black pepper crab\QZGZ24P4S42I8O19JF6XLTJX.jpg,black pepper crab,all,53a0374b7496d613a714f577462b14d1,ff81b050a8bab1e5
../foodsg-233\black pepper crab\D7GQQHDZQYZ4PKFKOF9EXT52.jpg,black pepper crab,all,7ff1439847303273748de56a5e0334ce,ff81b050a8bab1e5
../foodsg-233\Indian Prata\88WJYGSGGT76WUFY4VV32616.jpg,Indian Prata,all,a8e8e42c632545d356568a8626718bfe,ff81c0348e5ec6d1
../foodsg-233\Indian Prata\7ZC86XMLA22VSPD5SPM70CUA.jpg,Indian Prata,all,ce2132db3c6447816514ef0f64b08d53,ff81c0348e5ec6d1
../foodsg-233\watermelon\Q1BH863Y3YERWPCPA7HTMHD9.jpg,watermelon,all,54cf98b482fffd2f2466bad873a8c5f6,ff83e098463ecca1
../foodsg-233\watermelon\MI41GLQU7HGORSMNUHEZXLK9.jpg,watermelon,all,e1206396eb925d096255437fb0bc0c01,ff83e098463ecca1
"../foodsg-233\Rice, korean bulgogi beef\BXJAMWR2KV9QIQLHTXSU4XFH.jpg","Rice, korean bulgogi beef",all,e24deecf252084b6da76aeb38cb62aee,ff85845f6df06880
"../foodsg-233\Rice, korean bulgogi beef\QFY2X5ALMEMMA6Z6D7JUWMIZ.jpg","Rice, korean bulgogi beef",all,6e90db4fc5367d39a313773c4bd2d5f2,ff85845f6df06880
../foodsg-233\Kway Teow\07SLNSR86EEXY2M0ESIA9PKS.jpg,Kway Teow,all,ea7dee302060fa801727019a3c772f1a,ff85d0822517663e
../foodsg-233\Kway Teow\FMSIDG3XXRVKBW8W5VRAQHTD.jpg,Kway Teow,all,51c445c6c27469fc48ed6b768ed16c2b,ff85d0822517663e
../foodsg-233\seaweed snack\CJLZPZASC96H9LRZ2UKTYJ2P.jpg,seaweed snack,all,f8662af0bf676195f838152005d27dcc,ff87e27880389dc8
../foodsg-233\seaweed snack\6JZ3MNMUPLEPK5TXPHM4TKGS.jpg,seaweed snack,all,96400b4838c182ce4070c50773d68568,ff87e27880389dc8
../foodsg-233\Bibimbap\H01TB0WS7ILNN7U6Z6BFE22V.jpg,Bibimbap,all,93c198281901cd130692ee02a468d866,ff8ae09087545d6a
../foodsg-233\Bibimbap\AX7K1VRYO7TRORZWC3XFC337.jpg,Bibimbap,all,74881264d888016be765cb7ae795e881,ff8ae09087545d6a
../foodsg-233\blueberries\15INB5FT8DEE8JGPDHKAOYAQ.jpg,blueberries,all,c5efb95563278779444c40e035aeda44,ff8c10780adf6e44
../foodsg-233\blueberries\TTBQHBTOAB6U376S1E9NJUZZ.jpg,blueberries,all,c9b79d3ecec8da35dca2271c09c9ad6b,ff8c10780adf6e44
../foodsg-233\wholegrain pasta\6X8WTE6USQTOLJABGBN3OGR5.jpg,wholegrain pasta,all,cd0690f9ab2bf13b2be0624fcf5860b8,ff91e0a885a39e86
../foodsg-233\pasta - fettuccine\AFJG4WPV70DKYC8QPUQ9CY6U.jpg,pasta - fettuccine,all,8f97b1ca6425b96398d84162a82d9b18,ff91e0a885a39e86
../foodsg-233\miso soup\57ESHHUN73E8ME1112GNVKNO.jpg,miso soup,all,17b468e993eefed0934c5b46af54f32f,ff92f00f8b3c09e0
../foodsg-233\miso soup\ICQG7O11GYLA7465S3S7TZQ4.jpg,miso soup,all,9a327abb50118460e6c017309e18d68e,ff92f00f8b3c09e0
../foodsg-233\wholegrain pasta\BEMSPOKZZ1GM5O9AGOM52TL5.jpg,wholegrain pasta,all,28ebc74d7197a959bdbf3d2400b6cf64,ff958030d52fd60a
../foodsg-233\whole wheat\6J9MDZTB5A2GA905BB9JEYM3.jpg,whole wheat,all,e78666199dd3e5c4bf9797c15e9f1ce8,ff958030d52fd60a
../foodsg-233\seaweed snack\DELJ3LADNX466WSG7NFH6HPM.jpg,seaweed snack,all,bab0354308245fd3b225fe108464040b,ff96942f81c07e21
../foodsg-233\seaweed snack\T38QFICPIMFCPTVCSHNSZU0P.jpg,seaweed snack,all,65312d50372e6ecaffa71325f745fca2,ff96942f81c07e21
../foodsg-233\Kway Teow\98TERWH99NYNU7NTP1WPGKB7.jpg,Kway Teow,all,0a9231fe0a773161d13f97c405585843,ff9c93f0c24aa107
../foodsg-233\Kway Teow\JASDSBKZ3RURZLW7MUZ474IB.jpg,Kway Teow,all,555dafba02f3e72856741bf93db8b4a9,ff9c93f0c24aa107
../foodsg-233\Prawn Noodle\IBU2ERBIPAAEPDDH9G652S8O.jpg,Prawn Noodle,all,5fb4e270e45e508dc48bc15b2ae9439d,ff9d8dae91e040c2
../foodsg-233\hokkien prawn mee\6UXAQTYUZCFZUBBD9PN235LQ.jpg,hokkien prawn mee,all,abe855a3bdac564905b49f1b7f64c519,ff9d8dae91e040c2
../foodsg-233\mee pok\M9LII7UG3TE4EMCMDW6ZK64M.jpg,mee pok,all,2847a8a115aea6d2a323aa620e7026f8,ffa7200e0fc26e2c
../foodsg-233\Prawn Noodle\5NRV5ZUNQWDVHX2YV58AGF72.jpg,Prawn Noodle,all,654e9f018f837a0d88185dfaf266434f,ffa7200e0fc26e2c
../foodsg-233\bak kwa\I1J12HSBK1WGV18UGPMSXL93.jpg,bak kwa,all,a9864c4c199b2cdd83661ead4bd8ca6e,ffa8f69081d58307
../foodsg-233\bak kwa\VGAT87QSRHSN95CNT2CIWTXR.jpg,bak kwa,all,323bba155c70d5f7d9198bd56b3d5739,ffa8f69081d58307
../foodsg-233\vegetarian bee hoon\6HYEW157GKEA9SQP00LQ5F08.jpg,vegetarian bee hoon,all,c011065fb9be024402c2c6b8375d52e8,ffac9495c2d2244e
../foodsg-233\bee hoon\0UX8ODCMJZC1T8CT4SNZKF2W.jpg,bee hoon,all,e116a3a45fba001eb6b6a2566a85eeaa,ffac9495c2d2244e
../foodsg-233\miso soup\QNYPJXJP6YNNA43GOGJ5173A.jpg,miso soup,all,52ad345ad148cafa2812ac63633bbcdd,ffb4d0698291a758
../foodsg-233\miso soup\JBSGCJP9R4WVMMLRPV4BUEP8.jpg,miso soup,all,5f61f5dcf8a73e019165b63fdaebddc0,ffb4d0698291a758
../foodsg-233\chicken masala\YYTPSFVWTDCN5N5PM6G2TVB5.jpg,chicken masala,all,9ff9aa44fd5d8ab5c3e8221870f21f08,ffbad02082c34e9b
../foodsg-233\chicken masala\85V852VB9NXPED0TA6T0ZUBV.jpg,chicken masala,all,b537865ba20ae1eebc1ccc1ce297f450,ffbad02082c34e9b
../foodsg-233\pizza\T3OR0YKGGR8ZHL0ZYU01UU4Q.jpg,pizza,all,a54b2c65a738281c6ae764046f1b2bf7,ffc01a877cbea108
../foodsg-233\pizza\UOVTSUOYI04WO453UXNZYZGL.jpg,pizza,all,30614a570b61387e22562a8e3a9e9d96,ffc01a877cbea108
../foodsg-233\pasta - fettuccine\4Y99DA58CD066AY9GTF5GJF5.jpg,pasta - fettuccine,all,385b7cbaa639d6b5f721f882580a3887,ffc0809e9735e0b4
../foodsg-233\pasta - fettuccine\C60RZE2JNFWYPM37MHO5JFNY.jpg,pasta - fettuccine,all,a38a5e497646594e4fd99db229be6cfe,ffc0809e9735e0b4
../foodsg-233\Mee goreng\XOJ7RWRQJEO4WUWBKRN8JTTJ.jpg,Mee goreng,all,bc9ae24d070ed6f111410f05b898262a,ffc1e6ddc01c4231
../foodsg-233\Mee goreng\GMD7WWFRGD11SS3HUL7I4O0J.jpg,Mee goreng,all,b1214d4082806e0542608782395e4f52,ffc1e6ddc01c4231
../foodsg-233\pasta - fettuccine\THX8VGVX4UFLYI0SO90L6320.jpg,pasta - fettuccine,all,96edbbcf1ac7e334dc7fcc2aee76632f,ffc6998b4179d024
../foodsg-233\pasta - fettuccine\3O79HBJPKC9S3XDV6EIT12VT.jpg,pasta - fettuccine,all,1a2817f8452d24e995f9ef85bd92aadf,ffc6998b4179d024
../foodsg-233\drunken prawn\UTL97QYZX5R3BF9GFQNEP622.jpg,drunken prawn,all,bd0ea443c6aeb61c54388b09293ff1e5,ffc890a75c9cd809
../foodsg-233\drunken prawn\JYKA4GDH7ZRLQTC71S1F039Z.jpg,drunken prawn,all,4ca1ff7a6e1182240f4c2cfaea111067,ffc890a75c9cd809
../foodsg-233\black pepper crab\V6L1FBES5P99W7PTL4ONOU73.jpg,black pepper crab,all,c1016a254e44cefe2dec1e8d94e91dcf,ffd285c9d21d8883
../foodsg-233\black pepper crab\83DP2Q45G9MO48JEKYJ9SZ7C.jpg,black pepper crab,all,916fd072c5e1d0d7fdf0ccd52703122a,ffd285c9d21d8883
../foodsg-233\rojak\7E64KCS1AKBXSDUQOGFU2SDD.jpg,rojak,all,50dc3c025076c20d10f4f9a4eed665ca,ffd4d512d6420ec8
../foodsg-233\rojak\7OVP15ATV51YCUTAUJ60SJBJ.jpg,rojak,all,cf9ec8573049fd8e83a3003fd0366b02,ffd4d512d6420ec8
../foodsg-233\chai tow kuay\BKMNHBNR8EOEAM1KAQN5TZC4.jpg,chai tow kuay,all,3b1db9bcec6bd758b10793643cebdf3b,ffd68050077b5827
../foodsg-233\Kway Teow\V0A4RR90M6EO0HQGSNGALIUV.jpg,Kway Teow,all,6e5c7ff1e47baed6953c272da93d3178,ffd68050077b5827
../foodsg-233\Duck Rice\7F1U52DMPBVE4XY8L1L4VVZ6.jpg,Duck Rice,all,3702c3c91c9b34a2ca5ec131b025534c,ffd9a0a88562d662
../foodsg-233\Duck Rice\Q7NLCGSB06E9BO2BN39DNW06.jpg,Duck Rice,all,28d02c53e7cde895ead9e95eaf1f941a,ffd9a0a88562d662
../foodsg-233\bak kwa\JJWB0JUY46CEM9NNFOZ1OTX9.jpg,bak kwa,all,98f2b29797e1ed4ec8e0c4cd69c0d6de,ffe2e1438606b6a4
../foodsg-233\bak kwa\EAY3D01EY2AG1H2INIAGG7CH.jpg,bak kwa,all,bbef255ad03d75f80a0a1776eda6aa66,ffe2e1438606b6a4
../foodsg-233\Fried Noodles\XRWF8LCW0PM4LH42S51EZJWL.jpg,Fried Noodles,all,580a6443df51f0eeea09369b1afc9a48,fff0a181c507f407
"../foodsg-233\Mee siam, fried\014Z1I3OHUGUNWYMY33400UL.jpg","Mee siam, fried",all,5614e633657cdf6fa3fa5e10fcc97c19,fff0a181c507f407
../foodsg-233\Mee kuah\7WH7BHKXXU9ABGS4PL2NS6EK.jpg,Mee kuah,all,085ca19f798af1762f384e7951d28015,fff950c6ca812c86
../foodsg-233\Laksa\W09TS5NVSARE2HOBRHKR5W8D.jpg,Laksa,all,eb1e65ddfdaac0c6747207faf964fef2,fff950c6ca812c86
../foodsg-233\Tauhu Goreng\1O55GCC7HOZA1G0WEFC58WSE.jpg,Tauhu Goreng,all,fd3a2cc2c370158795fd2a9e7ec6d351,fff9f072918d80c0
../foodsg-233\Tauhu Goreng\MOKVIOAWSOD5ZIGJU9NDAV3K.jpg,Tauhu Goreng,all,d25865deedd7787a960f63c575746a85,fff9f072918d80c0
../foodsg-233\sambal stingray\G385YE2EMM0JWZBTP1R0H8MN.jpg,sambal stingray,all,fe0607b8ba9b91854af61e39aa4e2996,fffc5a025034d645
../foodsg-233\sambal stingray\7WOBVLMYKBQE5IQUJYTO9IEG.jpg,sambal stingray,all,de2a74a15ff1b9053bed664d9d797961,fffc5a025034d645
