path,label,split,hash,all_labels
../foodsg-233\fried prawn\YP7VELY1NL1C9GW3DL7YWISA.jpg,fried prawn,all,0038131090b92a89ac784e1193989585,"['fried prawn', 'Mee siam, fried']"
"../foodsg-233\Mee siam, fried\2YHRX7HX3DJT5KR90F8KPGLN.jpg","Mee siam, fried",all,0038131090b92a89ac784e1193989585,"['fried prawn', 'Mee siam, fried']"
../foodsg-233\drunken prawn\RRUZLAKZHWJRNI9U4HTJPRKJ.jpg,drunken prawn,all,00a83cef02fddcd966584ebf4ac30034,"['drunken prawn', 'fried prawn']"
../foodsg-233\fried prawn\XAYA1T2YDMRESWV6OY61Q200.jpg,fried prawn,all,00a83cef02fddcd966584ebf4ac30034,"['drunken prawn', 'fried prawn']"
../foodsg-233\Laksa\W2OGIHH7P7N51390W4CIJU99.jpg,Laksa,all,00c5f1c1c67072ec9468769b0899498f,"['Laksa', 'chicken soup']"
../foodsg-233\chicken soup\UBJAPZYFJPMUQHVVRLOX4FHT.jpg,chicken soup,all,00c5f1c1c67072ec9468769b0899498f,"['Laksa', 'chicken soup']"
../foodsg-233\bee hoon\PLN79BA678ZEH6JJ64MYJ6J0.jpg,bee hoon,all,00c73e299ac03bb2ae16efb53d1b7f02,"['bee hoon', 'Seafood Noodles Soup']"
../foodsg-233\Seafood Noodles Soup\IFZLFZS9V2EX4D3JQBXP8G8D.jpg,Seafood Noodles Soup,all,00c73e299ac03bb2ae16efb53d1b7f02,"['bee hoon', 'Seafood Noodles Soup']"
../foodsg-233\chai tow kuay\2ZGCLZF1J0022GZ5GUKRBJRC.jpg,chai tow kuay,all,00dcdfa1815f1468a6a4226f9cb7aefa,"['chai tow kuay', 'Kway Teow']"
../foodsg-233\Kway Teow\QZQISL5E9QX2OPK6JO8BCWIN.jpg,Kway Teow,all,00dcdfa1815f1468a6a4226f9cb7aefa,"['chai tow kuay', 'Kway Teow']"
../foodsg-233\cake\KW8LZ3A7XEPLCXGF16IEPMZ5.jpg,cake,all,010e378e05fbf7eb206c020dc8544f74,"['cake', 'Chocolate']"
../foodsg-233\Chocolate\1GY72ZS58AB3HLIC2QIOQ23J.jpg,Chocolate,all,010e378e05fbf7eb206c020dc8544f74,"['cake', 'Chocolate']"
../foodsg-233\whole grain bread\AA0VZQX4740XUYI2444DISC1.jpg,whole grain bread,all,011a49396539319cb4a40ddd28884959,"['whole grain bread', 'whole wheat']"
../foodsg-233\whole wheat\WNID6VKSLPPRXYXARYVZHYQ5.jpg,whole wheat,all,011a49396539319cb4a40ddd28884959,"['whole grain bread', 'whole wheat']"
../foodsg-233\Mee rebus\ZOBM23RNFBH04DMFIWD0MEZW.jpg,Mee rebus,all,0126d50bcb8162c8ee0d5416fa6efdb2,"['Mee rebus', 'Mee bandung']"
../foodsg-233\Mee bandung\5UBHFZ2LPIE56MGZYZZQUVVE.jpg,Mee bandung,all,0126d50bcb8162c8ee0d5416fa6efdb2,"['Mee rebus', 'Mee bandung']"
../foodsg-233\pasta - red sauce\X5JETW4FLNXYT5FCD9SAFMOV.jpg,pasta - red sauce,all,013376e614c201a90066628dfea9ec6b,"['pasta - red sauce', 'pasta - fettuccine']"
../foodsg-233\pasta - fettuccine\OZWIUI232E0NWJD270HRU6QR.jpg,pasta - fettuccine,all,013376e614c201a90066628dfea9ec6b,"['pasta - red sauce', 'pasta - fettuccine']"
../foodsg-233\Mee soto\6LMQB0GVFGPG9GFQFS8IQI9V.jpg,Mee soto,all,014826d131d3707116c08517893a76a9,"['Mee soto', 'Soto ayam']"
../foodsg-233\Soto ayam\APKTJEB20TV82Y8UIW0FS8ZI.jpg,Soto ayam,all,014826d131d3707116c08517893a76a9,"['Mee soto', 'Soto ayam']"
../foodsg-233\mee pok\18JDQ0YE2TN85WIO9YD2QCMS.jpg,mee pok,all,015072a1d9582173207093118178284a,"['mee pok', 'bak chor mee']"
../foodsg-233\bak chor mee\DPHFS6KHKF53KLJRPW1DXE35.jpg,bak chor mee,all,015072a1d9582173207093118178284a,"['mee pok', 'bak chor mee']"
../foodsg-233\Nuts\2UQQIXPRU0ATN1DGJYVK0XEN.jpg,Nuts,all,01d90906c57bd15e1133831169b278fa,"['Nuts', 'Chocolate']"
../foodsg-233\Chocolate\R14ZMFOBMR5Z6A2LY1PDNOME.jpg,Chocolate,all,01d90906c57bd15e1133831169b278fa,"['Nuts', 'Chocolate']"
../foodsg-233\char siew pau\HJFKBSLQGQUCSNH5AS0HPPW8.jpg,char siew pau,all,01ef298c32fb877b731b64beb7832a79,"['char siew pau', 'steamed buns']"
../foodsg-233\steamed buns\7GKCAOQ5I495YQ9TMJAZJGHX.jpg,steamed buns,all,01ef298c32fb877b731b64beb7832a79,"['char siew pau', 'steamed buns']"
../foodsg-233\bee hoon\LYQ4DR18FF2NWF5EBFRSXDX3.jpg,bee hoon,all,01f64cc5409d675e76c37aa6710fbbc5,"['bee hoon', 'Bee hoon, goreng']"
"../foodsg-233\Bee hoon, goreng\O11RT1OERCXSTD52KZH5WDQY.jpg","Bee hoon, goreng",all,01f64cc5409d675e76c37aa6710fbbc5,"['bee hoon', 'Bee hoon, goreng']"
../foodsg-233\Lontong with sayur lodeh\YCZMQWGGOU89RPPHY7ZC2M6G.jpg,Lontong with sayur lodeh,all,0213b0ea6afe2bd5405d02ad7e1d7477,"['Lontong with sayur lodeh', 'lontong']"
../foodsg-233\lontong\KBYKPV58TP4F3ECE751G2XKS.jpg,lontong,all,0213b0ea6afe2bd5405d02ad7e1d7477,"['Lontong with sayur lodeh', 'lontong']"
../foodsg-233\char siew pau\N9XF088ALQK35RVG0AD0T7LE.jpg,char siew pau,all,02315a27ffb8a7fc3385cabf9d40e8e7,"['char siew pau', 'steamed buns']"
../foodsg-233\steamed buns\A77FC5QDU0CUD2OGHWYG5PRT.jpg,steamed buns,all,02315a27ffb8a7fc3385cabf9d40e8e7,"['char siew pau', 'steamed buns']"
../foodsg-233\steamed buns\VBBCJ8NOBRYD2C8I3SEALXAM.jpg,steamed buns,all,024c26090345fbcf178af9809220618c,"['steamed buns', 'char siew pau']"
../foodsg-233\char siew pau\ABXBHSXKMXK0NTZE3EFNXU5Y.jpg,char siew pau,all,024c26090345fbcf178af9809220618c,"['steamed buns', 'char siew pau']"
../foodsg-233\Mee bandung\2V1A95DCNXNXJH5VQ4HNZEOQ.jpg,Mee bandung,all,02b646d9d0ceef5f757ca1ab5d1b06e9,"['Mee bandung', 'Mee rebus']"
../foodsg-233\Mee rebus\ZLW2D4HGG2QVRFS631ILUV10.jpg,Mee rebus,all,02b646d9d0ceef5f757ca1ab5d1b06e9,"['Mee bandung', 'Mee rebus']"
../foodsg-233\assam pedas\JIXOPFEJBUM50EKGPOQ5K3LW.jpg,assam pedas,all,02fa65a2bb8b4738f0db081bccf902cd,"['assam pedas', 'fish head curry']"
../foodsg-233\fish head curry\1EHOQBDAAFJCQYA5DZYTNB5K.jpg,fish head curry,all,02fa65a2bb8b4738f0db081bccf902cd,"['assam pedas', 'fish head curry']"
../foodsg-233\Mee kuah\85IDT0E5BO54FXVCX94VO4NI.jpg,Mee kuah,all,033103f05d6e7526132a50935e04ca1f,"['Mee kuah', 'Mee bandung']"
../foodsg-233\Mee bandung\SABBKU3SXK6PXLTD8HCBCGGI.jpg,Mee bandung,all,033103f05d6e7526132a50935e04ca1f,"['Mee kuah', 'Mee bandung']"
../foodsg-233\mushroom soup\XNUU35JW7V29O8SXAUETF6J4.jpg,mushroom soup,all,0360138126abb27919c354bebe853444,"['mushroom soup', 'cream soup']"
../foodsg-233\cream soup\NUEGIB355VI736DVW15J07YH.jpg,cream soup,all,0360138126abb27919c354bebe853444,"['mushroom soup', 'cream soup']"
../foodsg-233\bee hoon\MUNGHBSUUI5HV3ADHA614N3U.jpg,bee hoon,all,03732f9701bcd7e439bf5acf07c33ac8,"['bee hoon', 'satay bee hoon']"
../foodsg-233\satay bee hoon\63VA3DCIK0HY5L1LWFNCCKPX.jpg,satay bee hoon,all,03732f9701bcd7e439bf5acf07c33ac8,"['bee hoon', 'satay bee hoon']"
../foodsg-233\chai tow kuay\YZWPA7OOMAM8FW935RSESRXH.jpg,chai tow kuay,all,037ecea9804856cb9af1808bda92a448,"['chai tow kuay', 'fried rice']"
../foodsg-233\fried rice\9733KTIR7TP9WZPU0A4WXPIC.jpg,fried rice,all,037ecea9804856cb9af1808bda92a448,"['chai tow kuay', 'fried rice']"
"../foodsg-233\Wanton mee, dry\XTHD5DJVRNLBP08A1ZXXYNCV.jpg","Wanton mee, dry",all,038cf22e63ed60d7a6277b5fc02586ac,"['Wanton mee, dry', 'Fish Ball Noodles']"
../foodsg-233\Fish Ball Noodles\EF2UCPM0UZWMHVB32IYII9IE.jpg,Fish Ball Noodles,all,038cf22e63ed60d7a6277b5fc02586ac,"['Wanton mee, dry', 'Fish Ball Noodles']"
../foodsg-233\whole grain bread\VMYSU9IJ90QL02SURH28ISLG.jpg,whole grain bread,all,03a5ad44690447884a54770df86a6778,"['whole grain bread', 'whole wheat']"
../foodsg-233\whole wheat\BGLYSLUL9Y9UKVMJXZ6O6ZKJ.jpg,whole wheat,all,03a5ad44690447884a54770df86a6778,"['whole grain bread', 'whole wheat']"
../foodsg-233\kueh lapis - rainbow\5FGICRVDDVXI1FMJUIKA5RAB.jpg,kueh lapis - rainbow,all,03c4170058ed561adfe2c2d6d7070eee,"['kueh lapis - rainbow', 'Pung Kueh', 'Kueh Salat']"
../foodsg-233\Pung Kueh\50DNECE0DPJQYEP3UYAK9ALH.jpg,Pung Kueh,all,03c4170058ed561adfe2c2d6d7070eee,"['kueh lapis - rainbow', 'Pung Kueh', 'Kueh Salat']"
../foodsg-233\Kueh Salat\SEX1JD2ZLMT30NYUHDPWYWYY.jpg,Kueh Salat,all,03c4170058ed561adfe2c2d6d7070eee,"['kueh lapis - rainbow', 'Pung Kueh', 'Kueh Salat']"
../foodsg-233\honeydew\C397GKQ0U5OQXLKI9OLUBPFP.jpg,honeydew,all,03e3f07d9c06ad403f18a50880a4cb8b,"['honeydew', 'Fruit juice']"
../foodsg-233\Fruit juice\6GSMS6RQZRN4MVKRK6O1L6OR.jpg,Fruit juice,all,03e3f07d9c06ad403f18a50880a4cb8b,"['honeydew', 'Fruit juice']"
../foodsg-233\Mee soto\B04SG4QI1CCUW4B6P1AMHZP6.jpg,Mee soto,all,040c9356db8291172d75a0c3d3867133,"['Mee soto', 'Bee hoon, soto']"
"../foodsg-233\Bee hoon, soto\GV407L796HZ6777RAED8MUQE.jpg","Bee hoon, soto",all,040c9356db8291172d75a0c3d3867133,"['Mee soto', 'Bee hoon, soto']"
../foodsg-233\chin chow drink\YN24CKPSFVMU639FMJCTWY4E.jpg,chin chow drink,all,041a04bce231eb147c930bf84b129fb5,"['chin chow drink', 'Bubble Milk Tea']"
../foodsg-233\Bubble Milk Tea\NW4QLI5PDQG9C2T21DS0323H.jpg,Bubble Milk Tea,all,041a04bce231eb147c930bf84b129fb5,"['chin chow drink', 'Bubble Milk Tea']"
../foodsg-233\Fish Ball Noodles\7FRWIXKRBZ50BAZBZ6WUIB5U.jpg,Fish Ball Noodles,all,042c4db991669671ff0a8d2d574c35c0,"['Fish Ball Noodles', 'mee pok']"
../foodsg-233\mee pok\G0ET3S86PVT5BI32XJH6JKEN.jpg,mee pok,all,042c4db991669671ff0a8d2d574c35c0,"['Fish Ball Noodles', 'mee pok']"
../foodsg-233\Soto ayam\Q9D6OAKH0DNWCCPXKFHD1CE2.jpg,Soto ayam,all,04319cda03d14284f0ffdfdfa3169aee,"['Soto ayam', 'Mee soto']"
../foodsg-233\Mee soto\OSSNZ06NOIKI7HXHQMHPVKLV.jpg,Mee soto,all,04319cda03d14284f0ffdfdfa3169aee,"['Soto ayam', 'Mee soto']"
../foodsg-233\Mee siam\GKY3UY07YWMIE8FBDQTKZS0W.jpg,Mee siam,all,0433282b07e4b1b8486077951b21b471,"['Mee siam', 'Mee siam, fried']"
"../foodsg-233\Mee siam, fried\BVHX47THZ55NBY766JVCEFA2.jpg","Mee siam, fried",all,0433282b07e4b1b8486077951b21b471,"['Mee siam', 'Mee siam, fried']"
../foodsg-233\tom yum noodle soup\Q2Y3KUZS5ENK0I7KI6IGZTIH.jpg,tom yum noodle soup,all,0473317a3c8cd2f8582d6a9ec332aee9,"['tom yum noodle soup', 'miso soup']"
../foodsg-233\miso soup\SJB6AQ5INMU1LKSAOW0X9LC7.jpg,miso soup,all,0473317a3c8cd2f8582d6a9ec332aee9,"['tom yum noodle soup', 'miso soup']"
../foodsg-233\bee hoon\7E39I5IVIKF52ZKWFJRWF9OK.jpg,bee hoon,all,04a0571b53af1626ce5a0528f5d1eba3,"['bee hoon', 'Bee hoon, goreng']"
"../foodsg-233\Bee hoon, goreng\7DRSAS86YXC7ZFFQLH8YJIF1.jpg","Bee hoon, goreng",all,04a0571b53af1626ce5a0528f5d1eba3,"['bee hoon', 'Bee hoon, goreng']"
../foodsg-233\har cheong gai\D2E4S4UIHGQX6K5RJLGLELUP.jpg,har cheong gai,all,04ad0582af8024bfc3f7f64f2752eada,"['har cheong gai', 'fried chicken']"
../foodsg-233\fried chicken\R8WPQT2W2X9BPZPYO1OW5ZML.jpg,fried chicken,all,04ad0582af8024bfc3f7f64f2752eada,"['har cheong gai', 'fried chicken']"
../foodsg-233\Fried Noodles\B5ORBV818PTL7KB1ZXQQH40Z.jpg,Fried Noodles,all,04c2a62d5f3b6ff3f4d87cd32dd6f584,"['Fried Noodles', 'Udon']"
../foodsg-233\Udon\BY4B9XZU9Z0DKVHHJ4IV29UO.jpg,Udon,all,04c2a62d5f3b6ff3f4d87cd32dd6f584,"['Fried Noodles', 'Udon']"
../foodsg-233\Seafood Noodles Soup\1G68PHYEWF3SLCS5TSUIKON3.jpg,Seafood Noodles Soup,all,04f7823cc6e70180fcbd4e4ab5d57b3d,"['Seafood Noodles Soup', 'sliced fish soup']"
../foodsg-233\sliced fish soup\Y5MBNPA26XMB3Y36DVZ6THPE.jpg,sliced fish soup,all,04f7823cc6e70180fcbd4e4ab5d57b3d,"['Seafood Noodles Soup', 'sliced fish soup']"
"../foodsg-233\Bee hoon, goreng\AQFGENDDD4IS7GW58R4ZAQYM.jpg","Bee hoon, goreng",all,0514d5ec6fbef606d355bfdd623a00da,"['Bee hoon, goreng', 'bee hoon', 'Mee siam, fried']"
../foodsg-233\bee hoon\L8FB8ZMR7HV1HHYMGQM10JYD.jpg,bee hoon,all,0514d5ec6fbef606d355bfdd623a00da,"['Bee hoon, goreng', 'bee hoon', 'Mee siam, fried']"
"../foodsg-233\Mee siam, fried\89FWZ9GZTZCJBRMW58BP9B4P.jpg","Mee siam, fried",all,0514d5ec6fbef606d355bfdd623a00da,"['Bee hoon, goreng', 'bee hoon', 'Mee siam, fried']"
../foodsg-233\char siew pau\LEV6CKDQKPDRLWZKNX48ZTWC.jpg,char siew pau,all,0528e02ba9be4bee7c3930c32bbf40ed,"['char siew pau', 'char siew']"
../foodsg-233\char siew\HR67164AQ1VTLLD3OIC9UP9W.jpg,char siew,all,0528e02ba9be4bee7c3930c32bbf40ed,"['char siew pau', 'char siew']"
../foodsg-233\bee hoon\WF1T751HJ7M1Y9R3DURNXL87.jpg,bee hoon,all,053072be61861026e5e924d378ca7e86,"['bee hoon', 'Bee hoon, goreng']"
"../foodsg-233\Bee hoon, goreng\KS1MRWPGCFO64Z3ZYLDDXCX3.jpg","Bee hoon, goreng",all,053072be61861026e5e924d378ca7e86,"['bee hoon', 'Bee hoon, goreng']"
../foodsg-233\raspberry\ZXSOIDBVLF8M53YH41O61M1N.jpg,raspberry,all,053bffd4b71abe895eead38ed81d33d7,"['raspberry', 'Blackberry']"
../foodsg-233\Blackberry\8KF7GTS3PQYRWRPVBE4B03SX.jpg,Blackberry,all,053bffd4b71abe895eead38ed81d33d7,"['raspberry', 'Blackberry']"
../foodsg-233\Soto ayam\9LDHC1SQ2XER27U2ETV3AFEW.jpg,Soto ayam,all,0542da11ad10564722c56c1ed662329f,"['Soto ayam', 'Mee soto']"
../foodsg-233\Mee soto\RLXG2WNYA4IJCUHW78W8XTA9.jpg,Mee soto,all,0542da11ad10564722c56c1ed662329f,"['Soto ayam', 'Mee soto']"
../foodsg-233\fried prawn\IWXBL5LHK13N7Q3G211ORMJJ.jpg,fried prawn,all,05c63ccaea55f3204e31cfdf6e26693e,"['fried prawn', 'drunken prawn']"
../foodsg-233\drunken prawn\KYCJJ10NV0OYQ3J39JN4THN1.jpg,drunken prawn,all,05c63ccaea55f3204e31cfdf6e26693e,"['fried prawn', 'drunken prawn']"
../foodsg-233\Lontong with sayur lodeh\6Z0A1E9KNYRE8M9JUPD2GYT4.jpg,Lontong with sayur lodeh,all,05d43b485771c3b8fcb4d7429abe36b6,"['Lontong with sayur lodeh', 'lontong']"
../foodsg-233\lontong\IDINW56E43SM64MA9INYWO8J.jpg,lontong,all,05d43b485771c3b8fcb4d7429abe36b6,"['Lontong with sayur lodeh', 'lontong']"
../foodsg-233\cooked brown rice\2ECD2G51AHZR3WTDE8WLEZEV.jpg,cooked brown rice,all,0621a436ef4785b2768b2bb7c777e9de,"['cooked brown rice', 'cooked white rice']"
../foodsg-233\cooked white rice\3OHXQL4MS9J7VZUE5V2WIEJY.jpg,cooked white rice,all,0621a436ef4785b2768b2bb7c777e9de,"['cooked brown rice', 'cooked white rice']"
../foodsg-233\Mee soto\QNJ062WMXTQRUPYPHFQUDUNF.jpg,Mee soto,all,066012c411acae59b47c1395a52ee2cd,"['Mee soto', 'Soto ayam', 'Bee hoon, soto']"
../foodsg-233\Soto ayam\L6J3EJN1XDQUVZ5KQOVYRVBU.jpg,Soto ayam,all,066012c411acae59b47c1395a52ee2cd,"['Mee soto', 'Soto ayam', 'Bee hoon, soto']"
"../foodsg-233\Bee hoon, soto\QQB5PVXT74AJDQZ8B6AOCC7W.jpg","Bee hoon, soto",all,066012c411acae59b47c1395a52ee2cd,"['Mee soto', 'Soto ayam', 'Bee hoon, soto']"
../foodsg-233\Mee soto\XP7KEOUXZ0U3SWPYHDUDKQWU.jpg,Mee soto,all,0688c0ff55349372394e3a8bcb17e463,"['Mee soto', 'Soto ayam']"
../foodsg-233\Soto ayam\E94I8XE5IKY5LC1CS66FUS7I.jpg,Soto ayam,all,0688c0ff55349372394e3a8bcb17e463,"['Mee soto', 'Soto ayam']"
../foodsg-233\Grape\BSPSECLLWJLXIJ1ELW8FIYJX.jpg,Grape,all,069b41d6b2d45277367f3c5274b2de3f,"['Grape', 'canned Fruit salad']"
../foodsg-233\canned Fruit salad\OSA010MZSDBNL8SE8GRV1TCX.jpg,canned Fruit salad,all,069b41d6b2d45277367f3c5274b2de3f,"['Grape', 'canned Fruit salad']"
../foodsg-233\canned Fruit salad\U0SA5HN8V51CC722AJVVF81J.jpg,canned Fruit salad,all,069b41d6b2d45277367f3c5274b2de3f,"['Grape', 'canned Fruit salad']"
../foodsg-233\whole grain bread\ULN2YQE5LHC2HS9ZQDJJRPNO.jpg,whole grain bread,all,069c50724233a7ce442e8eaa4a64a19d,"['whole grain bread', 'whole wheat']"
../foodsg-233\whole wheat\AP6YPPSOQ9DWNWB6Z17YCUB7.jpg,whole wheat,all,069c50724233a7ce442e8eaa4a64a19d,"['whole grain bread', 'whole wheat']"
../foodsg-233\mushroom soup\KWTLPRFE6KN41MYIVEYEJ1GR.jpg,mushroom soup,all,06ed9b3d6e675005345c727d629bcfb6,"['mushroom soup', 'cream soup']"
../foodsg-233\cream soup\V1ZPP8LHAK97VYUCCSS7SW04.jpg,cream soup,all,06ed9b3d6e675005345c727d629bcfb6,"['mushroom soup', 'cream soup']"
../foodsg-233\beef noodle soup\OXJA0QQDQ4YNE6N02C3IBD9H.jpg,beef noodle soup,all,06f418d19cb3e574c32500cb6d0fcf1b,"['beef noodle soup', 'Udon']"
../foodsg-233\Udon\D9K23ORZ1WIRHE40C59JKW2Z.jpg,Udon,all,06f418d19cb3e574c32500cb6d0fcf1b,"['beef noodle soup', 'Udon']"
../foodsg-233\Lontong with sayur lodeh\Q80B3XRS9XW7XVOF27Z3OG2I.jpg,Lontong with sayur lodeh,all,06f5bc1b2fb2864a72edcc43736f8f2b,"['Lontong with sayur lodeh', 'lontong']"
../foodsg-233\lontong\N4UEPRWUYT4PFFQ7J4VJI70G.jpg,lontong,all,06f5bc1b2fb2864a72edcc43736f8f2b,"['Lontong with sayur lodeh', 'lontong']"
../foodsg-233\hokkien prawn mee\FYONRINHNOFHHXEFL5QS63WP.jpg,hokkien prawn mee,all,0710777d430b4061c8c045237e63b038,"['hokkien prawn mee', 'Bee hoon, goreng']"
"../foodsg-233\Bee hoon, goreng\2M9F4VRZKE73232KJ69IAGRU.jpg","Bee hoon, goreng",all,0710777d430b4061c8c045237e63b038,"['hokkien prawn mee', 'Bee hoon, goreng']"
../foodsg-233\rice dumpling\7Y516R98U0K9X7PYL03W4AJG.jpg,rice dumpling,all,07b7d117764bc573c50c964fcc860472,"['rice dumpling', 'cooked brown rice']"
../foodsg-233\cooked brown rice\MWEYKJEPFJKO8WZSS0EIP7HZ.jpg,cooked brown rice,all,07b7d117764bc573c50c964fcc860472,"['rice dumpling', 'cooked brown rice']"
../foodsg-233\Soto ayam\JPU5QPOU9S864B3307OFDH7Y.jpg,Soto ayam,all,07b9b0dce4ecb6e8199e7849180f5120,"['Soto ayam', 'Mee soto']"
../foodsg-233\Mee soto\IZH5O07G4GMCS9ZKJ6GGYXL8.jpg,Mee soto,all,07b9b0dce4ecb6e8199e7849180f5120,"['Soto ayam', 'Mee soto']"
../foodsg-233\Kway Teow\AEX57MNXA3DW1G1OE81U2EBG.jpg,Kway Teow,all,07f759b9ec6cb0e359839e288900547f,"['Kway Teow', 'chai tow kuay']"
../foodsg-233\chai tow kuay\KAIHE7DDB0XN9WHZW1LHV6W9.jpg,chai tow kuay,all,07f759b9ec6cb0e359839e288900547f,"['Kway Teow', 'chai tow kuay']"
../foodsg-233\Mee siam\HGQR7GQI9SL0MCP3X5JNYN7P.jpg,Mee siam,all,0816b8963ce62c56400cbb6c1104fd96,"['Mee siam', 'Mee siam, fried']"
"../foodsg-233\Mee siam, fried\FNYE1S6PNSIA9AVZQE5HVZGW.jpg","Mee siam, fried",all,0816b8963ce62c56400cbb6c1104fd96,"['Mee siam', 'Mee siam, fried']"
"../foodsg-233\Bee hoon, goreng\1GXV90OI5KS6AV6WZGL603L4.jpg","Bee hoon, goreng",all,082568b83fcba78b11967dd910cca958,"['Bee hoon, goreng', 'bee hoon']"
../foodsg-233\bee hoon\0W35482DJMY483ZXMW2FISK2.jpg,bee hoon,all,082568b83fcba78b11967dd910cca958,"['Bee hoon, goreng', 'bee hoon']"
../foodsg-233\Mee soto\4Y4YWN65LGCDT3KW6IRCREEC.jpg,Mee soto,all,0850be76bcb9e781effd0a7d145d2fbc,"['Mee soto', 'Bee hoon, soto']"
"../foodsg-233\Bee hoon, soto\VO5F0JSVLMJJAGQD9YFBFCDR.jpg","Bee hoon, soto",all,0850be76bcb9e781effd0a7d145d2fbc,"['Mee soto', 'Bee hoon, soto']"
"../foodsg-233\Rice, korean bulgogi beef\SRTN1U6VTPN0XEUF80N44TRL.jpg","Rice, korean bulgogi beef",all,087669b6b20b166531934baf7c04402d,"['Rice, korean bulgogi beef', 'mixed grills']"
../foodsg-233\mixed grills\W2U02UVITI2AIP9178VKUR2X.jpg,mixed grills,all,087669b6b20b166531934baf7c04402d,"['Rice, korean bulgogi beef', 'mixed grills']"
../foodsg-233\Laksa\KCV6XGU10BUMTHT3GKZ23FFX.jpg,Laksa,all,0895d3f6987e04e2c90af72d9b971bdc,"['Laksa', 'satay bee hoon']"
../foodsg-233\satay bee hoon\5ONB8KMQQ2BOJGDRIP3WVOBG.jpg,satay bee hoon,all,0895d3f6987e04e2c90af72d9b971bdc,"['Laksa', 'satay bee hoon']"
../foodsg-233\Laksa\YN0SINK1JYUHAUVA19D5E7I3.jpg,Laksa,all,0895d3f6987e04e2c90af72d9b971bdc,"['Laksa', 'satay bee hoon']"
../foodsg-233\Mee soto\VU49T6RBOOZI25I7N8K9UYRM.jpg,Mee soto,all,094a9f8e26b29f91e1f403ca30b8a1f2,"['Mee soto', 'Soto ayam']"
../foodsg-233\Soto ayam\EQT1MEGS0ZJN0SNHX5M825FL.jpg,Soto ayam,all,094a9f8e26b29f91e1f403ca30b8a1f2,"['Mee soto', 'Soto ayam']"
../foodsg-233\sambal stingray\WFADFMVLGFNAQ55NX75KWZPJ.jpg,sambal stingray,all,097af1e62a20e2504ad037604e4af64d,"['sambal stingray', 'sambal']"
../foodsg-233\sambal\K0GXMAPSU6HGO1388GXJZ7TN.jpg,sambal,all,097af1e62a20e2504ad037604e4af64d,"['sambal stingray', 'sambal']"
../foodsg-233\bak chor mee\TV842L8XYUQVVE8OBD2OZS77.jpg,bak chor mee,all,09838524a265f2e3dbe1af7738d7d386,"['bak chor mee', 'mee pok']"
../foodsg-233\mee pok\PAO00VZMLJUZIKFQWX6FHG05.jpg,mee pok,all,09838524a265f2e3dbe1af7738d7d386,"['bak chor mee', 'mee pok']"
../foodsg-233\tandoori chicken\HFZUPF7U171MBD3Y3VP69UPY.jpg,tandoori chicken,all,0987aa32412f094a39d42bcd50f5540a,"['tandoori chicken', 'chicken masala']"
../foodsg-233\chicken masala\BYBZQWFWEL6F0CL04SW4RYD5.jpg,chicken masala,all,0987aa32412f094a39d42bcd50f5540a,"['tandoori chicken', 'chicken masala']"
../foodsg-233\Udon\U6AH6PV67TGFVO42C2C4DXKX.jpg,Udon,all,0a08422dc6a644bccd9e7931cb4320a3,"['Udon', 'beef noodle soup']"
../foodsg-233\beef noodle soup\29IIY2O06P311DVZESMWJBT4.jpg,beef noodle soup,all,0a08422dc6a644bccd9e7931cb4320a3,"['Udon', 'beef noodle soup']"
../foodsg-233\satay bee hoon\IWL9T4FYQX1Y20UARCPB2EJ9.jpg,satay bee hoon,all,0a29794689ea127253d0e1fc5ac9b2da,"['satay bee hoon', 'Bee hoon, soto']"
"../foodsg-233\Bee hoon, soto\WS8JOUDV9765ZZN8UD8UZOV4.jpg","Bee hoon, soto",all,0a29794689ea127253d0e1fc5ac9b2da,"['satay bee hoon', 'Bee hoon, soto']"
../foodsg-233\yogurt\YZL9A2PYU4VWEC7XBDFL5SOK.jpg,yogurt,all,0a452cb57c4fd922ada69efc035e3766,"['yogurt', 'muesli']"
../foodsg-233\muesli\824Q39QD705H91MJVC557HNT.jpg,muesli,all,0a452cb57c4fd922ada69efc035e3766,"['yogurt', 'muesli']"
../foodsg-233\Laksa\GA2LHXLI666ICZEDEOJRX7AA.jpg,Laksa,all,0a58a662ee185593169bd08a5e86f754,"['Laksa', 'yong tau foo']"
../foodsg-233\yong tau foo\RZAZFVNU79R5ENCRYUWB2B4G.jpg,yong tau foo,all,0a58a662ee185593169bd08a5e86f754,"['Laksa', 'yong tau foo']"
../foodsg-233\whole wheat\A3WVPIBYKEPGX7CCR7N9CPKO.jpg,whole wheat,all,0a64b843056e6274174ae4f76639a113,"['whole wheat', 'whole grain bread']"
../foodsg-233\whole grain bread\WDAEIB0T0NFUYVGH3L4UK7PA.jpg,whole grain bread,all,0a64b843056e6274174ae4f76639a113,"['whole wheat', 'whole grain bread']"
"../foodsg-233\Wanton mee, dry\KL92R4G95GOIO0FNND2VY7WI.jpg","Wanton mee, dry",all,0ac5a08468433e8894130b9a3eb2ba30,"['Wanton mee, dry', 'Fried Noodles']"
../foodsg-233\Fried Noodles\VQ11E691RS5HOMOG04JVYYPO.jpg,Fried Noodles,all,0ac5a08468433e8894130b9a3eb2ba30,"['Wanton mee, dry', 'Fried Noodles']"
../foodsg-233\Mee soto\XKI5LWUVWT8R1CJTYFS0WXLH.jpg,Mee soto,all,0acf8594007874efdcdb8937df701f17,"['Mee soto', 'Soto ayam']"
../foodsg-233\Soto ayam\TKG8XCRJ22NEKPP700I8OTTI.jpg,Soto ayam,all,0acf8594007874efdcdb8937df701f17,"['Mee soto', 'Soto ayam']"
../foodsg-233\green leafy vegetables\I45KVFV74WBUXLI68AVOG2CJ.jpg,green leafy vegetables,all,0adee21a82dd4e46370a328ba63ddec2,"['green leafy vegetables', 'mixed vegetables']"
../foodsg-233\mixed vegetables\1B7V5UI62JI346ZN0R5DTXFY.jpg,mixed vegetables,all,0adee21a82dd4e46370a328ba63ddec2,"['green leafy vegetables', 'mixed vegetables']"
../foodsg-233\Soto ayam\9066XWM0HSTU4EFU2EEO3NKX.jpg,Soto ayam,all,0ae04c4e7a62a6990536b093956a794d,"['Soto ayam', 'Mee soto']"
../foodsg-233\Mee soto\I1AKINHBF4X846EDMCKUOP04.jpg,Mee soto,all,0ae04c4e7a62a6990536b093956a794d,"['Soto ayam', 'Mee soto']"
../foodsg-233\fried prawn\EK723MTAQ64FZCYNL5BL8LKG.jpg,fried prawn,all,0af7ae11f7bbb74a97d36d6a3eed4e20,"['fried prawn', 'drunken prawn']"
../foodsg-233\drunken prawn\5NB3PUERP320L3WYD7ZS504O.jpg,drunken prawn,all,0af7ae11f7bbb74a97d36d6a3eed4e20,"['fried prawn', 'drunken prawn']"
../foodsg-233\bakso\ZGGM975L221DVHV0KHND4YVY.jpg,bakso,all,0b46f47b1a43f9ef5b0afb525384cf77,"['bakso', 'Bee hoon, soto']"
"../foodsg-233\Bee hoon, soto\4FCDP2BSVUZ5WN53E9TZ8CUF.jpg","Bee hoon, soto",all,0b46f47b1a43f9ef5b0afb525384cf77,"['bakso', 'Bee hoon, soto']"
../foodsg-233\Porridge\DJYYD13FG014506P2C9T07SX.jpg,Porridge,all,0b7eb6b87219f3dee4617f5b3e2b8bc5,"['Porridge', 'Chinese fritters']"
../foodsg-233\Chinese fritters\TVHL45K20EIRZF1X3NT1ZGPB.jpg,Chinese fritters,all,0b7eb6b87219f3dee4617f5b3e2b8bc5,"['Porridge', 'Chinese fritters']"
../foodsg-233\Fruit juice\0ML69O6ZT96J1QJKBE3T50R3.jpg,Fruit juice,all,0b9098fa098acf8b9a69f2f3562c2416,"['Fruit juice', 'pineapple']"
../foodsg-233\pineapple\DBITXDEH6FG2RMWT5TA3F0OA.jpg,pineapple,all,0b9098fa098acf8b9a69f2f3562c2416,"['Fruit juice', 'pineapple']"
../foodsg-233\Lontong with sayur lodeh\RKE5K5SMTS6MKEE8FYS9P28N.jpg,Lontong with sayur lodeh,all,0bac114560e8a5ede744c831766cf2c4,"['Lontong with sayur lodeh', 'lontong']"
../foodsg-233\lontong\0NPSVC7TTL9H9FVJY2M3FHCG.jpg,lontong,all,0bac114560e8a5ede744c831766cf2c4,"['Lontong with sayur lodeh', 'lontong']"
../foodsg-233\Soto ayam\EY19E5S2QRE7HEMHGBPTM0RK.jpg,Soto ayam,all,0bb821e1be56f711eeaff420c8e99cc9,"['Soto ayam', 'Mee soto', 'Bee hoon, soto']"
../foodsg-233\Mee soto\MTDCWU8DEE20ZVDYM5GDXHZ5.jpg,Mee soto,all,0bb821e1be56f711eeaff420c8e99cc9,"['Soto ayam', 'Mee soto', 'Bee hoon, soto']"
"../foodsg-233\Bee hoon, soto\NH6MC2Y1KT8LTDG3KLOD8AB4.jpg","Bee hoon, soto",all,0bb821e1be56f711eeaff420c8e99cc9,"['Soto ayam', 'Mee soto', 'Bee hoon, soto']"
../foodsg-233\satay\RL8LWRTGSRO9Q8B7NL96RG9J.jpg,satay,all,0bf7b9062507b0817a834974f3d8c04c,"['satay', 'satay bee hoon']"
../foodsg-233\satay bee hoon\6Y1L1O8UEDSQR59QI8PVVWWF.jpg,satay bee hoon,all,0bf7b9062507b0817a834974f3d8c04c,"['satay', 'satay bee hoon']"
../foodsg-233\chilli crab\DTX84AYR2NVZCI57A2276CA5.jpg,chilli crab,all,0c0b968b3087af53989f79274d9cf23a,"['chilli crab', 'black pepper crab']"
../foodsg-233\black pepper crab\RTLF7YSO1MNARNI22ZUG2W49.jpg,black pepper crab,all,0c0b968b3087af53989f79274d9cf23a,"['chilli crab', 'black pepper crab']"
../foodsg-233\Hor Fun\401A8QDNOIYH8LHTAH2TF3ZZ.jpg,Hor Fun,all,0c32e397dfe88315047a2e8bc92ab993,"['Hor Fun', 'Seafood Noodles Soup']"
../foodsg-233\Seafood Noodles Soup\E0DFX8RG0E1SOANNB7618MPK.jpg,Seafood Noodles Soup,all,0c32e397dfe88315047a2e8bc92ab993,"['Hor Fun', 'Seafood Noodles Soup']"
"../foodsg-233\Mee siam, fried\YHZE9QLMD5IOO9FGOC2UPUNL.jpg","Mee siam, fried",all,0c8643fc3ec7ba9e0d172406378a63ca,"['Mee siam, fried', 'satay bee hoon']"
../foodsg-233\satay bee hoon\7HNG6EDH76G6D3Z8N5JR1X03.jpg,satay bee hoon,all,0c8643fc3ec7ba9e0d172406378a63ca,"['Mee siam, fried', 'satay bee hoon']"
../foodsg-233\kebab - chicken\4X13P223JLPVIS2MPHC1ECOH.jpg,kebab - chicken,all,0c9bc3fe8b25beb833b4ee6beac443ef,"['kebab - chicken', 'tandoori chicken']"
../foodsg-233\tandoori chicken\C3HD6BIKT78MYS6CFB05JULT.jpg,tandoori chicken,all,0c9bc3fe8b25beb833b4ee6beac443ef,"['kebab - chicken', 'tandoori chicken']"
../foodsg-233\fried rice\IHD1ZSHSD2VHT0UXOAE7777Y.jpg,fried rice,all,0cb0ad0c3db7ee084af74cd9d813d590,"['fried rice', 'Nasi pattaya']"
../foodsg-233\Nasi pattaya\YEP6GVUZLI687EFYMU5O0O82.jpg,Nasi pattaya,all,0cb0ad0c3db7ee084af74cd9d813d590,"['fried rice', 'Nasi pattaya']"
../foodsg-233\bee hoon\I6R4NR65JB4W7ZIOUTWFNPTE.jpg,bee hoon,all,0cc61a02ad20a2450278e3c35f1d0084,"['bee hoon', 'Seafood Noodles Soup']"
../foodsg-233\Seafood Noodles Soup\P1CQ52WW6M8ARVQK5R47XHFN.jpg,Seafood Noodles Soup,all,0cc61a02ad20a2450278e3c35f1d0084,"['bee hoon', 'Seafood Noodles Soup']"
../foodsg-233\sliced fish soup\X511K2H6QSJAGAAUB73RAA2L.jpg,sliced fish soup,all,0cf836cc7b66cd56be7d2c2414bb9ac4,"['sliced fish soup', 'Seafood Noodles Soup', 'bee hoon']"
../foodsg-233\Seafood Noodles Soup\5GLM6L7AJEN8D8FPCKEKYM5O.jpg,Seafood Noodles Soup,all,0cf836cc7b66cd56be7d2c2414bb9ac4,"['sliced fish soup', 'Seafood Noodles Soup', 'bee hoon']"
../foodsg-233\bee hoon\8HWUO8DDOPEIXWFYNCQ2HSG6.jpg,bee hoon,all,0cf836cc7b66cd56be7d2c2414bb9ac4,"['sliced fish soup', 'Seafood Noodles Soup', 'bee hoon']"
"../foodsg-233\Mee siam, fried\IHPT4MJBNZ6IW8HC3PFAMHHY.jpg","Mee siam, fried",all,0d13aee386771b23300f0e99a5fdec65,"['Mee siam, fried', 'Bee hoon, goreng']"
"../foodsg-233\Bee hoon, goreng\XNDD9V958VO4LYDABLTW5IVE.jpg","Bee hoon, goreng",all,0d13aee386771b23300f0e99a5fdec65,"['Mee siam, fried', 'Bee hoon, goreng']"
../foodsg-233\black pepper crab\23LEYBNVHX9QHFW1D4BQVLFN.jpg,black pepper crab,all,0d55fc4c87bed5da06f7d9817b5becf6,"['black pepper crab', 'chilli crab']"
../foodsg-233\chilli crab\5BJQ5VB7ZZXYAEOUVU09Q6SX.jpg,chilli crab,all,0d55fc4c87bed5da06f7d9817b5becf6,"['black pepper crab', 'chilli crab']"
../foodsg-233\lontong\HMYMJU9NQNVFUFKFTSBA1JS6.jpg,lontong,all,0e15dc0bc4180ba778bd0020eed4bfa9,"['lontong', 'Lontong with sayur lodeh']"
../foodsg-233\Lontong with sayur lodeh\Q7ME8LG4J7G5EXGMC94K91SZ.jpg,Lontong with sayur lodeh,all,0e15dc0bc4180ba778bd0020eed4bfa9,"['lontong', 'Lontong with sayur lodeh']"
../foodsg-233\chai tow kuay\7SSTIE78PF1FJDCWPTKLC9BR.jpg,chai tow kuay,all,0e24f846caca7291f4e9cb4419384324,"['chai tow kuay', 'Kway Teow']"
../foodsg-233\Kway Teow\O3MTJMDZ0NHIGF1ZW5Z5TMZY.jpg,Kway Teow,all,0e24f846caca7291f4e9cb4419384324,"['chai tow kuay', 'Kway Teow']"
../foodsg-233\xiao long bao\2RZDGM2LUH7AV814KQE21IFN.jpg,xiao long bao,all,0e2514a54d2647f64b901887277c40e2,"['xiao long bao', 'char siew pau']"
../foodsg-233\char siew pau\ZLAYYOY9ATHXTVNX8QR15LJX.jpg,char siew pau,all,0e2514a54d2647f64b901887277c40e2,"['xiao long bao', 'char siew pau']"
"../foodsg-233\Bee hoon, soto\J6SXHQ2TMH8OAPYZXJIMBIS2.jpg","Bee hoon, soto",all,0e2f344fb3e9dd183319b6752cecdbcb,"['Bee hoon, soto', 'bee hoon']"
../foodsg-233\bee hoon\CRYGFFSP0OMK3U2YMPE53OBV.jpg,bee hoon,all,0e2f344fb3e9dd183319b6752cecdbcb,"['Bee hoon, soto', 'bee hoon']"
../foodsg-233\Soto ayam\B4B89A33EW5XJ5D1E6HIUPMD.jpg,Soto ayam,all,0e415c5ef201856bf5fc7fe143adea4c,"['Soto ayam', 'Mee soto', 'Bee hoon, soto']"
../foodsg-233\Mee soto\8DFUXTVIECTTAUI89KW2T4BF.jpg,Mee soto,all,0e415c5ef201856bf5fc7fe143adea4c,"['Soto ayam', 'Mee soto', 'Bee hoon, soto']"
"../foodsg-233\Bee hoon, soto\05YRZPIW92Q1UZWECFPX59MO.jpg","Bee hoon, soto",all,0e415c5ef201856bf5fc7fe143adea4c,"['Soto ayam', 'Mee soto', 'Bee hoon, soto']"
../foodsg-233\whole wheat\TNYZ10PIN7WWPST8QXGL0PQ5.jpg,whole wheat,all,0e8dab4ef1baf3d70316b601878bb993,"['whole wheat', 'whole grain bread']"
../foodsg-233\whole grain bread\KFG97X2AN82K3Q5A7DQ0ATDN.jpg,whole grain bread,all,0e8dab4ef1baf3d70316b601878bb993,"['whole wheat', 'whole grain bread']"
"../foodsg-233\Bee hoon, soto\4QMLPU3REZRUT4J93TFAYL8A.jpg","Bee hoon, soto",all,0e958164ac73a46ad56b428958199db7,"['Bee hoon, soto', 'Soto ayam', 'Mee soto']"
../foodsg-233\Soto ayam\1METI4K2CEDGBKJLOOF2CWMI.jpg,Soto ayam,all,0e958164ac73a46ad56b428958199db7,"['Bee hoon, soto', 'Soto ayam', 'Mee soto']"
../foodsg-233\Mee soto\TPDMDEZZ1DUD45MVBXONZ615.jpg,Mee soto,all,0e958164ac73a46ad56b428958199db7,"['Bee hoon, soto', 'Soto ayam', 'Mee soto']"
../foodsg-233\Mee siam\TR5CVARNBS4S7AWC5Q2O1B1H.jpg,Mee siam,all,0eacae4e3ef1e5af3f9a282ee326e9c7,"['Mee siam', 'Mee goreng']"
../foodsg-233\Mee goreng\RBX1U22GJOU2CKTAQEI38G1D.jpg,Mee goreng,all,0eacae4e3ef1e5af3f9a282ee326e9c7,"['Mee siam', 'Mee goreng']"
../foodsg-233\Mee siam\Q125M8978AVRTXZPVLS2UJWU.jpg,Mee siam,all,0ed08c7702dda3f5e00def614a01cc63,"['Mee siam', 'Mee siam, fried']"
"../foodsg-233\Mee siam, fried\00YG9CCUU38BMPVY1JBDO75I.jpg","Mee siam, fried",all,0ed08c7702dda3f5e00def614a01cc63,"['Mee siam', 'Mee siam, fried']"
../foodsg-233\pasta - fettuccine\WWNNFNE0F2K6FGYPPO3G4DB6.jpg,pasta - fettuccine,all,0ed3acc5182877544230e21514a66689,"['pasta - fettuccine', 'Mee goreng']"
../foodsg-233\Mee goreng\NWU1QT3DFF7792AWBUNLMPJV.jpg,Mee goreng,all,0ed3acc5182877544230e21514a66689,"['pasta - fettuccine', 'Mee goreng']"
../foodsg-233\yong tau foo\E3VLVT9WK26NIHXARK54DKCH.jpg,yong tau foo,all,0f3b7efc7dccd1567cd896d573e9084c,"['yong tau foo', 'Laksa']"
../foodsg-233\Laksa\S6X5QFX2ZQU83RG6SZ3EQZUN.jpg,Laksa,all,0f3b7efc7dccd1567cd896d573e9084c,"['yong tau foo', 'Laksa']"
../foodsg-233\Dumpling noodle soup\P0ZZUIVAQTH6BANTFPU2C85M.jpg,Dumpling noodle soup,all,0f60db66a63e869a9f78a114a58f70ed,"['Dumpling noodle soup', 'chicken soup']"
../foodsg-233\chicken soup\3AZKDQLN88PG6AHLJ7D8JYOD.jpg,chicken soup,all,0f60db66a63e869a9f78a114a58f70ed,"['Dumpling noodle soup', 'chicken soup']"
../foodsg-233\Soto ayam\W4IX3LEQDA0HPNBSTFV7YNTJ.jpg,Soto ayam,all,0fc6e17f850ea30dc972c214bc221eb2,"['Soto ayam', 'Mee soto']"
../foodsg-233\Mee soto\L0PPU8J0YMX6WK06F872I3AR.jpg,Mee soto,all,0fc6e17f850ea30dc972c214bc221eb2,"['Soto ayam', 'Mee soto']"
../foodsg-233\vegetable soup\2SXT21PMBWCEDH7R3L9M3PDS.jpg,vegetable soup,all,0ff7326035ccfb40382293e6a891c3f2,"['vegetable soup', 'cream soup']"
../foodsg-233\cream soup\MWTECCRFIQAGEM5XSMVMGHUZ.jpg,cream soup,all,0ff7326035ccfb40382293e6a891c3f2,"['vegetable soup', 'cream soup']"
"../foodsg-233\Bee hoon, goreng\56BD6GCWBS9LEEJ82811UF84.jpg","Bee hoon, goreng",all,0ffd360423a8c51c863539c9580a0705,"['Bee hoon, goreng', 'bee hoon']"
../foodsg-233\bee hoon\SFMMZ5NTZ4J6VYTJPZ78L5JI.jpg,bee hoon,all,0ffd360423a8c51c863539c9580a0705,"['Bee hoon, goreng', 'bee hoon']"
../foodsg-233\bee hoon\FK88LXB0KS3UB0WQ20FWUU26.jpg,bee hoon,all,0fff523eb03ee46c6e0359ab23135b4f,"['bee hoon', 'Fried Noodles']"
../foodsg-233\Fried Noodles\1PB2DK1TC57LBMMP13DEMX1S.jpg,Fried Noodles,all,0fff523eb03ee46c6e0359ab23135b4f,"['bee hoon', 'Fried Noodles']"
../foodsg-233\Soto ayam\76OX01PFN8C4189CLMW58HG7.jpg,Soto ayam,all,10025e49d843821f1647e8fc3e443c0e,"['Soto ayam', 'Mee soto']"
../foodsg-233\Mee soto\CXHF8NM2N6HP9ENHWMQOGPJL.jpg,Mee soto,all,10025e49d843821f1647e8fc3e443c0e,"['Soto ayam', 'Mee soto']"
../foodsg-233\ayam penyet\PS7BLZ68NTWZRN9HBWH1I87O.jpg,ayam penyet,all,10055369ff21fa23451d9680fc8de70c,"['ayam penyet', 'Hor Fun']"
../foodsg-233\Hor Fun\1Q14MHN0KERDT5RRE6XD8KG7.jpg,Hor Fun,all,10055369ff21fa23451d9680fc8de70c,"['ayam penyet', 'Hor Fun']"
../foodsg-233\Seafood Noodles Soup\BSS1EH2T5I9588FNUAAQ97DZ.jpg,Seafood Noodles Soup,all,100f5bc9eae92c425a79ba999fd33b47,"['Seafood Noodles Soup', 'Ban Mian']"
../foodsg-233\Ban Mian\MIOTSGMR7NVEX8Z7BH63IJ1D.jpg,Ban Mian,all,100f5bc9eae92c425a79ba999fd33b47,"['Seafood Noodles Soup', 'Ban Mian']"
../foodsg-233\steamed buns\SO5WU3HBHIE5ZXMJ6TWMQ6C7.jpg,steamed buns,all,102faa356fa7c97284dd32749936da63,"['steamed buns', 'char siew pau']"
../foodsg-233\char siew pau\WX56F1932AJBM7RK8YIOZ3A1.jpg,char siew pau,all,102faa356fa7c97284dd32749936da63,"['steamed buns', 'char siew pau']"
../foodsg-233\fried prawn\HQ8J8KVUCUQ77FHA4R4XPUXF.jpg,fried prawn,all,1032707a7e1001376aa783e9029f48f6,"['fried prawn', 'drunken prawn']"
../foodsg-233\drunken prawn\NU007IGHXG5MM7A1E0DSRO41.jpg,drunken prawn,all,1032707a7e1001376aa783e9029f48f6,"['fried prawn', 'drunken prawn']"
../foodsg-233\Mee rebus\K3YRMICT5H25XRYJDMI4CJM3.jpg,Mee rebus,all,10377cfdcd092b125184f59f05423c8d,"['Mee rebus', 'Mee soto']"
../foodsg-233\Mee soto\UNXO7M7DU4EPYDDOKO1LW94Y.jpg,Mee soto,all,10377cfdcd092b125184f59f05423c8d,"['Mee rebus', 'Mee soto']"
../foodsg-233\chicken masala\ECL6KT4VM9ZZ28C3RIXO4QK6.jpg,chicken masala,all,1050052ee27e043bacb9a26c2c5bdc9d,"['chicken masala', 'tandoori chicken']"
../foodsg-233\tandoori chicken\JD0FPIVBSCMGELAEEWWHK5HE.jpg,tandoori chicken,all,1050052ee27e043bacb9a26c2c5bdc9d,"['chicken masala', 'tandoori chicken']"
../foodsg-233\Seafood Noodles Soup\C51G9JAQOL7JESX6SQ48NGQ5.jpg,Seafood Noodles Soup,all,10baf340fdf2c03e4beab257b67232fd,"['Seafood Noodles Soup', 'Hor Fun']"
../foodsg-233\Hor Fun\UOSDMJAXJDSKORKX5RI5QRAB.jpg,Hor Fun,all,10baf340fdf2c03e4beab257b67232fd,"['Seafood Noodles Soup', 'Hor Fun']"
../foodsg-233\Mee rebus\MS7GLG73FP0B78CT7XJNRXEO.jpg,Mee rebus,all,1119cf19ee1ad3dd4d0ecfb283e6b589,"['Mee rebus', 'Mee bandung']"
../foodsg-233\Mee bandung\1Q2QS3KJ6IJL8YDGLEPJ5PQG.jpg,Mee bandung,all,1119cf19ee1ad3dd4d0ecfb283e6b589,"['Mee rebus', 'Mee bandung']"
../foodsg-233\Soto ayam\ZWGGUNPSM30JB5R5US4CZPE9.jpg,Soto ayam,all,111b26a5422fcaf0c4a80a7d20398908,"['Soto ayam', 'Mee soto']"
../foodsg-233\Mee soto\CHEQ9M5OZBU5S77WOQCT8UB0.jpg,Mee soto,all,111b26a5422fcaf0c4a80a7d20398908,"['Soto ayam', 'Mee soto']"
../foodsg-233\satay bee hoon\Z6PRYRG10NE9ISTVB8P8U7BK.jpg,satay bee hoon,all,1150455057bd7b9977e725393f1eac93,"['satay bee hoon', 'Bee hoon, soto', 'bee hoon']"
"../foodsg-233\Bee hoon, soto\9V0HCH3YT0BXFAW0V24BSJ8I.jpg","Bee hoon, soto",all,1150455057bd7b9977e725393f1eac93,"['satay bee hoon', 'Bee hoon, soto', 'bee hoon']"
../foodsg-233\bee hoon\2YWA3ATP66TYMRLHLQB0NN96.jpg,bee hoon,all,1150455057bd7b9977e725393f1eac93,"['satay bee hoon', 'Bee hoon, soto', 'bee hoon']"
"../foodsg-233\Wanton mee, dry\VZ240AD3OUIUF7HM17Y4WA7L.jpg","Wanton mee, dry",all,1166c012cf63669c2624007fdb3e422c,"['Wanton mee, dry', 'char siew']"
../foodsg-233\char siew\5ARORMW4XMT6MXIL2AYWY2FV.jpg,char siew,all,1166c012cf63669c2624007fdb3e422c,"['Wanton mee, dry', 'char siew']"
../foodsg-233\sambal\EW3WZ1LNQMHGQ04AVQNDV5ZO.jpg,sambal,all,11ac639c51b84786799aaaa5e2361618,"['sambal', 'Rice, korean bulgogi beef']"
"../foodsg-233\Rice, korean bulgogi beef\CH61W7ZJOW1AB027PLPY5UFC.jpg","Rice, korean bulgogi beef",all,11ac639c51b84786799aaaa5e2361618,"['sambal', 'Rice, korean bulgogi beef']"
../foodsg-233\Mee soto\QWNV9DNDZFYLESSAIYW9AVO4.jpg,Mee soto,all,11db554b0ff406708ec1f32c6f625c74,"['Mee soto', 'Soto ayam']"
../foodsg-233\Soto ayam\TYB28IYRE7Y5HHSGSZ0HIHUH.jpg,Soto ayam,all,11db554b0ff406708ec1f32c6f625c74,"['Mee soto', 'Soto ayam']"
"../foodsg-233\Mee siam, fried\XNLTOYMSGPDU51V4Q6824RAE.jpg","Mee siam, fried",all,11dd02731ee562a131a7a4b04cfdd433,"['Mee siam, fried', 'Mee siam', 'Mee rebus']"
../foodsg-233\Mee siam\THQGPFTQGIBRNE19ERLFPP9P.jpg,Mee siam,all,11dd02731ee562a131a7a4b04cfdd433,"['Mee siam, fried', 'Mee siam', 'Mee rebus']"
../foodsg-233\Mee rebus\VI4P8W5S3KYYQA52U503TKBP.jpg,Mee rebus,all,11dd02731ee562a131a7a4b04cfdd433,"['Mee siam, fried', 'Mee siam', 'Mee rebus']"
"../foodsg-233\Bee hoon, soto\DGV79VGI8C9PEDDCBUVE51GG.jpg","Bee hoon, soto",all,1200c79ac15d92c695e6e6883b9daeec,"['Bee hoon, soto', 'bee hoon']"
../foodsg-233\bee hoon\8I2JJ22QLP7I4Q5GVTRADV7D.jpg,bee hoon,all,1200c79ac15d92c695e6e6883b9daeec,"['Bee hoon, soto', 'bee hoon']"
../foodsg-233\cream soup\ZP7BCUVUVAPNHE5KDGNBS2QK.jpg,cream soup,all,120b83d954a0258cdd452248a6fa54c7,"['cream soup', 'mushroom soup']"
../foodsg-233\mushroom soup\R0MC04TOJV77BQLTUJLOLB73.jpg,mushroom soup,all,120b83d954a0258cdd452248a6fa54c7,"['cream soup', 'mushroom soup']"
../foodsg-233\steamed buns\PX02AYY6NPIESY7LOZFC3ZGQ.jpg,steamed buns,all,12129eceb964f45e4d691561642231b3,"['steamed buns', 'xiao long bao', 'char siew pau']"
../foodsg-233\xiao long bao\5G1K2GDHQHC8J1MA6S9MEW54.jpg,xiao long bao,all,12129eceb964f45e4d691561642231b3,"['steamed buns', 'xiao long bao', 'char siew pau']"
../foodsg-233\char siew pau\K1I7XUMKYHLNDA5PTXG2Z29V.jpg,char siew pau,all,12129eceb964f45e4d691561642231b3,"['steamed buns', 'xiao long bao', 'char siew pau']"
../foodsg-233\whole grain bread\CAAUZPRULO3TW4O0PIN6XTH5.jpg,whole grain bread,all,1217fe187114c1fde9b944e6a5f81838,"['whole grain bread', 'whole wheat']"
../foodsg-233\whole wheat\YUQSMYGV4XZQYP4GPVKG6P8G.jpg,whole wheat,all,1217fe187114c1fde9b944e6a5f81838,"['whole grain bread', 'whole wheat']"
../foodsg-233\Soto ayam\AM853DPWN19ZB4P960A4BNZ6.jpg,Soto ayam,all,121d2272a3425df2b39c0ef47facb273,"['Soto ayam', 'Mee soto']"
../foodsg-233\Mee soto\HFR928CMLDR0KMDCJFX7L4QY.jpg,Mee soto,all,121d2272a3425df2b39c0ef47facb273,"['Soto ayam', 'Mee soto']"
../foodsg-233\Duck Rice\XDZQGLNL87FGTSGIZGBRIIB4.jpg,Duck Rice,all,1220b0468ec028606146a54f38e38d9b,"['Duck Rice', 'yam rice']"
../foodsg-233\yam rice\GJL7FCS504A1T63S2P96TWYN.jpg,yam rice,all,1220b0468ec028606146a54f38e38d9b,"['Duck Rice', 'yam rice']"
../foodsg-233\miso soup\J9C1T8ZA1DTISMWRUNEGCRTU.jpg,miso soup,all,1269b33091ad95e8cfa690f9a7cbaf8f,"['miso soup', 'vegetable soup']"
../foodsg-233\vegetable soup\L19ST1GZ8PD41MICK4U4WMJG.jpg,vegetable soup,all,1269b33091ad95e8cfa690f9a7cbaf8f,"['miso soup', 'vegetable soup']"
../foodsg-233\fried prawn\SIQPOPA5JS10L01X8JRTWMP4.jpg,fried prawn,all,12791537c5dc3027cf107b63ecaf8256,"['fried prawn', 'drunken prawn']"
../foodsg-233\drunken prawn\WQSURXE6850TW4S0MRL7N6B5.jpg,drunken prawn,all,12791537c5dc3027cf107b63ecaf8256,"['fried prawn', 'drunken prawn']"
../foodsg-233\Soto ayam\IYXJ4UIXZGWT6K0DZWM1QD82.jpg,Soto ayam,all,12d412b5a458780f9b34c196f3c69187,"['Soto ayam', 'Bee hoon, soto']"
"../foodsg-233\Bee hoon, soto\KOIB21WVUIE2Z8YOOZ1HPU1M.jpg","Bee hoon, soto",all,12d412b5a458780f9b34c196f3c69187,"['Soto ayam', 'Bee hoon, soto']"
../foodsg-233\Ban Mian\70BPHH5ANGJ7E1591Q1DTY9W.jpg,Ban Mian,all,12da2a5ddf1fe5bbfc16237373c095f9,"['Ban Mian', 'Mee rebus']"
../foodsg-233\Mee rebus\B5YG505LBH323GR240DHVSOM.jpg,Mee rebus,all,12da2a5ddf1fe5bbfc16237373c095f9,"['Ban Mian', 'Mee rebus']"
"../foodsg-233\Bee hoon, goreng\BAPMPH9SLFQI71VVSSX075QC.jpg","Bee hoon, goreng",all,12e28b6f573168745d3744428f3c6a6a,"['Bee hoon, goreng', 'Mee goreng']"
../foodsg-233\Mee goreng\IZBV9GW2UZDYVHY04U0FRDJL.jpg,Mee goreng,all,12e28b6f573168745d3744428f3c6a6a,"['Bee hoon, goreng', 'Mee goreng']"
"../foodsg-233\Bee hoon, goreng\V7036NVO1GNMRIQDOD5SC6Y9.jpg","Bee hoon, goreng",all,12ffe5c503879256e12409f6cc8e5e87,"['Bee hoon, goreng', 'bee hoon']"
../foodsg-233\bee hoon\6KNHU1SPLC6X3HTO7V80J9SE.jpg,bee hoon,all,12ffe5c503879256e12409f6cc8e5e87,"['Bee hoon, goreng', 'bee hoon']"
../foodsg-233\whole grain bread\K0IFYLVV7O11DVXBGMEJSF5Q.jpg,whole grain bread,all,130b6dc271fd1476765152bb09ff0f71,"['whole grain bread', 'whole wheat']"
../foodsg-233\whole wheat\SM4HVPZTJLKJNBUNLN8E4V4D.jpg,whole wheat,all,130b6dc271fd1476765152bb09ff0f71,"['whole grain bread', 'whole wheat']"
../foodsg-233\fish head curry\H806Y1F8Y66EJJBTJWADO7KT.jpg,fish head curry,all,131efb13bc5820e09b0e2a53ad3dc807,"['fish head curry', 'assam pedas']"
../foodsg-233\assam pedas\QUGIMAONM6QT8WOZ89ZDTX94.jpg,assam pedas,all,131efb13bc5820e09b0e2a53ad3dc807,"['fish head curry', 'assam pedas']"
../foodsg-233\Mee siam\4QOPHAZXHGXKUN29I9U0UNHU.jpg,Mee siam,all,13307fdc0e1d8a9e15fcdb07dfa4df09,"['Mee siam', 'Mee siam, fried']"
"../foodsg-233\Mee siam, fried\CSW1XKDFDZJNGD5GQT3CA8JH.jpg","Mee siam, fried",all,13307fdc0e1d8a9e15fcdb07dfa4df09,"['Mee siam', 'Mee siam, fried']"
../foodsg-233\Fried Noodles\4MSD1FBACI76WTL0BP4AV6QO.jpg,Fried Noodles,all,1336f17429a6e098515a03adbc912082,"['Fried Noodles', 'Udon']"
../foodsg-233\Udon\N2LPFH3W9FQ6FJCWKH5XSN9B.jpg,Udon,all,1336f17429a6e098515a03adbc912082,"['Fried Noodles', 'Udon']"
"../foodsg-233\Mee siam, fried\WDBBDQLU4CK9XBNAHK2YJMRB.jpg","Mee siam, fried",all,13524989fa61a338a84b1adf6e351da6,"['Mee siam, fried', 'Mee siam']"
../foodsg-233\Mee siam\WSAK4M1K9K3QDVD2PT945GR0.jpg,Mee siam,all,13524989fa61a338a84b1adf6e351da6,"['Mee siam, fried', 'Mee siam']"
../foodsg-233\Mee bandung\R56T9EBWEZ706YILFM2835F9.jpg,Mee bandung,all,13e7bbd798f468507f80df054c88867b,"['Mee bandung', 'Mee rebus']"
../foodsg-233\Mee rebus\80L2NY8F44S8S56ORN58A2CQ.jpg,Mee rebus,all,13e7bbd798f468507f80df054c88867b,"['Mee bandung', 'Mee rebus']"
../foodsg-233\sliced fish soup\BARR48BJF8SM66NC5CU2P9IE.jpg,sliced fish soup,all,13f37a523a8124e3acba90a223a0a7da,"['sliced fish soup', 'Seafood Noodles Soup']"
../foodsg-233\Seafood Noodles Soup\0ERM547WQ0O3IQ712QDO4UVY.jpg,Seafood Noodles Soup,all,13f37a523a8124e3acba90a223a0a7da,"['sliced fish soup', 'Seafood Noodles Soup']"
"../foodsg-233\Bee hoon, soto\6HNOW36QG1T6Q3LYN86HWXUF.jpg","Bee hoon, soto",all,13faeb5885a2f77f5aaa4644b4d5d765,"['Bee hoon, soto', 'Soto ayam', 'Mee soto']"
../foodsg-233\Soto ayam\YVX6B8XC9R4WRMQZI8MQTN79.jpg,Soto ayam,all,13faeb5885a2f77f5aaa4644b4d5d765,"['Bee hoon, soto', 'Soto ayam', 'Mee soto']"
../foodsg-233\Mee soto\Z8J0UDRZMKGEQ35QMH3QKBZI.jpg,Mee soto,all,13faeb5885a2f77f5aaa4644b4d5d765,"['Bee hoon, soto', 'Soto ayam', 'Mee soto']"
../foodsg-233\black pepper crab\G5WJ8EG7DOEKLZA6Q82314VO.jpg,black pepper crab,all,142ae1240adc73893f94bed8895f598b,"['black pepper crab', 'chilli crab']"
../foodsg-233\chilli crab\1FZKFAKUWAFPUY3AGWLVNRFR.jpg,chilli crab,all,142ae1240adc73893f94bed8895f598b,"['black pepper crab', 'chilli crab']"
../foodsg-233\Seafood Noodles Soup\FUTZPR1RVDCESBGFRF6WPBGT.jpg,Seafood Noodles Soup,all,1442a195b2cd5ad11732d30a3e803d2d,"['Seafood Noodles Soup', 'bee hoon']"
../foodsg-233\bee hoon\4ZF8V3YINMXR8U44J2TZ95OM.jpg,bee hoon,all,1442a195b2cd5ad11732d30a3e803d2d,"['Seafood Noodles Soup', 'bee hoon']"
../foodsg-233\bee hoon\1DXYAEZKGQF9RQNKIUH5SDK2.jpg,bee hoon,all,14a94134e29bd7e0d4aedab893fd3c53,"['bee hoon', 'Bee hoon, goreng']"
"../foodsg-233\Bee hoon, goreng\77IS4U8JVRBH0FH0AFQ938A2.jpg","Bee hoon, goreng",all,14a94134e29bd7e0d4aedab893fd3c53,"['bee hoon', 'Bee hoon, goreng']"
../foodsg-233\begedil\JW2V50EVLJ1R8XKAYGGGLV9E.jpg,begedil,all,14c0a7c489a978d91baa8534259967e5,"['begedil', 'Tauhu Goreng']"
../foodsg-233\Tauhu Goreng\0AV9KC4JQN0R4D95UXXWP7GO.jpg,Tauhu Goreng,all,14c0a7c489a978d91baa8534259967e5,"['begedil', 'Tauhu Goreng']"
../foodsg-233\fried prawn\CJL0PJIBAB6KDP3T0UXAPECW.jpg,fried prawn,all,14c69afdbe7d6f4d6731fa949965b85c,"['fried prawn', 'drunken prawn']"
../foodsg-233\drunken prawn\QT5UXPP7QF4AQGPVAAB8HL8Z.jpg,drunken prawn,all,14c69afdbe7d6f4d6731fa949965b85c,"['fried prawn', 'drunken prawn']"
../foodsg-233\kueh lapis - rainbow\MDW4HLWATJLDW30KHMPRZ24S.jpg,kueh lapis - rainbow,all,14eb3d07aeb6291cb788fa04334cbc36,"['kueh lapis - rainbow', 'Kueh Salat']"
../foodsg-233\Kueh Salat\G6QOEIHLZ4E7Q5MJXEDR18JQ.jpg,Kueh Salat,all,14eb3d07aeb6291cb788fa04334cbc36,"['kueh lapis - rainbow', 'Kueh Salat']"
../foodsg-233\Ban Mian\IP7637JGR9R7BVF900ME951D.jpg,Ban Mian,all,150d782ba0a4caa905ffc0c962a296ca,"['Ban Mian', 'Seafood Noodles Soup']"
../foodsg-233\Seafood Noodles Soup\YGHRY1OTVA2A3X03YCM9HIQG.jpg,Seafood Noodles Soup,all,150d782ba0a4caa905ffc0c962a296ca,"['Ban Mian', 'Seafood Noodles Soup']"
../foodsg-233\whole grain bread\QGYCMLOSRWNGFWHDQPG9GQDX.jpg,whole grain bread,all,15159619d50f63d56ed5e2458e7d36e4,"['whole grain bread', 'whole wheat']"
../foodsg-233\whole wheat\2X3640LZBGP8591HMLU1H24F.jpg,whole wheat,all,15159619d50f63d56ed5e2458e7d36e4,"['whole grain bread', 'whole wheat']"
../foodsg-233\whole wheat\Z1J2ZGJEI48QCI06MTT3QGBD.jpg,whole wheat,all,151c1db96e79a062e30dc95aebc490bb,"['whole wheat', 'whole grain bread']"
../foodsg-233\whole grain bread\11G1EVU7IVATX1IXUZUENWSN.jpg,whole grain bread,all,151c1db96e79a062e30dc95aebc490bb,"['whole wheat', 'whole grain bread']"
../foodsg-233\fish head curry\MMPUPQLXLSYNSO58EZ0XXR9T.jpg,fish head curry,all,15273b7ff90332eb28f0bf14f4728cf0,"['fish head curry', 'assam pedas']"
../foodsg-233\assam pedas\ZD8XZGB90EO6YUSRC8BN6BGP.jpg,assam pedas,all,15273b7ff90332eb28f0bf14f4728cf0,"['fish head curry', 'assam pedas']"
../foodsg-233\Mee rebus\X634GMW8X8M1I6WR0VQ56WEK.jpg,Mee rebus,all,15289f45029b503166b067f05f4c4c9e,"['Mee rebus', 'Mee kuah']"
../foodsg-233\Mee kuah\QMUQ3Y7CLDY2ONTTGH28G22A.jpg,Mee kuah,all,15289f45029b503166b067f05f4c4c9e,"['Mee rebus', 'Mee kuah']"
../foodsg-233\Dumpling noodle soup\VY0QA5XFYV45QRLM85DKTNKF.jpg,Dumpling noodle soup,all,152c3425efb9d6e0d72e66e050def8b1,"['Dumpling noodle soup', 'dumpling']"
../foodsg-233\dumpling\904UFF58OTL3GXMDABOTRK25.jpg,dumpling,all,152c3425efb9d6e0d72e66e050def8b1,"['Dumpling noodle soup', 'dumpling']"
../foodsg-233\whole wheat\XM8Y8XUWK9BFH46GO9NV6W48.jpg,whole wheat,all,153ef398a254d8df8b7baf08f8c72fdc,"['whole wheat', 'whole grain bread']"
../foodsg-233\whole grain bread\19G635E8BIF9MDXD208YO6NS.jpg,whole grain bread,all,153ef398a254d8df8b7baf08f8c72fdc,"['whole wheat', 'whole grain bread']"
../foodsg-233\cream soup\6RVCATHS9H9871CDCBM1W7C7.jpg,cream soup,all,154e0c25c70a24076f95e74304925c84,"['cream soup', 'mushroom soup']"
../foodsg-233\mushroom soup\PNTU605BNV5AV6L3LADSSW85.jpg,mushroom soup,all,154e0c25c70a24076f95e74304925c84,"['cream soup', 'mushroom soup']"
../foodsg-233\Mee soto\AYLM99KXEZCUBUU04GE4PTRT.jpg,Mee soto,all,15c0174a1546e784a71aeb7819614936,"['Mee soto', 'Bee hoon, soto']"
"../foodsg-233\Bee hoon, soto\1YOCOP640NIXU7HXFVIXKB3N.jpg","Bee hoon, soto",all,15c0174a1546e784a71aeb7819614936,"['Mee soto', 'Bee hoon, soto']"
../foodsg-233\Seafood Noodles Soup\DR9I8SN2NJ4HRZFET77MTYA4.jpg,Seafood Noodles Soup,all,15c04cc9c506fe6880aaad980530cd60,"['Seafood Noodles Soup', 'sliced fish soup']"
../foodsg-233\sliced fish soup\7BUEFT3DSCGF8Q3GM98C9XKX.jpg,sliced fish soup,all,15c04cc9c506fe6880aaad980530cd60,"['Seafood Noodles Soup', 'sliced fish soup']"
../foodsg-233\chicken masala\DA8PVCJRW0K40QS7NNB8SL1L.jpg,chicken masala,all,15c6d8ea184b17ee62ce2791775390f2,"['chicken masala', 'tandoori chicken']"
../foodsg-233\tandoori chicken\L1MYT4HO1PVXW9RJNC8D03MM.jpg,tandoori chicken,all,15c6d8ea184b17ee62ce2791775390f2,"['chicken masala', 'tandoori chicken']"
../foodsg-233\sliced fish soup\VY0DP7IYCUEPQJ4GTTC7A2DL.jpg,sliced fish soup,all,15d09aae8ae708c9a8316aeb48912d61,"['sliced fish soup', 'Seafood Noodles Soup']"
../foodsg-233\Seafood Noodles Soup\REUKI7ULDY15BOGN8OJZ36YW.jpg,Seafood Noodles Soup,all,15d09aae8ae708c9a8316aeb48912d61,"['sliced fish soup', 'Seafood Noodles Soup']"
../foodsg-233\Claypot Rice\2PCQCYROSVNG7Y95XYYTTQA1.jpg,Claypot Rice,all,15dc977f519327b1869753b89b43a465,"['Claypot Rice', 'Rice, korean bulgogi beef']"
"../foodsg-233\Rice, korean bulgogi beef\271G208BUERCS5L9GHZWIWMO.jpg","Rice, korean bulgogi beef",all,15dc977f519327b1869753b89b43a465,"['Claypot Rice', 'Rice, korean bulgogi beef']"
"../foodsg-233\Bee hoon, goreng\RATV3JZS5BGRS4QDLVIQPHNQ.jpg","Bee hoon, goreng",all,15e019731dfd18e61eae3e93c0a7f93c,"['Bee hoon, goreng', 'mixed vegetables']"
../foodsg-233\mixed vegetables\HNBHA57YOLVAFC8XLWV68MZ8.jpg,mixed vegetables,all,15e019731dfd18e61eae3e93c0a7f93c,"['Bee hoon, goreng', 'mixed vegetables']"
../foodsg-233\char siew pau\TDMYQ44EFD6B7UGVK86GDETO.jpg,char siew pau,all,15e9324acf6a9266223f9feb10b362c8,"['char siew pau', 'xiao long bao']"
../foodsg-233\xiao long bao\0KFPMT960BAIYG4HM9DNHRQT.jpg,xiao long bao,all,15e9324acf6a9266223f9feb10b362c8,"['char siew pau', 'xiao long bao']"
../foodsg-233\Lontong with sayur lodeh\BWBUUWL3952DOZM8XH8NZJKN.jpg,Lontong with sayur lodeh,all,162f424a7ced03ba9794d975731ec29a,"['Lontong with sayur lodeh', 'lontong']"
../foodsg-233\lontong\HCS8SL7MGCUTDABVT36HMMZ4.jpg,lontong,all,162f424a7ced03ba9794d975731ec29a,"['Lontong with sayur lodeh', 'lontong']"
../foodsg-233\cream soup\O6LTID8RKAXTRWYO341T293W.jpg,cream soup,all,16567bf84b52bb60ea6647d7b8e94066,"['cream soup', 'mushroom soup']"
../foodsg-233\mushroom soup\6VMRJI63DJ4M3YKXGQC09BG5.jpg,mushroom soup,all,16567bf84b52bb60ea6647d7b8e94066,"['cream soup', 'mushroom soup']"
../foodsg-233\whole grain bread\0RKT148HY98KPB40WIH8FKKM.jpg,whole grain bread,all,1680bac7017b59556b42f71e9ab5736f,"['whole grain bread', 'whole wheat']"
../foodsg-233\whole wheat\4AACOUU5JQ6AJU62AT4G2G30.jpg,whole wheat,all,1680bac7017b59556b42f71e9ab5736f,"['whole grain bread', 'whole wheat']"
../foodsg-233\mushroom soup\67QJJHN7UQHC2UBASZ60PGSL.jpg,mushroom soup,all,1693a07c608f38d7720e5716988d4e7f,"['mushroom soup', 'vegetable soup']"
../foodsg-233\vegetable soup\FESGCQ1FKT302O73DJ1INR71.jpg,vegetable soup,all,1693a07c608f38d7720e5716988d4e7f,"['mushroom soup', 'vegetable soup']"
../foodsg-233\Mee siam\MWTNRNKLKB5NQESYS4PZACZG.jpg,Mee siam,all,16becd47f5c79224aeb6a16cb564a558,"['Mee siam', 'Mee rebus']"
../foodsg-233\Mee rebus\3LW25K0JLEGOX3X5AQANZYUR.jpg,Mee rebus,all,16becd47f5c79224aeb6a16cb564a558,"['Mee siam', 'Mee rebus']"
../foodsg-233\Soto ayam\R0HN7PBO1B0XRSJPMZ87AFVD.jpg,Soto ayam,all,16d65ee6587b51fbca2e2283ff78330f,"['Soto ayam', 'Mee soto']"
../foodsg-233\Mee soto\ATE82KJHUHR020V3L2JG1EYX.jpg,Mee soto,all,16d65ee6587b51fbca2e2283ff78330f,"['Soto ayam', 'Mee soto']"
../foodsg-233\fried prawn\J4ISPWWFVCTJ3ESCLIKRY2SG.jpg,fried prawn,all,16deac5757a9918833e86ac4180e8c79,"['fried prawn', 'drunken prawn']"
../foodsg-233\drunken prawn\V5QM80ATY7B5J51455MK33XA.jpg,drunken prawn,all,16deac5757a9918833e86ac4180e8c79,"['fried prawn', 'drunken prawn']"
../foodsg-233\Soto ayam\LXRRKJSC4YORME7QJNW0F77N.jpg,Soto ayam,all,16e65af7fa248f9d2cdcb5b6466e24f8,"['Soto ayam', 'Mee soto']"
../foodsg-233\Mee soto\ZVGA66G6DZ8XOV5FNXBYVC0W.jpg,Mee soto,all,16e65af7fa248f9d2cdcb5b6466e24f8,"['Soto ayam', 'Mee soto']"
../foodsg-233\bee hoon\V6RV7K8C475MCAUN1TP3MBLS.jpg,bee hoon,all,16fdb540c9bbe79c9c96f7e38a2b5cff,"['bee hoon', 'Bee hoon, soto']"
"../foodsg-233\Bee hoon, soto\HR9NMYQN0ZIRPP5G8V8SX905.jpg","Bee hoon, soto",all,16fdb540c9bbe79c9c96f7e38a2b5cff,"['bee hoon', 'Bee hoon, soto']"
../foodsg-233\sliced fish soup\YVN0DS4S8HCMUOQA16DODIAW.jpg,sliced fish soup,all,17115f28c1a05f18a7e21f2239718b0f,"['sliced fish soup', 'Seafood Noodles Soup']"
../foodsg-233\Seafood Noodles Soup\UXM9986QM9M39MXU8BCLDBVU.jpg,Seafood Noodles Soup,all,17115f28c1a05f18a7e21f2239718b0f,"['sliced fish soup', 'Seafood Noodles Soup']"
../foodsg-233\bee hoon\4NNP7CIM44WBKP7NU7EYQF45.jpg,bee hoon,all,172bb2fb717e3d2aa14a8211fa47e2aa,"['bee hoon', 'Seafood Noodles Soup']"
../foodsg-233\Seafood Noodles Soup\F53RXFBKZXMK8KKB3RLLSR5I.jpg,Seafood Noodles Soup,all,172bb2fb717e3d2aa14a8211fa47e2aa,"['bee hoon', 'Seafood Noodles Soup']"
../foodsg-233\mee pok\S0MBA40GTG9DYNSHDP7XPZF7.jpg,mee pok,all,1733b39af9e2a1aa462074384780796c,"['mee pok', 'Fish Ball Noodles']"
../foodsg-233\Fish Ball Noodles\DGQ4TFTTLNIZCWN62JV3XGD7.jpg,Fish Ball Noodles,all,1733b39af9e2a1aa462074384780796c,"['mee pok', 'Fish Ball Noodles']"
../foodsg-233\chai tow kuay\PHYFTTTHSWRCKVFEZZ3VNDYV.jpg,chai tow kuay,all,174737e7ee6a8e35438917eefb5a4e0a,"['chai tow kuay', 'Kway Teow']"
../foodsg-233\Kway Teow\VXGGSMH6RKYXT0JZOPLUJH9U.jpg,Kway Teow,all,174737e7ee6a8e35438917eefb5a4e0a,"['chai tow kuay', 'Kway Teow']"
../foodsg-233\char siew pau\M79PVSGO4UX7E9ISP4H3XHQB.jpg,char siew pau,all,174d52a3376d5f0ffa10d03104f8ebf0,"['char siew pau', 'steamed buns']"
../foodsg-233\steamed buns\C1XOL6BNTV2VJ53B24UAVLAK.jpg,steamed buns,all,174d52a3376d5f0ffa10d03104f8ebf0,"['char siew pau', 'steamed buns']"
../foodsg-233\fish head curry\VMG2NIOE9QCMU7HZQ0Z9PN6R.jpg,fish head curry,all,174e945e13639412ed97cd11d4f5cf0e,"['fish head curry', 'assam pedas']"
../foodsg-233\assam pedas\PH9VGSM9LU2DWX01RG12QGX8.jpg,assam pedas,all,174e945e13639412ed97cd11d4f5cf0e,"['fish head curry', 'assam pedas']"
../foodsg-233\Mee siam\V6X8V2DUM3TB7LLMPREX47PL.jpg,Mee siam,all,1762fc3a45a57d1572d6e6a8db8b6d2f,"['Mee siam', 'Chap chye, Nonya']"
"../foodsg-233\Chap chye, Nonya\SO94ZZL7FOFONZRUP0XIVOBR.jpg","Chap chye, Nonya",all,1762fc3a45a57d1572d6e6a8db8b6d2f,"['Mee siam', 'Chap chye, Nonya']"
../foodsg-233\steamed buns\RS3TKXQF7IQ937VTHSQVTFGN.jpg,steamed buns,all,17b63eaef40b62999552f115ec1f94ef,"['steamed buns', 'char siew pau']"
../foodsg-233\char siew pau\AQVZH7Z41Z6BA5WHXF3NYY47.jpg,char siew pau,all,17b63eaef40b62999552f115ec1f94ef,"['steamed buns', 'char siew pau']"
../foodsg-233\Mee rebus\2FTGV34F8W38XAASGLBAG2T3.jpg,Mee rebus,all,17e0e55f2831ca49d96b4c40c1ede94b,"['Mee rebus', 'Mee bandung']"
../foodsg-233\Mee bandung\NX105EOZ8HMEYAUAM7WSRJ56.jpg,Mee bandung,all,17e0e55f2831ca49d96b4c40c1ede94b,"['Mee rebus', 'Mee bandung']"
../foodsg-233\strawberry\2M8FW17KSDJA4OYSD0R134OZ.jpg,strawberry,all,17ea3ba5db3294c0038d2c6656ff31f1,"['strawberry', 'blueberries']"
../foodsg-233\blueberries\WUSZCEEANCI7KHFLUC1FT4YV.jpg,blueberries,all,17ea3ba5db3294c0038d2c6656ff31f1,"['strawberry', 'blueberries']"
"../foodsg-233\Don, chicken teriyaki\XC7VBI4KGA3XSXJX6MRP0V5A.jpg","Don, chicken teriyaki",all,17fb327a3964792d7d196ce648bef76c,"['Don, chicken teriyaki', 'Don, unagi']"
"../foodsg-233\Don, unagi\B7ZOEAO4P66PRGBRIGJE0JWH.jpg","Don, unagi",all,17fb327a3964792d7d196ce648bef76c,"['Don, chicken teriyaki', 'Don, unagi']"
../foodsg-233\Pomelo\BGZ4HX2RVA3VA6FVZ6C25RGB.jpg,Pomelo,all,1833739831aa5889377bf807ab4510dd,"['Pomelo', 'Grapefruit']"
../foodsg-233\Grapefruit\E65QKP26TPFDI005WDKYGIIR.jpg,Grapefruit,all,1833739831aa5889377bf807ab4510dd,"['Pomelo', 'Grapefruit']"
../foodsg-233\cream soup\XW3A04HRZE4FTCW5HG71E2H8.jpg,cream soup,all,1842778819d70227cbc02f971b559edc,"['cream soup', 'mushroom soup']"
../foodsg-233\mushroom soup\WY3UWGLZ4AMWN66JVWDG62EW.jpg,mushroom soup,all,1842778819d70227cbc02f971b559edc,"['cream soup', 'mushroom soup']"
../foodsg-233\oyster omelette\ZM2CO512ZIS6VSZ33N7RHNWP.jpg,oyster omelette,all,1844c36fda28d567cd56d6bf5d388655,"['oyster omelette', 'chai tow kuay']"
../foodsg-233\chai tow kuay\WOIE9KG3BWB37LETBUXQU4KO.jpg,chai tow kuay,all,1844c36fda28d567cd56d6bf5d388655,"['oyster omelette', 'chai tow kuay']"
"../foodsg-233\Bee hoon, soto\GVCTQU5RIMVU3NLZM58NBJLZ.jpg","Bee hoon, soto",all,1872a0294b9286fc563f9591a03212b3,"['Bee hoon, soto', 'bee hoon', 'satay bee hoon']"
../foodsg-233\bee hoon\E142R8LH09SYAF5WJW6VXSRN.jpg,bee hoon,all,1872a0294b9286fc563f9591a03212b3,"['Bee hoon, soto', 'bee hoon', 'satay bee hoon']"
../foodsg-233\satay bee hoon\30Y7YZ8RPRX35LBRQN7AW9ZZ.jpg,satay bee hoon,all,1872a0294b9286fc563f9591a03212b3,"['Bee hoon, soto', 'bee hoon', 'satay bee hoon']"
"../foodsg-233\Bee hoon, goreng\SCCDNET5GBVKAVJ85C8Z2NZO.jpg","Bee hoon, goreng",all,18f95346c8d1bd049f1a36fc761cc2da,"['Bee hoon, goreng', 'Mee siam, fried']"
"../foodsg-233\Mee siam, fried\6GAIXC5ZPR0FKQ3FD4QY628D.jpg","Mee siam, fried",all,18f95346c8d1bd049f1a36fc761cc2da,"['Bee hoon, goreng', 'Mee siam, fried']"
../foodsg-233\char siew pau\FUTC2OJ7NE188QMGXPU2X0DE.jpg,char siew pau,all,198814185aa11c9039e88952e8e049f5,"['char siew pau', 'steamed buns']"
../foodsg-233\steamed buns\TDXF2KSK2OFLQ8VYOCMU3V8P.jpg,steamed buns,all,198814185aa11c9039e88952e8e049f5,"['char siew pau', 'steamed buns']"
../foodsg-233\Seafood Noodles Soup\QX2AO1QYEZ3S5OIOHBTG2YJA.jpg,Seafood Noodles Soup,all,19bdb631fd3b26c577ccfd09c955608b,"['Seafood Noodles Soup', 'bee hoon']"
../foodsg-233\bee hoon\G2F6UZU2UXCFVCXQU7UPWFHW.jpg,bee hoon,all,19bdb631fd3b26c577ccfd09c955608b,"['Seafood Noodles Soup', 'bee hoon']"
../foodsg-233\bee hoon\34KFH3EXV7865YV32XU9CCFB.jpg,bee hoon,all,19bec4ab3f2f3d7670cd3c3fc20437ec,"['bee hoon', 'Bee hoon, goreng']"
"../foodsg-233\Bee hoon, goreng\FF0XLGAP1RM6B7PKQQ8JHYMQ.jpg","Bee hoon, goreng",all,19bec4ab3f2f3d7670cd3c3fc20437ec,"['bee hoon', 'Bee hoon, goreng']"
../foodsg-233\bee hoon\XC7WDCOL9HEJQUPJIWQDLJIE.jpg,bee hoon,all,1a56a1585c67922e0c67990c9bbcea33,"['bee hoon', 'satay bee hoon']"
../foodsg-233\satay bee hoon\C88RTBI72OPI7M4NHCT6O7BG.jpg,satay bee hoon,all,1a56a1585c67922e0c67990c9bbcea33,"['bee hoon', 'satay bee hoon']"
../foodsg-233\Grapefruit\3L9OKWT4QSM6LG2885XLKSC1.jpg,Grapefruit,all,1a725db15951061fc22dc60fb991ea5e,"['Grapefruit', 'Pomelo']"
../foodsg-233\Pomelo\C128R0QX7LRX300M2E9UWOJJ.jpg,Pomelo,all,1a725db15951061fc22dc60fb991ea5e,"['Grapefruit', 'Pomelo']"
../foodsg-233\kueh lapis - rainbow\ULVH8FJ3T3ZWBZ757X7UGX2M.jpg,kueh lapis - rainbow,all,1a85891b9a00e40d0dca3883b459d5ef,"['kueh lapis - rainbow', 'Kueh Salat']"
../foodsg-233\Kueh Salat\9ASJR6T8STKBJ8IRD13D47NK.jpg,Kueh Salat,all,1a85891b9a00e40d0dca3883b459d5ef,"['kueh lapis - rainbow', 'Kueh Salat']"
../foodsg-233\Pomelo\QKACBPI7WRGQQ1QW8A3G7EP7.jpg,Pomelo,all,1a9c912c56be5eb8a64c11e4b81af6c8,"['Pomelo', 'Grapefruit']"
../foodsg-233\Grapefruit\2DDDI9UF18CAOWALPZ3DQF28.jpg,Grapefruit,all,1a9c912c56be5eb8a64c11e4b81af6c8,"['Pomelo', 'Grapefruit']"
../foodsg-233\hokkien prawn mee\Q2XXM3DILEI3X1JNDD376ZKQ.jpg,hokkien prawn mee,all,1aa1afa836529c66dd1f1f7ecaa35803,"['hokkien prawn mee', 'Prawn Noodle']"
../foodsg-233\Prawn Noodle\WN5B70506QUVNYMV5EX41ZQM.jpg,Prawn Noodle,all,1aa1afa836529c66dd1f1f7ecaa35803,"['hokkien prawn mee', 'Prawn Noodle']"
../foodsg-233\chicken soup\OH9N44EKAHRGQA589E6JY2AF.jpg,chicken soup,all,1aae47b5a6f8f997242f710c0145d2e9,"['chicken soup', 'cream soup']"
../foodsg-233\cream soup\LXZ0VJ6I10E497RZC9H7CJSZ.jpg,cream soup,all,1aae47b5a6f8f997242f710c0145d2e9,"['chicken soup', 'cream soup']"
../foodsg-233\chin chow drink\IED18P7IGQB2GD18BUHROCUY.jpg,chin chow drink,all,1acef06afe1100660bf1adbc9ec6cbe7,"['chin chow drink', 'Bubble Milk Tea']"
../foodsg-233\Bubble Milk Tea\PT4QUIXXXXJ0FVFGG19LN833.jpg,Bubble Milk Tea,all,1acef06afe1100660bf1adbc9ec6cbe7,"['chin chow drink', 'Bubble Milk Tea']"
../foodsg-233\Duck Rice\2QDTD9LN2CKG1GAUDRHOM4QD.jpg,Duck Rice,all,1ad3d0f4176a1466f936ab42fa5d6259,"['Duck Rice', 'char siew']"
../foodsg-233\char siew\Z6R7T3PVUM244RPJLQS474EU.jpg,char siew,all,1ad3d0f4176a1466f936ab42fa5d6259,"['Duck Rice', 'char siew']"
../foodsg-233\Seafood Noodles Soup\85XIK4LAW0ZDFTLKEI5GNY86.jpg,Seafood Noodles Soup,all,1ad77416725fa517253f92a9e032a777,"['Seafood Noodles Soup', 'Bee hoon, soto']"
"../foodsg-233\Bee hoon, soto\95C0BUV1AHP9RROGNMYNJAO2.jpg","Bee hoon, soto",all,1ad77416725fa517253f92a9e032a777,"['Seafood Noodles Soup', 'Bee hoon, soto']"
../foodsg-233\whole grain bread\V1AEJQPU8XBPEHQA1WF4TDUU.jpg,whole grain bread,all,1af9f592ff76fda7a4f0ba9c571fb404,"['whole grain bread', 'whole wheat']"
../foodsg-233\whole wheat\3FZ8VH6RQAAKKBOQ9DT2BVS3.jpg,whole wheat,all,1af9f592ff76fda7a4f0ba9c571fb404,"['whole grain bread', 'whole wheat']"
../foodsg-233\drunken prawn\GRD1K2Z906H91LYU6BDOM57D.jpg,drunken prawn,all,1b0c6858a0ec3625bde921ad08cd9245,"['drunken prawn', 'fried prawn']"
../foodsg-233\fried prawn\AIQ8VV6B5KXB4062Z4B6HTUL.jpg,fried prawn,all,1b0c6858a0ec3625bde921ad08cd9245,"['drunken prawn', 'fried prawn']"
../foodsg-233\Duck Rice\393XK263YJSC3SVFUGMJ1SBY.jpg,Duck Rice,all,1b0d3285feea4bc369371bb86469cbb0,"['Duck Rice', 'char siew']"
../foodsg-233\char siew\RCZ3GG7ZFC60AJ6I8JV3VNDM.jpg,char siew,all,1b0d3285feea4bc369371bb86469cbb0,"['Duck Rice', 'char siew']"
../foodsg-233\whole grain bread\DRP7R68173VME25RPOQWUP6P.jpg,whole grain bread,all,1b6c9344d41e05eb7d538f793a9e1b78,"['whole grain bread', 'whole wheat']"
../foodsg-233\whole wheat\HRYSSLBWSBY9EI87S72R8CHQ.jpg,whole wheat,all,1b6c9344d41e05eb7d538f793a9e1b78,"['whole grain bread', 'whole wheat']"
../foodsg-233\Pomelo\Q08TSSVGXW55YNNM0BBN1I0X.jpg,Pomelo,all,1bad3333e2fe40d2998e1b47f9c6d717,"['Pomelo', 'Grapefruit']"
../foodsg-233\Grapefruit\Y914CAFINUUK44IUYZJ7XDA3.jpg,Grapefruit,all,1bad3333e2fe40d2998e1b47f9c6d717,"['Pomelo', 'Grapefruit']"
../foodsg-233\Mee soto\16T9QWMMD08RNB460CTR38EI.jpg,Mee soto,all,1bddeae2c4aec9857b282ecec60c66f1,"['Mee soto', 'Soto ayam']"
../foodsg-233\Soto ayam\LAIC3VPXXUT6A5EI3TRKRILB.jpg,Soto ayam,all,1bddeae2c4aec9857b282ecec60c66f1,"['Mee soto', 'Soto ayam']"
../foodsg-233\Prawn Noodle\O745QV09P1TI489XCHLBC42Y.jpg,Prawn Noodle,all,1be5621c537a9d9f61a3ed2c6a5c7641,"['Prawn Noodle', 'tom yum noodle soup']"
../foodsg-233\tom yum noodle soup\F5SEY2YA7QDNLWRGTTUFX0IK.jpg,tom yum noodle soup,all,1be5621c537a9d9f61a3ed2c6a5c7641,"['Prawn Noodle', 'tom yum noodle soup']"
../foodsg-233\tiramisu\7IGTMTTFHC7IX19JFMS107ET.jpg,tiramisu,all,1bf46f7c6051bb0a86bf6254ae7af26e,"['tiramisu', 'cake']"
../foodsg-233\cake\KR12H1ZP0ITCEUCBATP71W52.jpg,cake,all,1bf46f7c6051bb0a86bf6254ae7af26e,"['tiramisu', 'cake']"
../foodsg-233\Fruit juice\6UME555FCRB39DDTJQPDNK7P.jpg,Fruit juice,all,1bf64acc2998f86c27fa77a9d87a1ce4,"['Fruit juice', 'honeydew']"
../foodsg-233\honeydew\LLUW5MGAVQVTUN4TMECJ486C.jpg,honeydew,all,1bf64acc2998f86c27fa77a9d87a1ce4,"['Fruit juice', 'honeydew']"
"../foodsg-233\Bee hoon, goreng\O3O29K1G5S0P3ZZSMUZWFSNY.jpg","Bee hoon, goreng",all,1bfbb146ddd523fad238ae71121e122d,"['Bee hoon, goreng', 'bee hoon']"
../foodsg-233\bee hoon\RTWP78XE7DM1OV95ZQVG702B.jpg,bee hoon,all,1bfbb146ddd523fad238ae71121e122d,"['Bee hoon, goreng', 'bee hoon']"
../foodsg-233\mushroom soup\098LT803F5LU5RXL1RVPDVFS.jpg,mushroom soup,all,1bfd864692747b538cee3f2a9688dc72,"['mushroom soup', 'miso soup']"
../foodsg-233\miso soup\BUVQWC2WXABDLUZ5Z5WRT76S.jpg,miso soup,all,1bfd864692747b538cee3f2a9688dc72,"['mushroom soup', 'miso soup']"
"../foodsg-233\Mee siam, fried\NBIHOSKB1FSX1TID30Z0D06O.jpg","Mee siam, fried",all,1c216ed49d14649daec1981cda34aa40,"['Mee siam, fried', 'Mee siam']"
../foodsg-233\Mee siam\GAXLJKDSRBIQNOHR4PXX6L99.jpg,Mee siam,all,1c216ed49d14649daec1981cda34aa40,"['Mee siam, fried', 'Mee siam']"
../foodsg-233\Fish Ball Noodles\CZ21XYPSGUZ3Q66OCLRIBFFL.jpg,Fish Ball Noodles,all,1c51657d9dab51130cb6899d9636d8f9,"['Fish Ball Noodles', 'Wanton mee, dry']"
"../foodsg-233\Wanton mee, dry\I2YZ1NPV6CNEBMV6QEFWDQ7S.jpg","Wanton mee, dry",all,1c51657d9dab51130cb6899d9636d8f9,"['Fish Ball Noodles', 'Wanton mee, dry']"
../foodsg-233\Seafood Noodles Soup\1GZJTSCCH9RMDL5AR3HBT1I9.jpg,Seafood Noodles Soup,all,1c6edb57a01aeac8121f98ed72999f78,"['Seafood Noodles Soup', 'sliced fish soup']"
../foodsg-233\sliced fish soup\0C9SBZ9PKCSU11MS4LTKNS6G.jpg,sliced fish soup,all,1c6edb57a01aeac8121f98ed72999f78,"['Seafood Noodles Soup', 'sliced fish soup']"
../foodsg-233\tandoori chicken\K3MLCQRSGWS948DZATLKAQ0I.jpg,tandoori chicken,all,1c6fb7cd824cf0bddc996e1c97e2bb98,"['tandoori chicken', 'chicken masala']"
../foodsg-233\chicken masala\CN29X1J9332EOPFMAJZCS0VG.jpg,chicken masala,all,1c6fb7cd824cf0bddc996e1c97e2bb98,"['tandoori chicken', 'chicken masala']"
../foodsg-233\Mee soto\48VI9TG9I44RDE05502T5A3F.jpg,Mee soto,all,1c76d652f01990cccfe21ee2eb2c3b60,"['Mee soto', 'Soto ayam']"
../foodsg-233\Soto ayam\TR7PNCD992WUV39RKZUBS2BV.jpg,Soto ayam,all,1c76d652f01990cccfe21ee2eb2c3b60,"['Mee soto', 'Soto ayam']"
../foodsg-233\bee hoon\JN1S484G8UDJV3VJ5KG5549Q.jpg,bee hoon,all,1c79fc287a7bc3154ce713cc5dba2060,"['bee hoon', 'Bee hoon, goreng']"
"../foodsg-233\Bee hoon, goreng\X2J5NJF693XPIOJSRJ8RMUYH.jpg","Bee hoon, goreng",all,1c79fc287a7bc3154ce713cc5dba2060,"['bee hoon', 'Bee hoon, goreng']"
../foodsg-233\Sweets\QQKISJVG6HPT0U0CMJB84R7K.jpg,Sweets,all,1c7bf97a871288f3a8f1378ab207c17a,"['Sweets', 'lychee']"
../foodsg-233\lychee\KWQ00UKZN34W76OKKGNP28IH.jpg,lychee,all,1c7bf97a871288f3a8f1378ab207c17a,"['Sweets', 'lychee']"
../foodsg-233\char siew pau\Q7REEW80X5SSSHN37P4DUS4Y.jpg,char siew pau,all,1ca809247dc6f64c2b53b954329a02df,"['char siew pau', 'steamed buns']"
../foodsg-233\steamed buns\LGQGPH1L8XBJNG9HKL9O7XRT.jpg,steamed buns,all,1ca809247dc6f64c2b53b954329a02df,"['char siew pau', 'steamed buns']"
../foodsg-233\mixed vegetables\3TEK22SYK50MXKGKJGS5UIRS.jpg,mixed vegetables,all,1cb27d2e40c2e2b546492c7d17e7ea49,"['mixed vegetables', 'vegetable soup']"
../foodsg-233\vegetable soup\A45VSB87G75WDTED2YU8MDMA.jpg,vegetable soup,all,1cb27d2e40c2e2b546492c7d17e7ea49,"['mixed vegetables', 'vegetable soup']"
"../foodsg-233\Bee hoon, soto\XZESYVWUY8ST1PX10FCQSJ6V.jpg","Bee hoon, soto",all,1cbdaaf7985503b0a9b036366ff279bc,"['Bee hoon, soto', 'hokkien prawn mee']"
../foodsg-233\hokkien prawn mee\0ZXO651D6RHYN0L1NJ5AWC1Z.jpg,hokkien prawn mee,all,1cbdaaf7985503b0a9b036366ff279bc,"['Bee hoon, soto', 'hokkien prawn mee']"
"../foodsg-233\Rice, chicken katsu with Japanese curry\DEL9I7HOKWXJ0V7LF0DOBNNE.jpg","Rice, chicken katsu with Japanese curry",all,1d0f75b15afd5aa49217bbccdb4ce5a1,"['Rice, chicken katsu with Japanese curry', 'Katsudon']"
../foodsg-233\Katsudon\C4B2QCDRLOEBBXXQ8SDWHMC4.jpg,Katsudon,all,1d0f75b15afd5aa49217bbccdb4ce5a1,"['Rice, chicken katsu with Japanese curry', 'Katsudon']"
../foodsg-233\whole wheat\E2N99DRICIFHK7420BTFGAGA.jpg,whole wheat,all,1d4cde2e5bbb8461f3fbeb3ff07a3eff,"['whole wheat', 'whole grain bread']"
../foodsg-233\whole grain bread\TCUYAUKAHWFMCMMCYZF161SQ.jpg,whole grain bread,all,1d4cde2e5bbb8461f3fbeb3ff07a3eff,"['whole wheat', 'whole grain bread']"
../foodsg-233\Mee siam\FLS1ZINCI0MUU9WEP5C932DA.jpg,Mee siam,all,1dd2e12aa25db15adaaee7d42f866aff,"['Mee siam', 'Mee siam, fried']"
"../foodsg-233\Mee siam, fried\MC3TGKGUMRD7PEDAEQGF2NU4.jpg","Mee siam, fried",all,1dd2e12aa25db15adaaee7d42f866aff,"['Mee siam', 'Mee siam, fried']"
../foodsg-233\Prawn Noodle\FBA8Q6FH1MALZXDKX0QSY8NS.jpg,Prawn Noodle,all,1e2716ab38f5b2bd17fee81365a6dfd3,"['Prawn Noodle', 'Mee soto']"
../foodsg-233\Mee soto\0AWOLE0CF4DP0EHO7YK589ZC.jpg,Mee soto,all,1e2716ab38f5b2bd17fee81365a6dfd3,"['Prawn Noodle', 'Mee soto']"
../foodsg-233\whole grain bread\WTUI4JDHH0ORVFY135NIPZQB.jpg,whole grain bread,all,1e4b697e7d6e68a6dd8434c700b1cd2d,"['whole grain bread', 'whole wheat']"
../foodsg-233\whole wheat\A0T6VI4HEPPLF2H3926C4UX6.jpg,whole wheat,all,1e4b697e7d6e68a6dd8434c700b1cd2d,"['whole grain bread', 'whole wheat']"
../foodsg-233\Mee siam\NIQCQMSI5S9NZ2MYHCVXPT24.jpg,Mee siam,all,1e512a75f0f1dd698daffa9f5af634e1,"['Mee siam', 'bee hoon', 'Bee hoon, goreng']"
../foodsg-233\bee hoon\MIO4P6SO2WXYS9ETHEEAOK6V.jpg,bee hoon,all,1e512a75f0f1dd698daffa9f5af634e1,"['Mee siam', 'bee hoon', 'Bee hoon, goreng']"
"../foodsg-233\Bee hoon, goreng\BSYJ6JX4KYOO0ZVIO3SHBO1Z.jpg","Bee hoon, goreng",all,1e512a75f0f1dd698daffa9f5af634e1,"['Mee siam', 'bee hoon', 'Bee hoon, goreng']"
../foodsg-233\Soto ayam\CUURVMENLPA11JPFIDKQPLI2.jpg,Soto ayam,all,1e6c330785beaffc942c77dcee93fea2,"['Soto ayam', 'Mee soto']"
../foodsg-233\Mee soto\JQYNGQJ3NIOH5CS8ULDYILRT.jpg,Mee soto,all,1e6c330785beaffc942c77dcee93fea2,"['Soto ayam', 'Mee soto']"
../foodsg-233\hokkien prawn mee\8KP665CQ0WVJJ8X1YD0RVPQ5.jpg,hokkien prawn mee,all,1ea41c91e28ec8019dd85eeef604a6c0,"['hokkien prawn mee', 'Fried Noodles']"
../foodsg-233\Fried Noodles\YD5S8ELATFLG5B8R0F85H5DZ.jpg,Fried Noodles,all,1ea41c91e28ec8019dd85eeef604a6c0,"['hokkien prawn mee', 'Fried Noodles']"
../foodsg-233\bee hoon\O946AHJJWKARMWZJWG69Y2CG.jpg,bee hoon,all,1ed29470ffaf85ca51e23b4ffc6fb86c,"['bee hoon', 'Bee hoon, goreng']"
"../foodsg-233\Bee hoon, goreng\GZ8R0KYK1MBB4P6FS9TMX73V.jpg","Bee hoon, goreng",all,1ed29470ffaf85ca51e23b4ffc6fb86c,"['bee hoon', 'Bee hoon, goreng']"
../foodsg-233\Mee rebus\YVEPSQQ5W5AWR0A8PYKIROU3.jpg,Mee rebus,all,1f0977cae75c24e2a222b6e22ed920c6,"['Mee rebus', 'Mee soto']"
../foodsg-233\Mee soto\RH8VNYZKSCK28YBW44ZFKLJQ.jpg,Mee soto,all,1f0977cae75c24e2a222b6e22ed920c6,"['Mee rebus', 'Mee soto']"
../foodsg-233\Mee kuah\IB80PIZAATEX0WHD0YV2EXHR.jpg,Mee kuah,all,1f25174a45e467d37a070145ad52e507,"['Mee kuah', 'Bee hoon, soto']"
"../foodsg-233\Bee hoon, soto\3VDZWY06D7E205RJNH15EACW.jpg","Bee hoon, soto",all,1f25174a45e467d37a070145ad52e507,"['Mee kuah', 'Bee hoon, soto']"
../foodsg-233\steamed buns\BU6UM9GZM7WNUSSBB60KAHSX.jpg,steamed buns,all,1f4842adfecfdb2d8a80b28f15777cf2,"['steamed buns', 'char siew pau']"
../foodsg-233\char siew pau\5GQ4SLXU01QZ4ST9YYHMCIA7.jpg,char siew pau,all,1f4842adfecfdb2d8a80b28f15777cf2,"['steamed buns', 'char siew pau']"
../foodsg-233\satay bee hoon\H45G60XFGV5Y0T5F4SEWY7EU.jpg,satay bee hoon,all,1f4e68db5c0e74850fe2b1cf545d03bd,"['satay bee hoon', 'Bee hoon, soto']"
"../foodsg-233\Bee hoon, soto\99I8KAB8QAMKPTMNPNN9XBOK.jpg","Bee hoon, soto",all,1f4e68db5c0e74850fe2b1cf545d03bd,"['satay bee hoon', 'Bee hoon, soto']"
../foodsg-233\Claypot Rice\NMEJ2UKGIWLL7M0MUYM8VB4T.jpg,Claypot Rice,all,1f6b36b224c2e24a220c6dad3a9d2c62,"['Claypot Rice', 'Rice, with dakgalbi']"
"../foodsg-233\Rice, with dakgalbi\M6YGGZK2BH6WS7R3V6TS2VYE.jpg","Rice, with dakgalbi",all,1f6b36b224c2e24a220c6dad3a9d2c62,"['Claypot Rice', 'Rice, with dakgalbi']"
../foodsg-233\Mee rebus\COVHHWCNAC24W9551TJV3S3T.jpg,Mee rebus,all,1f82459e8661332280a12035f63d7283,"['Mee rebus', 'Mee bandung']"
../foodsg-233\Mee bandung\DINWVOEBIMSC1DKCYGT0JQEI.jpg,Mee bandung,all,1f82459e8661332280a12035f63d7283,"['Mee rebus', 'Mee bandung']"
../foodsg-233\char siew pau\XQ8IW7WKW5TZYP600TTNMMF6.jpg,char siew pau,all,1f88e1c63d8f917e1c8b1e67943c9983,"['char siew pau', 'steamed buns']"
../foodsg-233\steamed buns\1CJ2UT799EFA97XX5OYLD340.jpg,steamed buns,all,1f88e1c63d8f917e1c8b1e67943c9983,"['char siew pau', 'steamed buns']"
../foodsg-233\steamed buns\BT6G09VH1EOHML8CFADA27AH.jpg,steamed buns,all,1f91a1824aaf8bf758c6c30b7dacc419,"['steamed buns', 'char siew pau']"
../foodsg-233\char siew pau\KO1RGH1DUZ608L72HXEIEZV5.jpg,char siew pau,all,1f91a1824aaf8bf758c6c30b7dacc419,"['steamed buns', 'char siew pau']"
../foodsg-233\Lor mee\TUCRZULRP247Z2EQRPFWMH2X.jpg,Lor mee,all,1f9d971f57d9e12d9b7c2a9f5b3e7955,"['Lor mee', 'Dumpling noodle soup']"
../foodsg-233\Dumpling noodle soup\4AL4VUFSUKUFYK8I1W3R5QAC.jpg,Dumpling noodle soup,all,1f9d971f57d9e12d9b7c2a9f5b3e7955,"['Lor mee', 'Dumpling noodle soup']"
../foodsg-233\sliced fish soup\KJAXFUO72NQNXPVSDLT3VOSP.jpg,sliced fish soup,all,1fe2fe1e783a4132cd53cf9b2bc45f98,"['sliced fish soup', 'Seafood Noodles Soup']"
../foodsg-233\Seafood Noodles Soup\LGFQ0GTUT0FILMJS2XHM3FVY.jpg,Seafood Noodles Soup,all,1fe2fe1e783a4132cd53cf9b2bc45f98,"['sliced fish soup', 'Seafood Noodles Soup']"
../foodsg-233\Prawn Noodle\9W5W62ZIX2ZUMZG0I2N00DH4.jpg,Prawn Noodle,all,1ff5056e299ed21f66d309bebf54a4c2,"['Prawn Noodle', 'tom yum noodle soup']"
../foodsg-233\tom yum noodle soup\2URWQDBEPVQWF0E9LW90S7AD.jpg,tom yum noodle soup,all,1ff5056e299ed21f66d309bebf54a4c2,"['Prawn Noodle', 'tom yum noodle soup']"
"../foodsg-233\Mee siam, fried\FHHBFGS8ISBBK7EMIJIOK3CI.jpg","Mee siam, fried",all,2031fb8c85f8f5e894308e3e37e9be23,"['Mee siam, fried', 'Bee hoon, goreng', 'bee hoon', 'Nasi pattaya']"
"../foodsg-233\Bee hoon, goreng\18A2YL9O16J5JG12HK8UENXT.jpg","Bee hoon, goreng",all,2031fb8c85f8f5e894308e3e37e9be23,"['Mee siam, fried', 'Bee hoon, goreng', 'bee hoon', 'Nasi pattaya']"
../foodsg-233\bee hoon\ITZBG1Q4JZOWS6XT1IC9SBF4.jpg,bee hoon,all,2031fb8c85f8f5e894308e3e37e9be23,"['Mee siam, fried', 'Bee hoon, goreng', 'bee hoon', 'Nasi pattaya']"
../foodsg-233\Nasi pattaya\L2H12P97OQWQR9TW8ZNQ0RW8.jpg,Nasi pattaya,all,2031fb8c85f8f5e894308e3e37e9be23,"['Mee siam, fried', 'Bee hoon, goreng', 'bee hoon', 'Nasi pattaya']"
"../foodsg-233\Mee siam, fried\FF4H5REB78GH0X3URY0PKLLZ.jpg","Mee siam, fried",all,2069a754bc1e96bc9eec00893fcebecf,"['Mee siam, fried', 'Hor Fun']"
../foodsg-233\Hor Fun\KD3FH5Z2V18OLD0ZEM3G5PAJ.jpg,Hor Fun,all,2069a754bc1e96bc9eec00893fcebecf,"['Mee siam, fried', 'Hor Fun']"
../foodsg-233\mixed grills\ZWSW6IZF6WLC3SCJBHIZT8J1.jpg,mixed grills,all,2093055a8b4e5ef3956d9bbc89946a39,"['mixed grills', 'mixed vegetables']"
../foodsg-233\mixed vegetables\VWH4BBSJF0JDXFY42WWTI0ZL.jpg,mixed vegetables,all,2093055a8b4e5ef3956d9bbc89946a39,"['mixed grills', 'mixed vegetables']"
../foodsg-233\Mee rebus\RNRPUK70T72G68N4IRHMQN2W.jpg,Mee rebus,all,20e32441ad5847daa5751580f5a846b3,"['Mee rebus', 'Mee bandung']"
../foodsg-233\Mee bandung\84UAPSBCAWGA96O47J4H0837.jpg,Mee bandung,all,20e32441ad5847daa5751580f5a846b3,"['Mee rebus', 'Mee bandung']"
../foodsg-233\Lontong with sayur lodeh\NWSYTR85RXM4JYK0ZQDISVPN.jpg,Lontong with sayur lodeh,all,20fd6c3354f81d4728f2f86ac2385ed1,"['Lontong with sayur lodeh', 'lontong']"
../foodsg-233\lontong\JMC0RV0OOXOU1111PQCUBF5V.jpg,lontong,all,20fd6c3354f81d4728f2f86ac2385ed1,"['Lontong with sayur lodeh', 'lontong']"
"../foodsg-233\Miso ramen, with fishcake\EJE2ZK61F2RYY7UXLMV4EPQM.jpg","Miso ramen, with fishcake",all,20ff00891f9cc4ebe2787d89b0099cf1,"['Miso ramen, with fishcake', 'miso soup']"
../foodsg-233\miso soup\ST2AF3CS9AHNI8MD2FP8LUV6.jpg,miso soup,all,20ff00891f9cc4ebe2787d89b0099cf1,"['Miso ramen, with fishcake', 'miso soup']"
../foodsg-233\Soto ayam\N4LQ6L98MX1FIVTPPD10P9NX.jpg,Soto ayam,all,2166cc3e9e295607bfab3fdaa0151c78,"['Soto ayam', 'Mee soto']"
../foodsg-233\Mee soto\Z9VHDZOV809TUW8U78ZWKYW1.jpg,Mee soto,all,2166cc3e9e295607bfab3fdaa0151c78,"['Soto ayam', 'Mee soto']"
../foodsg-233\Mee soto\7SACO4543EOCNLKF8A9APOIU.jpg,Mee soto,all,217e490ea8540e1eba86cfd37e399975,"['Mee soto', 'Soto ayam']"
../foodsg-233\Soto ayam\50N5D56S60S7DUFK8BA65TIU.jpg,Soto ayam,all,217e490ea8540e1eba86cfd37e399975,"['Mee soto', 'Soto ayam']"
../foodsg-233\Mee soto\98FIQ14H7NIMD36RRQNZ8AGK.jpg,Mee soto,all,2182fac632186daa726e7c5013cb34d9,"['Mee soto', 'Soto ayam']"
../foodsg-233\Soto ayam\VEKJFXUUDA2EI69J407P2MRV.jpg,Soto ayam,all,2182fac632186daa726e7c5013cb34d9,"['Mee soto', 'Soto ayam']"
../foodsg-233\Lor mee\103UCNJSMWQ7GWQIEH5TM8LE.jpg,Lor mee,all,21b942e1d9389659f9da7776ac141aa5,"['Lor mee', 'Bee hoon, soto']"
"../foodsg-233\Bee hoon, soto\9SXDJW8NT8O9ROYDR8W8UI5B.jpg","Bee hoon, soto",all,21b942e1d9389659f9da7776ac141aa5,"['Lor mee', 'Bee hoon, soto']"
"../foodsg-233\Bee hoon, goreng\WRYOTR9PQF17YB0P29Y3EQJR.jpg","Bee hoon, goreng",all,21c633b29fb6fa2da529788e4ffbecd9,"['Bee hoon, goreng', 'Fried Noodles']"
../foodsg-233\Fried Noodles\QYPK5MAI5HL4I1G4Q8RHQWTH.jpg,Fried Noodles,all,21c633b29fb6fa2da529788e4ffbecd9,"['Bee hoon, goreng', 'Fried Noodles']"
../foodsg-233\bee hoon\H71IC5AL8EO08VKST5ZJ0RLE.jpg,bee hoon,all,21dbe16bfe1782560134c56f099ab7a0,"['bee hoon', 'Bee hoon, goreng']"
"../foodsg-233\Bee hoon, goreng\I1VHZUU9QYGKPWA4UXPW1HWG.jpg","Bee hoon, goreng",all,21dbe16bfe1782560134c56f099ab7a0,"['bee hoon', 'Bee hoon, goreng']"
../foodsg-233\xiao long bao\MO4O6RX51TVMPPFXGT3XHT00.jpg,xiao long bao,all,22218adcbaec4fcb69444b918a538039,"['xiao long bao', 'char siew pau']"
../foodsg-233\char siew pau\BSFR2HC31APHO1AHVPKXQSO4.jpg,char siew pau,all,22218adcbaec4fcb69444b918a538039,"['xiao long bao', 'char siew pau']"
../foodsg-233\Mee rebus\9UZN83CV97RRQ1S6DXX4V15C.jpg,Mee rebus,all,22450df779c7f26b6f2d8f7d01db6eb5,"['Mee rebus', 'Mee siam']"
../foodsg-233\Mee siam\V9QAP97WWMXKXVM5I0VULSTN.jpg,Mee siam,all,22450df779c7f26b6f2d8f7d01db6eb5,"['Mee rebus', 'Mee siam']"
../foodsg-233\whole wheat\TN0VEULJ8PZ9CQ9CO156FWO9.jpg,whole wheat,all,224941921f8dade3d5be849d407f466b,"['whole wheat', 'whole grain bread']"
../foodsg-233\whole grain bread\O8AVG7Y67G95S31YH4T35KC8.jpg,whole grain bread,all,224941921f8dade3d5be849d407f466b,"['whole wheat', 'whole grain bread']"
../foodsg-233\steamed grouper\BVW2HTY3W7UU1VW19S38W7JZ.jpg,steamed grouper,all,2255d51128dad6cfdbe8c074f52bb74d,"['steamed grouper', 'Seafood Noodles Soup']"
../foodsg-233\Seafood Noodles Soup\P87FSDJE5AGO7CJG6F2QGYBI.jpg,Seafood Noodles Soup,all,2255d51128dad6cfdbe8c074f52bb74d,"['steamed grouper', 'Seafood Noodles Soup']"
../foodsg-233\Mee rebus\F6PZSA4J4O9IONQN14SECKHZ.jpg,Mee rebus,all,2272083f294ce47446d1c0c211c405cf,"['Mee rebus', 'Mee siam']"
../foodsg-233\Mee siam\C1E1XDIT3DF36DTROA6I5K7I.jpg,Mee siam,all,2272083f294ce47446d1c0c211c405cf,"['Mee rebus', 'Mee siam']"
../foodsg-233\Lontong with sayur lodeh\AQ9RGH40N3EPH3324OK6JKU8.jpg,Lontong with sayur lodeh,all,228965b8f433e9baa1a6d538d444a6b1,"['Lontong with sayur lodeh', 'lontong']"
../foodsg-233\lontong\8JUF74DSIWQFUSLNLM3MEM7L.jpg,lontong,all,228965b8f433e9baa1a6d538d444a6b1,"['Lontong with sayur lodeh', 'lontong']"
../foodsg-233\Bubble Milk Tea\DXX33TRSRJJBW04VYICR22WJ.jpg,Bubble Milk Tea,all,228ba4daaa3fae76055268f0b50c3518,"['Bubble Milk Tea', 'milk']"
../foodsg-233\milk\R3M50BKFWFHGO1873P7E3I8Q.jpg,milk,all,228ba4daaa3fae76055268f0b50c3518,"['Bubble Milk Tea', 'milk']"
../foodsg-233\fish head curry\IX5CZZ3H8HWXYYWN8RFYSOIE.jpg,fish head curry,all,22a25a8d85e031e373e9d7d48761a051,"['fish head curry', 'assam pedas']"
../foodsg-233\assam pedas\7ZS5QB5SATDCUCFL8YW9QUMN.jpg,assam pedas,all,22a25a8d85e031e373e9d7d48761a051,"['fish head curry', 'assam pedas']"
../foodsg-233\fried chicken\DAUTFWPIJ3JGN5NZ2S9FSVPK.jpg,fried chicken,all,22d347e63f12330e591265d5f26a6324,"['fried chicken', 'Rice, with dakgalbi']"
"../foodsg-233\Rice, with dakgalbi\5VF0U9JSTD7Y47LPRHVWX5DK.jpg","Rice, with dakgalbi",all,22d347e63f12330e591265d5f26a6324,"['fried chicken', 'Rice, with dakgalbi']"
"../foodsg-233\Bee hoon, goreng\42D5X0G2RALEJI05AF3WTMWJ.jpg","Bee hoon, goreng",all,2319dc018d8aced991fa5e0761fa2898,"['Bee hoon, goreng', 'bee hoon']"
../foodsg-233\bee hoon\4I5YY1G40YWU0PGKLP1SG88J.jpg,bee hoon,all,2319dc018d8aced991fa5e0761fa2898,"['Bee hoon, goreng', 'bee hoon']"
"../foodsg-233\Bee hoon, goreng\NP1DD9GF1LKIY2SJJCA1X30D.jpg","Bee hoon, goreng",all,234f1de2c38ae9bc77051be170d1eff1,"['Bee hoon, goreng', 'bee hoon']"
../foodsg-233\bee hoon\5TORG7228BOWYDNZIMPQP8NH.jpg,bee hoon,all,234f1de2c38ae9bc77051be170d1eff1,"['Bee hoon, goreng', 'bee hoon']"
"../foodsg-233\Miso ramen, with fishcake\YYJC7S4C93XJU9Y7R3PURKQO.jpg","Miso ramen, with fishcake",all,235299c0346918fd41675e2377ec8a2e,"['Miso ramen, with fishcake', 'vegetable soup']"
../foodsg-233\vegetable soup\W67BWX8RG6BHX2D3EMWZS0FF.jpg,vegetable soup,all,235299c0346918fd41675e2377ec8a2e,"['Miso ramen, with fishcake', 'vegetable soup']"
../foodsg-233\Mee soto\PJ898MOJIWH44UVD8XF1T5TF.jpg,Mee soto,all,2371ab543eb0d3ca9dbdf72da9035f5b,"['Mee soto', 'Bee hoon, soto']"
"../foodsg-233\Bee hoon, soto\62SIU91BN313NEVXS8KR4RA3.jpg","Bee hoon, soto",all,2371ab543eb0d3ca9dbdf72da9035f5b,"['Mee soto', 'Bee hoon, soto']"
../foodsg-233\Bibimbap\TV8ED1GIGDHD0CLK3BZ9T4VO.jpg,Bibimbap,all,24696cb7710008e618a7de38227b335d,"['Bibimbap', 'Rice, korean bulgogi beef']"
"../foodsg-233\Rice, korean bulgogi beef\FFPX4TQPC9N62YCCV4JD11VJ.jpg","Rice, korean bulgogi beef",all,24696cb7710008e618a7de38227b335d,"['Bibimbap', 'Rice, korean bulgogi beef']"
"../foodsg-233\Bee hoon, goreng\RCRJIHNJCUO7O9CDAIYABSED.jpg","Bee hoon, goreng",all,248d9a96ace08eeb537c26278558c2dd,"['Bee hoon, goreng', 'Mee siam, fried']"
"../foodsg-233\Mee siam, fried\P4Z8A20BULPKSXF3HC7KQXPP.jpg","Mee siam, fried",all,248d9a96ace08eeb537c26278558c2dd,"['Bee hoon, goreng', 'Mee siam, fried']"
../foodsg-233\Duck Rice\HAEH95T7TGT259K0GAH3DGU4.jpg,Duck Rice,all,2494efe355c71f46455179931d8db975,"['Duck Rice', 'char siew']"
../foodsg-233\char siew\YUOIDI1QCIKKHSEOG170D2GT.jpg,char siew,all,2494efe355c71f46455179931d8db975,"['Duck Rice', 'char siew']"
../foodsg-233\Chocolate\WKF04DZMV1SXG32AK11KZJLC.jpg,Chocolate,all,24d6fbafb4aede7d43f2b7b6cd669b30,"['Chocolate', 'Nuts']"
../foodsg-233\Nuts\3IDENI542J7SER9AQTFDZDM9.jpg,Nuts,all,24d6fbafb4aede7d43f2b7b6cd669b30,"['Chocolate', 'Nuts']"
../foodsg-233\Fish Ball Noodles\VEVG8HWLIN5TYVWA1R4FLEHH.jpg,Fish Ball Noodles,all,24dd032214591a1ea76b5b120ab173a8,"['Fish Ball Noodles', 'mee pok']"
../foodsg-233\mee pok\IR6K1W2HSL4OB2X5PR972JTN.jpg,mee pok,all,24dd032214591a1ea76b5b120ab173a8,"['Fish Ball Noodles', 'mee pok']"
../foodsg-233\Soto ayam\22JWUE1ROIGSLK9AZELKLX8C.jpg,Soto ayam,all,24ef24c965a6d382692c7510f024685c,"['Soto ayam', 'Bee hoon, soto', 'Mee soto']"
"../foodsg-233\Bee hoon, soto\KDRRNQ7Q86YQB7UR5PBP0MK7.jpg","Bee hoon, soto",all,24ef24c965a6d382692c7510f024685c,"['Soto ayam', 'Bee hoon, soto', 'Mee soto']"
../foodsg-233\Mee soto\GB18GQBT56HOB4L3XPI68OQL.jpg,Mee soto,all,24ef24c965a6d382692c7510f024685c,"['Soto ayam', 'Bee hoon, soto', 'Mee soto']"
../foodsg-233\Soto ayam\PFTNJ4ZW1ULZFUWRLN48K3JK.jpg,Soto ayam,all,24f7c386001bd99f87ad150c50f94c2e,"['Soto ayam', 'Mee soto']"
../foodsg-233\Mee soto\76ZZAIMST443D28YEFA20DGB.jpg,Mee soto,all,24f7c386001bd99f87ad150c50f94c2e,"['Soto ayam', 'Mee soto']"
../foodsg-233\Mee soto\PIXUUK3APBNQBYMFJ16U7UDE.jpg,Mee soto,all,24fe480253d12e88793ad96d91e45f60,"['Mee soto', 'Soto ayam']"
../foodsg-233\Soto ayam\8R00FUV47P8GFYNURLMVW1EN.jpg,Soto ayam,all,24fe480253d12e88793ad96d91e45f60,"['Mee soto', 'Soto ayam']"
../foodsg-233\orange\U4WHLE644OM0T4IOKPQX17QU.jpg,orange,all,252f8581268241a1bf954546b45a9edd,"['orange', 'Fruit juice']"
../foodsg-233\Fruit juice\FFH1ZMT4PZ29FZAQE6NNOJJF.jpg,Fruit juice,all,252f8581268241a1bf954546b45a9edd,"['orange', 'Fruit juice']"
../foodsg-233\chicken soup\8F8NM88ESOUD199DSIBZT6EA.jpg,chicken soup,all,2549bee78965db5342498afe640a4559,"['chicken soup', 'Udon']"
../foodsg-233\Udon\EO8SAMTH5CJHZC92DZD065D7.jpg,Udon,all,2549bee78965db5342498afe640a4559,"['chicken soup', 'Udon']"
../foodsg-233\whole wheat\0GXZWQHKAVNHRMGIT4GH2NLY.jpg,whole wheat,all,2569291f2d20017c230013dfc7d394c1,"['whole wheat', 'whole grain bread']"
../foodsg-233\whole grain bread\4UAYJHNCCXPUSSFEKEMI2N0U.jpg,whole grain bread,all,2569291f2d20017c230013dfc7d394c1,"['whole wheat', 'whole grain bread']"
../foodsg-233\Dumpling noodle soup\2LCS4B5HY6L2L8SUP1X8XNRG.jpg,Dumpling noodle soup,all,2575183aac4290e14a71ff9e5ccd4e17,"['Dumpling noodle soup', 'tom yum noodle soup']"
../foodsg-233\tom yum noodle soup\Y7TPSREPFYT9JVZL9XCCBA41.jpg,tom yum noodle soup,all,2575183aac4290e14a71ff9e5ccd4e17,"['Dumpling noodle soup', 'tom yum noodle soup']"
../foodsg-233\char siew\FHVDK750LAR3XJJ7XN1SNEUR.jpg,char siew,all,257a67d2b906f1cc4ccb68018bdc515b,"['char siew', 'Duck Rice']"
../foodsg-233\Duck Rice\98K1A33USM8QEEO66NQW96QR.jpg,Duck Rice,all,257a67d2b906f1cc4ccb68018bdc515b,"['char siew', 'Duck Rice']"
../foodsg-233\Mee soto\P6G0GNYHCG7C1D82HSFK1XKG.jpg,Mee soto,all,2596a2bbdda2c115955bf67922202424,"['Mee soto', 'Bee hoon, soto']"
"../foodsg-233\Bee hoon, soto\W8357LY1C9J17A4BU2LI18PF.jpg","Bee hoon, soto",all,2596a2bbdda2c115955bf67922202424,"['Mee soto', 'Bee hoon, soto']"
../foodsg-233\bee hoon\1P1D5SU0TINN5E7B8WTLFDGI.jpg,bee hoon,all,259815a8563472094ac92f0a79c7e545,"['bee hoon', 'Bee hoon, goreng']"
"../foodsg-233\Bee hoon, goreng\TF00JT6AL84A6XHFXRCO0UKP.jpg","Bee hoon, goreng",all,259815a8563472094ac92f0a79c7e545,"['bee hoon', 'Bee hoon, goreng']"
../foodsg-233\waffle\P4LZUMFXQ9U2L8YZPSREQ7D4.jpg,waffle,all,25a11c4a41bc2c458c7f909c187468d4,"['waffle', 'whole wheat']"
../foodsg-233\whole wheat\HBN705EU3XAMBH6L8WNWM77Y.jpg,whole wheat,all,25a11c4a41bc2c458c7f909c187468d4,"['waffle', 'whole wheat']"
../foodsg-233\char siew pau\IAB4FF6ZZDTN8XXWCYT454JD.jpg,char siew pau,all,25b5150a6f066723816353d2a1abac2b,"['char siew pau', 'steamed buns']"
../foodsg-233\steamed buns\9JLPKC3LHN7DB0S4KLASYA2U.jpg,steamed buns,all,25b5150a6f066723816353d2a1abac2b,"['char siew pau', 'steamed buns']"
../foodsg-233\bee hoon\13C93908VOFBSJOMNK2Y590Y.jpg,bee hoon,all,261f7e9f59b64627ed319c0fd2126ff3,"['bee hoon', 'Bee hoon, goreng']"
"../foodsg-233\Bee hoon, goreng\MG2WWC6732HAIUK04I0G51O6.jpg","Bee hoon, goreng",all,261f7e9f59b64627ed319c0fd2126ff3,"['bee hoon', 'Bee hoon, goreng']"
../foodsg-233\satay bee hoon\RHCX7GB0BGKCIV9MZ3P7GPL1.jpg,satay bee hoon,all,26959c9420a9ec96e8263be1d86f238b,"['satay bee hoon', 'bee hoon']"
../foodsg-233\bee hoon\SB5VEVFSUSC1FEESWWQQ96LI.jpg,bee hoon,all,26959c9420a9ec96e8263be1d86f238b,"['satay bee hoon', 'bee hoon']"
../foodsg-233\Pomelo\T0Z6V1ZDE268A0KY6QFU0S6V.jpg,Pomelo,all,269cd1df491dce9841ac9686b73c83b4,"['Pomelo', 'Grapefruit']"
../foodsg-233\Grapefruit\5JC5MOJ1Y9R6UD6R8NMZ98F6.jpg,Grapefruit,all,269cd1df491dce9841ac9686b73c83b4,"['Pomelo', 'Grapefruit']"
"../foodsg-233\Bee hoon, soto\P5BTD5Q6B2TONKFCT92YWCPQ.jpg","Bee hoon, soto",all,26cd661663a79331f8495c865aaf37a3,"['Bee hoon, soto', 'Bee hoon, goreng']"
"../foodsg-233\Bee hoon, goreng\BPEGDJ2OS44ZLA6933KKZWPK.jpg","Bee hoon, goreng",all,26cd661663a79331f8495c865aaf37a3,"['Bee hoon, soto', 'Bee hoon, goreng']"
"../foodsg-233\Bee hoon, soto\5MQ0XSJ1LO8ZAJD5C5G8COQP.jpg","Bee hoon, soto",all,26e47d954597b5410497ea62e4de8c3c,"['Bee hoon, soto', 'bee hoon']"
../foodsg-233\bee hoon\TBL8UPC1B11OIGJFM76BP25N.jpg,bee hoon,all,26e47d954597b5410497ea62e4de8c3c,"['Bee hoon, soto', 'bee hoon']"
../foodsg-233\miso soup\RB1C3ENFSSISIHLMI3LYDG7H.jpg,miso soup,all,270e0b9b0c0715b2396996b832ef6ed2,"['miso soup', 'buckwheat']"
../foodsg-233\buckwheat\YKQ0JL349HZMHW5Q6F3R5L0Y.jpg,buckwheat,all,270e0b9b0c0715b2396996b832ef6ed2,"['miso soup', 'buckwheat']"
../foodsg-233\satay bee hoon\KE2UT06HNMAD7WHBQ4GPYL3R.jpg,satay bee hoon,all,271f3ecc1e7224c537508de2328b71f1,"['satay bee hoon', 'sambal kangkong']"
../foodsg-233\sambal kangkong\H1L0GDHOVXIIKPT4VP2BDNEY.jpg,sambal kangkong,all,271f3ecc1e7224c537508de2328b71f1,"['satay bee hoon', 'sambal kangkong']"
../foodsg-233\whole wheat\5M3ICKNALB7GEWINUMUVJFLB.jpg,whole wheat,all,27a9a8e7ea4ba26b8f824473a7ae0595,"['whole wheat', 'whole grain bread']"
../foodsg-233\whole grain bread\F254YAEMQ06WAVN84XUNQYO4.jpg,whole grain bread,all,27a9a8e7ea4ba26b8f824473a7ae0595,"['whole wheat', 'whole grain bread']"
"../foodsg-233\Rice, chicken katsu with Japanese curry\67LBG88KGENG8NXGAXNE2UJU.jpg","Rice, chicken katsu with Japanese curry",all,27ca499fbd4f44bf0692e604844815aa,"['Rice, chicken katsu with Japanese curry', 'Rice, korean bulgogi beef']"
"../foodsg-233\Rice, korean bulgogi beef\Z5C17UUWD24DFMWH699CNT0T.jpg","Rice, korean bulgogi beef",all,27ca499fbd4f44bf0692e604844815aa,"['Rice, chicken katsu with Japanese curry', 'Rice, korean bulgogi beef']"
../foodsg-233\Mee rebus\IPSL0WLQ7SJL28K3I2L3XNKU.jpg,Mee rebus,all,27cac1693f8fcad1d60948ecc8f5d042,"['Mee rebus', 'Mee siam']"
../foodsg-233\Mee siam\WBEWHCG7Z9LBXW7LCCA8W50T.jpg,Mee siam,all,27cac1693f8fcad1d60948ecc8f5d042,"['Mee rebus', 'Mee siam']"
"../foodsg-233\Mee siam, fried\AJOYJT04HZAJR5HRXR8FMU1T.jpg","Mee siam, fried",all,27d21d632cb580be18dcb58ed688ba3e,"['Mee siam, fried', 'Prawn Noodle', 'Mee siam']"
../foodsg-233\Prawn Noodle\NHWK2D57BXNSOMFVIQPNVZWO.jpg,Prawn Noodle,all,27d21d632cb580be18dcb58ed688ba3e,"['Mee siam, fried', 'Prawn Noodle', 'Mee siam']"
../foodsg-233\Mee siam\RXFDH3XS041MCH72M9HP6DXV.jpg,Mee siam,all,27d21d632cb580be18dcb58ed688ba3e,"['Mee siam, fried', 'Prawn Noodle', 'Mee siam']"
../foodsg-233\Macaroni\2JCAZMEQRAWMNJ6EQV4WW6E3.jpg,Macaroni,all,2826c4db98a5b877d3a1b08f91a8a641,"['Macaroni', 'Mee goreng']"
../foodsg-233\Mee goreng\1XY5GNM16QNXT7E4RPXNR063.jpg,Mee goreng,all,2826c4db98a5b877d3a1b08f91a8a641,"['Macaroni', 'Mee goreng']"
"../foodsg-233\Bee hoon, soto\KIMXVQI356S7KNF0QTI2VJHL.jpg","Bee hoon, soto",all,2861420284f55d0bbe33a65fb90c0d05,"['Bee hoon, soto', 'Soto ayam']"
../foodsg-233\Soto ayam\IG4UODIVARI2LHFFTIUKRSQG.jpg,Soto ayam,all,2861420284f55d0bbe33a65fb90c0d05,"['Bee hoon, soto', 'Soto ayam']"
../foodsg-233\Bubble Milk Tea\9U7BT528SYEBDTYANP84VB5Z.jpg,Bubble Milk Tea,all,28625864b38fc3141438916354b408a9,"['Bubble Milk Tea', 'chin chow drink']"
../foodsg-233\chin chow drink\TJZOUGTR1OAFGPIUBX20GXP5.jpg,chin chow drink,all,28625864b38fc3141438916354b408a9,"['Bubble Milk Tea', 'chin chow drink']"
../foodsg-233\pasta - fettuccine\RCZRQ91OVKQKKJKWOXVHCPTR.jpg,pasta - fettuccine,all,286d3f04968d6de121da4d443a7c4ff6,"['pasta - fettuccine', 'Nuts']"
../foodsg-233\Nuts\L1KODQN5Q0PKUSZP4HFRZJL6.jpg,Nuts,all,286d3f04968d6de121da4d443a7c4ff6,"['pasta - fettuccine', 'Nuts']"
../foodsg-233\satay bee hoon\6CBN6AIX99OMFZMIYAYHQH0L.jpg,satay bee hoon,all,288d1032a074907910fe29ec7a8b9797,"['satay bee hoon', 'Bee hoon, soto']"
"../foodsg-233\Bee hoon, soto\GJHHXKCXD4TJLPOGU5X8CN22.jpg","Bee hoon, soto",all,288d1032a074907910fe29ec7a8b9797,"['satay bee hoon', 'Bee hoon, soto']"
../foodsg-233\mushroom soup\B1MP87U4LQF1VY41WCPJVM4B.jpg,mushroom soup,all,28b2766166f84741df745080bf7fbdcb,"['mushroom soup', 'cream soup']"
../foodsg-233\cream soup\J1J428HLEFIUBH5MEODMPA8L.jpg,cream soup,all,28b2766166f84741df745080bf7fbdcb,"['mushroom soup', 'cream soup']"
"../foodsg-233\Wanton mee, dry\5XHLNDC2IK4J9H69X2HTBEHT.jpg","Wanton mee, dry",all,28b51be586214eb438393a4f5d9a67b7,"['Wanton mee, dry', 'Dumpling noodle soup']"
../foodsg-233\Dumpling noodle soup\KHE024FSQ2R54IUDZ8HGCP39.jpg,Dumpling noodle soup,all,28b51be586214eb438393a4f5d9a67b7,"['Wanton mee, dry', 'Dumpling noodle soup']"
../foodsg-233\tandoori chicken\N0EKT0KCMY9XC1XB8HAHA8FU.jpg,tandoori chicken,all,28fb43594d86aceadc448da3f259101d,"['tandoori chicken', 'chicken masala']"
../foodsg-233\chicken masala\D6P7YAAE01P3IALH3C1IFTLG.jpg,chicken masala,all,28fb43594d86aceadc448da3f259101d,"['tandoori chicken', 'chicken masala']"
../foodsg-233\Kway Teow\J5SN2AR9H4ZWW1O2PZZIPZDD.jpg,Kway Teow,all,29236ad39fc7aedf1d1d9e1e99eaf5a1,"['Kway Teow', 'oyster omelette']"
../foodsg-233\oyster omelette\491D6X5IOXJKE18JYW5WWNGC.jpg,oyster omelette,all,29236ad39fc7aedf1d1d9e1e99eaf5a1,"['Kway Teow', 'oyster omelette']"
../foodsg-233\Seafood Noodles Soup\MCEPYJQNXKAI1QIX3ND4LF5C.jpg,Seafood Noodles Soup,all,2956b0816254dc389688a734b2f66391,"['Seafood Noodles Soup', 'Ban Mian']"
../foodsg-233\Ban Mian\GZLIZ0PQ3J1VNHFHG7KDDTAA.jpg,Ban Mian,all,2956b0816254dc389688a734b2f66391,"['Seafood Noodles Soup', 'Ban Mian']"
../foodsg-233\whole grain bread\MX2JY7NEBG493765T0JPAC1O.jpg,whole grain bread,all,299ed5ccf9cf4d594d53dc60314afead,"['whole grain bread', 'whole wheat']"
../foodsg-233\whole wheat\NCA9H724N2W3X8E9GOYUJI27.jpg,whole wheat,all,299ed5ccf9cf4d594d53dc60314afead,"['whole grain bread', 'whole wheat']"
../foodsg-233\lontong\7D8SO0YK488U29V0SNK8Q10F.jpg,lontong,all,29c7d14f9cded0878b0e990aaba97352,"['lontong', 'Lontong with sayur lodeh']"
../foodsg-233\Lontong with sayur lodeh\Q9DRMRA9Z9TUO3AQZE40Z5OG.jpg,Lontong with sayur lodeh,all,29c7d14f9cded0878b0e990aaba97352,"['lontong', 'Lontong with sayur lodeh']"
../foodsg-233\fried prawn\TI6R385THP044R6S68DUEHEL.jpg,fried prawn,all,2a3fa7be5b8ada0d4a95aab5b12da0e0,"['fried prawn', 'drunken prawn']"
../foodsg-233\drunken prawn\U9WPU9DV6XI5VS1PUCTNE3YD.jpg,drunken prawn,all,2a3fa7be5b8ada0d4a95aab5b12da0e0,"['fried prawn', 'drunken prawn']"
../foodsg-233\Mee kuah\POMRCLMRCGM2BQS6GSNPIAKE.jpg,Mee kuah,all,2a50ae9b5c3273274b0b6e65db702b0a,"['Mee kuah', 'Mee siam', 'Mee rebus']"
../foodsg-233\Mee siam\VR4BRGYWWWM7LMFRVX204572.jpg,Mee siam,all,2a50ae9b5c3273274b0b6e65db702b0a,"['Mee kuah', 'Mee siam', 'Mee rebus']"
../foodsg-233\Mee rebus\XX6L9GDPFKK4EFG34IBWJEUZ.jpg,Mee rebus,all,2a50ae9b5c3273274b0b6e65db702b0a,"['Mee kuah', 'Mee siam', 'Mee rebus']"
../foodsg-233\hokkien prawn mee\EVNYRI72WZNDOF6WIMML72SM.jpg,hokkien prawn mee,all,2a544b84672b241969db752cd366cc34,"['hokkien prawn mee', 'Mee goreng']"
../foodsg-233\Mee goreng\H7U8506K8KY5Q26S9KN2WP0U.jpg,Mee goreng,all,2a544b84672b241969db752cd366cc34,"['hokkien prawn mee', 'Mee goreng']"
../foodsg-233\whole grain bread\KJ9QZ8PJJU9P39RQOZM0QR6I.jpg,whole grain bread,all,2a6c3311f12d5b7bbece266b1170fd46,"['whole grain bread', 'whole wheat']"
../foodsg-233\whole wheat\DCCEJH0PVD2T9R5W22093FDK.jpg,whole wheat,all,2a6c3311f12d5b7bbece266b1170fd46,"['whole grain bread', 'whole wheat']"
../foodsg-233\black pepper crab\C0JGIPHY1A3TPAI12V237HAT.jpg,black pepper crab,all,2a79040e6c31d0a83ec347942f0b4406,"['black pepper crab', 'chilli crab']"
../foodsg-233\chilli crab\XJL9DPRBE3WXMTCL6NM1ZII9.jpg,chilli crab,all,2a79040e6c31d0a83ec347942f0b4406,"['black pepper crab', 'chilli crab']"
../foodsg-233\Mee goreng\SAE39A7RRQKV0KJGA408LJJD.jpg,Mee goreng,all,2afd078204c64c3b7cc9b676f2d09f54,"['Mee goreng', 'Kway Teow']"
../foodsg-233\Kway Teow\O62PKF4G09M5NYY87EI12UIN.jpg,Kway Teow,all,2afd078204c64c3b7cc9b676f2d09f54,"['Mee goreng', 'Kway Teow']"
"../foodsg-233\Bee hoon, soto\ORGGU2ZPDM8A9Q9H1QNPYSG9.jpg","Bee hoon, soto",all,2b54a7dcb46a64375d985ae18b3b2d28,"['Bee hoon, soto', 'Mee soto']"
../foodsg-233\Mee soto\6JXCM74VTJE1ZBU5ESS47B37.jpg,Mee soto,all,2b54a7dcb46a64375d985ae18b3b2d28,"['Bee hoon, soto', 'Mee soto']"
../foodsg-233\sliced fish soup\IVYPE55AWB438LNCT9D442AC.jpg,sliced fish soup,all,2b5d2781a980521fff140125469a145a,"['sliced fish soup', 'Ban Mian']"
../foodsg-233\Ban Mian\SH8UODA74AYDXAN915RYUJVH.jpg,Ban Mian,all,2b5d2781a980521fff140125469a145a,"['sliced fish soup', 'Ban Mian']"
../foodsg-233\Kueh Salat\KQS5C64NJOCX60026W2816ZD.jpg,Kueh Salat,all,2b88983b98fa8fd8f48c79b1be28ca7d,"['Kueh Salat', 'kueh lapis - rainbow']"
../foodsg-233\kueh lapis - rainbow\47JY9KA3BC0B2F876MY1Z4DR.jpg,kueh lapis - rainbow,all,2b88983b98fa8fd8f48c79b1be28ca7d,"['Kueh Salat', 'kueh lapis - rainbow']"
../foodsg-233\whole wheat\6M5UM6181BXWUCJ54H3SUB4J.jpg,whole wheat,all,2b8a23a5db0e61ae791e89eae84ce7f0,"['whole wheat', 'whole grain bread']"
../foodsg-233\whole grain bread\ICQETCIR59L99EW20U3T3JJD.jpg,whole grain bread,all,2b8a23a5db0e61ae791e89eae84ce7f0,"['whole wheat', 'whole grain bread']"
../foodsg-233\bee hoon\KNN6EIUHFPKD3JSMW71E821P.jpg,bee hoon,all,2bcfb11acdb36b1b755bd66fe926671c,"['bee hoon', 'Bee hoon, goreng']"
"../foodsg-233\Bee hoon, goreng\7PL1WF83S118ZLNLOWWWUALZ.jpg","Bee hoon, goreng",all,2bcfb11acdb36b1b755bd66fe926671c,"['bee hoon', 'Bee hoon, goreng']"
../foodsg-233\whole wheat\T5CPFPAW9X51EAYEH3WGT231.jpg,whole wheat,all,2be9ed6a67bca9749e93aded0585fd15,"['whole wheat', 'tortilla - plain', 'Wholegrain Wrap']"
../foodsg-233\tortilla - plain\R1PQFYLS561EGAWU2O1Z6Z2C.jpg,tortilla - plain,all,2be9ed6a67bca9749e93aded0585fd15,"['whole wheat', 'tortilla - plain', 'Wholegrain Wrap']"
../foodsg-233\Wholegrain Wrap\2I6HNK00GE5Z26NFGVCQRR3O.jpg,Wholegrain Wrap,all,2be9ed6a67bca9749e93aded0585fd15,"['whole wheat', 'tortilla - plain', 'Wholegrain Wrap']"
../foodsg-233\Nuts\C9Q4NIK1SU5VFB1DVXFU2MFM.jpg,Nuts,all,2bf6c70b168e10b24a48f4b2be31a52d,"['Nuts', 'Chocolate']"
../foodsg-233\Chocolate\Q326DSNJ9IWF6E7NBRRV3MUM.jpg,Chocolate,all,2bf6c70b168e10b24a48f4b2be31a52d,"['Nuts', 'Chocolate']"
../foodsg-233\char siew pau\KRLM3ANJDNT6386J2ND2QUAR.jpg,char siew pau,all,2c2b51ef768dbf7f12c52f255d945954,"['char siew pau', 'steamed buns']"
../foodsg-233\steamed buns\H3D90X80JU6LCT81UEQ4ZIEY.jpg,steamed buns,all,2c2b51ef768dbf7f12c52f255d945954,"['char siew pau', 'steamed buns']"
../foodsg-233\Mee soto\6G9IU4WZFVATUWXI1UYLL83K.jpg,Mee soto,all,2c48a6ef47957314246ced15225e1d8e,"['Mee soto', 'Soto ayam']"
../foodsg-233\Soto ayam\5U269U90N573ZDK4O14KLTZ8.jpg,Soto ayam,all,2c48a6ef47957314246ced15225e1d8e,"['Mee soto', 'Soto ayam']"
../foodsg-233\chicken masala\FX9AJQFX0VS274URUPVT8D6J.jpg,chicken masala,all,2c70bcef381fd81c08c611c7bd9e522f,"['chicken masala', 'sambal']"
../foodsg-233\sambal\622OAW3FUWCZGHDBRMSQJKVY.jpg,sambal,all,2c70bcef381fd81c08c611c7bd9e522f,"['chicken masala', 'sambal']"
../foodsg-233\bee hoon\X3G5H1ZJ7VM2SPH9S3ZSTNFP.jpg,bee hoon,all,2ccbfc05fab1da82c08975ec888681eb,"['bee hoon', 'sliced fish soup', 'Seafood Noodles Soup']"
../foodsg-233\sliced fish soup\UMT26U4FKKT2S4MMQL2CRFF4.jpg,sliced fish soup,all,2ccbfc05fab1da82c08975ec888681eb,"['bee hoon', 'sliced fish soup', 'Seafood Noodles Soup']"
../foodsg-233\Seafood Noodles Soup\F725MPLZESR267763SBYUYM2.jpg,Seafood Noodles Soup,all,2ccbfc05fab1da82c08975ec888681eb,"['bee hoon', 'sliced fish soup', 'Seafood Noodles Soup']"
../foodsg-233\green leafy vegetables\7P5U7ZXXJFXTQGJOBBD3TOIP.jpg,green leafy vegetables,all,2cce6e7f08318b85dd0a13c1c72fbf04,"['green leafy vegetables', 'mixed vegetables']"
../foodsg-233\mixed vegetables\N6VUIRAVFLTV98CFFZF0FJB8.jpg,mixed vegetables,all,2cce6e7f08318b85dd0a13c1c72fbf04,"['green leafy vegetables', 'mixed vegetables']"
../foodsg-233\Chocolate\QNTVY6AET31Q3Z5FRGCMR1SN.jpg,Chocolate,all,2d446ed11973b4b6cf7746e7bfc648ab,"['Chocolate', 'Sweets']"
../foodsg-233\Sweets\SL30MY5Z698A4C9HQ43UD56Q.jpg,Sweets,all,2d446ed11973b4b6cf7746e7bfc648ab,"['Chocolate', 'Sweets']"
../foodsg-233\sliced fish soup\R6AIAZLZ4HT1JGB02LFZ4VXA.jpg,sliced fish soup,all,2d4c8ec150f915c2bac5125de079b877,"['sliced fish soup', 'Seafood Noodles Soup']"
../foodsg-233\Seafood Noodles Soup\AN9ICWO9A623PS3B3PWAIC7N.jpg,Seafood Noodles Soup,all,2d4c8ec150f915c2bac5125de079b877,"['sliced fish soup', 'Seafood Noodles Soup']"
../foodsg-233\murtabak\3380JO9PCF55EM14DTYOIGIK.jpg,murtabak,all,2d526f14f029cc66f0c0d7d2108265f4,"['murtabak', 'Indian Prata']"
../foodsg-233\Indian Prata\8XYSVWZ673EUO5ZQ5JGBKM9P.jpg,Indian Prata,all,2d526f14f029cc66f0c0d7d2108265f4,"['murtabak', 'Indian Prata']"
../foodsg-233\whole wheat\TNGSX39KD0RDRJHFNZ5KBFOH.jpg,whole wheat,all,2da8b38679598e4760001d0580c1f175,"['whole wheat', 'whole grain bread']"
../foodsg-233\whole grain bread\52SL1GL4EGF6KOXOET28XA1Q.jpg,whole grain bread,all,2da8b38679598e4760001d0580c1f175,"['whole wheat', 'whole grain bread']"
../foodsg-233\Mee soto\4H7SJIYAABP25RXZIZ3YM7RV.jpg,Mee soto,all,2dbaa1360f3bb8c9c8a338e705a96b61,"['Mee soto', 'Soto ayam']"
../foodsg-233\Soto ayam\0DITC3I73QJX94W2ZC3EOQFC.jpg,Soto ayam,all,2dbaa1360f3bb8c9c8a338e705a96b61,"['Mee soto', 'Soto ayam']"
../foodsg-233\tandoori chicken\S3LHP0XYEB4CN8A63NRIAZUU.jpg,tandoori chicken,all,2df9cab40aa39079c5fbb5097ee49f43,"['tandoori chicken', 'chicken wing']"
../foodsg-233\chicken wing\XR0RJ9CWV6YGGLRRZ1DWAIZL.jpg,chicken wing,all,2df9cab40aa39079c5fbb5097ee49f43,"['tandoori chicken', 'chicken wing']"
../foodsg-233\pineapple\CJWLNWY9LTRJNDIWMUEA2DNL.jpg,pineapple,all,2e13c025ec8569d9286746516028dd22,"['pineapple', 'Fruit juice']"
../foodsg-233\Fruit juice\V366I2B01H33L4Z3EZUZRTFL.jpg,Fruit juice,all,2e13c025ec8569d9286746516028dd22,"['pineapple', 'Fruit juice']"
"../foodsg-233\Mee siam, fried\ZTONDFKAVGPO3STXQS050RDY.jpg","Mee siam, fried",all,2e15557a073f5cdb477a87a111b3ae4a,"['Mee siam, fried', 'Bee hoon, goreng']"
"../foodsg-233\Bee hoon, goreng\97K654GIZY39Z4D9KJI3H8XU.jpg","Bee hoon, goreng",all,2e15557a073f5cdb477a87a111b3ae4a,"['Mee siam, fried', 'Bee hoon, goreng']"
"../foodsg-233\Bee hoon, goreng\4SLF6VY9MC810U3RFGMMNVD7.jpg","Bee hoon, goreng",all,2e1ef3390bc94bb60457deccf278b493,"['Bee hoon, goreng', 'Mee siam, fried']"
"../foodsg-233\Mee siam, fried\0DVMUPOQQT6OFUT2IJEXKVHO.jpg","Mee siam, fried",all,2e1ef3390bc94bb60457deccf278b493,"['Bee hoon, goreng', 'Mee siam, fried']"
"../foodsg-233\Bee hoon, goreng\ENZRZXHBDR569682MRLQBWHV.jpg","Bee hoon, goreng",all,2e966913ca4a24ea50fd4f6d04c9e605,"['Bee hoon, goreng', 'Mee siam', 'vegetarian bee hoon', 'Mee siam, fried']"
../foodsg-233\Mee siam\KL8E2F1MYINDDOADOC2DVNRZ.jpg,Mee siam,all,2e966913ca4a24ea50fd4f6d04c9e605,"['Bee hoon, goreng', 'Mee siam', 'vegetarian bee hoon', 'Mee siam, fried']"
../foodsg-233\vegetarian bee hoon\L3Z2Z6WMRD275HZQ8HEM1DAS.jpg,vegetarian bee hoon,all,2e966913ca4a24ea50fd4f6d04c9e605,"['Bee hoon, goreng', 'Mee siam', 'vegetarian bee hoon', 'Mee siam, fried']"
"../foodsg-233\Mee siam, fried\GKA2S3XKYQ05IHSOL2OGBTFE.jpg","Mee siam, fried",all,2e966913ca4a24ea50fd4f6d04c9e605,"['Bee hoon, goreng', 'Mee siam', 'vegetarian bee hoon', 'Mee siam, fried']"
../foodsg-233\Lontong with sayur lodeh\04ZFGY1RLKMV4OLFMP3EC27D.jpg,Lontong with sayur lodeh,all,2eab88ecae9073bdba55744058c8a0ee,"['Lontong with sayur lodeh', 'lontong']"
../foodsg-233\lontong\7HEN3KVXTMI32P5T9G7AF7CE.jpg,lontong,all,2eab88ecae9073bdba55744058c8a0ee,"['Lontong with sayur lodeh', 'lontong']"
../foodsg-233\vegetarian bee hoon\SATTKTI06X4GMT7BMRSWRJN9.jpg,vegetarian bee hoon,all,2eb8dc01dc04bf4ad4c1ef5f5f77176b,"['vegetarian bee hoon', 'Tauhu Goreng']"
../foodsg-233\Tauhu Goreng\J3GD054OGZW9UJCBEILOX18Z.jpg,Tauhu Goreng,all,2eb8dc01dc04bf4ad4c1ef5f5f77176b,"['vegetarian bee hoon', 'Tauhu Goreng']"
../foodsg-233\Bibimbap\QDJLICSX2WEQQRFU78KMCD0Q.jpg,Bibimbap,all,2ebcc8a4fe72e2fceaeb48ba25f60c01,"['Bibimbap', 'Rice, with dakgalbi']"
"../foodsg-233\Rice, with dakgalbi\FD8YX35HSB482VTZK45P9LXU.jpg","Rice, with dakgalbi",all,2ebcc8a4fe72e2fceaeb48ba25f60c01,"['Bibimbap', 'Rice, with dakgalbi']"
../foodsg-233\mee pok\QILA5AUKRW10T0FXLIAYY1RR.jpg,mee pok,all,2eea72fa56c357aa58dfd2949b414cae,"['mee pok', 'bak chor mee', 'Fish Ball Noodles']"
../foodsg-233\bak chor mee\PJZNXO3UQU4CF79ZSG2U8SSQ.jpg,bak chor mee,all,2eea72fa56c357aa58dfd2949b414cae,"['mee pok', 'bak chor mee', 'Fish Ball Noodles']"
../foodsg-233\Fish Ball Noodles\AFLLZGVXGSU5M79MZEC9AD5F.jpg,Fish Ball Noodles,all,2eea72fa56c357aa58dfd2949b414cae,"['mee pok', 'bak chor mee', 'Fish Ball Noodles']"
../foodsg-233\Mee rebus\9DUGF5E61ADSPDUDZUOWA8PD.jpg,Mee rebus,all,2f24d48d1fe65c67a300fdc6a109a05f,"['Mee rebus', 'hokkien prawn mee']"
../foodsg-233\hokkien prawn mee\HDXOJ4C2JGDBV2CVEFQSL18S.jpg,hokkien prawn mee,all,2f24d48d1fe65c67a300fdc6a109a05f,"['Mee rebus', 'hokkien prawn mee']"
../foodsg-233\Pomelo\YX7D6L60MGKXX4ANWAWEKJJQ.jpg,Pomelo,all,2f2e8d21237c4c8530815d592f60ae43,"['Pomelo', 'Grapefruit']"
../foodsg-233\Grapefruit\Q87MD7BEYV8E70FRDK7PFQ78.jpg,Grapefruit,all,2f2e8d21237c4c8530815d592f60ae43,"['Pomelo', 'Grapefruit']"
../foodsg-233\Soto ayam\5P84WV4GE1I75SOCXKDAE23P.jpg,Soto ayam,all,2f318b6a996e960fba1a76d6d8d59f5e,"['Soto ayam', 'Mee soto']"
../foodsg-233\Mee soto\JUA8F8V8SR51N92BZV10D40L.jpg,Mee soto,all,2f318b6a996e960fba1a76d6d8d59f5e,"['Soto ayam', 'Mee soto']"
../foodsg-233\bee hoon\QLJ263G3VORIGQ247BGXO7JP.jpg,bee hoon,all,2f762e0ed884e6ea16ad47f070ea6014,"['bee hoon', 'Bee hoon, goreng']"
"../foodsg-233\Bee hoon, goreng\80BFD3M50A87H03MBWWD4BV6.jpg","Bee hoon, goreng",all,2f762e0ed884e6ea16ad47f070ea6014,"['bee hoon', 'Bee hoon, goreng']"
../foodsg-233\passion fruit\NIE4NFU08HJ56N9L16LEDL8W.jpg,passion fruit,all,2f890a900b3be0973d898494d868d14a,"['passion fruit', 'Fruit juice']"
../foodsg-233\Fruit juice\EFZPZTRJ5862TP7QR5VCVKDU.jpg,Fruit juice,all,2f890a900b3be0973d898494d868d14a,"['passion fruit', 'Fruit juice']"
../foodsg-233\waffle\8RY8K26RU9NI3J2OGNXDL8I1.jpg,waffle,all,2f9953d567c45a9b9e874fe589cc3de4,"['waffle', 'whole wheat']"
../foodsg-233\whole wheat\H2M64YVVH792H34345RZ2FKX.jpg,whole wheat,all,2f9953d567c45a9b9e874fe589cc3de4,"['waffle', 'whole wheat']"
../foodsg-233\bee hoon\A3FKOI5QXSO4NZYQ48FIUNG4.jpg,bee hoon,all,2fbb60451a5d671f363a09c9e8191408,"['bee hoon', 'Bee hoon, goreng']"
"../foodsg-233\Bee hoon, goreng\LZJIJ8GP4LCSHHWJ20DKX1XV.jpg","Bee hoon, goreng",all,2fbb60451a5d671f363a09c9e8191408,"['bee hoon', 'Bee hoon, goreng']"
"../foodsg-233\Mee siam, fried\BA2325B5L76ZTNR1IFGFE6MA.jpg","Mee siam, fried",all,2fe81f62308eadb28776b6e62eb3fe02,"['Mee siam, fried', 'Bee hoon, goreng']"
"../foodsg-233\Bee hoon, goreng\N6IGCKMGAVA5CQ7NPF2MHT2N.jpg","Bee hoon, goreng",all,2fe81f62308eadb28776b6e62eb3fe02,"['Mee siam, fried', 'Bee hoon, goreng']"
../foodsg-233\whole wheat\HFS7U1PEY5QRN7CWCQN7BTT3.jpg,whole wheat,all,30159815799f70ba23caee4f60b3f7a4,"['whole wheat', 'whole grain bread']"
../foodsg-233\whole grain bread\I4DASUXKYDLZGS22LOB5GQTJ.jpg,whole grain bread,all,30159815799f70ba23caee4f60b3f7a4,"['whole wheat', 'whole grain bread']"
../foodsg-233\steamed buns\E2QQNG38KSNPYAXDIGB3EFLU.jpg,steamed buns,all,30362614da839cf9cd5bff9369d544f4,"['steamed buns', 'char siew pau']"
../foodsg-233\char siew pau\W0OF73Y4A58R1W2I8K92Y992.jpg,char siew pau,all,30362614da839cf9cd5bff9369d544f4,"['steamed buns', 'char siew pau']"
../foodsg-233\whole wheat\VQAJAFW0LN6A3MQ23WVJZ7RB.jpg,whole wheat,all,3070ff366fb8a2aa0b4a0c9cf4b1ce0b,"['whole wheat', 'whole grain bread']"
../foodsg-233\whole grain bread\3GDKTVA1AHUU3MNUS5VEPMG7.jpg,whole grain bread,all,3070ff366fb8a2aa0b4a0c9cf4b1ce0b,"['whole wheat', 'whole grain bread']"
../foodsg-233\Dumpling noodle soup\HPL5U0DR33NYJ8C3SA947N6L.jpg,Dumpling noodle soup,all,30954c4d05a3096ec811996710cc8a90,"['Dumpling noodle soup', 'pig organ soup']"
../foodsg-233\pig organ soup\1FLHFQEL2CD3DB5BD25QYP9G.jpg,pig organ soup,all,30954c4d05a3096ec811996710cc8a90,"['Dumpling noodle soup', 'pig organ soup']"
../foodsg-233\Mee kuah\3RR8R24M5JRZ4NG7Z0QNY6KW.jpg,Mee kuah,all,309e807adeee8a93a22e5e7cbb0f6f6a,"['Mee kuah', 'Mee siam']"
../foodsg-233\Mee siam\NSKT4HM1XRBVY70EDNLS2EYU.jpg,Mee siam,all,309e807adeee8a93a22e5e7cbb0f6f6a,"['Mee kuah', 'Mee siam']"
../foodsg-233\whole grain bread\DA1HO505OQHFODW6XLOE93G2.jpg,whole grain bread,all,30b5ba70602a36041e48602f0652fef4,"['whole grain bread', 'whole wheat']"
../foodsg-233\whole wheat\0R7V3Y4KVNJ7PF3VDUDT8YNK.jpg,whole wheat,all,30b5ba70602a36041e48602f0652fef4,"['whole grain bread', 'whole wheat']"
../foodsg-233\whole wheat\EPH5RM8URPP5ARYD8XIM90DL.jpg,whole wheat,all,30ca9d274777c2605ec104d27e18b960,"['whole wheat', 'whole grain bread']"
../foodsg-233\whole grain bread\D0QXZIW7X8F40CZQFVRJS872.jpg,whole grain bread,all,30ca9d274777c2605ec104d27e18b960,"['whole wheat', 'whole grain bread']"
"../foodsg-233\Mee siam, fried\RSVLKA3O6GY80H418KHEBV5K.jpg","Mee siam, fried",all,310d473d8aa770d72d035c45b027628c,"['Mee siam, fried', 'Bee hoon, goreng']"
"../foodsg-233\Bee hoon, goreng\8JSI67HASE8QR9TYLA7GEAH7.jpg","Bee hoon, goreng",all,310d473d8aa770d72d035c45b027628c,"['Mee siam, fried', 'Bee hoon, goreng']"
../foodsg-233\bee hoon\HBMNMW0IG66Q8VQTFNFLYOBU.jpg,bee hoon,all,312d9239f501dc6e77a1b648e94c9fc4,"['bee hoon', 'Bee hoon, goreng']"
"../foodsg-233\Bee hoon, goreng\X0133NMYGK01XPLYE32Z2D8P.jpg","Bee hoon, goreng",all,312d9239f501dc6e77a1b648e94c9fc4,"['bee hoon', 'Bee hoon, goreng']"
"../foodsg-233\Mee siam, fried\F842EUH74KMJYVBS3EWM07YC.jpg","Mee siam, fried",all,318f51a9b35116446d3fe606a93dc40d,"['Mee siam, fried', 'Mee siam']"
../foodsg-233\Mee siam\0IOEJTMZ8I3XBA4ZQTY7BGES.jpg,Mee siam,all,318f51a9b35116446d3fe606a93dc40d,"['Mee siam, fried', 'Mee siam']"
../foodsg-233\whole grain bread\3PPSBF580ND5CND2XX2INKYK.jpg,whole grain bread,all,31bb38ead516f1af70f9dbcf9099f2ee,"['whole grain bread', 'whole wheat']"
../foodsg-233\whole wheat\7OQQN8SWF18USSXBQSNVYZAL.jpg,whole wheat,all,31bb38ead516f1af70f9dbcf9099f2ee,"['whole grain bread', 'whole wheat']"
../foodsg-233\Mee soto\0RS0Z3C6FXEOIGSBFRGQ96BY.jpg,Mee soto,all,31c63159799ec4ea90ca721c8e64f834,"['Mee soto', 'Soto ayam']"
../foodsg-233\Soto ayam\7RMEW714O30WXZ7VJ7V1KAAT.jpg,Soto ayam,all,31c63159799ec4ea90ca721c8e64f834,"['Mee soto', 'Soto ayam']"
../foodsg-233\chicken wing\3RKE69O9D0032358M13YHB2R.jpg,chicken wing,all,32040f0c4fe8079def052e7626d78541,"['chicken wing', 'fried chicken']"
../foodsg-233\fried chicken\0CPAP1J7Y45SFX5Z4S572NEX.jpg,fried chicken,all,32040f0c4fe8079def052e7626d78541,"['chicken wing', 'fried chicken']"
../foodsg-233\bak chor mee\T6N7AW5OH10656BPWDPE3MZZ.jpg,bak chor mee,all,320d3352799efc98d6b5932893ada96f,"['bak chor mee', 'Mee rebus', 'Mee siam']"
../foodsg-233\Mee rebus\B193G6OPH71CLP6UJYEF3YUO.jpg,Mee rebus,all,320d3352799efc98d6b5932893ada96f,"['bak chor mee', 'Mee rebus', 'Mee siam']"
../foodsg-233\Mee siam\F10W65NX77WP848ELKE59OO0.jpg,Mee siam,all,320d3352799efc98d6b5932893ada96f,"['bak chor mee', 'Mee rebus', 'Mee siam']"
"../foodsg-233\Bee hoon, goreng\UQSSH6CDENIZRYPZKEK3BN5N.jpg","Bee hoon, goreng",all,3243e0c7bc7f1819b6722a9c8503deb7,"['Bee hoon, goreng', 'Mee siam, fried']"
"../foodsg-233\Mee siam, fried\4QH8WC1ETHSFRFA1Q4UO2W1N.jpg","Mee siam, fried",all,3243e0c7bc7f1819b6722a9c8503deb7,"['Bee hoon, goreng', 'Mee siam, fried']"
../foodsg-233\fried prawn\26R921DU3AA1EKLQGQ1FZ0O8.jpg,fried prawn,all,3248f805342e756f2b3676539b9ceba0,"['fried prawn', 'har cheong gai']"
../foodsg-233\har cheong gai\090HZCZBYSCDS4PUIGK14ILE.jpg,har cheong gai,all,3248f805342e756f2b3676539b9ceba0,"['fried prawn', 'har cheong gai']"
../foodsg-233\Mee kuah\YCIY4TI4DKBFWS2GP9NIVM5P.jpg,Mee kuah,all,329c56f26aa558e72367d39a9eb4e21f,"['Mee kuah', 'Mee bandung']"
../foodsg-233\Mee bandung\KSW7IRHJA62EMMAMZP1NVL8N.jpg,Mee bandung,all,329c56f26aa558e72367d39a9eb4e21f,"['Mee kuah', 'Mee bandung']"
../foodsg-233\Grapefruit\MQC8BOIQTH5NXVH9C423DI3A.jpg,Grapefruit,all,329d5530bd2c92543bde638f3d4e398f,"['Grapefruit', 'Pomelo']"
../foodsg-233\Pomelo\L8WOVFQQV4ADSD35ANKQG1SV.jpg,Pomelo,all,329d5530bd2c92543bde638f3d4e398f,"['Grapefruit', 'Pomelo']"
../foodsg-233\cream soup\6Q23GCFT61B3XM7SWAQVJG42.jpg,cream soup,all,32b8fa9cba61570a390d170900bc98a5,"['cream soup', 'mushroom soup']"
../foodsg-233\mushroom soup\HB8SFS9U35VHL0TY6P0N2F5H.jpg,mushroom soup,all,32b8fa9cba61570a390d170900bc98a5,"['cream soup', 'mushroom soup']"
../foodsg-233\tortilla - plain\YNDGYF47KJD8CSKL723GM2X6.jpg,tortilla - plain,all,330749e3bb8b4e225d1b184276535b47,"['tortilla - plain', 'Wholegrain Wrap']"
../foodsg-233\Wholegrain Wrap\IUGFJRFVM46P6ERKQWHA7IBD.jpg,Wholegrain Wrap,all,330749e3bb8b4e225d1b184276535b47,"['tortilla - plain', 'Wholegrain Wrap']"
../foodsg-233\oyster omelette\C1MM0KW37J33D1DFX726O8VA.jpg,oyster omelette,all,332cc328374a8ad8204548997341cf45,"['oyster omelette', 'chai tow kuay']"
../foodsg-233\chai tow kuay\EGKJXFTMDLR0A0DL7MDEAU8E.jpg,chai tow kuay,all,332cc328374a8ad8204548997341cf45,"['oyster omelette', 'chai tow kuay']"
../foodsg-233\Seafood Noodles Soup\OHS7FUH4KAOGAR950S6EARZI.jpg,Seafood Noodles Soup,all,333da1fac5148abdca7f3fb665244618,"['Seafood Noodles Soup', 'Hor Fun']"
../foodsg-233\Hor Fun\NZRU92TATY80ZHM6W6BUZQIY.jpg,Hor Fun,all,333da1fac5148abdca7f3fb665244618,"['Seafood Noodles Soup', 'Hor Fun']"
../foodsg-233\mixed grills\XS5JOCVF3NOSD9I2ASZWV7M5.jpg,mixed grills,all,334595f03c476cb2780966cb99730d25,"['mixed grills', 'mixed vegetables']"
../foodsg-233\mixed vegetables\JLPS7446TJPQAS7NJ3R82TO9.jpg,mixed vegetables,all,334595f03c476cb2780966cb99730d25,"['mixed grills', 'mixed vegetables']"
../foodsg-233\drunken prawn\1AWFSJ2CTZEIYE3AF1C8LYS8.jpg,drunken prawn,all,33580b092981c7d6fde6af8ca2ca874e,"['drunken prawn', 'fried prawn']"
../foodsg-233\fried prawn\QM7WA3UR3R6NWZ73JVMESVAQ.jpg,fried prawn,all,33580b092981c7d6fde6af8ca2ca874e,"['drunken prawn', 'fried prawn']"
../foodsg-233\Mee rebus\ZKK5BX2GFECYY1X2OFXD5I5W.jpg,Mee rebus,all,335b8fdb5e7bcda7bf656e574b6a9f18,"['Mee rebus', 'Mee kuah']"
../foodsg-233\Mee kuah\LDNKI6ME3G0RJP38Y3KHZEMY.jpg,Mee kuah,all,335b8fdb5e7bcda7bf656e574b6a9f18,"['Mee rebus', 'Mee kuah']"
../foodsg-233\whole grain bread\F745YL713SJ87XQ9FQQEJ1XU.jpg,whole grain bread,all,337c95daf12f938e1f55521c64dc9343,"['whole grain bread', 'whole wheat']"
../foodsg-233\whole wheat\14VFCZUNPK002JTADZVKWN2N.jpg,whole wheat,all,337c95daf12f938e1f55521c64dc9343,"['whole grain bread', 'whole wheat']"
../foodsg-233\bee hoon\1MPP49JT0LKTHB70URJU212S.jpg,bee hoon,all,33daf0385a0efd94c68f00ca9c6e7511,"['bee hoon', 'Bee hoon, soto']"
"../foodsg-233\Bee hoon, soto\DLWGW8NWK5J6I6TXJKVMW5HQ.jpg","Bee hoon, soto",all,33daf0385a0efd94c68f00ca9c6e7511,"['bee hoon', 'Bee hoon, soto']"
../foodsg-233\Prawn Noodle\JDDXMMB4JBIVWPCDXX9RK2D6.jpg,Prawn Noodle,all,340502496c53478334979dff7d228888,"['Prawn Noodle', 'Seafood Noodles Soup']"
../foodsg-233\Seafood Noodles Soup\9MIQ14CNIT7M07MVA0RGG2YK.jpg,Seafood Noodles Soup,all,340502496c53478334979dff7d228888,"['Prawn Noodle', 'Seafood Noodles Soup']"
../foodsg-233\bak chor mee\ADZMAGKI7TXNXX91ICN0R80L.jpg,bak chor mee,all,3413fe000978ee454235f582eaf4813f,"['bak chor mee', 'mee pok']"
../foodsg-233\mee pok\XL8XKXRPG7D8FIKWAO0X70JT.jpg,mee pok,all,3413fe000978ee454235f582eaf4813f,"['bak chor mee', 'mee pok']"
../foodsg-233\fried chicken\A5TZ7YHEVH1BHDH2NAMM867H.jpg,fried chicken,all,3447569634cd340f4cede8c641ad3273,"['fried chicken', 'har cheong gai']"
../foodsg-233\har cheong gai\7V07EKB0XCWRYTT76HCE62Z4.jpg,har cheong gai,all,3447569634cd340f4cede8c641ad3273,"['fried chicken', 'har cheong gai']"
../foodsg-233\lontong\TI1KIWYXTLNRSR8IGSTTSYPY.jpg,lontong,all,345aac73dc48b2c2b8c152766372e847,"['lontong', 'Lontong with sayur lodeh']"
../foodsg-233\Lontong with sayur lodeh\54Z5IAODYACO87WKNJ9RWFZ5.jpg,Lontong with sayur lodeh,all,345aac73dc48b2c2b8c152766372e847,"['lontong', 'Lontong with sayur lodeh']"
"../foodsg-233\Mee siam, fried\LVVB59XWHNIZDWLMZGGRD76E.jpg","Mee siam, fried",all,347b3f56399be011ab0bf5a1013cf798,"['Mee siam, fried', 'bee hoon', 'Bee hoon, goreng']"
../foodsg-233\bee hoon\O5K7ADKBBPEFIYVAXHGFGQE3.jpg,bee hoon,all,347b3f56399be011ab0bf5a1013cf798,"['Mee siam, fried', 'bee hoon', 'Bee hoon, goreng']"
"../foodsg-233\Bee hoon, goreng\7N6T74SH1KQ6OA5VE01YGUIF.jpg","Bee hoon, goreng",all,347b3f56399be011ab0bf5a1013cf798,"['Mee siam, fried', 'bee hoon', 'Bee hoon, goreng']"
../foodsg-233\black pepper crab\YW0H5AG8S5YAK8O2V02MBZ70.jpg,black pepper crab,all,34c6d871e82729a4db57aa244eaf6ccd,"['black pepper crab', 'chilli crab']"
../foodsg-233\chilli crab\IT9L1FDAKQ78Q7EHECVU1YFE.jpg,chilli crab,all,34c6d871e82729a4db57aa244eaf6ccd,"['black pepper crab', 'chilli crab']"
../foodsg-233\Laksa\QONF75515ONVFXSOXW45NA3Y.jpg,Laksa,all,34f48c7addff09d30b5ceaeb67bd35be,"['Laksa', 'yong tau foo']"
../foodsg-233\yong tau foo\N7PXKIN5QQALOJO59YZ0WB63.jpg,yong tau foo,all,34f48c7addff09d30b5ceaeb67bd35be,"['Laksa', 'yong tau foo']"
"../foodsg-233\Rice, korean bulgogi beef\4JWHO1SD8KUJ8L1MTJ2IPJ29.jpg","Rice, korean bulgogi beef",all,34f55cf5cdc16eb6620d138f591e2191,"['Rice, korean bulgogi beef', 'Rice, with dakgalbi']"
"../foodsg-233\Rice, with dakgalbi\28TMVKPJCT2TD9161V2XEYQM.jpg","Rice, with dakgalbi",all,34f55cf5cdc16eb6620d138f591e2191,"['Rice, korean bulgogi beef', 'Rice, with dakgalbi']"
../foodsg-233\sliced fish soup\SE1OWU3N822NE7M6S2EWPALE.jpg,sliced fish soup,all,34f799f68768b979397576ff3e3ed632,"['sliced fish soup', 'Seafood Noodles Soup']"
../foodsg-233\Seafood Noodles Soup\TMAVD6F258YRO1R3WWCP0LII.jpg,Seafood Noodles Soup,all,34f799f68768b979397576ff3e3ed632,"['sliced fish soup', 'Seafood Noodles Soup']"
"../foodsg-233\Miso ramen, with fishcake\XVIM1EAZWTTSTFQE560JA7J2.jpg","Miso ramen, with fishcake",all,34fada8e12be4d883fe292d7f94e8727,"['Miso ramen, with fishcake', 'Rice, korean bulgogi beef']"
"../foodsg-233\Rice, korean bulgogi beef\J8XWVJVXEFXMG0E9QWMQP4VK.jpg","Rice, korean bulgogi beef",all,34fada8e12be4d883fe292d7f94e8727,"['Miso ramen, with fishcake', 'Rice, korean bulgogi beef']"
"../foodsg-233\Bee hoon, soto\IIVM2ZL5UJN8YEQCFVH8R1NK.jpg","Bee hoon, soto",all,34fd90575c55de6b8a662b44e7a1ceaf,"['Bee hoon, soto', 'satay bee hoon']"
../foodsg-233\satay bee hoon\PR7RIZVUJES4FOE5PS3LB122.jpg,satay bee hoon,all,34fd90575c55de6b8a662b44e7a1ceaf,"['Bee hoon, soto', 'satay bee hoon']"
../foodsg-233\drunken prawn\N5EW3IS2EISB494MLP2HOPLU.jpg,drunken prawn,all,35aee3241454e9373d072640d12b3a71,"['drunken prawn', 'cooked brown rice']"
../foodsg-233\cooked brown rice\GSK93D02ZEQJPOO1M6KOVKA1.jpg,cooked brown rice,all,35aee3241454e9373d072640d12b3a71,"['drunken prawn', 'cooked brown rice']"
../foodsg-233\Lontong with sayur lodeh\H2LQY1EL43XZDIOZCZ7P1V7P.jpg,Lontong with sayur lodeh,all,35d747291facd05dcca0d53a9a1f61c1,"['Lontong with sayur lodeh', 'lontong']"
../foodsg-233\lontong\B9Z5FPD9BQZRGIN0DG1O33QF.jpg,lontong,all,35d747291facd05dcca0d53a9a1f61c1,"['Lontong with sayur lodeh', 'lontong']"
"../foodsg-233\Bee hoon, goreng\3P6OUBF0URD0LZ84YJ3PLK8X.jpg","Bee hoon, goreng",all,361fabec554a81c1ad2418a0d32d0de9,"['Bee hoon, goreng', 'Mee siam, fried']"
"../foodsg-233\Mee siam, fried\1D8G23B471TDAED79PO35TP3.jpg","Mee siam, fried",all,361fabec554a81c1ad2418a0d32d0de9,"['Bee hoon, goreng', 'Mee siam, fried']"
../foodsg-233\Mee bandung\89TLMUWY4ZPOML8CNHGQMT9N.jpg,Mee bandung,all,3640530f78539733769fb0cb3610a66b,"['Mee bandung', 'Mee soto']"
../foodsg-233\Mee soto\59M1V3BGXPMYCX6ELQMF48ZG.jpg,Mee soto,all,3640530f78539733769fb0cb3610a66b,"['Mee bandung', 'Mee soto']"
../foodsg-233\Lor mee\HDTTMY8HU46Z2XN38IQBTQOE.jpg,Lor mee,all,36484dddf50038c5d61e41b603a2c696,"['Lor mee', 'Laksa']"
../foodsg-233\Laksa\T7GP5323LXHYKJ7SZSF2YKWL.jpg,Laksa,all,36484dddf50038c5d61e41b603a2c696,"['Lor mee', 'Laksa']"
../foodsg-233\mee pok\2XOX5RF2CA1PB4V4KOWEV63R.jpg,mee pok,all,3651a60918bf5c2790b65cf4f7e86f64,"['mee pok', 'bak chor mee']"
../foodsg-233\bak chor mee\9O7PJ51T7YCIBAAECO89FFFJ.jpg,bak chor mee,all,3651a60918bf5c2790b65cf4f7e86f64,"['mee pok', 'bak chor mee']"
../foodsg-233\Lor mee\P1WFKC0GQTVPFDI9TFCJCEDB.jpg,Lor mee,all,3659f50ef41df87a8eeb62ef59ed8652,"['Lor mee', 'Duck Rice']"
../foodsg-233\Duck Rice\3TDHBDTO9OLDKE8KD66T6M7B.jpg,Duck Rice,all,3659f50ef41df87a8eeb62ef59ed8652,"['Lor mee', 'Duck Rice']"
../foodsg-233\whole grain bread\LLK7AIE6M1T9TP0AXAIT4Q4O.jpg,whole grain bread,all,36a45b0cefef8f4bc60cbd0458d0f5c1,"['whole grain bread', 'whole wheat']"
../foodsg-233\whole wheat\ORFBT48ZDA8TW3XCR7RXX51N.jpg,whole wheat,all,36a45b0cefef8f4bc60cbd0458d0f5c1,"['whole grain bread', 'whole wheat']"
../foodsg-233\Wholegrain Wrap\KQFMIRZPQC7L44XYPA7A3TUR.jpg,Wholegrain Wrap,all,36d9984f64aa07efcfff09f639c48168,"['Wholegrain Wrap', 'whole wheat']"
../foodsg-233\whole wheat\DLKOEIC9VSUQ82V0ZIDNABDY.jpg,whole wheat,all,36d9984f64aa07efcfff09f639c48168,"['Wholegrain Wrap', 'whole wheat']"
../foodsg-233\Mee siam\C29W8H6VYYHEW38ZGS7L5HOU.jpg,Mee siam,all,3715bd5e92f64fbf837c4d4ce0d57ab9,"['Mee siam', 'Mee siam, fried']"
"../foodsg-233\Mee siam, fried\0SDQNPN6TQQ5JP5E8XUYNV88.jpg","Mee siam, fried",all,3715bd5e92f64fbf837c4d4ce0d57ab9,"['Mee siam', 'Mee siam, fried']"
../foodsg-233\sambal\TGI7YQ101X7BF2GNJ7KZO3QP.jpg,sambal,all,37162eb7e6d94bf26da3ff5d59e4d4cd,"['sambal', 'hotplate tofu']"
../foodsg-233\hotplate tofu\GWVIKPYVR9EMGNV15XH1EUAK.jpg,hotplate tofu,all,37162eb7e6d94bf26da3ff5d59e4d4cd,"['sambal', 'hotplate tofu']"
"../foodsg-233\Bee hoon, soto\SVABEY1GT3YSUPI2IMGTB1A3.jpg","Bee hoon, soto",all,3720160f6cb8f40ec97d6215f768b7bc,"['Bee hoon, soto', 'Mee soto']"
../foodsg-233\Mee soto\Y74ZO6RR3PC3CU3C3Q4XXUPK.jpg,Mee soto,all,3720160f6cb8f40ec97d6215f768b7bc,"['Bee hoon, soto', 'Mee soto']"
../foodsg-233\mushroom soup\BOUCF9IJ4UXRNC1CAFOG4E85.jpg,mushroom soup,all,3734ddf88a63f5a0602a06f696dd1f9c,"['mushroom soup', 'cream soup']"
../foodsg-233\cream soup\WSTS8GP0K4QYHUPT51U98WZ9.jpg,cream soup,all,3734ddf88a63f5a0602a06f696dd1f9c,"['mushroom soup', 'cream soup']"
"../foodsg-233\Mee siam, fried\KPODVL8TJFNDOXD73RKG9GFM.jpg","Mee siam, fried",all,3771ce1d02b849b17b7a72f59e09c15e,"['Mee siam, fried', 'Mee siam']"
../foodsg-233\Mee siam\V44S3H7D7JNPUM6TUK17HX1M.jpg,Mee siam,all,3771ce1d02b849b17b7a72f59e09c15e,"['Mee siam, fried', 'Mee siam']"
../foodsg-233\Duck Rice\UTF6L4KE2I2YZ081OZ04BI5B.jpg,Duck Rice,all,37963befd1ab85f3bc694d8b152245c1,"['Duck Rice', 'yam rice']"
../foodsg-233\yam rice\SEVKDUYKHZ3WQCJR8KPOYBRL.jpg,yam rice,all,37963befd1ab85f3bc694d8b152245c1,"['Duck Rice', 'yam rice']"
../foodsg-233\Seafood Noodles Soup\QY31DXI0ZZJDJ2V81PXA54QG.jpg,Seafood Noodles Soup,all,379d4e082c1f3d2e5380a8173d44a73a,"['Seafood Noodles Soup', 'Bee hoon, soto']"
"../foodsg-233\Bee hoon, soto\VSP65EG225L1EKPC2CEEYUY5.jpg","Bee hoon, soto",all,379d4e082c1f3d2e5380a8173d44a73a,"['Seafood Noodles Soup', 'Bee hoon, soto']"
../foodsg-233\Fish Ball Noodles\SRQU9BLQ9HB1K271LS7PXUT2.jpg,Fish Ball Noodles,all,37abe45f906f701ed57b1c5ccf1209fd,"['Fish Ball Noodles', 'yong tau foo']"
../foodsg-233\yong tau foo\L1SU19IC1WQAPVU6QMIVLFYT.jpg,yong tau foo,all,37abe45f906f701ed57b1c5ccf1209fd,"['Fish Ball Noodles', 'yong tau foo']"
../foodsg-233\Mee rebus\X13AXYM7IMF7F94V2HKG4NGX.jpg,Mee rebus,all,37b66079c3e8d677b6b70a5bf27b3767,"['Mee rebus', 'Mee bandung']"
../foodsg-233\Mee bandung\7QTZ9YKR8V62C5488NJQKIQB.jpg,Mee bandung,all,37b66079c3e8d677b6b70a5bf27b3767,"['Mee rebus', 'Mee bandung']"
"../foodsg-233\Bee hoon, soto\YNCW9DP7G7VS0L6N5MB7U9FQ.jpg","Bee hoon, soto",all,37c66d95f3c0d74496fad767a6bd9ea7,"['Bee hoon, soto', 'Mee soto']"
../foodsg-233\Mee soto\7OADJYE5D4HZ4CEH30I6ZCM0.jpg,Mee soto,all,37c66d95f3c0d74496fad767a6bd9ea7,"['Bee hoon, soto', 'Mee soto']"
../foodsg-233\Grapefruit\TPS2UYW5D04NIE6KLX5L4SSS.jpg,Grapefruit,all,37ca64af242b1e2c856534c8085119f8,"['Grapefruit', 'Pomelo']"
../foodsg-233\Pomelo\275UPEI5UJPA835Q5BNPCTFV.jpg,Pomelo,all,37ca64af242b1e2c856534c8085119f8,"['Grapefruit', 'Pomelo']"
../foodsg-233\Fish Ball Noodles\ZC5X4BVA04ZX1KZVHOTGAN91.jpg,Fish Ball Noodles,all,3804b401489058ab5e1bf0fac5298b91,"['Fish Ball Noodles', 'Seafood Noodles Soup']"
../foodsg-233\Seafood Noodles Soup\GLIHUNB2585OZA9LYUCXYT4I.jpg,Seafood Noodles Soup,all,3804b401489058ab5e1bf0fac5298b91,"['Fish Ball Noodles', 'Seafood Noodles Soup']"
../foodsg-233\Sweets\YWS7MXAPFQ192INC2VYQIGG3.jpg,Sweets,all,38507e40d58777bc19f8cb7ce32519f6,"['Sweets', 'Chocolate']"
../foodsg-233\Chocolate\3N4Q7D14YF7IRH87KHSW1CF6.jpg,Chocolate,all,38507e40d58777bc19f8cb7ce32519f6,"['Sweets', 'Chocolate']"
../foodsg-233\beef noodle soup\A4J08KNSZTCP1I83X0T1K5GR.jpg,beef noodle soup,all,3866309ed5c7318f694d18ec2ff5086f,"['beef noodle soup', 'Udon']"
../foodsg-233\Udon\MIMXNECODW7TRKNKIGBRN9U4.jpg,Udon,all,3866309ed5c7318f694d18ec2ff5086f,"['beef noodle soup', 'Udon']"
../foodsg-233\Soto ayam\902PTHDO80R4EGYK2OCRQ22K.jpg,Soto ayam,all,389e3dbc043c72a3e7a646795ceb2031,"['Soto ayam', 'Mee soto']"
../foodsg-233\Mee soto\6AI1D0VQH5L1S342228RWP8Q.jpg,Mee soto,all,389e3dbc043c72a3e7a646795ceb2031,"['Soto ayam', 'Mee soto']"
../foodsg-233\satay bee hoon\6618VL71OT9GW4K0E9Q4ZML5.jpg,satay bee hoon,all,38e41e09ff907e30806c45fbcd65e958,"['satay bee hoon', 'bee hoon']"
../foodsg-233\bee hoon\S20QLFDLP9OQ6UJE61UEIB7X.jpg,bee hoon,all,38e41e09ff907e30806c45fbcd65e958,"['satay bee hoon', 'bee hoon']"
../foodsg-233\Grapefruit\62EZ0QT5U2I1S1EZ2BGNVH2K.jpg,Grapefruit,all,38e4c455faad9ee669640335c5350211,"['Grapefruit', 'Pomelo', 'Grape']"
../foodsg-233\Pomelo\2MIC3IQ6S03FT07VKRL8N5DA.jpg,Pomelo,all,38e4c455faad9ee669640335c5350211,"['Grapefruit', 'Pomelo', 'Grape']"
../foodsg-233\Grape\ETDMI0G4HFO28QGRUEPLVBMU.jpg,Grape,all,38e4c455faad9ee669640335c5350211,"['Grapefruit', 'Pomelo', 'Grape']"
../foodsg-233\pear\7JS2057J69AVI1ZPPBAR6MC0.jpg,pear,all,38ed0b42b91e524c914a29b5cab0ee1b,"['pear', 'Apple']"
../foodsg-233\Apple\S7NH7I2COS456F5VUAJ2B0YL.jpg,Apple,all,38ed0b42b91e524c914a29b5cab0ee1b,"['pear', 'Apple']"
../foodsg-233\mee pok\SSD3QJEDADW9V4DN4D7PJUD6.jpg,mee pok,all,393cd14305562e54bae56fce262afc8a,"['mee pok', 'Fish Ball Noodles']"
../foodsg-233\Fish Ball Noodles\DUODZV13VY51GRT08MU8H7KB.jpg,Fish Ball Noodles,all,393cd14305562e54bae56fce262afc8a,"['mee pok', 'Fish Ball Noodles']"
../foodsg-233\Kueh Salat\ZX30RZFEDCJNHQEVL0XERD0Z.jpg,Kueh Salat,all,393dd3925c3ec026cff868fb784ecec6,"['Kueh Salat', 'kueh lapis - rainbow']"
../foodsg-233\kueh lapis - rainbow\X5VY4FSSJK1YTPVY6OQBU18L.jpg,kueh lapis - rainbow,all,393dd3925c3ec026cff868fb784ecec6,"['Kueh Salat', 'kueh lapis - rainbow']"
../foodsg-233\bee hoon\T0GPMA56EVCQLP5K5IG79INN.jpg,bee hoon,all,3962e993f3e5e817b5086977ad6260d6,"['bee hoon', 'vegetarian bee hoon']"
../foodsg-233\vegetarian bee hoon\9EE7UA4P2PDUU480WZEF2CYW.jpg,vegetarian bee hoon,all,3962e993f3e5e817b5086977ad6260d6,"['bee hoon', 'vegetarian bee hoon']"
"../foodsg-233\Bee hoon, soto\2U78ZB6SR7PSKI3M574AUB6B.jpg","Bee hoon, soto",all,397c244d2507d50f7bf32c1a7a347a10,"['Bee hoon, soto', 'Mee soto']"
../foodsg-233\Mee soto\W4ACTMA3WKLO9TXM1P3WDJRB.jpg,Mee soto,all,397c244d2507d50f7bf32c1a7a347a10,"['Bee hoon, soto', 'Mee soto']"
../foodsg-233\Mee bandung\KAQYAZR5AL8JIDVM80W83ESJ.jpg,Mee bandung,all,39b37019b177da582bd373b852327ea2,"['Mee bandung', 'Mee rebus']"
../foodsg-233\Mee rebus\Y2HDAY1CMQMCONQEYMJR5A86.jpg,Mee rebus,all,39b37019b177da582bd373b852327ea2,"['Mee bandung', 'Mee rebus']"
../foodsg-233\Mee kuah\X9CN0EB6RWA3H5X1M7BYP4B4.jpg,Mee kuah,all,39bd58bcb33d732ceb1a03d2e207d6d5,"['Mee kuah', 'Mee bandung']"
../foodsg-233\Mee bandung\704P1IYI46CXTFOJL2WUNXYB.jpg,Mee bandung,all,39bd58bcb33d732ceb1a03d2e207d6d5,"['Mee kuah', 'Mee bandung']"
"../foodsg-233\Bee hoon, goreng\GRCU1HVJG3WRJH3LV8FG5VTZ.jpg","Bee hoon, goreng",all,39d80fce02271e2e22ed4ac864a96c31,"['Bee hoon, goreng', 'hokkien prawn mee']"
../foodsg-233\hokkien prawn mee\ZDC7G2FV97JOEIKDHYQV01RG.jpg,hokkien prawn mee,all,39d80fce02271e2e22ed4ac864a96c31,"['Bee hoon, goreng', 'hokkien prawn mee']"
../foodsg-233\steamed buns\1WMGCS3POKSGUZIIA4EQQJ0C.jpg,steamed buns,all,39e6a3350cf8d2b53f61f6d0b7dc5355,"['steamed buns', 'char siew pau']"
../foodsg-233\char siew pau\P9CQCQ3GDDSBT57R6AIY4AS4.jpg,char siew pau,all,39e6a3350cf8d2b53f61f6d0b7dc5355,"['steamed buns', 'char siew pau']"
../foodsg-233\Mee bandung\XJQY53MAQQWO4EE712UP6I8R.jpg,Mee bandung,all,3a070c37c89a7e276ca98246af8cabb4,"['Mee bandung', 'Mee rebus']"
../foodsg-233\Mee rebus\3ELI1XTZH108W0KCYLQPK8QB.jpg,Mee rebus,all,3a070c37c89a7e276ca98246af8cabb4,"['Mee bandung', 'Mee rebus']"
../foodsg-233\Laksa\2QI8PEWX8D3XYZDYQTDYECMI.jpg,Laksa,all,3a1ad54c908127f44aa098db5e63075d,"['Laksa', 'Mee siam']"
../foodsg-233\Mee siam\VHJY1F8CHRI5MCUQNZQ9TIRX.jpg,Mee siam,all,3a1ad54c908127f44aa098db5e63075d,"['Laksa', 'Mee siam']"
../foodsg-233\Soto ayam\ZYCSEVKII858KEOYZA9MILOW.jpg,Soto ayam,all,3a55dad4c50ac49f2eae789ff26d6358,"['Soto ayam', 'Bee hoon, soto']"
"../foodsg-233\Bee hoon, soto\K68W8KO4PAXDDOS4IVBFIRSB.jpg","Bee hoon, soto",all,3a55dad4c50ac49f2eae789ff26d6358,"['Soto ayam', 'Bee hoon, soto']"
../foodsg-233\bee hoon\T4XEYVC06W1BKPN2IBRN8K7E.jpg,bee hoon,all,3a586905ca901f7cf4b0c87e17f2c59c,"['bee hoon', 'Bee hoon, goreng']"
"../foodsg-233\Bee hoon, goreng\U17Q0O83AXXNBRG8Q2FTCC2I.jpg","Bee hoon, goreng",all,3a586905ca901f7cf4b0c87e17f2c59c,"['bee hoon', 'Bee hoon, goreng']"
../foodsg-233\mixed vegetables\DTBZATSZ3FGH1OH3463URLBE.jpg,mixed vegetables,all,3a68bc2c52d46a3251f7ab92e215285e,"['mixed vegetables', 'Bibimbap']"
../foodsg-233\Bibimbap\UWG253MRUV3UMEJ51ODDAYCV.jpg,Bibimbap,all,3a68bc2c52d46a3251f7ab92e215285e,"['mixed vegetables', 'Bibimbap']"
"../foodsg-233\Bee hoon, soto\IMQOYOLEVPVIGBNE71LC7TTJ.jpg","Bee hoon, soto",all,3aa2a4c5aee4b096a9362995767521d5,"['Bee hoon, soto', 'Mee soto']"
../foodsg-233\Mee soto\FI2L1J51029JS5NJTUUEAE0Q.jpg,Mee soto,all,3aa2a4c5aee4b096a9362995767521d5,"['Bee hoon, soto', 'Mee soto']"
../foodsg-233\whole wheat\U0458LAC286GEMYBMTKTGJX0.jpg,whole wheat,all,3aa6b7526240aa22815879ec9cb3c107,"['whole wheat', 'whole grain bread']"
../foodsg-233\whole grain bread\WUM2BEU4BV5LLADO9ZFM633Q.jpg,whole grain bread,all,3aa6b7526240aa22815879ec9cb3c107,"['whole wheat', 'whole grain bread']"
../foodsg-233\Bubble Milk Tea\E3X26AF1LB5B60HW9OZXQVVG.jpg,Bubble Milk Tea,all,3aaec1da620d9b443576f947bf1e548f,"['Bubble Milk Tea', 'chin chow drink']"
../foodsg-233\chin chow drink\H1UAU8GC8LV0XXDFD7LNAG01.jpg,chin chow drink,all,3aaec1da620d9b443576f947bf1e548f,"['Bubble Milk Tea', 'chin chow drink']"
../foodsg-233\Sweets\21TGNC43ZMNWC5Q0CZWKQL9K.jpg,Sweets,all,3b2926cdaf9c5d3c98e765ad6418dd09,"['Sweets', 'Chocolate']"
../foodsg-233\Chocolate\7KHVWL9LRCI5HOP0J8HJVRUF.jpg,Chocolate,all,3b2926cdaf9c5d3c98e765ad6418dd09,"['Sweets', 'Chocolate']"
../foodsg-233\bee hoon\N0FX4JL2IFPBXWRA9WTXUQNS.jpg,bee hoon,all,3b32fbb01aca257f352614480449c8b5,"['bee hoon', 'Bee hoon, goreng']"
"../foodsg-233\Bee hoon, goreng\FQSWF5I1PEEFNX34BCJIGQPD.jpg","Bee hoon, goreng",all,3b32fbb01aca257f352614480449c8b5,"['bee hoon', 'Bee hoon, goreng']"
../foodsg-233\Mee soto\7RF9RDXSV2E34M41AKAQMMMH.jpg,Mee soto,all,3b3e2f2cfb3ff5031675ad8426a1c52e,"['Mee soto', 'Mee siam']"
../foodsg-233\Mee siam\4XVZ7CBC59K6PBN6DL0C0TNY.jpg,Mee siam,all,3b3e2f2cfb3ff5031675ad8426a1c52e,"['Mee soto', 'Mee siam']"
../foodsg-233\drunken prawn\157XLLV1FNZPRFALXFHER83U.jpg,drunken prawn,all,3b47aa728ad5fe52e9846a8fd2739f70,"['drunken prawn', 'fried prawn']"
../foodsg-233\fried prawn\MMHMMDGEM8T01CAOTIO7SVF4.jpg,fried prawn,all,3b47aa728ad5fe52e9846a8fd2739f70,"['drunken prawn', 'fried prawn']"
../foodsg-233\Laksa\Q21PSHIREF1SA2D2KH7V6PZK.jpg,Laksa,all,3b48d9a766369685081fc82a99242958,"['Laksa', 'Mee siam']"
../foodsg-233\Mee siam\IKDGUD5Z15U32FPMF8RVNGTX.jpg,Mee siam,all,3b48d9a766369685081fc82a99242958,"['Laksa', 'Mee siam']"
../foodsg-233\Pomelo\16SSTY8B9RDHMN54VZISSSQP.jpg,Pomelo,all,3b83e1fe46ea5262650504937da6d0ac,"['Pomelo', 'Grapefruit']"
../foodsg-233\Grapefruit\0B1Z3D7UNMQXFQ06YSZZJOVJ.jpg,Grapefruit,all,3b83e1fe46ea5262650504937da6d0ac,"['Pomelo', 'Grapefruit']"
../foodsg-233\drunken prawn\JWAD40601SMKFS9GWJ1GQWX5.jpg,drunken prawn,all,3bb19c4f20d8b9ac86e02436fc254f2d,"['drunken prawn', 'fried prawn']"
../foodsg-233\fried prawn\HXPQWIYQZ1VKM62TYCIAG9YO.jpg,fried prawn,all,3bb19c4f20d8b9ac86e02436fc254f2d,"['drunken prawn', 'fried prawn']"
../foodsg-233\whole grain bread\1BLLJ6EJRV278KFHL7WBCB8B.jpg,whole grain bread,all,3bc28212a38b54c2d4a35e025741a164,"['whole grain bread', 'whole wheat']"
../foodsg-233\whole wheat\SRFDPTXL3KQFJ77RYL3OMARI.jpg,whole wheat,all,3bc28212a38b54c2d4a35e025741a164,"['whole grain bread', 'whole wheat']"
../foodsg-233\Pomelo\DL390LLXBNV4BJNQMFG7242T.jpg,Pomelo,all,3bdb060997889364b26f482cce50edee,"['Pomelo', 'Grapefruit']"
../foodsg-233\Grapefruit\JHCLKO2XUTO9P45PWI6SAGP9.jpg,Grapefruit,all,3bdb060997889364b26f482cce50edee,"['Pomelo', 'Grapefruit']"
../foodsg-233\Mee siam\GAR7B6HV1UOXU6SJLPBZZ7DJ.jpg,Mee siam,all,3c02f13fefe56f11fe8210453078c2e8,"['Mee siam', 'Mee siam, fried']"
"../foodsg-233\Mee siam, fried\IWG2UWYGTBS0843LEO1D7STN.jpg","Mee siam, fried",all,3c02f13fefe56f11fe8210453078c2e8,"['Mee siam', 'Mee siam, fried']"
../foodsg-233\rock melon\483NRNE6BYXZBNDBGCQYO1PG.jpg,rock melon,all,3c065011a8d06460fcf372c52818b37b,"['rock melon', 'honeydew']"
../foodsg-233\honeydew\E77K4CSJZP9LW695VOT2JR9P.jpg,honeydew,all,3c065011a8d06460fcf372c52818b37b,"['rock melon', 'honeydew']"
../foodsg-233\honeydew\35OL0IMHIPZXPBBZATL39V23.jpg,honeydew,all,3c50f1b21ef740128694478ff840a970,"['honeydew', 'Fruit juice']"
../foodsg-233\Fruit juice\ZV23OC7YDU7YKIH6DCPSNREN.jpg,Fruit juice,all,3c50f1b21ef740128694478ff840a970,"['honeydew', 'Fruit juice']"
../foodsg-233\Wholegrain Wrap\09L4L12WFBLKZTW6WWKTROYE.jpg,Wholegrain Wrap,all,3c5d3326acd32a2617dff0f00f178010,"['Wholegrain Wrap', 'whole wheat']"
../foodsg-233\whole wheat\17OTHPHEMUNC1O4ZBIA7CFT5.jpg,whole wheat,all,3c5d3326acd32a2617dff0f00f178010,"['Wholegrain Wrap', 'whole wheat']"
"../foodsg-233\Mee siam, fried\XNKAOZ0TP98Z50E15C81XT3L.jpg","Mee siam, fried",all,3c825504ddf6356057a5674b9f5a6411,"['Mee siam, fried', 'Mee siam']"
../foodsg-233\Mee siam\TU1FNCT0H0O4SU1U1YEXEKXE.jpg,Mee siam,all,3c825504ddf6356057a5674b9f5a6411,"['Mee siam, fried', 'Mee siam']"
../foodsg-233\Lontong with sayur lodeh\JTI57Y4SXAEN6HB83G8DNJLU.jpg,Lontong with sayur lodeh,all,3ca09e63526e68972b1be3511aecbc4f,"['Lontong with sayur lodeh', 'lontong']"
../foodsg-233\lontong\S1M67AV7MDBVM55X42W6GXF8.jpg,lontong,all,3ca09e63526e68972b1be3511aecbc4f,"['Lontong with sayur lodeh', 'lontong']"
../foodsg-233\mushroom soup\OEKN7RNQK1160J38L2MKH8GG.jpg,mushroom soup,all,3ca2605e99d42a18ff26822aa82ff5ef,"['mushroom soup', 'cream soup']"
../foodsg-233\cream soup\NEWQY6TUT44A1F0DKCZPQJDM.jpg,cream soup,all,3ca2605e99d42a18ff26822aa82ff5ef,"['mushroom soup', 'cream soup']"
../foodsg-233\bee hoon\UII72BBWEOT4QTA1WIJIYPZ9.jpg,bee hoon,all,3cc7586f6fa2fa134f8e1d853a79950d,"['bee hoon', 'Bee hoon, soto']"
"../foodsg-233\Bee hoon, soto\N36WW3ZYPLFM1DLM1VWCZBH2.jpg","Bee hoon, soto",all,3cc7586f6fa2fa134f8e1d853a79950d,"['bee hoon', 'Bee hoon, soto']"
../foodsg-233\Soto ayam\KQFHTCMGJ7K33P43OIWC825U.jpg,Soto ayam,all,3ce937016ec9fb3484c96817d1551353,"['Soto ayam', 'Mee soto']"
../foodsg-233\Mee soto\WQDCIVZOY874MMG9XRMGEBRY.jpg,Mee soto,all,3ce937016ec9fb3484c96817d1551353,"['Soto ayam', 'Mee soto']"
../foodsg-233\steamed buns\1JRD8DW3MPQFVS42553GJL5D.jpg,steamed buns,all,3cf896e3eb8b95755b7954596684820d,"['steamed buns', 'char siew pau']"
../foodsg-233\char siew pau\6GPHF6CI1RVFJHG61TKNFOEZ.jpg,char siew pau,all,3cf896e3eb8b95755b7954596684820d,"['steamed buns', 'char siew pau']"
"../foodsg-233\Mee siam, fried\UGR8LATGQGPVXWA7J6UHEPD8.jpg","Mee siam, fried",all,3d042ff46535f4b03eaebdbd466486bc,"['Mee siam, fried', 'Mee siam']"
../foodsg-233\Mee siam\Y3UEARFDY3SQIFVUZC3DZFYE.jpg,Mee siam,all,3d042ff46535f4b03eaebdbd466486bc,"['Mee siam, fried', 'Mee siam']"
../foodsg-233\strawberry\9DY5G0JZYXVPAM4E9UFXESHW.jpg,strawberry,all,3d0d5b9c3d203c8261807ae9997298e1,"['strawberry', 'Apple', 'blueberries']"
../foodsg-233\Apple\QM5U53N1N1IYYIJ7BGYBQ86Z.jpg,Apple,all,3d0d5b9c3d203c8261807ae9997298e1,"['strawberry', 'Apple', 'blueberries']"
../foodsg-233\blueberries\5ZWQ1CVLIUY4R1AD2MQVV7R4.jpg,blueberries,all,3d0d5b9c3d203c8261807ae9997298e1,"['strawberry', 'Apple', 'blueberries']"
../foodsg-233\blueberries\M7B3TTD9TK449BZ66RPNB36S.jpg,blueberries,all,3d156ed7306a810a7f62d5e99863c410,"['blueberries', 'preserved fruit snacks']"
../foodsg-233\preserved fruit snacks\3W0NICVBFYNKJ8OLBWT0GNXK.jpg,preserved fruit snacks,all,3d156ed7306a810a7f62d5e99863c410,"['blueberries', 'preserved fruit snacks']"
../foodsg-233\Mee goreng\KW5SPMR8Z994T43CHX3CPS89.jpg,Mee goreng,all,3d286094a226da8f672ae8ac7557deb7,"['Mee goreng', 'Soto ayam']"
../foodsg-233\Soto ayam\L6NOG52U29704DU403SQ2679.jpg,Soto ayam,all,3d286094a226da8f672ae8ac7557deb7,"['Mee goreng', 'Soto ayam']"
../foodsg-233\sliced fish soup\87SK772DQ2RTLLIGRPEIJ508.jpg,sliced fish soup,all,3d574779cd1b2e5bbfa09fcd35443344,"['sliced fish soup', 'Seafood Noodles Soup']"
../foodsg-233\Seafood Noodles Soup\15JJ4YSGK4MFZ3WW1R60GHDL.jpg,Seafood Noodles Soup,all,3d574779cd1b2e5bbfa09fcd35443344,"['sliced fish soup', 'Seafood Noodles Soup']"
../foodsg-233\drunken prawn\8AECXTUEB4S4R2N6VL7GKDUI.jpg,drunken prawn,all,3d80551bd9086ee1a392ab897be3182f,"['drunken prawn', 'fried prawn']"
../foodsg-233\fried prawn\HRWMTQMG7Z0UIKC6YNNYZXD8.jpg,fried prawn,all,3d80551bd9086ee1a392ab897be3182f,"['drunken prawn', 'fried prawn']"
../foodsg-233\chicken soup\1QNQV18I4WZK3IEFI5JX92DE.jpg,chicken soup,all,3dc7746913040354d2c004601bda3077,"['chicken soup', 'cream soup']"
../foodsg-233\cream soup\ALFPVPLMG5PE5R479SW9YJXV.jpg,cream soup,all,3dc7746913040354d2c004601bda3077,"['chicken soup', 'cream soup']"
../foodsg-233\pineapple\AVLRXKVLCA6LNAH7D8SAX3BW.jpg,pineapple,all,3dc8fd91056022955831eef44a62aec2,"['pineapple', 'strawberry']"
../foodsg-233\strawberry\NW1WLI9PTVV5NJQB5EV0ADIG.jpg,strawberry,all,3dc8fd91056022955831eef44a62aec2,"['pineapple', 'strawberry']"
../foodsg-233\Mee siam\OFNPTY5ON0KT4SLD9HRUCAI4.jpg,Mee siam,all,3dd4a169a42f56365032be9f0b475c9d,"['Mee siam', 'Mee kuah']"
../foodsg-233\Mee kuah\EBRXV85MCX8KNZ6NPPWNJEX0.jpg,Mee kuah,all,3dd4a169a42f56365032be9f0b475c9d,"['Mee siam', 'Mee kuah']"
../foodsg-233\cream soup\TMX6XNCT4T7GKELSTRJLRXRH.jpg,cream soup,all,3dda71167edad4ae4b96bacf44d30442,"['cream soup', 'mushroom soup']"
../foodsg-233\mushroom soup\ULPIZEF8EJAGP3LB1EU7UEWI.jpg,mushroom soup,all,3dda71167edad4ae4b96bacf44d30442,"['cream soup', 'mushroom soup']"
../foodsg-233\fried chicken\ALLH20DKUCRW3IAB5FT6N1RE.jpg,fried chicken,all,3e083a0aae20fd3bee69fabfde91fbc1,"['fried chicken', 'Rice, with dakgalbi']"
"../foodsg-233\Rice, with dakgalbi\7LE9URZNOU5OLWY2I5NL10IB.jpg","Rice, with dakgalbi",all,3e083a0aae20fd3bee69fabfde91fbc1,"['fried chicken', 'Rice, with dakgalbi']"
../foodsg-233\mixed vegetables\LE9IFHJB94KO1KTJECNQU3V0.jpg,mixed vegetables,all,3e16c3e02286d8275862f71979303cfa,"['mixed vegetables', 'green leafy vegetables']"
../foodsg-233\green leafy vegetables\T2ETC114D2WSSPRXUDRHJEB7.jpg,green leafy vegetables,all,3e16c3e02286d8275862f71979303cfa,"['mixed vegetables', 'green leafy vegetables']"
"../foodsg-233\Bee hoon, soto\QAPO4EPJBWFV272191CAU8MZ.jpg","Bee hoon, soto",all,3e43d066b2fd52d5194dd5e7935d470e,"['Bee hoon, soto', 'Soto ayam']"
../foodsg-233\Soto ayam\PJA6KIEEP08114ABU0TUA0IX.jpg,Soto ayam,all,3e43d066b2fd52d5194dd5e7935d470e,"['Bee hoon, soto', 'Soto ayam']"
../foodsg-233\tom yum noodle soup\ZJTXLSV2T5S8RE7VYSIKKUMD.jpg,tom yum noodle soup,all,3e5bc7c5f87bd90f127e4ce571eac6c7,"['tom yum noodle soup', 'chicken soup']"
../foodsg-233\chicken soup\TRM28SJ16OGONGSJOHKKAAXG.jpg,chicken soup,all,3e5bc7c5f87bd90f127e4ce571eac6c7,"['tom yum noodle soup', 'chicken soup']"
../foodsg-233\Soto ayam\3LJS7RLZJJCJAGATGDBI8JLH.jpg,Soto ayam,all,3e6f943b1361601e99ab4370ceaea965,"['Soto ayam', 'Mee soto']"
../foodsg-233\Mee soto\XQRJ6EA7FHG9AYAJ9IU8KNEK.jpg,Mee soto,all,3e6f943b1361601e99ab4370ceaea965,"['Soto ayam', 'Mee soto']"
../foodsg-233\Mee siam\BQ88WYMUPK0CMZ1WN5OXAYTX.jpg,Mee siam,all,3e80b710d2d26cd03514f4427bd82922,"['Mee siam', 'Mee siam, fried']"
"../foodsg-233\Mee siam, fried\BFABQ3OXAFOH28VFOEZKL3KG.jpg","Mee siam, fried",all,3e80b710d2d26cd03514f4427bd82922,"['Mee siam', 'Mee siam, fried']"
../foodsg-233\lontong\P2OMYAESRF8UUKYBNF4HQ1XQ.jpg,lontong,all,3f368d92d95203567cc93e46cdb011e8,"['lontong', 'Lontong with sayur lodeh']"
../foodsg-233\Lontong with sayur lodeh\Q2RR4ZV58FEVAA02A5BPE7B5.jpg,Lontong with sayur lodeh,all,3f368d92d95203567cc93e46cdb011e8,"['lontong', 'Lontong with sayur lodeh']"
../foodsg-233\Ban Mian\Z8V719KB832I6Y6IZOUNNNXZ.jpg,Ban Mian,all,3f396317d0af0873f374efb291e290fb,"['Ban Mian', 'sliced fish soup']"
../foodsg-233\sliced fish soup\SMV29YYC5NRXT58WGDHW2FO0.jpg,sliced fish soup,all,3f396317d0af0873f374efb291e290fb,"['Ban Mian', 'sliced fish soup']"
../foodsg-233\Kueh Salat\YS9RIX0F38LFCH095J6KEBX6.jpg,Kueh Salat,all,3f8e70c755c7b9ce98c7d95f832b0b02,"['Kueh Salat', 'kueh lapis - rainbow']"
../foodsg-233\kueh lapis - rainbow\I8OX6BOQO8TML9R6RT5PCD3T.jpg,kueh lapis - rainbow,all,3f8e70c755c7b9ce98c7d95f832b0b02,"['Kueh Salat', 'kueh lapis - rainbow']"
../foodsg-233\Mee goreng\PO1R5WXFKKBTQ1OAZXZ4YKJ4.jpg,Mee goreng,all,3fe8daf44063d5141e74fbe922be7b9a,"['Mee goreng', 'Bee hoon, goreng']"
"../foodsg-233\Bee hoon, goreng\D1KBBQKAP02QQI66TIO0FLXL.jpg","Bee hoon, goreng",all,3fe8daf44063d5141e74fbe922be7b9a,"['Mee goreng', 'Bee hoon, goreng']"
../foodsg-233\Mee rebus\ENDHPGWXMMI554RCDO6U9ZH2.jpg,Mee rebus,all,400eab274a00961eef513f0598a31eaf,"['Mee rebus', 'Mee bandung']"
../foodsg-233\Mee bandung\WVB44R9QXZAB02TAJEMDI8SV.jpg,Mee bandung,all,400eab274a00961eef513f0598a31eaf,"['Mee rebus', 'Mee bandung']"
../foodsg-233\Mee rebus\LXMIFYPII5JDADWUB4DNYXO4.jpg,Mee rebus,all,4032765e0283d66c9cbd3e1bbd6d658d,"['Mee rebus', 'Mee soto']"
../foodsg-233\Mee soto\H6WK6LYX7MA1NBOX8TWPWLW7.jpg,Mee soto,all,4032765e0283d66c9cbd3e1bbd6d658d,"['Mee rebus', 'Mee soto']"
../foodsg-233\Pomelo\IO967TYVQQAPJCGCWG1MIRKX.jpg,Pomelo,all,4032a8dc43ab900bcda993608983b5e0,"['Pomelo', 'Grapefruit']"
../foodsg-233\Grapefruit\P12OLNHRM82249T5ZMM5IOOH.jpg,Grapefruit,all,4032a8dc43ab900bcda993608983b5e0,"['Pomelo', 'Grapefruit']"
../foodsg-233\cream soup\W9M15AGM9399MAJEKEYTH9CR.jpg,cream soup,all,4047aa2482f1f26fd6589b2decb5bf9c,"['cream soup', 'mushroom soup']"
../foodsg-233\mushroom soup\4VY7Z7XMA77R3IIFUR2AWURI.jpg,mushroom soup,all,4047aa2482f1f26fd6589b2decb5bf9c,"['cream soup', 'mushroom soup']"
../foodsg-233\Laksa\1M3OA5POXAM9XPP2AU66BPRD.jpg,Laksa,all,4051e44aabcc241a40e73a3069040a89,"['Laksa', 'satay bee hoon']"
../foodsg-233\satay bee hoon\CWL5I07GMWGAEPRRVSHVXECY.jpg,satay bee hoon,all,4051e44aabcc241a40e73a3069040a89,"['Laksa', 'satay bee hoon']"
../foodsg-233\Laksa\H7UQDRH6JBB3EVQQEKP5EH2Q.jpg,Laksa,all,4051e44aabcc241a40e73a3069040a89,"['Laksa', 'satay bee hoon']"
"../foodsg-233\Bee hoon, soto\HJ5D7WCWIAP8KLWXWUUZAD5K.jpg","Bee hoon, soto",all,405b556e3d59660b3967364b16eceeaa,"['Bee hoon, soto', 'bee hoon']"
../foodsg-233\bee hoon\X0PMJIAVB7IVVH4NFUOXB410.jpg,bee hoon,all,405b556e3d59660b3967364b16eceeaa,"['Bee hoon, soto', 'bee hoon']"
../foodsg-233\whole wheat\R4AUULKAI0R5LFN95Y45ZKOR.jpg,whole wheat,all,40628842904cecfc2b6eb36f2ffc43e1,"['whole wheat', 'wholegrain pasta']"
../foodsg-233\wholegrain pasta\WCGDO395VCPCOXK9C6DXHTZR.jpg,wholegrain pasta,all,40628842904cecfc2b6eb36f2ffc43e1,"['whole wheat', 'wholegrain pasta']"
../foodsg-233\pasta - red sauce\468XNGG4XAC0189UUZD98AEF.jpg,pasta - red sauce,all,406765454f2da37e6c61856a4d69920a,"['pasta - red sauce', 'chicken masala']"
../foodsg-233\chicken masala\R6FOZ4N1W8M35XFVXXRBCZ2M.jpg,chicken masala,all,406765454f2da37e6c61856a4d69920a,"['pasta - red sauce', 'chicken masala']"
../foodsg-233\Lontong with sayur lodeh\9TQP8TXPAZK7H8YHLIX7W7SF.jpg,Lontong with sayur lodeh,all,4086c58e61a26d68f58882e303bacf7b,"['Lontong with sayur lodeh', 'lontong']"
../foodsg-233\lontong\D7WJQD4THTRP3HLF954PT14K.jpg,lontong,all,4086c58e61a26d68f58882e303bacf7b,"['Lontong with sayur lodeh', 'lontong']"
"../foodsg-233\Mee siam, fried\W1PXZNPP4R1QGHB5U7RD635E.jpg","Mee siam, fried",all,408aad402f03008ceac7e6f0a03f78db,"['Mee siam, fried', 'Mee siam']"
../foodsg-233\Mee siam\LPY5XWYLTYTLDN8SREUTCW53.jpg,Mee siam,all,408aad402f03008ceac7e6f0a03f78db,"['Mee siam, fried', 'Mee siam']"
"../foodsg-233\Bee hoon, soto\82YT8LHG9XQ3K4JHQQ1SN21T.jpg","Bee hoon, soto",all,40ba6e73097b78dd2093e2070811bad8,"['Bee hoon, soto', 'Mee soto']"
../foodsg-233\Mee soto\70USL9RXXWO4YVBGAFZS9NSP.jpg,Mee soto,all,40ba6e73097b78dd2093e2070811bad8,"['Bee hoon, soto', 'Mee soto']"
../foodsg-233\honeydew\A5KCHG5BPZ0722YFC71H34XQ.jpg,honeydew,all,40bbdb84e2bf6f25c397d8f1a80380e4,"['honeydew', 'rock melon']"
../foodsg-233\rock melon\WIBOL4O3VXUUV3L8GENJVJDK.jpg,rock melon,all,40bbdb84e2bf6f25c397d8f1a80380e4,"['honeydew', 'rock melon']"
../foodsg-233\mushroom soup\H2YE2S2GQD17XWV5U72I317P.jpg,mushroom soup,all,40d09039fb565962fb26efda1f9e46d8,"['mushroom soup', 'cream soup']"
../foodsg-233\cream soup\Z8GIPSOUS7IG7MAXHOT1G1DP.jpg,cream soup,all,40d09039fb565962fb26efda1f9e46d8,"['mushroom soup', 'cream soup']"
../foodsg-233\sliced fish soup\TCS4G4RPV2M3J9Q40BIO34BQ.jpg,sliced fish soup,all,40d5d7bc1ff15b612da394a8892dcd6b,"['sliced fish soup', 'Hor Fun']"
../foodsg-233\Hor Fun\CECQS1JNB7RVQA9PZSUGM1ID.jpg,Hor Fun,all,40d5d7bc1ff15b612da394a8892dcd6b,"['sliced fish soup', 'Hor Fun']"
../foodsg-233\singapore sling\QXHQ48IELWBFSMK6DP3ZUZUL.jpg,singapore sling,all,40f383ce6e24f24db65a82f9dc5c0f81,"['singapore sling', 'Alcoholic Beverage']"
../foodsg-233\Alcoholic Beverage\BUN6I9OEYZGU7I4TQQEFSUKA.jpg,Alcoholic Beverage,all,40f383ce6e24f24db65a82f9dc5c0f81,"['singapore sling', 'Alcoholic Beverage']"
../foodsg-233\Mee soto\GZ7E5DVBCHWKKJ1YCUEIPCOI.jpg,Mee soto,all,40f655f1d8fff2dd2df8eacd2fbdf2da,"['Mee soto', 'Bee hoon, soto']"
"../foodsg-233\Bee hoon, soto\91BQ2TO3WQKHSITM6TOI8EHK.jpg","Bee hoon, soto",all,40f655f1d8fff2dd2df8eacd2fbdf2da,"['Mee soto', 'Bee hoon, soto']"
../foodsg-233\chai tow kuay\ML7P698FJTY6JDNRUV32SYIQ.jpg,chai tow kuay,all,4104708d0b99966e7edd1b8fc9cc71be,"['chai tow kuay', 'Kway Teow']"
../foodsg-233\Kway Teow\HN7EK0NZAH7AFKRM0D1OL3KD.jpg,Kway Teow,all,4104708d0b99966e7edd1b8fc9cc71be,"['chai tow kuay', 'Kway Teow']"
../foodsg-233\bee hoon\T1FF9E4DIUG5QNUW8C7PZYD8.jpg,bee hoon,all,4134987a19968ab7816b9b8fd98dbcda,"['bee hoon', 'satay bee hoon']"
../foodsg-233\satay bee hoon\65PFAHSNVBDE5JS93V79KPA5.jpg,satay bee hoon,all,4134987a19968ab7816b9b8fd98dbcda,"['bee hoon', 'satay bee hoon']"
../foodsg-233\fish head curry\1VZ8DNGSZT0X8B7TJ70ON4KJ.jpg,fish head curry,all,41cd22d89f1ec331caaa15fa450ec897,"['fish head curry', 'assam pedas']"
../foodsg-233\assam pedas\KXZAQE23QT1NQ5DL7RDMTDFN.jpg,assam pedas,all,41cd22d89f1ec331caaa15fa450ec897,"['fish head curry', 'assam pedas']"
"../foodsg-233\Miso ramen, with fishcake\QEHG7FE264OLFRKX5P9D5XKQ.jpg","Miso ramen, with fishcake",all,41d3b67e5c82f511cb30c0a1201d3e1d,"['Miso ramen, with fishcake', 'Udon']"
../foodsg-233\Udon\HKJ5J5R2GTFDMFKCSONC8PO4.jpg,Udon,all,41d3b67e5c82f511cb30c0a1201d3e1d,"['Miso ramen, with fishcake', 'Udon']"
../foodsg-233\chicken masala\JRZESP8VPYQMZPIM2XJGNJ34.jpg,chicken masala,all,41ec09e8a846a34f024f6a4de5dd11b2,"['chicken masala', 'tandoori chicken']"
../foodsg-233\tandoori chicken\NM6B63IXTAMN1WYS9O1NGACD.jpg,tandoori chicken,all,41ec09e8a846a34f024f6a4de5dd11b2,"['chicken masala', 'tandoori chicken']"
"../foodsg-233\Bee hoon, soto\HHXH9SW2R3OVOPNC68K41MCB.jpg","Bee hoon, soto",all,41fece200502a3b191ec8a280cff4d8f,"['Bee hoon, soto', 'Prawn Noodle']"
../foodsg-233\Prawn Noodle\U83MQOHKRR53FMM3CEVHFMHH.jpg,Prawn Noodle,all,41fece200502a3b191ec8a280cff4d8f,"['Bee hoon, soto', 'Prawn Noodle']"
../foodsg-233\whole wheat\UDUWFJT1NGPWOB41ZS1J1OQL.jpg,whole wheat,all,421226fd6df62c58f6fcf82b9ef3f6f1,"['whole wheat', 'whole grain bread']"
../foodsg-233\whole grain bread\JXL3EC56I7DU1M2OBIYGMJSA.jpg,whole grain bread,all,421226fd6df62c58f6fcf82b9ef3f6f1,"['whole wheat', 'whole grain bread']"
../foodsg-233\cream soup\RSMST11WR0XB0NAYQCUAQLJH.jpg,cream soup,all,4226a26883584ccbc54094d4823ca11f,"['cream soup', 'mushroom soup']"
../foodsg-233\mushroom soup\1O7K38JTCXYI4S4IE8JHPSVO.jpg,mushroom soup,all,4226a26883584ccbc54094d4823ca11f,"['cream soup', 'mushroom soup']"
../foodsg-233\bee hoon\5V2SCBLKDHK3Z11DO1IK3VXX.jpg,bee hoon,all,422c0f8d599623c80bc6eadb89c8b1b7,"['bee hoon', 'Bee hoon, goreng', 'Mee siam, fried', 'Seafood Noodles Soup', 'Bee hoon, soto']"
"../foodsg-233\Bee hoon, goreng\B0YDGXIFBTRC6EL4EQMCMPDJ.jpg","Bee hoon, goreng",all,422c0f8d599623c80bc6eadb89c8b1b7,"['bee hoon', 'Bee hoon, goreng', 'Mee siam, fried', 'Seafood Noodles Soup', 'Bee hoon, soto']"
"../foodsg-233\Mee siam, fried\RYCOCIXH15DKZWG2VK0MLVSS.jpg","Mee siam, fried",all,422c0f8d599623c80bc6eadb89c8b1b7,"['bee hoon', 'Bee hoon, goreng', 'Mee siam, fried', 'Seafood Noodles Soup', 'Bee hoon, soto']"
../foodsg-233\Seafood Noodles Soup\LOUTWRA86TK83OU6PWQ7G4R2.jpg,Seafood Noodles Soup,all,422c0f8d599623c80bc6eadb89c8b1b7,"['bee hoon', 'Bee hoon, goreng', 'Mee siam, fried', 'Seafood Noodles Soup', 'Bee hoon, soto']"
"../foodsg-233\Bee hoon, soto\XAHMJJ4O2HJ8HZ34XFVPUARB.jpg","Bee hoon, soto",all,422c0f8d599623c80bc6eadb89c8b1b7,"['bee hoon', 'Bee hoon, goreng', 'Mee siam, fried', 'Seafood Noodles Soup', 'Bee hoon, soto']"
"../foodsg-233\Bee hoon, goreng\9YEH5BSQYZ5MFLV85M7HVB64.jpg","Bee hoon, goreng",all,42321e78bf06eabc216151d5a5ffacce,"['Bee hoon, goreng', 'bee hoon']"
../foodsg-233\bee hoon\4AVMQ29M01L6R4OJEJGBXKQY.jpg,bee hoon,all,42321e78bf06eabc216151d5a5ffacce,"['Bee hoon, goreng', 'bee hoon']"
../foodsg-233\bee hoon\R10BA7A5XCFQ9VX9240RAFQL.jpg,bee hoon,all,424395f1423d6d7bba75926bf1642530,"['bee hoon', 'Bee hoon, soto']"
"../foodsg-233\Bee hoon, soto\KH2DP7OGNWBA5FK88PD2X717.jpg","Bee hoon, soto",all,424395f1423d6d7bba75926bf1642530,"['bee hoon', 'Bee hoon, soto']"
../foodsg-233\tacos and nachos\J7SWXZJR43ZN201Y9FYVI3SZ.jpg,tacos and nachos,all,42ac4d7de159de75cf7ba0fe3a294aa1,"['tacos and nachos', 'Snacks and Chips']"
../foodsg-233\Snacks and Chips\05QRLJCJKKN5AVFQLREKFKC6.jpg,Snacks and Chips,all,42ac4d7de159de75cf7ba0fe3a294aa1,"['tacos and nachos', 'Snacks and Chips']"
../foodsg-233\Mee siam\1UYC98SD2661X8YCOW7H525R.jpg,Mee siam,all,42ce5e811a7668e7c4e340d0bafa1652,"['Mee siam', 'Bee hoon, soto']"
"../foodsg-233\Bee hoon, soto\M8TF9LU9LYWQBNGW0D1L1Z4S.jpg","Bee hoon, soto",all,42ce5e811a7668e7c4e340d0bafa1652,"['Mee siam', 'Bee hoon, soto']"
../foodsg-233\Lontong with sayur lodeh\XS38VS5H52SWH50M4BCZ5YEO.jpg,Lontong with sayur lodeh,all,42daef455a49d9def6a900d5ede566ae,"['Lontong with sayur lodeh', 'lontong']"
../foodsg-233\lontong\C4UY6KWH2I5UYBVGIBVIC4FR.jpg,lontong,all,42daef455a49d9def6a900d5ede566ae,"['Lontong with sayur lodeh', 'lontong']"
../foodsg-233\pancake\5XQCEJKIAP47DOEOCZ24U30O.jpg,pancake,all,43297158c2bab92e971c349531da1cb9,"['pancake', 'whole wheat']"
../foodsg-233\whole wheat\MWXH05857N3RPH9CPRA4C42Q.jpg,whole wheat,all,43297158c2bab92e971c349531da1cb9,"['pancake', 'whole wheat']"
../foodsg-233\Soto ayam\WV4LS9RS165MKSY733OEVPKA.jpg,Soto ayam,all,43505fd08abedb68663793d1ba08c311,"['Soto ayam', 'Mee soto', 'Bee hoon, soto']"
../foodsg-233\Mee soto\8GH68S8I6AOVBLJ55OSKQTPJ.jpg,Mee soto,all,43505fd08abedb68663793d1ba08c311,"['Soto ayam', 'Mee soto', 'Bee hoon, soto']"
"../foodsg-233\Bee hoon, soto\TXX0Z7TAETFA937IT8RP2Y3V.jpg","Bee hoon, soto",all,43505fd08abedb68663793d1ba08c311,"['Soto ayam', 'Mee soto', 'Bee hoon, soto']"
../foodsg-233\Kway Teow\PR5L5BD7C428RIXTFITVFGTJ.jpg,Kway Teow,all,43d96d6b84fa3db9af471c07edfb74cf,"['Kway Teow', 'chai tow kuay']"
../foodsg-233\chai tow kuay\K7N83TKZUU8FEOXM6Z1X5N6Z.jpg,chai tow kuay,all,43d96d6b84fa3db9af471c07edfb74cf,"['Kway Teow', 'chai tow kuay']"
"../foodsg-233\Rice, with dakgalbi\881KWWLGYUN2AACMYYCP7QCI.jpg","Rice, with dakgalbi",all,43ebb4231759123538788c91a10076b7,"['Rice, with dakgalbi', 'Rice, korean bulgogi beef']"
"../foodsg-233\Rice, korean bulgogi beef\T0VJS81M8RH472D8TW3ZDMX4.jpg","Rice, korean bulgogi beef",all,43ebb4231759123538788c91a10076b7,"['Rice, with dakgalbi', 'Rice, korean bulgogi beef']"
../foodsg-233\sliced fish soup\Q46R2O0CDS880NLZC91PIU4W.jpg,sliced fish soup,all,43f9f22e7beb6a723e5381702e1e0d94,"['sliced fish soup', 'vegetable soup']"
../foodsg-233\vegetable soup\81BY42V2OU4LUMUZL902BU0E.jpg,vegetable soup,all,43f9f22e7beb6a723e5381702e1e0d94,"['sliced fish soup', 'vegetable soup']"
../foodsg-233\Mee rebus\MKHYOGYVZSL9Q9S071003PKD.jpg,Mee rebus,all,440b0b50c4b7f68d55f5553285782a02,"['Mee rebus', 'Mee bandung']"
../foodsg-233\Mee bandung\3CVZ08K70XJQVGHS74EZKZ9N.jpg,Mee bandung,all,440b0b50c4b7f68d55f5553285782a02,"['Mee rebus', 'Mee bandung']"
../foodsg-233\whole grain bread\BZOHD4I6OXEMKH7T1FJKCNW1.jpg,whole grain bread,all,4435074c71e6267882c4b4d310661373,"['whole grain bread', 'whole wheat']"
../foodsg-233\whole wheat\68LIFHCESHHXR7U33WE04595.jpg,whole wheat,all,4435074c71e6267882c4b4d310661373,"['whole grain bread', 'whole wheat']"
../foodsg-233\Fried Noodles\6OXGO3C8M4V06SH3CT8KUBQD.jpg,Fried Noodles,all,446afd82a60de4ed1bca1992a3e896ed,"['Fried Noodles', 'Mee siam, fried']"
"../foodsg-233\Mee siam, fried\H41O0I6HO71AEVGIR16YSB91.jpg","Mee siam, fried",all,446afd82a60de4ed1bca1992a3e896ed,"['Fried Noodles', 'Mee siam, fried']"
../foodsg-233\drunken prawn\DIK8U63KO4LMYJ8UUUIZXH74.jpg,drunken prawn,all,446f4ac836a0f868ea8e2c1ab3141f53,"['drunken prawn', 'fried prawn']"
../foodsg-233\fried prawn\UFRGLWABY6OLBMQYM0T6YSQA.jpg,fried prawn,all,446f4ac836a0f868ea8e2c1ab3141f53,"['drunken prawn', 'fried prawn']"
../foodsg-233\Fruit juice\GWFJBZIWAIDQTWRZY3X5IZYP.jpg,Fruit juice,all,447598d870cb667e418e0e7675ba0c48,"['Fruit juice', 'passion fruit']"
../foodsg-233\passion fruit\K62XMGUQPHQIZP533PBURX0J.jpg,passion fruit,all,447598d870cb667e418e0e7675ba0c48,"['Fruit juice', 'passion fruit']"
../foodsg-233\Hor Fun\UYBRBEY7I9EDVBWMA4CE5YF7.jpg,Hor Fun,all,4495281522566c8c8a06a46b144a3c58,"['Hor Fun', 'Kway Teow']"
../foodsg-233\Kway Teow\997U6H0IEUUYTNXVUJP0WG40.jpg,Kway Teow,all,4495281522566c8c8a06a46b144a3c58,"['Hor Fun', 'Kway Teow']"
../foodsg-233\Mee soto\I74ZIEV8MIDF4VJ2C3OYXUOV.jpg,Mee soto,all,44cd7cca5104ff33670b0ee2a5534e60,"['Mee soto', 'Soto ayam']"
../foodsg-233\Soto ayam\X521G15I4TGTONOMG2PVN9ZQ.jpg,Soto ayam,all,44cd7cca5104ff33670b0ee2a5534e60,"['Mee soto', 'Soto ayam']"
../foodsg-233\Pomelo\9UD79DU6FXM1XKJV4OP3A96O.jpg,Pomelo,all,44d76d9744d03a67354f9957e2ba32e2,"['Pomelo', 'Grapefruit']"
../foodsg-233\Grapefruit\E7K5KZDJCWF7DGC1WUC2JYAI.jpg,Grapefruit,all,44d76d9744d03a67354f9957e2ba32e2,"['Pomelo', 'Grapefruit']"
../foodsg-233\Chinese fritters\7VI27GNS9NKBVD300U5872XW.jpg,Chinese fritters,all,452b6ff6ea16cf1ac11d216112b634ab,"['Chinese fritters', 'fried prawn']"
../foodsg-233\fried prawn\WWJ4QKD58V9VXT7P9P7KHNSN.jpg,fried prawn,all,452b6ff6ea16cf1ac11d216112b634ab,"['Chinese fritters', 'fried prawn']"
../foodsg-233\Mee kuah\RJL8R39ML00RZW4EGU30YB5I.jpg,Mee kuah,all,45734835e295f1cf58d6fae23c806dcd,"['Mee kuah', 'Mee bandung', 'Mee rebus']"
../foodsg-233\Mee bandung\QYWJR0NQGJSCSL6NASLVGX2B.jpg,Mee bandung,all,45734835e295f1cf58d6fae23c806dcd,"['Mee kuah', 'Mee bandung', 'Mee rebus']"
../foodsg-233\Mee rebus\1K4KNHIZ8SKUBJSY8ASMVXD4.jpg,Mee rebus,all,45734835e295f1cf58d6fae23c806dcd,"['Mee kuah', 'Mee bandung', 'Mee rebus']"
../foodsg-233\kueh lapis baked\03BYW4ALC105T1U2DK0T345J.jpg,kueh lapis baked,all,457cba6f38be3e0c3bf7231dc23d96b0,"['kueh lapis baked', 'tiramisu']"
../foodsg-233\tiramisu\KR7HOAC7BDHEUDQCBTDVT5OG.jpg,tiramisu,all,457cba6f38be3e0c3bf7231dc23d96b0,"['kueh lapis baked', 'tiramisu']"
../foodsg-233\Mee siam\XLDX9KX6CSDD0OHQ4ETYF69L.jpg,Mee siam,all,45ab0ae4870df786ec6e38eb43a47598,"['Mee siam', 'Mee siam, fried']"
"../foodsg-233\Mee siam, fried\42NEOBGO6QE0O8VGB7KQQ1DV.jpg","Mee siam, fried",all,45ab0ae4870df786ec6e38eb43a47598,"['Mee siam', 'Mee siam, fried']"
../foodsg-233\whole wheat\I7B6AR2TCLCUV0N97TEISSEO.jpg,whole wheat,all,4601acb61cbdc710e98f2973418d4b33,"['whole wheat', 'whole grain bread']"
../foodsg-233\whole grain bread\H76BM0M0MX38BTS8C7DLTB8S.jpg,whole grain bread,all,4601acb61cbdc710e98f2973418d4b33,"['whole wheat', 'whole grain bread']"
../foodsg-233\whole wheat\D4MEKOPV2ZB5GAUT6PFOUSP0.jpg,whole wheat,all,46086ed4292e8f9f8d42c38e0c32ba52,"['whole wheat', 'whole grain bread']"
../foodsg-233\whole grain bread\A5PI0XJSBQUVWT6M74LBUKE6.jpg,whole grain bread,all,46086ed4292e8f9f8d42c38e0c32ba52,"['whole wheat', 'whole grain bread']"
../foodsg-233\Mee soto\29NG8JQ00ZBZJE8DNIQO2OHX.jpg,Mee soto,all,461c31a6809f3a4c2b4e9e52f49ca3eb,"['Mee soto', 'Soto ayam']"
../foodsg-233\Soto ayam\UY8SSC0QUDF54RQV0DWME9PO.jpg,Soto ayam,all,461c31a6809f3a4c2b4e9e52f49ca3eb,"['Mee soto', 'Soto ayam']"
../foodsg-233\Soto ayam\43C7EOSJ4DRXR6U53RB2SHBY.jpg,Soto ayam,all,462eaac5b994b3025d3d8c459dc3e771,"['Soto ayam', 'Mee soto']"
../foodsg-233\Mee soto\0BMLZ4WU7TA7X0CAJAJPFX7I.jpg,Mee soto,all,462eaac5b994b3025d3d8c459dc3e771,"['Soto ayam', 'Mee soto']"
../foodsg-233\whole oats\UGGLC5GVFJEA6SHXKO9URE3M.jpg,whole oats,all,468072aebea7b5cdb6ef6293e6fa716d,"['whole oats', 'breakfast cereal']"
../foodsg-233\breakfast cereal\164R7U6M1MHONW0IFR41QV8Z.jpg,breakfast cereal,all,468072aebea7b5cdb6ef6293e6fa716d,"['whole oats', 'breakfast cereal']"
"../foodsg-233\Bee hoon, goreng\OYFOMS4QBADT2Z9TGG67VAED.jpg","Bee hoon, goreng",all,46bdcd44312f4dbe93bd33c4efa24d95,"['Bee hoon, goreng', 'Bee hoon, soto']"
"../foodsg-233\Bee hoon, soto\LUIG52DIIMJUVY5B1AZY5SH8.jpg","Bee hoon, soto",all,46bdcd44312f4dbe93bd33c4efa24d95,"['Bee hoon, goreng', 'Bee hoon, soto']"
../foodsg-233\bee hoon\WN5AYMB5VDBAJ52X49LG32KN.jpg,bee hoon,all,4704b84f814b671034d330f079299087,"['bee hoon', 'Bee hoon, goreng']"
"../foodsg-233\Bee hoon, goreng\OZNTUAT3N7DKEGME04YQLAWX.jpg","Bee hoon, goreng",all,4704b84f814b671034d330f079299087,"['bee hoon', 'Bee hoon, goreng']"
../foodsg-233\Mee soto\OW27Y6RVI9IGOS6YV9KMO8QN.jpg,Mee soto,all,470b9dc4a235045e74878eb651881c4d,"['Mee soto', 'Soto ayam']"
../foodsg-233\Soto ayam\92407S9J71PJL7CZZZHGQDH1.jpg,Soto ayam,all,470b9dc4a235045e74878eb651881c4d,"['Mee soto', 'Soto ayam']"
../foodsg-233\bee hoon\LMKQ68DSSBG1IVEEFM01SMSX.jpg,bee hoon,all,470d5fdc1b39d1b1ff4180312017041b,"['bee hoon', 'Bee hoon, goreng']"
"../foodsg-233\Bee hoon, goreng\9IEQ3F3HH8UGQ5PG9VJ32XXO.jpg","Bee hoon, goreng",all,470d5fdc1b39d1b1ff4180312017041b,"['bee hoon', 'Bee hoon, goreng']"
../foodsg-233\sliced fish soup\5OOKHBCQ071X8QDJBLYSXV26.jpg,sliced fish soup,all,470e0a282ecbd7d86301ef1b33b2849f,"['sliced fish soup', 'Seafood Noodles Soup']"
../foodsg-233\Seafood Noodles Soup\YLX0P6YUH04ON1II53SQ2ZTU.jpg,Seafood Noodles Soup,all,470e0a282ecbd7d86301ef1b33b2849f,"['sliced fish soup', 'Seafood Noodles Soup']"
../foodsg-233\chai tow kuay\ECELTZNQLOUK5F1MQLDJE5O6.jpg,chai tow kuay,all,4713c94b38ab93af74f19ca041c722a9,"['chai tow kuay', 'oyster omelette']"
../foodsg-233\oyster omelette\F50FBIYFDXBA3TIGLALRDP4H.jpg,oyster omelette,all,4713c94b38ab93af74f19ca041c722a9,"['chai tow kuay', 'oyster omelette']"
../foodsg-233\lontong\5I9UD9O00RT79RDLLWH0JXQA.jpg,lontong,all,4734f034ca7f2a5131d03398e709093e,"['lontong', 'Lontong with sayur lodeh']"
../foodsg-233\Lontong with sayur lodeh\1KMWZU71B4GV4KCDHGIZFKEG.jpg,Lontong with sayur lodeh,all,4734f034ca7f2a5131d03398e709093e,"['lontong', 'Lontong with sayur lodeh']"
../foodsg-233\strawberry\IGNAPLSV1GHEFC3DSDI7UI86.jpg,strawberry,all,477067265532b08e91bb9941248ef64a,"['strawberry', 'Apple']"
../foodsg-233\Apple\EKSGGBDHSXRRH1HR4RB8VDZ0.jpg,Apple,all,477067265532b08e91bb9941248ef64a,"['strawberry', 'Apple']"
../foodsg-233\whole grain bread\AL5JS0EFJJPZYEA13DQSUE24.jpg,whole grain bread,all,479364f75e45fa57362ca5b72de24361,"['whole grain bread', 'whole wheat']"
../foodsg-233\whole wheat\51IHY2D56WSPZYHHR60JPGLT.jpg,whole wheat,all,479364f75e45fa57362ca5b72de24361,"['whole grain bread', 'whole wheat']"
../foodsg-233\fried prawn\01OSGEH9UU5UU5KXEPVF7D47.jpg,fried prawn,all,47aa80a08346680a44c3b31b439a74e0,"['fried prawn', 'drunken prawn']"
../foodsg-233\drunken prawn\LJGTX2OY59861AQV2UEPSKJC.jpg,drunken prawn,all,47aa80a08346680a44c3b31b439a74e0,"['fried prawn', 'drunken prawn']"
../foodsg-233\Seafood Noodles Soup\Q4EC00RA11OPT2Y1TF2TS0PQ.jpg,Seafood Noodles Soup,all,47ee7bb975cc94d52dca0292b215f2aa,"['Seafood Noodles Soup', 'sliced fish soup']"
../foodsg-233\sliced fish soup\E5U7V0CHL1WAB64LEPKB16QN.jpg,sliced fish soup,all,47ee7bb975cc94d52dca0292b215f2aa,"['Seafood Noodles Soup', 'sliced fish soup']"
../foodsg-233\Mee bandung\I3Z1A67O6EZ9FJZZKU46OYV3.jpg,Mee bandung,all,47f5a986415e55c624bd5b5842e1fb89,"['Mee bandung', 'Mee rebus']"
../foodsg-233\Mee rebus\4LH5JZ49VTKV8MNSVPUAGFVR.jpg,Mee rebus,all,47f5a986415e55c624bd5b5842e1fb89,"['Mee bandung', 'Mee rebus']"
../foodsg-233\lontong\2P4AAUKPJN8I0OMGJ4OQNYQD.jpg,lontong,all,48253701ebd43633ca54cf6199b1da8a,"['lontong', 'Lontong with sayur lodeh']"
../foodsg-233\Lontong with sayur lodeh\2NSDKGU0IIPI9GDJBGS03YAS.jpg,Lontong with sayur lodeh,all,48253701ebd43633ca54cf6199b1da8a,"['lontong', 'Lontong with sayur lodeh']"
../foodsg-233\Soto ayam\3TTMTU9M8H473PQMCDIFFXE3.jpg,Soto ayam,all,4838916360324bb450f35b7e219b9d4a,"['Soto ayam', 'Mee soto']"
../foodsg-233\Mee soto\VZIMGO2GLPQLZBZINQ8EE1W9.jpg,Mee soto,all,4838916360324bb450f35b7e219b9d4a,"['Soto ayam', 'Mee soto']"
../foodsg-233\Fish Ball Noodles\2XNGBPBOPOH975ZP7RZWFFR7.jpg,Fish Ball Noodles,all,48441ec1061e141a35cb3b6da6348cf1,"['Fish Ball Noodles', 'mee pok']"
../foodsg-233\mee pok\PE85GD9KE7SW4K4B0T44KDYT.jpg,mee pok,all,48441ec1061e141a35cb3b6da6348cf1,"['Fish Ball Noodles', 'mee pok']"
../foodsg-233\Soto ayam\Q71SEAO2YEGIJHNUAHYKHDRI.jpg,Soto ayam,all,48486bf282ae85b9e82632f474905c23,"['Soto ayam', 'Mee soto']"
../foodsg-233\Mee soto\W6H5RNLEUYC1NG8TBD412VKM.jpg,Mee soto,all,48486bf282ae85b9e82632f474905c23,"['Soto ayam', 'Mee soto']"
../foodsg-233\Mee kuah\T5FAY4KB63PN8Q1BWP4MR2X5.jpg,Mee kuah,all,4854110e997db631f97fb4e3c18b9981,"['Mee kuah', 'Mee bandung']"
../foodsg-233\Mee bandung\H7I27ASXTTAUEET0PETLLQUS.jpg,Mee bandung,all,4854110e997db631f97fb4e3c18b9981,"['Mee kuah', 'Mee bandung']"
../foodsg-233\sliced fish soup\2MHS3CMW6G4WUGS34O8E4EU4.jpg,sliced fish soup,all,4859fdc1e75d3147e4991c7b3fcc45f3,"['sliced fish soup', 'Bee hoon, soto']"
"../foodsg-233\Bee hoon, soto\67O4YH3QQKYAFARNCXJC142G.jpg","Bee hoon, soto",all,4859fdc1e75d3147e4991c7b3fcc45f3,"['sliced fish soup', 'Bee hoon, soto']"
../foodsg-233\whole wheat\ABZXV69AWSTJ06UWR640X767.jpg,whole wheat,all,486cbf42bd87fae952260e9eb2f7919d,"['whole wheat', 'whole grain bread']"
../foodsg-233\whole grain bread\3GAAD06JFUBBJCMNEODPB6RS.jpg,whole grain bread,all,486cbf42bd87fae952260e9eb2f7919d,"['whole wheat', 'whole grain bread']"
../foodsg-233\Lontong with sayur lodeh\5Z9NHMTE1CYN6X5EBG60PHXS.jpg,Lontong with sayur lodeh,all,48706585e43aae7d97e3cd8a7bc9e0bb,"['Lontong with sayur lodeh', 'lontong']"
../foodsg-233\lontong\3AYWM63UFS610CCRZXK1CN4B.jpg,lontong,all,48706585e43aae7d97e3cd8a7bc9e0bb,"['Lontong with sayur lodeh', 'lontong']"
../foodsg-233\chicken soup\OYZTDH7RZB47XEU531I0O99M.jpg,chicken soup,all,488dcee038071c2b21e9eb1002cd9de2,"['chicken soup', 'cream soup']"
../foodsg-233\cream soup\4S6GAIMQUA1FJ7Y5CJVFN7PF.jpg,cream soup,all,488dcee038071c2b21e9eb1002cd9de2,"['chicken soup', 'cream soup']"
../foodsg-233\Duck Rice\X4P6F675NR9ND5ZZVAW2Y1FM.jpg,Duck Rice,all,49053b253aa9b8f421fcf96e78d55524,"['Duck Rice', 'kway chap']"
../foodsg-233\kway chap\UGKIFC4U1ZLO2LGCSHTN5N8F.jpg,kway chap,all,49053b253aa9b8f421fcf96e78d55524,"['Duck Rice', 'kway chap']"
../foodsg-233\Mee bandung\BZCFHVJQ6VFSHJY0TBD6YKKK.jpg,Mee bandung,all,490959c833b75ed28253226d7079a987,"['Mee bandung', 'Mee kuah']"
../foodsg-233\Mee kuah\736L9E3BLMWGQCBCXMBMHOR7.jpg,Mee kuah,all,490959c833b75ed28253226d7079a987,"['Mee bandung', 'Mee kuah']"
../foodsg-233\Mee bandung\PGI1OH0JOWXODBNNI2XQE7GB.jpg,Mee bandung,all,4922ecf88e52ede3ac1f8800cca54271,"['Mee bandung', 'Mee kuah']"
../foodsg-233\Mee kuah\HX3UVQ6MA0PMKH5MKV5KJP30.jpg,Mee kuah,all,4922ecf88e52ede3ac1f8800cca54271,"['Mee bandung', 'Mee kuah']"
../foodsg-233\vegetable soup\9YOLM74XG1TZKBQTWH1GL8KK.jpg,vegetable soup,all,494f936f1cdbe80ab319c98226f3ebca,"['vegetable soup', 'chicken soup']"
../foodsg-233\chicken soup\PUULN9CR8STNLIWCUGRBVXXX.jpg,chicken soup,all,494f936f1cdbe80ab319c98226f3ebca,"['vegetable soup', 'chicken soup']"
../foodsg-233\orange\WAA3ZOVQXQL0SJ2TEU0ZMC1C.jpg,orange,all,49606a5f422efe18bf51f1240bf2c034,"['orange', 'Grapefruit']"
../foodsg-233\Grapefruit\YQ0OK1J9NUWQ4ZWGMRYIKBW2.jpg,Grapefruit,all,49606a5f422efe18bf51f1240bf2c034,"['orange', 'Grapefruit']"
../foodsg-233\mee pok\PIWZUEVLKT06Z3TGX7BTX61I.jpg,mee pok,all,496f7ee4bec671eebbbbaf39db8e554a,"['mee pok', 'bak chor mee']"
../foodsg-233\bak chor mee\RNEKOEDFDHBEU7R31IC4AWVW.jpg,bak chor mee,all,496f7ee4bec671eebbbbaf39db8e554a,"['mee pok', 'bak chor mee']"
../foodsg-233\Mee soto\37DOR9UEMBU7QGQQ0GN7MBYT.jpg,Mee soto,all,49976dcb6b0a7ca150e8ed21ad6b55e2,"['Mee soto', 'Soto ayam']"
../foodsg-233\Soto ayam\5SC8S8T4GBLBMQPZHOMQ0SHJ.jpg,Soto ayam,all,49976dcb6b0a7ca150e8ed21ad6b55e2,"['Mee soto', 'Soto ayam']"
../foodsg-233\sliced fish soup\H2BZWI67K6MJ2WL6FY3ATTLE.jpg,sliced fish soup,all,49cd07f13cfc88454f7ee1d0cc4c81d2,"['sliced fish soup', 'Seafood Noodles Soup']"
../foodsg-233\Seafood Noodles Soup\99L2819PI1WY3EDRICFDMFT7.jpg,Seafood Noodles Soup,all,49cd07f13cfc88454f7ee1d0cc4c81d2,"['sliced fish soup', 'Seafood Noodles Soup']"
../foodsg-233\whole grain bread\20GDV0DBOMSOIWMZUXVXOQG2.jpg,whole grain bread,all,49d1abcc457da7e0855d6c4a702cfba6,"['whole grain bread', 'whole wheat']"
../foodsg-233\whole wheat\4I0M1TSBITW6ZS7I9LEDW7YW.jpg,whole wheat,all,49d1abcc457da7e0855d6c4a702cfba6,"['whole grain bread', 'whole wheat']"
../foodsg-233\whole wheat\K4SUDSCG2SJLIWNAC9EXDVFO.jpg,whole wheat,all,49e30ed694e65e5963dcfbea5821a502,"['whole wheat', 'whole grain bread']"
../foodsg-233\whole grain bread\DZ020FF6RWDBEWPBIBVZACFC.jpg,whole grain bread,all,49e30ed694e65e5963dcfbea5821a502,"['whole wheat', 'whole grain bread']"
../foodsg-233\whole wheat\AJGBTVXXDPHRUO4VWRXDVYW4.jpg,whole wheat,all,4a093fe9921ba7b5b5a990b71d51ae6b,"['whole wheat', 'whole grain bread']"
../foodsg-233\whole grain bread\MVC2V6JVS5EUZLZZL0L321Q2.jpg,whole grain bread,all,4a093fe9921ba7b5b5a990b71d51ae6b,"['whole wheat', 'whole grain bread']"
../foodsg-233\whole wheat\RYQ3FHQCBTKGMNJF0OI4ZU21.jpg,whole wheat,all,4a2d4a254293fe99443df96b018793f4,"['whole wheat', 'whole grain bread']"
../foodsg-233\whole grain bread\U3Z7PO42ZIPQ4YE7HNRACMJU.jpg,whole grain bread,all,4a2d4a254293fe99443df96b018793f4,"['whole wheat', 'whole grain bread']"
../foodsg-233\Laksa\Y760TQ39Y4PBDRGI490LALEY.jpg,Laksa,all,4a47040a5735061a24a6570d66cf3cfa,"['Laksa', 'Mee rebus']"
../foodsg-233\Mee rebus\CE0OB8PYNKLC48W68V20LGTZ.jpg,Mee rebus,all,4a47040a5735061a24a6570d66cf3cfa,"['Laksa', 'Mee rebus']"
../foodsg-233\Seafood Noodles Soup\LX56EAT15IKGYATNO2ULHNYV.jpg,Seafood Noodles Soup,all,4a71e2594b78d354a61db8b338e35915,"['Seafood Noodles Soup', 'Ban Mian']"
../foodsg-233\Ban Mian\KOM92N8OH4YWZWWS2T34M5IJ.jpg,Ban Mian,all,4a71e2594b78d354a61db8b338e35915,"['Seafood Noodles Soup', 'Ban Mian']"
"../foodsg-233\Bee hoon, goreng\WKCSAHNND82F2KB5H6ASTS6K.jpg","Bee hoon, goreng",all,4abc8a9a670b235f47592f684469c952,"['Bee hoon, goreng', 'Mee siam, fried']"
"../foodsg-233\Mee siam, fried\BYO29PD6P0CARBAQ21FDTB2M.jpg","Mee siam, fried",all,4abc8a9a670b235f47592f684469c952,"['Bee hoon, goreng', 'Mee siam, fried']"
../foodsg-233\Duck Rice\BJF1H1SEUETPOABR7FRBTP0A.jpg,Duck Rice,all,4ace801da91ac63d67a4e9e11d0688a1,"['Duck Rice', 'yam rice']"
../foodsg-233\yam rice\5T5DN5MSQUED7WY7D244918R.jpg,yam rice,all,4ace801da91ac63d67a4e9e11d0688a1,"['Duck Rice', 'yam rice']"
../foodsg-233\whole grain bread\H4U7RUBU4TP4IW4FVINDNPVM.jpg,whole grain bread,all,4aea0082c64580a1900df4d95da02a5d,"['whole grain bread', 'whole wheat']"
../foodsg-233\whole wheat\4OISEEAN4C9OGRD9MFQL17JC.jpg,whole wheat,all,4aea0082c64580a1900df4d95da02a5d,"['whole grain bread', 'whole wheat']"
../foodsg-233\Mee siam\IJ6FUPMI49Z3JW53D8NC33DV.jpg,Mee siam,all,4aff715775c1565e389629d84ec79b81,"['Mee siam', 'Mee siam, fried']"
"../foodsg-233\Mee siam, fried\O9OOEY0W7Y0OOPTZNSDQZ7MU.jpg","Mee siam, fried",all,4aff715775c1565e389629d84ec79b81,"['Mee siam', 'Mee siam, fried']"
../foodsg-233\rock melon\TPQIBNE9EJ3IWI41DIU8Y7PK.jpg,rock melon,all,4b03e9eeca9e98aa4af961da345f251b,"['rock melon', 'honeydew']"
../foodsg-233\honeydew\BFLBKGYIQNQM4VM386192HFT.jpg,honeydew,all,4b03e9eeca9e98aa4af961da345f251b,"['rock melon', 'honeydew']"
../foodsg-233\Mee kuah\FZE9XRUPGGD28P2B59FQT7PN.jpg,Mee kuah,all,4b251f6c6f569c2d8f83d6199bb1e59f,"['Mee kuah', 'Mee bandung']"
../foodsg-233\Mee bandung\3AIHJISU526CJGWU8MXGI5UK.jpg,Mee bandung,all,4b251f6c6f569c2d8f83d6199bb1e59f,"['Mee kuah', 'Mee bandung']"
../foodsg-233\Kway Teow\K5ETVA4PL4UEW2504KC8DT0X.jpg,Kway Teow,all,4b3ee7a0c2712753e624c800c9294fb7,"['Kway Teow', 'chai tow kuay']"
../foodsg-233\chai tow kuay\S6C0LQH41WS9TRVB74BRTCQF.jpg,chai tow kuay,all,4b3ee7a0c2712753e624c800c9294fb7,"['Kway Teow', 'chai tow kuay']"
../foodsg-233\vegetable soup\SO6IM3UZTR7OJ38CJLTJ0MNV.jpg,vegetable soup,all,4b3febc0c4bafb5b534793e0910f1c16,"['vegetable soup', 'tom yum noodle soup']"
../foodsg-233\tom yum noodle soup\HDYSV2PX3V2312R42VV1VS5T.jpg,tom yum noodle soup,all,4b3febc0c4bafb5b534793e0910f1c16,"['vegetable soup', 'tom yum noodle soup']"
../foodsg-233\mushroom soup\PNHJBAJ386CPZK4JOO0DUJCH.jpg,mushroom soup,all,4b66268a59cc2f6ff4ab2e365dd7463e,"['mushroom soup', 'cream soup']"
../foodsg-233\cream soup\MF5KA1STPQIXG64FSZ1QNNDB.jpg,cream soup,all,4b66268a59cc2f6ff4ab2e365dd7463e,"['mushroom soup', 'cream soup']"
../foodsg-233\whole wheat\3Y2T8GF030UC7886JXY3WS8J.jpg,whole wheat,all,4b9df7f7f1ccc7e25bc1e81bdb516494,"['whole wheat', 'whole grain bread']"
../foodsg-233\whole grain bread\53W8AVVAOYU16LV69JS7Z8UH.jpg,whole grain bread,all,4b9df7f7f1ccc7e25bc1e81bdb516494,"['whole wheat', 'whole grain bread']"
../foodsg-233\Soto ayam\7LCTU7VIT5UJF0JHN7V0TAQ0.jpg,Soto ayam,all,4bb9927b6d2f7a3a9e9cc9302dc2873a,"['Soto ayam', 'Mee soto']"
../foodsg-233\Mee soto\EDZGSQQTDRR75NYG58TNN1TJ.jpg,Mee soto,all,4bb9927b6d2f7a3a9e9cc9302dc2873a,"['Soto ayam', 'Mee soto']"
../foodsg-233\char siew pau\VD27I43SSBK3J4Q17BTNO5K7.jpg,char siew pau,all,4be78d419a3f27efa838506ce29a11e2,"['char siew pau', 'steamed buns']"
../foodsg-233\steamed buns\REJK22MO9KFZQ5ZSUJQYTWCU.jpg,steamed buns,all,4be78d419a3f27efa838506ce29a11e2,"['char siew pau', 'steamed buns']"
../foodsg-233\Ban Mian\VOND9C9IPIVP1QWGRU44OCBV.jpg,Ban Mian,all,4c3db4dd50aaf401a06acd54c1f3ea37,"['Ban Mian', 'Seafood Noodles Soup']"
../foodsg-233\Seafood Noodles Soup\UNX6IEB8UEQ4U63PVIWG6ARS.jpg,Seafood Noodles Soup,all,4c3db4dd50aaf401a06acd54c1f3ea37,"['Ban Mian', 'Seafood Noodles Soup']"
../foodsg-233\whole grain bread\5P1S0I5OWDN2HT9CH5JN3TYB.jpg,whole grain bread,all,4c4247e810278936855773a23f60d0cb,"['whole grain bread', 'whole wheat']"
../foodsg-233\whole wheat\S6GE51OFYJ09NVDYCLLV5GIK.jpg,whole wheat,all,4c4247e810278936855773a23f60d0cb,"['whole grain bread', 'whole wheat']"
../foodsg-233\Lontong with sayur lodeh\YWJOTP890KRN7MM0TQKU2VGW.jpg,Lontong with sayur lodeh,all,4c712d83c446a4b21f3f45f7b57dc919,"['Lontong with sayur lodeh', 'lontong']"
../foodsg-233\lontong\72CLL5FYMX06E3HLRO0B5183.jpg,lontong,all,4c712d83c446a4b21f3f45f7b57dc919,"['Lontong with sayur lodeh', 'lontong']"
../foodsg-233\satay\WBUYFKQNOOU2UTDO9NU5S1W7.jpg,satay,all,4c76dc8671fc8d156e4075ee41b27591,"['satay', 'jackfruit']"
../foodsg-233\jackfruit\COHKGWHNYUY4BVNUZXDJ5A1P.jpg,jackfruit,all,4c76dc8671fc8d156e4075ee41b27591,"['satay', 'jackfruit']"
"../foodsg-233\Bee hoon, goreng\2B97IHE6STRFSOSIE3K8JD38.jpg","Bee hoon, goreng",all,4c7c7689b8b7bd7701afc14952ea5d57,"['Bee hoon, goreng', 'bee hoon']"
../foodsg-233\bee hoon\702S52EKYZ69E7SACLJ6WQAG.jpg,bee hoon,all,4c7c7689b8b7bd7701afc14952ea5d57,"['Bee hoon, goreng', 'bee hoon']"
../foodsg-233\Soto ayam\LZX3XGBLWYAREUPLB6O6X9TM.jpg,Soto ayam,all,4c8b8b256a10f2929423e287ea67a925,"['Soto ayam', 'Mee soto']"
../foodsg-233\Mee soto\JTABRQ61A20QIWOKWLTFMB88.jpg,Mee soto,all,4c8b8b256a10f2929423e287ea67a925,"['Soto ayam', 'Mee soto']"
../foodsg-233\yam rice\CO51YD8GAZ9MODCDVS79SEA5.jpg,yam rice,all,4cbb36dce9277f2f48744289f7390713,"['yam rice', 'Duck Rice']"
../foodsg-233\Duck Rice\UTJP4412F2RGJC2BS8XDPPCN.jpg,Duck Rice,all,4cbb36dce9277f2f48744289f7390713,"['yam rice', 'Duck Rice']"
../foodsg-233\whole grain bread\3C129JCDVRV70P7OXBLRKCYG.jpg,whole grain bread,all,4cc844b6a3d42553b6959c0499ba6bb7,"['whole grain bread', 'whole wheat']"
../foodsg-233\whole wheat\8YFYAT8K1SPC5KRPCMFQJYAS.jpg,whole wheat,all,4cc844b6a3d42553b6959c0499ba6bb7,"['whole grain bread', 'whole wheat']"
../foodsg-233\Mee soto\O67Z565FG1PR6ZO72EB22BVN.jpg,Mee soto,all,4d1bed87608344b1022ed28f000c3986,"['Mee soto', 'Soto ayam']"
../foodsg-233\Soto ayam\371A55NKX30IW8WQSF0D16YH.jpg,Soto ayam,all,4d1bed87608344b1022ed28f000c3986,"['Mee soto', 'Soto ayam']"
../foodsg-233\dumpling\S6Q51FI7767V9PVKL5ABI6CL.jpg,dumpling,all,4d245c7f6a33ca79ca2376b4033296b3,"['dumpling', 'mixed vegetables', 'vegetable soup']"
../foodsg-233\mixed vegetables\60WTS7HDSHIJF0KKZ2E74XYD.jpg,mixed vegetables,all,4d245c7f6a33ca79ca2376b4033296b3,"['dumpling', 'mixed vegetables', 'vegetable soup']"
../foodsg-233\vegetable soup\NAU20XVOR7FRYODYPRA7AUXD.jpg,vegetable soup,all,4d245c7f6a33ca79ca2376b4033296b3,"['dumpling', 'mixed vegetables', 'vegetable soup']"
../foodsg-233\Mee soto\8HK05WGCHV2DPU7DLW9E20WQ.jpg,Mee soto,all,4d263d484c05346e5e7ac8c5783730c9,"['Mee soto', 'Soto ayam']"
../foodsg-233\Soto ayam\NY3D8LTH5MCBBJ0Z3BRHWUVE.jpg,Soto ayam,all,4d263d484c05346e5e7ac8c5783730c9,"['Mee soto', 'Soto ayam']"
../foodsg-233\Fried Noodles\QRCE616YASB5FAS40852H1R5.jpg,Fried Noodles,all,4d35a54b584e89c96b4e94c556f56425,"['Fried Noodles', 'bee hoon']"
../foodsg-233\bee hoon\FT17NJQNJKGWKP196FQ3Q8FQ.jpg,bee hoon,all,4d35a54b584e89c96b4e94c556f56425,"['Fried Noodles', 'bee hoon']"
../foodsg-233\whole grain bread\J5F4VA2N1KFMXK7XHHGWGVME.jpg,whole grain bread,all,4d3f2e82a32510a8c59600f5576f8b29,"['whole grain bread', 'whole wheat']"
../foodsg-233\whole wheat\5EW24Q40P5Y4FJV6OEJCY2A0.jpg,whole wheat,all,4d3f2e82a32510a8c59600f5576f8b29,"['whole grain bread', 'whole wheat']"
../foodsg-233\oyster omelette\BUL5ICCZ3HDISMX7SO562RA2.jpg,oyster omelette,all,4d51027395f43958d3d53cbe98dd6b79,"['oyster omelette', 'chai tow kuay']"
../foodsg-233\chai tow kuay\G6C8L1VVEPYHH8WPC6OLMQUE.jpg,chai tow kuay,all,4d51027395f43958d3d53cbe98dd6b79,"['oyster omelette', 'chai tow kuay']"
"../foodsg-233\Rice, with dakgalbi\K70LINAWPM5H0L5EEWCP3G82.jpg","Rice, with dakgalbi",all,4d702905a88453ffa5c099750b635678,"['Rice, with dakgalbi', 'fried prawn']"
../foodsg-233\fried prawn\DZTSRPNWSFKCE1K7U71M4FKE.jpg,fried prawn,all,4d702905a88453ffa5c099750b635678,"['Rice, with dakgalbi', 'fried prawn']"
"../foodsg-233\Mee siam, fried\G07A93RIO4Z7SP7M2REWDGO6.jpg","Mee siam, fried",all,4daaa22e37c7fd446f727e5c23c65c97,"['Mee siam, fried', 'Mee siam']"
../foodsg-233\Mee siam\R0ZV17W500KBL5LVKC9PLZFC.jpg,Mee siam,all,4daaa22e37c7fd446f727e5c23c65c97,"['Mee siam, fried', 'Mee siam']"
../foodsg-233\Sweets\NMHUMVDVMXYHG2LJSXFPL5AF.jpg,Sweets,all,4db2da813e2a7ecf1794dae4459ea303,"['Sweets', 'Chocolate']"
../foodsg-233\Chocolate\2P4884F7S05CQOS0PEIYFRW8.jpg,Chocolate,all,4db2da813e2a7ecf1794dae4459ea303,"['Sweets', 'Chocolate']"
../foodsg-233\Pomelo\B1SGF05RFPNJHDH4PR1TNQ3P.jpg,Pomelo,all,4dc7123222e71fad3e228acd49497cbd,"['Pomelo', 'Grapefruit']"
../foodsg-233\Grapefruit\PZ52X27OWQ3MZEJROHVTLUXX.jpg,Grapefruit,all,4dc7123222e71fad3e228acd49497cbd,"['Pomelo', 'Grapefruit']"
../foodsg-233\Pomelo\2ZXSKGWSMC1OYGRQEFLTC0N8.jpg,Pomelo,all,4dd5f6f637ac5eb0bf415df4511d2ffc,"['Pomelo', 'Grapefruit']"
../foodsg-233\Grapefruit\S8ZKVKRMQ49N25UOGBGUKWY1.jpg,Grapefruit,all,4dd5f6f637ac5eb0bf415df4511d2ffc,"['Pomelo', 'Grapefruit']"
"../foodsg-233\Bee hoon, soto\8TMA6X6RAXJFP5V2SRP38K5F.jpg","Bee hoon, soto",all,4dd63dfc85148cf63c5b3ba4b1ee179b,"['Bee hoon, soto', 'bee hoon']"
../foodsg-233\bee hoon\K11FFULX69PT9HI4JKUOS7YZ.jpg,bee hoon,all,4dd63dfc85148cf63c5b3ba4b1ee179b,"['Bee hoon, soto', 'bee hoon']"
../foodsg-233\Mee soto\3ZJH8VC9D4D0LQDRY5XLLICG.jpg,Mee soto,all,4de49f78f4ded5828869f65bf0ed737a,"['Mee soto', 'Seafood Noodles Soup', 'Bee hoon, soto']"
../foodsg-233\Seafood Noodles Soup\TLI2QH1OZUGK0U0VKARJTLVS.jpg,Seafood Noodles Soup,all,4de49f78f4ded5828869f65bf0ed737a,"['Mee soto', 'Seafood Noodles Soup', 'Bee hoon, soto']"
"../foodsg-233\Bee hoon, soto\K99JD1WI027DO0P22FETOT9C.jpg","Bee hoon, soto",all,4de49f78f4ded5828869f65bf0ed737a,"['Mee soto', 'Seafood Noodles Soup', 'Bee hoon, soto']"
../foodsg-233\Kway Teow\HUZJF4YZ7J2RTIB2LO2N64UD.jpg,Kway Teow,all,4e4e6b9cf3ef835957ed69cb31ee6b83,"['Kway Teow', 'chai tow kuay']"
../foodsg-233\chai tow kuay\X209583EQNFJRAI8RF9Q848A.jpg,chai tow kuay,all,4e4e6b9cf3ef835957ed69cb31ee6b83,"['Kway Teow', 'chai tow kuay']"
../foodsg-233\fried prawn\Y7LESWB53744YT3F5ZMSLSLS.jpg,fried prawn,all,4e50e291256d1352ef75ea9081e99b0a,"['fried prawn', 'drunken prawn']"
../foodsg-233\drunken prawn\3UVOMQ9FWKVQOCBRJATA6UHP.jpg,drunken prawn,all,4e50e291256d1352ef75ea9081e99b0a,"['fried prawn', 'drunken prawn']"
../foodsg-233\steamed buns\EM4R5IVFEB05STQB9HO039NU.jpg,steamed buns,all,4e7216c9f3ff058a587024b996ba7739,"['steamed buns', 'char siew pau']"
../foodsg-233\char siew pau\4SMKOQO18DXZ7YWBDVY805WM.jpg,char siew pau,all,4e7216c9f3ff058a587024b996ba7739,"['steamed buns', 'char siew pau']"
../foodsg-233\Mee kuah\BWL0B0O4ZVUC9UXHGFTRQ0IR.jpg,Mee kuah,all,4e91f03bebfb9d241c7fae74e64b1004,"['Mee kuah', 'Mee rebus']"
../foodsg-233\Mee rebus\CTTIIF5QDAK3KWBX1N2DERTX.jpg,Mee rebus,all,4e91f03bebfb9d241c7fae74e64b1004,"['Mee kuah', 'Mee rebus']"
../foodsg-233\Mee soto\H8GZORDR8NKHAQBGAFGI6TEV.jpg,Mee soto,all,4ea8b0ba6bcea53bc2b65c14316f3170,"['Mee soto', 'Bee hoon, soto']"
"../foodsg-233\Bee hoon, soto\O09P8EEIMR7TZG1XJNP7DAAW.jpg","Bee hoon, soto",all,4ea8b0ba6bcea53bc2b65c14316f3170,"['Mee soto', 'Bee hoon, soto']"
"../foodsg-233\Bee hoon, soto\U7VN2UJXS86P1BYE6IJP4MCC.jpg","Bee hoon, soto",all,4ebdecf682366c39f06bacf0e2288796,"['Bee hoon, soto', 'bee hoon']"
../foodsg-233\bee hoon\6I9Z8FY14CPII57V559K3RH3.jpg,bee hoon,all,4ebdecf682366c39f06bacf0e2288796,"['Bee hoon, soto', 'bee hoon']"
"../foodsg-233\Rice, korean bulgogi beef\8KN5PM8XBM1XVJ6O8E0H8PQ0.jpg","Rice, korean bulgogi beef",all,4ebf44aa37548c49f14d68631810e89d,"['Rice, korean bulgogi beef', 'cooked brown rice']"
../foodsg-233\cooked brown rice\1442EUAHXNUFA1JZK60K97TT.jpg,cooked brown rice,all,4ebf44aa37548c49f14d68631810e89d,"['Rice, korean bulgogi beef', 'cooked brown rice']"
../foodsg-233\bak chor mee\RMI5H2Y9JOE1M0UNJV5RVZ4V.jpg,bak chor mee,all,4ec313f5253727311de63fa57e13f260,"['bak chor mee', 'mee pok']"
../foodsg-233\mee pok\QG0F5T2YGSORYVLCM2P1N1B4.jpg,mee pok,all,4ec313f5253727311de63fa57e13f260,"['bak chor mee', 'mee pok']"
../foodsg-233\fried rice\KNMT8LJ09VBYCPCSJIDFVCV8.jpg,fried rice,all,4eca4bfd1b136ad8275a7b6c5f3bc0a6,"['fried rice', 'Nasi Ambeng']"
../foodsg-233\Nasi Ambeng\F4DHDXQSUUKQSIXM3EQ8K6MP.jpg,Nasi Ambeng,all,4eca4bfd1b136ad8275a7b6c5f3bc0a6,"['fried rice', 'Nasi Ambeng']"
"../foodsg-233\Bee hoon, soto\XDSMABKI2993H0V0WYLM7HWK.jpg","Bee hoon, soto",all,4ed01a1a1a0d82a76e25a492c9c9bfa6,"['Bee hoon, soto', 'bee hoon']"
../foodsg-233\bee hoon\PL58JULNTKAREWT6U6UYHYFZ.jpg,bee hoon,all,4ed01a1a1a0d82a76e25a492c9c9bfa6,"['Bee hoon, soto', 'bee hoon']"
../foodsg-233\Fried Noodles\7Z6YBDATOFRKBZQXDEPVISJO.jpg,Fried Noodles,all,4eecd47412137a64452b8aeb8e335a0c,"['Fried Noodles', 'Mee goreng']"
../foodsg-233\Mee goreng\0TFSMUMQLVBIH5CZ3FGJ9N37.jpg,Mee goreng,all,4eecd47412137a64452b8aeb8e335a0c,"['Fried Noodles', 'Mee goreng']"
../foodsg-233\cream soup\BSE0X7MUAFZIQAQQY54M9FEU.jpg,cream soup,all,4efbafc5a19412313f5d729bf70d197b,"['cream soup', 'vegetable soup']"
../foodsg-233\vegetable soup\2URA3Z54YGC8B7GLG352ZYIR.jpg,vegetable soup,all,4efbafc5a19412313f5d729bf70d197b,"['cream soup', 'vegetable soup']"
../foodsg-233\yogurt\Q72VFE4Y97R6FFR1N14YEKL9.jpg,yogurt,all,4f1085777b9592f52ae31170f880eea0,"['yogurt', 'parfait']"
../foodsg-233\parfait\G2NNWQI41VQ2F3ONR3CJO348.jpg,parfait,all,4f1085777b9592f52ae31170f880eea0,"['yogurt', 'parfait']"
../foodsg-233\assam pedas\N5FSWWBXK2JY80N6BVBY69G8.jpg,assam pedas,all,4f4b1645590c768817d882b854e1b81d,"['assam pedas', 'fish head curry']"
../foodsg-233\fish head curry\U8CYKTLPWHMGT4WEQULSZQGV.jpg,fish head curry,all,4f4b1645590c768817d882b854e1b81d,"['assam pedas', 'fish head curry']"
../foodsg-233\Mee siam\RUZR23ZQAVWTB56SZML9XMVN.jpg,Mee siam,all,4f58e7cbbbcf52c51d62133efaf7138f,"['Mee siam', 'Mee siam, fried']"
"../foodsg-233\Mee siam, fried\4RDTW4FB33YG6V7V5P6PSPZ0.jpg","Mee siam, fried",all,4f58e7cbbbcf52c51d62133efaf7138f,"['Mee siam', 'Mee siam, fried']"
../foodsg-233\Dumpling noodle soup\JG7PQSAASIVQDQLYRG0B19JN.jpg,Dumpling noodle soup,all,4f61f7e16e0df26b8d070919af1117d5,"['Dumpling noodle soup', 'Wanton mee, dry']"
"../foodsg-233\Wanton mee, dry\DYXIXTXK09WKISNGUR6YX958.jpg","Wanton mee, dry",all,4f61f7e16e0df26b8d070919af1117d5,"['Dumpling noodle soup', 'Wanton mee, dry']"
../foodsg-233\cream soup\Y7UI6OUENXVL6837H2G1UIRW.jpg,cream soup,all,4f7121777163c30657bf06b4b74e7cf1,"['cream soup', 'mushroom soup']"
../foodsg-233\mushroom soup\5Q3HPC3YXZSWHWJ6CFIYMQEQ.jpg,mushroom soup,all,4f7121777163c30657bf06b4b74e7cf1,"['cream soup', 'mushroom soup']"
"../foodsg-233\Rice, with dakgalbi\O1QH3VNTWAZAZQR1LXZ2N8DE.jpg","Rice, with dakgalbi",all,4f784964936b531cadb878b8b022337f,"['Rice, with dakgalbi', 'Rice, korean bulgogi beef']"
"../foodsg-233\Rice, korean bulgogi beef\EBM90LF73S80G1MRO5COSGL4.jpg","Rice, korean bulgogi beef",all,4f784964936b531cadb878b8b022337f,"['Rice, with dakgalbi', 'Rice, korean bulgogi beef']"
../foodsg-233\Hor Fun\0R3TO0UN2BONXZT846NFUONO.jpg,Hor Fun,all,4f875da641447b75762e36516e61005e,"['Hor Fun', 'Seafood Noodles Soup']"
../foodsg-233\Seafood Noodles Soup\99YP2GRXT5CM5OMG4K6ASRP9.jpg,Seafood Noodles Soup,all,4f875da641447b75762e36516e61005e,"['Hor Fun', 'Seafood Noodles Soup']"
../foodsg-233\bee hoon\RN6E9OTLEMGA2A3IK3YJQ077.jpg,bee hoon,all,4fb9ae5bb500111d49f5651adc0c05a7,"['bee hoon', 'Mee siam, fried', 'Bee hoon, goreng']"
"../foodsg-233\Mee siam, fried\A1KCTZ2H6WX0S339SE0MOSPY.jpg","Mee siam, fried",all,4fb9ae5bb500111d49f5651adc0c05a7,"['bee hoon', 'Mee siam, fried', 'Bee hoon, goreng']"
"../foodsg-233\Bee hoon, goreng\OYDRSDSAUWAUDBOQ5O67DB7G.jpg","Bee hoon, goreng",all,4fb9ae5bb500111d49f5651adc0c05a7,"['bee hoon', 'Mee siam, fried', 'Bee hoon, goreng']"
../foodsg-233\pasta - fettuccine\6DOE32TFXVVTMLXEV51R6JTI.jpg,pasta - fettuccine,all,4fcad165097784d66a0cac41662d2ecd,"['pasta - fettuccine', 'pasta - red sauce']"
../foodsg-233\pasta - red sauce\C4HLWK8BZ4YIMPIEDY63H378.jpg,pasta - red sauce,all,4fcad165097784d66a0cac41662d2ecd,"['pasta - fettuccine', 'pasta - red sauce']"
"../foodsg-233\Rice, korean bulgogi beef\FT23V0NQ0FOEUDX5U3FMVI3M.jpg","Rice, korean bulgogi beef",all,4fd1e280c703951160d333ccec12a75d,"['Rice, korean bulgogi beef', 'Rice, with dakgalbi']"
"../foodsg-233\Rice, with dakgalbi\TQBDZGD8VQZMRDXZ8AK47SHD.jpg","Rice, with dakgalbi",all,4fd1e280c703951160d333ccec12a75d,"['Rice, korean bulgogi beef', 'Rice, with dakgalbi']"
../foodsg-233\whole wheat\U9KEQG9D8WFMS8LOAYKK2P5P.jpg,whole wheat,all,4fd959fb91457b31b3ae059c93fcc2e2,"['whole wheat', 'whole grain bread']"
../foodsg-233\whole grain bread\8NMJFHIAOVLYDF0IY2WQJMYS.jpg,whole grain bread,all,4fd959fb91457b31b3ae059c93fcc2e2,"['whole wheat', 'whole grain bread']"
../foodsg-233\Fish Ball Noodles\OF72M6OT8BV70FZNLCGEC0KV.jpg,Fish Ball Noodles,all,502e8a5af99547d80d0978bf80e11dda,"['Fish Ball Noodles', 'mee pok']"
../foodsg-233\mee pok\GQ7WCMSI0944Y65TBOF7DUXA.jpg,mee pok,all,502e8a5af99547d80d0978bf80e11dda,"['Fish Ball Noodles', 'mee pok']"
../foodsg-233\chai tow kuay\IUF0LUVXOJJMW82WFTPRA362.jpg,chai tow kuay,all,502ea99b2ccb424c822540bb5c5164ad,"['chai tow kuay', 'Kway Teow']"
../foodsg-233\Kway Teow\5H8NDWYE3OJ93YCN8048RQ20.jpg,Kway Teow,all,502ea99b2ccb424c822540bb5c5164ad,"['chai tow kuay', 'Kway Teow']"
../foodsg-233\fish head curry\BKY9MYY3Y78VBSD9Q1AVWG55.jpg,fish head curry,all,503cbcb57f28b0921ad63476b9a2066c,"['fish head curry', 'assam pedas']"
../foodsg-233\assam pedas\HZ7ZYT7GSMS56TME130YX1WN.jpg,assam pedas,all,503cbcb57f28b0921ad63476b9a2066c,"['fish head curry', 'assam pedas']"
"../foodsg-233\Mee siam, fried\H2X0FBHD2BFM88600WFJ8MPU.jpg","Mee siam, fried",all,505f487ee921cb8ec7719cad8763a286,"['Mee siam, fried', 'Mee siam']"
../foodsg-233\Mee siam\3FZ3PTDTYO4JGPKPWNFEYAEX.jpg,Mee siam,all,505f487ee921cb8ec7719cad8763a286,"['Mee siam, fried', 'Mee siam']"
../foodsg-233\Soto ayam\BS98LRYAKDAQQ2N7ABX7ZLG7.jpg,Soto ayam,all,506aa40a2366bbb0852c4e1975d86527,"['Soto ayam', 'Mee soto']"
../foodsg-233\Mee soto\OJ9XHRYKCCJ8GTCIWDRQ1J95.jpg,Mee soto,all,506aa40a2366bbb0852c4e1975d86527,"['Soto ayam', 'Mee soto']"
"../foodsg-233\Bee hoon, soto\KZDGV2Z2TGBJG7F8G0WXK8TE.jpg","Bee hoon, soto",all,508524e830a52b8e359e37e4e8d15709,"['Bee hoon, soto', 'Mee soto']"
../foodsg-233\Mee soto\OWD9A3BFWHUIUO8C05SMR1YR.jpg,Mee soto,all,508524e830a52b8e359e37e4e8d15709,"['Bee hoon, soto', 'Mee soto']"
"../foodsg-233\Bee hoon, soto\77VENXF5E49O4W4FRKFXKMZU.jpg","Bee hoon, soto",all,50dfd3c23c5bfab8bba3b42973e5cdb7,"['Bee hoon, soto', 'bee hoon']"
../foodsg-233\bee hoon\3FDRMQNAVW24MZ2HVL5P6LY4.jpg,bee hoon,all,50dfd3c23c5bfab8bba3b42973e5cdb7,"['Bee hoon, soto', 'bee hoon']"
../foodsg-233\har cheong gai\VAB07FGS2OR853VVV8F3WUHS.jpg,har cheong gai,all,50f0f7c4b415a2f8d2c1f589c79a3fa1,"['har cheong gai', 'chicken wing']"
../foodsg-233\chicken wing\LBKXLEPB0DSF6EIJOGZF8MA6.jpg,chicken wing,all,50f0f7c4b415a2f8d2c1f589c79a3fa1,"['har cheong gai', 'chicken wing']"
"../foodsg-233\Bee hoon, goreng\HYPN0INVX8FSBEV4FFGFZ8R5.jpg","Bee hoon, goreng",all,510db4e4ca7b931568f7aab19939c10f,"['Bee hoon, goreng', 'bee hoon']"
../foodsg-233\bee hoon\ZZ50BE1UA4PZAPGDJE8XQ3PB.jpg,bee hoon,all,510db4e4ca7b931568f7aab19939c10f,"['Bee hoon, goreng', 'bee hoon']"
../foodsg-233\Prawn Noodle\O1GJNWX8Z63BU5FELAAVDMMH.jpg,Prawn Noodle,all,5112fa9534a625ae650d67be1ca2c303,"['Prawn Noodle', 'Lor mee']"
../foodsg-233\Lor mee\UXMBXX7HVNPFSGFVHPEMS1TQ.jpg,Lor mee,all,5112fa9534a625ae650d67be1ca2c303,"['Prawn Noodle', 'Lor mee']"
../foodsg-233\Laksa\ZTXZF7EASZODZ35Y9NA0TYBQ.jpg,Laksa,all,51206c438cd5f6e69056e31156afc7be,"['Laksa', 'Bee hoon, soto']"
"../foodsg-233\Bee hoon, soto\B0D5HBBQG0EU9ZNNKOX27MPD.jpg","Bee hoon, soto",all,51206c438cd5f6e69056e31156afc7be,"['Laksa', 'Bee hoon, soto']"
../foodsg-233\bee hoon\IOW7U57ONKJRUIZGJ74L6IVK.jpg,bee hoon,all,51267f4e24af07f61dc1e27068169d8b,"['bee hoon', 'Bee hoon, soto']"
"../foodsg-233\Bee hoon, soto\WW0WQUFLXP37ULLZXZJK10A7.jpg","Bee hoon, soto",all,51267f4e24af07f61dc1e27068169d8b,"['bee hoon', 'Bee hoon, soto']"
"../foodsg-233\Bee hoon, soto\OX3A51ZC2F82M3207ADNKCM9.jpg","Bee hoon, soto",all,514490e1fa9f0b3efc83276d85a9e66a,"['Bee hoon, soto', 'Seafood Noodles Soup', 'Mee soto']"
../foodsg-233\Seafood Noodles Soup\WLEXBEVYE9PR2NB1L5MJGMF4.jpg,Seafood Noodles Soup,all,514490e1fa9f0b3efc83276d85a9e66a,"['Bee hoon, soto', 'Seafood Noodles Soup', 'Mee soto']"
../foodsg-233\Mee soto\HJQDBDZ4BYHEB37JXXQV0G1X.jpg,Mee soto,all,514490e1fa9f0b3efc83276d85a9e66a,"['Bee hoon, soto', 'Seafood Noodles Soup', 'Mee soto']"
../foodsg-233\Mee soto\8QB06O2EHSSI3TETGFR8W22G.jpg,Mee soto,all,514efb0d074e3bd921e864c053f5cc70,"['Mee soto', 'Bee hoon, soto']"
"../foodsg-233\Bee hoon, soto\U5F6MT5E6HDZWF3MVFL60T7H.jpg","Bee hoon, soto",all,514efb0d074e3bd921e864c053f5cc70,"['Mee soto', 'Bee hoon, soto']"
../foodsg-233\Fish Ball Noodles\NPKXZKAN7ZU1LXGBJDM5YAZP.jpg,Fish Ball Noodles,all,520fa5abf7ce173040ecbb5eebc89644,"['Fish Ball Noodles', 'mee pok']"
../foodsg-233\mee pok\T2N2TEEKDAR9RYWJSI9J20WZ.jpg,mee pok,all,520fa5abf7ce173040ecbb5eebc89644,"['Fish Ball Noodles', 'mee pok']"
../foodsg-233\sliced fish soup\1P67FUMC7LW7VS2KQLPJAX3G.jpg,sliced fish soup,all,52557145a93930293ce07ad1dc393d59,"['sliced fish soup', 'Bee hoon, soto']"
"../foodsg-233\Bee hoon, soto\IRBG4KG8D5I2ECHX1UCJC7RQ.jpg","Bee hoon, soto",all,52557145a93930293ce07ad1dc393d59,"['sliced fish soup', 'Bee hoon, soto']"
"../foodsg-233\Mee siam, fried\SW5A6XYAFN2CPCER4ZDXJY2V.jpg","Mee siam, fried",all,5255d558a6a5affef7673544ea0a28f9,"['Mee siam, fried', 'Mee siam']"
../foodsg-233\Mee siam\NXE9EFOUFNUQPRPXROT488DO.jpg,Mee siam,all,5255d558a6a5affef7673544ea0a28f9,"['Mee siam, fried', 'Mee siam']"
../foodsg-233\Porridge\GGEE1JP2FMBQZOM6G549HMB3.jpg,Porridge,all,52aa6fafe80ce3239cb423ec59d61fd9,"['Porridge', 'Duck Rice']"
../foodsg-233\Duck Rice\OYFH5F9H1ABNCTJ7RBXM8ZAL.jpg,Duck Rice,all,52aa6fafe80ce3239cb423ec59d61fd9,"['Porridge', 'Duck Rice']"
../foodsg-233\char siew pau\NHI80J5L481WOE2XC20YNNQ2.jpg,char siew pau,all,52d84bd96911851d4e5f060be1061a24,"['char siew pau', 'xiao long bao']"
../foodsg-233\xiao long bao\O4LZJGUUNKITDXXJG5WOYJ61.jpg,xiao long bao,all,52d84bd96911851d4e5f060be1061a24,"['char siew pau', 'xiao long bao']"
../foodsg-233\Seafood Noodles Soup\KN1EPNKC792ZJ0IKDY0RMLAC.jpg,Seafood Noodles Soup,all,52e7c4409ba981f3e9399cdfb2a0878b,"['Seafood Noodles Soup', 'tom yum noodle soup']"
../foodsg-233\tom yum noodle soup\0M3A2SLRH8Z6OZGI2U6IB95V.jpg,tom yum noodle soup,all,52e7c4409ba981f3e9399cdfb2a0878b,"['Seafood Noodles Soup', 'tom yum noodle soup']"
../foodsg-233\Mee soto\25EZYG5AFRTW9GOGS2B9SUWS.jpg,Mee soto,all,531d1f3dc0402cfca4731419e6f77d1f,"['Mee soto', 'Bee hoon, soto']"
"../foodsg-233\Bee hoon, soto\1KU9RIL6S701VQ4FUVMD97NB.jpg","Bee hoon, soto",all,531d1f3dc0402cfca4731419e6f77d1f,"['Mee soto', 'Bee hoon, soto']"
../foodsg-233\whole wheat\E4WADVY03N3API89OXROIZ4B.jpg,whole wheat,all,533f0aea5b9a861f4f8fff698436e8e9,"['whole wheat', 'whole grain bread']"
../foodsg-233\whole grain bread\8WFM0QEHHSMJN0MV0L76PAZI.jpg,whole grain bread,all,533f0aea5b9a861f4f8fff698436e8e9,"['whole wheat', 'whole grain bread']"
../foodsg-233\Mee soto\7ZZF99AVO1FJ9UP0861LAUPV.jpg,Mee soto,all,5363c3e6400b47cb2402c7664aa860c5,"['Mee soto', 'Soto ayam']"
../foodsg-233\Soto ayam\XFC7102MPJONPKORAFKJ65AA.jpg,Soto ayam,all,5363c3e6400b47cb2402c7664aa860c5,"['Mee soto', 'Soto ayam']"
../foodsg-233\Mee soto\RC2ZBQZKRHF6VJ72G7MKISG2.jpg,Mee soto,all,53bac9ef3c7ae1c9cf260b5232fb2834,"['Mee soto', 'Bee hoon, soto', 'Soto ayam']"
"../foodsg-233\Bee hoon, soto\NMSLIN1K7BSVN5IMUGLTCOJF.jpg","Bee hoon, soto",all,53bac9ef3c7ae1c9cf260b5232fb2834,"['Mee soto', 'Bee hoon, soto', 'Soto ayam']"
../foodsg-233\Soto ayam\UDWUGCSTVF0GCIBVX9S0L1T5.jpg,Soto ayam,all,53bac9ef3c7ae1c9cf260b5232fb2834,"['Mee soto', 'Bee hoon, soto', 'Soto ayam']"
../foodsg-233\Soto ayam\W133M49D3WT9EQC404BT09G8.jpg,Soto ayam,all,53c888c8f7729585f6fee014b00051a9,"['Soto ayam', 'Bee hoon, soto']"
"../foodsg-233\Bee hoon, soto\XBGUHUSRX8NCI5JHU27T4VC6.jpg","Bee hoon, soto",all,53c888c8f7729585f6fee014b00051a9,"['Soto ayam', 'Bee hoon, soto']"
../foodsg-233\cream soup\JHTRR5CLOWPRJH50EOB9F2NS.jpg,cream soup,all,53fed6acfc611cb25419a87f760cd3dd,"['cream soup', 'mushroom soup']"
../foodsg-233\mushroom soup\XVT19OZ3SJY3I5ZIPIE8DHEW.jpg,mushroom soup,all,53fed6acfc611cb25419a87f760cd3dd,"['cream soup', 'mushroom soup']"
../foodsg-233\Lor mee\35UZ0MURK1ACN3UAV7TQ2ZBB.jpg,Lor mee,all,5403a83f7a93939dd60b24e2e036f0e5,"['Lor mee', 'Mee soto']"
../foodsg-233\Mee soto\F716WYLF99KWZNRAXXMESUNB.jpg,Mee soto,all,5403a83f7a93939dd60b24e2e036f0e5,"['Lor mee', 'Mee soto']"
../foodsg-233\Mee siam\T6JCNZJ5AEN5NKVTNLLRVEQ2.jpg,Mee siam,all,543880241d795ba786b92bd3302b7c90,"['Mee siam', 'Mee siam, fried']"
"../foodsg-233\Mee siam, fried\L7041SRORNIHW5F6ZSBP4NDD.jpg","Mee siam, fried",all,543880241d795ba786b92bd3302b7c90,"['Mee siam', 'Mee siam, fried']"
../foodsg-233\lontong\X6F8U8OBRQ7YDGZK90DYXIV1.jpg,lontong,all,5446be5bfda80cf0a29b40203e5d8461,"['lontong', 'Lontong with sayur lodeh']"
../foodsg-233\Lontong with sayur lodeh\0YC1T9HTN8GC1U8FKJBZMPLZ.jpg,Lontong with sayur lodeh,all,5446be5bfda80cf0a29b40203e5d8461,"['lontong', 'Lontong with sayur lodeh']"
../foodsg-233\beef noodle soup\FN6ACYJHQCXM61ND5O3E2UPG.jpg,beef noodle soup,all,5447becbb76a88b11db2c9d69c6daf23,"['beef noodle soup', 'Udon']"
../foodsg-233\Udon\6CAOLS25D78GKWEORIR24OFC.jpg,Udon,all,5447becbb76a88b11db2c9d69c6daf23,"['beef noodle soup', 'Udon']"
../foodsg-233\orange\17ZQROOE1N5WEU7Z1KHCD9IJ.jpg,orange,all,546834ea38cb5e83fd913a4b54d4a20c,"['orange', 'Fruit juice']"
../foodsg-233\Fruit juice\8MYSLQOHB2ZZW9KETZ0QUI37.jpg,Fruit juice,all,546834ea38cb5e83fd913a4b54d4a20c,"['orange', 'Fruit juice']"
../foodsg-233\Lontong with sayur lodeh\CGTIWZ7D1Z0QYR8IAUW7IAMN.jpg,Lontong with sayur lodeh,all,5483ef00d5efffd2759c8fee4ac6a63d,"['Lontong with sayur lodeh', 'lontong']"
../foodsg-233\lontong\W2OFJZGHLS3ZLQNODF5BHU1S.jpg,lontong,all,5483ef00d5efffd2759c8fee4ac6a63d,"['Lontong with sayur lodeh', 'lontong']"
../foodsg-233\ice kacang\5BMSYKJMZ1F4VGJW88FKOPNH.jpg,ice kacang,all,549b670b33bdf3f8fab1e59841354a1a,"['ice kacang', 'oyster omelette']"
../foodsg-233\oyster omelette\IEIZA85SFJ6F32JTKPWY8CLN.jpg,oyster omelette,all,549b670b33bdf3f8fab1e59841354a1a,"['ice kacang', 'oyster omelette']"
../foodsg-233\bee hoon\6EI91GL2BJJQYCAWKKYMKXST.jpg,bee hoon,all,54a74ca47460f77e454f215de915f983,"['bee hoon', 'Bee hoon, goreng']"
"../foodsg-233\Bee hoon, goreng\K0J4FPWTPADBPR18BKMA4F2X.jpg","Bee hoon, goreng",all,54a74ca47460f77e454f215de915f983,"['bee hoon', 'Bee hoon, goreng']"
../foodsg-233\Grapefruit\XHWJNBA290408BSAKXH79EGC.jpg,Grapefruit,all,54da353f158b566281b5d904d0f098f1,"['Grapefruit', 'Pomelo']"
../foodsg-233\Pomelo\2Z0YDMYDUHU9EQTRDXV2D9WG.jpg,Pomelo,all,54da353f158b566281b5d904d0f098f1,"['Grapefruit', 'Pomelo']"
../foodsg-233\Apple\L4ZMVOKN9ID60H8G6S8NFAVX.jpg,Apple,all,5500758a4e0a80afa70af3b5b2b67a62,"['Apple', 'pear']"
../foodsg-233\pear\B3U7HCZY1BLBPHBFMHNNC4TE.jpg,pear,all,5500758a4e0a80afa70af3b5b2b67a62,"['Apple', 'pear']"
../foodsg-233\Mee soto\3P15LC5CCUL6PEHOFDCO4RYD.jpg,Mee soto,all,5524727a41d8e1f6ff095bb5395fddd2,"['Mee soto', 'Soto ayam']"
../foodsg-233\Soto ayam\V2ICYRYS4XCB8J3Y3ZCQAKBM.jpg,Soto ayam,all,5524727a41d8e1f6ff095bb5395fddd2,"['Mee soto', 'Soto ayam']"
../foodsg-233\beef noodle soup\81P9584JYRLK7JQY3RNBCBVN.jpg,beef noodle soup,all,55383b108d6a253c1c9f15d9f9cc059c,"['beef noodle soup', 'sliced fish soup']"
../foodsg-233\sliced fish soup\P3C3MCY4IAXGTEC9TDDJNT4G.jpg,sliced fish soup,all,55383b108d6a253c1c9f15d9f9cc059c,"['beef noodle soup', 'sliced fish soup']"
../foodsg-233\whole wheat\3XOI8I9KP2CL2DN4SE8C52FD.jpg,whole wheat,all,5556d2d5b68011475268b3bf1ccbd372,"['whole wheat', 'wholegrain pasta']"
../foodsg-233\wholegrain pasta\XA3KSYM7MXCWB6C5DHFWTJO4.jpg,wholegrain pasta,all,5556d2d5b68011475268b3bf1ccbd372,"['whole wheat', 'wholegrain pasta']"
../foodsg-233\popiah\KLC2DCG8D84QLDVBK7P33AGG.jpg,popiah,all,55638091b11e95e412b4f48733c9a12f,"['popiah', 'spring rolls']"
../foodsg-233\spring rolls\SR5F2Z4G14JUMRUX6A9LJ2JD.jpg,spring rolls,all,55638091b11e95e412b4f48733c9a12f,"['popiah', 'spring rolls']"
../foodsg-233\bee hoon\EWH9YIOIR3S3KK3UBC1TPMUX.jpg,bee hoon,all,557dbc18811a7ef9586290ee106e1408,"['bee hoon', 'Bee hoon, soto']"
"../foodsg-233\Bee hoon, soto\W2VL96AQGB9C05L515DY6A5J.jpg","Bee hoon, soto",all,557dbc18811a7ef9586290ee106e1408,"['bee hoon', 'Bee hoon, soto']"
../foodsg-233\Bibimbap\5E2LQYEUFQMC1D8G7L0AMLQA.jpg,Bibimbap,all,559069578042b9b5a39901a6820e2ba8,"['Bibimbap', 'Rice, korean bulgogi beef']"
"../foodsg-233\Rice, korean bulgogi beef\XPKT27DZ92Z6L8HMEGR4EV4B.jpg","Rice, korean bulgogi beef",all,559069578042b9b5a39901a6820e2ba8,"['Bibimbap', 'Rice, korean bulgogi beef']"
../foodsg-233\Soto ayam\QUMMZYN1T5JO8YAD8SKMEVIN.jpg,Soto ayam,all,55991f935f1a2c5cd577c532f749c281,"['Soto ayam', 'Mee soto']"
../foodsg-233\Mee soto\3CU8C2DIC4R8DVV207JFFCFD.jpg,Mee soto,all,55991f935f1a2c5cd577c532f749c281,"['Soto ayam', 'Mee soto']"
../foodsg-233\Lontong with sayur lodeh\10IVQWLO8BBC1BRACCW3KJ4G.jpg,Lontong with sayur lodeh,all,55a4988fb1a1095d5c843c8953cd225c,"['Lontong with sayur lodeh', 'lontong']"
../foodsg-233\lontong\FP5YAKC1C3RKRTD9RJAI9EBY.jpg,lontong,all,55a4988fb1a1095d5c843c8953cd225c,"['Lontong with sayur lodeh', 'lontong']"
../foodsg-233\milk\4FHQG3YUZ7LHYMZPKOO9QHN9.jpg,milk,all,55ef294275d414981fab8c9a164ab75c,"['milk', 'Bubble Milk Tea']"
../foodsg-233\Bubble Milk Tea\1KNLPUVIDJ3VW0M9F61WA274.jpg,Bubble Milk Tea,all,55ef294275d414981fab8c9a164ab75c,"['milk', 'Bubble Milk Tea']"
../foodsg-233\steamed buns\TIIZ3UTP9IGEQ3BDJ47HSYOR.jpg,steamed buns,all,55f81f51b3890f5bf262d82c5156e783,"['steamed buns', 'char siew pau']"
../foodsg-233\char siew pau\4APYS5F2TPZIE4MYR0P83D1A.jpg,char siew pau,all,55f81f51b3890f5bf262d82c5156e783,"['steamed buns', 'char siew pau']"
../foodsg-233\Mee bandung\43YS7LS6IEH1FEPGR5JLMB98.jpg,Mee bandung,all,560e640792df2ffb087f08aaef912413,"['Mee bandung', 'Mee rebus']"
../foodsg-233\Mee rebus\U1XGXC9BH4CVTAEI7N242EIM.jpg,Mee rebus,all,560e640792df2ffb087f08aaef912413,"['Mee bandung', 'Mee rebus']"
../foodsg-233\mushroom soup\KOJNNK9US46954E5W4AFK4QS.jpg,mushroom soup,all,56357c715631c2626a472cb5f92b571e,"['mushroom soup', 'cream soup']"
../foodsg-233\cream soup\BOBXSAF2FNQTCO8Z9QWQR4R0.jpg,cream soup,all,56357c715631c2626a472cb5f92b571e,"['mushroom soup', 'cream soup']"
"../foodsg-233\Bee hoon, soto\VK1U4TR43ODPCYQVG3SQCCGU.jpg","Bee hoon, soto",all,563a68c9d596311c31e223dbaf4f48ad,"['Bee hoon, soto', 'bee hoon', 'Seafood Noodles Soup']"
../foodsg-233\bee hoon\N676VFDYCSON2TGVKMS4Y077.jpg,bee hoon,all,563a68c9d596311c31e223dbaf4f48ad,"['Bee hoon, soto', 'bee hoon', 'Seafood Noodles Soup']"
../foodsg-233\Seafood Noodles Soup\CVGV6P7KURZPPYYR19FNBDAI.jpg,Seafood Noodles Soup,all,563a68c9d596311c31e223dbaf4f48ad,"['Bee hoon, soto', 'bee hoon', 'Seafood Noodles Soup']"
../foodsg-233\Grapefruit\Z9164VUSHNKAH47ZVSZTZ6FG.jpg,Grapefruit,all,5640204919788155e7dcb4a531c6b953,"['Grapefruit', 'Pomelo']"
../foodsg-233\Pomelo\V0KHBFBS759CEMV0J9C6X4GV.jpg,Pomelo,all,5640204919788155e7dcb4a531c6b953,"['Grapefruit', 'Pomelo']"
"../foodsg-233\Wanton mee, dry\OSX822XZX8A440DZ2FESTOPM.jpg","Wanton mee, dry",all,564a36346d4619878527ec995d45a527,"['Wanton mee, dry', 'Dumpling noodle soup']"
../foodsg-233\Dumpling noodle soup\DQAHCSO3BE2H0T7PW23CTKJT.jpg,Dumpling noodle soup,all,564a36346d4619878527ec995d45a527,"['Wanton mee, dry', 'Dumpling noodle soup']"
../foodsg-233\pineapple\XMDZVHIEVKFW7PMQAMOZWZ6W.jpg,pineapple,all,56585ba9349af2082c564e3389fa98f4,"['pineapple', 'pitaya']"
../foodsg-233\pitaya\FQDXG503WA07PRJ3OSQVL4GC.jpg,pitaya,all,56585ba9349af2082c564e3389fa98f4,"['pineapple', 'pitaya']"
../foodsg-233\lontong\BAAAP08DWU3EDMD6I7R1A9UZ.jpg,lontong,all,565ffd0fc46fe99543f34841c361a70d,"['lontong', 'Lontong with sayur lodeh']"
../foodsg-233\Lontong with sayur lodeh\P2B7IXLISIP98T5XSVD88AK5.jpg,Lontong with sayur lodeh,all,565ffd0fc46fe99543f34841c361a70d,"['lontong', 'Lontong with sayur lodeh']"
../foodsg-233\tom yum noodle soup\F9ZXNKJBP5KV5BMHK45K9N3S.jpg,tom yum noodle soup,all,5671c02809d68429abce450e42c49689,"['tom yum noodle soup', 'Fish Ball Noodles']"
../foodsg-233\Fish Ball Noodles\INIW70EMJN6VIO38WDCOI2GN.jpg,Fish Ball Noodles,all,5671c02809d68429abce450e42c49689,"['tom yum noodle soup', 'Fish Ball Noodles']"
../foodsg-233\beef noodle soup\0E8EEQ0V1O950VNAXYOBHDP8.jpg,beef noodle soup,all,568c540e9c192e128d026cb1606ba5c4,"['beef noodle soup', 'Udon']"
../foodsg-233\Udon\V0KIRXAD27WAI1P5OXSFRW4L.jpg,Udon,all,568c540e9c192e128d026cb1606ba5c4,"['beef noodle soup', 'Udon']"
../foodsg-233\waffle\KNW5XUS9IKVJOWBLIV83P9XO.jpg,waffle,all,5698676b3bcd8255ab7873fe8795d4e2,"['waffle', 'whole wheat']"
../foodsg-233\whole wheat\3EAPFNYD9J2MGRXDQ3UUAL2T.jpg,whole wheat,all,5698676b3bcd8255ab7873fe8795d4e2,"['waffle', 'whole wheat']"
../foodsg-233\Mee siam\3E8GA79LG6ACKB7I1IDXW7DW.jpg,Mee siam,all,56d7094ff1d1f95adc4834f410b2bb43,"['Mee siam', 'Bee hoon, goreng']"
"../foodsg-233\Bee hoon, goreng\PSI95F6CRG3AO822ZUOET5TO.jpg","Bee hoon, goreng",all,56d7094ff1d1f95adc4834f410b2bb43,"['Mee siam', 'Bee hoon, goreng']"
../foodsg-233\Barley\N4Z627HQDXMB7ASEJBLUS12J.jpg,Barley,all,56ef88a752b7e2f464ee2f3c5f39cb24,"['Barley', 'whole wheat']"
../foodsg-233\whole wheat\E86KYDWKPKIRO5Z1Y27KR744.jpg,whole wheat,all,56ef88a752b7e2f464ee2f3c5f39cb24,"['Barley', 'whole wheat']"
"../foodsg-233\Mee siam, fried\8ZIQBRLO8SKJAHU7Y7A81MBN.jpg","Mee siam, fried",all,572a241f4ed7d6d28de277b04ba2e56f,"['Mee siam, fried', 'Mee siam']"
../foodsg-233\Mee siam\BJPDSBTK89TGKK87K21PK8HX.jpg,Mee siam,all,572a241f4ed7d6d28de277b04ba2e56f,"['Mee siam, fried', 'Mee siam']"
../foodsg-233\pineapple\QVSKICQB6KXC0OPUSE61VS79.jpg,pineapple,all,5766e47481921d318cf3241e716c90cf,"['pineapple', 'strawberry']"
../foodsg-233\strawberry\GMNYIMXCFTDCKUTYEP4V844V.jpg,strawberry,all,5766e47481921d318cf3241e716c90cf,"['pineapple', 'strawberry']"
../foodsg-233\whole wheat\8WMBOAJPTTBZK5WM4PLK4FQK.jpg,whole wheat,all,5788efa4ab464d4400461cfbac5423f3,"['whole wheat', 'whole grain bread']"
../foodsg-233\whole grain bread\085HJHBKXYHS919IZR6FP8CS.jpg,whole grain bread,all,5788efa4ab464d4400461cfbac5423f3,"['whole wheat', 'whole grain bread']"
../foodsg-233\pasta - red sauce\3TC669TQVI19RVP9IK7Y1ZYE.jpg,pasta - red sauce,all,57a40e4c9b93d56523ec240902437392,"['pasta - red sauce', 'pasta - fettuccine']"
../foodsg-233\pasta - fettuccine\F4PLPWBP3XRKZ7G742PQPB3X.jpg,pasta - fettuccine,all,57a40e4c9b93d56523ec240902437392,"['pasta - red sauce', 'pasta - fettuccine']"
../foodsg-233\sliced fish soup\FZ4ORV4U8DQM9FTCOQ9XUTWH.jpg,sliced fish soup,all,57a6c78b9442542630161d218445c15d,"['sliced fish soup', 'Seafood Noodles Soup']"
../foodsg-233\Seafood Noodles Soup\C28OH8YMMHADBHF146FXKMOB.jpg,Seafood Noodles Soup,all,57a6c78b9442542630161d218445c15d,"['sliced fish soup', 'Seafood Noodles Soup']"
../foodsg-233\bee hoon\3SG1SM7CM5BZ0CJBZXJ1INIY.jpg,bee hoon,all,57c92d841ae9e6335bd2e6840b4dfe22,"['bee hoon', 'Seafood Noodles Soup']"
../foodsg-233\Seafood Noodles Soup\919OK4OPLZVZQV2680JOZP5N.jpg,Seafood Noodles Soup,all,57c92d841ae9e6335bd2e6840b4dfe22,"['bee hoon', 'Seafood Noodles Soup']"
../foodsg-233\whole grain bread\KQKT891EMXG0K17HLJHDCR28.jpg,whole grain bread,all,57ed37497f219f52dfcdc16e33226fca,"['whole grain bread', 'whole wheat']"
../foodsg-233\whole wheat\SGUDFT4WL29MKSZDI2SBUD0E.jpg,whole wheat,all,57ed37497f219f52dfcdc16e33226fca,"['whole grain bread', 'whole wheat']"
../foodsg-233\bee hoon\C4TISPXH2EKZXCX3UDPA1INA.jpg,bee hoon,all,57fcbb5373e586a4cd2b6f8a35da6b39,"['bee hoon', 'Seafood Noodles Soup']"
../foodsg-233\Seafood Noodles Soup\HMTDHGPQGNRXPAZX3VVP2QLK.jpg,Seafood Noodles Soup,all,57fcbb5373e586a4cd2b6f8a35da6b39,"['bee hoon', 'Seafood Noodles Soup']"
../foodsg-233\Snacks and Chips\13QVEOTMWBLWJBG7VJI1AIV4.jpg,Snacks and Chips,all,586098b21b7df93678a16ce8ab0e8265,"['Snacks and Chips', 'popcorn']"
../foodsg-233\popcorn\JS2Y9MESRD686IHX3SFZ9YKE.jpg,popcorn,all,586098b21b7df93678a16ce8ab0e8265,"['Snacks and Chips', 'popcorn']"
"../foodsg-233\Rice, korean bulgogi beef\95TUHYDTQ18WIK4BF5D2SDLP.jpg","Rice, korean bulgogi beef",all,588ba1953000b33bcb55cd14361b1ce2,"['Rice, korean bulgogi beef', 'Rice, with dakgalbi']"
"../foodsg-233\Rice, with dakgalbi\T44LMXYNT4X0OKS8BX0LQXNU.jpg","Rice, with dakgalbi",all,588ba1953000b33bcb55cd14361b1ce2,"['Rice, korean bulgogi beef', 'Rice, with dakgalbi']"
../foodsg-233\mushroom soup\EH7Z6IV62ZDW5IYEMV2ABZWM.jpg,mushroom soup,all,589975dc4feca94e07849a9c327e03f8,"['mushroom soup', 'cream soup']"
../foodsg-233\cream soup\C7UE6IB82B1ITVHSZU5VS1GH.jpg,cream soup,all,589975dc4feca94e07849a9c327e03f8,"['mushroom soup', 'cream soup']"
../foodsg-233\kiwi\V4Q0N9PWKID6GTGV65C9IKLO.jpg,kiwi,all,58dc4a25216ace82b01699a0d907c4b7,"['kiwi', 'cherries']"
../foodsg-233\cherries\VW4ZHM84B2Y5JS7JDZ5JIBJ2.jpg,cherries,all,58dc4a25216ace82b01699a0d907c4b7,"['kiwi', 'cherries']"
../foodsg-233\Seafood Noodles Soup\2XIF8KUD50ECMXZ8B1VBWIZW.jpg,Seafood Noodles Soup,all,5908ab8af2db74545b943f9ac01bd6e2,"['Seafood Noodles Soup', 'Ban Mian', 'sliced fish soup']"
../foodsg-233\Ban Mian\1ZM7SHV3KSGA875VVXNUHON4.jpg,Ban Mian,all,5908ab8af2db74545b943f9ac01bd6e2,"['Seafood Noodles Soup', 'Ban Mian', 'sliced fish soup']"
../foodsg-233\sliced fish soup\J0CXZJ0M7Q09OG57YCP8ACAH.jpg,sliced fish soup,all,5908ab8af2db74545b943f9ac01bd6e2,"['Seafood Noodles Soup', 'Ban Mian', 'sliced fish soup']"
../foodsg-233\sliced fish soup\3IAQ1L71T9L2HY6G7V6R6PAS.jpg,sliced fish soup,all,5922f5aad589534da31151ab227b91b5,"['sliced fish soup', 'Seafood Noodles Soup']"
../foodsg-233\Seafood Noodles Soup\5Z5SRJ18B8ZW27SMSG744KYD.jpg,Seafood Noodles Soup,all,5922f5aad589534da31151ab227b91b5,"['sliced fish soup', 'Seafood Noodles Soup']"
../foodsg-233\char siew pau\6X6YPXA067FKFTCL78GMBE7E.jpg,char siew pau,all,593db62febc1e4f2c0f057771aea2a8c,"['char siew pau', 'steamed buns']"
../foodsg-233\steamed buns\9DM7A99W9PZ10S6GNWW9RIGW.jpg,steamed buns,all,593db62febc1e4f2c0f057771aea2a8c,"['char siew pau', 'steamed buns']"
../foodsg-233\mushroom soup\F2H265GSJFO88VENK24GYIOP.jpg,mushroom soup,all,5940d4446263a90e09dbcec1baaf2674,"['mushroom soup', 'cream soup']"
../foodsg-233\cream soup\O3QQYN3KM50DSKMV3PLDZ9VI.jpg,cream soup,all,5940d4446263a90e09dbcec1baaf2674,"['mushroom soup', 'cream soup']"
../foodsg-233\Seafood Noodles Soup\0NX6UO4NE15HP2KR8HPV7JYH.jpg,Seafood Noodles Soup,all,5944c819daab899ba7a6a0ccc0e95bfc,"['Seafood Noodles Soup', 'sliced fish soup']"
../foodsg-233\sliced fish soup\DL69HFYUVBG5SNUHEJQNDQWW.jpg,sliced fish soup,all,5944c819daab899ba7a6a0ccc0e95bfc,"['Seafood Noodles Soup', 'sliced fish soup']"
../foodsg-233\chicken soup\3H11NEF98H1WPL0MB86TAA1S.jpg,chicken soup,all,59698345cacaee9b6772dc4b7b9dd9fe,"['chicken soup', 'Dumpling noodle soup']"
../foodsg-233\Dumpling noodle soup\T3WEX6VYL2AQVTT1L8LG5M7S.jpg,Dumpling noodle soup,all,59698345cacaee9b6772dc4b7b9dd9fe,"['chicken soup', 'Dumpling noodle soup']"
../foodsg-233\Blackberry\3CHAAGPAX5IGD0YNL08K28EZ.jpg,Blackberry,all,5985c5269587d2d5455db6ec2e7214a1,"['Blackberry', 'raspberry']"
../foodsg-233\raspberry\XA9FWNBPTJIUV2ELZCLOMIZO.jpg,raspberry,all,5985c5269587d2d5455db6ec2e7214a1,"['Blackberry', 'raspberry']"
../foodsg-233\Hor Fun\JADCASYATBE9Q5YDE442W0ZF.jpg,Hor Fun,all,5989b0e20c3665578f42192e9b703448,"['Hor Fun', 'Seafood Noodles Soup']"
../foodsg-233\Seafood Noodles Soup\SX95DT7WET4R74AE8UKGBIN3.jpg,Seafood Noodles Soup,all,5989b0e20c3665578f42192e9b703448,"['Hor Fun', 'Seafood Noodles Soup']"
../foodsg-233\blueberries\8ZC5OPDVKJT3K0HTISZMI0L3.jpg,blueberries,all,59ac3a46ffd7a3a98a28d92f986d4f2c,"['blueberries', 'strawberry']"
../foodsg-233\strawberry\Y0987O32IJV5S75H9UFWZB5C.jpg,strawberry,all,59ac3a46ffd7a3a98a28d92f986d4f2c,"['blueberries', 'strawberry']"
"../foodsg-233\Bee hoon, goreng\3WCNOV6V963PXC8DNGS2RTI1.jpg","Bee hoon, goreng",all,59aecd3479a3fe411bb10f8e4238a7ea,"['Bee hoon, goreng', 'Mee siam, fried']"
"../foodsg-233\Mee siam, fried\DBKYDBUXC912H5ILONKPP31F.jpg","Mee siam, fried",all,59aecd3479a3fe411bb10f8e4238a7ea,"['Bee hoon, goreng', 'Mee siam, fried']"
../foodsg-233\Laksa\PIXDZKNURIN943E4LJL0LH4O.jpg,Laksa,all,59bef50c3727ec63092e2923af14e6ae,"['Laksa', 'Mee siam']"
../foodsg-233\Mee siam\CMDH89OIOPDKU5J8VAK4IKIK.jpg,Mee siam,all,59bef50c3727ec63092e2923af14e6ae,"['Laksa', 'Mee siam']"
../foodsg-233\bee hoon\OPIACEGIIZ829EZQ79UQ3PAA.jpg,bee hoon,all,5a005ebcc91415f89bed94d73b67d472,"['bee hoon', 'Bee hoon, goreng']"
"../foodsg-233\Bee hoon, goreng\YQEEY3YPFS5PR1DBECPB4GBL.jpg","Bee hoon, goreng",all,5a005ebcc91415f89bed94d73b67d472,"['bee hoon', 'Bee hoon, goreng']"
"../foodsg-233\Bee hoon, soto\IHAJGNH393GTGMUDYW3VHUXH.jpg","Bee hoon, soto",all,5a0f2b07e6461d4004b4b3e676f17d42,"['Bee hoon, soto', 'Soto ayam']"
../foodsg-233\Soto ayam\L2RM0WW2AUJIXW0WHG5QJCJA.jpg,Soto ayam,all,5a0f2b07e6461d4004b4b3e676f17d42,"['Bee hoon, soto', 'Soto ayam']"
"../foodsg-233\Bee hoon, goreng\H65IUJBL9NSDQKI5Z1BSWPM4.jpg","Bee hoon, goreng",all,5a2811f46367a3b760f9a9e76d099c76,"['Bee hoon, goreng', 'bee hoon']"
../foodsg-233\bee hoon\0ONXDTNAKU90ZN145T3AP3WM.jpg,bee hoon,all,5a2811f46367a3b760f9a9e76d099c76,"['Bee hoon, goreng', 'bee hoon']"
../foodsg-233\cake\SWH21IINIV5MGKFIQE07DFUF.jpg,cake,all,5a85ac3b290ea20b87f3ed34ab1c67c9,"['cake', 'blueberries']"
../foodsg-233\blueberries\MCFLIVONKFT0N7GJNDWSUPC8.jpg,blueberries,all,5a85ac3b290ea20b87f3ed34ab1c67c9,"['cake', 'blueberries']"
../foodsg-233\char siew pau\VOQWAKQAOGMT7O8WR456RC4R.jpg,char siew pau,all,5a8c46dcdb45cb25732d03ff7c67546b,"['char siew pau', 'steamed buns']"
../foodsg-233\steamed buns\ZSOE51IE8FUKD0KRH6AM4WAM.jpg,steamed buns,all,5a8c46dcdb45cb25732d03ff7c67546b,"['char siew pau', 'steamed buns']"
"../foodsg-233\Bee hoon, soto\VGXETSVNBFBPXBVXV346H2JJ.jpg","Bee hoon, soto",all,5af9d66009a3fb28be871c2bbd737c41,"['Bee hoon, soto', 'bee hoon']"
../foodsg-233\bee hoon\98UBZ8V8TBGU2SJ304QT33X6.jpg,bee hoon,all,5af9d66009a3fb28be871c2bbd737c41,"['Bee hoon, soto', 'bee hoon']"
"../foodsg-233\Bee hoon, goreng\4KMZ21EHQKMEZ3DNSKIEHLBD.jpg","Bee hoon, goreng",all,5b01b49d07d151ba1581e674e3bc4145,"['Bee hoon, goreng', 'Mee siam, fried', 'bee hoon']"
"../foodsg-233\Mee siam, fried\IW0IDL7MEDMCH59D6F6TMGZ8.jpg","Mee siam, fried",all,5b01b49d07d151ba1581e674e3bc4145,"['Bee hoon, goreng', 'Mee siam, fried', 'bee hoon']"
../foodsg-233\bee hoon\WYY562X82O0DBOB6BK189SUC.jpg,bee hoon,all,5b01b49d07d151ba1581e674e3bc4145,"['Bee hoon, goreng', 'Mee siam, fried', 'bee hoon']"
../foodsg-233\beef noodle soup\XGWKXSNOAQH30QXJBAIIZKFO.jpg,beef noodle soup,all,5b048346f00f59b39f9a451449eaac03,"['beef noodle soup', 'Dumpling noodle soup']"
../foodsg-233\Dumpling noodle soup\DN8CI3CEDXE6SF9Y10RJ8YFR.jpg,Dumpling noodle soup,all,5b048346f00f59b39f9a451449eaac03,"['beef noodle soup', 'Dumpling noodle soup']"
../foodsg-233\chai tow kuay\MPOLR9KIT0E2BG0MG3GW4MW0.jpg,chai tow kuay,all,5b197e9e524de53318c762a215b4e50e,"['chai tow kuay', 'Kway Teow']"
../foodsg-233\Kway Teow\W0UC5RNNB3S2RY4GXA9KNFC4.jpg,Kway Teow,all,5b197e9e524de53318c762a215b4e50e,"['chai tow kuay', 'Kway Teow']"
../foodsg-233\mixed vegetables\JGZ31ROMWOY6A6M8DMSPRT6H.jpg,mixed vegetables,all,5b239dec8b7c0932690355970b312cb0,"['mixed vegetables', 'Rice, korean bulgogi beef']"
"../foodsg-233\Rice, korean bulgogi beef\NBT95URT0VENODUWJOBHT3AT.jpg","Rice, korean bulgogi beef",all,5b239dec8b7c0932690355970b312cb0,"['mixed vegetables', 'Rice, korean bulgogi beef']"
../foodsg-233\whole grain bread\CFCVLBIYFPOD5WWKFCT4KERK.jpg,whole grain bread,all,5b61b16cd080e8c2ed22302a2b96a1be,"['whole grain bread', 'whole wheat']"
../foodsg-233\whole wheat\MYNQQJ0G04XEC6K8R5H4CRM0.jpg,whole wheat,all,5b61b16cd080e8c2ed22302a2b96a1be,"['whole grain bread', 'whole wheat']"
../foodsg-233\chin chow drink\CBGOFHAWORS6TULBUO2C4FUX.jpg,chin chow drink,all,5b68be85c20da3d8fe3bfe800e5b7826,"['chin chow drink', 'Bubble Milk Tea']"
../foodsg-233\Bubble Milk Tea\DOPOG2D80VULIDDUN9C4UGGM.jpg,Bubble Milk Tea,all,5b68be85c20da3d8fe3bfe800e5b7826,"['chin chow drink', 'Bubble Milk Tea']"
../foodsg-233\mixed vegetables\5YEJPNKEL7834VK2MK8DDQJF.jpg,mixed vegetables,all,5b7a707b5ed3a499d7a9cd809061352c,"['mixed vegetables', 'Bee hoon, soto']"
"../foodsg-233\Bee hoon, soto\Z5JYCPCF3A0R5OT2AVT1PQHE.jpg","Bee hoon, soto",all,5b7a707b5ed3a499d7a9cd809061352c,"['mixed vegetables', 'Bee hoon, soto']"
../foodsg-233\Lontong with sayur lodeh\W7D7NWF7WHTF74ACYNZVL6E7.jpg,Lontong with sayur lodeh,all,5b84f58ec3d8d0b077af4493802a7911,"['Lontong with sayur lodeh', 'assam pedas']"
../foodsg-233\assam pedas\KZP7WXB0WQH0LO67OSVQ5NW5.jpg,assam pedas,all,5b84f58ec3d8d0b077af4493802a7911,"['Lontong with sayur lodeh', 'assam pedas']"
../foodsg-233\fried rice\3567BXT54T5FU1PPISCHQQW0.jpg,fried rice,all,5bb9e3fa63ba4517076c7119edf36233,"['fried rice', 'cooked brown rice']"
../foodsg-233\cooked brown rice\6D7BW1B7OE3JFC7DZZ3Q61XD.jpg,cooked brown rice,all,5bb9e3fa63ba4517076c7119edf36233,"['fried rice', 'cooked brown rice']"
../foodsg-233\Mee bandung\QK2N8LT6HFN3AR2D6HDWGVK4.jpg,Mee bandung,all,5be41db61778e160426ba5b38985e7a5,"['Mee bandung', 'Mee rebus']"
../foodsg-233\Mee rebus\VZ58SJ7Z2S86QTDM0VNCB8A6.jpg,Mee rebus,all,5be41db61778e160426ba5b38985e7a5,"['Mee bandung', 'Mee rebus']"
../foodsg-233\Soto ayam\9XG490WFIWWYZJ7V3583BI21.jpg,Soto ayam,all,5c7bd857f6dbe1ceefb74bb4519a2a40,"['Soto ayam', 'Mee soto']"
../foodsg-233\Mee soto\JV6JZM13PBOXMZJE7D8MW4CB.jpg,Mee soto,all,5c7bd857f6dbe1ceefb74bb4519a2a40,"['Soto ayam', 'Mee soto']"
../foodsg-233\whole wheat\PX8CFY20TK9EMCOPE1T9LWI9.jpg,whole wheat,all,5c9a707a3fc621293c52426a1ccdd66d,"['whole wheat', 'whole grain bread']"
../foodsg-233\whole grain bread\KJQ7I1TVNW6CIVLLNAXR2YJC.jpg,whole grain bread,all,5c9a707a3fc621293c52426a1ccdd66d,"['whole wheat', 'whole grain bread']"
../foodsg-233\Bibimbap\P67GBNA31TCZWNAATT63R4N6.jpg,Bibimbap,all,5ca4d6d328f499a2430e8a2e1ddafc67,"['Bibimbap', 'Rice, korean bulgogi beef']"
"../foodsg-233\Rice, korean bulgogi beef\W9URJFZK66WNJLXXAICAO0GV.jpg","Rice, korean bulgogi beef",all,5ca4d6d328f499a2430e8a2e1ddafc67,"['Bibimbap', 'Rice, korean bulgogi beef']"
../foodsg-233\roasted chicken\MPBGLN8JXOKFKPXIVOW17UJ8.jpg,roasted chicken,all,5cd6428a8f507de0a8da4bf4061f8a95,"['roasted chicken', 'meatball']"
../foodsg-233\meatball\TH3IRDEN97M93N6VRY2K0AVW.jpg,meatball,all,5cd6428a8f507de0a8da4bf4061f8a95,"['roasted chicken', 'meatball']"
../foodsg-233\Mee kuah\QK93607741E9MUBQKVLKMYWB.jpg,Mee kuah,all,5cd9314ad18e5e82c9c1d28201f0d8bb,"['Mee kuah', 'Mee rebus']"
../foodsg-233\Mee rebus\2NG9X0EHLOCHC6FBQM9FJIVF.jpg,Mee rebus,all,5cd9314ad18e5e82c9c1d28201f0d8bb,"['Mee kuah', 'Mee rebus']"
../foodsg-233\Soto ayam\IRHXXUIQQ4D49WBKT1N62NRA.jpg,Soto ayam,all,5d0845c3ee08a206389088f58ab83395,"['Soto ayam', 'Bee hoon, soto']"
"../foodsg-233\Bee hoon, soto\VQ4R18JTKX48CUOTVM7A6O2G.jpg","Bee hoon, soto",all,5d0845c3ee08a206389088f58ab83395,"['Soto ayam', 'Bee hoon, soto']"
../foodsg-233\steamed buns\BCA1K4LWNFBLQ88X7HCC1TKY.jpg,steamed buns,all,5d24f52287fef01bb771826f8c8f4187,"['steamed buns', 'char siew pau']"
../foodsg-233\char siew pau\7M1JHAN7TBOC0GJFXOIAKAJD.jpg,char siew pau,all,5d24f52287fef01bb771826f8c8f4187,"['steamed buns', 'char siew pau']"
../foodsg-233\oyster omelette\67L9QQPC9IKJ9QZLPWJHNXH3.jpg,oyster omelette,all,5d28b89fcf0d2f781612d4f507f674cf,"['oyster omelette', 'chai tow kuay']"
../foodsg-233\chai tow kuay\K0UVRYNPMZ4MI4SO9V528DJB.jpg,chai tow kuay,all,5d28b89fcf0d2f781612d4f507f674cf,"['oyster omelette', 'chai tow kuay']"
../foodsg-233\vegetable soup\L3CHJRHN9SYIFCV950XLQ4I8.jpg,vegetable soup,all,5d4a2bdb4f88eae49e2149645ba44862,"['vegetable soup', 'mixed vegetables']"
../foodsg-233\mixed vegetables\49AGYIWZ9WPJUWRYZ4P2NQKL.jpg,mixed vegetables,all,5d4a2bdb4f88eae49e2149645ba44862,"['vegetable soup', 'mixed vegetables']"
../foodsg-233\Mee siam\UGVLME5YRRORIVKPVNNWN6LY.jpg,Mee siam,all,5d53105b6353dd112d9783ffa68c7c49,"['Mee siam', 'Mee siam, fried']"
"../foodsg-233\Mee siam, fried\O6DM6MJ59EC5CWZ75L4IYAQG.jpg","Mee siam, fried",all,5d53105b6353dd112d9783ffa68c7c49,"['Mee siam', 'Mee siam, fried']"
../foodsg-233\drunken prawn\J5FJI0WP6GWA3Y2DFPGCGLFE.jpg,drunken prawn,all,5d7544eec577f66af21e7afa4efbd550,"['drunken prawn', 'pasta - fettuccine']"
../foodsg-233\pasta - fettuccine\7QHT45VRXJ6SGGHPVIEO7TRD.jpg,pasta - fettuccine,all,5d7544eec577f66af21e7afa4efbd550,"['drunken prawn', 'pasta - fettuccine']"
"../foodsg-233\Mee siam, fried\93MCD7QA593HJ4TECKSJ19W3.jpg","Mee siam, fried",all,5d7bbda94b65b8a1a8d0baacabe020c6,"['Mee siam, fried', 'Mee siam']"
../foodsg-233\Mee siam\4DC7S5X1T8FS3HWS6EN4TVSQ.jpg,Mee siam,all,5d7bbda94b65b8a1a8d0baacabe020c6,"['Mee siam, fried', 'Mee siam']"
../foodsg-233\green leafy vegetables\01FY02QXCGI5PGIMDJ7AR0RH.jpg,green leafy vegetables,all,5da642ed9c16a24976d646a4bee44f91,"['green leafy vegetables', 'mixed vegetables']"
../foodsg-233\mixed vegetables\CAVOL6WMAG5CYGBZ6U6XSO77.jpg,mixed vegetables,all,5da642ed9c16a24976d646a4bee44f91,"['green leafy vegetables', 'mixed vegetables']"
../foodsg-233\fried prawn\88KU52PS7XC016FZY2D4AEDK.jpg,fried prawn,all,5dd83bf8fdde3040d702f9c32db0b642,"['fried prawn', 'drunken prawn']"
../foodsg-233\drunken prawn\HXJYCUDCRG5TTUPFLMAZA279.jpg,drunken prawn,all,5dd83bf8fdde3040d702f9c32db0b642,"['fried prawn', 'drunken prawn']"
../foodsg-233\cream soup\W1HB496L9W0ZM1C76R1ENHJX.jpg,cream soup,all,5ddd8784114c2b23d20f0e1b1b0c94c2,"['cream soup', 'mushroom soup']"
../foodsg-233\mushroom soup\2QF84A6NI5C1IY9RFF8HGHBG.jpg,mushroom soup,all,5ddd8784114c2b23d20f0e1b1b0c94c2,"['cream soup', 'mushroom soup']"
"../foodsg-233\Rice, korean bulgogi beef\1MMDHMBHTFXOTZI37IHEKJ7M.jpg","Rice, korean bulgogi beef",all,5de2f73d437418375e50fe64895a8df0,"['Rice, korean bulgogi beef', 'drunken prawn']"
../foodsg-233\drunken prawn\GS2IPBK0BPFQ6597L47BYZAY.jpg,drunken prawn,all,5de2f73d437418375e50fe64895a8df0,"['Rice, korean bulgogi beef', 'drunken prawn']"
../foodsg-233\Seafood Noodles Soup\MU2216LIQTU8SV2DQM5J5XVW.jpg,Seafood Noodles Soup,all,5e0037379d159678294184d1c70b1f84,"['Seafood Noodles Soup', 'sliced fish soup']"
../foodsg-233\sliced fish soup\DS9593B2RY9GC3S3NKL54S81.jpg,sliced fish soup,all,5e0037379d159678294184d1c70b1f84,"['Seafood Noodles Soup', 'sliced fish soup']"
../foodsg-233\Mee soto\G4RYO34P6PJJKIVTUPMFZMZA.jpg,Mee soto,all,5e3b6d67598dfd15d6a1d0ec0cdb7675,"['Mee soto', 'Soto ayam']"
../foodsg-233\Soto ayam\8N4BHEDQQNYZPDGMPR4JQZ4P.jpg,Soto ayam,all,5e3b6d67598dfd15d6a1d0ec0cdb7675,"['Mee soto', 'Soto ayam']"
../foodsg-233\Kueh Salat\SRYCNLID1SGCYX6XLWQZSJIC.jpg,Kueh Salat,all,5e3c070f7ab36f7c246a7cf04e9d1cc0,"['Kueh Salat', 'Pung Kueh']"
../foodsg-233\Pung Kueh\E7JA132DKY8J2X2BTCPPTU81.jpg,Pung Kueh,all,5e3c070f7ab36f7c246a7cf04e9d1cc0,"['Kueh Salat', 'Pung Kueh']"
../foodsg-233\satay bee hoon\OTC4O7FAHP9LBGH4UEAMQLB3.jpg,satay bee hoon,all,5e4c0a43bca416209d9ee6639813ddf9,"['satay bee hoon', 'bee hoon']"
../foodsg-233\bee hoon\TCC8HBTY5COXDLOXGJIBC260.jpg,bee hoon,all,5e4c0a43bca416209d9ee6639813ddf9,"['satay bee hoon', 'bee hoon']"
../foodsg-233\Mee soto\1JC8FA0C4GRLJCKF1SONNG4H.jpg,Mee soto,all,5e88015514300514015924462a4a8137,"['Mee soto', 'Soto ayam']"
../foodsg-233\Soto ayam\POAH19KLWDAVTVWMH0TL06NG.jpg,Soto ayam,all,5e88015514300514015924462a4a8137,"['Mee soto', 'Soto ayam']"
../foodsg-233\Chocolate\8RDYKTXC99BFVLZNIQUPJ655.jpg,Chocolate,all,5ebf7fef743d8138ffed4dbc915f77ea,"['Chocolate', 'Sweets']"
../foodsg-233\Sweets\TF6X6KFUPN2FDIMRC0X7GVA2.jpg,Sweets,all,5ebf7fef743d8138ffed4dbc915f77ea,"['Chocolate', 'Sweets']"
../foodsg-233\chai tow kuay\RI1YC7LOQR8X1LMYYPZ0S7CW.jpg,chai tow kuay,all,5ed752f174e684131c9efa1a60bb23b0,"['chai tow kuay', 'Kway Teow']"
../foodsg-233\Kway Teow\VKTNUHUDRTFO263A9ISXAHUR.jpg,Kway Teow,all,5ed752f174e684131c9efa1a60bb23b0,"['chai tow kuay', 'Kway Teow']"
../foodsg-233\Mee rebus\OKCKXHA2E2BGML0KFRD3TRHE.jpg,Mee rebus,all,5eed0ef0e666fcefc64c9af5f022f514,"['Mee rebus', 'Mee soto']"
../foodsg-233\Mee soto\0WB75Y7DD5LRGB3G9ITPA3WH.jpg,Mee soto,all,5eed0ef0e666fcefc64c9af5f022f514,"['Mee rebus', 'Mee soto']"
../foodsg-233\fried chicken\W6XRYDZJKBMZFKQN5V7D7X2W.jpg,fried chicken,all,5ef8c18e80801f3dd86a973c1e90eab7,"['fried chicken', 'har cheong gai']"
../foodsg-233\har cheong gai\6IINM2PP5MCPM26DO0W4WUP2.jpg,har cheong gai,all,5ef8c18e80801f3dd86a973c1e90eab7,"['fried chicken', 'har cheong gai']"
../foodsg-233\Fish Ball Noodles\H72OMLNYRPV2Q58OOTR8CRFT.jpg,Fish Ball Noodles,all,5fba25c53c2fb624fcfae5ddf4ccc356,"['Fish Ball Noodles', 'tom yum noodle soup']"
../foodsg-233\tom yum noodle soup\6BLPDHLI8Y2KJARYMHJORINP.jpg,tom yum noodle soup,all,5fba25c53c2fb624fcfae5ddf4ccc356,"['Fish Ball Noodles', 'tom yum noodle soup']"
../foodsg-233\Fruit juice\1L19O3XIRIOLV5AQIWGG5CZN.jpg,Fruit juice,all,60228bf7ab3c52fedaa6fcc433c491ad,"['Fruit juice', 'honeydew']"
../foodsg-233\honeydew\WT6ZAHRWFL4YTNQPJ1DWVG83.jpg,honeydew,all,60228bf7ab3c52fedaa6fcc433c491ad,"['Fruit juice', 'honeydew']"
"../foodsg-233\Mee siam, fried\6RZB0RQ1EYAEVE4S5OK8UQ76.jpg","Mee siam, fried",all,6037523ea8f6ac5b8b5530cc8b8d62aa,"['Mee siam, fried', 'Fried Noodles', 'Bee hoon, goreng']"
../foodsg-233\Fried Noodles\BW6KS5LX56ZEJOXIF7DIQ1BA.jpg,Fried Noodles,all,6037523ea8f6ac5b8b5530cc8b8d62aa,"['Mee siam, fried', 'Fried Noodles', 'Bee hoon, goreng']"
"../foodsg-233\Bee hoon, goreng\USQD6HC3BRMARRCLVJCRUB67.jpg","Bee hoon, goreng",all,6037523ea8f6ac5b8b5530cc8b8d62aa,"['Mee siam, fried', 'Fried Noodles', 'Bee hoon, goreng']"
"../foodsg-233\Bee hoon, soto\DYDQXH8V6QCYH4373NPYDJKC.jpg","Bee hoon, soto",all,608596bb2a7ddd114fdae52b20d79efc,"['Bee hoon, soto', 'bee hoon', 'Bee hoon, goreng']"
../foodsg-233\bee hoon\Q959S2M5JD3FLJEHQEJURQ9B.jpg,bee hoon,all,608596bb2a7ddd114fdae52b20d79efc,"['Bee hoon, soto', 'bee hoon', 'Bee hoon, goreng']"
"../foodsg-233\Bee hoon, goreng\GRB8NWVX3OQPB1NTCSAE2KTZ.jpg","Bee hoon, goreng",all,608596bb2a7ddd114fdae52b20d79efc,"['Bee hoon, soto', 'bee hoon', 'Bee hoon, goreng']"
../foodsg-233\Mee soto\A1U0X77QEMCR0Y54LCNO6LNA.jpg,Mee soto,all,60cb09edc10b66bf691f9c112ac53375,"['Mee soto', 'Soto ayam']"
../foodsg-233\Soto ayam\8H0ME3DVKO1E6U62JOIH78OJ.jpg,Soto ayam,all,60cb09edc10b66bf691f9c112ac53375,"['Mee soto', 'Soto ayam']"
../foodsg-233\Mee siam\48MT2MRXOAQCHE2TO2XG6IOX.jpg,Mee siam,all,60df013b23b827be536fc76cbb82ec31,"['Mee siam', 'Mee rebus']"
../foodsg-233\Mee rebus\MVAK0NZVZTHM3TWWYMDL971J.jpg,Mee rebus,all,60df013b23b827be536fc76cbb82ec31,"['Mee siam', 'Mee rebus']"
../foodsg-233\bee hoon\UKQ57BFL6FSN26B9KAQ09R5Y.jpg,bee hoon,all,60e875ca329dd8acfec549231505c5ac,"['bee hoon', 'Bee hoon, goreng']"
"../foodsg-233\Bee hoon, goreng\2EIIE7VICLNT1RT4ZONC4AFP.jpg","Bee hoon, goreng",all,60e875ca329dd8acfec549231505c5ac,"['bee hoon', 'Bee hoon, goreng']"
../foodsg-233\hokkien prawn mee\MRYBM6DNGGR7755MCMQJLS5I.jpg,hokkien prawn mee,all,60fe4b13f10c7d5c8fac6f868b2e2835,"['hokkien prawn mee', 'vegetarian bee hoon']"
../foodsg-233\vegetarian bee hoon\1AZRVM5VT56SY2VIKUFIMC76.jpg,vegetarian bee hoon,all,60fe4b13f10c7d5c8fac6f868b2e2835,"['hokkien prawn mee', 'vegetarian bee hoon']"
../foodsg-233\canned Fruit salad\8UIX5H41CCQ0OX9V0XKVL5B3.jpg,canned Fruit salad,all,61031c5ff1ef59a2fde13883c76b805e,"['canned Fruit salad', 'pineapple']"
../foodsg-233\pineapple\BNTNH96KZLU2B2UE4YEOQIQB.jpg,pineapple,all,61031c5ff1ef59a2fde13883c76b805e,"['canned Fruit salad', 'pineapple']"
../foodsg-233\lontong\P01XX0ASMZ5J90HP90YDM018.jpg,lontong,all,6169edfa033a475b3d499c43d6e6f4b6,"['lontong', 'Lontong with sayur lodeh']"
../foodsg-233\Lontong with sayur lodeh\2FMMBUAJFJXUEPQVZCELCU16.jpg,Lontong with sayur lodeh,all,6169edfa033a475b3d499c43d6e6f4b6,"['lontong', 'Lontong with sayur lodeh']"
../foodsg-233\whole grain bread\UBT6UUOQHX41DX973UC72LV0.jpg,whole grain bread,all,617bdfd3a652e95668e34dc24acd3006,"['whole grain bread', 'whole wheat']"
../foodsg-233\whole wheat\RKT82185LKF63UHHXFZIGF6V.jpg,whole wheat,all,617bdfd3a652e95668e34dc24acd3006,"['whole grain bread', 'whole wheat']"
../foodsg-233\whole wheat\FQCP4LIU81L9ZWUWMUSEGGSD.jpg,whole wheat,all,61b951e59071b88fd44adf05356925d9,"['whole wheat', 'whole grain bread']"
../foodsg-233\whole grain bread\IT9YTGEJQNRAEHV8C95ME0CB.jpg,whole grain bread,all,61b951e59071b88fd44adf05356925d9,"['whole wheat', 'whole grain bread']"
"../foodsg-233\Mee siam, fried\RBN4059GN5OTFACCV4TWIMJ1.jpg","Mee siam, fried",all,61e7be54ea61a2ee627b5a24b855850c,"['Mee siam, fried', 'Bee hoon, goreng']"
"../foodsg-233\Bee hoon, goreng\LUE0YUIKQFHSILTLXPE5V0TR.jpg","Bee hoon, goreng",all,61e7be54ea61a2ee627b5a24b855850c,"['Mee siam, fried', 'Bee hoon, goreng']"
../foodsg-233\Mee soto\IM5JWWPK3T3H2IY3WGWDEWF3.jpg,Mee soto,all,61eb74dd1e15106f6883ecf9ee6987d8,"['Mee soto', 'Soto ayam']"
../foodsg-233\Soto ayam\X94VXYCAX7X0UX1L45G8EGCR.jpg,Soto ayam,all,61eb74dd1e15106f6883ecf9ee6987d8,"['Mee soto', 'Soto ayam']"
"../foodsg-233\Bee hoon, goreng\GF8KNHS3UYNIY1JJDWX3YL2E.jpg","Bee hoon, goreng",all,622120c156624edfd09d72211f07d067,"['Bee hoon, goreng', 'bee hoon']"
../foodsg-233\bee hoon\RWH37MTCV0YL92W75ZJCCFLW.jpg,bee hoon,all,622120c156624edfd09d72211f07d067,"['Bee hoon, goreng', 'bee hoon']"
"../foodsg-233\Mee siam, fried\MSOQPZ6AO71XZ395V8PBWG22.jpg","Mee siam, fried",all,625b104090f14e993ea8a7f08b1415c2,"['Mee siam, fried', 'Mee siam', 'Bee hoon, goreng']"
../foodsg-233\Mee siam\CCKRR5TYH8YHN7GQ6LHB2VEQ.jpg,Mee siam,all,625b104090f14e993ea8a7f08b1415c2,"['Mee siam, fried', 'Mee siam', 'Bee hoon, goreng']"
"../foodsg-233\Bee hoon, goreng\EBB3G13AI35WKH8ODSFP8H50.jpg","Bee hoon, goreng",all,625b104090f14e993ea8a7f08b1415c2,"['Mee siam, fried', 'Mee siam', 'Bee hoon, goreng']"
../foodsg-233\bee hoon\IS8V8DX69TVT2T5Y0QOJR4MH.jpg,bee hoon,all,62e8dfde8a8d0f5e2e68499db29a69dd,"['bee hoon', 'Bee hoon, soto']"
"../foodsg-233\Bee hoon, soto\0UVNWD4CF4IABWETRV3YUIVW.jpg","Bee hoon, soto",all,62e8dfde8a8d0f5e2e68499db29a69dd,"['bee hoon', 'Bee hoon, soto']"
../foodsg-233\Lontong with sayur lodeh\5BKL2X2EBACFG47K99L85SDO.jpg,Lontong with sayur lodeh,all,62f3e24e378f20d64b1bc17be283f5e5,"['Lontong with sayur lodeh', 'lontong']"
../foodsg-233\lontong\QL5ZMMCQDWOV8XFJ0NUQKZYE.jpg,lontong,all,62f3e24e378f20d64b1bc17be283f5e5,"['Lontong with sayur lodeh', 'lontong']"
../foodsg-233\mee pok\WTBO5IHO4ZHLA0AOIHGSFH3O.jpg,mee pok,all,630d8b17ec301b32fa63560e25bac33b,"['mee pok', 'Fish Ball Noodles']"
../foodsg-233\Fish Ball Noodles\6QB8CB8KI0AD21RDD3P2XB0R.jpg,Fish Ball Noodles,all,630d8b17ec301b32fa63560e25bac33b,"['mee pok', 'Fish Ball Noodles']"
../foodsg-233\Ban Mian\W0EESHV8DPBAK8P4PXIJESVV.jpg,Ban Mian,all,63c33b52066d6a6a370fd37b1721d648,"['Ban Mian', 'Seafood Noodles Soup', 'Bee hoon, soto']"
../foodsg-233\Seafood Noodles Soup\2Y2TIMW26QH7N1HP3S6767UN.jpg,Seafood Noodles Soup,all,63c33b52066d6a6a370fd37b1721d648,"['Ban Mian', 'Seafood Noodles Soup', 'Bee hoon, soto']"
"../foodsg-233\Bee hoon, soto\FG3GUF0X2KDT09KW8RBY6U37.jpg","Bee hoon, soto",all,63c33b52066d6a6a370fd37b1721d648,"['Ban Mian', 'Seafood Noodles Soup', 'Bee hoon, soto']"
../foodsg-233\satay bee hoon\LN6FQV3SR772QOM9PYNDHBYY.jpg,satay bee hoon,all,63cace7c72235a072a36fe0e5ff4eb2a,"['satay bee hoon', 'bee hoon']"
../foodsg-233\bee hoon\GY692VUB2J2ME0DZEIXWKT7U.jpg,bee hoon,all,63cace7c72235a072a36fe0e5ff4eb2a,"['satay bee hoon', 'bee hoon']"
../foodsg-233\beef noodle soup\O986IQ6ZJAPM909U2IO6CEP1.jpg,beef noodle soup,all,63e72383268cf65cf2b33eb2c6bb4aa7,"['beef noodle soup', 'Udon']"
../foodsg-233\Udon\JIIHO2AOW0RLNR70JTTCMIKK.jpg,Udon,all,63e72383268cf65cf2b33eb2c6bb4aa7,"['beef noodle soup', 'Udon']"
../foodsg-233\nasi lemak\Z2497F5HJ4KRB18CWPGL7I0U.jpg,nasi lemak,all,63f0a867bb3985d9b589391434afecca,"['nasi lemak', 'Nasi Ambeng']"
../foodsg-233\Nasi Ambeng\0ID8H6HR7M7WHTDDXHY8WAUK.jpg,Nasi Ambeng,all,63f0a867bb3985d9b589391434afecca,"['nasi lemak', 'Nasi Ambeng']"
../foodsg-233\Duck Rice\3QBGOM0RPZAGMWKNDUHNXFCD.jpg,Duck Rice,all,6411432b253caefc49019473bd36cbcf,"['Duck Rice', 'char siew']"
../foodsg-233\char siew\MW8PXCY6AS8YT8T6TD9975PJ.jpg,char siew,all,6411432b253caefc49019473bd36cbcf,"['Duck Rice', 'char siew']"
../foodsg-233\bee hoon\36ZHISC1ZDFMY9UAGUFC6M2A.jpg,bee hoon,all,64144d8d1d7cf32392d5a7422be78e24,"['bee hoon', 'Bee hoon, goreng']"
"../foodsg-233\Bee hoon, goreng\NX4SW3LSEO2MFLUIVBHFLCF8.jpg","Bee hoon, goreng",all,64144d8d1d7cf32392d5a7422be78e24,"['bee hoon', 'Bee hoon, goreng']"
../foodsg-233\Mee goreng\BG6AOGGM66ZGJOSYTX3DYOCX.jpg,Mee goreng,all,64217edbb63e7fec41a776100cfe7cad,"['Mee goreng', 'Mee kuah']"
../foodsg-233\Mee kuah\WV34SWTQBRNTJBZOBOFKRL1T.jpg,Mee kuah,all,64217edbb63e7fec41a776100cfe7cad,"['Mee goreng', 'Mee kuah']"
../foodsg-233\Nasi Ambeng\9CSL4BBPL9LVK5NC3AZCA7R3.jpg,Nasi Ambeng,all,642777eef52d7888f066165731fec9cd,"['Nasi Ambeng', 'nasi lemak']"
../foodsg-233\nasi lemak\1PDC80M2JN5GDL8L8ASUPNBM.jpg,nasi lemak,all,642777eef52d7888f066165731fec9cd,"['Nasi Ambeng', 'nasi lemak']"
../foodsg-233\xiao long bao\W26EI0UQG7ZGUMNC8EE3LQFV.jpg,xiao long bao,all,644f9fd3af1e60e9c3fa874a4ca96a9c,"['xiao long bao', 'steamed buns']"
../foodsg-233\steamed buns\06T0JE0TJ2G02OYT475NCX08.jpg,steamed buns,all,644f9fd3af1e60e9c3fa874a4ca96a9c,"['xiao long bao', 'steamed buns']"
../foodsg-233\Prawn Noodle\RGASX7RKF5YDRKYYPJI7JJF3.jpg,Prawn Noodle,all,645a5835ff250e83fded1d63e9682562,"['Prawn Noodle', 'Lor mee']"
../foodsg-233\Lor mee\WE8J9WC2KJ83CYFPE9W6R0QP.jpg,Lor mee,all,645a5835ff250e83fded1d63e9682562,"['Prawn Noodle', 'Lor mee']"
../foodsg-233\Mee kuah\QMZ1M7BJUQN9IBXPCTIEV6VW.jpg,Mee kuah,all,649fef43aa36ffcfaf76593a1c9cbdd3,"['Mee kuah', 'Mee bandung']"
../foodsg-233\Mee bandung\P6D11L7WG10NCW9HM7M0HMVU.jpg,Mee bandung,all,649fef43aa36ffcfaf76593a1c9cbdd3,"['Mee kuah', 'Mee bandung']"
../foodsg-233\Mee rebus\ITB358NYH6SENX3RHLA3PLHC.jpg,Mee rebus,all,64b6f1d59c8aa3190a0418eb93a37b5a,"['Mee rebus', 'Mee bandung']"
../foodsg-233\Mee bandung\DWJBBTIQINW2GFNS87DMVDQM.jpg,Mee bandung,all,64b6f1d59c8aa3190a0418eb93a37b5a,"['Mee rebus', 'Mee bandung']"
"../foodsg-233\Bee hoon, soto\QF6I1K9EPPIVRDBW0TVZ76MQ.jpg","Bee hoon, soto",all,64d6c9007ed46da6bdc8ee8f943c3389,"['Bee hoon, soto', 'Mee soto']"
../foodsg-233\Mee soto\00OALL39TEDDH5TZO4L6SVKO.jpg,Mee soto,all,64d6c9007ed46da6bdc8ee8f943c3389,"['Bee hoon, soto', 'Mee soto']"
../foodsg-233\guava\HR41UGXL5NA6PT1NWQAAI4U6.jpg,guava,all,64d710b2dc126ad04a504d3f107779de,"['guava', 'pomegranate']"
../foodsg-233\pomegranate\PFM140FOIY067EQDUT674XXX.jpg,pomegranate,all,64d710b2dc126ad04a504d3f107779de,"['guava', 'pomegranate']"
../foodsg-233\Duck Rice\B12IXI6KGAVQBHILJOSA4YU0.jpg,Duck Rice,all,64e7e77e5657fc28a536910e80cce5eb,"['Duck Rice', 'chicken rice']"
../foodsg-233\chicken rice\HB99OEX0QNT92Y7LVPWBNJ18.jpg,chicken rice,all,64e7e77e5657fc28a536910e80cce5eb,"['Duck Rice', 'chicken rice']"
../foodsg-233\char siew pau\UMJKGMHLOMP7PO0DAA992AAQ.jpg,char siew pau,all,65024a2ceed2080049a71b3f7ad38acf,"['char siew pau', 'steamed buns']"
../foodsg-233\steamed buns\35BBNVQ1T1JURPYAJCKIJZBY.jpg,steamed buns,all,65024a2ceed2080049a71b3f7ad38acf,"['char siew pau', 'steamed buns']"
../foodsg-233\Mee bandung\HAQH2ZO7Y1IRN325272F2P9J.jpg,Mee bandung,all,6502d66c5013ec7759bf5b8d11d0d394,"['Mee bandung', 'Bee hoon, soto']"
"../foodsg-233\Bee hoon, soto\UXTWCFCZS1ZZAG6RD17NWHPO.jpg","Bee hoon, soto",all,6502d66c5013ec7759bf5b8d11d0d394,"['Mee bandung', 'Bee hoon, soto']"
../foodsg-233\assam pedas\9MUZ7ADB0LE3J653HETYWDE7.jpg,assam pedas,all,6503db126abe1252a911e4f5764ea64c,"['assam pedas', 'fish head curry']"
../foodsg-233\fish head curry\PQJN7DC5M0XOY0JK3KDIERH3.jpg,fish head curry,all,6503db126abe1252a911e4f5764ea64c,"['assam pedas', 'fish head curry']"
../foodsg-233\chin chow drink\F35XCTY64UJEV5NPUUSYPQUW.jpg,chin chow drink,all,652bea14641c98d176ec0f057c83031e,"['chin chow drink', 'Bubble Milk Tea']"
../foodsg-233\Bubble Milk Tea\G81H9W48DIO3BWVK2FZVJVTO.jpg,Bubble Milk Tea,all,652bea14641c98d176ec0f057c83031e,"['chin chow drink', 'Bubble Milk Tea']"
"../foodsg-233\Mee siam, fried\8NCLQN3MNPXR6WPV0A9TUD3K.jpg","Mee siam, fried",all,652f931d0a2f2a6015b818032fd841e7,"['Mee siam, fried', 'Bee hoon, goreng']"
"../foodsg-233\Bee hoon, goreng\NOLPYMU0UOU9M4Q0D2RVN5KY.jpg","Bee hoon, goreng",all,652f931d0a2f2a6015b818032fd841e7,"['Mee siam, fried', 'Bee hoon, goreng']"
../foodsg-233\chicken masala\KCTLQG8NO5QTLH0JWW2BLUT5.jpg,chicken masala,all,65362feb36d2a56348b8dacc19527da6,"['chicken masala', 'tandoori chicken']"
../foodsg-233\tandoori chicken\2C29XXTYK1ZCCBUB2MGZVXV3.jpg,tandoori chicken,all,65362feb36d2a56348b8dacc19527da6,"['chicken masala', 'tandoori chicken']"
"../foodsg-233\Bee hoon, goreng\ZHKLOOZGRIE8KHM2IUF7CYGQ.jpg","Bee hoon, goreng",all,653e24c286452c07c24558bf049ccb66,"['Bee hoon, goreng', 'bee hoon']"
../foodsg-233\bee hoon\6UR1TL52WADKXH9LK9XFUQ7G.jpg,bee hoon,all,653e24c286452c07c24558bf049ccb66,"['Bee hoon, goreng', 'bee hoon']"
../foodsg-233\bee hoon\ZT41U5AV4N7SNT7PQXA2JW9Z.jpg,bee hoon,all,65637912d7b537e03f7249dd9f7f40fd,"['bee hoon', 'Bee hoon, soto']"
"../foodsg-233\Bee hoon, soto\3LQVY5ZAH19LRZY80EWTLXJI.jpg","Bee hoon, soto",all,65637912d7b537e03f7249dd9f7f40fd,"['bee hoon', 'Bee hoon, soto']"
../foodsg-233\vegetable soup\JPEMLXKYK44XGMFRDKY03AKN.jpg,vegetable soup,all,656ec763b16942ee48b9f68d6db029f7,"['vegetable soup', 'chicken soup']"
../foodsg-233\chicken soup\FCRQCAR6C79LHUVCGJN2ZAMX.jpg,chicken soup,all,656ec763b16942ee48b9f68d6db029f7,"['vegetable soup', 'chicken soup']"
../foodsg-233\Lontong with sayur lodeh\A10B4U38GZHFFXWXSVAXJMUG.jpg,Lontong with sayur lodeh,all,659079d89a6f17970f7706673b22a436,"['Lontong with sayur lodeh', 'lontong']"
../foodsg-233\lontong\H90CG540Q393M4353MG1FBIF.jpg,lontong,all,659079d89a6f17970f7706673b22a436,"['Lontong with sayur lodeh', 'lontong']"
../foodsg-233\whole wheat\GOIP9W5QW00LAS9DPM83AR83.jpg,whole wheat,all,6597d7a4fae9cf0e76097b0bb1eec821,"['whole wheat', 'wholegrain pasta']"
../foodsg-233\wholegrain pasta\VW9L7Z8LAR92RVGP6ODJPBPG.jpg,wholegrain pasta,all,6597d7a4fae9cf0e76097b0bb1eec821,"['whole wheat', 'wholegrain pasta']"
../foodsg-233\Mee soto\4X681NVK83SMMRQUFV95SXO8.jpg,Mee soto,all,65e7d049b41d5b924ef3018fa2600706,"['Mee soto', 'Soto ayam']"
../foodsg-233\Soto ayam\1ZIDZ6FXBIQKXOUP2RVT7JZ7.jpg,Soto ayam,all,65e7d049b41d5b924ef3018fa2600706,"['Mee soto', 'Soto ayam']"
../foodsg-233\sliced fish soup\FNYOM02YJMSBIHKCS3GBLJFL.jpg,sliced fish soup,all,6621ccae4160ab1f374e1a3c4bad8433,"['sliced fish soup', 'Seafood Noodles Soup']"
../foodsg-233\Seafood Noodles Soup\35EN5TZS61LXSHRXUPA3L4IF.jpg,Seafood Noodles Soup,all,6621ccae4160ab1f374e1a3c4bad8433,"['sliced fish soup', 'Seafood Noodles Soup']"
../foodsg-233\Mee soto\BR1SGX5ANNZNPDBLGEGM4S94.jpg,Mee soto,all,66403f0e582ff51bdbdceb692d7d60f7,"['Mee soto', 'Bee hoon, soto']"
"../foodsg-233\Bee hoon, soto\BRP38UORXCCHI7ON9R2P830A.jpg","Bee hoon, soto",all,66403f0e582ff51bdbdceb692d7d60f7,"['Mee soto', 'Bee hoon, soto']"
../foodsg-233\whole wheat\PA4GHIYCSN009A11FPTU54NM.jpg,whole wheat,all,66679a9ea003136ab2bb87b0e119cda9,"['whole wheat', 'whole grain bread']"
../foodsg-233\whole grain bread\Q7GNDZ0TC2M7CU79F0LE2160.jpg,whole grain bread,all,66679a9ea003136ab2bb87b0e119cda9,"['whole wheat', 'whole grain bread']"
../foodsg-233\satay bee hoon\WSB4WKZV3QFAWJNGIX1C4HVO.jpg,satay bee hoon,all,66ac0fef1877b499f3e8d1ef9db7d4f7,"['satay bee hoon', 'Fried Noodles']"
../foodsg-233\Fried Noodles\W6AO49O7YJYAN0YY2XA3JN2S.jpg,Fried Noodles,all,66ac0fef1877b499f3e8d1ef9db7d4f7,"['satay bee hoon', 'Fried Noodles']"
../foodsg-233\ayam penyet\HYI93DFGX30X22Q6NJ289O2X.jpg,ayam penyet,all,66b8a345564708d50fc39581bc2e337e,"['ayam penyet', 'fried chicken']"
../foodsg-233\fried chicken\38TKQIHC7214LXEXRSW0DR7B.jpg,fried chicken,all,66b8a345564708d50fc39581bc2e337e,"['ayam penyet', 'fried chicken']"
../foodsg-233\Soto ayam\2HGW657DS5OYG3YQIHRQ4WY3.jpg,Soto ayam,all,66e3f33429afd06b41c29745f7cee9df,"['Soto ayam', 'Mee soto']"
../foodsg-233\Mee soto\CH04CEVE2PTH9T7WZCSBOVGI.jpg,Mee soto,all,66e3f33429afd06b41c29745f7cee9df,"['Soto ayam', 'Mee soto']"
../foodsg-233\Soto ayam\YFPES9PXGNCMFUKIWTBZLIUT.jpg,Soto ayam,all,66f843549ac958f4fff978b124872d5e,"['Soto ayam', 'Bee hoon, soto']"
"../foodsg-233\Bee hoon, soto\MRLIQA0Y27NRNQXAZBTNJS6I.jpg","Bee hoon, soto",all,66f843549ac958f4fff978b124872d5e,"['Soto ayam', 'Bee hoon, soto']"
../foodsg-233\bak chor mee\UPTKBO38L68R656RPG6CZMDM.jpg,bak chor mee,all,66ff8aa2379ba576bdcb66934eb6345c,"['bak chor mee', 'mee pok']"
../foodsg-233\mee pok\9OBGQANZDC64E0M44KQ2HEAF.jpg,mee pok,all,66ff8aa2379ba576bdcb66934eb6345c,"['bak chor mee', 'mee pok']"
../foodsg-233\Soto ayam\HAC5PS4SE9ZGIOCX2NMZ2XSY.jpg,Soto ayam,all,672c804f8993dc692e9e7eb933682624,"['Soto ayam', 'Mee soto']"
../foodsg-233\Mee soto\LAB2RQA06KUO944NGTAC2Y4U.jpg,Mee soto,all,672c804f8993dc692e9e7eb933682624,"['Soto ayam', 'Mee soto']"
../foodsg-233\fried chicken\OEWVZQA4T7H8WK0VT5F25FFO.jpg,fried chicken,all,672f7a00a1c5461166e056c0775eb325,"['fried chicken', 'fried fish']"
../foodsg-233\fried fish\2UTCQ9IOHQ6H9758U3Y52D9B.jpg,fried fish,all,672f7a00a1c5461166e056c0775eb325,"['fried chicken', 'fried fish']"
../foodsg-233\Dumpling noodle soup\XH1YHT6IL56YUJHZEA1AVYO1.jpg,Dumpling noodle soup,all,67416ac4587f699aa88b0f90d86975de,"['Dumpling noodle soup', 'Wanton mee, dry']"
"../foodsg-233\Wanton mee, dry\JFXOIRGH6NFMACWF7I22BMA7.jpg","Wanton mee, dry",all,67416ac4587f699aa88b0f90d86975de,"['Dumpling noodle soup', 'Wanton mee, dry']"
../foodsg-233\Mee kuah\QLGO3ZRDCJYARKAZYTWEZC5X.jpg,Mee kuah,all,675828ad19033edd651209c0326a951f,"['Mee kuah', 'Mee rebus']"
../foodsg-233\Mee rebus\U535R1PYZOFWSAY1FFYB9J3V.jpg,Mee rebus,all,675828ad19033edd651209c0326a951f,"['Mee kuah', 'Mee rebus']"
../foodsg-233\Mee kuah\MJT8057YFVMEKN71PAOTFPW8.jpg,Mee kuah,all,677d17273dc84e18376ecaae1bbf15ba,"['Mee kuah', 'Mee bandung']"
../foodsg-233\Mee bandung\6TZ7C1868PZ0OKVA74ALQZL6.jpg,Mee bandung,all,677d17273dc84e18376ecaae1bbf15ba,"['Mee kuah', 'Mee bandung']"
../foodsg-233\strawberry\WDTBZXYNNZKRYUXHXFRK0UPG.jpg,strawberry,all,6785a1702be54267c05e6e83a8a08b63,"['strawberry', 'blueberries']"
../foodsg-233\blueberries\PING9HQWTJPH9ECCMSWFFT3T.jpg,blueberries,all,6785a1702be54267c05e6e83a8a08b63,"['strawberry', 'blueberries']"
../foodsg-233\Lontong with sayur lodeh\35ZZ4D5IIP9T5FARW5S6KXJ3.jpg,Lontong with sayur lodeh,all,67c9fc6a3ad0173240f27ec051fe09a7,"['Lontong with sayur lodeh', 'Mee siam', 'lontong']"
../foodsg-233\Mee siam\LWDBIP8PKRDC9IWPJNWNQUUM.jpg,Mee siam,all,67c9fc6a3ad0173240f27ec051fe09a7,"['Lontong with sayur lodeh', 'Mee siam', 'lontong']"
../foodsg-233\lontong\QLUBC8WBQPUMHSBZ0O86KOC4.jpg,lontong,all,67c9fc6a3ad0173240f27ec051fe09a7,"['Lontong with sayur lodeh', 'Mee siam', 'lontong']"
../foodsg-233\whole wheat\5KJO86VQW6UFIZKG57E8N8TE.jpg,whole wheat,all,67d52c857d88cdca18c6a444b26a4727,"['whole wheat', 'whole grain bread']"
../foodsg-233\whole grain bread\EX2PJP0WCMYMW8UQBJ3C6C19.jpg,whole grain bread,all,67d52c857d88cdca18c6a444b26a4727,"['whole wheat', 'whole grain bread']"
"../foodsg-233\Bee hoon, goreng\ORW4I78RRNMN5UCEQ9UVMML9.jpg","Bee hoon, goreng",all,67da768e9b2d61d1c5e2317b256e0dd4,"['Bee hoon, goreng', 'Mee siam']"
../foodsg-233\Mee siam\5A7MTVQCRXMJGNU0OLJMINAO.jpg,Mee siam,all,67da768e9b2d61d1c5e2317b256e0dd4,"['Bee hoon, goreng', 'Mee siam']"
../foodsg-233\Macaroni\ZQEXN5GA8B7JFN3CFW9NGKWI.jpg,Macaroni,all,6809c4dbcfad04f97c96b4e09f4ebe3d,"['Macaroni', 'chicken soup']"
../foodsg-233\chicken soup\K689IE5PNA0LHZFCGJDUWNNB.jpg,chicken soup,all,6809c4dbcfad04f97c96b4e09f4ebe3d,"['Macaroni', 'chicken soup']"
"../foodsg-233\Bee hoon, goreng\FVE46JGUN7Z530NMN0FJXPHL.jpg","Bee hoon, goreng",all,680a528814b40941ddfcedc39ca9b366,"['Bee hoon, goreng', 'Fried Noodles']"
../foodsg-233\Fried Noodles\VEHLSSOYH30Y9CPPFCE2FIC8.jpg,Fried Noodles,all,680a528814b40941ddfcedc39ca9b366,"['Bee hoon, goreng', 'Fried Noodles']"
"../foodsg-233\Bee hoon, soto\Y0PSMVJY6KEDIMTABTXU25I4.jpg","Bee hoon, soto",all,6835b8a6bc318786389fc694df9a3783,"['Bee hoon, soto', 'Mee soto']"
../foodsg-233\Mee soto\1Z4IMXQTJZNVTP5M1KKQCRMU.jpg,Mee soto,all,6835b8a6bc318786389fc694df9a3783,"['Bee hoon, soto', 'Mee soto']"
"../foodsg-233\Mee siam, fried\AQ59O4L0SB4KS7T9DL0V69ZU.jpg","Mee siam, fried",all,6836a805840f614aaf463f4d2e5dace3,"['Mee siam, fried', 'Bee hoon, goreng']"
"../foodsg-233\Bee hoon, goreng\DNYCAUX3XSRR81WXAQRZ44FE.jpg","Bee hoon, goreng",all,6836a805840f614aaf463f4d2e5dace3,"['Mee siam, fried', 'Bee hoon, goreng']"
../foodsg-233\Mee soto\ID4GQWEXG13PNZYCGXRNR6K7.jpg,Mee soto,all,684449fc047475f41b00b41f2081a51e,"['Mee soto', 'Bee hoon, soto']"
"../foodsg-233\Bee hoon, soto\O005C2V969OB8W9Z1ZXLA6VQ.jpg","Bee hoon, soto",all,684449fc047475f41b00b41f2081a51e,"['Mee soto', 'Bee hoon, soto']"
../foodsg-233\Mee rebus\3SORNGZA7J86OVFDFVD9KSM6.jpg,Mee rebus,all,686c8b5ed5c2c9025dbff0094fd87be6,"['Mee rebus', 'Mee bandung']"
../foodsg-233\Mee bandung\N4089DAO35IDUUJRBW1RMU08.jpg,Mee bandung,all,686c8b5ed5c2c9025dbff0094fd87be6,"['Mee rebus', 'Mee bandung']"
../foodsg-233\Mee soto\1UVPHV8QI8UCJXUWYDBSMD0U.jpg,Mee soto,all,687e44c8198cc21236dfe102443ee723,"['Mee soto', 'Bee hoon, soto']"
"../foodsg-233\Bee hoon, soto\DANHGWEAVP8UGYPF0GMPN91L.jpg","Bee hoon, soto",all,687e44c8198cc21236dfe102443ee723,"['Mee soto', 'Bee hoon, soto']"
../foodsg-233\drunken prawn\EIHG5FOWLH1KN40VKEB161PZ.jpg,drunken prawn,all,6888cf56779cb27c06850b142a653274,"['drunken prawn', 'fried prawn']"
../foodsg-233\fried prawn\0U9BLP369NKZS7XATTPBR1S9.jpg,fried prawn,all,6888cf56779cb27c06850b142a653274,"['drunken prawn', 'fried prawn']"
../foodsg-233\lontong\76OQWOX6NQCJYO3M3U6SWG38.jpg,lontong,all,689b5268a04d089296f18be926475d11,"['lontong', 'Lontong with sayur lodeh']"
../foodsg-233\Lontong with sayur lodeh\TZMCQFGJ9JHIMEPP2GHD5CYN.jpg,Lontong with sayur lodeh,all,689b5268a04d089296f18be926475d11,"['lontong', 'Lontong with sayur lodeh']"
../foodsg-233\kueh lapis - rainbow\966LH6O36EDXQF86CWXXP61E.jpg,kueh lapis - rainbow,all,68a37369ac59b3dd4e95550aa14888c7,"['kueh lapis - rainbow', 'Kueh Salat']"
../foodsg-233\Kueh Salat\LKZXU6XSM2E71RGJKVWEEN14.jpg,Kueh Salat,all,68a37369ac59b3dd4e95550aa14888c7,"['kueh lapis - rainbow', 'Kueh Salat']"
../foodsg-233\ice kacang\546FPU4HFVMRD6OXR7ZS8AE0.jpg,ice kacang,all,68c2252181ad8bc75d5d7329d53e9ed5,"['ice kacang', 'cheng tng']"
../foodsg-233\cheng tng\32QM8MTX7CB2Z1N6H1QSPYYV.jpg,cheng tng,all,68c2252181ad8bc75d5d7329d53e9ed5,"['ice kacang', 'cheng tng']"
"../foodsg-233\Mee siam, fried\B6DLLRK2S0DT6I6D2DHRJ53N.jpg","Mee siam, fried",all,68c6daef301cb4161528a0434e6e2574,"['Mee siam, fried', 'Mee siam']"
../foodsg-233\Mee siam\BZ1RD9KKHUML39O281U6739J.jpg,Mee siam,all,68c6daef301cb4161528a0434e6e2574,"['Mee siam, fried', 'Mee siam']"
../foodsg-233\bee hoon\6A9IPD9DCLYOYESHYRUKP4HD.jpg,bee hoon,all,68d3d718549f121c8310107a1ddd7aa2,"['bee hoon', 'Bee hoon, goreng']"
"../foodsg-233\Bee hoon, goreng\TD4180SIDOXEZY8CRM78T5OZ.jpg","Bee hoon, goreng",all,68d3d718549f121c8310107a1ddd7aa2,"['bee hoon', 'Bee hoon, goreng']"
../foodsg-233\Ban Mian\1L02DRXNH1A26DFGS6UTAQA3.jpg,Ban Mian,all,691607195c574159b8e71890cd6d9246,"['Ban Mian', 'Seafood Noodles Soup']"
../foodsg-233\Seafood Noodles Soup\AN7SU6PE4ERM691I2R73FKP5.jpg,Seafood Noodles Soup,all,691607195c574159b8e71890cd6d9246,"['Ban Mian', 'Seafood Noodles Soup']"
"../foodsg-233\Bee hoon, soto\U5YYCV0MATXQK65ZACDIRWTH.jpg","Bee hoon, soto",all,69875d7de69c6df5c2329982a9bd403e,"['Bee hoon, soto', 'Mee soto']"
../foodsg-233\Mee soto\V4XSXUST7HXG8VXSXVM6BDZ0.jpg,Mee soto,all,69875d7de69c6df5c2329982a9bd403e,"['Bee hoon, soto', 'Mee soto']"
../foodsg-233\char siew pau\9PPP8DN10J1CQ1CW6ITE9KBZ.jpg,char siew pau,all,69c65adfd599507be9fab800a5c7d4ec,"['char siew pau', 'steamed buns']"
../foodsg-233\steamed buns\UFM327GRGWO1N0OOZHABOHR1.jpg,steamed buns,all,69c65adfd599507be9fab800a5c7d4ec,"['char siew pau', 'steamed buns']"
../foodsg-233\Dumpling noodle soup\56WCYEZ3XASEUHE3Q55OTBKG.jpg,Dumpling noodle soup,all,69c93e9d7d7bf4ddf51c12741b337246,"['Dumpling noodle soup', 'dumpling']"
../foodsg-233\dumpling\JBZM6R2EBLEQ3UY6TPQK9C8K.jpg,dumpling,all,69c93e9d7d7bf4ddf51c12741b337246,"['Dumpling noodle soup', 'dumpling']"
"../foodsg-233\Bee hoon, goreng\5KJQFAM8ALIJZLBEE7LZ1UAZ.jpg","Bee hoon, goreng",all,6a296748e51a5ae25cf093226ff8e35c,"['Bee hoon, goreng', 'bee hoon']"
../foodsg-233\bee hoon\JA30XOCJDN1L6BTRCR5P7M7L.jpg,bee hoon,all,6a296748e51a5ae25cf093226ff8e35c,"['Bee hoon, goreng', 'bee hoon']"
../foodsg-233\green leafy vegetables\UL4YVPWGUQNPQTOPBGC03SPY.jpg,green leafy vegetables,all,6a30ff1c86eb86621c55043eaf78d13d,"['green leafy vegetables', 'mixed vegetables']"
../foodsg-233\mixed vegetables\9H3UO8GVZ8ZBNRAQ3CPR94F7.jpg,mixed vegetables,all,6a30ff1c86eb86621c55043eaf78d13d,"['green leafy vegetables', 'mixed vegetables']"
"../foodsg-233\Bee hoon, soto\D8GXRFVY3BFCYYWXXOG9913G.jpg","Bee hoon, soto",all,6a5a4f36d5e72a6d9e9549c2d060c157,"['Bee hoon, soto', 'Seafood Noodles Soup']"
../foodsg-233\Seafood Noodles Soup\08J43CVD07YOFJD044WZDITC.jpg,Seafood Noodles Soup,all,6a5a4f36d5e72a6d9e9549c2d060c157,"['Bee hoon, soto', 'Seafood Noodles Soup']"
../foodsg-233\kueh lapis - rainbow\GKL8J86OGTCJML81KO3U043I.jpg,kueh lapis - rainbow,all,6a7a0b1043b537dfc4030b8c74716619,"['kueh lapis - rainbow', 'kueh lapis baked']"
../foodsg-233\kueh lapis baked\0KQ3QMII3DJE11BKG40IOCSE.jpg,kueh lapis baked,all,6a7a0b1043b537dfc4030b8c74716619,"['kueh lapis - rainbow', 'kueh lapis baked']"
../foodsg-233\drunken prawn\HSAMTBBG8HB74YJCY8T5UE8A.jpg,drunken prawn,all,6a84d4a8f0868f4e0cd56538964fa470,"['drunken prawn', 'fried prawn']"
../foodsg-233\fried prawn\G70UO0WRR5E0CTCLXV6JEQ13.jpg,fried prawn,all,6a84d4a8f0868f4e0cd56538964fa470,"['drunken prawn', 'fried prawn']"
../foodsg-233\Grapefruit\9S59O8FQJ6FJXP1PV6CV6IOC.jpg,Grapefruit,all,6aa30032234ff7166583254dd798a668,"['Grapefruit', 'Pomelo']"
../foodsg-233\Pomelo\CKUNDUISEFFT7PWTXQC4MI7S.jpg,Pomelo,all,6aa30032234ff7166583254dd798a668,"['Grapefruit', 'Pomelo']"
../foodsg-233\Lontong with sayur lodeh\OM3F7N6GXVKLC1AMA5N7PWDH.jpg,Lontong with sayur lodeh,all,6ab2db4ceb03624302b1e15075b220a8,"['Lontong with sayur lodeh', 'lontong']"
../foodsg-233\lontong\5YVYUOOKTIP19K77B8YZMAUE.jpg,lontong,all,6ab2db4ceb03624302b1e15075b220a8,"['Lontong with sayur lodeh', 'lontong']"
../foodsg-233\steamed buns\89FLWKQ45ZQPCMUDOHOOO22Y.jpg,steamed buns,all,6abe84c5333ad985d41eb94c9101ebc0,"['steamed buns', 'char siew pau']"
../foodsg-233\char siew pau\GHAZWWT1E3AWVLTVVWC22ERW.jpg,char siew pau,all,6abe84c5333ad985d41eb94c9101ebc0,"['steamed buns', 'char siew pau']"
../foodsg-233\sambal stingray\YRKHMVLFEXQPCW1QN43ZEGJZ.jpg,sambal stingray,all,6b0022f41191d59b7ca585a188d4cc38,"['sambal stingray', 'nasi lemak']"
../foodsg-233\nasi lemak\PO4DA017U2WVCHHDI3HQYSVS.jpg,nasi lemak,all,6b0022f41191d59b7ca585a188d4cc38,"['sambal stingray', 'nasi lemak']"
../foodsg-233\lontong\QJHGWUEPI4U3WK7CGTKVSONU.jpg,lontong,all,6b029117cb95c4aa0cdf7e28fb87f57e,"['lontong', 'Lontong with sayur lodeh']"
../foodsg-233\Lontong with sayur lodeh\S628Y3IXZD46XNTAM0SABM3Q.jpg,Lontong with sayur lodeh,all,6b029117cb95c4aa0cdf7e28fb87f57e,"['lontong', 'Lontong with sayur lodeh']"
../foodsg-233\chai tow kuay\LA5I26KM5SGS052TUWELIGRR.jpg,chai tow kuay,all,6b0e3448be340e990a8c244f4e11ffbf,"['chai tow kuay', 'oyster omelette']"
../foodsg-233\oyster omelette\RENFX4PU0W8DSYT9UG2H2JQ8.jpg,oyster omelette,all,6b0e3448be340e990a8c244f4e11ffbf,"['chai tow kuay', 'oyster omelette']"
../foodsg-233\whole wheat\UUFHIE34WR9H2LYCQ4KXHVDX.jpg,whole wheat,all,6b250a23151a8df037b531df7113a7b8,"['whole wheat', 'whole grain bread']"
../foodsg-233\whole grain bread\GVCOAUIQ3OT1WQNW57YEFSQ4.jpg,whole grain bread,all,6b250a23151a8df037b531df7113a7b8,"['whole wheat', 'whole grain bread']"
../foodsg-233\fish head curry\839ACNMPU57CI1FC3YKGORYY.jpg,fish head curry,all,6b40899e87b953e8e4c8b6abdcb888b7,"['fish head curry', 'assam pedas']"
../foodsg-233\assam pedas\2OV9407KZWYT151MJZ9I084D.jpg,assam pedas,all,6b40899e87b953e8e4c8b6abdcb888b7,"['fish head curry', 'assam pedas']"
../foodsg-233\Mee siam\5KOFB1POI0N4SSS976W4VRV4.jpg,Mee siam,all,6b502c8533743e214d311b4199487938,"['Mee siam', 'Mee siam, fried']"
"../foodsg-233\Mee siam, fried\JXK12V3BFFKQX0SLSPHU0Z7P.jpg","Mee siam, fried",all,6b502c8533743e214d311b4199487938,"['Mee siam', 'Mee siam, fried']"
../foodsg-233\Soto ayam\PUWIYFW00EGGZKAH7C9YTW3P.jpg,Soto ayam,all,6b54a27e544f1ac17f8c5027e055117c,"['Soto ayam', 'Mee soto']"
../foodsg-233\Mee soto\ZWX1RMJ7P7N80XYHEJNY8A2J.jpg,Mee soto,all,6b54a27e544f1ac17f8c5027e055117c,"['Soto ayam', 'Mee soto']"
../foodsg-233\fried prawn\D5PSAVKPEUSTDD67NRLZMQTK.jpg,fried prawn,all,6b7cc077329549b431036799a19ab353,"['fried prawn', 'drunken prawn']"
../foodsg-233\drunken prawn\ARJU2MTHW8N19774642JZM7B.jpg,drunken prawn,all,6b7cc077329549b431036799a19ab353,"['fried prawn', 'drunken prawn']"
../foodsg-233\Mee siam\CKI9PRPBOMUNUL4VCY1TQOVV.jpg,Mee siam,all,6ba8a65b9065f936e9c61371abd5f4da,"['Mee siam', 'bee hoon']"
../foodsg-233\bee hoon\6J1KH35FWRLEKHB03D70X4M3.jpg,bee hoon,all,6ba8a65b9065f936e9c61371abd5f4da,"['Mee siam', 'bee hoon']"
"../foodsg-233\Bee hoon, goreng\T5FFDPTPWS76ARRDHXNR9G51.jpg","Bee hoon, goreng",all,6bb351cbf6f430137d858f9a5cfe923e,"['Bee hoon, goreng', 'Mee siam, fried']"
"../foodsg-233\Mee siam, fried\F9PQ73VHAMZPH4FXOWLG2F7Q.jpg","Mee siam, fried",all,6bb351cbf6f430137d858f9a5cfe923e,"['Bee hoon, goreng', 'Mee siam, fried']"
../foodsg-233\whole wheat\6YUX7306H9AS37YEY32EQIJD.jpg,whole wheat,all,6c249b7eabef1225dc1f3e3ade65bb58,"['whole wheat', 'whole grain bread']"
../foodsg-233\whole grain bread\FPOMEQN1XV7DBVWRILKG6TD2.jpg,whole grain bread,all,6c249b7eabef1225dc1f3e3ade65bb58,"['whole wheat', 'whole grain bread']"
../foodsg-233\Mee bandung\UYVXUYCYQ39R7NUUWI4HT8E1.jpg,Mee bandung,all,6c433ef4480ad23d4545500c182f065f,"['Mee bandung', 'Mee rebus']"
../foodsg-233\Mee rebus\733OVWLKKLSA04JP5CPGOHL0.jpg,Mee rebus,all,6c433ef4480ad23d4545500c182f065f,"['Mee bandung', 'Mee rebus']"
../foodsg-233\Mee siam\91PRD8SOIIR0ZISJNHPXVXPA.jpg,Mee siam,all,6ccd7c2d3ac8e98966bb6133b01eede2,"['Mee siam', 'Mee siam, fried']"
"../foodsg-233\Mee siam, fried\YS6VMYVX6O0FNSYIE4RL7DYB.jpg","Mee siam, fried",all,6ccd7c2d3ac8e98966bb6133b01eede2,"['Mee siam', 'Mee siam, fried']"
../foodsg-233\vegetarian bee hoon\MJN2B8IVDVJAO77L6615DUU9.jpg,vegetarian bee hoon,all,6ce0fffcb6fa877419aff76c9903dbfd,"['vegetarian bee hoon', 'satay bee hoon']"
../foodsg-233\satay bee hoon\HLQM0CZ8QR6FJLHYZDWWE5MQ.jpg,satay bee hoon,all,6ce0fffcb6fa877419aff76c9903dbfd,"['vegetarian bee hoon', 'satay bee hoon']"
"../foodsg-233\Bee hoon, soto\7ASVUDMJHG2DB1TB8L4IYDDU.jpg","Bee hoon, soto",all,6ce4e5b82bc87a9fb6429d30731877ae,"['Bee hoon, soto', 'Mee soto', 'Soto ayam']"
../foodsg-233\Mee soto\O0S6OI2JR280RMNIZ4FQEQ6C.jpg,Mee soto,all,6ce4e5b82bc87a9fb6429d30731877ae,"['Bee hoon, soto', 'Mee soto', 'Soto ayam']"
../foodsg-233\Soto ayam\EY8M98HWAP3P0H1AUZFY1XK6.jpg,Soto ayam,all,6ce4e5b82bc87a9fb6429d30731877ae,"['Bee hoon, soto', 'Mee soto', 'Soto ayam']"
../foodsg-233\Ban Mian\GN1FRIZDJS6RM1Z3SMNNQ0YQ.jpg,Ban Mian,all,6d04f729e708f545bf12d7a74f70fde6,"['Ban Mian', 'Mee soto']"
../foodsg-233\Mee soto\UV3BEC4N1SXOL67QICKUT88P.jpg,Mee soto,all,6d04f729e708f545bf12d7a74f70fde6,"['Ban Mian', 'Mee soto']"
../foodsg-233\whole wheat\X1X7U1F2CM2FZOO3XSL2LMV0.jpg,whole wheat,all,6d40f097d37959f293a563dc31eb9540,"['whole wheat', 'whole grain bread']"
../foodsg-233\whole grain bread\8APNIF0SGNZJJE0GVTZ1PVHZ.jpg,whole grain bread,all,6d40f097d37959f293a563dc31eb9540,"['whole wheat', 'whole grain bread']"
../foodsg-233\bee hoon\CTQWAO7PPZWCWNVGATFEBACO.jpg,bee hoon,all,6d4472570da8adb2606191dc55730d6e,"['bee hoon', 'Bee hoon, goreng']"
"../foodsg-233\Bee hoon, goreng\XZSWYXNL68R25C88ZZNX6530.jpg","Bee hoon, goreng",all,6d4472570da8adb2606191dc55730d6e,"['bee hoon', 'Bee hoon, goreng']"
../foodsg-233\mixed vegetables\582DNOF4Y1827RP0U4TTGUEY.jpg,mixed vegetables,all,6d775ab5e203ccc2c1b7465580d99a01,"['mixed vegetables', 'fried prawn']"
../foodsg-233\fried prawn\CRU43SW50ZZPH4U8YK1J2EIL.jpg,fried prawn,all,6d775ab5e203ccc2c1b7465580d99a01,"['mixed vegetables', 'fried prawn']"
../foodsg-233\Mee goreng\U4A3O9WM4OJJ982OV26B5NOW.jpg,Mee goreng,all,6d9c0b4085ccec3f6651dd68c2d55121,"['Mee goreng', 'Fried Noodles']"
../foodsg-233\Fried Noodles\GLKZ6SO0RNKTBVLAYANMR0KQ.jpg,Fried Noodles,all,6d9c0b4085ccec3f6651dd68c2d55121,"['Mee goreng', 'Fried Noodles']"
../foodsg-233\sliced fish soup\U5QZ3P4ELWBOZ43CAWHLCJBZ.jpg,sliced fish soup,all,6da3914d232f23cd06874a554e014481,"['sliced fish soup', 'Ban Mian', 'Seafood Noodles Soup']"
../foodsg-233\Ban Mian\NZDTDCGZ8Z6K5CAGCMSSP9KF.jpg,Ban Mian,all,6da3914d232f23cd06874a554e014481,"['sliced fish soup', 'Ban Mian', 'Seafood Noodles Soup']"
../foodsg-233\Seafood Noodles Soup\DC43BM1A22TTTM6MLM6PM2J4.jpg,Seafood Noodles Soup,all,6da3914d232f23cd06874a554e014481,"['sliced fish soup', 'Ban Mian', 'Seafood Noodles Soup']"
../foodsg-233\Mee soto\C3YLQJDAS2NBLOUHB48U59WP.jpg,Mee soto,all,6db5b62a08753c2316d34a52331361ed,"['Mee soto', 'Soto ayam']"
../foodsg-233\Soto ayam\XWQ5II50DS405PSB77GD5WRO.jpg,Soto ayam,all,6db5b62a08753c2316d34a52331361ed,"['Mee soto', 'Soto ayam']"
"../foodsg-233\Bee hoon, soto\J6UH93EU96IP92M10N7O6N7M.jpg","Bee hoon, soto",all,6dd327be962adaf446095742c5cdbc9c,"['Bee hoon, soto', 'Bee hoon, goreng', 'bee hoon']"
"../foodsg-233\Bee hoon, goreng\VNVIL7U2GE6DZUH4ZFPMQJ8K.jpg","Bee hoon, goreng",all,6dd327be962adaf446095742c5cdbc9c,"['Bee hoon, soto', 'Bee hoon, goreng', 'bee hoon']"
../foodsg-233\bee hoon\7SVSVDRXRK223LLLHDBCLV3W.jpg,bee hoon,all,6dd327be962adaf446095742c5cdbc9c,"['Bee hoon, soto', 'Bee hoon, goreng', 'bee hoon']"
"../foodsg-233\Bee hoon, goreng\3WESKUIOZRESXFZEV9AIH0OJ.jpg","Bee hoon, goreng",all,6e268082093b0a288b913035942ca9d1,"['Bee hoon, goreng', 'Mee siam, fried', 'Mee siam']"
"../foodsg-233\Mee siam, fried\WISWRQ95CXVBJLFURU74U4NS.jpg","Mee siam, fried",all,6e268082093b0a288b913035942ca9d1,"['Bee hoon, goreng', 'Mee siam, fried', 'Mee siam']"
../foodsg-233\Mee siam\VVV5K9DV9DSNBDSIPZQ1W2AP.jpg,Mee siam,all,6e268082093b0a288b913035942ca9d1,"['Bee hoon, goreng', 'Mee siam, fried', 'Mee siam']"
../foodsg-233\Mee bandung\XS0A8D1DWCRRF2O198GWLJ4J.jpg,Mee bandung,all,6e3a0dca83a8527879b9c2a960b79a1a,"['Mee bandung', 'Mee rebus']"
../foodsg-233\Mee rebus\U23L1BPV3RT2XBG417MN8W93.jpg,Mee rebus,all,6e3a0dca83a8527879b9c2a960b79a1a,"['Mee bandung', 'Mee rebus']"
../foodsg-233\Indian Prata\KNLKGHDP4I5BNG17X9MKBV6R.jpg,Indian Prata,all,6e7970f2f12a708723a667bba407822a,"['Indian Prata', 'murtabak']"
../foodsg-233\murtabak\8VZLYSLGR1MCYEB00XXA0NA7.jpg,murtabak,all,6e7970f2f12a708723a667bba407822a,"['Indian Prata', 'murtabak']"
../foodsg-233\Dumpling noodle soup\TW6IQFR6A5RFWNZUNVL4V0CH.jpg,Dumpling noodle soup,all,6ec2c2462f7d89f7d95d33b89f51e1a9,"['Dumpling noodle soup', 'tom yum noodle soup']"
../foodsg-233\tom yum noodle soup\QSOW0VWHEAP2DBML7DSKQ8B6.jpg,tom yum noodle soup,all,6ec2c2462f7d89f7d95d33b89f51e1a9,"['Dumpling noodle soup', 'tom yum noodle soup']"
"../foodsg-233\Bee hoon, soto\AVP1BAGJ4453JW9CN9GJY2ZB.jpg","Bee hoon, soto",all,6edc5b84949f264ccec816c6506865c9,"['Bee hoon, soto', 'satay bee hoon']"
../foodsg-233\satay bee hoon\O9R2JVIQJWTG5GSHFWGLB23T.jpg,satay bee hoon,all,6edc5b84949f264ccec816c6506865c9,"['Bee hoon, soto', 'satay bee hoon']"
../foodsg-233\bee hoon\IKU8YJGNVA5PHBNWOVDOBOGQ.jpg,bee hoon,all,6edf3afd1be1cca84e0ed390c2ec559e,"['bee hoon', 'Bee hoon, goreng']"
"../foodsg-233\Bee hoon, goreng\MNXZ4ABQQM8CC7CSHR80NUYL.jpg","Bee hoon, goreng",all,6edf3afd1be1cca84e0ed390c2ec559e,"['bee hoon', 'Bee hoon, goreng']"
"../foodsg-233\Don, chicken teriyaki\3VPQUPE6RM3APIE52UZ09W8E.jpg","Don, chicken teriyaki",all,6ef04737f1549d6fe9ad42a82ebb34b5,"['Don, chicken teriyaki', 'Katsudon']"
../foodsg-233\Katsudon\ZO4UH8YXCPIQJ8FZ9NFKKBLJ.jpg,Katsudon,all,6ef04737f1549d6fe9ad42a82ebb34b5,"['Don, chicken teriyaki', 'Katsudon']"
../foodsg-233\char siew pau\0VIWCEBIPWR8N91XSF4AA4XO.jpg,char siew pau,all,6f275380a33fff806a95871a14c902a2,"['char siew pau', 'steamed buns']"
../foodsg-233\steamed buns\0V4MVAO7MG31YRNPKM0ZIC9W.jpg,steamed buns,all,6f275380a33fff806a95871a14c902a2,"['char siew pau', 'steamed buns']"
../foodsg-233\Wholegrain Wrap\YYELVHBODNGAOEWAH7PRKA0S.jpg,Wholegrain Wrap,all,6f35fe951db901959dd095ddd73e7bd2,"['Wholegrain Wrap', 'wholegrain pasta']"
../foodsg-233\wholegrain pasta\L5ZLHU71BWSDT5N0JSEQR5F6.jpg,wholegrain pasta,all,6f35fe951db901959dd095ddd73e7bd2,"['Wholegrain Wrap', 'wholegrain pasta']"
../foodsg-233\Mee soto\VGJCDZD09BLZ0J7513CE8X35.jpg,Mee soto,all,6f57d8ccde89ac8bb8ccb712672297f0,"['Mee soto', 'Bee hoon, soto']"
"../foodsg-233\Bee hoon, soto\M31O81U5NTFJQQD04EU7R3R9.jpg","Bee hoon, soto",all,6f57d8ccde89ac8bb8ccb712672297f0,"['Mee soto', 'Bee hoon, soto']"
../foodsg-233\Mee soto\J82B2I89P1Z9SU8Z7TROGYAZ.jpg,Mee soto,all,6f82deaa156595dd4fd72d0fadfa442d,"['Mee soto', 'Soto ayam']"
../foodsg-233\Soto ayam\P6PJP50SHYDJ78FJ7VWLP9QE.jpg,Soto ayam,all,6f82deaa156595dd4fd72d0fadfa442d,"['Mee soto', 'Soto ayam']"
../foodsg-233\steamed grouper\4D71A7JH1YJ6GYO7OJYASW01.jpg,steamed grouper,all,6f83b395a74744d2b66a28b1f47316f7,"['steamed grouper', 'fried fish']"
../foodsg-233\fried fish\HVHYQF44FZW6F30KLMHLKK3V.jpg,fried fish,all,6f83b395a74744d2b66a28b1f47316f7,"['steamed grouper', 'fried fish']"
../foodsg-233\green leafy vegetables\MUCCELD0HG64ERNDENROOPG7.jpg,green leafy vegetables,all,6f8e8189e22a5e0f90bb08f4ad3bb53c,"['green leafy vegetables', 'mixed vegetables']"
../foodsg-233\mixed vegetables\795B70BNZSX7AUA5D4AC4R7Y.jpg,mixed vegetables,all,6f8e8189e22a5e0f90bb08f4ad3bb53c,"['green leafy vegetables', 'mixed vegetables']"
../foodsg-233\Mee bandung\KBTCMK13L3QD028A6Y8DW7E6.jpg,Mee bandung,all,6fd2143642531926f8ecfcb7bfc40828,"['Mee bandung', 'Mee kuah']"
../foodsg-233\Mee kuah\23NFJVS3R1LAM249RU5E0ZYA.jpg,Mee kuah,all,6fd2143642531926f8ecfcb7bfc40828,"['Mee bandung', 'Mee kuah']"
../foodsg-233\Fish Ball Noodles\TFA0OLID9Y43P8QSU9H10HMJ.jpg,Fish Ball Noodles,all,6fdcad32363bd64fcbdf0715cf697bc5,"['Fish Ball Noodles', 'bak chor mee']"
../foodsg-233\bak chor mee\HE2TRTUKWVVLEEQ79OUOGUA6.jpg,bak chor mee,all,6fdcad32363bd64fcbdf0715cf697bc5,"['Fish Ball Noodles', 'bak chor mee']"
../foodsg-233\lontong\WDCS3NSR6GNJ9S7LSSEQG321.jpg,lontong,all,702b11ab3024862e9010db40b9e4412f,"['lontong', 'Lontong with sayur lodeh']"
../foodsg-233\Lontong with sayur lodeh\XK4V7D748HBVL5FYGE25FPPZ.jpg,Lontong with sayur lodeh,all,702b11ab3024862e9010db40b9e4412f,"['lontong', 'Lontong with sayur lodeh']"
../foodsg-233\bee hoon\UKZ9RBZJYOTADI5DCNA5O8BR.jpg,bee hoon,all,7043044fc29718fbc7357d323d60fb71,"['bee hoon', 'Bee hoon, soto']"
"../foodsg-233\Bee hoon, soto\J7B15C0DJA1I1NZE3EDRJE6Q.jpg","Bee hoon, soto",all,7043044fc29718fbc7357d323d60fb71,"['bee hoon', 'Bee hoon, soto']"
../foodsg-233\chicken soup\YHUPUOF319OZVQN9VVRMOECY.jpg,chicken soup,all,70d1cc63f45a7c1ce21ba44048f713bc,"['chicken soup', 'vegetable soup', 'dumpling']"
../foodsg-233\vegetable soup\VZTJ59M6CKS68I6RY0O0VF7R.jpg,vegetable soup,all,70d1cc63f45a7c1ce21ba44048f713bc,"['chicken soup', 'vegetable soup', 'dumpling']"
../foodsg-233\dumpling\SX2JU5SJBGP862MPOJGPRXYJ.jpg,dumpling,all,70d1cc63f45a7c1ce21ba44048f713bc,"['chicken soup', 'vegetable soup', 'dumpling']"
../foodsg-233\Seafood Noodles Soup\9TJ572VI0IPBKHI1SHKJCVQF.jpg,Seafood Noodles Soup,all,7114d58de325a64c1207ad795515117a,"['Seafood Noodles Soup', 'sliced fish soup']"
../foodsg-233\sliced fish soup\K833PYOHWI8GS95QQMEWERSF.jpg,sliced fish soup,all,7114d58de325a64c1207ad795515117a,"['Seafood Noodles Soup', 'sliced fish soup']"
"../foodsg-233\Mee siam, fried\U7S1DN30NSTM4A1XLDVVMKT1.jpg","Mee siam, fried",all,711f050853f1ad4e97c00fa4a72df936,"['Mee siam, fried', 'Mee siam']"
../foodsg-233\Mee siam\TEWUSRZT64CJOKM7AFKV65PF.jpg,Mee siam,all,711f050853f1ad4e97c00fa4a72df936,"['Mee siam, fried', 'Mee siam']"
../foodsg-233\Soto ayam\2S80ZSRZ6ZVYO96A4UM2H0P1.jpg,Soto ayam,all,715ebd5369f4954de56495cac548203d,"['Soto ayam', 'Mee soto']"
../foodsg-233\Mee soto\HKLP2E8W0UVYPDB8YKPPB0OY.jpg,Mee soto,all,715ebd5369f4954de56495cac548203d,"['Soto ayam', 'Mee soto']"
../foodsg-233\Mee soto\SNBBXFJKV0RXEYP0CEOLN067.jpg,Mee soto,all,718953190d9999977c4c6bb09c7bdf36,"['Mee soto', 'Soto ayam']"
../foodsg-233\Soto ayam\AQWNM5OUVAYZYVXX7M4845JQ.jpg,Soto ayam,all,718953190d9999977c4c6bb09c7bdf36,"['Mee soto', 'Soto ayam']"
../foodsg-233\whole grain bread\IF1OCKAWQDR287W95383RJCQ.jpg,whole grain bread,all,71a2d5edfedd01e4f9e770c8850113f0,"['whole grain bread', 'whole wheat']"
../foodsg-233\whole wheat\6KOPP8BWQW6LPKRWSPLR4URB.jpg,whole wheat,all,71a2d5edfedd01e4f9e770c8850113f0,"['whole grain bread', 'whole wheat']"
../foodsg-233\chicken masala\84NMWLJPDRYPQUSJU590J4GI.jpg,chicken masala,all,71b54b619810b8709666d698c4d156d7,"['chicken masala', 'tandoori chicken']"
../foodsg-233\tandoori chicken\4MCUASBSB8ORHQNO8RYRY6Z4.jpg,tandoori chicken,all,71b54b619810b8709666d698c4d156d7,"['chicken masala', 'tandoori chicken']"
../foodsg-233\pig organ soup\VV9X6NZ17W9DWHIRFV2N31ZY.jpg,pig organ soup,all,71c2aa539bca2c3bb87fe9f2b25a05c2,"['pig organ soup', 'kway chap']"
../foodsg-233\kway chap\E02K8J6WK5O45891RIMFO0SS.jpg,kway chap,all,71c2aa539bca2c3bb87fe9f2b25a05c2,"['pig organ soup', 'kway chap']"
../foodsg-233\chin chow drink\X2OIUJD6C7UT16TOVVM6XJ5D.jpg,chin chow drink,all,71df72fa3cb9fc0cba9102f668cb8248,"['chin chow drink', 'ice kacang']"
../foodsg-233\ice kacang\F1ZG8X9Z93SGHIMZEIJKTJDK.jpg,ice kacang,all,71df72fa3cb9fc0cba9102f668cb8248,"['chin chow drink', 'ice kacang']"
../foodsg-233\whole wheat\GOPFL4QHDHJPGZOD0XWLTJF6.jpg,whole wheat,all,7200e6ad2ef4159cd37569aa84f3edec,"['whole wheat', 'whole grain bread']"
../foodsg-233\whole grain bread\TDFUMNJC4VAEQ88EI2NVKFJS.jpg,whole grain bread,all,7200e6ad2ef4159cd37569aa84f3edec,"['whole wheat', 'whole grain bread']"
"../foodsg-233\Bee hoon, soto\G7S3X6BQYEKDTH2B4T6RB2X3.jpg","Bee hoon, soto",all,72067e2af4b5c07ed80d9c8c8d272a5d,"['Bee hoon, soto', 'Seafood Noodles Soup']"
../foodsg-233\Seafood Noodles Soup\ORL6871KOKG34JNODG5KI2H4.jpg,Seafood Noodles Soup,all,72067e2af4b5c07ed80d9c8c8d272a5d,"['Bee hoon, soto', 'Seafood Noodles Soup']"
../foodsg-233\Fish Ball Noodles\JSNPG429B2Q0OZZEUYHIN6X5.jpg,Fish Ball Noodles,all,720d424498d01c27907b60d609e72cb0,"['Fish Ball Noodles', 'Kway Teow']"
../foodsg-233\Kway Teow\LPMLLA1I02DWZ6ROBJLIH2NC.jpg,Kway Teow,all,720d424498d01c27907b60d609e72cb0,"['Fish Ball Noodles', 'Kway Teow']"
../foodsg-233\chicken rice\GX9SMMX2QT17WM4ZU499CU7W.jpg,chicken rice,all,7210adcf9976866c16613363ddc950e0,"['chicken rice', 'char siew']"
../foodsg-233\char siew\CO2NP92Z7JJEWLMKRTKX5R73.jpg,char siew,all,7210adcf9976866c16613363ddc950e0,"['chicken rice', 'char siew']"
"../foodsg-233\Mee siam, fried\GQAIXIIFN4TVBLPXFDUAWPBC.jpg","Mee siam, fried",all,721937c7330d6b9b1b31ef8f39d488ba,"['Mee siam, fried', 'Mee siam']"
../foodsg-233\Mee siam\TA2FM79ALBHHIMO0I3E95M0I.jpg,Mee siam,all,721937c7330d6b9b1b31ef8f39d488ba,"['Mee siam, fried', 'Mee siam']"
"../foodsg-233\Mee siam, fried\UQ5MF88LX33YM4X3A25FX19N.jpg","Mee siam, fried",all,7221aece37e4156c5e20a26d69203c1c,"['Mee siam, fried', 'Bee hoon, goreng']"
"../foodsg-233\Bee hoon, goreng\HN9YUCCF1NYVAKSPHQSJISR6.jpg","Bee hoon, goreng",all,7221aece37e4156c5e20a26d69203c1c,"['Mee siam, fried', 'Bee hoon, goreng']"
"../foodsg-233\Bee hoon, goreng\KBR8ET403M90ELAQWI2T3YV8.jpg","Bee hoon, goreng",all,726cc56463b18014bbd914346ae20ead,"['Bee hoon, goreng', 'bee hoon']"
../foodsg-233\bee hoon\54LMD9LLS9E15GTMAEUKY9SW.jpg,bee hoon,all,726cc56463b18014bbd914346ae20ead,"['Bee hoon, goreng', 'bee hoon']"
../foodsg-233\Claypot Rice\2KI98IEFBVI64G7AR5ZOXQ3H.jpg,Claypot Rice,all,72cd1ea4c7849c31d2acc2c409a79b50,"['Claypot Rice', 'thunder tea rice']"
../foodsg-233\thunder tea rice\VUA85XV78Z7FQL469QESN213.jpg,thunder tea rice,all,72cd1ea4c7849c31d2acc2c409a79b50,"['Claypot Rice', 'thunder tea rice']"
../foodsg-233\bee hoon\V173GOW25TB8VTR2RCSMUMN1.jpg,bee hoon,all,73368c578c9e8e48f4837e7ddff4bc41,"['bee hoon', 'Bee hoon, goreng']"
"../foodsg-233\Bee hoon, goreng\036RK60WYO8N6MQT2SMC7JLR.jpg","Bee hoon, goreng",all,73368c578c9e8e48f4837e7ddff4bc41,"['bee hoon', 'Bee hoon, goreng']"
../foodsg-233\steamed buns\TIQBDV9RFAZ53QCACZ8E8V20.jpg,steamed buns,all,73433919b8ef37f5e5b2b9770d077a3a,"['steamed buns', 'char siew pau']"
../foodsg-233\char siew pau\QNTUY2OSMPWL0F5K9HLVZU3F.jpg,char siew pau,all,73433919b8ef37f5e5b2b9770d077a3a,"['steamed buns', 'char siew pau']"
../foodsg-233\whole grain bread\9BNER0A8VFM8T743SBYY4PZN.jpg,whole grain bread,all,734377baf17cec5cb1e21482bdce4cc2,"['whole grain bread', 'whole wheat']"
../foodsg-233\whole wheat\QGR7784KCS3QJ9DMEUS7TT77.jpg,whole wheat,all,734377baf17cec5cb1e21482bdce4cc2,"['whole grain bread', 'whole wheat']"
../foodsg-233\Ban Mian\QC0LWAR9U2YFRSO31V35H1CB.jpg,Ban Mian,all,736f387066e0f579eb9a094a2507e5bb,"['Ban Mian', 'Seafood Noodles Soup']"
../foodsg-233\Seafood Noodles Soup\DVLEBVLFBH35F88546GDLXBJ.jpg,Seafood Noodles Soup,all,736f387066e0f579eb9a094a2507e5bb,"['Ban Mian', 'Seafood Noodles Soup']"
../foodsg-233\Dumpling noodle soup\RQNB6VFN7WSNWM0HFJIU0GT3.jpg,Dumpling noodle soup,all,737e11c5504e6fdbdd4b2c0093cf7273,"['Dumpling noodle soup', 'chicken soup']"
../foodsg-233\chicken soup\CUOYCO0FBBWD4AUDIBF1UOIS.jpg,chicken soup,all,737e11c5504e6fdbdd4b2c0093cf7273,"['Dumpling noodle soup', 'chicken soup']"
../foodsg-233\Mee kuah\1JHLIE6HKZ61519DW41XEAHE.jpg,Mee kuah,all,738d5e1851338ba606b12250331c1d87,"['Mee kuah', 'Mee bandung']"
../foodsg-233\Mee bandung\G1IJ3U2OHHUNMVM9FFBUPZKY.jpg,Mee bandung,all,738d5e1851338ba606b12250331c1d87,"['Mee kuah', 'Mee bandung']"
../foodsg-233\whole wheat\MCXWBCNTEI0CJ3AEX14IT8IQ.jpg,whole wheat,all,73bc77a713e0524b20de3d740fd2b015,"['whole wheat', 'wholegrain pasta']"
../foodsg-233\wholegrain pasta\U591DD1WOQTS56NP54ZMSQ6M.jpg,wholegrain pasta,all,73bc77a713e0524b20de3d740fd2b015,"['whole wheat', 'wholegrain pasta']"
"../foodsg-233\Bee hoon, goreng\0TEDSRXUUUVZ8OK9IDI5053F.jpg","Bee hoon, goreng",all,73e8814bd25ab1e105137dd61d208bf6,"['Bee hoon, goreng', 'bee hoon']"
../foodsg-233\bee hoon\9OAK6M2OMXS316R5ED7FZVKP.jpg,bee hoon,all,73e8814bd25ab1e105137dd61d208bf6,"['Bee hoon, goreng', 'bee hoon']"
../foodsg-233\Seafood Noodles Soup\3R9RMHA1ZVRVYOZ1OPMWRH9D.jpg,Seafood Noodles Soup,all,73eb911beed2025e773736047930c6f3,"['Seafood Noodles Soup', 'Bee hoon, goreng']"
"../foodsg-233\Bee hoon, goreng\OD7ZLMY3EKBB3PJV5H0AD5NJ.jpg","Bee hoon, goreng",all,73eb911beed2025e773736047930c6f3,"['Seafood Noodles Soup', 'Bee hoon, goreng']"
../foodsg-233\bak chor mee\VYHRNO6UBTR72NUP2SCVC9J4.jpg,bak chor mee,all,73fc1019d7984247bbede1a68d8fa0cb,"['bak chor mee', 'Fish Ball Noodles']"
../foodsg-233\Fish Ball Noodles\MN5OU7W7OCQWUFJ9RLTWY6K4.jpg,Fish Ball Noodles,all,73fc1019d7984247bbede1a68d8fa0cb,"['bak chor mee', 'Fish Ball Noodles']"
"../foodsg-233\Bee hoon, soto\TORFKXHYHSWY44JXTI16VQ8A.jpg","Bee hoon, soto",all,741732ecdc1bb5fa90a0eb0594ed76e8,"['Bee hoon, soto', 'bee hoon']"
../foodsg-233\bee hoon\ZE6I06WJ003DKZDJMNJC630M.jpg,bee hoon,all,741732ecdc1bb5fa90a0eb0594ed76e8,"['Bee hoon, soto', 'bee hoon']"
../foodsg-233\Lontong with sayur lodeh\PCLAQWH56YT505J9URLAG0B9.jpg,Lontong with sayur lodeh,all,741e1342bdf29613e8a6b731d0f9340a,"['Lontong with sayur lodeh', 'lontong']"
../foodsg-233\lontong\WWCM6DYUD8FMMD7PET7VPZYB.jpg,lontong,all,741e1342bdf29613e8a6b731d0f9340a,"['Lontong with sayur lodeh', 'lontong']"
../foodsg-233\Soto ayam\N5JA518DWQM9HSCYKXCMS3RX.jpg,Soto ayam,all,7425cd8e208b7f8e23f59acfd4c329e7,"['Soto ayam', 'Bee hoon, soto']"
"../foodsg-233\Bee hoon, soto\VU4G3I5FBIEMBJQDE36P78SC.jpg","Bee hoon, soto",all,7425cd8e208b7f8e23f59acfd4c329e7,"['Soto ayam', 'Bee hoon, soto']"
../foodsg-233\Pomelo\50SB6K6K2IHHTSGZSQRHMO6J.jpg,Pomelo,all,744823d4ec00755180b33df460756773,"['Pomelo', 'Grapefruit']"
../foodsg-233\Grapefruit\IH44IVPYSARBUPDGLEXZXUW3.jpg,Grapefruit,all,744823d4ec00755180b33df460756773,"['Pomelo', 'Grapefruit']"
../foodsg-233\Mee rebus\FMZ1MWZHK20VSPY5ORXW2LK2.jpg,Mee rebus,all,7463ba148b7add2d6413ecfc824bc556,"['Mee rebus', 'Mee siam']"
../foodsg-233\Mee siam\409PYVVND7Q3NYZS6VQU0S6L.jpg,Mee siam,all,7463ba148b7add2d6413ecfc824bc556,"['Mee rebus', 'Mee siam']"
../foodsg-233\fried prawn\52UWY8NYMLLA9PUH8KIDNZG6.jpg,fried prawn,all,746ed58cbb5b763602a1d79fcb7918a9,"['fried prawn', 'drunken prawn']"
../foodsg-233\drunken prawn\7RVENR50T0W7VNW5ZNZEZ3TP.jpg,drunken prawn,all,746ed58cbb5b763602a1d79fcb7918a9,"['fried prawn', 'drunken prawn']"
../foodsg-233\kway chap\I64LADC1MC2GJJ2GZSG1J0PP.jpg,kway chap,all,748c85a454b709197a1f243d6dce3edb,"['kway chap', 'Duck Rice']"
../foodsg-233\Duck Rice\T6E95ECDLNF3Y88DHKFGENCJ.jpg,Duck Rice,all,748c85a454b709197a1f243d6dce3edb,"['kway chap', 'Duck Rice']"
../foodsg-233\Soto ayam\23WXXNBHLFX1BCALH6LD4CBQ.jpg,Soto ayam,all,74b282203bc7df14d1b8e793d5d09156,"['Soto ayam', 'Mee soto']"
../foodsg-233\Mee soto\75DYQ7EWK2XGH7CZWUPS0IOG.jpg,Mee soto,all,74b282203bc7df14d1b8e793d5d09156,"['Soto ayam', 'Mee soto']"
../foodsg-233\mushroom soup\PQPRGG4V841UQTSWCY9X60DW.jpg,mushroom soup,all,753e9ac24c8030108db3ed8812f3dfa6,"['mushroom soup', 'sliced fish soup']"
../foodsg-233\sliced fish soup\NXYLHQYFI7HA0QSKSZCK3AKI.jpg,sliced fish soup,all,753e9ac24c8030108db3ed8812f3dfa6,"['mushroom soup', 'sliced fish soup']"
"../foodsg-233\Mee siam, fried\XCYLRN37G2ZEMB0I8WVP6QQX.jpg","Mee siam, fried",all,75c5374df3d63adf4de4f2f7f841a25f,"['Mee siam, fried', 'Bee hoon, goreng']"
"../foodsg-233\Bee hoon, goreng\8RELPQAJATS64H83L4ECK57Q.jpg","Bee hoon, goreng",all,75c5374df3d63adf4de4f2f7f841a25f,"['Mee siam, fried', 'Bee hoon, goreng']"
../foodsg-233\whole grain bread\WJOBB7HQBK9IYRHPQ9ATT652.jpg,whole grain bread,all,75c815bc30b08717006de329bb08f2d2,"['whole grain bread', 'whole wheat']"
../foodsg-233\whole wheat\L2OQAGE3NKPAY64DFVFM7G7Z.jpg,whole wheat,all,75c815bc30b08717006de329bb08f2d2,"['whole grain bread', 'whole wheat']"
../foodsg-233\Mee soto\0N94F6IUV7VHBT9SIR7X91IC.jpg,Mee soto,all,7606c64af8483fa28021a4c731dc7734,"['Mee soto', 'Bee hoon, soto']"
"../foodsg-233\Bee hoon, soto\XDRKH81X424WLIL43TEV146O.jpg","Bee hoon, soto",all,7606c64af8483fa28021a4c731dc7734,"['Mee soto', 'Bee hoon, soto']"
../foodsg-233\steamed buns\GCOLGZXT8D9OOVL2G2VUJAV4.jpg,steamed buns,all,762361d746ac4b48e768f47cea7253da,"['steamed buns', 'char siew pau']"
../foodsg-233\char siew pau\TKRRGVEV82P35YGF8YR6M9D7.jpg,char siew pau,all,762361d746ac4b48e768f47cea7253da,"['steamed buns', 'char siew pau']"
../foodsg-233\Soto ayam\1UAGY29II3S5KYZIYY1HFMLZ.jpg,Soto ayam,all,76494d7737f218164b2f95dcae19bb1d,"['Soto ayam', 'Bee hoon, soto']"
"../foodsg-233\Bee hoon, soto\P4VYMVV93Y6MFSZB70WEMV25.jpg","Bee hoon, soto",all,76494d7737f218164b2f95dcae19bb1d,"['Soto ayam', 'Bee hoon, soto']"
../foodsg-233\sliced fish soup\LNHZAXN7W0H8U6LNRTR98OVS.jpg,sliced fish soup,all,764cd0f97ef140c2f6d3765b6e025bcf,"['sliced fish soup', 'Seafood Noodles Soup']"
../foodsg-233\Seafood Noodles Soup\G4GVTFJO19V1S5YQFHBZE15C.jpg,Seafood Noodles Soup,all,764cd0f97ef140c2f6d3765b6e025bcf,"['sliced fish soup', 'Seafood Noodles Soup']"
../foodsg-233\sliced fish soup\1P6SBBIWQQY5FWI4WO2P1MGW.jpg,sliced fish soup,all,7680b095ff45834913ca7d5ef1cfb730,"['sliced fish soup', 'bee hoon', 'Seafood Noodles Soup']"
../foodsg-233\bee hoon\6M7IWRYIHZH55TGC1Z4BV071.jpg,bee hoon,all,7680b095ff45834913ca7d5ef1cfb730,"['sliced fish soup', 'bee hoon', 'Seafood Noodles Soup']"
../foodsg-233\Seafood Noodles Soup\RG7LQCDTZX7GG5CK1WDMIW1E.jpg,Seafood Noodles Soup,all,7680b095ff45834913ca7d5ef1cfb730,"['sliced fish soup', 'bee hoon', 'Seafood Noodles Soup']"
"../foodsg-233\Bee hoon, goreng\336Z21ZY75Z9YHM41APG8D9N.jpg","Bee hoon, goreng",all,76c51f92f963844863c0c6ad8c396c86,"['Bee hoon, goreng', 'Mee siam, fried']"
"../foodsg-233\Mee siam, fried\PGW9KY9OIYBGGBAZF6W0VQ8N.jpg","Mee siam, fried",all,76c51f92f963844863c0c6ad8c396c86,"['Bee hoon, goreng', 'Mee siam, fried']"
../foodsg-233\Mee soto\Y19AGQ79SJ4SNLV2KLU52Y8T.jpg,Mee soto,all,76d76fdbe71fa5141fc3afd6d8800b55,"['Mee soto', 'Bee hoon, soto']"
"../foodsg-233\Bee hoon, soto\8HIWN5KY5USJ44FQLL4JHVYD.jpg","Bee hoon, soto",all,76d76fdbe71fa5141fc3afd6d8800b55,"['Mee soto', 'Bee hoon, soto']"
../foodsg-233\whole wheat\XZ3QTA3FAO1OBGOACFMBDIJN.jpg,whole wheat,all,76f759705aef1a5980f5ffa81fe4faec,"['whole wheat', 'whole grain bread']"
../foodsg-233\whole grain bread\D050485RY3HXJVN2DPXWCODJ.jpg,whole grain bread,all,76f759705aef1a5980f5ffa81fe4faec,"['whole wheat', 'whole grain bread']"
../foodsg-233\bee hoon\8532UD85NXSMOPOIOV40M81B.jpg,bee hoon,all,77245c44986ba6d3d998e4798ad7c260,"['bee hoon', 'Bee hoon, goreng']"
"../foodsg-233\Bee hoon, goreng\7XA4VIPJH6E8FX2EVY99QF8R.jpg","Bee hoon, goreng",all,77245c44986ba6d3d998e4798ad7c260,"['bee hoon', 'Bee hoon, goreng']"
../foodsg-233\chai tow kuay\3ALK5EJ6Y0H0M5ZM3RIPFK3N.jpg,chai tow kuay,all,7749a5033164b410b08760300992d7a7,"['chai tow kuay', 'Kway Teow']"
../foodsg-233\Kway Teow\E0C4IPP60ZYBSCD8HZQPZ6JK.jpg,Kway Teow,all,7749a5033164b410b08760300992d7a7,"['chai tow kuay', 'Kway Teow']"
../foodsg-233\whole wheat\KMPL3ZS8LMQ0ESFIB98M4SG6.jpg,whole wheat,all,7775f8dc9f11d0877bef002a04818e2f,"['whole wheat', 'whole grain bread']"
../foodsg-233\whole grain bread\AVM90YQXT2URINGWYS7IVE22.jpg,whole grain bread,all,7775f8dc9f11d0877bef002a04818e2f,"['whole wheat', 'whole grain bread']"
"../foodsg-233\Mee siam, fried\778NU9FPVHJ4HE4CJ8R5PD10.jpg","Mee siam, fried",all,777fbbc613cb8808bcfa280ab97cf5db,"['Mee siam, fried', 'Bee hoon, goreng', 'bee hoon']"
"../foodsg-233\Bee hoon, goreng\F3GJA9MX9N68TDJG1S9O0YR0.jpg","Bee hoon, goreng",all,777fbbc613cb8808bcfa280ab97cf5db,"['Mee siam, fried', 'Bee hoon, goreng', 'bee hoon']"
../foodsg-233\bee hoon\35NHIWY9OFQMG5TR47VSHEH1.jpg,bee hoon,all,777fbbc613cb8808bcfa280ab97cf5db,"['Mee siam, fried', 'Bee hoon, goreng', 'bee hoon']"
../foodsg-233\whole wheat\38RD90N9Q6PW6M42PLPQJ4W4.jpg,whole wheat,all,7792b84553132c07dc4c6068351f4807,"['whole wheat', 'whole grain bread']"
../foodsg-233\whole grain bread\MLK5UM59EYLVL9J8L33A4SEH.jpg,whole grain bread,all,7792b84553132c07dc4c6068351f4807,"['whole wheat', 'whole grain bread']"
../foodsg-233\whole grain bread\1QZWTUM0A8WRIX0F53S3U3IE.jpg,whole grain bread,all,77a2cffaea1b0e27ce5e4d728feb9d4f,"['whole grain bread', 'whole wheat']"
../foodsg-233\whole wheat\63QRJ3O4Y5PDDLDIC6DH393H.jpg,whole wheat,all,77a2cffaea1b0e27ce5e4d728feb9d4f,"['whole grain bread', 'whole wheat']"
../foodsg-233\honeydew\2JAUF9ETIR02N5E83PLLFYDS.jpg,honeydew,all,77a2e88917f5ace57c8dabbfdc833e88,"['honeydew', 'Fruit juice']"
../foodsg-233\Fruit juice\R1FHODKEXY8INAU3BAHFEXMA.jpg,Fruit juice,all,77a2e88917f5ace57c8dabbfdc833e88,"['honeydew', 'Fruit juice']"
../foodsg-233\drunken prawn\O3K7IZ40P43HZ298M30QTBKN.jpg,drunken prawn,all,77b4183a3fc81b0f9ac4f6bf8e0fec70,"['drunken prawn', 'fried prawn']"
../foodsg-233\fried prawn\YG0JB63AQI4U254D4RKEVUZK.jpg,fried prawn,all,77b4183a3fc81b0f9ac4f6bf8e0fec70,"['drunken prawn', 'fried prawn']"
../foodsg-233\Seafood Noodles Soup\5HA53LFRL1JS9ACW5G4PBYB9.jpg,Seafood Noodles Soup,all,77b9cf00292825c21005b681779be106,"['Seafood Noodles Soup', 'sliced fish soup']"
../foodsg-233\sliced fish soup\51ZAXYIHDHWX2JAW1529QD5O.jpg,sliced fish soup,all,77b9cf00292825c21005b681779be106,"['Seafood Noodles Soup', 'sliced fish soup']"
../foodsg-233\drunken prawn\D7CN6YJQA4Y99WA5JSRL2SOF.jpg,drunken prawn,all,77bf52f2c9e785f52539d47a0edf32b0,"['drunken prawn', 'fried prawn']"
../foodsg-233\fried prawn\PH612C13B7MBVANPVTEU9Q88.jpg,fried prawn,all,77bf52f2c9e785f52539d47a0edf32b0,"['drunken prawn', 'fried prawn']"
../foodsg-233\satay bee hoon\YFI2XUH048F2R5R2AP05E182.jpg,satay bee hoon,all,77e9a6e090e413e7afdf08e9a60fe6ed,"['satay bee hoon', 'Bee hoon, goreng', 'bee hoon']"
"../foodsg-233\Bee hoon, goreng\P7WWTYGXWF41TCR1N4453D88.jpg","Bee hoon, goreng",all,77e9a6e090e413e7afdf08e9a60fe6ed,"['satay bee hoon', 'Bee hoon, goreng', 'bee hoon']"
../foodsg-233\bee hoon\96MBWIZK0Q3U17R18CY0T8RE.jpg,bee hoon,all,77e9a6e090e413e7afdf08e9a60fe6ed,"['satay bee hoon', 'Bee hoon, goreng', 'bee hoon']"
../foodsg-233\steamed buns\Q9G7WFLVKJHZ9U4IHUPM0REB.jpg,steamed buns,all,77fed6df25ed58838da31684b2136f4b,"['steamed buns', 'char siew pau']"
../foodsg-233\char siew pau\6VBIBVZ83PCO1FEME66K9WS5.jpg,char siew pau,all,77fed6df25ed58838da31684b2136f4b,"['steamed buns', 'char siew pau']"
../foodsg-233\Seafood Noodles Soup\RZ8AF9ZVL0O6NR79O7SP3RHZ.jpg,Seafood Noodles Soup,all,78066da16d6d74072f7ac76ad44924ab,"['Seafood Noodles Soup', 'Bee hoon, soto']"
"../foodsg-233\Bee hoon, soto\PIXIM5H5QAIJL46ZQBD6C13X.jpg","Bee hoon, soto",all,78066da16d6d74072f7ac76ad44924ab,"['Seafood Noodles Soup', 'Bee hoon, soto']"
../foodsg-233\steamed buns\CM5HRZQDGQZWV7XSTRVKDKFL.jpg,steamed buns,all,7817758fda5ced6a3de36098530b6259,"['steamed buns', 'char siew pau']"
../foodsg-233\char siew pau\PLPDOK9OJG0J05Z261C71MB6.jpg,char siew pau,all,7817758fda5ced6a3de36098530b6259,"['steamed buns', 'char siew pau']"
"../foodsg-233\Bee hoon, goreng\IWVUK3DZ8ZSZC6AR7AYYBZY5.jpg","Bee hoon, goreng",all,783e84b4e80ce761eb04bf37a8db8a1d,"['Bee hoon, goreng', 'bee hoon']"
../foodsg-233\bee hoon\CX3BUYKK77ZKJTP67NJMB0X7.jpg,bee hoon,all,783e84b4e80ce761eb04bf37a8db8a1d,"['Bee hoon, goreng', 'bee hoon']"
../foodsg-233\Seafood Noodles Soup\OWYAKGG014UZH5K60CU43C1I.jpg,Seafood Noodles Soup,all,784be9f2ca720e3587dd41c5cf1fd470,"['Seafood Noodles Soup', 'sliced fish soup']"
../foodsg-233\sliced fish soup\41I2TEA1QYMIEZR6QSVYJD2U.jpg,sliced fish soup,all,784be9f2ca720e3587dd41c5cf1fd470,"['Seafood Noodles Soup', 'sliced fish soup']"
../foodsg-233\fish head curry\Q6QM4VGGGUUIK7M2HJIXD6TK.jpg,fish head curry,all,784efe3c823b085ac77c98d46dbe9010,"['fish head curry', 'assam pedas']"
../foodsg-233\assam pedas\JBEER7ATMFY8H5P3NK68J5HB.jpg,assam pedas,all,784efe3c823b085ac77c98d46dbe9010,"['fish head curry', 'assam pedas']"
"../foodsg-233\Wanton mee, dry\XF3K9VAL97EOE12YUWN3AB1T.jpg","Wanton mee, dry",all,78511f39aa69eea9bd05015e2dd1415c,"['Wanton mee, dry', 'Fried Noodles']"
../foodsg-233\Fried Noodles\A7H8VE0Y2GWO74X3WBMI7YX6.jpg,Fried Noodles,all,78511f39aa69eea9bd05015e2dd1415c,"['Wanton mee, dry', 'Fried Noodles']"
../foodsg-233\whole wheat\Q6DS41XQEKAB2V5H5TD0P5ZJ.jpg,whole wheat,all,7875770d596ba3bcb65ad9fb61109ab1,"['whole wheat', 'whole grain bread']"
../foodsg-233\whole grain bread\S14NNQNL6ZJMA81XTRT1BT4O.jpg,whole grain bread,all,7875770d596ba3bcb65ad9fb61109ab1,"['whole wheat', 'whole grain bread']"
../foodsg-233\Mee siam\KOTCR5S3Q7921J61R15IMBCO.jpg,Mee siam,all,7878aad2c12c3c1ba87b482230d9f860,"['Mee siam', 'Mee siam, fried']"
"../foodsg-233\Mee siam, fried\ZYQW1SN8F1QMDCZWJVUE0MAS.jpg","Mee siam, fried",all,7878aad2c12c3c1ba87b482230d9f860,"['Mee siam', 'Mee siam, fried']"
../foodsg-233\drunken prawn\CN2XAFT0B2CAVYPS81TYEW5O.jpg,drunken prawn,all,7878b9853c4e813bb569164739bf0846,"['drunken prawn', 'fried prawn']"
../foodsg-233\fried prawn\Q0QFXQFFFQ1INZB6GRTYFYVL.jpg,fried prawn,all,7878b9853c4e813bb569164739bf0846,"['drunken prawn', 'fried prawn']"
"../foodsg-233\Bee hoon, goreng\IP9LAIWVGIDS50BDUBOAAIJO.jpg","Bee hoon, goreng",all,787bc47fa0a830757965ee57a3d91e82,"['Bee hoon, goreng', 'bee hoon']"
../foodsg-233\bee hoon\AWRPSNSVRKQ7TC0BU7Y7UU59.jpg,bee hoon,all,787bc47fa0a830757965ee57a3d91e82,"['Bee hoon, goreng', 'bee hoon']"
"../foodsg-233\Mee siam, fried\HDUTG9NXPZ4OF1L1UCO55D1H.jpg","Mee siam, fried",all,7887c618ef98883e1cdc7622191b6d28,"['Mee siam, fried', 'Mee siam']"
../foodsg-233\Mee siam\EJACRO9LWDAHHRSGAD18J858.jpg,Mee siam,all,7887c618ef98883e1cdc7622191b6d28,"['Mee siam, fried', 'Mee siam']"
"../foodsg-233\Bee hoon, goreng\1487KGRLZNKEQCEM9B2G376J.jpg","Bee hoon, goreng",all,78c285bce5a0374b653a2e135bf0c7a1,"['Bee hoon, goreng', 'bee hoon']"
../foodsg-233\bee hoon\RZKBJ52NW9Q0WV6KVZAOIUE4.jpg,bee hoon,all,78c285bce5a0374b653a2e135bf0c7a1,"['Bee hoon, goreng', 'bee hoon']"
../foodsg-233\chicken soup\C3ESX1EOM93C3TKKMUC7MR84.jpg,chicken soup,all,78d4f561790c9ab7703858a6183ff65e,"['chicken soup', 'vegetable soup']"
../foodsg-233\vegetable soup\T149L75BJ8L18JU2C934THZ9.jpg,vegetable soup,all,78d4f561790c9ab7703858a6183ff65e,"['chicken soup', 'vegetable soup']"
../foodsg-233\Lontong with sayur lodeh\IUPQ62FE8PA93GFXDSMHQCCJ.jpg,Lontong with sayur lodeh,all,78e1d5c3c22fc4ba70ff4f4abf4ef976,"['Lontong with sayur lodeh', 'lontong']"
../foodsg-233\lontong\KJAUXLZZZBMDI7L22P8H4L0M.jpg,lontong,all,78e1d5c3c22fc4ba70ff4f4abf4ef976,"['Lontong with sayur lodeh', 'lontong']"
../foodsg-233\vegetable soup\KNCTASN3Q3TW0PNXSRO7BCFE.jpg,vegetable soup,all,78e6b997f198eea25763de9c7cd81fd3,"['vegetable soup', 'miso soup']"
../foodsg-233\miso soup\AHYY6INPEIE5KOGO2SBQR17R.jpg,miso soup,all,78e6b997f198eea25763de9c7cd81fd3,"['vegetable soup', 'miso soup']"
../foodsg-233\hotplate tofu\B73YTAYXEI1QGKMCFM52G2KK.jpg,hotplate tofu,all,78f1f5b0dab8744c14e0f3ba96e017d0,"['hotplate tofu', 'mixed vegetables']"
../foodsg-233\mixed vegetables\DSIS35TKR3ROTBGIH24G1D97.jpg,mixed vegetables,all,78f1f5b0dab8744c14e0f3ba96e017d0,"['hotplate tofu', 'mixed vegetables']"
../foodsg-233\hokkien prawn mee\NA04FM4HNK1LLUXEHLKHYFSL.jpg,hokkien prawn mee,all,78f716d3732136f2b5bcb0d17ff0c1cf,"['hokkien prawn mee', 'Mee goreng']"
../foodsg-233\Mee goreng\SRL3YTG85IJI769KVPKRSUJ3.jpg,Mee goreng,all,78f716d3732136f2b5bcb0d17ff0c1cf,"['hokkien prawn mee', 'Mee goreng']"
../foodsg-233\Mee rebus\E756CVJC6NKTSCZZ4PNWM193.jpg,Mee rebus,all,78f7689894d6915eeda7967495944743,"['Mee rebus', 'Mee siam']"
../foodsg-233\Mee siam\276RKSHZNPDBD50NZ0KCBTNW.jpg,Mee siam,all,78f7689894d6915eeda7967495944743,"['Mee rebus', 'Mee siam']"
../foodsg-233\Mee soto\7X86CN0HXSKH9UUE0KXALQS5.jpg,Mee soto,all,790345aa74286ea60b9ca0c97d049164,"['Mee soto', 'Soto ayam']"
../foodsg-233\Soto ayam\PJ4B9PT1U1P3JEN86ODTH9IA.jpg,Soto ayam,all,790345aa74286ea60b9ca0c97d049164,"['Mee soto', 'Soto ayam']"
../foodsg-233\char siew pau\AUBZY6ZLF33YXJ3JDBJH22UU.jpg,char siew pau,all,792a1877c9b746dd6151c5f58a9bec5c,"['char siew pau', 'steamed buns']"
../foodsg-233\steamed buns\YRISC49ZBF8KBVTAF623LXI4.jpg,steamed buns,all,792a1877c9b746dd6151c5f58a9bec5c,"['char siew pau', 'steamed buns']"
../foodsg-233\fried prawn\1O1JZZ8V8NMZ14AIDJ4BPYRM.jpg,fried prawn,all,7977f63caa041b747b237550a7b9aa8b,"['fried prawn', 'drunken prawn']"
../foodsg-233\drunken prawn\YAJTUZCT3CX9EOE5VG2TOI3H.jpg,drunken prawn,all,7977f63caa041b747b237550a7b9aa8b,"['fried prawn', 'drunken prawn']"
"../foodsg-233\Mee siam, fried\1GW9NLTFVEVKNJ18R6QPUR8B.jpg","Mee siam, fried",all,798005a385531877a52dbca160af7073,"['Mee siam, fried', 'Bee hoon, goreng', 'Fried Noodles', 'Mee siam']"
"../foodsg-233\Bee hoon, goreng\C3KGISAI9TC9KOY8OJA67QZ2.jpg","Bee hoon, goreng",all,798005a385531877a52dbca160af7073,"['Mee siam, fried', 'Bee hoon, goreng', 'Fried Noodles', 'Mee siam']"
../foodsg-233\Fried Noodles\F16QFN888XOR594UZLB7UZYY.jpg,Fried Noodles,all,798005a385531877a52dbca160af7073,"['Mee siam, fried', 'Bee hoon, goreng', 'Fried Noodles', 'Mee siam']"
../foodsg-233\Mee siam\8SWZWW0JHTBRVNBFOWSXSZPZ.jpg,Mee siam,all,798005a385531877a52dbca160af7073,"['Mee siam, fried', 'Bee hoon, goreng', 'Fried Noodles', 'Mee siam']"
../foodsg-233\bee hoon\0R2WD6ZFB5O44AX627MY6DTU.jpg,bee hoon,all,79d11875768ab5c526a50cb2521d33a4,"['bee hoon', 'Bee hoon, goreng']"
"../foodsg-233\Bee hoon, goreng\0MOLSYQD82S7ALA0DNISG441.jpg","Bee hoon, goreng",all,79d11875768ab5c526a50cb2521d33a4,"['bee hoon', 'Bee hoon, goreng']"
../foodsg-233\mushroom soup\LRM8OOCI3VQR1MLW7KNXOKLU.jpg,mushroom soup,all,79debf0d8e94f9a3bcd22bba102f7398,"['mushroom soup', 'cream soup']"
../foodsg-233\cream soup\8SR3RF2YSDKRNMLKG8QH6FW8.jpg,cream soup,all,79debf0d8e94f9a3bcd22bba102f7398,"['mushroom soup', 'cream soup']"
../foodsg-233\Mee rebus\6D7OFUE3L8B6LXW4XRIC9MSX.jpg,Mee rebus,all,79e2cbdf50ec569da390adca539d9ebd,"['Mee rebus', 'Mee bandung']"
../foodsg-233\Mee bandung\V3GQAGSG17LFXELEXCJT4W05.jpg,Mee bandung,all,79e2cbdf50ec569da390adca539d9ebd,"['Mee rebus', 'Mee bandung']"
../foodsg-233\sliced fish soup\1HJCUB773V6BLF6V8I5JI1JV.jpg,sliced fish soup,all,7a08e5d333ea1e37192e040427dda969,"['sliced fish soup', 'Seafood Noodles Soup', 'Porridge']"
../foodsg-233\Seafood Noodles Soup\W7MXOEG34EN9CHOZ9UL5KLWH.jpg,Seafood Noodles Soup,all,7a08e5d333ea1e37192e040427dda969,"['sliced fish soup', 'Seafood Noodles Soup', 'Porridge']"
../foodsg-233\Porridge\RU0ZPW08L7G37KTE476ICDVZ.jpg,Porridge,all,7a08e5d333ea1e37192e040427dda969,"['sliced fish soup', 'Seafood Noodles Soup', 'Porridge']"
../foodsg-233\Duck Rice\0DT8VIUI2XN7KDJYNGIEKZ4C.jpg,Duck Rice,all,7a20aa2f16762a518df78da87a831675,"['Duck Rice', 'kway chap']"
../foodsg-233\kway chap\PLAT0SUEWWUMGJ87TAN9WR48.jpg,kway chap,all,7a20aa2f16762a518df78da87a831675,"['Duck Rice', 'kway chap']"
../foodsg-233\Soto ayam\9GYJ5UUYD3TNZ68QKV3ZHFIR.jpg,Soto ayam,all,7a2811b4ef65e9e74ce3fe1b186efe2b,"['Soto ayam', 'Mee soto']"
../foodsg-233\Mee soto\UES5D05RLCZ6UX1HFR6PLOXO.jpg,Mee soto,all,7a2811b4ef65e9e74ce3fe1b186efe2b,"['Soto ayam', 'Mee soto']"
../foodsg-233\Mee soto\0Q2WIQE6PMY9P4JY5MLW4JIA.jpg,Mee soto,all,7a64d4bc19053a10a47887df422f95be,"['Mee soto', 'Soto ayam']"
../foodsg-233\Soto ayam\SYCM2UJP4EXSXF2D9U483DZT.jpg,Soto ayam,all,7a64d4bc19053a10a47887df422f95be,"['Mee soto', 'Soto ayam']"
"../foodsg-233\Bee hoon, goreng\MR2SRJ1X0IUIL14VVDS02RV7.jpg","Bee hoon, goreng",all,7a7a6eecea5d387f0d4e91533c7d370a,"['Bee hoon, goreng', 'Mee siam, fried', 'Fried Noodles', 'bee hoon']"
"../foodsg-233\Mee siam, fried\D96PDCX5AZETYC88Y5778MPI.jpg","Mee siam, fried",all,7a7a6eecea5d387f0d4e91533c7d370a,"['Bee hoon, goreng', 'Mee siam, fried', 'Fried Noodles', 'bee hoon']"
../foodsg-233\Fried Noodles\UYV2C00EK8GXFXWIKZJ91Z57.jpg,Fried Noodles,all,7a7a6eecea5d387f0d4e91533c7d370a,"['Bee hoon, goreng', 'Mee siam, fried', 'Fried Noodles', 'bee hoon']"
../foodsg-233\bee hoon\ZG5ZQ1QG07ZBE2H1WJW50S3P.jpg,bee hoon,all,7a7a6eecea5d387f0d4e91533c7d370a,"['Bee hoon, goreng', 'Mee siam, fried', 'Fried Noodles', 'bee hoon']"
../foodsg-233\mixed vegetables\6NQNPSCJ1HMPV6QTACPZKZXE.jpg,mixed vegetables,all,7a898e56473883cc6b4685d2ca76e0b9,"['mixed vegetables', 'vegetable soup']"
../foodsg-233\vegetable soup\8Z2Z5TSPKU3HDN3FK3W5K26G.jpg,vegetable soup,all,7a898e56473883cc6b4685d2ca76e0b9,"['mixed vegetables', 'vegetable soup']"
../foodsg-233\satay bee hoon\CDF1J22Q71CQMZEZ9SRE8QLU.jpg,satay bee hoon,all,7a89b3f85e2afcc0126354b6c083d78a,"['satay bee hoon', 'vegetarian bee hoon']"
../foodsg-233\vegetarian bee hoon\MHN2CM1J0T1V9IO8RG2MVNL0.jpg,vegetarian bee hoon,all,7a89b3f85e2afcc0126354b6c083d78a,"['satay bee hoon', 'vegetarian bee hoon']"
../foodsg-233\Mee siam\4FXH46A6PBZH39000ZO68WDJ.jpg,Mee siam,all,7aaa7f0a2082f662e52415ba36c31373,"['Mee siam', 'Mee siam, fried']"
"../foodsg-233\Mee siam, fried\YPD8I1CBOSRSEW87FTB9MHC0.jpg","Mee siam, fried",all,7aaa7f0a2082f662e52415ba36c31373,"['Mee siam', 'Mee siam, fried']"
../foodsg-233\cream soup\I3NUUDLJT1SPZ9L0SSLQY4KE.jpg,cream soup,all,7aad5dae5cff80161c08d7eb6ca82ba4,"['cream soup', 'mushroom soup']"
../foodsg-233\mushroom soup\5DG5492QP6KD3BB5RJSQXD5Q.jpg,mushroom soup,all,7aad5dae5cff80161c08d7eb6ca82ba4,"['cream soup', 'mushroom soup']"
../foodsg-233\wholegrain pasta\JQ88GC79OQ0D1U5EY56UOOH1.jpg,wholegrain pasta,all,7ab59135757109ef87c04e2753407773,"['wholegrain pasta', 'buckwheat']"
../foodsg-233\buckwheat\5FOD2W8BI1803PE807O38GT3.jpg,buckwheat,all,7ab59135757109ef87c04e2753407773,"['wholegrain pasta', 'buckwheat']"
"../foodsg-233\Bee hoon, soto\TKDT5C3MB4YP9YK2JR0AS1LY.jpg","Bee hoon, soto",all,7ae0c5c283bbe3f223d2de11da361d78,"['Bee hoon, soto', 'Mee soto']"
../foodsg-233\Mee soto\1I2KZRXMUBRL2S6PMV80T8BA.jpg,Mee soto,all,7ae0c5c283bbe3f223d2de11da361d78,"['Bee hoon, soto', 'Mee soto']"
../foodsg-233\tumpeng\F9HMYGYVIC5GNXAUOELM8WT7.jpg,tumpeng,all,7b5dc9f97941c374c696a06689efda60,"['tumpeng', 'Nasi Ambeng']"
../foodsg-233\Nasi Ambeng\K16CMSH44L5TFJITU4CZ4GPJ.jpg,Nasi Ambeng,all,7b5dc9f97941c374c696a06689efda60,"['tumpeng', 'Nasi Ambeng']"
../foodsg-233\satay bee hoon\GWHL4O8APAYNB2LDHQTUVKIV.jpg,satay bee hoon,all,7b6fe4f3748c7b2bb3cb4febc625b7ea,"['satay bee hoon', 'bee hoon']"
../foodsg-233\bee hoon\XDE639L8DENDG9RI4Q12TXUI.jpg,bee hoon,all,7b6fe4f3748c7b2bb3cb4febc625b7ea,"['satay bee hoon', 'bee hoon']"
"../foodsg-233\Bee hoon, goreng\NDE66JLUZ9EEEHZL3CTKNFK6.jpg","Bee hoon, goreng",all,7b7806b17a7e626ab7328de3b096e4dd,"['Bee hoon, goreng', 'Fried Noodles']"
../foodsg-233\Fried Noodles\FHXDHCVT35WSTOV7VDW1LWQQ.jpg,Fried Noodles,all,7b7806b17a7e626ab7328de3b096e4dd,"['Bee hoon, goreng', 'Fried Noodles']"
../foodsg-233\cream soup\MIJH65WNB6CSR9D9EJED0TFL.jpg,cream soup,all,7b79217aaa2eb4ef9bc6a6d7cbd4b6a9,"['cream soup', 'mushroom soup']"
../foodsg-233\mushroom soup\AC6ARJD5C6CKHVLZIKYAHJPM.jpg,mushroom soup,all,7b79217aaa2eb4ef9bc6a6d7cbd4b6a9,"['cream soup', 'mushroom soup']"
../foodsg-233\parfait\6YS1DUBVMFMZF4EPWNJ2Y16E.jpg,parfait,all,7b9a44677fa65d93ed521b587d2cd078,"['parfait', 'ice cream - vanilla']"
../foodsg-233\ice cream - vanilla\375SWHSTNXBSKJQOR32JQ8NY.jpg,ice cream - vanilla,all,7b9a44677fa65d93ed521b587d2cd078,"['parfait', 'ice cream - vanilla']"
"../foodsg-233\Mee siam, fried\5UWD14IHP8OZTPBSMS282HQH.jpg","Mee siam, fried",all,7bb4983cada041cb7fbb8970a8e18be7,"['Mee siam, fried', 'Mee siam']"
../foodsg-233\Mee siam\WCAB495HNJWJZF9LSVQV8J0X.jpg,Mee siam,all,7bb4983cada041cb7fbb8970a8e18be7,"['Mee siam, fried', 'Mee siam']"
../foodsg-233\Soto ayam\Z8DNFP01156RACSYGTFVCFRW.jpg,Soto ayam,all,7c09c44dd354fce5e52cde4f36ed4fa4,"['Soto ayam', 'Mee soto']"
../foodsg-233\Mee soto\E0Z2Z0V2DN58ZX0H5YE2CTPT.jpg,Mee soto,all,7c09c44dd354fce5e52cde4f36ed4fa4,"['Soto ayam', 'Mee soto']"
../foodsg-233\whole wheat\07AVD1J8BBKINDP0UYBIYL5U.jpg,whole wheat,all,7c40707f67834cf101405513c9cc4734,"['whole wheat', 'whole grain bread']"
../foodsg-233\whole grain bread\IEBAL1OBP9SFLVH54EK0QYEV.jpg,whole grain bread,all,7c40707f67834cf101405513c9cc4734,"['whole wheat', 'whole grain bread']"
../foodsg-233\Hor Fun\CPIYGDW8O1M8JHP7RTSKSYBD.jpg,Hor Fun,all,7c474ba4c95e214f960329681b054858,"['Hor Fun', 'Seafood Noodles Soup']"
../foodsg-233\Seafood Noodles Soup\7KZBIXUDL5NX07MQP95T2XRV.jpg,Seafood Noodles Soup,all,7c474ba4c95e214f960329681b054858,"['Hor Fun', 'Seafood Noodles Soup']"
../foodsg-233\bak chor mee\NRDT5GYWZNY7Y9TXMAS95QAX.jpg,bak chor mee,all,7c783a4c1c6c60e102e107a8d27b4404,"['bak chor mee', 'Fish Ball Noodles']"
../foodsg-233\Fish Ball Noodles\QBEOTUTHO5JI7SYEKFU10BJW.jpg,Fish Ball Noodles,all,7c783a4c1c6c60e102e107a8d27b4404,"['bak chor mee', 'Fish Ball Noodles']"
"../foodsg-233\Mee siam, fried\0Y9364LNQKCWIHY5MOVP4FR0.jpg","Mee siam, fried",all,7c797e522bd1455a185460c6da854753,"['Mee siam, fried', 'Mee siam']"
../foodsg-233\Mee siam\ZWC1HQUNPE4BDEOU92DNOWY9.jpg,Mee siam,all,7c797e522bd1455a185460c6da854753,"['Mee siam, fried', 'Mee siam']"
"../foodsg-233\Bee hoon, soto\LBKEJVWL1SJTSGHZ30AVEFFN.jpg","Bee hoon, soto",all,7c853776555665f12b6de9ae47cc56d5,"['Bee hoon, soto', 'bee hoon']"
../foodsg-233\bee hoon\A468TK5WI3OEUAYZHR9MAPE1.jpg,bee hoon,all,7c853776555665f12b6de9ae47cc56d5,"['Bee hoon, soto', 'bee hoon']"
../foodsg-233\Apple\24RHP15H0KYJXVQ6IPDU2TK1.jpg,Apple,all,7cc172bfeef5045404891a4853d04e3d,"['Apple', 'pear']"
../foodsg-233\pear\U4IENRXQ28MZ0F88JC84FNSC.jpg,pear,all,7cc172bfeef5045404891a4853d04e3d,"['Apple', 'pear']"
../foodsg-233\chicken soup\EROK4WW9ZYHXXSDVORQF0SNX.jpg,chicken soup,all,7ccc6d0f83e27f198f7846a596126002,"['chicken soup', 'vegetable soup']"
../foodsg-233\vegetable soup\OXFOL1S5LP73R4FHBA8RO1ED.jpg,vegetable soup,all,7ccc6d0f83e27f198f7846a596126002,"['chicken soup', 'vegetable soup']"
../foodsg-233\bee hoon\2BWCILX9CHPFUZX1LRQK0ZC9.jpg,bee hoon,all,7cd95a21023ecb59feca0018e01f24fd,"['bee hoon', 'Bee hoon, soto']"
"../foodsg-233\Bee hoon, soto\FC54HRW2CTZ0N9KUG5ZKAZ2A.jpg","Bee hoon, soto",all,7cd95a21023ecb59feca0018e01f24fd,"['bee hoon', 'Bee hoon, soto']"
../foodsg-233\whole wheat\BKSG7EQ2TKPNJK5V09MZ2O36.jpg,whole wheat,all,7cfa11b6d7ee288a3d442acb944dad0e,"['whole wheat', 'wholegrain pasta']"
../foodsg-233\wholegrain pasta\HLHLKAVNBO007EYA0VSYV43K.jpg,wholegrain pasta,all,7cfa11b6d7ee288a3d442acb944dad0e,"['whole wheat', 'wholegrain pasta']"
../foodsg-233\bee hoon\ZKQ6MEEKEEF0YBD6EPLH4XWL.jpg,bee hoon,all,7d2fcb807310b078af162d2a7669273f,"['bee hoon', 'Bee hoon, goreng']"
"../foodsg-233\Bee hoon, goreng\68YZHI1BELCAWLXAKFXW91SG.jpg","Bee hoon, goreng",all,7d2fcb807310b078af162d2a7669273f,"['bee hoon', 'Bee hoon, goreng']"
../foodsg-233\assam pedas\36P65R05ICLLQ4H05JV0SQL9.jpg,assam pedas,all,7d3ec0f18a618f818c0e751680564fa7,"['assam pedas', 'fish head curry']"
../foodsg-233\fish head curry\M32URXETO2YIR6BVC1A65BR3.jpg,fish head curry,all,7d3ec0f18a618f818c0e751680564fa7,"['assam pedas', 'fish head curry']"
../foodsg-233\Mee bandung\6D36WP7AO6F58P9U1GMNTLPU.jpg,Mee bandung,all,7d4f893c12ec90bcc7d68dab6a31b5d0,"['Mee bandung', 'Mee rebus']"
../foodsg-233\Mee rebus\YDO5VA4RIW20R43FQHKGH6CL.jpg,Mee rebus,all,7d4f893c12ec90bcc7d68dab6a31b5d0,"['Mee bandung', 'Mee rebus']"
../foodsg-233\whole wheat\X742XDARHUDI0O7XBZ1HNUCA.jpg,whole wheat,all,7d5bf64e8f98a7aa5c97d6f892c80d2c,"['whole wheat', 'whole grain bread']"
../foodsg-233\whole grain bread\O80L3GS004PAVI36LPS8XBQ4.jpg,whole grain bread,all,7d5bf64e8f98a7aa5c97d6f892c80d2c,"['whole wheat', 'whole grain bread']"
../foodsg-233\fried chicken\GK56WL0QJ1M6ZK6QXVFTES1F.jpg,fried chicken,all,7d88f23b3d3fb54a1dad3996639ceae8,"['fried chicken', 'har cheong gai']"
../foodsg-233\har cheong gai\4JO6YN9LU2GWEB78F79P5BXU.jpg,har cheong gai,all,7d88f23b3d3fb54a1dad3996639ceae8,"['fried chicken', 'har cheong gai']"
"../foodsg-233\Mee siam, fried\JEC3DA6AJJV3H9EELYBYSJ12.jpg","Mee siam, fried",all,7d9d534a3ed3fcea55fe420fb971f1a6,"['Mee siam, fried', 'Bee hoon, goreng']"
"../foodsg-233\Bee hoon, goreng\GEGBIS8D5XYE79OSPEC93G5K.jpg","Bee hoon, goreng",all,7d9d534a3ed3fcea55fe420fb971f1a6,"['Mee siam, fried', 'Bee hoon, goreng']"
"../foodsg-233\Mee siam, fried\IK3XUO06SGRUR179L94GQ52U.jpg","Mee siam, fried",all,7dd4b6cd252b4da45b4af5ab75aeeba9,"['Mee siam, fried', 'Bee hoon, goreng']"
"../foodsg-233\Bee hoon, goreng\CZPL8KB8R29Q22MR878IROCL.jpg","Bee hoon, goreng",all,7dd4b6cd252b4da45b4af5ab75aeeba9,"['Mee siam, fried', 'Bee hoon, goreng']"
../foodsg-233\Mee soto\XOXY44QBXBJSMWYVPOUW3D5X.jpg,Mee soto,all,7ddc64aff054a512446fc339b0fd30a6,"['Mee soto', 'Bee hoon, soto']"
"../foodsg-233\Bee hoon, soto\PVMHA6XP34BMZ5Q9G42TKFTT.jpg","Bee hoon, soto",all,7ddc64aff054a512446fc339b0fd30a6,"['Mee soto', 'Bee hoon, soto']"
../foodsg-233\sliced fish soup\AXE68HOALI9VKVW31902QMV7.jpg,sliced fish soup,all,7e307ae9f55b4b02c2d6c330b427d18d,"['sliced fish soup', 'Seafood Noodles Soup']"
../foodsg-233\Seafood Noodles Soup\9PWNCUFNZ1IHFA97A6LNZOLB.jpg,Seafood Noodles Soup,all,7e307ae9f55b4b02c2d6c330b427d18d,"['sliced fish soup', 'Seafood Noodles Soup']"
../foodsg-233\cheese fries\YTL0Z3HKXG9TKGCP4DR2GN5P.jpg,cheese fries,all,7e4b4167774a1af697b6225be502f938,"['cheese fries', 'french fries']"
../foodsg-233\french fries\BCSZY9IW3BQTRD37I7IY9532.jpg,french fries,all,7e4b4167774a1af697b6225be502f938,"['cheese fries', 'french fries']"
../foodsg-233\sliced fish soup\NPC2PJ0CD21MZV4C33479NIL.jpg,sliced fish soup,all,7e634cbdc8141c96560ecddd3c55f203,"['sliced fish soup', 'Seafood Noodles Soup']"
../foodsg-233\Seafood Noodles Soup\TDMZC5RTC781Q7D1UN5XYJEL.jpg,Seafood Noodles Soup,all,7e634cbdc8141c96560ecddd3c55f203,"['sliced fish soup', 'Seafood Noodles Soup']"
../foodsg-233\Seafood Noodles Soup\N3S1HJK5ARFGQGQBG49SEU0F.jpg,Seafood Noodles Soup,all,7e859d9c7ffb15696549b756b3cc9377,"['Seafood Noodles Soup', 'sliced fish soup']"
../foodsg-233\sliced fish soup\BRA49S1T8GF1GLNO0BEUGLYG.jpg,sliced fish soup,all,7e859d9c7ffb15696549b756b3cc9377,"['Seafood Noodles Soup', 'sliced fish soup']"
../foodsg-233\Mee kuah\8CL7GD7W4XKA8WY1BO8MRCIX.jpg,Mee kuah,all,7e942ae846974d6f8d3c33ffb42586fd,"['Mee kuah', 'Mee bandung']"
../foodsg-233\Mee bandung\VLY7PGI5AWOJPKGO2QRGHSXQ.jpg,Mee bandung,all,7e942ae846974d6f8d3c33ffb42586fd,"['Mee kuah', 'Mee bandung']"
../foodsg-233\mee pok\ER9U4BA3L02ZRS7NC72FFVNW.jpg,mee pok,all,7e96db3a4644074eaa920496d5c30973,"['mee pok', 'bak chor mee']"
../foodsg-233\bak chor mee\GCTPREZHURNFZMD5XAWYSK76.jpg,bak chor mee,all,7e96db3a4644074eaa920496d5c30973,"['mee pok', 'bak chor mee']"
../foodsg-233\fried chicken\EPLBMBZS636C12E3WST6MQKC.jpg,fried chicken,all,7eda006ff73db0f0cf76fe7273fb10fc,"['fried chicken', 'chicken wing']"
../foodsg-233\chicken wing\S685P7E3P3RWXJ7FUZOEKO6P.jpg,chicken wing,all,7eda006ff73db0f0cf76fe7273fb10fc,"['fried chicken', 'chicken wing']"
../foodsg-233\cream soup\DI5K1U41786SFWIZ9JVEE67M.jpg,cream soup,all,7f2ecf79ff309be3d258610da49d4355,"['cream soup', 'mushroom soup']"
../foodsg-233\mushroom soup\8OX6I59P2PD7VU60DBGLNOOU.jpg,mushroom soup,all,7f2ecf79ff309be3d258610da49d4355,"['cream soup', 'mushroom soup']"
../foodsg-233\mushroom soup\4SRDFQJX9HXIBFH8A7R67NAB.jpg,mushroom soup,all,7f45aefe32e9883804046515229a5a29,"['mushroom soup', 'cream soup']"
../foodsg-233\cream soup\79MDIUQEC70H1G6HTILUKDQA.jpg,cream soup,all,7f45aefe32e9883804046515229a5a29,"['mushroom soup', 'cream soup']"
../foodsg-233\bak chor mee\WL9RRWB5J4RGKVPGDUIISLFS.jpg,bak chor mee,all,7f4b3bc29c132392f9af462a1542ba59,"['bak chor mee', 'mee pok']"
../foodsg-233\mee pok\9EXOVAES4SZX9F3U0VY91TXP.jpg,mee pok,all,7f4b3bc29c132392f9af462a1542ba59,"['bak chor mee', 'mee pok']"
../foodsg-233\Seafood Noodles Soup\7EZ2VLXAYXVRWSOQVWAHK8X9.jpg,Seafood Noodles Soup,all,7f6ff0add297dcaf3677c3c2522330c9,"['Seafood Noodles Soup', 'Bee hoon, soto']"
"../foodsg-233\Bee hoon, soto\5U9Q88IEBRB6G1YEVHFL29KH.jpg","Bee hoon, soto",all,7f6ff0add297dcaf3677c3c2522330c9,"['Seafood Noodles Soup', 'Bee hoon, soto']"
../foodsg-233\bee hoon\ZOCRHAMBN5SESL2JZ6FY0MBK.jpg,bee hoon,all,7f7fd83a39f45c3fc76336b03f7d4899,"['bee hoon', 'Bee hoon, goreng']"
"../foodsg-233\Bee hoon, goreng\YAPB1F251FLWC4BVTFMLJ9PD.jpg","Bee hoon, goreng",all,7f7fd83a39f45c3fc76336b03f7d4899,"['bee hoon', 'Bee hoon, goreng']"
"../foodsg-233\Rice, korean bulgogi beef\FE0WQEE5ONKR8OUV6I7AXC0A.jpg","Rice, korean bulgogi beef",all,7f92768d3def0e3c1f8e6ee935edc32d,"['Rice, korean bulgogi beef', 'Rice, with dakgalbi']"
"../foodsg-233\Rice, with dakgalbi\SH5V98HOO51RZ993XD99HX0M.jpg","Rice, with dakgalbi",all,7f92768d3def0e3c1f8e6ee935edc32d,"['Rice, korean bulgogi beef', 'Rice, with dakgalbi']"
"../foodsg-233\Bee hoon, goreng\4107WBHE81EDZ8R16C9HKE4J.jpg","Bee hoon, goreng",all,7fb1b0317dbb959d7c1542973ea0e0c0,"['Bee hoon, goreng', 'Mee siam, fried']"
"../foodsg-233\Mee siam, fried\UV3X11DIUVAIFDM3OC6D5LWL.jpg","Mee siam, fried",all,7fb1b0317dbb959d7c1542973ea0e0c0,"['Bee hoon, goreng', 'Mee siam, fried']"
../foodsg-233\xiao long bao\3HQGYWE4T6P5W7WD2S2SGLPN.jpg,xiao long bao,all,7fd9257985a735cce0992a217d8675a8,"['xiao long bao', 'steamed buns']"
../foodsg-233\steamed buns\ELSLESOUE63KB3WWI9KV0VKD.jpg,steamed buns,all,7fd9257985a735cce0992a217d8675a8,"['xiao long bao', 'steamed buns']"
../foodsg-233\drunken prawn\5YKWB8P82A7EILHXK27LZ5ZZ.jpg,drunken prawn,all,8009b136563ed9418ffade243f6e886c,"['drunken prawn', 'fried prawn']"
../foodsg-233\fried prawn\RB8COJG0UFGZW79OVMBKVSQ0.jpg,fried prawn,all,8009b136563ed9418ffade243f6e886c,"['drunken prawn', 'fried prawn']"
../foodsg-233\mixed vegetables\FIQDK9RFOZD281LSLQW1893Y.jpg,mixed vegetables,all,800da15a0d00a0619ec6897c405b20b8,"['mixed vegetables', 'green leafy vegetables']"
../foodsg-233\green leafy vegetables\WAQTMH9GQPNW36FAYQ9HQ3DJ.jpg,green leafy vegetables,all,800da15a0d00a0619ec6897c405b20b8,"['mixed vegetables', 'green leafy vegetables']"
"../foodsg-233\Bee hoon, goreng\GCFWWRNWZUXZ8AVU792KEAGS.jpg","Bee hoon, goreng",all,8013abe257d07289fbd92df343cb3595,"['Bee hoon, goreng', 'Mee goreng']"
../foodsg-233\Mee goreng\XGA9W40G4V8P65PDBEOEJRF0.jpg,Mee goreng,all,8013abe257d07289fbd92df343cb3595,"['Bee hoon, goreng', 'Mee goreng']"
"../foodsg-233\Mee siam, fried\4T232FWXRWL7YA2W4EIKASXB.jpg","Mee siam, fried",all,801b1be7445f84e63147d4983ec8dfcf,"['Mee siam, fried', 'Mee siam']"
../foodsg-233\Mee siam\ESI9FDUBDCX4FYUMOTTY2U2N.jpg,Mee siam,all,801b1be7445f84e63147d4983ec8dfcf,"['Mee siam, fried', 'Mee siam']"
../foodsg-233\Mee kuah\QGNSY3ZXN8PXHDB8ULUSM7OB.jpg,Mee kuah,all,80239501d1dca13e099afeb4462468d3,"['Mee kuah', 'Mee bandung']"
../foodsg-233\Mee bandung\BPTB1D1GT0O1DJMHM1346WGV.jpg,Mee bandung,all,80239501d1dca13e099afeb4462468d3,"['Mee kuah', 'Mee bandung']"
"../foodsg-233\Mee siam, fried\WLSQVQSQZDW19IH2083E5L0W.jpg","Mee siam, fried",all,80251594d550958ecdc9efdae38daa90,"['Mee siam, fried', 'Bee hoon, goreng']"
"../foodsg-233\Bee hoon, goreng\9KAUJLUCM8EO6QYLGW6A83HY.jpg","Bee hoon, goreng",all,80251594d550958ecdc9efdae38daa90,"['Mee siam, fried', 'Bee hoon, goreng']"
../foodsg-233\steamed buns\C0VY5R4L94LFV8P1FKLYASZC.jpg,steamed buns,all,802cfc8670ae16fdb89c46a76a642d6d,"['steamed buns', 'char siew pau']"
../foodsg-233\char siew pau\4W1GPPY41OGNHKXTHM8AWOE7.jpg,char siew pau,all,802cfc8670ae16fdb89c46a76a642d6d,"['steamed buns', 'char siew pau']"
"../foodsg-233\Wanton mee, dry\HU4W2T63UQHLWV8TVUNVM5V3.jpg","Wanton mee, dry",all,806149769957fc062aef6b236a44b264,"['Wanton mee, dry', 'Dumpling noodle soup']"
../foodsg-233\Dumpling noodle soup\OYOUJYYQAHX7SOK0V8VHS8ST.jpg,Dumpling noodle soup,all,806149769957fc062aef6b236a44b264,"['Wanton mee, dry', 'Dumpling noodle soup']"
../foodsg-233\Mee siam\ZIS1CZWMAA4C2MGXV4MVFZUF.jpg,Mee siam,all,8063410f234aab333e9245e58b5ccf6b,"['Mee siam', 'Mee siam, fried', 'Prawn Noodle']"
"../foodsg-233\Mee siam, fried\752P60GDHWMIAAF7CDB4PA0J.jpg","Mee siam, fried",all,8063410f234aab333e9245e58b5ccf6b,"['Mee siam', 'Mee siam, fried', 'Prawn Noodle']"
../foodsg-233\Prawn Noodle\X0Y2USZTG0HV5K483RQ8NM5L.jpg,Prawn Noodle,all,8063410f234aab333e9245e58b5ccf6b,"['Mee siam', 'Mee siam, fried', 'Prawn Noodle']"
../foodsg-233\Soto ayam\R6I9Z5EAYRVOUILGXEG9YYIM.jpg,Soto ayam,all,80b0d6c6ce6cf998160a7f959a83b327,"['Soto ayam', 'Mee soto']"
../foodsg-233\Mee soto\P4X7A55L10VFDYJOCBUKTY0T.jpg,Mee soto,all,80b0d6c6ce6cf998160a7f959a83b327,"['Soto ayam', 'Mee soto']"
../foodsg-233\green leafy vegetables\HX3EQKJNDRTMON6DU4YUV3J1.jpg,green leafy vegetables,all,80c1aeac9e8dee785894fd99bd637981,"['green leafy vegetables', 'mixed vegetables']"
../foodsg-233\mixed vegetables\SS4C2KI5DMETTK5NZ4IPV337.jpg,mixed vegetables,all,80c1aeac9e8dee785894fd99bd637981,"['green leafy vegetables', 'mixed vegetables']"
../foodsg-233\kaya toast\Z8H59LMXU61XO7LAGVZU3TZ5.jpg,kaya toast,all,80e738ec4531c47d3814106f0208121e,"['kaya toast', 'Soft boiled eggs']"
../foodsg-233\Soft boiled eggs\FG9EEFTERSXMQYAUR3LWHV3Z.jpg,Soft boiled eggs,all,80e738ec4531c47d3814106f0208121e,"['kaya toast', 'Soft boiled eggs']"
../foodsg-233\sliced fish soup\W28B001OK6MIZCWS9DR1CD9U.jpg,sliced fish soup,all,80f98818a1ce72589be5ef9576dde1a4,"['sliced fish soup', 'Seafood Noodles Soup']"
../foodsg-233\Seafood Noodles Soup\U75648FXS3RI5MARE1WTJ37V.jpg,Seafood Noodles Soup,all,80f98818a1ce72589be5ef9576dde1a4,"['sliced fish soup', 'Seafood Noodles Soup']"
"../foodsg-233\Mee siam, fried\95ZEMXWJBRWQS7GSLP91SP4S.jpg","Mee siam, fried",all,811cafd1191717cb37ed00a18d865397,"['Mee siam, fried', 'Mee siam']"
../foodsg-233\Mee siam\YYXNAUEKPP5G5F4BCYX40214.jpg,Mee siam,all,811cafd1191717cb37ed00a18d865397,"['Mee siam, fried', 'Mee siam']"
../foodsg-233\Mee soto\KLEZL1IN0BWDGYF8I6MKL6LM.jpg,Mee soto,all,812581ad890387670499cb10cb77a9de,"['Mee soto', 'Bee hoon, soto']"
"../foodsg-233\Bee hoon, soto\8NX4IIV5YICGIXKCQJBTL4WZ.jpg","Bee hoon, soto",all,812581ad890387670499cb10cb77a9de,"['Mee soto', 'Bee hoon, soto']"
../foodsg-233\char siew\W9DMZFTJHF5TG0CZSV14E1FC.jpg,char siew,all,812637506b767d7e447fde59a9964dc3,"['char siew', 'Duck Rice']"
../foodsg-233\Duck Rice\P4YS1ITT5CAJ6783B61EE8XI.jpg,Duck Rice,all,812637506b767d7e447fde59a9964dc3,"['char siew', 'Duck Rice']"
../foodsg-233\Chocolate\CRM5WYNA6M57F6V30I47H67Y.jpg,Chocolate,all,8159540ff519fdb74afb732ea8e5bb2f,"['Chocolate', 'Nuts']"
../foodsg-233\Nuts\306DJMEUIXYMG9U02NGUKURO.jpg,Nuts,all,8159540ff519fdb74afb732ea8e5bb2f,"['Chocolate', 'Nuts']"
../foodsg-233\Mee kuah\WAUAH2GSN0374FCPHGC9FEBH.jpg,Mee kuah,all,8173cadb36528acbe5e9c28570e66295,"['Mee kuah', 'Mee bandung']"
../foodsg-233\Mee bandung\DQGU90MLZ9J6YS7383UTSUA6.jpg,Mee bandung,all,8173cadb36528acbe5e9c28570e66295,"['Mee kuah', 'Mee bandung']"
"../foodsg-233\Rice, korean bulgogi beef\DYBOISI85M8NNEI33M5S1OZO.jpg","Rice, korean bulgogi beef",all,817ee0705ea19f58c361cccfdd5f6c5d,"['Rice, korean bulgogi beef', 'Claypot Rice']"
../foodsg-233\Claypot Rice\ZBDLBURGU58CIHIK1MX63FOR.jpg,Claypot Rice,all,817ee0705ea19f58c361cccfdd5f6c5d,"['Rice, korean bulgogi beef', 'Claypot Rice']"
../foodsg-233\Mee siam\SOPMROGZP5WSBS2EJX45DP6Z.jpg,Mee siam,all,81801386c93107cc544921e61bda8900,"['Mee siam', 'Mee rebus']"
../foodsg-233\Mee rebus\COZB1R6UXHJHAMI3UB23M1IP.jpg,Mee rebus,all,81801386c93107cc544921e61bda8900,"['Mee siam', 'Mee rebus']"
../foodsg-233\Mee siam\LI9L16AJE8NRMVX2FYETTFS1.jpg,Mee siam,all,818eeff25622ebe24d9d98a85f5a1f03,"['Mee siam', 'Bee hoon, goreng', 'Mee siam, fried']"
"../foodsg-233\Bee hoon, goreng\O1K1CQF5TAQQGOFJ2RO4ANTU.jpg","Bee hoon, goreng",all,818eeff25622ebe24d9d98a85f5a1f03,"['Mee siam', 'Bee hoon, goreng', 'Mee siam, fried']"
"../foodsg-233\Mee siam, fried\YGMQ7HPFOEGYZ6Z15GYTDOJ0.jpg","Mee siam, fried",all,818eeff25622ebe24d9d98a85f5a1f03,"['Mee siam', 'Bee hoon, goreng', 'Mee siam, fried']"
../foodsg-233\Mee kuah\9RD9OCTHZFO3VY9C0KK3X7C3.jpg,Mee kuah,all,81e364f39e60b11927d19638576844d2,"['Mee kuah', 'Mee rebus']"
../foodsg-233\Mee rebus\MNQ7DXA2NCJV7PX8Y9NLGD0Y.jpg,Mee rebus,all,81e364f39e60b11927d19638576844d2,"['Mee kuah', 'Mee rebus']"
../foodsg-233\bee hoon\TLEPHGK85SZ0CAR1ZWTZ9E8M.jpg,bee hoon,all,820718ff78e16303d188a51a51c0d447,"['bee hoon', 'Bee hoon, goreng']"
"../foodsg-233\Bee hoon, goreng\HJWIXJFX21XM8I5RIMG1CLVD.jpg","Bee hoon, goreng",all,820718ff78e16303d188a51a51c0d447,"['bee hoon', 'Bee hoon, goreng']"
../foodsg-233\chai tow kuay\FYV7TNXELZ7DMGR2A5OSOTCE.jpg,chai tow kuay,all,8213dcdc519e5a578c8700e97f374254,"['chai tow kuay', 'Kway Teow']"
../foodsg-233\Kway Teow\SF03SBU8CC7WC9I3066BW6RE.jpg,Kway Teow,all,8213dcdc519e5a578c8700e97f374254,"['chai tow kuay', 'Kway Teow']"
../foodsg-233\char siew\WJWYJKLXBFZG3N7QD6136V5K.jpg,char siew,all,82190fe3c82a83466398e03a9d87db29,"['char siew', 'Duck Rice']"
../foodsg-233\Duck Rice\JIQYG1XJILH98R5EJ0J7MUUY.jpg,Duck Rice,all,82190fe3c82a83466398e03a9d87db29,"['char siew', 'Duck Rice']"
../foodsg-233\bee hoon\A559KVVUI7GX32QBLM6U8540.jpg,bee hoon,all,822ec05838b4b82cf12db5a377ee6ed2,"['bee hoon', 'satay bee hoon']"
../foodsg-233\satay bee hoon\549NGZVY2UJLCC3CQ2YV99BD.jpg,satay bee hoon,all,822ec05838b4b82cf12db5a377ee6ed2,"['bee hoon', 'satay bee hoon']"
"../foodsg-233\Bee hoon, soto\VI2KAORLZNUR5J2TARQ9SYZ5.jpg","Bee hoon, soto",all,824f150128ad7cab9e6d5409ef168b68,"['Bee hoon, soto', 'Mee soto']"
../foodsg-233\Mee soto\6WGOZZWATUJWLNGVXHK0K02X.jpg,Mee soto,all,824f150128ad7cab9e6d5409ef168b68,"['Bee hoon, soto', 'Mee soto']"
../foodsg-233\mushroom soup\X4IMV0BUICHO78UM5YU9IEF0.jpg,mushroom soup,all,8258e0d67d6e57ad9c81119ce9706ade,"['mushroom soup', 'cream soup', 'vegetable soup']"
../foodsg-233\cream soup\8547O3TZUP7OEAAWAAEVNWWJ.jpg,cream soup,all,8258e0d67d6e57ad9c81119ce9706ade,"['mushroom soup', 'cream soup', 'vegetable soup']"
../foodsg-233\vegetable soup\M2AJY3Z13KTXJ59135HZNO0P.jpg,vegetable soup,all,8258e0d67d6e57ad9c81119ce9706ade,"['mushroom soup', 'cream soup', 'vegetable soup']"
../foodsg-233\Mee bandung\ZH47KOUC4C3NEVW77EJCNNY8.jpg,Mee bandung,all,82615468e6bd848b0faf1c7b0a547443,"['Mee bandung', 'Mee kuah']"
../foodsg-233\Mee kuah\LGQ8OUSYG1GNYUTGL8MQ0FS4.jpg,Mee kuah,all,82615468e6bd848b0faf1c7b0a547443,"['Mee bandung', 'Mee kuah']"
../foodsg-233\Duck Rice\A2IG1NNAQRQV9OKVQ3PKVZKI.jpg,Duck Rice,all,828ed6b31101f62556ba51a572d735c8,"['Duck Rice', 'yam rice']"
../foodsg-233\yam rice\NG6Q52NOX7M1JZW1A8FZ592X.jpg,yam rice,all,828ed6b31101f62556ba51a572d735c8,"['Duck Rice', 'yam rice']"
../foodsg-233\Pung Kueh\OT6YHCD929ZL0IUCTFIRVWVQ.jpg,Pung Kueh,all,82b602e136d429c55473f7a1fe29f485,"['Pung Kueh', 'Kueh Salat']"
../foodsg-233\Kueh Salat\VSNSME1KSRRKBUHBUQGHH2S4.jpg,Kueh Salat,all,82b602e136d429c55473f7a1fe29f485,"['Pung Kueh', 'Kueh Salat']"
../foodsg-233\Seafood Noodles Soup\8S3CMHO0P112AYIQGRCZNYHA.jpg,Seafood Noodles Soup,all,82b69fb70188786a8b349ecf7c9f08a5,"['Seafood Noodles Soup', 'Bee hoon, soto', 'bee hoon']"
"../foodsg-233\Bee hoon, soto\F0C3GV5Q1VCETRTINRZKGAUB.jpg","Bee hoon, soto",all,82b69fb70188786a8b349ecf7c9f08a5,"['Seafood Noodles Soup', 'Bee hoon, soto', 'bee hoon']"
../foodsg-233\bee hoon\EQ52NEZS7D437NMIDC07826N.jpg,bee hoon,all,82b69fb70188786a8b349ecf7c9f08a5,"['Seafood Noodles Soup', 'Bee hoon, soto', 'bee hoon']"
../foodsg-233\cream soup\CQR2TBDRL8JP917GCAEI4OP9.jpg,cream soup,all,82c31a0b60caa1b82751a98e2f2589ed,"['cream soup', 'mushroom soup']"
../foodsg-233\mushroom soup\2QYN1GW36DRXU694P5BO7YZB.jpg,mushroom soup,all,82c31a0b60caa1b82751a98e2f2589ed,"['cream soup', 'mushroom soup']"
../foodsg-233\Mee bandung\JCV93ZBN408XPPAWT48P81CD.jpg,Mee bandung,all,82e8216ae9f54c14fb8264465a4ecd05,"['Mee bandung', 'Mee rebus']"
../foodsg-233\Mee rebus\9NH7TKUTOBZLBWRGIXDEVUAQ.jpg,Mee rebus,all,82e8216ae9f54c14fb8264465a4ecd05,"['Mee bandung', 'Mee rebus']"
../foodsg-233\Dumpling noodle soup\6WITFAF8BRY8T12MQX2TWI1F.jpg,Dumpling noodle soup,all,82eca055817a53c4a1a9520dd68f7117,"['Dumpling noodle soup', 'Wanton mee, dry']"
"../foodsg-233\Wanton mee, dry\KU19VWUPEPTRB4F80XORWZN5.jpg","Wanton mee, dry",all,82eca055817a53c4a1a9520dd68f7117,"['Dumpling noodle soup', 'Wanton mee, dry']"
../foodsg-233\Lontong with sayur lodeh\DFN7TDH9XY904QB5JQY66393.jpg,Lontong with sayur lodeh,all,82fff5045487e4e72b0f31ffaa993a61,"['Lontong with sayur lodeh', 'lontong']"
../foodsg-233\lontong\48F9FWNS0DVRKUI47IPDB42R.jpg,lontong,all,82fff5045487e4e72b0f31ffaa993a61,"['Lontong with sayur lodeh', 'lontong']"
../foodsg-233\Mee soto\490VBQ1ER8B9DQJ7D1I9YLWW.jpg,Mee soto,all,832f13f4445fc2d8f84450ada3f21501,"['Mee soto', 'Bee hoon, soto']"
"../foodsg-233\Bee hoon, soto\SB31QX2VKI3348FSI8ETH66P.jpg","Bee hoon, soto",all,832f13f4445fc2d8f84450ada3f21501,"['Mee soto', 'Bee hoon, soto']"
../foodsg-233\bee hoon\HXUBRJ7CXSB2N53JEG57U6PJ.jpg,bee hoon,all,835683ce6b81ac07e6b2f2ea9ec87bf0,"['bee hoon', 'sliced fish soup', 'Bee hoon, soto']"
../foodsg-233\sliced fish soup\ITE8BA739X967W1UHLEQKMYC.jpg,sliced fish soup,all,835683ce6b81ac07e6b2f2ea9ec87bf0,"['bee hoon', 'sliced fish soup', 'Bee hoon, soto']"
"../foodsg-233\Bee hoon, soto\4QGMAA46T2RXQDNJW7GK58UW.jpg","Bee hoon, soto",all,835683ce6b81ac07e6b2f2ea9ec87bf0,"['bee hoon', 'sliced fish soup', 'Bee hoon, soto']"
../foodsg-233\Mee siam\PL744ZRX97L1BSI7YEQ2S6ZD.jpg,Mee siam,all,837606401b3b0713b9036b084985c1ac,"['Mee siam', 'Mee siam, fried']"
"../foodsg-233\Mee siam, fried\KHCC5TIRETG6HUXGPR27DZ6Z.jpg","Mee siam, fried",all,837606401b3b0713b9036b084985c1ac,"['Mee siam', 'Mee siam, fried']"
../foodsg-233\Mee soto\FEJK4CJ9GJFTHNYLEOBIQ1J1.jpg,Mee soto,all,8388e12a5c4d4b2228984cdae58bcac1,"['Mee soto', 'Bee hoon, soto']"
"../foodsg-233\Bee hoon, soto\ZX1JNK18SNUHIB4VDEFAR28M.jpg","Bee hoon, soto",all,8388e12a5c4d4b2228984cdae58bcac1,"['Mee soto', 'Bee hoon, soto']"
../foodsg-233\mushroom soup\E9A7OH8HEVLJRMX3WBR9RIAX.jpg,mushroom soup,all,83b4023b6eb1e9feedada3e798466053,"['mushroom soup', 'sliced fish soup']"
../foodsg-233\sliced fish soup\SQ1B21CWE2YA2G6TB39OBJTN.jpg,sliced fish soup,all,83b4023b6eb1e9feedada3e798466053,"['mushroom soup', 'sliced fish soup']"
../foodsg-233\Soto ayam\EP685A52YKH2AH5TM7TR8YBW.jpg,Soto ayam,all,83ea56a93a3fe133819cce2dd4134b03,"['Soto ayam', 'Mee soto']"
../foodsg-233\Mee soto\PEA2ES4VEY4N7GOBYS6IBAU9.jpg,Mee soto,all,83ea56a93a3fe133819cce2dd4134b03,"['Soto ayam', 'Mee soto']"
../foodsg-233\Mee soto\LXAK5E7PCZ36ZRF22DE4TE42.jpg,Mee soto,all,83f868a1b5bbecae8ca8301ef81958a9,"['Mee soto', 'Soto ayam']"
../foodsg-233\Soto ayam\YYZU3E7T337GX32JYY93KX8Z.jpg,Soto ayam,all,83f868a1b5bbecae8ca8301ef81958a9,"['Mee soto', 'Soto ayam']"
../foodsg-233\sliced fish soup\HL6HK4TZM1DM70P2NH3WEKIJ.jpg,sliced fish soup,all,83ffcb285c7d64ef70da28cfbff56c85,"['sliced fish soup', 'Seafood Noodles Soup']"
../foodsg-233\Seafood Noodles Soup\DT679O1OP9830VAEATWTVXYQ.jpg,Seafood Noodles Soup,all,83ffcb285c7d64ef70da28cfbff56c85,"['sliced fish soup', 'Seafood Noodles Soup']"
../foodsg-233\Mee siam\LVED8NLY44I9540HUWGTK0XR.jpg,Mee siam,all,844802f3da8b8313d912d3a4551421e8,"['Mee siam', 'Mee siam, fried']"
"../foodsg-233\Mee siam, fried\DB1WNE9OA5IPNX6VNCUVDWK6.jpg","Mee siam, fried",all,844802f3da8b8313d912d3a4551421e8,"['Mee siam', 'Mee siam, fried']"
../foodsg-233\Mee rebus\VARTQFIX4NRY4Y54LPQEC7N3.jpg,Mee rebus,all,845564c87f5c3f8cfc89c07df3d03ba3,"['Mee rebus', 'Mee bandung']"
../foodsg-233\Mee bandung\6L0BELM9FGEG8BJT8ZGTH4EK.jpg,Mee bandung,all,845564c87f5c3f8cfc89c07df3d03ba3,"['Mee rebus', 'Mee bandung']"
"../foodsg-233\Bee hoon, goreng\OA47T5C82M7DYJESU33I98PN.jpg","Bee hoon, goreng",all,847e50c9c0d78ed09e1d7da3a6e8c5d3,"['Bee hoon, goreng', 'Mee siam']"
../foodsg-233\Mee siam\3BQC8WVQ9P07SB8T5ZUR4NMY.jpg,Mee siam,all,847e50c9c0d78ed09e1d7da3a6e8c5d3,"['Bee hoon, goreng', 'Mee siam']"
../foodsg-233\char siew pau\Q77FFY2641O1WA8PEAB25UJB.jpg,char siew pau,all,848fb8024f1bf9762dc90a4a6d31c3f3,"['char siew pau', 'steamed buns']"
../foodsg-233\steamed buns\8HFJIFZTUIM6WQLGE1SCM7IT.jpg,steamed buns,all,848fb8024f1bf9762dc90a4a6d31c3f3,"['char siew pau', 'steamed buns']"
../foodsg-233\chai tow kuay\MYAX1B32CMID8MZGG26YYEUB.jpg,chai tow kuay,all,84a4203f1d86dd217d59eee067ab547a,"['chai tow kuay', 'Kway Teow']"
../foodsg-233\Kway Teow\JKG46H4E2T92WXC6ZWJF0GLX.jpg,Kway Teow,all,84a4203f1d86dd217d59eee067ab547a,"['chai tow kuay', 'Kway Teow']"
"../foodsg-233\Mee siam, fried\TPYEWJ3BN7G8EUOLEX84CN30.jpg","Mee siam, fried",all,84b626bad48279aeef6d7f37ac358f85,"['Mee siam, fried', 'Mee siam']"
../foodsg-233\Mee siam\LWL769IBP7830DFOLHMYJXSH.jpg,Mee siam,all,84b626bad48279aeef6d7f37ac358f85,"['Mee siam, fried', 'Mee siam']"
../foodsg-233\char siew pau\VJAEXZXAXF6VIYEQKD64KESD.jpg,char siew pau,all,84c153a461428f7e36ae013cd5d9f28f,"['char siew pau', 'steamed buns']"
../foodsg-233\steamed buns\8W4TH5WVMHMZFE8PN3GHX6GH.jpg,steamed buns,all,84c153a461428f7e36ae013cd5d9f28f,"['char siew pau', 'steamed buns']"
../foodsg-233\Nasi Ambeng\IS7D0YFDW22JZFLQGIE2VKS3.jpg,Nasi Ambeng,all,84c6c4bcea42a05d7b8438d281a9ea92,"['Nasi Ambeng', 'fried rice']"
../foodsg-233\fried rice\VCP4M23P6PQ1398P0CTASA3W.jpg,fried rice,all,84c6c4bcea42a05d7b8438d281a9ea92,"['Nasi Ambeng', 'fried rice']"
../foodsg-233\Mee soto\P4URPXO5SDPZPXQQZU1AM1W0.jpg,Mee soto,all,84c7ade3e47b8f4c124ff4a37b588038,"['Mee soto', 'Soto ayam']"
../foodsg-233\Soto ayam\B2DZBVNZ67V8B7T264EHBBV0.jpg,Soto ayam,all,84c7ade3e47b8f4c124ff4a37b588038,"['Mee soto', 'Soto ayam']"
../foodsg-233\satay bee hoon\NO6CCP4ALU8O4SU8K8DWZYYS.jpg,satay bee hoon,all,84d906f389f32ff97aea630f4907e1ae,"['satay bee hoon', 'bee hoon']"
../foodsg-233\bee hoon\5RSGWDTV9QEU1QOW691H9ON9.jpg,bee hoon,all,84d906f389f32ff97aea630f4907e1ae,"['satay bee hoon', 'bee hoon']"
../foodsg-233\Mee kuah\UCGQU7OOQZ9BRENDEVBJE6KY.jpg,Mee kuah,all,84e54c4ae4921f88d9c9c580f7173db0,"['Mee kuah', 'Mee rebus']"
../foodsg-233\Mee rebus\BBVIO6F1PO1L8P3ZP5WJ3DLP.jpg,Mee rebus,all,84e54c4ae4921f88d9c9c580f7173db0,"['Mee kuah', 'Mee rebus']"
../foodsg-233\char siew pau\8BXA48TIKZJS0BJZ604FCZ7W.jpg,char siew pau,all,84edc5b061f377f6407a8101a8b65d11,"['char siew pau', 'dumpling']"
../foodsg-233\dumpling\JM0JT2NP5U5ERM0B7JSVV4XH.jpg,dumpling,all,84edc5b061f377f6407a8101a8b65d11,"['char siew pau', 'dumpling']"
../foodsg-233\mushroom soup\0LJYCFBSEODR0ZXZXTGDJR0O.jpg,mushroom soup,all,84ffe39abb370bc746a232865d364e6e,"['mushroom soup', 'cream soup']"
../foodsg-233\cream soup\S1OKVJ6C16MHEPJ7Z9PJHRWX.jpg,cream soup,all,84ffe39abb370bc746a232865d364e6e,"['mushroom soup', 'cream soup']"
../foodsg-233\tom yum noodle soup\8UAHQYC2R9T6RY8EAN8EXQ4W.jpg,tom yum noodle soup,all,8528a5d9155200351ff2b950c6e86d4c,"['tom yum noodle soup', 'Seafood Noodles Soup']"
../foodsg-233\Seafood Noodles Soup\XXKAKSSHLFMA27W8I5L66F5H.jpg,Seafood Noodles Soup,all,8528a5d9155200351ff2b950c6e86d4c,"['tom yum noodle soup', 'Seafood Noodles Soup']"
"../foodsg-233\Mee siam, fried\99JAAMUW9QZ7OTKIW1TQTGL5.jpg","Mee siam, fried",all,85345dd332cb51f3491336442e3a9959,"['Mee siam, fried', 'Mee rebus', 'Mee siam']"
../foodsg-233\Mee rebus\5QAM2C5O7Y8W5MQ5KTI88LCH.jpg,Mee rebus,all,85345dd332cb51f3491336442e3a9959,"['Mee siam, fried', 'Mee rebus', 'Mee siam']"
../foodsg-233\Mee siam\WPL3HUM6UWGERTB50B6YTE5M.jpg,Mee siam,all,85345dd332cb51f3491336442e3a9959,"['Mee siam, fried', 'Mee rebus', 'Mee siam']"
../foodsg-233\steamed buns\0LK23J1PINUGMR8DCUWP46NA.jpg,steamed buns,all,856d8aa3311faaaab157318f13c077f3,"['steamed buns', 'char siew pau']"
../foodsg-233\char siew pau\L3OJJHAOIO5X881U6UI8YIP4.jpg,char siew pau,all,856d8aa3311faaaab157318f13c077f3,"['steamed buns', 'char siew pau']"
"../foodsg-233\Rice, with dakgalbi\KL25AURS2P1EYFQ228TQ2OUL.jpg","Rice, with dakgalbi",all,85735d48cf2c2afb9d668a88b1a6a689,"['Rice, with dakgalbi', 'chicken soup']"
../foodsg-233\chicken soup\RSC7N30DSDQLDXR8ZDXTZB6G.jpg,chicken soup,all,85735d48cf2c2afb9d668a88b1a6a689,"['Rice, with dakgalbi', 'chicken soup']"
../foodsg-233\fried rice\457MM71VSPPI0YIVBZNXCQUD.jpg,fried rice,all,857606f45ad7489e09c16469fd9ef4ed,"['fried rice', 'Pilaf, pea']"
"../foodsg-233\Pilaf, pea\LV4SM8Z8XDHTBICRBR7Z303Z.jpg","Pilaf, pea",all,857606f45ad7489e09c16469fd9ef4ed,"['fried rice', 'Pilaf, pea']"
../foodsg-233\Mee soto\2WH12RQ7KESK3NJ8C3BPHKDB.jpg,Mee soto,all,85a9a24640acef75ef84be0ad8cf6423,"['Mee soto', 'Soto ayam']"
../foodsg-233\Soto ayam\4JISE1ZRW1GGCBWOVWCMPUQ1.jpg,Soto ayam,all,85a9a24640acef75ef84be0ad8cf6423,"['Mee soto', 'Soto ayam']"
../foodsg-233\cooked brown rice\C1GN04K6MF70TSVT4KHMF2FK.jpg,cooked brown rice,all,85c28043ac9c4b4adafd6c8de95af577,"['cooked brown rice', 'Pilaf, pea']"
"../foodsg-233\Pilaf, pea\RYQ45WA7RYMIVTTO5SVUUOZS.jpg","Pilaf, pea",all,85c28043ac9c4b4adafd6c8de95af577,"['cooked brown rice', 'Pilaf, pea']"
../foodsg-233\Soto ayam\ZH2I197V8NS4UJC2L0RR25ZX.jpg,Soto ayam,all,85f22031f9a1640105ff31c01bf51e98,"['Soto ayam', 'Mee soto']"
../foodsg-233\Mee soto\3S3EA3NEZ5ESRNNOO8S729RF.jpg,Mee soto,all,85f22031f9a1640105ff31c01bf51e98,"['Soto ayam', 'Mee soto']"
../foodsg-233\sliced fish soup\LWGL9LVH9EXJ9SIUMMQR5909.jpg,sliced fish soup,all,8625f88fc32f7a7d660a68813db36283,"['sliced fish soup', 'Bee hoon, soto']"
"../foodsg-233\Bee hoon, soto\X92H2VPZBUMXRXNJ1GPWKAMB.jpg","Bee hoon, soto",all,8625f88fc32f7a7d660a68813db36283,"['sliced fish soup', 'Bee hoon, soto']"
../foodsg-233\Mee siam\85XMX9XVVR23N4UC0LCNOJ3M.jpg,Mee siam,all,863bcc979e081d4e840ed411a50d7813,"['Mee siam', 'Mee siam, fried']"
"../foodsg-233\Mee siam, fried\JSACAVQJ61JBO8Y6VHLJ90SF.jpg","Mee siam, fried",all,863bcc979e081d4e840ed411a50d7813,"['Mee siam', 'Mee siam, fried']"
../foodsg-233\kiwi\KHVV6CI6DAE873Z7N86W919L.jpg,kiwi,all,867cda3e2a8ebcc43a8360f0b2d9906e,"['kiwi', 'strawberry']"
../foodsg-233\strawberry\QLSQOBMD7BNV0YV0IT86T8TG.jpg,strawberry,all,867cda3e2a8ebcc43a8360f0b2d9906e,"['kiwi', 'strawberry']"
"../foodsg-233\Bee hoon, goreng\OWCLU5YPVNGYUQWSJ52093RW.jpg","Bee hoon, goreng",all,86ba630b31a32b68dc1f813c7f916357,"['Bee hoon, goreng', 'bee hoon']"
../foodsg-233\bee hoon\DKNY2TI8PKDTZEQ1A2FD5HQN.jpg,bee hoon,all,86ba630b31a32b68dc1f813c7f916357,"['Bee hoon, goreng', 'bee hoon']"
../foodsg-233\Mee rebus\ZS4LZVLYX855E2P88A9X1PZL.jpg,Mee rebus,all,86c8249e3ab57955f49850eaa209e378,"['Mee rebus', 'Mee bandung']"
../foodsg-233\Mee bandung\ETF0JCUB3VY9DBGWXI7B931L.jpg,Mee bandung,all,86c8249e3ab57955f49850eaa209e378,"['Mee rebus', 'Mee bandung']"
../foodsg-233\steamed buns\L5EG7PAHUDQJ7SOJIM5P6OLP.jpg,steamed buns,all,86e45b3e0009c3ad4c8b69131373ca89,"['steamed buns', 'char siew pau']"
../foodsg-233\char siew pau\TQM2K9MT4BFII9S0U8FQBI7A.jpg,char siew pau,all,86e45b3e0009c3ad4c8b69131373ca89,"['steamed buns', 'char siew pau']"
"../foodsg-233\Mee siam, fried\P8VFPLN8EKHGRWCKJEBQO7TZ.jpg","Mee siam, fried",all,871705b0393142e0ba0181d21de54ce9,"['Mee siam, fried', 'Mee siam']"
../foodsg-233\Mee siam\TDB2R3VAGAXUJX5MOWA8QMTV.jpg,Mee siam,all,871705b0393142e0ba0181d21de54ce9,"['Mee siam, fried', 'Mee siam']"
../foodsg-233\Soto ayam\TEG7SGBM1SRESF2NVGAP5HTF.jpg,Soto ayam,all,8745003d0209a67eb0a09652f0fa3e8f,"['Soto ayam', 'Bee hoon, soto', 'Mee soto']"
"../foodsg-233\Bee hoon, soto\5O2N25SESBA6UXAY5Q17K4E5.jpg","Bee hoon, soto",all,8745003d0209a67eb0a09652f0fa3e8f,"['Soto ayam', 'Bee hoon, soto', 'Mee soto']"
../foodsg-233\Mee soto\ZHYP3PGJTT3GLWC0S7F0PINJ.jpg,Mee soto,all,8745003d0209a67eb0a09652f0fa3e8f,"['Soto ayam', 'Bee hoon, soto', 'Mee soto']"
../foodsg-233\Lontong with sayur lodeh\2IHS93NXJXGZOCXSBM8WI66I.jpg,Lontong with sayur lodeh,all,8798c86195d91e384698cd598f900e32,"['Lontong with sayur lodeh', 'lontong']"
../foodsg-233\lontong\QH4U34WSW7CEVD2FOIY1PHNU.jpg,lontong,all,8798c86195d91e384698cd598f900e32,"['Lontong with sayur lodeh', 'lontong']"
../foodsg-233\Mee soto\01LC3YBJOR5RPU29H1NB0TGT.jpg,Mee soto,all,87c887f5ecd9cc426a3f0f0f977d8d5f,"['Mee soto', 'Mee bandung', 'Mee rebus']"
../foodsg-233\Mee bandung\D9TRR199LQIHBLHGIGO293D8.jpg,Mee bandung,all,87c887f5ecd9cc426a3f0f0f977d8d5f,"['Mee soto', 'Mee bandung', 'Mee rebus']"
../foodsg-233\Mee rebus\546GMHPD2VHBDZR12EGLQH3C.jpg,Mee rebus,all,87c887f5ecd9cc426a3f0f0f977d8d5f,"['Mee soto', 'Mee bandung', 'Mee rebus']"
../foodsg-233\mushroom soup\P7KQ9V9XCDUV630OBEJO9LQT.jpg,mushroom soup,all,881aec511b45295dd136d9cb3c61badc,"['mushroom soup', 'cream soup']"
../foodsg-233\cream soup\BC2PBQS68FURJDDRETJN0BS9.jpg,cream soup,all,881aec511b45295dd136d9cb3c61badc,"['mushroom soup', 'cream soup']"
../foodsg-233\fried prawn\U9LTUUUQ91RUD81JVDKY9BAD.jpg,fried prawn,all,88322ca1bd0ea9e9d640da5c3e93b05b,"['fried prawn', 'paella seafood']"
../foodsg-233\paella seafood\0INNEMII2CYSC7FZ2HTBPVC6.jpg,paella seafood,all,88322ca1bd0ea9e9d640da5c3e93b05b,"['fried prawn', 'paella seafood']"
"../foodsg-233\Mee siam, fried\9W3NN29J3XPOXAH3SJKL4MQH.jpg","Mee siam, fried",all,88367c3ef027210cc2c61572d2df2678,"['Mee siam, fried', 'Mee siam']"
../foodsg-233\Mee siam\8556DG5WEHCO72HNO10J5ED7.jpg,Mee siam,all,88367c3ef027210cc2c61572d2df2678,"['Mee siam, fried', 'Mee siam']"
../foodsg-233\Grapefruit\5BI1B0XS2CGC0UGJ4P96TP5B.jpg,Grapefruit,all,884c4161a1b89b9bac4a3e153d5ed1ca,"['Grapefruit', 'Pomelo']"
../foodsg-233\Pomelo\FHE6EPWWYIZ9VJZV9HCUIJ6F.jpg,Pomelo,all,884c4161a1b89b9bac4a3e153d5ed1ca,"['Grapefruit', 'Pomelo']"
../foodsg-233\bee hoon\NCHXDIROFHNJ2LNVLZI78GRE.jpg,bee hoon,all,8872b2fd5f1e66f3fa586a81c67a30d9,"['bee hoon', 'Bee hoon, soto']"
"../foodsg-233\Bee hoon, soto\1G0G84CBW5MU84IQEFKKAJLF.jpg","Bee hoon, soto",all,8872b2fd5f1e66f3fa586a81c67a30d9,"['bee hoon', 'Bee hoon, soto']"
../foodsg-233\hotplate tofu\DDUUI783MWO1Y63KSB6BC5VY.jpg,hotplate tofu,all,889f72db04bb59743c5d141e7e7be556,"['hotplate tofu', 'Mee soto']"
../foodsg-233\Mee soto\ZZI1D3AGLXQFIEYCVO5HLZR0.jpg,Mee soto,all,889f72db04bb59743c5d141e7e7be556,"['hotplate tofu', 'Mee soto']"
../foodsg-233\bakso\XBIJE08U0CLV8ZK6UO1TZ4KE.jpg,bakso,all,88e39ff02e1bd10c7c9cb6f2bc7606b6,"['bakso', 'Seafood Noodles Soup']"
../foodsg-233\Seafood Noodles Soup\UVDIX2V0XEZGNIYG8Q9NA5SI.jpg,Seafood Noodles Soup,all,88e39ff02e1bd10c7c9cb6f2bc7606b6,"['bakso', 'Seafood Noodles Soup']"
../foodsg-233\Mee rebus\Y2I2SYJTLKULUDCDTV14UYLU.jpg,Mee rebus,all,897fbe59c306408a303a14663d8a51d2,"['Mee rebus', 'Mee bandung']"
../foodsg-233\Mee bandung\HH9TRWSI03ZE5IJ707GDUTQQ.jpg,Mee bandung,all,897fbe59c306408a303a14663d8a51d2,"['Mee rebus', 'Mee bandung']"
../foodsg-233\Apple\UA21GFQCQ6826QT3IHBPDVA1.jpg,Apple,all,89a67ebcef08b2b153134e589c363fbe,"['Apple', 'pear']"
../foodsg-233\pear\O4BW9LL6UKQMWC1T98WR2NX9.jpg,pear,all,89a67ebcef08b2b153134e589c363fbe,"['Apple', 'pear']"
"../foodsg-233\Rice, korean bulgogi beef\KQZSHJL7AUOCNSAAH97PSDJ6.jpg","Rice, korean bulgogi beef",all,89b26876966e29fc70671db2537d42dd,"['Rice, korean bulgogi beef', 'Rice, with dakgalbi']"
"../foodsg-233\Rice, with dakgalbi\FKIWERBZ0ZWF0MP8BPW60EQA.jpg","Rice, with dakgalbi",all,89b26876966e29fc70671db2537d42dd,"['Rice, korean bulgogi beef', 'Rice, with dakgalbi']"
../foodsg-233\Soto ayam\VFE7Y6CIOKOQ40Z721GCOL9V.jpg,Soto ayam,all,89d369265203de717bd71ca5b8c5e278,"['Soto ayam', 'Mee soto']"
../foodsg-233\Mee soto\6QOSIO2KNBFWCXA2K3ZHJRL2.jpg,Mee soto,all,89d369265203de717bd71ca5b8c5e278,"['Soto ayam', 'Mee soto']"
../foodsg-233\yong tau foo\JWAFCCDFO501RKTED29F8UML.jpg,yong tau foo,all,8a0d6c65f7418d2f41d7206e794af0fa,"['yong tau foo', 'meatball']"
../foodsg-233\meatball\ZBKZGJJVLREHC6F7EHF62U80.jpg,meatball,all,8a0d6c65f7418d2f41d7206e794af0fa,"['yong tau foo', 'meatball']"
../foodsg-233\Mee bandung\OADL8CB9BQ1GLF562BOJZWKQ.jpg,Mee bandung,all,8a1fbad147703739f1ff12d46f4b911c,"['Mee bandung', 'Mee rebus']"
../foodsg-233\Mee rebus\OK9AYL40RLGWAAEBAAAB8B1T.jpg,Mee rebus,all,8a1fbad147703739f1ff12d46f4b911c,"['Mee bandung', 'Mee rebus']"
../foodsg-233\kway chap\1R1MZB5GTRJMYNKC1QP00NZ4.jpg,kway chap,all,8a2383d892a1a637fdcd9813e2ca109f,"['kway chap', 'chai tow kuay']"
../foodsg-233\chai tow kuay\EGSC689YHTH8G64KSL9EW8WA.jpg,chai tow kuay,all,8a2383d892a1a637fdcd9813e2ca109f,"['kway chap', 'chai tow kuay']"
../foodsg-233\Soto ayam\ZL37TMR6ZXCXEA8TJR5PSU75.jpg,Soto ayam,all,8a74ce7ac661beaa6cac45dda1538452,"['Soto ayam', 'Bee hoon, soto']"
"../foodsg-233\Bee hoon, soto\NFQTUZ96NRJWZ7IZ5I3R7ESI.jpg","Bee hoon, soto",all,8a74ce7ac661beaa6cac45dda1538452,"['Soto ayam', 'Bee hoon, soto']"
../foodsg-233\Mee soto\4DPXKVLRTS9UDB9BM0OYEJCY.jpg,Mee soto,all,8a8824c2a1c552cec2ed79457bb5878b,"['Mee soto', 'Mee rebus']"
../foodsg-233\Mee rebus\XIC7ZKU27LBQAQF8VY6SDE4U.jpg,Mee rebus,all,8a8824c2a1c552cec2ed79457bb5878b,"['Mee soto', 'Mee rebus']"
../foodsg-233\chicken masala\Z1WVWKGJXD256B7TNH5O7KJN.jpg,chicken masala,all,8b1a5001ef2687017a6722f244e8f3bd,"['chicken masala', 'tandoori chicken']"
../foodsg-233\tandoori chicken\UCRXOB041CG775FCBL0ER0O8.jpg,tandoori chicken,all,8b1a5001ef2687017a6722f244e8f3bd,"['chicken masala', 'tandoori chicken']"
../foodsg-233\Fried Noodles\RJVNCNH73RZWZBPWHZR6IHUU.jpg,Fried Noodles,all,8b2fd8132c47a54ae49adbc4b82c795e,"['Fried Noodles', 'Udon']"
../foodsg-233\Udon\R4WOJ55XLTVI8X9DR2Q3QVCF.jpg,Udon,all,8b2fd8132c47a54ae49adbc4b82c795e,"['Fried Noodles', 'Udon']"
"../foodsg-233\Bee hoon, soto\LNIPB6M9KDUUI5K4H2DUDR7O.jpg","Bee hoon, soto",all,8b40cea2227aec4d78c93ccae290591b,"['Bee hoon, soto', 'bee hoon']"
../foodsg-233\bee hoon\0UDFB1KVNUT56LHOT6FARVE7.jpg,bee hoon,all,8b40cea2227aec4d78c93ccae290591b,"['Bee hoon, soto', 'bee hoon']"
"../foodsg-233\Mee siam, fried\9J7INSSRR640HIQTFIRHAWVK.jpg","Mee siam, fried",all,8b663c9f537a7b076636c6cf96762cd1,"['Mee siam, fried', 'Mee siam']"
../foodsg-233\Mee siam\PX2O0410G59T686ZBKHGKIOH.jpg,Mee siam,all,8b663c9f537a7b076636c6cf96762cd1,"['Mee siam, fried', 'Mee siam']"
../foodsg-233\Soto ayam\9OY3N36POMQSUPEHTJRR4BTX.jpg,Soto ayam,all,8b85c2f2f2783ec1fad656352c2ae123,"['Soto ayam', 'Mee soto']"
../foodsg-233\Mee soto\K75S106E7YUN808GBXNE4Y2Y.jpg,Mee soto,all,8b85c2f2f2783ec1fad656352c2ae123,"['Soto ayam', 'Mee soto']"
../foodsg-233\bak chor mee\UU13K88SESNWCI1DMDUMVG1G.jpg,bak chor mee,all,8b94891a2bdb2da92228d35203240f7e,"['bak chor mee', 'mee pok']"
../foodsg-233\mee pok\JO2RYWRTIUMM1DW7NSRO5VSS.jpg,mee pok,all,8b94891a2bdb2da92228d35203240f7e,"['bak chor mee', 'mee pok']"
"../foodsg-233\Mee siam, fried\V8QJ5NHHI1A3ZOZF8ELLEEGY.jpg","Mee siam, fried",all,8c1df032284eb7c12bece927500b85df,"['Mee siam, fried', 'Mee siam', 'Mee kuah']"
../foodsg-233\Mee siam\K6DM7D7RAFVPEDHH5D9Y2IRD.jpg,Mee siam,all,8c1df032284eb7c12bece927500b85df,"['Mee siam, fried', 'Mee siam', 'Mee kuah']"
../foodsg-233\Mee kuah\6QWB7TJVZT5UFVY21M67W52S.jpg,Mee kuah,all,8c1df032284eb7c12bece927500b85df,"['Mee siam, fried', 'Mee siam', 'Mee kuah']"
../foodsg-233\bee hoon\3JKC08WSEKRALUAPGD22ZO1A.jpg,bee hoon,all,8c5af608394324449a0ac8601b3610df,"['bee hoon', 'Bee hoon, goreng']"
"../foodsg-233\Bee hoon, goreng\CSD682MXA30HFSKRBDSETGG1.jpg","Bee hoon, goreng",all,8c5af608394324449a0ac8601b3610df,"['bee hoon', 'Bee hoon, goreng']"
../foodsg-233\whole grain bread\LB9NNUWZNARZ2TGCLIHMZG7M.jpg,whole grain bread,all,8c6d430c6fa31ee90fd1f8888321d644,"['whole grain bread', 'whole wheat']"
../foodsg-233\whole wheat\H6KKNLPYX34QEI95YRP7M7ZR.jpg,whole wheat,all,8c6d430c6fa31ee90fd1f8888321d644,"['whole grain bread', 'whole wheat']"
../foodsg-233\mushroom soup\6369DD64M5QZWL0KP9YIRGI9.jpg,mushroom soup,all,8c7352c14fbe02d769728b4ef5518461,"['mushroom soup', 'vegetable soup']"
../foodsg-233\vegetable soup\IFLJPQEISYKCOX0V1ODTDUBN.jpg,vegetable soup,all,8c7352c14fbe02d769728b4ef5518461,"['mushroom soup', 'vegetable soup']"
../foodsg-233\whole wheat\BTBPRMT69PIQKR17HYT451XP.jpg,whole wheat,all,8c8f206fcec34d742c14e93ba2cf6e39,"['whole wheat', 'whole grain bread']"
../foodsg-233\whole grain bread\T3QQBO4D6KUQ2P9OSKBYZPLQ.jpg,whole grain bread,all,8c8f206fcec34d742c14e93ba2cf6e39,"['whole wheat', 'whole grain bread']"
../foodsg-233\Grapefruit\AZW09PQZBNMKO2ZJ9ILI5R7P.jpg,Grapefruit,all,8cdefa3b7d4f95d9857e9ff96d4813cd,"['Grapefruit', 'guava']"
../foodsg-233\guava\34WRCA1KCSZMGIMOAD3A7770.jpg,guava,all,8cdefa3b7d4f95d9857e9ff96d4813cd,"['Grapefruit', 'guava']"
../foodsg-233\Soto ayam\BME19HEZA414RGSMCP4CQL8U.jpg,Soto ayam,all,8cf7a761ac00ad16755f7f1a243d8eca,"['Soto ayam', 'Bee hoon, soto', 'Mee soto']"
"../foodsg-233\Bee hoon, soto\BWGM7M8F22MV821XZGJXTTQT.jpg","Bee hoon, soto",all,8cf7a761ac00ad16755f7f1a243d8eca,"['Soto ayam', 'Bee hoon, soto', 'Mee soto']"
../foodsg-233\Mee soto\H26SIQ27H05QZTPDPOF74IHV.jpg,Mee soto,all,8cf7a761ac00ad16755f7f1a243d8eca,"['Soto ayam', 'Bee hoon, soto', 'Mee soto']"
../foodsg-233\dumpling\J079HNJ5VQ6U4NE0QMV7XZ7S.jpg,dumpling,all,8d228bc01d3a6a23887f42f60150c1a3,"['dumpling', 'Dumpling noodle soup']"
../foodsg-233\Dumpling noodle soup\URNB3FOJ2QCUKT9TQIEJ43CR.jpg,Dumpling noodle soup,all,8d228bc01d3a6a23887f42f60150c1a3,"['dumpling', 'Dumpling noodle soup']"
../foodsg-233\Mee rebus\EYFALN2OT1JTPFPWCZYECAAH.jpg,Mee rebus,all,8d77e8bcf2bc832ac0328c4dae1dcaa5,"['Mee rebus', 'Mee kuah']"
../foodsg-233\Mee kuah\OXEC5I06MBNF0740EY8L5K9H.jpg,Mee kuah,all,8d77e8bcf2bc832ac0328c4dae1dcaa5,"['Mee rebus', 'Mee kuah']"
../foodsg-233\green leafy vegetables\L03NV4PX1QN0H1PUO9R0VZF6.jpg,green leafy vegetables,all,8d8e67d09b36794117459faca55fdbe0,"['green leafy vegetables', 'mixed vegetables']"
../foodsg-233\mixed vegetables\WC2MFLX0FESLLHZ21AM5KCCB.jpg,mixed vegetables,all,8d8e67d09b36794117459faca55fdbe0,"['green leafy vegetables', 'mixed vegetables']"
../foodsg-233\whole grain bread\P80LZBG2X8ZK1WNVHO4OFCHF.jpg,whole grain bread,all,8de30b2630f994de29ee8ff370d87a09,"['whole grain bread', 'whole wheat']"
../foodsg-233\whole wheat\7ZIMVQ13ZX31P5Q1DNXTR3U8.jpg,whole wheat,all,8de30b2630f994de29ee8ff370d87a09,"['whole grain bread', 'whole wheat']"
"../foodsg-233\Rice, korean bulgogi beef\7YKL0RTW3PAW0NPGSCK9UCVG.jpg","Rice, korean bulgogi beef",all,8e023443828c2d4de7e8e8dff89d4066,"['Rice, korean bulgogi beef', 'fried chicken']"
../foodsg-233\fried chicken\8UQBOG5VY0589A0YNGOEKVIS.jpg,fried chicken,all,8e023443828c2d4de7e8e8dff89d4066,"['Rice, korean bulgogi beef', 'fried chicken']"
"../foodsg-233\Bee hoon, soto\BNV2XJQZ9EO5K1VJ0ID94MZU.jpg","Bee hoon, soto",all,8e1e2993e507708bf6fcfedc12cc8c51,"['Bee hoon, soto', 'Seafood Noodles Soup']"
../foodsg-233\Seafood Noodles Soup\B5U5PG7F57QVG8XVW0LFATKX.jpg,Seafood Noodles Soup,all,8e1e2993e507708bf6fcfedc12cc8c51,"['Bee hoon, soto', 'Seafood Noodles Soup']"
../foodsg-233\Mee soto\I9Y97HNBQA36K7RZ43H8UUVC.jpg,Mee soto,all,8e1fda4d44ac9796be082979b5e3381f,"['Mee soto', 'Soto ayam']"
../foodsg-233\Soto ayam\E0KYW533PW7I3CKWJKFGBZVP.jpg,Soto ayam,all,8e1fda4d44ac9796be082979b5e3381f,"['Mee soto', 'Soto ayam']"
../foodsg-233\Seafood Noodles Soup\WAGDZ3A9YTUOX63YS3YKZABJ.jpg,Seafood Noodles Soup,all,8e2cde4efcf0c7424a628f65a4cd8b87,"['Seafood Noodles Soup', 'sliced fish soup']"
../foodsg-233\sliced fish soup\SNCY38XIN1GT7XBX4AMMY5Y8.jpg,sliced fish soup,all,8e2cde4efcf0c7424a628f65a4cd8b87,"['Seafood Noodles Soup', 'sliced fish soup']"
../foodsg-233\Porridge\8DWSVU13FU21FT0PKFTKDMFL.jpg,Porridge,all,8e62a14fc847e639636b7061e8a5e09a,"['Porridge', 'Duck Rice']"
../foodsg-233\Duck Rice\1RY463FR7CMZ0PRNRMAKIJ3J.jpg,Duck Rice,all,8e62a14fc847e639636b7061e8a5e09a,"['Porridge', 'Duck Rice']"
../foodsg-233\Soto ayam\LCUNENGU158KUGOYCKU81F6N.jpg,Soto ayam,all,8e6660d5e1c969fdaa851a50baa3b133,"['Soto ayam', 'Mee soto']"
../foodsg-233\Mee soto\H6EZ6Y4RHMRU3FG2QPP61TTT.jpg,Mee soto,all,8e6660d5e1c969fdaa851a50baa3b133,"['Soto ayam', 'Mee soto']"
../foodsg-233\chilli crab\EEL15AT1A53OIPXRDUMW175S.jpg,chilli crab,all,8e6e47f7bf4fc1317577f3988040492a,"['chilli crab', 'black pepper crab']"
../foodsg-233\black pepper crab\I347PKTGVW9X7214OTRMCZM3.jpg,black pepper crab,all,8e6e47f7bf4fc1317577f3988040492a,"['chilli crab', 'black pepper crab']"
../foodsg-233\Soto ayam\6PLAKM9RBV6KVH0ZU1SKT2IS.jpg,Soto ayam,all,8e72ea12a58421cb569cf1dd17d3e5f8,"['Soto ayam', 'Mee soto']"
../foodsg-233\Mee soto\6RBF9WYLS6BLJ0CPOLJTNIQN.jpg,Mee soto,all,8e72ea12a58421cb569cf1dd17d3e5f8,"['Soto ayam', 'Mee soto']"
../foodsg-233\mushroom soup\JKVQ9A7U40V35UWUTOGW99FJ.jpg,mushroom soup,all,8e963efb2074561beb95a29280c98154,"['mushroom soup', 'miso soup']"
../foodsg-233\miso soup\21WCX7TBR2BDWDLMFC5CQ8VN.jpg,miso soup,all,8e963efb2074561beb95a29280c98154,"['mushroom soup', 'miso soup']"
../foodsg-233\Soto ayam\J1SANF3GP1BE5VWZDR5OXLKH.jpg,Soto ayam,all,8ea08f01acb29fae44d12b677da05ce2,"['Soto ayam', 'Mee soto']"
../foodsg-233\Mee soto\LK62TC8QV9VTT7DOLHJ5NS09.jpg,Mee soto,all,8ea08f01acb29fae44d12b677da05ce2,"['Soto ayam', 'Mee soto']"
../foodsg-233\chicken masala\QDBUCJZWK5TQMSY6R93BHGSZ.jpg,chicken masala,all,8ec0aa62e0524c5495361661074bc0c1,"['chicken masala', 'Pilaf, pea', 'Rice, korean bulgogi beef']"
"../foodsg-233\Pilaf, pea\LGDOTUGLPJ1X7K4W56R74S32.jpg","Pilaf, pea",all,8ec0aa62e0524c5495361661074bc0c1,"['chicken masala', 'Pilaf, pea', 'Rice, korean bulgogi beef']"
"../foodsg-233\Rice, korean bulgogi beef\NCKDJ94L0S71RI3VLJ475KQ5.jpg","Rice, korean bulgogi beef",all,8ec0aa62e0524c5495361661074bc0c1,"['chicken masala', 'Pilaf, pea', 'Rice, korean bulgogi beef']"
"../foodsg-233\Wanton mee, dry\HMINFHYAIH2N5YKWM4OBDFLH.jpg","Wanton mee, dry",all,8ec2800dab0b48bb53e39bff8e1b2e36,"['Wanton mee, dry', 'Mee siam', 'Mee goreng', 'Kway Teow']"
../foodsg-233\Mee siam\9HR4VTGV0D9O87FIHZ9PULVO.jpg,Mee siam,all,8ec2800dab0b48bb53e39bff8e1b2e36,"['Wanton mee, dry', 'Mee siam', 'Mee goreng', 'Kway Teow']"
../foodsg-233\Mee goreng\I47NTIC4NTF3U4YT5D5D7MSV.jpg,Mee goreng,all,8ec2800dab0b48bb53e39bff8e1b2e36,"['Wanton mee, dry', 'Mee siam', 'Mee goreng', 'Kway Teow']"
../foodsg-233\Kway Teow\H26V8ZWYHO9GDDI0WL9CF5F1.jpg,Kway Teow,all,8ec2800dab0b48bb53e39bff8e1b2e36,"['Wanton mee, dry', 'Mee siam', 'Mee goreng', 'Kway Teow']"
../foodsg-233\mixed vegetables\Q4NSLODTXZMS2BJLNON0L32K.jpg,mixed vegetables,all,8ecf08ac4ed556f2542a2c99430c10c4,"['mixed vegetables', 'Lontong with sayur lodeh']"
../foodsg-233\Lontong with sayur lodeh\BS755EA4RBIGB3HQ6TOOVN3T.jpg,Lontong with sayur lodeh,all,8ecf08ac4ed556f2542a2c99430c10c4,"['mixed vegetables', 'Lontong with sayur lodeh']"
../foodsg-233\mee pok\8UHJ3FKL2UV6JKAJU5FFTHNQ.jpg,mee pok,all,8f1608a827df2dc9be56303523895d0c,"['mee pok', 'bak chor mee']"
../foodsg-233\bak chor mee\WRV02L9ZY5UNTMWYLVE8VHQ5.jpg,bak chor mee,all,8f1608a827df2dc9be56303523895d0c,"['mee pok', 'bak chor mee']"
../foodsg-233\Pomelo\IBENRF4XQANJXW046GF4JSVG.jpg,Pomelo,all,8f398b8687ae626fac2814e0fb06080c,"['Pomelo', 'Grapefruit']"
../foodsg-233\Grapefruit\7YE2U64FVF58FW3VJHW8UE34.jpg,Grapefruit,all,8f398b8687ae626fac2814e0fb06080c,"['Pomelo', 'Grapefruit']"
../foodsg-233\chicken soup\OT6C6NZBPWA7ISD0UKT9YACJ.jpg,chicken soup,all,8f4821d952ea7926c74149d5d5392ccb,"['chicken soup', 'mushroom soup']"
../foodsg-233\mushroom soup\OH4UM76PMK9P4385CT9PU7PE.jpg,mushroom soup,all,8f4821d952ea7926c74149d5d5392ccb,"['chicken soup', 'mushroom soup']"
../foodsg-233\bee hoon\VXJXCJMGXGHBZPZOXZ6QWQWV.jpg,bee hoon,all,8f577027d172d80f955a0f7dacd78f85,"['bee hoon', 'Bee hoon, goreng', 'Mee siam, fried']"
"../foodsg-233\Bee hoon, goreng\ZS01DIDOCKF9PXE338BUCB9A.jpg","Bee hoon, goreng",all,8f577027d172d80f955a0f7dacd78f85,"['bee hoon', 'Bee hoon, goreng', 'Mee siam, fried']"
"../foodsg-233\Mee siam, fried\JG48OORW5Q914BVLFY7EC5YO.jpg","Mee siam, fried",all,8f577027d172d80f955a0f7dacd78f85,"['bee hoon', 'Bee hoon, goreng', 'Mee siam, fried']"
../foodsg-233\honeydew\LVV20ZRW8XAUP1IY3GB42ORZ.jpg,honeydew,all,8f58e8afccdf51cdb431a354af211c40,"['honeydew', 'rock melon']"
../foodsg-233\rock melon\UEDIQ762DZAXW4HBV3RTXAZ2.jpg,rock melon,all,8f58e8afccdf51cdb431a354af211c40,"['honeydew', 'rock melon']"
../foodsg-233\canned Fruit salad\62FZBYKEQXETFNN7JYCGTIQW.jpg,canned Fruit salad,all,8fb7a4c7e5b80e804b195d7da1d7a060,"['canned Fruit salad', 'blueberries']"
../foodsg-233\blueberries\QY4BISYZMV9OFW4LU09INLDU.jpg,blueberries,all,8fb7a4c7e5b80e804b195d7da1d7a060,"['canned Fruit salad', 'blueberries']"
../foodsg-233\kiwi\VHZFL6U2VRXPPCGJHCF5CA9F.jpg,kiwi,all,8fd3fcaade6a466d5e0b18e22a5e5782,"['kiwi', 'canned Fruit salad']"
../foodsg-233\canned Fruit salad\MUNJ07QS5U9R85RVLR61S3RV.jpg,canned Fruit salad,all,8fd3fcaade6a466d5e0b18e22a5e5782,"['kiwi', 'canned Fruit salad']"
../foodsg-233\Soto ayam\V1L1M34TPW5UK7VZR9ZQAH2T.jpg,Soto ayam,all,8fdfa51459134081c02893460241b245,"['Soto ayam', 'Mee soto']"
../foodsg-233\Mee soto\MWNWMNLV1EWPI4Z8JK9NOZ29.jpg,Mee soto,all,8fdfa51459134081c02893460241b245,"['Soto ayam', 'Mee soto']"
../foodsg-233\Mee siam\O4YOOMOH5G7OZOADOH0RXOK8.jpg,Mee siam,all,8ff0bfc978f58c7791ba90cc826a3f78,"['Mee siam', 'Mee siam, fried']"
"../foodsg-233\Mee siam, fried\MZHH282M2C141L8VDSMY5666.jpg","Mee siam, fried",all,8ff0bfc978f58c7791ba90cc826a3f78,"['Mee siam', 'Mee siam, fried']"
../foodsg-233\whole grain bread\4HD303Y5Z3CRQLWI6YNQ0D11.jpg,whole grain bread,all,9000e036cd5070f77b6aa9fc9832613f,"['whole grain bread', 'whole wheat']"
../foodsg-233\whole wheat\QZ19J0ITET6FHQP3OYH6AEIT.jpg,whole wheat,all,9000e036cd5070f77b6aa9fc9832613f,"['whole grain bread', 'whole wheat']"
../foodsg-233\lontong\QOXVE3HOX7N3BEI7KUMG344G.jpg,lontong,all,900ed9b70610953587af69b2537fb5c9,"['lontong', 'Lontong with sayur lodeh']"
../foodsg-233\Lontong with sayur lodeh\W6UJYHLACBN9ZKBA46UKWFBK.jpg,Lontong with sayur lodeh,all,900ed9b70610953587af69b2537fb5c9,"['lontong', 'Lontong with sayur lodeh']"
../foodsg-233\Soto ayam\URHTDFXU0DE6AHBSOOA6LKBT.jpg,Soto ayam,all,902ab9d9cc73915c264f10cf4b83a073,"['Soto ayam', 'Bee hoon, soto']"
"../foodsg-233\Bee hoon, soto\1A458JT1AOAISZLTS0DEB4JJ.jpg","Bee hoon, soto",all,902ab9d9cc73915c264f10cf4b83a073,"['Soto ayam', 'Bee hoon, soto']"
../foodsg-233\Mee soto\7KJ3EAQJAZLOTOYLKOKBJ0YC.jpg,Mee soto,all,9048cea50fb7edff8be532f268864e3e,"['Mee soto', 'Soto ayam']"
../foodsg-233\Soto ayam\LX7X96LWUXYAGYWL8MO32HCG.jpg,Soto ayam,all,9048cea50fb7edff8be532f268864e3e,"['Mee soto', 'Soto ayam']"
../foodsg-233\sliced fish soup\MQS8TNQERD5FCCT3L8KO2OTQ.jpg,sliced fish soup,all,904c1b97a292bb92c2fb917f82d03d42,"['sliced fish soup', 'Udon']"
../foodsg-233\Udon\TFX3R872CFFY6ETG2VJW4NUK.jpg,Udon,all,904c1b97a292bb92c2fb917f82d03d42,"['sliced fish soup', 'Udon']"
../foodsg-233\lontong\ZLTLLHUR88UOVFA6ZG4QBMHH.jpg,lontong,all,9089fe91e1ae5da71e47a2b916c9427a,"['lontong', 'Lontong with sayur lodeh']"
../foodsg-233\Lontong with sayur lodeh\VQYY3YLPT5FAJVK7DT87EQPQ.jpg,Lontong with sayur lodeh,all,9089fe91e1ae5da71e47a2b916c9427a,"['lontong', 'Lontong with sayur lodeh']"
../foodsg-233\waffle\H4L5UIGN8U2JHNVPFIYS8XJ0.jpg,waffle,all,90a0b3e8230ff4d6d51339de09061a4f,"['waffle', 'whole wheat']"
../foodsg-233\whole wheat\PEO1XO8Y7PQZ0YOMQL9A3NJT.jpg,whole wheat,all,90a0b3e8230ff4d6d51339de09061a4f,"['waffle', 'whole wheat']"
../foodsg-233\whole wheat\SSVQZE9YFGT53WCA8KBX91AS.jpg,whole wheat,all,90d3ea725822ab9bed655c4c39a4d6d6,"['whole wheat', 'whole grain bread']"
../foodsg-233\whole grain bread\TWAONTDRT04ZFYYYB6MZ9VQ2.jpg,whole grain bread,all,90d3ea725822ab9bed655c4c39a4d6d6,"['whole wheat', 'whole grain bread']"
../foodsg-233\nasi lemak\R26D1GORSFUC30KL5CWKWZX2.jpg,nasi lemak,all,91232b674e68d205916b652a18e2e076,"['nasi lemak', 'Nasi Ambeng']"
../foodsg-233\Nasi Ambeng\JYD77KCV0ZRBELOKG19XE0BI.jpg,Nasi Ambeng,all,91232b674e68d205916b652a18e2e076,"['nasi lemak', 'Nasi Ambeng']"
../foodsg-233\Duck Rice\HHOVMAR4NWRUAPOFHPIAYNN8.jpg,Duck Rice,all,9145c262162c914f4b14f8689743ad2e,"['Duck Rice', 'char siew']"
../foodsg-233\char siew\M1C9CAJMFIWV9XDOI554OHRM.jpg,char siew,all,9145c262162c914f4b14f8689743ad2e,"['Duck Rice', 'char siew']"
../foodsg-233\whole wheat\MLTVPR95A9V1GVKB8CFW6O2A.jpg,whole wheat,all,91999868e7d4a4bad1ba49e6bb696465,"['whole wheat', 'whole grain bread']"
../foodsg-233\whole grain bread\8C6F2Q32YAX6WO55K20UKWBG.jpg,whole grain bread,all,91999868e7d4a4bad1ba49e6bb696465,"['whole wheat', 'whole grain bread']"
../foodsg-233\Soto ayam\KKROBOFOCU1B7EVVPIW8IZM1.jpg,Soto ayam,all,91be5a7941aed0505c5d3426e99fb90e,"['Soto ayam', 'Mee soto']"
../foodsg-233\Mee soto\JW7ZFYKPL67DPLWDV7CNKTZB.jpg,Mee soto,all,91be5a7941aed0505c5d3426e99fb90e,"['Soto ayam', 'Mee soto']"
../foodsg-233\Dumpling noodle soup\XI29YU6C3NC03M1ZAHKDWSTM.jpg,Dumpling noodle soup,all,91cc9278918aca84eedccffa82884c56,"['Dumpling noodle soup', 'dumpling']"
../foodsg-233\dumpling\F87QFF5D00FQP606QTG1EDX9.jpg,dumpling,all,91cc9278918aca84eedccffa82884c56,"['Dumpling noodle soup', 'dumpling']"
../foodsg-233\xiao long bao\1OUVCHHXYBTCJ49VGZJGEN96.jpg,xiao long bao,all,91d9e6e8c2633ce9fe0deb36e3d326a2,"['xiao long bao', 'dumpling']"
../foodsg-233\dumpling\S4BHNKYWK1T44F0HTFCA3J4S.jpg,dumpling,all,91d9e6e8c2633ce9fe0deb36e3d326a2,"['xiao long bao', 'dumpling']"
../foodsg-233\vadai\2FY2GS4LL10L1WI2X0M4QA3Z.jpg,vadai,all,920b1b5c43b71ba3ac038ae8734b55c7,"['vadai', 'Chinese fritters']"
../foodsg-233\Chinese fritters\ZLIUR3E83Z98FY2W6UFKD7E7.jpg,Chinese fritters,all,920b1b5c43b71ba3ac038ae8734b55c7,"['vadai', 'Chinese fritters']"
../foodsg-233\bee hoon\ITSADO7V0J7J3HXR7TOYXX6C.jpg,bee hoon,all,9227cdcbce3ff667ec02e3efdea231cb,"['bee hoon', 'Bee hoon, goreng']"
"../foodsg-233\Bee hoon, goreng\SH1YI1T81182DC4KRYGGV9DK.jpg","Bee hoon, goreng",all,9227cdcbce3ff667ec02e3efdea231cb,"['bee hoon', 'Bee hoon, goreng']"
../foodsg-233\bee hoon\4NIN7HLFCQFBJVSBZECVK4KL.jpg,bee hoon,all,92289ef2b5194017320367e948e69ebb,"['bee hoon', 'Bee hoon, goreng']"
"../foodsg-233\Bee hoon, goreng\A0UVTP081VNH10YA4CZY3K9E.jpg","Bee hoon, goreng",all,92289ef2b5194017320367e948e69ebb,"['bee hoon', 'Bee hoon, goreng']"
../foodsg-233\Grape\ZYKWGA4KBM0R75U7EGHE8PIY.jpg,Grape,all,924b6c8c1ce56755c4a62bef5b2a3c04,"['Grape', 'Apple']"
../foodsg-233\Apple\QSH961F8GQYQYEJR3OP10Q3N.jpg,Apple,all,924b6c8c1ce56755c4a62bef5b2a3c04,"['Grape', 'Apple']"
"../foodsg-233\Mee siam, fried\LQ23NOQ2CAU9OYO9N2C89P3A.jpg","Mee siam, fried",all,924dd8b12077af96e22db42d6c052e61,"['Mee siam, fried', 'Bee hoon, goreng']"
"../foodsg-233\Bee hoon, goreng\UE83YBSRCMW1KNK01T2IUBGL.jpg","Bee hoon, goreng",all,924dd8b12077af96e22db42d6c052e61,"['Mee siam, fried', 'Bee hoon, goreng']"
../foodsg-233\rock melon\V0PH4UGC8154BUO9TM9Z49HZ.jpg,rock melon,all,92993de5509d9016177c58ba08f74333,"['rock melon', 'honeydew']"
../foodsg-233\honeydew\ODD9B2MS05X6Y95SN2OAXK7O.jpg,honeydew,all,92993de5509d9016177c58ba08f74333,"['rock melon', 'honeydew']"
../foodsg-233\Mee soto\P5KXL7ABJ54T7EY4SBFMUL9K.jpg,Mee soto,all,92a09a6bebe27362f4caef2d7d105849,"['Mee soto', 'Soto ayam']"
../foodsg-233\Soto ayam\BF60UF271FO3FKDQTCXFMIF4.jpg,Soto ayam,all,92a09a6bebe27362f4caef2d7d105849,"['Mee soto', 'Soto ayam']"
../foodsg-233\hokkien prawn mee\3IWAU4K2ABJBTTZBKKKLPSCA.jpg,hokkien prawn mee,all,92a38a40d21934c73c78e93a9300b081,"['hokkien prawn mee', 'Prawn Noodle']"
../foodsg-233\Prawn Noodle\U3IS5ZZISF7YWTFUWXLR599W.jpg,Prawn Noodle,all,92a38a40d21934c73c78e93a9300b081,"['hokkien prawn mee', 'Prawn Noodle']"
../foodsg-233\black pepper crab\NQSEBZUSSQLSUN3Y3NQHU7Q0.jpg,black pepper crab,all,92a627413d130b935de8c2bb6cd766a3,"['black pepper crab', 'chilli crab']"
../foodsg-233\chilli crab\MMSQ3LZ8I86K9EFM1QMQKP9J.jpg,chilli crab,all,92a627413d130b935de8c2bb6cd766a3,"['black pepper crab', 'chilli crab']"
"../foodsg-233\Mee siam, fried\D63D7GZ1ITS1AIJJ17ZBVOEI.jpg","Mee siam, fried",all,92b341db37daefdd3a48b68e2ecf022c,"['Mee siam, fried', 'Mee siam']"
../foodsg-233\Mee siam\AQ86UKOB6CKCRAQ46WOM1RN0.jpg,Mee siam,all,92b341db37daefdd3a48b68e2ecf022c,"['Mee siam, fried', 'Mee siam']"
../foodsg-233\steamed buns\O842ZMZ4LMN1W3V46XKOKRN8.jpg,steamed buns,all,92cde0f283c3f3c702c95dd08e264a4f,"['steamed buns', 'char siew pau']"
../foodsg-233\char siew pau\8OUM25KMYBC4HY2W8QWAZWRH.jpg,char siew pau,all,92cde0f283c3f3c702c95dd08e264a4f,"['steamed buns', 'char siew pau']"
../foodsg-233\Mee kuah\3RI9PSZXD3GXSWBM60XDDPRN.jpg,Mee kuah,all,92e693154f4e536aa0a3de3980838a3e,"['Mee kuah', 'Mee bandung', 'Mee rebus']"
../foodsg-233\Mee bandung\W82VVJIRZB9BERAZRAAD7DVG.jpg,Mee bandung,all,92e693154f4e536aa0a3de3980838a3e,"['Mee kuah', 'Mee bandung', 'Mee rebus']"
../foodsg-233\Mee rebus\IZVKLWTYZGWI22CNFQ4CXM3I.jpg,Mee rebus,all,92e693154f4e536aa0a3de3980838a3e,"['Mee kuah', 'Mee bandung', 'Mee rebus']"
../foodsg-233\whole wheat\Q436QGK9RNPVOGHLVBGER7OH.jpg,whole wheat,all,92f0c0a45d7ebaf951a8427735eb6fe5,"['whole wheat', 'whole grain bread']"
../foodsg-233\whole grain bread\HK6SO78SWNNV6E7SGFYLG6N2.jpg,whole grain bread,all,92f0c0a45d7ebaf951a8427735eb6fe5,"['whole wheat', 'whole grain bread']"
../foodsg-233\Mee rebus\7YNOUPKEQLMIQFP5VJPR1RVH.jpg,Mee rebus,all,92f495bcba20f38a1951dce427f1bb3e,"['Mee rebus', 'Mee bandung']"
../foodsg-233\Mee bandung\K54TEP9ALHKF0JZN3CWE85L7.jpg,Mee bandung,all,92f495bcba20f38a1951dce427f1bb3e,"['Mee rebus', 'Mee bandung']"
../foodsg-233\sliced fish soup\R3NT52RV3Z8NVYM8FYWJTU8I.jpg,sliced fish soup,all,935cc31a6ed620a1c7a42549cc590002,"['sliced fish soup', 'Seafood Noodles Soup']"
../foodsg-233\Seafood Noodles Soup\6MYFRQBSBW4Y61CA91IG4KP9.jpg,Seafood Noodles Soup,all,935cc31a6ed620a1c7a42549cc590002,"['sliced fish soup', 'Seafood Noodles Soup']"
"../foodsg-233\Bee hoon, goreng\KUSJ49FF1O3HLXYFJWTIYLVP.jpg","Bee hoon, goreng",all,93604641f220e22f2a2d8665800de8d8,"['Bee hoon, goreng', 'Mee goreng']"
../foodsg-233\Mee goreng\AA59Y6ZCQQ3HOWQDNG0VKZHB.jpg,Mee goreng,all,93604641f220e22f2a2d8665800de8d8,"['Bee hoon, goreng', 'Mee goreng']"
../foodsg-233\cream soup\UBJDZZ149XRMTZIOJ9MJVERY.jpg,cream soup,all,9362558c396970e448e6a20000bb1ae4,"['cream soup', 'chicken soup', 'mushroom soup']"
../foodsg-233\chicken soup\VOUW1S1H57BQH3WALJISKP9J.jpg,chicken soup,all,9362558c396970e448e6a20000bb1ae4,"['cream soup', 'chicken soup', 'mushroom soup']"
../foodsg-233\mushroom soup\V3PDTUJWE9L9FB8YU1YPR93V.jpg,mushroom soup,all,9362558c396970e448e6a20000bb1ae4,"['cream soup', 'chicken soup', 'mushroom soup']"
../foodsg-233\spring rolls\Z7X8YG2E9M41AAPDG5HM5FHC.jpg,spring rolls,all,93affd6880b3821f1e06e72dc8c0f4cb,"['spring rolls', 'popiah']"
../foodsg-233\popiah\02IIZBDLJUQML2QLX4FO04QE.jpg,popiah,all,93affd6880b3821f1e06e72dc8c0f4cb,"['spring rolls', 'popiah']"
../foodsg-233\cooked brown rice\SQJ94MXN0NQF1K7P4OPOC9UL.jpg,cooked brown rice,all,93b79fe2c313c92b2695fe77d1ef9ecd,"['cooked brown rice', 'Pilaf, pea']"
"../foodsg-233\Pilaf, pea\P32A47LJLYP59YZ9FQ2T7GZX.jpg","Pilaf, pea",all,93b79fe2c313c92b2695fe77d1ef9ecd,"['cooked brown rice', 'Pilaf, pea']"
../foodsg-233\char siew\CBZTUQKTHAYQCKM8P2ZIZCFY.jpg,char siew,all,93f7f754eb25801f37a3865e05f91a46,"['char siew', 'Duck Rice']"
../foodsg-233\Duck Rice\86QCM4OACCMKGPY3WU7WWT1X.jpg,Duck Rice,all,93f7f754eb25801f37a3865e05f91a46,"['char siew', 'Duck Rice']"
../foodsg-233\Soto ayam\REVFE1JUPVEB9SCZK8VG1DU5.jpg,Soto ayam,all,9429b85048a23b59464256b7654c1c39,"['Soto ayam', 'Mee soto']"
../foodsg-233\Mee soto\FI0I8A1MH27E6RGM6EX5F7YU.jpg,Mee soto,all,9429b85048a23b59464256b7654c1c39,"['Soto ayam', 'Mee soto']"
../foodsg-233\Mee rebus\3B486M2E61A6X9RR0K6W3B3D.jpg,Mee rebus,all,9436b4d470b8624bed8ee852dc843c60,"['Mee rebus', 'Mee bandung']"
../foodsg-233\Mee bandung\5CEP1AMEEKEPWOE8WL4SC4ZR.jpg,Mee bandung,all,9436b4d470b8624bed8ee852dc843c60,"['Mee rebus', 'Mee bandung']"
"../foodsg-233\Mee siam, fried\59ZN4BHQ75V1ZK40SKQIKHZN.jpg","Mee siam, fried",all,9443284647ba6b60b0b7d428fd9b7d8c,"['Mee siam, fried', 'Bee hoon, goreng']"
"../foodsg-233\Bee hoon, goreng\3ADS5YGGDPCBUP4UBWU1HN3N.jpg","Bee hoon, goreng",all,9443284647ba6b60b0b7d428fd9b7d8c,"['Mee siam, fried', 'Bee hoon, goreng']"
../foodsg-233\Dumpling noodle soup\Q67KR57ZVKW8O31NJEUXL6K3.jpg,Dumpling noodle soup,all,94524bc5c12940437b14ee0b5b5f32bb,"['Dumpling noodle soup', 'Fish Ball Noodles']"
../foodsg-233\Fish Ball Noodles\2BIZXDYO643X7N0Q141LJRAA.jpg,Fish Ball Noodles,all,94524bc5c12940437b14ee0b5b5f32bb,"['Dumpling noodle soup', 'Fish Ball Noodles']"
../foodsg-233\fried prawn\AMHGRWYV6A0HJKH08V03H0TD.jpg,fried prawn,all,94c54d2875b5157f1c2613777ca3fbef,"['fried prawn', 'drunken prawn']"
../foodsg-233\drunken prawn\QKE21626FRLIJLPTSWH73T8D.jpg,drunken prawn,all,94c54d2875b5157f1c2613777ca3fbef,"['fried prawn', 'drunken prawn']"
"../foodsg-233\Rice, korean bulgogi beef\DUEWP18GHYUUCDWYUD4SI1UF.jpg","Rice, korean bulgogi beef",all,94ce35fbddada2d4bb355535a784c6a8,"['Rice, korean bulgogi beef', 'fried rice']"
../foodsg-233\fried rice\11SOPLWMD7FVMXDC14VZSVPK.jpg,fried rice,all,94ce35fbddada2d4bb355535a784c6a8,"['Rice, korean bulgogi beef', 'fried rice']"
../foodsg-233\Mee kuah\SSVG7UGWL4SCCXOWNGC89R0T.jpg,Mee kuah,all,94f6448e80b4c62bddab5f83afc5be5d,"['Mee kuah', 'Mee bandung']"
../foodsg-233\Mee bandung\P9QLYOQN7GCXUKOHX4VPFF9I.jpg,Mee bandung,all,94f6448e80b4c62bddab5f83afc5be5d,"['Mee kuah', 'Mee bandung']"
../foodsg-233\sliced fish soup\PE44DEHTM6SCJQC98GUKGK63.jpg,sliced fish soup,all,94fcfd28d638af746600e85e72bd630a,"['sliced fish soup', 'vegetable soup']"
../foodsg-233\vegetable soup\6MLKTL3A05CYQMCXUJPMK1LJ.jpg,vegetable soup,all,94fcfd28d638af746600e85e72bd630a,"['sliced fish soup', 'vegetable soup']"
../foodsg-233\kaya toast\ZKP1PCI0F7PKIQXNGXDQCWKL.jpg,kaya toast,all,95088050adee6c88f82c6be517c69f04,"['kaya toast', 'Soft boiled eggs']"
../foodsg-233\Soft boiled eggs\0RV9ST6WPWN82Q5QFVYO90NP.jpg,Soft boiled eggs,all,95088050adee6c88f82c6be517c69f04,"['kaya toast', 'Soft boiled eggs']"
"../foodsg-233\Bee hoon, goreng\X5ZSG7LCTP7FZ2UYN6VDKM4U.jpg","Bee hoon, goreng",all,9512b94864458c03ca66c5416c2c20f6,"['Bee hoon, goreng', 'Mee siam, fried']"
"../foodsg-233\Mee siam, fried\NTXVLP5XRIC098EFDIZ09A91.jpg","Mee siam, fried",all,9512b94864458c03ca66c5416c2c20f6,"['Bee hoon, goreng', 'Mee siam, fried']"
../foodsg-233\bee hoon\YXLPYX4QUN0YM9614IYD4WWL.jpg,bee hoon,all,953fe476628fde0bd07ded6e442440ef,"['bee hoon', 'Bee hoon, goreng']"
"../foodsg-233\Bee hoon, goreng\K9F5LVBUU04KPB8X3ZPHQWHY.jpg","Bee hoon, goreng",all,953fe476628fde0bd07ded6e442440ef,"['bee hoon', 'Bee hoon, goreng']"
../foodsg-233\bee hoon\P1F8TXVUL6PRE3CRZM2OBLCN.jpg,bee hoon,all,9543e95f71275952910eb9777dd4ca51,"['bee hoon', 'Bee hoon, goreng']"
"../foodsg-233\Bee hoon, goreng\OOBRHWXLDJPFE1F74CIP736W.jpg","Bee hoon, goreng",all,9543e95f71275952910eb9777dd4ca51,"['bee hoon', 'Bee hoon, goreng']"
../foodsg-233\whole wheat\80BFFUMKDN8KDAX7NDFFVWKS.jpg,whole wheat,all,9568ec89e838393baadd1c8323da1b7d,"['whole wheat', 'whole grain bread']"
../foodsg-233\whole grain bread\A487PLRW623JWZSB739FZGIS.jpg,whole grain bread,all,9568ec89e838393baadd1c8323da1b7d,"['whole wheat', 'whole grain bread']"
../foodsg-233\whole grain bread\IKVS1BK4URHQQW1IGKLKBP5C.jpg,whole grain bread,all,95a7e4b43d00d74f5ef4e1a238290966,"['whole grain bread', 'whole wheat']"
../foodsg-233\whole wheat\D6NBWJUS4RXPXZ2Z45C9P7E6.jpg,whole wheat,all,95a7e4b43d00d74f5ef4e1a238290966,"['whole grain bread', 'whole wheat']"
../foodsg-233\mixed vegetables\MP5WJ924IW2CFXV4P7RPOKWM.jpg,mixed vegetables,all,95d759fed2073a86d76b7a852eb7450a,"['mixed vegetables', 'mixed grills']"
../foodsg-233\mixed grills\DTK4DVTL3RNE2IZGOXCX8FVK.jpg,mixed grills,all,95d759fed2073a86d76b7a852eb7450a,"['mixed vegetables', 'mixed grills']"
../foodsg-233\Lor mee\1PO8H9HTC1EBJDW6NOUZILO9.jpg,Lor mee,all,95d8671efe3a6c24f4d82132fd4a2a26,"['Lor mee', 'Bee hoon, soto']"
"../foodsg-233\Bee hoon, soto\BSF6OREAEQLV5VJGVOM8261O.jpg","Bee hoon, soto",all,95d8671efe3a6c24f4d82132fd4a2a26,"['Lor mee', 'Bee hoon, soto']"
../foodsg-233\Lontong with sayur lodeh\ZDQZTHUNLN3XR9NPO46R96MU.jpg,Lontong with sayur lodeh,all,961d6f9a63e9d517f578913218487710,"['Lontong with sayur lodeh', 'lontong']"
../foodsg-233\lontong\HNG9DV9KA4U4HTPW80C0GB0X.jpg,lontong,all,961d6f9a63e9d517f578913218487710,"['Lontong with sayur lodeh', 'lontong']"
../foodsg-233\whole grain bread\4G6PJAYWHFGPO22XQZVIHSY3.jpg,whole grain bread,all,969647eb496e5811007aca5a971f33f3,"['whole grain bread', 'whole wheat']"
../foodsg-233\whole wheat\QX1AUILB69N6ZLGUIP6204ZH.jpg,whole wheat,all,969647eb496e5811007aca5a971f33f3,"['whole grain bread', 'whole wheat']"
"../foodsg-233\Bee hoon, soto\UXRPM0R9O8KUFN8MKXCK6SUD.jpg","Bee hoon, soto",all,9698fdaeb0d7a401893e5fc88cb3d0d4,"['Bee hoon, soto', 'bee hoon']"
../foodsg-233\bee hoon\L555ZDC5TYFFEKQL02DCG28U.jpg,bee hoon,all,9698fdaeb0d7a401893e5fc88cb3d0d4,"['Bee hoon, soto', 'bee hoon']"
../foodsg-233\whole grain bread\FVFCIAM5VGSQG1LFP9P14ZBN.jpg,whole grain bread,all,96ab557b9baeddb32fa7f105af344407,"['whole grain bread', 'whole wheat']"
../foodsg-233\whole wheat\G9F0UIYE29AL8D1L9KH3OESZ.jpg,whole wheat,all,96ab557b9baeddb32fa7f105af344407,"['whole grain bread', 'whole wheat']"
../foodsg-233\chicken soup\QXRQTGTKQ83VKFA2XH7OZSNU.jpg,chicken soup,all,96d642a66ec739c92037b38497500c8c,"['chicken soup', 'cream soup']"
../foodsg-233\cream soup\IBNU5ZOK1ISKMUC6O5B25ZP5.jpg,cream soup,all,96d642a66ec739c92037b38497500c8c,"['chicken soup', 'cream soup']"
"../foodsg-233\Mee siam, fried\O09LQLHLCXIXRVOTZ9VEASVQ.jpg","Mee siam, fried",all,96df7d1f7d9a6a53625b9b8fff1e0907,"['Mee siam, fried', 'Bee hoon, goreng', 'Bee hoon, soto', 'bee hoon']"
"../foodsg-233\Bee hoon, goreng\1DSXPYCTY84MIH0EDUUSCRBD.jpg","Bee hoon, goreng",all,96df7d1f7d9a6a53625b9b8fff1e0907,"['Mee siam, fried', 'Bee hoon, goreng', 'Bee hoon, soto', 'bee hoon']"
"../foodsg-233\Bee hoon, soto\QJVON8XM22A5XRNRDN9RRZWL.jpg","Bee hoon, soto",all,96df7d1f7d9a6a53625b9b8fff1e0907,"['Mee siam, fried', 'Bee hoon, goreng', 'Bee hoon, soto', 'bee hoon']"
../foodsg-233\bee hoon\KWR6KXCTJ2ADLSWOHPN04FO0.jpg,bee hoon,all,96df7d1f7d9a6a53625b9b8fff1e0907,"['Mee siam, fried', 'Bee hoon, goreng', 'Bee hoon, soto', 'bee hoon']"
../foodsg-233\Mee rebus\TCRRXL0YF4JWW8NMJZ5WGL0V.jpg,Mee rebus,all,96dff424f37e65cbf8a4d55124c74c56,"['Mee rebus', 'Mee soto']"
../foodsg-233\Mee soto\U32JTLKM5XPD39LM6P6XRLU7.jpg,Mee soto,all,96dff424f37e65cbf8a4d55124c74c56,"['Mee rebus', 'Mee soto']"
../foodsg-233\Mee soto\D17BRB7ZQAT9S13QXIBIQHSR.jpg,Mee soto,all,970106527a05541586701a0e0dd8bc6e,"['Mee soto', 'Mee rebus']"
../foodsg-233\Mee rebus\6MDR0BFKS4A0UWSFCXQ55VGS.jpg,Mee rebus,all,970106527a05541586701a0e0dd8bc6e,"['Mee soto', 'Mee rebus']"
../foodsg-233\Mee bandung\WV8ORDVAR0T82YYZQXKCOWP8.jpg,Mee bandung,all,9726c857d4130b5cfa24157abd6b0ec1,"['Mee bandung', 'Mee rebus']"
../foodsg-233\Mee rebus\XJPBVAQCKNU84MY8X61T4NT7.jpg,Mee rebus,all,9726c857d4130b5cfa24157abd6b0ec1,"['Mee bandung', 'Mee rebus']"
../foodsg-233\Seafood Noodles Soup\72RGV09J62JM57KFA1DDPGS9.jpg,Seafood Noodles Soup,all,97593222e7f050fc3e314eb43e25b58a,"['Seafood Noodles Soup', 'Hor Fun']"
../foodsg-233\Hor Fun\Y9YGP44ESKXE030OIKEBO7DL.jpg,Hor Fun,all,97593222e7f050fc3e314eb43e25b58a,"['Seafood Noodles Soup', 'Hor Fun']"
../foodsg-233\lontong\TY7LQJW7C37RQHVXKUBQT2B5.jpg,lontong,all,976de6ef974f17067fecbe402db6f1a3,"['lontong', 'Lontong with sayur lodeh']"
../foodsg-233\Lontong with sayur lodeh\NA4UDYO0MYM0CT102AFRQRC8.jpg,Lontong with sayur lodeh,all,976de6ef974f17067fecbe402db6f1a3,"['lontong', 'Lontong with sayur lodeh']"
../foodsg-233\whole wheat\QIAHFVZBPNPVG9K9JX593VVE.jpg,whole wheat,all,976edab43e67e41159ad04fa11475335,"['whole wheat', 'White Bread']"
../foodsg-233\White Bread\E5QOM6Y3JWS2NP3C461FAR00.jpg,White Bread,all,976edab43e67e41159ad04fa11475335,"['whole wheat', 'White Bread']"
"../foodsg-233\Bee hoon, goreng\LB5P3KP18U67EIAGUY6TWNXK.jpg","Bee hoon, goreng",all,97759cad73a710dff5b382c7c12d17d7,"['Bee hoon, goreng', 'vegetarian bee hoon']"
../foodsg-233\vegetarian bee hoon\KI5QHDCCCIUBUKNYQ0OEOCWW.jpg,vegetarian bee hoon,all,97759cad73a710dff5b382c7c12d17d7,"['Bee hoon, goreng', 'vegetarian bee hoon']"
../foodsg-233\honeydew\JZRJDS53EKR4DH20HT7I3VXI.jpg,honeydew,all,97bff48dd1926f669a9b9f9cb25218e9,"['honeydew', 'rock melon']"
../foodsg-233\rock melon\ZUEXBN2NCUYKYATW64RV4JOZ.jpg,rock melon,all,97bff48dd1926f669a9b9f9cb25218e9,"['honeydew', 'rock melon']"
../foodsg-233\chai tow kuay\AW8KTU87ZVJM95O0Z87YE1XZ.jpg,chai tow kuay,all,97c5633e5364323f70c7b28803a44672,"['chai tow kuay', 'Kway Teow']"
../foodsg-233\Kway Teow\MUSOE4E3I0MIH02X3VICZWD9.jpg,Kway Teow,all,97c5633e5364323f70c7b28803a44672,"['chai tow kuay', 'Kway Teow']"
../foodsg-233\chicken soup\487FOWWQCV4B7QA7I7XJ6JQ1.jpg,chicken soup,all,97cc7fbf93e97138c3cc08febaade0e2,"['chicken soup', 'cream soup']"
../foodsg-233\cream soup\92JO06IJD1391JM1CWTL155J.jpg,cream soup,all,97cc7fbf93e97138c3cc08febaade0e2,"['chicken soup', 'cream soup']"
../foodsg-233\chicken soup\5V3TTXZ27XHF3QL656XAL1SI.jpg,chicken soup,all,97d6dd30316e4f753e43f4164649c4c7,"['chicken soup', 'vegetable soup']"
../foodsg-233\vegetable soup\S4H1JGADC09RS3QLX9ZAGOMI.jpg,vegetable soup,all,97d6dd30316e4f753e43f4164649c4c7,"['chicken soup', 'vegetable soup']"
../foodsg-233\Pomelo\7IJCY93JZEASKUPWNN10G8DZ.jpg,Pomelo,all,9805256f694e8167b6f97601f8f11f72,"['Pomelo', 'Grapefruit']"
../foodsg-233\Grapefruit\R6OTPTEAVPLQG7OTKBQYF7CG.jpg,Grapefruit,all,9805256f694e8167b6f97601f8f11f72,"['Pomelo', 'Grapefruit']"
../foodsg-233\Mee rebus\P6H5DLHSCQW7ER59KS6G2209.jpg,Mee rebus,all,984a44fb67e704f940d2d6caa35f989b,"['Mee rebus', 'Mee kuah']"
../foodsg-233\Mee kuah\AHQYNLBFK9H81U6L1TQJ7KXM.jpg,Mee kuah,all,984a44fb67e704f940d2d6caa35f989b,"['Mee rebus', 'Mee kuah']"
"../foodsg-233\Mee siam, fried\SBXCUF8OMANL1B3TVSKWE4PK.jpg","Mee siam, fried",all,98532306864f414efb19329e3eba31ac,"['Mee siam, fried', 'Chap chye, Nonya', 'Mee siam']"
"../foodsg-233\Chap chye, Nonya\YYE4KS2LCKTPK0O0PZ0878QS.jpg","Chap chye, Nonya",all,98532306864f414efb19329e3eba31ac,"['Mee siam, fried', 'Chap chye, Nonya', 'Mee siam']"
../foodsg-233\Mee siam\US6IJAESZEQ2UESKBT5YQI0X.jpg,Mee siam,all,98532306864f414efb19329e3eba31ac,"['Mee siam, fried', 'Chap chye, Nonya', 'Mee siam']"
../foodsg-233\Chocolate\836R1WYT2XJWQQAJ3HYAT04S.jpg,Chocolate,all,985584c67e817d978c03cfbd707e3e56,"['Chocolate', 'Sweets']"
../foodsg-233\Sweets\K321N38AYYY1BVLY9SBANPIN.jpg,Sweets,all,985584c67e817d978c03cfbd707e3e56,"['Chocolate', 'Sweets']"
../foodsg-233\satay bee hoon\ZEKRNF8OM6ZAQZ0NTEOKB3ME.jpg,satay bee hoon,all,98603d326b92676f2b32ea3e8575c95d,"['satay bee hoon', 'bee hoon']"
../foodsg-233\bee hoon\VEDGN6RSP5FFJNUNAV632A4M.jpg,bee hoon,all,98603d326b92676f2b32ea3e8575c95d,"['satay bee hoon', 'bee hoon']"
../foodsg-233\Mee siam\RFQV2H88Y2GKHPWVVZ745L5I.jpg,Mee siam,all,9863081a85f673ddb96ea20d7bb47588,"['Mee siam', 'Mee siam, fried']"
"../foodsg-233\Mee siam, fried\9QSRGMSBETFK6LA5HNSU2XF6.jpg","Mee siam, fried",all,9863081a85f673ddb96ea20d7bb47588,"['Mee siam', 'Mee siam, fried']"
../foodsg-233\Mee soto\3WQSUYOKCKKM3IPJ04U8N3EC.jpg,Mee soto,all,98eb9220c030e43fc3610669656ee91c,"['Mee soto', 'Soto ayam']"
../foodsg-233\Soto ayam\5UX08UHSKINDMJILLUNS5847.jpg,Soto ayam,all,98eb9220c030e43fc3610669656ee91c,"['Mee soto', 'Soto ayam']"
../foodsg-233\pancake\4RZ7NGU7URYR52BKE8TWT0JI.jpg,pancake,all,98fc0c1214f2917c83409aed9e361415,"['pancake', 'whole wheat']"
../foodsg-233\whole wheat\QKI4UKWLKQDMP839JV6470M9.jpg,whole wheat,all,98fc0c1214f2917c83409aed9e361415,"['pancake', 'whole wheat']"
../foodsg-233\vegetable soup\E3119UQXHFI5YH6VVWUM0ORL.jpg,vegetable soup,all,9919c0dc31ea96aa006ae6d5d87ceb9b,"['vegetable soup', 'chicken soup']"
../foodsg-233\chicken soup\3UKAOP8GU08G7PYJLQRM23HP.jpg,chicken soup,all,9919c0dc31ea96aa006ae6d5d87ceb9b,"['vegetable soup', 'chicken soup']"
"../foodsg-233\Bee hoon, soto\ZIZZ0DM8TGZTQ41067WFSRGV.jpg","Bee hoon, soto",all,9932257084b87e36cf58feb19373569b,"['Bee hoon, soto', 'satay bee hoon']"
../foodsg-233\satay bee hoon\TJVOM9VYE71HZCTB7NBN11MK.jpg,satay bee hoon,all,9932257084b87e36cf58feb19373569b,"['Bee hoon, soto', 'satay bee hoon']"
../foodsg-233\whole grain bread\L1T7OD2F4D2LBLEVWXL0GQTG.jpg,whole grain bread,all,996abefd867847184b7f783a6d0babad,"['whole grain bread', 'whole wheat']"
../foodsg-233\whole wheat\DRA0XCDC2N9CLAG13UKL8H77.jpg,whole wheat,all,996abefd867847184b7f783a6d0babad,"['whole grain bread', 'whole wheat']"
../foodsg-233\whole wheat\27O9RDXFPBMRNLCX65D1G3MV.jpg,whole wheat,all,99872a598fa0b2bcba7e2652bad5a4db,"['whole wheat', 'whole grain bread']"
../foodsg-233\whole grain bread\ZVCRHYCM4NF41DASMDA4RPLB.jpg,whole grain bread,all,99872a598fa0b2bcba7e2652bad5a4db,"['whole wheat', 'whole grain bread']"
../foodsg-233\mee pok\SKBNJ6Q7FS2P1AY3F7NFVIL6.jpg,mee pok,all,99c9f5bcc3e2b76b7cb76b87fae02483,"['mee pok', 'Fish Ball Noodles']"
../foodsg-233\Fish Ball Noodles\RSXXVRUAUEU64ML5GYMV35AN.jpg,Fish Ball Noodles,all,99c9f5bcc3e2b76b7cb76b87fae02483,"['mee pok', 'Fish Ball Noodles']"
../foodsg-233\buckwheat\MLATZ2EVM0FXKLJCIAKQ83CP.jpg,buckwheat,all,99cdf3a9e0672d28e2c679d952fb9cfe,"['buckwheat', 'mushroom soup']"
../foodsg-233\mushroom soup\THPJYJ6KPK2PHK5GAZLS6SGT.jpg,mushroom soup,all,99cdf3a9e0672d28e2c679d952fb9cfe,"['buckwheat', 'mushroom soup']"
../foodsg-233\Mee rebus\D3RTL8ZP10QSRA84SOKLAIEC.jpg,Mee rebus,all,99f1bf82ca06bb25e253c6370c6bc121,"['Mee rebus', 'Mee bandung']"
../foodsg-233\Mee bandung\S456VX841L97Y4KISY0OL9UI.jpg,Mee bandung,all,99f1bf82ca06bb25e253c6370c6bc121,"['Mee rebus', 'Mee bandung']"
../foodsg-233\Seafood Noodles Soup\PM8P6HOOQ1LI9BSP3AK97MUG.jpg,Seafood Noodles Soup,all,99f30a72f49ceb0345d9ac3328f550d9,"['Seafood Noodles Soup', 'Ban Mian']"
../foodsg-233\Ban Mian\C8XG0SWQK0XI1HHL6IQZYSH9.jpg,Ban Mian,all,99f30a72f49ceb0345d9ac3328f550d9,"['Seafood Noodles Soup', 'Ban Mian']"
../foodsg-233\Seafood Noodles Soup\IM6KUG4F16ORD0S11OGCO1UI.jpg,Seafood Noodles Soup,all,99fa234d4422dc22265b413d46ec6076,"['Seafood Noodles Soup', 'Ban Mian']"
../foodsg-233\Ban Mian\SIV4GKW0W40PITSPKLICVSQA.jpg,Ban Mian,all,99fa234d4422dc22265b413d46ec6076,"['Seafood Noodles Soup', 'Ban Mian']"
../foodsg-233\Mee rebus\YB42GKXP1Q6FOTMP88HWK15G.jpg,Mee rebus,all,99fac20c49b742f4bead484c6d08af09,"['Mee rebus', 'Mee bandung']"
../foodsg-233\Mee bandung\FDY0N0B3SB6LH6CYJDG8J2UZ.jpg,Mee bandung,all,99fac20c49b742f4bead484c6d08af09,"['Mee rebus', 'Mee bandung']"
../foodsg-233\vegetable soup\PET95VEU1L6AQ88AIUXPTD25.jpg,vegetable soup,all,9a2e454d3486289eb5daae068d5985fd,"['vegetable soup', 'tom yum noodle soup']"
../foodsg-233\tom yum noodle soup\2TE47NLPQUPFT3W4S2S5F5T0.jpg,tom yum noodle soup,all,9a2e454d3486289eb5daae068d5985fd,"['vegetable soup', 'tom yum noodle soup']"
../foodsg-233\mee pok\6WC582HM720406Q57S9FAHPX.jpg,mee pok,all,9a3e8c6054f80a9ba7d76f54fbc1088e,"['mee pok', 'Lor mee']"
../foodsg-233\Lor mee\OD4TE9WXUBEIIJFJE7EO0T3E.jpg,Lor mee,all,9a3e8c6054f80a9ba7d76f54fbc1088e,"['mee pok', 'Lor mee']"
../foodsg-233\whole wheat\N9B9O4UT23DUVYE2IO7NY8IQ.jpg,whole wheat,all,9a497370fbe316f811e9fcf5cddd1685,"['whole wheat', 'whole grain bread']"
../foodsg-233\whole grain bread\YJJ57LIDXPFO4FAVWRZ4NA94.jpg,whole grain bread,all,9a497370fbe316f811e9fcf5cddd1685,"['whole wheat', 'whole grain bread']"
../foodsg-233\lontong\CN57G74XO3744P7QH9AK2C6I.jpg,lontong,all,9a5a1483440ebe320303c1a26a998bae,"['lontong', 'Lontong with sayur lodeh']"
../foodsg-233\Lontong with sayur lodeh\DYWKZWT6CJ6HI4G9C0KGYPXU.jpg,Lontong with sayur lodeh,all,9a5a1483440ebe320303c1a26a998bae,"['lontong', 'Lontong with sayur lodeh']"
../foodsg-233\Mee kuah\CO1NW4Y4VJSQOTQK64UWWRRY.jpg,Mee kuah,all,9a6a549939af6af1fe76dd6befb96617,"['Mee kuah', 'Mee goreng']"
../foodsg-233\Mee goreng\0MGUYNWXIWW5O7XP6D8I2805.jpg,Mee goreng,all,9a6a549939af6af1fe76dd6befb96617,"['Mee kuah', 'Mee goreng']"
"../foodsg-233\Bee hoon, goreng\8PXV6TFSX135RPNLH96EZENK.jpg","Bee hoon, goreng",all,9a6f51343196e62c2537e65b91d4385f,"['Bee hoon, goreng', 'Bee hoon, soto']"
"../foodsg-233\Bee hoon, soto\1HTT1K799AYMEVODGTS4GQW3.jpg","Bee hoon, soto",all,9a6f51343196e62c2537e65b91d4385f,"['Bee hoon, goreng', 'Bee hoon, soto']"
../foodsg-233\Mee soto\6L2YRSMROXA9JRBE2ZC17KKO.jpg,Mee soto,all,9a8191610ef8553804229a2d6d6822f7,"['Mee soto', 'Bee hoon, soto']"
"../foodsg-233\Bee hoon, soto\HIWNYML4EHYJKQCPLSZ8YYL7.jpg","Bee hoon, soto",all,9a8191610ef8553804229a2d6d6822f7,"['Mee soto', 'Bee hoon, soto']"
../foodsg-233\sliced fish soup\G1VM5Y4ON3RE8ZJULPPQA0CT.jpg,sliced fish soup,all,9a89a0460280ab76121111ddcbd57167,"['sliced fish soup', 'Seafood Noodles Soup']"
../foodsg-233\Seafood Noodles Soup\FVYL7UZM2RQIJWOB6XT1OV1T.jpg,Seafood Noodles Soup,all,9a89a0460280ab76121111ddcbd57167,"['sliced fish soup', 'Seafood Noodles Soup']"
../foodsg-233\Mee soto\XEG4XJOTI3AWQNDVVROUYIE1.jpg,Mee soto,all,9ae08b6ed902dd68d1a73464a479e1a9,"['Mee soto', 'Soto ayam']"
../foodsg-233\Soto ayam\RWGQA62KHTKQ26V1OFRWT2IZ.jpg,Soto ayam,all,9ae08b6ed902dd68d1a73464a479e1a9,"['Mee soto', 'Soto ayam']"
../foodsg-233\hokkien prawn mee\TUUHKGRY711CLOSXHZYNAJWS.jpg,hokkien prawn mee,all,9ae369aa3fb4065146c867b5f8db038e,"['hokkien prawn mee', 'Mee goreng']"
../foodsg-233\Mee goreng\3WR4UODFY87W9Q48CGFT0U3S.jpg,Mee goreng,all,9ae369aa3fb4065146c867b5f8db038e,"['hokkien prawn mee', 'Mee goreng']"
../foodsg-233\cream soup\5CCYGCQ14COR2CUE8PIEX0KY.jpg,cream soup,all,9b14ffd32640693490940426153c225d,"['cream soup', 'mushroom soup', 'chicken soup']"
../foodsg-233\mushroom soup\U50RR71WIMV8E38R79MRYP83.jpg,mushroom soup,all,9b14ffd32640693490940426153c225d,"['cream soup', 'mushroom soup', 'chicken soup']"
../foodsg-233\chicken soup\G6LD6G878ZQKR2NCSDV3KA5A.jpg,chicken soup,all,9b14ffd32640693490940426153c225d,"['cream soup', 'mushroom soup', 'chicken soup']"
../foodsg-233\Mee bandung\LEA3CFFHF8H8JFHVOTOAS1IS.jpg,Mee bandung,all,9b21e9ac751f626845916b7707e98596,"['Mee bandung', 'Mee kuah']"
../foodsg-233\Mee kuah\KGHROOYN32NKK8GOLE63NUTT.jpg,Mee kuah,all,9b21e9ac751f626845916b7707e98596,"['Mee bandung', 'Mee kuah']"
../foodsg-233\rojak\HK0TIMIULDPN6VS64OUGRK1V.jpg,rojak,all,9b2a9cd4c5d5a541479edda7b3554afd,"['rojak', 'chai tow kuay']"
../foodsg-233\chai tow kuay\6KEF3HIRNHODZCTI78QV4CR3.jpg,chai tow kuay,all,9b2a9cd4c5d5a541479edda7b3554afd,"['rojak', 'chai tow kuay']"
../foodsg-233\Mee siam\5ERNBN0JESN58HALQZ6G4WBG.jpg,Mee siam,all,9b37ba7aab8b4468aee0eb0f47b793f1,"['Mee siam', 'Bee hoon, goreng']"
"../foodsg-233\Bee hoon, goreng\X1ZTVGMKQO8HVZ7VMIKP30KY.jpg","Bee hoon, goreng",all,9b37ba7aab8b4468aee0eb0f47b793f1,"['Mee siam', 'Bee hoon, goreng']"
../foodsg-233\Mee soto\FX68P92ZA5WE8DDJWKPDJE5P.jpg,Mee soto,all,9b4c51a124183c5977d70e1ea31007c1,"['Mee soto', 'Bee hoon, soto']"
"../foodsg-233\Bee hoon, soto\RPZ0LT378MQ0NQHEBJ7YUIAH.jpg","Bee hoon, soto",all,9b4c51a124183c5977d70e1ea31007c1,"['Mee soto', 'Bee hoon, soto']"
../foodsg-233\strawberry\5EHQP488KETMSQV8220CYPMD.jpg,strawberry,all,9b64889bb1715af8c7a776ca8947671c,"['strawberry', 'canned Fruit salad']"
../foodsg-233\canned Fruit salad\XJ00X9WRMPRG1H5E9V46H9MT.jpg,canned Fruit salad,all,9b64889bb1715af8c7a776ca8947671c,"['strawberry', 'canned Fruit salad']"
../foodsg-233\kueh lapis - rainbow\W7NZDIZCAE8R1H68EHFLU3B8.jpg,kueh lapis - rainbow,all,9b9217a38d06d42dc2598e97fc2ef7ae,"['kueh lapis - rainbow', 'kueh lapis baked']"
../foodsg-233\kueh lapis baked\WD92KCBD06DSXZ6U2H7S5OO3.jpg,kueh lapis baked,all,9b9217a38d06d42dc2598e97fc2ef7ae,"['kueh lapis - rainbow', 'kueh lapis baked']"
../foodsg-233\Udon\1091WHQWT5BLGKRD14M9OVMB.jpg,Udon,all,9bab744154022c5fde7764f78b77c6dc,"['Udon', 'beef noodle soup']"
../foodsg-233\beef noodle soup\SUUV5TY7W57QM43XTP83Y7LA.jpg,beef noodle soup,all,9bab744154022c5fde7764f78b77c6dc,"['Udon', 'beef noodle soup']"
../foodsg-233\Ban Mian\EEIGU2EN851NNLBDABOB3YMN.jpg,Ban Mian,all,9bd2458232b4666f5b17b6c75dc6b187,"['Ban Mian', 'sliced fish soup']"
../foodsg-233\sliced fish soup\NQN1GEGQB7YRDXJ81DIVYHL5.jpg,sliced fish soup,all,9bd2458232b4666f5b17b6c75dc6b187,"['Ban Mian', 'sliced fish soup']"
"../foodsg-233\Mee siam, fried\UO3OOTSRSHVK8RJFA81G2R0G.jpg","Mee siam, fried",all,9bd3c32b43eb8be94f7d5b583e329cee,"['Mee siam, fried', 'Bee hoon, goreng']"
"../foodsg-233\Bee hoon, goreng\0NR8OJDWZRSY2GEXO1F6N3YP.jpg","Bee hoon, goreng",all,9bd3c32b43eb8be94f7d5b583e329cee,"['Mee siam, fried', 'Bee hoon, goreng']"
"../foodsg-233\Bee hoon, goreng\EDQHP7XTG9LTT79UYXSMU0W6.jpg","Bee hoon, goreng",all,9be42e8fdffde3eac045e7be13a0a1e4,"['Bee hoon, goreng', 'Bee hoon, soto']"
"../foodsg-233\Bee hoon, soto\GX50SQO9I8BNZZWIL6TAA411.jpg","Bee hoon, soto",all,9be42e8fdffde3eac045e7be13a0a1e4,"['Bee hoon, goreng', 'Bee hoon, soto']"
../foodsg-233\Mee kuah\JEFGGOWHI1MM7CI65PQTV4HZ.jpg,Mee kuah,all,9beaf59358f9ab118b6065d8d72cb6a9,"['Mee kuah', 'Lontong with sayur lodeh', 'Mee rebus', 'Mee bandung']"
../foodsg-233\Lontong with sayur lodeh\POJG7MJEM70Y3IAPB0ANLBXI.jpg,Lontong with sayur lodeh,all,9beaf59358f9ab118b6065d8d72cb6a9,"['Mee kuah', 'Lontong with sayur lodeh', 'Mee rebus', 'Mee bandung']"
../foodsg-233\Mee rebus\B6ZXNXORXK61WWDEJLYD2YCE.jpg,Mee rebus,all,9beaf59358f9ab118b6065d8d72cb6a9,"['Mee kuah', 'Lontong with sayur lodeh', 'Mee rebus', 'Mee bandung']"
../foodsg-233\Mee bandung\IJKQT4HHSEYZLW2F532BM545.jpg,Mee bandung,all,9beaf59358f9ab118b6065d8d72cb6a9,"['Mee kuah', 'Lontong with sayur lodeh', 'Mee rebus', 'Mee bandung']"
../foodsg-233\Soto ayam\YZYAQYUEEGS0KJACZ5U7RALF.jpg,Soto ayam,all,9c085cca2633e7082ec1696f96b26ba9,"['Soto ayam', 'Mee soto']"
../foodsg-233\Mee soto\FEVA14CPJ7Y15GQOMVGFDNT4.jpg,Mee soto,all,9c085cca2633e7082ec1696f96b26ba9,"['Soto ayam', 'Mee soto']"
../foodsg-233\char siew\8WZEBH77XQK4IXADU8V45P67.jpg,char siew,all,9c2b577bb77bf5a65be95f6ac0d82ad9,"['char siew', 'Duck Rice']"
../foodsg-233\Duck Rice\52QGEV20M60EXBOFZ6N9KO9S.jpg,Duck Rice,all,9c2b577bb77bf5a65be95f6ac0d82ad9,"['char siew', 'Duck Rice']"
../foodsg-233\mixed vegetables\77Y22EGVI4RVSQUX5I1VMVRS.jpg,mixed vegetables,all,9c42478cd850a934bc587df6f4b7e91f,"['mixed vegetables', 'vegetable soup']"
../foodsg-233\vegetable soup\OZQ533TRRKOH85IFMHUY7PJN.jpg,vegetable soup,all,9c42478cd850a934bc587df6f4b7e91f,"['mixed vegetables', 'vegetable soup']"
../foodsg-233\Mee soto\DV458BPJY95IESCQ8C4AH1NN.jpg,Mee soto,all,9c46f9b8852e6973d0bc1de3792c6972,"['Mee soto', 'Soto ayam']"
../foodsg-233\Soto ayam\NEU4QG87AWN9QOW5BQPJS4JP.jpg,Soto ayam,all,9c46f9b8852e6973d0bc1de3792c6972,"['Mee soto', 'Soto ayam']"
../foodsg-233\mee pok\Z01HULNRWB05COTHMDWI530R.jpg,mee pok,all,9c6b4211e26c2bee238064366b535e62,"['mee pok', 'Fish Ball Noodles']"
../foodsg-233\Fish Ball Noodles\4WWGSO9UIOS3P5ZUJG27N8U5.jpg,Fish Ball Noodles,all,9c6b4211e26c2bee238064366b535e62,"['mee pok', 'Fish Ball Noodles']"
../foodsg-233\oyster omelette\1795B0N5FIKTPUJBS9V6B17B.jpg,oyster omelette,all,9c8ca0d822457db808daa0a08f2275d9,"['oyster omelette', 'chai tow kuay']"
../foodsg-233\chai tow kuay\V5VITFV7YIP6VJ22CJ9NQOPW.jpg,chai tow kuay,all,9c8ca0d822457db808daa0a08f2275d9,"['oyster omelette', 'chai tow kuay']"
../foodsg-233\Mee goreng\G2FIRQ6TGOZRG5Y2WY2KHPKA.jpg,Mee goreng,all,9cb0a354fc733b9d006543c56dbb52df,"['Mee goreng', 'Mee siam, fried']"
"../foodsg-233\Mee siam, fried\IK33PJFE0CIGEYX6M9ZK5ZG0.jpg","Mee siam, fried",all,9cb0a354fc733b9d006543c56dbb52df,"['Mee goreng', 'Mee siam, fried']"
../foodsg-233\Fried Noodles\EX6721VGHE09X2NS7E17O6EF.jpg,Fried Noodles,all,9cc4cd667e9ce4281bf7b6175ad51133,"['Fried Noodles', 'Bee hoon, goreng']"
"../foodsg-233\Bee hoon, goreng\UJBSF7ZV4M5HTYQA57QQZGD5.jpg","Bee hoon, goreng",all,9cc4cd667e9ce4281bf7b6175ad51133,"['Fried Noodles', 'Bee hoon, goreng']"
"../foodsg-233\Bee hoon, soto\JA8UYBCS39BBLNREERDQ8WGQ.jpg","Bee hoon, soto",all,9cd78b7813172115cbb076611dcaf676,"['Bee hoon, soto', 'Seafood Noodles Soup', 'bee hoon']"
../foodsg-233\Seafood Noodles Soup\DQ222M9LEQ5JCYY6HH3XPHBI.jpg,Seafood Noodles Soup,all,9cd78b7813172115cbb076611dcaf676,"['Bee hoon, soto', 'Seafood Noodles Soup', 'bee hoon']"
../foodsg-233\bee hoon\4MFUUIELH73MX9AS54MHYMA6.jpg,bee hoon,all,9cd78b7813172115cbb076611dcaf676,"['Bee hoon, soto', 'Seafood Noodles Soup', 'bee hoon']"
../foodsg-233\Soto ayam\L1BXIELKR8HAUBRFTIGVNXUU.jpg,Soto ayam,all,9cdd6567d0cbc8792bd4c45d786c02bc,"['Soto ayam', 'Mee soto']"
../foodsg-233\Mee soto\LO1BA3Q9K3F2XQGYZG6E9T87.jpg,Mee soto,all,9cdd6567d0cbc8792bd4c45d786c02bc,"['Soto ayam', 'Mee soto']"
../foodsg-233\Mee soto\GQP8WM46WN65Y1AO56VRA9J3.jpg,Mee soto,all,9ce82ba4aa3d9a77caf1bbb365c5b428,"['Mee soto', 'Soto ayam']"
../foodsg-233\Soto ayam\J0BJSBXJV3SI9NJ9D3R7YQPZ.jpg,Soto ayam,all,9ce82ba4aa3d9a77caf1bbb365c5b428,"['Mee soto', 'Soto ayam']"
../foodsg-233\Mee siam\707TBIVNLIGM1XSBDERR65RQ.jpg,Mee siam,all,9cecbd8e5ec9c88ecc0ef1338216c77e,"['Mee siam', 'Mee siam, fried']"
"../foodsg-233\Mee siam, fried\C2L80BBFAN8OCMR0HDJTB3GL.jpg","Mee siam, fried",all,9cecbd8e5ec9c88ecc0ef1338216c77e,"['Mee siam', 'Mee siam, fried']"
../foodsg-233\whole wheat\U3QYCGYDW2VYVO6UA693H5N5.jpg,whole wheat,all,9d25154646e21977cdefc91cc56308b6,"['whole wheat', 'whole grain bread']"
../foodsg-233\whole grain bread\VQD2VTSY1798X6TO4V6TYUCC.jpg,whole grain bread,all,9d25154646e21977cdefc91cc56308b6,"['whole wheat', 'whole grain bread']"
../foodsg-233\Mee bandung\0SEXD514LZ97VVSBEFKGL6FN.jpg,Mee bandung,all,9d2cb8381ae3bef55f59490c847005a2,"['Mee bandung', 'Mee rebus']"
../foodsg-233\Mee rebus\T99EPGYIJOM8BIZEFCMJP24X.jpg,Mee rebus,all,9d2cb8381ae3bef55f59490c847005a2,"['Mee bandung', 'Mee rebus']"
../foodsg-233\fried chicken\BW0LRFUYL2TODEC9VLNIP25Y.jpg,fried chicken,all,9d48791d5b5efdfe36d293edec60e45f,"['fried chicken', 'chicken wing']"
../foodsg-233\chicken wing\PIVY55TBBYOACVG2641FXU1X.jpg,chicken wing,all,9d48791d5b5efdfe36d293edec60e45f,"['fried chicken', 'chicken wing']"
../foodsg-233\Mee soto\GPA8EDSAY2YMUZQQ1UUFCD04.jpg,Mee soto,all,9d995eb8e30afb675822dba37de03ac3,"['Mee soto', 'Soto ayam']"
../foodsg-233\Soto ayam\PBTUTCF04LT6R5SRYDBYEQ9G.jpg,Soto ayam,all,9d995eb8e30afb675822dba37de03ac3,"['Mee soto', 'Soto ayam']"
../foodsg-233\Dumpling noodle soup\KO52OY8O15YCMPJHV3BXILW4.jpg,Dumpling noodle soup,all,9da636e7642b092f49fc3c37f581ba3b,"['Dumpling noodle soup', 'pig organ soup']"
../foodsg-233\pig organ soup\5QSRVKCM8C2RXYENSJ4ZP9DB.jpg,pig organ soup,all,9da636e7642b092f49fc3c37f581ba3b,"['Dumpling noodle soup', 'pig organ soup']"
../foodsg-233\Mee rebus\4LEVXF6XLN8YDPYKC4T7NSUT.jpg,Mee rebus,all,9dba0abe975585d2e7b736deb6b75598,"['Mee rebus', 'Mee bandung']"
../foodsg-233\Mee bandung\W3EUDX5F1SBKNECCEB9TBCGT.jpg,Mee bandung,all,9dba0abe975585d2e7b736deb6b75598,"['Mee rebus', 'Mee bandung']"
../foodsg-233\steamed buns\LKODMSNSW2KQP839ATA32SGD.jpg,steamed buns,all,9de15f853b778c4615fe32f1b5e7724c,"['steamed buns', 'char siew pau']"
../foodsg-233\char siew pau\OOT0NWK8V5T3DT3RJ4QYMFKW.jpg,char siew pau,all,9de15f853b778c4615fe32f1b5e7724c,"['steamed buns', 'char siew pau']"
"../foodsg-233\Rice, korean bulgogi beef\VLDMATB7CA4Y4W2G36I74108.jpg","Rice, korean bulgogi beef",all,9de1b4a2e5fc81b06303cc935257159a,"['Rice, korean bulgogi beef', 'Rice, with dakgalbi']"
"../foodsg-233\Rice, with dakgalbi\6GS4RJMV1JNEF3KDHXG4J2EW.jpg","Rice, with dakgalbi",all,9de1b4a2e5fc81b06303cc935257159a,"['Rice, korean bulgogi beef', 'Rice, with dakgalbi']"
../foodsg-233\cream soup\HYWKH5I6KMSKY6SXORXGUYET.jpg,cream soup,all,9de7cf340056045c5313118889be2b66,"['cream soup', 'mushroom soup']"
../foodsg-233\mushroom soup\215378H9ADDE67JY3RBAEPI9.jpg,mushroom soup,all,9de7cf340056045c5313118889be2b66,"['cream soup', 'mushroom soup']"
../foodsg-233\Mee soto\SU6G1SVUF8QFGQDR733LWT97.jpg,Mee soto,all,9e107c64baaca13b3fd8f9de7117bbc4,"['Mee soto', 'Soto ayam']"
../foodsg-233\Soto ayam\Z1DOQ1DLJ3PCWQ91UN5YWWDS.jpg,Soto ayam,all,9e107c64baaca13b3fd8f9de7117bbc4,"['Mee soto', 'Soto ayam']"
../foodsg-233\char siew pau\4BMG4FDK59KD366TI2FKV0SV.jpg,char siew pau,all,9e12856c55e9c30b82cb2405901bde75,"['char siew pau', 'steamed buns']"
../foodsg-233\steamed buns\FHWY7U4EDQP978JLJLGLI0TT.jpg,steamed buns,all,9e12856c55e9c30b82cb2405901bde75,"['char siew pau', 'steamed buns']"
../foodsg-233\cream soup\8S52OMJW1NWWA50LX9XN2IQL.jpg,cream soup,all,9e276a08ac5af90197ca08461348368d,"['cream soup', 'miso soup']"
../foodsg-233\miso soup\XOSA7HWQIATEIYMXY3WKE56R.jpg,miso soup,all,9e276a08ac5af90197ca08461348368d,"['cream soup', 'miso soup']"
../foodsg-233\rambutan\N8SZYPPSQ7UX4QL7YINOE16K.jpg,rambutan,all,9e5e14a445c49911eedc78adee431441,"['rambutan', 'lychee']"
../foodsg-233\lychee\PCLGN8ES9O809O1GKL3K79OB.jpg,lychee,all,9e5e14a445c49911eedc78adee431441,"['rambutan', 'lychee']"
../foodsg-233\lontong\W6JRYE7HKPMGCICJXWVDXB6U.jpg,lontong,all,9e61a9cca5fffbeda3d0e0196e4ca854,"['lontong', 'Lontong with sayur lodeh']"
../foodsg-233\Lontong with sayur lodeh\BMMHJ33IB8NU93SCQ106H66F.jpg,Lontong with sayur lodeh,all,9e61a9cca5fffbeda3d0e0196e4ca854,"['lontong', 'Lontong with sayur lodeh']"
../foodsg-233\sliced fish soup\B4VKOYLW45IVOGB1Y7V9IBTS.jpg,sliced fish soup,all,9e7ef0a019328537ecad5b1eba2a18e4,"['sliced fish soup', 'cream soup', 'mushroom soup']"
../foodsg-233\cream soup\EIU8TCPYE3QEKP5K7OWD57KV.jpg,cream soup,all,9e7ef0a019328537ecad5b1eba2a18e4,"['sliced fish soup', 'cream soup', 'mushroom soup']"
../foodsg-233\mushroom soup\ED14LNAB5W2C3HBENQ7079GC.jpg,mushroom soup,all,9e7ef0a019328537ecad5b1eba2a18e4,"['sliced fish soup', 'cream soup', 'mushroom soup']"
../foodsg-233\cooked brown rice\HNAOGLYXSXD84NVAFOWIO2FJ.jpg,cooked brown rice,all,9e7f0fe78c8995c73be9c553ebd74a2d,"['cooked brown rice', 'hotplate tofu']"
../foodsg-233\hotplate tofu\3B1JEMYV1NRWDZL4FDTF8KBW.jpg,hotplate tofu,all,9e7f0fe78c8995c73be9c553ebd74a2d,"['cooked brown rice', 'hotplate tofu']"
../foodsg-233\chicken masala\33ASNIO57WFZIZC53AOGMZVC.jpg,chicken masala,all,9e90afe108f0c04f4551de665caa956d,"['chicken masala', 'tandoori chicken']"
../foodsg-233\tandoori chicken\XMK41GVL013ZO1UGPXVSUUB9.jpg,tandoori chicken,all,9e90afe108f0c04f4551de665caa956d,"['chicken masala', 'tandoori chicken']"
../foodsg-233\Mee bandung\LOOWML593BLG49KFZZAYCGEN.jpg,Mee bandung,all,9e9d84e20173b54ed907c2dcaaeddc77,"['Mee bandung', 'Mee rebus']"
../foodsg-233\Mee rebus\XY2PICKQHVJ4VWARVS2JSRJH.jpg,Mee rebus,all,9e9d84e20173b54ed907c2dcaaeddc77,"['Mee bandung', 'Mee rebus']"
../foodsg-233\whole wheat\SIYJC1AFZV44L4UM0MIEZYOL.jpg,whole wheat,all,9eae2fd23f35fbf65d058a4121c46385,"['whole wheat', 'whole grain bread']"
../foodsg-233\whole grain bread\W8C3VZVWM0ER9S0SKFPJCJ4N.jpg,whole grain bread,all,9eae2fd23f35fbf65d058a4121c46385,"['whole wheat', 'whole grain bread']"
../foodsg-233\Dumpling noodle soup\WCN36EN38F0YIBCPOZ3177EH.jpg,Dumpling noodle soup,all,9eae81a26558077c3d639a0137a2d2bb,"['Dumpling noodle soup', 'Wanton mee, dry']"
"../foodsg-233\Wanton mee, dry\8BPV8E7GXLIP86HZP8F6N76U.jpg","Wanton mee, dry",all,9eae81a26558077c3d639a0137a2d2bb,"['Dumpling noodle soup', 'Wanton mee, dry']"
../foodsg-233\Mee bandung\X86UJBV0YF81CLD66G4GKFID.jpg,Mee bandung,all,9f1efa6cda71bb7c4ba51832e5469e2a,"['Mee bandung', 'Mee soto', 'Mee rebus']"
../foodsg-233\Mee soto\PPAOO6IDZ90AI0HMTWAVLKYN.jpg,Mee soto,all,9f1efa6cda71bb7c4ba51832e5469e2a,"['Mee bandung', 'Mee soto', 'Mee rebus']"
../foodsg-233\Mee rebus\W9BDLYXXII1QDUA5Y1778XAS.jpg,Mee rebus,all,9f1efa6cda71bb7c4ba51832e5469e2a,"['Mee bandung', 'Mee soto', 'Mee rebus']"
"../foodsg-233\Miso ramen, with fishcake\K2B55HCD0T1LCPIVPO1XQAYQ.jpg","Miso ramen, with fishcake",all,9f3bbbd949481041493f06a2db09d334,"['Miso ramen, with fishcake', 'Udon']"
../foodsg-233\Udon\0OH40O3MCITLX2ODINNYFDEI.jpg,Udon,all,9f3bbbd949481041493f06a2db09d334,"['Miso ramen, with fishcake', 'Udon']"
../foodsg-233\Mee soto\RMKE882CXTSGCGTTAEMQKCYL.jpg,Mee soto,all,9f3d1b9cbf7f102551fb6e644d743d7a,"['Mee soto', 'Soto ayam']"
../foodsg-233\Soto ayam\ZYW0D7XZEC3T8TOFH9790PFD.jpg,Soto ayam,all,9f3d1b9cbf7f102551fb6e644d743d7a,"['Mee soto', 'Soto ayam']"
../foodsg-233\Soto ayam\UO7UWT79QR466MDYRKZ1Z0L8.jpg,Soto ayam,all,9f6639ce68a44a65134c07eb1282f8ec,"['Soto ayam', 'Mee soto']"
../foodsg-233\Mee soto\Q1PLB8FMZ0B2K2TJHI1LVWRB.jpg,Mee soto,all,9f6639ce68a44a65134c07eb1282f8ec,"['Soto ayam', 'Mee soto']"
"../foodsg-233\Bee hoon, soto\HLDJLBO9EHVUDMQ1AH70DESW.jpg","Bee hoon, soto",all,9fbc66ca214700dc2026742bc64e3998,"['Bee hoon, soto', 'Soto ayam', 'Mee soto']"
../foodsg-233\Soto ayam\JNUO3KPHL4B6ZKYLNE7UD0TZ.jpg,Soto ayam,all,9fbc66ca214700dc2026742bc64e3998,"['Bee hoon, soto', 'Soto ayam', 'Mee soto']"
../foodsg-233\Mee soto\JZMOD556UT9GZ95PI6MA41W1.jpg,Mee soto,all,9fbc66ca214700dc2026742bc64e3998,"['Bee hoon, soto', 'Soto ayam', 'Mee soto']"
../foodsg-233\ice cream - vanilla\U78B5QPUZLTKXC273DPXEDS9.jpg,ice cream - vanilla,all,9fbee9b75915536dfeed80caf82a976c,"['ice cream - vanilla', 'ice cream - chocolate']"
../foodsg-233\ice cream - chocolate\PXPN7M0MQIIZ6H617762M799.jpg,ice cream - chocolate,all,9fbee9b75915536dfeed80caf82a976c,"['ice cream - vanilla', 'ice cream - chocolate']"
../foodsg-233\chicken soup\7LHLM7N59I92470KCPZNUBO6.jpg,chicken soup,all,a00c206bc1a74768f8620d1c50195e0d,"['chicken soup', 'Rice, with dakgalbi']"
"../foodsg-233\Rice, with dakgalbi\7V87FVLLX8L27N3KRY0AY64B.jpg","Rice, with dakgalbi",all,a00c206bc1a74768f8620d1c50195e0d,"['chicken soup', 'Rice, with dakgalbi']"
../foodsg-233\Mee soto\7CTZ4G9B1ENGZH8H990VN3BY.jpg,Mee soto,all,a03e4b380bdbb13d89338e91ac0879e3,"['Mee soto', 'Bee hoon, soto']"
"../foodsg-233\Bee hoon, soto\H80DJYQ9ZQ0O8UKA026X9R8N.jpg","Bee hoon, soto",all,a03e4b380bdbb13d89338e91ac0879e3,"['Mee soto', 'Bee hoon, soto']"
../foodsg-233\hokkien prawn mee\6AXFI5VUW8MGVZYOJLCD58FN.jpg,hokkien prawn mee,all,a062db54bfd32412f525d4c3e51a65c0,"['hokkien prawn mee', 'Prawn Noodle']"
../foodsg-233\Prawn Noodle\7E0AE17EUYARU3OZIJBK3H8L.jpg,Prawn Noodle,all,a062db54bfd32412f525d4c3e51a65c0,"['hokkien prawn mee', 'Prawn Noodle']"
../foodsg-233\Mee rebus\Q04YZ5X761GK8SQTA7DZK7J5.jpg,Mee rebus,all,a0a3e1b74033cc40400afc8a40ed6d2c,"['Mee rebus', 'Mee bandung']"
../foodsg-233\Mee bandung\AQQFJKCVOBYZMLLH1UD2FV7A.jpg,Mee bandung,all,a0a3e1b74033cc40400afc8a40ed6d2c,"['Mee rebus', 'Mee bandung']"
../foodsg-233\Kway Teow\33VNMN9B03R7EX03Y0C6070X.jpg,Kway Teow,all,a0c3daf1d958aff84cb42185cfb50f29,"['Kway Teow', 'chai tow kuay']"
../foodsg-233\chai tow kuay\0R9G4KCXOSFPZX70FY1D3FIQ.jpg,chai tow kuay,all,a0c3daf1d958aff84cb42185cfb50f29,"['Kway Teow', 'chai tow kuay']"
../foodsg-233\whole grain bread\O14ROBP0YR6WJHBEMX63ULIZ.jpg,whole grain bread,all,a0c4dd0015fad0fef58ad313443b9c17,"['whole grain bread', 'whole wheat']"
../foodsg-233\whole wheat\9HT85I7PSTFTDEPT6H12JH2M.jpg,whole wheat,all,a0c4dd0015fad0fef58ad313443b9c17,"['whole grain bread', 'whole wheat']"
../foodsg-233\bak chor mee\JVS3TNKQTHDZXH0ZANS7WJDA.jpg,bak chor mee,all,a0e222df376b0a9ab3f8300e4ca8b346,"['bak chor mee', 'mee pok']"
../foodsg-233\mee pok\7BQ18DC46X5W2VUIHJYFUV0J.jpg,mee pok,all,a0e222df376b0a9ab3f8300e4ca8b346,"['bak chor mee', 'mee pok']"
../foodsg-233\Mee bandung\2YH079T5F94X5M9Q8UZS27PZ.jpg,Mee bandung,all,a11cee2fba9f62c90756cd55d3cfa06d,"['Mee bandung', 'Mee rebus']"
../foodsg-233\Mee rebus\CK5PHL48JU55G62X5ZJIOTE2.jpg,Mee rebus,all,a11cee2fba9f62c90756cd55d3cfa06d,"['Mee bandung', 'Mee rebus']"
"../foodsg-233\Bee hoon, goreng\LKB76XUY3FEL10OE12XAUZD0.jpg","Bee hoon, goreng",all,a120dfbede0e742fa46b81bf43621e0d,"['Bee hoon, goreng', 'bee hoon']"
../foodsg-233\bee hoon\NXP0IB3CFM5KIUT8SOHP4KEN.jpg,bee hoon,all,a120dfbede0e742fa46b81bf43621e0d,"['Bee hoon, goreng', 'bee hoon']"
../foodsg-233\Mee soto\U886SZZRMUGK1PROJJLX5BKT.jpg,Mee soto,all,a15bf902c50e9d86cd01ea6ff70aff24,"['Mee soto', 'Bee hoon, soto']"
"../foodsg-233\Bee hoon, soto\XDRPPLG7CCICLWI5TQIMM51Y.jpg","Bee hoon, soto",all,a15bf902c50e9d86cd01ea6ff70aff24,"['Mee soto', 'Bee hoon, soto']"
../foodsg-233\fried rice\NHF15KBFER38SB300F6C5X3Q.jpg,fried rice,all,a1a875b97c9911822a62d50c44c2ea68,"['fried rice', 'Nasi pattaya']"
../foodsg-233\Nasi pattaya\53DGKGRLZGRWDXVEV7EYB9TT.jpg,Nasi pattaya,all,a1a875b97c9911822a62d50c44c2ea68,"['fried rice', 'Nasi pattaya']"
../foodsg-233\Mee siam\1KXK5YK25G8V5DZQUTRJ0UPF.jpg,Mee siam,all,a1bfd2350014182b228d71b58ac840bc,"['Mee siam', 'Mee siam, fried']"
"../foodsg-233\Mee siam, fried\4IGBM7EX9HV1W7R5PT9UOFTK.jpg","Mee siam, fried",all,a1bfd2350014182b228d71b58ac840bc,"['Mee siam', 'Mee siam, fried']"
../foodsg-233\char siew pau\O4GEN81BS16XBWBYPGFS0AWB.jpg,char siew pau,all,a1c9900d19e92edadf81adb69ce18634,"['char siew pau', 'White Bread']"
../foodsg-233\White Bread\WYGQI0TBJ3YF8M6SQ1ZE2WTT.jpg,White Bread,all,a1c9900d19e92edadf81adb69ce18634,"['char siew pau', 'White Bread']"
../foodsg-233\drunken prawn\1TL7KUDWYZOGMYA0B83FSGN0.jpg,drunken prawn,all,a1f43538c6edf97c736e4a7789dbae68,"['drunken prawn', 'fried prawn']"
../foodsg-233\fried prawn\QGOU8XE7IMQNBM776GJT5N05.jpg,fried prawn,all,a1f43538c6edf97c736e4a7789dbae68,"['drunken prawn', 'fried prawn']"
../foodsg-233\Grapefruit\BHTVSQRBPD5EU29MECEBCG30.jpg,Grapefruit,all,a2047f67001425b18e23a8c14517784e,"['Grapefruit', 'Pomelo']"
../foodsg-233\Pomelo\0XRQEK3PCGZDZH5F2LT5NKMK.jpg,Pomelo,all,a2047f67001425b18e23a8c14517784e,"['Grapefruit', 'Pomelo']"
../foodsg-233\Mee soto\R8V3VSEUX6TD29UECREZEK37.jpg,Mee soto,all,a20715617fe26de559a12706ad4fd1e3,"['Mee soto', 'Soto ayam']"
../foodsg-233\Soto ayam\MQ8SSSEGO6STWULKYI9DRPF0.jpg,Soto ayam,all,a20715617fe26de559a12706ad4fd1e3,"['Mee soto', 'Soto ayam']"
../foodsg-233\bee hoon\K55Z9NSGAP2PIX3GST7LZD4A.jpg,bee hoon,all,a248fb1a88df4648c98854e54b3fffa7,"['bee hoon', 'Mee siam, fried']"
"../foodsg-233\Mee siam, fried\GSVQSM9342AY7Z24YRK3PJL9.jpg","Mee siam, fried",all,a248fb1a88df4648c98854e54b3fffa7,"['bee hoon', 'Mee siam, fried']"
"../foodsg-233\Bee hoon, soto\XJVLPL7MKVWEP2QS7647NLPZ.jpg","Bee hoon, soto",all,a25bda8e1a7843b7f7771d4f958eb3df,"['Bee hoon, soto', 'Mee soto']"
../foodsg-233\Mee soto\F2HIZ6G77K5VAFGUP7IX3R60.jpg,Mee soto,all,a25bda8e1a7843b7f7771d4f958eb3df,"['Bee hoon, soto', 'Mee soto']"
"../foodsg-233\Bee hoon, soto\YX433HY88RBG8QPCTKBXL9GH.jpg","Bee hoon, soto",all,a25c6295be0716076cc18f58f131937a,"['Bee hoon, soto', 'Soto ayam']"
../foodsg-233\Soto ayam\8OZDSF54W3UMOR04TC67WT62.jpg,Soto ayam,all,a25c6295be0716076cc18f58f131937a,"['Bee hoon, soto', 'Soto ayam']"
../foodsg-233\Chocolate\V3N3JOKMTTR5FIM3GV8PKH11.jpg,Chocolate,all,a26fcacd68c8ef244547b52068b14694,"['Chocolate', 'Sweets']"
../foodsg-233\Sweets\9RFS0O1S6569HPOEGD580S0O.jpg,Sweets,all,a26fcacd68c8ef244547b52068b14694,"['Chocolate', 'Sweets']"
"../foodsg-233\Mee siam, fried\8N18YAGMM5M4V38VMN6SREOF.jpg","Mee siam, fried",all,a2a232efc73b3a591ff89e66ab9d6886,"['Mee siam, fried', 'Bee hoon, goreng']"
"../foodsg-233\Bee hoon, goreng\DG9Q4790QFHZF5JOTMR3PPVE.jpg","Bee hoon, goreng",all,a2a232efc73b3a591ff89e66ab9d6886,"['Mee siam, fried', 'Bee hoon, goreng']"
../foodsg-233\Mee siam\ZRPJ3G50JS1HQN38KK38LGBU.jpg,Mee siam,all,a2c4424865368ac742a9f66bdcea936f,"['Mee siam', 'Mee siam, fried']"
"../foodsg-233\Mee siam, fried\C54LTZZSOBQ2UJUWN42XFYIC.jpg","Mee siam, fried",all,a2c4424865368ac742a9f66bdcea936f,"['Mee siam', 'Mee siam, fried']"
../foodsg-233\Mee goreng\33FPJKSL1NC0C378CBI102T5.jpg,Mee goreng,all,a2d20cc2a35f6b954a321651ca0b88f5,"['Mee goreng', 'Mee rebus']"
../foodsg-233\Mee rebus\2XOURB7WOZ15QCZN5HUDYB1W.jpg,Mee rebus,all,a2d20cc2a35f6b954a321651ca0b88f5,"['Mee goreng', 'Mee rebus']"
"../foodsg-233\Bee hoon, goreng\T0UQ971OSJ6D6TQ1FKPK5SSR.jpg","Bee hoon, goreng",all,a2e1463e2bc20a0c6fb5ace587d3f5fa,"['Bee hoon, goreng', 'bee hoon', 'Bee hoon, soto']"
../foodsg-233\bee hoon\ZK9WCE5IEZ49IIGGKLY37V3C.jpg,bee hoon,all,a2e1463e2bc20a0c6fb5ace587d3f5fa,"['Bee hoon, goreng', 'bee hoon', 'Bee hoon, soto']"
"../foodsg-233\Bee hoon, soto\U0N0XT9D8AGSTRPTLBETH5YQ.jpg","Bee hoon, soto",all,a2e1463e2bc20a0c6fb5ace587d3f5fa,"['Bee hoon, goreng', 'bee hoon', 'Bee hoon, soto']"
../foodsg-233\black pepper crab\H50719ID4RVL3TJ70A363LGL.jpg,black pepper crab,all,a2eed6ad33b634b4f532a9c2ca8266cc,"['black pepper crab', 'chilli crab']"
../foodsg-233\chilli crab\Z8601QA1HAA3EWBBVVMR5NBI.jpg,chilli crab,all,a2eed6ad33b634b4f532a9c2ca8266cc,"['black pepper crab', 'chilli crab']"
../foodsg-233\Mee soto\BCOB6UTLBDSC5JTTONX7KJ7V.jpg,Mee soto,all,a3295bc5df02661fd2d0134daf8cbd83,"['Mee soto', 'Bee hoon, soto']"
"../foodsg-233\Bee hoon, soto\4HBSFGCWUA737D8IBJOVY879.jpg","Bee hoon, soto",all,a3295bc5df02661fd2d0134daf8cbd83,"['Mee soto', 'Bee hoon, soto']"
../foodsg-233\Soto ayam\I98S5RI41JSQD5F0ZMBRIY4K.jpg,Soto ayam,all,a33b54962229e2fff16b4357f0f368df,"['Soto ayam', 'Mee soto']"
../foodsg-233\Mee soto\H05YVMLQMBMXW7S7YGXXYDNC.jpg,Mee soto,all,a33b54962229e2fff16b4357f0f368df,"['Soto ayam', 'Mee soto']"
../foodsg-233\chicken masala\Q2SI1SHYNB8I9Y2HKNS22FR1.jpg,chicken masala,all,a34a0b55cac266c091d20f1e23478a7e,"['chicken masala', 'Rice, with dakgalbi']"
"../foodsg-233\Rice, with dakgalbi\3XFCACULDYZXDJOCM7DRMPOJ.jpg","Rice, with dakgalbi",all,a34a0b55cac266c091d20f1e23478a7e,"['chicken masala', 'Rice, with dakgalbi']"
../foodsg-233\sliced fish soup\DIAUQSHSTBWNIP7KVJ5FEEEY.jpg,sliced fish soup,all,a353f88fc42b1f899510c6d796d0239d,"['sliced fish soup', 'Seafood Noodles Soup']"
../foodsg-233\Seafood Noodles Soup\4OTE764DPS2O4FMMS365GCZW.jpg,Seafood Noodles Soup,all,a353f88fc42b1f899510c6d796d0239d,"['sliced fish soup', 'Seafood Noodles Soup']"
"../foodsg-233\Mee siam, fried\ELISTIPKEZD05ZEUM3QVFVKM.jpg","Mee siam, fried",all,a3641752f1ce0cacd356daccd0532802,"['Mee siam, fried', 'Mee siam']"
../foodsg-233\Mee siam\4Y494P1B9B7ON1ZKVGJZLBXV.jpg,Mee siam,all,a3641752f1ce0cacd356daccd0532802,"['Mee siam, fried', 'Mee siam']"
../foodsg-233\lontong\09X3ACIG3HEF92KWSO6QMTSA.jpg,lontong,all,a38673d9c5316b8db9e0c749ef119b64,"['lontong', 'Lontong with sayur lodeh']"
../foodsg-233\Lontong with sayur lodeh\43Z4D2SXEY57PGJ5JM2H9FGL.jpg,Lontong with sayur lodeh,all,a38673d9c5316b8db9e0c749ef119b64,"['lontong', 'Lontong with sayur lodeh']"
../foodsg-233\Soto ayam\V94R2O574UUBAES3GUC49Y0Q.jpg,Soto ayam,all,a3aa79e828ba24cde52bbe90af77cab6,"['Soto ayam', 'Mee soto']"
../foodsg-233\Mee soto\12ACU74D3X0IAVG2F1REC854.jpg,Mee soto,all,a3aa79e828ba24cde52bbe90af77cab6,"['Soto ayam', 'Mee soto']"
../foodsg-233\satay bee hoon\2NVZ1L5MWMR4FCVCMM3W8WZ6.jpg,satay bee hoon,all,a3e13c85f0a17f2cda7c07a56b34561b,"['satay bee hoon', 'bee hoon']"
../foodsg-233\bee hoon\E9QS5CCJXIM5FTWBLBQ1MKBW.jpg,bee hoon,all,a3e13c85f0a17f2cda7c07a56b34561b,"['satay bee hoon', 'bee hoon']"
../foodsg-233\Udon\UVKUOPDOL6NG7BO3SZN4T209.jpg,Udon,all,a3f97a007902dc7cc3da43131cbf5fad,"['Udon', 'Fried Noodles']"
../foodsg-233\Fried Noodles\U3VCMVM2U7VRUK48HI84AUT4.jpg,Fried Noodles,all,a3f97a007902dc7cc3da43131cbf5fad,"['Udon', 'Fried Noodles']"
"../foodsg-233\Bee hoon, goreng\Y9LWJOCS83G60A8JB27POJKZ.jpg","Bee hoon, goreng",all,a3fe5820088cb4f81b9ebb0849ce7bb1,"['Bee hoon, goreng', 'satay bee hoon']"
../foodsg-233\satay bee hoon\ICEP1XFJ6EKTVF547BWNZ74Q.jpg,satay bee hoon,all,a3fe5820088cb4f81b9ebb0849ce7bb1,"['Bee hoon, goreng', 'satay bee hoon']"
../foodsg-233\Chocolate\CKJ7OJIMX86TB642GZTKZHYM.jpg,Chocolate,all,a43850cb07ab36fe9dc6478c7dfc4eec,"['Chocolate', 'Sweets']"
../foodsg-233\Sweets\RBRUUV8MT3DOJ7H3LF1WWTTW.jpg,Sweets,all,a43850cb07ab36fe9dc6478c7dfc4eec,"['Chocolate', 'Sweets']"
../foodsg-233\tom yum noodle soup\IOX9QO0M37A2U3UO2XFUYWA0.jpg,tom yum noodle soup,all,a443a9cf0202b7033ac2c21445b6b7f5,"['tom yum noodle soup', 'cream soup']"
../foodsg-233\cream soup\WBBIOV044O352A6DUE24HIY4.jpg,cream soup,all,a443a9cf0202b7033ac2c21445b6b7f5,"['tom yum noodle soup', 'cream soup']"
../foodsg-233\Mee soto\IPBQHO82H83C4SW6960BNG7W.jpg,Mee soto,all,a44a7f68389e0b8d4efaa7c1e958cde6,"['Mee soto', 'Soto ayam']"
../foodsg-233\Soto ayam\COBIR5MA128YKQNZ947H8HWF.jpg,Soto ayam,all,a44a7f68389e0b8d4efaa7c1e958cde6,"['Mee soto', 'Soto ayam']"
../foodsg-233\whole wheat\8Q1H74VKUS58VXGO1AOUMCOQ.jpg,whole wheat,all,a47a86f4bb950f20b2f681c30ff310a4,"['whole wheat', 'wholegrain pasta']"
../foodsg-233\wholegrain pasta\LIO2X1ZBU2G1JI35CFX2O2AY.jpg,wholegrain pasta,all,a47a86f4bb950f20b2f681c30ff310a4,"['whole wheat', 'wholegrain pasta']"
../foodsg-233\hotplate tofu\36FXSHREX0H12CXN6984TJAG.jpg,hotplate tofu,all,a4a5a7c7123a70e6381d9293e42534a5,"['hotplate tofu', 'sambal']"
../foodsg-233\sambal\AIK0HMN9NRRSKQVFJ94VIN4V.jpg,sambal,all,a4a5a7c7123a70e6381d9293e42534a5,"['hotplate tofu', 'sambal']"
../foodsg-233\mixed vegetables\HN8X8M5RBDPRH9ZPIMO3JU2K.jpg,mixed vegetables,all,a4f54b7e2902b9a00d8bb89e4cbefdd5,"['mixed vegetables', 'Chap chye, Nonya']"
"../foodsg-233\Chap chye, Nonya\U5I81S0KSBRW6WDPEPSK5W4F.jpg","Chap chye, Nonya",all,a4f54b7e2902b9a00d8bb89e4cbefdd5,"['mixed vegetables', 'Chap chye, Nonya']"
../foodsg-233\Seafood Noodles Soup\UCNWOHF4GWJN6I4XOQIL65T3.jpg,Seafood Noodles Soup,all,a4fca404a66db713364b7736637b1e52,"['Seafood Noodles Soup', 'sliced fish soup']"
../foodsg-233\sliced fish soup\GC5HQ5LF7IEXFYBS3ROQSX7Q.jpg,sliced fish soup,all,a4fca404a66db713364b7736637b1e52,"['Seafood Noodles Soup', 'sliced fish soup']"
"../foodsg-233\Bee hoon, goreng\H52EHYYFTRO65T698W658G0Z.jpg","Bee hoon, goreng",all,a56393f3676f9ec720970a49f2cb6ad3,"['Bee hoon, goreng', 'Mee siam, fried', 'bee hoon']"
"../foodsg-233\Mee siam, fried\0WDG6XTP8G2CL66KTAGAWTCF.jpg","Mee siam, fried",all,a56393f3676f9ec720970a49f2cb6ad3,"['Bee hoon, goreng', 'Mee siam, fried', 'bee hoon']"
../foodsg-233\bee hoon\652CFI7OHPCQWEQ9QDAO6F04.jpg,bee hoon,all,a56393f3676f9ec720970a49f2cb6ad3,"['Bee hoon, goreng', 'Mee siam, fried', 'bee hoon']"
../foodsg-233\Mee rebus\RMOV3NPPTH68LQTVPYTXD6BA.jpg,Mee rebus,all,a5926fd4efbe4ed4fefa6d925a70e847,"['Mee rebus', 'Mee bandung']"
../foodsg-233\Mee bandung\BBLBTAWI0PJTXHFOKIXKHYFF.jpg,Mee bandung,all,a5926fd4efbe4ed4fefa6d925a70e847,"['Mee rebus', 'Mee bandung']"
../foodsg-233\Soto ayam\5DMIALZ3EK1CTE5SJ2CJJXIR.jpg,Soto ayam,all,a5bf64101af5d621d3faa4659e737391,"['Soto ayam', 'Mee soto']"
../foodsg-233\Mee soto\QS8GXY97CAL2GK0GSIRE8SLS.jpg,Mee soto,all,a5bf64101af5d621d3faa4659e737391,"['Soto ayam', 'Mee soto']"
../foodsg-233\cream soup\DS3T4VKF5NHGKUGSPWHOFKEN.jpg,cream soup,all,a5da834d495d9731ad9180de7a0fc911,"['cream soup', 'vegetable soup']"
../foodsg-233\vegetable soup\QY5TNTC7J9NP7ZCK4UMXP9KV.jpg,vegetable soup,all,a5da834d495d9731ad9180de7a0fc911,"['cream soup', 'vegetable soup']"
../foodsg-233\chicken rice\B2PNRM9WAP364E18BCHHP4ZH.jpg,chicken rice,all,a5e306ab47c3ff81ab44213cb9450d55,"['chicken rice', 'tandoori chicken']"
../foodsg-233\tandoori chicken\72XPH91KEMBVLTKFXFP7PSY2.jpg,tandoori chicken,all,a5e306ab47c3ff81ab44213cb9450d55,"['chicken rice', 'tandoori chicken']"
../foodsg-233\Soto ayam\N4L0IZMI8JS65WCSGNYG7Y9U.jpg,Soto ayam,all,a6133b2993af77182fd5cd7dd4f42d6a,"['Soto ayam', 'Mee soto', 'Bee hoon, soto']"
../foodsg-233\Mee soto\EJ62W24VBEB73NL2Q6DWSKDE.jpg,Mee soto,all,a6133b2993af77182fd5cd7dd4f42d6a,"['Soto ayam', 'Mee soto', 'Bee hoon, soto']"
"../foodsg-233\Bee hoon, soto\YF4CUIT1YVRC5N3UV2LCP2TF.jpg","Bee hoon, soto",all,a6133b2993af77182fd5cd7dd4f42d6a,"['Soto ayam', 'Mee soto', 'Bee hoon, soto']"
../foodsg-233\Seafood Noodles Soup\YCBAJTWSZGZ3LP8AZX7DIPOX.jpg,Seafood Noodles Soup,all,a617ecb9cd8aca16e4b3b1fa65276864,"['Seafood Noodles Soup', 'chilli crab']"
../foodsg-233\chilli crab\F3CZ308B377TKTFZKL77SOET.jpg,chilli crab,all,a617ecb9cd8aca16e4b3b1fa65276864,"['Seafood Noodles Soup', 'chilli crab']"
../foodsg-233\Soto ayam\1J7DHBXASV4PBW7VLQTZJQWD.jpg,Soto ayam,all,a633091dce05c182d0430e9b5fbb4b09,"['Soto ayam', 'Mee soto']"
../foodsg-233\Mee soto\MFKOLPS902WCYMR4DIEAROPC.jpg,Mee soto,all,a633091dce05c182d0430e9b5fbb4b09,"['Soto ayam', 'Mee soto']"
../foodsg-233\Mee kuah\H4VGIHEKMCIO0CR5SMUL9KC6.jpg,Mee kuah,all,a6542b62b5d49b9aae9265e482a03fc8,"['Mee kuah', 'Mee bandung']"
../foodsg-233\Mee bandung\Q3Q440KIKH9HY8P4UY5URX0O.jpg,Mee bandung,all,a6542b62b5d49b9aae9265e482a03fc8,"['Mee kuah', 'Mee bandung']"
../foodsg-233\whole grain bread\516401GP7ENLUTNYHABWBXNU.jpg,whole grain bread,all,a677716707c381c0b192cc9edd446465,"['whole grain bread', 'whole wheat']"
../foodsg-233\whole wheat\DKG2W656KOK41EWUBY8DINUE.jpg,whole wheat,all,a677716707c381c0b192cc9edd446465,"['whole grain bread', 'whole wheat']"
../foodsg-233\Mee soto\OIAFAPIOV6P3V4GEUVB9U160.jpg,Mee soto,all,a68daf1460d59424a329e2f1d4e37e7a,"['Mee soto', 'Soto ayam']"
../foodsg-233\Soto ayam\JC703KBZG9AAX33Z8Q3M9PIM.jpg,Soto ayam,all,a68daf1460d59424a329e2f1d4e37e7a,"['Mee soto', 'Soto ayam']"
../foodsg-233\kuih bahulu\NFRZNSZ260ERQEJKHYTSKE7U.jpg,kuih bahulu,all,a6d897bb5d91a22e32307e4edc8d2396,"['kuih bahulu', 'CNY love letter']"
../foodsg-233\CNY love letter\NQIV8IPQZE93C2ZWX2984NN2.jpg,CNY love letter,all,a6d897bb5d91a22e32307e4edc8d2396,"['kuih bahulu', 'CNY love letter']"
../foodsg-233\Mee siam\Y064VT3S3V8P92EGZ750X876.jpg,Mee siam,all,a700350751c221bd1e8db85dc723c07b,"['Mee siam', 'Mee siam, fried']"
"../foodsg-233\Mee siam, fried\JLSEHLQLTTS7V70LIOON0RYK.jpg","Mee siam, fried",all,a700350751c221bd1e8db85dc723c07b,"['Mee siam', 'Mee siam, fried']"
"../foodsg-233\Rice, with dakgalbi\OEYD5QZ41J4HKVYZ7J1F8WF4.jpg","Rice, with dakgalbi",all,a72914b10b8260ea17901dc1d322e235,"['Rice, with dakgalbi', 'Rice, korean bulgogi beef']"
"../foodsg-233\Rice, korean bulgogi beef\ABJIZ8XOYX4ESIAKOLYXT69K.jpg","Rice, korean bulgogi beef",all,a72914b10b8260ea17901dc1d322e235,"['Rice, with dakgalbi', 'Rice, korean bulgogi beef']"
../foodsg-233\Grapefruit\GQNI9JDHKU2L81KHB7ALN0AC.jpg,Grapefruit,all,a751450fe16f411b6d4ca645b2dbdfd6,"['Grapefruit', 'Grape']"
../foodsg-233\Grape\2LVZJCJJ2FHG218EOEPXSOSZ.jpg,Grape,all,a751450fe16f411b6d4ca645b2dbdfd6,"['Grapefruit', 'Grape']"
../foodsg-233\kebab - chicken\XRALTXJ0QHEDUZ27Q3DXKN6O.jpg,kebab - chicken,all,a7ada42214acccfd17b5e67b1f25fccd,"['kebab - chicken', 'chicken masala']"
../foodsg-233\chicken masala\J6L758PH1STLFUETZQC0VXJZ.jpg,chicken masala,all,a7ada42214acccfd17b5e67b1f25fccd,"['kebab - chicken', 'chicken masala']"
../foodsg-233\Mee kuah\YTP88T1307G0VCHVBTJT7L42.jpg,Mee kuah,all,a7b24c6ea9a40b7a9f15cf980d1c1fda,"['Mee kuah', 'Mee rebus']"
../foodsg-233\Mee rebus\DP49ZRZ9KDCX4XD3JYE4XL4W.jpg,Mee rebus,all,a7b24c6ea9a40b7a9f15cf980d1c1fda,"['Mee kuah', 'Mee rebus']"
../foodsg-233\Lontong with sayur lodeh\9FS48VOSKT93JY1XMV2K4KP6.jpg,Lontong with sayur lodeh,all,a7da08811490e14cd4d5c77f3dcf5921,"['Lontong with sayur lodeh', 'lontong']"
../foodsg-233\lontong\67TTXXKU9GB7JJVLRKTT55C9.jpg,lontong,all,a7da08811490e14cd4d5c77f3dcf5921,"['Lontong with sayur lodeh', 'lontong']"
"../foodsg-233\Bee hoon, soto\3CN1GB3GL21VGXP6AH08ALIV.jpg","Bee hoon, soto",all,a7fcee47dab1b3e87f12726ce33538c1,"['Bee hoon, soto', 'Mee soto']"
../foodsg-233\Mee soto\7U52HW6ZVI66RO8LJBZGVBJ2.jpg,Mee soto,all,a7fcee47dab1b3e87f12726ce33538c1,"['Bee hoon, soto', 'Mee soto']"
../foodsg-233\drunken prawn\MAN1V2NL2IHMWDSIH0196JVR.jpg,drunken prawn,all,a82c2012ecf2c074023681d50aa97ee6,"['drunken prawn', 'fried prawn']"
../foodsg-233\fried prawn\D1K5T2KO8SLOZ3AT94HNP1CF.jpg,fried prawn,all,a82c2012ecf2c074023681d50aa97ee6,"['drunken prawn', 'fried prawn']"
"../foodsg-233\Mee siam, fried\09WJSX4LSYA6OL0GDCYV6M9P.jpg","Mee siam, fried",all,a838554a4a385f757637a723df73f5b1,"['Mee siam, fried', 'Bee hoon, goreng']"
"../foodsg-233\Bee hoon, goreng\4SG95VYFNWAIACIY057PD9CW.jpg","Bee hoon, goreng",all,a838554a4a385f757637a723df73f5b1,"['Mee siam, fried', 'Bee hoon, goreng']"
"../foodsg-233\Mee siam, fried\TS053R0XK89788HSBLMC97Z6.jpg","Mee siam, fried",all,a854faeb1cac28f5aef81fca4da9cfb3,"['Mee siam, fried', 'Bee hoon, goreng', 'Mee goreng']"
"../foodsg-233\Bee hoon, goreng\PFKBWNN1IX3T3IPBUKM3LHI8.jpg","Bee hoon, goreng",all,a854faeb1cac28f5aef81fca4da9cfb3,"['Mee siam, fried', 'Bee hoon, goreng', 'Mee goreng']"
../foodsg-233\Mee goreng\YB0X3BSTYNHK5SCOHIIBJKTC.jpg,Mee goreng,all,a854faeb1cac28f5aef81fca4da9cfb3,"['Mee siam, fried', 'Bee hoon, goreng', 'Mee goreng']"
../foodsg-233\Soto ayam\N2XW4YB2MW0IUG8Q91D74O37.jpg,Soto ayam,all,a8555f5515cbe4b8adbf2e0d2a688b80,"['Soto ayam', 'Mee soto']"
../foodsg-233\Mee soto\SG7X133FFFE9YRUUBIT11KFX.jpg,Mee soto,all,a8555f5515cbe4b8adbf2e0d2a688b80,"['Soto ayam', 'Mee soto']"
../foodsg-233\Duck Rice\F14JI876M9IEELO2BB1ZODTO.jpg,Duck Rice,all,a8868829316eccbff0e7194900ecba12,"['Duck Rice', 'yam rice']"
../foodsg-233\yam rice\L30SSD9WRAD6ZGA89NNSANL7.jpg,yam rice,all,a8868829316eccbff0e7194900ecba12,"['Duck Rice', 'yam rice']"
../foodsg-233\Apple\UBDLGWMENL2R1YJYDHCXO2RO.jpg,Apple,all,a8b4708f378cea4ae0702f6d67b31b9f,"['Apple', 'strawberry']"
../foodsg-233\strawberry\4MCWOXU1RS8GVV53GPBJUNJL.jpg,strawberry,all,a8b4708f378cea4ae0702f6d67b31b9f,"['Apple', 'strawberry']"
../foodsg-233\strawberry\0VSFOWU5TH3Z4JQX0524BOVZ.jpg,strawberry,all,a8bfcbe6a0c104cb82033fe8d247d5c0,"['strawberry', 'blueberries']"
../foodsg-233\blueberries\UBBA7QL0RF18XQGLWM9A8YHW.jpg,blueberries,all,a8bfcbe6a0c104cb82033fe8d247d5c0,"['strawberry', 'blueberries']"
../foodsg-233\cherries\9R0DNKL0YLRIKHQ0BGJTYCBJ.jpg,cherries,all,a903f0b2d4963785c67187dbeef4d8b5,"['cherries', 'Nuts']"
../foodsg-233\Nuts\93SSEC68EDQSG8Y68RRKNA2W.jpg,Nuts,all,a903f0b2d4963785c67187dbeef4d8b5,"['cherries', 'Nuts']"
"../foodsg-233\Mee siam, fried\1QV71E9QT6BEBO78J8VPOJKA.jpg","Mee siam, fried",all,a95085e7e9e45d7d6cfc1d29df05b6cc,"['Mee siam, fried', 'Mee siam']"
../foodsg-233\Mee siam\UATK4FQ6ML9WAI9JWGAMTMNU.jpg,Mee siam,all,a95085e7e9e45d7d6cfc1d29df05b6cc,"['Mee siam, fried', 'Mee siam']"
../foodsg-233\sliced fish soup\NSGAVEDA750O8WUS6IMGZNLL.jpg,sliced fish soup,all,a954ebe64280dc0b0e2dc4db54123a40,"['sliced fish soup', 'Seafood Noodles Soup']"
../foodsg-233\Seafood Noodles Soup\H72UCGLHTHH6AU71KKPDMWHJ.jpg,Seafood Noodles Soup,all,a954ebe64280dc0b0e2dc4db54123a40,"['sliced fish soup', 'Seafood Noodles Soup']"
"../foodsg-233\Miso ramen, with fishcake\WGKFS0L3PL1F8YMTJ62O4G9Q.jpg","Miso ramen, with fishcake",all,a96284b7c77dece8b517308bb719f513,"['Miso ramen, with fishcake', 'miso soup']"
../foodsg-233\miso soup\057CVPOGNIACMEKIGDS5Z76N.jpg,miso soup,all,a96284b7c77dece8b517308bb719f513,"['Miso ramen, with fishcake', 'miso soup']"
../foodsg-233\hokkien prawn mee\Z5VDIWDCNBRFH1KKJ79FRJSK.jpg,hokkien prawn mee,all,a96c9c7bfc00855c04ecac3f67d80a01,"['hokkien prawn mee', 'Bee hoon, goreng']"
"../foodsg-233\Bee hoon, goreng\CADC5OR9294VT3PUF4W4I6HD.jpg","Bee hoon, goreng",all,a96c9c7bfc00855c04ecac3f67d80a01,"['hokkien prawn mee', 'Bee hoon, goreng']"
../foodsg-233\Mee bandung\4C4XSKR69P75ZYLZD1FW1X2P.jpg,Mee bandung,all,a980802dccf53726da1985243296b5dd,"['Mee bandung', 'Mee rebus']"
../foodsg-233\Mee rebus\TMU8GJDDXKK0RQ76OAELT0W5.jpg,Mee rebus,all,a980802dccf53726da1985243296b5dd,"['Mee bandung', 'Mee rebus']"
"../foodsg-233\Bee hoon, goreng\QG03E4K1WEUEMWVXLL1LLRWB.jpg","Bee hoon, goreng",all,a9938197a54561de89be82cebd1ba9d2,"['Bee hoon, goreng', 'bee hoon']"
../foodsg-233\bee hoon\OR2VY79IUQT8DHOIJEQ24AQL.jpg,bee hoon,all,a9938197a54561de89be82cebd1ba9d2,"['Bee hoon, goreng', 'bee hoon']"
../foodsg-233\cherries\6UIW3MAQNPPM5GVPICAB59ZH.jpg,cherries,all,a99aa4355e3576f1b2bdee101ad929eb,"['cherries', 'Apple']"
../foodsg-233\Apple\CUPKWGCT4QVJRZRVUVV89KZ5.jpg,Apple,all,a99aa4355e3576f1b2bdee101ad929eb,"['cherries', 'Apple']"
"../foodsg-233\Bee hoon, soto\GS8X41WOX6LQR2VAIUZCW0GW.jpg","Bee hoon, soto",all,a9a979b1af3b94983e9342fd2bfad76f,"['Bee hoon, soto', 'Soto ayam']"
../foodsg-233\Soto ayam\50U4MCM0U41LR323AN57NWMT.jpg,Soto ayam,all,a9a979b1af3b94983e9342fd2bfad76f,"['Bee hoon, soto', 'Soto ayam']"
../foodsg-233\drunken prawn\VM2CKL0MIOE4FEFPFXKAWKXF.jpg,drunken prawn,all,a9bd8f8a85f565c69d785ced021d1d1c,"['drunken prawn', 'fried prawn']"
../foodsg-233\fried prawn\YHWME9Y4WCD75RAIH2VW587S.jpg,fried prawn,all,a9bd8f8a85f565c69d785ced021d1d1c,"['drunken prawn', 'fried prawn']"
../foodsg-233\whole grain bread\OAZNDGMK2D0JHJY9SK1XT2QL.jpg,whole grain bread,all,a9d7aa304868e26a286449dc2f859224,"['whole grain bread', 'whole wheat']"
../foodsg-233\whole wheat\NG0HK8ZF7048DLOP5TM9H7US.jpg,whole wheat,all,a9d7aa304868e26a286449dc2f859224,"['whole grain bread', 'whole wheat']"
../foodsg-233\Fried Noodles\N23WLE3PJJUEMODV2TSAFZIS.jpg,Fried Noodles,all,a9e1ffe8379b7311ba753c7baf179bde,"['Fried Noodles', 'Bee hoon, goreng', 'bee hoon']"
"../foodsg-233\Bee hoon, goreng\43H4EA8H8290L4RCKWSOYFYC.jpg","Bee hoon, goreng",all,a9e1ffe8379b7311ba753c7baf179bde,"['Fried Noodles', 'Bee hoon, goreng', 'bee hoon']"
../foodsg-233\bee hoon\494XEZTKEX1LR7KOF7NUR3SN.jpg,bee hoon,all,a9e1ffe8379b7311ba753c7baf179bde,"['Fried Noodles', 'Bee hoon, goreng', 'bee hoon']"
../foodsg-233\Mee soto\EWMWRKNGTYYKPP91FEZGN66K.jpg,Mee soto,all,aa0f7e852d8844e5abfc0d1360b56fab,"['Mee soto', 'Bee hoon, soto', 'Soto ayam']"
"../foodsg-233\Bee hoon, soto\FEIBFG3CYRE5YV5JDG4IMQG6.jpg","Bee hoon, soto",all,aa0f7e852d8844e5abfc0d1360b56fab,"['Mee soto', 'Bee hoon, soto', 'Soto ayam']"
../foodsg-233\Soto ayam\BZO67SSC7IQQ3I30ZAJ4IODP.jpg,Soto ayam,all,aa0f7e852d8844e5abfc0d1360b56fab,"['Mee soto', 'Bee hoon, soto', 'Soto ayam']"
../foodsg-233\bee hoon\UYA975FG3UE8B57J2VK2D4PQ.jpg,bee hoon,all,aa35781995c4040be83f839fd06f7c3a,"['bee hoon', 'Bee hoon, soto']"
"../foodsg-233\Bee hoon, soto\DNNWV0SP6SOI84V555TM54WX.jpg","Bee hoon, soto",all,aa35781995c4040be83f839fd06f7c3a,"['bee hoon', 'Bee hoon, soto']"
../foodsg-233\Mee rebus\FWUUPA655MBDWXURNS8UOURP.jpg,Mee rebus,all,aa42943b6177cb64bd49881606a7b636,"['Mee rebus', 'Mee soto', 'Mee bandung']"
../foodsg-233\Mee soto\R12XG99W7M5CIPORGJL39UT0.jpg,Mee soto,all,aa42943b6177cb64bd49881606a7b636,"['Mee rebus', 'Mee soto', 'Mee bandung']"
../foodsg-233\Mee bandung\XKTQ8EXS7I1XD37WR1UDLQD0.jpg,Mee bandung,all,aa42943b6177cb64bd49881606a7b636,"['Mee rebus', 'Mee soto', 'Mee bandung']"
../foodsg-233\Soto ayam\HA4LOJRU2NU9VBMMQSVRGIKZ.jpg,Soto ayam,all,aa5afc42b08aefc602cab09511a1369a,"['Soto ayam', 'Mee soto']"
../foodsg-233\Mee soto\XGM3YCY3SU9O4NPLBLJJ7NYW.jpg,Mee soto,all,aa5afc42b08aefc602cab09511a1369a,"['Soto ayam', 'Mee soto']"
../foodsg-233\chin chow drink\PUTT2WGPRYV4E5ZSAOJF1134.jpg,chin chow drink,all,aaec3ecfdb0e03ba28a58368093eae51,"['chin chow drink', 'Bubble Milk Tea']"
../foodsg-233\Bubble Milk Tea\KDUPZW34WZ5RYH6PF30K90PQ.jpg,Bubble Milk Tea,all,aaec3ecfdb0e03ba28a58368093eae51,"['chin chow drink', 'Bubble Milk Tea']"
../foodsg-233\whole grain bread\X3X6EE9CPTY0212QU5I508I8.jpg,whole grain bread,all,aaed52b87e36121e1b19ce932a6aadcd,"['whole grain bread', 'whole wheat']"
../foodsg-233\whole wheat\2JMLVVFKZ1J9R9RYSP4XF4KD.jpg,whole wheat,all,aaed52b87e36121e1b19ce932a6aadcd,"['whole grain bread', 'whole wheat']"
"../foodsg-233\Bee hoon, soto\8M1WOBROWO2WRMK8GZL066ON.jpg","Bee hoon, soto",all,aaf9ad5c1229090e4bdd422f72dde9bb,"['Bee hoon, soto', 'Mee soto']"
../foodsg-233\Mee soto\JSBZO9GU9SJXDWMKZ60FJUBK.jpg,Mee soto,all,aaf9ad5c1229090e4bdd422f72dde9bb,"['Bee hoon, soto', 'Mee soto']"
../foodsg-233\cream soup\S31K1U15ONKOZP4HRIZKC7I5.jpg,cream soup,all,ab1e5b2bcf9655fb5405f107c3aaa088,"['cream soup', 'vegetable soup']"
../foodsg-233\vegetable soup\0J0ZQ99JH19DCXIV545MF2AN.jpg,vegetable soup,all,ab1e5b2bcf9655fb5405f107c3aaa088,"['cream soup', 'vegetable soup']"
../foodsg-233\Mee bandung\DGPW51EY4KJ5OAJQSF6MAJ8U.jpg,Mee bandung,all,ab9144a79441a668de29796d1b93c205,"['Mee bandung', 'Mee rebus']"
../foodsg-233\Mee rebus\RHMAA0WJXC5VPJ6ARXKI11CH.jpg,Mee rebus,all,ab9144a79441a668de29796d1b93c205,"['Mee bandung', 'Mee rebus']"
../foodsg-233\bak chor mee\1W5JL50M2M1OA3CZOCG560RB.jpg,bak chor mee,all,aba8ee0e802dab3bbca2e50bafac0fee,"['bak chor mee', 'mee pok']"
../foodsg-233\mee pok\2V75AS7XP3Z16EWN4SKBUE5Q.jpg,mee pok,all,aba8ee0e802dab3bbca2e50bafac0fee,"['bak chor mee', 'mee pok']"
../foodsg-233\Mee bandung\4EGYSP3F5SR50HCU1KPYVDIW.jpg,Mee bandung,all,abddd8e0761465b723355c8d6b9b8bac,"['Mee bandung', 'Mee rebus']"
../foodsg-233\Mee rebus\FMTYL0N4M6A9FTNTBC3WAG1D.jpg,Mee rebus,all,abddd8e0761465b723355c8d6b9b8bac,"['Mee bandung', 'Mee rebus']"
../foodsg-233\fried prawn\7C0R2STVH1LOHVJZYPHJQ661.jpg,fried prawn,all,ac514648c4a420ffbcf08e2ea9fe3092,"['fried prawn', 'drunken prawn']"
../foodsg-233\drunken prawn\XV3QMUFY6L0PSAXX0LOKMRCG.jpg,drunken prawn,all,ac514648c4a420ffbcf08e2ea9fe3092,"['fried prawn', 'drunken prawn']"
../foodsg-233\Claypot Rice\ESW45FUP61UF7SEW8UUHZSBK.jpg,Claypot Rice,all,ac7c0d6ed0a3d8cfcfbd86c61558fa39,"['Claypot Rice', 'yam rice']"
../foodsg-233\yam rice\RI5T7HY9BRCHZG2LOMG64X1K.jpg,yam rice,all,ac7c0d6ed0a3d8cfcfbd86c61558fa39,"['Claypot Rice', 'yam rice']"
"../foodsg-233\Bee hoon, goreng\0GR4U29LMGLHD06QQT43YR91.jpg","Bee hoon, goreng",all,ac8d1d32d303a8df0d19f98c24b67935,"['Bee hoon, goreng', 'Bee hoon, soto']"
"../foodsg-233\Bee hoon, soto\O78S5WHEM9ZF56SLU5GF40JI.jpg","Bee hoon, soto",all,ac8d1d32d303a8df0d19f98c24b67935,"['Bee hoon, goreng', 'Bee hoon, soto']"
../foodsg-233\lontong\HQBPBQ8FA1WVXDEY3H1H2JE0.jpg,lontong,all,acb3fb10ea219839a578ac2d70c08b63,"['lontong', 'Lontong with sayur lodeh']"
../foodsg-233\Lontong with sayur lodeh\HJI4IZJQND9YDXKD4G7HJM5C.jpg,Lontong with sayur lodeh,all,acb3fb10ea219839a578ac2d70c08b63,"['lontong', 'Lontong with sayur lodeh']"
../foodsg-233\bak chor mee\VEIXRWRA9XURDQJ83XDCD95J.jpg,bak chor mee,all,acc6c196ae276edd76194636aed6b55a,"['bak chor mee', 'Fish Ball Noodles']"
../foodsg-233\Fish Ball Noodles\CEI2CS76AN8AR265BD93ZF2K.jpg,Fish Ball Noodles,all,acc6c196ae276edd76194636aed6b55a,"['bak chor mee', 'Fish Ball Noodles']"
../foodsg-233\char siew pau\QYY4GCE35LY8GR99KB43YC17.jpg,char siew pau,all,acd1090aa2d663de07ba930ef77c39cd,"['char siew pau', 'steamed buns']"
../foodsg-233\steamed buns\4CSGF36WQIV6TPYU8D3GDHDF.jpg,steamed buns,all,acd1090aa2d663de07ba930ef77c39cd,"['char siew pau', 'steamed buns']"
../foodsg-233\chicken soup\G3CVB42JVUREYE67HE7KTU10.jpg,chicken soup,all,acd2aa04be58baa86817fbe3bb85726f,"['chicken soup', 'vegetable soup']"
../foodsg-233\vegetable soup\OYX6W5FU2W05UC6UYFNUWM1F.jpg,vegetable soup,all,acd2aa04be58baa86817fbe3bb85726f,"['chicken soup', 'vegetable soup']"
../foodsg-233\Seafood Noodles Soup\LKM8MBRPLQW23CZPF47PJXHW.jpg,Seafood Noodles Soup,all,ace3c017a4856878b9969e6860a7647c,"['Seafood Noodles Soup', 'bee hoon']"
../foodsg-233\bee hoon\3SLF0G6MS2XPLL9U5AIGMYKB.jpg,bee hoon,all,ace3c017a4856878b9969e6860a7647c,"['Seafood Noodles Soup', 'bee hoon']"
../foodsg-233\lontong\FO3FNRH2HGT94TVZYXF5WHA4.jpg,lontong,all,acf28d01b9b68df60a56190bc26e7df2,"['lontong', 'Lontong with sayur lodeh']"
../foodsg-233\Lontong with sayur lodeh\VOOJYAA242S496SQPQCYMBUY.jpg,Lontong with sayur lodeh,all,acf28d01b9b68df60a56190bc26e7df2,"['lontong', 'Lontong with sayur lodeh']"
../foodsg-233\strawberry\INYTES9KTMEYVPNJ8POX9NJC.jpg,strawberry,all,acf5cdd4197023308c970e7f9a18eaec,"['strawberry', 'Apple', 'honeydew']"
../foodsg-233\Apple\8P58W7K4WKOOECN4ZGXYF48V.jpg,Apple,all,acf5cdd4197023308c970e7f9a18eaec,"['strawberry', 'Apple', 'honeydew']"
../foodsg-233\honeydew\9I2QXB38M2LML2UHI0MFE59R.jpg,honeydew,all,acf5cdd4197023308c970e7f9a18eaec,"['strawberry', 'Apple', 'honeydew']"
../foodsg-233\yong tau foo\4QUVLON3PLXB6BL6ZMWO6IUG.jpg,yong tau foo,all,acf7a2253a7dd2257ec4919d0984cd37,"['yong tau foo', 'sliced fish soup']"
../foodsg-233\sliced fish soup\F18YQSX0KFWO1LM684YWFLZ8.jpg,sliced fish soup,all,acf7a2253a7dd2257ec4919d0984cd37,"['yong tau foo', 'sliced fish soup']"
../foodsg-233\Mee soto\C8UZ52ZNSS52CSL71XAGBL7K.jpg,Mee soto,all,ad3cc0a64a44f64f86874e5c6060c370,"['Mee soto', 'Soto ayam']"
../foodsg-233\Soto ayam\284VVOWVMG0DHSWCQY9VY5VS.jpg,Soto ayam,all,ad3cc0a64a44f64f86874e5c6060c370,"['Mee soto', 'Soto ayam']"
../foodsg-233\Mee kuah\7Z3DVAHSE98RERR406BCFQQA.jpg,Mee kuah,all,ad5536ecedeef4c23018d418e97b5f4d,"['Mee kuah', 'Mee rebus']"
../foodsg-233\Mee rebus\8E90QAMP6SJSPBG3V5COFJBZ.jpg,Mee rebus,all,ad5536ecedeef4c23018d418e97b5f4d,"['Mee kuah', 'Mee rebus']"
"../foodsg-233\Bee hoon, goreng\CC2EN8YISTGSSDSMGJR8QCTC.jpg","Bee hoon, goreng",all,ad58a1d8ac52e0ec075c4a7482e79e46,"['Bee hoon, goreng', 'Bee hoon, soto']"
"../foodsg-233\Bee hoon, soto\2KDS95TPRPCXFJM6SOISBM8F.jpg","Bee hoon, soto",all,ad58a1d8ac52e0ec075c4a7482e79e46,"['Bee hoon, goreng', 'Bee hoon, soto']"
../foodsg-233\Seafood Noodles Soup\Z7QUFMNR5LEHVNLGSG0AL0S9.jpg,Seafood Noodles Soup,all,ad601c8349764542e34967e3826b0beb,"['Seafood Noodles Soup', 'sliced fish soup']"
../foodsg-233\sliced fish soup\D3QLTUDLS0FUFM0NNB7L7VFH.jpg,sliced fish soup,all,ad601c8349764542e34967e3826b0beb,"['Seafood Noodles Soup', 'sliced fish soup']"
../foodsg-233\cream soup\AI42CMNI5SU45DR419Q40DBR.jpg,cream soup,all,ad942510e8e7e20397aa9ce21fe415c9,"['cream soup', 'mushroom soup']"
../foodsg-233\mushroom soup\H8XXUAM71LJDTVCB4QG4TTIZ.jpg,mushroom soup,all,ad942510e8e7e20397aa9ce21fe415c9,"['cream soup', 'mushroom soup']"
../foodsg-233\whole wheat\P9IF95L4B038CHXEHG5CO6F7.jpg,whole wheat,all,adae6be35cdad58ca51ff38f0e793dcc,"['whole wheat', 'whole grain bread']"
../foodsg-233\whole grain bread\TQI4CQDMUZ747Q896P4P7GPK.jpg,whole grain bread,all,adae6be35cdad58ca51ff38f0e793dcc,"['whole wheat', 'whole grain bread']"
../foodsg-233\Hor Fun\H8W6WGS6UMJ9SP0CCO8XZH1S.jpg,Hor Fun,all,adf20b5fe600e3dbbfb4b61e814a1b25,"['Hor Fun', 'tom yum noodle soup']"
../foodsg-233\tom yum noodle soup\0Z84DINVP5UBKHSC3FRRBZTQ.jpg,tom yum noodle soup,all,adf20b5fe600e3dbbfb4b61e814a1b25,"['Hor Fun', 'tom yum noodle soup']"
../foodsg-233\Mee soto\R2SV30NL4V4JY33TFKWXW907.jpg,Mee soto,all,ae206243c7ec54cb0076c9249cf4fc6e,"['Mee soto', 'Soto ayam']"
../foodsg-233\Soto ayam\2C2U5ELWKS01KSBFF4VJNUX3.jpg,Soto ayam,all,ae206243c7ec54cb0076c9249cf4fc6e,"['Mee soto', 'Soto ayam']"
../foodsg-233\chai tow kuay\WKQP597ETBJCUN6MJN7ZHKMJ.jpg,chai tow kuay,all,ae3d6529a81290165baa612736f1f200,"['chai tow kuay', 'Kway Teow']"
../foodsg-233\Kway Teow\KDYG50U0ABJ1312K91PD0OG7.jpg,Kway Teow,all,ae3d6529a81290165baa612736f1f200,"['chai tow kuay', 'Kway Teow']"
../foodsg-233\chicken masala\RKXSBXM8J190PKHHY1LODE86.jpg,chicken masala,all,ae5ffbc3eee0935980df79e6741af238,"['chicken masala', 'tandoori chicken']"
../foodsg-233\tandoori chicken\BWIL7AIFBGEJ004YLVBKA9FR.jpg,tandoori chicken,all,ae5ffbc3eee0935980df79e6741af238,"['chicken masala', 'tandoori chicken']"
../foodsg-233\chicken soup\YM34LW6VJCD2S574BLZLMBOF.jpg,chicken soup,all,ae63ef883eaa10f74ca0b13ab8d6cd4b,"['chicken soup', 'mushroom soup']"
../foodsg-233\mushroom soup\R8CFXYG5AWRGVZIRG2030HDD.jpg,mushroom soup,all,ae63ef883eaa10f74ca0b13ab8d6cd4b,"['chicken soup', 'mushroom soup']"
../foodsg-233\Mee siam\W1OVWL7POGFSBE1SCPRMW2MJ.jpg,Mee siam,all,ae72eaee3c0d575edb9d5f1479316ce1,"['Mee siam', 'Mee siam, fried']"
"../foodsg-233\Mee siam, fried\T3FTMAM4Z94LPC6X561B11KZ.jpg","Mee siam, fried",all,ae72eaee3c0d575edb9d5f1479316ce1,"['Mee siam', 'Mee siam, fried']"
../foodsg-233\xiao long bao\88CAZ5YVQPUVL8V1KFFQ22IM.jpg,xiao long bao,all,ae80dd46f60f157b261ca35935f23355,"['xiao long bao', 'dumpling']"
../foodsg-233\dumpling\VIE7D63D1KT5UMXANHX2QAP4.jpg,dumpling,all,ae80dd46f60f157b261ca35935f23355,"['xiao long bao', 'dumpling']"
../foodsg-233\bee hoon\S5O9KLYUIBSFJ9HKDO4Y7SU0.jpg,bee hoon,all,aeb51504f697be03e61b659b2109c496,"['bee hoon', 'Bee hoon, goreng']"
"../foodsg-233\Bee hoon, goreng\MEOKQQFCE25638TRRZX3UWU3.jpg","Bee hoon, goreng",all,aeb51504f697be03e61b659b2109c496,"['bee hoon', 'Bee hoon, goreng']"
../foodsg-233\Duck Rice\PW3GN46H6TDD3I29MRXMF1YM.jpg,Duck Rice,all,aec332358c66fec087151b6318817777,"['Duck Rice', 'char siew']"
../foodsg-233\char siew\EQ5RSDB73EBB99PY58P1YCOI.jpg,char siew,all,aec332358c66fec087151b6318817777,"['Duck Rice', 'char siew']"
../foodsg-233\bee hoon\36R82SUX9PJH6YJPX45P9N9L.jpg,bee hoon,all,aeccc528149f7e78bd57c98cf7cffdaf,"['bee hoon', 'Seafood Noodles Soup']"
../foodsg-233\Seafood Noodles Soup\ONIGPGGFAETI0JQ83EAL63S1.jpg,Seafood Noodles Soup,all,aeccc528149f7e78bd57c98cf7cffdaf,"['bee hoon', 'Seafood Noodles Soup']"
../foodsg-233\durian\9JZG7S4VX3KWVPFQP88GB7EU.jpg,durian,all,aed86c021ee817b0b336440fc15d648c,"['durian', 'jackfruit']"
../foodsg-233\jackfruit\YSW6F3WDSTZT351I3C2HTRUX.jpg,jackfruit,all,aed86c021ee817b0b336440fc15d648c,"['durian', 'jackfruit']"
"../foodsg-233\Bee hoon, goreng\9WLG4R3FCS7WTPK9YT0L3FL9.jpg","Bee hoon, goreng",all,aee2f6c216d7ccd2ba52b80fc45f7f81,"['Bee hoon, goreng', 'Mee siam, fried']"
"../foodsg-233\Mee siam, fried\8U9A0B3G2OUPJ8DU4ABD6DWR.jpg","Mee siam, fried",all,aee2f6c216d7ccd2ba52b80fc45f7f81,"['Bee hoon, goreng', 'Mee siam, fried']"
../foodsg-233\Kopi Teh Milo\M398Y8D279ULACUNWTAAR8T9.jpg,Kopi Teh Milo,all,aefcc1d416ae72a1cc67a5d7a7876b2e,"['Kopi Teh Milo', 'Bubble Milk Tea']"
../foodsg-233\Bubble Milk Tea\B7YDQTT2UOBTLVXME9ULH0JK.jpg,Bubble Milk Tea,all,aefcc1d416ae72a1cc67a5d7a7876b2e,"['Kopi Teh Milo', 'Bubble Milk Tea']"
../foodsg-233\xiao long bao\0QD1JOAT3Z5VGERG1B6W8JVZ.jpg,xiao long bao,all,af35a9327986b03a3ad66fc39e681197,"['xiao long bao', 'char siew pau']"
../foodsg-233\char siew pau\CXWOLF5XHKY839MR3X62UY0E.jpg,char siew pau,all,af35a9327986b03a3ad66fc39e681197,"['xiao long bao', 'char siew pau']"
../foodsg-233\whole wheat\2TO6CGBS9S7Y1UBHVBF7179L.jpg,whole wheat,all,af4e6da94383564c4e256904a1181cb9,"['whole wheat', 'whole grain bread']"
../foodsg-233\whole grain bread\QJ3K5YWDP9SOQLNKI46EEWO6.jpg,whole grain bread,all,af4e6da94383564c4e256904a1181cb9,"['whole wheat', 'whole grain bread']"
../foodsg-233\satay bee hoon\BALRYQXDPFTOMNH7K5IFGKJZ.jpg,satay bee hoon,all,af50fefa70303cfed7010c5440e178ea,"['satay bee hoon', 'Bee hoon, soto']"
"../foodsg-233\Bee hoon, soto\LDISZ32EOGEDK8D5NR1GIDQQ.jpg","Bee hoon, soto",all,af50fefa70303cfed7010c5440e178ea,"['satay bee hoon', 'Bee hoon, soto']"
../foodsg-233\sliced fish soup\3CXRLGQUA7OV4WSUZ88HL95R.jpg,sliced fish soup,all,aff9c65315397291d71647d58864fce3,"['sliced fish soup', 'Seafood Noodles Soup', 'bee hoon']"
../foodsg-233\Seafood Noodles Soup\OTGD55D3JDO7SHQY8D8B4BH5.jpg,Seafood Noodles Soup,all,aff9c65315397291d71647d58864fce3,"['sliced fish soup', 'Seafood Noodles Soup', 'bee hoon']"
../foodsg-233\bee hoon\ENL3B4FYYYO37HJFAQK4G0WA.jpg,bee hoon,all,aff9c65315397291d71647d58864fce3,"['sliced fish soup', 'Seafood Noodles Soup', 'bee hoon']"
../foodsg-233\tom yum noodle soup\QKG1XHVBU64MUKH7J72PMBVU.jpg,tom yum noodle soup,all,b014b341d4042ba851a7ab02f278e7f9,"['tom yum noodle soup', 'Dumpling noodle soup']"
../foodsg-233\Dumpling noodle soup\FCE57ZJLQJXR9OZMDMH5X9JA.jpg,Dumpling noodle soup,all,b014b341d4042ba851a7ab02f278e7f9,"['tom yum noodle soup', 'Dumpling noodle soup']"
../foodsg-233\Lontong with sayur lodeh\B55IP33XIAOZ6HS7US1Y7ZDU.jpg,Lontong with sayur lodeh,all,b066983853490eeb83fc23928a3814c6,"['Lontong with sayur lodeh', 'lontong']"
../foodsg-233\lontong\FYLZ7XP69O8UT4GGODW6ZTA9.jpg,lontong,all,b066983853490eeb83fc23928a3814c6,"['Lontong with sayur lodeh', 'lontong']"
"../foodsg-233\Bee hoon, goreng\BRNOQ9ZF9QW72D2CVP042UGS.jpg","Bee hoon, goreng",all,b07824daa8ce1e61b2691f47270c601e,"['Bee hoon, goreng', 'Mee siam, fried']"
"../foodsg-233\Mee siam, fried\L36LGALL25PQ6GN4OQMGZ434.jpg","Mee siam, fried",all,b07824daa8ce1e61b2691f47270c601e,"['Bee hoon, goreng', 'Mee siam, fried']"
"../foodsg-233\Bee hoon, goreng\JSPU51XR74M7230F0SJ3OAXW.jpg","Bee hoon, goreng",all,b08bceed900bb826b7ac90cf7487641c,"['Bee hoon, goreng', 'Mee siam']"
../foodsg-233\Mee siam\APLB8XYXTTFHKJMYEZLAG2EK.jpg,Mee siam,all,b08bceed900bb826b7ac90cf7487641c,"['Bee hoon, goreng', 'Mee siam']"
../foodsg-233\Mee soto\D7R19AORLLF99L9NH5Z37HE7.jpg,Mee soto,all,b08f06cbfc4a1ab0fde066cd5fc2ea59,"['Mee soto', 'Bee hoon, soto']"
"../foodsg-233\Bee hoon, soto\FQWCC26DEKTS6VPUXX3O7ZJM.jpg","Bee hoon, soto",all,b08f06cbfc4a1ab0fde066cd5fc2ea59,"['Mee soto', 'Bee hoon, soto']"
../foodsg-233\rock melon\AWCIBX422NRGU8Y2F0ZH4G3M.jpg,rock melon,all,b09cc5d5c90233ba148431917f9744e3,"['rock melon', 'honeydew']"
../foodsg-233\honeydew\O63TZLVTHZ1N0HH69AMPUN4J.jpg,honeydew,all,b09cc5d5c90233ba148431917f9744e3,"['rock melon', 'honeydew']"
../foodsg-233\Mee siam\563DLKX8RDYYKRFD2A03295W.jpg,Mee siam,all,b0d94ab1ff0fca6fd5297993ad597539,"['Mee siam', 'Mee siam, fried']"
"../foodsg-233\Mee siam, fried\L9CQZ6NQHSR5L365KVLQIGQU.jpg","Mee siam, fried",all,b0d94ab1ff0fca6fd5297993ad597539,"['Mee siam', 'Mee siam, fried']"
../foodsg-233\Lontong with sayur lodeh\F21ITND8SCJ85XO85U8WK6C7.jpg,Lontong with sayur lodeh,all,b1056e8b27ffefa0a067b97823035217,"['Lontong with sayur lodeh', 'lontong']"
../foodsg-233\lontong\0HTBTOSNL9NNL7A6MJW2A3TM.jpg,lontong,all,b1056e8b27ffefa0a067b97823035217,"['Lontong with sayur lodeh', 'lontong']"
../foodsg-233\whole wheat\NOZAZV5P2U2N0A8IIYLN43AL.jpg,whole wheat,all,b10fe5c8f61053c32ce0680ab351d628,"['whole wheat', 'whole grain bread']"
../foodsg-233\whole grain bread\BINVE1D31WZ4KXST04I8OIHZ.jpg,whole grain bread,all,b10fe5c8f61053c32ce0680ab351d628,"['whole wheat', 'whole grain bread']"
../foodsg-233\bee hoon\XSMV1JUVBW4PU8DX4LX387CD.jpg,bee hoon,all,b1254bf7758192dfcea9f548471fd4ec,"['bee hoon', 'Mee siam, fried']"
"../foodsg-233\Mee siam, fried\FYY9NIAJ51LWVZA6UGHPOFNK.jpg","Mee siam, fried",all,b1254bf7758192dfcea9f548471fd4ec,"['bee hoon', 'Mee siam, fried']"
"../foodsg-233\Mee siam, fried\XBTY52JA3VQ2QD7P89FKOPZ4.jpg","Mee siam, fried",all,b1311bbdebaae3d7b0309f5ba52154b4,"['Mee siam, fried', 'Mee siam']"
../foodsg-233\Mee siam\DKJT0R27KJPJP82DKZI7JSR3.jpg,Mee siam,all,b1311bbdebaae3d7b0309f5ba52154b4,"['Mee siam, fried', 'Mee siam']"
../foodsg-233\chicken masala\MJNIAGU17CXGX4UB2EBU4PT1.jpg,chicken masala,all,b153a0f8a51a8b6104ef04b47dd46fc1,"['chicken masala', 'Indian Prata']"
../foodsg-233\Indian Prata\S63N07EAUMT8D5BUSFREX4TP.jpg,Indian Prata,all,b153a0f8a51a8b6104ef04b47dd46fc1,"['chicken masala', 'Indian Prata']"
../foodsg-233\Chocolate\E35U1J2XWSMHUJTBPK9QIIUA.jpg,Chocolate,all,b16a6fef37a21e5b60f15a10863bdf23,"['Chocolate', 'Sweets']"
../foodsg-233\Sweets\1ML0SU48H9VJVECY6M0KPOH4.jpg,Sweets,all,b16a6fef37a21e5b60f15a10863bdf23,"['Chocolate', 'Sweets']"
"../foodsg-233\Bee hoon, soto\IZTWAM38KW6KS6GN613HK9NA.jpg","Bee hoon, soto",all,b1856930de8cf329edd1e8dc1b1dc429,"['Bee hoon, soto', 'Seafood Noodles Soup']"
../foodsg-233\Seafood Noodles Soup\5ZC7F06W1TOP1JSRH918UUWX.jpg,Seafood Noodles Soup,all,b1856930de8cf329edd1e8dc1b1dc429,"['Bee hoon, soto', 'Seafood Noodles Soup']"
../foodsg-233\fried chicken\ERDMPSUYU1BFU5FM4WUL1TL2.jpg,fried chicken,all,b1b560790f8fa18933ca57f7c5518e91,"['fried chicken', 'har cheong gai']"
../foodsg-233\har cheong gai\8GGOQJNDTUO21DDL01J3BO5A.jpg,har cheong gai,all,b1b560790f8fa18933ca57f7c5518e91,"['fried chicken', 'har cheong gai']"
../foodsg-233\Mee bandung\4MQZHFDW1FRV7A0VCIOEW7Z8.jpg,Mee bandung,all,b1d03c105f2fdb16ed377deadda1340d,"['Mee bandung', 'Mee rebus']"
../foodsg-233\Mee rebus\TEGHBZIUE5HUW2IKF3WN3REF.jpg,Mee rebus,all,b1d03c105f2fdb16ed377deadda1340d,"['Mee bandung', 'Mee rebus']"
../foodsg-233\bee hoon\9BLSWAUAJ6ZEZR8A858SBE1R.jpg,bee hoon,all,b1f3724846a54cbb1f568f124e06ba9d,"['bee hoon', 'Bee hoon, goreng']"
"../foodsg-233\Bee hoon, goreng\563QHY9311XMOJOJOVJGJJBQ.jpg","Bee hoon, goreng",all,b1f3724846a54cbb1f568f124e06ba9d,"['bee hoon', 'Bee hoon, goreng']"
../foodsg-233\Mee kuah\WFGTG3BPUXR1QOFRNVIO0W71.jpg,Mee kuah,all,b1fe715b91776c5c7325086c3d68fba1,"['Mee kuah', 'Mee bandung']"
../foodsg-233\Mee bandung\SD7WXEBLGEON07EEJVK3QBRE.jpg,Mee bandung,all,b1fe715b91776c5c7325086c3d68fba1,"['Mee kuah', 'Mee bandung']"
../foodsg-233\Mee bandung\MPFVKDF19TYF0PGG4D61B3UB.jpg,Mee bandung,all,b1ffa62e4351d31f852ba953209cf00b,"['Mee bandung', 'Mee rebus']"
../foodsg-233\Mee rebus\CE2V6BP9QQCSTPAY464D8ZLC.jpg,Mee rebus,all,b1ffa62e4351d31f852ba953209cf00b,"['Mee bandung', 'Mee rebus']"
../foodsg-233\bak chor mee\NJ8GUAU0N0V7JGWDB7UX857C.jpg,bak chor mee,all,b20ad533fb2b11700c19339700079a4d,"['bak chor mee', 'mee pok']"
../foodsg-233\mee pok\JGCLE977P2U1MOFQCVSIFZMZ.jpg,mee pok,all,b20ad533fb2b11700c19339700079a4d,"['bak chor mee', 'mee pok']"
"../foodsg-233\Mee siam, fried\EVA6UN7XCU9FC0ZVXADVT6PT.jpg","Mee siam, fried",all,b221e7c889e19d871440f1fb06a507f1,"['Mee siam, fried', 'Mee siam']"
../foodsg-233\Mee siam\D6UU984WD4VV10UIKLEK21W8.jpg,Mee siam,all,b221e7c889e19d871440f1fb06a507f1,"['Mee siam, fried', 'Mee siam']"
../foodsg-233\Mee rebus\187VZWXX4K65R03RL318TA0D.jpg,Mee rebus,all,b2387637fa1e78b65023c989fc81e916,"['Mee rebus', 'Mee soto']"
../foodsg-233\Mee soto\OS90HIDJ426T9XEJZNB9ZN9I.jpg,Mee soto,all,b2387637fa1e78b65023c989fc81e916,"['Mee rebus', 'Mee soto']"
../foodsg-233\whole grain bread\BW0L68TPS91G83ZV6KB18825.jpg,whole grain bread,all,b244bb8452ac03cdc2eb5a6091d12559,"['whole grain bread', 'whole wheat']"
../foodsg-233\whole wheat\0BIVMRZPPI18OHH9EDZ2U99P.jpg,whole wheat,all,b244bb8452ac03cdc2eb5a6091d12559,"['whole grain bread', 'whole wheat']"
../foodsg-233\Mee soto\Z8XH8DJ1ACKQ5F9DD4QZBUSA.jpg,Mee soto,all,b26064de47d9498040cbb4865d783a2b,"['Mee soto', 'Soto ayam']"
../foodsg-233\Soto ayam\YXQUFUD0UPEYRL014UP26ZVP.jpg,Soto ayam,all,b26064de47d9498040cbb4865d783a2b,"['Mee soto', 'Soto ayam']"
../foodsg-233\sliced fish soup\6OXFTYUNXLZW4OWPGXTV97Q3.jpg,sliced fish soup,all,b269f8fced303e80804799cdcbf43dfb,"['sliced fish soup', 'Seafood Noodles Soup']"
../foodsg-233\Seafood Noodles Soup\02J9STSBRW0PDYLNI4WUJD5O.jpg,Seafood Noodles Soup,all,b269f8fced303e80804799cdcbf43dfb,"['sliced fish soup', 'Seafood Noodles Soup']"
../foodsg-233\pasta - fettuccine\G4DELJLVKR0VSJMRYDDK3Q7K.jpg,pasta - fettuccine,all,b2748da7e37299b8863d301c079da88b,"['pasta - fettuccine', 'pasta - red sauce']"
../foodsg-233\pasta - red sauce\2PFU1H606MUU14LP648JJ6TT.jpg,pasta - red sauce,all,b2748da7e37299b8863d301c079da88b,"['pasta - fettuccine', 'pasta - red sauce']"
../foodsg-233\blueberries\TR54V56TVQFTY949UF6X6FVQ.jpg,blueberries,all,b28f0cead0ca1c08479a25473aef7885,"['blueberries', 'raspberry']"
../foodsg-233\raspberry\BS29I42Z5UOON9VLP57FDVDP.jpg,raspberry,all,b28f0cead0ca1c08479a25473aef7885,"['blueberries', 'raspberry']"
../foodsg-233\Soto ayam\Y7JBLNO5A0D41M5D8EFDOM45.jpg,Soto ayam,all,b2cb6c458d1074ba0055451906a81474,"['Soto ayam', 'Mee soto']"
../foodsg-233\Mee soto\7UNC6HMM58U20YEA0F0WMD0M.jpg,Mee soto,all,b2cb6c458d1074ba0055451906a81474,"['Soto ayam', 'Mee soto']"
../foodsg-233\Kway Teow\WORH1FGL70YZWUHVUBGNYF1C.jpg,Kway Teow,all,b2ed09327c36f3a08443cc381e6bd7d0,"['Kway Teow', 'chai tow kuay']"
../foodsg-233\chai tow kuay\PEMP0RD7ZTP4FU9B55865736.jpg,chai tow kuay,all,b2ed09327c36f3a08443cc381e6bd7d0,"['Kway Teow', 'chai tow kuay']"
"../foodsg-233\Bee hoon, goreng\UE2XAFQCBS9ZQPY6EDKZPCDF.jpg","Bee hoon, goreng",all,b3011060f6bcff4d5ab7bcb9b595925c,"['Bee hoon, goreng', 'Mee goreng']"
../foodsg-233\Mee goreng\M5L9BDHM2TL1R6E6NK4D3ECC.jpg,Mee goreng,all,b3011060f6bcff4d5ab7bcb9b595925c,"['Bee hoon, goreng', 'Mee goreng']"
../foodsg-233\fried prawn\7228W2EC81KI6S4CDH66RDYM.jpg,fried prawn,all,b33b094cea8b2d5de7ce78a599fec2bc,"['fried prawn', 'drunken prawn']"
../foodsg-233\drunken prawn\MJX81Q0HQCT8CTUAIU4DA5U7.jpg,drunken prawn,all,b33b094cea8b2d5de7ce78a599fec2bc,"['fried prawn', 'drunken prawn']"
"../foodsg-233\Rice, with dakgalbi\8VPFUK9T3PDBWTYZ2RV4AMHO.jpg","Rice, with dakgalbi",all,b3573b934bcc6eca1ab8dbd0287aa472,"['Rice, with dakgalbi', 'mixed vegetables']"
../foodsg-233\mixed vegetables\J6CSKMJEKL2VH7H24FV3KLKG.jpg,mixed vegetables,all,b3573b934bcc6eca1ab8dbd0287aa472,"['Rice, with dakgalbi', 'mixed vegetables']"
../foodsg-233\Mee bandung\YJA54A4CUVXH9XIDCDDA0XGO.jpg,Mee bandung,all,b3c5e0897b8a94eb7ee4166c9e8a80b5,"['Mee bandung', 'Mee rebus']"
../foodsg-233\Mee rebus\1Q2GVN1J6C2K4824J3SDZ9YG.jpg,Mee rebus,all,b3c5e0897b8a94eb7ee4166c9e8a80b5,"['Mee bandung', 'Mee rebus']"
../foodsg-233\bee hoon\X2H36QYACQJVED00V7K7N1GV.jpg,bee hoon,all,b3ce577d2566c62905c3edd0cd5254e3,"['bee hoon', 'Bee hoon, soto', 'sliced fish soup']"
"../foodsg-233\Bee hoon, soto\3RV10HJGW70X0LSGWOM9TR5I.jpg","Bee hoon, soto",all,b3ce577d2566c62905c3edd0cd5254e3,"['bee hoon', 'Bee hoon, soto', 'sliced fish soup']"
../foodsg-233\sliced fish soup\K22NVLL0J9RUZH4EU47YUZDX.jpg,sliced fish soup,all,b3ce577d2566c62905c3edd0cd5254e3,"['bee hoon', 'Bee hoon, soto', 'sliced fish soup']"
../foodsg-233\Chocolate\R1EAXUE3NVZ0UVS15JXRNLLH.jpg,Chocolate,all,b3cf7dd8f572ab3fb655b9447486d0d7,"['Chocolate', 'Sweets']"
../foodsg-233\Sweets\9UTIZHDHZFFHH1I5LV6B4G4J.jpg,Sweets,all,b3cf7dd8f572ab3fb655b9447486d0d7,"['Chocolate', 'Sweets']"
../foodsg-233\Mee soto\Z4TQ48ABS0XAF2NJFIBQLUII.jpg,Mee soto,all,b3eed668d029f78f3595054bde3dc051,"['Mee soto', 'Soto ayam']"
../foodsg-233\Soto ayam\UQ14XAY0QB85KAKRTUTX8LCU.jpg,Soto ayam,all,b3eed668d029f78f3595054bde3dc051,"['Mee soto', 'Soto ayam']"
"../foodsg-233\Bee hoon, soto\9KPX4X8TGUIZDS0QR6DY81MT.jpg","Bee hoon, soto",all,b3f97d0f3105d3d302a06138531c3789,"['Bee hoon, soto', 'Mee soto']"
../foodsg-233\Mee soto\5MTWYH8WHY4K9MEFY6ZK9MZS.jpg,Mee soto,all,b3f97d0f3105d3d302a06138531c3789,"['Bee hoon, soto', 'Mee soto']"
../foodsg-233\tortilla - plain\DEQBI92BTR24OGHWOSFEGTET.jpg,tortilla - plain,all,b3fd7620d0fd8a3dbf6207c6371aab0c,"['tortilla - plain', 'Wholegrain Wrap']"
../foodsg-233\Wholegrain Wrap\9CMZVHYBFB41U9MEWXESMPRG.jpg,Wholegrain Wrap,all,b3fd7620d0fd8a3dbf6207c6371aab0c,"['tortilla - plain', 'Wholegrain Wrap']"
../foodsg-233\Seafood Noodles Soup\4FWHIQ9S3HVTP7AG2ECRSI1A.jpg,Seafood Noodles Soup,all,b41763f2a030c114a28f7f894daac103,"['Seafood Noodles Soup', 'bee hoon']"
../foodsg-233\bee hoon\KX8PP6KNCYAZH4BNQBFT7C0I.jpg,bee hoon,all,b41763f2a030c114a28f7f894daac103,"['Seafood Noodles Soup', 'bee hoon']"
../foodsg-233\Mee bandung\IBQJMEMBZ15UJNLWZ05AZSCH.jpg,Mee bandung,all,b43e547da8b7bc16118c988d85aa5d97,"['Mee bandung', 'Mee rebus']"
../foodsg-233\Mee rebus\8J4WEZ4GAG2ZZGVODFZN3S6Q.jpg,Mee rebus,all,b43e547da8b7bc16118c988d85aa5d97,"['Mee bandung', 'Mee rebus']"
../foodsg-233\whole wheat\IATQA4HQIDEEGFFJS6UCWTP7.jpg,whole wheat,all,b455eb45ba6678969c4734611caed665,"['whole wheat', 'whole grain bread']"
../foodsg-233\whole grain bread\9RJE3PPK66LGDLU7YNV8F8T7.jpg,whole grain bread,all,b455eb45ba6678969c4734611caed665,"['whole wheat', 'whole grain bread']"
../foodsg-233\Chinese fritters\NNDL1CL1O7DZ3KVVIZ4T9JBG.jpg,Chinese fritters,all,b48b437fb74d9341d162eafba23fc319,"['Chinese fritters', 'fried prawn']"
../foodsg-233\fried prawn\YMQQVRAF82E1UMNHRBZ72OJ6.jpg,fried prawn,all,b48b437fb74d9341d162eafba23fc319,"['Chinese fritters', 'fried prawn']"
../foodsg-233\Mee soto\97QP8O8H3ODRXSPIXUTOR01B.jpg,Mee soto,all,b4b835638014553f223b776816ad7325,"['Mee soto', 'Bee hoon, soto']"
"../foodsg-233\Bee hoon, soto\IBO2OFDK0B968SXCG8G8CW6D.jpg","Bee hoon, soto",all,b4b835638014553f223b776816ad7325,"['Mee soto', 'Bee hoon, soto']"
../foodsg-233\Seafood Noodles Soup\Y50FE2QURFMWFQO8N8JBY4CC.jpg,Seafood Noodles Soup,all,b4d4794fa2d2238968b2a496167c48ae,"['Seafood Noodles Soup', 'sliced fish soup']"
../foodsg-233\sliced fish soup\0N1RFAPW6I3X7C8Z62BND0BH.jpg,sliced fish soup,all,b4d4794fa2d2238968b2a496167c48ae,"['Seafood Noodles Soup', 'sliced fish soup']"
../foodsg-233\Mee rebus\PN5SDIGEQISOWZAHOF10MRPC.jpg,Mee rebus,all,b529bce83bda9cda4a0566e35b9fda56,"['Mee rebus', 'Mee bandung']"
../foodsg-233\Mee bandung\ZC72B0DLI0VW21I5RDK20P33.jpg,Mee bandung,all,b529bce83bda9cda4a0566e35b9fda56,"['Mee rebus', 'Mee bandung']"
../foodsg-233\Mee siam\W5J81JVB3R0VMOTIZ9P2EALY.jpg,Mee siam,all,b542a013f06a402cd87ceabbcbf46523,"['Mee siam', 'Mee siam, fried']"
"../foodsg-233\Mee siam, fried\K3VPQPW3IR3WLS0LJTF2RS62.jpg","Mee siam, fried",all,b542a013f06a402cd87ceabbcbf46523,"['Mee siam', 'Mee siam, fried']"
../foodsg-233\Apple\8PR4D6S79O8MZVK4UD9RXKCV.jpg,Apple,all,b59e4fa4668388a43457f9de5b58c758,"['Apple', 'Chocolate']"
../foodsg-233\Chocolate\3UC8ZU3HZ724PEF6GSLSH5G1.jpg,Chocolate,all,b59e4fa4668388a43457f9de5b58c758,"['Apple', 'Chocolate']"
../foodsg-233\Chocolate\A2FUFFTUQT94YKWC54KUR5S0.jpg,Chocolate,all,b5a9d62b390eaecbd64bdb99d29e5d9c,"['Chocolate', 'Sweets']"
../foodsg-233\Sweets\LX9YW87JBHU6AFTVQSVQOJKW.jpg,Sweets,all,b5a9d62b390eaecbd64bdb99d29e5d9c,"['Chocolate', 'Sweets']"
../foodsg-233\cream soup\8INBTMLLW19211UDKT02IYPJ.jpg,cream soup,all,b5b028d10b0f9ba7bbc273b234e42c98,"['cream soup', 'mushroom soup']"
../foodsg-233\mushroom soup\D8QF5S80DSU0S8T57CTESADX.jpg,mushroom soup,all,b5b028d10b0f9ba7bbc273b234e42c98,"['cream soup', 'mushroom soup']"
../foodsg-233\tandoori chicken\7VPE1TXGMY4EHBEXI31XYTNS.jpg,tandoori chicken,all,b5df068443c933b368108246eb767691,"['tandoori chicken', 'chicken masala']"
../foodsg-233\chicken masala\97SCH24HCV7BK0V96EN7X69L.jpg,chicken masala,all,b5df068443c933b368108246eb767691,"['tandoori chicken', 'chicken masala']"
../foodsg-233\Mee kuah\K6Z5J84Y1N9SYTXKPZCOG9CD.jpg,Mee kuah,all,b66f68fb6f5525697107f9ca1cee2d8a,"['Mee kuah', 'Mee rebus']"
../foodsg-233\Mee rebus\LI474SGHWEALFIHD75T26RHU.jpg,Mee rebus,all,b66f68fb6f5525697107f9ca1cee2d8a,"['Mee kuah', 'Mee rebus']"
../foodsg-233\Mee siam\KUNT6MAABT846Q3MDY0GIFMR.jpg,Mee siam,all,b674be30ef8e8d37bc0544f74fcabdc8,"['Mee siam', 'Mee siam, fried']"
"../foodsg-233\Mee siam, fried\CU980HJZ5O91V2WVYVN7IW4W.jpg","Mee siam, fried",all,b674be30ef8e8d37bc0544f74fcabdc8,"['Mee siam', 'Mee siam, fried']"
../foodsg-233\Soto ayam\1QC8W0XITZW52W6FX9VNCNJW.jpg,Soto ayam,all,b691d33cd78e8d39604132265bf6cfc1,"['Soto ayam', 'Mee soto']"
../foodsg-233\Mee soto\AOGFD5S6GP22FJ9PF5E9YR43.jpg,Mee soto,all,b691d33cd78e8d39604132265bf6cfc1,"['Soto ayam', 'Mee soto']"
../foodsg-233\Mee bandung\FS5ZXZC6WUWUNQKKPDOXQV4O.jpg,Mee bandung,all,b69205079ce302ae3779dc80f68c04cc,"['Mee bandung', 'Mee rebus']"
../foodsg-233\Mee rebus\FG8GNJIUVKDFTVK8UP9X2O2C.jpg,Mee rebus,all,b69205079ce302ae3779dc80f68c04cc,"['Mee bandung', 'Mee rebus']"
../foodsg-233\whole wheat\C9AZPGQWUR12JT9LVUH9JOHH.jpg,whole wheat,all,b694a867ee73184ee48a08a95d5619b9,"['whole wheat', 'whole grain bread']"
../foodsg-233\whole grain bread\GMYT50ZAR54WA8K0ULQS7XQR.jpg,whole grain bread,all,b694a867ee73184ee48a08a95d5619b9,"['whole wheat', 'whole grain bread']"
../foodsg-233\bee hoon\ERN6SKPBR2J0U29Q0TQVF9OE.jpg,bee hoon,all,b6ac2c7a7cc5dba5f3f7788d630515f9,"['bee hoon', 'Seafood Noodles Soup']"
../foodsg-233\Seafood Noodles Soup\QFUKQIM5VNJ1GOP1FL6KUWTO.jpg,Seafood Noodles Soup,all,b6ac2c7a7cc5dba5f3f7788d630515f9,"['bee hoon', 'Seafood Noodles Soup']"
../foodsg-233\har cheong gai\C8BR1VCM4LHL38HKKZ81EOW2.jpg,har cheong gai,all,b6bd499509a3f5d7966a8650630ee8ca,"['har cheong gai', 'cooked brown rice']"
../foodsg-233\cooked brown rice\V3M1WFWFCSJJVW8EE0Z9W6GC.jpg,cooked brown rice,all,b6bd499509a3f5d7966a8650630ee8ca,"['har cheong gai', 'cooked brown rice']"
../foodsg-233\black pepper crab\LZRLNI43ZDH9RN11DF578KNW.jpg,black pepper crab,all,b711dc9ba74855dbf06cbae767a375bc,"['black pepper crab', 'chilli crab']"
../foodsg-233\chilli crab\TIFGLQYCS318YQOPHK5U9FL4.jpg,chilli crab,all,b711dc9ba74855dbf06cbae767a375bc,"['black pepper crab', 'chilli crab']"
../foodsg-233\oyster omelette\T87VBB85I9YEF1WNF9HU5P1Y.jpg,oyster omelette,all,b71bed5b0f4134e7f84fecf2de242e2e,"['oyster omelette', 'chai tow kuay']"
../foodsg-233\chai tow kuay\P5JKSLXCJB48ATLP1JXU1RMC.jpg,chai tow kuay,all,b71bed5b0f4134e7f84fecf2de242e2e,"['oyster omelette', 'chai tow kuay']"
../foodsg-233\chicken soup\HUCH2YWI72LQY1SULMHV6WRK.jpg,chicken soup,all,b72d62a0f57d4dfa0747b66d4e2bb646,"['chicken soup', 'mushroom soup']"
../foodsg-233\mushroom soup\N0V06EH2HI5YJDJA38ULNQNX.jpg,mushroom soup,all,b72d62a0f57d4dfa0747b66d4e2bb646,"['chicken soup', 'mushroom soup']"
../foodsg-233\Mee siam\63N4DUOGQ78I2UH12ZK9F1GO.jpg,Mee siam,all,b734679dbb770ec8f4c6be357d9db439,"['Mee siam', 'Mee siam, fried']"
"../foodsg-233\Mee siam, fried\9YF4ZLXAXCEJZL76AQ6SXBWY.jpg","Mee siam, fried",all,b734679dbb770ec8f4c6be357d9db439,"['Mee siam', 'Mee siam, fried']"
../foodsg-233\kueh lapis - rainbow\3B542AO9M2BXE4RZXXHYCA33.jpg,kueh lapis - rainbow,all,b736464d1cb4559eec4a5129b147c647,"['kueh lapis - rainbow', 'cake']"
../foodsg-233\cake\5XDWQ3XNZLQ2L278LVFNJLV6.jpg,cake,all,b736464d1cb4559eec4a5129b147c647,"['kueh lapis - rainbow', 'cake']"
../foodsg-233\Mee rebus\E3LZM430EMVQVX8B575ZBS8H.jpg,Mee rebus,all,b751fff65324c4aded6e5a9354527ebb,"['Mee rebus', 'Mee kuah']"
../foodsg-233\Mee kuah\KV82MRO25DJM8YBISQ9NXY5G.jpg,Mee kuah,all,b751fff65324c4aded6e5a9354527ebb,"['Mee rebus', 'Mee kuah']"
../foodsg-233\Seafood Noodles Soup\MPV6D0OF6ON71KA798ARUXHI.jpg,Seafood Noodles Soup,all,b7613f43cbc59ce520a5dcf81a3ad7db,"['Seafood Noodles Soup', 'tom yum noodle soup', 'bee hoon']"
../foodsg-233\tom yum noodle soup\5RIQ37HOO9XW306Z9817F5AH.jpg,tom yum noodle soup,all,b7613f43cbc59ce520a5dcf81a3ad7db,"['Seafood Noodles Soup', 'tom yum noodle soup', 'bee hoon']"
../foodsg-233\bee hoon\9BYS92OEG49XA8Z0LZSHU57R.jpg,bee hoon,all,b7613f43cbc59ce520a5dcf81a3ad7db,"['Seafood Noodles Soup', 'tom yum noodle soup', 'bee hoon']"
../foodsg-233\Soto ayam\IB9ZV794ICGYX8E005NXQ1AN.jpg,Soto ayam,all,b76695ab49c00b22319a23f3a7be1c97,"['Soto ayam', 'Mee soto']"
../foodsg-233\Mee soto\NX0EKSHC76B4O1BC94KYFH64.jpg,Mee soto,all,b76695ab49c00b22319a23f3a7be1c97,"['Soto ayam', 'Mee soto']"
../foodsg-233\Mee soto\S7U70WCMY4M38G0S5YG9EO14.jpg,Mee soto,all,b7b7eb2814cad9902e3f127c3c6f04cd,"['Mee soto', 'Soto ayam']"
../foodsg-233\Soto ayam\M8IXDLTAJVG320ET5QSGBP1I.jpg,Soto ayam,all,b7b7eb2814cad9902e3f127c3c6f04cd,"['Mee soto', 'Soto ayam']"
../foodsg-233\Mee siam\5U08MVMZMB1JZ9SOI0N2BHOW.jpg,Mee siam,all,b818947ace6ea4de62c9aca434d748d6,"['Mee siam', 'Mee siam, fried']"
"../foodsg-233\Mee siam, fried\NXK96LW5KMLST768UUPIDOLY.jpg","Mee siam, fried",all,b818947ace6ea4de62c9aca434d748d6,"['Mee siam', 'Mee siam, fried']"
../foodsg-233\Mee soto\CILIZ4IV3C46BDYXPMAVVTR8.jpg,Mee soto,all,b8523cddb090afd941b5320b2df3baf2,"['Mee soto', 'Soto ayam']"
../foodsg-233\Soto ayam\YB697SR5HFFKFLQJ44H0QRIZ.jpg,Soto ayam,all,b8523cddb090afd941b5320b2df3baf2,"['Mee soto', 'Soto ayam']"
../foodsg-233\Seafood Noodles Soup\G80KRXO0T6YK9TU23EK0RUB0.jpg,Seafood Noodles Soup,all,b889bb2645917387fb15c25167c71f0f,"['Seafood Noodles Soup', 'bee hoon']"
../foodsg-233\bee hoon\J4XCU3JWFBXCC43AIUCG11FP.jpg,bee hoon,all,b889bb2645917387fb15c25167c71f0f,"['Seafood Noodles Soup', 'bee hoon']"
../foodsg-233\lontong\57AUTTIYIHG3PMXP27B3WR4G.jpg,lontong,all,b8a94d7ff0b95ff48225c9027a4b6c2c,"['lontong', 'Lontong with sayur lodeh']"
../foodsg-233\Lontong with sayur lodeh\RUX28FT7FX483S6232Z1KFRV.jpg,Lontong with sayur lodeh,all,b8a94d7ff0b95ff48225c9027a4b6c2c,"['lontong', 'Lontong with sayur lodeh']"
../foodsg-233\hotplate tofu\OPKXVR2GH65DFYRZJF0VG1PE.jpg,hotplate tofu,all,b8d634f3036979f63619f64fe82667d9,"['hotplate tofu', 'mixed vegetables']"
../foodsg-233\mixed vegetables\PAOQCTY57MVS5W7K0HCTYCTA.jpg,mixed vegetables,all,b8d634f3036979f63619f64fe82667d9,"['hotplate tofu', 'mixed vegetables']"
../foodsg-233\Pomelo\ZWES4V1IRNGCGS4ZZ7IZCUZW.jpg,Pomelo,all,b8f4a4c8fdfbbf93efd2cc2ec252b05e,"['Pomelo', 'Grapefruit']"
../foodsg-233\Grapefruit\M2H6O3JLVGBS5VNBNKDAR53N.jpg,Grapefruit,all,b8f4a4c8fdfbbf93efd2cc2ec252b05e,"['Pomelo', 'Grapefruit']"
../foodsg-233\whole grain bread\OOI4AO1MWQ9HBOI1W47Z1XBD.jpg,whole grain bread,all,b92a74283ea677b2aef828aa9bd3e8dc,"['whole grain bread', 'whole wheat']"
../foodsg-233\whole wheat\MGQB6BSTBSSWMBRRI7G6P9UU.jpg,whole wheat,all,b92a74283ea677b2aef828aa9bd3e8dc,"['whole grain bread', 'whole wheat']"
../foodsg-233\lontong\4B68OLZX4JWUO3JI8ZHMAZTY.jpg,lontong,all,b931e13ff07f3ca9552406f64492492d,"['lontong', 'Lontong with sayur lodeh']"
../foodsg-233\Lontong with sayur lodeh\PQWJXF5QGF7F1LBBWPDV13DK.jpg,Lontong with sayur lodeh,all,b931e13ff07f3ca9552406f64492492d,"['lontong', 'Lontong with sayur lodeh']"
../foodsg-233\yong tau foo\Y3UAABIGMJ43SQ45TKM5X3LY.jpg,yong tau foo,all,b94b35fec5c3d40d6112e0410d55a394,"['yong tau foo', 'Laksa']"
../foodsg-233\Laksa\H81MH61028WZDVKE358RKVGH.jpg,Laksa,all,b94b35fec5c3d40d6112e0410d55a394,"['yong tau foo', 'Laksa']"
../foodsg-233\whole wheat\583T1HXLISS0UZSN04KQ0LNU.jpg,whole wheat,all,b956246a07671303f206455c463fb151,"['whole wheat', 'whole grain bread']"
../foodsg-233\whole grain bread\2AZ2GBQ4JB0U6U0EPTTYUIZ1.jpg,whole grain bread,all,b956246a07671303f206455c463fb151,"['whole wheat', 'whole grain bread']"
../foodsg-233\lontong\4I2A9HLYVI0CXHYDPG9XZ6XG.jpg,lontong,all,b97223ea0c3a1ea405c2d9575d438425,"['lontong', 'Lontong with sayur lodeh']"
../foodsg-233\Lontong with sayur lodeh\7624IDK12GWBW17FY0TSIGQF.jpg,Lontong with sayur lodeh,all,b97223ea0c3a1ea405c2d9575d438425,"['lontong', 'Lontong with sayur lodeh']"
../foodsg-233\vegetable soup\T7ZPNHCWF8ZQV0G6QXJXR19Z.jpg,vegetable soup,all,b9c154edafbd644c1d93891ff54f91f4,"['vegetable soup', 'mixed vegetables']"
../foodsg-233\mixed vegetables\9MC5CQ37U7BVPV5S3OW1QFR4.jpg,mixed vegetables,all,b9c154edafbd644c1d93891ff54f91f4,"['vegetable soup', 'mixed vegetables']"
../foodsg-233\Lontong with sayur lodeh\BSGPNWOGSX9HGLA491VMTFWM.jpg,Lontong with sayur lodeh,all,b9d019a2b273a39bfc02815238caade8,"['Lontong with sayur lodeh', 'lontong']"
../foodsg-233\lontong\UXHRT0409YNQ99OY1ICK7WWT.jpg,lontong,all,b9d019a2b273a39bfc02815238caade8,"['Lontong with sayur lodeh', 'lontong']"
../foodsg-233\Soto ayam\GWCDS0PR7OA2XOYUJ77OLX4R.jpg,Soto ayam,all,b9d8d4716e3c3752b3d181f5b585db28,"['Soto ayam', 'Mee soto']"
../foodsg-233\Mee soto\JFT9A55SL1LRPX5W6U4H50E3.jpg,Mee soto,all,b9d8d4716e3c3752b3d181f5b585db28,"['Soto ayam', 'Mee soto']"
../foodsg-233\cream soup\52ZHCIW9OCAYTYOQZIMLXEP3.jpg,cream soup,all,b9dd5852eb2eee6347fda52e8d91deae,"['cream soup', 'mushroom soup']"
../foodsg-233\mushroom soup\V7SPFDPGAOEE1QYRR0F5PHFV.jpg,mushroom soup,all,b9dd5852eb2eee6347fda52e8d91deae,"['cream soup', 'mushroom soup']"
../foodsg-233\Lontong with sayur lodeh\GAP6OQ8U62TY5Z79TD29DAZ0.jpg,Lontong with sayur lodeh,all,b9f0981e7536e72af85bc4a3a0b05d21,"['Lontong with sayur lodeh', 'lontong']"
../foodsg-233\lontong\QJFIMU7MFTEDPK5IDE4RGKE9.jpg,lontong,all,b9f0981e7536e72af85bc4a3a0b05d21,"['Lontong with sayur lodeh', 'lontong']"
../foodsg-233\Mee siam\G5ANZ2DWRNZRV214CLTM33ZV.jpg,Mee siam,all,ba0f335a04a1c1069522a3b8b0c89047,"['Mee siam', 'Mee rebus', 'Bee hoon, soto']"
../foodsg-233\Mee rebus\RS1YJIXHV8M7PV058VL1R4XT.jpg,Mee rebus,all,ba0f335a04a1c1069522a3b8b0c89047,"['Mee siam', 'Mee rebus', 'Bee hoon, soto']"
"../foodsg-233\Bee hoon, soto\H52ZEOGP2UJN2CPR9U1DU5GX.jpg","Bee hoon, soto",all,ba0f335a04a1c1069522a3b8b0c89047,"['Mee siam', 'Mee rebus', 'Bee hoon, soto']"
../foodsg-233\dumpling\6RUK1D6ZRARGMP3NY3R9K3HN.jpg,dumpling,all,ba0f66f414ce6cbe6b1037e858b20d3a,"['dumpling', 'Wanton mee, dry']"
"../foodsg-233\Wanton mee, dry\R7HC70BLYL5FC4SCS51E7EG6.jpg","Wanton mee, dry",all,ba0f66f414ce6cbe6b1037e858b20d3a,"['dumpling', 'Wanton mee, dry']"
../foodsg-233\bee hoon\XZ0UEKATRPJ9IARPJBDGFNHH.jpg,bee hoon,all,ba3b1de3aaca9fc159efd84389dc09e8,"['bee hoon', 'Seafood Noodles Soup']"
../foodsg-233\Seafood Noodles Soup\3Y6G1DGM73TZGBLT6WZFGY1W.jpg,Seafood Noodles Soup,all,ba3b1de3aaca9fc159efd84389dc09e8,"['bee hoon', 'Seafood Noodles Soup']"
../foodsg-233\chai tow kuay\D1PP6U59RIVGPMSNC09OQ999.jpg,chai tow kuay,all,ba4b8844fd27b7148d3f868e76f9fd57,"['chai tow kuay', 'Kway Teow']"
../foodsg-233\Kway Teow\N88591PXDY4G2QZ2P9Q5CD68.jpg,Kway Teow,all,ba4b8844fd27b7148d3f868e76f9fd57,"['chai tow kuay', 'Kway Teow']"
../foodsg-233\cream soup\U05G263EQ4WRXYKYG5UMJA6I.jpg,cream soup,all,ba507810bf16e04889b59b76dd0c109f,"['cream soup', 'mushroom soup']"
../foodsg-233\mushroom soup\BD5SXQVEH0M9C4VBDRUVBNX5.jpg,mushroom soup,all,ba507810bf16e04889b59b76dd0c109f,"['cream soup', 'mushroom soup']"
"../foodsg-233\Bee hoon, soto\8A9D0CQC3MA4E3K9GR4WN80A.jpg","Bee hoon, soto",all,ba61774e02f95d2e34adef664dedd1c4,"['Bee hoon, soto', 'Mee soto']"
../foodsg-233\Mee soto\DGPHH13UX23JOKP62A2DRTED.jpg,Mee soto,all,ba61774e02f95d2e34adef664dedd1c4,"['Bee hoon, soto', 'Mee soto']"
../foodsg-233\whole wheat\467G4OXINGMPC024FZNFA23V.jpg,whole wheat,all,ba6bdbce7d4d0c9dba5ea99ca479781b,"['whole wheat', 'whole grain bread']"
../foodsg-233\whole grain bread\H3O36BTNFEXKYDOS6XL4WZRS.jpg,whole grain bread,all,ba6bdbce7d4d0c9dba5ea99ca479781b,"['whole wheat', 'whole grain bread']"
../foodsg-233\Mee soto\QHAAS0LR39ZTIYEGXDYF9MU6.jpg,Mee soto,all,ba7086d69525d74c473be94fae13ecbf,"['Mee soto', 'Mee rebus']"
../foodsg-233\Mee rebus\MTD8RWP0R7PZ3JGKP2MELTQ5.jpg,Mee rebus,all,ba7086d69525d74c473be94fae13ecbf,"['Mee soto', 'Mee rebus']"
../foodsg-233\sliced fish soup\8BHS7CQIB63ICRGPT2ZWW8NG.jpg,sliced fish soup,all,ba7dac68443216d92f56121f0044af3f,"['sliced fish soup', 'Seafood Noodles Soup', 'bee hoon']"
../foodsg-233\Seafood Noodles Soup\Z6GZWK4Z28WOD2MD1DKR9YPO.jpg,Seafood Noodles Soup,all,ba7dac68443216d92f56121f0044af3f,"['sliced fish soup', 'Seafood Noodles Soup', 'bee hoon']"
../foodsg-233\bee hoon\XEUM2EGDVI4HHI18D38G97P8.jpg,bee hoon,all,ba7dac68443216d92f56121f0044af3f,"['sliced fish soup', 'Seafood Noodles Soup', 'bee hoon']"
../foodsg-233\bee hoon\5BPJDV0KT12H4PD0OJ7QQ070.jpg,bee hoon,all,baa12ddc71ff3f3ea922597bde7b908e,"['bee hoon', 'Bee hoon, goreng', 'Bee hoon, soto']"
"../foodsg-233\Bee hoon, goreng\2CQD45FD3L96ND6NHEXIEWFL.jpg","Bee hoon, goreng",all,baa12ddc71ff3f3ea922597bde7b908e,"['bee hoon', 'Bee hoon, goreng', 'Bee hoon, soto']"
"../foodsg-233\Bee hoon, soto\UNTYSNYKCZBCKCCM06OY5WZX.jpg","Bee hoon, soto",all,baa12ddc71ff3f3ea922597bde7b908e,"['bee hoon', 'Bee hoon, goreng', 'Bee hoon, soto']"
../foodsg-233\satay bee hoon\5OWQA0Z0IGIUNDQCRV9NQWYE.jpg,satay bee hoon,all,bab773a58346b45947fd22f0a78ba1c9,"['satay bee hoon', 'sambal stingray']"
../foodsg-233\sambal stingray\RRMNOV9GOZ9ICE82K3ALHDI3.jpg,sambal stingray,all,bab773a58346b45947fd22f0a78ba1c9,"['satay bee hoon', 'sambal stingray']"
../foodsg-233\Udon\KRIJCUBH8YS7ABJH5G3WZFHT.jpg,Udon,all,bac70e89cd623cb8da2629955e1d9807,"['Udon', 'Dumpling noodle soup']"
../foodsg-233\Dumpling noodle soup\S66AUO0KPLX54OLPMAROEFVD.jpg,Dumpling noodle soup,all,bac70e89cd623cb8da2629955e1d9807,"['Udon', 'Dumpling noodle soup']"
"../foodsg-233\Bee hoon, soto\EMMSIWR59QBIGDSO4BA43S6W.jpg","Bee hoon, soto",all,baef29cf6149a3b8f1ee82c857046a5d,"['Bee hoon, soto', 'Lor mee']"
../foodsg-233\Lor mee\14JTZXZSYW62SZ95TUHFHGXI.jpg,Lor mee,all,baef29cf6149a3b8f1ee82c857046a5d,"['Bee hoon, soto', 'Lor mee']"
../foodsg-233\Mee soto\FM8A4CM48CRT9UNZLDTPS9RQ.jpg,Mee soto,all,bb075fde4146ecc435a089318e07d7f7,"['Mee soto', 'Soto ayam']"
../foodsg-233\Soto ayam\2ED5K887IONC12F4KXWPRNBS.jpg,Soto ayam,all,bb075fde4146ecc435a089318e07d7f7,"['Mee soto', 'Soto ayam']"
../foodsg-233\wholegrain pasta\W33FP9B4RJCMGABOYINTLEGL.jpg,wholegrain pasta,all,bb122675d985a0800731cc3b0a20e724,"['wholegrain pasta', 'whole wheat']"
../foodsg-233\whole wheat\3CH8X4HT2HM40LTES7ZDMXZP.jpg,whole wheat,all,bb122675d985a0800731cc3b0a20e724,"['wholegrain pasta', 'whole wheat']"
../foodsg-233\whole grain bread\9JPAXPEQ9T2NR8T25MP5EDIT.jpg,whole grain bread,all,bb45fc07f58d3975fc9fbde619cc2476,"['whole grain bread', 'whole wheat']"
../foodsg-233\whole wheat\9T053MGW8VSGJYRHXQRJ2K9J.jpg,whole wheat,all,bb45fc07f58d3975fc9fbde619cc2476,"['whole grain bread', 'whole wheat']"
../foodsg-233\Snacks and Chips\VK3L1YBSXZ1H0C44YU8HZWWF.jpg,Snacks and Chips,all,bb91f06a1ce5268173b212cffecab2c4,"['Snacks and Chips', 'steamed grouper']"
../foodsg-233\steamed grouper\4XDLE9VOTCMCBLA6BFO6MERP.jpg,steamed grouper,all,bb91f06a1ce5268173b212cffecab2c4,"['Snacks and Chips', 'steamed grouper']"
../foodsg-233\whole grain bread\VD2JF1UBX9PMA7XS3V4LD20W.jpg,whole grain bread,all,bbaed529f9ef7bedc6fcad0d899e373b,"['whole grain bread', 'whole wheat']"
../foodsg-233\whole wheat\M0DFUS0ZGXHBG7C6TNTTGX3M.jpg,whole wheat,all,bbaed529f9ef7bedc6fcad0d899e373b,"['whole grain bread', 'whole wheat']"
../foodsg-233\Mee siam\8VR55PRQX19VOC5LR9N0NDIZ.jpg,Mee siam,all,bc14eb5afcaac35f24a46780c1040a69,"['Mee siam', 'Bee hoon, soto']"
"../foodsg-233\Bee hoon, soto\ET3JORXH4NUNPTJT88HNLNPB.jpg","Bee hoon, soto",all,bc14eb5afcaac35f24a46780c1040a69,"['Mee siam', 'Bee hoon, soto']"
../foodsg-233\Lontong with sayur lodeh\PPLRU39F5TJ56YJA7A0UFAPQ.jpg,Lontong with sayur lodeh,all,bc2998695da12a390746777e7672fe21,"['Lontong with sayur lodeh', 'lontong']"
../foodsg-233\lontong\F8XXDEEVKJPHLDFX3XILRVA0.jpg,lontong,all,bc2998695da12a390746777e7672fe21,"['Lontong with sayur lodeh', 'lontong']"
../foodsg-233\Soto ayam\7BKEO82DCFDONLT305RKMA1W.jpg,Soto ayam,all,bc3513ce5d5258226acfd7eb6dbe0349,"['Soto ayam', 'Bee hoon, soto', 'Mee soto']"
"../foodsg-233\Bee hoon, soto\LFU8B8FK6L32RKUQ4ZGHGS9U.jpg","Bee hoon, soto",all,bc3513ce5d5258226acfd7eb6dbe0349,"['Soto ayam', 'Bee hoon, soto', 'Mee soto']"
../foodsg-233\Mee soto\D6137PBL8AEYPT2H2R1K05AQ.jpg,Mee soto,all,bc3513ce5d5258226acfd7eb6dbe0349,"['Soto ayam', 'Bee hoon, soto', 'Mee soto']"
../foodsg-233\Lontong with sayur lodeh\HJHIWZ06IXMBXEJ9V6F12CVK.jpg,Lontong with sayur lodeh,all,bc47647f2d8d790bf4164e85a9915c84,"['Lontong with sayur lodeh', 'lontong']"
../foodsg-233\lontong\L7PGL210UAN13VF6Q3ZU8WUX.jpg,lontong,all,bc47647f2d8d790bf4164e85a9915c84,"['Lontong with sayur lodeh', 'lontong']"
../foodsg-233\Mee soto\LHGYTHSC17BQKQRU8CV1689L.jpg,Mee soto,all,bc953976458f28647ef88d904a5fd8b9,"['Mee soto', 'Soto ayam']"
../foodsg-233\Soto ayam\YGJ86HPZGOOYHFIFRB2RU4B6.jpg,Soto ayam,all,bc953976458f28647ef88d904a5fd8b9,"['Mee soto', 'Soto ayam']"
../foodsg-233\mushroom soup\JJNS7GATQE5JDA44DSQNKEAA.jpg,mushroom soup,all,bc9a26865618053b33494b17247c6a20,"['mushroom soup', 'cream soup']"
../foodsg-233\cream soup\U8RAIW3OJ67YEJQNX2PL2CYJ.jpg,cream soup,all,bc9a26865618053b33494b17247c6a20,"['mushroom soup', 'cream soup']"
../foodsg-233\mushroom soup\KXBEMML5XGG2UAHL8VC4ODOF.jpg,mushroom soup,all,bcc15095f8fa42363f1c8140f4924bff,"['mushroom soup', 'cream soup']"
../foodsg-233\cream soup\I0S4VKDPEIA3QT5JFAN6BOQW.jpg,cream soup,all,bcc15095f8fa42363f1c8140f4924bff,"['mushroom soup', 'cream soup']"
"../foodsg-233\Rice, korean bulgogi beef\ASJCMYN950LUF2GECE8RMYKJ.jpg","Rice, korean bulgogi beef",all,bcc50df4d40fde9caba81f22ef119d5d,"['Rice, korean bulgogi beef', 'Rice, with dakgalbi']"
"../foodsg-233\Rice, with dakgalbi\G1K6UZIAWCZW2UDI5E805YLN.jpg","Rice, with dakgalbi",all,bcc50df4d40fde9caba81f22ef119d5d,"['Rice, korean bulgogi beef', 'Rice, with dakgalbi']"
../foodsg-233\oyster omelette\2TI69VIK2WQGIQM103UXKVI0.jpg,oyster omelette,all,bcf1c374230bc72604dfe94ab349384d,"['oyster omelette', 'chai tow kuay']"
../foodsg-233\chai tow kuay\5DCKNH9DU13MVKZAM7ZRRWVN.jpg,chai tow kuay,all,bcf1c374230bc72604dfe94ab349384d,"['oyster omelette', 'chai tow kuay']"
../foodsg-233\satay bee hoon\OJKRKZ35Z2XRANBIDZE9SYTL.jpg,satay bee hoon,all,bd2fc3e2d07538ec0a6eb3d39c2eb1f0,"['satay bee hoon', 'bee hoon']"
../foodsg-233\bee hoon\51A11STH4S1OW5O11EO4YW5X.jpg,bee hoon,all,bd2fc3e2d07538ec0a6eb3d39c2eb1f0,"['satay bee hoon', 'bee hoon']"
../foodsg-233\char siew\1E9NHWH73KA43JM7PUCS5DEA.jpg,char siew,all,bd43963b33339c8c3ca5a9ccf59e3952,"['char siew', 'Duck Rice']"
../foodsg-233\Duck Rice\RWHTGF5ESAANACXMQ77R1HN0.jpg,Duck Rice,all,bd43963b33339c8c3ca5a9ccf59e3952,"['char siew', 'Duck Rice']"
../foodsg-233\kueh lapis baked\HQBECJKQWQ0ZKY28DNUQJ9MO.jpg,kueh lapis baked,all,bd83114d0aeb49ce13b666f248d462a9,"['kueh lapis baked', 'kueh lapis - rainbow']"
../foodsg-233\kueh lapis - rainbow\N7REQQNQ9TV1OO8E0QX1T25I.jpg,kueh lapis - rainbow,all,bd83114d0aeb49ce13b666f248d462a9,"['kueh lapis baked', 'kueh lapis - rainbow']"
../foodsg-233\Mee rebus\LHEY8HWDTWSEV9VRUA1RTBG3.jpg,Mee rebus,all,bd9ee13e1a42c34ef8ac461af562eac7,"['Mee rebus', 'Mee soto', 'Mee bandung']"
../foodsg-233\Mee soto\WIVWSNATM06NP9O5INONJT3P.jpg,Mee soto,all,bd9ee13e1a42c34ef8ac461af562eac7,"['Mee rebus', 'Mee soto', 'Mee bandung']"
../foodsg-233\Mee bandung\SATZBKESM9NXFF4FPJ5SMFIG.jpg,Mee bandung,all,bd9ee13e1a42c34ef8ac461af562eac7,"['Mee rebus', 'Mee soto', 'Mee bandung']"
"../foodsg-233\Bee hoon, soto\0AA8EVVATV1MSGYZOTHPX2CR.jpg","Bee hoon, soto",all,bda1e16a470c4f1f42bd798bb609957c,"['Bee hoon, soto', 'Mee soto']"
../foodsg-233\Mee soto\F7VFKZD5TIAQKXI4MJXVYJHD.jpg,Mee soto,all,bda1e16a470c4f1f42bd798bb609957c,"['Bee hoon, soto', 'Mee soto']"
"../foodsg-233\Bee hoon, goreng\JA8PKUEHQ2LD0PIME9MHH8N8.jpg","Bee hoon, goreng",all,bdb3965131bd4032503d1945b51d672b,"['Bee hoon, goreng', 'Mee siam, fried']"
"../foodsg-233\Mee siam, fried\K2NUMG7AAZ3XLOIDMBZUOWDC.jpg","Mee siam, fried",all,bdb3965131bd4032503d1945b51d672b,"['Bee hoon, goreng', 'Mee siam, fried']"
"../foodsg-233\Bee hoon, soto\PJ8BA153X8YND0ZS8DF01971.jpg","Bee hoon, soto",all,bde076cc83251f34b8235ffe533ca1eb,"['Bee hoon, soto', 'Laksa']"
../foodsg-233\Laksa\KBSV0Y0KZG6SW4AYHPZ60AR0.jpg,Laksa,all,bde076cc83251f34b8235ffe533ca1eb,"['Bee hoon, soto', 'Laksa']"
"../foodsg-233\Rice, korean bulgogi beef\UYIE1ZIJI5VAI2UI9FF1XUEA.jpg","Rice, korean bulgogi beef",all,be1779da9d7b21410ed0ce602968f44c,"['Rice, korean bulgogi beef', 'Rice, with dakgalbi']"
"../foodsg-233\Rice, with dakgalbi\7JF6XJFVCL93IQJ6SP9UXSIJ.jpg","Rice, with dakgalbi",all,be1779da9d7b21410ed0ce602968f44c,"['Rice, korean bulgogi beef', 'Rice, with dakgalbi']"
../foodsg-233\drunken prawn\HV8OUD0YUNH5FBTWLWYS7SCE.jpg,drunken prawn,all,be3920443e302a3f65d3fc057e44ec28,"['drunken prawn', 'fried prawn']"
../foodsg-233\fried prawn\7K4MJVS1CKQ3SCKJS1JK93SO.jpg,fried prawn,all,be3920443e302a3f65d3fc057e44ec28,"['drunken prawn', 'fried prawn']"
../foodsg-233\Mee goreng\GFKXB0YWL5L4R5X6YA10POXL.jpg,Mee goreng,all,be45c6d44f770966157984369a8abe94,"['Mee goreng', 'Bee hoon, goreng']"
"../foodsg-233\Bee hoon, goreng\JR8X18HH696L6S4R5OQ5SH62.jpg","Bee hoon, goreng",all,be45c6d44f770966157984369a8abe94,"['Mee goreng', 'Bee hoon, goreng']"
"../foodsg-233\Bee hoon, soto\7O8PE7QZGIW7AD8VVAFZ972E.jpg","Bee hoon, soto",all,be5df3c0c37fec3a169164336b259788,"['Bee hoon, soto', 'Mee soto']"
../foodsg-233\Mee soto\I6NKSC5JHUHYUQ7T815NISQR.jpg,Mee soto,all,be5df3c0c37fec3a169164336b259788,"['Bee hoon, soto', 'Mee soto']"
../foodsg-233\whole grain bread\SQ032Y5D0LYN1KBNQRS467AD.jpg,whole grain bread,all,beae8a87361211a34ebe8e327ee24c8e,"['whole grain bread', 'whole wheat']"
../foodsg-233\whole wheat\QBCVFRPR076YJ14RMF95702P.jpg,whole wheat,all,beae8a87361211a34ebe8e327ee24c8e,"['whole grain bread', 'whole wheat']"
../foodsg-233\Grapefruit\F8HE5ZTSGVBY96OCRG0TTU0B.jpg,Grapefruit,all,bed269ef22e2c9fff3d09532eaa1a547,"['Grapefruit', 'Pomelo']"
../foodsg-233\Pomelo\SUO4B4657P3HJ20D6DH7I32J.jpg,Pomelo,all,bed269ef22e2c9fff3d09532eaa1a547,"['Grapefruit', 'Pomelo']"
../foodsg-233\mushroom soup\UMTKH7TZ7HF86V75BODY14CY.jpg,mushroom soup,all,bef4b0623675d54646dbfd2d0969693a,"['mushroom soup', 'cream soup']"
../foodsg-233\cream soup\L1DCMHUE55K66YGEQ0A4IUMA.jpg,cream soup,all,bef4b0623675d54646dbfd2d0969693a,"['mushroom soup', 'cream soup']"
../foodsg-233\Seafood Noodles Soup\2AIHFESEOHN1EP5WQTV6RZCS.jpg,Seafood Noodles Soup,all,bf0005404250a71df0ca347b4f1fd04b,"['Seafood Noodles Soup', 'bee hoon']"
../foodsg-233\bee hoon\Q17JQWX22RBHLKZ1H74NJ8YW.jpg,bee hoon,all,bf0005404250a71df0ca347b4f1fd04b,"['Seafood Noodles Soup', 'bee hoon']"
../foodsg-233\cream soup\25IU0NEO5LU7CH07S0LIA5VM.jpg,cream soup,all,bf2ee440f9f9203961d9dd3f0b46026a,"['cream soup', 'mushroom soup']"
../foodsg-233\mushroom soup\CNSO9L4JY7943R2P8KAZDO32.jpg,mushroom soup,all,bf2ee440f9f9203961d9dd3f0b46026a,"['cream soup', 'mushroom soup']"
../foodsg-233\whole wheat\SNK0HKDAP643HYJE236SNP5P.jpg,whole wheat,all,bf49d653bbc98fa25cf79a43bb1658e1,"['whole wheat', 'whole grain bread']"
../foodsg-233\whole grain bread\P6A2OXGZQ5MMIRYJT9SRZUEA.jpg,whole grain bread,all,bf49d653bbc98fa25cf79a43bb1658e1,"['whole wheat', 'whole grain bread']"
../foodsg-233\Mee bandung\TZSMBU2A9Z1SGZXOM9TISC1Z.jpg,Mee bandung,all,bf4d04c0a7abdfb6e81e36e412492dc9,"['Mee bandung', 'Mee rebus']"
../foodsg-233\Mee rebus\3U3NKGFMU5964ZRRJPJ8VOEQ.jpg,Mee rebus,all,bf4d04c0a7abdfb6e81e36e412492dc9,"['Mee bandung', 'Mee rebus']"
../foodsg-233\Fish Ball Noodles\MSZ26CLZ89XR8WAX8M511SP0.jpg,Fish Ball Noodles,all,bf58cdb5a035b4dd33524dc91dd11e98,"['Fish Ball Noodles', 'bak chor mee']"
../foodsg-233\bak chor mee\YVDV4E2RQUDJMQD180201XHS.jpg,bak chor mee,all,bf58cdb5a035b4dd33524dc91dd11e98,"['Fish Ball Noodles', 'bak chor mee']"
../foodsg-233\Mee siam\VGCPKSCK7VRECEC9EF6VXWMC.jpg,Mee siam,all,bf739db97453f85c835c08554c671a86,"['Mee siam', 'Mee siam, fried']"
"../foodsg-233\Mee siam, fried\PK8ZV101VE8KEXLWOQM3GX0Y.jpg","Mee siam, fried",all,bf739db97453f85c835c08554c671a86,"['Mee siam', 'Mee siam, fried']"
../foodsg-233\pineapple\H9CI8ORQNWMXMD4FMECZZ0L4.jpg,pineapple,all,bf75efeb604dbfd6fc9808906e77bd40,"['pineapple', 'canned Fruit salad']"
../foodsg-233\canned Fruit salad\AH2UZQNPCAZC7TGMBYS7DHSI.jpg,canned Fruit salad,all,bf75efeb604dbfd6fc9808906e77bd40,"['pineapple', 'canned Fruit salad']"
../foodsg-233\Porridge\0YES977AOOV403K2507TTYYP.jpg,Porridge,all,bf93b273685e9d1e466424fbfd9574c2,"['Porridge', 'Ban Mian', 'sliced fish soup']"
../foodsg-233\Ban Mian\XOGWJHFFRP00E1G8P50NSWR1.jpg,Ban Mian,all,bf93b273685e9d1e466424fbfd9574c2,"['Porridge', 'Ban Mian', 'sliced fish soup']"
../foodsg-233\sliced fish soup\6GC3EC4EO2BIBYB226Z1ESN7.jpg,sliced fish soup,all,bf93b273685e9d1e466424fbfd9574c2,"['Porridge', 'Ban Mian', 'sliced fish soup']"
../foodsg-233\whole grain bread\N8KCZFPTIMD2Z3N7NJXKXMM0.jpg,whole grain bread,all,bf9d2b40f54faa8d9f888137d0c1a4d5,"['whole grain bread', 'whole wheat']"
../foodsg-233\whole wheat\TATUM7HV97N8YKB15KWSPAOV.jpg,whole wheat,all,bf9d2b40f54faa8d9f888137d0c1a4d5,"['whole grain bread', 'whole wheat']"
../foodsg-233\Laksa\OSHFRQ7TH09QNJ4DFN5VGEI6.jpg,Laksa,all,bfdfaeb9a4f0c8610927cd1d245db98d,"['Laksa', 'Bee hoon, soto']"
"../foodsg-233\Bee hoon, soto\PRYDXQVI3UCQBW0GOUCK7BCF.jpg","Bee hoon, soto",all,bfdfaeb9a4f0c8610927cd1d245db98d,"['Laksa', 'Bee hoon, soto']"
../foodsg-233\sliced fish soup\S0MRD0CMT12ASZVHFIJY56LM.jpg,sliced fish soup,all,bfe3e0908754c103413e6f2c8a12dc28,"['sliced fish soup', 'bee hoon']"
../foodsg-233\bee hoon\3ZXTFRCXTBGM1FLP92EEWIIG.jpg,bee hoon,all,bfe3e0908754c103413e6f2c8a12dc28,"['sliced fish soup', 'bee hoon']"
../foodsg-233\lontong\4GDZNU5XDYT2V7UJLOKJLV7X.jpg,lontong,all,bfed298143395e295a2d807a56ca828b,"['lontong', 'Lontong with sayur lodeh']"
../foodsg-233\Lontong with sayur lodeh\EVRW7XSA6MUFTZB3H0JQ75JZ.jpg,Lontong with sayur lodeh,all,bfed298143395e295a2d807a56ca828b,"['lontong', 'Lontong with sayur lodeh']"
../foodsg-233\Laksa\TPLBNDM4I40O8NYF8CD14X85.jpg,Laksa,all,bff7ccfc21272a2541d9bdb40c699a47,"['Laksa', 'yong tau foo']"
../foodsg-233\yong tau foo\B3FKEBNSQJZCWEX4NA3J7ZF1.jpg,yong tau foo,all,bff7ccfc21272a2541d9bdb40c699a47,"['Laksa', 'yong tau foo']"
../foodsg-233\honeydew\TVR13FVU8Y68Z8CLUUTDPY8M.jpg,honeydew,all,c033cf4b600fdf2cf8df882e504ae301,"['honeydew', 'rock melon']"
../foodsg-233\rock melon\9N34L749033DF1F76N2GB76T.jpg,rock melon,all,c033cf4b600fdf2cf8df882e504ae301,"['honeydew', 'rock melon']"
../foodsg-233\drunken prawn\YIXTUC356PTY2JQIRTZGTRR8.jpg,drunken prawn,all,c0b0cf454c52455dd773285293722f77,"['drunken prawn', 'mixed vegetables']"
../foodsg-233\mixed vegetables\CR5599K8XJBLPPI1KG462L0P.jpg,mixed vegetables,all,c0b0cf454c52455dd773285293722f77,"['drunken prawn', 'mixed vegetables']"
../foodsg-233\Soto ayam\OUU407BZOJAAGXEXKOV9E88A.jpg,Soto ayam,all,c0fe8bdaeb9cdb205628f79fba9b295e,"['Soto ayam', 'Mee soto']"
../foodsg-233\Mee soto\PP0JO0NOISZ6B1RHM1H24DUL.jpg,Mee soto,all,c0fe8bdaeb9cdb205628f79fba9b295e,"['Soto ayam', 'Mee soto']"
../foodsg-233\cooked white rice\58CJC8ISABM1JTB1N2PHZUEI.jpg,cooked white rice,all,c13836e7b3c0e7783497c53390e0325c,"['cooked white rice', 'cooked brown rice']"
../foodsg-233\cooked brown rice\SMYBSY1OM5BNCNINBXL91W9N.jpg,cooked brown rice,all,c13836e7b3c0e7783497c53390e0325c,"['cooked white rice', 'cooked brown rice']"
../foodsg-233\whole wheat\QV7QJN9N9ZLCMWXN1E2LV1R9.jpg,whole wheat,all,c16429c758fe1aa9c812266871d6b714,"['whole wheat', 'whole grain bread']"
../foodsg-233\whole grain bread\WOB3MFBD27WQKLL4H6KLO65S.jpg,whole grain bread,all,c16429c758fe1aa9c812266871d6b714,"['whole wheat', 'whole grain bread']"
../foodsg-233\Kway Teow\3C684VSFN43GV35403UCVDZR.jpg,Kway Teow,all,c1c2d3f67b0bd5c1b59098b44bf4137b,"['Kway Teow', 'chai tow kuay']"
../foodsg-233\chai tow kuay\P56AW468S4WCOH01SRT176GN.jpg,chai tow kuay,all,c1c2d3f67b0bd5c1b59098b44bf4137b,"['Kway Teow', 'chai tow kuay']"
../foodsg-233\black pepper crab\TYC2TL87OMQXM5RZ8WV149ZD.jpg,black pepper crab,all,c1f55680c419099c94c9158ea4e3a2b4,"['black pepper crab', 'chilli crab']"
../foodsg-233\chilli crab\67YSRN9YZ181NJJGADHB9QV8.jpg,chilli crab,all,c1f55680c419099c94c9158ea4e3a2b4,"['black pepper crab', 'chilli crab']"
../foodsg-233\Fried Noodles\QBHKN1NV7WZ6QL7VX9XRAQB2.jpg,Fried Noodles,all,c20eac9b28f43966161622d09b021b94,"['Fried Noodles', 'Mee goreng']"
../foodsg-233\Mee goreng\53YAFCKDZ5F32K1IQ8WOCYXA.jpg,Mee goreng,all,c20eac9b28f43966161622d09b021b94,"['Fried Noodles', 'Mee goreng']"
../foodsg-233\Mee soto\M9WM497GRNE6PNB20F89XVEW.jpg,Mee soto,all,c223d58ae5ba46f188730f3703818b0f,"['Mee soto', 'Soto ayam']"
../foodsg-233\Soto ayam\V9T5JGR8YEEENQGYMFXKER7Z.jpg,Soto ayam,all,c223d58ae5ba46f188730f3703818b0f,"['Mee soto', 'Soto ayam']"
../foodsg-233\breakfast cereal\I9KU33LP8JE0LINT51FKC13Y.jpg,breakfast cereal,all,c248f1d83cdfbd251467d6d3a7250894,"['breakfast cereal', 'whole oats']"
../foodsg-233\whole oats\DQFZ739U9CM3HN5IPBUPLMVG.jpg,whole oats,all,c248f1d83cdfbd251467d6d3a7250894,"['breakfast cereal', 'whole oats']"
../foodsg-233\Prawn Noodle\LQODJ5UGVXCPAOVB5OGYX7IB.jpg,Prawn Noodle,all,c286d5d2917a3dc2b4f40f3b694c8637,"['Prawn Noodle', 'Seafood Noodles Soup']"
../foodsg-233\Seafood Noodles Soup\ZDYDTJSCEXTFHAOTGFQAI9LY.jpg,Seafood Noodles Soup,all,c286d5d2917a3dc2b4f40f3b694c8637,"['Prawn Noodle', 'Seafood Noodles Soup']"
../foodsg-233\Soto ayam\O6LBQ6VXSSN5O4R565XTXI4V.jpg,Soto ayam,all,c2a0ebb2951b216e19d171ea540ae4a8,"['Soto ayam', 'Mee soto']"
../foodsg-233\Mee soto\ZHNI5OWNCMRMYJU81T80IEP5.jpg,Mee soto,all,c2a0ebb2951b216e19d171ea540ae4a8,"['Soto ayam', 'Mee soto']"
"../foodsg-233\Mee siam, fried\HE9MCSQHHCOZY20DLRTKE72K.jpg","Mee siam, fried",all,c2c5191a10c9a7bcc59ab15e4887c733,"['Mee siam, fried', 'Bee hoon, goreng']"
"../foodsg-233\Bee hoon, goreng\7SMNEX4TPN0OSI91B4R6ZUU8.jpg","Bee hoon, goreng",all,c2c5191a10c9a7bcc59ab15e4887c733,"['Mee siam, fried', 'Bee hoon, goreng']"
../foodsg-233\Fried Noodles\HUXOSDBIV8SQ7ZZZO7EACZ77.jpg,Fried Noodles,all,c2d3e188d7dff052dd734a399997fd7e,"['Fried Noodles', 'Bee hoon, soto', 'bee hoon', 'Bee hoon, goreng']"
"../foodsg-233\Bee hoon, soto\TFA3A20OKPJY33FHI63WC6O4.jpg","Bee hoon, soto",all,c2d3e188d7dff052dd734a399997fd7e,"['Fried Noodles', 'Bee hoon, soto', 'bee hoon', 'Bee hoon, goreng']"
../foodsg-233\bee hoon\7KG0IKKRPVX1AVQ2MZOOVPFN.jpg,bee hoon,all,c2d3e188d7dff052dd734a399997fd7e,"['Fried Noodles', 'Bee hoon, soto', 'bee hoon', 'Bee hoon, goreng']"
"../foodsg-233\Bee hoon, goreng\PWHX70T03JJPLEJ6O693L6T6.jpg","Bee hoon, goreng",all,c2d3e188d7dff052dd734a399997fd7e,"['Fried Noodles', 'Bee hoon, soto', 'bee hoon', 'Bee hoon, goreng']"
../foodsg-233\chicken soup\D14ZQ7AZLIZ7NTWHCG897B8B.jpg,chicken soup,all,c2e5130ad3f7aed2e7c04b80dd370bc8,"['chicken soup', 'vegetable soup']"
../foodsg-233\vegetable soup\KNGLXM9A01AZSSK74T9W2DAB.jpg,vegetable soup,all,c2e5130ad3f7aed2e7c04b80dd370bc8,"['chicken soup', 'vegetable soup']"
../foodsg-233\vegetable soup\DWZ35CBVNGFQMSXRM4R7MROM.jpg,vegetable soup,all,c2f6c75cb53c9ed75b30e79633965340,"['vegetable soup', 'mushroom soup']"
../foodsg-233\mushroom soup\5R0ERN7YPWMZFNT2UDOH0ZDH.jpg,mushroom soup,all,c2f6c75cb53c9ed75b30e79633965340,"['vegetable soup', 'mushroom soup']"
../foodsg-233\pineapple tarts\3LFIGP2P67V2L7RVIWLEXKA4.jpg,pineapple tarts,all,c314e6526937d44439a4a522705c2857,"['pineapple tarts', 'pineapple']"
../foodsg-233\pineapple\LN1G2KX023GV3EZT4P54S6G8.jpg,pineapple,all,c314e6526937d44439a4a522705c2857,"['pineapple tarts', 'pineapple']"
../foodsg-233\sliced fish soup\NBGISEG05WVL0BFCM6EFW9PF.jpg,sliced fish soup,all,c3477bb5013315b8ddd3be4feafc67f4,"['sliced fish soup', 'Seafood Noodles Soup']"
../foodsg-233\Seafood Noodles Soup\IL62WF84W9B0P7K49OO5GLV6.jpg,Seafood Noodles Soup,all,c3477bb5013315b8ddd3be4feafc67f4,"['sliced fish soup', 'Seafood Noodles Soup']"
"../foodsg-233\Bee hoon, goreng\YGBDFXVALT42MCNYWJAME8GV.jpg","Bee hoon, goreng",all,c35019e516441df86086c480e0c2f0cf,"['Bee hoon, goreng', 'Bee hoon, soto', 'bee hoon']"
"../foodsg-233\Bee hoon, soto\QBXEDH7OQULHDWNCCZGO1R21.jpg","Bee hoon, soto",all,c35019e516441df86086c480e0c2f0cf,"['Bee hoon, goreng', 'Bee hoon, soto', 'bee hoon']"
../foodsg-233\bee hoon\XBESN9NNRG33OVJ07O6QYOII.jpg,bee hoon,all,c35019e516441df86086c480e0c2f0cf,"['Bee hoon, goreng', 'Bee hoon, soto', 'bee hoon']"
../foodsg-233\whole grain bread\YYE8S5R20562FO0JZ16ICRZ7.jpg,whole grain bread,all,c36837267b7fa608de48d3cdaa081758,"['whole grain bread', 'whole wheat']"
../foodsg-233\whole wheat\6T91DRVRC01CGG7C9PLM5RM0.jpg,whole wheat,all,c36837267b7fa608de48d3cdaa081758,"['whole grain bread', 'whole wheat']"
"../foodsg-233\Bee hoon, goreng\2WJCL7DLMYYC3FTJA1B3FT86.jpg","Bee hoon, goreng",all,c37a0d91f54c64a7f89b7a35b79f3a66,"['Bee hoon, goreng', 'bee hoon']"
../foodsg-233\bee hoon\UA7Z8ED6P58Z7GQ6BYA79WR1.jpg,bee hoon,all,c37a0d91f54c64a7f89b7a35b79f3a66,"['Bee hoon, goreng', 'bee hoon']"
../foodsg-233\Soto ayam\BZIA3BHAQFOP6PBU5GOP7AIH.jpg,Soto ayam,all,c38c0e970ddc007de565411acbed9c10,"['Soto ayam', 'Mee soto']"
../foodsg-233\Mee soto\KH8W1YIPZRGBJZQKC8XSF14G.jpg,Mee soto,all,c38c0e970ddc007de565411acbed9c10,"['Soto ayam', 'Mee soto']"
"../foodsg-233\Bee hoon, soto\FCOXW8P3IN881QT8V000KMU9.jpg","Bee hoon, soto",all,c3c107f1fdf6f7c94a334b8cb8f38bcc,"['Bee hoon, soto', 'Mee rebus']"
../foodsg-233\Mee rebus\WHH20YL0ZULGJXPD53H7V8QN.jpg,Mee rebus,all,c3c107f1fdf6f7c94a334b8cb8f38bcc,"['Bee hoon, soto', 'Mee rebus']"
../foodsg-233\popiah\LPN2YXIXE501H0D4EF7QOD8T.jpg,popiah,all,c3e6ee7761bcdda82fe0713ad46b7f7a,"['popiah', 'spring rolls']"
../foodsg-233\spring rolls\2OLUHCJQ3C2WZKQ5AKFKQQS9.jpg,spring rolls,all,c3e6ee7761bcdda82fe0713ad46b7f7a,"['popiah', 'spring rolls']"
../foodsg-233\Pomelo\A0PRM6WJR4L18BD8WDNR7WS8.jpg,Pomelo,all,c3ea65ecc8603501d676e8e2f88ce251,"['Pomelo', 'Grapefruit']"
../foodsg-233\Grapefruit\EJ1PSVA4QP4DSD1ZU9Y9TC8V.jpg,Grapefruit,all,c3ea65ecc8603501d676e8e2f88ce251,"['Pomelo', 'Grapefruit']"
../foodsg-233\Mee goreng\2YISTMFW3XF3HC3Z8FKH2IVX.jpg,Mee goreng,all,c3eb6039c6baceaa620b2961e2831abb,"['Mee goreng', 'Fried Noodles']"
../foodsg-233\Fried Noodles\BNO8OV4LCBEZG2CNI6MLALT8.jpg,Fried Noodles,all,c3eb6039c6baceaa620b2961e2831abb,"['Mee goreng', 'Fried Noodles']"
"../foodsg-233\Bee hoon, soto\QMHYXBC1BR5BUG5VGCJF5CXP.jpg","Bee hoon, soto",all,c4305e0cadcb982919594b720ec31459,"['Bee hoon, soto', 'bee hoon']"
../foodsg-233\bee hoon\DZL8BVZO4WDZKNZX0770DU0I.jpg,bee hoon,all,c4305e0cadcb982919594b720ec31459,"['Bee hoon, soto', 'bee hoon']"
../foodsg-233\mixed vegetables\DJWNYC0H3JVWOIEV1XEHVFMU.jpg,mixed vegetables,all,c4433781154e8f7cf50239e014b0da0d,"['mixed vegetables', 'mushroom soup']"
../foodsg-233\mushroom soup\I5FOL7NTFLJQ1ITL467B7JUJ.jpg,mushroom soup,all,c4433781154e8f7cf50239e014b0da0d,"['mixed vegetables', 'mushroom soup']"
../foodsg-233\chicken masala\UG3AMTZG38X250W9ZD4QDBFL.jpg,chicken masala,all,c447583ecf4f730912594a5cc8409327,"['chicken masala', 'tandoori chicken']"
../foodsg-233\tandoori chicken\JW1URIJQU5GZ4TIELWONN52F.jpg,tandoori chicken,all,c447583ecf4f730912594a5cc8409327,"['chicken masala', 'tandoori chicken']"
../foodsg-233\drunken prawn\U76AA8KXW9MP17R3OPWUUHFG.jpg,drunken prawn,all,c45a5368068c6fd83e24b6db4364c480,"['drunken prawn', 'fried prawn']"
../foodsg-233\fried prawn\YNLE8ID986NGIHJBA5PAMTA4.jpg,fried prawn,all,c45a5368068c6fd83e24b6db4364c480,"['drunken prawn', 'fried prawn']"
"../foodsg-233\Bee hoon, goreng\CCHWGH845AP34I93QPA7DWUD.jpg","Bee hoon, goreng",all,c46561c0ab3886c757e339973ef7cc38,"['Bee hoon, goreng', 'Mee siam, fried', 'Fried Noodles']"
"../foodsg-233\Mee siam, fried\LAK9901PBIJL8VRLLD5Q5JV1.jpg","Mee siam, fried",all,c46561c0ab3886c757e339973ef7cc38,"['Bee hoon, goreng', 'Mee siam, fried', 'Fried Noodles']"
../foodsg-233\Fried Noodles\59GSJZQ0EYHE3YZCAFVCVGNH.jpg,Fried Noodles,all,c46561c0ab3886c757e339973ef7cc38,"['Bee hoon, goreng', 'Mee siam, fried', 'Fried Noodles']"
../foodsg-233\steamed buns\CSS2I7LXQQSXBFLC6DOX3DV6.jpg,steamed buns,all,c49e7bef5b843c0cb9ef1e708f050db4,"['steamed buns', 'char siew pau']"
../foodsg-233\char siew pau\NXS0A3EC24M9Y4F83F9DIHPT.jpg,char siew pau,all,c49e7bef5b843c0cb9ef1e708f050db4,"['steamed buns', 'char siew pau']"
../foodsg-233\whole wheat\ZPFU5AKVODTNXYKDXRGJZS58.jpg,whole wheat,all,c4a5624dc1c1cd2df7a3b98bd13aa388,"['whole wheat', 'whole grain bread']"
../foodsg-233\whole grain bread\E39TJGB2P1D9S0B9WP5EY0CR.jpg,whole grain bread,all,c4a5624dc1c1cd2df7a3b98bd13aa388,"['whole wheat', 'whole grain bread']"
../foodsg-233\whole grain bread\57NFLW2M4SJE4XWNBO3OI4E7.jpg,whole grain bread,all,c4a58f9d5589b5a77dd1a8c1c88902a4,"['whole grain bread', 'whole wheat']"
../foodsg-233\whole wheat\HJSZ2P75JJ23EEWC7N1ET4DF.jpg,whole wheat,all,c4a58f9d5589b5a77dd1a8c1c88902a4,"['whole grain bread', 'whole wheat']"
../foodsg-233\whole grain bread\SYFARX670JDXX9SQ7F6DHE8R.jpg,whole grain bread,all,c4d540af5ee317adfe0aa3a827853355,"['whole grain bread', 'whole wheat']"
../foodsg-233\whole wheat\Q2CPMISRNSMLFHNR3ARPPQ5S.jpg,whole wheat,all,c4d540af5ee317adfe0aa3a827853355,"['whole grain bread', 'whole wheat']"
../foodsg-233\rock melon\A7Y6BE11V6EDPCEVG4LAPOGA.jpg,rock melon,all,c4fe9cbe3b2349391a33554bade1ef0f,"['rock melon', 'honeydew']"
../foodsg-233\honeydew\HAX8DAWPCUMXU6XGRHFQKSQX.jpg,honeydew,all,c4fe9cbe3b2349391a33554bade1ef0f,"['rock melon', 'honeydew']"
../foodsg-233\Udon\L4ST4K0537MBWIBWMK0T9Z8V.jpg,Udon,all,c52639984b0ca26c08abbef344587fd9,"['Udon', 'Mee goreng']"
../foodsg-233\Mee goreng\UC44Q1GXLYMOKKSJD86IFI8Z.jpg,Mee goreng,all,c52639984b0ca26c08abbef344587fd9,"['Udon', 'Mee goreng']"
../foodsg-233\Soto ayam\D17120QO8J5BK14EJNCA8907.jpg,Soto ayam,all,c54062e910e1f09b43b5f4bfdc39f5d0,"['Soto ayam', 'Mee soto']"
../foodsg-233\Mee soto\NBC6NLTGCOBW02ATA07YYT8C.jpg,Mee soto,all,c54062e910e1f09b43b5f4bfdc39f5d0,"['Soto ayam', 'Mee soto']"
../foodsg-233\chicken rice\20RAITKX80OX3KXP5CCFE0T8.jpg,chicken rice,all,c5bbd580dcd55c852dbc57367e51b72e,"['chicken rice', 'Rice, korean bulgogi beef']"
"../foodsg-233\Rice, korean bulgogi beef\3ASLH477UF4PB80R11NNPKJQ.jpg","Rice, korean bulgogi beef",all,c5bbd580dcd55c852dbc57367e51b72e,"['chicken rice', 'Rice, korean bulgogi beef']"
../foodsg-233\Mee rebus\ABLMPZ7J9ALI6LQATFT9F525.jpg,Mee rebus,all,c5e15a5f9bc6572e3da23cfad7c22007,"['Mee rebus', 'Mee bandung']"
../foodsg-233\Mee bandung\5DAFGRX8APG1BYVW4XBH77NZ.jpg,Mee bandung,all,c5e15a5f9bc6572e3da23cfad7c22007,"['Mee rebus', 'Mee bandung']"
../foodsg-233\Fruit juice\GPRL3TJBLUC8SRCWA8K8CFNS.jpg,Fruit juice,all,c5f9ff44c7d8d724d673e76bd5e81fbe,"['Fruit juice', 'honeydew']"
../foodsg-233\honeydew\RRNIVE3GSGDK393GDEZSXH1L.jpg,honeydew,all,c5f9ff44c7d8d724d673e76bd5e81fbe,"['Fruit juice', 'honeydew']"
"../foodsg-233\Mee siam, fried\CFSOLPNI88K8KPDT441QPMJC.jpg","Mee siam, fried",all,c62462fc0e0c536ee92744fe4e033d53,"['Mee siam, fried', 'Bee hoon, goreng']"
"../foodsg-233\Bee hoon, goreng\6JB74OS00H8SER2O3DX477YI.jpg","Bee hoon, goreng",all,c62462fc0e0c536ee92744fe4e033d53,"['Mee siam, fried', 'Bee hoon, goreng']"
../foodsg-233\whole grain bread\VAM882WILT4E2J4CD5ALUHH8.jpg,whole grain bread,all,c6346edc6d783010c492d0bf873ea598,"['whole grain bread', 'whole wheat']"
../foodsg-233\whole wheat\U9BJIKRS7KCIEYBB1KLWNZ1C.jpg,whole wheat,all,c6346edc6d783010c492d0bf873ea598,"['whole grain bread', 'whole wheat']"
../foodsg-233\Mee soto\4FGODQPX64RSVHAEJHJK6YTX.jpg,Mee soto,all,c63973418f770a9006a60658fcca304f,"['Mee soto', 'Soto ayam']"
../foodsg-233\Soto ayam\CKN4TZIEZV3S91SBYRX9DXEU.jpg,Soto ayam,all,c63973418f770a9006a60658fcca304f,"['Mee soto', 'Soto ayam']"
"../foodsg-233\Don, unagi\LGOHSSV5IFHOK88BHDVH2VE0.jpg","Don, unagi",all,c64928f418f81e22ac353d39f61f06da,"['Don, unagi', 'Don, chicken teriyaki']"
"../foodsg-233\Don, chicken teriyaki\GD71YDXKGOY3AVDSTR1J370V.jpg","Don, chicken teriyaki",all,c64928f418f81e22ac353d39f61f06da,"['Don, unagi', 'Don, chicken teriyaki']"
../foodsg-233\Soto ayam\6M67L9B69YXOMJ1C7YH3D40Z.jpg,Soto ayam,all,c6ad9824de03b9438598de7811d9f15e,"['Soto ayam', 'Mee soto']"
../foodsg-233\Mee soto\S0CGH5HFPJ6NCX3WY6ES8PCS.jpg,Mee soto,all,c6ad9824de03b9438598de7811d9f15e,"['Soto ayam', 'Mee soto']"
../foodsg-233\whole wheat\IS1YKJK91PI7OW8V5RE95GJ0.jpg,whole wheat,all,c6b266e60741ab1676212a2e530003be,"['whole wheat', 'whole grain bread']"
../foodsg-233\whole grain bread\4SZ7PM1JIR3AENB7LPKMHILI.jpg,whole grain bread,all,c6b266e60741ab1676212a2e530003be,"['whole wheat', 'whole grain bread']"
../foodsg-233\Seafood Noodles Soup\M46A76AD12G6K6QKTULV08DB.jpg,Seafood Noodles Soup,all,c6f39b4e6f1362201c2ef10add7702dc,"['Seafood Noodles Soup', 'Bee hoon, soto']"
"../foodsg-233\Bee hoon, soto\EYBNXJVYW55OYEPRA5YI9OUH.jpg","Bee hoon, soto",all,c6f39b4e6f1362201c2ef10add7702dc,"['Seafood Noodles Soup', 'Bee hoon, soto']"
../foodsg-233\Soto ayam\3XP5EHIOYGXZH06ADVA50XNM.jpg,Soto ayam,all,c70610e465e79af1cb1575856776eb15,"['Soto ayam', 'Mee soto']"
../foodsg-233\Mee soto\B2RUPF4MAQ1CSTOUFSTWNZMB.jpg,Mee soto,all,c70610e465e79af1cb1575856776eb15,"['Soto ayam', 'Mee soto']"
../foodsg-233\Dumpling noodle soup\DA0WUNIIDYD6EVSYWGOFC06I.jpg,Dumpling noodle soup,all,c72e16958723d38edbae1962cca725cd,"['Dumpling noodle soup', 'beef noodle soup']"
../foodsg-233\beef noodle soup\5QLOFIHFJ272RU0G3NDE3D3Z.jpg,beef noodle soup,all,c72e16958723d38edbae1962cca725cd,"['Dumpling noodle soup', 'beef noodle soup']"
"../foodsg-233\Bee hoon, soto\RJPQTHMZ7EK4XB2DOB5FSNJ9.jpg","Bee hoon, soto",all,c731fae791530998701c2e08b5346082,"['Bee hoon, soto', 'bee hoon']"
../foodsg-233\bee hoon\QBOXLAKSXC1MHPIKTS6YUQA5.jpg,bee hoon,all,c731fae791530998701c2e08b5346082,"['Bee hoon, soto', 'bee hoon']"
../foodsg-233\Mee goreng\475SOV23HSD1QPZRR64RHB1O.jpg,Mee goreng,all,c7a0280ec9896c5aaf8d9f572ff9f63d,"['Mee goreng', 'Wanton mee, dry']"
"../foodsg-233\Wanton mee, dry\L09QBLLTOIGGBM40A2NK5W52.jpg","Wanton mee, dry",all,c7a0280ec9896c5aaf8d9f572ff9f63d,"['Mee goreng', 'Wanton mee, dry']"
../foodsg-233\Prawn Noodle\9WI76T1J5EDEJJRLTG0MT0MX.jpg,Prawn Noodle,all,c814abd52e03d1ca9feab6567b37225e,"['Prawn Noodle', 'Dumpling noodle soup']"
../foodsg-233\Dumpling noodle soup\IZCWE7GW1VKM6TI2HRZNLY18.jpg,Dumpling noodle soup,all,c814abd52e03d1ca9feab6567b37225e,"['Prawn Noodle', 'Dumpling noodle soup']"
../foodsg-233\Mee rebus\IRKLF4MC6GJWRK4PNYCRUDUC.jpg,Mee rebus,all,c82c60bc433cb639a60f2f7769754753,"['Mee rebus', 'Mee bandung']"
../foodsg-233\Mee bandung\PSQE1ODJHGW5G7LX85JHET8D.jpg,Mee bandung,all,c82c60bc433cb639a60f2f7769754753,"['Mee rebus', 'Mee bandung']"
../foodsg-233\Mee bandung\BZ9LXN0UW38Y95XH59C933HV.jpg,Mee bandung,all,c894390a894858273fdbe96c01ec5926,"['Mee bandung', 'Mee rebus', 'Mee soto']"
../foodsg-233\Mee rebus\WX28BJ5Z0A609PHTQZPBK9BC.jpg,Mee rebus,all,c894390a894858273fdbe96c01ec5926,"['Mee bandung', 'Mee rebus', 'Mee soto']"
../foodsg-233\Mee soto\1DREQYTGZMJEQ1JXFM8QR1S1.jpg,Mee soto,all,c894390a894858273fdbe96c01ec5926,"['Mee bandung', 'Mee rebus', 'Mee soto']"
../foodsg-233\chai tow kuay\IALCFE9LAHGYKQO6QTBRVSAF.jpg,chai tow kuay,all,c898bdb3ed34ec9ed0f209cd359ae3cc,"['chai tow kuay', 'rojak']"
../foodsg-233\rojak\PPR3GXZFJUYEPB7PGGG60T20.jpg,rojak,all,c898bdb3ed34ec9ed0f209cd359ae3cc,"['chai tow kuay', 'rojak']"
"../foodsg-233\Bee hoon, soto\PM15AAD22JRFJ4B3AOS55QJ5.jpg","Bee hoon, soto",all,c8af7cae666c64505f9b1e0d6b9c5c46,"['Bee hoon, soto', 'Soto ayam']"
../foodsg-233\Soto ayam\MVMSTE46R8H9ZSZ6CYXS2QPB.jpg,Soto ayam,all,c8af7cae666c64505f9b1e0d6b9c5c46,"['Bee hoon, soto', 'Soto ayam']"
../foodsg-233\Mee kuah\Y33ERA46VMJTST1Z1FUJE0CS.jpg,Mee kuah,all,c8b92b1bbb7f6b30fc653287dd6b6fc9,"['Mee kuah', 'Mee bandung']"
../foodsg-233\Mee bandung\215641IBEJHCWXHI73BUW05M.jpg,Mee bandung,all,c8b92b1bbb7f6b30fc653287dd6b6fc9,"['Mee kuah', 'Mee bandung']"
../foodsg-233\Lontong with sayur lodeh\SMT6N68XXQAVHW6EE53U8QAQ.jpg,Lontong with sayur lodeh,all,c8bf56b93b26b7cc5f649633d90c5128,"['Lontong with sayur lodeh', 'lontong']"
../foodsg-233\lontong\HJHHF39D24UQ1LK97YZKV4ZD.jpg,lontong,all,c8bf56b93b26b7cc5f649633d90c5128,"['Lontong with sayur lodeh', 'lontong']"
../foodsg-233\bee hoon\RHRAGNYL3HQH6N9JNQ1ZR79M.jpg,bee hoon,all,c9065582a932203454fe9fba7cfdb6f8,"['bee hoon', 'Mee siam, fried']"
"../foodsg-233\Mee siam, fried\URM7IS5UA84IGF0PI77KI742.jpg","Mee siam, fried",all,c9065582a932203454fe9fba7cfdb6f8,"['bee hoon', 'Mee siam, fried']"
../foodsg-233\Nasi Ambeng\XG3AK2UL5PPSFM0M12674EZ8.jpg,Nasi Ambeng,all,c90e58fd7b27bc5b2153c108b08cf518,"['Nasi Ambeng', 'tumpeng']"
../foodsg-233\tumpeng\SFZWFAH4KM8PT1TEO1OLYIW1.jpg,tumpeng,all,c90e58fd7b27bc5b2153c108b08cf518,"['Nasi Ambeng', 'tumpeng']"
../foodsg-233\whole grain bread\LAX2VZNTZJ1PFAGLDI32D0AV.jpg,whole grain bread,all,c91609eee17763b7c5c9bcc48112cb38,"['whole grain bread', 'whole wheat']"
../foodsg-233\whole wheat\W9UZI4ALY7Z0667UEG9FUNO8.jpg,whole wheat,all,c91609eee17763b7c5c9bcc48112cb38,"['whole grain bread', 'whole wheat']"
../foodsg-233\oyster omelette\F0QDNSPEHTFROLUBDXGXE0TG.jpg,oyster omelette,all,c96dbba4c8dc03f9308aa4a08019f3f2,"['oyster omelette', 'chai tow kuay']"
../foodsg-233\chai tow kuay\FCE1VDSPYB0WSFO3DGLLJYMT.jpg,chai tow kuay,all,c96dbba4c8dc03f9308aa4a08019f3f2,"['oyster omelette', 'chai tow kuay']"
../foodsg-233\Mee rebus\81DUG50R1M1DYHH18APS6XVR.jpg,Mee rebus,all,c9746db215d97ba3df885ae9fcf13473,"['Mee rebus', 'Mee bandung']"
../foodsg-233\Mee bandung\B3LF1DEDYQXJS3ODR6U77LWA.jpg,Mee bandung,all,c9746db215d97ba3df885ae9fcf13473,"['Mee rebus', 'Mee bandung']"
../foodsg-233\Mee siam\K2YHZVES12F8JVZG9EZIAL98.jpg,Mee siam,all,c97823feb65e9bb3860bae0cf71592cf,"['Mee siam', 'Mee siam, fried']"
"../foodsg-233\Mee siam, fried\8EY7SIPIMLO1IHSYT398XGOL.jpg","Mee siam, fried",all,c97823feb65e9bb3860bae0cf71592cf,"['Mee siam', 'Mee siam, fried']"
../foodsg-233\whole wheat\2J0CQOZHJB5C9WUPV8646QCZ.jpg,whole wheat,all,ca8780bbfe016d98ec72a3a4e3d90396,"['whole wheat', 'whole grain bread']"
../foodsg-233\whole grain bread\ETKEPD2CKUDN9T6XUXH5QOWB.jpg,whole grain bread,all,ca8780bbfe016d98ec72a3a4e3d90396,"['whole wheat', 'whole grain bread']"
../foodsg-233\Mee siam\CZ57JUER1P8ENPKYC75E878B.jpg,Mee siam,all,cab3c2f79a5b0d850ff41d85e41dd120,"['Mee siam', 'Mee siam, fried']"
"../foodsg-233\Mee siam, fried\NQLYDZXCNYMNVCRAU976ZA81.jpg","Mee siam, fried",all,cab3c2f79a5b0d850ff41d85e41dd120,"['Mee siam', 'Mee siam, fried']"
../foodsg-233\Mee siam\PV556PCFSPB4SEJHSP7Y5NV6.jpg,Mee siam,all,cab5503c26253dabd7152584fa08ca8b,"['Mee siam', 'Mee siam, fried']"
"../foodsg-233\Mee siam, fried\QXZLI9AC61XNVOQ2B4MV2W3R.jpg","Mee siam, fried",all,cab5503c26253dabd7152584fa08ca8b,"['Mee siam', 'Mee siam, fried']"
../foodsg-233\rock melon\1Q83QABZZYQC2NAU2TWO8G2I.jpg,rock melon,all,caeb67c605eaeb1b257aac6596839387,"['rock melon', 'Fruit juice']"
../foodsg-233\Fruit juice\B8WO388145HCZQFXJJX4DSU9.jpg,Fruit juice,all,caeb67c605eaeb1b257aac6596839387,"['rock melon', 'Fruit juice']"
../foodsg-233\chai tow kuay\CRI2GAZRKNHSBLK0C9XBUKIU.jpg,chai tow kuay,all,cb44629559535286119a6954d475ef65,"['chai tow kuay', 'rojak']"
../foodsg-233\rojak\20XI39R1SXS0S5QYK20NH7F1.jpg,rojak,all,cb44629559535286119a6954d475ef65,"['chai tow kuay', 'rojak']"
../foodsg-233\Soto ayam\ZTK4FSQQNLBMTKNTDIFC3HI7.jpg,Soto ayam,all,cb52659e4713c43e52d574e3c7ccc4e9,"['Soto ayam', 'Mee soto']"
../foodsg-233\Mee soto\9VKD9F9A93QUKVHPGUXM8U0K.jpg,Mee soto,all,cb52659e4713c43e52d574e3c7ccc4e9,"['Soto ayam', 'Mee soto']"
../foodsg-233\sliced fish soup\U7QR6RC1TTRXJQ3X3T3EIED4.jpg,sliced fish soup,all,cb5cf80f7232cc08c7ac29e158d1c402,"['sliced fish soup', 'cream soup']"
../foodsg-233\cream soup\T9IIJ6MN7QM2P5YU3BBAY18Y.jpg,cream soup,all,cb5cf80f7232cc08c7ac29e158d1c402,"['sliced fish soup', 'cream soup']"
../foodsg-233\beef noodle soup\HEOICGL1FZIXC39Y530UUH0U.jpg,beef noodle soup,all,cb69d440a507bb149cd762c0a8a2a736,"['beef noodle soup', 'Lor mee']"
../foodsg-233\Lor mee\DMHZB2QOCY3WLX8VWUN8KF49.jpg,Lor mee,all,cb69d440a507bb149cd762c0a8a2a736,"['beef noodle soup', 'Lor mee']"
../foodsg-233\Soto ayam\Q1HVQ9KFFFS0YYCYC9U3EIM0.jpg,Soto ayam,all,cb6e40dc54abab9a6b85422390c857f1,"['Soto ayam', 'Mee soto', 'Bee hoon, soto']"
../foodsg-233\Mee soto\KW3HDGG7QSB4B5ULS6504RFJ.jpg,Mee soto,all,cb6e40dc54abab9a6b85422390c857f1,"['Soto ayam', 'Mee soto', 'Bee hoon, soto']"
"../foodsg-233\Bee hoon, soto\O59Z2WFWNOAMNDDHRF9GULQC.jpg","Bee hoon, soto",all,cb6e40dc54abab9a6b85422390c857f1,"['Soto ayam', 'Mee soto', 'Bee hoon, soto']"
../foodsg-233\honeydew\4FPJX8P56M68Y6J54G6TS1E0.jpg,honeydew,all,cb6e6fc8a1c62da923a4f97909b90154,"['honeydew', 'Fruit juice']"
../foodsg-233\Fruit juice\JMA9DMJ7BVR82X17WKEN3EDQ.jpg,Fruit juice,all,cb6e6fc8a1c62da923a4f97909b90154,"['honeydew', 'Fruit juice']"
../foodsg-233\chin chow drink\Q4LK02PY6U7K7FRMLWPQNQ2Z.jpg,chin chow drink,all,cb7566452e28753674cd4591d41845d9,"['chin chow drink', 'Bubble Milk Tea']"
../foodsg-233\Bubble Milk Tea\PBRMYDWT4Z5VPUXV7WTNSCQ9.jpg,Bubble Milk Tea,all,cb7566452e28753674cd4591d41845d9,"['chin chow drink', 'Bubble Milk Tea']"
../foodsg-233\drunken prawn\9RJPT4BKLGY3T7OBG4QW18DI.jpg,drunken prawn,all,cb94f89913aabf7f3d656626dd27be43,"['drunken prawn', 'fried prawn']"
../foodsg-233\fried prawn\2GQ9EM6OAQC6S1IKIDR8SQAH.jpg,fried prawn,all,cb94f89913aabf7f3d656626dd27be43,"['drunken prawn', 'fried prawn']"
../foodsg-233\bee hoon\CRR4MH4DPHP4CYAJ5283LXBZ.jpg,bee hoon,all,cbcc2e1786c2d3775d17e3c2f5f2a88d,"['bee hoon', 'Bee hoon, soto']"
"../foodsg-233\Bee hoon, soto\BY9PZP4J4VPJJVMHOZOJ13X8.jpg","Bee hoon, soto",all,cbcc2e1786c2d3775d17e3c2f5f2a88d,"['bee hoon', 'Bee hoon, soto']"
../foodsg-233\Lontong with sayur lodeh\H4JF1XPIMJM779XSWVWN3IC6.jpg,Lontong with sayur lodeh,all,cbdec86d83c8f5f09a96c6e8fcff201b,"['Lontong with sayur lodeh', 'lontong']"
../foodsg-233\lontong\DC5ALD1ETVU0Z2UCCIQQ8OF0.jpg,lontong,all,cbdec86d83c8f5f09a96c6e8fcff201b,"['Lontong with sayur lodeh', 'lontong']"
../foodsg-233\Claypot Rice\RSMPP5ALBJAZ1TTKOIOAG50M.jpg,Claypot Rice,all,cc2175ab520ec959e094c0006e61bcb5,"['Claypot Rice', 'mixed vegetables']"
../foodsg-233\mixed vegetables\M937EZB6YHEDYU75FCS251SV.jpg,mixed vegetables,all,cc2175ab520ec959e094c0006e61bcb5,"['Claypot Rice', 'mixed vegetables']"
"../foodsg-233\Wanton mee, dry\T5DQZEKQQ6VWQ3X9YBXJUROA.jpg","Wanton mee, dry",all,cc4233fabfe2a347494fc3ab761a9d2b,"['Wanton mee, dry', 'Fried Noodles']"
../foodsg-233\Fried Noodles\TIHLJSRVPEFLMNWKXP1AD8IO.jpg,Fried Noodles,all,cc4233fabfe2a347494fc3ab761a9d2b,"['Wanton mee, dry', 'Fried Noodles']"
"../foodsg-233\Mee siam, fried\P8Y3PAMYSC4S4SD9NVI2BD4Q.jpg","Mee siam, fried",all,cc950bc1a1e9e8b1668608fb691caa8c,"['Mee siam, fried', 'Mee siam']"
../foodsg-233\Mee siam\76MNGNE2331YBSF18QTVINQH.jpg,Mee siam,all,cc950bc1a1e9e8b1668608fb691caa8c,"['Mee siam, fried', 'Mee siam']"
../foodsg-233\mixed vegetables\EA430CJNJQG1S2RBOFM281TP.jpg,mixed vegetables,all,ccb8217933bfc5f2e1b2a612bec3bf6c,"['mixed vegetables', 'green leafy vegetables']"
../foodsg-233\green leafy vegetables\PUEC3P2J05390HBVCZ70LZBX.jpg,green leafy vegetables,all,ccb8217933bfc5f2e1b2a612bec3bf6c,"['mixed vegetables', 'green leafy vegetables']"
../foodsg-233\Lontong with sayur lodeh\7YS8ATB9VTV2P6P298SIYZK7.jpg,Lontong with sayur lodeh,all,ccc8a41b76213e1698a7b2436679e26f,"['Lontong with sayur lodeh', 'lontong']"
../foodsg-233\lontong\3X682ZNPXRRTB37FIDL8BVKD.jpg,lontong,all,ccc8a41b76213e1698a7b2436679e26f,"['Lontong with sayur lodeh', 'lontong']"
../foodsg-233\Mee rebus\AHO5BP4O0ONLFKBH6I6XJ05C.jpg,Mee rebus,all,ccd20558c0c39df9cfe0e0ac26b7ba47,"['Mee rebus', 'Mee kuah']"
../foodsg-233\Mee kuah\DXPTEHKPZCG7KL95PFZWXENW.jpg,Mee kuah,all,ccd20558c0c39df9cfe0e0ac26b7ba47,"['Mee rebus', 'Mee kuah']"
../foodsg-233\whole wheat\R3SSW5L5MLYNCG3LCOUVOUY8.jpg,whole wheat,all,cce0fbd28c77618025b5ad23d42064e1,"['whole wheat', 'whole grain bread']"
../foodsg-233\whole grain bread\Q3YEWHBL4J4W44CT76FXQ5N3.jpg,whole grain bread,all,cce0fbd28c77618025b5ad23d42064e1,"['whole wheat', 'whole grain bread']"
../foodsg-233\Pomelo\1DJ06RCLBNBFLIT4ZES369LQ.jpg,Pomelo,all,ccff8dc2623cf1e6c0a4a028e00dd8b6,"['Pomelo', 'Grapefruit']"
../foodsg-233\Grapefruit\GLBMMZXGIH7L8JPHRUQ9GN61.jpg,Grapefruit,all,ccff8dc2623cf1e6c0a4a028e00dd8b6,"['Pomelo', 'Grapefruit']"
../foodsg-233\bee hoon\T4B73XPHZO0M6ZXLT8CGTH4O.jpg,bee hoon,all,cd0f7435a673edcfcb0569aa832d360d,"['bee hoon', 'Bee hoon, soto']"
"../foodsg-233\Bee hoon, soto\XBQ39R712RWJZAZADGNV0S4C.jpg","Bee hoon, soto",all,cd0f7435a673edcfcb0569aa832d360d,"['bee hoon', 'Bee hoon, soto']"
../foodsg-233\Mee siam\QVI8YO8XAPT09UG6WG03A6W4.jpg,Mee siam,all,cd5d7e71f5ba71516975e99ef35fb48c,"['Mee siam', 'Mee siam, fried']"
"../foodsg-233\Mee siam, fried\GJ15FH0P685JRX9TBH0PLKL7.jpg","Mee siam, fried",all,cd5d7e71f5ba71516975e99ef35fb48c,"['Mee siam', 'Mee siam, fried']"
../foodsg-233\mushroom soup\B7LQCZLDPSPCSDQ8TG0Z9GGX.jpg,mushroom soup,all,cd5eae9b9d21132be3e251506621893f,"['mushroom soup', 'cream soup']"
../foodsg-233\cream soup\FFD68OPRCFJNF1C75WHEZIDB.jpg,cream soup,all,cd5eae9b9d21132be3e251506621893f,"['mushroom soup', 'cream soup']"
../foodsg-233\Grapefruit\B6OIFCXA9PSQEZEX008KB7ZP.jpg,Grapefruit,all,cd5f807db84e8e5bd6337a3ba9d9a21b,"['Grapefruit', 'Pomelo']"
../foodsg-233\Pomelo\14S07JK0FE4DO03RUI14EYRF.jpg,Pomelo,all,cd5f807db84e8e5bd6337a3ba9d9a21b,"['Grapefruit', 'Pomelo']"
../foodsg-233\Mee rebus\TQCD9Y9ABI9OEQFFKO0C6QTR.jpg,Mee rebus,all,cd813e2c21f580205ab8b729ad2e0e16,"['Mee rebus', 'Mee bandung', 'Mee kuah']"
../foodsg-233\Mee bandung\1VZUSLJBOBDFHEEE5MLB89FV.jpg,Mee bandung,all,cd813e2c21f580205ab8b729ad2e0e16,"['Mee rebus', 'Mee bandung', 'Mee kuah']"
../foodsg-233\Mee kuah\R9GBXQ1UDIOASGHMSVZCWN0F.jpg,Mee kuah,all,cd813e2c21f580205ab8b729ad2e0e16,"['Mee rebus', 'Mee bandung', 'Mee kuah']"
../foodsg-233\bee hoon\I7QWT8UZE1L4V0IUA6DFBTIL.jpg,bee hoon,all,cdc7a3c09a1b648cf34d418568543b25,"['bee hoon', 'Mee siam, fried', 'Bee hoon, goreng']"
"../foodsg-233\Mee siam, fried\2MPBPPVSEVQ3DLRULBFP9OJO.jpg","Mee siam, fried",all,cdc7a3c09a1b648cf34d418568543b25,"['bee hoon', 'Mee siam, fried', 'Bee hoon, goreng']"
"../foodsg-233\Bee hoon, goreng\ZGBD8MNU14T2FKXJGTXQGELN.jpg","Bee hoon, goreng",all,cdc7a3c09a1b648cf34d418568543b25,"['bee hoon', 'Mee siam, fried', 'Bee hoon, goreng']"
"../foodsg-233\Mee siam, fried\UZV4O4CBY94AQPFE6NH3E2XY.jpg","Mee siam, fried",all,cdd21ee585bc525e315d25cdaf4cfe57,"['Mee siam, fried', 'Mee siam']"
../foodsg-233\Mee siam\1VB33KW3T7AA27TIAVQUS15A.jpg,Mee siam,all,cdd21ee585bc525e315d25cdaf4cfe57,"['Mee siam, fried', 'Mee siam']"
../foodsg-233\satay bee hoon\F6IEPXJZ7OG8TE6B45SSYZSY.jpg,satay bee hoon,all,cdfb9f478bc50e94f18ef8a48493b7c2,"['satay bee hoon', 'bee hoon']"
../foodsg-233\bee hoon\60H6H5YPVIOCCN1A5J9UFGMS.jpg,bee hoon,all,cdfb9f478bc50e94f18ef8a48493b7c2,"['satay bee hoon', 'bee hoon']"
../foodsg-233\char siew pau\VZ3K5HS0IQ8GGZDICV5ZNWXT.jpg,char siew pau,all,ce2152af24137ee2e1a615019bd08235,"['char siew pau', 'steamed buns']"
../foodsg-233\steamed buns\SDDEGZ6R2AGGIL65ZAMJ2IH4.jpg,steamed buns,all,ce2152af24137ee2e1a615019bd08235,"['char siew pau', 'steamed buns']"
../foodsg-233\chicken soup\9D7Y5X4S9AMMT1IZ7UEKHXJI.jpg,chicken soup,all,ce2865b59d32011f638198ee896c584b,"['chicken soup', 'dumpling']"
../foodsg-233\dumpling\W0MO4DO1D51QY34CAHGNA2UL.jpg,dumpling,all,ce2865b59d32011f638198ee896c584b,"['chicken soup', 'dumpling']"
../foodsg-233\Kway Teow\ODUUWUL2FZ4WKOJY44JK2LM1.jpg,Kway Teow,all,ce72b04485fcb4126afd2699238861c0,"['Kway Teow', 'Mee goreng']"
../foodsg-233\Mee goreng\RYEDDL62B45SZATOSHSB2U2N.jpg,Mee goreng,all,ce72b04485fcb4126afd2699238861c0,"['Kway Teow', 'Mee goreng']"
../foodsg-233\hokkien prawn mee\YV0X5CA409J9GY5UMWYQC91E.jpg,hokkien prawn mee,all,ce75112c088db65aae29e6f970997f03,"['hokkien prawn mee', 'bee hoon']"
../foodsg-233\bee hoon\QMMGEOEJUU68FCPK55MORR5C.jpg,bee hoon,all,ce75112c088db65aae29e6f970997f03,"['hokkien prawn mee', 'bee hoon']"
../foodsg-233\bak chor mee\YP3D6R545NVONPI1Y7QQALQN.jpg,bak chor mee,all,cea2c66dca6a19fd69843904cb769e45,"['bak chor mee', 'Wanton mee, dry']"
"../foodsg-233\Wanton mee, dry\K0YH3KRH1LCMDOXVN0VZLH3E.jpg","Wanton mee, dry",all,cea2c66dca6a19fd69843904cb769e45,"['bak chor mee', 'Wanton mee, dry']"
../foodsg-233\Blackberry\8LYJV5LASRRO6SCEVTW693XW.jpg,Blackberry,all,ceb6c5e2a1a1ce3bf987df0ce41f3f20,"['Blackberry', 'raspberry']"
../foodsg-233\raspberry\B0X1LAOZPVFNKXWDJITUCSAH.jpg,raspberry,all,ceb6c5e2a1a1ce3bf987df0ce41f3f20,"['Blackberry', 'raspberry']"
"../foodsg-233\Bee hoon, goreng\M33HYN7RW991SSUUX11LNE9D.jpg","Bee hoon, goreng",all,cef8a0f01abc1bde6965ee3a814acbff,"['Bee hoon, goreng', 'bee hoon']"
../foodsg-233\bee hoon\MOGSFBN3NUI7ZW3FEBBEE6HZ.jpg,bee hoon,all,cef8a0f01abc1bde6965ee3a814acbff,"['Bee hoon, goreng', 'bee hoon']"
../foodsg-233\char siew pau\B2L5SDQCW79R4W4RC1LIX3ZQ.jpg,char siew pau,all,cf4fb64008a1ffea5a1dcc33d1c1bfd4,"['char siew pau', 'steamed buns']"
../foodsg-233\steamed buns\MHB8OVK0BRA2FKIQXIL54X89.jpg,steamed buns,all,cf4fb64008a1ffea5a1dcc33d1c1bfd4,"['char siew pau', 'steamed buns']"
"../foodsg-233\Bee hoon, goreng\98BCIYIROBNH79M2NU5UMU68.jpg","Bee hoon, goreng",all,cf86985a372f11ae72217b2fdce16f17,"['Bee hoon, goreng', 'Pilaf, pea']"
"../foodsg-233\Pilaf, pea\43IWZ2Z8BDO4J1CL80LI430H.jpg","Pilaf, pea",all,cf86985a372f11ae72217b2fdce16f17,"['Bee hoon, goreng', 'Pilaf, pea']"
../foodsg-233\ice cream - chocolate\FQEL1PNAU3OBJDD51AAOWU9N.jpg,ice cream - chocolate,all,cfe0ac43e1f94a015d25c7652c0475ee,"['ice cream - chocolate', 'ice cream - vanilla']"
../foodsg-233\ice cream - vanilla\943CTENUA7370WHX67V8DK4X.jpg,ice cream - vanilla,all,cfe0ac43e1f94a015d25c7652c0475ee,"['ice cream - chocolate', 'ice cream - vanilla']"
../foodsg-233\fish head curry\3UMRW4AY60SZP899O9RO6XF1.jpg,fish head curry,all,cfe5c1fe1d2f837255ed3e5bc9d197ea,"['fish head curry', 'assam pedas']"
../foodsg-233\assam pedas\337WLEZWC7MEBUBBXSFUA1T8.jpg,assam pedas,all,cfe5c1fe1d2f837255ed3e5bc9d197ea,"['fish head curry', 'assam pedas']"
../foodsg-233\Dumpling noodle soup\O81M164TCNLGNTO15GCN7V4F.jpg,Dumpling noodle soup,all,cfeb50e1189f010ea33504905992efc3,"['Dumpling noodle soup', 'Ban Mian']"
../foodsg-233\Ban Mian\ZTLN0WHYLR5DNQ8WRW04PO5U.jpg,Ban Mian,all,cfeb50e1189f010ea33504905992efc3,"['Dumpling noodle soup', 'Ban Mian']"
../foodsg-233\whole grain bread\4R6KSYE9NP5TRP4YO1YLPV31.jpg,whole grain bread,all,d04539a627d0667d20cb97383cb7bd02,"['whole grain bread', 'whole wheat']"
../foodsg-233\whole wheat\C4V5LNBIBH5F16RTHDOTW5B9.jpg,whole wheat,all,d04539a627d0667d20cb97383cb7bd02,"['whole grain bread', 'whole wheat']"
../foodsg-233\Dumpling noodle soup\J9J2EBKSOOF0WYKLZ6IG80JB.jpg,Dumpling noodle soup,all,d0518a1a5ab84c057d75c1ff5916e950,"['Dumpling noodle soup', 'char siew pau']"
../foodsg-233\char siew pau\MHLD0A4UCHLSUNCFF25QAZ2O.jpg,char siew pau,all,d0518a1a5ab84c057d75c1ff5916e950,"['Dumpling noodle soup', 'char siew pau']"
../foodsg-233\satay bee hoon\70CJHPFPHW0B9ZUE2UDHDDE7.jpg,satay bee hoon,all,d0550a1c65cea5ea19355953cac4bc78,"['satay bee hoon', 'Bee hoon, soto']"
"../foodsg-233\Bee hoon, soto\Q5SM4K3N4G2QSPC2GNZTUKXN.jpg","Bee hoon, soto",all,d0550a1c65cea5ea19355953cac4bc78,"['satay bee hoon', 'Bee hoon, soto']"
"../foodsg-233\Rice, with dakgalbi\13YRP82NQGKB44C3MKKX7VDI.jpg","Rice, with dakgalbi",all,d0704e59232e9aa4658372b569763628,"['Rice, with dakgalbi', 'pancake']"
../foodsg-233\pancake\QSEW83U9TT7L04XDADXLJA9B.jpg,pancake,all,d0704e59232e9aa4658372b569763628,"['Rice, with dakgalbi', 'pancake']"
"../foodsg-233\Rice, with dakgalbi\SVSSIYH8DAB0J4WLWW9CY6EY.jpg","Rice, with dakgalbi",all,d08f1619a17e617d591602109d8e923e,"['Rice, with dakgalbi', 'cooked white rice']"
../foodsg-233\cooked white rice\OCX3KIFPF90K2SD9YUGC4THN.jpg,cooked white rice,all,d08f1619a17e617d591602109d8e923e,"['Rice, with dakgalbi', 'cooked white rice']"
../foodsg-233\Fried Noodles\6ANRPOL8AHBG0JPKX5ZI2Y11.jpg,Fried Noodles,all,d099976d3fdfbf3c79e2a2e3e283b672,"['Fried Noodles', 'Udon']"
../foodsg-233\Udon\XHDQUUTE6RN8KVD85TX6RFHR.jpg,Udon,all,d099976d3fdfbf3c79e2a2e3e283b672,"['Fried Noodles', 'Udon']"
../foodsg-233\sliced fish soup\RS95Y3TT2BONPR1QNKU5OANR.jpg,sliced fish soup,all,d0adb39b81b6294feca21eb2e486e5a5,"['sliced fish soup', 'Bee hoon, soto']"
"../foodsg-233\Bee hoon, soto\B074GPKEYVL0DYI3UU525NDR.jpg","Bee hoon, soto",all,d0adb39b81b6294feca21eb2e486e5a5,"['sliced fish soup', 'Bee hoon, soto']"
../foodsg-233\har cheong gai\IUWI8H3UT81SYNG047IWBE1A.jpg,har cheong gai,all,d0af302e441f5b3e78a33cfc4231c0d5,"['har cheong gai', 'fried chicken']"
../foodsg-233\fried chicken\SW30XJN8WKBIWNCEDHIY1B2K.jpg,fried chicken,all,d0af302e441f5b3e78a33cfc4231c0d5,"['har cheong gai', 'fried chicken']"
../foodsg-233\Mee soto\097D8X4F327XCIKYM88JKBXU.jpg,Mee soto,all,d0bd368aba2a8bba2534af9ff484609f,"['Mee soto', 'Bee hoon, soto']"
"../foodsg-233\Bee hoon, soto\E1WHXB4DLEZJL82INETC8SL5.jpg","Bee hoon, soto",all,d0bd368aba2a8bba2534af9ff484609f,"['Mee soto', 'Bee hoon, soto']"
../foodsg-233\Apple\CKAX20CB29BSRHDVDXKWB4BM.jpg,Apple,all,d0d828ac132c2eaede69a87d84a9d90c,"['Apple', 'blueberries']"
../foodsg-233\blueberries\07VECLSNTVFFL2F9GHXGGUSJ.jpg,blueberries,all,d0d828ac132c2eaede69a87d84a9d90c,"['Apple', 'blueberries']"
"../foodsg-233\Bee hoon, goreng\5SKR330TH9SPVUER5FPKI4QD.jpg","Bee hoon, goreng",all,d0ff54ff27ad7a2ffc59b24a899347ad,"['Bee hoon, goreng', 'bee hoon']"
../foodsg-233\bee hoon\4R19K6GWVTGDWMAGHR3KKRNJ.jpg,bee hoon,all,d0ff54ff27ad7a2ffc59b24a899347ad,"['Bee hoon, goreng', 'bee hoon']"
../foodsg-233\whole grain bread\LTJJTZ1UEPHPE1NQ2LB2PVJA.jpg,whole grain bread,all,d10850b5f33019acc9e330de7fb585b0,"['whole grain bread', 'whole wheat']"
../foodsg-233\whole wheat\ORJ9MPSS40A82KXDBNG0LI8N.jpg,whole wheat,all,d10850b5f33019acc9e330de7fb585b0,"['whole grain bread', 'whole wheat']"
../foodsg-233\Mee rebus\UMCUYN95B8URSJ1PN3098G5H.jpg,Mee rebus,all,d1166be2dc4c375a4eccf041cc6d7d5b,"['Mee rebus', 'Laksa']"
../foodsg-233\Laksa\3B6CIEMCO1KZIKV6MOG5BRDL.jpg,Laksa,all,d1166be2dc4c375a4eccf041cc6d7d5b,"['Mee rebus', 'Laksa']"
../foodsg-233\Mee kuah\CV518PQNR4SUV86ORW33ITF2.jpg,Mee kuah,all,d13b95b8bab6ff2c9ac09edac8160b22,"['Mee kuah', 'Mee bandung']"
../foodsg-233\Mee bandung\TJM47HMK9UXY38SR20CUT25C.jpg,Mee bandung,all,d13b95b8bab6ff2c9ac09edac8160b22,"['Mee kuah', 'Mee bandung']"
../foodsg-233\mixed grills\GIARLCAVWCR9RD7W4KOGMRD2.jpg,mixed grills,all,d18da4f185a4d7ffc085ca346eba0d63,"['mixed grills', 'mixed vegetables']"
../foodsg-233\mixed vegetables\14FEL1W34T2F2XTB122CB637.jpg,mixed vegetables,all,d18da4f185a4d7ffc085ca346eba0d63,"['mixed grills', 'mixed vegetables']"
../foodsg-233\Mee siam\TAT6ZVGVIZG11P2VAPI40WKV.jpg,Mee siam,all,d1a2d9a3f5c9174afb6a9232e86c7338,"['Mee siam', 'assam pedas']"
../foodsg-233\assam pedas\A4NOZQRSM5A12RK54Y6W0JTO.jpg,assam pedas,all,d1a2d9a3f5c9174afb6a9232e86c7338,"['Mee siam', 'assam pedas']"
"../foodsg-233\Bee hoon, soto\SQT34HMU7ILATLRI2119LYRC.jpg","Bee hoon, soto",all,d1cffa61de9497e96cc4fd0f7885c74a,"['Bee hoon, soto', 'Seafood Noodles Soup']"
../foodsg-233\Seafood Noodles Soup\WMHRQBCAH30CL425X60NX761.jpg,Seafood Noodles Soup,all,d1cffa61de9497e96cc4fd0f7885c74a,"['Bee hoon, soto', 'Seafood Noodles Soup']"
../foodsg-233\whole wheat\GNH5RSH5YDD22ZOLEII4KTW0.jpg,whole wheat,all,d1ded25b1ede66233a938e433c058cc8,"['whole wheat', 'whole grain bread']"
../foodsg-233\whole grain bread\M6JDXY700W9RUQ2U65SSSC2V.jpg,whole grain bread,all,d1ded25b1ede66233a938e433c058cc8,"['whole wheat', 'whole grain bread']"
../foodsg-233\char siew pau\PSKTQK8XETWPM224A19I56JN.jpg,char siew pau,all,d1fa2c944428086f04bcb17f9a69eba1,"['char siew pau', 'steamed buns']"
../foodsg-233\steamed buns\QSEY1LWYLMW6ERICZUOVYE1X.jpg,steamed buns,all,d1fa2c944428086f04bcb17f9a69eba1,"['char siew pau', 'steamed buns']"
../foodsg-233\Dumpling noodle soup\884Q8Y13VSXPO3BDRLIMYPA8.jpg,Dumpling noodle soup,all,d20ed9ed3d5281f55b335423d8ed9126,"['Dumpling noodle soup', 'Wanton mee, dry']"
"../foodsg-233\Wanton mee, dry\71ZDCWQUA7T5XIBRF4BBG1W8.jpg","Wanton mee, dry",all,d20ed9ed3d5281f55b335423d8ed9126,"['Dumpling noodle soup', 'Wanton mee, dry']"
../foodsg-233\bee hoon\IY5C2WDOPPGWG6CHWAO2T881.jpg,bee hoon,all,d22f6f761581bc6f4a6ffe4ecdbdf1e6,"['bee hoon', 'satay bee hoon']"
../foodsg-233\satay bee hoon\AIDCW9AL7VDWL1I938C75QOJ.jpg,satay bee hoon,all,d22f6f761581bc6f4a6ffe4ecdbdf1e6,"['bee hoon', 'satay bee hoon']"
../foodsg-233\chicken soup\V6VTSXMPZYTGQK8L7Y6WWBND.jpg,chicken soup,all,d24229b89e1cc13e1a361c80b644ad79,"['chicken soup', 'cream soup']"
../foodsg-233\cream soup\Z3N8JVTHKD8FGEM4NGQYIDUU.jpg,cream soup,all,d24229b89e1cc13e1a361c80b644ad79,"['chicken soup', 'cream soup']"
../foodsg-233\Kopi Teh Milo\SCDKKJHOU92PFEK0VVWE57SS.jpg,Kopi Teh Milo,all,d25cf3b8fc68b3f9a3c355300c7b94f9,"['Kopi Teh Milo', 'nasi lemak']"
../foodsg-233\nasi lemak\LD1LYEPUWYTSE2IY0L67W3E9.jpg,nasi lemak,all,d25cf3b8fc68b3f9a3c355300c7b94f9,"['Kopi Teh Milo', 'nasi lemak']"
"../foodsg-233\Bee hoon, soto\SH5J42Y8BLTF2FNBA7WADAE8.jpg","Bee hoon, soto",all,d26d394613a770051dc1308ff705fa26,"['Bee hoon, soto', 'sliced fish soup', 'Seafood Noodles Soup']"
../foodsg-233\sliced fish soup\F9LY96VEGMSZ1CTGL2F15CZV.jpg,sliced fish soup,all,d26d394613a770051dc1308ff705fa26,"['Bee hoon, soto', 'sliced fish soup', 'Seafood Noodles Soup']"
../foodsg-233\Seafood Noodles Soup\1BZVYUDE4BKZ57ZS6S8Q8O8N.jpg,Seafood Noodles Soup,all,d26d394613a770051dc1308ff705fa26,"['Bee hoon, soto', 'sliced fish soup', 'Seafood Noodles Soup']"
../foodsg-233\Laksa\CW444I30B8BO3JPB7NNWADMZ.jpg,Laksa,all,d282eab64d1e02e7a024f27827b612dc,"['Laksa', 'Mee rebus']"
../foodsg-233\Mee rebus\1W3IMNXCLPOGNMGXV8U7BDJH.jpg,Mee rebus,all,d282eab64d1e02e7a024f27827b612dc,"['Laksa', 'Mee rebus']"
../foodsg-233\Lontong with sayur lodeh\RQG0WISZUYUVAWGBX4CY5C79.jpg,Lontong with sayur lodeh,all,d2c017312fecb6993096885e6971ada3,"['Lontong with sayur lodeh', 'lontong']"
../foodsg-233\lontong\EP992B157B805IXE8C05IZA4.jpg,lontong,all,d2c017312fecb6993096885e6971ada3,"['Lontong with sayur lodeh', 'lontong']"
../foodsg-233\Soto ayam\LFZPHFF3Q5MP7E7F5ZZJMO1H.jpg,Soto ayam,all,d2cca4dbb46b2162cb4b8b8a4b970f1d,"['Soto ayam', 'Mee soto']"
../foodsg-233\Mee soto\QRRGU2ZF0YS3WF9W6ZFRG7I6.jpg,Mee soto,all,d2cca4dbb46b2162cb4b8b8a4b970f1d,"['Soto ayam', 'Mee soto']"
"../foodsg-233\Bee hoon, goreng\7XEQXJBUH7STKM65LEMIMSQX.jpg","Bee hoon, goreng",all,d2ccd9f7e21860f797c9672c6cf45eac,"['Bee hoon, goreng', 'Kway Teow']"
../foodsg-233\Kway Teow\9H4IE0GFTJKGCE1N5YZRO90N.jpg,Kway Teow,all,d2ccd9f7e21860f797c9672c6cf45eac,"['Bee hoon, goreng', 'Kway Teow']"
../foodsg-233\Mee rebus\MK9VO4KYNEGKJ0E2L0YRTD5H.jpg,Mee rebus,all,d2f95f19f68d5671c71a66e830d7eefd,"['Mee rebus', 'Mee bandung']"
../foodsg-233\Mee bandung\AVOS0IUTEEBSFGHN745FC0TW.jpg,Mee bandung,all,d2f95f19f68d5671c71a66e830d7eefd,"['Mee rebus', 'Mee bandung']"
../foodsg-233\Soto ayam\KJYORM5XHF44UB78LVYRSTME.jpg,Soto ayam,all,d304767ad63985acfeaac4daab2da2af,"['Soto ayam', 'Mee soto', 'Bee hoon, soto']"
../foodsg-233\Mee soto\DWCFFPJ4XCXPCZDJWEFDBAT1.jpg,Mee soto,all,d304767ad63985acfeaac4daab2da2af,"['Soto ayam', 'Mee soto', 'Bee hoon, soto']"
"../foodsg-233\Bee hoon, soto\6YUO36VFKVW8AJ242ALOU1E1.jpg","Bee hoon, soto",all,d304767ad63985acfeaac4daab2da2af,"['Soto ayam', 'Mee soto', 'Bee hoon, soto']"
../foodsg-233\Mee goreng\AGTWH10ZMMD72HO93CQWOYZU.jpg,Mee goreng,all,d32a3310d66ca9406342e54e6f33fe7d,"['Mee goreng', 'Bee hoon, goreng']"
"../foodsg-233\Bee hoon, goreng\QH0CXVILLYMH3VA1CQD6ESQY.jpg","Bee hoon, goreng",all,d32a3310d66ca9406342e54e6f33fe7d,"['Mee goreng', 'Bee hoon, goreng']"
../foodsg-233\whole wheat\JBK127DAE1PORHI1CUYCUAJ6.jpg,whole wheat,all,d363e2186b6a28ec532578e4c3d5a9f0,"['whole wheat', 'Wholegrain Wrap']"
../foodsg-233\Wholegrain Wrap\9MR7DKAZ6WBV7VJVXZF55G5B.jpg,Wholegrain Wrap,all,d363e2186b6a28ec532578e4c3d5a9f0,"['whole wheat', 'Wholegrain Wrap']"
../foodsg-233\Dumpling noodle soup\72XO3ONMS7LLX6ZL8RLR0IQN.jpg,Dumpling noodle soup,all,d3729aebcdf8b17aa7b9f82474a4b018,"['Dumpling noodle soup', 'Wanton mee, dry']"
"../foodsg-233\Wanton mee, dry\XOXGJXW6GQQRWBU9KHVOHYTC.jpg","Wanton mee, dry",all,d3729aebcdf8b17aa7b9f82474a4b018,"['Dumpling noodle soup', 'Wanton mee, dry']"
../foodsg-233\Soto ayam\TLGAXMA73WDKBWSB9WCWI6ZQ.jpg,Soto ayam,all,d395d93a64e25ab780524949bcc61fa7,"['Soto ayam', 'Mee soto']"
../foodsg-233\Mee soto\13KNK7TSNMFOUUJYIW8N0CRB.jpg,Mee soto,all,d395d93a64e25ab780524949bcc61fa7,"['Soto ayam', 'Mee soto']"
../foodsg-233\Mee soto\1WROK7A19GF076WG00OJKI7E.jpg,Mee soto,all,d3cc4baf8548f53211babccf4f8ce007,"['Mee soto', 'Mee rebus']"
../foodsg-233\Mee rebus\ZF4NYPI7154Y53VEBOTYCWAM.jpg,Mee rebus,all,d3cc4baf8548f53211babccf4f8ce007,"['Mee soto', 'Mee rebus']"
"../foodsg-233\Bee hoon, goreng\7YNULWF8UJETJ3K1ZH5Z9P9I.jpg","Bee hoon, goreng",all,d3d652328bab7f24bdf781e5e66693ff,"['Bee hoon, goreng', 'Bee hoon, soto']"
"../foodsg-233\Bee hoon, soto\SXKTLIPEQI6X4H53NH8FUGC5.jpg","Bee hoon, soto",all,d3d652328bab7f24bdf781e5e66693ff,"['Bee hoon, goreng', 'Bee hoon, soto']"
"../foodsg-233\Bee hoon, goreng\J6HI6UUXY7H39BLW7P27F2W5.jpg","Bee hoon, goreng",all,d41108b2414daae85a62b7deeb236f7d,"['Bee hoon, goreng', 'Mee goreng']"
../foodsg-233\Mee goreng\8K8JH1OF8KMRY6TSSP2EMAF8.jpg,Mee goreng,all,d41108b2414daae85a62b7deeb236f7d,"['Bee hoon, goreng', 'Mee goreng']"
"../foodsg-233\Bee hoon, goreng\GFP7ADSNX0SSVPR93SOZPN28.jpg","Bee hoon, goreng",all,d422c78f83c1fd87958ff9a92de24239,"['Bee hoon, goreng', 'hokkien prawn mee']"
../foodsg-233\hokkien prawn mee\2HP0O3REGQSZ47IC3NSKWQ1P.jpg,hokkien prawn mee,all,d422c78f83c1fd87958ff9a92de24239,"['Bee hoon, goreng', 'hokkien prawn mee']"
../foodsg-233\whole wheat\THJQFJADNZ4NKKUDRKU52FT9.jpg,whole wheat,all,d439396f574dfdef6484f1820eb00bfb,"['whole wheat', 'whole grain bread']"
../foodsg-233\whole grain bread\QI7LGSX7E6SPSPDV7H8WA1R4.jpg,whole grain bread,all,d439396f574dfdef6484f1820eb00bfb,"['whole wheat', 'whole grain bread']"
../foodsg-233\Mee siam\TAH6U1OXPU5RWL0A1ZE2BSE8.jpg,Mee siam,all,d4453f85635afde57cdcfcd93296ece6,"['Mee siam', 'Mee rebus']"
../foodsg-233\Mee rebus\RWZX1G1WUWLDOK2QURIAHLZW.jpg,Mee rebus,all,d4453f85635afde57cdcfcd93296ece6,"['Mee siam', 'Mee rebus']"
../foodsg-233\Mee soto\HD8453BF1X3PQ0DYHVNTFBXH.jpg,Mee soto,all,d4707ac010d7b5e58b99acb7256827ff,"['Mee soto', 'Soto ayam']"
../foodsg-233\Soto ayam\CACOIKBA9RMMN2IC1U504E17.jpg,Soto ayam,all,d4707ac010d7b5e58b99acb7256827ff,"['Mee soto', 'Soto ayam']"
../foodsg-233\Wholegrain Wrap\GF4XJKMZN27SLCMYHB19F4ZA.jpg,Wholegrain Wrap,all,d4870e9e8d7600804291a355a33705e8,"['Wholegrain Wrap', 'whole wheat']"
../foodsg-233\whole wheat\23PR8SR0F1BPPIUT5ELXIVCK.jpg,whole wheat,all,d4870e9e8d7600804291a355a33705e8,"['Wholegrain Wrap', 'whole wheat']"
"../foodsg-233\Mee siam, fried\HN8O5AS1GULH2EBZMD6K8GNN.jpg","Mee siam, fried",all,d4882b51fdd7b0cd8357b88ce07e412e,"['Mee siam, fried', 'Mee siam']"
../foodsg-233\Mee siam\U1VOPGY83YXC7395EH45L5N0.jpg,Mee siam,all,d4882b51fdd7b0cd8357b88ce07e412e,"['Mee siam, fried', 'Mee siam']"
../foodsg-233\Sweets\CO5W7KMU10KL8YXEMM5RP2YM.jpg,Sweets,all,d4c460d64de9d7958d6cb2be475e6372,"['Sweets', 'Chocolate']"
../foodsg-233\Chocolate\5MWSLVVJ4GYA76Z604G9ZEE7.jpg,Chocolate,all,d4c460d64de9d7958d6cb2be475e6372,"['Sweets', 'Chocolate']"
../foodsg-233\Duck Rice\3NBXLGGA3H4QLYG0AZSIQH8W.jpg,Duck Rice,all,d519a41f87a96ececa745b5917ac868b,"['Duck Rice', 'yam rice']"
../foodsg-233\yam rice\JQ2UCJY7FUDS8P9QSBJCX5VF.jpg,yam rice,all,d519a41f87a96ececa745b5917ac868b,"['Duck Rice', 'yam rice']"
../foodsg-233\bee hoon\ZWMXY4XL8QAH1S2UMTI19O7H.jpg,bee hoon,all,d5425e9e92589ca49302fd0b9afe0cfe,"['bee hoon', 'Bee hoon, soto']"
"../foodsg-233\Bee hoon, soto\TKEATUB6XJRS0AU4PDFKREI3.jpg","Bee hoon, soto",all,d5425e9e92589ca49302fd0b9afe0cfe,"['bee hoon', 'Bee hoon, soto']"
"../foodsg-233\Bee hoon, goreng\OOGR8TIA1XR0XXA44OM2ND74.jpg","Bee hoon, goreng",all,d546436905fe1e2debdcc879ab901bcb,"['Bee hoon, goreng', 'drunken prawn']"
../foodsg-233\drunken prawn\W4QRMTZ1XVTD6KW9L56652XQ.jpg,drunken prawn,all,d546436905fe1e2debdcc879ab901bcb,"['Bee hoon, goreng', 'drunken prawn']"
../foodsg-233\bak chor mee\FDWUP8M214BVN3QIJHOMRKT4.jpg,bak chor mee,all,d58b0dd94854f47b385ba2fc9ffde221,"['bak chor mee', 'mee pok']"
../foodsg-233\mee pok\XBWOHK2Q22DXADGYAJBXCTRK.jpg,mee pok,all,d58b0dd94854f47b385ba2fc9ffde221,"['bak chor mee', 'mee pok']"
../foodsg-233\Seafood Noodles Soup\ELAGJZ71K2QQDKRS9LF9TA61.jpg,Seafood Noodles Soup,all,d5d71e9f92a8a005a6cf818882d39340,"['Seafood Noodles Soup', 'Ban Mian']"
../foodsg-233\Ban Mian\A9DRQNQM5LN6AOJ7HU9TRKK4.jpg,Ban Mian,all,d5d71e9f92a8a005a6cf818882d39340,"['Seafood Noodles Soup', 'Ban Mian']"
../foodsg-233\Blackberry\VX57313W3MLKPXU8EYQD3G5O.jpg,Blackberry,all,d5ed7e8dabd67b844d8c1bc361bbea90,"['Blackberry', 'raspberry']"
../foodsg-233\raspberry\W1UK5JNQ08PFJXCZCTWRDM40.jpg,raspberry,all,d5ed7e8dabd67b844d8c1bc361bbea90,"['Blackberry', 'raspberry']"
"../foodsg-233\Wanton mee, dry\QXCY296PAVJTK1R94V61U389.jpg","Wanton mee, dry",all,d60533ff91f2ef79021a3fcdbdfffc24,"['Wanton mee, dry', 'Dumpling noodle soup']"
../foodsg-233\Dumpling noodle soup\FJAHO90LBP6NR1JOPCR91KFS.jpg,Dumpling noodle soup,all,d60533ff91f2ef79021a3fcdbdfffc24,"['Wanton mee, dry', 'Dumpling noodle soup']"
../foodsg-233\mushroom soup\OSXWSMQ4UCME55BZHGHGBWR1.jpg,mushroom soup,all,d6234c5837c82d8c9b2f836f08f46a90,"['mushroom soup', 'cream soup']"
../foodsg-233\cream soup\02Y0152CQDVKDPQFXKCU2BVS.jpg,cream soup,all,d6234c5837c82d8c9b2f836f08f46a90,"['mushroom soup', 'cream soup']"
../foodsg-233\bee hoon\WVA974FMT1AQWQL1V3H9AF98.jpg,bee hoon,all,d6463c12acf1691c46b2fdb78384f360,"['bee hoon', 'Bee hoon, goreng']"
"../foodsg-233\Bee hoon, goreng\OQE4XILTAPZ7FRKOE39ERR8D.jpg","Bee hoon, goreng",all,d6463c12acf1691c46b2fdb78384f360,"['bee hoon', 'Bee hoon, goreng']"
../foodsg-233\drunken prawn\EEYR99275X40MNR5XAUJHLBU.jpg,drunken prawn,all,d66c20c46b5f6441d78b2c801edff358,"['drunken prawn', 'fried prawn']"
../foodsg-233\fried prawn\PMNTUY60OVV80Z5PNZLFMPUC.jpg,fried prawn,all,d66c20c46b5f6441d78b2c801edff358,"['drunken prawn', 'fried prawn']"
../foodsg-233\sliced fish soup\Z6QMO9958BJKZ1S30ZO1QZTY.jpg,sliced fish soup,all,d691d8a07b5bef66bf49e435717b5088,"['sliced fish soup', 'Seafood Noodles Soup']"
../foodsg-233\Seafood Noodles Soup\AB1M8E92082T2QTEHCTYW4XS.jpg,Seafood Noodles Soup,all,d691d8a07b5bef66bf49e435717b5088,"['sliced fish soup', 'Seafood Noodles Soup']"
../foodsg-233\xiao long bao\2WVLZ4FMWAJXUSDYZ583IH7K.jpg,xiao long bao,all,d6b0799258f8da288b56507b37a2273e,"['xiao long bao', 'char siew pau']"
../foodsg-233\char siew pau\GBO9XP0YCTOXEDYC3B9P2450.jpg,char siew pau,all,d6b0799258f8da288b56507b37a2273e,"['xiao long bao', 'char siew pau']"
../foodsg-233\Mee bandung\XV7UEBVMHG69JH9500BTEQLX.jpg,Mee bandung,all,d6c0ace4319dda334fd0f7128be61d48,"['Mee bandung', 'Mee kuah']"
../foodsg-233\Mee kuah\LMJEADX681KUGP3ZJVE116VM.jpg,Mee kuah,all,d6c0ace4319dda334fd0f7128be61d48,"['Mee bandung', 'Mee kuah']"
../foodsg-233\mixed vegetables\ZYHXROG4GX8IAS6NKHT2VMAH.jpg,mixed vegetables,all,d6d183a8125443d32ccf037f2ecfaada,"['mixed vegetables', 'Rice, with dakgalbi']"
"../foodsg-233\Rice, with dakgalbi\H9T58GV1OBMMLJ7RY8SN1GFR.jpg","Rice, with dakgalbi",all,d6d183a8125443d32ccf037f2ecfaada,"['mixed vegetables', 'Rice, with dakgalbi']"
../foodsg-233\lontong\DJAK30GEJ0WP4AGJ2EZ7C1PG.jpg,lontong,all,d72eda78a1e83400fd766308d271c7d1,"['lontong', 'Lontong with sayur lodeh']"
../foodsg-233\Lontong with sayur lodeh\P518M15U87N2EJGZV5D362ET.jpg,Lontong with sayur lodeh,all,d72eda78a1e83400fd766308d271c7d1,"['lontong', 'Lontong with sayur lodeh']"
../foodsg-233\nasi lemak\9FXUY37CR94WPJR9FGBT72YO.jpg,nasi lemak,all,d7331f3a713a77787cbd4f0e3927451d,"['nasi lemak', 'sambal stingray']"
../foodsg-233\sambal stingray\NO1TLQ2QQ7V1E10SEAMJ89ZZ.jpg,sambal stingray,all,d7331f3a713a77787cbd4f0e3927451d,"['nasi lemak', 'sambal stingray']"
../foodsg-233\Pomelo\QR0J78D3ZN534XZFSOANQZ3H.jpg,Pomelo,all,d7339fc377cc24c73fd6e1cd9b42ad79,"['Pomelo', 'Grapefruit']"
../foodsg-233\Grapefruit\ZR0NCF99KOB5E900KSV4PR54.jpg,Grapefruit,all,d7339fc377cc24c73fd6e1cd9b42ad79,"['Pomelo', 'Grapefruit']"
"../foodsg-233\Bee hoon, goreng\FUSTHOPVFUFLIT2GZ3MEHLHW.jpg","Bee hoon, goreng",all,d782ef2a799841d86652715d54ad5f0d,"['Bee hoon, goreng', 'bee hoon']"
../foodsg-233\bee hoon\2QGR5C3FY7KEBJ012W3G8MMG.jpg,bee hoon,all,d782ef2a799841d86652715d54ad5f0d,"['Bee hoon, goreng', 'bee hoon']"
../foodsg-233\Soto ayam\LL049K3GRGV19K8ESFJW0GGH.jpg,Soto ayam,all,d79e526e3e0d748bc612e0eb3c17459f,"['Soto ayam', 'Mee soto']"
../foodsg-233\Mee soto\1VGYRSMCT58R5MXUVT6OIF3V.jpg,Mee soto,all,d79e526e3e0d748bc612e0eb3c17459f,"['Soto ayam', 'Mee soto']"
"../foodsg-233\Mee siam, fried\OIQPO3IWH2PWO6V9ATDYDJ33.jpg","Mee siam, fried",all,d7af11e43c8b90e1836ebf23ba771ba6,"['Mee siam, fried', 'Mee siam']"
../foodsg-233\Mee siam\KI74AIRSJOZCI1CIB0KG8TTX.jpg,Mee siam,all,d7af11e43c8b90e1836ebf23ba771ba6,"['Mee siam, fried', 'Mee siam']"
../foodsg-233\Kway Teow\8UCDANF1RC9B1AQODG07XXEE.jpg,Kway Teow,all,d7efc21d2b90eae9b4c9a76ea53ef7bd,"['Kway Teow', 'chai tow kuay']"
../foodsg-233\chai tow kuay\ZKNDFNWC29HBL17I896ZBEGV.jpg,chai tow kuay,all,d7efc21d2b90eae9b4c9a76ea53ef7bd,"['Kway Teow', 'chai tow kuay']"
../foodsg-233\chicken soup\KGRSRFQB8HPGO04IZ39RXETH.jpg,chicken soup,all,d88d14e9f0d7b8ffcc3e65be75b94b40,"['chicken soup', 'Kway Teow']"
../foodsg-233\Kway Teow\5MV1VNQYUMHJ80Q2EJTTH0A9.jpg,Kway Teow,all,d88d14e9f0d7b8ffcc3e65be75b94b40,"['chicken soup', 'Kway Teow']"
../foodsg-233\sliced fish soup\3ZH227JWLC7WKPYR9PMH908N.jpg,sliced fish soup,all,d899ba637e9525762dc58e82b78c6c49,"['sliced fish soup', 'Seafood Noodles Soup']"
../foodsg-233\Seafood Noodles Soup\7K5V8WDYMRIE0W1FWKXUA0HQ.jpg,Seafood Noodles Soup,all,d899ba637e9525762dc58e82b78c6c49,"['sliced fish soup', 'Seafood Noodles Soup']"
../foodsg-233\drunken prawn\7CNALOGH8BFIELMT0YK6IDFE.jpg,drunken prawn,all,d89d93b3e6a26e324d2e3ef7d829016e,"['drunken prawn', 'fried prawn']"
../foodsg-233\fried prawn\QA85O66FW554VF3AE3JX0SD3.jpg,fried prawn,all,d89d93b3e6a26e324d2e3ef7d829016e,"['drunken prawn', 'fried prawn']"
../foodsg-233\bee hoon\YKTIO1WTMEB8PE69J15M5XY6.jpg,bee hoon,all,d8adee833349dccda0e2a1b6c1415f4e,"['bee hoon', 'Mee siam, fried', 'Bee hoon, goreng']"
"../foodsg-233\Mee siam, fried\P2DRMVCQ277N4NFN67DDEEPY.jpg","Mee siam, fried",all,d8adee833349dccda0e2a1b6c1415f4e,"['bee hoon', 'Mee siam, fried', 'Bee hoon, goreng']"
"../foodsg-233\Bee hoon, goreng\TCSTOE5VN2XTJI8SVQSH1BEW.jpg","Bee hoon, goreng",all,d8adee833349dccda0e2a1b6c1415f4e,"['bee hoon', 'Mee siam, fried', 'Bee hoon, goreng']"
../foodsg-233\whole grain bread\O5Y2OXO7AOU1CGJ8QOFDVE9M.jpg,whole grain bread,all,d8eea2d7c77a215596d748cf1b507864,"['whole grain bread', 'whole wheat']"
../foodsg-233\whole wheat\KZ11VBN5U4J7PJO7KR7JLGWT.jpg,whole wheat,all,d8eea2d7c77a215596d748cf1b507864,"['whole grain bread', 'whole wheat']"
../foodsg-233\Soto ayam\LNBT68D1DOP63AIIV910EKVI.jpg,Soto ayam,all,d8fd5e34ce488084a6c6360e3c039151,"['Soto ayam', 'Bee hoon, soto']"
"../foodsg-233\Bee hoon, soto\0K9Z8M1YUTV21CLOX88KJN15.jpg","Bee hoon, soto",all,d8fd5e34ce488084a6c6360e3c039151,"['Soto ayam', 'Bee hoon, soto']"
../foodsg-233\fried rice\O21D1ESCYK0NZF7EB55MG8TN.jpg,fried rice,all,d91faa1d0bf44487dbfa9445ca622b32,"['fried rice', 'Claypot Rice']"
../foodsg-233\Claypot Rice\GTTJLNUM2B39Y0LR3P81CQB2.jpg,Claypot Rice,all,d91faa1d0bf44487dbfa9445ca622b32,"['fried rice', 'Claypot Rice']"
../foodsg-233\pineapple\8RMNX99QSOAU2WRTSCH80M00.jpg,pineapple,all,d92401091c7d8550cd831faf04e8f297,"['pineapple', 'Fruit juice']"
../foodsg-233\Fruit juice\DM0M2B09VO427OYTBWMEKCS4.jpg,Fruit juice,all,d92401091c7d8550cd831faf04e8f297,"['pineapple', 'Fruit juice']"
../foodsg-233\strawberry\DWKJ5BIVBGGGYZQAPBV849AS.jpg,strawberry,all,d965f6cc4bdec9d783ff0822535c48a8,"['strawberry', 'Grape', 'pineapple']"
../foodsg-233\Grape\58A8S2OMD1JERTH4TZOE9836.jpg,Grape,all,d965f6cc4bdec9d783ff0822535c48a8,"['strawberry', 'Grape', 'pineapple']"
../foodsg-233\pineapple\WDIO50UY5MN4G3EF1HOWUG72.jpg,pineapple,all,d965f6cc4bdec9d783ff0822535c48a8,"['strawberry', 'Grape', 'pineapple']"
../foodsg-233\Sweets\IJ3J2DYKHHSSWRXO6OCFB24F.jpg,Sweets,all,d97bb7b047d1755cfcbcb88d83368eef,"['Sweets', 'Chocolate']"
../foodsg-233\Chocolate\KZJDCOA4EO0H94SMVVD1F441.jpg,Chocolate,all,d97bb7b047d1755cfcbcb88d83368eef,"['Sweets', 'Chocolate']"
../foodsg-233\fried prawn\CXEV6Y16EF8GW6NP4CIX8JP6.jpg,fried prawn,all,d9ab2123483c8744c16c185e662beb3b,"['fried prawn', 'drunken prawn']"
../foodsg-233\drunken prawn\0V82E392ANI14VFP6JBHTRIP.jpg,drunken prawn,all,d9ab2123483c8744c16c185e662beb3b,"['fried prawn', 'drunken prawn']"
../foodsg-233\Lontong with sayur lodeh\DK5YSU02YBJV0JJEAZEAMGB9.jpg,Lontong with sayur lodeh,all,d9b0985b4fc6f0b65a99c8a723f57f16,"['Lontong with sayur lodeh', 'lontong']"
../foodsg-233\lontong\1KOSQS0UM1ACVGTFZIX1PZQB.jpg,lontong,all,d9b0985b4fc6f0b65a99c8a723f57f16,"['Lontong with sayur lodeh', 'lontong']"
"../foodsg-233\Mee siam, fried\8ORF4OLDMKFLGYZCW46LNMUI.jpg","Mee siam, fried",all,d9bed41ab428641924b20ae18c4bff9b,"['Mee siam, fried', 'Mee siam']"
../foodsg-233\Mee siam\SNHXL3YI5L5YYD13WC9742M0.jpg,Mee siam,all,d9bed41ab428641924b20ae18c4bff9b,"['Mee siam, fried', 'Mee siam']"
../foodsg-233\steamed buns\1VB40RK6CVCU55K61ZZAYZ7J.jpg,steamed buns,all,d9e7c0df6ebe2e1c87d06e2a68e510ed,"['steamed buns', 'xiao long bao', 'char siew pau']"
../foodsg-233\xiao long bao\4TN26T6YQ5DWC4R0V7GIW0LE.jpg,xiao long bao,all,d9e7c0df6ebe2e1c87d06e2a68e510ed,"['steamed buns', 'xiao long bao', 'char siew pau']"
../foodsg-233\char siew pau\XWFVFIDEV8DW0IA8U7XO8O62.jpg,char siew pau,all,d9e7c0df6ebe2e1c87d06e2a68e510ed,"['steamed buns', 'xiao long bao', 'char siew pau']"
"../foodsg-233\Wanton mee, dry\Z8WJ6S7M4OFKYNMQ9B145DU2.jpg","Wanton mee, dry",all,d9ea85b6113b7a0035e7dad55f171648,"['Wanton mee, dry', 'Fried Noodles']"
../foodsg-233\Fried Noodles\CV5CQWX5DGXOYKM6KQ0QH79F.jpg,Fried Noodles,all,d9ea85b6113b7a0035e7dad55f171648,"['Wanton mee, dry', 'Fried Noodles']"
../foodsg-233\chai tow kuay\YD7MCW9BFF2VK4MY4PISMHLE.jpg,chai tow kuay,all,d9ec3aa3fa9b29107aadd523cd4d5629,"['chai tow kuay', 'Kway Teow']"
../foodsg-233\Kway Teow\7XXINPHG5E8WRDLNXIE7Y7UB.jpg,Kway Teow,all,d9ec3aa3fa9b29107aadd523cd4d5629,"['chai tow kuay', 'Kway Teow']"
../foodsg-233\cooked brown rice\7W1CIXC3JCCDCGOV9P9PYM4N.jpg,cooked brown rice,all,d9f3d47f41c0eb0c74c86aff6afd1e09,"['cooked brown rice', 'Rice, korean bulgogi beef']"
"../foodsg-233\Rice, korean bulgogi beef\D453TAE8ZEQTVQUCQ5LW5D0N.jpg","Rice, korean bulgogi beef",all,d9f3d47f41c0eb0c74c86aff6afd1e09,"['cooked brown rice', 'Rice, korean bulgogi beef']"
../foodsg-233\whole grain bread\003VOYIBYM4JT9HEB2XWZ1O2.jpg,whole grain bread,all,da01c25ca208b98918568cca332107f2,"['whole grain bread', 'whole wheat']"
../foodsg-233\whole wheat\DYUF2VOW0WZ0DB3VJ7B565YG.jpg,whole wheat,all,da01c25ca208b98918568cca332107f2,"['whole grain bread', 'whole wheat']"
"../foodsg-233\Miso ramen, with fishcake\WDCBWHEXMDGR06EH0LQT8VGH.jpg","Miso ramen, with fishcake",all,da296383f1562b4913d1afa627a897a5,"['Miso ramen, with fishcake', 'Udon']"
../foodsg-233\Udon\ZN4IA6F7ZGUDTJ0DJ2Q03B5H.jpg,Udon,all,da296383f1562b4913d1afa627a897a5,"['Miso ramen, with fishcake', 'Udon']"
"../foodsg-233\Mee siam, fried\EMTN6O13TUT8SVLFLQF74W15.jpg","Mee siam, fried",all,da625a88703d9481d6fd6cbcd5f9e41c,"['Mee siam, fried', 'Bee hoon, goreng']"
"../foodsg-233\Bee hoon, goreng\W7E0H8V2P7LPL3IWN96Q2CIQ.jpg","Bee hoon, goreng",all,da625a88703d9481d6fd6cbcd5f9e41c,"['Mee siam, fried', 'Bee hoon, goreng']"
../foodsg-233\Mee rebus\3X5CNT2ACD67DQKZ7SWLAOLT.jpg,Mee rebus,all,da6ff0436f6013ddfba0f410b62cb8e5,"['Mee rebus', 'Mee bandung']"
../foodsg-233\Mee bandung\DLUM8N75K4WMB3R0W71OJEHW.jpg,Mee bandung,all,da6ff0436f6013ddfba0f410b62cb8e5,"['Mee rebus', 'Mee bandung']"
../foodsg-233\pineapple tarts\IPP2KEKDBNEKYJ44SRCOYNE2.jpg,pineapple tarts,all,da8212ab12da093efe8470cc5da2ce83,"['pineapple tarts', 'egg tart']"
../foodsg-233\egg tart\KT59R08KFC8C2AEC7IMYC3B4.jpg,egg tart,all,da8212ab12da093efe8470cc5da2ce83,"['pineapple tarts', 'egg tart']"
"../foodsg-233\Wanton mee, dry\F0JGOVNQV1Q5CHH36EUUO1T8.jpg","Wanton mee, dry",all,da83c6701451fe0cef30560eaa1e840d,"['Wanton mee, dry', 'Dumpling noodle soup']"
../foodsg-233\Dumpling noodle soup\8N934PSXQSP24TNAGFWMWKSM.jpg,Dumpling noodle soup,all,da83c6701451fe0cef30560eaa1e840d,"['Wanton mee, dry', 'Dumpling noodle soup']"
../foodsg-233\Soto ayam\1W288P40CHWO7E8BLUBC1HT9.jpg,Soto ayam,all,da9b2cb5fe195ad1fed9a6d510e61112,"['Soto ayam', 'Mee soto']"
../foodsg-233\Mee soto\FKEJL90004EN6R9C03WHEC7O.jpg,Mee soto,all,da9b2cb5fe195ad1fed9a6d510e61112,"['Soto ayam', 'Mee soto']"
../foodsg-233\Mee rebus\BFBP1JMS1KWUNTTVBTHESPET.jpg,Mee rebus,all,da9edfda634ddb8d6afd8934d0ce16f0,"['Mee rebus', 'Mee bandung']"
../foodsg-233\Mee bandung\DVLVBZJLMT1ADTRG5YU4RVO8.jpg,Mee bandung,all,da9edfda634ddb8d6afd8934d0ce16f0,"['Mee rebus', 'Mee bandung']"
../foodsg-233\blueberries\3X1E8FDRONR5U3FYQ3OY4H2Y.jpg,blueberries,all,dac1b9cc3595bdf0cafa662501aaf2e0,"['blueberries', 'strawberry']"
../foodsg-233\strawberry\1QEE4NJ3EBVMC5YB8CHCQ9CW.jpg,strawberry,all,dac1b9cc3595bdf0cafa662501aaf2e0,"['blueberries', 'strawberry']"
../foodsg-233\Mee soto\KHVAOAEAK4H1U4WY64RQ4X86.jpg,Mee soto,all,dad536b41c2226fa83117048379573ca,"['Mee soto', 'Bee hoon, soto']"
"../foodsg-233\Bee hoon, soto\IPUSON7Q5SA4N1WBTV5X5JPH.jpg","Bee hoon, soto",all,dad536b41c2226fa83117048379573ca,"['Mee soto', 'Bee hoon, soto']"
../foodsg-233\Mee siam\9R8CJXZJF83UFHD1RXMLF7K6.jpg,Mee siam,all,dad873c2f39d865823f5f3ca9b4ef0bc,"['Mee siam', 'Mee kuah']"
../foodsg-233\Mee kuah\59MVVA3J8GGVDAMEIWUJGHBA.jpg,Mee kuah,all,dad873c2f39d865823f5f3ca9b4ef0bc,"['Mee siam', 'Mee kuah']"
../foodsg-233\Mee siam\19YCKEM4MD878T1EU71NEVEL.jpg,Mee siam,all,dad96cf68d17b9a5937b1a65c3d56898,"['Mee siam', 'Mee siam, fried']"
"../foodsg-233\Mee siam, fried\DOAH0FNHZ6YH52JIHRWOKUN1.jpg","Mee siam, fried",all,dad96cf68d17b9a5937b1a65c3d56898,"['Mee siam', 'Mee siam, fried']"
../foodsg-233\whole wheat\0YHN6GZW858N224IZCTNIZIJ.jpg,whole wheat,all,daf3f186207899ea3e3ba654f2942b53,"['whole wheat', 'whole grain bread']"
../foodsg-233\whole grain bread\U0TZ0DIXPHMOURXPQKAJWLNL.jpg,whole grain bread,all,daf3f186207899ea3e3ba654f2942b53,"['whole wheat', 'whole grain bread']"
../foodsg-233\kueh lapis - rainbow\W23TRJ5UHOKATL1QCO5FBB2O.jpg,kueh lapis - rainbow,all,db736073e3756e12d0fc0206564b972d,"['kueh lapis - rainbow', 'kueh lapis baked']"
../foodsg-233\kueh lapis baked\3WG3KTEEAKCPGYFZ032KXRU9.jpg,kueh lapis baked,all,db736073e3756e12d0fc0206564b972d,"['kueh lapis - rainbow', 'kueh lapis baked']"
../foodsg-233\fish head curry\SWD1P1GNDO4YMSOGG2I9LSNL.jpg,fish head curry,all,db99cb98d8eebf18191f31ef74fc0d8d,"['fish head curry', 'assam pedas']"
../foodsg-233\assam pedas\P6P2TT4HTES6ZZM5PWNJF6XQ.jpg,assam pedas,all,db99cb98d8eebf18191f31ef74fc0d8d,"['fish head curry', 'assam pedas']"
../foodsg-233\Mee rebus\PSRXDIE2GUGB6BQ5UX3FCEE5.jpg,Mee rebus,all,dc0e2bc40cf67ea37d71b83b2e45917f,"['Mee rebus', 'Mee bandung']"
../foodsg-233\Mee bandung\ANDCY414CCT5L672Y6NPOS81.jpg,Mee bandung,all,dc0e2bc40cf67ea37d71b83b2e45917f,"['Mee rebus', 'Mee bandung']"
../foodsg-233\Pomelo\HQNQJ1PQO8LFPVBMCWUWEMEF.jpg,Pomelo,all,dc0ed55a50c3e28dad444cabdf7c26bb,"['Pomelo', 'Grapefruit']"
../foodsg-233\Grapefruit\9ZNSPPBD9SZ1OZA08GYPUHZL.jpg,Grapefruit,all,dc0ed55a50c3e28dad444cabdf7c26bb,"['Pomelo', 'Grapefruit']"
../foodsg-233\lontong\B95GT2Y0LTZI72ZQWGCDU3ZT.jpg,lontong,all,dc23cb07a8f203eb2a4894d0de83d5da,"['lontong', 'Mee rebus', 'Lontong with sayur lodeh']"
../foodsg-233\Mee rebus\AAD0JL47TMD5Y4JF9PF7KA2Z.jpg,Mee rebus,all,dc23cb07a8f203eb2a4894d0de83d5da,"['lontong', 'Mee rebus', 'Lontong with sayur lodeh']"
../foodsg-233\Lontong with sayur lodeh\GIMUD35A5OID8C0AF4QBI67L.jpg,Lontong with sayur lodeh,all,dc23cb07a8f203eb2a4894d0de83d5da,"['lontong', 'Mee rebus', 'Lontong with sayur lodeh']"
"../foodsg-233\Rice, with dakgalbi\FXVY8KKYCHGQP3VZNWWQWT8O.jpg","Rice, with dakgalbi",all,dc2d05359cc01fb0d2cd7d86c26e1cdc,"['Rice, with dakgalbi', 'fried chicken']"
../foodsg-233\fried chicken\8X2I2K43KPW30OV5ZNQLVVCB.jpg,fried chicken,all,dc2d05359cc01fb0d2cd7d86c26e1cdc,"['Rice, with dakgalbi', 'fried chicken']"
"../foodsg-233\Bee hoon, soto\JW3T8YEN358HQIUYVTW0ATFC.jpg","Bee hoon, soto",all,dc47c2f4fe1580882d4e57098cdb5552,"['Bee hoon, soto', 'Soto ayam']"
../foodsg-233\Soto ayam\G3J3ADJDRSQTP4RCBHCOOKEA.jpg,Soto ayam,all,dc47c2f4fe1580882d4e57098cdb5552,"['Bee hoon, soto', 'Soto ayam']"
../foodsg-233\Lontong with sayur lodeh\C3BDQLMPL7PM2QXYQEAW9RJB.jpg,Lontong with sayur lodeh,all,dc51cf996ef5a609854e166e62cab38d,"['Lontong with sayur lodeh', 'lontong']"
../foodsg-233\lontong\1WQBY7PXVVNPEY8I013DVTV6.jpg,lontong,all,dc51cf996ef5a609854e166e62cab38d,"['Lontong with sayur lodeh', 'lontong']"
../foodsg-233\drunken prawn\3AUP0CKCCGYHUJ4P8WQCUAQ4.jpg,drunken prawn,all,dc7ad6a703d17a2a1dbc3da169daa0e4,"['drunken prawn', 'fried prawn']"
../foodsg-233\fried prawn\D88S9H416WGH9EK9PU4HFMQR.jpg,fried prawn,all,dc7ad6a703d17a2a1dbc3da169daa0e4,"['drunken prawn', 'fried prawn']"
../foodsg-233\Mee siam\MMBHWZJ0ED8SQUMRH934BB9D.jpg,Mee siam,all,dc8294688c6d64ab27e1699c3884127e,"['Mee siam', 'Mee siam, fried']"
"../foodsg-233\Mee siam, fried\TEDS6UADSGBREUWQE8FEFS1U.jpg","Mee siam, fried",all,dc8294688c6d64ab27e1699c3884127e,"['Mee siam', 'Mee siam, fried']"
../foodsg-233\Mee bandung\UHKYBLYJKXL5MHVA4OS1HTT4.jpg,Mee bandung,all,dc9054b6dbceb16b97d219cacbdf5118,"['Mee bandung', 'Mee rebus']"
../foodsg-233\Mee rebus\43UCFZ3V0EILWEZS6UR9VHP4.jpg,Mee rebus,all,dc9054b6dbceb16b97d219cacbdf5118,"['Mee bandung', 'Mee rebus']"
../foodsg-233\Mee bandung\LXTTYN11KSE6VJCLI766WGQ2.jpg,Mee bandung,all,dcb70bbc8891cf4f69730b93451ad1df,"['Mee bandung', 'Mee rebus']"
../foodsg-233\Mee rebus\3YI8U9N9ZD19DDU6J9BU5C5C.jpg,Mee rebus,all,dcb70bbc8891cf4f69730b93451ad1df,"['Mee bandung', 'Mee rebus']"
../foodsg-233\satay bee hoon\0SLK95YO3X2DK1345J5TDL17.jpg,satay bee hoon,all,dcd2b619f4a10243a758a7224ab70230,"['satay bee hoon', 'Bee hoon, soto']"
"../foodsg-233\Bee hoon, soto\PZS4W29KTRFSSJOV7K1HUA0C.jpg","Bee hoon, soto",all,dcd2b619f4a10243a758a7224ab70230,"['satay bee hoon', 'Bee hoon, soto']"
../foodsg-233\Chinese fritters\LOOAM39W9XXJTFW1BCCK7O5N.jpg,Chinese fritters,all,dcf7636a070ae38a9a277bd106a095b5,"['Chinese fritters', 'tau suan']"
../foodsg-233\tau suan\CZ2YJDXPQEKER6JCI3FJT58Y.jpg,tau suan,all,dcf7636a070ae38a9a277bd106a095b5,"['Chinese fritters', 'tau suan']"
../foodsg-233\Mee bandung\IAR4OIZ076O75TRAD5N54LMU.jpg,Mee bandung,all,dcfe1ff8ed9c791c0282a79828990a5a,"['Mee bandung', 'Mee rebus']"
../foodsg-233\Mee rebus\NZI9N66I9C1WX2L1H0YEX953.jpg,Mee rebus,all,dcfe1ff8ed9c791c0282a79828990a5a,"['Mee bandung', 'Mee rebus']"
../foodsg-233\whole grain bread\2KTYK7VN4MWAC0RHZLQ4MBH1.jpg,whole grain bread,all,dd2e09621246a49ec1e3d33259296ac4,"['whole grain bread', 'whole wheat']"
../foodsg-233\whole wheat\G21DSO9MV9FTA0Y3T22XW6OY.jpg,whole wheat,all,dd2e09621246a49ec1e3d33259296ac4,"['whole grain bread', 'whole wheat']"
../foodsg-233\black pepper crab\CR4X685L3DVGWWWZ5A0UQ3C3.jpg,black pepper crab,all,dd2fd7a7f69124ada03ee218f5af1d12,"['black pepper crab', 'chilli crab']"
../foodsg-233\chilli crab\HR8RXOL3UWO8J2CY330DMR0G.jpg,chilli crab,all,dd2fd7a7f69124ada03ee218f5af1d12,"['black pepper crab', 'chilli crab']"
../foodsg-233\cream soup\OYDAE4E60PYQ0KQIQSP11LPX.jpg,cream soup,all,dd592961ec9073e11c7459104277ebba,"['cream soup', 'mushroom soup']"
../foodsg-233\mushroom soup\6C05PU4ZBEHGAPLZSZ547NSC.jpg,mushroom soup,all,dd592961ec9073e11c7459104277ebba,"['cream soup', 'mushroom soup']"
../foodsg-233\Duck Rice\L2M0JGQSVV31EW4BM16KQ1KE.jpg,Duck Rice,all,de68233902ec9c21f09f8a79022c8e7f,"['Duck Rice', 'char siew']"
../foodsg-233\char siew\4JR3AQQ1EECPEPG2WCMY6NXI.jpg,char siew,all,de68233902ec9c21f09f8a79022c8e7f,"['Duck Rice', 'char siew']"
../foodsg-233\whole wheat\6OFMTL657YMD7MEXKJ1ZQ6R8.jpg,whole wheat,all,de92a5260b685ddde919ce6be0956ef6,"['whole wheat', 'whole grain bread']"
../foodsg-233\whole grain bread\AWQZT04YSXF4AE5MA6AORSZS.jpg,whole grain bread,all,de92a5260b685ddde919ce6be0956ef6,"['whole wheat', 'whole grain bread']"
../foodsg-233\Mee siam\N0KRP068NYP1KMDYTBQIE533.jpg,Mee siam,all,de9e3573928ab9d976b26a27e4e7e3c8,"['Mee siam', 'Mee siam, fried']"
"../foodsg-233\Mee siam, fried\ZTS3YK84OSFGJVXW2UM334EJ.jpg","Mee siam, fried",all,de9e3573928ab9d976b26a27e4e7e3c8,"['Mee siam', 'Mee siam, fried']"
../foodsg-233\Kway Teow\O16FWBQWGC4QCN5AWUX3YXF8.jpg,Kway Teow,all,deb43e8dd32e454a9e80a27f8bac3587,"['Kway Teow', 'Bee hoon, soto']"
"../foodsg-233\Bee hoon, soto\E7TJOPOWV8EHRFZJ2EDMPTU6.jpg","Bee hoon, soto",all,deb43e8dd32e454a9e80a27f8bac3587,"['Kway Teow', 'Bee hoon, soto']"
../foodsg-233\lontong\EAYDZQF0FNFADEUNJR11DLYU.jpg,lontong,all,deb7172064634d977efe61d8a42df7fb,"['lontong', 'Lontong with sayur lodeh']"
../foodsg-233\Lontong with sayur lodeh\GCEH6JZ3ED4WUOAM186T7I33.jpg,Lontong with sayur lodeh,all,deb7172064634d977efe61d8a42df7fb,"['lontong', 'Lontong with sayur lodeh']"
../foodsg-233\Soto ayam\8T7NWCEO8JQSHHSD9U0Z5IHW.jpg,Soto ayam,all,dec575acfa623099b388f4e8a1d954f9,"['Soto ayam', 'Mee soto']"
../foodsg-233\Mee soto\I88CPOYVTBEC66YJLRP255LY.jpg,Mee soto,all,dec575acfa623099b388f4e8a1d954f9,"['Soto ayam', 'Mee soto']"
../foodsg-233\dumpling\0AM4QLZQMF3QNUNC7GGCD78Q.jpg,dumpling,all,dec695002234869aa7a39561cfacabec,"['dumpling', 'Dumpling noodle soup']"
../foodsg-233\Dumpling noodle soup\QJ3PPXNJOJ0L4QAC7GWA9HO2.jpg,Dumpling noodle soup,all,dec695002234869aa7a39561cfacabec,"['dumpling', 'Dumpling noodle soup']"
../foodsg-233\Mee kuah\8LV2KJQXNUG7XWVLNHR54FJN.jpg,Mee kuah,all,ded4e43eca3292bd7fcb0e5ac5fe14f8,"['Mee kuah', 'Mee siam']"
../foodsg-233\Mee siam\NPLXYG21R5YMGRA6OE4HD8EK.jpg,Mee siam,all,ded4e43eca3292bd7fcb0e5ac5fe14f8,"['Mee kuah', 'Mee siam']"
../foodsg-233\mushroom soup\KEF88LT08HZMP7GJS1XP5E39.jpg,mushroom soup,all,df09938ebd78261abf68e6091e2bb6f0,"['mushroom soup', 'cream soup']"
../foodsg-233\cream soup\5XIMLZI7MKPQMOO980W70DLP.jpg,cream soup,all,df09938ebd78261abf68e6091e2bb6f0,"['mushroom soup', 'cream soup']"
../foodsg-233\cream soup\KXCUS6XK5VQC7FOZX3AD7KII.jpg,cream soup,all,df17c2bc1e952e0bbcea4023f80f16b9,"['cream soup', 'chicken soup']"
../foodsg-233\chicken soup\ZP3GL4ZBT455I0BR3FJB27ZQ.jpg,chicken soup,all,df17c2bc1e952e0bbcea4023f80f16b9,"['cream soup', 'chicken soup']"
../foodsg-233\steamed buns\JBDF2FT5I9095O9TXC5Q0JWT.jpg,steamed buns,all,df1d2ccd5af6e479e1b02a2a5a73ae16,"['steamed buns', 'char siew pau']"
../foodsg-233\char siew pau\S9P28VLMSD9ZTP8LA0TGC22O.jpg,char siew pau,all,df1d2ccd5af6e479e1b02a2a5a73ae16,"['steamed buns', 'char siew pau']"
../foodsg-233\Mee rebus\2SXA7A4W17U51SVVHA18RADK.jpg,Mee rebus,all,df678fadd74f45e6302c6fda3fb91b80,"['Mee rebus', 'Bee hoon, soto', 'Mee soto', 'Mee siam']"
"../foodsg-233\Bee hoon, soto\UI99VYPQI44X422S53I7IIT8.jpg","Bee hoon, soto",all,df678fadd74f45e6302c6fda3fb91b80,"['Mee rebus', 'Bee hoon, soto', 'Mee soto', 'Mee siam']"
../foodsg-233\Mee soto\XT5XL8TGBBDUSNYFWZ5XK60C.jpg,Mee soto,all,df678fadd74f45e6302c6fda3fb91b80,"['Mee rebus', 'Bee hoon, soto', 'Mee soto', 'Mee siam']"
../foodsg-233\Mee siam\AFLDJL9H6SE12NNV410K3MIN.jpg,Mee siam,all,df678fadd74f45e6302c6fda3fb91b80,"['Mee rebus', 'Bee hoon, soto', 'Mee soto', 'Mee siam']"
../foodsg-233\whole grain bread\BUP3LM4TLKFZBX4E6BRN8JQ2.jpg,whole grain bread,all,df97a78033950bc80560890b1a6dd639,"['whole grain bread', 'whole wheat']"
../foodsg-233\whole wheat\5LYW9JLJJLCQFMB0IDJ58ZCH.jpg,whole wheat,all,df97a78033950bc80560890b1a6dd639,"['whole grain bread', 'whole wheat']"
../foodsg-233\Mee soto\1PBQ6GABMBBYKBKEKVPMGTXS.jpg,Mee soto,all,df982cea4be0a4d4596dd9e69f3a171d,"['Mee soto', 'Soto ayam']"
../foodsg-233\Soto ayam\ZERWIU891956OW2XDH5HL1TG.jpg,Soto ayam,all,df982cea4be0a4d4596dd9e69f3a171d,"['Mee soto', 'Soto ayam']"
../foodsg-233\fried chicken\PT1UEO96E0GHC32GF46AL1TC.jpg,fried chicken,all,df984714844925f3f7670d240ece74ec,"['fried chicken', 'har cheong gai']"
../foodsg-233\har cheong gai\1YA1TVM9T6PMAFGPMC0JYONE.jpg,har cheong gai,all,df984714844925f3f7670d240ece74ec,"['fried chicken', 'har cheong gai']"
"../foodsg-233\Rice, korean bulgogi beef\32MBQAEL6RFF7JEAWVJTY84U.jpg","Rice, korean bulgogi beef",all,e0049015c8ed421095fc9dffa81dde9a,"['Rice, korean bulgogi beef', 'dumpling']"
../foodsg-233\dumpling\WDHZSM689DYLUEEQUUR2MZCA.jpg,dumpling,all,e0049015c8ed421095fc9dffa81dde9a,"['Rice, korean bulgogi beef', 'dumpling']"
../foodsg-233\Soto ayam\B1VWOFQDPMCBA3UX72NAOWNF.jpg,Soto ayam,all,e0316ce80c19736eb83a6fa0158ef1f7,"['Soto ayam', 'Mee soto']"
../foodsg-233\Mee soto\SB0CXN6EMTAGKIOUVCV6V55F.jpg,Mee soto,all,e0316ce80c19736eb83a6fa0158ef1f7,"['Soto ayam', 'Mee soto']"
"../foodsg-233\Wanton mee, dry\WBX66VXHQ9OG63EK8TRALB01.jpg","Wanton mee, dry",all,e04da46053381a15200c72eda7607932,"['Wanton mee, dry', 'Dumpling noodle soup']"
../foodsg-233\Dumpling noodle soup\9ZJ90WQW1W5T9GQ2QZLZZCWK.jpg,Dumpling noodle soup,all,e04da46053381a15200c72eda7607932,"['Wanton mee, dry', 'Dumpling noodle soup']"
../foodsg-233\Soto ayam\A32WCSVFRNCDAOI3HRWJPXCL.jpg,Soto ayam,all,e0bc15ce91bbb103ae1e1cf6b62aea97,"['Soto ayam', 'Mee soto']"
../foodsg-233\Mee soto\UNDUAPEA9E38AEVC2VFIW330.jpg,Mee soto,all,e0bc15ce91bbb103ae1e1cf6b62aea97,"['Soto ayam', 'Mee soto']"
../foodsg-233\fried prawn\CMFDY3O3IG2JU8UPIX47WHK2.jpg,fried prawn,all,e0bfa188dd10f86f3950839ec82457c1,"['fried prawn', 'Chinese fritters']"
../foodsg-233\Chinese fritters\EMMKHA49XEVL8J47X1Y1W6TR.jpg,Chinese fritters,all,e0bfa188dd10f86f3950839ec82457c1,"['fried prawn', 'Chinese fritters']"
../foodsg-233\milk\MSBUZO8ZG1HR38NU6NG2JA5M.jpg,milk,all,e0e53ed1c8b80ce94d8c80ff3177f3c1,"['milk', 'yogurt']"
../foodsg-233\yogurt\47Y8MJDKH6U2XBFBD8V21J9O.jpg,yogurt,all,e0e53ed1c8b80ce94d8c80ff3177f3c1,"['milk', 'yogurt']"
"../foodsg-233\Mee siam, fried\M29D3QGCTYLLKHCTA1PXJTRN.jpg","Mee siam, fried",all,e0e7a0d5a516803673d0b239020aaa4a,"['Mee siam, fried', 'Mee siam']"
../foodsg-233\Mee siam\QWCERZGDYT9DIOKF7WYX0GA0.jpg,Mee siam,all,e0e7a0d5a516803673d0b239020aaa4a,"['Mee siam, fried', 'Mee siam']"
../foodsg-233\whole grain bread\6AGBI5BL4UV0KD7M74GQGN69.jpg,whole grain bread,all,e11ef93ade1c43257053dcfe8d5dd0ef,"['whole grain bread', 'whole wheat']"
../foodsg-233\whole wheat\LS6Z5UWQFGAE7W0IH9N2GN4P.jpg,whole wheat,all,e11ef93ade1c43257053dcfe8d5dd0ef,"['whole grain bread', 'whole wheat']"
../foodsg-233\assam pedas\N4B8NXL11VST4CFBX902W2OC.jpg,assam pedas,all,e1632b6e81fe22d988b34aa17c937321,"['assam pedas', 'fish head curry']"
../foodsg-233\fish head curry\3OALTGH78DK4A0N0X6Z0UAY4.jpg,fish head curry,all,e1632b6e81fe22d988b34aa17c937321,"['assam pedas', 'fish head curry']"
../foodsg-233\mushroom soup\K4VUVF96GHNVWX4CIFQT8ZO3.jpg,mushroom soup,all,e1700da44c849bd2d259261944f09e3a,"['mushroom soup', 'sliced fish soup']"
../foodsg-233\sliced fish soup\A7SVKCIU21XAAA5Y3DJ8SRGV.jpg,sliced fish soup,all,e1700da44c849bd2d259261944f09e3a,"['mushroom soup', 'sliced fish soup']"
../foodsg-233\bee hoon\LXUYCOY9NKHHFME40TYPAZOA.jpg,bee hoon,all,e191ab5c7c47178eca5a07f186c5ea36,"['bee hoon', 'Bee hoon, soto']"
"../foodsg-233\Bee hoon, soto\SEI2PTCHYKUMN2LU9Y6T5XOK.jpg","Bee hoon, soto",all,e191ab5c7c47178eca5a07f186c5ea36,"['bee hoon', 'Bee hoon, soto']"
../foodsg-233\bee hoon\7DDENFDZ6S2L46IKA8PCFM1J.jpg,bee hoon,all,e194157346f50b4cafa8d3a68731ff52,"['bee hoon', 'Bee hoon, goreng']"
"../foodsg-233\Bee hoon, goreng\WCRX58OOPVO9CC29J3D2YPCC.jpg","Bee hoon, goreng",all,e194157346f50b4cafa8d3a68731ff52,"['bee hoon', 'Bee hoon, goreng']"
../foodsg-233\tandoori chicken\GOBXOM7VXTKNR0HMK21R3SG1.jpg,tandoori chicken,all,e1d48be17f5e42766f123c2f2aff3319,"['tandoori chicken', 'chicken masala']"
../foodsg-233\chicken masala\E373LZ1CA9YI0VIKP0MP348C.jpg,chicken masala,all,e1d48be17f5e42766f123c2f2aff3319,"['tandoori chicken', 'chicken masala']"
../foodsg-233\whole wheat\WCL30E7J9DCQBNZEFR344OOF.jpg,whole wheat,all,e1e8d3b61df06b6cc1f009eba6e7f773,"['whole wheat', 'whole grain bread']"
../foodsg-233\whole grain bread\G6MWCP0B9C1QRSKSXPF56R38.jpg,whole grain bread,all,e1e8d3b61df06b6cc1f009eba6e7f773,"['whole wheat', 'whole grain bread']"
../foodsg-233\chicken masala\582CMI0GVBI33LSLVP62D6HH.jpg,chicken masala,all,e1fe2eac88b7ace1e9ef152e8a7aba44,"['chicken masala', 'tandoori chicken']"
../foodsg-233\tandoori chicken\M5DOXFSS6CDK8T2RZ5BEHHRL.jpg,tandoori chicken,all,e1fe2eac88b7ace1e9ef152e8a7aba44,"['chicken masala', 'tandoori chicken']"
../foodsg-233\Laksa\6JPAAL2GYIJUFWWS7DOFMRCY.jpg,Laksa,all,e20c830d1582e44527829d826a5f698f,"['Laksa', 'yong tau foo']"
../foodsg-233\yong tau foo\4AGD6E9PV6APQKVYRIL4E8OH.jpg,yong tau foo,all,e20c830d1582e44527829d826a5f698f,"['Laksa', 'yong tau foo']"
../foodsg-233\Soto ayam\37UPO2FJQWHPJGOZ4T4N942H.jpg,Soto ayam,all,e2104c60d97f1f2f3c561c8b79cff0ce,"['Soto ayam', 'Mee soto']"
../foodsg-233\Mee soto\QMWCDBSE5F0Y99LH4142BMOV.jpg,Mee soto,all,e2104c60d97f1f2f3c561c8b79cff0ce,"['Soto ayam', 'Mee soto']"
../foodsg-233\Mee rebus\2UHTU3KEB76K0LGGOG0OW55B.jpg,Mee rebus,all,e221d0592c07f77f205f7788ed4ef089,"['Mee rebus', 'Mee siam', 'Mee bandung']"
../foodsg-233\Mee siam\R6ZGPGOKWC2TXY0P8T3WX6MR.jpg,Mee siam,all,e221d0592c07f77f205f7788ed4ef089,"['Mee rebus', 'Mee siam', 'Mee bandung']"
../foodsg-233\Mee bandung\MY6MPR4N2ZUTU7P6GNELMB4R.jpg,Mee bandung,all,e221d0592c07f77f205f7788ed4ef089,"['Mee rebus', 'Mee siam', 'Mee bandung']"
../foodsg-233\bee hoon\X8PZF81JDWSEWKW0H9GIAPDJ.jpg,bee hoon,all,e257d210fe7f5a033afbd81649ec74ea,"['bee hoon', 'Bee hoon, soto']"
"../foodsg-233\Bee hoon, soto\Z5O5T02XP478YV14DMT4MYOH.jpg","Bee hoon, soto",all,e257d210fe7f5a033afbd81649ec74ea,"['bee hoon', 'Bee hoon, soto']"
../foodsg-233\satay bee hoon\YVK6MGRGN0TJCZHSAP52QT8M.jpg,satay bee hoon,all,e271b9be4799530b28a1026dad613346,"['satay bee hoon', 'Bee hoon, goreng']"
"../foodsg-233\Bee hoon, goreng\7TPTL1TUQ4E7ODK1TDCD9NSI.jpg","Bee hoon, goreng",all,e271b9be4799530b28a1026dad613346,"['satay bee hoon', 'Bee hoon, goreng']"
../foodsg-233\Mee rebus\GUXKVR60QK0WQCE47CIOP144.jpg,Mee rebus,all,e28fa770422b2585fcd956207197dd07,"['Mee rebus', 'Mee bandung']"
../foodsg-233\Mee bandung\DHW2VFB7K0WSMOAAAV644K8Z.jpg,Mee bandung,all,e28fa770422b2585fcd956207197dd07,"['Mee rebus', 'Mee bandung']"
../foodsg-233\sliced fish soup\8DY50ELRXABR1QTRD1O0HVKW.jpg,sliced fish soup,all,e29ef504f0cbc918ec2c646bf0ce5f52,"['sliced fish soup', 'Seafood Noodles Soup']"
../foodsg-233\Seafood Noodles Soup\IEH7QJY9S2XHOC8WQLGVI656.jpg,Seafood Noodles Soup,all,e29ef504f0cbc918ec2c646bf0ce5f52,"['sliced fish soup', 'Seafood Noodles Soup']"
"../foodsg-233\Mee siam, fried\6Q0ZUSPI904SBLIJMKW143XK.jpg","Mee siam, fried",all,e2e61d9aab94a7e3e9772c933b19aa5c,"['Mee siam, fried', 'Bee hoon, goreng', 'bee hoon']"
"../foodsg-233\Bee hoon, goreng\VY5AZPBJX0DDFMCEKKH77V90.jpg","Bee hoon, goreng",all,e2e61d9aab94a7e3e9772c933b19aa5c,"['Mee siam, fried', 'Bee hoon, goreng', 'bee hoon']"
../foodsg-233\bee hoon\SNT2BA0VI820249SPB1AXQVC.jpg,bee hoon,all,e2e61d9aab94a7e3e9772c933b19aa5c,"['Mee siam, fried', 'Bee hoon, goreng', 'bee hoon']"
../foodsg-233\Soto ayam\7RFOIH562GD0L7KROGN1PVWC.jpg,Soto ayam,all,e2f661683e3b2c87691033884ada24a5,"['Soto ayam', 'Mee soto']"
../foodsg-233\Mee soto\XYJP02BRPYAOY47I4A7K88V0.jpg,Mee soto,all,e2f661683e3b2c87691033884ada24a5,"['Soto ayam', 'Mee soto']"
../foodsg-233\yam rice\0B4DCE8AD0HALZ6EHFY1LWNZ.jpg,yam rice,all,e2f9490cc95d3ce417b994c630bd98a7,"['yam rice', 'Duck Rice']"
../foodsg-233\Duck Rice\3WRRGTI4KDISN94WT6Y08ICT.jpg,Duck Rice,all,e2f9490cc95d3ce417b994c630bd98a7,"['yam rice', 'Duck Rice']"
../foodsg-233\mixed vegetables\D91YVUSRZPXSKUZ6AGGQZNLM.jpg,mixed vegetables,all,e3011ae8b44054ba6fb3bf24fe3fe993,"['mixed vegetables', 'mixed grills']"
../foodsg-233\mixed grills\IR2R40948PH5WJSNPO458CGF.jpg,mixed grills,all,e3011ae8b44054ba6fb3bf24fe3fe993,"['mixed vegetables', 'mixed grills']"
../foodsg-233\Mee soto\OZUT6PNRZU8M8C2OCT3708YY.jpg,Mee soto,all,e307e8c939d399787a890f11b95bf9d6,"['Mee soto', 'Soto ayam']"
../foodsg-233\Soto ayam\PH20MDM8Y1P4PKZNX7ANI36I.jpg,Soto ayam,all,e307e8c939d399787a890f11b95bf9d6,"['Mee soto', 'Soto ayam']"
../foodsg-233\Seafood Noodles Soup\TKOKAPFTGI4SNHVJH3JMKS3K.jpg,Seafood Noodles Soup,all,e329fb12cd31c0f0d781f60b69b4e365,"['Seafood Noodles Soup', 'sliced fish soup']"
../foodsg-233\sliced fish soup\CVNMUIKTHLSZWP6VHMWH08GJ.jpg,sliced fish soup,all,e329fb12cd31c0f0d781f60b69b4e365,"['Seafood Noodles Soup', 'sliced fish soup']"
../foodsg-233\lontong\JXFUBP9BUFP3K28MRBPA37F1.jpg,lontong,all,e33bf640b1808bff6c89a6f741b26ba6,"['lontong', 'Lontong with sayur lodeh']"
../foodsg-233\Lontong with sayur lodeh\TXFTC9COK68HNUFFFDSJLV2K.jpg,Lontong with sayur lodeh,all,e33bf640b1808bff6c89a6f741b26ba6,"['lontong', 'Lontong with sayur lodeh']"
../foodsg-233\steamed buns\E0UFV7KBH3L24HE9ASQ16PKH.jpg,steamed buns,all,e350a2515168bc1ffbf88e854eca876f,"['steamed buns', 'char siew pau']"
../foodsg-233\char siew pau\2FF9RGLN09IGHN3EN40FKVTM.jpg,char siew pau,all,e350a2515168bc1ffbf88e854eca876f,"['steamed buns', 'char siew pau']"
../foodsg-233\satay bee hoon\9HO6DKZV35E5RKTGM61A270L.jpg,satay bee hoon,all,e38a298c4f596a012d7334cfc49a56c3,"['satay bee hoon', 'bee hoon']"
../foodsg-233\bee hoon\NEN36T0BKKTYXRX8ILSIWU4K.jpg,bee hoon,all,e38a298c4f596a012d7334cfc49a56c3,"['satay bee hoon', 'bee hoon']"
../foodsg-233\Mee rebus\80W2M8KD4YK3OR7CHL433236.jpg,Mee rebus,all,e3a12a477d38b6d05d3b5e76b5b58934,"['Mee rebus', 'Mee bandung']"
../foodsg-233\Mee bandung\QVBNG864ZWJYLK4VDFLAL0GX.jpg,Mee bandung,all,e3a12a477d38b6d05d3b5e76b5b58934,"['Mee rebus', 'Mee bandung']"
"../foodsg-233\Rice, chicken katsu with Japanese curry\62DQ8MT2DAY0L9OO6VJ1SCC7.jpg","Rice, chicken katsu with Japanese curry",all,e414e075291b3f5306d092936528c01d,"['Rice, chicken katsu with Japanese curry', 'fried chicken']"
../foodsg-233\fried chicken\BO6ZJ4L60GZSHFKCXLUX8FOV.jpg,fried chicken,all,e414e075291b3f5306d092936528c01d,"['Rice, chicken katsu with Japanese curry', 'fried chicken']"
../foodsg-233\whole grain bread\QC7MKL0S23QUO7E7VUU8AMZQ.jpg,whole grain bread,all,e44721297d05f6b35a696e04c3157dfa,"['whole grain bread', 'whole wheat']"
../foodsg-233\whole wheat\3IA80GUF03CC5MBUUAFIXCTN.jpg,whole wheat,all,e44721297d05f6b35a696e04c3157dfa,"['whole grain bread', 'whole wheat']"
../foodsg-233\chin chow drink\MDPWWH7SMD0FPZ6FYE6XYCE4.jpg,chin chow drink,all,e44fc63001558910963053c15a802e1a,"['chin chow drink', 'Bubble Milk Tea']"
../foodsg-233\Bubble Milk Tea\ZW3PRPCEOO0JGJLUK7UTRC0S.jpg,Bubble Milk Tea,all,e44fc63001558910963053c15a802e1a,"['chin chow drink', 'Bubble Milk Tea']"
../foodsg-233\Mee bandung\0T8UELX00CJDINSNKG2KNPDH.jpg,Mee bandung,all,e45d4f6a09df1a10829bc194b802cc92,"['Mee bandung', 'Mee rebus']"
../foodsg-233\Mee rebus\HGDQWXHZTE0U0CGHOE18LMXJ.jpg,Mee rebus,all,e45d4f6a09df1a10829bc194b802cc92,"['Mee bandung', 'Mee rebus']"
../foodsg-233\whole wheat\D23GIITAD3MP4LVZ7O9MI960.jpg,whole wheat,all,e47358c8d246fc5dc07ec2402e6e0e14,"['whole wheat', 'whole grain bread']"
../foodsg-233\whole grain bread\G8892BK0ZE6ME3XEEYILF63B.jpg,whole grain bread,all,e47358c8d246fc5dc07ec2402e6e0e14,"['whole wheat', 'whole grain bread']"
../foodsg-233\chicken soup\KK8TQBCQMEQCUBNVTXI9OTZI.jpg,chicken soup,all,e473a45fa65d4000decc644b8e45de52,"['chicken soup', 'vegetable soup']"
../foodsg-233\vegetable soup\52KDPHVSMLGG7KDGS5SS5IZ3.jpg,vegetable soup,all,e473a45fa65d4000decc644b8e45de52,"['chicken soup', 'vegetable soup']"
"../foodsg-233\Bee hoon, soto\Y8QITCB49G6XQ70CCAGK6ILH.jpg","Bee hoon, soto",all,e473ca5ca5e8dc18e7ea11d8f36faed8,"['Bee hoon, soto', 'Soto ayam', 'Mee soto']"
../foodsg-233\Soto ayam\LW1DJWOG52NF70GTKTTAD56F.jpg,Soto ayam,all,e473ca5ca5e8dc18e7ea11d8f36faed8,"['Bee hoon, soto', 'Soto ayam', 'Mee soto']"
../foodsg-233\Mee soto\NR18KXLAGCMBQZQ5EJFBBRVP.jpg,Mee soto,all,e473ca5ca5e8dc18e7ea11d8f36faed8,"['Bee hoon, soto', 'Soto ayam', 'Mee soto']"
../foodsg-233\nasi lemak\406XFBK7U9ZWJE5PQ9WRO0CZ.jpg,nasi lemak,all,e474e4f685c6fb3dc48723ebe9024cfe,"['nasi lemak', 'Nasi Ambeng']"
../foodsg-233\Nasi Ambeng\RTTNTL1JVJEOEQR4LLA7R7M4.jpg,Nasi Ambeng,all,e474e4f685c6fb3dc48723ebe9024cfe,"['nasi lemak', 'Nasi Ambeng']"
../foodsg-233\chicken soup\LHGNOAFYA1SAMU3559SVS39N.jpg,chicken soup,all,e4ba080a957f4c71f6eff4c47369ce98,"['chicken soup', 'vegetable soup']"
../foodsg-233\vegetable soup\3WK4R9F11IDAXVE7BMHZCU9K.jpg,vegetable soup,all,e4ba080a957f4c71f6eff4c47369ce98,"['chicken soup', 'vegetable soup']"
../foodsg-233\Sweets\C9CUEZ6PLW0SVJODPWZKG32V.jpg,Sweets,all,e4dfd90f65991d133b562b3b2dddb6b2,"['Sweets', 'Chocolate']"
../foodsg-233\Chocolate\K18O47K1RH7WT857TU23VFCB.jpg,Chocolate,all,e4dfd90f65991d133b562b3b2dddb6b2,"['Sweets', 'Chocolate']"
../foodsg-233\Seafood Noodles Soup\P9OV257U9XIJTEJC8WEFC9AG.jpg,Seafood Noodles Soup,all,e4e0ce6c7a40202f6978262f32703080,"['Seafood Noodles Soup', 'Ban Mian']"
../foodsg-233\Ban Mian\2HU3TXDH5TH8NT7OABTN0FOH.jpg,Ban Mian,all,e4e0ce6c7a40202f6978262f32703080,"['Seafood Noodles Soup', 'Ban Mian']"
../foodsg-233\raspberry\2R74OZ00M4ONLYYIH8I5U4YJ.jpg,raspberry,all,e4f35192de730ac2c8f3e7e24c758e80,"['raspberry', 'Blackberry']"
../foodsg-233\Blackberry\HJTEI8LV3ZIKL5I99A651R5H.jpg,Blackberry,all,e4f35192de730ac2c8f3e7e24c758e80,"['raspberry', 'Blackberry']"
../foodsg-233\whole wheat\5RYDM5HQ7G19BRGD7AORKF4M.jpg,whole wheat,all,e554b8c42f47cfd33d06581273963306,"['whole wheat', 'whole grain bread']"
../foodsg-233\whole grain bread\OMCF88P1M9XYK7HSADF4HO1X.jpg,whole grain bread,all,e554b8c42f47cfd33d06581273963306,"['whole wheat', 'whole grain bread']"
../foodsg-233\bee hoon\O0S31ZURDJLK7EGLG3AZQXFS.jpg,bee hoon,all,e567f31efd5c4b0b3d73370952cc5935,"['bee hoon', 'Bee hoon, goreng']"
"../foodsg-233\Bee hoon, goreng\SQVG9X0K8JX10XN6THIIYIEV.jpg","Bee hoon, goreng",all,e567f31efd5c4b0b3d73370952cc5935,"['bee hoon', 'Bee hoon, goreng']"
../foodsg-233\Mee siam\0O8HU47T7003UK245NT7T9PJ.jpg,Mee siam,all,e56a7c19cad928ce8ca52033f84c7f78,"['Mee siam', 'Mee goreng']"
../foodsg-233\Mee goreng\3RBA8RF81XJYYDNH0DNPHDJ7.jpg,Mee goreng,all,e56a7c19cad928ce8ca52033f84c7f78,"['Mee siam', 'Mee goreng']"
../foodsg-233\Mee bandung\YOXO951ZH477J6MY6UM55ZL7.jpg,Mee bandung,all,e56cea38e0f7b5aa25c2b0dafb221415,"['Mee bandung', 'Bee hoon, soto']"
"../foodsg-233\Bee hoon, soto\KDRROFO9WUBU4YFVF22086FX.jpg","Bee hoon, soto",all,e56cea38e0f7b5aa25c2b0dafb221415,"['Mee bandung', 'Bee hoon, soto']"
../foodsg-233\Mee siam\ZT11KROVC042JT8TPY304F6B.jpg,Mee siam,all,e59f89e8a4b3ed6e51b93356214f1382,"['Mee siam', 'Mee siam, fried']"
"../foodsg-233\Mee siam, fried\3HX42EO0BGY6OML7YT9XN8RZ.jpg","Mee siam, fried",all,e59f89e8a4b3ed6e51b93356214f1382,"['Mee siam', 'Mee siam, fried']"
../foodsg-233\lontong\QFE9WRY938CANNA0ZGX6CN3I.jpg,lontong,all,e5a28c91ce727a4596eadac4821481d0,"['lontong', 'Lontong with sayur lodeh']"
../foodsg-233\Lontong with sayur lodeh\0F7OJZLBSZ5EX0JDE8J3JE41.jpg,Lontong with sayur lodeh,all,e5a28c91ce727a4596eadac4821481d0,"['lontong', 'Lontong with sayur lodeh']"
../foodsg-233\fried chicken\OMZSJN3YBTMNV79OACO15B47.jpg,fried chicken,all,e5e2b42e4869897598a01766b500024d,"['fried chicken', 'tandoori chicken']"
../foodsg-233\tandoori chicken\YX0MH81JDFF19HE9Y829VBN0.jpg,tandoori chicken,all,e5e2b42e4869897598a01766b500024d,"['fried chicken', 'tandoori chicken']"
../foodsg-233\kueh lapis - rainbow\X5YXSWRIQOICAXXX11VKFHG1.jpg,kueh lapis - rainbow,all,e624d72d5f90e284e52a5c1e9bbcde23,"['kueh lapis - rainbow', 'Kueh Salat']"
../foodsg-233\Kueh Salat\KIJ2USL86LAMZQ7VI4XW0VHK.jpg,Kueh Salat,all,e624d72d5f90e284e52a5c1e9bbcde23,"['kueh lapis - rainbow', 'Kueh Salat']"
../foodsg-233\Mee soto\HZYT05COKC4J5FGWPES6ZMW7.jpg,Mee soto,all,e62eb72f7432e38eb2bc9f727fd53e06,"['Mee soto', 'Soto ayam']"
../foodsg-233\Soto ayam\SQBN16UHQW2CBDT1FS9SL348.jpg,Soto ayam,all,e62eb72f7432e38eb2bc9f727fd53e06,"['Mee soto', 'Soto ayam']"
../foodsg-233\honeydew\4SG3SAAB4V38FGFCEG6HJEKB.jpg,honeydew,all,e690bcf3c650bff01c06e0b442b585b9,"['honeydew', 'rock melon']"
../foodsg-233\rock melon\2ILONUHQMKY505OG0H332UNY.jpg,rock melon,all,e690bcf3c650bff01c06e0b442b585b9,"['honeydew', 'rock melon']"
../foodsg-233\mushroom soup\849QIWMP17C8V0D1QMIUBJNZ.jpg,mushroom soup,all,e6969e1c9d20171caa2e5c8e337c61e4,"['mushroom soup', 'vegetable soup']"
../foodsg-233\vegetable soup\89VE5SI6PB43IKF3R6TZ66ZZ.jpg,vegetable soup,all,e6969e1c9d20171caa2e5c8e337c61e4,"['mushroom soup', 'vegetable soup']"
../foodsg-233\Soto ayam\1LZJRQ8AJE2EEM069KKC2QSK.jpg,Soto ayam,all,e6a41b26bb0392a2d54e45b78fd24bcc,"['Soto ayam', 'Mee soto']"
../foodsg-233\Mee soto\VKH3WCF0NQGVYRPK147Z2Q7M.jpg,Mee soto,all,e6a41b26bb0392a2d54e45b78fd24bcc,"['Soto ayam', 'Mee soto']"
../foodsg-233\pasta - fettuccine\500LCG57FSEPJPL3ETKW4ZQW.jpg,pasta - fettuccine,all,e6a634acefc380e91d446c321482a770,"['pasta - fettuccine', 'wholegrain pasta']"
../foodsg-233\wholegrain pasta\0XVDUMIFGYKAJGDBV2KIH9CG.jpg,wholegrain pasta,all,e6a634acefc380e91d446c321482a770,"['pasta - fettuccine', 'wholegrain pasta']"
../foodsg-233\bee hoon\WCD3WGANT1ORRH3UCCWNQUIK.jpg,bee hoon,all,e6c4c01921274470dd764bf54065f548,"['bee hoon', 'satay bee hoon']"
../foodsg-233\satay bee hoon\FSV3EJGH07Z0AVHC8D415I7Q.jpg,satay bee hoon,all,e6c4c01921274470dd764bf54065f548,"['bee hoon', 'satay bee hoon']"
../foodsg-233\Soto ayam\G2X64RW1FNFBKVCQJTVUIZGV.jpg,Soto ayam,all,e7108f9122f9510ac6265db5bade46b6,"['Soto ayam', 'Mee soto']"
../foodsg-233\Mee soto\G28VT95NPLQI1UAV9RGUYW73.jpg,Mee soto,all,e7108f9122f9510ac6265db5bade46b6,"['Soto ayam', 'Mee soto']"
../foodsg-233\cream soup\6HRJBYW561C74E7PXVD6S7JJ.jpg,cream soup,all,e71247775499ee84b66de0573df1efdc,"['cream soup', 'sliced fish soup']"
../foodsg-233\sliced fish soup\5EZSDEHWJIZAZ6K7ICOUJ939.jpg,sliced fish soup,all,e71247775499ee84b66de0573df1efdc,"['cream soup', 'sliced fish soup']"
../foodsg-233\satay bee hoon\4XR9999KVHO13RV98OWXNHJD.jpg,satay bee hoon,all,e72116dbdacb4bbfda9c5425c0f5c7b9,"['satay bee hoon', 'Bee hoon, soto']"
"../foodsg-233\Bee hoon, soto\F9IG8C4A18TS739CWC43RM30.jpg","Bee hoon, soto",all,e72116dbdacb4bbfda9c5425c0f5c7b9,"['satay bee hoon', 'Bee hoon, soto']"
../foodsg-233\whole wheat\WH2QPFM6IR5LZH0F0QMXABFD.jpg,whole wheat,all,e74540305c5af4885816f4e38fa09b1e,"['whole wheat', 'whole grain bread']"
../foodsg-233\whole grain bread\H1XO0565TRDBDHO8902ZN5F1.jpg,whole grain bread,all,e74540305c5af4885816f4e38fa09b1e,"['whole wheat', 'whole grain bread']"
../foodsg-233\lontong\RGBODKLCAPSG30OYRI1A6CMR.jpg,lontong,all,e7a7bac989d74e4aa083b189ab70f8b4,"['lontong', 'Lontong with sayur lodeh']"
../foodsg-233\Lontong with sayur lodeh\A8LDRPGNCIGAY752EMLW0JFG.jpg,Lontong with sayur lodeh,all,e7a7bac989d74e4aa083b189ab70f8b4,"['lontong', 'Lontong with sayur lodeh']"
../foodsg-233\whole wheat\7YUZ5KYH03JOMV4FI7CBIY66.jpg,whole wheat,all,e7fb61c007b97fbe6394eac067e4f48b,"['whole wheat', 'whole grain bread']"
../foodsg-233\whole grain bread\7JZ56SD23FHWZR8I488T5K85.jpg,whole grain bread,all,e7fb61c007b97fbe6394eac067e4f48b,"['whole wheat', 'whole grain bread']"
../foodsg-233\char siew pau\RVI5O9FWTRFFWA2G964YX8R3.jpg,char siew pau,all,e834176bb71d4f09cc808be9968c06a6,"['char siew pau', 'steamed buns']"
../foodsg-233\steamed buns\TQ1VH16EA4PV8U2I1G7ZUKGE.jpg,steamed buns,all,e834176bb71d4f09cc808be9968c06a6,"['char siew pau', 'steamed buns']"
"../foodsg-233\Mee siam, fried\79LDEGBMUFMI7H5R7CEZ8LCX.jpg","Mee siam, fried",all,e837c3a6f59c1c2360551988565e9646,"['Mee siam, fried', 'Mee siam']"
../foodsg-233\Mee siam\EOA23MY6628E802RT3C6J2G2.jpg,Mee siam,all,e837c3a6f59c1c2360551988565e9646,"['Mee siam, fried', 'Mee siam']"
../foodsg-233\vegetable soup\MIYL9TV4P4TII7VNEOEKD7HQ.jpg,vegetable soup,all,e846ece86409267efc32ac26b05e9bcd,"['vegetable soup', 'chicken soup']"
../foodsg-233\chicken soup\8S96UNQ6VGAS04SD2SCIK8UF.jpg,chicken soup,all,e846ece86409267efc32ac26b05e9bcd,"['vegetable soup', 'chicken soup']"
"../foodsg-233\Bee hoon, goreng\08ZYRGS6BCY98PLY52YVOOLQ.jpg","Bee hoon, goreng",all,e851199ef36b2c7e03d16fbc5be92130,"['Bee hoon, goreng', 'Mee siam, fried']"
"../foodsg-233\Mee siam, fried\7WS9XWYQ9DD6FSO1W4AGJIR0.jpg","Mee siam, fried",all,e851199ef36b2c7e03d16fbc5be92130,"['Bee hoon, goreng', 'Mee siam, fried']"
../foodsg-233\Mee rebus\GR7YTW38YYGIX8LFQSQ39RUX.jpg,Mee rebus,all,e8559da483a754045865185080d6c91c,"['Mee rebus', 'Mee bandung']"
../foodsg-233\Mee bandung\R20SUHHJNSJHQUHWHYPEE22D.jpg,Mee bandung,all,e8559da483a754045865185080d6c91c,"['Mee rebus', 'Mee bandung']"
../foodsg-233\whole wheat\DHI5ORL8BIK9LQYNQ1P5XTN9.jpg,whole wheat,all,e86244ec09aeacb4c33f26cf521f4b9b,"['whole wheat', 'White Bread']"
../foodsg-233\White Bread\0T4QP0X9ALYZ9TN52T76F79Q.jpg,White Bread,all,e86244ec09aeacb4c33f26cf521f4b9b,"['whole wheat', 'White Bread']"
../foodsg-233\whole wheat\I5VLBPFRH6IIE76EW0I96D2E.jpg,whole wheat,all,e871ffdfe0b4f47198da9a3d96d6dda5,"['whole wheat', 'whole grain bread']"
../foodsg-233\whole grain bread\K7BVOJ5YCX0QA7V9A85T3ROU.jpg,whole grain bread,all,e871ffdfe0b4f47198da9a3d96d6dda5,"['whole wheat', 'whole grain bread']"
../foodsg-233\Mee bandung\M90EUOU139XRZLDTKUDPHXOH.jpg,Mee bandung,all,e8ed6e5c26d69ab2089220bc9bca5cf7,"['Mee bandung', 'Mee rebus']"
../foodsg-233\Mee rebus\GRP55QAFGM7FPV5DXIO3MRDX.jpg,Mee rebus,all,e8ed6e5c26d69ab2089220bc9bca5cf7,"['Mee bandung', 'Mee rebus']"
../foodsg-233\chicken masala\S6SAQN4ZPJPDA7IKI1SN98SZ.jpg,chicken masala,all,e923987c12e9c4ff8ce1d931fa340f92,"['chicken masala', 'tandoori chicken']"
../foodsg-233\tandoori chicken\ZKSXJLG4RID929P7N2H3LUFQ.jpg,tandoori chicken,all,e923987c12e9c4ff8ce1d931fa340f92,"['chicken masala', 'tandoori chicken']"
../foodsg-233\Mee siam\M7FUAG5NQODTHDLWED0LRM5Q.jpg,Mee siam,all,e93264f315da0b753b1480901b356529,"['Mee siam', 'Mee siam, fried', 'Bee hoon, goreng']"
"../foodsg-233\Mee siam, fried\CVH4RRQEZM3LSSJ2RK66DIYQ.jpg","Mee siam, fried",all,e93264f315da0b753b1480901b356529,"['Mee siam', 'Mee siam, fried', 'Bee hoon, goreng']"
"../foodsg-233\Bee hoon, goreng\N2MUVULGM2U5FMR5C3TIXW2D.jpg","Bee hoon, goreng",all,e93264f315da0b753b1480901b356529,"['Mee siam', 'Mee siam, fried', 'Bee hoon, goreng']"
../foodsg-233\blueberries\DJXMZGWLEPYGFPDXBO14FYE9.jpg,blueberries,all,e96960ed5e98f13d6f4a56723e083ec5,"['blueberries', 'canned Fruit salad']"
../foodsg-233\canned Fruit salad\R75ARNR1Y7L1E79T6QDCU3JF.jpg,canned Fruit salad,all,e96960ed5e98f13d6f4a56723e083ec5,"['blueberries', 'canned Fruit salad']"
"../foodsg-233\Mee siam, fried\NM1VFQVUNHTWNYMQXV6C9MGQ.jpg","Mee siam, fried",all,e983ad8fa4105c35d668e99f19807776,"['Mee siam, fried', 'Mee siam']"
../foodsg-233\Mee siam\WPRWKOXB7JJTMU2DNO6XUSM9.jpg,Mee siam,all,e983ad8fa4105c35d668e99f19807776,"['Mee siam, fried', 'Mee siam']"
"../foodsg-233\Bee hoon, soto\QTVF7UNF9JZS0ZJLDQI0S4X6.jpg","Bee hoon, soto",all,e98e71d86ce738e99f1e5aed75b102ad,"['Bee hoon, soto', 'sliced fish soup']"
../foodsg-233\sliced fish soup\IAD1KSHVOPBM2MTAXWMF11U8.jpg,sliced fish soup,all,e98e71d86ce738e99f1e5aed75b102ad,"['Bee hoon, soto', 'sliced fish soup']"
"../foodsg-233\Bee hoon, soto\UF0FO333G5A98S72ZE2XUYH7.jpg","Bee hoon, soto",all,e9a0e37242dd452af4130ea9ed0e9107,"['Bee hoon, soto', 'bee hoon']"
../foodsg-233\bee hoon\TL3583A4NGDEW6P6C7LCAGAA.jpg,bee hoon,all,e9a0e37242dd452af4130ea9ed0e9107,"['Bee hoon, soto', 'bee hoon']"
../foodsg-233\Mee soto\DL8QNYBPDYJ7Z3XPYLW5NY8X.jpg,Mee soto,all,e9c2cbdcb751ba09ae968d8ccf661560,"['Mee soto', 'Bee hoon, soto']"
"../foodsg-233\Bee hoon, soto\EI5YZVMGE4ZQUTM7BIUBRYUP.jpg","Bee hoon, soto",all,e9c2cbdcb751ba09ae968d8ccf661560,"['Mee soto', 'Bee hoon, soto']"
../foodsg-233\mushroom soup\17WIJJKUHG9FRFETOGGL214M.jpg,mushroom soup,all,ea1c9a179bbd79134032e92bc8c021e9,"['mushroom soup', 'cream soup']"
../foodsg-233\cream soup\LSW04JXVIS0DAHTPFMORFXHK.jpg,cream soup,all,ea1c9a179bbd79134032e92bc8c021e9,"['mushroom soup', 'cream soup']"
../foodsg-233\Mee soto\QUTVPCJDPH56EAKREOXYFEGF.jpg,Mee soto,all,ea20727cfb7a0c851f45d578b018dfac,"['Mee soto', 'Bee hoon, soto']"
"../foodsg-233\Bee hoon, soto\4IHFBXT7XRE6KFZDXH30S7CE.jpg","Bee hoon, soto",all,ea20727cfb7a0c851f45d578b018dfac,"['Mee soto', 'Bee hoon, soto']"
"../foodsg-233\Bee hoon, goreng\BGI5OWPV1DL1SRLWMUHH37FF.jpg","Bee hoon, goreng",all,ea3ea22384671a98142ef28c4b96083c,"['Bee hoon, goreng', 'satay bee hoon', 'bee hoon']"
../foodsg-233\satay bee hoon\C6X9P6OKLI69NYY8GDFIRRDL.jpg,satay bee hoon,all,ea3ea22384671a98142ef28c4b96083c,"['Bee hoon, goreng', 'satay bee hoon', 'bee hoon']"
../foodsg-233\bee hoon\P0AHIF2BJSXWV4SX80HIT67B.jpg,bee hoon,all,ea3ea22384671a98142ef28c4b96083c,"['Bee hoon, goreng', 'satay bee hoon', 'bee hoon']"
../foodsg-233\Soto ayam\OTONT97RP7BF952OSSHHJC6B.jpg,Soto ayam,all,ea4f47781ca0b033a25418c5eba92ee6,"['Soto ayam', 'Mee soto']"
../foodsg-233\Mee soto\DH94HMTB2XDAPOYFEOQ29BZ1.jpg,Mee soto,all,ea4f47781ca0b033a25418c5eba92ee6,"['Soto ayam', 'Mee soto']"
../foodsg-233\Soto ayam\G2UAWWIMFMV0PKN6T2B6KSEP.jpg,Soto ayam,all,ea64da178bc8251f068ffd240445d9ef,"['Soto ayam', 'Mee soto']"
../foodsg-233\Mee soto\JEXZ3DDZ7PBVUOFLDQ5I2P4O.jpg,Mee soto,all,ea64da178bc8251f068ffd240445d9ef,"['Soto ayam', 'Mee soto']"
../foodsg-233\fried rice\O2F12X3ODVQWFQYJR5BZNP96.jpg,fried rice,all,ea6559b831568dcc6c661ed7776abdd3,"['fried rice', 'Rice, korean bulgogi beef']"
"../foodsg-233\Rice, korean bulgogi beef\L2ML9HVOD5HV0XBYIJ7LU3YM.jpg","Rice, korean bulgogi beef",all,ea6559b831568dcc6c661ed7776abdd3,"['fried rice', 'Rice, korean bulgogi beef']"
../foodsg-233\salad\17K6OTVGNY6U83DN1JFBP91A.jpg,salad,all,ea8d883070a3da2813f80dca36337fcf,"['salad', 'green leafy vegetables']"
../foodsg-233\green leafy vegetables\W92G7AF8ZRLD6IGOD14WYU7H.jpg,green leafy vegetables,all,ea8d883070a3da2813f80dca36337fcf,"['salad', 'green leafy vegetables']"
../foodsg-233\Laksa\2N0K4AD1OL699OUAXC21RILK.jpg,Laksa,all,eae54b51da717426197c38332124fbb8,"['Laksa', 'tom yum noodle soup']"
../foodsg-233\tom yum noodle soup\1PI138N9HBW2TZOFESLWFCWY.jpg,tom yum noodle soup,all,eae54b51da717426197c38332124fbb8,"['Laksa', 'tom yum noodle soup']"
../foodsg-233\Laksa\TCQ7MLFKOV5AMEJEOFPZSYG4.jpg,Laksa,all,eaf5f9c4d28ba5be868dd7d965d5569e,"['Laksa', 'Mee siam']"
../foodsg-233\Mee siam\Z89WVEYCZMG1QXCCCWPBQ53J.jpg,Mee siam,all,eaf5f9c4d28ba5be868dd7d965d5569e,"['Laksa', 'Mee siam']"
../foodsg-233\bee hoon\NUAP9F4T880V3OET05MPAIL9.jpg,bee hoon,all,eb3bf53b5311f69993fee4462ea4449d,"['bee hoon', 'Bee hoon, soto']"
"../foodsg-233\Bee hoon, soto\CUX1LZ0B5DYSQY7DOHZLKCJC.jpg","Bee hoon, soto",all,eb3bf53b5311f69993fee4462ea4449d,"['bee hoon', 'Bee hoon, soto']"
../foodsg-233\Soto ayam\VOUA2SVW0OEDUOPMVRZKSPIT.jpg,Soto ayam,all,eb40189136d3ec3ee079a32a6af12f2c,"['Soto ayam', 'Bee hoon, soto']"
"../foodsg-233\Bee hoon, soto\LBMRW4AEZG95NA19S0YAOLNV.jpg","Bee hoon, soto",all,eb40189136d3ec3ee079a32a6af12f2c,"['Soto ayam', 'Bee hoon, soto']"
../foodsg-233\drunken prawn\3OD7DD37HLJRAN4BJF3TR3EY.jpg,drunken prawn,all,eb51c9501b666146fdef43b718c1b4c5,"['drunken prawn', 'fried prawn']"
../foodsg-233\fried prawn\ARUYPFWEZMCJNKNXNNKTQRDI.jpg,fried prawn,all,eb51c9501b666146fdef43b718c1b4c5,"['drunken prawn', 'fried prawn']"
../foodsg-233\oyster omelette\22K6Q8740BMW96FYSFOLGVJF.jpg,oyster omelette,all,eb58fbfb70b14f716cf4ac65be3ac49c,"['oyster omelette', 'chai tow kuay']"
../foodsg-233\chai tow kuay\O4SOH76TISRLH3H25L32E63S.jpg,chai tow kuay,all,eb58fbfb70b14f716cf4ac65be3ac49c,"['oyster omelette', 'chai tow kuay']"
../foodsg-233\Fruit juice\KJZT86DLVWBMPJFE60ZCTB8B.jpg,Fruit juice,all,eb7a1fec52b7bd38fc3c6b41b995ae13,"['Fruit juice', 'orange']"
../foodsg-233\orange\K3OQWFUHOY2DGBQ2FTAAB3DO.jpg,orange,all,eb7a1fec52b7bd38fc3c6b41b995ae13,"['Fruit juice', 'orange']"
../foodsg-233\Mee rebus\8MP2D3GNGQDTTD04IXVT4NSB.jpg,Mee rebus,all,eb7aab6a99ba46cc7de6a0bde82ba3bb,"['Mee rebus', 'Mee bandung']"
../foodsg-233\Mee bandung\97KOOPCA9H3MCXP9R91AJJWG.jpg,Mee bandung,all,eb7aab6a99ba46cc7de6a0bde82ba3bb,"['Mee rebus', 'Mee bandung']"
../foodsg-233\Mee soto\O545AKFDASJSEM3CW4A897WL.jpg,Mee soto,all,eb8a986677b14a1ad845e88505d4a139,"['Mee soto', 'Bee hoon, soto']"
"../foodsg-233\Bee hoon, soto\IBX3PGMT5CJRJAGCFIB82PS2.jpg","Bee hoon, soto",all,eb8a986677b14a1ad845e88505d4a139,"['Mee soto', 'Bee hoon, soto']"
../foodsg-233\lontong\3ZNPQIP4K0GOAA0XSOGUDEY5.jpg,lontong,all,ebada69a93fc93ff4a7fdc6e04a8c199,"['lontong', 'Lontong with sayur lodeh']"
../foodsg-233\Lontong with sayur lodeh\UKF2PUUM7IS5M4K1YS3FILCU.jpg,Lontong with sayur lodeh,all,ebada69a93fc93ff4a7fdc6e04a8c199,"['lontong', 'Lontong with sayur lodeh']"
../foodsg-233\cream soup\858LP155ZDRZ9740LLOA3276.jpg,cream soup,all,ebc20cb83c8bdf4d8c2393fd8c3842f3,"['cream soup', 'mushroom soup']"
../foodsg-233\mushroom soup\MPO009BMLQMV3XC1DVVUR33G.jpg,mushroom soup,all,ebc20cb83c8bdf4d8c2393fd8c3842f3,"['cream soup', 'mushroom soup']"
../foodsg-233\whole grain bread\YB5E70NRLLQ5ID1JZ7GHM2DK.jpg,whole grain bread,all,ec0adc89f04b8df29f150d72d639dcdf,"['whole grain bread', 'whole wheat']"
../foodsg-233\whole wheat\XSGB6JGLXSP3RV0R8G26EQ2A.jpg,whole wheat,all,ec0adc89f04b8df29f150d72d639dcdf,"['whole grain bread', 'whole wheat']"
../foodsg-233\Mee soto\R1UKSHXXC420AWUWKRI8GWW7.jpg,Mee soto,all,ec0d3f35e6f01576aa26fda7cd2e7b7e,"['Mee soto', 'Bee hoon, soto']"
"../foodsg-233\Bee hoon, soto\XQX5L4MKYHW1OUWMLV6NN6XX.jpg","Bee hoon, soto",all,ec0d3f35e6f01576aa26fda7cd2e7b7e,"['Mee soto', 'Bee hoon, soto']"
../foodsg-233\Mee goreng\0XVBARRT4TV6DLEHXDN7THFN.jpg,Mee goreng,all,ec3bc35e28a22449e4527d769d3399f7,"['Mee goreng', 'Mee kuah']"
../foodsg-233\Mee kuah\PWJPOJH6BQ67SGT7VMKD22AV.jpg,Mee kuah,all,ec3bc35e28a22449e4527d769d3399f7,"['Mee goreng', 'Mee kuah']"
../foodsg-233\Soto ayam\WTPBSSDF6EQJOG11YF83AZ4L.jpg,Soto ayam,all,ec3ca7676e8ab09b073f4d45f1055a81,"['Soto ayam', 'Mee soto']"
../foodsg-233\Mee soto\UP7JSCFMIXW08VWDRK5JR1LP.jpg,Mee soto,all,ec3ca7676e8ab09b073f4d45f1055a81,"['Soto ayam', 'Mee soto']"
../foodsg-233\steamed buns\GNRRAWJ9H841Z9T5ND0TVLH3.jpg,steamed buns,all,ec67d6e420c7c485170d52a71db2af51,"['steamed buns', 'char siew pau']"
../foodsg-233\char siew pau\KKTLRDZLJNZTL931UUOPNO0O.jpg,char siew pau,all,ec67d6e420c7c485170d52a71db2af51,"['steamed buns', 'char siew pau']"
"../foodsg-233\Don, chicken teriyaki\424AZ5VAU28RP958W1DSDUJK.jpg","Don, chicken teriyaki",all,ec931deac0eab8987b55704e901c0137,"['Don, chicken teriyaki', 'Rice, chicken katsu with Japanese curry']"
"../foodsg-233\Rice, chicken katsu with Japanese curry\AU99KSKVTLMTJ0DI2NN8I8Q0.jpg","Rice, chicken katsu with Japanese curry",all,ec931deac0eab8987b55704e901c0137,"['Don, chicken teriyaki', 'Rice, chicken katsu with Japanese curry']"
../foodsg-233\tandoori chicken\YLNOSZJANB0XTRNVHKO9MLGK.jpg,tandoori chicken,all,ec9e5f64972a73a1449dbae4d736ed65,"['tandoori chicken', 'chicken masala']"
../foodsg-233\chicken masala\VU1OY836JJBHLZF5WA2WEDCI.jpg,chicken masala,all,ec9e5f64972a73a1449dbae4d736ed65,"['tandoori chicken', 'chicken masala']"
../foodsg-233\mee pok\EWD5WFDT217SADWD1H4N80U8.jpg,mee pok,all,ecb3b51d18527709b8bfb98f873f03d9,"['mee pok', 'bak chor mee']"
../foodsg-233\bak chor mee\G0D7VY3G89GDEWXRF0AJ9DWW.jpg,bak chor mee,all,ecb3b51d18527709b8bfb98f873f03d9,"['mee pok', 'bak chor mee']"
../foodsg-233\Mee soto\VYP9VN2WH83YNPFX7Z4QG3NJ.jpg,Mee soto,all,eceae1fc82c4eb4827d076829cc1dfac,"['Mee soto', 'Soto ayam']"
../foodsg-233\Soto ayam\DT53TX5EQXH1TBRM8CSVTD6F.jpg,Soto ayam,all,eceae1fc82c4eb4827d076829cc1dfac,"['Mee soto', 'Soto ayam']"
../foodsg-233\Mee soto\QD0LUSKNXTD8U1PKGG4XA3HW.jpg,Mee soto,all,ed23da4b7d61e91ec91198632bf3e72a,"['Mee soto', 'Soto ayam']"
../foodsg-233\Soto ayam\AIH1XQJEOXO3CTGV9D07107K.jpg,Soto ayam,all,ed23da4b7d61e91ec91198632bf3e72a,"['Mee soto', 'Soto ayam']"
../foodsg-233\tandoori chicken\5Y13Z4Y2H7OCDF2C6X2CD90I.jpg,tandoori chicken,all,ed269654e8bf20054b03311a4aa22bd3,"['tandoori chicken', 'chicken masala']"
../foodsg-233\chicken masala\L56233NS04Z7QON154JK2R56.jpg,chicken masala,all,ed269654e8bf20054b03311a4aa22bd3,"['tandoori chicken', 'chicken masala']"
../foodsg-233\kebab - chicken\JLI2L3PF711VQEYB5G510SN9.jpg,kebab - chicken,all,ed5525c04603d5d309885cecea41d4d7,"['kebab - chicken', 'satay']"
../foodsg-233\satay\QZMCKE1X8K0MX03YBTS5EQQS.jpg,satay,all,ed5525c04603d5d309885cecea41d4d7,"['kebab - chicken', 'satay']"
../foodsg-233\Ban Mian\MOPHUPGH6GO0A10QZCR1UNL2.jpg,Ban Mian,all,ed61bddfd00b7f5af8fa796a5ff5ff8e,"['Ban Mian', 'Seafood Noodles Soup']"
../foodsg-233\Seafood Noodles Soup\L4NFR00BTFGKRIMFKTDJIJDA.jpg,Seafood Noodles Soup,all,ed61bddfd00b7f5af8fa796a5ff5ff8e,"['Ban Mian', 'Seafood Noodles Soup']"
../foodsg-233\mixed vegetables\1DU761DVFI1KJ8GHO1H2E19R.jpg,mixed vegetables,all,ed76b0c5dffe9097c639a08ede9e850b,"['mixed vegetables', 'Chap chye, Nonya']"
"../foodsg-233\Chap chye, Nonya\8OZZIT8STXXXR526L6OK1WV9.jpg","Chap chye, Nonya",all,ed76b0c5dffe9097c639a08ede9e850b,"['mixed vegetables', 'Chap chye, Nonya']"
../foodsg-233\Mee kuah\51N2O4S9HO78VGFWUMF3F1X3.jpg,Mee kuah,all,ed93ce0d131814318b253d1a4b1c3ac3,"['Mee kuah', 'Mee bandung']"
../foodsg-233\Mee bandung\OB88490OY8N6BCYWJ446QN2K.jpg,Mee bandung,all,ed93ce0d131814318b253d1a4b1c3ac3,"['Mee kuah', 'Mee bandung']"
../foodsg-233\Mee soto\PTILOD8A4YRSVT86UC68APUP.jpg,Mee soto,all,ede4f050e5a586d60c93371eac3fdf5d,"['Mee soto', 'Soto ayam', 'Bee hoon, soto']"
../foodsg-233\Soto ayam\E4SCU10CGWJO8OZN5IPGMO86.jpg,Soto ayam,all,ede4f050e5a586d60c93371eac3fdf5d,"['Mee soto', 'Soto ayam', 'Bee hoon, soto']"
"../foodsg-233\Bee hoon, soto\G5CJRVY4PU8XRYSGM9TNSLAB.jpg","Bee hoon, soto",all,ede4f050e5a586d60c93371eac3fdf5d,"['Mee soto', 'Soto ayam', 'Bee hoon, soto']"
../foodsg-233\Mee rebus\YBMC6S40C0ML1DEPK4CKLTK7.jpg,Mee rebus,all,ededf02c8210695ad88e21227794dec2,"['Mee rebus', 'Mee siam']"
../foodsg-233\Mee siam\G9ULVEPRW7ZB1U6FPIN8PAYO.jpg,Mee siam,all,ededf02c8210695ad88e21227794dec2,"['Mee rebus', 'Mee siam']"
../foodsg-233\cream soup\A8DYFQRBO151SNEXVHPQFV9P.jpg,cream soup,all,ee05f8bd17e1b1ba015dd272c5ffa242,"['cream soup', 'vegetable soup']"
../foodsg-233\vegetable soup\V6RUAXGVG7GXUXLGF3IR09FR.jpg,vegetable soup,all,ee05f8bd17e1b1ba015dd272c5ffa242,"['cream soup', 'vegetable soup']"
../foodsg-233\Mee rebus\VMWOUYUBGQDOGRAK2RXFLRB1.jpg,Mee rebus,all,ee192536770b1bf63d2380d88c14ad4b,"['Mee rebus', 'Mee kuah']"
../foodsg-233\Mee kuah\1GCKFAQKKEYKOP6W3CIRMI71.jpg,Mee kuah,all,ee192536770b1bf63d2380d88c14ad4b,"['Mee rebus', 'Mee kuah']"
../foodsg-233\bee hoon\IOO4LTO1ADVD41SBKT1YMVFN.jpg,bee hoon,all,ee96cfe02a29866607c1edd4f0837dc2,"['bee hoon', 'satay bee hoon']"
../foodsg-233\satay bee hoon\E16CFH3XG4PLDB2FGLRV07LP.jpg,satay bee hoon,all,ee96cfe02a29866607c1edd4f0837dc2,"['bee hoon', 'satay bee hoon']"
../foodsg-233\Duck Rice\YQY5ATU5YSZKWWKFH65THI74.jpg,Duck Rice,all,ee98fa576b60c3f8fba74be78a6b5583,"['Duck Rice', 'char siew']"
../foodsg-233\char siew\W3AVQOZK9YWZ78OTKDD3JO0B.jpg,char siew,all,ee98fa576b60c3f8fba74be78a6b5583,"['Duck Rice', 'char siew']"
../foodsg-233\assam pedas\H8882A4HHJ6WBA1GBJU720ZI.jpg,assam pedas,all,eef9e53988b58d6abbcf968cf58e6e1c,"['assam pedas', 'fish head curry']"
../foodsg-233\fish head curry\7LTX93RFDT0J6Z3W4TFRY980.jpg,fish head curry,all,eef9e53988b58d6abbcf968cf58e6e1c,"['assam pedas', 'fish head curry']"
../foodsg-233\Pomelo\9A3DK9AFPI3CDR8KMN2S787L.jpg,Pomelo,all,eefa174464fcd6e76fa01bdaad611527,"['Pomelo', 'Grapefruit']"
../foodsg-233\Grapefruit\EDB96UTNURUTPG7OD3PVG5S2.jpg,Grapefruit,all,eefa174464fcd6e76fa01bdaad611527,"['Pomelo', 'Grapefruit']"
../foodsg-233\Soto ayam\1OJOG9JNRJMU8A26NDHIJOEZ.jpg,Soto ayam,all,ef1c243623fca689c1102d48ca2de020,"['Soto ayam', 'Mee soto']"
../foodsg-233\Mee soto\O90TS2Q5VEOULY4GISAYZE8S.jpg,Mee soto,all,ef1c243623fca689c1102d48ca2de020,"['Soto ayam', 'Mee soto']"
../foodsg-233\Mee bandung\XYGK1JZUSXWWUGYTMCFTYZM9.jpg,Mee bandung,all,ef1c685e2212a6582aca85c192277c61,"['Mee bandung', 'Mee rebus', 'Mee kuah']"
../foodsg-233\Mee rebus\S4I85BIDB82RQV2MP4A2NEDW.jpg,Mee rebus,all,ef1c685e2212a6582aca85c192277c61,"['Mee bandung', 'Mee rebus', 'Mee kuah']"
../foodsg-233\Mee kuah\3FCWT29YK2AM941MHOQSLAX1.jpg,Mee kuah,all,ef1c685e2212a6582aca85c192277c61,"['Mee bandung', 'Mee rebus', 'Mee kuah']"
../foodsg-233\cream soup\MKA7IMGNX4LAQPUETC99RQ2G.jpg,cream soup,all,ef29ad1d68c4268e9efd07cb06d35fb6,"['cream soup', 'mushroom soup']"
../foodsg-233\mushroom soup\Q5LR063OWCHFZLQZW325QJ2W.jpg,mushroom soup,all,ef29ad1d68c4268e9efd07cb06d35fb6,"['cream soup', 'mushroom soup']"
../foodsg-233\Macaroni\LLBSDJEXAWPMNZN1G9BBB3JV.jpg,Macaroni,all,ef897a6214bba0f85b791868dddd1829,"['Macaroni', 'Soto ayam']"
../foodsg-233\Soto ayam\9PLDN5I8K63P9SUPN0ZJP5OJ.jpg,Soto ayam,all,ef897a6214bba0f85b791868dddd1829,"['Macaroni', 'Soto ayam']"
../foodsg-233\miso soup\A2E2HAN8CZSLFB5YR9O5W4QY.jpg,miso soup,all,efccbaa087d6bebef1a9e529d999e371,"['miso soup', 'vegetable soup']"
../foodsg-233\vegetable soup\QXV77746CXAL6J3FNCOJJKZX.jpg,vegetable soup,all,efccbaa087d6bebef1a9e529d999e371,"['miso soup', 'vegetable soup']"
../foodsg-233\vegetarian bee hoon\0V1CF7TO3VXF35C2X2699NXV.jpg,vegetarian bee hoon,all,efce3c746008db05808029c649938653,"['vegetarian bee hoon', 'satay bee hoon']"
../foodsg-233\satay bee hoon\KP1HNSG6XBPFZVMIFNK99HJA.jpg,satay bee hoon,all,efce3c746008db05808029c649938653,"['vegetarian bee hoon', 'satay bee hoon']"
"../foodsg-233\Mee siam, fried\MEWSIA34PUXX5MZA2TPAZ2UC.jpg","Mee siam, fried",all,efda51b4c210d423d982c371ac30e54f,"['Mee siam, fried', 'Mee siam']"
../foodsg-233\Mee siam\FD1V2LAR3H4WJ7F1X268RGL7.jpg,Mee siam,all,efda51b4c210d423d982c371ac30e54f,"['Mee siam, fried', 'Mee siam']"
../foodsg-233\Bubble Milk Tea\470S0FN1I0RNDE4WNK1PACNG.jpg,Bubble Milk Tea,all,f00a8081c17f78577746e4e3c5da8f77,"['Bubble Milk Tea', 'Kopi Teh Milo']"
../foodsg-233\Kopi Teh Milo\J70T022SYNS0DXUUC5BPTLHP.jpg,Kopi Teh Milo,all,f00a8081c17f78577746e4e3c5da8f77,"['Bubble Milk Tea', 'Kopi Teh Milo']"
../foodsg-233\drunken prawn\MGRPY5QEL543RXDJ2UH72J1Q.jpg,drunken prawn,all,f00c064f0dd783f02a46fecd3e7fc815,"['drunken prawn', 'fried prawn']"
../foodsg-233\fried prawn\4COTPXM06OVLI90JYVDZNAM8.jpg,fried prawn,all,f00c064f0dd783f02a46fecd3e7fc815,"['drunken prawn', 'fried prawn']"
../foodsg-233\tandoori chicken\V2S9V4RT8JXR453V4JXOSW5Z.jpg,tandoori chicken,all,f020c200179c2a268713ea68f86ecedd,"['tandoori chicken', 'fried chicken']"
../foodsg-233\fried chicken\R1UPJMGZ4RAWRB4XPNGNT0YE.jpg,fried chicken,all,f020c200179c2a268713ea68f86ecedd,"['tandoori chicken', 'fried chicken']"
"../foodsg-233\Bee hoon, soto\82ZILVLKR07IIW3RQIKU4W3K.jpg","Bee hoon, soto",all,f071b61a31411fb9d865281359380960,"['Bee hoon, soto', 'satay bee hoon']"
../foodsg-233\satay bee hoon\VYAY9YQGMFBTQW5I62XKVUVL.jpg,satay bee hoon,all,f071b61a31411fb9d865281359380960,"['Bee hoon, soto', 'satay bee hoon']"
../foodsg-233\begedil\7ITF17IY7D7097RPR7L84PQZ.jpg,begedil,all,f0e8ef884874a5728430228a791a4584,"['begedil', 'Tauhu Goreng']"
../foodsg-233\Tauhu Goreng\VLB1N3OAQCDHLUQ0ZS4TY09B.jpg,Tauhu Goreng,all,f0e8ef884874a5728430228a791a4584,"['begedil', 'Tauhu Goreng']"
../foodsg-233\Mee rebus\07HGN3KMXJPZ9DFVLTJRJ49H.jpg,Mee rebus,all,f0ea358efe00359884f537354b21da02,"['Mee rebus', 'Mee bandung']"
../foodsg-233\Mee bandung\EUUQ3FQGM8Y3DBW6ERFQYOIJ.jpg,Mee bandung,all,f0ea358efe00359884f537354b21da02,"['Mee rebus', 'Mee bandung']"
../foodsg-233\Mee soto\4I1ZLVK8LOBCPOOCNLB3J300.jpg,Mee soto,all,f14bebf0368db7fbb0a03292046ad3e3,"['Mee soto', 'Soto ayam']"
../foodsg-233\Soto ayam\DGOWZHJMFSOUSQXG5LWORKSC.jpg,Soto ayam,all,f14bebf0368db7fbb0a03292046ad3e3,"['Mee soto', 'Soto ayam']"
../foodsg-233\Ban Mian\NKU4UDL4XJSPY265WE1CSGIV.jpg,Ban Mian,all,f15d3533f6d96e68ed78649851766990,"['Ban Mian', 'Wanton mee, dry']"
"../foodsg-233\Wanton mee, dry\RNTV6TG9CRLR9T5KU95HE4WW.jpg","Wanton mee, dry",all,f15d3533f6d96e68ed78649851766990,"['Ban Mian', 'Wanton mee, dry']"
../foodsg-233\Mee rebus\QL62MTK1JWL12NH3UTA1926M.jpg,Mee rebus,all,f178e054380cfca61f937e64a20a22c4,"['Mee rebus', 'Mee kuah']"
../foodsg-233\Mee kuah\OTS9IVANQYSEFJIIX8DWPE1Z.jpg,Mee kuah,all,f178e054380cfca61f937e64a20a22c4,"['Mee rebus', 'Mee kuah']"
../foodsg-233\honeydew\TSAFP30SVK85J7O7KV5IRARN.jpg,honeydew,all,f1abff8c41227ee9b3a494a22f38d062,"['honeydew', 'rock melon']"
../foodsg-233\rock melon\ZON9TE7HK3JYPBI3OUILQHFH.jpg,rock melon,all,f1abff8c41227ee9b3a494a22f38d062,"['honeydew', 'rock melon']"
../foodsg-233\Mee kuah\W4NO7D6Y2D6DTSTPI3GXIDSL.jpg,Mee kuah,all,f1bebbf60df3744dfb608a87c3cb63fd,"['Mee kuah', 'Mee rebus']"
../foodsg-233\Mee rebus\HUYL3EO1BY1IP3HY16A781O4.jpg,Mee rebus,all,f1bebbf60df3744dfb608a87c3cb63fd,"['Mee kuah', 'Mee rebus']"
../foodsg-233\Laksa\YSQEC8XH5IGIYPVLGLAUNSQY.jpg,Laksa,all,f1faebc84e9565d75251b374742994c0,"['Laksa', 'Mee soto']"
../foodsg-233\Mee soto\SKNKJGII8P17D95V2NMXGGS0.jpg,Mee soto,all,f1faebc84e9565d75251b374742994c0,"['Laksa', 'Mee soto']"
"../foodsg-233\Don, chicken teriyaki\CXQGVAO0EKTH0OK6M0T4P5Z6.jpg","Don, chicken teriyaki",all,f2112c042d733aa789edefb001c3c68f,"['Don, chicken teriyaki', 'Don, unagi']"
"../foodsg-233\Don, unagi\1BQ259MNH14WF8EQNU1X1FSN.jpg","Don, unagi",all,f2112c042d733aa789edefb001c3c68f,"['Don, chicken teriyaki', 'Don, unagi']"
../foodsg-233\bee hoon\0UY6IS9N3HMYVDSF5M663O8C.jpg,bee hoon,all,f2144dd041be9873f28e1d3d28c9c15f,"['bee hoon', 'Bee hoon, soto']"
"../foodsg-233\Bee hoon, soto\SOQKBRKZDMNM97QO76WSCHZV.jpg","Bee hoon, soto",all,f2144dd041be9873f28e1d3d28c9c15f,"['bee hoon', 'Bee hoon, soto']"
../foodsg-233\bee hoon\GO90QO23WCFESLCLJI85RM3Y.jpg,bee hoon,all,f22cab6449d91fb9ae4c624b671789ae,"['bee hoon', 'Bee hoon, soto']"
"../foodsg-233\Bee hoon, soto\9AOM0AF3KVNC4LVCITKF0XR5.jpg","Bee hoon, soto",all,f22cab6449d91fb9ae4c624b671789ae,"['bee hoon', 'Bee hoon, soto']"
../foodsg-233\chicken soup\YWE7RYX5SYBFR5URCFZNP65C.jpg,chicken soup,all,f248fdeee27c29731f2c3d92701b6daf,"['chicken soup', 'Bee hoon, soto']"
"../foodsg-233\Bee hoon, soto\5HXQBZPN470Y3GBUVP2X1DSG.jpg","Bee hoon, soto",all,f248fdeee27c29731f2c3d92701b6daf,"['chicken soup', 'Bee hoon, soto']"
"../foodsg-233\Mee siam, fried\JIXPTJF8ITVZFWBJL41M9T8I.jpg","Mee siam, fried",all,f256ba901a31810a9508e26cf4951759,"['Mee siam, fried', 'Hor Fun', 'Kway Teow']"
../foodsg-233\Hor Fun\EQLKUESA15XD4T7GDXFVTKR5.jpg,Hor Fun,all,f256ba901a31810a9508e26cf4951759,"['Mee siam, fried', 'Hor Fun', 'Kway Teow']"
../foodsg-233\Kway Teow\QVGG1S5FSU4M371DCJ43Q8EW.jpg,Kway Teow,all,f256ba901a31810a9508e26cf4951759,"['Mee siam, fried', 'Hor Fun', 'Kway Teow']"
../foodsg-233\Mee siam\L4M3SEIDOLWPGU03WJE2X1OF.jpg,Mee siam,all,f277678775c10003a33070d3cbe08680,"['Mee siam', 'Mee siam, fried']"
"../foodsg-233\Mee siam, fried\4QYU15U4UVH7LGP6ERESRD49.jpg","Mee siam, fried",all,f277678775c10003a33070d3cbe08680,"['Mee siam', 'Mee siam, fried']"
../foodsg-233\char siew\IZQ7DIHUUAL71YI7MC53RISD.jpg,char siew,all,f27cf08736909756e03ad849e982adba,"['char siew', 'Duck Rice']"
../foodsg-233\Duck Rice\YE0AU0OZVEU8LHLWOIBVQO2O.jpg,Duck Rice,all,f27cf08736909756e03ad849e982adba,"['char siew', 'Duck Rice']"
../foodsg-233\Mee bandung\FKJUEWIYMSKSI7PHHY8I0OF7.jpg,Mee bandung,all,f27d5bdd1f4f78ee7b7b59e70b7531cf,"['Mee bandung', 'Mee kuah']"
../foodsg-233\Mee kuah\APA7IHHETXSEFTOWG93TKU3F.jpg,Mee kuah,all,f27d5bdd1f4f78ee7b7b59e70b7531cf,"['Mee bandung', 'Mee kuah']"
../foodsg-233\chai tow kuay\8HM6IFQFHH82J21DGG98FWO4.jpg,chai tow kuay,all,f2e3dd29319477aa00d505c5134fb428,"['chai tow kuay', 'chwee kueh']"
../foodsg-233\chwee kueh\J8PTBRRDN0OCLRMD93JQGS28.jpg,chwee kueh,all,f2e3dd29319477aa00d505c5134fb428,"['chai tow kuay', 'chwee kueh']"
../foodsg-233\mixed vegetables\9AMVFP9OMDG17M73CDU2YAV4.jpg,mixed vegetables,all,f2fd173f17ab53c5e5f13fb7979551fd,"['mixed vegetables', 'green leafy vegetables']"
../foodsg-233\green leafy vegetables\8EICNHDEFC60W8AAT2DR3Z6U.jpg,green leafy vegetables,all,f2fd173f17ab53c5e5f13fb7979551fd,"['mixed vegetables', 'green leafy vegetables']"
../foodsg-233\bee hoon\KCH9LF800BP3E24R42QDJG71.jpg,bee hoon,all,f310de87aed53d445e409b4b559354ab,"['bee hoon', 'Seafood Noodles Soup']"
../foodsg-233\Seafood Noodles Soup\0TML51VVX9578606GKOEHVAE.jpg,Seafood Noodles Soup,all,f310de87aed53d445e409b4b559354ab,"['bee hoon', 'Seafood Noodles Soup']"
../foodsg-233\Seafood Noodles Soup\X0B78FDDXF3NUB8W1KVV2LXP.jpg,Seafood Noodles Soup,all,f35819c2991f232a60e587b149f88a15,"['Seafood Noodles Soup', 'bee hoon']"
../foodsg-233\bee hoon\COX4UX9T19AAC71WRP2M8359.jpg,bee hoon,all,f35819c2991f232a60e587b149f88a15,"['Seafood Noodles Soup', 'bee hoon']"
../foodsg-233\fried rice\P2WZT7MG3PM4JSB69UWMIB65.jpg,fried rice,all,f35d181eab13af1612535e6a696cd88f,"['fried rice', 'Nasi Ambeng']"
../foodsg-233\Nasi Ambeng\JLPA6S2U9BB8SOH2ONB64ZLD.jpg,Nasi Ambeng,all,f35d181eab13af1612535e6a696cd88f,"['fried rice', 'Nasi Ambeng']"
../foodsg-233\Mee bandung\7I2YKEI9M3MZS5PUJU74WQAW.jpg,Mee bandung,all,f364492a23b9dd462a305f58064b431a,"['Mee bandung', 'Mee rebus']"
../foodsg-233\Mee rebus\B8VAL28ZKD4XP4VL5KI3EJDN.jpg,Mee rebus,all,f364492a23b9dd462a305f58064b431a,"['Mee bandung', 'Mee rebus']"
../foodsg-233\mushroom soup\Z13JVEDQ6N85EHPGNHUGRYEF.jpg,mushroom soup,all,f3710210eed8055ec15a445c2b306822,"['mushroom soup', 'vegetable soup']"
../foodsg-233\vegetable soup\5ZNODTSNBLY57IBO7W32FXIW.jpg,vegetable soup,all,f3710210eed8055ec15a445c2b306822,"['mushroom soup', 'vegetable soup']"
../foodsg-233\mushroom soup\21DG66FU4PMOPHCMKHF3B84O.jpg,mushroom soup,all,f373d3be4a63b2ba46f8f2bf11c80aa3,"['mushroom soup', 'cream soup']"
../foodsg-233\cream soup\6UGPPQQ2ASJGE8DNF6U60ZGR.jpg,cream soup,all,f373d3be4a63b2ba46f8f2bf11c80aa3,"['mushroom soup', 'cream soup']"
../foodsg-233\Lontong with sayur lodeh\X26YQYXIU64784F219C03KGC.jpg,Lontong with sayur lodeh,all,f387543279df7001b72b78efc697d934,"['Lontong with sayur lodeh', 'lontong']"
../foodsg-233\lontong\86OKPENYCD4WU7HV35ESWW1J.jpg,lontong,all,f387543279df7001b72b78efc697d934,"['Lontong with sayur lodeh', 'lontong']"
../foodsg-233\kaya toast\U8FJFHEP71JJ99JDM33PBXZK.jpg,kaya toast,all,f387cfa24dbdcc59c552acd3133bfe75,"['kaya toast', 'Soft boiled eggs']"
../foodsg-233\Soft boiled eggs\K8XAWE9B36L0KGMMUAUGX8AY.jpg,Soft boiled eggs,all,f387cfa24dbdcc59c552acd3133bfe75,"['kaya toast', 'Soft boiled eggs']"
../foodsg-233\raspberry\21G7HNLP1LNGN4FIHGYFD7YI.jpg,raspberry,all,f3938cc64171f900a64bbcd6c53e9400,"['raspberry', 'Blackberry']"
../foodsg-233\Blackberry\NCB9Q7QN1FEHBP3B2OXLU8GJ.jpg,Blackberry,all,f3938cc64171f900a64bbcd6c53e9400,"['raspberry', 'Blackberry']"
../foodsg-233\yam rice\VM6KH2EO6HYEMU1GHDO36JL8.jpg,yam rice,all,f3ac31f77485ee141a35e4feb3ef09ff,"['yam rice', 'Duck Rice']"
../foodsg-233\Duck Rice\TO5C3ZLLZLU5DN2SUL1UYRTR.jpg,Duck Rice,all,f3ac31f77485ee141a35e4feb3ef09ff,"['yam rice', 'Duck Rice']"
../foodsg-233\whole wheat\9XY7WRSIH3F2GN31M68YLI7R.jpg,whole wheat,all,f3bc1abeb6cc63c01bdca5b18737c198,"['whole wheat', 'whole grain bread']"
../foodsg-233\whole grain bread\A9BQF8P8MWTDTBJPRWMAWKAL.jpg,whole grain bread,all,f3bc1abeb6cc63c01bdca5b18737c198,"['whole wheat', 'whole grain bread']"
../foodsg-233\Mee rebus\EGLKG8RL772TFNO8SUSN9U4L.jpg,Mee rebus,all,f3ef693b350b3a6c54afef2475f4bd46,"['Mee rebus', 'Mee siam', 'Mee bandung']"
../foodsg-233\Mee siam\9M29PEIH8WWSJWKCASPSSVJF.jpg,Mee siam,all,f3ef693b350b3a6c54afef2475f4bd46,"['Mee rebus', 'Mee siam', 'Mee bandung']"
../foodsg-233\Mee bandung\DUV27QL1DXOBL3NZORJ3SK3R.jpg,Mee bandung,all,f3ef693b350b3a6c54afef2475f4bd46,"['Mee rebus', 'Mee siam', 'Mee bandung']"
"../foodsg-233\Rice, with dakgalbi\D5KL80243RRF4NVVDXLFSH7Y.jpg","Rice, with dakgalbi",all,f436152c2c9d30c14a102af2996cf18d,"['Rice, with dakgalbi', 'Claypot Rice']"
../foodsg-233\Claypot Rice\YXQ0C2V3AYW1W40X7WC0XXCO.jpg,Claypot Rice,all,f436152c2c9d30c14a102af2996cf18d,"['Rice, with dakgalbi', 'Claypot Rice']"
"../foodsg-233\Bee hoon, soto\GNDR2KCNFMSBNAIQ9YKFESVN.jpg","Bee hoon, soto",all,f438f5b5d8a604c8e3a3b5216cbbf3c4,"['Bee hoon, soto', 'Soto ayam']"
../foodsg-233\Soto ayam\64YHKMLLRV70WRENX1Y04YBY.jpg,Soto ayam,all,f438f5b5d8a604c8e3a3b5216cbbf3c4,"['Bee hoon, soto', 'Soto ayam']"
../foodsg-233\Porridge\O45OHDC2XOHDRNTUAYBXSS6H.jpg,Porridge,all,f466f9ea175f28737f19fef7597d2bf8,"['Porridge', 'Seafood Noodles Soup', 'sliced fish soup']"
../foodsg-233\Seafood Noodles Soup\Y2A1OGUKGDOLKP3U566BFXC3.jpg,Seafood Noodles Soup,all,f466f9ea175f28737f19fef7597d2bf8,"['Porridge', 'Seafood Noodles Soup', 'sliced fish soup']"
../foodsg-233\sliced fish soup\QMJWCVB4957GFID6MHSYVWM5.jpg,sliced fish soup,all,f466f9ea175f28737f19fef7597d2bf8,"['Porridge', 'Seafood Noodles Soup', 'sliced fish soup']"
../foodsg-233\Soto ayam\ZJXMZV6CV5M2EOGM2IRJEU5X.jpg,Soto ayam,all,f490c8e9abe580c4ea9ef811cebc6f1d,"['Soto ayam', 'Mee soto']"
../foodsg-233\Mee soto\XB1RX3OLUHGFV1ZDYYS5SIK7.jpg,Mee soto,all,f490c8e9abe580c4ea9ef811cebc6f1d,"['Soto ayam', 'Mee soto']"
../foodsg-233\Mee soto\7GK75QTVGRCLR1ZRQHZKSCEA.jpg,Mee soto,all,f4bd80a5471b1436ff1bb28cab753e8d,"['Mee soto', 'ayam penyet']"
../foodsg-233\ayam penyet\HBD6R8PFO0CSQ4S3R2YWBSLI.jpg,ayam penyet,all,f4bd80a5471b1436ff1bb28cab753e8d,"['Mee soto', 'ayam penyet']"
../foodsg-233\satay bee hoon\BVR0FAXOQI7RJF20E0DWI7SW.jpg,satay bee hoon,all,f4f2a4c2658f6bb8fd0307288b77ff1f,"['satay bee hoon', 'satay']"
../foodsg-233\satay\FDDPWS06IN6EEEEOT9R7FA2F.jpg,satay,all,f4f2a4c2658f6bb8fd0307288b77ff1f,"['satay bee hoon', 'satay']"
"../foodsg-233\Wanton mee, dry\OOK1NLNE1XV4CVQMPPA6GLIN.jpg","Wanton mee, dry",all,f4f488970d7762af22b6ad0353621d73,"['Wanton mee, dry', 'Dumpling noodle soup']"
../foodsg-233\Dumpling noodle soup\UP3GLOCU7HBNMUQC12GZ13JL.jpg,Dumpling noodle soup,all,f4f488970d7762af22b6ad0353621d73,"['Wanton mee, dry', 'Dumpling noodle soup']"
../foodsg-233\whole wheat\S02S2GK4J85G0DQKUOJ43DBS.jpg,whole wheat,all,f5063316a75f79c1c202fe94057e78d2,"['whole wheat', 'whole grain bread']"
../foodsg-233\whole grain bread\IDOYHMZ9ECO4RJGM1A8BKPDH.jpg,whole grain bread,all,f5063316a75f79c1c202fe94057e78d2,"['whole wheat', 'whole grain bread']"
../foodsg-233\chicken soup\04RPRO7BCMPHU57IOM8LJZLJ.jpg,chicken soup,all,f50a67960c807f349c436aa2448e4f44,"['chicken soup', 'Rice, with dakgalbi']"
"../foodsg-233\Rice, with dakgalbi\TWJ46L7EZT0GOJLIGXM75RYM.jpg","Rice, with dakgalbi",all,f50a67960c807f349c436aa2448e4f44,"['chicken soup', 'Rice, with dakgalbi']"
"../foodsg-233\Bee hoon, soto\OIF3XNCKK61AD1ZLHE3QI0M7.jpg","Bee hoon, soto",all,f531e262254516d6c4c38f8ea9e70f49,"['Bee hoon, soto', 'bee hoon']"
../foodsg-233\bee hoon\RCDLSXK355E6DVKDPZPRB90H.jpg,bee hoon,all,f531e262254516d6c4c38f8ea9e70f49,"['Bee hoon, soto', 'bee hoon']"
../foodsg-233\char siew pau\WNS20PIKHMT3M9ICRJ6EADE0.jpg,char siew pau,all,f5c1979e6ecf2cf304ad85e517046151,"['char siew pau', 'steamed buns']"
../foodsg-233\steamed buns\BLM0Y6FHSX44J74GSMFGY6H4.jpg,steamed buns,all,f5c1979e6ecf2cf304ad85e517046151,"['char siew pau', 'steamed buns']"
../foodsg-233\cream soup\DMG9X9YVN0D2PXYEAU9Q6RR6.jpg,cream soup,all,f5c59dcee8141449738d3e447f1e7cbb,"['cream soup', 'chicken soup']"
../foodsg-233\chicken soup\O0JL247XG7OAE0SDCR681R5Z.jpg,chicken soup,all,f5c59dcee8141449738d3e447f1e7cbb,"['cream soup', 'chicken soup']"
../foodsg-233\Soto ayam\5S3J98BH8EJNHVVQFZB4MGVV.jpg,Soto ayam,all,f6111f2d4ee494ee8a28760c62bb34cf,"['Soto ayam', 'Mee soto']"
../foodsg-233\Mee soto\6MSQSGA7B95BZKRDZHH29I7B.jpg,Mee soto,all,f6111f2d4ee494ee8a28760c62bb34cf,"['Soto ayam', 'Mee soto']"
../foodsg-233\Duck Rice\CSY4D45A3BI8QI97OXWMTR0V.jpg,Duck Rice,all,f662be21a817706b6ce9713f379bf132,"['Duck Rice', 'char siew']"
../foodsg-233\char siew\ZUKDDDBU45DJ4JUH64YSUD1E.jpg,char siew,all,f662be21a817706b6ce9713f379bf132,"['Duck Rice', 'char siew']"
../foodsg-233\chicken masala\N4FCA8C7JSXU5LBER65CDZZQ.jpg,chicken masala,all,f67bc27d2a2abe4bcba33cb678ec04bb,"['chicken masala', 'tandoori chicken']"
../foodsg-233\tandoori chicken\113TKUDCA0AP43O9BMHSNKVS.jpg,tandoori chicken,all,f67bc27d2a2abe4bcba33cb678ec04bb,"['chicken masala', 'tandoori chicken']"
../foodsg-233\char siew pau\8GYA3KB97JVI0U9329HTDS17.jpg,char siew pau,all,f69d153388a0356bf01f030e7646e9f6,"['char siew pau', 'steamed buns']"
../foodsg-233\steamed buns\DVOIDLYY628DORUU18QKOJI8.jpg,steamed buns,all,f69d153388a0356bf01f030e7646e9f6,"['char siew pau', 'steamed buns']"
"../foodsg-233\Mee siam, fried\UN6R24BAMUGVQLV5JNFMBSDG.jpg","Mee siam, fried",all,f6a0def9e597b30250ab70bf575bcb07,"['Mee siam, fried', 'Mee siam']"
../foodsg-233\Mee siam\U5AXDHC68XM64MQPLM533I0H.jpg,Mee siam,all,f6a0def9e597b30250ab70bf575bcb07,"['Mee siam, fried', 'Mee siam']"
../foodsg-233\Lontong with sayur lodeh\2PFMCQRXQGK6I8T3IKOOA4HC.jpg,Lontong with sayur lodeh,all,f6bbbad5bf8b14b5bf62887ffa1012e2,"['Lontong with sayur lodeh', 'lontong']"
../foodsg-233\lontong\PZRXSPKUFS8PQ1QFVQ9M0MP0.jpg,lontong,all,f6bbbad5bf8b14b5bf62887ffa1012e2,"['Lontong with sayur lodeh', 'lontong']"
../foodsg-233\Kway Teow\RPYCQPUREW0PGCDO1KTRQ33W.jpg,Kway Teow,all,f6c568c168db6ac0ffe6b1242e0ecb10,"['Kway Teow', 'hokkien prawn mee']"
../foodsg-233\hokkien prawn mee\P71EC2524N6G3AYHCWICQ731.jpg,hokkien prawn mee,all,f6c568c168db6ac0ffe6b1242e0ecb10,"['Kway Teow', 'hokkien prawn mee']"
../foodsg-233\Laksa\BWL1KOSLWOCNLDZUT31BTORO.jpg,Laksa,all,f6ede4b37671d366548f7e35dc53534f,"['Laksa', 'Bee hoon, soto']"
"../foodsg-233\Bee hoon, soto\V9D497CDF8XDLRWFUVN7R5I8.jpg","Bee hoon, soto",all,f6ede4b37671d366548f7e35dc53534f,"['Laksa', 'Bee hoon, soto']"
"../foodsg-233\Bee hoon, soto\SAE6YNBR4ZLRRJBJX89I89QK.jpg","Bee hoon, soto",all,f6f6d37ba73edb78db3cc6dfca7cc91c,"['Bee hoon, soto', 'Prawn Noodle']"
../foodsg-233\Prawn Noodle\LYCXE99QP92MP6XO1ID5U0U5.jpg,Prawn Noodle,all,f6f6d37ba73edb78db3cc6dfca7cc91c,"['Bee hoon, soto', 'Prawn Noodle']"
../foodsg-233\honeydew\D0IEAYIL0UT678IR1V4SPHEM.jpg,honeydew,all,f71e3b9c574962e93d136788b9641247,"['honeydew', 'rock melon']"
../foodsg-233\rock melon\UM4S7BOOJYNM5EHORXXX7FDF.jpg,rock melon,all,f71e3b9c574962e93d136788b9641247,"['honeydew', 'rock melon']"
../foodsg-233\fried prawn\X9L9CGEM24HLIGC1SM07EBTJ.jpg,fried prawn,all,f723d5afd698d782871f54db1edc1b82,"['fried prawn', 'drunken prawn']"
../foodsg-233\drunken prawn\UF2X3EW9984D2VCOG8DTFA1I.jpg,drunken prawn,all,f723d5afd698d782871f54db1edc1b82,"['fried prawn', 'drunken prawn']"
"../foodsg-233\Bee hoon, soto\6OIKGOH9JE1I8D2G8YUWIUDN.jpg","Bee hoon, soto",all,f73dc6af6fe21f199fd38aa87a8ef68d,"['Bee hoon, soto', 'Soto ayam']"
../foodsg-233\Soto ayam\WDJA7NJM0OA7YFH7VRSH267C.jpg,Soto ayam,all,f73dc6af6fe21f199fd38aa87a8ef68d,"['Bee hoon, soto', 'Soto ayam']"
../foodsg-233\whole grain bread\H7MW14NVCP2UCWPJ2Q4YVFS3.jpg,whole grain bread,all,f79cbf84054d55895e37847f9846f78c,"['whole grain bread', 'whole wheat']"
../foodsg-233\whole wheat\LM9DSUGUP2YKBAV6SS8PTTZ7.jpg,whole wheat,all,f79cbf84054d55895e37847f9846f78c,"['whole grain bread', 'whole wheat']"
../foodsg-233\Fish Ball Noodles\Y4I0W8ENERU89DV081LWWHBD.jpg,Fish Ball Noodles,all,f7aab83b1d79daac8bca5fbe7d6ce6c5,"['Fish Ball Noodles', 'mee pok']"
../foodsg-233\mee pok\5WGAFUMBZRV1ZHD7GDUBRM7K.jpg,mee pok,all,f7aab83b1d79daac8bca5fbe7d6ce6c5,"['Fish Ball Noodles', 'mee pok']"
"../foodsg-233\Rice, korean bulgogi beef\2LIE57Y0LQU0M4OFHT9DC3EB.jpg","Rice, korean bulgogi beef",all,f7af54d3741c17c1eb4fca9258b0f38d,"['Rice, korean bulgogi beef', 'Rice, with dakgalbi']"
"../foodsg-233\Rice, with dakgalbi\R4RILLZYG51HCA7RQB8JYI5O.jpg","Rice, with dakgalbi",all,f7af54d3741c17c1eb4fca9258b0f38d,"['Rice, korean bulgogi beef', 'Rice, with dakgalbi']"
../foodsg-233\Mee rebus\B8DCQ0L668DO66QSUCMJ5EZJ.jpg,Mee rebus,all,f7c7ba5822b6784b78d093c664159659,"['Mee rebus', 'Mee bandung']"
../foodsg-233\Mee bandung\Q3L2VNDDEUQE5149FQSHWGVH.jpg,Mee bandung,all,f7c7ba5822b6784b78d093c664159659,"['Mee rebus', 'Mee bandung']"
../foodsg-233\biscuit\4PLK2GJH5V0U3B3W9JIA3N2P.jpg,biscuit,all,f7c9e99eb095616bd69050f2d9489150,"['biscuit', 'Chocolate']"
../foodsg-233\Chocolate\AVOCR2EP7K9KQ3FFDJ770E0R.jpg,Chocolate,all,f7c9e99eb095616bd69050f2d9489150,"['biscuit', 'Chocolate']"
"../foodsg-233\Bee hoon, soto\MQ3UAG1FKT8T5RKUUI4LRL50.jpg","Bee hoon, soto",all,f7db496de24645cb552ca5e15ef66cee,"['Bee hoon, soto', 'Seafood Noodles Soup']"
../foodsg-233\Seafood Noodles Soup\CXK3WQKVBCDQBD5UYZCHOP3S.jpg,Seafood Noodles Soup,all,f7db496de24645cb552ca5e15ef66cee,"['Bee hoon, soto', 'Seafood Noodles Soup']"
../foodsg-233\dumpling\IYY99TQFH0QD05LJT3OQNQ5K.jpg,dumpling,all,f7e9b67f0e66c0168c85733054ccbabf,"['dumpling', 'fried fish']"
../foodsg-233\fried fish\8ZVU3JGVMV5KWHA3R2S8YXGA.jpg,fried fish,all,f7e9b67f0e66c0168c85733054ccbabf,"['dumpling', 'fried fish']"
../foodsg-233\whole wheat\XVESXWOVMOF88FDBQDISI7BT.jpg,whole wheat,all,f8147a5bc11cb7a7e50a1673b70f2c1b,"['whole wheat', 'whole grain bread']"
../foodsg-233\whole grain bread\88XXFSYBYXT8V1FHC08LYAT5.jpg,whole grain bread,all,f8147a5bc11cb7a7e50a1673b70f2c1b,"['whole wheat', 'whole grain bread']"
../foodsg-233\cream soup\VJXEIFY81JT06GO542E6W9VW.jpg,cream soup,all,f866f25ed93a0f99205933eb7c5ac391,"['cream soup', 'mushroom soup']"
../foodsg-233\mushroom soup\9N1HOJJA5ZR4LEV2LHLEZGS6.jpg,mushroom soup,all,f866f25ed93a0f99205933eb7c5ac391,"['cream soup', 'mushroom soup']"
"../foodsg-233\Miso ramen, with fishcake\4L7D96OFPNBYF36R75UNJY29.jpg","Miso ramen, with fishcake",all,f87aa6bcd5790f6e6d108fcbd59c81df,"['Miso ramen, with fishcake', 'miso soup']"
../foodsg-233\miso soup\Y6ZE2YRZ30K1OEB36HSR7MF5.jpg,miso soup,all,f87aa6bcd5790f6e6d108fcbd59c81df,"['Miso ramen, with fishcake', 'miso soup']"
../foodsg-233\Seafood Noodles Soup\EEQBVROKEVQEDTWWX97HI2K2.jpg,Seafood Noodles Soup,all,f8b1111a220dd644b0546497a8270be9,"['Seafood Noodles Soup', 'Bee hoon, soto']"
"../foodsg-233\Bee hoon, soto\AYZHR47T4QNXNE3SF6KNTJ8O.jpg","Bee hoon, soto",all,f8b1111a220dd644b0546497a8270be9,"['Seafood Noodles Soup', 'Bee hoon, soto']"
../foodsg-233\Mee soto\25Z4XTGJ9ZTZFWL60DX0RSH8.jpg,Mee soto,all,f8e39f642eef2ba3d3bcfd6a151bd10a,"['Mee soto', 'Soto ayam']"
../foodsg-233\Soto ayam\7YQ3FLXTRFYCWT0VB7J67K88.jpg,Soto ayam,all,f8e39f642eef2ba3d3bcfd6a151bd10a,"['Mee soto', 'Soto ayam']"
../foodsg-233\Seafood Noodles Soup\DL5BXDGD1YAVQJ3FRC0QQ0HR.jpg,Seafood Noodles Soup,all,f91115434fffa91dfc3bbaed6902785e,"['Seafood Noodles Soup', 'Fish Ball Noodles']"
../foodsg-233\Fish Ball Noodles\Q9UD220MN2OK833GTR1YFO6Y.jpg,Fish Ball Noodles,all,f91115434fffa91dfc3bbaed6902785e,"['Seafood Noodles Soup', 'Fish Ball Noodles']"
../foodsg-233\char siew\J9GKHY65A38VTK3SCZHS73EY.jpg,char siew,all,f9548a778125a97300ef587743dd4036,"['char siew', 'Duck Rice']"
../foodsg-233\Duck Rice\ELDAMA8OJSJS4ETHK3SP2O0J.jpg,Duck Rice,all,f9548a778125a97300ef587743dd4036,"['char siew', 'Duck Rice']"
../foodsg-233\Soto ayam\M8EDFSZO7YJRDOWTNYLVQREN.jpg,Soto ayam,all,f96190e0ad4a4ef4d96918068fcc7d47,"['Soto ayam', 'Mee soto']"
../foodsg-233\Mee soto\DU2WR02NDX3E2UQBT9WXB0A5.jpg,Mee soto,all,f96190e0ad4a4ef4d96918068fcc7d47,"['Soto ayam', 'Mee soto']"
../foodsg-233\lontong\YAORLI6PCL9THJ3RYXXQ52QF.jpg,lontong,all,f99fa4735075422f53c2afd11ac7c756,"['lontong', 'Lontong with sayur lodeh']"
../foodsg-233\Lontong with sayur lodeh\DCLV99E5ZSL9DVZOO3NICSDD.jpg,Lontong with sayur lodeh,all,f99fa4735075422f53c2afd11ac7c756,"['lontong', 'Lontong with sayur lodeh']"
../foodsg-233\Mee soto\XN7PZ43U6NVMNBME4N5440FK.jpg,Mee soto,all,fa08aa75d0cd4a1b85f14aa0e439a0ea,"['Mee soto', 'Soto ayam']"
../foodsg-233\Soto ayam\DAZHMJNO6108537DB9TR5YDG.jpg,Soto ayam,all,fa08aa75d0cd4a1b85f14aa0e439a0ea,"['Mee soto', 'Soto ayam']"
../foodsg-233\sliced fish soup\46L0NXSJHEIXP476A11VP5YL.jpg,sliced fish soup,all,fa17df8af781d3cb4e498c0d489fab08,"['sliced fish soup', 'Seafood Noodles Soup']"
../foodsg-233\Seafood Noodles Soup\RH74M7HNQOVIU1K4B65BRVDG.jpg,Seafood Noodles Soup,all,fa17df8af781d3cb4e498c0d489fab08,"['sliced fish soup', 'Seafood Noodles Soup']"
"../foodsg-233\Mee siam, fried\QKH2U01TAKD0DPKY4LJQ13K2.jpg","Mee siam, fried",all,fa68a6a6a057261f462e5e4464a92e4d,"['Mee siam, fried', 'Mee siam']"
../foodsg-233\Mee siam\H5C334IA8MS7K6KWNCQ7W126.jpg,Mee siam,all,fa68a6a6a057261f462e5e4464a92e4d,"['Mee siam, fried', 'Mee siam']"
../foodsg-233\xiao long bao\4F9XLDWVEVTEQJMMWPZQVKTC.jpg,xiao long bao,all,fa8f8ca00011e9c02f25e0a494736a5c,"['xiao long bao', 'char siew pau']"
../foodsg-233\char siew pau\29Y7FHTEH3C3ZX84ERXCW35E.jpg,char siew pau,all,fa8f8ca00011e9c02f25e0a494736a5c,"['xiao long bao', 'char siew pau']"
../foodsg-233\tom yum noodle soup\TQTMXBAQ9GOOYZYW3L8T0S73.jpg,tom yum noodle soup,all,faac95e27d11da82276891422f0fa58f,"['tom yum noodle soup', 'Udon']"
../foodsg-233\Udon\IRGHIIDRHW7PL637AA1IL1KK.jpg,Udon,all,faac95e27d11da82276891422f0fa58f,"['tom yum noodle soup', 'Udon']"
../foodsg-233\Mee bandung\TZ8YLCYDQO8FBC93XR1LPVB2.jpg,Mee bandung,all,fac49f50bfe297f29798102c5e6fd78e,"['Mee bandung', 'Mee kuah']"
../foodsg-233\Mee kuah\C63PSQVIPP5FZH74AL03OVW9.jpg,Mee kuah,all,fac49f50bfe297f29798102c5e6fd78e,"['Mee bandung', 'Mee kuah']"
../foodsg-233\Nuts\U9W84FZMK87HOAM57ZG2J3YV.jpg,Nuts,all,faf33c42454906ecf5b885483be74142,"['Nuts', 'Chocolate']"
../foodsg-233\Chocolate\TQBHN0CA4OE0K87HMB2E8AA8.jpg,Chocolate,all,faf33c42454906ecf5b885483be74142,"['Nuts', 'Chocolate']"
../foodsg-233\cream soup\RTT4WFELI5X7VBN8ZK4VRVF8.jpg,cream soup,all,fb0d520a577dbb9b4da7e5ea5af530e1,"['cream soup', 'mushroom soup']"
../foodsg-233\mushroom soup\EFTQF3RL79VKQZASE7GOUMLB.jpg,mushroom soup,all,fb0d520a577dbb9b4da7e5ea5af530e1,"['cream soup', 'mushroom soup']"
../foodsg-233\Mee bandung\HH45GCD5B93H9ALQPW5W6QPF.jpg,Mee bandung,all,fb2312a056781b7caa40d2300ac2078f,"['Mee bandung', 'Mee kuah']"
../foodsg-233\Mee kuah\SNM1G6CP8NKFFDV01ESWZ70F.jpg,Mee kuah,all,fb2312a056781b7caa40d2300ac2078f,"['Mee bandung', 'Mee kuah']"
"../foodsg-233\Mee siam, fried\QFO5JW3KXJFYOUU0W0XR26ML.jpg","Mee siam, fried",all,fbbd04905f12f648c089ea16feb6b170,"['Mee siam, fried', 'bee hoon', 'Bee hoon, goreng']"
../foodsg-233\bee hoon\CNYNMJOPVFLDMVR7IPS4VE9P.jpg,bee hoon,all,fbbd04905f12f648c089ea16feb6b170,"['Mee siam, fried', 'bee hoon', 'Bee hoon, goreng']"
"../foodsg-233\Bee hoon, goreng\6SBLRZ6EYAK52NYT1IRCGDS6.jpg","Bee hoon, goreng",all,fbbd04905f12f648c089ea16feb6b170,"['Mee siam, fried', 'bee hoon', 'Bee hoon, goreng']"
../foodsg-233\dumpling\R001ALUA01HSPPAE36YOBRSG.jpg,dumpling,all,fbef6f00f5bccc911fa2478c5f72cca4,"['dumpling', 'char siew pau']"
../foodsg-233\char siew pau\56OQ9VUCAPZ1L1QU2ZTK01EQ.jpg,char siew pau,all,fbef6f00f5bccc911fa2478c5f72cca4,"['dumpling', 'char siew pau']"
../foodsg-233\yogurt\IBSFKVRURN25KYIX71DCRKDU.jpg,yogurt,all,fc0cdacd8fc3e23f76d116cfb06a793c,"['yogurt', 'parfait']"
../foodsg-233\parfait\NZS1WC6WU3XVE6FZMTI4GIM6.jpg,parfait,all,fc0cdacd8fc3e23f76d116cfb06a793c,"['yogurt', 'parfait']"
../foodsg-233\Soto ayam\2S15P23885SPMJA8G5Z4DMGX.jpg,Soto ayam,all,fc2228ba2e1f9fc01dd0297bc5bbbbf1,"['Soto ayam', 'Bee hoon, soto', 'Mee soto']"
"../foodsg-233\Bee hoon, soto\CITV946U3PCYIX122632TYI4.jpg","Bee hoon, soto",all,fc2228ba2e1f9fc01dd0297bc5bbbbf1,"['Soto ayam', 'Bee hoon, soto', 'Mee soto']"
../foodsg-233\Mee soto\ZQ6U67PAOLA2CIJE1C4GZYJD.jpg,Mee soto,all,fc2228ba2e1f9fc01dd0297bc5bbbbf1,"['Soto ayam', 'Bee hoon, soto', 'Mee soto']"
../foodsg-233\Mee kuah\XGMSSBT8N05F7HD8JFYAALKD.jpg,Mee kuah,all,fc3c7ad0cd4dc4ff9d62a177d39581aa,"['Mee kuah', 'Mee bandung']"
../foodsg-233\Mee bandung\5BMXM747UX2DMI9IO3U1C316.jpg,Mee bandung,all,fc3c7ad0cd4dc4ff9d62a177d39581aa,"['Mee kuah', 'Mee bandung']"
../foodsg-233\Prawn Noodle\K74M577TWO6UYSQM8QRXVNYP.jpg,Prawn Noodle,all,fc3efcb5837252bd71472da068a9548d,"['Prawn Noodle', 'hokkien prawn mee']"
../foodsg-233\hokkien prawn mee\GEVTRW8U3ZLNN8GJ0C5J7M1C.jpg,hokkien prawn mee,all,fc3efcb5837252bd71472da068a9548d,"['Prawn Noodle', 'hokkien prawn mee']"
../foodsg-233\Mee soto\GWMLEHRDX7SIKI550YPR8FV8.jpg,Mee soto,all,fc70614a68662b5d69e7ee850104d5c9,"['Mee soto', 'Mee bandung']"
../foodsg-233\Mee bandung\8XM6V32JQ726JKMR1B0Q9Y4E.jpg,Mee bandung,all,fc70614a68662b5d69e7ee850104d5c9,"['Mee soto', 'Mee bandung']"
../foodsg-233\mixed vegetables\FN4DIRUVR03U12ZVPQ9XRKO0.jpg,mixed vegetables,all,fcb84035b9124afd3e97d13e7d54c27f,"['mixed vegetables', 'mixed grills']"
../foodsg-233\mixed grills\Q2YIAMCLCO1Y02WJQR02I3QF.jpg,mixed grills,all,fcb84035b9124afd3e97d13e7d54c27f,"['mixed vegetables', 'mixed grills']"
../foodsg-233\yong tau foo\PLZVSOO75Q1KGZXWGHVV6305.jpg,yong tau foo,all,fcee64d8a2430aa1b659f1f9db3126af,"['yong tau foo', 'Laksa']"
../foodsg-233\Laksa\46XZI8PZFC75W89TCM4WW3HF.jpg,Laksa,all,fcee64d8a2430aa1b659f1f9db3126af,"['yong tau foo', 'Laksa']"
../foodsg-233\Mee rebus\47JNNBA2ZR11E8QWJPOP9UP2.jpg,Mee rebus,all,fcf791c364ccdafb24a415b7af6a7166,"['Mee rebus', 'Mee bandung']"
../foodsg-233\Mee bandung\8SYZVQXFTCT34CQ1BQVQZ37K.jpg,Mee bandung,all,fcf791c364ccdafb24a415b7af6a7166,"['Mee rebus', 'Mee bandung']"
../foodsg-233\Mee bandung\R8UNZV3EC9TYJAT06BYJERGL.jpg,Mee bandung,all,fd35da0307138218dda56ed2cde382c1,"['Mee bandung', 'Mee kuah']"
../foodsg-233\Mee kuah\GS7QYEDKGXNLCKB244HITPET.jpg,Mee kuah,all,fd35da0307138218dda56ed2cde382c1,"['Mee bandung', 'Mee kuah']"
../foodsg-233\mixed grills\BDSHF02YMMDRC226R80D5TFH.jpg,mixed grills,all,fd4d37265648a2811f9ed3940bd58b60,"['mixed grills', 'Snacks and Chips']"
../foodsg-233\Snacks and Chips\XEK5YQ85QYGFWO4EJO8Z69I6.jpg,Snacks and Chips,all,fd4d37265648a2811f9ed3940bd58b60,"['mixed grills', 'Snacks and Chips']"
../foodsg-233\Mee siam\QQGS0A4MVF1IB8MOYK24HNHW.jpg,Mee siam,all,fd54257f2aecff30ab600d2dac632e53,"['Mee siam', 'Mee siam, fried']"
"../foodsg-233\Mee siam, fried\1PAYU6R0CZ2WIX9U3DEW8FWA.jpg","Mee siam, fried",all,fd54257f2aecff30ab600d2dac632e53,"['Mee siam', 'Mee siam, fried']"
"../foodsg-233\Bee hoon, soto\SC1739BC0JNKFS8O87LL154P.jpg","Bee hoon, soto",all,fd83cedfc4f20cbf604c3b9ee575c2a4,"['Bee hoon, soto', 'satay bee hoon']"
../foodsg-233\satay bee hoon\QBRLYU31A16X1MSO1IZAY2TV.jpg,satay bee hoon,all,fd83cedfc4f20cbf604c3b9ee575c2a4,"['Bee hoon, soto', 'satay bee hoon']"
../foodsg-233\Fish Ball Noodles\OGN1I050Y0F92YBB7P37UJ1N.jpg,Fish Ball Noodles,all,fd985544c72d29f61ff1e96f37efb336,"['Fish Ball Noodles', 'bee hoon']"
../foodsg-233\bee hoon\MGY68NQDDJRPOPFG3SY9LMYK.jpg,bee hoon,all,fd985544c72d29f61ff1e96f37efb336,"['Fish Ball Noodles', 'bee hoon']"
../foodsg-233\drunken prawn\T5VG2HIH367MR3EHK05RG9YG.jpg,drunken prawn,all,fdb770cb11d7bd2d0f319b64cc5458ba,"['drunken prawn', 'fried prawn']"
../foodsg-233\fried prawn\3X463UKUMGEYSYBAJT72K1A3.jpg,fried prawn,all,fdb770cb11d7bd2d0f319b64cc5458ba,"['drunken prawn', 'fried prawn']"
../foodsg-233\assam pedas\WI0Z8UIJZZLO1GNVWRUYFPRC.jpg,assam pedas,all,fdee9ebc3f41a2909e57af14893176c0,"['assam pedas', 'fish head curry']"
../foodsg-233\fish head curry\1W2IKU8L2NB76AXA5ZATRSIQ.jpg,fish head curry,all,fdee9ebc3f41a2909e57af14893176c0,"['assam pedas', 'fish head curry']"
../foodsg-233\Mee soto\C4V10FZTYM44WRAQGNY8V8GO.jpg,Mee soto,all,fe33588ed52dd1a1281c0277faea7118,"['Mee soto', 'Soto ayam', 'Bee hoon, soto']"
../foodsg-233\Soto ayam\KOC5V52LZQ0SG6UAAZ52M6EL.jpg,Soto ayam,all,fe33588ed52dd1a1281c0277faea7118,"['Mee soto', 'Soto ayam', 'Bee hoon, soto']"
"../foodsg-233\Bee hoon, soto\G6PRCN61NZMWYOE19XZS9R7U.jpg","Bee hoon, soto",all,fe33588ed52dd1a1281c0277faea7118,"['Mee soto', 'Soto ayam', 'Bee hoon, soto']"
"../foodsg-233\Rice, with dakgalbi\A7MVHH55S4BVLVW9MOV0OUMX.jpg","Rice, with dakgalbi",all,fe3cc4f170bf69ae0fb2ae4f9c4842ea,"['Rice, with dakgalbi', 'Rice, korean bulgogi beef']"
"../foodsg-233\Rice, korean bulgogi beef\6WTY8GQBULAOZN9UTLT3DQ6Q.jpg","Rice, korean bulgogi beef",all,fe3cc4f170bf69ae0fb2ae4f9c4842ea,"['Rice, with dakgalbi', 'Rice, korean bulgogi beef']"
"../foodsg-233\Bee hoon, soto\DQ80W0VWQL1YXKV33VL8WEUG.jpg","Bee hoon, soto",all,fe4a1c01f99a697fce19b505cfbb3f3c,"['Bee hoon, soto', 'Mee soto', 'Soto ayam']"
../foodsg-233\Mee soto\H7WUPUBR38NGKY70UHKWR60G.jpg,Mee soto,all,fe4a1c01f99a697fce19b505cfbb3f3c,"['Bee hoon, soto', 'Mee soto', 'Soto ayam']"
../foodsg-233\Soto ayam\6Y7RSKA8ABA1BCWY1HJ10DSL.jpg,Soto ayam,all,fe4a1c01f99a697fce19b505cfbb3f3c,"['Bee hoon, soto', 'Mee soto', 'Soto ayam']"
../foodsg-233\Mee goreng\73SKMT8RD1ZFPU1NMNJMTW99.jpg,Mee goreng,all,fe56f2424b511b7c7648859b379595f7,"['Mee goreng', 'Bee hoon, goreng']"
"../foodsg-233\Bee hoon, goreng\UHCCGISM54OXVF1PXRQ6PW4K.jpg","Bee hoon, goreng",all,fe56f2424b511b7c7648859b379595f7,"['Mee goreng', 'Bee hoon, goreng']"
../foodsg-233\Udon\48DLHFSMY3O72PJU944M6DKA.jpg,Udon,all,fe650fa574b1c5ad139c37d950d297ae,"['Udon', 'Miso ramen, with fishcake']"
"../foodsg-233\Miso ramen, with fishcake\9XDBCJ54HMYXD5HRA08G8Q3I.jpg","Miso ramen, with fishcake",all,fe650fa574b1c5ad139c37d950d297ae,"['Udon', 'Miso ramen, with fishcake']"
../foodsg-233\Soto ayam\HLJZKR228JB0JHCJIDE990V8.jpg,Soto ayam,all,fe792769153c269649a8ef331b919069,"['Soto ayam', 'Mee soto']"
../foodsg-233\Mee soto\EKQFCXAVDRJJLCO7LYXQSI7R.jpg,Mee soto,all,fe792769153c269649a8ef331b919069,"['Soto ayam', 'Mee soto']"
../foodsg-233\Prawn Noodle\664F5E91N4OQ7P6FLIU7OR60.jpg,Prawn Noodle,all,fe8ad0871ded64c0ecc02ee989653ec9,"['Prawn Noodle', 'tom yum noodle soup']"
../foodsg-233\tom yum noodle soup\G7O8HHPFSZM5UG62WX8W1Q04.jpg,tom yum noodle soup,all,fe8ad0871ded64c0ecc02ee989653ec9,"['Prawn Noodle', 'tom yum noodle soup']"
"../foodsg-233\Rice, with dakgalbi\2QH0K5E29NM75LIITC003ZQB.jpg","Rice, with dakgalbi",all,fe8cf60965cd1be743bbe866a70c61d7,"['Rice, with dakgalbi', 'Rice, korean bulgogi beef']"
"../foodsg-233\Rice, korean bulgogi beef\G0SB30FDQM069O4HNVHCAC2W.jpg","Rice, korean bulgogi beef",all,fe8cf60965cd1be743bbe866a70c61d7,"['Rice, with dakgalbi', 'Rice, korean bulgogi beef']"
../foodsg-233\Nuts\WL1DSM0T2XG7ES4LC12UIURD.jpg,Nuts,all,fea24d7f88274bd23d87cdd3db9943e1,"['Nuts', 'Chocolate']"
../foodsg-233\Chocolate\PEWXD595TRTBLZ7CJLDNRXQ0.jpg,Chocolate,all,fea24d7f88274bd23d87cdd3db9943e1,"['Nuts', 'Chocolate']"
../foodsg-233\hotplate tofu\ITINIQEZIPKYMUSFA3MLQXSY.jpg,hotplate tofu,all,fec92be55ed8508505d0546f72d5bbe0,"['hotplate tofu', 'green leafy vegetables']"
../foodsg-233\green leafy vegetables\08MNVT7ZEXZCYIXZRACG0JY7.jpg,green leafy vegetables,all,fec92be55ed8508505d0546f72d5bbe0,"['hotplate tofu', 'green leafy vegetables']"
../foodsg-233\lontong\46XCH6V0HEQUDKHDF3UIQK03.jpg,lontong,all,fed5016fc1c7ff14d93f054325910429,"['lontong', 'Lontong with sayur lodeh']"
../foodsg-233\Lontong with sayur lodeh\OJBIB775AZHHYJANOQEIK0U3.jpg,Lontong with sayur lodeh,all,fed5016fc1c7ff14d93f054325910429,"['lontong', 'Lontong with sayur lodeh']"
"../foodsg-233\Bee hoon, goreng\NJ32SCEXHX0W0N7EHL42XV31.jpg","Bee hoon, goreng",all,fed710369095dca9819fa5d21685ddbd,"['Bee hoon, goreng', 'bee hoon']"
../foodsg-233\bee hoon\HI8PIKH8RR4FANMW5ZI649AY.jpg,bee hoon,all,fed710369095dca9819fa5d21685ddbd,"['Bee hoon, goreng', 'bee hoon']"
../foodsg-233\kueh lapis baked\L9373QHRGLYA5Y991LMD8LEU.jpg,kueh lapis baked,all,fed992ef8039273bd981a4daef191f36,"['kueh lapis baked', 'kueh lapis - rainbow']"
../foodsg-233\kueh lapis - rainbow\XF4AGEUX97D50P8WGV20XQIG.jpg,kueh lapis - rainbow,all,fed992ef8039273bd981a4daef191f36,"['kueh lapis baked', 'kueh lapis - rainbow']"
../foodsg-233\Ban Mian\K02MBCJNV6XWQLV85LBL0OKH.jpg,Ban Mian,all,fee96b2f8153b8ebf5d0ff01d74eff95,"['Ban Mian', 'fried fish']"
../foodsg-233\fried fish\AM7D8G52ZS53RQPUHUZ7FP22.jpg,fried fish,all,fee96b2f8153b8ebf5d0ff01d74eff95,"['Ban Mian', 'fried fish']"
"../foodsg-233\Mee siam, fried\VOOO6RTOP9WXHI1NOAU2NCD4.jpg","Mee siam, fried",all,feea27499dbe0191864ec847f6e8c16f,"['Mee siam, fried', 'Mee siam']"
../foodsg-233\Mee siam\O8WOK43Z6K55CPNHPP00XBLI.jpg,Mee siam,all,feea27499dbe0191864ec847f6e8c16f,"['Mee siam, fried', 'Mee siam']"
../foodsg-233\Udon\JZB0BANQDBY2J2BDHCVNAO0X.jpg,Udon,all,fef9875e706d46f58724ec141c8648ca,"['Udon', 'Miso ramen, with fishcake']"
"../foodsg-233\Miso ramen, with fishcake\QBU6H9I1Y0UQWI6IY4Y5SD2M.jpg","Miso ramen, with fishcake",all,fef9875e706d46f58724ec141c8648ca,"['Udon', 'Miso ramen, with fishcake']"
../foodsg-233\Mee soto\7C1W3NCQUEIIC0SAWBAIBHOQ.jpg,Mee soto,all,ff134caeb119c124f50b832a8d727951,"['Mee soto', 'Bee hoon, soto']"
"../foodsg-233\Bee hoon, soto\2VDYWIP13B77GFVCZCC1OH9X.jpg","Bee hoon, soto",all,ff134caeb119c124f50b832a8d727951,"['Mee soto', 'Bee hoon, soto']"
../foodsg-233\Mee siam\WDD0P5TEH0NNSDZ75X1F08MB.jpg,Mee siam,all,ff398085a104c40440d80a127c01dc2c,"['Mee siam', 'Mee siam, fried']"
"../foodsg-233\Mee siam, fried\P857TICUK1X8Q4K6R89PQEAK.jpg","Mee siam, fried",all,ff398085a104c40440d80a127c01dc2c,"['Mee siam', 'Mee siam, fried']"
"../foodsg-233\Bee hoon, goreng\1BXWZATIWAOQ9G8JCUSOI6H4.jpg","Bee hoon, goreng",all,ff6bc4f4ab4f9ef9a973d8d4129228cc,"['Bee hoon, goreng', 'Mee goreng']"
../foodsg-233\Mee goreng\J7DZEJFY1CMN4OGLX9HS205F.jpg,Mee goreng,all,ff6bc4f4ab4f9ef9a973d8d4129228cc,"['Bee hoon, goreng', 'Mee goreng']"
../foodsg-233\whole wheat\906PYER4VOHBA6QA1F3GESVT.jpg,whole wheat,all,ff6e20e13524df494050b62a54300f95,"['whole wheat', 'whole grain bread']"
../foodsg-233\whole grain bread\8UWAUTHVKBCLL3BF0G7X27IF.jpg,whole grain bread,all,ff6e20e13524df494050b62a54300f95,"['whole wheat', 'whole grain bread']"
../foodsg-233\Mee rebus\HCVHB7R0MP5YK5F853FCR3HU.jpg,Mee rebus,all,ff7c33468ed8e6d93051e8a7c28a1c31,"['Mee rebus', 'Mee bandung']"
../foodsg-233\Mee bandung\NRKLSROAOTO1NDVTRF7CEI1T.jpg,Mee bandung,all,ff7c33468ed8e6d93051e8a7c28a1c31,"['Mee rebus', 'Mee bandung']"
"../foodsg-233\Bee hoon, goreng\GUQ4EWSN30XPBAF4MM5M85GH.jpg","Bee hoon, goreng",all,ff804a09d619f6ca19bea13e78bbc2ef,"['Bee hoon, goreng', 'bee hoon']"
../foodsg-233\bee hoon\OR41H88V4RYZVQ8RX4IKLBJZ.jpg,bee hoon,all,ff804a09d619f6ca19bea13e78bbc2ef,"['Bee hoon, goreng', 'bee hoon']"
../foodsg-233\bak chor mee\MFGSMUATA3U4Q9Y2SH42ND92.jpg,bak chor mee,all,ff88c956706555e57db897bd730678db,"['bak chor mee', 'mee pok']"
../foodsg-233\mee pok\NG5M5I8SD4JAO3PUAHJNACB3.jpg,mee pok,all,ff88c956706555e57db897bd730678db,"['bak chor mee', 'mee pok']"
../foodsg-233\Kway Teow\NXOW1B6USNIPRFSEI7YZ0BYW.jpg,Kway Teow,all,ff95b18e553dec19849bfda02b3b9d3e,"['Kway Teow', 'chai tow kuay']"
../foodsg-233\chai tow kuay\MZYCATQT3X7ED77Z1GHIR71L.jpg,chai tow kuay,all,ff95b18e553dec19849bfda02b3b9d3e,"['Kway Teow', 'chai tow kuay']"
../foodsg-233\cream soup\Z6VLJC5C9UCH4P6V1Z79L4UJ.jpg,cream soup,all,ff9ded5fb2295e7187cf88095b4bb8a1,"['cream soup', 'mushroom soup']"
../foodsg-233\mushroom soup\66XFDSSHB1D9RF0WQAE4MSAQ.jpg,mushroom soup,all,ff9ded5fb2295e7187cf88095b4bb8a1,"['cream soup', 'mushroom soup']"
../foodsg-233\bagel & croissant\B1CY1FZVIMKZSRZO7J7ZU3JO.jpg,bagel & croissant,all,ffc2a9d4099a5e4330152da60413754b,"['bagel & croissant', 'whole grain bread']"
../foodsg-233\whole grain bread\U9IEBS2N1DPCGI4L7F137PO0.jpg,whole grain bread,all,ffc2a9d4099a5e4330152da60413754b,"['bagel & croissant', 'whole grain bread']"
../foodsg-233\Mee siam\2O9XY0G38P7TAU2MIXTH4VV9.jpg,Mee siam,all,801f63386ecb2cdd,"['Bee hoon, goreng', 'Mee siam', 'Mee siam, fried']"
../foodsg-233\black pepper crab\MPYPW5MINWNPOIQSURCV5Y8V.jpg,black pepper crab,all,803b1f627aa748bd,"['black pepper crab', 'chilli crab']"
../foodsg-233\chilli crab\VSM2H58SXYZGPMSG4WQ50Y5Y.jpg,chilli crab,all,803b1f627aa748bd,"['black pepper crab', 'chilli crab']"
../foodsg-233\Lor mee\A5JJKJ8V2R8DX30HIBEQ3O2R.jpg,Lor mee,all,803d19fa5fa05787,"['Lor mee', 'Prawn Noodle']"
../foodsg-233\Prawn Noodle\0DI4JHKH2XUT7CM0HPAQ8HAQ.jpg,Prawn Noodle,all,803d19fa5fa05787,"['Lor mee', 'Prawn Noodle']"
../foodsg-233\chicken soup\URIM8YMDJUCP7QKQSMSKVA66.jpg,chicken soup,all,80516b5b76793966,"['chicken soup', 'cream soup']"
../foodsg-233\cream soup\7I1JTCG0Q3YU0AAWB1LX2T2L.jpg,cream soup,all,80516b5b76793966,"['chicken soup', 'cream soup']"
../foodsg-233\oyster omelette\S99V87XOVWYQS7HFPH4NS8I2.jpg,oyster omelette,all,807a1ff03c433ec7,"['chai tow kuay', 'oyster omelette']"
../foodsg-233\Chinese fritters\YARGJIEXNNVPAM880AOBJIWT.jpg,Chinese fritters,all,807d47d3326c7f60,"['Chinese fritters', 'tau suan']"
../foodsg-233\tau suan\L4JIOVHE5R1XXZR9AVAWBB0G.jpg,tau suan,all,807d47d3326c7f60,"['Chinese fritters', 'tau suan']"
../foodsg-233\Mee siam\KNFB7B844OZEXN8GFM2QTQ15.jpg,Mee siam,all,80813f6f15bc5b8d,"['Mee siam', 'Mee siam, fried']"
"../foodsg-233\Mee siam, fried\K1VCW6JDNUSF19A3T6JONW6Y.jpg","Mee siam, fried",all,80813f6f15bc5b8d,"['Mee siam', 'Mee siam, fried']"
../foodsg-233\fried rice\SWI18XO8N1PN5S75HN63G4GW.jpg,fried rice,all,80851edee865977c,"['fried rice', 'Rice, with dakgalbi']"
"../foodsg-233\Rice, with dakgalbi\55P08TMYDXJXIL2M5QZM16RL.jpg","Rice, with dakgalbi",all,80851edee865977c,"['fried rice', 'Rice, with dakgalbi']"
../foodsg-233\Nasi Ambeng\ZTSMZ5533WQ27R8HYT4R717K.jpg,Nasi Ambeng,all,809c6839afeba0d7,"['Nasi Ambeng', 'nasi lemak']"
../foodsg-233\nasi lemak\C0LEWFGVQDHF9468JKBTTXS1.jpg,nasi lemak,all,809c6839afeba0d7,"['Nasi Ambeng', 'nasi lemak']"
"../foodsg-233\Bee hoon, soto\TDVMY2WIE6AXMFLAT6BRU3N5.jpg","Bee hoon, soto",all,80aa87291f64dee7,"['Bee hoon, soto', 'Laksa']"
../foodsg-233\Laksa\GK6XQCQ7ZFX17N3TU7XRT8XV.jpg,Laksa,all,80aa87291f64dee7,"['Bee hoon, soto', 'Laksa']"
../foodsg-233\beef noodle soup\UJJC4T6CI9MRH0YOT3WXVCEP.jpg,beef noodle soup,all,80c04f0f3f3e9679,"['beef noodle soup', 'Dumpling noodle soup']"
../foodsg-233\Dumpling noodle soup\IVIKL43K5O8GNP6VT67Q7M9S.jpg,Dumpling noodle soup,all,80c04f0f3f3e9679,"['beef noodle soup', 'Dumpling noodle soup']"
../foodsg-233\miso soup\YJ1QPXR3FGPLX73SGKRY4FH6.jpg,miso soup,all,80c617a65e9f791c,"['miso soup', 'vegetable soup']"
../foodsg-233\vegetable soup\G2BTYBRT08QSFHN5RV630477.jpg,vegetable soup,all,80c617a65e9f791c,"['miso soup', 'vegetable soup']"
../foodsg-233\bee hoon\XJX10DZQ1QY1HLKDZ9X7QJA8.jpg,bee hoon,all,80cf87b53cdf0299,"['bee hoon', 'Bee hoon, soto']"
"../foodsg-233\Bee hoon, soto\QDYFON3Z7BHZ9NAPQZRZX9FL.jpg","Bee hoon, soto",all,80cf87b53cdf0299,"['bee hoon', 'Bee hoon, soto']"
"../foodsg-233\Bee hoon, soto\TB9075DHGQX29UCA1HBJHRVT.jpg","Bee hoon, soto",all,80d02ff925ddb496,"['Bee hoon, soto', 'Mee soto']"
../foodsg-233\Mee soto\H4Q0FRJ8X4ZG7HQFH7EJV6IH.jpg,Mee soto,all,80d02ff925ddb496,"['Bee hoon, soto', 'Mee soto']"
../foodsg-233\Mee siam\F05BPFW94K1QD98SLREY1IEY.jpg,Mee siam,all,80dedc981c389b7b,"['Mee siam', 'Mee siam, fried']"
"../foodsg-233\Mee siam, fried\WYMGJ7AANA4MIEBQVTDQAMOR.jpg","Mee siam, fried",all,80dedc981c389b7b,"['Mee siam', 'Mee siam, fried']"
../foodsg-233\Fried Noodles\1D9VY49Y1D4FBVNY3OTBL226.jpg,Fried Noodles,all,80ff5ff42a0b64c2,"['Fried Noodles', 'Mee goreng']"
../foodsg-233\Mee goreng\I9VQ0P0Q6Y56LRLB12552FVW.jpg,Mee goreng,all,80ff5ff42a0b64c2,"['Fried Noodles', 'Mee goreng']"
../foodsg-233\bee hoon\R1YK11JB9O98P33UGDSEQFI4.jpg,bee hoon,all,81be1f793c507271,"['bee hoon', 'Bee hoon, soto']"
"../foodsg-233\Bee hoon, soto\YG8G431ZP1YCHV68JBZKP3I2.jpg","Bee hoon, soto",all,81be1f793c507271,"['bee hoon', 'Bee hoon, soto']"
../foodsg-233\Fruit juice\1HYKOB9QD6G9HTCJ802742PS.jpg,Fruit juice,all,82627f2d53d261f4,"['Fruit juice', 'Grapefruit']"
../foodsg-233\Grapefruit\1NWG9ALX0I36V4IKXT9OU4QK.jpg,Grapefruit,all,82627f2d53d261f4,"['Fruit juice', 'Grapefruit']"
../foodsg-233\Dumpling noodle soup\R92WFJ1G7IRFXDGLDYHCXUDB.jpg,Dumpling noodle soup,all,82aa65bca6437ea5,"['Dumpling noodle soup', 'Wanton mee, dry']"
../foodsg-233\Dumpling noodle soup\SWGAAHEICG87DXVIKR653M2O.jpg,Dumpling noodle soup,all,82aa65bca6437ea5,"['Dumpling noodle soup', 'Wanton mee, dry']"
"../foodsg-233\Wanton mee, dry\0KQS8S0ACKTGYRGS9KKMS7K2.jpg","Wanton mee, dry",all,82aa65bca6437ea5,"['Dumpling noodle soup', 'Wanton mee, dry']"
../foodsg-233\har cheong gai\GP5Y1R9H9YY3NPXBEH1VX6JU.jpg,har cheong gai,all,82cd5bd737c183b0,"['fried chicken', 'har cheong gai']"
../foodsg-233\Prawn Noodle\4R84NWXDIW7YJBDWYQJDEVZQ.jpg,Prawn Noodle,all,830eceb819ad59b9,"['Prawn Noodle', 'Seafood Noodles Soup']"
../foodsg-233\Prawn Noodle\PPYZYJIR2L51TAT8LDIRR7EM.jpg,Prawn Noodle,all,830eceb819ad59b9,"['Prawn Noodle', 'Seafood Noodles Soup']"
../foodsg-233\Seafood Noodles Soup\LE0NU04EKD0L2JZAEH3S279C.jpg,Seafood Noodles Soup,all,830eceb819ad59b9,"['Prawn Noodle', 'Seafood Noodles Soup']"
../foodsg-233\lontong\XFYSIMX0SD2VTKSQBHA714H0.jpg,lontong,all,8355485d0bb36b3e,"['lontong', 'Lontong with sayur lodeh']"
../foodsg-233\Lontong with sayur lodeh\5WLUEQKXATHOPGJHUKDJS3ZR.jpg,Lontong with sayur lodeh,all,8355485d0bb36b3e,"['lontong', 'Lontong with sayur lodeh']"
../foodsg-233\canned Fruit salad\NY63L3OE0894LUZITURDLPPN.jpg,canned Fruit salad,all,8359b6847ccb9837,"['canned Fruit salad', 'cherries']"
../foodsg-233\cherries\KKNTXJY9FKW1ZYLJK4XSHJMH.jpg,cherries,all,8359b6847ccb9837,"['canned Fruit salad', 'cherries']"
"../foodsg-233\Bee hoon, goreng\R4ZX830SLRQWV9432JP0ZQ9L.jpg","Bee hoon, goreng",all,83a2cf239ce3389d,"['Bee hoon, goreng', 'Bee hoon, soto']"
"../foodsg-233\Bee hoon, soto\S0Z77PMN27R8ESQ9U6Z3XZXP.jpg","Bee hoon, soto",all,83a2cf239ce3389d,"['Bee hoon, goreng', 'Bee hoon, soto']"
../foodsg-233\green leafy vegetables\L06UN8HMRVGYQYXDTUFFBTKH.jpg,green leafy vegetables,all,83e7d3ae26220ead,"['green leafy vegetables', 'mixed vegetables']"
../foodsg-233\mixed vegetables\RVX1E4R2QD99JGJ1LZ1UJZP5.jpg,mixed vegetables,all,83e7d3ae26220ead,"['green leafy vegetables', 'mixed vegetables']"
"../foodsg-233\Bee hoon, goreng\VQROY6JJCVGRGDJ0E87F3Z94.jpg","Bee hoon, goreng",all,841859e6d279d7f0,"['Bee hoon, goreng', 'Mee goreng']"
../foodsg-233\Mee goreng\K34JIWS6AEP51SLYMBUY61FM.jpg,Mee goreng,all,841859e6d279d7f0,"['Bee hoon, goreng', 'Mee goreng']"
../foodsg-233\Mee siam\1YSC5YQ77VSQ8SI0DYUSX89L.jpg,Mee siam,all,844a1d617bab7e94,"['Mee siam', 'Mee siam, fried']"
"../foodsg-233\Mee siam, fried\AG16UF609LHP3X5U2JJIVS2V.jpg","Mee siam, fried",all,844a1d617bab7e94,"['Mee siam', 'Mee siam, fried']"
../foodsg-233\cereal prawns\IYGSPUL0WLTH079A6RIBD3CQ.jpg,cereal prawns,all,8479b4a5aaac83be,"['cereal prawns', 'fried prawn']"
../foodsg-233\fried prawn\VVPSRSEM9B13F4IPQQBHJMHC.jpg,fried prawn,all,8479b4a5aaac83be,"['cereal prawns', 'fried prawn']"
../foodsg-233\honeydew\MAVIOZ729EK1T5AWHQNYHFPO.jpg,honeydew,all,84939f78b84e3167,"['honeydew', 'rock melon']"
../foodsg-233\rock melon\32P30Z1PHHWMZ2BJJSFOZM6M.jpg,rock melon,all,84939f78b84e3167,"['honeydew', 'rock melon']"
../foodsg-233\chicken soup\XELWB3LBU28O94YROISI5WEO.jpg,chicken soup,all,84a71ff079c72b14,"['chicken soup', 'Mee soto']"
../foodsg-233\Mee soto\A0YE7G6YSNOWKPS4ZDWLYTGJ.jpg,Mee soto,all,84a71ff079c72b14,"['chicken soup', 'Mee soto']"
../foodsg-233\bak chor mee\ASLN0ER1OA2WBPIL4NS17SGL.jpg,bak chor mee,all,8508789ea39e9d79,"['bak chor mee', 'Fish Ball Noodles']"
../foodsg-233\Fish Ball Noodles\65G1K2BOEK9EFOPI1IX7LCWN.jpg,Fish Ball Noodles,all,8508789ea39e9d79,"['bak chor mee', 'Fish Ball Noodles']"
../foodsg-233\chicken soup\XVEY4S5FIKM6YOANTKEH0BKG.jpg,chicken soup,all,85353c267acf69c2,"['chicken soup', 'cream soup']"
../foodsg-233\cream soup\EXHL4QRT37YCMZ793CBSMECW.jpg,cream soup,all,85353c267acf69c2,"['chicken soup', 'cream soup']"
../foodsg-233\Ban Mian\P7P6OAVEDOFWO0MINSP6KL80.jpg,Ban Mian,all,855e1f793e08187d,"['Ban Mian', 'sliced fish soup']"
../foodsg-233\sliced fish soup\K7XBWHN2NA42JE1EBULVVY0X.jpg,sliced fish soup,all,855e1f793e08187d,"['Ban Mian', 'sliced fish soup']"
../foodsg-233\bak chor mee\7M1M784KVHVAP3J79G2OUMP4.jpg,bak chor mee,all,85603633d8ce3c9f,"['bak chor mee', 'mee pok']"
../foodsg-233\mee pok\KWSFD9BYVV0HL52XQBY72KLE.jpg,mee pok,all,85603633d8ce3c9f,"['bak chor mee', 'mee pok']"
../foodsg-233\Bubble Milk Tea\KLI6QJXFPPVRCVU0B7LAYEBL.jpg,Bubble Milk Tea,all,85924b3f9a691e69,"['Bubble Milk Tea', 'Kopi Teh Milo']"
../foodsg-233\Kopi Teh Milo\VV91W852E8630GT5AFD98I1R.jpg,Kopi Teh Milo,all,85924b3f9a691e69,"['Bubble Milk Tea', 'Kopi Teh Milo']"
../foodsg-233\whole oats\5NC4Y7ENBLC5VJ2UJVSTGZ3N.jpg,whole oats,all,85c9e415e2ef1c2d,"['whole oats', 'whole wheat']"
../foodsg-233\whole wheat\XT810X4Z3WE10UGTDNJLEQY6.jpg,whole wheat,all,85c9e415e2ef1c2d,"['whole oats', 'whole wheat']"
../foodsg-233\lontong\5YEBP2SN11C9L3B6SPK05M66.jpg,lontong,all,85e73eada990c263,"['lontong', 'Mee soto']"
../foodsg-233\Mee soto\UJ7DFBSV85HRP4LOR2CRF1H6.jpg,Mee soto,all,85e73eada990c263,"['lontong', 'Mee soto']"
../foodsg-233\lychee\ORALIIE5M8GSNBBCEWI9E336.jpg,lychee,all,866961339066d3fb,"['lychee', 'rambutan']"
../foodsg-233\rambutan\TJOG0OP5TOCB5DH1HK8578S8.jpg,rambutan,all,866961339066d3fb,"['lychee', 'rambutan']"
../foodsg-233\bak chor mee\RWUNDFQX89R1JN08UUN9HQD1.jpg,bak chor mee,all,86dd09863bcb27b1,"['bak chor mee', 'mee pok']"
../foodsg-233\mee pok\A2XT7N6SEO26B0JJ0KL9ZYJK.jpg,mee pok,all,86dd09863bcb27b1,"['bak chor mee', 'mee pok']"
../foodsg-233\cream soup\UD5QHBCYIG6I0V9JX2F1NBMS.jpg,cream soup,all,86e63505dc1c6fc3,"['cream soup', 'mushroom soup']"
../foodsg-233\mushroom soup\TK6C2CC8JGYW1SVVH4VUVRJW.jpg,mushroom soup,all,86e63505dc1c6fc3,"['cream soup', 'mushroom soup']"
../foodsg-233\Mee siam\MA16J1XAX9GLJVRFKJSL12JX.jpg,Mee siam,all,871c6e316a3f60cd,"['Mee siam', 'Mee siam, fried']"
"../foodsg-233\Mee siam, fried\7GKQR40KHXCKU5SXHS9UVMWG.jpg","Mee siam, fried",all,871c6e316a3f60cd,"['Mee siam', 'Mee siam, fried']"
../foodsg-233\Soto ayam\JXIKXSNH9URAG42M1T3NEUUL.jpg,Soto ayam,all,87689f966c25742b,"['Mee soto', 'Soto ayam']"
../foodsg-233\Seafood Noodles Soup\B4JYZ9BODL45XD0GHHJZQ0V7.jpg,Seafood Noodles Soup,all,87a900343fd16ddb,"['Seafood Noodles Soup', 'sliced fish soup']"
../foodsg-233\sliced fish soup\0VBJA77KFIZUQDJKD9KWNK4D.jpg,sliced fish soup,all,87a900343fd16ddb,"['Seafood Noodles Soup', 'sliced fish soup']"
../foodsg-233\Seafood Noodles Soup\OTMJG5XMKYPX2WHEAYSP1F2Y.jpg,Seafood Noodles Soup,all,87c71c0351ee7372,"['Seafood Noodles Soup', 'sliced fish soup']"
../foodsg-233\sliced fish soup\HQT6TL72COLDWYFOXD4TG2WF.jpg,sliced fish soup,all,87c71c0351ee7372,"['Seafood Noodles Soup', 'sliced fish soup']"
"../foodsg-233\Bee hoon, goreng\0T5DB7S9BPH61B9MXE6TRUKV.jpg","Bee hoon, goreng",all,88481efe36a1273f,"['Bee hoon, goreng', 'vegetarian bee hoon']"
../foodsg-233\vegetarian bee hoon\T01R44B3BYBHZ2XHSXZ20FP5.jpg,vegetarian bee hoon,all,88481efe36a1273f,"['Bee hoon, goreng', 'vegetarian bee hoon']"
../foodsg-233\Seafood Noodles Soup\M5YG81CUDZZFPMN7UHTZGN97.jpg,Seafood Noodles Soup,all,89943659796f712c,"['Seafood Noodles Soup', 'sliced fish soup']"
../foodsg-233\sliced fish soup\MYYO6HXXJA5A15PDM1C47MEL.jpg,sliced fish soup,all,89943659796f712c,"['Seafood Noodles Soup', 'sliced fish soup']"
"../foodsg-233\Bee hoon, soto\72GDL0WLZSJW232V6NYW3AUE.jpg","Bee hoon, soto",all,899f971c182b6aae,"['Bee hoon, soto', 'Mee soto', 'Soto ayam']"
../foodsg-233\bee hoon\E4EKN5KCFBFLHIKAXM4HO1F8.jpg,bee hoon,all,89d23a87711276fa,"['bee hoon', 'vegetarian bee hoon']"
../foodsg-233\vegetarian bee hoon\3QJZRRGWLPSLCOKTR3931HRY.jpg,vegetarian bee hoon,all,89d23a87711276fa,"['bee hoon', 'vegetarian bee hoon']"
../foodsg-233\Ban Mian\XXHMABKDMGOM41DLN38NTJXD.jpg,Ban Mian,all,89ea51d61ea9719c,"['Ban Mian', 'beef noodle soup']"
../foodsg-233\beef noodle soup\FATU6SWHYZDIJ7MX6M5YL4UW.jpg,beef noodle soup,all,89ea51d61ea9719c,"['Ban Mian', 'beef noodle soup']"
"../foodsg-233\Bee hoon, soto\MSJVNG7C568OSCS9OGVKHOQM.jpg","Bee hoon, soto",all,89f30e223f727067,"['Bee hoon, soto', 'Mee soto']"
../foodsg-233\Mee soto\F25C8Y9G24W4K4V4OZT4XFDX.jpg,Mee soto,all,89f30e223f727067,"['Bee hoon, soto', 'Mee soto']"
../foodsg-233\Dumpling noodle soup\D4LF2YEK6B2YDN305VVUOMFV.jpg,Dumpling noodle soup,all,8a826fbc3ae1e196,"['Dumpling noodle soup', 'mee pok']"
../foodsg-233\mee pok\WHNRF9R11K9Q7KETH11GJQMP.jpg,mee pok,all,8a826fbc3ae1e196,"['Dumpling noodle soup', 'mee pok']"
../foodsg-233\bee hoon\MOF4MNO5VXWDAL6I6P14W2EP.jpg,bee hoon,all,8a859d2c33d12fd3,"['bee hoon', 'Bee hoon, goreng']"
"../foodsg-233\Bee hoon, goreng\US7GVJEK9ON36OY2VLS0SHZ6.jpg","Bee hoon, goreng",all,8a859d2c33d12fd3,"['bee hoon', 'Bee hoon, goreng']"
../foodsg-233\Chinese fritters\U5BD7RR3UC5NHLYA57E2KJRG.jpg,Chinese fritters,all,8a8bcc565aee2497,"['Chinese fritters', 'rojak']"
../foodsg-233\rojak\CY4XD3EK4T1MKOSHDALCUCP7.jpg,rojak,all,8a8bcc565aee2497,"['Chinese fritters', 'rojak']"
../foodsg-233\rojak\TN07I54HBDM1ELVUM0GM0TK6.jpg,rojak,all,8a8bcc565aee2497,"['Chinese fritters', 'rojak']"
../foodsg-233\cream soup\P7ZWCXM5AK309F80OR1RMDXY.jpg,cream soup,all,8b6ebc156472266b,"['cream soup', 'mushroom soup']"
../foodsg-233\mushroom soup\ZOKT5F0N9CBCQC3W0KTVB7NG.jpg,mushroom soup,all,8b6ebc156472266b,"['cream soup', 'mushroom soup']"
../foodsg-233\Mee kuah\P1P4VWFJC9ZNA7QETR800ZWU.jpg,Mee kuah,all,8b7ad2e657e12861,"['hotplate tofu', 'Mee kuah', 'Mee soto']"
../foodsg-233\White Bread\HK67AWH3KJ9ONTR28VOSG1W0.jpg,White Bread,all,8b83783ce1d0cfa3,"['White Bread', 'whole grain bread', 'whole wheat']"
../foodsg-233\Fruit juice\I8AWTKN31TOR9ROY2JTJ7Y3Q.jpg,Fruit juice,all,8bb33f866442a75c,"['Fruit juice', 'honeydew']"
../foodsg-233\honeydew\KKWIH8BPJDF605ZKKESRXZO0.jpg,honeydew,all,8bb33f866442a75c,"['Fruit juice', 'honeydew']"
../foodsg-233\kueh lapis - rainbow\GTQREUL6LPGSP61YJFXW7NFQ.jpg,kueh lapis - rainbow,all,8bc47595aa5dcb60,"['kueh lapis - rainbow', 'kueh lapis baked']"
../foodsg-233\kueh lapis baked\5TFRW40HWSW3GKIVFQRQFW24.jpg,kueh lapis baked,all,8bc47595aa5dcb60,"['kueh lapis - rainbow', 'kueh lapis baked']"
../foodsg-233\Nasi Ambeng\C1IIY8KS43CSR1INRZ6SXMGJ.jpg,Nasi Ambeng,all,8c5a2bb3f17914e1,"['Nasi Ambeng', 'tumpeng']"
../foodsg-233\tumpeng\VUBY0QPE9YF8E9LN4ABT6YNK.jpg,tumpeng,all,8c5a2bb3f17914e1,"['Nasi Ambeng', 'tumpeng']"
../foodsg-233\bee hoon\48FFN4I6RJWGHZ8UI2A7YK99.jpg,bee hoon,all,8cca7bb73c395228,"['bee hoon', 'Bee hoon, goreng']"
"../foodsg-233\Bee hoon, goreng\AVOEFA0WJ1RY0613PYL64MFW.jpg","Bee hoon, goreng",all,8cca7bb73c395228,"['bee hoon', 'Bee hoon, goreng']"
../foodsg-233\Mee goreng\8AFRXJFRWGJJ8LBFQ7D620P5.jpg,Mee goreng,all,8de1b6869b8e9998,"['Mee goreng', 'Mee soto']"
../foodsg-233\Mee soto\W1K9CB2B0XEKTRWDMTUOWKAA.jpg,Mee soto,all,8de1b6869b8e9998,"['Mee goreng', 'Mee soto']"
../foodsg-233\dumpling\RXQW3XHWPTNBSA5DI6CBNQC1.jpg,dumpling,all,8e8555832b2f2caf,"['dumpling', 'Dumpling noodle soup']"
../foodsg-233\Dumpling noodle soup\OMXQMX7Y122WBJQPWZ1IMBGJ.jpg,Dumpling noodle soup,all,8e8555832b2f2caf,"['dumpling', 'Dumpling noodle soup']"
"../foodsg-233\Bee hoon, goreng\4LHH268TOU12RXNNGFR67HTJ.jpg","Bee hoon, goreng",all,8ec5984ab12eb76c,"['Bee hoon, goreng', 'Mee goreng']"
../foodsg-233\Mee goreng\RHJFGRKS2TKTMPCFMDW5A0II.jpg,Mee goreng,all,8ec5984ab12eb76c,"['Bee hoon, goreng', 'Mee goreng']"
../foodsg-233\Mee goreng\VUT73JZMWWPHHS1VYPW3DR62.jpg,Mee goreng,all,8ec5984ab12eb76c,"['Bee hoon, goreng', 'Mee goreng']"
../foodsg-233\cream soup\CJLGHGWPQMLQSIVTDP07WACL.jpg,cream soup,all,8ed64dd980662f8b,"['cream soup', 'mushroom soup']"
../foodsg-233\mushroom soup\YLHS28W9N6M8VCOODO7AMG0G.jpg,mushroom soup,all,8ed64dd980662f8b,"['cream soup', 'mushroom soup']"
"../foodsg-233\Bee hoon, soto\D1IOVCCMQ06OSTMZ5CUSV5L6.jpg","Bee hoon, soto",all,8ef1ec42c493d399,"['Bee hoon, soto', 'Soto ayam']"
../foodsg-233\Soto ayam\XM136EJF8JOZGXB7JSXP5I2K.jpg,Soto ayam,all,8ef1ec42c493d399,"['Bee hoon, soto', 'Soto ayam']"
../foodsg-233\whole wheat\SKWF0AC6YTK09ZLHUR39YP10.jpg,whole wheat,all,8f0f2eb1dc23309d,"['whole wheat', 'Wholegrain Wrap']"
../foodsg-233\Wholegrain Wrap\W34E1LSPR7BLULETIDW2LSRJ.jpg,Wholegrain Wrap,all,8f0f2eb1dc23309d,"['whole wheat', 'Wholegrain Wrap']"
"../foodsg-233\Bee hoon, soto\A5KZXEJ0TT3V2BEAR8FXVL9Q.jpg","Bee hoon, soto",all,8f2f2585479523d5,"['bee hoon', 'Bee hoon, soto']"
../foodsg-233\Bibimbap\3EFZ7O3E67KX1XZXTAC9NHWY.jpg,Bibimbap,all,8f3273cd9c1c30cb,"['Bibimbap', 'Rice, korean bulgogi beef']"
"../foodsg-233\Rice, korean bulgogi beef\C6N54VXJGEO29923RSCORFFH.jpg","Rice, korean bulgogi beef",all,8f3273cd9c1c30cb,"['Bibimbap', 'Rice, korean bulgogi beef']"
../foodsg-233\whole grain bread\THRMZP2WF2RSTPLF1AEC5A3Z.jpg,whole grain bread,all,8f8705151f8d2dad,"['whole grain bread', 'whole wheat']"
../foodsg-233\whole wheat\B19HRROVCX2E0ZNKS9AS4FER.jpg,whole wheat,all,8f8705151f8d2dad,"['whole grain bread', 'whole wheat']"
../foodsg-233\Ban Mian\R4682H05EG1NEPWZJSYXCMX7.jpg,Ban Mian,all,8fd1f8634a8e91c5,"['Ban Mian', 'bee hoon', 'Bee hoon, soto', 'Seafood Noodles Soup']"
../foodsg-233\White Bread\W8XDDO8DOW47UU1HQBGH6GWE.jpg,White Bread,all,8fe368856f85427c,"['White Bread', 'whole grain bread', 'whole wheat']"
"../foodsg-233\Bee hoon, goreng\49RA7HNYOEL68CG1QIMK9IPY.jpg","Bee hoon, goreng",all,90125f7b63abc45c,"['Bee hoon, goreng', 'Mee goreng']"
../foodsg-233\Mee goreng\B6FIO4OUF9MC49HWYBAU7PR2.jpg,Mee goreng,all,90125f7b63abc45c,"['Bee hoon, goreng', 'Mee goreng']"
../foodsg-233\lontong\7K82LMQ3TSFUI9TPR3QJJFGN.jpg,lontong,all,907a4d2d47381ef5,"['lontong', 'Lontong with sayur lodeh']"
../foodsg-233\Lontong with sayur lodeh\SLY3PAFENEV41425ZV6ZBPZG.jpg,Lontong with sayur lodeh,all,907a4d2d47381ef5,"['lontong', 'Lontong with sayur lodeh']"
../foodsg-233\Mee rebus\LZBIEQ1EX1D7EU7B3CEPKRJ8.jpg,Mee rebus,all,90e441329fcfce1e,"['Mee rebus', 'Mee siam']"
../foodsg-233\Mee siam\QAXPI8FUKE0N6LDQAWR9TZNQ.jpg,Mee siam,all,90e441329fcfce1e,"['Mee rebus', 'Mee siam']"
../foodsg-233\steamed buns\N4XTPEQOSIAV0W8QMBLWXYDD.jpg,steamed buns,all,90f12bedf00c4f96,"['char siew pau', 'steamed buns']"
../foodsg-233\Soto ayam\KIYB41RNRFHDN66W1OT7K7X7.jpg,Soto ayam,all,91093c685fb263d7,"['Bee hoon, soto', 'Mee soto', 'Soto ayam']"
../foodsg-233\char siew pau\FCPSPMVTY943IW06RKAEXOJS.jpg,char siew pau,all,913915bc1fc54ee4,"['char siew pau', 'steamed buns']"
../foodsg-233\steamed buns\B4JM6MDKYFVVKX3R7LHMC6ND.jpg,steamed buns,all,913915bc1fc54ee4,"['char siew pau', 'steamed buns']"
"../foodsg-233\Bee hoon, soto\9XWCAP3JJCFSHOORLO4GDB9R.jpg","Bee hoon, soto",all,9177d51258cadec8,"['bee hoon', 'Bee hoon, soto', 'Fish Ball Noodles']"
../foodsg-233\Mee siam\GB30S6SSPG13KWU18CR2Y66U.jpg,Mee siam,all,91873bb1fa84607e,"['Mee siam', 'Mee siam, fried']"
"../foodsg-233\Mee siam, fried\OBTSEZISY15M7E9K2B9FUSA1.jpg","Mee siam, fried",all,91873bb1fa84607e,"['Mee siam', 'Mee siam, fried']"
../foodsg-233\bee hoon\5CQ0GXAIYKO2JTP9RKH2AVLM.jpg,bee hoon,all,91c14f876b1a9c79,"['bee hoon', 'Mee soto']"
../foodsg-233\Mee soto\63S9WPRKAV44ZJKQIKQC26QK.jpg,Mee soto,all,91c14f876b1a9c79,"['bee hoon', 'Mee soto']"
../foodsg-233\hokkien prawn mee\82TT94G027NHY3TZ2KJ3WFJJ.jpg,hokkien prawn mee,all,91ed94c08f0759af,"['hokkien prawn mee', 'Prawn Noodle']"
../foodsg-233\Prawn Noodle\O0AUSMYHRNYU1V5N5FF9JD3I.jpg,Prawn Noodle,all,91ed94c08f0759af,"['hokkien prawn mee', 'Prawn Noodle']"
../foodsg-233\pig organ soup\BWU1HRXPLIFAKUWFQ1ZJKAD9.jpg,pig organ soup,all,925c550d423e0f7f,"['pig organ soup', 'sliced fish soup']"
../foodsg-233\sliced fish soup\TGRX7BKNE929TMDVY8X3XNDL.jpg,sliced fish soup,all,925c550d423e0f7f,"['pig organ soup', 'sliced fish soup']"
../foodsg-233\canned Fruit salad\KPND0RWVN26283QEOEBZ22KH.jpg,canned Fruit salad,all,92b636a528a2be9e,"['canned Fruit salad', 'strawberry']"
../foodsg-233\strawberry\E2X7O9KHA4UN3W75KRHU32OT.jpg,strawberry,all,92b636a528a2be9e,"['canned Fruit salad', 'strawberry']"
../foodsg-233\vegetable soup\Y39V4M5EZ9LLZ1OJW0W40WZO.jpg,vegetable soup,all,92ccf6ac53969187,"['chicken soup', 'vegetable soup']"
../foodsg-233\Grapefruit\6WZAET0W20Q92BAWI21JGAIB.jpg,Grapefruit,all,9333db18c0e0ffe0,"['Grapefruit', 'Pomelo']"
../foodsg-233\Pomelo\OZR4QW6VOKN9S31KZF7Y2FTZ.jpg,Pomelo,all,9333db18c0e0ffe0,"['Grapefruit', 'Pomelo']"
../foodsg-233\blueberries\60YGI15QOA9Q6PBJNMB6S5U0.jpg,blueberries,all,935ec4288aa5adf6,"['blueberries', 'Sweets']"
../foodsg-233\Sweets\SUEKYEU5XEI376PFOGF7Q12P.jpg,Sweets,all,935ec4288aa5adf6,"['blueberries', 'Sweets']"
../foodsg-233\Fried Noodles\FUP93M0QMILTQ0S3VG1TBI7F.jpg,Fried Noodles,all,9380aca47a7fa0fc,"['Fried Noodles', 'Udon']"
../foodsg-233\Udon\MCGB66OVCGWIB8TRQXMRZA3R.jpg,Udon,all,9380aca47a7fa0fc,"['Fried Noodles', 'Udon']"
../foodsg-233\satay bee hoon\Y5M9T2MFYGZEJRWPXLPYZMDX.jpg,satay bee hoon,all,93931f8d011e7ef0,"['Bee hoon, goreng', 'satay bee hoon']"
"../foodsg-233\Bee hoon, soto\OABEYK4IQYPLRMIK93SZ6AW0.jpg","Bee hoon, soto",all,93a0327d82ca2f3f,"['Bee hoon, soto', 'Seafood Noodles Soup']"
../foodsg-233\Seafood Noodles Soup\IYOU2VKUZ8JN0XMZMSUL265A.jpg,Seafood Noodles Soup,all,93a0327d82ca2f3f,"['Bee hoon, soto', 'Seafood Noodles Soup']"
../foodsg-233\lontong\EF76U0KJFK0ILIO5T1WE17H7.jpg,lontong,all,94314bcf55664a6b,"['lontong', 'Lontong with sayur lodeh']"
../foodsg-233\Lontong with sayur lodeh\Q3J7X7VS5BRUAJABMGLSHXOF.jpg,Lontong with sayur lodeh,all,94314bcf55664a6b,"['lontong', 'Lontong with sayur lodeh']"
../foodsg-233\Seafood Noodles Soup\TJ52PPU72HAVYY0SAA7VB4AG.jpg,Seafood Noodles Soup,all,946a5aad693235a7,"['Seafood Noodles Soup', 'sliced fish soup']"
../foodsg-233\sliced fish soup\KXJ0FT4PE2LY4OGJHKCPLZFS.jpg,sliced fish soup,all,946a5aad693235a7,"['Seafood Noodles Soup', 'sliced fish soup']"
"../foodsg-233\Bee hoon, soto\04DZ3NJ3LRKOD1C9HUF3I5KA.jpg","Bee hoon, soto",all,94884b951e163f3f,"['Bee hoon, soto', 'satay bee hoon']"
../foodsg-233\satay bee hoon\L6H6DJN5UHHBHSAS2KD6Q789.jpg,satay bee hoon,all,94884b951e163f3f,"['Bee hoon, soto', 'satay bee hoon']"
../foodsg-233\bee hoon\YNT38CFWV25YVANLOKRMGK4E.jpg,bee hoon,all,948f5a391e9c6578,"['bee hoon', 'Bee hoon, goreng']"
"../foodsg-233\Bee hoon, goreng\5OMWC9KCBKKTZY58AILCXWX1.jpg","Bee hoon, goreng",all,948f5a391e9c6578,"['bee hoon', 'Bee hoon, goreng']"
../foodsg-233\whole grain bread\1IYPUS2C70EK25AEO3R9HV1B.jpg,whole grain bread,all,94abd94d4fb48343,"['whole grain bread', 'whole wheat']"
../foodsg-233\whole wheat\CNYD14VMT5USCE97DQHCFLLX.jpg,whole wheat,all,94abd94d4fb48343,"['whole grain bread', 'whole wheat']"
../foodsg-233\Seafood Noodles Soup\H9SAP8OE5VNSA0YOD5VD0J3Q.jpg,Seafood Noodles Soup,all,94b3dbc11e3a4ea4,"['Seafood Noodles Soup', 'sliced fish soup']"
../foodsg-233\sliced fish soup\7T2H3MNNC0IZDDCHPK65081I.jpg,sliced fish soup,all,94b3dbc11e3a4ea4,"['Seafood Noodles Soup', 'sliced fish soup']"
../foodsg-233\biscuit\1C6J7UM4UUFYIO0C4W09GLY8.jpg,biscuit,all,94b437b4c0cfcb2c,"['biscuit', 'whole wheat']"
../foodsg-233\whole wheat\B8C1YKGGKGLEPVQHZNKJZJEV.jpg,whole wheat,all,94b437b4c0cfcb2c,"['biscuit', 'whole wheat']"
../foodsg-233\bee hoon\WMVE0CB1W6LIVDYBVP3L7ULO.jpg,bee hoon,all,94bd5dd527944b41,"['bee hoon', 'Bee hoon, goreng']"
"../foodsg-233\Bee hoon, goreng\WK8MTL4CXB6A7IKZAYCCBJQB.jpg","Bee hoon, goreng",all,94bd5dd527944b41,"['bee hoon', 'Bee hoon, goreng']"
../foodsg-233\hokkien prawn mee\KT0O1GWVLTCJEIGJMXYR2810.jpg,hokkien prawn mee,all,94cd689269e7273c,"['hokkien prawn mee', 'Prawn Noodle']"
../foodsg-233\Prawn Noodle\FNC9CHWF9243808GTQF1DSK0.jpg,Prawn Noodle,all,94cd689269e7273c,"['hokkien prawn mee', 'Prawn Noodle']"
"../foodsg-233\Bee hoon, goreng\YW1QFVHB7FEWEXBRK5LD3AOU.jpg","Bee hoon, goreng",all,94d1da535d3cb542,"['Bee hoon, goreng', 'vegetarian bee hoon']"
../foodsg-233\vegetarian bee hoon\KORI7BGT3N27NK3E0NGTYLZX.jpg,vegetarian bee hoon,all,94d1da535d3cb542,"['Bee hoon, goreng', 'vegetarian bee hoon']"
../foodsg-233\green leafy vegetables\GYI7VQH5D1Q2KMRTDKR0A7PZ.jpg,green leafy vegetables,all,94d2c30fcb1e9e0d,"['green leafy vegetables', 'salad']"
../foodsg-233\salad\2RRF04WJ5FH5VKQBX6B1SGU2.jpg,salad,all,94d2c30fcb1e9e0d,"['green leafy vegetables', 'salad']"
../foodsg-233\bee hoon\LVW28C28G5LSO2PBAQRM5GLJ.jpg,bee hoon,all,94d83aa86c34ef2b,"['bee hoon', 'vegetarian bee hoon']"
../foodsg-233\vegetarian bee hoon\WY8G7AOSXT2OL6PV8GDAFB6D.jpg,vegetarian bee hoon,all,94d83aa86c34ef2b,"['bee hoon', 'vegetarian bee hoon']"
../foodsg-233\Udon\EGOJP45RKK3423IZQV2MCYW1.jpg,Udon,all,95323b95e51ad865,"['Miso ramen, with fishcake', 'Udon']"
"../foodsg-233\Bee hoon, goreng\JBIZUQYR24T7VEDF4L0G73AB.jpg","Bee hoon, goreng",all,95701a293a8379bf,"['Bee hoon, goreng', 'vegetarian bee hoon']"
../foodsg-233\vegetarian bee hoon\PSBDDWYA7RWEKS5485V5QXEA.jpg,vegetarian bee hoon,all,95701a293a8379bf,"['Bee hoon, goreng', 'vegetarian bee hoon']"
../foodsg-233\Papaya\SV1OX3G822LGO1SMM1HXUAPA.jpg,Papaya,all,957445e20b6b3bc9,"['Papaya', 'passion fruit']"
../foodsg-233\passion fruit\JJWLEHIKWS14A1OIVVTW72R3.jpg,passion fruit,all,957445e20b6b3bc9,"['Papaya', 'passion fruit']"
../foodsg-233\Mee siam\70T1QD6820JBG4MJ9D7PGR5U.jpg,Mee siam,all,95844e3d3bc22d8f,"['Mee siam', 'Mee siam, fried']"
"../foodsg-233\Mee siam, fried\Z4PH9RIDNQHQX2GAMX1HTFX3.jpg","Mee siam, fried",all,95844e3d3bc22d8f,"['Mee siam', 'Mee siam, fried']"
../foodsg-233\kueh lapis - rainbow\2GF0F9IQABH9EN3K9P7U6KBU.jpg,kueh lapis - rainbow,all,95b74af41d621c4d,"['kueh lapis - rainbow', 'Pung Kueh']"
../foodsg-233\Pung Kueh\8MDJX3YTRLBJ1YGQVMQZ53ZF.jpg,Pung Kueh,all,95b74af41d621c4d,"['kueh lapis - rainbow', 'Pung Kueh']"
../foodsg-233\lasagna\9VNHBULUPNSZROMAPHIXV86K.jpg,lasagna,all,95bd7a8260e7c61a,"['lasagna', 'pasta - fettuccine']"
../foodsg-233\pasta - fettuccine\IJKK0PU2JT7MDYKAHH9TKHRA.jpg,pasta - fettuccine,all,95bd7a8260e7c61a,"['lasagna', 'pasta - fettuccine']"
"../foodsg-233\Bee hoon, goreng\PT8V2M9FIDQ8RG9QVRBIC4PC.jpg","Bee hoon, goreng",all,95c95a076b1d6d94,"['Bee hoon, goreng', 'vegetarian bee hoon']"
../foodsg-233\vegetarian bee hoon\M0G0LSKYE2N5V1WYE4Q2KSQB.jpg,vegetarian bee hoon,all,95c95a076b1d6d94,"['Bee hoon, goreng', 'vegetarian bee hoon']"
../foodsg-233\Grapefruit\0ET0LO8P426K7NUH4LK6MHIT.jpg,Grapefruit,all,95c96019886ebb7d,"['Grapefruit', 'Pomelo']"
../foodsg-233\Pomelo\L2SVA2T4HFZY89ELMYBKCMZ8.jpg,Pomelo,all,95c96019886ebb7d,"['Grapefruit', 'Pomelo']"
../foodsg-233\ayam penyet\PKY20FNNYEELAWVF23MUUDBY.jpg,ayam penyet,all,966f539023da6b34,"['ayam penyet', 'Nasi Ambeng']"
../foodsg-233\Nasi Ambeng\0434FBD7DGMDWABS9AQ0K727.jpg,Nasi Ambeng,all,966f539023da6b34,"['ayam penyet', 'Nasi Ambeng']"
"../foodsg-233\Bee hoon, soto\EGJNL78N6SLWZ54WJLKP8L1L.jpg","Bee hoon, soto",all,9726229d494e297f,"['Bee hoon, soto', 'Soto ayam']"
../foodsg-233\Soto ayam\7M4TLNE87XTRJME6IKYT6993.jpg,Soto ayam,all,9726229d494e297f,"['Bee hoon, soto', 'Soto ayam']"
../foodsg-233\satay bee hoon\GKAIORZ2CTE0IEXO30HBRWA7.jpg,satay bee hoon,all,97d784709ee29c61,"['Bee hoon, soto', 'satay bee hoon', 'Seafood Noodles Soup']"
"../foodsg-233\Bee hoon, goreng\IIJ7TMPSF3VLEH7FW3QCQ811.jpg","Bee hoon, goreng",all,97d794534e4f181a,"['Bee hoon, goreng', 'vegetarian bee hoon']"
../foodsg-233\vegetarian bee hoon\X5963RTNCHMXAXQIXPE0JEI6.jpg,vegetarian bee hoon,all,97d794534e4f181a,"['Bee hoon, goreng', 'vegetarian bee hoon']"
../foodsg-233\Mee soto\I02SBXJ80969D9UUTJ7NOI1X.jpg,Mee soto,all,97ff80f6801bc70a,"['Mee soto', 'satay bee hoon']"
../foodsg-233\satay bee hoon\FW6ZSC1FVFD5H6DENEP3NRHB.jpg,satay bee hoon,all,97ff80f6801bc70a,"['Mee soto', 'satay bee hoon']"
"../foodsg-233\Rice, korean bulgogi beef\2P6Z9VT76LUXK1Z2OEWSF4RE.jpg","Rice, korean bulgogi beef",all,98a3e593922d5bc6,"['Rice, korean bulgogi beef', 'Rice, with dakgalbi']"
"../foodsg-233\Rice, with dakgalbi\XDSSNSHYXIMIMVJGNSZC3EYZ.jpg","Rice, with dakgalbi",all,98a3e593922d5bc6,"['Rice, korean bulgogi beef', 'Rice, with dakgalbi']"
../foodsg-233\Fried Noodles\IZ6BAJ5DC01NN486M9YBREOZ.jpg,Fried Noodles,all,98db13d07fe8c0e4,"['Fried Noodles', 'Mee goreng']"
../foodsg-233\Mee goreng\3S0ZGZG48YK45IY3MA8XB5X5.jpg,Mee goreng,all,98db13d07fe8c0e4,"['Fried Noodles', 'Mee goreng']"
../foodsg-233\spring rolls\70E8A8954P19UEK5080291CI.jpg,spring rolls,all,99c080b6c5f9aeba,"['spring rolls', 'vegetarian bee hoon']"
../foodsg-233\vegetarian bee hoon\VB8RCWYCLMWSVKHPRAFSZHMM.jpg,vegetarian bee hoon,all,99c080b6c5f9aeba,"['spring rolls', 'vegetarian bee hoon']"
"../foodsg-233\Bee hoon, goreng\GUD4VUE014QJ7USS8P22SMWG.jpg","Bee hoon, goreng",all,99e3e619192ee037,"['Bee hoon, goreng', 'Laksa', 'Mee kuah', 'Mee rebus']"
../foodsg-233\Mee kuah\PUMCZCSGAOXN2U8HPJPINWG5.jpg,Mee kuah,all,99e3e619192ee037,"['Bee hoon, goreng', 'Laksa', 'Mee kuah', 'Mee rebus']"
"../foodsg-233\Bee hoon, goreng\UFT3SM81Q4JZMQZSZFTCHONZ.jpg","Bee hoon, goreng",all,9a1958ee24e707f4,"['Bee hoon, goreng', 'vegetarian bee hoon']"
../foodsg-233\vegetarian bee hoon\YT7DLQ6Y31IBQY2ZQFOG0VT0.jpg,vegetarian bee hoon,all,9a1958ee24e707f4,"['Bee hoon, goreng', 'vegetarian bee hoon']"
../foodsg-233\Udon\JZLQTDQOH0DC1MX58XC1X14T.jpg,Udon,all,9a3d71eb5d90c095,"['Miso ramen, with fishcake', 'Udon']"
../foodsg-233\whole grain bread\WK8QLEHEXESEHZYB4R2H96P8.jpg,whole grain bread,all,9a74365329ff409a,"['whole grain bread', 'whole wheat']"
../foodsg-233\whole wheat\DZUNJO2QKN3SK4G8DNGSZA27.jpg,whole wheat,all,9a74365329ff409a,"['whole grain bread', 'whole wheat']"
../foodsg-233\cooked brown rice\A4TFFRZHB9G7I5Z7G9EXDFR7.jpg,cooked brown rice,all,9a844e85589ef979,"['cooked brown rice', 'yam rice']"
../foodsg-233\yam rice\EG932JFUVY1304M1PHEU84GI.jpg,yam rice,all,9a844e85589ef979,"['cooked brown rice', 'yam rice']"
"../foodsg-233\Bee hoon, soto\2EGB35P3AF2BKD5FBQNOR2BJ.jpg","Bee hoon, soto",all,9a91e9ea863ad0b6,"['Bee hoon, soto', 'Mee soto', 'Soto ayam']"
"../foodsg-233\Bee hoon, soto\SX31XW5QXSX1OP8ZL6K7PG06.jpg","Bee hoon, soto",all,9a91e9ea863ad0b6,"['Bee hoon, soto', 'Mee soto', 'Soto ayam']"
../foodsg-233\Mee soto\RLDRFUEMCDQASXH9ECRXVZ9W.jpg,Mee soto,all,9a91e9ea863ad0b6,"['Bee hoon, soto', 'Mee soto', 'Soto ayam']"
../foodsg-233\Soto ayam\EISKEQR9CPWTKCFZRDH3PUBV.jpg,Soto ayam,all,9a91e9ea863ad0b6,"['Bee hoon, soto', 'Mee soto', 'Soto ayam']"
../foodsg-233\Mee siam\8W1YBY4HMCTJI2JKEFLHLBP2.jpg,Mee siam,all,9ac3656c3f303867,"['Mee siam', 'Mee siam, fried']"
"../foodsg-233\Mee siam, fried\UDJILKC44ZKJT2DQE3XOPSHF.jpg","Mee siam, fried",all,9ac3656c3f303867,"['Mee siam', 'Mee siam, fried']"
../foodsg-233\Ban Mian\O6IB5P91ESO517NTUTIUIASV.jpg,Ban Mian,all,9ad1f59e1a8a898b,"['Ban Mian', 'chicken soup', 'Udon']"
../foodsg-233\chicken soup\XT33A3ZZ3YV1852LJELR886A.jpg,chicken soup,all,9ad1f59e1a8a898b,"['Ban Mian', 'chicken soup', 'Udon']"
../foodsg-233\Udon\3R97WIFSEC5JLS2IKF5E65X5.jpg,Udon,all,9ad1f59e1a8a898b,"['Ban Mian', 'chicken soup', 'Udon']"
../foodsg-233\fried chicken\YBELI28WNFNPORH7AFVPBC47.jpg,fried chicken,all,9adf69ac84b6e043,"['fried chicken', 'har cheong gai']"
../foodsg-233\har cheong gai\Y669OAQLM7OJ68AXSAXNEWXZ.jpg,har cheong gai,all,9adf69ac84b6e043,"['fried chicken', 'har cheong gai']"
../foodsg-233\Seafood Noodles Soup\6GPAFWAQDN9XFCQQOWLTZN1E.jpg,Seafood Noodles Soup,all,9ae371cca6936616,"['Seafood Noodles Soup', 'sliced fish soup']"
../foodsg-233\sliced fish soup\3KDEPEV4VRT4L4NMFIM0CLIK.jpg,sliced fish soup,all,9ae371cca6936616,"['Seafood Noodles Soup', 'sliced fish soup']"
../foodsg-233\Mee rebus\DPUPXQAEM2RRI4088ZS8IIU9.jpg,Mee rebus,all,9af164ee3aa2d6c0,"['Mee bandung', 'Mee kuah', 'Mee rebus']"
"../foodsg-233\Bee hoon, goreng\RHIMII1FSVB9SASFPGCD854I.jpg","Bee hoon, goreng",all,9b13927faf781c08,"['Bee hoon, goreng', 'vegetarian bee hoon']"
../foodsg-233\vegetarian bee hoon\ALDSK4ORRLYWSD3CSZSRJAQA.jpg,vegetarian bee hoon,all,9b13927faf781c08,"['Bee hoon, goreng', 'vegetarian bee hoon']"
../foodsg-233\whole wheat\X691JT9R6XVV78EHQLZ942N1.jpg,whole wheat,all,9b355dd25232b392,"['whole wheat', 'wholegrain pasta']"
../foodsg-233\wholegrain pasta\KO09LKFRPMBMC93VHYQ8YU37.jpg,wholegrain pasta,all,9b355dd25232b392,"['whole wheat', 'wholegrain pasta']"
../foodsg-233\lontong\BBYPQCT13XOZK5CHN2SG1F6R.jpg,lontong,all,9b793ae624a6a199,"['lontong', 'Lontong with sayur lodeh']"
../foodsg-233\Lontong with sayur lodeh\GZLE99SBX3XA888QB38PRZHN.jpg,Lontong with sayur lodeh,all,9b793ae624a6a199,"['lontong', 'Lontong with sayur lodeh']"
../foodsg-233\ice kacang\ID8GM9QC02K9504WJ9546XR7.jpg,ice kacang,all,9bbdb5c6cf890181,"['ice kacang', 'yong tau foo']"
../foodsg-233\yong tau foo\R0JOH2IVW2FRHNGDQW89500O.jpg,yong tau foo,all,9bbdb5c6cf890181,"['ice kacang', 'yong tau foo']"
../foodsg-233\vegetarian bee hoon\DQPT8OU4QG4KAXB54VU2EYXI.jpg,vegetarian bee hoon,all,9bf3220a6ac7c6c5,"['Bee hoon, goreng', 'Mee siam', 'vegetarian bee hoon']"
"../foodsg-233\Mee siam, fried\RPV0U70L77881NKB54GRWHP2.jpg","Mee siam, fried",all,9c912ed23dcce392,"['Mee siam', 'Mee siam, fried']"
../foodsg-233\Mee soto\IVAXLDG0AJ855H662G8Z75P6.jpg,Mee soto,all,9ca4e106818fc77f,"['Mee soto', 'Soto ayam']"
../foodsg-233\Soto ayam\5LWBJPJ64LNUS6RSVHUDBNZT.jpg,Soto ayam,all,9ca4e106818fc77f,"['Mee soto', 'Soto ayam']"
../foodsg-233\char siew pau\WM7UEALWN95VT989BXWGN9SY.jpg,char siew pau,all,9cd76780e2a861db,"['char siew pau', 'dumpling']"
../foodsg-233\dumpling\JAPSFWQ81HFBXR8963B965R7.jpg,dumpling,all,9cd76780e2a861db,"['char siew pau', 'dumpling']"
../foodsg-233\Mee soto\CTKIA12YH8H7E6M5W0KZX4BL.jpg,Mee soto,all,9dc62936cb81d974,"['Mee soto', 'Soto ayam']"
../foodsg-233\Soto ayam\CX2IS51UHZC1LS8AGOU8NVAV.jpg,Soto ayam,all,9dc62936cb81d974,"['Mee soto', 'Soto ayam']"
../foodsg-233\bee hoon\MQA5O0NMF6SR8RQALMX30JWF.jpg,bee hoon,all,9ec8386eb72ae229,"['bee hoon', 'Seafood Noodles Soup']"
../foodsg-233\Seafood Noodles Soup\CRW18XBQHXEZKMOTCXCAUVD9.jpg,Seafood Noodles Soup,all,9ec8386eb72ae229,"['bee hoon', 'Seafood Noodles Soup']"
"../foodsg-233\Bee hoon, goreng\I20RGHGX3L7Z09HYJNZMZOUQ.jpg","Bee hoon, goreng",all,9ed6a468de6d5910,"['Bee hoon, goreng', 'Mee goreng']"
../foodsg-233\Mee goreng\JY9EMKXPAY9TIXZXNH1739G4.jpg,Mee goreng,all,9ed6a468de6d5910,"['Bee hoon, goreng', 'Mee goreng']"
../foodsg-233\chicken soup\1J7IIBO3LMKW0V6484FYF6Y7.jpg,chicken soup,all,9f0f7016611853f7,"['chicken soup', 'vegetable soup']"
../foodsg-233\vegetable soup\JID4CHTX2AB9OYADCKF0WCLG.jpg,vegetable soup,all,9f0f7016611853f7,"['chicken soup', 'vegetable soup']"
../foodsg-233\chilli crab\D7UVTW5VV7QCHDJ0YI31Q6ED.jpg,chilli crab,all,9f9900ee4e909bc7,"['chilli crab', 'Seafood Noodles Soup']"
../foodsg-233\Seafood Noodles Soup\2CVRF9ZINJLLRIVNLBVUIZDJ.jpg,Seafood Noodles Soup,all,9f9900ee4e909bc7,"['chilli crab', 'Seafood Noodles Soup']"
../foodsg-233\bak chor mee\I1D7QSB3WKYPIG3TMIHDV3CE.jpg,bak chor mee,all,9fac790507169d1e,"['bak chor mee', 'mee pok']"
../foodsg-233\mee pok\JR5XQ772QEX73O7NIYGN3S39.jpg,mee pok,all,9fac790507169d1e,"['bak chor mee', 'mee pok']"
../foodsg-233\bee hoon\RW3NA3HMNAFD0WZ6L5Q1HVRE.jpg,bee hoon,all,9fb9e0f6309c6066,"['bee hoon', 'Seafood Noodles Soup']"
../foodsg-233\Seafood Noodles Soup\DD04NPJZ9JY24G8Z3FLCNK5S.jpg,Seafood Noodles Soup,all,9fb9e0f6309c6066,"['bee hoon', 'Seafood Noodles Soup']"
../foodsg-233\lontong\ZFGVXGNELQBI0H6IB6BWZC5M.jpg,lontong,all,a0551d25723f4be3,"['lontong', 'Lontong with sayur lodeh']"
../foodsg-233\Lontong with sayur lodeh\PVBQAYEUMSR3Z5MBW5CGW0YJ.jpg,Lontong with sayur lodeh,all,a0551d25723f4be3,"['lontong', 'Lontong with sayur lodeh']"
"../foodsg-233\Bee hoon, soto\282ZZ33WHAAFSV1H741T5SYD.jpg","Bee hoon, soto",all,a072971f5c4e989d,"['Bee hoon, soto', 'Mee soto']"
../foodsg-233\Mee soto\QPA81PCS7DG6OHOTK6R6XVSU.jpg,Mee soto,all,a072971f5c4e989d,"['Bee hoon, soto', 'Mee soto']"
../foodsg-233\Grapefruit\CSWUWVT9RGBY30K80N77CU7U.jpg,Grapefruit,all,a0c79d6862bec738,"['Grapefruit', 'Pomelo']"
../foodsg-233\Pomelo\S7JSQFU282H7S82VL3M4NVZT.jpg,Pomelo,all,a0c79d6862bec738,"['Grapefruit', 'Pomelo']"
../foodsg-233\Mee siam\FBSPYCV9O4A96ZBVIG08R0TZ.jpg,Mee siam,all,a0d69fa8d5c17ec0,"['Bee hoon, goreng', 'Mee siam']"
"../foodsg-233\Bee hoon, goreng\RGZ83TOAH9RVABBLESTNUULF.jpg","Bee hoon, goreng",all,a0f18f9619d97439,"['Bee hoon, goreng', 'Mee goreng', 'vegetarian bee hoon']"
../foodsg-233\Mee goreng\5FDUIP6G15XVHUH8G2WTFMTN.jpg,Mee goreng,all,a0f18f9619d97439,"['Bee hoon, goreng', 'Mee goreng', 'vegetarian bee hoon']"
../foodsg-233\vegetarian bee hoon\6M8D2RLKKX3RK8TNPLAA6PTZ.jpg,vegetarian bee hoon,all,a0f18f9619d97439,"['Bee hoon, goreng', 'Mee goreng', 'vegetarian bee hoon']"
../foodsg-233\Pung Kueh\P10YWE5DRSMJ4C3Z9U91C40A.jpg,Pung Kueh,all,a1191ee66d6e720e,"['kueh lapis - rainbow', 'Kueh Salat', 'Pung Kueh']"
../foodsg-233\Seafood Noodles Soup\KHH7W6QDWODXY5XA5QP3XG9V.jpg,Seafood Noodles Soup,all,a11cdff9d0a1d066,"['Seafood Noodles Soup', 'sliced fish soup']"
../foodsg-233\sliced fish soup\KV2GAUYGAY3B7OG9WG55Z1TW.jpg,sliced fish soup,all,a11cdff9d0a1d066,"['Seafood Noodles Soup', 'sliced fish soup']"
../foodsg-233\cereal prawns\E3JJALA57OTBBN89K57ZG5C0.jpg,cereal prawns,all,a149deb2c3a709d9,"['cereal prawns', 'Chinese fritters', 'fried prawn']"
../foodsg-233\Chinese fritters\YH5FTRI61BN5G4C8VXRU92ZZ.jpg,Chinese fritters,all,a149deb2c3a709d9,"['cereal prawns', 'Chinese fritters', 'fried prawn']"
../foodsg-233\fried prawn\9TBUIGAH05YM440W4OUEKC2J.jpg,fried prawn,all,a149deb2c3a709d9,"['cereal prawns', 'Chinese fritters', 'fried prawn']"
../foodsg-233\Indian Prata\TVUA1AO0QANVBM2NS5R9IU3L.jpg,Indian Prata,all,a16a853cdfe055a5,"['Indian Prata', 'murtabak']"
../foodsg-233\murtabak\6IF4JGJ2V9XFO4X999YHGH43.jpg,murtabak,all,a16a853cdfe055a5,"['Indian Prata', 'murtabak']"
../foodsg-233\bee hoon\W50FMV51P5085JTOAQLJGTVX.jpg,bee hoon,all,a1a3354f54f198d5,"['bee hoon', 'satay bee hoon']"
../foodsg-233\satay bee hoon\AHYR9WBF4TL6JNPT0YAHTT5J.jpg,satay bee hoon,all,a1a3354f54f198d5,"['bee hoon', 'satay bee hoon']"
../foodsg-233\Mee soto\UJZK2TXMP1RYJQR6ZP2QPOTU.jpg,Mee soto,all,a1aa94e36eccce85,"['Mee soto', 'Soto ayam']"
../foodsg-233\Soto ayam\KK02OF79YT5QUH4UGDHQMQ8F.jpg,Soto ayam,all,a1aa94e36eccce85,"['Mee soto', 'Soto ayam']"
../foodsg-233\Fried Noodles\O6DY2TZE47WJ5GZU5ZI904TH.jpg,Fried Noodles,all,a1b636b09bdbc9c0,"['Fried Noodles', 'Kway Teow']"
../foodsg-233\Kway Teow\IKNPQZYLA7XJ5R342Q1BWQIK.jpg,Kway Teow,all,a1b636b09bdbc9c0,"['Fried Noodles', 'Kway Teow']"
../foodsg-233\cream soup\1W1GAGBST6ZEA3AO31OV94T7.jpg,cream soup,all,a1c03797d072729f,"['cream soup', 'mushroom soup']"
../foodsg-233\mushroom soup\WMG42FI3MYHRUWZJ0CNSPT6O.jpg,mushroom soup,all,a1c03797d072729f,"['cream soup', 'mushroom soup']"
../foodsg-233\Fruit juice\GG5KR93VL1JARHO28EPNYJ8A.jpg,Fruit juice,all,a24d7f22b55ac82d,"['Fruit juice', 'honeydew']"
../foodsg-233\honeydew\OMEW7YQS3SGGZU1OMN69REO5.jpg,honeydew,all,a24d7f22b55ac82d,"['Fruit juice', 'honeydew']"
"../foodsg-233\Bee hoon, soto\K66GXKUOK97JI98MB3UGR6WG.jpg","Bee hoon, soto",all,a28e67377838e16c,"['Bee hoon, soto', 'Mee soto', 'Soto ayam']"
"../foodsg-233\Bee hoon, soto\0VOBTPB439IJ94EVBF4SO413.jpg","Bee hoon, soto",all,a2b2bb51d88a4d5d,"['Bee hoon, soto', 'Mee soto']"
../foodsg-233\Mee soto\52KVH8KW6EUFN6V32G1ZZ37Y.jpg,Mee soto,all,a2b2bb51d88a4d5d,"['Bee hoon, soto', 'Mee soto']"
"../foodsg-233\Mee siam, fried\FFZ5E5LS4C0HNQ4QVZN46IVY.jpg","Mee siam, fried",all,a2cd47d68adcb152,"['Fried Noodles', 'hokkien prawn mee', 'Mee siam, fried']"
../foodsg-233\Mee bandung\KMA5TGOWD4K227SK0IN8YD6I.jpg,Mee bandung,all,a2ceb839c52f1ea4,"['Mee bandung', 'Mee kuah', 'Mee rebus']"
"../foodsg-233\Bee hoon, goreng\R8CDVR6X54LLMC0B1JVNI29Y.jpg","Bee hoon, goreng",all,a2e7c47343a48d8f,"['Bee hoon, goreng', 'vegetarian bee hoon']"
../foodsg-233\vegetarian bee hoon\NDHUPDIXMC5RG1M5ZYYGIMOQ.jpg,vegetarian bee hoon,all,a2e7c47343a48d8f,"['Bee hoon, goreng', 'vegetarian bee hoon']"
"../foodsg-233\Bee hoon, goreng\J4V0AHQN7WHHUTE0Y22LW3DW.jpg","Bee hoon, goreng",all,a2fe0b9975265523,"['Bee hoon, goreng', 'vegetarian bee hoon']"
../foodsg-233\vegetarian bee hoon\3DRG6UAC9RXZ89UYVPMBMZZM.jpg,vegetarian bee hoon,all,a2fe0b9975265523,"['Bee hoon, goreng', 'vegetarian bee hoon']"
../foodsg-233\mushroom soup\HIBTOYJ3MDCWFJ1O7X2MWXG3.jpg,mushroom soup,all,a39adce5d0522bcc,"['mushroom soup', 'vegetable soup']"
../foodsg-233\vegetable soup\QE2MNWWTTKY05IMEYRT6W1A6.jpg,vegetable soup,all,a39adce5d0522bcc,"['mushroom soup', 'vegetable soup']"
../foodsg-233\char siew pau\I0C94YIRQC2CDN9LNEO797TL.jpg,char siew pau,all,a3ded229680f7592,"['char siew pau', 'steamed buns']"
../foodsg-233\steamed buns\3FZO66V79ZEEV6DU4CLCCPQY.jpg,steamed buns,all,a3ded229680f7592,"['char siew pau', 'steamed buns']"
../foodsg-233\kebab - chicken\DZG8MFKML1IB7XF1X7RPD01B.jpg,kebab - chicken,all,a43dc3b21f608fc5,"['kebab - chicken', 'tandoori chicken']"
../foodsg-233\tandoori chicken\X7JHRFPAGYQFIJ7EEYDYA56C.jpg,tandoori chicken,all,a43dc3b21f608fc5,"['kebab - chicken', 'tandoori chicken']"
../foodsg-233\vegetarian bee hoon\OOZL6VC8ON1KSOGYH1L6RYFE.jpg,vegetarian bee hoon,all,a47aa25d355b5aa1,"['bee hoon', 'Bee hoon, goreng', 'vegetarian bee hoon']"
"../foodsg-233\Bee hoon, soto\HUC8YD49REL03T4NC5U7C6BS.jpg","Bee hoon, soto",all,a4b212b46bd13ccf,"['Bee hoon, soto', 'Mee soto']"
../foodsg-233\Mee soto\P9GPNOSA72G6F7ZD4MWTU5TG.jpg,Mee soto,all,a4b212b46bd13ccf,"['Bee hoon, soto', 'Mee soto']"
"../foodsg-233\Rice, korean bulgogi beef\3HGGYDF8INQ9G8E38ZTZLK1J.jpg","Rice, korean bulgogi beef",all,a4d557224a9f1f29,"['Rice, korean bulgogi beef', 'Rice, with dakgalbi']"
"../foodsg-233\Rice, with dakgalbi\PMFVT801S5QEHPWOFMVHHKN2.jpg","Rice, with dakgalbi",all,a4d557224a9f1f29,"['Rice, korean bulgogi beef', 'Rice, with dakgalbi']"
../foodsg-233\Barley\XOD46OE2TVAN2SQ9CVFBYRYU.jpg,Barley,all,a570cedb18033ea7,"['Barley', 'satay bee hoon']"
../foodsg-233\satay bee hoon\Q17SWJQCBQF0IK0RT4HXCBFG.jpg,satay bee hoon,all,a570cedb18033ea7,"['Barley', 'satay bee hoon']"
../foodsg-233\Mee bandung\D9BW03GWA5A7I2XCZV0HLLZ2.jpg,Mee bandung,all,a581ee61aa9b4973,"['Mee bandung', 'Mee kuah', 'Mee rebus']"
../foodsg-233\Mee kuah\TICJWQ55E38ZF9G8PONV6EXU.jpg,Mee kuah,all,a581ee61aa9b4973,"['Mee bandung', 'Mee kuah', 'Mee rebus']"
../foodsg-233\Mee rebus\1TKL0TN62IBCN7BTLM91PK1I.jpg,Mee rebus,all,a581ee61aa9b4973,"['Mee bandung', 'Mee kuah', 'Mee rebus']"
../foodsg-233\bee hoon\DBQ51DD630O1P8ZH056RMFP6.jpg,bee hoon,all,a59656504acb4fab,"['bee hoon', 'satay bee hoon']"
../foodsg-233\satay bee hoon\7KTTV06DSKWJQO2B7Q0442HQ.jpg,satay bee hoon,all,a59656504acb4fab,"['bee hoon', 'satay bee hoon']"
../foodsg-233\lontong\9ET4486XG1TQF32AL7UYVYNO.jpg,lontong,all,a5a294cb321cdb75,"['lontong', 'Lontong with sayur lodeh']"
../foodsg-233\Lontong with sayur lodeh\XFW4Z3KSL6NTAJSOL313Y5CW.jpg,Lontong with sayur lodeh,all,a5a294cb321cdb75,"['lontong', 'Lontong with sayur lodeh']"
../foodsg-233\Lontong with sayur lodeh\XT4E3593JCFNEJ7JENPCWETR.jpg,Lontong with sayur lodeh,all,a5a294cb321cdb75,"['lontong', 'Lontong with sayur lodeh']"
../foodsg-233\whole oats\UHEUZ7CTTD7X4M2B9J561SUJ.jpg,whole oats,all,a5b931de4ec021cf,"['whole oats', 'wholegrain muffin']"
../foodsg-233\wholegrain muffin\0MWLI0E3ZUFACT39245MLK8O.jpg,wholegrain muffin,all,a5b931de4ec021cf,"['whole oats', 'wholegrain muffin']"
../foodsg-233\Seafood Noodles Soup\T0R2OLT8RQDVO8ECBLPZV0DU.jpg,Seafood Noodles Soup,all,a637bdc0d0d1c28f,"['Seafood Noodles Soup', 'sliced fish soup']"
../foodsg-233\sliced fish soup\R6IAPKAH1A0SH8L3LNEZRCNF.jpg,sliced fish soup,all,a637bdc0d0d1c28f,"['Seafood Noodles Soup', 'sliced fish soup']"
../foodsg-233\fried prawn\BJD3Y3K94UA6NG0HPHKPDYSF.jpg,fried prawn,all,a66d7bc808c7d1d8,"['fried prawn', 'har cheong gai']"
../foodsg-233\har cheong gai\P5JLCMK7CR1XVJHLH6TKFGI9.jpg,har cheong gai,all,a66d7bc808c7d1d8,"['fried prawn', 'har cheong gai']"
../foodsg-233\whole wheat\3HIUW5OQ01WXX5F3V9PO7V0C.jpg,whole wheat,all,a6c6a47956a9e994,"['whole wheat', 'wholegrain pasta']"
../foodsg-233\wholegrain pasta\USRNLEDZYKLTE5T7OM9FCAPZ.jpg,wholegrain pasta,all,a6c6a47956a9e994,"['whole wheat', 'wholegrain pasta']"
../foodsg-233\kway chap\ICKXOU3LFG3Z4AJAGMGOCJS2.jpg,kway chap,all,a6f11e70f9e042e6,"['kway chap', 'mee pok']"
../foodsg-233\mee pok\UGSOLPZ24QW5ZKBF3P2LRIDD.jpg,mee pok,all,a6f11e70f9e042e6,"['kway chap', 'mee pok']"
"../foodsg-233\Bee hoon, soto\GAH5JQRNJ9T86ALQY5I8X5B3.jpg","Bee hoon, soto",all,a7c09a37f52cd390,"['Bee hoon, soto', 'Mee soto', 'Soto ayam']"
../foodsg-233\Soto ayam\ZUJT54YU5UX89ZKKDZ1D1L0A.jpg,Soto ayam,all,a7c09a37f52cd390,"['Bee hoon, soto', 'Mee soto', 'Soto ayam']"
../foodsg-233\sliced fish soup\X0REMV0O39HS6KJEXYIII4R6.jpg,sliced fish soup,all,a7e1f09ac61e1b29,"['Seafood Noodles Soup', 'sliced fish soup']"
../foodsg-233\Seafood Noodles Soup\DL7ROIHJGZZ7AZFAR3OWZJM6.jpg,Seafood Noodles Soup,all,a7f0f887d0c4493e,"['Seafood Noodles Soup', 'sliced fish soup']"
../foodsg-233\sliced fish soup\U40PGXELCAJDYZ2YLI08S5NT.jpg,sliced fish soup,all,a7f0f887d0c4493e,"['Seafood Noodles Soup', 'sliced fish soup']"
../foodsg-233\bee hoon\Q6EUYZ6Z30O1E95JZXEX58LL.jpg,bee hoon,all,a81c94f24be7c794,"['bee hoon', 'Bee hoon, soto']"
"../foodsg-233\Bee hoon, soto\UFGE8UAD0TNWSUWT5YLIDTVZ.jpg","Bee hoon, soto",all,a81c94f24be7c794,"['bee hoon', 'Bee hoon, soto']"
../foodsg-233\bak chor mee\ZPMPKCFF56VFM5AJRNHBOTZY.jpg,bak chor mee,all,a847c14a6d2af5f4,"['bak chor mee', 'mee pok']"
../foodsg-233\mee pok\O2JSNTKF56M1G0AJRXAN312Z.jpg,mee pok,all,a847c14a6d2af5f4,"['bak chor mee', 'mee pok']"
"../foodsg-233\Bee hoon, goreng\SCXWIFUA5Z168E1ESDHZFH9Q.jpg","Bee hoon, goreng",all,a88fe087833d94f5,"['Bee hoon, goreng', 'satay bee hoon']"
../foodsg-233\satay bee hoon\CPFG34FKX0E1HPHA4TECST4P.jpg,satay bee hoon,all,a88fe087833d94f5,"['Bee hoon, goreng', 'satay bee hoon']"
../foodsg-233\cereal prawns\LMOKB1FUFTWXE3XGO5G9TITL.jpg,cereal prawns,all,a895855edb619a63,"['cereal prawns', 'fried prawn']"
../foodsg-233\fried prawn\Y6OQ9Q3ZUR0PNHR8XSBBOAYL.jpg,fried prawn,all,a895855edb619a63,"['cereal prawns', 'fried prawn']"
../foodsg-233\Chinese fritters\HWBCD9PIMRFC0GLN9IO52S97.jpg,Chinese fritters,all,a8a1fe9d05ce93a4,"['Chinese fritters', 'har cheong gai']"
../foodsg-233\har cheong gai\TBPMJU0DNGL48Y764AOP0QMY.jpg,har cheong gai,all,a8a1fe9d05ce93a4,"['Chinese fritters', 'har cheong gai']"
../foodsg-233\hokkien prawn mee\5N7Z5GL41IH5JHW48IIJD03S.jpg,hokkien prawn mee,all,a8a7b418d9dacd68,"['hokkien prawn mee', 'Prawn Noodle']"
../foodsg-233\Prawn Noodle\KOZ0EQLNUQG40A7FLGP3KJ7P.jpg,Prawn Noodle,all,a8a7b418d9dacd68,"['hokkien prawn mee', 'Prawn Noodle']"
../foodsg-233\egg tart\FAWP2W5KM86723H3KN62IUEV.jpg,egg tart,all,a8d727cb308b207f,"['egg tart', 'pineapple tarts']"
../foodsg-233\pineapple tarts\Y6R0C0PVFYSFHWFG0FD61K6I.jpg,pineapple tarts,all,a8d727cb308b207f,"['egg tart', 'pineapple tarts']"
"../foodsg-233\Bee hoon, soto\X1HRO70SUYL989YIEXSDHPO3.jpg","Bee hoon, soto",all,a9856e46646dd175,"['Bee hoon, soto', 'Soto ayam']"
../foodsg-233\Soto ayam\DVKDAU4CCD14GKD6H4YZ7PHV.jpg,Soto ayam,all,a9856e46646dd175,"['Bee hoon, soto', 'Soto ayam']"
../foodsg-233\Fried Noodles\SJYCU740KMSM708WIPLDQYLC.jpg,Fried Noodles,all,aa28d5f44ae868f5,"['Fried Noodles', 'wholegrain pasta']"
../foodsg-233\wholegrain pasta\F3MNMUUGIGKFXCDWMXM6KSNY.jpg,wholegrain pasta,all,aa28d5f44ae868f5,"['Fried Noodles', 'wholegrain pasta']"
../foodsg-233\lontong\1T8LWBYV7VS035VKOOVNWEHP.jpg,lontong,all,aa5b31081636fb3b,"['lontong', 'Lontong with sayur lodeh']"
../foodsg-233\Lontong with sayur lodeh\ASR9CPF16I1M52XF3GQ7JTDZ.jpg,Lontong with sayur lodeh,all,aa5b31081636fb3b,"['lontong', 'Lontong with sayur lodeh']"
../foodsg-233\bak chor mee\A8VBGS3N4IKUM2CRQJN51AUM.jpg,bak chor mee,all,aa708561d2979fcc,"['bak chor mee', 'Lor mee']"
../foodsg-233\Lor mee\HRIBGI2L23X5OZ6261U5FM9U.jpg,Lor mee,all,aa708561d2979fcc,"['bak chor mee', 'Lor mee']"
../foodsg-233\Kway Teow\0I0PFMS28LSBAAA6UCFS04DC.jpg,Kway Teow,all,aa84386aa45feaec,"['Bee hoon, goreng', 'Kway Teow']"
../foodsg-233\chai tow kuay\OHH5M21ROUABH4BV1CBKAXCH.jpg,chai tow kuay,all,aa9587d69942ed29,"['chai tow kuay', 'Kway Teow']"
../foodsg-233\Kway Teow\DTM3KU10V8OZT2EZASEN5IVM.jpg,Kway Teow,all,aa9587d69942ed29,"['chai tow kuay', 'Kway Teow']"
../foodsg-233\hokkien prawn mee\QQDW76YU7LI7RPCX00KUDLF5.jpg,hokkien prawn mee,all,aa95bd8ac391b41e,"['hokkien prawn mee', 'Prawn Noodle']"
../foodsg-233\Prawn Noodle\8WVCQTCPRIA1LUYEMP0DMLUG.jpg,Prawn Noodle,all,aa95bd8ac391b41e,"['hokkien prawn mee', 'Prawn Noodle']"
../foodsg-233\lontong\V9KX2IXSLJ1PI7XK9HL5CWU5.jpg,lontong,all,aaa6d1cbdcb2d023,"['lontong', 'Lontong with sayur lodeh']"
../foodsg-233\Mee soto\7HUQF16STPJUSVQNONPKPJAL.jpg,Mee soto,all,aaad8c949bd333c1,"['Mee soto', 'satay bee hoon']"
../foodsg-233\satay bee hoon\P3K6FGNCOI1MDFB27K0DIT3V.jpg,satay bee hoon,all,aaad8c949bd333c1,"['Mee soto', 'satay bee hoon']"
../foodsg-233\chicken soup\I4VJ6JUHA0BZ91WMSDWST3OS.jpg,chicken soup,all,aac0858f97169e1f,"['chicken soup', 'vegetable soup']"
../foodsg-233\vegetable soup\SN662Y2T0LDFLZNJ3SPMS3S9.jpg,vegetable soup,all,aac0858f97169e1f,"['chicken soup', 'vegetable soup']"
../foodsg-233\dumpling\V1ZT3Y8B0UH542ST7LGZOB54.jpg,dumpling,all,aacbd11f84b51f84,"['dumpling', 'Dumpling noodle soup']"
../foodsg-233\Dumpling noodle soup\T4MDPVXWDF3AFHD5X5IH3WN0.jpg,Dumpling noodle soup,all,aacbd11f84b51f84,"['dumpling', 'Dumpling noodle soup']"
../foodsg-233\bak chor mee\N56H5KSPJFPM2UZDCWKGF5KG.jpg,bak chor mee,all,aadac005b7e8896f,"['bak chor mee', 'mee pok']"
../foodsg-233\mee pok\8AKTIYVMUC6EF9EENQLCY0NM.jpg,mee pok,all,aadac005b7e8896f,"['bak chor mee', 'mee pok']"
../foodsg-233\Soto ayam\EAZ3CE1QP6LIBEQHOTPOCY76.jpg,Soto ayam,all,aade95e150c8cf85,"['Soto ayam', 'vegetarian bee hoon']"
../foodsg-233\vegetarian bee hoon\Q06WOY9WKB93P0UJYFPX5R89.jpg,vegetarian bee hoon,all,aade95e150c8cf85,"['Soto ayam', 'vegetarian bee hoon']"
../foodsg-233\sliced fish soup\HDVB04OADEJZMO05HPM5TIJ0.jpg,sliced fish soup,all,aae2aad9e1e6a1c2,"['Seafood Noodles Soup', 'sliced fish soup']"
../foodsg-233\Mee kuah\AG89PXRN9XD4479FYFIRQSS1.jpg,Mee kuah,all,aae494995b706fc4,"['Mee kuah', 'Mee rebus']"
../foodsg-233\Mee rebus\MQTVYE318379XGP6F5PHCQOE.jpg,Mee rebus,all,aae494995b706fc4,"['Mee kuah', 'Mee rebus']"
../foodsg-233\hokkien prawn mee\AFXS9D0GNBK40FS3YZ70OEYY.jpg,hokkien prawn mee,all,aae9e9c5a4939bc0,"['hokkien prawn mee', 'Prawn Noodle']"
../foodsg-233\Prawn Noodle\Q3W3X0W5V2GCVYHNXU68002V.jpg,Prawn Noodle,all,aae9e9c5a4939bc0,"['hokkien prawn mee', 'Prawn Noodle']"
../foodsg-233\meatball\UAILXVYN2EDI7XLDGHC2LOLX.jpg,meatball,all,aaea7bc2b2c3892a,"['meatball', 'vegetable soup']"
../foodsg-233\vegetable soup\OC4UDC6LQ1KYGEE2PL3NG03S.jpg,vegetable soup,all,aaea7bc2b2c3892a,"['meatball', 'vegetable soup']"
../foodsg-233\hokkien prawn mee\XBXPTXWY2BIAK3Q14W0KECB6.jpg,hokkien prawn mee,all,ab18b5cfb0a6a22d,"['hokkien prawn mee', 'Prawn Noodle']"
../foodsg-233\Prawn Noodle\LR84KARGYNIYXTOYYZMORG6Q.jpg,Prawn Noodle,all,ab18b5cfb0a6a22d,"['hokkien prawn mee', 'Prawn Noodle']"
../foodsg-233\Porridge\XK8WKXTAQJC19I7BRYLYVO4V.jpg,Porridge,all,ab43218bd1cdee34,"['Porridge', 'sliced fish soup']"
../foodsg-233\sliced fish soup\5SVQA747K4DTEQMPAOVK4NAU.jpg,sliced fish soup,all,ab43218bd1cdee34,"['Porridge', 'sliced fish soup']"
../foodsg-233\chai tow kuay\IVMSSJ0TWRZQXUMYZT94QMXB.jpg,chai tow kuay,all,ab82ac93fdc08fc8,"['chai tow kuay', 'rojak']"
../foodsg-233\rojak\ZCDUU28AOBFXEVF4M19WWT0H.jpg,rojak,all,ab82ac93fdc08fc8,"['chai tow kuay', 'rojak']"
../foodsg-233\bee hoon\DS0QMXH2E2XQ8BCLD8IQ92F8.jpg,bee hoon,all,ab91f59dd452c458,"['bee hoon', 'vegetarian bee hoon']"
../foodsg-233\vegetarian bee hoon\X1RUYNP20VD66RWV60INYU7U.jpg,vegetarian bee hoon,all,ab91f59dd452c458,"['bee hoon', 'vegetarian bee hoon']"
../foodsg-233\bee hoon\3JIYY9N69Q9NJ01CC06XFV3V.jpg,bee hoon,all,ab98650ca6363c7b,"['bee hoon', 'satay bee hoon']"
../foodsg-233\satay bee hoon\7CVQ710AU48X9ZMVZD4EOIXY.jpg,satay bee hoon,all,ab98650ca6363c7b,"['bee hoon', 'satay bee hoon']"
../foodsg-233\kaya toast\SP9O5DB45LSFIMUM1RUHZ7FZ.jpg,kaya toast,all,aba5bc58108f96c7,"['kaya toast', 'Soft boiled eggs']"
../foodsg-233\Soft boiled eggs\R66VIIYQNFUNNFA3PLZBH1HT.jpg,Soft boiled eggs,all,aba5bc58108f96c7,"['kaya toast', 'Soft boiled eggs']"
../foodsg-233\vegetarian bee hoon\DP3Y53I2UEXWLI6J9G819KL6.jpg,vegetarian bee hoon,all,abb5d1a55432855e,"['bee hoon', 'Bee hoon, goreng', 'Mee siam, fried', 'vegetarian bee hoon']"
../foodsg-233\vegetarian bee hoon\Z0KW2515QYJ1PWMC8NYBZRGU.jpg,vegetarian bee hoon,all,abb5d1a55432855e,"['bee hoon', 'Bee hoon, goreng', 'Mee siam, fried', 'vegetarian bee hoon']"
../foodsg-233\mushroom soup\44IB0OQ9RQLVII9AX9MXY1XC.jpg,mushroom soup,all,abc2c0393dd992b6,"['cream soup', 'mushroom soup']"
../foodsg-233\mushroom soup\UIOX4YJBJROUF4924J7Q6QLU.jpg,mushroom soup,all,abc2c0393dd992b6,"['cream soup', 'mushroom soup']"
"../foodsg-233\Bee hoon, soto\8CH3HR1XXFEGOHURID5W1U0E.jpg","Bee hoon, soto",all,abd4f45a144b426f,"['Bee hoon, soto', 'begedil', 'Mee soto']"
../foodsg-233\begedil\6JOELGUTYWNU7RFX94NQUG0H.jpg,begedil,all,abd4f45a144b426f,"['Bee hoon, soto', 'begedil', 'Mee soto']"
../foodsg-233\Mee soto\VK2ZT3XP7CTCS33UXC56HHT4.jpg,Mee soto,all,abd4f45a144b426f,"['Bee hoon, soto', 'begedil', 'Mee soto']"
"../foodsg-233\Bee hoon, goreng\17G1KZ5Z5UT6YRFJLA966G9V.jpg","Bee hoon, goreng",all,abddf408d168c07b,"['Bee hoon, goreng', 'Mee siam, fried']"
"../foodsg-233\Mee siam, fried\2EJGHBG9NUEAXCFMBBBO7F4R.jpg","Mee siam, fried",all,abddf408d168c07b,"['Bee hoon, goreng', 'Mee siam, fried']"
../foodsg-233\Mee rebus\JNTPM5RH03UUJTFRG9TBW79Q.jpg,Mee rebus,all,abe195a5c09fc46a,"['Bee hoon, soto', 'Mee kuah', 'Mee rebus']"
../foodsg-233\bee hoon\KYVAOVVR3ZBJH1EQZNCVPSJG.jpg,bee hoon,all,abf0851fc632922f,"['bee hoon', 'Bee hoon, goreng']"
"../foodsg-233\Bee hoon, goreng\QVE3W3U6O26PHO75MQGFV4UP.jpg","Bee hoon, goreng",all,abf0851fc632922f,"['bee hoon', 'Bee hoon, goreng']"
../foodsg-233\bak chor mee\PIG65CDC1NEQTLY38WIO05TR.jpg,bak chor mee,all,ac190f1d9c7ab872,"['bak chor mee', 'Fish Ball Noodles']"
../foodsg-233\Fish Ball Noodles\KHTRAYLA6S2F4DH7B2SMK65L.jpg,Fish Ball Noodles,all,ac190f1d9c7ab872,"['bak chor mee', 'Fish Ball Noodles']"
../foodsg-233\char siew pau\IEUPUVWH4QZNFD6W7QWSRZ5F.jpg,char siew pau,all,ac2f60b827859d5d,"['char siew pau', 'steamed buns']"
../foodsg-233\steamed buns\U5UYGPJKHK6GO0DRKJOLA1DP.jpg,steamed buns,all,ac2f60b827859d5d,"['char siew pau', 'steamed buns']"
"../foodsg-233\Miso ramen, with fishcake\RE2W1J9UM8QMD92B9UESYDT0.jpg","Miso ramen, with fishcake",all,ac92f4c5c71e487c,"['Miso ramen, with fishcake', 'Udon']"
../foodsg-233\Udon\LA170W0V49MWVEY4YMKL3AR2.jpg,Udon,all,ac92f4c5c71e487c,"['Miso ramen, with fishcake', 'Udon']"
../foodsg-233\Mee siam\CYDV6P54J5GAS1L2NLT6VIT1.jpg,Mee siam,all,ac9b836db8e29196,"['Mee siam', 'Mee siam, fried']"
"../foodsg-233\Mee siam, fried\T2FIRV55XY3BS10VZZ8LU4R5.jpg","Mee siam, fried",all,ac9b836db8e29196,"['Mee siam', 'Mee siam, fried']"
"../foodsg-233\Bee hoon, soto\ZEUG8LAK2Q2QTJOEXIXOXJV2.jpg","Bee hoon, soto",all,acb2d4404b27ddec,"['Bee hoon, soto', 'Soto ayam']"
../foodsg-233\Soto ayam\U3C8T764JG42X5LA4MN9XJXC.jpg,Soto ayam,all,acb2d4404b27ddec,"['Bee hoon, soto', 'Soto ayam']"
../foodsg-233\kaya toast\2DXPP0M5GLFQ85E1829W0VMQ.jpg,kaya toast,all,acc34b39c7343c93,"['kaya toast', 'Kopi Teh Milo']"
../foodsg-233\Kopi Teh Milo\RPTX3FU91N513WF883BA5OIV.jpg,Kopi Teh Milo,all,acc34b39c7343c93,"['kaya toast', 'Kopi Teh Milo']"
../foodsg-233\lontong\GJZE6BMDAQK4OKIYQ1CNMKTQ.jpg,lontong,all,acdad159db648e28,"['lontong', 'Lontong with sayur lodeh']"
../foodsg-233\Lontong with sayur lodeh\SKJG5T5QWUAFH5PMRA7QPSY7.jpg,Lontong with sayur lodeh,all,acdad159db648e28,"['lontong', 'Lontong with sayur lodeh']"
../foodsg-233\kueh lapis - rainbow\JQBMQ6IOT1OCDHKZKZXYPQ1X.jpg,kueh lapis - rainbow,all,ace4eca96c69cc91,"['kueh lapis - rainbow', 'Pung Kueh']"
../foodsg-233\Pung Kueh\6NXU6ZD62C0G6PNXTJYDBV5O.jpg,Pung Kueh,all,ace4eca96c69cc91,"['kueh lapis - rainbow', 'Pung Kueh']"
../foodsg-233\Kway Teow\095XTD486MUW5AYKDT4ZHZLD.jpg,Kway Teow,all,aceee35994720e29,"['Kway Teow', 'Mee siam, fried']"
"../foodsg-233\Mee siam, fried\5MQRDNLBK3PHF2S48STQOL17.jpg","Mee siam, fried",all,aceee35994720e29,"['Kway Teow', 'Mee siam, fried']"
../foodsg-233\Lontong with sayur lodeh\IQOH3R8JBEF5QE9867ANY094.jpg,Lontong with sayur lodeh,all,ad0fb733971a84c8,"['lontong', 'Lontong with sayur lodeh']"
../foodsg-233\kway chap\8YEDJ8OK1QFXYK98JDVCQVCA.jpg,kway chap,all,ad35c1d03e4dd13a,"['Duck Rice', 'kway chap']"
../foodsg-233\lontong\X7B1EYYOE4U4E0DM55JVVMR9.jpg,lontong,all,ad44c5864b167abb,"['lontong', 'Lontong with sayur lodeh']"
../foodsg-233\Lontong with sayur lodeh\N5JTWHP5GXQ4QWSOFAY26BAC.jpg,Lontong with sayur lodeh,all,ad44c5864b167abb,"['lontong', 'Lontong with sayur lodeh']"
"../foodsg-233\Bee hoon, goreng\7VNCY480NMV2BBO39THIXNRW.jpg","Bee hoon, goreng",all,ad4b144a1a2d7b75,"['Bee hoon, goreng', 'vegetarian bee hoon']"
../foodsg-233\vegetarian bee hoon\PDKZW295VMZJVGDXWI1RZNG6.jpg,vegetarian bee hoon,all,ad4b144a1a2d7b75,"['Bee hoon, goreng', 'vegetarian bee hoon']"
../foodsg-233\Fruit juice\OGGAAP0FIY2A24GA1Z9R3YTQ.jpg,Fruit juice,all,ad839af8c04739dc,"['Fruit juice', 'orange']"
../foodsg-233\orange\1G2JX3NS000AGX5KZKVL73F2.jpg,orange,all,ad839af8c04739dc,"['Fruit juice', 'orange']"
../foodsg-233\Chinese fritters\LISRWC0L34X0Q71JNY0P83T8.jpg,Chinese fritters,all,adbed230c0e689f2,"['Chinese fritters', 'rojak']"
../foodsg-233\rojak\QUW2XO3JH3AZM43C2TY7PKNS.jpg,rojak,all,adbed230c0e689f2,"['Chinese fritters', 'rojak']"
../foodsg-233\Macaroni\QVO11A4U3B39O73QDMZ51915.jpg,Macaroni,all,add0881fb6de106b,"['Macaroni', 'satay']"
../foodsg-233\satay\MDIHGQJ71Z35FYKQIGG1JDZJ.jpg,satay,all,add0881fb6de106b,"['Macaroni', 'satay']"
../foodsg-233\Mee bandung\KK0VDJ6OKCJ3ZTN4WOZTRN0I.jpg,Mee bandung,all,add1cea4d1c5508f,"['Mee bandung', 'Mee rebus']"
../foodsg-233\Mee rebus\ZVIEEF0195SLP8ND9VONOXXT.jpg,Mee rebus,all,add1cea4d1c5508f,"['Mee bandung', 'Mee rebus']"
../foodsg-233\bee hoon\90QS9UXE108ED5RBRZ0TICFR.jpg,bee hoon,all,ae04947c5e6d65e4,"['bee hoon', 'Bee hoon, goreng']"
"../foodsg-233\Bee hoon, goreng\1OV1TY4LF6309F72H1J9SW0I.jpg","Bee hoon, goreng",all,ae04947c5e6d65e4,"['bee hoon', 'Bee hoon, goreng']"
"../foodsg-233\Bee hoon, soto\WW3UJWR1VTHXO6H38HDFGUR1.jpg","Bee hoon, soto",all,ae4505ea4f446e8f,"['Bee hoon, soto', 'Soto ayam']"
../foodsg-233\Soto ayam\GAD3F71XENJIY1C331ML4G3D.jpg,Soto ayam,all,ae4505ea4f446e8f,"['Bee hoon, soto', 'Soto ayam']"
../foodsg-233\bak chor mee\LEZ17LHPE36ZA3V9T44HKF2Z.jpg,bak chor mee,all,ae71a19ac54d9659,"['bak chor mee', 'Wanton mee, dry']"
"../foodsg-233\Wanton mee, dry\UCZD5HHC87RQJDNRW7T8C9ZT.jpg","Wanton mee, dry",all,ae71a19ac54d9659,"['bak chor mee', 'Wanton mee, dry']"
../foodsg-233\cream soup\HOO6GPT8DUVXL8QBLW2U4EEJ.jpg,cream soup,all,ae8ee17cd2c0c8cb,"['cream soup', 'mushroom soup']"
../foodsg-233\mushroom soup\BSLT3KOOTUFO7HWAR2ZT0ZR9.jpg,mushroom soup,all,ae8ee17cd2c0c8cb,"['cream soup', 'mushroom soup']"
../foodsg-233\chicken soup\4BRJCDR18PE3KAWAO6ZZBCT9.jpg,chicken soup,all,ae948b9478eae4d1,"['chicken soup', 'Macaroni']"
../foodsg-233\Macaroni\3SRIDGHNFGHV5FYV9VU8MEW2.jpg,Macaroni,all,ae948b9478eae4d1,"['chicken soup', 'Macaroni']"
"../foodsg-233\Bee hoon, goreng\5F3IQDB97ZP3OKJS6EIUEVG4.jpg","Bee hoon, goreng",all,ae94d04fd22d9b70,"['Bee hoon, goreng', 'fried rice']"
../foodsg-233\fried rice\FDDW4I5DGUMWT9GJI2ACD02D.jpg,fried rice,all,ae94d04fd22d9b70,"['Bee hoon, goreng', 'fried rice']"
../foodsg-233\Mee soto\6MYWTL8OJ20NTOMY48VN0188.jpg,Mee soto,all,ae95d556454a7362,"['Bee hoon, soto', 'Mee rebus', 'Mee soto']"
../foodsg-233\hokkien prawn mee\LSRL0UT24BZUMU3V7V32MUPG.jpg,hokkien prawn mee,all,aea995d6c22ee12c,"['hokkien prawn mee', 'Prawn Noodle']"
../foodsg-233\Prawn Noodle\SZ3ESV0DX7SYT5JWQV838HV5.jpg,Prawn Noodle,all,aea995d6c22ee12c,"['hokkien prawn mee', 'Prawn Noodle']"
../foodsg-233\Chinese fritters\0LRUH7L6YIKX2UYRASHBF83V.jpg,Chinese fritters,all,aeaece94aed89248,"['Chinese fritters', 'Tauhu Goreng']"
../foodsg-233\Tauhu Goreng\AR75JHHLM42BKOPVGK72VZIB.jpg,Tauhu Goreng,all,aeaece94aed89248,"['Chinese fritters', 'Tauhu Goreng']"
../foodsg-233\Mee siam\CQQHMKS8M4X8AZAUP0Z8EX69.jpg,Mee siam,all,aeb9a5c4d266d829,"['Mee siam', 'Mee siam, fried']"
"../foodsg-233\Mee siam, fried\JN3L6A02J7YPR487VHGPLNP2.jpg","Mee siam, fried",all,aeb9a5c4d266d829,"['Mee siam', 'Mee siam, fried']"
../foodsg-233\Mee bandung\2H76WUJKVM7OE0NHWMLN4XHR.jpg,Mee bandung,all,aec1d54e033bcf21,"['Mee bandung', 'Mee rebus']"
../foodsg-233\Mee rebus\SP1INZWCNQCSHCETJRSM3EYB.jpg,Mee rebus,all,aec1d54e033bcf21,"['Mee bandung', 'Mee rebus']"
../foodsg-233\chicken soup\U62EQ87ZP2DBNSDWXQ88IO0W.jpg,chicken soup,all,aed681d31ec86c33,"['chicken soup', 'cream soup']"
../foodsg-233\cream soup\LE7IYHPMPZZ56LVPW57VQYIL.jpg,cream soup,all,aed681d31ec86c33,"['chicken soup', 'cream soup']"
"../foodsg-233\Bee hoon, soto\XBLA0ZM1XJI7K5ZAAKFIGBHS.jpg","Bee hoon, soto",all,aee095a0ff83d503,"['Bee hoon, soto', 'Seafood Noodles Soup']"
../foodsg-233\Seafood Noodles Soup\YMXB9LRTI9VUOV7G10XC81Q3.jpg,Seafood Noodles Soup,all,aee095a0ff83d503,"['Bee hoon, soto', 'Seafood Noodles Soup']"
../foodsg-233\Mee rebus\N2R4ZTBLB1BOVGZ25PDUQ4SK.jpg,Mee rebus,all,af15d478c3e29a8c,"['Mee bandung', 'Mee rebus']"
../foodsg-233\Dumpling noodle soup\Q799LMUIGSKD0RWKKWFB3EFR.jpg,Dumpling noodle soup,all,af2765d4909c989b,"['Dumpling noodle soup', 'sliced fish soup']"
../foodsg-233\sliced fish soup\ORDVFAJA1CFYVETWVITOOGJM.jpg,sliced fish soup,all,af2765d4909c989b,"['Dumpling noodle soup', 'sliced fish soup']"
"../foodsg-233\Bee hoon, goreng\20XZTLNGNS0SU5LFSFCZU8KD.jpg","Bee hoon, goreng",all,af3c103ea771422f,"['Bee hoon, goreng', 'fried chicken']"
../foodsg-233\fried chicken\E3A1I98ZYMRZ9K6LFP0N9JMJ.jpg,fried chicken,all,af3c103ea771422f,"['Bee hoon, goreng', 'fried chicken']"
../foodsg-233\bee hoon\6K4QOGI2CCA9KM7JFKGYTJA3.jpg,bee hoon,all,af84d49b916bd360,"['bee hoon', 'vegetarian bee hoon']"
../foodsg-233\vegetarian bee hoon\V87GK270S9RJ70PCONN4WRWG.jpg,vegetarian bee hoon,all,af84d49b916bd360,"['bee hoon', 'vegetarian bee hoon']"
../foodsg-233\Grapefruit\TVCDOA6428C6H0XQCD72IAKW.jpg,Grapefruit,all,af88a294d4d2eb9a,"['Grapefruit', 'Pomelo']"
../foodsg-233\Pomelo\BBO48VX2SJNOTLC4RRHR5VFF.jpg,Pomelo,all,af88a294d4d2eb9a,"['Grapefruit', 'Pomelo']"
../foodsg-233\bak chor mee\QWJF5B98O98261M448W7B5BN.jpg,bak chor mee,all,af95d493709309ce,"['bak chor mee', 'Wanton mee, dry']"
"../foodsg-233\Wanton mee, dry\C70MS1T42R1GS8KB6HLDR7XH.jpg","Wanton mee, dry",all,af95d493709309ce,"['bak chor mee', 'Wanton mee, dry']"
../foodsg-233\fried chicken\N7XOWGJ8M3CRPZNUVOK8K0SL.jpg,fried chicken,all,afc0d44b833db50b,"['fried chicken', 'fried prawn']"
../foodsg-233\fried prawn\SY22FNA7JW2U0UK5TS2B1SJE.jpg,fried prawn,all,afc0d44b833db50b,"['fried chicken', 'fried prawn']"
../foodsg-233\Soto ayam\6HLEASKMOILFFGIGKBHX8B7N.jpg,Soto ayam,all,afc0f50bd23583cc,"['Bee hoon, soto', 'Mee soto', 'Soto ayam']"
../foodsg-233\tortilla - plain\VWG1N0JT6ZBBD55LHSDRMMQG.jpg,tortilla - plain,all,afc22b85b09ce7d0,"['tortilla - plain', 'Wholegrain Wrap']"
../foodsg-233\Wholegrain Wrap\WD7KWLO42KJMAIW5BZ7WMFA8.jpg,Wholegrain Wrap,all,afc22b85b09ce7d0,"['tortilla - plain', 'Wholegrain Wrap']"
"../foodsg-233\Bee hoon, goreng\70L33FV0DNS78J8C25CFZCX2.jpg","Bee hoon, goreng",all,afc600e0eff1f0d0,"['Bee hoon, goreng', 'Mee siam, fried']"
"../foodsg-233\Mee siam, fried\6L545614TFX3R5MWC4VLXA62.jpg","Mee siam, fried",all,afc600e0eff1f0d0,"['Bee hoon, goreng', 'Mee siam, fried']"
../foodsg-233\lontong\Z7YVT82NHTCVSHY17WPD6UYB.jpg,lontong,all,afc880d71f6a6781,"['lontong', 'Lontong with sayur lodeh']"
../foodsg-233\bak chor mee\TZNS0AHI5FQV8PKFJFHFCOAK.jpg,bak chor mee,all,afe01fe3146f5068,"['bak chor mee', 'mee pok']"
../foodsg-233\mee pok\ZK8VZIAQ5A864IKXZ88MWWHE.jpg,mee pok,all,afe01fe3146f5068,"['bak chor mee', 'mee pok']"
../foodsg-233\tortilla - plain\262UL7Z89XSKZJ4KKGKNG4UO.jpg,tortilla - plain,all,aff584431de0ace2,"['tortilla - plain', 'Wholegrain Wrap']"
../foodsg-233\Wholegrain Wrap\A6ONGM2ZXFS9HMAAJCCQQ9JM.jpg,Wholegrain Wrap,all,aff584431de0ace2,"['tortilla - plain', 'Wholegrain Wrap']"
../foodsg-233\canned Fruit salad\H7XEHQ1HQRDGNQZXSV87P82S.jpg,canned Fruit salad,all,b01f92288f72eab3,"['canned Fruit salad', 'pineapple']"
../foodsg-233\pineapple\RU4AO9ECFNHBY79SHM57DXIX.jpg,pineapple,all,b01f92288f72eab3,"['canned Fruit salad', 'pineapple']"
../foodsg-233\pancake\1STW1EDH2FRDO3ABRL13ROKV.jpg,pancake,all,b07149c45ffb1c94,"['pancake', 'waffle']"
../foodsg-233\waffle\FKT8RYWE12VFBA197ONKGU7S.jpg,waffle,all,b07149c45ffb1c94,"['pancake', 'waffle']"
../foodsg-233\lontong\3WBPUB45ZWDK2PGUUE4PL0SL.jpg,lontong,all,b094cfc33135e3cc,"['lontong', 'Lontong with sayur lodeh']"
../foodsg-233\Lontong with sayur lodeh\6E8BG0JP6139XS1QW84M88YV.jpg,Lontong with sayur lodeh,all,b094cfc33135e3cc,"['lontong', 'Lontong with sayur lodeh']"
../foodsg-233\Mee siam\R1JCQ6L93NPI0U9MIBAW6PKS.jpg,Mee siam,all,b0969bb8d5d07ac4,"['Mee siam', 'Mee siam, fried']"
"../foodsg-233\Mee siam, fried\E04OBSTGZK4U2YL2BXUGV05V.jpg","Mee siam, fried",all,b0969bb8d5d07ac4,"['Mee siam', 'Mee siam, fried']"
../foodsg-233\Mee soto\V2YI5XXK6FNKUEBQPNIIVCNE.jpg,Mee soto,all,b0df8d4e56629643,"['Mee soto', 'Soto ayam']"
../foodsg-233\Soto ayam\KZJ214UVUJLVKLSPVD2BTM1Z.jpg,Soto ayam,all,b0df8d4e56629643,"['Mee soto', 'Soto ayam']"
../foodsg-233\bee hoon\K8Q40OXBP6TNQELL933JYFH8.jpg,bee hoon,all,b123d079c88e3db9,"['bee hoon', 'Seafood Noodles Soup']"
../foodsg-233\Seafood Noodles Soup\Q09YRFDDN4DVJ9NKBK7OHQZC.jpg,Seafood Noodles Soup,all,b123d079c88e3db9,"['bee hoon', 'Seafood Noodles Soup']"
../foodsg-233\Seafood Noodles Soup\RVS2R57WQCA59TLLI9IA2MV4.jpg,Seafood Noodles Soup,all,b123d079c88e3db9,"['bee hoon', 'Seafood Noodles Soup']"
../foodsg-233\lontong\DRRFBZWDNU1QHE35JGI0AAEK.jpg,lontong,all,b140998f7479cc7c,"['lontong', 'Lontong with sayur lodeh']"
../foodsg-233\Lontong with sayur lodeh\I19FLEX3SSP6HBKYX5CHQDPL.jpg,Lontong with sayur lodeh,all,b140998f7479cc7c,"['lontong', 'Lontong with sayur lodeh']"
../foodsg-233\Mee goreng\K8P1PC1DCFQ1YILW4SN27FCP.jpg,Mee goreng,all,b1639714ccc364cf,"['Mee goreng', 'Mee siam, fried']"
"../foodsg-233\Mee siam, fried\NXVZYNHQ1VMBA2ND8PA4X1NU.jpg","Mee siam, fried",all,b1639714ccc364cf,"['Mee goreng', 'Mee siam, fried']"
../foodsg-233\kway chap\CD03RGU139B0MA45LQEPA8EH.jpg,kway chap,all,b1829e6968d6659e,"['kway chap', 'Kway Teow']"
../foodsg-233\Kway Teow\EAPCFJ7H2QMDWM8CUZIP2KM0.jpg,Kway Teow,all,b1829e6968d6659e,"['kway chap', 'Kway Teow']"
../foodsg-233\Mee soto\CDKTL2QY88IOJQOVTBIAWRMD.jpg,Mee soto,all,b1d3432596d8cb3c,"['Mee soto', 'Soto ayam']"
../foodsg-233\Soto ayam\KDU1G9A2B7T210YE7OM7DZ0C.jpg,Soto ayam,all,b1d3432596d8cb3c,"['Mee soto', 'Soto ayam']"
../foodsg-233\lontong\JW192EP98WPMLLDZIIGXXPL5.jpg,lontong,all,b20d063c5f7b5a32,"['lontong', 'Lontong with sayur lodeh']"
../foodsg-233\Lontong with sayur lodeh\AULNPUQHLBJFMJOSVG9QE1ID.jpg,Lontong with sayur lodeh,all,b20d063c5f7b5a32,"['lontong', 'Lontong with sayur lodeh']"
../foodsg-233\cream soup\L13WTVF1L30CSAN1IGPEA7I5.jpg,cream soup,all,b2623fa3f2c6da10,"['cream soup', 'mushroom soup']"
../foodsg-233\mushroom soup\QDKJ05QDO18PHORLMPS0W9VZ.jpg,mushroom soup,all,b2623fa3f2c6da10,"['cream soup', 'mushroom soup']"
"../foodsg-233\Chap chye, Nonya\6BYXGMMTD04RJNUROOAPG8GZ.jpg","Chap chye, Nonya",all,b28e46b8e578d18b,"['Chap chye, Nonya', 'Mee siam', 'Mee siam, fried']"
../foodsg-233\Grapefruit\HSKHEMMUHZESF7TFY9RB43SO.jpg,Grapefruit,all,b29ed9c98d7c2099,"['Grapefruit', 'Pomelo']"
../foodsg-233\Pomelo\MHFE27S55A59I8FNNASBZTAL.jpg,Pomelo,all,b29ed9c98d7c2099,"['Grapefruit', 'Pomelo']"
../foodsg-233\ayam penyet\I18O83XIL4DZA53X3E3XE9E4.jpg,ayam penyet,all,b2c15b6c9d889796,"['ayam penyet', 'chwee kueh']"
../foodsg-233\chwee kueh\ZHMUAA3NUR7KEVFR697BG6RJ.jpg,chwee kueh,all,b2c15b6c9d889796,"['ayam penyet', 'chwee kueh']"
../foodsg-233\bee hoon\4C4Z8RGNHFQN4CQRYS3D7367.jpg,bee hoon,all,b2d185f67a5921b2,"['bee hoon', 'vegetarian bee hoon']"
../foodsg-233\bee hoon\J27CNPP9HT5L52KA3QSOLV3K.jpg,bee hoon,all,b2d185f67a5921b2,"['bee hoon', 'vegetarian bee hoon']"
../foodsg-233\vegetarian bee hoon\CXHYOHRIWSE2BVQZT31PGVMZ.jpg,vegetarian bee hoon,all,b2d185f67a5921b2,"['bee hoon', 'vegetarian bee hoon']"
../foodsg-233\vegetarian bee hoon\HMS59MPGMHM0NOIY2TLII15F.jpg,vegetarian bee hoon,all,b2d185f67a5921b2,"['bee hoon', 'vegetarian bee hoon']"
"../foodsg-233\Bee hoon, soto\C3AY7ACHUEKU7518FEWPYRTT.jpg","Bee hoon, soto",all,b2d5cf2a8452369d,"['Bee hoon, soto', 'Soto ayam']"
../foodsg-233\Soto ayam\H32147Y65PQ396VS0X7SNP7B.jpg,Soto ayam,all,b2d5cf2a8452369d,"['Bee hoon, soto', 'Soto ayam']"
../foodsg-233\Soto ayam\QI59B2PHNM96TCFIU1Z2ERFZ.jpg,Soto ayam,all,b2d5cf2a8452369d,"['Bee hoon, soto', 'Soto ayam']"
../foodsg-233\Seafood Noodles Soup\IV88U3YTH0GTSIDVALQ7F4F4.jpg,Seafood Noodles Soup,all,b38cc3f434d1ca33,"['Seafood Noodles Soup', 'sliced fish soup']"
../foodsg-233\sliced fish soup\M9LYV8TNLY8KCKCIYUZDFY6O.jpg,sliced fish soup,all,b38cc3f434d1ca33,"['Seafood Noodles Soup', 'sliced fish soup']"
../foodsg-233\Fruit juice\XBYX8M3AY94DX1SH6T0BVZ05.jpg,Fruit juice,all,b3cccb30cd32cc99,"['Fruit juice', 'orange']"
"../foodsg-233\Bee hoon, goreng\820JDZYD9TTRJB1GHS7QTM5L.jpg","Bee hoon, goreng",all,b3d5d3d0ad808e8b,"['Bee hoon, goreng', 'Seafood Noodles Soup']"
../foodsg-233\Seafood Noodles Soup\9VVKTWAYDL2IUT66XZZIZ2HI.jpg,Seafood Noodles Soup,all,b3d5d3d0ad808e8b,"['Bee hoon, goreng', 'Seafood Noodles Soup']"
"../foodsg-233\Bee hoon, goreng\HSQLEQI0EC82DRI7Z61DMO0Z.jpg","Bee hoon, goreng",all,b41d9b7899a097a5,"['Bee hoon, goreng', 'Mee siam']"
../foodsg-233\Mee siam\A4APC2WM2UZ9BDA7711CMGA7.jpg,Mee siam,all,b41d9b7899a097a5,"['Bee hoon, goreng', 'Mee siam']"
"../foodsg-233\Bee hoon, soto\I1A4RZOB35G49TQ5U8A71M0H.jpg","Bee hoon, soto",all,b420d175cac6cf3a,"['Bee hoon, soto', 'Seafood Noodles Soup']"
../foodsg-233\Seafood Noodles Soup\LSLMQ5F4MQHQJP3O20I5R07H.jpg,Seafood Noodles Soup,all,b420d175cac6cf3a,"['Bee hoon, soto', 'Seafood Noodles Soup']"
../foodsg-233\lontong\UCCJ46LQOL9RUK1139724PL8.jpg,lontong,all,b424071ef97a7869,"['lontong', 'Lontong with sayur lodeh']"
../foodsg-233\Lontong with sayur lodeh\7X0FIPPO5FTGZI4BO92X8RGD.jpg,Lontong with sayur lodeh,all,b424071ef97a7869,"['lontong', 'Lontong with sayur lodeh']"
../foodsg-233\Chocolate\E4HTWN5O5CON344O8H6EWM3I.jpg,Chocolate,all,b439cf0d69cd3924,"['Chocolate', 'Sweets']"
../foodsg-233\Sweets\ZOHB2YE16C3L04K114GZCOVH.jpg,Sweets,all,b439cf0d69cd3924,"['Chocolate', 'Sweets']"
"../foodsg-233\Miso ramen, with fishcake\1TE2UP5CHTNPLS4PZ6ZMTOW0.jpg","Miso ramen, with fishcake",all,b43c7c7c78ca4989,"['Miso ramen, with fishcake', 'sliced fish soup']"
../foodsg-233\sliced fish soup\09Y35NM49KHF4C68T14ANFO3.jpg,sliced fish soup,all,b43c7c7c78ca4989,"['Miso ramen, with fishcake', 'sliced fish soup']"
../foodsg-233\Mee bandung\2S84IZULN0R8OOQQ9R818TEV.jpg,Mee bandung,all,b4cec164923e4e79,"['Mee bandung', 'Mee rebus']"
../foodsg-233\Mee rebus\72YUTRY6B3YTH1YCQ0OSDIGD.jpg,Mee rebus,all,b4cec164923e4e79,"['Mee bandung', 'Mee rebus']"
../foodsg-233\Ban Mian\6WWFJFZPEAX42PMQ51ZT07XJ.jpg,Ban Mian,all,b4d6323160da2fe9,"['Ban Mian', 'beef noodle soup']"
../foodsg-233\beef noodle soup\0PC2LEL5NIUBU9MIDM0S7YTE.jpg,beef noodle soup,all,b4d6323160da2fe9,"['Ban Mian', 'beef noodle soup']"
../foodsg-233\Avocados\OGREIKT4XKSBLZI6A6V1V201.jpg,Avocados,all,b4e9e996d2198d25,"['Avocados', 'tacos and nachos']"
../foodsg-233\tacos and nachos\ERLP229CO76ID5B9N6S90I6J.jpg,tacos and nachos,all,b4e9e996d2198d25,"['Avocados', 'tacos and nachos']"
../foodsg-233\Mee soto\Q6Q4ISMTHOI7HLEUX0BWS6SH.jpg,Mee soto,all,b504da4bd23b4a1f,"['Mee soto', 'Soto ayam']"
../foodsg-233\Soto ayam\77R0KIXJOODI6DZY18M62T5V.jpg,Soto ayam,all,b504da4bd23b4a1f,"['Mee soto', 'Soto ayam']"
../foodsg-233\bee hoon\78OTX69HIYQQB6QK5FDZIWVY.jpg,bee hoon,all,b5394a45874e98cf,"['bee hoon', 'satay bee hoon']"
../foodsg-233\satay bee hoon\689DWP9L88IT2QGNHXUO711E.jpg,satay bee hoon,all,b5394a45874e98cf,"['bee hoon', 'satay bee hoon']"
../foodsg-233\satay bee hoon\POG4DOCTLPG9TOS6GQZYVW1D.jpg,satay bee hoon,all,b5394a45874e98cf,"['bee hoon', 'satay bee hoon']"
../foodsg-233\Seafood Noodles Soup\FMLJNZYT5HG03I748CXP6GZ5.jpg,Seafood Noodles Soup,all,b542c49bd14f456e,"['Seafood Noodles Soup', 'vegetarian bee hoon']"
../foodsg-233\vegetarian bee hoon\SSGYE5JM28INEDKEZ0CXTTPB.jpg,vegetarian bee hoon,all,b542c49bd14f456e,"['Seafood Noodles Soup', 'vegetarian bee hoon']"
../foodsg-233\Mee siam\LZM0WYODKEHJCJVECXAM9EEH.jpg,Mee siam,all,b5abd0f5424446de,"['Mee siam', 'Mee siam, fried']"
"../foodsg-233\Mee siam, fried\60PQ22R0OHMGQ05SXOD4YR53.jpg","Mee siam, fried",all,b5abd0f5424446de,"['Mee siam', 'Mee siam, fried']"
"../foodsg-233\Mee siam, fried\D4D9G2JL6TT6RJ9J6IEGOEEL.jpg","Mee siam, fried",all,b5abd0f5424446de,"['Mee siam', 'Mee siam, fried']"
../foodsg-233\Mee rebus\PKCQNTE752T7R7MRWNE3FMPL.jpg,Mee rebus,all,b5b5f7ca40522b85,"['Mee bandung', 'Mee rebus']"
../foodsg-233\Mee rebus\QC4MH1CIJ6RJBBDF85HMU11I.jpg,Mee rebus,all,b5b5f7ca40522b85,"['Mee bandung', 'Mee rebus']"
../foodsg-233\fried chicken\5G335Q0KDKN87TTCJLMGU7VZ.jpg,fried chicken,all,b5c0d04f6325dc1f,"['fried chicken', 'har cheong gai']"
../foodsg-233\har cheong gai\XUY1UVD0L1RWOFUMA7QTKVXC.jpg,har cheong gai,all,b5c0d04f6325dc1f,"['fried chicken', 'har cheong gai']"
../foodsg-233\cheese fries\7M556KN00EM2PBQ7MHMF5ASN.jpg,cheese fries,all,b5caa75988c523d9,"['cheese fries', 'french fries']"
../foodsg-233\french fries\Y4UFYEQNAUHZTK66AJO73QMY.jpg,french fries,all,b5caa75988c523d9,"['cheese fries', 'french fries']"
../foodsg-233\chai tow kuay\T2O6LRBNRJ7MCCE1EID5TI7U.jpg,chai tow kuay,all,b5d5402d7e87d80e,"['chai tow kuay', 'oyster omelette']"
../foodsg-233\oyster omelette\456F04HIWJ8E6IH5FAVQ70QZ.jpg,oyster omelette,all,b5d5402d7e87d80e,"['chai tow kuay', 'oyster omelette']"
../foodsg-233\bee hoon\39YRV70GRP6QSU8N0F0NJ97W.jpg,bee hoon,all,b5d5564bb0fe8824,"['bee hoon', 'vegetarian bee hoon']"
../foodsg-233\vegetarian bee hoon\LE7B8YGOUMEUNLK50UJDXTTO.jpg,vegetarian bee hoon,all,b5d5564bb0fe8824,"['bee hoon', 'vegetarian bee hoon']"
../foodsg-233\Mee kuah\DHZ0SMHM537R1KRHALCEHOCS.jpg,Mee kuah,all,b5d682709ff01cc3,"['Mee kuah', 'Mee rebus']"
../foodsg-233\Mee rebus\7L5LAGQ0CPPLHEP7MVB1YERH.jpg,Mee rebus,all,b5d682709ff01cc3,"['Mee kuah', 'Mee rebus']"
../foodsg-233\cream soup\PQ49E4J0ETQLZ4LNJOI0UGR8.jpg,cream soup,all,b636b43606273765,"['cream soup', 'mushroom soup']"
../foodsg-233\mushroom soup\0ERTN8A2IG6PHLWAIOV1UY7O.jpg,mushroom soup,all,b636b43606273765,"['cream soup', 'mushroom soup']"
../foodsg-233\char siew pau\RPKYH4H9L680S9PMBTC87Y9E.jpg,char siew pau,all,b6b06f2fb410d14e,"['char siew pau', 'steamed buns']"
../foodsg-233\steamed buns\WAJ2RQUO5O85CPP8CAQR3L7L.jpg,steamed buns,all,b6b06f2fb410d14e,"['char siew pau', 'steamed buns']"
../foodsg-233\Mee bandung\5FU9AS5IUF9MATX46VKV293M.jpg,Mee bandung,all,b6b4d482e9474e0f,"['Mee bandung', 'Mee rebus']"
../foodsg-233\Mee rebus\1US7B486EGYMBXNJLM9HPGPK.jpg,Mee rebus,all,b6b4d482e9474e0f,"['Mee bandung', 'Mee rebus']"
../foodsg-233\honeydew\MT0XNGZ8P4DBMCU6TRSWLV7X.jpg,honeydew,all,b6f221a19e0f9d38,"['honeydew', 'rock melon']"
../foodsg-233\rock melon\64JTIWLEV96GJF3E34CSIJIV.jpg,rock melon,all,b6f221a19e0f9d38,"['honeydew', 'rock melon']"
"../foodsg-233\Bee hoon, soto\NDWRHOPKY3MLPXHAMWBEJUD2.jpg","Bee hoon, soto",all,b772e9e894815993,"['Bee hoon, soto', 'Soto ayam']"
../foodsg-233\Soto ayam\REAZ9CTO2I3JQKWEUN6W7O56.jpg,Soto ayam,all,b772e9e894815993,"['Bee hoon, soto', 'Soto ayam']"
../foodsg-233\Mee bandung\8BEX1GG8HTCP3PH9D8JMM0A5.jpg,Mee bandung,all,b796d3811f406f0e,"['Mee bandung', 'Mee rebus']"
../foodsg-233\Mee rebus\H1N9RYGYYQ9F0E56KKIO4NL0.jpg,Mee rebus,all,b796d3811f406f0e,"['Mee bandung', 'Mee rebus']"
../foodsg-233\Mee bandung\PSKO2B26JAVWFQN9BI0W16HY.jpg,Mee bandung,all,b799d0656064c2f7,"['Mee bandung', 'Mee kuah']"
../foodsg-233\Mee kuah\JEROF0VQO2GC472F79T0X60U.jpg,Mee kuah,all,b799d0656064c2f7,"['Mee bandung', 'Mee kuah']"
../foodsg-233\Soto ayam\OE41LDBBS5V5ZG5L4FFN7QG5.jpg,Soto ayam,all,b7acd49a522dca31,"['Bee hoon, soto', 'Mee soto', 'Soto ayam']"
../foodsg-233\Mee rebus\UB0V2YLLL05P70116XW2VQHR.jpg,Mee rebus,all,b7b4e88ad179c590,"['Mee bandung', 'Mee rebus', 'Mee soto']"
../foodsg-233\bak chor mee\GZL0AW0TM53ZQ2KEY0SI5QWW.jpg,bak chor mee,all,b7c8e86785221fa5,"['bak chor mee', 'mee pok']"
../foodsg-233\mee pok\8GBPZBHVYJNMQF97VTVRDO9V.jpg,mee pok,all,b7c8e86785221fa5,"['bak chor mee', 'mee pok']"
../foodsg-233\Nasi pattaya\5ZGZILCR40JG2T0ABEOZ81SK.jpg,Nasi pattaya,all,b8075f917a117327,"['fried rice', 'Nasi pattaya']"
../foodsg-233\chai tow kuay\2XIPJH2IW1TB1OEJZ1SMG1Y5.jpg,chai tow kuay,all,b80fb57c893e92a1,"['chai tow kuay', 'rojak']"
../foodsg-233\rojak\TXEX7JZC2GNOQ8OX14S29JZ9.jpg,rojak,all,b80fb57c893e92a1,"['chai tow kuay', 'rojak']"
../foodsg-233\Mee kuah\YFII6ITBIXNKHC6Q5VP61PH1.jpg,Mee kuah,all,b885bcd54d5c9459,"['Mee bandung', 'Mee kuah']"
../foodsg-233\hokkien prawn mee\E5ZLQK19DUQQGWKOU8U3DEF8.jpg,hokkien prawn mee,all,b88f5e56406af2b4,"['hokkien prawn mee', 'Prawn Noodle']"
../foodsg-233\Prawn Noodle\2XFO3HJZFR59VTA07L52Q6MI.jpg,Prawn Noodle,all,b88f5e56406af2b4,"['hokkien prawn mee', 'Prawn Noodle']"
../foodsg-233\hokkien prawn mee\ZUFD3P8NP3LR2CS9BG65UJKU.jpg,hokkien prawn mee,all,b8eae18187653997,"['hokkien prawn mee', 'Prawn Noodle']"
../foodsg-233\Prawn Noodle\O8SY7L8SY4MU1M4KFNLYJJ0N.jpg,Prawn Noodle,all,b8eae18187653997,"['hokkien prawn mee', 'Prawn Noodle']"
../foodsg-233\cherries\WMGMH2BKYRDFT79AB9NAZ1B6.jpg,cherries,all,b90684b0c7da3adb,"['cherries', 'tacos and nachos']"
../foodsg-233\tacos and nachos\E2DMGB4KSCCOKF35Y1L4XWEY.jpg,tacos and nachos,all,b90684b0c7da3adb,"['cherries', 'tacos and nachos']"
../foodsg-233\bee hoon\NFEAIR5CL9KVP7PNOYZUO5BS.jpg,bee hoon,all,b969c1c6c2999f8c,"['bee hoon', 'Bee hoon, goreng', 'vegetarian bee hoon']"
"../foodsg-233\Bee hoon, goreng\PI08WP9XKD2IBWXFC9E3JX4I.jpg","Bee hoon, goreng",all,b969c1c6c2999f8c,"['bee hoon', 'Bee hoon, goreng', 'vegetarian bee hoon']"
../foodsg-233\vegetarian bee hoon\NC5846C4RHGHT0QT67KSF14D.jpg,vegetarian bee hoon,all,b969c1c6c2999f8c,"['bee hoon', 'Bee hoon, goreng', 'vegetarian bee hoon']"
"../foodsg-233\Bee hoon, goreng\95D4J39WTL5M14U99PE0JFA8.jpg","Bee hoon, goreng",all,b9c140f87af8703e,"['Bee hoon, goreng', 'vegetarian bee hoon']"
../foodsg-233\vegetarian bee hoon\E8CFQNQNG9X4Q11CIF34PAVR.jpg,vegetarian bee hoon,all,b9c140f87af8703e,"['Bee hoon, goreng', 'vegetarian bee hoon']"
../foodsg-233\Fish and chips\PYYNQ00DNR2KIDMNFA0N0BN4.jpg,Fish and chips,all,b9d0c44bcfa46a72,"['Fish and chips', 'french fries']"
../foodsg-233\french fries\3161I395VD8CGNY8LK7OWUCI.jpg,french fries,all,b9d0c44bcfa46a72,"['Fish and chips', 'french fries']"
../foodsg-233\french fries\ZF8RYM3FDYR0YG54A3C8UY4T.jpg,french fries,all,b9d0c44bcfa46a72,"['Fish and chips', 'french fries']"
../foodsg-233\Blackberry\3LPDWCR0ZT4J78PL7U8NUG55.jpg,Blackberry,all,b9e61ea07013abe5,"['Blackberry', 'raspberry']"
../foodsg-233\raspberry\TBXSZSGHV5HOPJM1WX58SPHY.jpg,raspberry,all,b9e61ea07013abe5,"['Blackberry', 'raspberry']"
../foodsg-233\Ban Mian\66VQYGV1ARWXQ5AEZ9C95AG0.jpg,Ban Mian,all,ba4b863d947ac2e8,"['Ban Mian', 'Seafood Noodles Soup']"
../foodsg-233\Seafood Noodles Soup\EBF9XNMU4XN7KRADNPZNXS31.jpg,Seafood Noodles Soup,all,ba4b863d947ac2e8,"['Ban Mian', 'Seafood Noodles Soup']"
../foodsg-233\canned Fruit salad\XXUCH1RQMWDES97F1DVAL8Q4.jpg,canned Fruit salad,all,baafa53d9d308984,"['canned Fruit salad', 'strawberry']"
../foodsg-233\strawberry\OL0PS5R8POU0FEA97JRN2X88.jpg,strawberry,all,baafa53d9d308984,"['canned Fruit salad', 'strawberry']"
"../foodsg-233\Bee hoon, goreng\KBMVIP6CN365AV9JXE7R4C59.jpg","Bee hoon, goreng",all,bab7e4d0812b866d,"['Bee hoon, goreng', 'vegetarian bee hoon']"
../foodsg-233\vegetarian bee hoon\EGYSSNHIBATK03RGQ5HW44WL.jpg,vegetarian bee hoon,all,bab7e4d0812b866d,"['Bee hoon, goreng', 'vegetarian bee hoon']"
../foodsg-233\Mee soto\55VJRPZZE7D47GTOGC6KD04N.jpg,Mee soto,all,bad0adc1b596968a,"['Bee hoon, soto', 'Mee soto']"
../foodsg-233\char siew pau\JFMWBDMDDN7S1S7CXXZZ8BI0.jpg,char siew pau,all,bae00feca5cc3293,"['char siew pau', 'steamed buns']"
../foodsg-233\steamed buns\NQBJWA1ZQA7EEKYNJYYLB2FU.jpg,steamed buns,all,bae00feca5cc3293,"['char siew pau', 'steamed buns']"
../foodsg-233\chai tow kuay\8F18ML1HMWDA85HEYS9N3KR7.jpg,chai tow kuay,all,bae180c245877e3f,"['chai tow kuay', 'oyster omelette']"
../foodsg-233\oyster omelette\0JZNLE5STXJGCJWPC5JXGT3K.jpg,oyster omelette,all,bae180c245877e3f,"['chai tow kuay', 'oyster omelette']"
../foodsg-233\Mee kuah\HK7SJBQZJ9UYHGJXTG6SOZ1F.jpg,Mee kuah,all,bae1d5cac2c98ac9,"['Mee kuah', 'Mee rebus']"
../foodsg-233\Mee kuah\OOXNZQ8M039N8QANINWZ04GC.jpg,Mee kuah,all,bae1d5cac2c98ac9,"['Mee kuah', 'Mee rebus']"
../foodsg-233\Mee rebus\EWFVJX5G7SA8QKELCBLSJP11.jpg,Mee rebus,all,bae1d5cac2c98ac9,"['Mee kuah', 'Mee rebus']"
../foodsg-233\Apricot\TRQD2VDN4HYIGUZVBXGPYEJB.jpg,Apricot,all,bb07907fc4994e98,"['Apricot', 'preserved fruit snacks']"
../foodsg-233\preserved fruit snacks\3FJSDJJXQWVME5VGPBZZL55I.jpg,preserved fruit snacks,all,bb07907fc4994e98,"['Apricot', 'preserved fruit snacks']"
../foodsg-233\Mee soto\TZFDIBC5MO9GGZ0QKN88C2J5.jpg,Mee soto,all,bb3ec9c032c9a533,"['Bee hoon, soto', 'Mee soto', 'Soto ayam']"
"../foodsg-233\Bee hoon, soto\8AFXFCLNL2ROM3Q8022MEBZR.jpg","Bee hoon, soto",all,bb3fb0ba816c1629,"['Bee hoon, soto', 'Mee soto', 'Soto ayam']"
../foodsg-233\chicken wing\LH4RXH8BZY671ACIX2UH4KWM.jpg,chicken wing,all,bb729fb1c5d8c048,"['chicken wing', 'har cheong gai']"
../foodsg-233\har cheong gai\M9BI3JHU36OQYU55NBPFVU11.jpg,har cheong gai,all,bb729fb1c5d8c048,"['chicken wing', 'har cheong gai']"
../foodsg-233\assam pedas\KQRF2ORMLW484H7RTBFDF83W.jpg,assam pedas,all,bb92b092f22abe38,"['assam pedas', 'fish head curry']"
../foodsg-233\fish head curry\0ES52LXYLA80BZPQURH79LBY.jpg,fish head curry,all,bb92b092f22abe38,"['assam pedas', 'fish head curry']"
../foodsg-233\Fruit juice\0M9UAUT51JNHCA8CKNSLRFMP.jpg,Fruit juice,all,bb944e944863cf4d,"['Fruit juice', 'honeydew']"
../foodsg-233\honeydew\JGS1WBPOLL9NLBSMHX3FYFX0.jpg,honeydew,all,bb944e944863cf4d,"['Fruit juice', 'honeydew']"
../foodsg-233\bee hoon\MCDQ2GYOH1847J9RPAWBFPMQ.jpg,bee hoon,all,bba5e6c1a00dc53e,"['bee hoon', 'vegetarian bee hoon']"
../foodsg-233\vegetarian bee hoon\7METUZ5CR6M3ZJ8K7J1ZNUGQ.jpg,vegetarian bee hoon,all,bba5e6c1a00dc53e,"['bee hoon', 'vegetarian bee hoon']"
"../foodsg-233\Bee hoon, soto\8E27RGUPX4OTFRP9AH9UQSUF.jpg","Bee hoon, soto",all,bbb3b4c0d1c3c09e,"['Bee hoon, soto', 'Mee soto', 'Soto ayam']"
"../foodsg-233\Chap chye, Nonya\FV6CXMQ1JWFRQ44J9V409MQX.jpg","Chap chye, Nonya",all,bbc0810dd76ed235,"['Chap chye, Nonya', 'Lontong with sayur lodeh']"
../foodsg-233\Lontong with sayur lodeh\DXWY6MW9M9H2BXEMNV9ZIWGG.jpg,Lontong with sayur lodeh,all,bbc0810dd76ed235,"['Chap chye, Nonya', 'Lontong with sayur lodeh']"
../foodsg-233\hokkien prawn mee\5S8UAZL9J7HJJQE4TBGIFWK1.jpg,hokkien prawn mee,all,bbccc13f1ce2c132,"['hokkien prawn mee', 'vegetarian bee hoon']"
../foodsg-233\Mee bandung\HZWTWZU4N9WWQITGSYP729GZ.jpg,Mee bandung,all,bbcec43092c6cf86,"['Mee bandung', 'Mee rebus']"
../foodsg-233\Mee rebus\NHNDEH0NX87U3XFOVMOM5OXH.jpg,Mee rebus,all,bbcec43092c6cf86,"['Mee bandung', 'Mee rebus']"
../foodsg-233\Seafood Noodles Soup\NXKEL2Z4T691IXTZWHXXB72J.jpg,Seafood Noodles Soup,all,bbd0dcc03b6a9926,"['bee hoon', 'Bee hoon, soto', 'Seafood Noodles Soup']"
../foodsg-233\bee hoon\9IJ7MNO7IIE05PW56OSVHBAG.jpg,bee hoon,all,bbd2f7022c3e91b0,"['bee hoon', 'vegetarian bee hoon']"
../foodsg-233\vegetarian bee hoon\7TV0MZ5QZ9MTZT09WDT2MQIE.jpg,vegetarian bee hoon,all,bbd2f7022c3e91b0,"['bee hoon', 'vegetarian bee hoon']"
"../foodsg-233\Bee hoon, goreng\4R1MVZPOUACT0TC24DLGZ7A0.jpg","Bee hoon, goreng",all,bbd3e44784469387,"['Bee hoon, goreng', 'vegetarian bee hoon']"
../foodsg-233\vegetarian bee hoon\P3MU462FRVJ9KXACG4Q8WZ99.jpg,vegetarian bee hoon,all,bbd3e44784469387,"['Bee hoon, goreng', 'vegetarian bee hoon']"
"../foodsg-233\Bee hoon, goreng\NDNF8D3G90355E4N5DE5I6IK.jpg","Bee hoon, goreng",all,bbd4528b088f4de5,"['Bee hoon, goreng', 'hokkien prawn mee']"
../foodsg-233\hokkien prawn mee\QRJTGJCYXL7Y1VR0AP1LCOIL.jpg,hokkien prawn mee,all,bbd4528b088f4de5,"['Bee hoon, goreng', 'hokkien prawn mee']"
../foodsg-233\satay bee hoon\8NCVFB84MK68GBNF4MZILDZZ.jpg,satay bee hoon,all,bbf7e468c1258037,"['bee hoon', 'Bee hoon, soto', 'satay bee hoon']"
../foodsg-233\whole grain bread\NVR4GQM6IQD4W1F5A10DVTXG.jpg,whole grain bread,all,bbff9640b0c82653,"['whole grain bread', 'whole wheat']"
../foodsg-233\whole wheat\54LNG6KI9MXV34R383XJJMBS.jpg,whole wheat,all,bbff9640b0c82653,"['whole grain bread', 'whole wheat']"
"../foodsg-233\Bee hoon, goreng\1XOSG6EX6SU0WZCZKX6WNRSZ.jpg","Bee hoon, goreng",all,bc0aecacc237b0f2,"['Bee hoon, goreng', 'Mee goreng']"
../foodsg-233\Mee goreng\C94A4FSGEB8HC080PFK5VEEN.jpg,Mee goreng,all,bc0aecacc237b0f2,"['Bee hoon, goreng', 'Mee goreng']"
../foodsg-233\hokkien prawn mee\R4RWIQ7WJW5901PL7HSO0J13.jpg,hokkien prawn mee,all,bc91c756c07c1f61,"['Dumpling noodle soup', 'hokkien prawn mee', 'Prawn Noodle']"
../foodsg-233\Prawn Noodle\7V85MPW4YNZQAQAQHFJOIH4N.jpg,Prawn Noodle,all,bc91c756c07c1f61,"['Dumpling noodle soup', 'hokkien prawn mee', 'Prawn Noodle']"
"../foodsg-233\Miso ramen, with fishcake\3OG3U2XZ7KG5NN0HB9FJNLY2.jpg","Miso ramen, with fishcake",all,bc96c639c7619364,"['Miso ramen, with fishcake', 'miso soup']"
"../foodsg-233\Miso ramen, with fishcake\U9NLZL4SS2XEKITDEVG559QK.jpg","Miso ramen, with fishcake",all,bc96c639c7619364,"['Miso ramen, with fishcake', 'miso soup']"
../foodsg-233\miso soup\E51CUG9YRNL6B05UP6NY67QA.jpg,miso soup,all,bc96c639c7619364,"['Miso ramen, with fishcake', 'miso soup']"
../foodsg-233\blueberries\OVQOO70YMVTIZGMG6N612612.jpg,blueberries,all,bc98d2e2c36d932a,"['blueberries', 'raspberry']"
../foodsg-233\raspberry\3BMJSMNU6U7BDHFXR8D7DCNZ.jpg,raspberry,all,bc98d2e2c36d932a,"['blueberries', 'raspberry']"
../foodsg-233\chai tow kuay\Q8FR6H7SP34OIO2OQ1PI48ME.jpg,chai tow kuay,all,bca9d20cc9774731,"['chai tow kuay', 'Kway Teow']"
../foodsg-233\Kway Teow\BS8PY5UY06DCZL44KW3PN2RZ.jpg,Kway Teow,all,bca9d20cc9774731,"['chai tow kuay', 'Kway Teow']"
../foodsg-233\tortilla - plain\E4LXQXQY6J12Y95QM53T5XRD.jpg,tortilla - plain,all,bcd0c327dc38e994,"['tortilla - plain', 'Wholegrain Wrap']"
../foodsg-233\Wholegrain Wrap\N441P2FBP9X46AT0B9L62V9J.jpg,Wholegrain Wrap,all,bcd0c327dc38e994,"['tortilla - plain', 'Wholegrain Wrap']"
../foodsg-233\char siew pau\VOHTWKWYCFNRJGNGL77B9ERM.jpg,char siew pau,all,bcd34b8731997149,"['char siew pau', 'steamed buns']"
../foodsg-233\steamed buns\GK8ZK9XJKKOLAO0Q13HVQTMN.jpg,steamed buns,all,bcd34b8731997149,"['char siew pau', 'steamed buns']"
../foodsg-233\Mee kuah\YR88ENY4QNNOU4ZI6Z1HIBA9.jpg,Mee kuah,all,bcf343a55c97b810,"['Mee kuah', 'Prawn Noodle']"
../foodsg-233\Prawn Noodle\OKLASJW200QWKRK9I5NLMUGU.jpg,Prawn Noodle,all,bcf343a55c97b810,"['Mee kuah', 'Prawn Noodle']"
../foodsg-233\Fried Noodles\1UR5W310LFQ0HPTNMNKF2OEL.jpg,Fried Noodles,all,bd15c0460bfe4d3a,"['Fried Noodles', 'Mee goreng']"
../foodsg-233\Mee goreng\FG608SCHN55VFRZXICD4UCPA.jpg,Mee goreng,all,bd15c0460bfe4d3a,"['Fried Noodles', 'Mee goreng']"
../foodsg-233\drunken prawn\5TPIN73V4WSJWA2NEP5MR60N.jpg,drunken prawn,all,bd29c01f90963f78,"['drunken prawn', 'fried prawn']"
../foodsg-233\fried prawn\FIDD3AUGDPZ9MQ5S4KXFKUBQ.jpg,fried prawn,all,bd29c01f90963f78,"['drunken prawn', 'fried prawn']"
../foodsg-233\Seafood Noodles Soup\MRS4MPYZCJPEJMTE2101ZG5A.jpg,Seafood Noodles Soup,all,bd42ca898366ab9b,"['Seafood Noodles Soup', 'sliced fish soup']"
../foodsg-233\sliced fish soup\QG0N0A8R0JILDA2IF7LQKVVR.jpg,sliced fish soup,all,bd42ca898366ab9b,"['Seafood Noodles Soup', 'sliced fish soup']"
../foodsg-233\bak chor mee\G0SEILG9TEKIUA2FX1KKK7MA.jpg,bak chor mee,all,bd82c2a4d759ca69,"['bak chor mee', 'mee pok']"
../foodsg-233\mee pok\9WKCYZQMBKFVYDZ3IKK16V7A.jpg,mee pok,all,bd82c2a4d759ca69,"['bak chor mee', 'mee pok']"
../foodsg-233\begedil\6F40YVR9PVRPCLRHZ6ZYBEO2.jpg,begedil,all,bd8ad13c436ad525,"['begedil', 'meatball']"
../foodsg-233\meatball\VZMMOUHDXQORUSRAZE8I607V.jpg,meatball,all,bd8ad13c436ad525,"['begedil', 'meatball']"
"../foodsg-233\Rice, korean bulgogi beef\NBDKTR5RPU6IGH8NQUTU29F4.jpg","Rice, korean bulgogi beef",all,bd90d587570a9a2d,"['Rice, korean bulgogi beef', 'Rice, with dakgalbi']"
"../foodsg-233\Rice, with dakgalbi\FTS3UR0QCB5KWUT763L5KRHW.jpg","Rice, with dakgalbi",all,bd90d587570a9a2d,"['Rice, korean bulgogi beef', 'Rice, with dakgalbi']"
../foodsg-233\Dumpling noodle soup\361CUXLL1Y1GNJ15O3SAE7P1.jpg,Dumpling noodle soup,all,bdc4d03ac073c3cb,"['Dumpling noodle soup', 'Wanton mee, dry']"
"../foodsg-233\Wanton mee, dry\SDK7M90PUNJQBXME7TPPFS5B.jpg","Wanton mee, dry",all,bdc4d03ac073c3cb,"['Dumpling noodle soup', 'Wanton mee, dry']"
../foodsg-233\Ban Mian\SXF5VGP0S3PT6IE96T9YV57Q.jpg,Ban Mian,all,bdd318bc63904697,"['Ban Mian', 'Chap chye, Nonya']"
"../foodsg-233\Chap chye, Nonya\9BQGZSX9YVRFV7RK2CRBEZP3.jpg","Chap chye, Nonya",all,bdd318bc63904697,"['Ban Mian', 'Chap chye, Nonya']"
../foodsg-233\chai tow kuay\8S6PYU0U151JW53HE7SOSOWN.jpg,chai tow kuay,all,be2af5a2f4365085,"['chai tow kuay', 'fried rice']"
../foodsg-233\fried rice\OHA04C965NPWQOO3W86OONOD.jpg,fried rice,all,be2af5a2f4365085,"['chai tow kuay', 'fried rice']"
../foodsg-233\cooked brown rice\TUFM0OPZXOCORS6ZN3U70AVH.jpg,cooked brown rice,all,be34c19ac7c98c8e,"['chicken soup', 'cooked brown rice', 'Rice, with dakgalbi']"
../foodsg-233\Chocolate\UMU5RMKOZT4AB0DLRX2XD4I6.jpg,Chocolate,all,be37b43a84b981b4,"['Chocolate', 'Nuts']"
../foodsg-233\Nuts\HBSJK9OBI4ZAJEDAVR7XNC6Y.jpg,Nuts,all,be37b43a84b981b4,"['Chocolate', 'Nuts']"
"../foodsg-233\Chap chye, Nonya\GJ4LXG0EXNCUY4FVCYGALTKC.jpg","Chap chye, Nonya",all,be4ac0b487d597d0,"['Chap chye, Nonya', 'vegetarian bee hoon']"
../foodsg-233\vegetarian bee hoon\S34GI1987QR1OHWRN2HJVW93.jpg,vegetarian bee hoon,all,be4ac0b487d597d0,"['Chap chye, Nonya', 'vegetarian bee hoon']"
../foodsg-233\lontong\XUJ1TVO3HQEHL1Q9NFBW23TK.jpg,lontong,all,be6fe894e118c4c3,"['lontong', 'Lontong with sayur lodeh']"
../foodsg-233\Lontong with sayur lodeh\0B5P8VZ6E5MI9AMJYHK6SPJZ.jpg,Lontong with sayur lodeh,all,be6fe894e118c4c3,"['lontong', 'Lontong with sayur lodeh']"
"../foodsg-233\Bee hoon, soto\3F67YWC953FX09HT14MO1EVO.jpg","Bee hoon, soto",all,be8574c6c79f4070,"['Bee hoon, soto', 'Mee soto', 'Soto ayam']"
../foodsg-233\buckwheat\EGV2AXYFQUKTZQQXCSLGJH1L.jpg,buckwheat,all,be9aa135966448cf,"['buckwheat', 'Fried Noodles']"
../foodsg-233\Fried Noodles\5F6Q8J5PCPREF60XJUFT0CRE.jpg,Fried Noodles,all,be9aa135966448cf,"['buckwheat', 'Fried Noodles']"
../foodsg-233\bak chor mee\65Z9KAOAOIKY4907D8CXXV1F.jpg,bak chor mee,all,bea5c2588d6386c7,"['bak chor mee', 'mee pok']"
../foodsg-233\mee pok\GUIPUUD1QODRW8ZEM1XWUWRN.jpg,mee pok,all,bea5c2588d6386c7,"['bak chor mee', 'mee pok']"
../foodsg-233\black pepper crab\87YNEZBA8QU80PD17WJKT71V.jpg,black pepper crab,all,beaeea95743480d1,"['black pepper crab', 'chilli crab']"
../foodsg-233\chilli crab\NA3A4WQHLIDNS4KDUAV9DHQM.jpg,chilli crab,all,beaeea95743480d1,"['black pepper crab', 'chilli crab']"
../foodsg-233\Mee bandung\5ZWZYSP9QBNL4V3CRUSRL5N0.jpg,Mee bandung,all,bec2d38d8d345272,"['Mee bandung', 'Mee rebus']"
../foodsg-233\Mee rebus\JEI8N144QXSTBOBLY4O1U2CH.jpg,Mee rebus,all,bec2d38d8d345272,"['Mee bandung', 'Mee rebus']"
"../foodsg-233\Bee hoon, goreng\523TGNFZW28NNAMBCXDKFH3F.jpg","Bee hoon, goreng",all,bed6c02b873d9e20,"['Bee hoon, goreng', 'vegetarian bee hoon']"
../foodsg-233\vegetarian bee hoon\FXGU3WDJCBEI7179SIVKBO1O.jpg,vegetarian bee hoon,all,bed6c02b873d9e20,"['Bee hoon, goreng', 'vegetarian bee hoon']"
../foodsg-233\Mee soto\X7I5KV4TB021BVX38UJNOAGI.jpg,Mee soto,all,bee1a9d19a8c47a1,"['Mee rebus', 'Mee soto']"
../foodsg-233\chicken masala\TXR9XB6N429E9GOZYCSRP8ZJ.jpg,chicken masala,all,bf0f4916a50e3cf0,"['chicken masala', 'tandoori chicken']"
../foodsg-233\tandoori chicken\PBNQCMNRIAN62A3FPM8L7M8V.jpg,tandoori chicken,all,bf0f4916a50e3cf0,"['chicken masala', 'tandoori chicken']"
../foodsg-233\lontong\2D0ZNSQWVQNNZ5GUFG7STZXA.jpg,lontong,all,bf1ed0c35238cb2c,"['lontong', 'Lontong with sayur lodeh']"
../foodsg-233\Lontong with sayur lodeh\8JOZG5HAWYEB64JA5F63GCY9.jpg,Lontong with sayur lodeh,all,bf1ed0c35238cb2c,"['lontong', 'Lontong with sayur lodeh']"
../foodsg-233\Mee soto\BKVGWA4UZ5OKBFVJVEMVZFCW.jpg,Mee soto,all,bf33d08519b16ec2,"['Mee soto', 'Soto ayam']"
../foodsg-233\Soto ayam\4U97QBSIN1NOTXEMX6BWY2V0.jpg,Soto ayam,all,bf33d08519b16ec2,"['Mee soto', 'Soto ayam']"
../foodsg-233\bee hoon\3UOM1377CYU5H1SQSWEZWS4A.jpg,bee hoon,all,bf39c0c28f1bd660,"['bee hoon', 'Bee hoon, soto']"
"../foodsg-233\Bee hoon, soto\3XJD0DCO24FP81FJZRJ22BZU.jpg","Bee hoon, soto",all,bf39c0c28f1bd660,"['bee hoon', 'Bee hoon, soto']"
../foodsg-233\Mee soto\WUQNP4OLP2D8HHO8ZREICFJ2.jpg,Mee soto,all,bf53c08e1c82e32f,"['Mee soto', 'Soto ayam']"
../foodsg-233\Soto ayam\FIH1AHY0VVJHFY8DP961XKZS.jpg,Soto ayam,all,bf53c08e1c82e32f,"['Mee soto', 'Soto ayam']"
../foodsg-233\popiah\XNJMVE6UB26477HTX6MC67AO.jpg,popiah,all,bf809019cf6ea687,"['popiah', 'spring rolls']"
../foodsg-233\spring rolls\RNIDPIH6RJW87SHFTW73ZZMZ.jpg,spring rolls,all,bf809019cf6ea687,"['popiah', 'spring rolls']"
../foodsg-233\dumpling\D17NGZ9WTSS3XX5QDXJIQ6ZJ.jpg,dumpling,all,bf81608f1e3c7165,"['dumpling', 'Dumpling noodle soup']"
../foodsg-233\Dumpling noodle soup\710CZFUNU8LLO94Q6N9XG2FD.jpg,Dumpling noodle soup,all,bf81608f1e3c7165,"['dumpling', 'Dumpling noodle soup']"
../foodsg-233\chai tow kuay\SOLT8IF7KQOYP9C9TIE8YFRX.jpg,chai tow kuay,all,bf87d042c3698f0d,"['chai tow kuay', 'Kway Teow']"
../foodsg-233\Kway Teow\BTS2HFVN0SHA6NBS1S8YOW7B.jpg,Kway Teow,all,bf87d042c3698f0d,"['chai tow kuay', 'Kway Teow']"
../foodsg-233\miso soup\IBUIQ4MEWB9PX3KXH1GYAOCY.jpg,miso soup,all,bf9ac067870ccb92,"['miso soup', 'mushroom soup']"
../foodsg-233\mushroom soup\OB42IIWHE3ZHQRJOVYC90XJM.jpg,mushroom soup,all,bf9ac067870ccb92,"['miso soup', 'mushroom soup']"
../foodsg-233\Fish Ball Noodles\K9GDPSS769ZJSALPLHUSRLBQ.jpg,Fish Ball Noodles,all,bf9cd0c5c035a972,"['bak chor mee', 'Fish Ball Noodles', 'mee pok']"
../foodsg-233\satay bee hoon\PWU9SHQMX7KKWT877OK879TM.jpg,satay bee hoon,all,bfc1f804d3cc0673,"['bee hoon', 'Bee hoon, soto', 'satay bee hoon']"
../foodsg-233\rock melon\4DSLD993YMEG9T4ND240VH0M.jpg,rock melon,all,bfc4c0b90f3cb681,"['honeydew', 'rock melon']"
../foodsg-233\Cucumber\DSCJ0AZGQOJQXGMQFKB4J0IC.jpg,Cucumber,all,bfcc80931b8d6c5a,"['Cucumber', 'salad']"
../foodsg-233\salad\6MKKJINCW2JSBMTP17TIC4UX.jpg,salad,all,bfcc80931b8d6c5a,"['Cucumber', 'salad']"
../foodsg-233\Mee kuah\2W83X4H87C148LSY3LLDBPDX.jpg,Mee kuah,all,bfd7d44a4169e121,"['Mee kuah', 'Mee rebus']"
../foodsg-233\Mee rebus\OOZVALQ4NJE6FTYFKLCWROOC.jpg,Mee rebus,all,bfd7d44a4169e121,"['Mee kuah', 'Mee rebus']"
../foodsg-233\Mee siam\8ZU2SWD4YRPNE4PMWBRHMUKT.jpg,Mee siam,all,c09385161fdb37e8,"['Mee siam', 'Mee siam, fried']"
"../foodsg-233\Mee siam, fried\07KOXNHR87CY8H4FJADCX6I2.jpg","Mee siam, fried",all,c09385161fdb37e8,"['Mee siam', 'Mee siam, fried']"
../foodsg-233\beef noodle soup\VY03TJUPU2GR4E7ANZQ47K92.jpg,beef noodle soup,all,c0a41fdd7a3a689a,"['beef noodle soup', 'Udon']"
../foodsg-233\Udon\OD7L72TBED3BIKW4K6KHCUBS.jpg,Udon,all,c0a41fdd7a3a689a,"['beef noodle soup', 'Udon']"
../foodsg-233\tau suan\VZWI8Q6O8QQP5WMC0I1YWVPG.jpg,tau suan,all,c0b4af9ead8b348c,"['tau suan', 'vegetable soup']"
../foodsg-233\vegetable soup\4Y2VJBUEA0JY0Y08Y3SOXHBA.jpg,vegetable soup,all,c0b4af9ead8b348c,"['tau suan', 'vegetable soup']"
../foodsg-233\Mee bandung\UMZ5FLHPJT3ZF5KZATH56R2U.jpg,Mee bandung,all,c0c074ec9e39f86d,"['Mee bandung', 'Mee rebus']"
../foodsg-233\Mee rebus\BCABCIWYT69VKNZJ5FK0GBS2.jpg,Mee rebus,all,c0c074ec9e39f86d,"['Mee bandung', 'Mee rebus']"
../foodsg-233\Mee soto\KOBDTUGJUNO90PCMLU1HIKK9.jpg,Mee soto,all,c0c67e80eb7907da,"['Mee soto', 'Soto ayam']"
../foodsg-233\Soto ayam\Z7Q6GYL7EY4D6LVYYTMXMPA4.jpg,Soto ayam,all,c0c67e80eb7907da,"['Mee soto', 'Soto ayam']"
../foodsg-233\mee pok\PX34L55ZXQ3YGU5FGEFFLIIK.jpg,mee pok,all,c0df57fa07a885c1,"['bak chor mee', 'mee pok']"
"../foodsg-233\Bee hoon, goreng\3V6I8YQMM5TXJ4A98D38W4YA.jpg","Bee hoon, goreng",all,c0dff340a6b11b1b,"['Bee hoon, goreng', 'Mee siam, fried']"
"../foodsg-233\Mee siam, fried\XHNXHKUTWTPI2X89DIZDN4A5.jpg","Mee siam, fried",all,c0dff340a6b11b1b,"['Bee hoon, goreng', 'Mee siam, fried']"
../foodsg-233\Soto ayam\SG4XZPCE04B55QIK4L1M7BHN.jpg,Soto ayam,all,c0f917c298a739c7,"['Bee hoon, soto', 'Mee soto', 'Soto ayam']"
"../foodsg-233\Bee hoon, soto\945B6CRSTKHA46P7393DC5V0.jpg","Bee hoon, soto",all,c12386854f1f3d79,"['Bee hoon, soto', 'Mee soto']"
../foodsg-233\Mee soto\KXV4BJRGS38ENTTE3VGG9MXT.jpg,Mee soto,all,c12386854f1f3d79,"['Bee hoon, soto', 'Mee soto']"
../foodsg-233\bee hoon\KG5C49G6RNQ2LM6VZGUPH44K.jpg,bee hoon,all,c1427a7faaad818d,"['bee hoon', 'Seafood Noodles Soup']"
../foodsg-233\Seafood Noodles Soup\DY5T8R8ZR98ROA2RGMZGSGKU.jpg,Seafood Noodles Soup,all,c1427a7faaad818d,"['bee hoon', 'Seafood Noodles Soup']"
../foodsg-233\lontong\WCBT2G9GKU68XXDN1SMK3U3N.jpg,lontong,all,c15a9ed13cca7989,"['lontong', 'Lontong with sayur lodeh']"
../foodsg-233\Lontong with sayur lodeh\HVD2LR1TJBOH9JIWQBG60D9X.jpg,Lontong with sayur lodeh,all,c15a9ed13cca7989,"['lontong', 'Lontong with sayur lodeh']"
"../foodsg-233\Bee hoon, soto\AKTDFO2D8H48I3UBIBBCFTLT.jpg","Bee hoon, soto",all,c1703ee8b8b199b3,"['Bee hoon, soto', 'Soto ayam']"
../foodsg-233\Soto ayam\8C6KADCLHN46QTBFJH6TMUQ0.jpg,Soto ayam,all,c1703ee8b8b199b3,"['Bee hoon, soto', 'Soto ayam']"
../foodsg-233\Mee siam\2U9W5VLMGCNHD08UP0V2URV7.jpg,Mee siam,all,c18f14aac7adee30,"['Mee siam', 'Mee siam, fried']"
../foodsg-233\Mee siam\RVEE0UTZWZRFMSUXTPM5ACYK.jpg,Mee siam,all,c18f14aac7adee30,"['Mee siam', 'Mee siam, fried']"
"../foodsg-233\Mee siam, fried\2IVK8J8AUOQ6MZZE5IU9T56T.jpg","Mee siam, fried",all,c18f14aac7adee30,"['Mee siam', 'Mee siam, fried']"
"../foodsg-233\Mee siam, fried\NT0DMW3JHHCUFMQX2184ZZ6H.jpg","Mee siam, fried",all,c18f14aac7adee30,"['Mee siam', 'Mee siam, fried']"
../foodsg-233\Grapefruit\9EQF5WCVNWP48P14ORMDX688.jpg,Grapefruit,all,c195d4c17be95626,"['Grapefruit', 'orange']"
../foodsg-233\orange\CVWTB9GIWV9HPG9S3NHZ47GG.jpg,orange,all,c195d4c17be95626,"['Grapefruit', 'orange']"
../foodsg-233\whole wheat\KIGGC5ZJREKBFULF0BEB0ANT.jpg,whole wheat,all,c1cb67588728966f,"['whole wheat', 'wholegrain muffin']"
../foodsg-233\wholegrain muffin\9ZEGJYP85VNBRX5E69E3Q7HT.jpg,wholegrain muffin,all,c1cb67588728966f,"['whole wheat', 'wholegrain muffin']"
../foodsg-233\Fried Noodles\97FRGQ1B9H9SGF4R5WTZFZ0L.jpg,Fried Noodles,all,c1fc0e603da7649e,"['Fried Noodles', 'Mee siam', 'Mee siam, fried']"
../foodsg-233\Chocolate\53VKE17AZAUXNPMDS1R9WCMD.jpg,Chocolate,all,c22b6f8795c22997,"['Chocolate', 'Sweets']"
../foodsg-233\Sweets\Q9Z7JGQFLQ0380ZH0R6O93GN.jpg,Sweets,all,c22b6f8795c22997,"['Chocolate', 'Sweets']"
"../foodsg-233\Bee hoon, goreng\KP6RKA0D2Z2F9H0G86ATQXFC.jpg","Bee hoon, goreng",all,c22e53f35ca30537,"['Bee hoon, goreng', 'Mee siam, fried']"
"../foodsg-233\Mee siam, fried\EGW9ZYUUVDZ3J1QFMATGX6YI.jpg","Mee siam, fried",all,c22e53f35ca30537,"['Bee hoon, goreng', 'Mee siam, fried']"
../foodsg-233\char siew pau\XXPJKEE9X5BALV5SLA6E4L5W.jpg,char siew pau,all,c2356993acd17ea2,"['char siew pau', 'steamed buns']"
../foodsg-233\steamed buns\4J7RCS71KARWKHLDYIPKVMRF.jpg,steamed buns,all,c2356993acd17ea2,"['char siew pau', 'steamed buns']"
"../foodsg-233\Bee hoon, soto\UZAOJ6O0OB7Z1H61REZ27Q2N.jpg","Bee hoon, soto",all,c2db2fe08dc7120f,"['Bee hoon, soto', 'Soto ayam']"
../foodsg-233\Soto ayam\6DY9G5ASNTLXKA18MK21QTUS.jpg,Soto ayam,all,c2db2fe08dc7120f,"['Bee hoon, soto', 'Soto ayam']"
../foodsg-233\Mee bandung\UAHADU71JRMU1MQMSFZ5BAGL.jpg,Mee bandung,all,c30e511a12ef0edf,"['Mee bandung', 'Mee rebus']"
../foodsg-233\Mee rebus\NZMYD95LC6L50ZNE0XHZMBDM.jpg,Mee rebus,all,c30e511a12ef0edf,"['Mee bandung', 'Mee rebus']"
../foodsg-233\Mee siam\4OJISRYRPX97T142KJ6AWBNW.jpg,Mee siam,all,c313487d162d1fe5,"['Mee siam', 'Mee siam, fried']"
"../foodsg-233\Mee siam, fried\YTC35TMYXBLRVPCEQM74698M.jpg","Mee siam, fried",all,c313487d162d1fe5,"['Mee siam', 'Mee siam, fried']"
../foodsg-233\mee pok\LWOIOKIGYHB2H3WC67URV5Z3.jpg,mee pok,all,c398fa39711298fa,"['bak chor mee', 'mee pok']"
../foodsg-233\hokkien prawn mee\U2W0PLXRDTDHUO5FPM4XOB0P.jpg,hokkien prawn mee,all,c3c3f362389e896c,"['hokkien prawn mee', 'Prawn Noodle']"
../foodsg-233\Prawn Noodle\T61ELZ4CSW7YDFLCBD6FH9TN.jpg,Prawn Noodle,all,c3c3f362389e896c,"['hokkien prawn mee', 'Prawn Noodle']"
../foodsg-233\fried rice\A5YGDXFZSJJDIKHMMT3ZBJXY.jpg,fried rice,all,c3ea37ed1001bf45,"['fried rice', 'Rice, korean bulgogi beef']"
"../foodsg-233\Rice, korean bulgogi beef\RZZYNRYMDHXAA9TXHSMWZIFO.jpg","Rice, korean bulgogi beef",all,c3ea37ed1001bf45,"['fried rice', 'Rice, korean bulgogi beef']"
../foodsg-233\Mee siam\33E7KG821WHGENIO9LJ3XOIT.jpg,Mee siam,all,c4044e6ce7e28fcb,"['Mee siam', 'Mee siam, fried']"
"../foodsg-233\Mee siam, fried\8CQQT9F4E43UH076I63868V0.jpg","Mee siam, fried",all,c4044e6ce7e28fcb,"['Mee siam', 'Mee siam, fried']"
../foodsg-233\lontong\M8TSUO6948O1V8K3X5ZXAJEW.jpg,lontong,all,c40c7e27799c64d3,"['lontong', 'Lontong with sayur lodeh']"
../foodsg-233\bee hoon\2BYXAB1L24GLIGF6FCON0SOK.jpg,bee hoon,all,c41b1f6b1d4869bc,"['bee hoon', 'vegetarian bee hoon']"
../foodsg-233\vegetarian bee hoon\8B8UZQ2OOAZ7DFG2NQ70ZQ6C.jpg,vegetarian bee hoon,all,c41b1f6b1d4869bc,"['bee hoon', 'vegetarian bee hoon']"
../foodsg-233\Mee rebus\L7MU3ZU9WOB9KAEFUHG17S68.jpg,Mee rebus,all,c44ac32bc7973a39,"['Mee rebus', 'Mee siam']"
../foodsg-233\Mee siam\Y25A28GMMIZBTJ4AAA81JEN1.jpg,Mee siam,all,c44ac32bc7973a39,"['Mee rebus', 'Mee siam']"
"../foodsg-233\Bee hoon, goreng\OJGD89203K1TLOQIGP1SQA51.jpg","Bee hoon, goreng",all,c44f442eec98917f,"['Bee hoon, goreng', 'Mee siam, fried']"
"../foodsg-233\Mee siam, fried\6C6XECQ8OD184D9617FOJABK.jpg","Mee siam, fried",all,c44f442eec98917f,"['Bee hoon, goreng', 'Mee siam, fried']"
"../foodsg-233\Bee hoon, goreng\2RQFSJ07RLIG1BRO470IV2ED.jpg","Bee hoon, goreng",all,c4861ba93bd7a49a,"['Bee hoon, goreng', 'Mee siam, fried']"
"../foodsg-233\Mee siam, fried\PCXLABVSS1GXDD1LE3AGS5VT.jpg","Mee siam, fried",all,c4861ba93bd7a49a,"['Bee hoon, goreng', 'Mee siam, fried']"
../foodsg-233\fried prawn\PMBCEYOI9GQAF0ONGV47FCGX.jpg,fried prawn,all,c4a22bb7f4c4d14b,"['fried prawn', 'vadai']"
../foodsg-233\vadai\YPJDENGR9OWI4X8KOWRUVPFG.jpg,vadai,all,c4a22bb7f4c4d14b,"['fried prawn', 'vadai']"
../foodsg-233\Chocolate\IWAHEYTY88YDN24D3TBIWX9T.jpg,Chocolate,all,c4c26367a536d0bb,"['Chocolate', 'parfait']"
../foodsg-233\parfait\5FP5NFFFHZN8T4R9RNWY9FV8.jpg,parfait,all,c4c26367a536d0bb,"['Chocolate', 'parfait']"
../foodsg-233\Mee soto\MVOKPFU2OMV7JNDG4LFYETH1.jpg,Mee soto,all,c4d631d9d2c1caa7,"['Mee soto', 'Soto ayam']"
../foodsg-233\Soto ayam\X9207QMB0LOEESENEDA3UM11.jpg,Soto ayam,all,c4d631d9d2c1caa7,"['Mee soto', 'Soto ayam']"
../foodsg-233\Mee soto\60L3834SI3WHDREZEFGHLOR7.jpg,Mee soto,all,c4e015d70a5b5aaf,"['Mee soto', 'Soto ayam']"
../foodsg-233\Soto ayam\RKDMZDWPIHT221KYFUQTEX3T.jpg,Soto ayam,all,c4e015d70a5b5aaf,"['Mee soto', 'Soto ayam']"
../foodsg-233\fried prawn\VNIPTFDU50MW8KWVX47S4P9X.jpg,fried prawn,all,c4e9577a45464e39,"['drunken prawn', 'fried prawn']"
../foodsg-233\mixed vegetables\T0C86JMD6RCSTDWPTUX9M3YY.jpg,mixed vegetables,all,c5175e3e2ca1a49b,"['mixed vegetables', 'salad']"
../foodsg-233\salad\M0VALVBUZRTEMDYACE87TMO9.jpg,salad,all,c5175e3e2ca1a49b,"['mixed vegetables', 'salad']"
../foodsg-233\hokkien prawn mee\VA2TSQRKPMW481XE05F6BGES.jpg,hokkien prawn mee,all,c5227efc2891f5b0,"['hokkien prawn mee', 'Prawn Noodle']"
../foodsg-233\Prawn Noodle\7SV25OWZSZZ2BI06VB6CALBB.jpg,Prawn Noodle,all,c5227efc2891f5b0,"['hokkien prawn mee', 'Prawn Noodle']"
../foodsg-233\lontong\RSHEQ1LD3QVVRILYDTELT31O.jpg,lontong,all,c5676a9caca44dc3,"['lontong', 'Lontong with sayur lodeh']"
../foodsg-233\Lontong with sayur lodeh\9X5LUGPHNLF28JDRF17A5PKX.jpg,Lontong with sayur lodeh,all,c5676a9caca44dc3,"['lontong', 'Lontong with sayur lodeh']"
"../foodsg-233\Bee hoon, goreng\6QU1Y7DW94HSM37X7IHK9COB.jpg","Bee hoon, goreng",all,c58c2f6738b3609e,"['Bee hoon, goreng', 'Mee siam, fried']"
"../foodsg-233\Mee siam, fried\SHH1AHOJ1M1NTJZ39BIZHU8M.jpg","Mee siam, fried",all,c58c2f6738b3609e,"['Bee hoon, goreng', 'Mee siam, fried']"
../foodsg-233\Apricot\8UR9HLFHJAH0F5MDVQDGM8JG.jpg,Apricot,all,c5995aa42ed3718d,"['Apricot', 'preserved fruit snacks']"
../foodsg-233\preserved fruit snacks\TUTWGCEY51JN5Y68B08H70S2.jpg,preserved fruit snacks,all,c5995aa42ed3718d,"['Apricot', 'preserved fruit snacks']"
../foodsg-233\Lontong with sayur lodeh\U2LO81888RA65V8MR7EFTGBX.jpg,Lontong with sayur lodeh,all,c5d32d5c3ac60799,"['lontong', 'Lontong with sayur lodeh']"
"../foodsg-233\Bee hoon, soto\JWI9NCT7GFEDBRD8FBO6TGTA.jpg","Bee hoon, soto",all,c5d9d08de769b442,"['Bee hoon, soto', 'Mee soto']"
../foodsg-233\Mee soto\B6HVS0AGIEJL4U8AF2O01K1K.jpg,Mee soto,all,c5d9d08de769b442,"['Bee hoon, soto', 'Mee soto']"
../foodsg-233\bee hoon\1ASMJ12TIUA1GKW1YGEJJYNK.jpg,bee hoon,all,c62c3caacc953e36,"['bee hoon', 'Kway Teow']"
../foodsg-233\Kway Teow\BLH176XB1K2N04H68R1KBZKQ.jpg,Kway Teow,all,c62c3caacc953e36,"['bee hoon', 'Kway Teow']"
../foodsg-233\Bubble Milk Tea\DCKQU224R2EFC7YMM72AN6VG.jpg,Bubble Milk Tea,all,c669361aecc3c366,"['Bubble Milk Tea', 'milk']"
../foodsg-233\milk\1KYIF223YOW7ZOTQQ60T6HVW.jpg,milk,all,c669361aecc3c366,"['Bubble Milk Tea', 'milk']"
"../foodsg-233\Bee hoon, soto\N0HBQXAK4AGX4N9UX94W4WBY.jpg","Bee hoon, soto",all,c6919dc743b83aa5,"['Bee hoon, soto', 'satay bee hoon']"
../foodsg-233\satay bee hoon\7IFRGYBAMEBQ54S1661FLRW5.jpg,satay bee hoon,all,c6919dc743b83aa5,"['Bee hoon, soto', 'satay bee hoon']"
../foodsg-233\chai tow kuay\994LW3OD25CV4KIUVBMKERRK.jpg,chai tow kuay,all,c792da696d653864,"['chai tow kuay', 'Kway Teow']"
../foodsg-233\Kway Teow\UM9VSRNRX6RTA6QDIS43XHIE.jpg,Kway Teow,all,c792da696d653864,"['chai tow kuay', 'Kway Teow']"
"../foodsg-233\Bee hoon, soto\2TUKODHAME4RGKHA5J3H2O33.jpg","Bee hoon, soto",all,c7d31868e1c18d9f,"['Bee hoon, soto', 'Mee soto']"
../foodsg-233\Mee soto\SU4G7XRWV63QDQRZJIKTQAWW.jpg,Mee soto,all,c7d31868e1c18d9f,"['Bee hoon, soto', 'Mee soto']"
../foodsg-233\cheng tng\EUDXJQRY1KOPEY26FNMOX6SB.jpg,cheng tng,all,c7e8b1868496c4df,"['cheng tng', 'lontong', 'Lontong with sayur lodeh', 'satay bee hoon']"
../foodsg-233\lontong\TXMOIDKYSIGA4A3QJZVVEE0G.jpg,lontong,all,c7e8b1868496c4df,"['cheng tng', 'lontong', 'Lontong with sayur lodeh', 'satay bee hoon']"
../foodsg-233\Lontong with sayur lodeh\4PT6FS2FDSOMWTSAPXNI3DJB.jpg,Lontong with sayur lodeh,all,c7e8b1868496c4df,"['cheng tng', 'lontong', 'Lontong with sayur lodeh', 'satay bee hoon']"
../foodsg-233\satay bee hoon\JTNEL3YTWHQSOMYKHDELCRY8.jpg,satay bee hoon,all,c7e8b1868496c4df,"['cheng tng', 'lontong', 'Lontong with sayur lodeh', 'satay bee hoon']"
../foodsg-233\Mee siam\HYAJSZTAH7NX8NJ6ZB3KIFU3.jpg,Mee siam,all,c851bfcff060c329,"['Mee siam', 'Mee siam, fried']"
"../foodsg-233\Mee siam, fried\06VM8ESXIQVJVXJ6KDCTI2QG.jpg","Mee siam, fried",all,c851bfcff060c329,"['Mee siam', 'Mee siam, fried']"
../foodsg-233\fried prawn\T9B23VHEUL28VOPA2AD29O8I.jpg,fried prawn,all,c8d51fe82707e326,"['fried prawn', 'har cheong gai']"
../foodsg-233\har cheong gai\56U61N3Y76QLUGNNIKBXIKRH.jpg,har cheong gai,all,c8d51fe82707e326,"['fried prawn', 'har cheong gai']"
../foodsg-233\char siew pau\PI7E19P49PCMNIHSYDVEN40Y.jpg,char siew pau,all,c8f626c03acd79e8,"['char siew pau', 'steamed buns']"
../foodsg-233\steamed buns\19DTUS6M5LCXLCUGVVFFYACU.jpg,steamed buns,all,c8f626c03acd79e8,"['char siew pau', 'steamed buns']"
../foodsg-233\bak chor mee\7CW8U1D0755KOP4L100GC9CQ.jpg,bak chor mee,all,c943047e237cdbf0,"['bak chor mee', 'mee pok']"
../foodsg-233\mee pok\AV3G0XK45LOT4RU11QYS0TKW.jpg,mee pok,all,c943047e237cdbf0,"['bak chor mee', 'mee pok']"
../foodsg-233\Dumpling noodle soup\7S5HPVTZD7Q4FCKUU189MI05.jpg,Dumpling noodle soup,all,c9733e9834ceb0cc,"['Dumpling noodle soup', 'Fish Ball Noodles']"
../foodsg-233\Fish Ball Noodles\I81RSAQPAFJC01GQ5OYGMV7H.jpg,Fish Ball Noodles,all,c9733e9834ceb0cc,"['Dumpling noodle soup', 'Fish Ball Noodles']"
../foodsg-233\char siew pau\8R51YYVWSLAHTV4TK1A31MFV.jpg,char siew pau,all,c9993c8cc5d28f2d,"['char siew pau', 'steamed buns']"
../foodsg-233\steamed buns\22XWWUSD65UM0WNNJGHPNHE1.jpg,steamed buns,all,c9993c8cc5d28f2d,"['char siew pau', 'steamed buns']"
../foodsg-233\Grapefruit\Y62L28QLKBSLA3NKRVG4D1UN.jpg,Grapefruit,all,ca9399aa5b8aa699,"['Grapefruit', 'Pomelo']"
../foodsg-233\dumpling\3W94SWNC75DQE6N5JTH5X6F4.jpg,dumpling,all,cab44a6f731ead40,"['dumpling', 'xiao long bao']"
../foodsg-233\xiao long bao\PZ3KY7BWACKPXR943PQB33BY.jpg,xiao long bao,all,cab44a6f731ead40,"['dumpling', 'xiao long bao']"
"../foodsg-233\Bee hoon, goreng\16WVWLI78S6GR6W4ULVZXS5K.jpg","Bee hoon, goreng",all,caea94a94a856b97,"['Bee hoon, goreng', 'Mee siam, fried']"
"../foodsg-233\Mee siam, fried\P79DNP1EA53R5BREXQ7TWPHK.jpg","Mee siam, fried",all,caea94a94a856b97,"['Bee hoon, goreng', 'Mee siam, fried']"
../foodsg-233\bee hoon\VK5T564FJF5WB9Z8Q9UCZ8PD.jpg,bee hoon,all,cb4aca4b7819ee86,"['bee hoon', 'Fish Ball Noodles']"
../foodsg-233\Fish Ball Noodles\7NQLW8CD4ZSOX6TI22WXAM0S.jpg,Fish Ball Noodles,all,cb4aca4b7819ee86,"['bee hoon', 'Fish Ball Noodles']"
../foodsg-233\Indian Prata\WQ7Y6G5F3D5R1BM3UUX7G44Q.jpg,Indian Prata,all,cb89aed6512b90cd,"['Indian Prata', 'Kopi Teh Milo']"
../foodsg-233\Kopi Teh Milo\83KLY3OTAF9GYXH1O8KEGIZT.jpg,Kopi Teh Milo,all,cb89aed6512b90cd,"['Indian Prata', 'Kopi Teh Milo']"
../foodsg-233\bak chor mee\E3YRPCH67QO47EDGDYFN7T1X.jpg,bak chor mee,all,cbd62e643c495e07,"['bak chor mee', 'mee pok']"
"../foodsg-233\Bee hoon, goreng\3ZTC3MFNSBMCFRE4IPIAKUMV.jpg","Bee hoon, goreng",all,cc4640fe8eec9f81,"['Bee hoon, goreng', 'Mee siam', 'Mee siam, fried']"
../foodsg-233\Nasi Ambeng\1LJ8F5UO1FXFWZR9ZTMHT4LQ.jpg,Nasi Ambeng,all,cc4f57389a3139b4,"['Nasi Ambeng', 'nasi lemak']"
../foodsg-233\nasi lemak\DPN346J8JR1G89PSUFJL48FZ.jpg,nasi lemak,all,cc4f57389a3139b4,"['Nasi Ambeng', 'nasi lemak']"
"../foodsg-233\Bee hoon, goreng\6K3E66RW971JHFCQ2VDA60AB.jpg","Bee hoon, goreng",all,cd50e2cbb6551b98,"['bee hoon', 'Bee hoon, goreng']"
../foodsg-233\Mee soto\V0YVUUYOS7YDDX04LL56JY5D.jpg,Mee soto,all,cdb136ca98c1998f,"['bee hoon', 'Bee hoon, soto', 'Mee soto']"
../foodsg-233\bee hoon\IF6DPJ2VYFXW9MAHXP7P4LML.jpg,bee hoon,all,ce3178d0a1c7979a,"['bee hoon', 'vegetarian bee hoon']"
../foodsg-233\vegetarian bee hoon\O00XP0SLY1BO5CVJ1RK9PBVM.jpg,vegetarian bee hoon,all,ce3178d0a1c7979a,"['bee hoon', 'vegetarian bee hoon']"
../foodsg-233\Mee soto\GSWNRQXIJLK780N4C74U45FP.jpg,Mee soto,all,ce3973c6c8d8701e,"['Mee soto', 'Soto ayam']"
../foodsg-233\Kway Teow\YOATO4L6MGPNYJM3TZE8K081.jpg,Kway Teow,all,ce470f2f1d132c35,"['Kway Teow', 'vegetable soup']"
../foodsg-233\vegetable soup\LTRFE5VRXFFGHXVDIS4CKXTO.jpg,vegetable soup,all,ce470f2f1d132c35,"['Kway Teow', 'vegetable soup']"
../foodsg-233\Fruit juice\EY8O6OXW6AH73ZEOYTAD49XI.jpg,Fruit juice,all,ce48f0b71fc3e10c,"['Fruit juice', 'pineapple']"
../foodsg-233\pineapple\CTDSVQA3SWY8P6A220VRBDBD.jpg,pineapple,all,ce48f0b71fc3e10c,"['Fruit juice', 'pineapple']"
../foodsg-233\tortilla - plain\LHAT41LC8SHFSU48ZR9W4W5R.jpg,tortilla - plain,all,ce8f0d185ae938f4,"['tortilla - plain', 'Wholegrain Wrap']"
../foodsg-233\Wholegrain Wrap\U0VYFCGNE5AJ099FKPAF6WAK.jpg,Wholegrain Wrap,all,ce8f0d185ae938f4,"['tortilla - plain', 'Wholegrain Wrap']"
../foodsg-233\Seafood Noodles Soup\XPDZLODJFEWFBDW7AEZLG9M4.jpg,Seafood Noodles Soup,all,ce96718c24d3f70c,"['Seafood Noodles Soup', 'sliced fish soup']"
../foodsg-233\sliced fish soup\0S6CON06Q3WMLFFTZUC7JNPD.jpg,sliced fish soup,all,ce96718c24d3f70c,"['Seafood Noodles Soup', 'sliced fish soup']"
"../foodsg-233\Bee hoon, goreng\LR932QXQR219407XN1RUHGYN.jpg","Bee hoon, goreng",all,cead29e429e1e351,"['Bee hoon, goreng', 'fried rice']"
../foodsg-233\fried rice\R35WDJC35CV1THQU5HQZCZFN.jpg,fried rice,all,cead29e429e1e351,"['Bee hoon, goreng', 'fried rice']"
../foodsg-233\Mee soto\DKJUTPHTO1L9R3DF7DGVT61B.jpg,Mee soto,all,cee3994df30432f0,"['Mee soto', 'Soto ayam']"
../foodsg-233\Soto ayam\6GM33IUTXXWFV7B6WY6NWBKB.jpg,Soto ayam,all,cee3994df30432f0,"['Mee soto', 'Soto ayam']"
../foodsg-233\Seafood Noodles Soup\IVDRCUZWEHHJD69XTJ6WZ8VW.jpg,Seafood Noodles Soup,all,cf012af524f6338b,"['Seafood Noodles Soup', 'sliced fish soup']"
../foodsg-233\sliced fish soup\BTY6N88UUCRPHW7A7N304WJ2.jpg,sliced fish soup,all,cf012af524f6338b,"['Seafood Noodles Soup', 'sliced fish soup']"
"../foodsg-233\Bee hoon, soto\BOO8N14ASR800WMWUS9JKBRA.jpg","Bee hoon, soto",all,cf0a52350a736f4e,"['Bee hoon, soto', 'Mee soto', 'Soto ayam']"
../foodsg-233\Mee soto\SILL02XOAYIF4CEZYETNGQ1D.jpg,Mee soto,all,cf0a52350a736f4e,"['Bee hoon, soto', 'Mee soto', 'Soto ayam']"
../foodsg-233\Soto ayam\GJZQN4KXIO191J1KU6G4XO30.jpg,Soto ayam,all,cf0a52350a736f4e,"['Bee hoon, soto', 'Mee soto', 'Soto ayam']"
../foodsg-233\char siew pau\Y7DYPDBQARPVC0X4JF92Y3X9.jpg,char siew pau,all,cf1862bb256245be,"['char siew pau', 'dumpling']"
../foodsg-233\dumpling\ALJG7NPMI4T7U77THTVC7UX4.jpg,dumpling,all,cf1862bb256245be,"['char siew pau', 'dumpling']"
../foodsg-233\Bibimbap\WHTB4THT3YFCIKJNSP9AVPMS.jpg,Bibimbap,all,cf813234cd0d2d7b,"['Bibimbap', 'Rice, korean bulgogi beef']"
"../foodsg-233\Rice, korean bulgogi beef\IJKN6Z8BZXGGTZMAQ3U4GESE.jpg","Rice, korean bulgogi beef",all,cf813234cd0d2d7b,"['Bibimbap', 'Rice, korean bulgogi beef']"
../foodsg-233\fried rice\CBTFX4LJW9RFDHXL26MWZI8Q.jpg,fried rice,all,cf8eae6b54954318,"['fried rice', 'Nasi Ambeng']"
../foodsg-233\Nasi Ambeng\AZJSG91B5BUYG0AOXJ8HLJFG.jpg,Nasi Ambeng,all,cf8eae6b54954318,"['fried rice', 'Nasi Ambeng']"
"../foodsg-233\Bee hoon, soto\GD21LJVR2DRYS119FTL25SUK.jpg","Bee hoon, soto",all,d07443e4ce93cec9,"['Bee hoon, soto', 'Dumpling noodle soup']"
../foodsg-233\Dumpling noodle soup\G58Q2UD68I7V1480GBAZORSJ.jpg,Dumpling noodle soup,all,d07443e4ce93cec9,"['Bee hoon, soto', 'Dumpling noodle soup']"
../foodsg-233\char siew pau\FY5DLRV5XCOFVW5FSLCIX7VS.jpg,char siew pau,all,d0952a6ebea16c96,"['char siew pau', 'xiao long bao']"
../foodsg-233\xiao long bao\1L8SCFGFYMLCPR9B3E3Y5HGJ.jpg,xiao long bao,all,d0952a6ebea16c96,"['char siew pau', 'xiao long bao']"
../foodsg-233\har cheong gai\K8HJN7KVZ7ASWEGDW6M51T8F.jpg,har cheong gai,all,d09e37b135956951,"['har cheong gai', 'pasta - red sauce']"
../foodsg-233\pasta - red sauce\DQB94UMD6Q3YJW7PYZT9J1OG.jpg,pasta - red sauce,all,d09e37b135956951,"['har cheong gai', 'pasta - red sauce']"
"../foodsg-233\Bee hoon, goreng\AGBGFH2HVRSLWRE7GCXFOQMB.jpg","Bee hoon, goreng",all,d0ca4f3516366f32,"['Bee hoon, goreng', 'vegetarian bee hoon']"
../foodsg-233\vegetarian bee hoon\22T5LKOKTLL4T721DG4FUPQM.jpg,vegetarian bee hoon,all,d0ca4f3516366f32,"['Bee hoon, goreng', 'vegetarian bee hoon']"
"../foodsg-233\Bee hoon, goreng\Z0NO38CXT3QC3NAT70LT4N42.jpg","Bee hoon, goreng",all,d0e159707af581e6,"['Bee hoon, goreng', 'Mee siam', 'Mee siam, fried']"
../foodsg-233\Mee siam\D9FCOGMCV1HYAFGSZ0MJKOKI.jpg,Mee siam,all,d0e159707af581e6,"['Bee hoon, goreng', 'Mee siam', 'Mee siam, fried']"
"../foodsg-233\Mee siam, fried\IUVXGN1A0DYW16RM8N2SZ83S.jpg","Mee siam, fried",all,d0e159707af581e6,"['Bee hoon, goreng', 'Mee siam', 'Mee siam, fried']"
../foodsg-233\Mee siam\FL0WA5RCH2D4SDKSNH44KLIY.jpg,Mee siam,all,d0f06af07de0c05f,"['Mee siam', 'Mee siam, fried']"
"../foodsg-233\Mee siam, fried\R95FPOAEYF241RDYG88EODQI.jpg","Mee siam, fried",all,d0f06af07de0c05f,"['Mee siam', 'Mee siam, fried']"
../foodsg-233\Mee bandung\ZY0OHZBGLOOGEZDSKM5452AO.jpg,Mee bandung,all,d154429a4b6e8df3,"['Mee bandung', 'Mee kuah', 'Mee rebus']"
"../foodsg-233\Bee hoon, soto\FY5RKFGNPD3KMGKZYTQU7LYY.jpg","Bee hoon, soto",all,d16d1ed07cb230e3,"['Bee hoon, soto', 'Seafood Noodles Soup']"
../foodsg-233\Seafood Noodles Soup\8ETOJGWALMZFGWW38E2RVGTI.jpg,Seafood Noodles Soup,all,d16d1ed07cb230e3,"['Bee hoon, soto', 'Seafood Noodles Soup']"
../foodsg-233\black pepper crab\5YUYISWES2N27IOIZOODVH66.jpg,black pepper crab,all,d171816949ef1796,"['black pepper crab', 'chilli crab']"
../foodsg-233\chilli crab\TY622QWDK670FU942VQZPQOW.jpg,chilli crab,all,d171816949ef1796,"['black pepper crab', 'chilli crab']"
"../foodsg-233\Bee hoon, goreng\SLHQKH5BXKQG1RAU950K1LI2.jpg","Bee hoon, goreng",all,d1a75b46392ee503,"['Bee hoon, goreng', 'Mee siam']"
../foodsg-233\Mee siam\6F3T6FDATYQYB3T96JYIC0FJ.jpg,Mee siam,all,d1a75b46392ee503,"['Bee hoon, goreng', 'Mee siam']"
../foodsg-233\whole oats\I0VIS645K62OWWL0BBYKFHQM.jpg,whole oats,all,d1ad13ea1594e237,"['whole oats', 'whole wheat']"
../foodsg-233\whole wheat\OHQESD1UOEQH3HAH5BQSON0N.jpg,whole wheat,all,d1ad13ea1594e237,"['whole oats', 'whole wheat']"
"../foodsg-233\Bee hoon, soto\Z33MP7GZ9VU79NM9CTNYV3BR.jpg","Bee hoon, soto",all,d1b172c39a2b1a6d,"['Bee hoon, soto', 'Mee soto', 'Soto ayam']"
../foodsg-233\lontong\LRA4YA9XW316ZN9W0SAZ37CY.jpg,lontong,all,d1f14fe43ce16066,"['lontong', 'Lontong with sayur lodeh']"
../foodsg-233\Lontong with sayur lodeh\KXODU2VM360XS85M324LKZ0C.jpg,Lontong with sayur lodeh,all,d1f14fe43ce16066,"['lontong', 'Lontong with sayur lodeh']"
../foodsg-233\Seafood Noodles Soup\P2KOTF3N3WT28YC0OXPJB2O6.jpg,Seafood Noodles Soup,all,d235994c46f36237,"['Seafood Noodles Soup', 'sliced fish soup']"
../foodsg-233\sliced fish soup\J5P3H7YRANXW18U0B51GX0QX.jpg,sliced fish soup,all,d235994c46f36237,"['Seafood Noodles Soup', 'sliced fish soup']"
"../foodsg-233\Bee hoon, goreng\1RSS56HZZ74MPW2VBTIEHTNF.jpg","Bee hoon, goreng",all,d24bdc48ed65e10d,"['Bee hoon, goreng', 'Seafood Noodles Soup']"
../foodsg-233\Seafood Noodles Soup\RFXV9NKX3HS7FJH7GZ7QIAEV.jpg,Seafood Noodles Soup,all,d24bdc48ed65e10d,"['Bee hoon, goreng', 'Seafood Noodles Soup']"
../foodsg-233\miso soup\9H9XBTYNCP6BETEHKVM5N3A9.jpg,miso soup,all,d25263815bddacc5,"['miso soup', 'mushroom soup']"
../foodsg-233\mushroom soup\EOPJEEDABLXW6BH44AI6XE5O.jpg,mushroom soup,all,d25263815bddacc5,"['miso soup', 'mushroom soup']"
../foodsg-233\ayam penyet\TI638U4RC5GRY6L6DFCAZPT9.jpg,ayam penyet,all,d26a91197d869ef0,"['ayam penyet', 'Soto ayam']"
../foodsg-233\Soto ayam\S67R5UN3O3SIZ8V91DSKICDE.jpg,Soto ayam,all,d26a91197d869ef0,"['ayam penyet', 'Soto ayam']"
../foodsg-233\Soto ayam\L9NA0JQXKHC9JGNXUU9A7Q3E.jpg,Soto ayam,all,d2865a3a2e4cbcec,"['Mee soto', 'Soto ayam']"
../foodsg-233\steamed buns\PL010TVM0UU0HRCRU6AVXURV.jpg,steamed buns,all,d29e5c916143e766,"['char siew pau', 'steamed buns']"
../foodsg-233\mushroom soup\OR7QYZ3OHX2UXIYF1U72ATIO.jpg,mushroom soup,all,d2a8c9872fde648a,"['cream soup', 'mushroom soup', 'sliced fish soup']"
../foodsg-233\Fruit juice\8JZKD7E6Y39N8VJF8M98VCT8.jpg,Fruit juice,all,d2d25a05b5ad5a55,"['Fruit juice', 'honeydew']"
../foodsg-233\honeydew\NOZ51OR3U47V1KT1478HKYJ0.jpg,honeydew,all,d2d25a05b5ad5a55,"['Fruit juice', 'honeydew']"
"../foodsg-233\Bee hoon, soto\MFW5J7NAEL8WU51FVBVJ9KI5.jpg","Bee hoon, soto",all,d2e44806cf1b1d3f,"['Bee hoon, soto', 'Mee soto']"
../foodsg-233\Mee soto\3RCULOGTW93V1BTK2Q1P2VV6.jpg,Mee soto,all,d2e44806cf1b1d3f,"['Bee hoon, soto', 'Mee soto']"
../foodsg-233\Mee siam\0N9GJKQKR4LPEC7E6QYCHW0B.jpg,Mee siam,all,d2e4b516b5a95625,"['Mee siam', 'Mee siam, fried']"
"../foodsg-233\Mee siam, fried\OUM3O3Q4ZFLFS097RZKGM8AJ.jpg","Mee siam, fried",all,d2e4b516b5a95625,"['Mee siam', 'Mee siam, fried']"
../foodsg-233\Mee siam\1G2XFR2P1GJKBOU7KO0O3440.jpg,Mee siam,all,d2f09975e921c366,"['Mee siam', 'Mee siam, fried']"
"../foodsg-233\Mee siam, fried\N8P8EE7KC0XXWYQ26JWO2GAM.jpg","Mee siam, fried",all,d2f09975e921c366,"['Mee siam', 'Mee siam, fried']"
"../foodsg-233\Bee hoon, soto\PH7FU8ETGY5ORIUWW0LKWYAA.jpg","Bee hoon, soto",all,d2fc1a7aa99153c8,"['Bee hoon, soto', 'Soto ayam']"
../foodsg-233\Soto ayam\5QVGRJTHNZRX6K9PXT2L7LYM.jpg,Soto ayam,all,d2fc1a7aa99153c8,"['Bee hoon, soto', 'Soto ayam']"
"../foodsg-233\Mee siam, fried\XQA26QMC8E3T32169Q4AAY04.jpg","Mee siam, fried",all,d31a103b17bf31f0,"['Mee siam, fried', 'vegetarian bee hoon']"
../foodsg-233\vegetarian bee hoon\VG8PZNYBTGMB6ZII49ZZMQ06.jpg,vegetarian bee hoon,all,d31a103b17bf31f0,"['Mee siam, fried', 'vegetarian bee hoon']"
../foodsg-233\Seafood Noodles Soup\3UGRV7FZ08OS2QWWN3QNRC65.jpg,Seafood Noodles Soup,all,d36304cd43b6971e,"['Seafood Noodles Soup', 'sliced fish soup']"
../foodsg-233\sliced fish soup\5VVD2MN13E90JWMSSL1IPQKN.jpg,sliced fish soup,all,d36304cd43b6971e,"['Seafood Noodles Soup', 'sliced fish soup']"
../foodsg-233\murtabak\8PHNLOLAWL7EVRHZ48578JQ5.jpg,murtabak,all,d37a880d9cccd6c6,"['murtabak', 'otak']"
../foodsg-233\otak\9MTC75LDL58VQARLSQPLPP1D.jpg,otak,all,d37a880d9cccd6c6,"['murtabak', 'otak']"
../foodsg-233\dumpling\BCHEA1WHAJPGL2ZNBV67XQBK.jpg,dumpling,all,d3882af5a563e21e,"['dumpling', 'rice dumpling']"
../foodsg-233\rice dumpling\XGD7H9PPN7YTSID08KOADNGU.jpg,rice dumpling,all,d3882af5a563e21e,"['dumpling', 'rice dumpling']"
../foodsg-233\hokkien prawn mee\3T8E7L47KGOIHHW9TJM93SRH.jpg,hokkien prawn mee,all,d3d14f8b74cc2a8c,"['hokkien prawn mee', 'Prawn Noodle']"
../foodsg-233\Prawn Noodle\XS5VUB99K7O0P4EDS9861I4K.jpg,Prawn Noodle,all,d3d14f8b74cc2a8c,"['hokkien prawn mee', 'Prawn Noodle']"
../foodsg-233\Seafood Noodles Soup\MAP5D3DFQ34R90GJFE9VDGE5.jpg,Seafood Noodles Soup,all,d3ea4ce423968bca,"['Seafood Noodles Soup', 'sliced fish soup']"
../foodsg-233\sliced fish soup\RTFY5R3VJ5NEWWM9M217DF3K.jpg,sliced fish soup,all,d3ea4ce423968bca,"['Seafood Noodles Soup', 'sliced fish soup']"
"../foodsg-233\Bee hoon, soto\4N6XXWHOGTEA5KC6UYLGZQSI.jpg","Bee hoon, soto",all,d3ed297224353e1a,"['Bee hoon, soto', 'Soto ayam']"
../foodsg-233\Soto ayam\7X0RMZJ0WS9WHPJ2U24YE8QY.jpg,Soto ayam,all,d3ed297224353e1a,"['Bee hoon, soto', 'Soto ayam']"
../foodsg-233\Fried Noodles\4G3DT7LL187JT7CDLK7B9U53.jpg,Fried Noodles,all,d42dc2322bbfb5c0,"['Fried Noodles', 'Udon']"
../foodsg-233\Udon\RF42APN2W7YLCH6PHX024ANF.jpg,Udon,all,d42dc2322bbfb5c0,"['Fried Noodles', 'Udon']"
../foodsg-233\Seafood Noodles Soup\SGNN198LL7AEZ9F314G1S0MT.jpg,Seafood Noodles Soup,all,d4946b0b3d4bd03d,"['bee hoon', 'Bee hoon, soto', 'Seafood Noodles Soup', 'sliced fish soup']"
../foodsg-233\cream soup\5NMVXISXFNNR3NZSA84OTIXX.jpg,cream soup,all,d4af2be0b487d28a,"['cream soup', 'mushroom soup']"
../foodsg-233\mushroom soup\AZF2QKUHN63VX48XES9RQAGM.jpg,mushroom soup,all,d4af2be0b487d28a,"['cream soup', 'mushroom soup']"
../foodsg-233\whole grain bread\U9TWX4N8DT0UXWB5A34GM186.jpg,whole grain bread,all,d4d1a1299bb5e916,"['whole grain bread', 'whole wheat']"
../foodsg-233\whole wheat\IYW70FNQYQR0RXSZQJVRHAUF.jpg,whole wheat,all,d4d1a1299bb5e916,"['whole grain bread', 'whole wheat']"
"../foodsg-233\Bee hoon, goreng\021VH1MPKERB1L20WGI0XC6I.jpg","Bee hoon, goreng",all,d50a2e9d2632ed6c,"['Bee hoon, goreng', 'vegetarian bee hoon']"
../foodsg-233\vegetarian bee hoon\Z5BZK0NWEJASAFYIK6WK8D8K.jpg,vegetarian bee hoon,all,d50a2e9d2632ed6c,"['Bee hoon, goreng', 'vegetarian bee hoon']"
../foodsg-233\char siew pau\AYH59ZGEYUWNVXQTCIWT2FA0.jpg,char siew pau,all,d51945135716d557,"['char siew pau', 'steamed buns']"
../foodsg-233\steamed buns\1UEZZXAADRQ70J9DOBVWBZWL.jpg,steamed buns,all,d51945135716d557,"['char siew pau', 'steamed buns']"
"../foodsg-233\Bee hoon, goreng\XK0ITVSR7WOUQOV1P6R49POM.jpg","Bee hoon, goreng",all,d51e98d7d6f14980,"['Bee hoon, goreng', 'Kway Teow']"
../foodsg-233\Kway Teow\ABAF0891CJBKSYVZF3SSY378.jpg,Kway Teow,all,d51e98d7d6f14980,"['Bee hoon, goreng', 'Kway Teow']"
"../foodsg-233\Bee hoon, goreng\BWQHQU7Q0XSPZWK4JDDNXO9B.jpg","Bee hoon, goreng",all,d52d652d6a3da8a2,"['Bee hoon, goreng', 'vegetarian bee hoon']"
../foodsg-233\vegetarian bee hoon\BJ1YIZ954LQ4RP7N036OHX3E.jpg,vegetarian bee hoon,all,d52d652d6a3da8a2,"['Bee hoon, goreng', 'vegetarian bee hoon']"
../foodsg-233\cream soup\F7Y8WK0IIZXD07XL8K14U6M1.jpg,cream soup,all,d55f52d456b6a290,"['cream soup', 'vegetable soup']"
../foodsg-233\vegetable soup\FJJ3FRCCNUMQ5T40B85PGTHD.jpg,vegetable soup,all,d55f52d456b6a290,"['cream soup', 'vegetable soup']"
../foodsg-233\bee hoon\M93BT20EIY7OQTITCDY46J6F.jpg,bee hoon,all,d568ca25c91787da,"['bee hoon', 'Bee hoon, goreng', 'Bee hoon, soto']"
../foodsg-233\chicken masala\C77ML4TIAKX1EZHK93LJQUBB.jpg,chicken masala,all,d5a5111e1e9a5ada,"['chicken masala', 'tandoori chicken']"
../foodsg-233\tandoori chicken\BKKRO1ZTQGMFTD11W4JCAH59.jpg,tandoori chicken,all,d5a5111e1e9a5ada,"['chicken masala', 'tandoori chicken']"
../foodsg-233\bee hoon\7ORZWPGZDX97DSPF5Q4OJNAQ.jpg,bee hoon,all,d61b692d643a263b,"['bee hoon', 'Bee hoon, goreng']"
"../foodsg-233\Bee hoon, goreng\GJBFIUE1GYJU3P7CO8R2GAA0.jpg","Bee hoon, goreng",all,d61b692d643a263b,"['bee hoon', 'Bee hoon, goreng']"
../foodsg-233\muesli\7BY6IDQW7XYLP6ZZ61DTS8CX.jpg,muesli,all,d61e18b0568e2fd3,"['muesli', 'parfait']"
../foodsg-233\parfait\HPPE39MF5RYD22ZW4ISV0TV6.jpg,parfait,all,d61e18b0568e2fd3,"['muesli', 'parfait']"
"../foodsg-233\Mee siam, fried\T9MHJU08LPNR1DXIDODVBM1T.jpg","Mee siam, fried",all,d6884f8d6cc51bd8,"['Mee rebus', 'Mee siam', 'Mee siam, fried']"
../foodsg-233\Mee soto\GBTI29APAWPJ6C9IVAHIFMN6.jpg,Mee soto,all,d69729c96642323f,"['Mee soto', 'Soto ayam']"
../foodsg-233\Soto ayam\S5BI3GHUQ49ENKYNBX4MLG5B.jpg,Soto ayam,all,d69729c96642323f,"['Mee soto', 'Soto ayam']"
"../foodsg-233\Bee hoon, goreng\R4GNGJ3PWXYA3P0GH4CB15TP.jpg","Bee hoon, goreng",all,d6b9eae2e802583e,"['Bee hoon, goreng', 'Mee goreng']"
../foodsg-233\Mee goreng\AY43ULMULV2XZG87BENC238J.jpg,Mee goreng,all,d6b9eae2e802583e,"['Bee hoon, goreng', 'Mee goreng']"
../foodsg-233\Fruit juice\2I0GGZD7F2H93Q9UWCF4WKQT.jpg,Fruit juice,all,d6bcca80dad5a94a,"['Fruit juice', 'honeydew']"
../foodsg-233\honeydew\NS997VAFDGPJPYB5WY72TBPP.jpg,honeydew,all,d6bcca80dad5a94a,"['Fruit juice', 'honeydew']"
../foodsg-233\breakfast cereal\PUVO0OA9OH4OTS94FPSSYJWW.jpg,breakfast cereal,all,d6d1a6a8aa4a5c37,"['breakfast cereal', 'whole oats']"
../foodsg-233\lontong\NTPGJVXRWZ1143JTVW681S21.jpg,lontong,all,d6d9c1c6036e1b6a,"['lontong', 'Lontong with sayur lodeh']"
../foodsg-233\Lontong with sayur lodeh\APEU2K5GMVF79UEQA5B5UMVI.jpg,Lontong with sayur lodeh,all,d6d9c1c6036e1b6a,"['lontong', 'Lontong with sayur lodeh']"
../foodsg-233\murtabak\IICVTIQ0NF0NOOG4TOW2ZR30.jpg,murtabak,all,d7112f4ad10fc07b,"['murtabak', 'roti john']"
../foodsg-233\roti john\2LIT7WLHQIIQVSY4ZG6OZ5IB.jpg,roti john,all,d7112f4ad10fc07b,"['murtabak', 'roti john']"
../foodsg-233\whole wheat\BKQKR7E4XH0N01AKVOSSZX8H.jpg,whole wheat,all,d785401f31eb538d,"['whole wheat', 'Wholegrain Wrap']"
../foodsg-233\Wholegrain Wrap\MO5UKFWBHQE0VP3KGHZN4W07.jpg,Wholegrain Wrap,all,d785401f31eb538d,"['whole wheat', 'Wholegrain Wrap']"
"../foodsg-233\Bee hoon, soto\FCKN88NMQ7IUUHWY07ODPNKN.jpg","Bee hoon, soto",all,d7e980e30f844f93,"['Bee hoon, soto', 'Mee soto', 'Soto ayam']"
../foodsg-233\Seafood Noodles Soup\DLKSJOBNN6IY445U6TKU67UW.jpg,Seafood Noodles Soup,all,d870552b859f5372,"['Seafood Noodles Soup', 'sliced fish soup']"
../foodsg-233\sliced fish soup\2JNSTQ2JYVHLR3L72THC2RVE.jpg,sliced fish soup,all,d870552b859f5372,"['Seafood Noodles Soup', 'sliced fish soup']"
../foodsg-233\mixed vegetables\MXXKN56GO8J4N1DKR3NIQP7D.jpg,mixed vegetables,all,d8c873617967a32c,"['Bee hoon, goreng', 'Mee siam, fried', 'mixed vegetables']"
"../foodsg-233\Bee hoon, goreng\HZ4N63IDYFF9AMG5NSBPFBPU.jpg","Bee hoon, goreng",all,d8e6fb80ac9d8551,"['Bee hoon, goreng', 'vegetarian bee hoon']"
../foodsg-233\vegetarian bee hoon\D3E1ETH5XY35G66N96G6AFDC.jpg,vegetarian bee hoon,all,d8e6fb80ac9d8551,"['Bee hoon, goreng', 'vegetarian bee hoon']"
../foodsg-233\char siew pau\TVBUHC2H3DNR3H2Z3Y3KXS7S.jpg,char siew pau,all,d907347c61e6b962,"['char siew pau', 'steamed buns']"
../foodsg-233\steamed buns\8YYFWHJ1L7Z6TNS0B5KVF9GQ.jpg,steamed buns,all,d907347c61e6b962,"['char siew pau', 'steamed buns']"
../foodsg-233\whole grain bread\8A0PH76RWHT0UF47B36IOPD8.jpg,whole grain bread,all,d9a5d659b4c0bc51,"['whole grain bread', 'whole oats']"
../foodsg-233\whole oats\M39807L95VE5I9QFGQSIKHR1.jpg,whole oats,all,d9a5d659b4c0bc51,"['whole grain bread', 'whole oats']"
../foodsg-233\Apricot\I6Y9WVPJDXL2WHZSEALFBRDR.jpg,Apricot,all,d9d84cc05a47d7b4,"['Apricot', 'preserved fruit snacks']"
../foodsg-233\preserved fruit snacks\DVQRURPEI6WY8AE92BI0N46H.jpg,preserved fruit snacks,all,d9d84cc05a47d7b4,"['Apricot', 'preserved fruit snacks']"
../foodsg-233\green leafy vegetables\TPGB8NUGLAIVSWU2CYH4BDQU.jpg,green leafy vegetables,all,d9f0fd78b2a54061,"['green leafy vegetables', 'salad']"
../foodsg-233\salad\E4DTCZPSTJDQ7I61LU9P999N.jpg,salad,all,d9f0fd78b2a54061,"['green leafy vegetables', 'salad']"
../foodsg-233\Dumpling noodle soup\OGOZ05OYNT68BLG7O1IQ7JG1.jpg,Dumpling noodle soup,all,d9f37be073814017,"['Dumpling noodle soup', 'pig organ soup']"
../foodsg-233\hokkien prawn mee\5K0NW17PRIGU8DXRJNWEE9KO.jpg,hokkien prawn mee,all,da932965248f8ece,"['hokkien prawn mee', 'Prawn Noodle']"
../foodsg-233\Prawn Noodle\8EIOSK869QNDI44366L7QUEI.jpg,Prawn Noodle,all,da932965248f8ece,"['hokkien prawn mee', 'Prawn Noodle']"
../foodsg-233\chicken soup\7FAPBZEZP8PMS7VYNWR8A6CZ.jpg,chicken soup,all,daf00a95a88db53d,"['chicken soup', 'cream soup']"
../foodsg-233\cream soup\JL6NXEVFXB9FZT1XAZ7HWAV8.jpg,cream soup,all,daf00a95a88db53d,"['chicken soup', 'cream soup']"
../foodsg-233\parfait\ULX55ZE1A4YK430MXRSXI3VT.jpg,parfait,all,db18185d0db3f2d8,"['parfait', 'yogurt']"
../foodsg-233\yogurt\O1LSBA0KZJN6QCU4XYGUERB5.jpg,yogurt,all,db18185d0db3f2d8,"['parfait', 'yogurt']"
"../foodsg-233\Bee hoon, goreng\KCFFJFHZL5XNTYMI1QNG8WJ1.jpg","Bee hoon, goreng",all,db2aec08f89334b6,"['Bee hoon, goreng', 'Mee goreng']"
../foodsg-233\Mee goreng\J5J73DENF54PEZQQWGMZTGX2.jpg,Mee goreng,all,db2aec08f89334b6,"['Bee hoon, goreng', 'Mee goreng']"
"../foodsg-233\Bee hoon, soto\XISCQP2BX2HXBZ6SZ3L75SLZ.jpg","Bee hoon, soto",all,db82eda5fa9284c4,"['Bee hoon, soto', 'satay bee hoon']"
../foodsg-233\satay bee hoon\48MWQSMXKQ049TPQFEGLETTS.jpg,satay bee hoon,all,db82eda5fa9284c4,"['Bee hoon, soto', 'satay bee hoon']"
../foodsg-233\Seafood Noodles Soup\6X75MNLP2216LD822Q0AXSB8.jpg,Seafood Noodles Soup,all,dba10d1e36613b66,"['Seafood Noodles Soup', 'sliced fish soup']"
../foodsg-233\sliced fish soup\5EUYEPJUBPWB2IE91RAHKMFU.jpg,sliced fish soup,all,dba10d1e36613b66,"['Seafood Noodles Soup', 'sliced fish soup']"
../foodsg-233\Mee siam\9G5O6UEXX3I0C8AGUVC21H06.jpg,Mee siam,all,dbd16c15b4fa80a5,"['Mee siam', 'Mee siam, fried']"
"../foodsg-233\Mee siam, fried\4OQL30VY85TR7D509M0UE2N9.jpg","Mee siam, fried",all,dbd16c15b4fa80a5,"['Mee siam', 'Mee siam, fried']"
"../foodsg-233\Bee hoon, goreng\KVDFLMJFAVE7UQJV2ASYI2MZ.jpg","Bee hoon, goreng",all,dc04be48a37f0a5b,"['Bee hoon, goreng', 'Mee goreng']"
../foodsg-233\Mee goreng\D3MSHKPLQ67AXHA6SQGLTPFZ.jpg,Mee goreng,all,dc04be48a37f0a5b,"['Bee hoon, goreng', 'Mee goreng']"
"../foodsg-233\Bee hoon, soto\LNCLN103MMVKM7SIJ8V5XZWF.jpg","Bee hoon, soto",all,dc9e30a5c7863c1e,"['Bee hoon, soto', 'Mee soto']"
../foodsg-233\Mee soto\YMINN5GLNU8PBQLACCNFNBJA.jpg,Mee soto,all,dc9e30a5c7863c1e,"['Bee hoon, soto', 'Mee soto']"
../foodsg-233\drunken prawn\UQQMD9KJ0MNYJTAN98P19UP0.jpg,drunken prawn,all,dd69d1f7028c48b5,"['drunken prawn', 'tacos and nachos']"
../foodsg-233\tacos and nachos\NYC42ZVVDD9D6G5NS9472CAO.jpg,tacos and nachos,all,dd69d1f7028c48b5,"['drunken prawn', 'tacos and nachos']"
../foodsg-233\pasta - fettuccine\KO5I1W8UMG9WOCWCJ7R3N1L1.jpg,pasta - fettuccine,all,ddad52956ad28d42,"['pasta - fettuccine', 'pasta - red sauce']"
../foodsg-233\pasta - red sauce\MR0JYNBMCD48N0OJQC2PF9LR.jpg,pasta - red sauce,all,ddad52956ad28d42,"['pasta - fettuccine', 'pasta - red sauce']"
../foodsg-233\lontong\EXS5AGZVIHJDBTJ9W4YONVBO.jpg,lontong,all,ddf840a287bd1a9c,"['lontong', 'Lontong with sayur lodeh']"
../foodsg-233\lontong\WA0Q1L9R1R9OO8NVGL3STJE5.jpg,lontong,all,ddf840a287bd1a9c,"['lontong', 'Lontong with sayur lodeh']"
../foodsg-233\Lontong with sayur lodeh\35YFEXUFDIHJV86KQFZOBDCF.jpg,Lontong with sayur lodeh,all,ddf840a287bd1a9c,"['lontong', 'Lontong with sayur lodeh']"
../foodsg-233\sushi\GO8CE2B9051FNILPYMBIJ9T6.jpg,sushi,all,de34d6353959a2e0,"['sushi', 'yuseng']"
../foodsg-233\yuseng\PSWOO4O4H48Y9R5I7QT1DJ0N.jpg,yuseng,all,de34d6353959a2e0,"['sushi', 'yuseng']"
"../foodsg-233\Mee siam, fried\DMPTXRB0BO8OFX98XADP5COJ.jpg","Mee siam, fried",all,de8760d1c39a9e68,"['Bee hoon, goreng', 'Mee siam, fried']"
"../foodsg-233\Bee hoon, goreng\JZJVG59MFRAFI8DT3CWZ79EI.jpg","Bee hoon, goreng",all,de9c7107b46e445c,"['Bee hoon, goreng', 'vegetarian bee hoon']"
"../foodsg-233\Bee hoon, goreng\ROJ0EH44M8HFAQHTDNAN6I1H.jpg","Bee hoon, goreng",all,de9c7107b46e445c,"['Bee hoon, goreng', 'vegetarian bee hoon']"
../foodsg-233\vegetarian bee hoon\ZPMKHDAHAVKDGMJ3TXQ0AOXI.jpg,vegetarian bee hoon,all,de9c7107b46e445c,"['Bee hoon, goreng', 'vegetarian bee hoon']"
../foodsg-233\lontong\FO6MN9LOE9O0748O21Q8DYUE.jpg,lontong,all,deb13186035b4c7d,"['lontong', 'Lontong with sayur lodeh']"
../foodsg-233\Lontong with sayur lodeh\SWTMTMIDFOH42QLGF5SOH6Z6.jpg,Lontong with sayur lodeh,all,deb13186035b4c7d,"['lontong', 'Lontong with sayur lodeh']"
../foodsg-233\Laksa\WU0Y9K6L4E20CUT4KRQCJXBR.jpg,Laksa,all,decbf5342e401aaa,"['Laksa', 'Mee siam']"
"../foodsg-233\Bee hoon, soto\QTQ7WMC64VDF1YTV7BFBWGF6.jpg","Bee hoon, soto",all,dee86a9623134d9c,"['bee hoon', 'Bee hoon, soto']"
../foodsg-233\cream soup\R8AOQ828R0C6BCXMEJGJ5RH7.jpg,cream soup,all,deff098250ce423d,"['cream soup', 'mushroom soup']"
../foodsg-233\mushroom soup\L8JBNFEHRZVZ1ECD2HONZ9YA.jpg,mushroom soup,all,deff098250ce423d,"['cream soup', 'mushroom soup']"
../foodsg-233\bak chor mee\B9CO4E71KBHWDJPCK7Q1GOMX.jpg,bak chor mee,all,df1c406a2e2db572,"['bak chor mee', 'Dumpling noodle soup']"
../foodsg-233\bak chor mee\VG2NH0GJELJY6AV1BNDKD26S.jpg,bak chor mee,all,df1c406a2e2db572,"['bak chor mee', 'Dumpling noodle soup']"
../foodsg-233\Dumpling noodle soup\MD8IMFGVM3XXH1TAEXIH83BN.jpg,Dumpling noodle soup,all,df1c406a2e2db572,"['bak chor mee', 'Dumpling noodle soup']"
../foodsg-233\Mee soto\JOC177CWL42ZDX9G7V86Y1WF.jpg,Mee soto,all,df41213de01759f1,"['Mee soto', 'Soto ayam']"
../foodsg-233\Soto ayam\QXJG05BTN9E0ZQG5F1A35J4T.jpg,Soto ayam,all,df41213de01759f1,"['Mee soto', 'Soto ayam']"
../foodsg-233\Fried Noodles\JL4BIHRFRMV22FF5WWHO4N1Z.jpg,Fried Noodles,all,df6a403f2af541c2,"['Fried Noodles', 'Mee siam, fried']"
"../foodsg-233\Mee siam, fried\QFME3TWOHYXK9V81LYZ5QLFE.jpg","Mee siam, fried",all,df6a403f2af541c2,"['Fried Noodles', 'Mee siam, fried']"
../foodsg-233\Grapefruit\1BJPZ7EYTRYEB59BTXYVYAZE.jpg,Grapefruit,all,df85ac13ea3ba850,"['Grapefruit', 'Pomelo']"
../foodsg-233\Pomelo\3QPQRRXEED0JM91JHZWZI1MS.jpg,Pomelo,all,df85ac13ea3ba850,"['Grapefruit', 'Pomelo']"
../foodsg-233\whole oats\DDLYFSBFO1W1W74QB6MLSL92.jpg,whole oats,all,df962cc5999cb031,"['whole oats', 'wholegrain pasta']"
../foodsg-233\wholegrain pasta\547UYE9MICL9HO5N6CCISVSG.jpg,wholegrain pasta,all,df962cc5999cb031,"['whole oats', 'wholegrain pasta']"
../foodsg-233\char siew pau\K5GN4JQ2THZRBYPGGBBJLL86.jpg,char siew pau,all,df98786ae02587a6,"['char siew pau', 'steamed buns']"
../foodsg-233\steamed buns\0C8F24QH68Y8LBTORIRPPAY8.jpg,steamed buns,all,df98786ae02587a6,"['char siew pau', 'steamed buns']"
../foodsg-233\steamed buns\2I0R8AMRQKZYWXKMLCSWJSTK.jpg,steamed buns,all,df98786ae02587a6,"['char siew pau', 'steamed buns']"
../foodsg-233\honeydew\P8QYL617Z21TMAJY7V4QUCPJ.jpg,honeydew,all,dfd920a986b497b0,"['honeydew', 'rock melon']"
../foodsg-233\rock melon\TGB4ZUTDJHUIAHCM39TI4RM7.jpg,rock melon,all,dfd920a986b497b0,"['honeydew', 'rock melon']"
"../foodsg-233\Bee hoon, soto\B20QKJ6L9DVMIFWDUSRY4CXW.jpg","Bee hoon, soto",all,dfe310c6b10317f8,"['Bee hoon, soto', 'Mee soto', 'Soto ayam']"
"../foodsg-233\Don, chicken teriyaki\FMY6NB2478V8J7C6VQJZXAXS.jpg","Don, chicken teriyaki",all,dff4c0608ea39e94,"['Don, chicken teriyaki', 'Don, unagi']"
"../foodsg-233\Don, unagi\XN3YINV8J0GRQP9IXJEB89SJ.jpg","Don, unagi",all,dff4c0608ea39e94,"['Don, chicken teriyaki', 'Don, unagi']"
../foodsg-233\black pepper crab\F1TW3EPE95PJLTLTW7CS6XNC.jpg,black pepper crab,all,e037453a7fe81287,"['black pepper crab', 'chilli crab']"
../foodsg-233\chilli crab\15B5694UHISHEWU9AXE0EYWU.jpg,chilli crab,all,e037453a7fe81287,"['black pepper crab', 'chilli crab']"
../foodsg-233\bakso\WLZGJUYR0OKTP1N75LU0BQ4A.jpg,bakso,all,e0afd468c32d9a35,"['bakso', 'meatball']"
../foodsg-233\meatball\IDPIL6BI1Z3LBQOKDKOP5IHR.jpg,meatball,all,e0afd468c32d9a35,"['bakso', 'meatball']"
../foodsg-233\bak chor mee\71FNQAR21V84TC5LBB96HL2J.jpg,bak chor mee,all,e0d495489f255e67,"['bak chor mee', 'mee pok']"
../foodsg-233\mee pok\6EILUVRH6QT7Q8GH1ZNO7Z97.jpg,mee pok,all,e0d495489f255e67,"['bak chor mee', 'mee pok']"
../foodsg-233\green leafy vegetables\1BEJNN7NVNRYFQOZV2JO35B5.jpg,green leafy vegetables,all,e0d651cd1846cfab,"['green leafy vegetables', 'mixed vegetables']"
../foodsg-233\mixed vegetables\QYMXO1QTPBPXB2LLG8TRBZAL.jpg,mixed vegetables,all,e0d651cd1846cfab,"['green leafy vegetables', 'mixed vegetables']"
../foodsg-233\lontong\UJK1N5FJQDYAROKVXOHSBM0C.jpg,lontong,all,e13cb32395b5d494,"['lontong', 'Lontong with sayur lodeh']"
../foodsg-233\Lontong with sayur lodeh\802RQC2EQYPBEM130EZGI5M8.jpg,Lontong with sayur lodeh,all,e13cb32395b5d494,"['lontong', 'Lontong with sayur lodeh']"
../foodsg-233\cereal prawns\KAMT75FATS26B3ULMOB0D2A4.jpg,cereal prawns,all,e142c50b4f6faba4,"['cereal prawns', 'fried prawn']"
../foodsg-233\fried prawn\E5D3LHYIKYAEL9LLQB0U2Y28.jpg,fried prawn,all,e142c50b4f6faba4,"['cereal prawns', 'fried prawn']"
../foodsg-233\char siew\1HVKHQ16GBIOJA5V1XEVA7BT.jpg,char siew,all,e153726ba432ce39,"['char siew', 'Wanton mee, dry']"
"../foodsg-233\Wanton mee, dry\ALZWCBVZUZ7BNKVE6PTT8BCG.jpg","Wanton mee, dry",all,e153726ba432ce39,"['char siew', 'Wanton mee, dry']"
../foodsg-233\black pepper crab\Z5UX9FRP8XP2Y9NTI0K4D4OJ.jpg,black pepper crab,all,e182d69f3c9271c9,"['black pepper crab', 'chilli crab']"
../foodsg-233\chilli crab\026JNFMMP0NPLCE0GSHEY8CR.jpg,chilli crab,all,e182d69f3c9271c9,"['black pepper crab', 'chilli crab']"
../foodsg-233\bak chor mee\13VRFHJE3ZECVETEKTUKL6WM.jpg,bak chor mee,all,e1869e79c92683da,"['bak chor mee', 'mee pok']"
../foodsg-233\mee pok\2ETZGV6EW5H2NNZVMP51TYGY.jpg,mee pok,all,e1869e79c92683da,"['bak chor mee', 'mee pok']"
../foodsg-233\drunken prawn\AOMXQ76MLZ1XYSYA9LD4RBWU.jpg,drunken prawn,all,e18c946ed1e345e5,"['drunken prawn', 'fried prawn']"
../foodsg-233\fried prawn\JD3922RUC39TOXH3P99PXXO2.jpg,fried prawn,all,e18c946ed1e345e5,"['drunken prawn', 'fried prawn']"
../foodsg-233\Mee siam\LQVQ486DB7X1K0BWI47G5VV7.jpg,Mee siam,all,e1e41e91388765db,"['Mee siam', 'Mee siam, fried']"
"../foodsg-233\Mee siam, fried\ADWEKHNKMKEHD83J62DA97AJ.jpg","Mee siam, fried",all,e1e41e91388765db,"['Mee siam', 'Mee siam, fried']"
../foodsg-233\chicken soup\FUXUFCHZOHTB4BAONPI2L5TV.jpg,chicken soup,all,e1fc624ae578c3b0,"['chicken soup', 'Dumpling noodle soup']"
../foodsg-233\Dumpling noodle soup\30XB2AEWRF8Z9BCJEKKALMAH.jpg,Dumpling noodle soup,all,e1fc624ae578c3b0,"['chicken soup', 'Dumpling noodle soup']"
../foodsg-233\hokkien prawn mee\500TTG9JM2QVQURGJNZXL5EY.jpg,hokkien prawn mee,all,e28795bcd8b16a16,"['hokkien prawn mee', 'Mee kuah']"
../foodsg-233\Mee kuah\C2KD3UJFB6211DJNQDKULCZ0.jpg,Mee kuah,all,e28795bcd8b16a16,"['hokkien prawn mee', 'Mee kuah']"
../foodsg-233\vegetarian bee hoon\5ZUZTTE2UGHDWCPAU907HJ3Y.jpg,vegetarian bee hoon,all,e2abbf18f151d450,"['Bee hoon, goreng', 'Mee goreng', 'Mee siam, fried', 'vegetarian bee hoon']"
"../foodsg-233\Mee siam, fried\90FM0FD9NJQ0026V2PXYBH00.jpg","Mee siam, fried",all,e2ada0d583959756,"['Mee siam', 'Mee siam, fried']"
../foodsg-233\Mee soto\SV32SQJKM4K9EX2VAJ26RZHI.jpg,Mee soto,all,e2ef8548562f1a65,"['Bee hoon, soto', 'Mee soto']"
../foodsg-233\canned Fruit salad\43YV3TRR599QGMCIS4Y6Y4VY.jpg,canned Fruit salad,all,e31817276c5b5b25,"['canned Fruit salad', 'Papaya']"
../foodsg-233\canned Fruit salad\WEI6QA2T73TCJWMLTZ33ZKWI.jpg,canned Fruit salad,all,e31817276c5b5b25,"['canned Fruit salad', 'Papaya']"
../foodsg-233\Papaya\YRRGCFOAE1ELY4JPSYT5MF2N.jpg,Papaya,all,e31817276c5b5b25,"['canned Fruit salad', 'Papaya']"
../foodsg-233\Mee kuah\ALGUPCQED71L6YCOTDAOLX0H.jpg,Mee kuah,all,e32dbcc3a413c11f,"['Mee bandung', 'Mee kuah', 'Mee rebus']"
../foodsg-233\Mee rebus\X5778PN5DJ1MNT59TBCTDGGB.jpg,Mee rebus,all,e32dbcc3a413c11f,"['Mee bandung', 'Mee kuah', 'Mee rebus']"
../foodsg-233\Mee soto\S94A69SWVEB5U324REWGIAS8.jpg,Mee soto,all,e349cbcc9c363594,"['Mee soto', 'Soto ayam']"
../foodsg-233\lontong\AQ5SPZFSJ1RY9Q4QO5TMRBVA.jpg,lontong,all,e361b456c5ca632d,"['lontong', 'Lontong with sayur lodeh']"
../foodsg-233\Lontong with sayur lodeh\EUHN77K9SYXVVFH5J1G7HT2V.jpg,Lontong with sayur lodeh,all,e361b456c5ca632d,"['lontong', 'Lontong with sayur lodeh']"
../foodsg-233\fried prawn\0YV10UH8QZKZ338MK1ZFJY6F.jpg,fried prawn,all,e366b8651cdb1a62,"['fried prawn', 'har cheong gai']"
../foodsg-233\har cheong gai\NGMDI1H6O1AXGOPXQTZKPRKB.jpg,har cheong gai,all,e366b8651cdb1a62,"['fried prawn', 'har cheong gai']"
../foodsg-233\Bibimbap\GBD65G66H8LYWEU5K1C8T51T.jpg,Bibimbap,all,e39aaea591336689,"['Bibimbap', 'Rice, korean bulgogi beef']"
../foodsg-233\Mee bandung\FED98764KDX7IOMYV038TLLF.jpg,Mee bandung,all,e3adbec2b643c007,"['Mee bandung', 'Mee rebus']"
../foodsg-233\Mee rebus\U11PP136C2RLR5AC8DQSNS71.jpg,Mee rebus,all,e3adbec2b643c007,"['Mee bandung', 'Mee rebus']"
../foodsg-233\Mee siam\BKFQUK1HBEHMY6V2I5MBE8OD.jpg,Mee siam,all,e3d23b1835353467,"['Mee siam', 'Mee siam, fried']"
../foodsg-233\Mee siam\Y5FP8ECL5NUVYAGT4UIUSRKR.jpg,Mee siam,all,e3d23b1835353467,"['Mee siam', 'Mee siam, fried']"
"../foodsg-233\Mee siam, fried\TEN050U3JJALXS8G06CKJ72G.jpg","Mee siam, fried",all,e3d23b1835353467,"['Mee siam', 'Mee siam, fried']"
"../foodsg-233\Bee hoon, goreng\DU462SM79LY0A2USBG7O573H.jpg","Bee hoon, goreng",all,e434dbc9164ae5d2,"['Bee hoon, goreng', 'Mee goreng']"
../foodsg-233\Mee goreng\9V988DASREEBVV2IED2UZMBJ.jpg,Mee goreng,all,e434dbc9164ae5d2,"['Bee hoon, goreng', 'Mee goreng']"
../foodsg-233\Mee goreng\RFIOSHLL5ESIWX5UUV99Y0XG.jpg,Mee goreng,all,e4459f3879cb320e,"['Mee goreng', 'Mee siam, fried']"
"../foodsg-233\Mee siam, fried\97SUGW7XFA5ET4R4C5SOJNRG.jpg","Mee siam, fried",all,e4459f3879cb320e,"['Mee goreng', 'Mee siam, fried']"
../foodsg-233\vegetarian bee hoon\WWU2T2V0E240WUZC21HG0RKJ.jpg,vegetarian bee hoon,all,e45791fa29f06a8a,"['bee hoon', 'Bee hoon, goreng', 'vegetarian bee hoon']"
../foodsg-233\Dumpling noodle soup\J5CWJ9OTKPI8AS9JER43OCM3.jpg,Dumpling noodle soup,all,e48cb1f69ab3d830,"['Dumpling noodle soup', 'sliced fish soup']"
../foodsg-233\sliced fish soup\BJY7A76GPFRML3BXDBU0VRHZ.jpg,sliced fish soup,all,e48cb1f69ab3d830,"['Dumpling noodle soup', 'sliced fish soup']"
"../foodsg-233\Bee hoon, goreng\EH8RF0YAFVMLM2UCEYU0HA0S.jpg","Bee hoon, goreng",all,e496626d27641d6b,"['Bee hoon, goreng', 'vegetarian bee hoon']"
../foodsg-233\vegetarian bee hoon\BAS1Z457G5YNSUTRY0V77VEC.jpg,vegetarian bee hoon,all,e496626d27641d6b,"['Bee hoon, goreng', 'vegetarian bee hoon']"
../foodsg-233\fried prawn\2BWZ8X6OTM2VH2AW0XUMK4O5.jpg,fried prawn,all,e4b9f6ccc3439066,"['fried prawn', 'har cheong gai']"
../foodsg-233\har cheong gai\3D7GM4JKRHVPEQDPX485YASA.jpg,har cheong gai,all,e4b9f6ccc3439066,"['fried prawn', 'har cheong gai']"
../foodsg-233\har cheong gai\P807JCZH8KY94S119SSG4K0W.jpg,har cheong gai,all,e4b9f6ccc3439066,"['fried prawn', 'har cheong gai']"
../foodsg-233\mixed vegetables\GJRR5QRC6JMI2AD7TQ3PGZKI.jpg,mixed vegetables,all,e4d24363b14f32bc,"['mixed vegetables', 'Rice, with dakgalbi']"
"../foodsg-233\Rice, with dakgalbi\F1XSGGJYIDG74895TTVSR4IF.jpg","Rice, with dakgalbi",all,e4d24363b14f32bc,"['mixed vegetables', 'Rice, with dakgalbi']"
../foodsg-233\breakfast cereal\ZEKQO19Y7NXZ5D738QRBEU27.jpg,breakfast cereal,all,e532c69b3c6cc233,"['breakfast cereal', 'muesli']"
../foodsg-233\muesli\ZPSD3KHTWXGSQEA38FMBQ9RU.jpg,muesli,all,e532c69b3c6cc233,"['breakfast cereal', 'muesli']"
../foodsg-233\Katsudon\DAJPGCVNBSIHREFTD6JNSEZZ.jpg,Katsudon,all,e585da57604d359a,"['Katsudon', 'Rice, with dakgalbi']"
"../foodsg-233\Rice, with dakgalbi\4VTG7G0JTVL2L8EBD39Y311F.jpg","Rice, with dakgalbi",all,e585da57604d359a,"['Katsudon', 'Rice, with dakgalbi']"
"../foodsg-233\Bee hoon, soto\5PK2QJMDWNLVHY9RMNLJ3LI4.jpg","Bee hoon, soto",all,e591fab1a71a1259,"['Bee hoon, soto', 'Mee soto']"
../foodsg-233\Mee soto\WL4IJXO3RFUNXK1DLOFELF9R.jpg,Mee soto,all,e591fab1a71a1259,"['Bee hoon, soto', 'Mee soto']"
../foodsg-233\breakfast cereal\GUIGKURSIVL4AGRNGT4P3GSX.jpg,breakfast cereal,all,e59a63d52ea555a0,"['breakfast cereal', 'muesli']"
../foodsg-233\muesli\P5ZQ7H7XO8TBGGOYRP8UNE2O.jpg,muesli,all,e59a63d52ea555a0,"['breakfast cereal', 'muesli']"
../foodsg-233\chicken rice\OZEG5RTAE3PD4TVOMXR6LIOJ.jpg,chicken rice,all,e5a913b00dc2b7d3,"['chicken rice', 'Duck Rice']"
../foodsg-233\Duck Rice\37GM6JNNW9XZO9N8WEWNTXWE.jpg,Duck Rice,all,e5a913b00dc2b7d3,"['chicken rice', 'Duck Rice']"
../foodsg-233\Duck Rice\A6E4OK1RTEZEBVQJ7STHRE71.jpg,Duck Rice,all,e5a913b00dc2b7d3,"['chicken rice', 'Duck Rice']"
../foodsg-233\Mee bandung\1AG95YRZE7OCHN171G7EM1VO.jpg,Mee bandung,all,e5e9d625c234c83e,"['Mee bandung', 'Mee rebus']"
../foodsg-233\Mee rebus\M54CPGMYQXZA8K0NZ35J77OF.jpg,Mee rebus,all,e5e9d625c234c83e,"['Mee bandung', 'Mee rebus']"
../foodsg-233\char siew pau\I888H5AXQR4MIQK7N17T9PM6.jpg,char siew pau,all,e659b2b48b34b38c,"['char siew pau', 'steamed buns']"
../foodsg-233\steamed buns\F5NNOS1PXIEZ6MIV0W2OB1MQ.jpg,steamed buns,all,e659b2b48b34b38c,"['char siew pau', 'steamed buns']"
../foodsg-233\Mee siam\6NKAHA7CBTZQXFIRQ3NN7VFK.jpg,Mee siam,all,e66e45f903811f9a,"['bee hoon', 'Bee hoon, goreng', 'Mee siam', 'Mee siam, fried']"
../foodsg-233\Mee siam\I2G0ACHUOPN58WUBI7D9P5QT.jpg,Mee siam,all,e66e45f903811f9a,"['bee hoon', 'Bee hoon, goreng', 'Mee siam', 'Mee siam, fried']"
"../foodsg-233\Mee siam, fried\V8U1S1ABIYOBIP5E60QQ9JUI.jpg","Mee siam, fried",all,e66e45f903811f9a,"['bee hoon', 'Bee hoon, goreng', 'Mee siam', 'Mee siam, fried']"
../foodsg-233\Seafood Noodles Soup\WWT9QHCK38JHEOJYP6302FDC.jpg,Seafood Noodles Soup,all,e67aeea4b083818f,"['Seafood Noodles Soup', 'sliced fish soup']"
../foodsg-233\sliced fish soup\YL5HAZFN0JGZIMI773NL23N6.jpg,sliced fish soup,all,e67aeea4b083818f,"['Seafood Noodles Soup', 'sliced fish soup']"
"../foodsg-233\Bee hoon, soto\5IQROA27XJC184CJ3MXO1DS2.jpg","Bee hoon, soto",all,e6b09d0fd0e65ac4,"['Bee hoon, soto', 'Mee soto']"
../foodsg-233\Mee soto\Z8CKJ2SJ6ZSRS3FSFKEKCFJ5.jpg,Mee soto,all,e6b09d0fd0e65ac4,"['Bee hoon, soto', 'Mee soto']"
"../foodsg-233\Rice, with dakgalbi\746FXDNR8L7OV4HC2WH3BSTW.jpg","Rice, with dakgalbi",all,e6b290b253e662e6,"['Rice, with dakgalbi', 'tandoori chicken']"
../foodsg-233\tandoori chicken\GOX4A8E3T6XKGQDX86X5PA0U.jpg,tandoori chicken,all,e6b290b253e662e6,"['Rice, with dakgalbi', 'tandoori chicken']"
"../foodsg-233\Bee hoon, goreng\Y562U5D9UXS86FE2EICBF7KS.jpg","Bee hoon, goreng",all,e6b5a50a15ed0da6,"['Bee hoon, goreng', 'vegetarian bee hoon']"
../foodsg-233\vegetarian bee hoon\99VDWMCKX4IYKTPYZMYQ9HBW.jpg,vegetarian bee hoon,all,e6b5a50a15ed0da6,"['Bee hoon, goreng', 'vegetarian bee hoon']"
../foodsg-233\bee hoon\TU5EUT7FKIIDYP7J8UBH458M.jpg,bee hoon,all,e6e5911ab444eb6a,"['bee hoon', 'Bee hoon, goreng']"
"../foodsg-233\Bee hoon, goreng\C6QZR7IPK2H3W2EMZETQGUAI.jpg","Bee hoon, goreng",all,e6e5911ab444eb6a,"['bee hoon', 'Bee hoon, goreng']"
../foodsg-233\Mee siam\WZFF33UPJBTB6EDJJST9SOPN.jpg,Mee siam,all,e785ec56d15a982c,"['Mee siam', 'Mee siam, fried']"
"../foodsg-233\Mee siam, fried\THZKXCNDM5FVXYP2DM1GENR1.jpg","Mee siam, fried",all,e785ec56d15a982c,"['Mee siam', 'Mee siam, fried']"
../foodsg-233\lontong\1RSZNMWYN3H6HJQ6G03WR6ZE.jpg,lontong,all,e79a88077a7ba462,"['lontong', 'Lontong with sayur lodeh']"
../foodsg-233\Lontong with sayur lodeh\BZGB0IRLA41K2GC0RXMZ3TNT.jpg,Lontong with sayur lodeh,all,e79a88077a7ba462,"['lontong', 'Lontong with sayur lodeh']"
../foodsg-233\breakfast cereal\BJZDV8ILNYV3B8JE0R8N8QAI.jpg,breakfast cereal,all,e7b3754accc4ca44,"['breakfast cereal', 'muesli']"
../foodsg-233\muesli\3GSUNX7GTCFQZ85K2FAHPYLG.jpg,muesli,all,e7b3754accc4ca44,"['breakfast cereal', 'muesli']"
../foodsg-233\Hor Fun\KI4WW3KMSF3OD5GQNPJRF8Z8.jpg,Hor Fun,all,e7d1d89669c4171a,"['Hor Fun', 'Seafood Noodles Soup']"
../foodsg-233\Seafood Noodles Soup\TR2ZNG9F1AJV79Z72QCAEM43.jpg,Seafood Noodles Soup,all,e7d1d89669c4171a,"['Hor Fun', 'Seafood Noodles Soup']"
../foodsg-233\fried rice\ATUL0YZI7XN8G7O3LBPG840Q.jpg,fried rice,all,e887d07f2b08cecc,"['fried rice', 'Nasi pattaya']"
../foodsg-233\Nasi pattaya\AQFCBRNJXXFGEU9QJWM3LPAP.jpg,Nasi pattaya,all,e887d07f2b08cecc,"['fried rice', 'Nasi pattaya']"
../foodsg-233\Ban Mian\W40X99WJJ1B3X9EG482YE6W7.jpg,Ban Mian,all,e897a7d84361479a,"['Ban Mian', 'Lor mee']"
../foodsg-233\Lor mee\ICPUBG7G2N38PCOZ4872W8CQ.jpg,Lor mee,all,e897a7d84361479a,"['Ban Mian', 'Lor mee']"
../foodsg-233\Mee siam\HYDSMUWCSL1TR6GZ33PNT0UR.jpg,Mee siam,all,e8a1c4a794b7b3c4,"['Mee siam', 'Mee siam, fried']"
"../foodsg-233\Mee siam, fried\78CL7MGXJUYEBH2P1ATYNP7N.jpg","Mee siam, fried",all,e8a1c4a794b7b3c4,"['Mee siam', 'Mee siam, fried']"
../foodsg-233\Mee bandung\S1LB36V5M051PK5XEZLFP4AM.jpg,Mee bandung,all,e8a4aec2b587c49b,"['Mee bandung', 'Mee kuah']"
../foodsg-233\Mee kuah\DQZ4V0ZYR2HQ765BKAG2N56W.jpg,Mee kuah,all,e8a4aec2b587c49b,"['Mee bandung', 'Mee kuah']"
../foodsg-233\bak kut teh\4FUDE7NMVS037TSA9LXYG261.jpg,bak kut teh,all,e8c5859bfca1816e,"['bak kut teh', 'Chap chye, Nonya']"
"../foodsg-233\Chap chye, Nonya\5XGL9OTZLN00MQNC8C9EM8ML.jpg","Chap chye, Nonya",all,e8c5859bfca1816e,"['bak kut teh', 'Chap chye, Nonya']"
../foodsg-233\green leafy vegetables\QDWYTPEVYVJKORCWSJCO5MKX.jpg,green leafy vegetables,all,e8ca85701f623a6f,"['green leafy vegetables', 'sambal kangkong']"
../foodsg-233\sambal kangkong\4RDG0ZBG9EDGGWZUM9ELEJFL.jpg,sambal kangkong,all,e8ca85701f623a6f,"['green leafy vegetables', 'sambal kangkong']"
../foodsg-233\Duck Rice\8ETVNQOUUI4HUOJX68018CUI.jpg,Duck Rice,all,e8dcaef8a1a27660,"['Duck Rice', 'yam rice']"
../foodsg-233\yam rice\2H2ZBLZ6O5QCNNBBI5BWERCD.jpg,yam rice,all,e8dcaef8a1a27660,"['Duck Rice', 'yam rice']"
"../foodsg-233\Bee hoon, goreng\FP0O32MDSYDVDBEDIGFHWYB7.jpg","Bee hoon, goreng",all,e8dfc058427bc86d,"['Bee hoon, goreng', 'vegetarian bee hoon']"
../foodsg-233\vegetarian bee hoon\QRBKGLYIDLQMGBSZVGFG37AK.jpg,vegetarian bee hoon,all,e8dfc058427bc86d,"['Bee hoon, goreng', 'vegetarian bee hoon']"
../foodsg-233\Blackberry\N4GIRPPQ01Z2IDHE1QGF3MRY.jpg,Blackberry,all,e8ea80968787c7e3,"['Blackberry', 'blueberries']"
../foodsg-233\blueberries\6HACFGID20FDPHRBX4XP3RGS.jpg,blueberries,all,e8ea80968787c7e3,"['Blackberry', 'blueberries']"
../foodsg-233\cream soup\5UR8YUVDILG4Y532AUQZBEZU.jpg,cream soup,all,e9304f5d39cec780,"['cream soup', 'vegetable soup']"
../foodsg-233\vegetable soup\GR7TSUA65VG1VULY19BTYFJ3.jpg,vegetable soup,all,e9304f5d39cec780,"['cream soup', 'vegetable soup']"
../foodsg-233\bee hoon\ZUWQZVIJ8A0C8FNFJK3A9BRG.jpg,bee hoon,all,e98497326d5299b9,"['bee hoon', 'Seafood Noodles Soup']"
../foodsg-233\Seafood Noodles Soup\7BKTAKB9JEQPR4UDLXMHDGYW.jpg,Seafood Noodles Soup,all,e98497326d5299b9,"['bee hoon', 'Seafood Noodles Soup']"
../foodsg-233\char siew\TUDSOECOZ7QR1WMDGME204BI.jpg,char siew,all,e9979d68a42cd299,"['char siew', 'Duck Rice']"
../foodsg-233\Duck Rice\917PDK77LVB9JCL4I49DT77Q.jpg,Duck Rice,all,e9979d68a42cd299,"['char siew', 'Duck Rice']"
../foodsg-233\hokkien prawn mee\LEV1SVDBTJSF4OU57OUSRTC7.jpg,hokkien prawn mee,all,e9a9d2709c16b947,"['hokkien prawn mee', 'Prawn Noodle']"
../foodsg-233\Prawn Noodle\IVSGYO4DD2HNB8RPLPOIEKOW.jpg,Prawn Noodle,all,e9a9d2709c16b947,"['hokkien prawn mee', 'Prawn Noodle']"
../foodsg-233\Fried Noodles\684N5FPYLGU03GXZ38TBRURI.jpg,Fried Noodles,all,e9d1afc0850a94fb,"['Fried Noodles', 'Mee goreng']"
../foodsg-233\Mee goreng\7TX0KJOQNAZSLSNIYSCO5FW6.jpg,Mee goreng,all,e9d1afc0850a94fb,"['Fried Noodles', 'Mee goreng']"
../foodsg-233\kway chap\1AT52E3HBAM4CVEO1IF3XT1O.jpg,kway chap,all,e9e2bc90e6cec48a,"['kway chap', 'Kway Teow']"
../foodsg-233\Kway Teow\5U4SQQPLD9XRUP0OECCYFYHA.jpg,Kway Teow,all,e9e2bc90e6cec48a,"['kway chap', 'Kway Teow']"
../foodsg-233\whole oats\G38CEBOYQG0RBFG1Q1WGTZS2.jpg,whole oats,all,ea14cfa0816c733f,"['whole oats', 'whole wheat']"
../foodsg-233\whole wheat\0Y6Y6D8HKMXNN39SGB0TWCS6.jpg,whole wheat,all,ea14cfa0816c733f,"['whole oats', 'whole wheat']"
../foodsg-233\fried rice\YN7A51DICITCNZMECIZOLR5B.jpg,fried rice,all,ea1dc47a16a48cdb,"['fried rice', 'Rice, korean bulgogi beef']"
"../foodsg-233\Rice, korean bulgogi beef\3PNE7O9H56JA96NA1UPMCHK7.jpg","Rice, korean bulgogi beef",all,ea1dc47a16a48cdb,"['fried rice', 'Rice, korean bulgogi beef']"
../foodsg-233\honeydew\KO0B8MRSVPBNDF1P58F3XVJ7.jpg,honeydew,all,ea34984b655689bd,"['honeydew', 'rock melon']"
../foodsg-233\rock melon\1200VR33B4PSB0POGI55F38W.jpg,rock melon,all,ea34984b655689bd,"['honeydew', 'rock melon']"
../foodsg-233\Fried Noodles\6OTKOEHZV1RFZWROQYO6J0FB.jpg,Fried Noodles,all,ea41ffe2a05b506c,"['Fried Noodles', 'Udon']"
../foodsg-233\Udon\TVAEO9FBQ9DWKGDD1CBN5UE5.jpg,Udon,all,ea41ffe2a05b506c,"['Fried Noodles', 'Udon']"
../foodsg-233\mixed vegetables\C8N1VOR22E5R5OQPJ57WLCRB.jpg,mixed vegetables,all,ea447958d27f91b0,"['mixed vegetables', 'vegetable soup']"
../foodsg-233\vegetable soup\HOW551Z75TKFD8RWBU6Z25RB.jpg,vegetable soup,all,ea447958d27f91b0,"['mixed vegetables', 'vegetable soup']"
../foodsg-233\mushroom soup\4KF1E2XLCJOC3LG57GCZ6BVB.jpg,mushroom soup,all,ea547fc0e0c3838f,"['mushroom soup', 'sliced fish soup']"
../foodsg-233\sliced fish soup\AVFOAEKJUHKP2YTU8CN1JK6N.jpg,sliced fish soup,all,ea547fc0e0c3838f,"['mushroom soup', 'sliced fish soup']"
../foodsg-233\hokkien prawn mee\M1FWVHJ5QGTJ78484WH0SG7B.jpg,hokkien prawn mee,all,ea6c149f4332b719,"['hokkien prawn mee', 'Prawn Noodle']"
../foodsg-233\Prawn Noodle\AQ7IJ9Y4N1V30IV07S5S2DHM.jpg,Prawn Noodle,all,ea6c149f4332b719,"['hokkien prawn mee', 'Prawn Noodle']"
"../foodsg-233\Bee hoon, soto\ZJAUNIEH1FWSIL5NSR8OKMRN.jpg","Bee hoon, soto",all,ea6e5869e09083df,"['Bee hoon, soto', 'Mee soto', 'Soto ayam']"
../foodsg-233\lontong\88VJ5AYG6GCGJB3GRCE3VD1H.jpg,lontong,all,ea749454766adc68,"['lontong', 'Lontong with sayur lodeh']"
../foodsg-233\Lontong with sayur lodeh\6HHKZHZ3F0YY7R11XZ133R0G.jpg,Lontong with sayur lodeh,all,ea749454766adc68,"['lontong', 'Lontong with sayur lodeh']"
../foodsg-233\Seafood Noodles Soup\7P2QM2K09P0L8VMIRSVWL8WH.jpg,Seafood Noodles Soup,all,ea7585891fa49873,"['Seafood Noodles Soup', 'sliced fish soup']"
../foodsg-233\sliced fish soup\GTPKN9ZWV7GWMRKJTMK2T7IK.jpg,sliced fish soup,all,ea7585891fa49873,"['Seafood Noodles Soup', 'sliced fish soup']"
../foodsg-233\chai tow kuay\2WPQPRDQZHIAXNKZBUBO1QYT.jpg,chai tow kuay,all,ea8798985863f6f0,"['chai tow kuay', 'Kway Teow']"
../foodsg-233\Kway Teow\8LSPDUYCTSH74QH8PB856ALP.jpg,Kway Teow,all,ea8798985863f6f0,"['chai tow kuay', 'Kway Teow']"
../foodsg-233\Grapefruit\6P0Z6LYECIQ7YSM7CUG9G1PQ.jpg,Grapefruit,all,ea87f0b4b5d8068d,"['Grapefruit', 'Pomelo']"
../foodsg-233\lontong\MLG4FD4XCZCVZQNPWKGAW6V1.jpg,lontong,all,ea92c84aac2e978f,"['lontong', 'Lontong with sayur lodeh']"
../foodsg-233\Lontong with sayur lodeh\GCHSZ907MB2B0S1BH2TP5PUR.jpg,Lontong with sayur lodeh,all,ea92c84aac2e978f,"['lontong', 'Lontong with sayur lodeh']"
../foodsg-233\Mee kuah\TZ1ZMH2TAHNAGK6373XUK7QY.jpg,Mee kuah,all,ea93951e556a4e2a,"['Mee kuah', 'Mee rebus']"
../foodsg-233\Mee rebus\S2UUQNC41MZI6XUCM5LG4IH4.jpg,Mee rebus,all,ea93951e556a4e2a,"['Mee kuah', 'Mee rebus']"
"../foodsg-233\Bee hoon, soto\PDUX7EFVY7T45FY53DNN5TU6.jpg","Bee hoon, soto",all,ea99cb5c826b89b8,"['Bee hoon, soto', 'Seafood Noodles Soup']"
../foodsg-233\Seafood Noodles Soup\4ZV4627B6XKVT7IMQV7SHANS.jpg,Seafood Noodles Soup,all,ea99cb5c826b89b8,"['Bee hoon, soto', 'Seafood Noodles Soup']"
../foodsg-233\chai tow kuay\4ROYPKW1L7AWQ6WY3M5Y65LP.jpg,chai tow kuay,all,eaa3958cd2c91acd,"['chai tow kuay', 'Kway Teow']"
../foodsg-233\Kway Teow\7KZ5PXCEDD4XPQLHAO4KXC0S.jpg,Kway Teow,all,eaa3958cd2c91acd,"['chai tow kuay', 'Kway Teow']"
../foodsg-233\bee hoon\721FLDFS2E1JGV3BA3G2BP6C.jpg,bee hoon,all,eaa491079f5cdaa8,"['bee hoon', 'Bee hoon, goreng']"
"../foodsg-233\Bee hoon, goreng\M0ETL5BOK002R9VQQ2NZRPGQ.jpg","Bee hoon, goreng",all,eaa491079f5cdaa8,"['bee hoon', 'Bee hoon, goreng']"
../foodsg-233\Grapefruit\GRH783XU5KXOA5Q8ENE9DMGS.jpg,Grapefruit,all,eaa4a9a669b5929a,"['Grapefruit', 'Pomelo']"
../foodsg-233\Pomelo\VE735FSHERSR4DLLA8E6LNVB.jpg,Pomelo,all,eaa4a9a669b5929a,"['Grapefruit', 'Pomelo']"
../foodsg-233\Chinese fritters\C2K44KJ6MAALEN3NG414KCJR.jpg,Chinese fritters,all,eaa52d2c1c1fbd12,"['Chinese fritters', 'vadai']"
../foodsg-233\vadai\Z4NUAIFGIPTQ3FLPOQ66Q6Z6.jpg,vadai,all,eaa52d2c1c1fbd12,"['Chinese fritters', 'vadai']"
../foodsg-233\black pepper crab\5OXG4YYM5418Q1MO69U14H5G.jpg,black pepper crab,all,eaa9a7a1d5507c61,"['black pepper crab', 'chilli crab']"
../foodsg-233\chilli crab\9L2TMFYLMLMQKV55L3YZFW4Q.jpg,chilli crab,all,eaa9a7a1d5507c61,"['black pepper crab', 'chilli crab']"
../foodsg-233\chilli crab\UXUGIA5ASW91BP9R56I94K4N.jpg,chilli crab,all,eaa9a7a1d5507c61,"['black pepper crab', 'chilli crab']"
../foodsg-233\Seafood Noodles Soup\5YMF4XU67VJQIM3CC21PWQ3S.jpg,Seafood Noodles Soup,all,eaac81d3953d1e43,"['Seafood Noodles Soup', 'sliced fish soup']"
../foodsg-233\sliced fish soup\Q2LPTMR7IB1II2GMWWAD5QX4.jpg,sliced fish soup,all,eaac81d3953d1e43,"['Seafood Noodles Soup', 'sliced fish soup']"
../foodsg-233\breakfast cereal\CBDPJ7MD8GUGOBKLSHCUNQVU.jpg,breakfast cereal,all,eab8c127ddd86071,"['breakfast cereal', 'muesli']"
../foodsg-233\muesli\F8GTDSK99QZFM11J2KVXNELJ.jpg,muesli,all,eab8c127ddd86071,"['breakfast cereal', 'muesli']"
"../foodsg-233\Bee hoon, soto\VSSCGVIJM49IG08EM0YUXMB1.jpg","Bee hoon, soto",all,eac2a58ad40fd62d,"['Bee hoon, soto', 'Soto ayam']"
../foodsg-233\Soto ayam\89V7ZNJ4PNOIW138AEUNRIO0.jpg,Soto ayam,all,eac2a58ad40fd62d,"['Bee hoon, soto', 'Soto ayam']"
../foodsg-233\Chocolate\I0W53HE3YY15GK66EBJDLRX0.jpg,Chocolate,all,eacbc57ad0a58496,"['Chocolate', 'Sweets']"
../foodsg-233\Sweets\CQNI79GJ7GI0C6ARGBEICD2U.jpg,Sweets,all,eacbc57ad0a58496,"['Chocolate', 'Sweets']"
../foodsg-233\Barley\JY0EYHZBNV3K44MKJ2RIFIAT.jpg,Barley,all,ead8c84f79cea148,"['Barley', 'tacos and nachos']"
../foodsg-233\tacos and nachos\HUATE9EHO29NV0ZPW8O7U1LO.jpg,tacos and nachos,all,ead8c84f79cea148,"['Barley', 'tacos and nachos']"
"../foodsg-233\Bee hoon, goreng\H6Y2EMJMI5B6GT07JROD75H3.jpg","Bee hoon, goreng",all,eadadaa08582af35,"['Bee hoon, goreng', 'vegetarian bee hoon']"
../foodsg-233\vegetarian bee hoon\O8EPUMM9L8FVW06ZSM1GLIE7.jpg,vegetarian bee hoon,all,eadadaa08582af35,"['Bee hoon, goreng', 'vegetarian bee hoon']"
../foodsg-233\bee hoon\J46AIP1NQTNZFI3DFSXQJN5V.jpg,bee hoon,all,eadd3c4a2986cc4b,"['bee hoon', 'vegetarian bee hoon']"
../foodsg-233\vegetarian bee hoon\0KAMK7PF0B70BAZ1JE2SNM1G.jpg,vegetarian bee hoon,all,eadd3c4a2986cc4b,"['bee hoon', 'vegetarian bee hoon']"
../foodsg-233\Kway Teow\97MNNVHVF3N8UPGY7LI1WILA.jpg,Kway Teow,all,eae6f62ad0b54095,"['hokkien prawn mee', 'Kway Teow']"
../foodsg-233\cooked brown rice\Z4I9ZUYB2B4KC2VW9V6N3PAB.jpg,cooked brown rice,all,eaf5f40aad3a804b,"['cooked brown rice', 'Pilaf, pea']"
"../foodsg-233\Pilaf, pea\SR14WADK7Q397J8FERKCEQH3.jpg","Pilaf, pea",all,eaf5f40aad3a804b,"['cooked brown rice', 'Pilaf, pea']"
../foodsg-233\Fried Noodles\E048RKSFOA72QQ2RR96NPGK9.jpg,Fried Noodles,all,eaf8346c591095b7,"['Fried Noodles', 'Udon']"
../foodsg-233\Udon\D6T2NPW9AXR2EGSGGATSJ0RL.jpg,Udon,all,eaf8346c591095b7,"['Fried Noodles', 'Udon']"
"../foodsg-233\Mee siam, fried\6MD8Y9ZTLL31KBR9NAI3WP8A.jpg","Mee siam, fried",all,eb0b9962f0f2d22a,"['bee hoon', 'Bee hoon, goreng', 'Mee siam, fried']"
../foodsg-233\chicken soup\SONGL0ITAM1A844CT9LDA7F8.jpg,chicken soup,all,eb42350d9e143f36,"['chicken soup', 'Dumpling noodle soup']"
../foodsg-233\Dumpling noodle soup\FKYGZHC9N30HGABFN17SH68Z.jpg,Dumpling noodle soup,all,eb42350d9e143f36,"['chicken soup', 'Dumpling noodle soup']"
../foodsg-233\Mee rebus\R2QDKZSJWRERAXXGEQX9QPLU.jpg,Mee rebus,all,eb4fa0759051d4dc,"['Mee bandung', 'Mee rebus']"
../foodsg-233\bee hoon\XZR24ZBAASQE52OY5AZAZXQQ.jpg,bee hoon,all,eb71f9c2601f5243,"['bee hoon', 'Seafood Noodles Soup']"
../foodsg-233\Seafood Noodles Soup\Z2BK3JX5Y4T17FWJSKFLBATD.jpg,Seafood Noodles Soup,all,eb71f9c2601f5243,"['bee hoon', 'Seafood Noodles Soup']"
../foodsg-233\Seafood Noodles Soup\F4MG4V4X5199ADXJPZTGZO88.jpg,Seafood Noodles Soup,all,eb72c8ec26a684cd,"['Seafood Noodles Soup', 'sliced fish soup']"
../foodsg-233\sliced fish soup\HPIQP9U892ZG47XEKGQ3DW40.jpg,sliced fish soup,all,eb72c8ec26a684cd,"['Seafood Noodles Soup', 'sliced fish soup']"
../foodsg-233\bee hoon\WMUIROH5FHDXKT6T1OCYTTU2.jpg,bee hoon,all,eb7a9664c292ada1,"['bee hoon', 'vegetarian bee hoon']"
../foodsg-233\vegetarian bee hoon\MZIMLIZWD41QZAIQZ9QLCBCF.jpg,vegetarian bee hoon,all,eb7a9664c292ada1,"['bee hoon', 'vegetarian bee hoon']"
"../foodsg-233\Bee hoon, soto\KJ11LEG83KFUH2713WQC3HLG.jpg","Bee hoon, soto",all,eb8d95123732c6a3,"['Bee hoon, soto', 'Mee siam']"
../foodsg-233\Mee siam\2K1XP3T8U75VIH49MO07AAIL.jpg,Mee siam,all,eb8d95123732c6a3,"['Bee hoon, soto', 'Mee siam']"
"../foodsg-233\Bee hoon, goreng\M0U55DQNKEFQG41S7R5AXVY6.jpg","Bee hoon, goreng",all,eb97c64ab5258e28,"['Bee hoon, goreng', 'begedil']"
../foodsg-233\begedil\NFSAO3CCYTCJ674DZYZWEOMP.jpg,begedil,all,eb97c64ab5258e28,"['Bee hoon, goreng', 'begedil']"
../foodsg-233\char siew\64RHVW2LC7O6LCWIF5TCZUOI.jpg,char siew,all,eb9d95cbce689060,"['char siew', 'Duck Rice']"
../foodsg-233\Duck Rice\2JPBC7Z2384D6YZFMZRMAZ8W.jpg,Duck Rice,all,eb9d95cbce689060,"['char siew', 'Duck Rice']"
../foodsg-233\Laksa\PR8JECY0YS5XVJ5SMA4LS9FD.jpg,Laksa,all,ebb0b54432c39b9c,"['Laksa', 'Tauhu Goreng']"
../foodsg-233\Tauhu Goreng\PDY0M1T03K67QBLEVL6VQFRU.jpg,Tauhu Goreng,all,ebb0b54432c39b9c,"['Laksa', 'Tauhu Goreng']"
../foodsg-233\Laksa\JSFY0JL7XH0NPFNI5FEVSOHJ.jpg,Laksa,all,ebb1d4d42b136869,"['Laksa', 'Mee kuah']"
../foodsg-233\Mee kuah\P190BWXD249I6FMI6Q8YRBVJ.jpg,Mee kuah,all,ebb1d4d42b136869,"['Laksa', 'Mee kuah']"
"../foodsg-233\Bee hoon, soto\RO74CZUZIC2B3R5RBDZRWKB6.jpg","Bee hoon, soto",all,ebc19427d89ccb49,"['Bee hoon, soto', 'satay bee hoon']"
../foodsg-233\satay bee hoon\8AUIJPKZR4BBIHJ5WLSHCRHK.jpg,satay bee hoon,all,ebc19427d89ccb49,"['Bee hoon, soto', 'satay bee hoon']"
../foodsg-233\satay bee hoon\77T33Q0JX730LX62WIS111T0.jpg,satay bee hoon,all,ebc1bdace0908795,"['Bee hoon, soto', 'satay bee hoon']"
"../foodsg-233\Bee hoon, goreng\UAL45QZS9T1I31SIV8BUHOZ0.jpg","Bee hoon, goreng",all,ebc7a4e487a2940f,"['Bee hoon, goreng', 'vegetarian bee hoon']"
../foodsg-233\vegetarian bee hoon\UCUFGUBLVW06GPO2ZEYBITTA.jpg,vegetarian bee hoon,all,ebc7a4e487a2940f,"['Bee hoon, goreng', 'vegetarian bee hoon']"
../foodsg-233\cooked white rice\E91RD82KRQTOIB5SFBP1EJJR.jpg,cooked white rice,all,ebcb24259354d3a3,"['cooked white rice', 'Rice, korean bulgogi beef']"
"../foodsg-233\Rice, korean bulgogi beef\TTQKQPIL2M7NBL94V2SAN4WJ.jpg","Rice, korean bulgogi beef",all,ebcb24259354d3a3,"['cooked white rice', 'Rice, korean bulgogi beef']"
../foodsg-233\bak chor mee\YH3Z42C7VBLNIGVC0NWQZ1PL.jpg,bak chor mee,all,ebccf54bc12c443c,"['bak chor mee', 'mee pok']"
../foodsg-233\mee pok\OCPHJOQ9DYJBUAMI47A5N1VT.jpg,mee pok,all,ebccf54bc12c443c,"['bak chor mee', 'mee pok']"
../foodsg-233\char siew\PAGWY7LJTFF9VF13V4JP4HXI.jpg,char siew,all,ebe097d2191bc50d,"['char siew', 'Duck Rice']"
../foodsg-233\Duck Rice\GEMI7RXWT2E06O60B2P19JFM.jpg,Duck Rice,all,ebe097d2191bc50d,"['char siew', 'Duck Rice']"
../foodsg-233\bakso\XC02P487CG5OQR0OL1RYBZ9Z.jpg,bakso,all,ebf18401ce9c1be6,"['bakso', 'meatball']"
../foodsg-233\meatball\3X55EO2G5IJHN9H6R3D22MV1.jpg,meatball,all,ebf18401ce9c1be6,"['bakso', 'meatball']"
../foodsg-233\Fried Noodles\ONZXUEO5GGT71P2377WYP6P5.jpg,Fried Noodles,all,ec0484951f1e667f,"['Fried Noodles', 'Mee siam, fried']"
"../foodsg-233\Mee siam, fried\DFSJTL1CANA2E6J66P5Q78I0.jpg","Mee siam, fried",all,ec0484951f1e667f,"['Fried Noodles', 'Mee siam, fried']"
../foodsg-233\char siew\UX2K7RFZDNSEQFD652CWX78H.jpg,char siew,all,ec14c049b56fcc3d,"['char siew', 'Duck Rice']"
../foodsg-233\beef noodle soup\ILYP2KC33OY2XTLU4Q59RZH5.jpg,beef noodle soup,all,ec2f303aa16b4da3,"['beef noodle soup', 'Udon']"
../foodsg-233\Udon\DT63Q048RQEMF7WRILNJY0K6.jpg,Udon,all,ec2f303aa16b4da3,"['beef noodle soup', 'Udon']"
../foodsg-233\Dumpling noodle soup\C4IKMDGX21KNFEA6GV9FMUBM.jpg,Dumpling noodle soup,all,ec87b9945258a0bf,"['Dumpling noodle soup', 'Wanton mee, dry']"
"../foodsg-233\Wanton mee, dry\JJOY5ZA4V6ZJVQIAL7LIOC49.jpg","Wanton mee, dry",all,ec87b9945258a0bf,"['Dumpling noodle soup', 'Wanton mee, dry']"
../foodsg-233\breakfast cereal\H9B37SZFN2V6DJISEPGFOZFG.jpg,breakfast cereal,all,ec95d141c64d99cb,"['breakfast cereal', 'muesli']"
../foodsg-233\muesli\NX0YACHOW5SLM1VX5MVJ2R9V.jpg,muesli,all,ec95d141c64d99cb,"['breakfast cereal', 'muesli']"
../foodsg-233\cream soup\TEYCMUXI8MQAN524557537WO.jpg,cream soup,all,eca4c11bbb7a84e4,"['cream soup', 'mushroom soup']"
../foodsg-233\mushroom soup\E2W3WYQ5C8M3TX5ANE8CAO6G.jpg,mushroom soup,all,eca4c11bbb7a84e4,"['cream soup', 'mushroom soup']"
../foodsg-233\vegetarian bee hoon\LA71418I4KXKB0NS97H6KZ82.jpg,vegetarian bee hoon,all,ecb052c07df3aa4a,"['Bee hoon, goreng', 'Mee siam', 'vegetarian bee hoon']"
../foodsg-233\hotplate tofu\VPV6OQG9WTYMO68UFSH736WZ.jpg,hotplate tofu,all,ecf0870b940cd87f,"['hotplate tofu', 'sambal']"
../foodsg-233\Mee goreng\57FU9MEJ0SCQ9M7YVEH74IQ1.jpg,Mee goreng,all,ed4ed42a4a386597,"['Mee goreng', 'vegetarian bee hoon']"
../foodsg-233\vegetarian bee hoon\F5DYL2HDU1DHPOANPET432W7.jpg,vegetarian bee hoon,all,ed4ed42a4a386597,"['Mee goreng', 'vegetarian bee hoon']"
../foodsg-233\lontong\0S4RUCD33WSUYJTAUD36MF6S.jpg,lontong,all,ed729b854ebc0d60,"['lontong', 'Lontong with sayur lodeh']"
../foodsg-233\Lontong with sayur lodeh\MRJS3ZSH8TB121BH3ZWB18EN.jpg,Lontong with sayur lodeh,all,ed729b854ebc0d60,"['lontong', 'Lontong with sayur lodeh']"
../foodsg-233\Mee rebus\2X6D8RA4W4QP1PQQL390KNSF.jpg,Mee rebus,all,ed78b0e061e3a786,"['Mee bandung', 'Mee rebus']"
"../foodsg-233\Bee hoon, goreng\086WWUYSM7MH26NCM65FG5W6.jpg","Bee hoon, goreng",all,edc0970ad02bcbae,"['Bee hoon, goreng', 'satay bee hoon']"
../foodsg-233\satay bee hoon\U8AZM1AWTW7W0IJD71HP7BQ3.jpg,satay bee hoon,all,edc0970ad02bcbae,"['Bee hoon, goreng', 'satay bee hoon']"
../foodsg-233\fried prawn\P1NLH05FZ551189NOH4SNU37.jpg,fried prawn,all,edd20738bca1c24f,"['fried prawn', 'fried rice']"
../foodsg-233\fried rice\2GVRCHZREILYTE68S52KDXKC.jpg,fried rice,all,edd20738bca1c24f,"['fried prawn', 'fried rice']"
../foodsg-233\Nasi Ambeng\A9BDDWUU09BGLVNDCE4M8XCR.jpg,Nasi Ambeng,all,eded0a84e1c9b1b4,"['Nasi Ambeng', 'nasi lemak']"
../foodsg-233\nasi lemak\ZWH5V4DAWR60X8NNNVJTKWIY.jpg,nasi lemak,all,eded0a84e1c9b1b4,"['Nasi Ambeng', 'nasi lemak']"
../foodsg-233\lontong\CYWIHY3M1C6CDO87Z50AXFW4.jpg,lontong,all,ee05550a32673e79,"['lontong', 'Lontong with sayur lodeh']"
../foodsg-233\Lontong with sayur lodeh\E3NKSMG71FM2IPRN6BFAYJ9B.jpg,Lontong with sayur lodeh,all,ee05550a32673e79,"['lontong', 'Lontong with sayur lodeh']"
../foodsg-233\lontong\5CBNFGJ9KWB49HKS15JHVESG.jpg,lontong,all,ee3fa1482003fedc,"['lontong', 'Lontong with sayur lodeh']"
../foodsg-233\Lontong with sayur lodeh\NNAW2VNCZQG23C9FFQQ67Z48.jpg,Lontong with sayur lodeh,all,ee3fa1482003fedc,"['lontong', 'Lontong with sayur lodeh']"
"../foodsg-233\Bee hoon, goreng\RQ96KM7C9VXIDRV8VOVSUOO7.jpg","Bee hoon, goreng",all,ee87950ed14e525a,"['Bee hoon, goreng', 'vegetarian bee hoon']"
../foodsg-233\vegetarian bee hoon\9ZYZP0X18P8WKQ3THZQFSHYG.jpg,vegetarian bee hoon,all,ee87950ed14e525a,"['Bee hoon, goreng', 'vegetarian bee hoon']"
"../foodsg-233\Bee hoon, goreng\2CFKM4K5VW0HPM5JSEJEXDED.jpg","Bee hoon, goreng",all,ee8ab594d958a1b4,"['Bee hoon, goreng', 'vegetarian bee hoon']"
../foodsg-233\vegetarian bee hoon\4R9TET9F316TUAI29WUDEJAQ.jpg,vegetarian bee hoon,all,ee8ab594d958a1b4,"['Bee hoon, goreng', 'vegetarian bee hoon']"
"../foodsg-233\Bee hoon, goreng\GZ2OZQRGX0FNHD5ID1MBITM6.jpg","Bee hoon, goreng",all,ee94e337c0729662,"['Bee hoon, goreng', 'vegetarian bee hoon']"
../foodsg-233\vegetarian bee hoon\3LRF2THVWL76ZKTR1LJV7V6F.jpg,vegetarian bee hoon,all,ee94e337c0729662,"['Bee hoon, goreng', 'vegetarian bee hoon']"
"../foodsg-233\Bee hoon, goreng\URGP2YPROPA1KZ71XICJ42US.jpg","Bee hoon, goreng",all,ee95b050a34bb4e9,"['Bee hoon, goreng', 'vegetarian bee hoon']"
../foodsg-233\vegetarian bee hoon\YE7BRG8YXTHE2WH81JENGOFL.jpg,vegetarian bee hoon,all,ee95b050a34bb4e9,"['Bee hoon, goreng', 'vegetarian bee hoon']"
../foodsg-233\Mee rebus\DMBFSKUB8TLIWXR4WR82E1VO.jpg,Mee rebus,all,ee97b446611b254d,"['Mee rebus', 'Mee soto']"
../foodsg-233\Mee soto\89VENBEYAUZII0ZP8664BFM4.jpg,Mee soto,all,ee97b446611b254d,"['Mee rebus', 'Mee soto']"
../foodsg-233\hokkien prawn mee\CG9NAGCTDYOBSGTDMQD5JX75.jpg,hokkien prawn mee,all,eea015ad9b961cd8,"['hokkien prawn mee', 'Prawn Noodle']"
../foodsg-233\Prawn Noodle\GL3UO6A63A7IDV5CZ06BFSUH.jpg,Prawn Noodle,all,eea015ad9b961cd8,"['hokkien prawn mee', 'Prawn Noodle']"
../foodsg-233\hokkien prawn mee\01KGMF2AAP7Z9BKIK5NGN083.jpg,hokkien prawn mee,all,eea541c032466fde,"['hokkien prawn mee', 'Prawn Noodle']"
../foodsg-233\Prawn Noodle\2RXBNT8SNUCMMENUH2MVD12W.jpg,Prawn Noodle,all,eea541c032466fde,"['hokkien prawn mee', 'Prawn Noodle']"
../foodsg-233\begedil\NBYI5W7ZNOGRWHJ5H5ML5Z24.jpg,begedil,all,eea5e486d043caf1,"['begedil', 'meatball']"
../foodsg-233\meatball\61Y7BM6T8BF0UC13X3O17XVB.jpg,meatball,all,eea5e486d043caf1,"['begedil', 'meatball']"
../foodsg-233\Mee bandung\8KU3WQ9VUH7ZVLIEBI4N1I4U.jpg,Mee bandung,all,eea5f5809a9334c6,"['Mee bandung', 'Mee rebus']"
../foodsg-233\Mee rebus\Q5RVV7Z4EG8ES18TSLJZA680.jpg,Mee rebus,all,eea5f5809a9334c6,"['Mee bandung', 'Mee rebus']"
"../foodsg-233\Bee hoon, goreng\DWD693BG1NT93ZSVVVF5YEKP.jpg","Bee hoon, goreng",all,eea8d429d2bcca34,"['Bee hoon, goreng', 'vegetarian bee hoon']"
../foodsg-233\vegetarian bee hoon\HFUIBJF187R72NMTGQFOADCH.jpg,vegetarian bee hoon,all,eea8d429d2bcca34,"['Bee hoon, goreng', 'vegetarian bee hoon']"
../foodsg-233\Apricot\855337HNPMY6Q5BBVEDHD41V.jpg,Apricot,all,eec685199ef838c2,"['Apricot', 'preserved fruit snacks']"
../foodsg-233\preserved fruit snacks\UO3EGBQMKZI48Y6BDW3B315M.jpg,preserved fruit snacks,all,eec685199ef838c2,"['Apricot', 'preserved fruit snacks']"
../foodsg-233\chilli crab\VVI9HSSQ5ZJVWLIIFC79QCN3.jpg,chilli crab,all,eec9b0b5e15c1529,"['chilli crab', 'Seafood Noodles Soup']"
../foodsg-233\Seafood Noodles Soup\4JI4PVLORARKKUKH18NMDS5K.jpg,Seafood Noodles Soup,all,eec9b0b5e15c1529,"['chilli crab', 'Seafood Noodles Soup']"
"../foodsg-233\Bee hoon, goreng\QTIKP3FGVOM1UP0RQQ05JZNW.jpg","Bee hoon, goreng",all,eeceb9f8a1c40299,"['Bee hoon, goreng', 'vegetarian bee hoon']"
../foodsg-233\vegetarian bee hoon\BB249YVAC5EGB0OWIBJEGXGU.jpg,vegetarian bee hoon,all,eeceb9f8a1c40299,"['Bee hoon, goreng', 'vegetarian bee hoon']"
../foodsg-233\egg tart\5DH49YR767UFXHJ67WFAWDRC.jpg,egg tart,all,eee4852c44b46f96,"['egg tart', 'kaya toast']"
../foodsg-233\kaya toast\G9OZLJ043NEJQRME3IRHEFH9.jpg,kaya toast,all,eee4852c44b46f96,"['egg tart', 'kaya toast']"
"../foodsg-233\Bee hoon, goreng\BYL8SHR4NYENRMCNWRAMDOZP.jpg","Bee hoon, goreng",all,eefbe13cc0aa01a9,"['Bee hoon, goreng', 'Mee kuah']"
../foodsg-233\Mee kuah\AVD5OR15A7ENJMJQ2OP9IKKI.jpg,Mee kuah,all,eefbe13cc0aa01a9,"['Bee hoon, goreng', 'Mee kuah']"
../foodsg-233\bee hoon\IJ4MG4OY0VGGRTOYAHQYYR2S.jpg,bee hoon,all,ef1f9535c0e4c264,"['bee hoon', 'satay bee hoon']"
../foodsg-233\satay bee hoon\ZHQS02OS0E2XKXS6KHBPX1T5.jpg,satay bee hoon,all,ef1f9535c0e4c264,"['bee hoon', 'satay bee hoon']"
../foodsg-233\chicken masala\Z7U9PGF6UCZFCLCQKDLB82AN.jpg,chicken masala,all,ef22e697c48e5093,"['chicken masala', 'Rice, chicken katsu with Japanese curry']"
"../foodsg-233\Rice, chicken katsu with Japanese curry\0659PHCD17BVKS0RP6Y5W00F.jpg","Rice, chicken katsu with Japanese curry",all,ef22e697c48e5093,"['chicken masala', 'Rice, chicken katsu with Japanese curry']"
../foodsg-233\Fish Ball Noodles\N7R5MRM41O7SKTTZHJ0830KB.jpg,Fish Ball Noodles,all,ef37a0589278de22,"['Fish Ball Noodles', 'Prawn Noodle']"
../foodsg-233\Prawn Noodle\TX8F7UMPFE8EGBPP20WEPT5V.jpg,Prawn Noodle,all,ef37a0589278de22,"['Fish Ball Noodles', 'Prawn Noodle']"
"../foodsg-233\Bee hoon, soto\BZYJ46BQ3TXUWS0Q5FGTFQW7.jpg","Bee hoon, soto",all,ef4c90e38d8f1ac1,"['Bee hoon, soto', 'Mee soto', 'Soto ayam']"
../foodsg-233\Mee soto\AE18UF5MRVJEQRAE6WIDHXAH.jpg,Mee soto,all,ef4c90e38d8f1ac1,"['Bee hoon, soto', 'Mee soto', 'Soto ayam']"
../foodsg-233\Soto ayam\SANNIKO3A1Y1326C9XDON7Q5.jpg,Soto ayam,all,ef4c90e38d8f1ac1,"['Bee hoon, soto', 'Mee soto', 'Soto ayam']"
../foodsg-233\Soto ayam\UULCL1N9SU8IJX57SZ2L1CGW.jpg,Soto ayam,all,ef4c90e38d8f1ac1,"['Bee hoon, soto', 'Mee soto', 'Soto ayam']"
"../foodsg-233\Chap chye, Nonya\9958TGZSPU7Y7XPYQ9SAA8WK.jpg","Chap chye, Nonya",all,ef8494269b93e1d8,"['Chap chye, Nonya', 'mixed vegetables']"
"../foodsg-233\Chap chye, Nonya\ZQ6GAEFX8EBVCJPDHPGFOGM8.jpg","Chap chye, Nonya",all,ef8494269b93e1d8,"['Chap chye, Nonya', 'mixed vegetables']"
../foodsg-233\mixed vegetables\W4DDT4RDLGFSPIU0908X1ER6.jpg,mixed vegetables,all,ef8494269b93e1d8,"['Chap chye, Nonya', 'mixed vegetables']"
../foodsg-233\Grapefruit\CJ50PRTIG9U9FVGP36JL378J.jpg,Grapefruit,all,ef9dd46283111a37,"['Grapefruit', 'Pomelo']"
../foodsg-233\Grapefruit\OB1O2T3PFK6UYIG1SKPYPLAE.jpg,Grapefruit,all,ef9dd46283111a37,"['Grapefruit', 'Pomelo']"
../foodsg-233\Pomelo\10FCU5NV01TB8FN457JOFAQU.jpg,Pomelo,all,ef9dd46283111a37,"['Grapefruit', 'Pomelo']"
../foodsg-233\honeydew\TARK93IKHCUTXIVVDJOGJGVC.jpg,honeydew,all,efc2941fca708d19,"['honeydew', 'rock melon']"
../foodsg-233\rock melon\COCGT5UFTQR3EVMAPC3R418U.jpg,rock melon,all,efc2941fca708d19,"['honeydew', 'rock melon']"
../foodsg-233\Mee siam\BB99XA19I2K7YNLD8ZFN8EWK.jpg,Mee siam,all,efc2d690193fd828,"['Mee siam', 'Mee siam, fried']"
"../foodsg-233\Mee siam, fried\AIL2WQASWQ4J4BO9KG5UZCTL.jpg","Mee siam, fried",all,efc2d690193fd828,"['Mee siam', 'Mee siam, fried']"
../foodsg-233\Fish Ball Noodles\2N2I9VO859U0BRWKZIVSC3JY.jpg,Fish Ball Noodles,all,efccbcc0c08b3596,"['Fish Ball Noodles', 'mee pok']"
../foodsg-233\mee pok\C2ZJFH68XNEH2QQWFFCXH7ZW.jpg,mee pok,all,efccbcc0c08b3596,"['Fish Ball Noodles', 'mee pok']"
../foodsg-233\lontong\R40FRLINKBZBE29KEHCYLDVU.jpg,lontong,all,efd1112a4c293af5,"['lontong', 'Lontong with sayur lodeh']"
../foodsg-233\Lontong with sayur lodeh\5XGVVJ10FVG1A7QVHFN0U1EJ.jpg,Lontong with sayur lodeh,all,efd1112a4c293af5,"['lontong', 'Lontong with sayur lodeh']"
../foodsg-233\blueberries\USPS8AJQK262QOSVQ3V8M5WW.jpg,blueberries,all,efe15642f08864b7,"['blueberries', 'pancake']"
../foodsg-233\pancake\U91WM6NKQB4KDJYALST77C1C.jpg,pancake,all,efe15642f08864b7,"['blueberries', 'pancake']"
../foodsg-233\char siew\43JWTL5RHDFHSC7E6HHXFK8X.jpg,char siew,all,f04b8383c5c371dd,"['char siew', 'char siew pau']"
../foodsg-233\char siew pau\KZ7XA7R0RYZYNVDHUD7NHU83.jpg,char siew pau,all,f04b8383c5c371dd,"['char siew', 'char siew pau']"
../foodsg-233\bak chor mee\U171NLXSQUA6BHNWNA1DVQFL.jpg,bak chor mee,all,f0d59b7be0c484a9,"['bak chor mee', 'Fish Ball Noodles', 'mee pok']"
../foodsg-233\mee pok\AHGTWZBYHYUN385Q5D2R6VQ7.jpg,mee pok,all,f0d59b7be0c484a9,"['bak chor mee', 'Fish Ball Noodles', 'mee pok']"
"../foodsg-233\Bee hoon, soto\2ZCFGXBHX42M44Q6I06PE2O7.jpg","Bee hoon, soto",all,f0fd45bf10f05a24,"['Bee hoon, soto', 'Soto ayam']"
../foodsg-233\Soto ayam\PHUX1W78A1JZVH6GRJ6OOD0D.jpg,Soto ayam,all,f0fd45bf10f05a24,"['Bee hoon, soto', 'Soto ayam']"
"../foodsg-233\Bee hoon, soto\IDOOX7HOWBCLZY6ZQ4E378RL.jpg","Bee hoon, soto",all,f158e0c15763d746,"['Bee hoon, soto', 'Mee rebus', 'Mee soto']"
../foodsg-233\mushroom soup\L9JP6VHRIL9FDXW2Y3ZFJTO8.jpg,mushroom soup,all,f194cadaad8934cc,"['mushroom soup', 'vegetable soup']"
../foodsg-233\vegetable soup\9DCRBC2DKMEJQ26K9M581Z68.jpg,vegetable soup,all,f194cadaad8934cc,"['mushroom soup', 'vegetable soup']"
../foodsg-233\hokkien prawn mee\6VW3C2PEVMCIG8O7FH4WKVPO.jpg,hokkien prawn mee,all,f2378fc0e00e8b8f,"['hokkien prawn mee', 'Prawn Noodle']"
../foodsg-233\Prawn Noodle\95ARR0G7GMNG7D13EB7PZV1C.jpg,Prawn Noodle,all,f2378fc0e00e8b8f,"['hokkien prawn mee', 'Prawn Noodle']"
../foodsg-233\fried fish\X0YRAISRY6XNKVS9L560VTUU.jpg,fried fish,all,f27d81629632cf98,"['fried fish', 'Seafood Noodles Soup']"
../foodsg-233\Seafood Noodles Soup\ZMYXLB96R1H9EUDVPZWA11EP.jpg,Seafood Noodles Soup,all,f27d81629632cf98,"['fried fish', 'Seafood Noodles Soup']"
../foodsg-233\Mee goreng\05RVPMLJWIG8PKW8PMSGEB2V.jpg,Mee goreng,all,f285c93f70b2a1b8,"['Mee goreng', 'Mee siam, fried']"
"../foodsg-233\Mee siam, fried\R3Q5L2M11TPQR873Y3HN49JK.jpg","Mee siam, fried",all,f285c93f70b2a1b8,"['Mee goreng', 'Mee siam, fried']"
../foodsg-233\Seafood Noodles Soup\9QLHXQKH9OYHPEX7UPMZOXM3.jpg,Seafood Noodles Soup,all,f2e949b2299478d9,"['Seafood Noodles Soup', 'sliced fish soup']"
../foodsg-233\sliced fish soup\N30HZHL15R3OPMS5E8TQO8R4.jpg,sliced fish soup,all,f2e949b2299478d9,"['Seafood Noodles Soup', 'sliced fish soup']"
../foodsg-233\lontong\J4IAEX0PRG2JQASN60M9EH3G.jpg,lontong,all,f3048c5f74786371,"['lontong', 'Lontong with sayur lodeh']"
../foodsg-233\Lontong with sayur lodeh\52Q0WZJZ80CDFCSBFLAH8UTK.jpg,Lontong with sayur lodeh,all,f3048c5f74786371,"['lontong', 'Lontong with sayur lodeh']"
../foodsg-233\Bubble Milk Tea\R8ZT9IOC2VO4WR4954KZWNNM.jpg,Bubble Milk Tea,all,f3313493c75d286a,"['Bubble Milk Tea', 'chin chow drink']"
../foodsg-233\chin chow drink\5KN4C9N1JAGM01KJ6F4T8P80.jpg,chin chow drink,all,f3313493c75d286a,"['Bubble Milk Tea', 'chin chow drink']"
../foodsg-233\Mee siam\6MFA0Q5ZUNLYMQT55QPL3URD.jpg,Mee siam,all,f33457185b4164e7,"['Mee siam', 'Mee siam, fried']"
"../foodsg-233\Mee siam, fried\FW0A2NHR4CGFKMEJ1GZMMSSV.jpg","Mee siam, fried",all,f33457185b4164e7,"['Mee siam', 'Mee siam, fried']"
"../foodsg-233\Mee siam, fried\OPMI1FDDGORI0LRZKC6OBSUX.jpg","Mee siam, fried",all,f393cd26189b668c,"['Mee goreng', 'Mee siam', 'Mee siam, fried']"
"../foodsg-233\Bee hoon, soto\LZX9CO3FK2AKVC9FXMQZFR35.jpg","Bee hoon, soto",all,f39a820f2d6d9507,"['Bee hoon, soto', 'Mee soto']"
../foodsg-233\bee hoon\PXSGQ6D6TJHGQRVL3VP2GSOB.jpg,bee hoon,all,f3b1d17a85768261,"['bee hoon', 'vegetarian bee hoon']"
../foodsg-233\vegetarian bee hoon\9A7235T64938HBGFGADZILPH.jpg,vegetarian bee hoon,all,f3b1d17a85768261,"['bee hoon', 'vegetarian bee hoon']"
../foodsg-233\Chinese fritters\XY1O8TBVJBP4906QZ6UPXSL6.jpg,Chinese fritters,all,f3ccf016c5798730,"['Chinese fritters', 'goreng pisang']"
../foodsg-233\goreng pisang\B7ZC0W0W5YFV56CYSZGWG5DC.jpg,goreng pisang,all,f3ccf016c5798730,"['Chinese fritters', 'goreng pisang']"
../foodsg-233\Mee siam\HTSF5HG8CUW8AOFNDSGQM98T.jpg,Mee siam,all,f3dac8447465e24b,"['Mee siam', 'Mee siam, fried']"
"../foodsg-233\Mee siam, fried\8SU3WXFSN0U8KVMOA4UO4P1M.jpg","Mee siam, fried",all,f3dac8447465e24b,"['Mee siam', 'Mee siam, fried']"
../foodsg-233\mixed vegetables\ASGVS0Z1T6IW9KXMHED7DR8B.jpg,mixed vegetables,all,f3f3113939805d8d,"['mixed vegetables', 'Rice, korean bulgogi beef']"
"../foodsg-233\Rice, korean bulgogi beef\30MIR95U89K3OGWQ1SG5IUYS.jpg","Rice, korean bulgogi beef",all,f3f3113939805d8d,"['mixed vegetables', 'Rice, korean bulgogi beef']"
../foodsg-233\hokkien prawn mee\88AZAG9ZFDKOV8FAWE6WMDGN.jpg,hokkien prawn mee,all,f42b89f186c0bae6,"['hokkien prawn mee', 'Hor Fun']"
../foodsg-233\Hor Fun\EGCCT9J7CCSME6AAY6DGE5R0.jpg,Hor Fun,all,f42b89f186c0bae6,"['hokkien prawn mee', 'Hor Fun']"
../foodsg-233\chai tow kuay\OGWLVFKDTM1RMD7SXQ248X90.jpg,chai tow kuay,all,f46cc460c04fbcf3,"['chai tow kuay', 'chwee kueh']"
"../foodsg-233\Bee hoon, goreng\E73LP4JZ0HQRKFOWTS125ENH.jpg","Bee hoon, goreng",all,f496b987c9586a25,"['Bee hoon, goreng', 'vegetarian bee hoon']"
../foodsg-233\vegetarian bee hoon\Y6SK9WNLAUQRFTTITPDFHEZM.jpg,vegetarian bee hoon,all,f496b987c9586a25,"['Bee hoon, goreng', 'vegetarian bee hoon']"
../foodsg-233\lontong\NGXG0B4T40H1IOCU9M95LYDE.jpg,lontong,all,f4cfc82d85378b88,"['lontong', 'Lontong with sayur lodeh']"
../foodsg-233\Lontong with sayur lodeh\QTC0AYHA3WDARZ41PKIYLHLX.jpg,Lontong with sayur lodeh,all,f4cfc82d85378b88,"['lontong', 'Lontong with sayur lodeh']"
"../foodsg-233\Bee hoon, soto\1AR76XG0PW7BHEGTTUH67VZV.jpg","Bee hoon, soto",all,f4fdd0d354c25a0c,"['Bee hoon, soto', 'Seafood Noodles Soup']"
../foodsg-233\Mee siam\FYAIN7YXS816U4XADP3AMN0B.jpg,Mee siam,all,f51e99a56d968990,"['Mee siam', 'Mee siam, fried']"
../foodsg-233\chicken wing\9MZOHMRZTERWQZCZM4Q68HY5.jpg,chicken wing,all,f58852b54a7c9f30,"['chicken wing', 'fried chicken']"
../foodsg-233\fried chicken\9WQKKH9DCO6KF7ZQ85C3UHK3.jpg,fried chicken,all,f58852b54a7c9f30,"['chicken wing', 'fried chicken']"
../foodsg-233\whole wheat\UNGT7P0ABL08H7NYWYEPDOUF.jpg,whole wheat,all,f5a150064d7ef293,"['whole wheat', 'wholegrain pasta']"
../foodsg-233\wholegrain pasta\AR0AEMTK4F0UH2P2O3B78LQO.jpg,wholegrain pasta,all,f5a150064d7ef293,"['whole wheat', 'wholegrain pasta']"
../foodsg-233\Soto ayam\HFUDSZMO279ZTPJH0RNKUTRA.jpg,Soto ayam,all,f5a1da4c49c26dd2,"['Mee soto', 'Soto ayam']"
../foodsg-233\drunken prawn\8J7BW8YJGF0YI8GARXWCP9OE.jpg,drunken prawn,all,f65f3421ad4de481,"['drunken prawn', 'fried prawn']"
../foodsg-233\Mee kuah\YIVJVLJX7ADTEAUHG61YAS6B.jpg,Mee kuah,all,f692cf59dd447048,"['Mee kuah', 'Mee rebus']"
../foodsg-233\Mee rebus\4QEQP136U2E84AHX16E3VIX0.jpg,Mee rebus,all,f692cf59dd447048,"['Mee kuah', 'Mee rebus']"
"../foodsg-233\Bee hoon, goreng\12QXTRD3NO6WKWHWZC1SGS1A.jpg","Bee hoon, goreng",all,f708d507560f4a5b,"['Bee hoon, goreng', 'Mee goreng']"
../foodsg-233\Mee goreng\0EKM5Y5A9SV4FPXQ9SVH0FNP.jpg,Mee goreng,all,f708d507560f4a5b,"['Bee hoon, goreng', 'Mee goreng']"
../foodsg-233\Soto ayam\5GBCW2GO979VOGKAH58MOXD4.jpg,Soto ayam,all,f74b5461608d8a5f,"['Bee hoon, soto', 'Soto ayam']"
../foodsg-233\Blackberry\N72PBA5DYZMBXC8QXM0TXLEW.jpg,Blackberry,all,f80b872f57f00e23,"['Blackberry', 'blueberries']"
../foodsg-233\blueberries\0A751ZMBSQAACO9NAJLOF3W1.jpg,blueberries,all,f80b872f57f00e23,"['Blackberry', 'blueberries']"
../foodsg-233\hokkien prawn mee\056DRME04UDG2CWD33EZ9UUA.jpg,hokkien prawn mee,all,f81383e3decca0aa,"['hokkien prawn mee', 'Prawn Noodle']"
../foodsg-233\Prawn Noodle\K9KHXWB5PY4HC2JLM2N6USWI.jpg,Prawn Noodle,all,f81383e3decca0aa,"['hokkien prawn mee', 'Prawn Noodle']"
"../foodsg-233\Rice, korean bulgogi beef\6WHTP6WMFJ6RLX9EBU1ASK6F.jpg","Rice, korean bulgogi beef",all,f83ba10ea7f880b3,"['Rice, korean bulgogi beef', 'Rice, with dakgalbi']"
"../foodsg-233\Rice, with dakgalbi\0PVW76S3E1VN7M52NF5O03RT.jpg","Rice, with dakgalbi",all,f83ba10ea7f880b3,"['Rice, korean bulgogi beef', 'Rice, with dakgalbi']"
../foodsg-233\cereal prawns\YQG3NUWVN9JRPOJ0LK910O5O.jpg,cereal prawns,all,f886c95b4a71c966,"['cereal prawns', 'fried prawn']"
../foodsg-233\fried prawn\CS7FHYRWSRJ51IL2NDJ8IBWZ.jpg,fried prawn,all,f886c95b4a71c966,"['cereal prawns', 'fried prawn']"
../foodsg-233\Blackberry\9EUYRCQ0E0NAI6RYSQ3BGM6B.jpg,Blackberry,all,f88dcc6b802f271b,"['Blackberry', 'raspberry']"
../foodsg-233\raspberry\DWWAVDQZI7KDN856T6PHBQ3C.jpg,raspberry,all,f88dcc6b802f271b,"['Blackberry', 'raspberry']"
../foodsg-233\hokkien prawn mee\FYGALJI0KQE6KYWP64UCWA9S.jpg,hokkien prawn mee,all,f8a80bab07983af5,"['Bee hoon, goreng', 'hokkien prawn mee']"
../foodsg-233\chicken wing\88VYYLORCHOFC3TU3FZ6JRSB.jpg,chicken wing,all,f8ee85e0d7a04e85,"['chicken wing', 'fried chicken']"
../foodsg-233\fried chicken\6Q29KL5DZA1QN3W1N4JJY48Y.jpg,fried chicken,all,f8ee85e0d7a04e85,"['chicken wing', 'fried chicken']"
../foodsg-233\char siew pau\ZGUM41RRUU3DZ3QPU7EIZ34I.jpg,char siew pau,all,f915062f3149cfd8,"['char siew pau', 'steamed buns']"
../foodsg-233\steamed buns\O1OUNKP1QOH5XIBOKFUN4GC1.jpg,steamed buns,all,f915062f3149cfd8,"['char siew pau', 'steamed buns']"
"../foodsg-233\Bee hoon, goreng\AU7R8TBA4PQHPA2TP3Y1K953.jpg","Bee hoon, goreng",all,f9a5c7968657a212,"['bee hoon', 'Bee hoon, goreng']"
"../foodsg-233\Bee hoon, goreng\E3U9UQUR71A1081EGZGU2Z6P.jpg","Bee hoon, goreng",all,f9a5c7968657a212,"['bee hoon', 'Bee hoon, goreng']"
../foodsg-233\Nasi Ambeng\OMHQZIA2DNZBMT8EFKF9764M.jpg,Nasi Ambeng,all,f9ad6971a622c4f0,"['Nasi Ambeng', 'nasi lemak']"
../foodsg-233\nasi lemak\A0EQ277QACEUFUXBWB40VY1Q.jpg,nasi lemak,all,f9ad6971a622c4f0,"['Nasi Ambeng', 'nasi lemak']"
../foodsg-233\hokkien prawn mee\05QM2M1STO03G54XYFE3GT80.jpg,hokkien prawn mee,all,f9c1359151165977,"['hokkien prawn mee', 'Mee siam, fried']"
"../foodsg-233\Mee siam, fried\IJTDYAMCRU66KWODW0ILY3OK.jpg","Mee siam, fried",all,f9c1359151165977,"['hokkien prawn mee', 'Mee siam, fried']"
../foodsg-233\bee hoon\2RU2XTO4ZE67S3G68857RF85.jpg,bee hoon,all,f9c3801d8f6eb464,"['bee hoon', 'vegetarian bee hoon']"
../foodsg-233\vegetarian bee hoon\DA11VCBIDFM4IDLL7O40C4KL.jpg,vegetarian bee hoon,all,f9c3801d8f6eb464,"['bee hoon', 'vegetarian bee hoon']"
../foodsg-233\Soto ayam\YYCX3LUYEMFD2SV3AGUD61Q6.jpg,Soto ayam,all,f9cec09e1362668d,"['Mee soto', 'Soto ayam']"
../foodsg-233\Mee rebus\Z7C8IU5JSWX4RRCBFTXAZUZZ.jpg,Mee rebus,all,f9fce16181079e13,"['Mee rebus', 'Mee siam']"
../foodsg-233\Mee siam\NZ6GOAFBGY0A5R71OBYRAV42.jpg,Mee siam,all,f9fce16181079e13,"['Mee rebus', 'Mee siam']"
../foodsg-233\Soto ayam\E211SE0MHK2XOWBGTUTBDLTI.jpg,Soto ayam,all,fa3f6b41809c97d0,"['Bee hoon, soto', 'Mee soto', 'Soto ayam']"
../foodsg-233\char siew\VFZ4K2I49997XHP3SHX0WDKQ.jpg,char siew,all,fa82a92d0d3566f8,"['char siew', 'Duck Rice']"
../foodsg-233\Duck Rice\X2B74TRXGLM60ETOXZ0YX0TL.jpg,Duck Rice,all,fa82a92d0d3566f8,"['char siew', 'Duck Rice']"
../foodsg-233\rock melon\N4YN395L4TZUHL2IVIZ3WC4G.jpg,rock melon,all,fa90b1ec9826c373,"['honeydew', 'rock melon']"
../foodsg-233\Mee bandung\625G51RVGFDDYEZ7WCJQTGHG.jpg,Mee bandung,all,fa998066d7a59a94,"['Mee bandung', 'Mee rebus']"
../foodsg-233\Mee rebus\HZT9AWQMIEKNL4W1YD8QH3T4.jpg,Mee rebus,all,fa998066d7a59a94,"['Mee bandung', 'Mee rebus']"
../foodsg-233\black pepper crab\INPF0XDXZMNIWBQQ51UOL6C0.jpg,black pepper crab,all,fa9cc4b08a0f5579,"['black pepper crab', 'chilli crab']"
../foodsg-233\chilli crab\JMSHSERP4LRZKA14LK1X3NUW.jpg,chilli crab,all,fa9cc4b08a0f5579,"['black pepper crab', 'chilli crab']"
../foodsg-233\blueberries\O2ZUBADUD8OOSXNBA1YDIHTN.jpg,blueberries,all,faa3a04f5c6b1287,"['blueberries', 'raspberry']"
../foodsg-233\raspberry\8ND9ZE1S00A3VM3TH8F9M3X5.jpg,raspberry,all,faa3a04f5c6b1287,"['blueberries', 'raspberry']"
"../foodsg-233\Bee hoon, soto\7Y4K7YB5IG2IIX5L1EMRLJTA.jpg","Bee hoon, soto",all,faa48dd317b2130e,"['Bee hoon, soto', 'Mee soto', 'Soto ayam']"
../foodsg-233\Soto ayam\QG0PKUCZBAXOV4IXTIA0UC7G.jpg,Soto ayam,all,faa48dd317b2130e,"['Bee hoon, soto', 'Mee soto', 'Soto ayam']"
"../foodsg-233\Bee hoon, soto\ZAJ1UYJ4ITD0CCKR9ATG0Y87.jpg","Bee hoon, soto",all,faa9c1d2c7e42692,"['Bee hoon, soto', 'Laksa']"
../foodsg-233\Laksa\XQ4GBHQH9PO1I8SRBBZFC3EL.jpg,Laksa,all,faa9c1d2c7e42692,"['Bee hoon, soto', 'Laksa']"
../foodsg-233\Barley\GH1UWI6W2D4TLBNZ3YBI396E.jpg,Barley,all,fab47595c3d20c29,"['Barley', 'salad']"
../foodsg-233\salad\37BTG005ZI1TADVSJP2361F8.jpg,salad,all,fab47595c3d20c29,"['Barley', 'salad']"
../foodsg-233\Chocolate\1AKL8AEW6TJP3B92H8HZH0KI.jpg,Chocolate,all,fac991cb8315972c,"['Chocolate', 'ice cream - chocolate']"
../foodsg-233\ice cream - chocolate\5BYH8VQSS7YGYLYCO28MQY3Y.jpg,ice cream - chocolate,all,fac991cb8315972c,"['Chocolate', 'ice cream - chocolate']"
../foodsg-233\Mee rebus\FXEGH2WL4JK4IPS559JO4MH8.jpg,Mee rebus,all,fad353042a1eb39a,"['Mee bandung', 'Mee rebus']"
../foodsg-233\chai tow kuay\D6CQHW62DAB4DD8HOT8J7OB4.jpg,chai tow kuay,all,fad3812697625e89,"['chai tow kuay', 'rojak']"
../foodsg-233\rojak\5V0V416TMCIK1KNQIYQUD57O.jpg,rojak,all,fad3812697625e89,"['chai tow kuay', 'rojak']"
../foodsg-233\Barley\DTI665BQHY39R69G05V414BO.jpg,Barley,all,fadb828ade94d052,"['Barley', 'salad']"
../foodsg-233\salad\55D537SSK6LF80ZJK2XCS8SP.jpg,salad,all,fadb828ade94d052,"['Barley', 'salad']"
../foodsg-233\Mee kuah\O3R3BKYCRMHE44G7Y1XW0Y2K.jpg,Mee kuah,all,fb6885d9ae268585,"['Mee kuah', 'Mee rebus']"
../foodsg-233\Mee rebus\PCC2967BY75O0MKRS62K21B3.jpg,Mee rebus,all,fb6885d9ae268585,"['Mee kuah', 'Mee rebus']"
../foodsg-233\bee hoon\ISTCWDCG3DBR39YGFC1SZCOG.jpg,bee hoon,all,fb8460971dd205ed,"['bee hoon', 'satay bee hoon']"
../foodsg-233\satay bee hoon\6GDR10B2PBILVYJK17TBOV9M.jpg,satay bee hoon,all,fb8460971dd205ed,"['bee hoon', 'satay bee hoon']"
../foodsg-233\Mee kuah\KRLM4BTXCCFNPNK614TQZDZY.jpg,Mee kuah,all,fb86f92d8494c362,"['Mee kuah', 'Mee rebus']"
../foodsg-233\Mee rebus\ENTM41Z53YXI7TN0IPW23YOV.jpg,Mee rebus,all,fb86f92d8494c362,"['Mee kuah', 'Mee rebus']"
../foodsg-233\bak chor mee\TPYSIXVB6IPW795ENIT1TMCF.jpg,bak chor mee,all,fb8cd1b296a15839,"['bak chor mee', 'mee pok']"
../foodsg-233\mee pok\Q8677W1COCD2CUMRP1YH6BD5.jpg,mee pok,all,fb8cd1b296a15839,"['bak chor mee', 'mee pok']"
../foodsg-233\Soto ayam\G1SBPJHYT0NG0QPTDVCWMZ3O.jpg,Soto ayam,all,fb9985c262969ac9,"['Bee hoon, soto', 'Mee soto', 'Soto ayam']"
../foodsg-233\Mee bandung\GDBYIU09M8EAQ3BNAJHFLVG7.jpg,Mee bandung,all,fb9c95bd99700530,"['Mee bandung', 'Mee kuah', 'Mee rebus']"
../foodsg-233\Mee kuah\4PYTKF1S6BLSJ9OUWMX4XIQN.jpg,Mee kuah,all,fb9c95bd99700530,"['Mee bandung', 'Mee kuah', 'Mee rebus']"
../foodsg-233\Mee rebus\VASLO7SDBRVHFZUCU3GVFSCW.jpg,Mee rebus,all,fb9c95bd99700530,"['Mee bandung', 'Mee kuah', 'Mee rebus']"
"../foodsg-233\Bee hoon, soto\84VX5UFDNB51O0TD4AILPKEN.jpg","Bee hoon, soto",all,fba6d09ad169c650,"['Bee hoon, soto', 'Mee soto', 'Soto ayam']"
"../foodsg-233\Bee hoon, goreng\3UX5OYVQ23LO1QL0544FKSHJ.jpg","Bee hoon, goreng",all,fbe9b414c24acc69,"['bee hoon', 'Bee hoon, goreng', 'satay bee hoon']"
../foodsg-233\bee hoon\L60455NM7LT6R33ZMAZM967Q.jpg,bee hoon,all,fc26839dffd19040,"['bee hoon', 'Seafood Noodles Soup']"
../foodsg-233\Seafood Noodles Soup\8WMOP6BX1ES8JUMJDB107KO5.jpg,Seafood Noodles Soup,all,fc26839dffd19040,"['bee hoon', 'Seafood Noodles Soup']"
../foodsg-233\bee hoon\XP67P9DIN0ONAMLM9X6WVQQT.jpg,bee hoon,all,fc69a3868d8aa5a5,"['bee hoon', 'Bee hoon, soto']"
"../foodsg-233\Bee hoon, soto\5K83MUULX6N6KRKEVD1Q0A8A.jpg","Bee hoon, soto",all,fc69a3868d8aa5a5,"['bee hoon', 'Bee hoon, soto']"
"../foodsg-233\Bee hoon, soto\RDX290QYXB19DDPR4Q44GCKY.jpg","Bee hoon, soto",all,fc8493856d87749c,"['Bee hoon, soto', 'Mee soto']"
../foodsg-233\Mee soto\3OAJBDLP5RBVC2CR6TMUZGAF.jpg,Mee soto,all,fc8493856d87749c,"['Bee hoon, soto', 'Mee soto']"
../foodsg-233\bee hoon\4HRLXFUD7LRG4VMHA25C1MDY.jpg,bee hoon,all,fce108ae24994ede,"['bee hoon', 'Bee hoon, goreng']"
"../foodsg-233\Bee hoon, goreng\ZTD0R38S4KAOK37ZEHUKJTTC.jpg","Bee hoon, goreng",all,fce108ae24994ede,"['bee hoon', 'Bee hoon, goreng']"
../foodsg-233\Katsudon\DU2I5CF0Z43SVHQUGOG3Q0HE.jpg,Katsudon,all,fd7aa0e08707859d,"['Katsudon', 'Rice, chicken katsu with Japanese curry']"
"../foodsg-233\Rice, chicken katsu with Japanese curry\P4R2NICTL2S9V7ADT71OZ64R.jpg","Rice, chicken katsu with Japanese curry",all,fd7aa0e08707859d,"['Katsudon', 'Rice, chicken katsu with Japanese curry']"
../foodsg-233\lontong\5055CXQ38133R6PQG5LUWNAR.jpg,lontong,all,fd8cd4718a940bda,"['lontong', 'Lontong with sayur lodeh']"
../foodsg-233\Lontong with sayur lodeh\07URHNKZGOXPSWA1KHOV8PEU.jpg,Lontong with sayur lodeh,all,fd8cd4718a940bda,"['lontong', 'Lontong with sayur lodeh']"
../foodsg-233\green leafy vegetables\JKP6GEFM4VE7NE4FAJUT76S8.jpg,green leafy vegetables,all,fdc08634edc20f1d,"['green leafy vegetables', 'mixed vegetables']"
../foodsg-233\mixed vegetables\NBPBS7LV0TDSLRNS3NGZU77J.jpg,mixed vegetables,all,fdc08634edc20f1d,"['green leafy vegetables', 'mixed vegetables']"
../foodsg-233\Fried Noodles\B5ELNK8A9IDOVQN5E2XO5104.jpg,Fried Noodles,all,fdc0c01f9639c372,"['Fried Noodles', 'Kway Teow']"
../foodsg-233\Kway Teow\NJXEZ0L97C6QRVPG3WG3VGJG.jpg,Kway Teow,all,fdc0c01f9639c372,"['Fried Noodles', 'Kway Teow']"
../foodsg-233\White Bread\N65CVZ59YC4ZMHWWSJD6CIK4.jpg,White Bread,all,fdcd92b48a24ca33,"['White Bread', 'whole grain bread']"
../foodsg-233\whole grain bread\YXHC41QL2QN7ZCCCTX5KU28O.jpg,whole grain bread,all,fdcd92b48a24ca33,"['White Bread', 'whole grain bread']"
"../foodsg-233\Bee hoon, soto\RO7QTOPMXDSV1ZYJCCPX2LEO.jpg","Bee hoon, soto",all,fe0cb0f4c86b25a3,"['Bee hoon, soto', 'pig organ soup']"
../foodsg-233\pig organ soup\CK764YMZ4R2H5JN3NVEIKK86.jpg,pig organ soup,all,fe0cb0f4c86b25a3,"['Bee hoon, soto', 'pig organ soup']"
../foodsg-233\cream soup\L0WJZJRA53UYY7T7EZAOZOO2.jpg,cream soup,all,fe22b33646767019,"['cream soup', 'tacos and nachos']"
../foodsg-233\tacos and nachos\78KG9XBITW519HTDG0CPI81F.jpg,tacos and nachos,all,fe22b33646767019,"['cream soup', 'tacos and nachos']"
../foodsg-233\mixed vegetables\NRKE9H4GLDRVYH0WCW65ZEB2.jpg,mixed vegetables,all,fe54abc04dcba446,"['mixed vegetables', 'vegetable soup']"
../foodsg-233\vegetable soup\IXIITHZU96Y3DC5G4YM3LMGU.jpg,vegetable soup,all,fe54abc04dcba446,"['mixed vegetables', 'vegetable soup']"
../foodsg-233\bee hoon\H9WMULN73GUM6SLHMHXW4EA1.jpg,bee hoon,all,fe55d170d550ca0b,"['bee hoon', 'vegetarian bee hoon']"
../foodsg-233\vegetarian bee hoon\E6YOAHEDEIOHVTVLBZQ5TFDZ.jpg,vegetarian bee hoon,all,fe55d170d550ca0b,"['bee hoon', 'vegetarian bee hoon']"
../foodsg-233\Mee rebus\BKE077XHZB45AVB14UGMTD36.jpg,Mee rebus,all,fe65a402d54dd1a9,"['Mee bandung', 'Mee kuah', 'Mee rebus']"
../foodsg-233\Fried Noodles\2D4MJ86URZ1J6N5WNYY139M6.jpg,Fried Noodles,all,fe7b60608e87989c,"['Fried Noodles', 'Mee goreng']"
../foodsg-233\Mee goreng\K6GKJU3OJF7KDOTAHFJNF5H0.jpg,Mee goreng,all,fe7b60608e87989c,"['Fried Noodles', 'Mee goreng']"
../foodsg-233\Chocolate\ML24Z41VY4GNFH36GETNTWOQ.jpg,Chocolate,all,fe85817a7e858178,"['Chocolate', 'Sweets']"
../foodsg-233\Sweets\8XDPV2N4PXUC65HXP20WAPGH.jpg,Sweets,all,fe85817a7e858178,"['Chocolate', 'Sweets']"
../foodsg-233\Mee bandung\2AS1HJUZDRL80MSM5A77ELQA.jpg,Mee bandung,all,fea065c99a15d932,"['Mee bandung', 'Mee kuah']"
../foodsg-233\Mee kuah\0PT528DVYPUOGQT0OKCC9D01.jpg,Mee kuah,all,fea065c99a15d932,"['Mee bandung', 'Mee kuah']"
"../foodsg-233\Bee hoon, goreng\RLBRRHKMFNDA05P2UZEDEXDP.jpg","Bee hoon, goreng",all,fea0eb45c077ca0c,"['bee hoon', 'Bee hoon, goreng', 'Bee hoon, soto']"
../foodsg-233\Mee soto\JT16ZNYC2P27LJ1ID0UPY1L0.jpg,Mee soto,all,fea9e087979e1890,"['Mee soto', 'Soto ayam']"
../foodsg-233\Soto ayam\M6YYA5V1KHD6AGUD3X9M3707.jpg,Soto ayam,all,fea9e087979e1890,"['Mee soto', 'Soto ayam']"
../foodsg-233\Soto ayam\OX9ZC9HVSILVDPOHN7OPZA43.jpg,Soto ayam,all,fea9e087979e1890,"['Mee soto', 'Soto ayam']"
../foodsg-233\bak kwa\15WN9Z5ZVSEZY0X7T4L8EOT7.jpg,bak kwa,all,fec08d4b584b5e0d,"['bak kwa', 'CNY love letter']"
../foodsg-233\bak kwa\2HGGU49IFURLKP7MRYRLP0W9.jpg,bak kwa,all,fec08d4b584b5e0d,"['bak kwa', 'CNY love letter']"
../foodsg-233\CNY love letter\D0W8YTG4Q7YY1TVWSVCJ611S.jpg,CNY love letter,all,fec08d4b584b5e0d,"['bak kwa', 'CNY love letter']"
../foodsg-233\Apricot\J9DWV3Y8ZP3HLVXZPXSSOW7H.jpg,Apricot,all,fec5811e4bb82c47,"['Apricot', 'preserved fruit snacks']"
../foodsg-233\preserved fruit snacks\WCGK9SHH4S83FFLJXKV3P5ZQ.jpg,preserved fruit snacks,all,fec5811e4bb82c47,"['Apricot', 'preserved fruit snacks']"
../foodsg-233\bak chor mee\09FEKNTIK5YYGR3VVV83995B.jpg,bak chor mee,all,fed0606b830f8c7c,"['bak chor mee', 'mee pok']"
../foodsg-233\mee pok\76EECK7NNFLPHYUA80SZD7ZY.jpg,mee pok,all,fed0606b830f8c7c,"['bak chor mee', 'mee pok']"
../foodsg-233\Nasi Ambeng\3ZYQ0E1XFEZ2H8UANEIE2YP1.jpg,Nasi Ambeng,all,fed0db0aec35301a,"['Nasi Ambeng', 'tumpeng']"
../foodsg-233\tumpeng\ZK8SB5I54D76LY403PE2X3NV.jpg,tumpeng,all,fed0db0aec35301a,"['Nasi Ambeng', 'tumpeng']"
"../foodsg-233\Bee hoon, soto\N5DLKED3JQZT6OW37N8IJ77O.jpg","Bee hoon, soto",all,fed2ad40b10b974c,"['Bee hoon, soto', 'vegetarian bee hoon']"
../foodsg-233\vegetarian bee hoon\VL0SDRW8CQRTU53OK2CJT0NI.jpg,vegetarian bee hoon,all,fed2ad40b10b974c,"['Bee hoon, soto', 'vegetarian bee hoon']"
../foodsg-233\Mee soto\R5AQTZ8P0KFTC8ODFINKUZ9U.jpg,Mee soto,all,fedcc1a0a6b10f1c,"['Mee soto', 'Soto ayam']"
../foodsg-233\Soto ayam\OQVTOW96ATLALK52RG8K1453.jpg,Soto ayam,all,fedcc1a0a6b10f1c,"['Mee soto', 'Soto ayam']"
../foodsg-233\Lontong with sayur lodeh\5BXGTF1SXU60MMYC0EWQF2RQ.jpg,Lontong with sayur lodeh,all,fee48492834b8f6c,"['lontong', 'Lontong with sayur lodeh']"
../foodsg-233\chai tow kuay\UU07AB6BAF5PIGT72WDO9FPA.jpg,chai tow kuay,all,fef2e4c082c1c9ad,"['chai tow kuay', 'Kway Teow']"
../foodsg-233\Kway Teow\WDWZ2XIKOQN5AYGJ9FBE5T9P.jpg,Kway Teow,all,fef2e4c082c1c9ad,"['chai tow kuay', 'Kway Teow']"
../foodsg-233\Mee bandung\WIAM2LWREO5JJ4BJAL0SENEB.jpg,Mee bandung,all,ff148469c96a8e2d,"['Mee bandung', 'Mee rebus']"
../foodsg-233\Mee rebus\Z51WPLYYLN2LWF5U6HWH69HN.jpg,Mee rebus,all,ff148469c96a8e2d,"['Mee bandung', 'Mee rebus']"
../foodsg-233\Mee goreng\9YGP3AW5OVO8M0I32SH2914N.jpg,Mee goreng,all,ff15c17a14243e1e,"['Mee goreng', 'satay bee hoon']"
../foodsg-233\satay bee hoon\9HPFJ9JZ5A9V9DMGMZ7RW0TE.jpg,satay bee hoon,all,ff15c17a14243e1e,"['Mee goreng', 'satay bee hoon']"
../foodsg-233\cooked brown rice\FQYL7YJ0WMIR0AS4HO34B7WH.jpg,cooked brown rice,all,ff1cd47002429fcd,"['cooked brown rice', 'Rice, with dakgalbi']"
"../foodsg-233\Rice, with dakgalbi\6OX7SBBUHQ8ESTU9QW7UTMJ3.jpg","Rice, with dakgalbi",all,ff1cd47002429fcd,"['cooked brown rice', 'Rice, with dakgalbi']"
../foodsg-233\Fried Noodles\ERSQ3GK5SYLPL8PLWL626CCK.jpg,Fried Noodles,all,ff4170c64188cf9b,"['Fried Noodles', 'Udon']"
../foodsg-233\Udon\QA9VOKVZK3FTWPM9BMSGY2K4.jpg,Udon,all,ff4170c64188cf9b,"['Fried Noodles', 'Udon']"
../foodsg-233\miso soup\72XZX6R33EDVOD1R8951WKN9.jpg,miso soup,all,ff42406ff3308738,"['miso soup', 'mushroom soup']"
../foodsg-233\mushroom soup\INDYZ71JBIPAK0BUNQB1UC4C.jpg,mushroom soup,all,ff42406ff3308738,"['miso soup', 'mushroom soup']"
../foodsg-233\lontong\YY2EWDRRDVXWLUIFWSHKMS6T.jpg,lontong,all,ff61d4b4c9662548,"['lontong', 'Lontong with sayur lodeh']"
../foodsg-233\Lontong with sayur lodeh\9QH2UNU51RXODULJVG85TF86.jpg,Lontong with sayur lodeh,all,ff61d4b4c9662548,"['lontong', 'Lontong with sayur lodeh']"
../foodsg-233\Fried Noodles\CBFVTE6FNGAMVT0VZWMDOQCO.jpg,Fried Noodles,all,ff732825a1d8e5c0,"['Fried Noodles', 'hokkien prawn mee']"
../foodsg-233\hokkien prawn mee\NDLUT17RSLGB5UQKVXSUHC7G.jpg,hokkien prawn mee,all,ff732825a1d8e5c0,"['Fried Noodles', 'hokkien prawn mee']"
../foodsg-233\pasta - fettuccine\AFJG4WPV70DKYC8QPUQ9CY6U.jpg,pasta - fettuccine,all,ff91e0a885a39e86,"['pasta - fettuccine', 'wholegrain pasta']"
../foodsg-233\wholegrain pasta\6X8WTE6USQTOLJABGBN3OGR5.jpg,wholegrain pasta,all,ff91e0a885a39e86,"['pasta - fettuccine', 'wholegrain pasta']"
../foodsg-233\whole wheat\6J9MDZTB5A2GA905BB9JEYM3.jpg,whole wheat,all,ff958030d52fd60a,"['whole wheat', 'wholegrain pasta']"
../foodsg-233\wholegrain pasta\BEMSPOKZZ1GM5O9AGOM52TL5.jpg,wholegrain pasta,all,ff958030d52fd60a,"['whole wheat', 'wholegrain pasta']"
../foodsg-233\hokkien prawn mee\6UXAQTYUZCFZUBBD9PN235LQ.jpg,hokkien prawn mee,all,ff9d8dae91e040c2,"['hokkien prawn mee', 'Prawn Noodle']"
../foodsg-233\Prawn Noodle\IBU2ERBIPAAEPDDH9G652S8O.jpg,Prawn Noodle,all,ff9d8dae91e040c2,"['hokkien prawn mee', 'Prawn Noodle']"
../foodsg-233\mee pok\M9LII7UG3TE4EMCMDW6ZK64M.jpg,mee pok,all,ffa7200e0fc26e2c,"['mee pok', 'Prawn Noodle']"
../foodsg-233\Prawn Noodle\5NRV5ZUNQWDVHX2YV58AGF72.jpg,Prawn Noodle,all,ffa7200e0fc26e2c,"['mee pok', 'Prawn Noodle']"
../foodsg-233\bee hoon\0UX8ODCMJZC1T8CT4SNZKF2W.jpg,bee hoon,all,ffac9495c2d2244e,"['bee hoon', 'vegetarian bee hoon']"
../foodsg-233\vegetarian bee hoon\6HYEW157GKEA9SQP00LQ5F08.jpg,vegetarian bee hoon,all,ffac9495c2d2244e,"['bee hoon', 'vegetarian bee hoon']"
../foodsg-233\chai tow kuay\BKMNHBNR8EOEAM1KAQN5TZC4.jpg,chai tow kuay,all,ffd68050077b5827,"['chai tow kuay', 'Kway Teow']"
../foodsg-233\Kway Teow\V0A4RR90M6EO0HQGSNGALIUV.jpg,Kway Teow,all,ffd68050077b5827,"['chai tow kuay', 'Kway Teow']"
../foodsg-233\Fried Noodles\XRWF8LCW0PM4LH42S51EZJWL.jpg,Fried Noodles,all,fff0a181c507f407,"['Fried Noodles', 'Mee siam, fried']"
"../foodsg-233\Mee siam, fried\014Z1I3OHUGUNWYMY33400UL.jpg","Mee siam, fried",all,fff0a181c507f407,"['Fried Noodles', 'Mee siam, fried']"
../foodsg-233\Laksa\W09TS5NVSARE2HOBRHKR5W8D.jpg,Laksa,all,fff950c6ca812c86,"['Laksa', 'Mee kuah']"
../foodsg-233\Mee kuah\7WH7BHKXXU9ABGS4PL2NS6EK.jpg,Mee kuah,all,fff950c6ca812c86,"['Laksa', 'Mee kuah']"
