path,label,split,outlier_score
../foodsg-233\Burger\HO76PXOQ27NWHLYUHPHJDTS4.jpg,Burger,all,-0.5760295993322704
../foodsg-233\kiwi\NCU2DZZGWVAO1D1T87W7SDXJ.jpg,kiwi,all,-0.5669663212578204
../foodsg-233\popcorn\QLL6FK0VQXR3DPX51XO6I09B.jpg,popcorn,all,-0.5663083359361548
../foodsg-233\kiwi\0FUTUJTLTHE8T9PGCUDH27V5.jpg,kiwi,all,-0.5647844976001909
../foodsg-233\pitaya\PRCUSWYITRFBC624L2X6UNVU.jpg,pitaya,all,-0.5614424165182589
../foodsg-233\rock melon\GRC3S1VVQUCM0D0WU85N5DAH.jpg,rock melon,all,-0.5607206511958626
../foodsg-233\kiwi\636K8SW46D77TQO7K99Y81TO.jpg,kiwi,all,-0.5596161281558384
../foodsg-233\kiwi\6CD0Q6RXM5QXLR49X5ZJ8BK0.jpg,kiwi,all,-0.5584378068215192
../foodsg-233\rambutan\NIZZ2BSOOB75QM2NRUWDIPIB.jpg,rambutan,all,-0.5579953523493797
../foodsg-233\kiwi\GWLBZ54CH26D13FKMJKA32FT.jpg,kiwi,all,-0.5555363159088043
../foodsg-233\rambutan\FZMYBA3WP5Z0MCV6ZE4VFBMH.jpg,rambutan,all,-0.5554733994488343
../foodsg-233\satay\6AI8U7JPVONFO3BZC50T5RHN.jpg,satay,all,-0.5552869586591788
../foodsg-233\Starfruit\ZMRUMKZXWEL1B9YPHLQ0PQNK.jpg,Starfruit,all,-0.554012539962217
../foodsg-233\Burger\JB26FQDVBSK9IWNLB5NLMVW9.jpg,Burger,all,-0.5535660365141534
../foodsg-233\rambutan\MYWT538F1K3K6D5H626RB5YR.jpg,rambutan,all,-0.5529828856068687
../foodsg-233\Burger\CGGA1E0G16RNCQ4CGDCUFUCF.jpg,Burger,all,-0.5528458901217116
../foodsg-233\kiwi\SKU9NNRYGRD3YIQS9WEN2FYO.jpg,kiwi,all,-0.5526217420201065
../foodsg-233\rock melon\T11CM2SHBIPX9BO9EWAPKL0B.jpg,rock melon,all,-0.5525527500327508
../foodsg-233\kiwi\PDD4CJOZAG1X1RES1FL8KCBI.jpg,kiwi,all,-0.5524374608509238
../foodsg-233\Starfruit\M42CKNJ69N1A71F799PCDDEK.jpg,Starfruit,all,-0.5516829907853454
../foodsg-233\Papaya\VZ4VM1A0VLGT6CE84R4W3CF7.jpg,Papaya,all,-0.5506998475390004
../foodsg-233\banana\UV1RCF8IE0AEDF7E207ZCXV0.jpg,banana,all,-0.550588441468259
../foodsg-233\popcorn\4CBDAWKC9JTTS9N2L4VV6B44.jpg,popcorn,all,-0.5505208698895204
../foodsg-233\mangosteen\I5813QHMDII0MPB3LG8LA09K.jpg,mangosteen,all,-0.5499584343894551
../foodsg-233\rock melon\5BX9TF3UOU16W29TNJHVX7DG.jpg,rock melon,all,-0.5498835590530877
../foodsg-233\pizza\VQ7Z4A93LG4NKS3VYWQYAKTE.jpg,pizza,all,-0.5496688369413221
../foodsg-233\Starfruit\EQ9JQWKE90Z345ETHXNWI7DH.jpg,Starfruit,all,-0.5486271095475195
../foodsg-233\kiwi\V4Q0N9PWKID6GTGV65C9IKLO.jpg,kiwi,all,-0.5484852384381645
../foodsg-233\rock melon\T6GEWJ0K7OI89D7SI4CDLXXD.jpg,rock melon,all,-0.5478141561795203
../foodsg-233\rock melon\B3AQEQXUNW3D1AMWAA69ELSX.jpg,rock melon,all,-0.5477505816959676
../foodsg-233\Blackberry\YTZD5LB536R6I30O6MO3KPHR.jpg,Blackberry,all,-0.5475987548419619
../foodsg-233\Burger\RN58FZSOR1WU5MFM3Q5W6XG7.jpg,Burger,all,-0.5474929988434425
../foodsg-233\Grape\EDRC51K8KJ7CKVMT21FCQFGJ.jpg,Grape,all,-0.5471533134016856
../foodsg-233\Burger\HCDSCMK5Y30QL35K83KJF0TW.jpg,Burger,all,-0.5471050062052207
../foodsg-233\pasta - fettuccine\JIEKTOSG18NUBVW6TD956EC6.jpg,pasta - fettuccine,all,-0.5468950292296987
../foodsg-233\Burger\9JQGQKK100LSLT99FIDHH73Y.jpg,Burger,all,-0.5467930721587596
../foodsg-233\Persimmon\1LWNEN7YHZ8DT9600F3N60G1.jpg,Persimmon,all,-0.5465618293456908
../foodsg-233\Kway Teow\PWFRIIFFGMXVMJOZ4BSY446J.jpg,Kway Teow,all,-0.5464242979941906
../foodsg-233\rambutan\AKFX8P2F0HIVEIK3487Z71XL.jpg,rambutan,all,-0.5460882261637966
../foodsg-233\chai tow kuay\QWXNSM8WGJ6E7AP9FVTJRT9M.jpg,chai tow kuay,all,-0.5460860748575134
../foodsg-233\rambutan\CUFWPYEVONNC73ZL6SUT76RL.jpg,rambutan,all,-0.5460416909846673
../foodsg-233\rock melon\70KRU5IUKN0VQPXMPEE5HNKQ.jpg,rock melon,all,-0.5459465467466456
../foodsg-233\kiwi\O45O9Q8BKD8ZHXAYS3LEWY4W.jpg,kiwi,all,-0.5453951891005598
../foodsg-233\chicken masala\T3J8L90RVWNJTPX77EUT52S0.jpg,chicken masala,all,-0.5453747094410503
../foodsg-233\parfait\SRV4UWSYJQ78GGN3ZTF7MX7A.jpg,parfait,all,-0.5449890492817056
../foodsg-233\Kopi Teh Milo\NTM9RTGLP6M1KBMUOFZWPMMM.jpg,Kopi Teh Milo,all,-0.5449663857571795
../foodsg-233\Burger\63DRQ9R67G61XE6MLEMJY09E.jpg,Burger,all,-0.544521871793195
../foodsg-233\pomegranate\0E8XBVE49KQJJ38V40H61C2Q.jpg,pomegranate,all,-0.5444929032107667
../foodsg-233\egg tart\6L7H4CPG8GCAT182CKSSZCHL.jpg,egg tart,all,-0.5443781265765684
../foodsg-233\kiwi\SC4WNFXSYFVNFWROQ8LXA808.jpg,kiwi,all,-0.5440608727335797
../foodsg-233\watermelon\FL6IEQIDJPIAXCD679DLC5C7.jpg,watermelon,all,-0.5440453964605707
../foodsg-233\rock melon\EREICJRIJASXKUFUW3ENA806.jpg,rock melon,all,-0.5437510161557421
../foodsg-233\chicken masala\DTMSUVLX8KPWMVRNC07TQMEB.jpg,chicken masala,all,-0.5435566878174098
../foodsg-233\pomegranate\96V5N90H405RL0HN80RN6YF5.jpg,pomegranate,all,-0.5435009437058342
../foodsg-233\White Bread\W3AHAOP1A2NW5T4D5WQZR70Z.jpg,White Bread,all,-0.5433565644234349
../foodsg-233\rambutan\X9TAB2ZTQBHCBBUUA64AHG7Z.jpg,rambutan,all,-0.543092490949425
../foodsg-233\White Bread\T2IX6Q8C6RKPPXZLWEX92JX9.jpg,White Bread,all,-0.542943259687831
../foodsg-233\Ban Mian\1H4IQS14QP36DFQBK5CQOW8P.jpg,Ban Mian,all,-0.5426679848296115
../foodsg-233\popcorn\T30V4XR7N0J46TBO796JP3C2.jpg,popcorn,all,-0.5420019816571644
../foodsg-233\popcorn\XJY6EAN5YKYV3K4YU3NWKU7K.jpg,popcorn,all,-0.541743059465622
../foodsg-233\rambutan\73VMLDKZHU1JLV0DD5AEEMRJ.jpg,rambutan,all,-0.5416733449612371
../foodsg-233\Burger\G115U4POX8VY7C61AUX2X3DE.jpg,Burger,all,-0.5412633752495186
../foodsg-233\tau suan\A6VLOO3ZWQP5VTPQTMW1J9V3.jpg,tau suan,all,-0.540774811024697
../foodsg-233\chawanmushi\SJCBKEIU3C028V1YVUNN55PF.jpg,chawanmushi,all,-0.5407222009540846
../foodsg-233\popcorn\K6TGN0DVIBAE3OGQ3VEW9GLV.jpg,popcorn,all,-0.5407208110099839
../foodsg-233\Mee kuah\M3DHX36VW8LHLZ19L5SPEQ9N.jpg,Mee kuah,all,-0.5405155899027698
../foodsg-233\Burger\PW49GKH345YE9IDB2WXP78BZ.jpg,Burger,all,-0.5405002395627542
../foodsg-233\satay\56QPHNBCJLR5AD9QHP0SPYEY.jpg,satay,all,-0.5403979162452115
../foodsg-233\Avocados\B5PFSYGYIC8DAB8F2OPMIX19.jpg,Avocados,all,-0.5400560129380756
../foodsg-233\banana\VXY0ASME82W9Y4A7YRRBI5ZN.jpg,banana,all,-0.5399363428587022
../foodsg-233\pitaya\8UJINWM5WV5IGV71RT4YHUD8.jpg,pitaya,all,-0.5398096596192654
../foodsg-233\Grape\12YIKW6GV40XYP5KDJ8B96G2.jpg,Grape,all,-0.5392178007769128
../foodsg-233\kiwi\O6A30PESKSHT8TTPJL7DGWOS.jpg,kiwi,all,-0.5391874259690492
../foodsg-233\blueberries\5IGYRIX9EZFLX7COPO5FKLRB.jpg,blueberries,all,-0.5390841879006195
../foodsg-233\lychee\0I6EOZPE0WHA0AMVEXMDXU6J.jpg,lychee,all,-0.5386421337546257
../foodsg-233\mangosteen\GOSSUF5R0N6SOYZ2GG9QHSM4.jpg,mangosteen,all,-0.5384088188111281
../foodsg-233\Blackberry\Y8JF1GUKA8HHC0MVS3TWSRJO.jpg,Blackberry,all,-0.5381926316027964
../foodsg-233\rock melon\1BLT0W4IHY6OD8P1OCSLRWAC.jpg,rock melon,all,-0.537671557589795
../foodsg-233\jackfruit\N9YGFL4ROUXWVLB7L9EYTL0Q.jpg,jackfruit,all,-0.5375730898368082
../foodsg-233\banana\XPWS1YLLUQBHTR3T57DVZ28Y.jpg,banana,all,-0.537509905387991
../foodsg-233\Burger\XJ76B8OADAJVZ4FOEQ95TF36.jpg,Burger,all,-0.5375086912163896
../foodsg-233\xiao long bao\MYBXXHS6IEV19V3ODUBVJFC2.jpg,xiao long bao,all,-0.5374053944526278
../foodsg-233\oyster omelette\G0WMVUDT6LJ32W8BVR5JZN9N.jpg,oyster omelette,all,-0.5370188780291029
../foodsg-233\Burger\HDHOEDQ4MOL9XF39B4Q8OEBV.jpg,Burger,all,-0.5370118279779873
../foodsg-233\Soursop\LXZCRBGMQXIML25S9L5VHV1O.jpg,Soursop,all,-0.536939802053321
../foodsg-233\pitaya\4KOVF7CFAPFCLNON9Q0HI8IZ.jpg,pitaya,all,-0.5368790801123107
../foodsg-233\rock melon\LF8X1LJ2FPGSV96LZ4RJDRI1.jpg,rock melon,all,-0.5368785924294823
../foodsg-233\Persimmon\4RQQGCAMD0ALO4KPWJQJ86CB.jpg,Persimmon,all,-0.5361359613824523
../foodsg-233\Persimmon\6N8H7VE9CXH2YEIMEHPQNW4B.jpg,Persimmon,all,-0.5360387477485
../foodsg-233\kiwi\RCUGJWBVTQI06HG0RAKMDQBJ.jpg,kiwi,all,-0.5356480547739512
../foodsg-233\Burger\B9V5KQ4L9GXM0NSBNE8DYM6I.jpg,Burger,all,-0.5355086073270722
../foodsg-233\Persimmon\Z5FK880J7DQM9RUW34W1KMOQ.jpg,Persimmon,all,-0.5354357659875676
../foodsg-233\pitaya\BAEIPKNOMKTX2EGXYJEFQ9Q0.jpg,pitaya,all,-0.5354172395625868
../foodsg-233\rock melon\600LBHJNT4CM0O15VS3X3ZFP.jpg,rock melon,all,-0.5351411272041162
../foodsg-233\Soursop\31U4H1V65TVDZ60YBSMROTGH.jpg,Soursop,all,-0.5350636908566399
../foodsg-233\pizza\0OWGQCQ6K3YDVJUUA6L3KUKQ.jpg,pizza,all,-0.5350586958125343
../foodsg-233\lasagna\UQUUFJZP76VFT6TYT97VFW0R.jpg,lasagna,all,-0.5348957555856272
../foodsg-233\rock melon\QKMOYTIXX0S4VH8Y5F7ASFNA.jpg,rock melon,all,-0.5347030482003844
../foodsg-233\sambal kangkong\IOV864K4Y3K91SZQVLVK7SN8.jpg,sambal kangkong,all,-0.5346223002214194
../foodsg-233\mangosteen\JHMNO5JA0JV5NDS75WC2F0W9.jpg,mangosteen,all,-0.5345120974795476
../foodsg-233\Persimmon\3MV9I9J888JJQ9AQAR2AGJLE.jpg,Persimmon,all,-0.5343559519983099
../foodsg-233\pitaya\8URSFCV2J4T3IJHW4ZSL4KM4.jpg,pitaya,all,-0.5343023002391825
../foodsg-233\White Bread\XKKCZW9SNMM35DBOY0N1RZRJ.jpg,White Bread,all,-0.534245845960173
../foodsg-233\Starfruit\CJVUEHVXOV5VLYCMNNZ6ODB4.jpg,Starfruit,all,-0.5341109025031705
../foodsg-233\cherries\TP7VSHONVXOTH1H8PNA020XN.jpg,cherries,all,-0.5339209670578893
../foodsg-233\kiwi\L70NY9Q8VTDKABVI0DBHCHGB.jpg,kiwi,all,-0.5339071679354954
../foodsg-233\rambutan\REEOTCPDLT5OMCAGGINCJQAJ.jpg,rambutan,all,-0.5337174132919991
../foodsg-233\fried rice\GBV4MBKTKN5B4LMMMO0ZJ61R.jpg,fried rice,all,-0.5336990320263212
../foodsg-233\singapore sling\6058LQ538MYEWB3XQP3APEB1.jpg,singapore sling,all,-0.5336797912907326
../foodsg-233\rambutan\WI1GZWA8F1UN4433YIKUWIKN.jpg,rambutan,all,-0.5336644636379382
../foodsg-233\longan\F59YIIBBSBP7L9NY9O6SEPJS.jpg,longan,all,-0.5336427041780004
../foodsg-233\rock melon\TCUX6H84G1NUIZ7Q984B1DQR.jpg,rock melon,all,-0.5335011112557122
../foodsg-233\kiwi\E7ZATGNINFCB2XGMIJQ9SD1C.jpg,kiwi,all,-0.5334749443644662
../foodsg-233\pitaya\W1TAQKP4NZZS9M3WB0PL84FT.jpg,pitaya,all,-0.5331517153302812
../foodsg-233\cheng tng\C8O4J9VZ2NTF8AV1O5D1CR10.jpg,cheng tng,all,-0.5330472727093106
"../foodsg-233\Bee hoon, soto\99I8KAB8QAMKPTMNPNN9XBOK.jpg","Bee hoon, soto",all,-0.5330242223950303
../foodsg-233\pitaya\CKXPZHRTWEKQEPURC46YSORQ.jpg,pitaya,all,-0.5330194017488513
../foodsg-233\Grapefruit\D7Y1EBJ4IFQIQ5I453RKDSZ7.jpg,Grapefruit,all,-0.5328604537090069
../foodsg-233\pancake\GH83UJ9NJQRAQV2DQ3EOUGQ0.jpg,pancake,all,-0.5326576142725139
../foodsg-233\orange\QGKQ7KH6WYTLKN4ZGBG284S1.jpg,orange,all,-0.5326004910767383
../foodsg-233\kiwi\UAHR6LXM41T08LW6K4X68ZNX.jpg,kiwi,all,-0.5325901804329601
../foodsg-233\strawberry\YMXGOWEQQ3UWA45NJVNEC8SH.jpg,strawberry,all,-0.5325321342845074
../foodsg-233\Starfruit\1G7A94DGZT7XTJJP3VBELU6N.jpg,Starfruit,all,-0.532527999206241
../foodsg-233\rambutan\QA2MZU33WNNE4DALQJH4F3VB.jpg,rambutan,all,-0.5324708931488419
../foodsg-233\watermelon\VDG82PT1JAYGB34XY30DBTXS.jpg,watermelon,all,-0.53246641818922
../foodsg-233\Persimmon\SRWZVV5QGF9UDHXPXSBRWPTD.jpg,Persimmon,all,-0.5324517280596834
../foodsg-233\Burger\55CE0MA3ML7FGJ5TCV16LBA3.jpg,Burger,all,-0.5324464032233306
../foodsg-233\popcorn\QU22QC60P3CVYGOZ8D387OZL.jpg,popcorn,all,-0.5324443538648502
../foodsg-233\kiwi\EEX2X52M1LUP22K94ZCRBGLS.jpg,kiwi,all,-0.5324267957949762
../foodsg-233\pitaya\MOYIS82JBPUESA1SHIOD6RAO.jpg,pitaya,all,-0.5324210200231737
../foodsg-233\ice cream - chocolate\C6WQLI5HUSFQ0JF61GGY0A8K.jpg,ice cream - chocolate,all,-0.5323953467916452
../foodsg-233\Cucumber\9DUJZEFA8ICZNBIDSN8M7W73.jpg,Cucumber,all,-0.5323714184992319
../foodsg-233\Papaya\DEX2YVIXN1UGZAJUHHYRSVMU.jpg,Papaya,all,-0.5323710523159125
../foodsg-233\kiwi\YK8ITPSBDLH9XM9C6FDSBTEH.jpg,kiwi,all,-0.5322916991178726
../foodsg-233\kiwi\AVCNP3GDVFCVFZNYBWBPEIJW.jpg,kiwi,all,-0.5322767094904763
../foodsg-233\rambutan\WOHVWPWR0LZ5LM1B6F867JG7.jpg,rambutan,all,-0.5322445569180942
../foodsg-233\jackfruit\U97N3JCBVQK6TSY09BNA415Y.jpg,jackfruit,all,-0.532222237680488
../foodsg-233\Prawn Noodle\4YWU6OD971YSE1SOII67USXB.jpg,Prawn Noodle,all,-0.5320694002184767
../foodsg-233\kiwi\LW3CASYQ65NS9MUNG9MHT97N.jpg,kiwi,all,-0.5318637195535068
../foodsg-233\lychee\7JNEV9DIM0JR4DKUVAVNR2JD.jpg,lychee,all,-0.5318560191324683
../foodsg-233\Bubble Milk Tea\9S0W8DUL4DLIP6VVNTOLV9OO.jpg,Bubble Milk Tea,all,-0.5318521224912578
../foodsg-233\popcorn\TGVMLOIC9E6FZYQF52EIZX7Z.jpg,popcorn,all,-0.5318051047602241
../foodsg-233\kiwi\31VLLQONW09WU5RYOS8KEWDL.jpg,kiwi,all,-0.5317085202234989
../foodsg-233\chwee kueh\OW376O1WQMP87C1MJWNHDLIA.jpg,chwee kueh,all,-0.5315979636725408
../foodsg-233\cooked brown rice\BJVNXXDU3LXGP26DGWG74GJ6.jpg,cooked brown rice,all,-0.5315692242865502
../foodsg-233\Burger\H5X3N4CTX4876OXFW5W1L19I.jpg,Burger,all,-0.5315431479159188
../foodsg-233\kiwi\OVMFKBBGICJ6ASFV5TUP1N1E.jpg,kiwi,all,-0.5315295918748242
../foodsg-233\lychee\BUZBHY4K0VFRA4WS5QWN4UD5.jpg,lychee,all,-0.5314923107485023
../foodsg-233\mangosteen\USD1XXC0W2TGYF14OHOJ0Y87.jpg,mangosteen,all,-0.5313094739470465
../foodsg-233\rock melon\D6PRUTN26FGIWG15HF939N4C.jpg,rock melon,all,-0.5312366817291111
../foodsg-233\Kway Teow\VDDVFKRYZZZ5RESKH9PROXCH.jpg,Kway Teow,all,-0.5311942749680478
../foodsg-233\popcorn\KXFE0NDHR93KPWD6D6823UIE.jpg,popcorn,all,-0.5310375988358198
../foodsg-233\pizza\A7WN9KA4Q26XJIMJQ6WCMGCA.jpg,pizza,all,-0.5309245226284632
../foodsg-233\kiwi\ZKLRMUSBOAFN0A9G786LHL4E.jpg,kiwi,all,-0.5309219887114837
../foodsg-233\popcorn\KEWJYQTLFJSA5UVYKYTKCDIT.jpg,popcorn,all,-0.530889316828752
../foodsg-233\Blackberry\C1VA7IT2O33MIDOQUOFJJH6M.jpg,Blackberry,all,-0.5308827779515156
../foodsg-233\Persimmon\OLW2ACC9940ZQJW0LSG6YJ5Z.jpg,Persimmon,all,-0.5307813076447965
../foodsg-233\cooked white rice\4KIM35C9FIQ1TYLL2T2MLU1P.jpg,cooked white rice,all,-0.5306928349106533
../foodsg-233\kiwi\3OK2CAFO1IP9ERGOUU3TSNHR.jpg,kiwi,all,-0.5306774147007782
../foodsg-233\bakso\X6RJHC3FOOUHURHE5UMVISR1.jpg,bakso,all,-0.5306524674632943
../foodsg-233\sambal kangkong\H1L0GDHOVXIIKPT4VP2BDNEY.jpg,sambal kangkong,all,-0.5306105074796935
../foodsg-233\rambutan\M9F6HDO2WCQK2HCTN9GPAAE4.jpg,rambutan,all,-0.5305770571870069
../foodsg-233\kuih bahulu\S1A9SBYWG9R8YE512BOW79J9.jpg,kuih bahulu,all,-0.5305490679703267
../foodsg-233\Starfruit\MTC2TGGUXNAD8SLXANKAKVWC.jpg,Starfruit,all,-0.5304066543572926
../foodsg-233\ice cream - chocolate\IXUELZF2B0KVE1J95TRYKUOS.jpg,ice cream - chocolate,all,-0.5303096148376063
../foodsg-233\rock melon\C0G7KRI9DFHBH6POIPB0H2HY.jpg,rock melon,all,-0.5303017735369293
../foodsg-233\pear\URP56Y5AN4C08W0WTP2870A3.jpg,pear,all,-0.530222395214381
../foodsg-233\Grapefruit\SDKNZOMT374CX7TRL06IWUIC.jpg,Grapefruit,all,-0.5301529552109431
../foodsg-233\siew mai\ZNUF5AH22SJE6L0OILIWKIUQ.jpg,siew mai,all,-0.5301077927126802
../foodsg-233\lychee\TYLYS6FIF6Y39ZFAVZFJDUX6.jpg,lychee,all,-0.5300538870532797
../foodsg-233\Grapefruit\1AJALLJKBUUHMTO8N79M5DQB.jpg,Grapefruit,all,-0.5298869434724208
../foodsg-233\kiwi\XKAQJGLJN7OL3WXD781X1WUL.jpg,kiwi,all,-0.5298642636951391
../foodsg-233\popcorn\STVOJPYUX7NTNXVDEJRZ7KQ4.jpg,popcorn,all,-0.5298057143057975
../foodsg-233\rock melon\WYO07IAU5VCGMHFBJ3FU4XCN.jpg,rock melon,all,-0.5297703902229367
../foodsg-233\tandoori chicken\H40K2ZYHI8G5Q4CK2VE5A6VR.jpg,tandoori chicken,all,-0.5297403704514017
../foodsg-233\rock melon\A0KYD06NI3NIUYZ9SMAQLES1.jpg,rock melon,all,-0.529680878550792
../foodsg-233\longan\9726EXW5Y25C8NWW70REUDRX.jpg,longan,all,-0.5296141436650982
../foodsg-233\mushroom soup\TMLE3UJI2MTBYBV1WLH9VN4A.jpg,mushroom soup,all,-0.5295524308915864
../foodsg-233\pizza\O38CFV2NOICPW9RG7NDKKU15.jpg,pizza,all,-0.5295423226576745
../foodsg-233\lychee\RIZXR25O3TIX044ORNO6RJGX.jpg,lychee,all,-0.5294281949962502
../foodsg-233\rambutan\E5FSTDR8CU3EM5YX3F3L8SLL.jpg,rambutan,all,-0.5294195015677118
../foodsg-233\Mee rebus\A10R7VHMSOK451I15SDKRCDJ.jpg,Mee rebus,all,-0.5293875237826935
../foodsg-233\raspberry\F9NFIJ41X0RBCWC3YPBGCWK1.jpg,raspberry,all,-0.5293214448711829
../foodsg-233\kiwi\BX8IVBHB0I3Z3IUKVDCNBQF7.jpg,kiwi,all,-0.5293099031563724
../foodsg-233\Starfruit\NG1MD5W86564LWGCK9E7Z4H8.jpg,Starfruit,all,-0.5292536065386182
../foodsg-233\pear\TTAF81ZCW4CHBN7QJGIKCLTU.jpg,pear,all,-0.5291342392704607
../foodsg-233\Kway Teow\U7U5EKPH289YSUHU1ZO0NPVB.jpg,Kway Teow,all,-0.5291217264455041
../foodsg-233\Starfruit\UMMLJMBY56UOCSXYZWMVDYWU.jpg,Starfruit,all,-0.5290853358366009
../foodsg-233\fried rice\ZFPQUALD02N3B1EPKGVXWUSC.jpg,fried rice,all,-0.529017780777523
../foodsg-233\chicken soup\GX55E60OZXB18YKTQ4X484KM.jpg,chicken soup,all,-0.5288693759954513
../foodsg-233\pitaya\4GVNJXQW2KHNAKNUPPOHW3O2.jpg,pitaya,all,-0.5288561294904072
../foodsg-233\Persimmon\5HE53BCBQ1DQUDGLDREJ44J0.jpg,Persimmon,all,-0.5288432970269119
../foodsg-233\Blackberry\L1CF850RJTQ2IVGX5ZLLZ5X8.jpg,Blackberry,all,-0.5288364214272334
../foodsg-233\kiwi\H8T5LBAUG9LL7GLKJWXYMQV0.jpg,kiwi,all,-0.5287958655468108
../foodsg-233\Fried Noodles\FLL9SV9Z1YYDOIWNBNZ2D691.jpg,Fried Noodles,all,-0.5287506416410334
../foodsg-233\rock melon\AKL81T5F1VAMNSKSMOM46Y7Y.jpg,rock melon,all,-0.5286713988421742
../foodsg-233\xiao long bao\Z6XKBV320C5KS4OC1I0YMMV5.jpg,xiao long bao,all,-0.5286406967020933
../foodsg-233\rambutan\CPFYD34JWOU8IW6NK9XYUFXZ.jpg,rambutan,all,-0.5285488231408145
../foodsg-233\Grapefruit\WNP0ZBQJG2WD9D2J4KLDL0C8.jpg,Grapefruit,all,-0.5284814694638541
../foodsg-233\popcorn\ZGA1EP9ZJ5W55WVUAKBLRQIO.jpg,popcorn,all,-0.5283931086057299
../foodsg-233\mushroom soup\DPXT05K1L1XCMBNM3839FOWD.jpg,mushroom soup,all,-0.528267729735663
../foodsg-233\Kway Teow\QE3MSBQJOO7HOU3JEZM1T1Z6.jpg,Kway Teow,all,-0.5281889939405922
../foodsg-233\popcorn\VNJUDJ8TTHYA7IL1Z3003DN8.jpg,popcorn,all,-0.528181116602035
../foodsg-233\xiao long bao\36ZDG1KPUAI60ODTNTTPO7KT.jpg,xiao long bao,all,-0.5281288139748327
../foodsg-233\Grapefruit\F6Z6TH54HGNIEFZRS935QN3L.jpg,Grapefruit,all,-0.5279968313610459
../foodsg-233\begedil\EUF6HFBSFH91XYEZN1JVC271.jpg,begedil,all,-0.5278720471786051
../foodsg-233\kiwi\KHVV6CI6DAE873Z7N86W919L.jpg,kiwi,all,-0.5278468532184614
../foodsg-233\Burger\FECYZWGQH31VWOE9ILD5M2M3.jpg,Burger,all,-0.5277122277545345
../foodsg-233\Bibimbap\24NBYK10I2YLCLPZTUM8GTOH.jpg,Bibimbap,all,-0.5276869940968346
../foodsg-233\strawberry\ZGI0BAPB7GCPZQXDJTYZ3HD1.jpg,strawberry,all,-0.5276195744470431
../foodsg-233\pitaya\J7WHOEEZV7NCNEDOV42ED7VU.jpg,pitaya,all,-0.5275732652579725
../foodsg-233\kiwi\KJLTI23C4ASMODSPUQUC4B8F.jpg,kiwi,all,-0.5274950168073002
../foodsg-233\longan\IK74BUKGVKMYNMQKJT8X9KEO.jpg,longan,all,-0.5273962606658698
../foodsg-233\Papaya\YYX7KVO7FIUIIE3ZB82PAS4V.jpg,Papaya,all,-0.5273454694024385
../foodsg-233\Grape\JBYUTRLXNMDKJC8275P3VWEX.jpg,Grape,all,-0.5273210751606374
../foodsg-233\mee pok\4YE0MAIATLNL7LT7FQMNOOIH.jpg,mee pok,all,-0.5272546617971556
../foodsg-233\popcorn\IWIGM3OE4E03VHUED1686P15.jpg,popcorn,all,-0.5272205484186567
../foodsg-233\sliced fish soup\UVI6RW6GKFX9IIH2O5ULYUEO.jpg,sliced fish soup,all,-0.5272168413900871
"../foodsg-233\Bee hoon, goreng\SI98540AFUEFMMQQJ7655TK3.jpg","Bee hoon, goreng",all,-0.5271255925555932
../foodsg-233\Blackberry\J9WDZKM4ODYNMHB5UTRAJG1S.jpg,Blackberry,all,-0.5270759061215929
../foodsg-233\Fried Noodles\RFYSK6CJGFX2MKIV5WR18ID7.jpg,Fried Noodles,all,-0.5270712879945626
../foodsg-233\pear\XEKB9OPPKJJYXDBWV4VK6B6U.jpg,pear,all,-0.5269625317005677
../foodsg-233\Blackberry\GY0ZP6R16BI8HV98TOQ0VKWS.jpg,Blackberry,all,-0.5268941853790008
../foodsg-233\chicken masala\DIQ1R0OGPAY8H578QYTNOWSE.jpg,chicken masala,all,-0.5268206232198628
../foodsg-233\orange\LYO6E5V4MHUZZDMIDGY2MD7T.jpg,orange,all,-0.52676621159999
../foodsg-233\Pomelo\C3BG8Y748O4DKGPGJ36AXLYQ.jpg,Pomelo,all,-0.5267307584260141
../foodsg-233\popcorn\4AXNVJPOP5G51JWJ3QT1JHF3.jpg,popcorn,all,-0.5266939310218314
../foodsg-233\strawberry\4WVDKEQH4QUPCH741RKEU9CN.jpg,strawberry,all,-0.5266266561264795
../foodsg-233\Apricot\6KSB1FTJP34OIZMYC0T610E2.jpg,Apricot,all,-0.5265669280496889
../foodsg-233\rock melon\4A817P4JMRWDRAANXIO7GSHS.jpg,rock melon,all,-0.5265640253921151
"../foodsg-233\Bee hoon, goreng\7II39ROIWJ9L96ZZVDX81R61.jpg","Bee hoon, goreng",all,-0.5265552491142128
../foodsg-233\pineapple\9SYLQC8S0MS98OFUIAND0ZO5.jpg,pineapple,all,-0.5264692673175329
../foodsg-233\longan\WVBUH0M8B2CKZ39K3LZGZTS8.jpg,longan,all,-0.5264298106014937
../foodsg-233\rock melon\39CA49LVAZ32WDTS6KBBEDRI.jpg,rock melon,all,-0.5264027312315646
../foodsg-233\White Bread\H63G9Z110NXG49XKW6NOFNBS.jpg,White Bread,all,-0.526335067089781
../foodsg-233\Starfruit\8D9ART8IHAW2OW0JFJC92VSI.jpg,Starfruit,all,-0.526302778290815
../foodsg-233\Grapefruit\7FJ26T3VF0Q28Q1PQ7J47FZW.jpg,Grapefruit,all,-0.5262971097809571
../foodsg-233\watermelon\QEFFRR1U1YN5ZQPV8VR35815.jpg,watermelon,all,-0.5262542448777602
../foodsg-233\Starfruit\A1VQ2ZCPCSQSO0T8EQ90J14W.jpg,Starfruit,all,-0.5262446199661621
"../foodsg-233\Bee hoon, goreng\YUM1E1U9L011LLRO8TJ0P6JX.jpg","Bee hoon, goreng",all,-0.5262078430761413
../foodsg-233\xiao long bao\V2SHRM03DC543L07ZZ2I5MDG.jpg,xiao long bao,all,-0.5261445324081175
../foodsg-233\bakso\LN85MOF0Y2H8VZ4RFT6WQ51T.jpg,bakso,all,-0.5261341069304993
../foodsg-233\popcorn\34BRV28DIO71BN834OY0K7BT.jpg,popcorn,all,-0.5260995282461429
../foodsg-233\mangosteen\FSHFKO4VD00V3UXMLNDSH1LX.jpg,mangosteen,all,-0.5260733556070704
../foodsg-233\rock melon\P0BKOTPN6TE8H40X6MSB7C1U.jpg,rock melon,all,-0.5260423198914458
"../foodsg-233\Bee hoon, goreng\MMBRKEQ7R39Z6DCYEZA8ZFNZ.jpg","Bee hoon, goreng",all,-0.526019817787341
../foodsg-233\chicken soup\5P20A9EWGZ3GLJ7RMHQGI66X.jpg,chicken soup,all,-0.5260105020265229
../foodsg-233\Blackberry\AV18HUTSSQAEKLC1GXM7HFMQ.jpg,Blackberry,all,-0.5259758090618101
../foodsg-233\Mee goreng\IHVZCXOF9WBBOKC8NUA0NH0Z.jpg,Mee goreng,all,-0.5259202021768916
../foodsg-233\ice cream - chocolate\73ZMKZPPYC2AN2SD5GHO3353.jpg,ice cream - chocolate,all,-0.5259186124776318
../foodsg-233\Avocados\G629UIIXI32S4M2FZR825YWP.jpg,Avocados,all,-0.5259017922592572
../foodsg-233\pomegranate\8QZ7COGVDFICMQ8JBA13H0WO.jpg,pomegranate,all,-0.5258094199465074
../foodsg-233\popcorn\5IS1R9ZZOU2SS503ZSD8PLJU.jpg,popcorn,all,-0.5257670588674747
../foodsg-233\lychee\9CCDYPOWOPXBXDIM0RFKZWEZ.jpg,lychee,all,-0.5257295955095204
../foodsg-233\rambutan\W0VX8TIO79EPFOUBZ1U5NTG1.jpg,rambutan,all,-0.5256789684411209
../foodsg-233\pancake\S2B2QQ8YR3ZHSGPXNHQWULKR.jpg,pancake,all,-0.5256223583000457
../foodsg-233\rock melon\PCHMNCZAIB4G2BI0Y8URYG5W.jpg,rock melon,all,-0.5255595667291825
../foodsg-233\White Bread\4VRLNHWYDK6TDPGYXQ4G9EPP.jpg,White Bread,all,-0.525497153883678
../foodsg-233\Starfruit\LWKX8Y5NA073BTLVBQAHEJIY.jpg,Starfruit,all,-0.525423430805158
../foodsg-233\pear\0INRNZ5FQVYYL7AYLSF587R2.jpg,pear,all,-0.5254181426435559
../foodsg-233\satay bee hoon\4QLN0ZXSDSEMW6HKDMS96NPR.jpg,satay bee hoon,all,-0.5253763988062179
../foodsg-233\tacos and nachos\525IUM6BOTPQY7LJAV98FL99.jpg,tacos and nachos,all,-0.5253316040630833
../foodsg-233\popcorn\SOAPE4PFA1NGEGSJ1FYOU313.jpg,popcorn,all,-0.5251413584917953
../foodsg-233\Kway Teow\CGU6W0KXRKF4OXYN0MGL8E44.jpg,Kway Teow,all,-0.525136190280958
../foodsg-233\Persimmon\BX50V7DDHBC831CZ4XQFNXLR.jpg,Persimmon,all,-0.525093449567251
../foodsg-233\rock melon\UNFEI7M99DR3LV5FN2ZSCUKT.jpg,rock melon,all,-0.5250589357194458
../foodsg-233\Kway Teow\9X6XL7L8IEJ0AIS4FZIE8NNM.jpg,Kway Teow,all,-0.525026843467288
../foodsg-233\orange\HWH7FECOTQLHYPVPAX2PXPFC.jpg,orange,all,-0.5249815976517855
../foodsg-233\rambutan\B8YGGYMPLVE2K220OZHGSXHW.jpg,rambutan,all,-0.5247934922726765
../foodsg-233\rock melon\GTS1JNXR7Q7SUC601G99YOY5.jpg,rock melon,all,-0.5247905312263271
../foodsg-233\guava\C6OHIDSN772QV2B0Y8N9PPTC.jpg,guava,all,-0.5247659346195578
../foodsg-233\kiwi\AH73ECFBMEGO9RSP7JQ6YPBR.jpg,kiwi,all,-0.5247069377513662
../foodsg-233\mushroom soup\0DDFTFNUOMEP28VVBSXEGH7N.jpg,mushroom soup,all,-0.5243208631637375
../foodsg-233\rock melon\J7Z7VSTK7KB8H1JTZK9AF0RF.jpg,rock melon,all,-0.5243137142767132
../foodsg-233\banana\5CZQ55VPAXL5KRLYOUSAFIGY.jpg,banana,all,-0.523956270201806
../foodsg-233\Burger\VOEOCEHV6S5EWG6E84X9UVRZ.jpg,Burger,all,-0.5239407356660669
../foodsg-233\popcorn\CASVYDLXF2O4QSNPHY0H6OZY.jpg,popcorn,all,-0.523922362280617
../foodsg-233\cooked brown rice\VRCC9IDWC53O4W76Z63KJJXP.jpg,cooked brown rice,all,-0.52391343528296
../foodsg-233\satay\IGME0PI1FYQFWVBNLMPEUOX1.jpg,satay,all,-0.5238660835145945
../foodsg-233\kiwi\8JTWHT2BCQHOZ3CIW8ADNC19.jpg,kiwi,all,-0.5238624542361455
../foodsg-233\blueberries\8QZL065H9YZD6KETY8CEU4J2.jpg,blueberries,all,-0.5238254214306121
../foodsg-233\parfait\KYEP0BU606LE1BICHGV1U8VO.jpg,parfait,all,-0.5238242550610334
../foodsg-233\honeydew\8GDKA6TNTNLNFI9LBCN4MM49.jpg,honeydew,all,-0.5238232268064807
../foodsg-233\rambutan\XF7XUTRFPPD05SBXF1P6LUNV.jpg,rambutan,all,-0.5237011636121739
../foodsg-233\watermelon\EOCSBPHK3IC0W77VTRGIAF2F.jpg,watermelon,all,-0.5235507246584569
../foodsg-233\Soursop\B6YZ338X3SUWMAPLV2MXAKZF.jpg,Soursop,all,-0.5235478497845641
../foodsg-233\Burger\YM8MCZZXZZJZRRDU424TZE70.jpg,Burger,all,-0.5234671875489911
../foodsg-233\pitaya\7VTAALJA9NN27KY77Z0PHVCM.jpg,pitaya,all,-0.5234624188537866
../foodsg-233\xiao long bao\A7OTJVBYKA8N0DWPUY0PYF0L.jpg,xiao long bao,all,-0.5234475077668408
../foodsg-233\Starfruit\8W1GLOLRM394DDXILO2PKYXT.jpg,Starfruit,all,-0.5234319961229774
../foodsg-233\lychee\XF59F4ZS7JHY79LOZSVG3TMD.jpg,lychee,all,-0.5233989562772215
../foodsg-233\Fruit juice\Y1YKE0WM9BV7XAR26OIO7EJ6.jpg,Fruit juice,all,-0.5233922859689163
../foodsg-233\longan\0I4BZVF54N9FUH13L2IT2IUE.jpg,longan,all,-0.5233482909719087
../foodsg-233\Burger\PQQ5S8Y3XOHWYAXXRLBES0GG.jpg,Burger,all,-0.5232954470160939
../foodsg-233\strawberry\Z1ME65WFZ9MWE0GIBRXHMC0U.jpg,strawberry,all,-0.5232663194562797
../foodsg-233\lychee\NT07TW7Z469T5FW3WYO4BP4Y.jpg,lychee,all,-0.5232544820506089
../foodsg-233\tom yum noodle soup\0QU9IN94XQVN5R3KJHWDPWQJ.jpg,tom yum noodle soup,all,-0.5232010573653759
../foodsg-233\Fish and chips\2JML7QNBGHXCLASBCD811P4D.jpg,Fish and chips,all,-0.5231945681957745
../foodsg-233\mushroom soup\9LT2K0IRQRQ3GLHMDYMNN5QI.jpg,mushroom soup,all,-0.5231730385835707
../foodsg-233\orange\C2V5DDPCHLTBWBQ81B6PJN1H.jpg,orange,all,-0.5231502479485445
../foodsg-233\rock melon\M0LAS3MRIISUAAWJ6AS1MCQ8.jpg,rock melon,all,-0.5231455279099609
../foodsg-233\french fries\RP4MSDYN5C20RSQ4XMTBYFXU.jpg,french fries,all,-0.5230733941859339
../foodsg-233\Persimmon\RQZCPTPXJ5QVPKUDXTQF122C.jpg,Persimmon,all,-0.5230647814057765
../foodsg-233\pitaya\QIFZH9T3GGDENY0U8DN8Q2N6.jpg,pitaya,all,-0.5230529777599711
"../foodsg-233\Don, chicken teriyaki\2YVER28SC5GQA3MWJH162H6U.jpg","Don, chicken teriyaki",all,-0.5230516975815436
../foodsg-233\kiwi\F46W94EBC5XL4GLJMCDZ43AC.jpg,kiwi,all,-0.5230291370280248
../foodsg-233\xiao long bao\WUAGY012KYS1C146LPLH2VPK.jpg,xiao long bao,all,-0.5229726029410936
../foodsg-233\french fries\EGSQACI2504DP2YGNP5SIGIW.jpg,french fries,all,-0.5229625771372705
../foodsg-233\pitaya\2P154OHRVVYNSVU3SWJHVPL7.jpg,pitaya,all,-0.5229565637027761
../foodsg-233\Persimmon\7JWZJPRT45TCWB8UT7POYNY5.jpg,Persimmon,all,-0.5229288632745019
../foodsg-233\jackfruit\XUGZIBFQSS1HJH0GPL63222O.jpg,jackfruit,all,-0.5228633625499037
../foodsg-233\popcorn\6CQ6R7SY7RUT1DF1ZNR522N1.jpg,popcorn,all,-0.5228581211909572
../foodsg-233\Persimmon\LSQH3HB9ZT9I6Q8UWR1EM36R.jpg,Persimmon,all,-0.5228466290326581
../foodsg-233\parfait\NHJQVPGVXDAWPBCP12P0VJ7S.jpg,parfait,all,-0.5228308079493469
../foodsg-233\Kopi Teh Milo\5EBRWF2OOIBAQEY5YFLUQZ13.jpg,Kopi Teh Milo,all,-0.5227536629767092
../foodsg-233\rambutan\N8HUN4H619T476UO9SOY28IH.jpg,rambutan,all,-0.5226848152322633
../foodsg-233\lychee\D7QXYFN0KLO5HO0D441XOBK7.jpg,lychee,all,-0.5226171818197175
../foodsg-233\pear\0PDDHNNDJAASD825T6DNCO0U.jpg,pear,all,-0.5225283995189928
../foodsg-233\passion fruit\CQYXVZU9S5K853XC9KTSYIYJ.jpg,passion fruit,all,-0.5225003599689937
../foodsg-233\Burger\YYYF66YX0IY5MJCOMJNVDGDY.jpg,Burger,all,-0.5224900899585794
../foodsg-233\Burger\IOQLKCS0KWZDP1MRK78HWA6A.jpg,Burger,all,-0.5224800456997295
../foodsg-233\jackfruit\I6TTJC4LBQLZH0BYBK6QNTNR.jpg,jackfruit,all,-0.5224300216944296
../foodsg-233\orange\R6CPZ3ODV8YPF9MA2JOV347A.jpg,orange,all,-0.5223932520259902
../foodsg-233\Blackberry\C02X3XYQM9Y85RJIBQG29H0U.jpg,Blackberry,all,-0.5222683653609638
../foodsg-233\blueberries\MZK9A5H5KWI35QU8LCMIRM27.jpg,blueberries,all,-0.5222184047696045
../foodsg-233\blueberries\63734I7WHSRCYNAYT1X70S9Y.jpg,blueberries,all,-0.5222160828461471
../foodsg-233\longan\5DMZKL9AD2TWIP24CLRO1N2D.jpg,longan,all,-0.5221993283194233
../foodsg-233\Cucumber\4TFYPDMHPDDH2RKGHCCBWKP2.jpg,Cucumber,all,-0.5221694747041472
../foodsg-233\kiwi\G69PNOP2Q5D9NQSZMPQLS3CX.jpg,kiwi,all,-0.5221614782854527
../foodsg-233\longan\1HPIG8YIBKS6J9X19LDPQ0C2.jpg,longan,all,-0.5221567593542178
../foodsg-233\kiwi\ERHG3SQOKXUVZ5S98EXSX1NH.jpg,kiwi,all,-0.5220947566118329
../foodsg-233\ice cream - vanilla\MX6XMC4SFLYS66MJF1PYEBAH.jpg,ice cream - vanilla,all,-0.5220367003718591
../foodsg-233\Starfruit\372P0ORV1YIFJM35TKCL1JOZ.jpg,Starfruit,all,-0.5219972454171911
../foodsg-233\kuih bahulu\XL3EJ9A0SQJQF5I7HVSODIE6.jpg,kuih bahulu,all,-0.521955902808912
../foodsg-233\lychee\WFSIGOSFI70R5RBX8WSP4CWO.jpg,lychee,all,-0.5219112442967514
../foodsg-233\Grapefruit\GP4QXIQCGCEYHZUQY4MPVJP1.jpg,Grapefruit,all,-0.5218997351476664
../foodsg-233\mangosteen\X54NZAHWK5WKW3E6C2PNSN5Z.jpg,mangosteen,all,-0.5218917191670032
../foodsg-233\kiwi\ZVQEQL0VVP96L7YF1FX6YZ6Z.jpg,kiwi,all,-0.5218558211518826
../foodsg-233\vegetable soup\XJ1BUGCMO3L9IKVVDBJ8OL1J.jpg,vegetable soup,all,-0.5218506450793955
../foodsg-233\pear\RAWFHAWPAWOJ6ZOR7I51I1B2.jpg,pear,all,-0.5218466354930478
../foodsg-233\longan\5L6M2SNIWFEXEI9YQTJBDDYU.jpg,longan,all,-0.5217988988426354
../foodsg-233\Persimmon\2GO0IM71JTKUK43Q72HHK7Q7.jpg,Persimmon,all,-0.5217534876625937
../foodsg-233\har cheong gai\UYNBXV0J8I6TSBDIA2QKJDRX.jpg,har cheong gai,all,-0.5217246973361632
../foodsg-233\banana\HRQSR13A5W5H3FX48D69AIWE.jpg,banana,all,-0.52167866447206
../foodsg-233\Pomelo\RQZ9MYO3FMTGG1NSU4I2603K.jpg,Pomelo,all,-0.5216503747981809
../foodsg-233\mushroom soup\CH3IDR08E718XTHY8BAASQNQ.jpg,mushroom soup,all,-0.5214573790027897
../foodsg-233\paella seafood\NJQRTHOG8MXCDQUCW4YBNTTH.jpg,paella seafood,all,-0.5214206123221441
../foodsg-233\ice cream - chocolate\QF3JWN6FMBCH3Q4ZCBBQ5MFG.jpg,ice cream - chocolate,all,-0.5214025409945384
../foodsg-233\popcorn\R27BY7IUOLLTH0QHHT66VTXK.jpg,popcorn,all,-0.521388739652608
../foodsg-233\Pomelo\EFLDY4TUHPUAWE46XOFWTDFT.jpg,Pomelo,all,-0.5213802789714412
../foodsg-233\rock melon\UEX0CS8DT2LNZY3V53X1BBXZ.jpg,rock melon,all,-0.5213666308791799
../foodsg-233\lychee\1UHM6W707J9308XXK8I00801.jpg,lychee,all,-0.5213628108907709
../foodsg-233\Soft boiled eggs\6UULOPLSLFFVEN68P50PGADV.jpg,Soft boiled eggs,all,-0.521252605330196
../foodsg-233\guava\NJ7329P4IPIZXVYN6EHAC9GL.jpg,guava,all,-0.5211712427974727
../foodsg-233\Lor mee\ONYDVMUDQXANGOQ03VQYSUSO.jpg,Lor mee,all,-0.521141449136105
../foodsg-233\rock melon\SEP6XI2JGATWPK8Z81UIHKFR.jpg,rock melon,all,-0.5211363278982702
../foodsg-233\Burger\67NC2XLN82USIB7YWQL35PD9.jpg,Burger,all,-0.5210906055882415
../foodsg-233\rock melon\FN3V4G0X5WSNRU7BXI9HOUPH.jpg,rock melon,all,-0.5210776101268729
../foodsg-233\Papaya\0LMUJ60XXPP48548PBM2PK3T.jpg,Papaya,all,-0.521044296880231
../foodsg-233\rock melon\DSPRFRYOFJCOQRMW7WF6F7P3.jpg,rock melon,all,-0.5210248040809271
../foodsg-233\watermelon\M19NW80BDYWVIUVKFBCL7WF0.jpg,watermelon,all,-0.5209786843833815
../foodsg-233\vegetable soup\U167N6R56YNEKE16FFQLP99R.jpg,vegetable soup,all,-0.5209523050834124
../foodsg-233\chwee kueh\KDKSOOPIUBKHHBBL8A04OAVF.jpg,chwee kueh,all,-0.520936684159085
../foodsg-233\Cucumber\0P6ZLQG1LMJGVFDRIWH36RGW.jpg,Cucumber,all,-0.520865267630684
../foodsg-233\jackfruit\L7ZJS969B211PEA308DMBHN3.jpg,jackfruit,all,-0.520768633531063
../foodsg-233\steamed buns\L1RZOZROX6VF6VI35YHINH4F.jpg,steamed buns,all,-0.5207516308096485
../foodsg-233\lychee\EGG4AE10H0NRWJR7SH19WKCF.jpg,lychee,all,-0.5206487482161458
../foodsg-233\Soursop\QGEK29NYFS03UZ9MPBCB4K7K.jpg,Soursop,all,-0.5206420712069311
../foodsg-233\rambutan\XN7S4ADRQ1A7UH8BDFPHTEKW.jpg,rambutan,all,-0.5206077521937216
../foodsg-233\strawberry\JGDK5Y61M4TX0ARPWNYVJYK5.jpg,strawberry,all,-0.5205572368506551
../foodsg-233\jackfruit\F3736DDUEER5ROLY1WO92KQZ.jpg,jackfruit,all,-0.5204364446859874
../foodsg-233\chicken masala\IJ99U1IL0PRAB7GHZBG7192T.jpg,chicken masala,all,-0.5203740128227634
../foodsg-233\pear\GPWEFEUTYKPL5AK7B37PE0R1.jpg,pear,all,-0.5203475402455903
../foodsg-233\Mee bandung\QER6DOD1C29GU7TDRD6PQ8KJ.jpg,Mee bandung,all,-0.5203459247502419
../foodsg-233\Soursop\FW36HRVR56WNSX8POV1Z30MB.jpg,Soursop,all,-0.5203238060894007
../foodsg-233\bakso\PI36XT8QS5QL7RP9MDCU7D64.jpg,bakso,all,-0.5203195332229213
../foodsg-233\parfait\NJNV7FAYMLXZZIQ3T79VUDHM.jpg,parfait,all,-0.5203030712839631
../foodsg-233\Mee soto\4OG10DZ1BD6L74RAYZHY4XZA.jpg,Mee soto,all,-0.5202479318433384
../foodsg-233\tom yum noodle soup\MVIAG7GZDBUXI9CAD1JIY7XN.jpg,tom yum noodle soup,all,-0.5202182975010905
../foodsg-233\durian\GXME7MG93BZRGQAAV1FC30QK.jpg,durian,all,-0.5201408061144464
../foodsg-233\popiah\IINGZNAA9GT5PFS5TDUHQM3R.jpg,popiah,all,-0.5201082349923405
../foodsg-233\kiwi\MKK60GTB7CHIDMJ00RHQ22OI.jpg,kiwi,all,-0.520014285107955
../foodsg-233\Burger\NKNJHWXB6XJNYZWBIUGR3OC5.jpg,Burger,all,-0.519956980277827
../foodsg-233\lychee\1RDOPZ3D85G02E7LLL5TZLLU.jpg,lychee,all,-0.5199306789557814
../foodsg-233\lychee\YHTL0B9HFY6WUVTVNU0MN55E.jpg,lychee,all,-0.519894771093439
../foodsg-233\siew mai\PPP7A8J4GKLZFWRE9P8A1JS9.jpg,siew mai,all,-0.5198216891098488
../foodsg-233\Persimmon\I3VBUQNQM2O7JSLHAAGDV038.jpg,Persimmon,all,-0.5198035778863467
../foodsg-233\Persimmon\YOI9JTJYKSA5OUBBIDBOTJBY.jpg,Persimmon,all,-0.5197974814852088
../foodsg-233\White Bread\GY1TTOPK2DP34HYQDNH91ISJ.jpg,White Bread,all,-0.5197885096214322
../foodsg-233\popcorn\LP9Y4XC54YL535ZRQSTMWNY7.jpg,popcorn,all,-0.5197444232378589
../foodsg-233\popiah\70PXGG7QGZ06F6DIFFIGTUJC.jpg,popiah,all,-0.5196812120920586
../foodsg-233\orange\6MZFCUVHO9M60YWF5FCY2G4J.jpg,orange,all,-0.5196752583114386
../foodsg-233\Starfruit\ARZACTXSSD46JUUIBJ228WJC.jpg,Starfruit,all,-0.5196282989284298
../foodsg-233\pitaya\RHS6H0WQ86VXW2E0QCL3NTUJ.jpg,pitaya,all,-0.5196282111291457
../foodsg-233\passion fruit\ISBKSKSZXG3989GWLLDKO5G5.jpg,passion fruit,all,-0.5195945616916444
../foodsg-233\Grapefruit\ZFORY70IHEGNYVPQMCH1SP7V.jpg,Grapefruit,all,-0.5195819832131018
../foodsg-233\Grapefruit\M17O0CVV95LZTBEBFY6Z6CVH.jpg,Grapefruit,all,-0.5195317972450777
../foodsg-233\Grapefruit\AK50U9MJL0CV4UOKB3DG0GS2.jpg,Grapefruit,all,-0.5194617043341402
../foodsg-233\orange\4FHZ1FVWQKD9PNSSMNT66VJ3.jpg,orange,all,-0.5194190199354501
../foodsg-233\cooked white rice\H8XU2EFBXZW8IN0W54HHM8F7.jpg,cooked white rice,all,-0.5193789002778678
../foodsg-233\rock melon\SQ8G7AW5UC9RJG0D1Q57CO8F.jpg,rock melon,all,-0.5193766771635401
../foodsg-233\whole grain bread\EEE998XEXOGXUV9A7HZK0MU8.jpg,whole grain bread,all,-0.5193183077178367
../foodsg-233\pomegranate\NNKLDT4T6PVU84BZUDAIH850.jpg,pomegranate,all,-0.5192518842421303
../foodsg-233\popcorn\Z8LQ2UBBMWULNU4Z9DI4N6G2.jpg,popcorn,all,-0.519239007100781
../foodsg-233\popcorn\R0N3WHFCK0RTUBR8H5WTRDQS.jpg,popcorn,all,-0.5192338441010679
../foodsg-233\tiramisu\6F1EP3BVUURIWW56764M8QW0.jpg,tiramisu,all,-0.5192205927184163
../foodsg-233\Persimmon\CRZTCDCTI5UYVWVQQ16N2IXW.jpg,Persimmon,all,-0.5190473326625391
../foodsg-233\popcorn\F7M744XZEMNW4LRRL01JCZ73.jpg,popcorn,all,-0.5190417364379207
../foodsg-233\fried rice\YDVW1GOR1O7EU8AQIKHBYSA9.jpg,fried rice,all,-0.5189907170154322
../foodsg-233\rock melon\UYLJUFXCBRFWADQMPQS5A15T.jpg,rock melon,all,-0.518962355398597
../foodsg-233\pizza\HR2J44LSQ9294PN8FPCAJYIW.jpg,pizza,all,-0.5188212421931209
../foodsg-233\kebab - beef\34ZTDAOFJVVMNQXKTVJ8261R.jpg,kebab - beef,all,-0.5187626890728835
../foodsg-233\Blackberry\0IMIKX9SOF9QHX150NA2AHFH.jpg,Blackberry,all,-0.5187622725585515
../foodsg-233\cake rolls\7RL8XH1P2I9Z8P62RXJX0PVC.jpg,cake rolls,all,-0.5187544232852281
../foodsg-233\Fish and chips\CVK1L51C0M3BAXPV5Q8ASRCS.jpg,Fish and chips,all,-0.5187407078651198
../foodsg-233\rambutan\MJWHNMIB8OO2ONSVYYMBR2CL.jpg,rambutan,all,-0.5186345062267229
../foodsg-233\White Bread\O8WFOL4CFWSWMBWD08L6Z7HO.jpg,White Bread,all,-0.5185841489263675
../foodsg-233\rock melon\39YOGNN6LI32XE3H9FFDLTNQ.jpg,rock melon,all,-0.5185201368114355
../foodsg-233\rock melon\YI2CY4STE9U6GK6QQDWWOMNI.jpg,rock melon,all,-0.5185127072147524
../foodsg-233\Persimmon\KROJPD4GO8R6QUL8JKMFL5FG.jpg,Persimmon,all,-0.5185028205885163
../foodsg-233\Soursop\OQXC38SQ7IBLQHKL4YCOOBX8.jpg,Soursop,all,-0.5184751979240656
../foodsg-233\bak kut teh\I69IKQUVNP2BTJ0R29TEV78F.jpg,bak kut teh,all,-0.5184292891097975
../foodsg-233\xiao long bao\JKHERBT4EQ8LS1M5M7E14AZU.jpg,xiao long bao,all,-0.5184280210497727
../foodsg-233\Kway Teow\8ZXYGSK7QB7LJW4QYEA2D809.jpg,Kway Teow,all,-0.5184252035212037
../foodsg-233\singapore sling\OFS39ME82FEF85843PLCRMUD.jpg,singapore sling,all,-0.5183762967443369
../foodsg-233\Dumpling noodle soup\Z5XICD08OJMVU783FCZC6G7F.jpg,Dumpling noodle soup,all,-0.5183311269743663
../foodsg-233\rock melon\ARO4DAJUWSB23J48P8P8M8PC.jpg,rock melon,all,-0.5183182818717667
../foodsg-233\ice cream - chocolate\F03NIVLWHXPYK25KSCIIDK9M.jpg,ice cream - chocolate,all,-0.5183076098001256
../foodsg-233\corn\G5KLR53AGZYUSPR9AYHCH9ZQ.jpg,corn,all,-0.5182988706061449
../foodsg-233\Persimmon\NU86EHGAOHZESJK5VJL56EQJ.jpg,Persimmon,all,-0.5182844120144117
../foodsg-233\jackfruit\Q9UTNXXP3Y32TP23JRJLWVR9.jpg,jackfruit,all,-0.5182300830465041
../foodsg-233\fish head curry\GMPPB5H2WVBFFU7X8MOV5I9R.jpg,fish head curry,all,-0.5181404268905084
../foodsg-233\pitaya\40JZC0AJ5N13QGG5526P3ZK3.jpg,pitaya,all,-0.518116843314109
../foodsg-233\rambutan\ZOZ1BJLB7A6B6OKWH94IRPH3.jpg,rambutan,all,-0.5180705480317059
../foodsg-233\Pomelo\2L23HE71WBJFH8P2GJANBU5D.jpg,Pomelo,all,-0.5180541720027043
../foodsg-233\popcorn\DGBTTUBLF4UIGRTQ3O8GFW0S.jpg,popcorn,all,-0.5180405332441858
../foodsg-233\pitaya\0G8860XF5JCH3H0SQ09E6SL8.jpg,pitaya,all,-0.5179853705316364
../foodsg-233\Avocados\5GG1XNC185PSXPAMUM3O6ZIM.jpg,Avocados,all,-0.5179804773416904
../foodsg-233\White Bread\XPIJO6VGGMNBRZKNJPR6INDY.jpg,White Bread,all,-0.5179346770722754
../foodsg-233\pineapple\UM2L23508VRFHAG3YDSDKF9G.jpg,pineapple,all,-0.5179332327321515
../foodsg-233\cooked brown rice\IS5M0V2899Z7NJ36YQNPJMCB.jpg,cooked brown rice,all,-0.517927307739415
../foodsg-233\Papaya\NEN97LSV9OXL9RZZA7JS7PA2.jpg,Papaya,all,-0.5178996343782573
../foodsg-233\lychee\ZQBCEZ8XB5X1A8C0CDP3I028.jpg,lychee,all,-0.5178050542129519
../foodsg-233\longan\95YM9QOGISBA0UEMB8UEFRHE.jpg,longan,all,-0.5177693407905545
../foodsg-233\cake\ONDFB53WL5VYTPWIZYPXC9WO.jpg,cake,all,-0.5177562508191655
../foodsg-233\banana\JF8H97ZUTAH1U64RPFY8U6R1.jpg,banana,all,-0.5177451146892954
../foodsg-233\satay\V9092UHVKNSHRS3MU46I6PD0.jpg,satay,all,-0.5177227876212238
../foodsg-233\siew mai\DM5JUEBKCOS44A7SGHD9WC35.jpg,siew mai,all,-0.5177226636180462
../foodsg-233\lychee\7E2QIUIGGEBV2YROW6D1KRF4.jpg,lychee,all,-0.5176965607567247
../foodsg-233\pear\FQRJR2RUQZ2QIUDCEJ51NVHH.jpg,pear,all,-0.51767623416233
../foodsg-233\jackfruit\E3QH55JBVBBBZE1EUS1DXRIJ.jpg,jackfruit,all,-0.5176613776691292
../foodsg-233\guava\XX0JXMOZ9LFZQCSTBGQMYWJT.jpg,guava,all,-0.5176264339321995
../foodsg-233\longan\ANZ9NJHS922BZFZE2E8SHXAN.jpg,longan,all,-0.5176217524348937
../foodsg-233\cooked white rice\BQ3JLLJMU9W3WY2KXAN8PCLS.jpg,cooked white rice,all,-0.5175875678877087
../foodsg-233\tau suan\OPL728DGAEH46G3VNCXD51HS.jpg,tau suan,all,-0.5175743232738029
../foodsg-233\chicken soup\4LUZ8IHSNN62RV1UCJKFO0OE.jpg,chicken soup,all,-0.5175554223197419
../foodsg-233\popcorn\OWYTBSRSMNR6N2IXKREQ0TSH.jpg,popcorn,all,-0.5175406896241712
../foodsg-233\rock melon\9M4S9VIVP4GCYDND7115AZS8.jpg,rock melon,all,-0.5174990590734231
../foodsg-233\pancake\9HUNC1F6CWMB3X3BR1IJM0WC.jpg,pancake,all,-0.5174237430860534
../foodsg-233\White Bread\D0WN192U6Q3Z5K6D586A8SQA.jpg,White Bread,all,-0.5174057455718282
../foodsg-233\ice cream - chocolate\459O80E3T1XJDDZ3WJT1OVT4.jpg,ice cream - chocolate,all,-0.5173962703209525
../foodsg-233\spring rolls\W5HRHR59PC6MFNEWXTOEMWEH.jpg,spring rolls,all,-0.5173895329126185
"../foodsg-233\Bee hoon, soto\C4TVSB2HVXLJ4HZYOEI9JXUZ.jpg","Bee hoon, soto",all,-0.5173893986598053
../foodsg-233\Kopi Teh Milo\3RG0H7NDDB5W0UKV5JVWKYHS.jpg,Kopi Teh Milo,all,-0.5173441935381033
../foodsg-233\Kway Teow\LIBQYVZVTQ7H4CEE8ER59WE8.jpg,Kway Teow,all,-0.5173401400473737
../foodsg-233\pomegranate\24AYT36Q3XMLUX2I7B6QJOEN.jpg,pomegranate,all,-0.5172321668231982
../foodsg-233\Grapefruit\BTDUFF8IU3OPL2ELA1KXBH3V.jpg,Grapefruit,all,-0.5171778675185114
../foodsg-233\Kway Teow\6P7UD0U4VA2H9Y51CGQ74GLL.jpg,Kway Teow,all,-0.517144531904174
../foodsg-233\Kway Teow\P1VLD9ZWMYQ2M4PXVDAJZ5N2.jpg,Kway Teow,all,-0.5169609531528772
../foodsg-233\popcorn\5GSS6CPLS7FDT2POCSMOMKJ7.jpg,popcorn,all,-0.5169531170845693
../foodsg-233\Fish and chips\BQ7GKCJ7P0DAN4HCEB5QZEX2.jpg,Fish and chips,all,-0.5169306764228349
../foodsg-233\rock melon\BQCB4JIV54IMZCG74GYWKNJV.jpg,rock melon,all,-0.5169221702904964
../foodsg-233\siew mai\Y1MU2XEM51LWSYQ6ZCPQOS8A.jpg,siew mai,all,-0.5169156618861891
../foodsg-233\banana\64QIL98CYEPHETJCDEYB0X4P.jpg,banana,all,-0.5169124640031079
../foodsg-233\rambutan\QCTA5D4KIJPD2OBRVCQBXNHM.jpg,rambutan,all,-0.5169080408674327
../foodsg-233\popcorn\4Y0UJKWTV3F65KRNKGEJC5D3.jpg,popcorn,all,-0.5168921504605465
../foodsg-233\cereal prawns\DN4H8V4Q7XWBK5XD64MAS4KJ.jpg,cereal prawns,all,-0.5168484532666242
../foodsg-233\rock melon\46GRW8UK8ZFI328XN2QETURZ.jpg,rock melon,all,-0.5168425183400537
../foodsg-233\pitaya\HHAF98IMSZOOX2EJ34URKLRF.jpg,pitaya,all,-0.5168355871983221
../foodsg-233\Avocados\1XV2D3JKFOS5QXPRUKQKLYAD.jpg,Avocados,all,-0.51681135369946
../foodsg-233\blueberries\S41AWE997EP8EZX43PE7W2CD.jpg,blueberries,all,-0.5168029259803274
../foodsg-233\sliced fish soup\915C0E52NKT9PRXWB1YNTHOQ.jpg,sliced fish soup,all,-0.5167916724453512
../foodsg-233\mangosteen\FLNQTSZKE3LN4Z4K0HC9S3U2.jpg,mangosteen,all,-0.5167657891056587
../foodsg-233\watermelon\8F83EYANDSCFTRU2JGKDNHBN.jpg,watermelon,all,-0.5167433880750617
../foodsg-233\rock melon\CZ4U5XXLGP52XYOZEF9AJ4ND.jpg,rock melon,all,-0.516715745240102
../foodsg-233\satay\UTIS9O2V8IGKC89J2ABZ0HO5.jpg,satay,all,-0.5166826750027074
../foodsg-233\pasta - fettuccine\9BC7W33YD5FP7WC6IULQANCO.jpg,pasta - fettuccine,all,-0.5166276375326969
../foodsg-233\blueberries\IPZODBV5MOD8UMT4QMQC6U7J.jpg,blueberries,all,-0.5166154391593223
../foodsg-233\popcorn\UASOBTMDLBVEMUS0XLJKWZCR.jpg,popcorn,all,-0.5166050840823784
../foodsg-233\Mee goreng\JDQLV8R2BAO3AY9K94DJG4MW.jpg,Mee goreng,all,-0.5165716442873087
../foodsg-233\Fish Ball Noodles\8HWYLIB4SFA0PEF6HR3J2XGJ.jpg,Fish Ball Noodles,all,-0.5165610451392062
../foodsg-233\rock melon\XCZF2IEZOV3R92QVPPFQ7K4V.jpg,rock melon,all,-0.5165401517534974
../foodsg-233\Blackberry\2LHGTAYBI9FC99Z3Q7KSQPFU.jpg,Blackberry,all,-0.5165396805442036
../foodsg-233\ice cream - chocolate\ZXNTJMD2QO9C9P0C0EBER7C4.jpg,ice cream - chocolate,all,-0.5165051281431272
../foodsg-233\Laksa\GRRUPNHO8NWDZ1KCO8NXLKK0.jpg,Laksa,all,-0.516486655803639
../foodsg-233\french fries\9J87ZLBT38YDQPVZVCEI2UNA.jpg,french fries,all,-0.5164493827259578
../foodsg-233\Udon\9FRG9KO48X5WLD9J17EI7V1Q.jpg,Udon,all,-0.5164150497441039
../foodsg-233\Burger\31Q4B1ED2YCL9HVSHHF49CO1.jpg,Burger,all,-0.516364960793339
../foodsg-233\White Bread\UGDV72YP35IV5L37A6GKWAMA.jpg,White Bread,all,-0.516338378922568
../foodsg-233\mangosteen\D1IWOV7RW86QDWEW97IGH7W3.jpg,mangosteen,all,-0.5163260966708774
../foodsg-233\Burger\Q0HUTT8TKTWOEQ31G83I891A.jpg,Burger,all,-0.5162772660469107
../foodsg-233\Blackberry\SN8LDGA2PRQ5LM38IX25IENP.jpg,Blackberry,all,-0.5162738471497679
../foodsg-233\chicken soup\X93J0QZF2AIWCIFUWEMG1GI0.jpg,chicken soup,all,-0.5162427156662068
../foodsg-233\White Bread\25FLHX9EFI30LP70BQEA5RJF.jpg,White Bread,all,-0.5162240249038171
../foodsg-233\Blackberry\BSWWBLUFVWO0ODWWRP6IHI4M.jpg,Blackberry,all,-0.5162239644605218
../foodsg-233\pizza\PSX0KGVFNRZTHMY015FWPOFK.jpg,pizza,all,-0.5161969636267497
../foodsg-233\hokkien prawn mee\YEFIN4AELI9ZVMJCK3OUI08F.jpg,hokkien prawn mee,all,-0.516099007393668
../foodsg-233\popcorn\PGV0MVOKT62VSZ0MIGAYLWEH.jpg,popcorn,all,-0.5160886193044001
../foodsg-233\kuih bahulu\RRGFI8EY9GMF6GID7IXSCZYA.jpg,kuih bahulu,all,-0.5160315915768213
../foodsg-233\orange\9G65F9Q8QNXM0NEIGJW6MP5U.jpg,orange,all,-0.5159781703140479
../foodsg-233\bakso\4B8JOI7SRP1NCKE3SEGW0P6Q.jpg,bakso,all,-0.5159737596542241
../foodsg-233\Porridge\SSPOQRAN5SI1N0BFNB1G3FMD.jpg,Porridge,all,-0.5159519563125184
../foodsg-233\tiramisu\TIQ0BJGUTMQPNZ1YT9BX2FQ1.jpg,tiramisu,all,-0.5159429556470182
../foodsg-233\orange\2GTSBDO2UDY9EBMR8OJYWPAL.jpg,orange,all,-0.515936747393131
../foodsg-233\french fries\G6CK3ATJPMCZGJNIOD78ECII.jpg,french fries,all,-0.515927118549875
../foodsg-233\miso soup\I81NMHITNLDF1M7O2UT0PU4O.jpg,miso soup,all,-0.5158843343419448
../foodsg-233\Mee bandung\6VBPAJ2VZL1AL8O06F6TDQ1G.jpg,Mee bandung,all,-0.5158389174376045
../foodsg-233\honeydew\QO6JQAFN9SPJ8ROJXIPR2X0L.jpg,honeydew,all,-0.5157927758604378
../foodsg-233\fried chicken\EORGFMI67OKIYTTT6PI5Q9HS.jpg,fried chicken,all,-0.5157822527922764
../foodsg-233\hokkien prawn mee\MZ8TJALPGADU20RTSPLBUJ4L.jpg,hokkien prawn mee,all,-0.5157721833389997
../foodsg-233\Soursop\ON1IMXV0JW9T9JQK9RCYGYNW.jpg,Soursop,all,-0.5157275543565624
../foodsg-233\parfait\FVBRE5WUB5CSCUDHTDHFI4JU.jpg,parfait,all,-0.5157199232532262
../foodsg-233\french fries\K1FKBH8YVA5DB6CY8SGPP1E4.jpg,french fries,all,-0.5157049484285164
../foodsg-233\banana\2DZ4VKQ0C028IP39XSMC1IC2.jpg,banana,all,-0.5156828254566492
../foodsg-233\Burger\OPECW4K2IOZRP8MJL2B2FT7B.jpg,Burger,all,-0.5156333523870349
../foodsg-233\Fried Noodles\QPUO7QZ2QZNESFG9SF5FL5EZ.jpg,Fried Noodles,all,-0.5156213980148231
../foodsg-233\rambutan\CB24FI6L6SF6LG713TDQ5F30.jpg,rambutan,all,-0.5155910289719298
../foodsg-233\Persimmon\B7VSHFXVFGQ9MAAE4VR2FDBM.jpg,Persimmon,all,-0.5155683820647866
../foodsg-233\kebab - chicken\DSZ843SKY26FUQA0Q7WCPW60.jpg,kebab - chicken,all,-0.515544598754564
../foodsg-233\Grape\CRWMESIYJS7L5H0CJCPK0090.jpg,Grape,all,-0.5155279527280199
../foodsg-233\mangosteen\V9FO2PJSKKTV6PVS5SRCS5XD.jpg,mangosteen,all,-0.5155219807609532
../foodsg-233\Burger\JERSK94WZ9OGSJWV1AR7PUOS.jpg,Burger,all,-0.5155216223262467
../foodsg-233\pineapple\NLV4W5M3ZIZDEDX79TIIW0MU.jpg,pineapple,all,-0.5154558861049223
../foodsg-233\Wholegrain Wrap\MW9Y9EJLCV590NDOAD1X1G1J.jpg,Wholegrain Wrap,all,-0.515407905355074
../foodsg-233\kebab - chicken\K8CF0JRJR68PI9KT6DGNZA9B.jpg,kebab - chicken,all,-0.5153504069031395
../foodsg-233\Macaroni\IRPGWPETABXEV9TRX4OOEQU1.jpg,Macaroni,all,-0.5153184089201995
../foodsg-233\pitaya\KQF220HZ6MPZ1JL6G2W2WLJJ.jpg,pitaya,all,-0.5152665288237296
../foodsg-233\satay\N1TEU4YGABAN8YN27KC91Z17.jpg,satay,all,-0.5152490825418089
../foodsg-233\watermelon\YNMITLYBZL8A6ZPM8821JG5G.jpg,watermelon,all,-0.5152305665872732
../foodsg-233\Ban Mian\XUVCJ5H9NSVG0D4TVYJVN5T5.jpg,Ban Mian,all,-0.5151892988598704
../foodsg-233\honeydew\4GTA4VD3Q1GH67NU7MWBZBWW.jpg,honeydew,all,-0.5151733005213819
../foodsg-233\Apple\D5Q09BUVOG27KOBHADE24IH4.jpg,Apple,all,-0.5151712572014657
../foodsg-233\satay\8UBDQT4N494WKODYOWE7LI2I.jpg,satay,all,-0.5151690001437257
../foodsg-233\cooked white rice\WLUSTXAZVHQWJPB828I2IDY4.jpg,cooked white rice,all,-0.5151035660463218
"../foodsg-233\Bee hoon, goreng\3Z62O1YN19P733H4FHE7BF6D.jpg","Bee hoon, goreng",all,-0.5150993987158485
../foodsg-233\Mee soto\MLAM70ACGJ8I1JST46ER9PT7.jpg,Mee soto,all,-0.5150428721396629
../foodsg-233\chicken soup\AHOFNWKMA46IDNQ8T3WOVFTN.jpg,chicken soup,all,-0.5150420012308058
../foodsg-233\Fruit juice\IFJGPWU6H3NLV89676HY7CQN.jpg,Fruit juice,all,-0.5150411546588621
../foodsg-233\popcorn\E47AZOTNTIXQ1L1EYGS2Q469.jpg,popcorn,all,-0.5150093058711638
../foodsg-233\pear\1XCKFAHP3LLBRJ59WLIO2BY1.jpg,pear,all,-0.5149708846012393
../foodsg-233\whole grain bread\CXLMDJHJKLV1EI9QRW5RIL4W.jpg,whole grain bread,all,-0.5149481342144324
../foodsg-233\pig organ soup\X2T6WDC5GWOSDMZOJE5CY1G3.jpg,pig organ soup,all,-0.5148492446428737
../foodsg-233\siew mai\XW40JAFVTF219FRPN4U6Y583.jpg,siew mai,all,-0.514830557950689
../foodsg-233\pitaya\TD1K6U7B6PXUIRHNMVXTHQ5I.jpg,pitaya,all,-0.5147671771035197
../foodsg-233\cereal prawns\6PMPU1CYNTFDJK039EBDIGUG.jpg,cereal prawns,all,-0.5147585263770834
../foodsg-233\Udon\YOXMCSTFJ7HWF9UHNXWVHS8P.jpg,Udon,all,-0.5147454580160356
../foodsg-233\kaya toast\6ADS09S3ABD5DS8PQU10A2NK.jpg,kaya toast,all,-0.514718936309502
../foodsg-233\lychee\1JZ8DV3Q4KAJPANPR4JHLQIZ.jpg,lychee,all,-0.5147116160913059
../foodsg-233\cherries\BNV6RLYBX8RJK7W5TKWIRDOR.jpg,cherries,all,-0.5146792322966477
../foodsg-233\popcorn\LLELOJ5L95WI73RU1HYCK8DN.jpg,popcorn,all,-0.5146732865269315
../foodsg-233\durian\N4FLV3YXCOQUN0OVZP4WLEX4.jpg,durian,all,-0.5146703250488561
../foodsg-233\siew mai\A3E8KL46YM1JEL8DI41L0DN9.jpg,siew mai,all,-0.5146701321695295
../foodsg-233\whole grain bread\IE9ZP61LP45AIFBKANAWG3E4.jpg,whole grain bread,all,-0.5146619935323957
../foodsg-233\lychee\222CQMOOUFMO0CYA564UDZNF.jpg,lychee,all,-0.5146530975398145
../foodsg-233\durian\MUQ30IYNHKQPGH22436S6N0S.jpg,durian,all,-0.5146393614274041
"../foodsg-233\Rice, chicken katsu with Japanese curry\01HL8VGLXKS9TAPRDQ8HUBYD.jpg","Rice, chicken katsu with Japanese curry",all,-0.514630908583342
"../foodsg-233\Rice, korean bulgogi beef\A9VQEZ0YD1LMKY4GEOFWICYQ.jpg","Rice, korean bulgogi beef",all,-0.5146297477319907
../foodsg-233\Bubble Milk Tea\1XYJFIQIY9DI0XWNOG729ALQ.jpg,Bubble Milk Tea,all,-0.5146236272152722
../foodsg-233\pomegranate\BRG8N8QYDZ4BJD27D8IPVPDS.jpg,pomegranate,all,-0.5145827422785247
../foodsg-233\rock melon\X9G5IFRF41TQ5ULJM1EJSF5E.jpg,rock melon,all,-0.5145392541934737
"../foodsg-233\Wanton mee, dry\PWL5MWE2LQVBZ0SE4QVOGNC2.jpg","Wanton mee, dry",all,-0.514512863538638
../foodsg-233\banana\ICONDUE2Q36EUT5MB58OXUAB.jpg,banana,all,-0.5144966822374544
../foodsg-233\blueberries\L14CK6R70O8QFNAO3L5MIY3W.jpg,blueberries,all,-0.5144879356862989
../foodsg-233\pineapple\L3SIPOIOIGV1VRB1561K38EI.jpg,pineapple,all,-0.5144860069928281
../foodsg-233\corn\HTFI4D7G88G6MSTG06X0V2K6.jpg,corn,all,-0.514440565804577
../foodsg-233\blueberries\9QGJ80YEGVIOAZ2O2Y5KBENT.jpg,blueberries,all,-0.5143928654386224
../foodsg-233\lychee\09JAZIQ4PKWGO2O7KQM6ETUO.jpg,lychee,all,-0.5143657497689204
../foodsg-233\lychee\0TMVVE0FPMBQSXKTX2MZLNQ7.jpg,lychee,all,-0.5143129075527934
../foodsg-233\Soursop\O5K9ST51F16RQT08QXNL3QCM.jpg,Soursop,all,-0.5143053991515654
../foodsg-233\pear\23WNJCQ9L1LL6CMF9KULC3KO.jpg,pear,all,-0.5142620142175965
../foodsg-233\ice cream - chocolate\DVY4UBSP2QQN918DN6XOXGZ5.jpg,ice cream - chocolate,all,-0.514190839030401
../foodsg-233\Porridge\7EFC9B7Q5IQQD26SAHZ0ZWA3.jpg,Porridge,all,-0.5141801013031121
../foodsg-233\Blackberry\XZC7X1VPZADZRIAYGKLOE2NF.jpg,Blackberry,all,-0.5141666658711502
../foodsg-233\Grapefruit\EOHVHJ8N06MAVMU4UZ6W90RJ.jpg,Grapefruit,all,-0.5141433794649425
"../foodsg-233\Wanton mee, dry\0NZOZ21EYFYVR7NV605F6K1O.jpg","Wanton mee, dry",all,-0.5140888258273975
../foodsg-233\pitaya\MPK9YGQZ9MYA6ABO2N9NKEBA.jpg,pitaya,all,-0.514083095019037
../foodsg-233\whole grain bread\SK4CTVOGV461SLDCOBPDGKWC.jpg,whole grain bread,all,-0.51405377999915
../foodsg-233\singapore sling\QXJIFVDYSDTPZUZ9YMLI9G3N.jpg,singapore sling,all,-0.5140231037131973
../foodsg-233\lychee\66CXN2PLA7I0UWKF54FHJ7KT.jpg,lychee,all,-0.5140099131301308
../foodsg-233\Fish and chips\GSFC5CFURFXB2LJU1VDD0NF5.jpg,Fish and chips,all,-0.5139906020602724
../foodsg-233\Katsudon\O9VE7FSA2PPJX6VV7NKMSOUY.jpg,Katsudon,all,-0.5139487115691039
../foodsg-233\strawberry\L7P8MJXZ4HSZVJ0E7A55ZDX5.jpg,strawberry,all,-0.5139182680605991
../foodsg-233\pasta - fettuccine\IIVHTYB25VIZDZ6PVU1TWO21.jpg,pasta - fettuccine,all,-0.5139068358382608
../foodsg-233\pitaya\3RDLZP0XS452TN303GXQMT6M.jpg,pitaya,all,-0.5138795384308172
../foodsg-233\honeydew\PGS946S6PS4C9OJFHMXDXJ65.jpg,honeydew,all,-0.5138113431274178
../foodsg-233\jackfruit\HVNA74QJ8C3OF4VMLEXXF5SW.jpg,jackfruit,all,-0.5137605285010249
../foodsg-233\pear\R2E0LMLQ4VU5SIAZX9GQ97H5.jpg,pear,all,-0.5137393811049653
../foodsg-233\pig organ soup\4KYPIYREX9TYN2WO2U9PIUZ7.jpg,pig organ soup,all,-0.5137304270040064
../foodsg-233\chicken masala\6SIW52JJ4FRW4WMMB59O3OZT.jpg,chicken masala,all,-0.5137241109639424
../foodsg-233\longan\WWP9YJHFJSXY78VT20PI62OF.jpg,longan,all,-0.5137139204752452
../foodsg-233\rock melon\M86WAG5GGTGEMHNJ7FE71DKB.jpg,rock melon,all,-0.513710710854302
../foodsg-233\rambutan\1820J7856BD7T7GK3RZJL6ML.jpg,rambutan,all,-0.5137017769232434
../foodsg-233\rock melon\AD5RQLSOHVDZ5W3PFV616XWH.jpg,rock melon,all,-0.5136940711397502
../foodsg-233\lontong\Q80CSE85F45IN6HZK0OD436R.jpg,lontong,all,-0.5136858291915066
../foodsg-233\Burger\7HQEROVLSOVTA2J71TJI3FGB.jpg,Burger,all,-0.5136688723632304
../foodsg-233\mango pudding\L7RC86PNJ2ASTOTUEIEBVOEJ.jpg,mango pudding,all,-0.5136662263267738
../foodsg-233\siew mai\QD7VC28VL6HOFDEI8TL6WMOY.jpg,siew mai,all,-0.5136464121413115
../foodsg-233\pancake\KSH770CF1AEQUU9J73OBYKTE.jpg,pancake,all,-0.5136292677403357
../foodsg-233\tiramisu\MHRB8FNIDIKV4BPOEXO0H91I.jpg,tiramisu,all,-0.5136217740211284
../foodsg-233\watermelon\U9LH7ZUOH92UYUJF45GYSNC3.jpg,watermelon,all,-0.5136052876825647
../foodsg-233\longan\8SO9UGST3F5BVWVHX7MUBQI0.jpg,longan,all,-0.5136038215882601
../foodsg-233\popcorn\EW10NQOLAJX6O0KGT4BTR92Z.jpg,popcorn,all,-0.513595103755557
../foodsg-233\Kueh Salat\0KIF9FBKGWM17J88TUNNRMPJ.jpg,Kueh Salat,all,-0.5135422379707961
../foodsg-233\siew mai\B15OJM44A1BT4J9DFF1RSVPO.jpg,siew mai,all,-0.5135376686022021
../foodsg-233\mangosteen\T40VQ91D40FS0MHD8T8W4J1R.jpg,mangosteen,all,-0.5135170890139605
../foodsg-233\longan\7DDP0IJB4OCQJCWCVD52BV7I.jpg,longan,all,-0.5134751312464814
../foodsg-233\pear\UJTE285Y81WGV0BXL9RKCXVQ.jpg,pear,all,-0.5134197509336506
../foodsg-233\steamed buns\Z1JS82CWM7TWR0Q735448YDB.jpg,steamed buns,all,-0.513409604881047
../foodsg-233\french fries\N72HL9O4ECRI5YFLD9UXJOAR.jpg,french fries,all,-0.5134019146983799
../foodsg-233\rock melon\ACB7STEE1EFH75X4PGVGH41T.jpg,rock melon,all,-0.5133838897642026
../foodsg-233\jackfruit\FYZOPQWCKQWJP3ANFEMZ9ZL4.jpg,jackfruit,all,-0.5133629040386433
../foodsg-233\baked beans\3B0CADJ1HG8LEUTQR8OGVS0A.jpg,baked beans,all,-0.5133468066673622
../foodsg-233\Mee siam\HJTIG2CDKYZMVWZPXHP6H08J.jpg,Mee siam,all,-0.5133320733568286
../foodsg-233\singapore sling\DQR2Y16W8MOH4RX44TMYEELF.jpg,singapore sling,all,-0.5133244670938453
../foodsg-233\parfait\99XK5KBZE9JJUXWY05WEOXEG.jpg,parfait,all,-0.5133189878834203
../foodsg-233\rambutan\GV8HW16VMQYXBB2YJ0A8WHM4.jpg,rambutan,all,-0.5133026035200916
../foodsg-233\orange\WWTJCIVPF58RSKEO84K1BJNZ.jpg,orange,all,-0.5132856790696756
../foodsg-233\Soursop\EZAXEGYJXTFKX7YNQXG3PSW7.jpg,Soursop,all,-0.5132851431538353
"../foodsg-233\Wanton mee, dry\LSCUKHC2M69O0TOI1EERXJB3.jpg","Wanton mee, dry",all,-0.5132849807302621
../foodsg-233\Burger\JQ31BPKDCLYM8G37B7B0189A.jpg,Burger,all,-0.5132795083422824
../foodsg-233\blueberries\NPBNGHNK6C9FYJU5DUDN6H1J.jpg,blueberries,all,-0.5132053082565763
../foodsg-233\Fried Noodles\1NTD5I0JYXKJ1GEKG7FGPU0W.jpg,Fried Noodles,all,-0.5131783402929501
../foodsg-233\cooked white rice\EC84AV6ONG8GWORMVCOY5WLD.jpg,cooked white rice,all,-0.5131639142328513
"../foodsg-233\Mee siam, fried\TE4ZGTZQNWPDXXMBORC5ZM76.jpg","Mee siam, fried",all,-0.5131636722355716
../foodsg-233\cream soup\Y8N54453XW9MXL9KBFWV454X.jpg,cream soup,all,-0.5131489849493495
../foodsg-233\lychee\V0XNLP0EK1D0ZIJTLKYELUMM.jpg,lychee,all,-0.5131189943139981
../foodsg-233\lychee\ZO8HFYE4UVN37Y59IMWU5Z60.jpg,lychee,all,-0.5130974629992552
../foodsg-233\Mee rebus\W5WMZKRQ308SGR201FRGCGHJ.jpg,Mee rebus,all,-0.5130913237168215
../foodsg-233\tau suan\HNMMCAXWCGYYXON9QPDRXOHS.jpg,tau suan,all,-0.5130785776438881
../foodsg-233\Grapefruit\8HUHOWAYJGIUGVGUCSQSL7E7.jpg,Grapefruit,all,-0.513026990470958
../foodsg-233\pitaya\OLLPBF3HEQG6WCU7LEFJSVBU.jpg,pitaya,all,-0.5130119088003215
../foodsg-233\banana\O855KFWEKAAQA20ILSJTSQB8.jpg,banana,all,-0.5130113899345138
../foodsg-233\pitaya\N6W1M4T2DARPEZXH1TQWOY4C.jpg,pitaya,all,-0.5130000591098101
"../foodsg-233\Don, unagi\3MDHQUCA2T8JEORKEW706OT9.jpg","Don, unagi",all,-0.5129870974262253
../foodsg-233\jackfruit\YN0K3O932XRZCZKLTO5SRGT9.jpg,jackfruit,all,-0.5129609278740113
../foodsg-233\Mee siam\FEAYBH7QU530TGEWXMIIECEC.jpg,Mee siam,all,-0.5129472460219728
../foodsg-233\rock melon\1HX3MJ9XNA2NHCBJ4HMSGDZZ.jpg,rock melon,all,-0.5129199828761284
../foodsg-233\Avocados\A0NCYIN0GM1TWHUR4Q5YG4SH.jpg,Avocados,all,-0.5129048146256352
../foodsg-233\Papaya\BDA7FWW0KT2G7BWH4JM3FWZC.jpg,Papaya,all,-0.5128519169929471
../foodsg-233\passion fruit\4A3X7ET7Y4GIF2C5UV96COVV.jpg,passion fruit,all,-0.5128404664340483
../foodsg-233\ice cream - vanilla\ODS94FJUAAN3H85U8Z0T5NH5.jpg,ice cream - vanilla,all,-0.5128126326050834
../foodsg-233\tom yum noodle soup\VL4YHEEYGJA2U36RU5GGO051.jpg,tom yum noodle soup,all,-0.5127683827190683
../foodsg-233\Grapefruit\RHN1B3LVHHXKPFBFDTIFKTEH.jpg,Grapefruit,all,-0.512763477267467
../foodsg-233\Mee soto\U834PNBT2IIP18JIBGMKP0OA.jpg,Mee soto,all,-0.5127465976107908
../foodsg-233\pig organ soup\7847MKWXFENZ9FWN7PV91GHA.jpg,pig organ soup,all,-0.5127446194904012
../foodsg-233\banana\0T6SG6BSQI8Y6OX5O8ZFTKG1.jpg,banana,all,-0.5127397863730075
../foodsg-233\cheng tng\HVL3T0GWDAF46JMTW4GGUG6R.jpg,cheng tng,all,-0.5127216022658252
../foodsg-233\Macaroni\983BWPMCOSSMBMQ0C7PMNUR7.jpg,Macaroni,all,-0.5126815715929973
../foodsg-233\popcorn\1861JME77509R4676ZSQZ7P7.jpg,popcorn,all,-0.5126563871840211
../foodsg-233\raspberry\CIB8SJ7OLXXTQQDFPML4CVYY.jpg,raspberry,all,-0.5126477014863249
../foodsg-233\Dumpling noodle soup\JAO7NIYT389YNTUY05Q7BJX7.jpg,Dumpling noodle soup,all,-0.5126204161655343
../foodsg-233\Grapefruit\G7XYH28B1J2DY6DYDE0OVRFK.jpg,Grapefruit,all,-0.5126066570889827
../foodsg-233\White Bread\JO82O4UOZW7M8D529E37RO3X.jpg,White Bread,all,-0.5126000006972676
../foodsg-233\rock melon\EWL0DBVXZ95NFUDR6PJNC7SI.jpg,rock melon,all,-0.5125323169248199
../foodsg-233\chwee kueh\EK5KUZTH8HE40EHO23J6TMKF.jpg,chwee kueh,all,-0.5125112591920674
../foodsg-233\whole grain bread\YNXCHIJRJCU18D8C2EKIGWTQ.jpg,whole grain bread,all,-0.5124854708452672
../foodsg-233\baked beans\2M102S5DWC0D5OURNQA3TXMS.jpg,baked beans,all,-0.5124366139867598
../foodsg-233\lychee\D62M7CWT87EOGGSILUGOQRR5.jpg,lychee,all,-0.5124035538683246
../foodsg-233\Soursop\YKBGWP6AMIKCDKVDE4DI8PS8.jpg,Soursop,all,-0.5124003939887124
../foodsg-233\salad\QIU7P80GMX67A6E87TB5R8U4.jpg,salad,all,-0.5123732191826602
../foodsg-233\pitaya\3GKDDV1Z7C8IX6ZEJYXQNSKB.jpg,pitaya,all,-0.512368536802188
../foodsg-233\Mee soto\JTABRQ61A20QIWOKWLTFMB88.jpg,Mee soto,all,-0.5123665057899672
../foodsg-233\pitaya\S88CCISDVY6XMW7TNAYQU8S9.jpg,pitaya,all,-0.5123365238030273
../foodsg-233\cherries\RF71660CZG99VZYW0TI0BZHU.jpg,cherries,all,-0.5123304510776704
../foodsg-233\french fries\0RTWSRZH7LUGC9DCPU57Q83B.jpg,french fries,all,-0.51232891098163
../foodsg-233\popcorn\OYQ7T9KJLD4Q0J232ILB28FI.jpg,popcorn,all,-0.5123080562911674
../foodsg-233\popcorn\AV0ZYV2ELBUN4NHPU965503T.jpg,popcorn,all,-0.5122859342313897
../foodsg-233\mangosteen\MQA1MFS9PY1850AGEDI80HNZ.jpg,mangosteen,all,-0.5122660990965844
../foodsg-233\siew mai\BFUTEBP1C40RYTIY13CODOLS.jpg,siew mai,all,-0.5122550547768308
../foodsg-233\Kway Teow\XTM4VST40KY758MF5WYJZUM1.jpg,Kway Teow,all,-0.5122390687956694
../foodsg-233\xiao long bao\RWJI326ZHC7URXX3JADEH067.jpg,xiao long bao,all,-0.5122369074904339
../foodsg-233\Fish and chips\Y07UG3YQK2P9HJYMHLIY3R7S.jpg,Fish and chips,all,-0.5122166075205958
../foodsg-233\kuih bahulu\ZSAEEOMWIO9ZS8KBKR4EPPL0.jpg,kuih bahulu,all,-0.5122098915883647
../foodsg-233\strawberry\QAX9OT978H58XWMRE8HCWN2F.jpg,strawberry,all,-0.5121829330732219
"../foodsg-233\Pilaf, pea\LYCV0PRP3H9XQE1FK8PQWYPZ.jpg","Pilaf, pea",all,-0.5121657752705572
../foodsg-233\pineapple\YY1ZAV4Z2KDAL0DEKQX0YM6C.jpg,pineapple,all,-0.5121650885084409
../foodsg-233\Mee soto\0BMUFRQPEVZGY4UACEVHBZDN.jpg,Mee soto,all,-0.512142060012207
../foodsg-233\watermelon\YKNFCFH7A7R43VX7ST539SB7.jpg,watermelon,all,-0.5121244099276502
../foodsg-233\rambutan\6FZOCE6CIKGMYCIDY2TAMJJ2.jpg,rambutan,all,-0.5120825786697223
../foodsg-233\Burger\KFQ70QAX0ZRLLUFFF584MZIB.jpg,Burger,all,-0.5120715245999684
../foodsg-233\Papaya\59PWPTUZ4GQFS0UBZAAOVZUU.jpg,Papaya,all,-0.5120547068910347
../foodsg-233\Fruit juice\NUCEVQ75T3VIGWAP14I4P8WB.jpg,Fruit juice,all,-0.5120276906995962
../foodsg-233\fish head curry\FWPQRYU3JPGNDR42P2NQ146R.jpg,fish head curry,all,-0.5120200070352733
../foodsg-233\White Bread\TCF4GE7NZ4WOXRX5FJR92LN1.jpg,White Bread,all,-0.5119971650077723
../foodsg-233\chai tow kuay\TCDXWF5F8WA5VR946Q4BX6CC.jpg,chai tow kuay,all,-0.511976052462458
../foodsg-233\bagel & croissant\0CMXNAEV7JOTDED5188SMJ6P.jpg,bagel & croissant,all,-0.511898420162
../foodsg-233\xiao long bao\OE0ONNRYFZNURZREC629URMU.jpg,xiao long bao,all,-0.5118897318057273
../foodsg-233\Laksa\930F1IWCT4U4L6Y81CG4FQXE.jpg,Laksa,all,-0.51187804504995
../foodsg-233\banana\2IWLMB4JO95RVZ9MHRQFA2QR.jpg,banana,all,-0.5118529143402973
../foodsg-233\Kopi Teh Milo\FWY0TYPRFAED2CGKS95FC7Q3.jpg,Kopi Teh Milo,all,-0.5117902763744628
../foodsg-233\Grape\VJBQPNHJHB8XDWSUOC0FCH3I.jpg,Grape,all,-0.511786350840429
../foodsg-233\banana\AQ4366LL3TWN94X9ABQ30PDW.jpg,banana,all,-0.5117810926618112
../foodsg-233\paella seafood\D9Z0TCZQJ00IS71YJNVBPAF2.jpg,paella seafood,all,-0.5117740034487621
"../foodsg-233\Bee hoon, goreng\RLL20YPTCTSPYGB0W1S7SA2A.jpg","Bee hoon, goreng",all,-0.5117695662305922
../foodsg-233\cheng tng\VD7A3GAXYTR6SHZXJKGRS9QT.jpg,cheng tng,all,-0.5117559726951237
../foodsg-233\ice cream - chocolate\BX0OX9N9LTGONVAPIQ7C21IY.jpg,ice cream - chocolate,all,-0.5117487545778675
../foodsg-233\bakso\TKL0IUMJS63SYAYWRA2RAHP0.jpg,bakso,all,-0.5117467713806843
../foodsg-233\lychee\LUQU352IEJDCWKYI6EBK616O.jpg,lychee,all,-0.5117366682571776
../foodsg-233\Burger\6REVFZFSSBU8JUKL82HQ1INS.jpg,Burger,all,-0.511729104419224
../foodsg-233\Kueh Salat\P674HE1XH4XY9B30C21GR46Z.jpg,Kueh Salat,all,-0.5117228325740771
../foodsg-233\White Bread\THZMNMSLCKVDOKMPCAJ6W1HS.jpg,White Bread,all,-0.5117194763508724
../foodsg-233\tumpeng\U0N6B3UEFBHWAOTBRKCA63OI.jpg,tumpeng,all,-0.5116986763816244
../foodsg-233\Grape\OR4CIGSKIAF3ULIQF8QNADOB.jpg,Grape,all,-0.511681631199563
../foodsg-233\pear\BQ444Q78R15KHJ8J1F2OEEDP.jpg,pear,all,-0.511672147293885
../foodsg-233\rojak\YHVBE9FMFUJ7E4D4LTD03DOE.jpg,rojak,all,-0.5116586265710744
../foodsg-233\Claypot Rice\Z1O5QXXS8HJ40UKU8JPXJ8ET.jpg,Claypot Rice,all,-0.5116471754137646
../foodsg-233\Kway Teow\5Q6HLM0HEOAWVYCYNMQ87OYO.jpg,Kway Teow,all,-0.5116093643407473
../foodsg-233\cooked brown rice\FD7E2XPC9P3GP9XKASVVHRXU.jpg,cooked brown rice,all,-0.5116059407573744
../foodsg-233\pasta - fettuccine\W835K4P25YZ2DJL612RVSHH6.jpg,pasta - fettuccine,all,-0.5116000845085857
../foodsg-233\ice cream - vanilla\6P2X39S9IQ7F31YHOFIVB8PH.jpg,ice cream - vanilla,all,-0.511586992932623
../foodsg-233\raspberry\5XW0K7FAN80MTLENK36MP0Z8.jpg,raspberry,all,-0.5115627294296522
../foodsg-233\sambal kangkong\NWLHBTYRQQP3O5N6XWZWOONP.jpg,sambal kangkong,all,-0.51154757944862
../foodsg-233\vegetable soup\0G8GQ07MJ2MB49T8U4T9F1FJ.jpg,vegetable soup,all,-0.5115467148190294
../foodsg-233\honeydew\8YYREP6TW09IQPBOE72TZLOE.jpg,honeydew,all,-0.5115453179900866
../foodsg-233\chicken masala\TQ2BPI1ZDF6SWD9WAP1CQX4P.jpg,chicken masala,all,-0.511515194734194
../foodsg-233\blueberries\VTUNBB6ZPQ06UHPTJZUBKRDD.jpg,blueberries,all,-0.5114537288282824
../foodsg-233\thunder tea rice\7VA4K56P74R9LJNXMYWK544S.jpg,thunder tea rice,all,-0.5114361082770362
../foodsg-233\chin chow drink\KU5ARL5LQYMYHR8S9UI99PNB.jpg,chin chow drink,all,-0.5114097309053066
../foodsg-233\jackfruit\2EN45AS08EGU7WCTB1PWIKL8.jpg,jackfruit,all,-0.5113802297227815
../foodsg-233\sambal kangkong\JGW9HU7EJYL2WAB0M3ZL8GX1.jpg,sambal kangkong,all,-0.5113300916520622
../foodsg-233\pineapple\4MKKJ3ZHQABSGWQHCAVJ5NBG.jpg,pineapple,all,-0.5113185937281022
../foodsg-233\cooked white rice\6NQG76E6ROSGE8DDR10A6UVN.jpg,cooked white rice,all,-0.5113176420305311
../foodsg-233\mushroom soup\SZCP4AE9948IKBS64D7KZWQV.jpg,mushroom soup,all,-0.511305050489288
../foodsg-233\milk\L2AYXS03G2XKLPPPEUZSD6CG.jpg,milk,all,-0.5112894027044141
../foodsg-233\durian\6YF2AYBML454ZW02KYUXPD9W.jpg,durian,all,-0.5112498694114244
../foodsg-233\pitaya\I0QINQWGYM83DRM2DYWWGO29.jpg,pitaya,all,-0.5112443299012059
../foodsg-233\cooked brown rice\9TFYJH4J2E8BBRMQHYEML3VB.jpg,cooked brown rice,all,-0.5112426707631699
../foodsg-233\whole grain bread\X5AKWFIX6NYL1CCMFUR51LGL.jpg,whole grain bread,all,-0.5112227543485693
../foodsg-233\durian\7NVM0HW6ACGXHAF7FSJJBLFW.jpg,durian,all,-0.5111999310094753
../foodsg-233\Grape\LX4LHSH92RRX309RMUNOQ6SM.jpg,Grape,all,-0.5111971307819574
"../foodsg-233\Miso ramen, with fishcake\RRUCCHCTBJJJ906DVWYMVXL1.jpg","Miso ramen, with fishcake",all,-0.5111916380175673
../foodsg-233\sambal kangkong\36NDVV55L2XQWEFLEE3PVBLU.jpg,sambal kangkong,all,-0.5111429049097407
../foodsg-233\banana\YMSDTQRUHFDZVHQZCSEKY5FX.jpg,banana,all,-0.5111283731019836
../foodsg-233\hokkien prawn mee\S66NKA95S0BC8WBV8RFOR4TX.jpg,hokkien prawn mee,all,-0.5110926445860916
../foodsg-233\rock melon\VDNL8ITX7PKYWY4FHPSHCE8W.jpg,rock melon,all,-0.5110784038452485
../foodsg-233\popcorn\9I60B47IA5K47NJS8CK6ZES0.jpg,popcorn,all,-0.5110670359439399
../foodsg-233\longan\3XB85HJVLXQDU4SPNGXPSFCB.jpg,longan,all,-0.5110661633940831
../foodsg-233\cereal prawns\E7W3X84XPAFZAP9F2C1IXE0U.jpg,cereal prawns,all,-0.5110368667907507
../foodsg-233\White Bread\4F6CL24DMCY9QTT50JYTWSHN.jpg,White Bread,all,-0.5110255468850058
../foodsg-233\whole grain bread\PX9R2WQYY1WAES73MU5J640A.jpg,whole grain bread,all,-0.5110018672471073
../foodsg-233\rock melon\1J1GCUSA38AY05OU6ERY3Y5S.jpg,rock melon,all,-0.5109944017356193
../foodsg-233\rock melon\NLR3LBXZKHI8GAAI5YZTPNNV.jpg,rock melon,all,-0.5109856127887147
../foodsg-233\honeydew\VM8982X99CBV78XL3B2KA3MV.jpg,honeydew,all,-0.510963035306182
../foodsg-233\popiah\KJ6X18XYL3WFSAWRF9K5GWYS.jpg,popiah,all,-0.5109517044511904
../foodsg-233\french fries\SY5TJ2J5BF5QJSS8TVAIFX06.jpg,french fries,all,-0.5109244878149738
../foodsg-233\longan\B3HPMWFNJAIKTF8PLEZUOV2R.jpg,longan,all,-0.5109224540744965
../foodsg-233\jackfruit\TRO9RZ9D3E02GY6NPXXB19N6.jpg,jackfruit,all,-0.5109219185555955
../foodsg-233\pitaya\MF6I0UNQAZE7DMWQYF0JTFOU.jpg,pitaya,all,-0.5109191557402878
../foodsg-233\Kopi Teh Milo\N9WWZ6TES82K052GO1CMUH68.jpg,Kopi Teh Milo,all,-0.5109174127338961
../foodsg-233\blueberries\07VECLSNTVFFL2F9GHXGGUSJ.jpg,blueberries,all,-0.5108927856536665
../foodsg-233\Papaya\74HJ6UPN0JW2PMNXZ564RDA0.jpg,Papaya,all,-0.5107936473938585
../foodsg-233\durian\USRLI47K0247LK1H2HLE14L4.jpg,durian,all,-0.5107934416944766
../foodsg-233\Grapefruit\GG82JP25EU4Q5HPVHI9DZJV1.jpg,Grapefruit,all,-0.5107592521019496
../foodsg-233\salad\COIQGKV9A0XE43XU22WOBHKJ.jpg,salad,all,-0.510741123029574
../foodsg-233\strawberry\R0L87GE9X1K4ASLCTIT0Z5QS.jpg,strawberry,all,-0.5107364587376085
../foodsg-233\White Bread\2TMYD1XMEUOMARKRJ19HVX82.jpg,White Bread,all,-0.5107232793158623
../foodsg-233\Kueh Salat\0XB0AHNBP3LB6YKMIOEVSHVR.jpg,Kueh Salat,all,-0.5107230033090056
../foodsg-233\rambutan\9ZLVDY7N0X5R6GKI5RKHJDIF.jpg,rambutan,all,-0.5107224135614374
../foodsg-233\satay\OPS8IGXCHYVIWSJ1ZSTOJTLX.jpg,satay,all,-0.5106897509047207
../foodsg-233\Fried Noodles\F4FBKDJVL7DS2IIE4F7RSZLM.jpg,Fried Noodles,all,-0.5106567307804474
../foodsg-233\pineapple tarts\AUMJ6B1EO6YQREBD5UTE015Y.jpg,pineapple tarts,all,-0.5106096715462114
../foodsg-233\chicken soup\W3CKDCNYYOM09BP56CPYY1Z3.jpg,chicken soup,all,-0.5105343965892468
../foodsg-233\rock melon\GPLRYSDORX929I8QZZ98LUOR.jpg,rock melon,all,-0.510528120417804
../foodsg-233\jackfruit\Y0397CGGBBGNAYW4BTVQ32VA.jpg,jackfruit,all,-0.5105232037049704
../foodsg-233\Duck Rice\ZKAUUJ6LUX8SITQ1TA2XSK5O.jpg,Duck Rice,all,-0.5105133849734314
../foodsg-233\Fish and chips\F9LHWRQBREWRK0DITQAOT9PL.jpg,Fish and chips,all,-0.5104311389777311
../foodsg-233\salad\HRZO2RNK8XPCWY1VX47WBYGV.jpg,salad,all,-0.5104064868910496
../foodsg-233\begedil\J6IFLX1WF6EUZ1Q19YX5L9FG.jpg,begedil,all,-0.5104036550404883
../foodsg-233\Cucumber\Q9TO6WM8C0TFJGULPDC2KYVW.jpg,Cucumber,all,-0.5103833692775541
../foodsg-233\chicken masala\8G8TLXOC0NO9D26WWKT1DRW1.jpg,chicken masala,all,-0.5103795959454104
../foodsg-233\pitaya\83STVO5IM1CF3F01QNYMQQ6A.jpg,pitaya,all,-0.5103626560195846
../foodsg-233\kebab - chicken\8M0T33484322NC6HJW5QUZZA.jpg,kebab - chicken,all,-0.510347991142752
../foodsg-233\lychee\2QE9PJF87VXN6W6IWAEP9IHC.jpg,lychee,all,-0.5103451961091707
../foodsg-233\lychee\2W51SJXTF7V00HM29VPOSEI6.jpg,lychee,all,-0.5103001197787768
../foodsg-233\Fruit juice\1D5MR9SSK2415BBQNDC7UP1F.jpg,Fruit juice,all,-0.5102683779493381
../foodsg-233\pear\S9ZVERD8TXVCJIUMYY7B11HZ.jpg,pear,all,-0.5102640554144251
../foodsg-233\siew mai\FZYVI6QN0I36AYOW2SFT3SEB.jpg,siew mai,all,-0.5102577288326262
../foodsg-233\chawanmushi\EUH6P3F5M4LJDIKIPJFPZT7S.jpg,chawanmushi,all,-0.5102417795625283
../foodsg-233\durian\LLJVBBQSUXR0ILNZDVU8XPVN.jpg,durian,all,-0.5102200386400265
../foodsg-233\rock melon\22ZRNQNB809XR6WGA9RN8XD7.jpg,rock melon,all,-0.510217977100795
../foodsg-233\fried chicken\IQDMBMWOD61NN6O8TI9784Z6.jpg,fried chicken,all,-0.5102166411237313
../foodsg-233\jackfruit\KGQ8L3URH5NPLDV5EA388KG7.jpg,jackfruit,all,-0.5101969816378308
../foodsg-233\Grape\3EUB7AX8ADCG2GF298NRYAMF.jpg,Grape,all,-0.5101858865959568
../foodsg-233\popcorn\2DVVOMFLDU94DZMIDRZSVL6I.jpg,popcorn,all,-0.510152166425657
../foodsg-233\canned Fruit salad\U3OH62HMRC5MJ9Y7UUXX8Z6S.jpg,canned Fruit salad,all,-0.5101481654932929
../foodsg-233\green leafy vegetables\82FTOGM9PJY9J3ZDC3XGJKI2.jpg,green leafy vegetables,all,-0.5101374940749773
../foodsg-233\guava\0UXS2YIU87612EA3XAS2T5Z6.jpg,guava,all,-0.5101208100628004
../foodsg-233\guava\3Y9E1MPY1F7UXYB3QPN8D271.jpg,guava,all,-0.510118566286084
../foodsg-233\jackfruit\GVQZC74M67XW19M99DIRD0FX.jpg,jackfruit,all,-0.5101044525059211
../foodsg-233\sirloin steak\WLJ81JNV3REVCQ7ITM5ADWRY.jpg,sirloin steak,all,-0.5100964205813219
../foodsg-233\muesli\1RJB6EQTRWI8ECS3XG43NVNA.jpg,muesli,all,-0.5100952239833203
../foodsg-233\Porridge\J00PQNEF53ITT1J6BLVEDZ1H.jpg,Porridge,all,-0.5100695291165015
../foodsg-233\rock melon\ABA654SBW2WDNTCY0L92PALJ.jpg,rock melon,all,-0.5100548998603436
../foodsg-233\durian\60PM3ODONAYPLEETF17HJ888.jpg,durian,all,-0.5100376069786002
../foodsg-233\lychee\O6CNPQFH2H329ELOPDK75XOM.jpg,lychee,all,-0.5100259334460683
../foodsg-233\chicken masala\0C28TK6L4N0U9O1OJKZTF9GT.jpg,chicken masala,all,-0.5099925223418157
../foodsg-233\Soursop\4TD8T50I0JOK5WF2P1TQ8FJW.jpg,Soursop,all,-0.5099836394321072
../foodsg-233\Cucumber\UNZHVW13LN7ZLN9YBN9SA1R8.jpg,Cucumber,all,-0.5099531878526241
../foodsg-233\lontong\2I17IP6AC7Z24PNHLE8O6UN6.jpg,lontong,all,-0.5099517814645705
../foodsg-233\Kueh Salat\3LHXA7THCHNJU7P6DVE4IXO0.jpg,Kueh Salat,all,-0.5099188969381929
../foodsg-233\thunder tea rice\UDDF4WO74BDWSHMW852VDTUL.jpg,thunder tea rice,all,-0.5099008425956411
../foodsg-233\popcorn\PYY7R1T0K3WH8F426SFHOO5R.jpg,popcorn,all,-0.5098969194410305
../foodsg-233\guava\ZL1XBL2MUFX07LZJ4IIOX4IC.jpg,guava,all,-0.5098807139484294
../foodsg-233\pitaya\5MMY50UVT1OZXAZQ378M0WJN.jpg,pitaya,all,-0.5098663840261118
../foodsg-233\Mee soto\KYCYR58UEABNTD024RYKP1D1.jpg,Mee soto,all,-0.5098651439262311
../foodsg-233\rambutan\XWXWDABO4GARFX5YSPM4A0WZ.jpg,rambutan,all,-0.5098581873175381
../foodsg-233\cherries\SZFQG73JHA7SW3MIEXVT90PI.jpg,cherries,all,-0.5098351431889383
../foodsg-233\Claypot Rice\ZM2AXVP6BW2CBS8F3Y62MLG6.jpg,Claypot Rice,all,-0.5098067224123932
../foodsg-233\banana\9VR5QBX0TSPDTG78EKLOYRLQ.jpg,banana,all,-0.5098020696725314
../foodsg-233\pear\KWL9MM68P3KC2U8IW7EJFTV5.jpg,pear,all,-0.5097747615707335
../foodsg-233\Porridge\VS7K187C9KU5C3XU62LGDHB1.jpg,Porridge,all,-0.5097450424258197
../foodsg-233\baked beans\PI8Y9VQDC3DZM0T0MOYS6MLK.jpg,baked beans,all,-0.5097418767493737
../foodsg-233\strawberry\7ML0EXRO5WFUJBLTH61UAKBP.jpg,strawberry,all,-0.509738785874537
../foodsg-233\popcorn\5X2UNCGYKKACC2QELEUI5F0J.jpg,popcorn,all,-0.5097370479217014
../foodsg-233\rambutan\9AFI8VDL3C9UAQ14SXRLGWM8.jpg,rambutan,all,-0.5097223649761347
../foodsg-233\banana\NPQX7PN98MQ7QQABIMTV5HC1.jpg,banana,all,-0.5097022703118737
../foodsg-233\parfait\Y6AYFHIYE7A08PUJOPC8DGWS.jpg,parfait,all,-0.5096894757152886
../foodsg-233\rambutan\T31HFL1QZX65N5JR0TCHKP08.jpg,rambutan,all,-0.509671203725066
../foodsg-233\banana\CR5APGJGDJFUAWM2CNX351QY.jpg,banana,all,-0.5096541113825259
../foodsg-233\Kway Teow\91CQ5YS03OMARHH59SRJLHLE.jpg,Kway Teow,all,-0.5096329202335521
../foodsg-233\sambal kangkong\NQ5TKK9VRDUFCVFZUM1PF3LY.jpg,sambal kangkong,all,-0.5096313756381737
../foodsg-233\tau suan\8H2BT2HV6KW5CVUSNCXO74CY.jpg,tau suan,all,-0.5096232333103552
../foodsg-233\wholegrain muffin\YOWVINLYOUP8JUF594HSFXPG.jpg,wholegrain muffin,all,-0.509622889333216
../foodsg-233\Fish and chips\WN4P55JUOBB2TJURFBBDQ78B.jpg,Fish and chips,all,-0.5095895227132807
../foodsg-233\popcorn\83BPSZ8QQHJ4YKMEMGFQFYWY.jpg,popcorn,all,-0.5095396082839
../foodsg-233\cooked brown rice\XSLNEXEZ2CAM592HXLUCL955.jpg,cooked brown rice,all,-0.5095277233337098
../foodsg-233\siew mai\0I52L87BI16MD7VDE63D7ZLY.jpg,siew mai,all,-0.5095245402148878
../foodsg-233\mangosteen\9AJ2O9F0NZAKQO3U8VE2F2F9.jpg,mangosteen,all,-0.5095189077338286
../foodsg-233\passion fruit\Y1XTK4RGC6WL9HT2U23YT2Q6.jpg,passion fruit,all,-0.5095032984419483
../foodsg-233\Kopi Teh Milo\3QK9WIAME6PCNSY7Y4AY8EV6.jpg,Kopi Teh Milo,all,-0.5094914838539231
../foodsg-233\popcorn\YVAVUH2V2VZG91HYC71KTUBZ.jpg,popcorn,all,-0.5094824370345149
../foodsg-233\baked beans\ZJGA82UK5NULJX6AZ1MO9X58.jpg,baked beans,all,-0.5094633806314899
../foodsg-233\jackfruit\FK86A606MF5JGRWLT9OYUGFQ.jpg,jackfruit,all,-0.5094470869992671
../foodsg-233\banana\2STYL13WW29AFTDL66AEPUF4.jpg,banana,all,-0.5094349075548364
../foodsg-233\spring rolls\2ASL4DEFKB03UNIMBHY8RN0L.jpg,spring rolls,all,-0.509434303989595
../foodsg-233\Bubble Milk Tea\MKBZRALTJQGEBVSCUGKKCXZY.jpg,Bubble Milk Tea,all,-0.5094229942861972
../foodsg-233\mushroom soup\L2QIRDPO2GSD63AGL2UA70Y6.jpg,mushroom soup,all,-0.5093946190019316
../foodsg-233\pomegranate\55TQP43G25Q1D6QHHT3DOM3K.jpg,pomegranate,all,-0.5093893562746795
../foodsg-233\banana\ZOJDP1PAZU4BPCYOOQ6EMFPB.jpg,banana,all,-0.509357696861125
../foodsg-233\guava\JJN99ECQJJSI4AYOKX58ZV8A.jpg,guava,all,-0.5093533891591544
"../foodsg-233\Don, unagi\OB6SPOC545FZ68LZ7SEGMDFH.jpg","Don, unagi",all,-0.5093278312582492
../foodsg-233\Fruit juice\PTJPDSS1MPIT24KTEVA4A9X6.jpg,Fruit juice,all,-0.5092849466502262
../foodsg-233\siew mai\7IMKPFMGAI7VR0V0XVEU3GG9.jpg,siew mai,all,-0.5092658533480017
../foodsg-233\pancake\JQ9RK06LD4X791ZJDP4GMSGO.jpg,pancake,all,-0.5092350615935182
../foodsg-233\satay\FDYIKN9PL1AX5VN4YBQR7KJE.jpg,satay,all,-0.5092311260050482
../foodsg-233\pear\G9XIITE7D0ZHQVIGNJQNZZDF.jpg,pear,all,-0.5092273319415613
../foodsg-233\Prawn Noodle\VJF06H9PP2820LITBQKDCTOU.jpg,Prawn Noodle,all,-0.5092082754231992
../foodsg-233\White Bread\K2M6HNG1JGP8Y531ISF1KC7P.jpg,White Bread,all,-0.5091603003429328
../foodsg-233\ice cream - vanilla\XJWCMKLRW5XO8YS0FO499WZ7.jpg,ice cream - vanilla,all,-0.5091354689123329
../foodsg-233\rock melon\GG4N8CVE2H4BMB3DEHXV2SIH.jpg,rock melon,all,-0.5091283102353439
../foodsg-233\pear\DVDHV3QLQNKMVOFN51B3RIDJ.jpg,pear,all,-0.5091131536516562
../foodsg-233\cherries\3XQUA02LXNKK4NTOWA5S6R14.jpg,cherries,all,-0.5091070518437433
../foodsg-233\longan\JGZYDWEBL7EEP5ONJR0NPAHT.jpg,longan,all,-0.5090728122769269
../foodsg-233\popcorn\VMDT99MCWM0HKXIM2XOI0Z4R.jpg,popcorn,all,-0.5090544534320159
../foodsg-233\french fries\BBJD67KA3B42YVX5TT0R2A8J.jpg,french fries,all,-0.50903497970116
../foodsg-233\pitaya\IS2HYJ7Q453D4HDMCDC1ZDJS.jpg,pitaya,all,-0.5090007776829049
../foodsg-233\Wholegrain Wrap\FFRGITMIW9N62VLV52IBZW1G.jpg,Wholegrain Wrap,all,-0.5089673736457458
../foodsg-233\miso soup\OS6R1LCUO2ZS35WCCWRHTOWF.jpg,miso soup,all,-0.5089657383061605
../foodsg-233\Fried Noodles\OIX0G1VC47WOJS5RLQKCJSJG.jpg,Fried Noodles,all,-0.5089579717839846
"../foodsg-233\Mee siam, fried\GCXRPY8TX9QGDDONKEU89FQC.jpg","Mee siam, fried",all,-0.5089201655224874
../foodsg-233\Mee soto\75QRYD1UOZJ3Z4OJLHTX58NY.jpg,Mee soto,all,-0.5089054398379005
../foodsg-233\kebab - beef\KBHG6SJ1L5RXW1GR5KKJZ7CV.jpg,kebab - beef,all,-0.508897196201425
../foodsg-233\Kueh Salat\HP8X83RU7S0OTRGJDAJKZSZW.jpg,Kueh Salat,all,-0.5088844057974016
"../foodsg-233\Rice, with dakgalbi\GSL327Z5UI0DLFV3QR01NGO9.jpg","Rice, with dakgalbi",all,-0.5088812461570604
../foodsg-233\popcorn\9G82EWX63122QERD8XK76J7Z.jpg,popcorn,all,-0.5088769067257609
../foodsg-233\cooked brown rice\V2T1UXIRIHFW8JKAAPWP8UCG.jpg,cooked brown rice,all,-0.5088239269795415
../foodsg-233\banana\CO9NFOGG2DX3OZ2WKF9OJUEJ.jpg,banana,all,-0.5088184446789551
../foodsg-233\french fries\L3H028LF9C8VINCZWAGZ3204.jpg,french fries,all,-0.5088080880673286
../foodsg-233\canned Fruit salad\NB1XHF5Z0197EVJJZ8YQ95IM.jpg,canned Fruit salad,all,-0.5088016524982638
../foodsg-233\Mee siam\E6FNCG2230235338MAEET3OF.jpg,Mee siam,all,-0.5087962031136718
../foodsg-233\steamed buns\J2QI0MGDUK1JQIAZ4T19S4Y0.jpg,steamed buns,all,-0.5087858833050598
"../foodsg-233\Mee siam, fried\G61IEKN8JG5N1ASDSKI1UBFV.jpg","Mee siam, fried",all,-0.5087794740709216
../foodsg-233\longan\A72PBUKXSFG6D5RHSU9OUQPK.jpg,longan,all,-0.5087728698080817
../foodsg-233\Avocados\6SVOO4EHV7M5YWDN714KI30J.jpg,Avocados,all,-0.5087489154421977
../foodsg-233\popcorn\B588KMSO3A474GZZD66P2ZKQ.jpg,popcorn,all,-0.5087488610615369
../foodsg-233\cheng tng\HPSXAOZXC4954UG8S996DGSF.jpg,cheng tng,all,-0.5087391776727646
../foodsg-233\rambutan\RTV13X349OJM24AVV8GQCTAW.jpg,rambutan,all,-0.5087236099155378
../foodsg-233\longan\1KUMHLUYAJ9D8LHP9Z1Z0HJZ.jpg,longan,all,-0.508723568681769
../foodsg-233\pear\XLFY8ICXQPROBDV8Z0947DUR.jpg,pear,all,-0.508720544132804
../foodsg-233\xiao long bao\WKCX97HHW2D5T2CAUMFU7AA2.jpg,xiao long bao,all,-0.5086996699300168
../foodsg-233\french fries\LMRJIDRY4MJRYCF8QLZI5T78.jpg,french fries,all,-0.5086885790944988
../foodsg-233\banana\QLUUWPFAL7ZNQ07A9MEHXZEI.jpg,banana,all,-0.5086572874110771
../foodsg-233\cooked white rice\X36E0KW2O4GVPI5QOP0QLZP1.jpg,cooked white rice,all,-0.5086356273128869
../foodsg-233\rock melon\G2MDKBV4EJISE3DFDWEFZX0D.jpg,rock melon,all,-0.5086019321850951
../foodsg-233\pasta - fettuccine\NLUEXH6YX25ORCUNV1OU8HA0.jpg,pasta - fettuccine,all,-0.5085991510732427
../foodsg-233\jackfruit\TCGZAYQ7SXIBN7QD3CDG2LJ4.jpg,jackfruit,all,-0.5085940192548996
../foodsg-233\spring rolls\OVXCYM30X35LO282QPQPDEAK.jpg,spring rolls,all,-0.5085789661871132
../foodsg-233\popcorn\TVQ31D34PFB0BYVMACGFG0Q2.jpg,popcorn,all,-0.5085786864123063
../foodsg-233\rock melon\DUA7RZUC41VUPBMT4X9TDDA5.jpg,rock melon,all,-0.5085727014619601
../foodsg-233\spring rolls\TH8KJV5PP4VY4LM748A3BGX4.jpg,spring rolls,all,-0.5085649141508004
../foodsg-233\watermelon\ROA2VUVV9G9G0YF62TGM0KEW.jpg,watermelon,all,-0.5085576898977869
../foodsg-233\Kopi Teh Milo\B4FY4Y4IMJ61WRIXXL7A8XJP.jpg,Kopi Teh Milo,all,-0.5085531426361949
../foodsg-233\Avocados\Q9WY2FK3UFY56AFXZDRZZGN6.jpg,Avocados,all,-0.5085254500148719
../foodsg-233\singapore sling\G5C4E8X7NDCKSKFK2BD4UU8V.jpg,singapore sling,all,-0.5084995616999164
../foodsg-233\mangosteen\2LZ9AEUCF9P8AWSQNJL918FN.jpg,mangosteen,all,-0.5084907187878751
../foodsg-233\passion fruit\GGEJ1TSB5PTJ11HWMVKO75GN.jpg,passion fruit,all,-0.5084823299004122
../foodsg-233\Soursop\6VYPZ9G9KVFKM5X4T07JXZ3S.jpg,Soursop,all,-0.5084771120034803
../foodsg-233\rock melon\Z920IGG7QISUZTP0I1X4NDO3.jpg,rock melon,all,-0.5084716387699418
../foodsg-233\kueh lapis baked\T1YTT1GRV14VK79X0YTF4E9N.jpg,kueh lapis baked,all,-0.5084589640450556
../foodsg-233\Fish and chips\KPYI9Z282L8R9HAIIS52GK5H.jpg,Fish and chips,all,-0.5084448884003425
../foodsg-233\Bibimbap\N5AI2E6D4IYDR9MBCFXX28E0.jpg,Bibimbap,all,-0.5084343729723144
../foodsg-233\xiao long bao\9UWMT9ERDHACT4EUYTHZT58G.jpg,xiao long bao,all,-0.5083728995466734
"../foodsg-233\Pilaf, pea\5YQBFF2056EBNOXMJJ39289T.jpg","Pilaf, pea",all,-0.508340511085226
../foodsg-233\Blackberry\JYRUGQZ6K4CC3YBAXVIXB491.jpg,Blackberry,all,-0.5083318694326143
../foodsg-233\mangosteen\PGSEQQ43B7G1Z8OYQFDCCVXV.jpg,mangosteen,all,-0.5083098393934078
../foodsg-233\canned Fruit salad\V6H57KTJNRBAA8RLFWKHADD2.jpg,canned Fruit salad,all,-0.5083066436307672
../foodsg-233\spring rolls\HADBMU5BO03KF0N1S5FKW8LS.jpg,spring rolls,all,-0.5083056978852194
../foodsg-233\tacos and nachos\P9C9JVAYAZRZAD9X1FCBA3H2.jpg,tacos and nachos,all,-0.5082998516314191
../foodsg-233\Grapefruit\GKC4B0XWVX7R8SAROU7VQQJO.jpg,Grapefruit,all,-0.508296960126853
../foodsg-233\chwee kueh\ESVM4PVJJD8LSA2VC1WDBIAL.jpg,chwee kueh,all,-0.5082889342613099
../foodsg-233\Soft boiled eggs\POP4VOJN9ARWQZAIABJHN5Z0.jpg,Soft boiled eggs,all,-0.5082780739368375
../foodsg-233\ice cream - chocolate\ONJPR85W371MJ73KHEZNTAKI.jpg,ice cream - chocolate,all,-0.5082757651745458
../foodsg-233\Macaroni\X37PF4GHVRO4OFWVNYYQIPUU.jpg,Macaroni,all,-0.5082514794623049
../foodsg-233\Bubble Milk Tea\RJE6TPNM9K3VCQ4GYNO2JY5O.jpg,Bubble Milk Tea,all,-0.5082369944261522
../foodsg-233\Grape\P7I83DLX9T6W200VNRY9Y2WY.jpg,Grape,all,-0.5081834423037636
../foodsg-233\dumpling\0GWVAR0WO0JN9P086LUB9J78.jpg,dumpling,all,-0.5081750188968098
../foodsg-233\popcorn\6LWZTM9GBQGXDN8D38FG08SK.jpg,popcorn,all,-0.5081726303136777
../foodsg-233\spring rolls\X0PWTVC2QAHFAL6SCAQ2OJ6F.jpg,spring rolls,all,-0.5081556397799392
../foodsg-233\Soto ayam\LZX3XGBLWYAREUPLB6O6X9TM.jpg,Soto ayam,all,-0.5081257866889839
../foodsg-233\popcorn\OADQ3593MQPLMI6RCZ8T0MQ2.jpg,popcorn,all,-0.5081205882932037
../foodsg-233\siew mai\TJPYU8MXCHSUHOWO11LDVKU9.jpg,siew mai,all,-0.5081132636622154
../foodsg-233\pig organ soup\VER7RLXX40X5ZGW7CLM7IS0T.jpg,pig organ soup,all,-0.5080945254022042
../foodsg-233\Fish and chips\LDDSJ0YCP45Y3NYI9AXYRFFC.jpg,Fish and chips,all,-0.5080811714530916
../foodsg-233\pear\EHSO4D62JP0JYGB0WKZ6AGE2.jpg,pear,all,-0.5080348743632126
../foodsg-233\pitaya\V0JT5GPWSNGFLPX1QPQGN5GN.jpg,pitaya,all,-0.5080147526898087
../foodsg-233\Kway Teow\HIIJTSXUESARRA4TJQO46INK.jpg,Kway Teow,all,-0.5080147394218546
../foodsg-233\Pomelo\PCZ3LCNB3TT5NWKW8SC11XSD.jpg,Pomelo,all,-0.5080137575196121
../foodsg-233\Hor Fun\GKX305HSTQ0BDC2YUSH90FWN.jpg,Hor Fun,all,-0.5079599742783529
../foodsg-233\strawberry\N6KTGUXXY2AR9URLD0U6ZDK7.jpg,strawberry,all,-0.5079424998135005
../foodsg-233\biscuit\NMGDTHXIMZL3ECL8A9NFTOO6.jpg,biscuit,all,-0.5079065750411872
../foodsg-233\Indian Prata\TILWY9OMHQ03WP3QZH0413IJ.jpg,Indian Prata,all,-0.5079017488371164
../foodsg-233\popcorn\95L82N4NRMGUBFZ35V9CITSY.jpg,popcorn,all,-0.5078953083002167
../foodsg-233\Udon\1NW9UA67TNO1VTATQ1FU0JTV.jpg,Udon,all,-0.5078911722044457
../foodsg-233\french fries\QBGDAK4S7LCIY6G9XFZ617Z0.jpg,french fries,all,-0.5078484167690603
../foodsg-233\Udon\4ANAACZCB0IBNJGC2NZ234R4.jpg,Udon,all,-0.5078310910106126
../foodsg-233\fried rice\VO8LB7LPPRKDD1QTRRALKVX2.jpg,fried rice,all,-0.507826051009185
../foodsg-233\pomegranate\GVEQ30XSCL9SIAGHVRTBD6TA.jpg,pomegranate,all,-0.507812637403018
../foodsg-233\rambutan\MSYKT265UW0RAU6V8NPDPWK0.jpg,rambutan,all,-0.507805731641166
../foodsg-233\singapore sling\EDOKTSPQULTR83K3AGS04H7R.jpg,singapore sling,all,-0.5078011388436188
../foodsg-233\Pomelo\LDDMR9ZSGUWB7U9D7EKEPA9V.jpg,Pomelo,all,-0.5077941352259794
../foodsg-233\popcorn\HTFYTHJ52TARFGS42K0UDB0U.jpg,popcorn,all,-0.5077906475198569
../foodsg-233\corn\6ZZ8634IMO86SM1DV96BVVH0.jpg,corn,all,-0.5077738026210731
../foodsg-233\Soursop\BE6A2XQCCSDV5W3KR3JML1H4.jpg,Soursop,all,-0.5077689979850935
../foodsg-233\french fries\V8UOX7W01EK1H9RXUO6V72SE.jpg,french fries,all,-0.5077199724027969
../foodsg-233\Udon\E4849N0ABDGL3B4WQKXNXK10.jpg,Udon,all,-0.5077024154820611
../foodsg-233\longan\9R3C5PJ1TS2ICHH0BT0TTBLF.jpg,longan,all,-0.5076981047263023
../foodsg-233\strawberry\MQ9DO6Q4XS1YIZL9A7MW5PSD.jpg,strawberry,all,-0.5076797424068987
../foodsg-233\lychee\4JQA80ICL6SPQ7C9NP8A5FWM.jpg,lychee,all,-0.5076733831859973
../foodsg-233\Kway Teow\ZESFH9AP4861Y7LYUPQ5C8H6.jpg,Kway Teow,all,-0.5076643243489748
../foodsg-233\mushroom soup\G55B0W3IEQWEGU629JJX0UJT.jpg,mushroom soup,all,-0.507655543811973
../foodsg-233\banana\AL7316Z1YDFUN23UYN7IH7SV.jpg,banana,all,-0.5076033560325925
../foodsg-233\White Bread\4UDVKX35CF8W2A9FA1K10G3S.jpg,White Bread,all,-0.5075980135811333
../foodsg-233\orange\6QGMKAISEDJ9LL57640CGSZ0.jpg,orange,all,-0.5075953249353365
../foodsg-233\mangosteen\4WC674AGWAWRSD6357CK6KE3.jpg,mangosteen,all,-0.507587215993088
../foodsg-233\corn\B0GFJBH0PJVYUDM05O9WOCYZ.jpg,corn,all,-0.507556625424829
../foodsg-233\Grapefruit\UG8OILTXIMZ7G8WCYAPHHTBL.jpg,Grapefruit,all,-0.5075468854319141
../foodsg-233\passion fruit\1Y20RPXI7PPQAIU5P89MC0AZ.jpg,passion fruit,all,-0.5075439871424433
../foodsg-233\lychee\9BUC4I7OPBINWM55A0T0NUFP.jpg,lychee,all,-0.5075362212980614
../foodsg-233\mushroom soup\DZ0G1FLTYE4T35AOXOWKI4CX.jpg,mushroom soup,all,-0.5075205501252588
../foodsg-233\Pomelo\IKOLBAODPW24IRVIZH0OP9FK.jpg,Pomelo,all,-0.5075006773902353
../foodsg-233\sambal kangkong\I6IPA3Y5BSZ73O9V1H939SOJ.jpg,sambal kangkong,all,-0.507454647443579
../foodsg-233\popcorn\ILML29VZ7OWO45UNWL9EILZK.jpg,popcorn,all,-0.5074521823374456
../foodsg-233\milk\WCLLNI67YWEMPWH84BOGNOOU.jpg,milk,all,-0.5074284365496654
../foodsg-233\otak\T7CXJACBF8VVLSXRHAAK3J7M.jpg,otak,all,-0.5074055972515504
../foodsg-233\Grapefruit\JH7TDU8NM06OTNOWWUQH3QMG.jpg,Grapefruit,all,-0.5073872537309136
../foodsg-233\rambutan\C64LZV7F3B6EUK4HUG1OFW89.jpg,rambutan,all,-0.5073716498523658
../foodsg-233\mushroom soup\NT7PG2BNDIFHEEPUASTPP664.jpg,mushroom soup,all,-0.5073165292218891
../foodsg-233\french fries\1XEW4QNLIX0Q45NRXH2E4YX6.jpg,french fries,all,-0.5073119558029929
../foodsg-233\thunder tea rice\9VOCR6WIS6I1S4FUP98L6AVJ.jpg,thunder tea rice,all,-0.5073013077121128
../foodsg-233\Blackberry\JUCV9JTCI1F3C39EZQFYQ0G5.jpg,Blackberry,all,-0.5072650124989463
../foodsg-233\kway chap\CSATRCQF2L4KVCXTI7X4DWNY.jpg,kway chap,all,-0.507228473021536
../foodsg-233\strawberry\CVZSXH807HZTMEVPHNWF3VEB.jpg,strawberry,all,-0.5072269070772142
../foodsg-233\french fries\7KCYV96H7PGWQCUVWRXA4JX1.jpg,french fries,all,-0.507219181814112
../foodsg-233\honeydew\DILXDERGCS9I4Y2SYQIYTCUX.jpg,honeydew,all,-0.5072158474060006
../foodsg-233\pineapple\AZDXFD23NT1U787A4B38NTW6.jpg,pineapple,all,-0.5072051346660175
../foodsg-233\chicken soup\MYMQZ7SKAB99NWQ1N7LEOA04.jpg,chicken soup,all,-0.5071990854203992
../foodsg-233\satay\YKMDYOAWO2DE8GBUFUK6L9G5.jpg,satay,all,-0.5071955874893107
../foodsg-233\blueberries\2TW4KNWCPOKXD877CDP2HA0R.jpg,blueberries,all,-0.5071953032565552
../foodsg-233\Mee soto\W9LXMH92CYX1V5XAAHZSHSU9.jpg,Mee soto,all,-0.5071939486620847
../foodsg-233\blueberries\I0TP1O41I254CUMZHM4YO09Y.jpg,blueberries,all,-0.5071798696948984
../foodsg-233\tiramisu\CV6H4CUBV7R8PA36HU5VRT8F.jpg,tiramisu,all,-0.5071505076323551
../foodsg-233\siew mai\5M14THZY2GY2SZHRBL1S1QDN.jpg,siew mai,all,-0.5071460516838067
../foodsg-233\cheese fries\G7TEZF51H4AZ5MSCDX0BRDCC.jpg,cheese fries,all,-0.5071420188477962
../foodsg-233\char siew pau\NTKQ3UN7J1KXBSHDCYMK4CDX.jpg,char siew pau,all,-0.5071198815530776
../foodsg-233\dumpling\64DD9SV3B72P2X9H4UJI3LOL.jpg,dumpling,all,-0.5070785600614799
"../foodsg-233\Bee hoon, goreng\6V0WG5FNX4VZ9I9086K595X4.jpg","Bee hoon, goreng",all,-0.5070697164407321
../foodsg-233\Bibimbap\V2PUOLGGEBHHC902OI5MLXN0.jpg,Bibimbap,all,-0.507066581705652
"../foodsg-233\Rice, chicken katsu with Japanese curry\410CPZW3HMXM7690T02TX7ZI.jpg","Rice, chicken katsu with Japanese curry",all,-0.5070644411985389
../foodsg-233\Mee rebus\SHLQ0E4OX8AEDQXR27Z3WB0W.jpg,Mee rebus,all,-0.5070613084640517
../foodsg-233\bak chor mee\Z9K0CLFE2K7MMCMDR89TZAZC.jpg,bak chor mee,all,-0.5070565306067107
../foodsg-233\Blackberry\PDG7BNB0X6P51KGYYUBYW5LH.jpg,Blackberry,all,-0.5070502186594645
../foodsg-233\popcorn\LFWGR1MU8L8GGI2MBNNOYFS5.jpg,popcorn,all,-0.5070405625872448
../foodsg-233\mushroom soup\XKXW0JTTX1QRXGB42CYQCEXV.jpg,mushroom soup,all,-0.507034328343544
../foodsg-233\satay bee hoon\I5KALCJH753A5Z1DQZM1FBWP.jpg,satay bee hoon,all,-0.5070299433109647
../foodsg-233\blueberries\9YKGYNQBZZF65RT7B6O5BHIB.jpg,blueberries,all,-0.507011875297424
../foodsg-233\pomegranate\G5BQT2UMM0PNTFBO2MS4RXM1.jpg,pomegranate,all,-0.507011447171355
../foodsg-233\Udon\I0IUFV42UX6BA38ZDUK3WE9U.jpg,Udon,all,-0.5069809729422652
../foodsg-233\watermelon\HPUT2EM23KV8WPQMP99HANNB.jpg,watermelon,all,-0.5069543705139414
../foodsg-233\fried chicken\U11B1O4PSW3I6HOACX85L0CK.jpg,fried chicken,all,-0.5069497779885758
../foodsg-233\chicken chop\UQDPAQYRJ6GT9CTK7YATRKN5.jpg,chicken chop,all,-0.5069383471753517
../foodsg-233\Soto ayam\XAWEBNKZ64RSGJLCHWCXOX9T.jpg,Soto ayam,all,-0.5069160024981713
../foodsg-233\satay bee hoon\RN9FNLKKWZES1X2LC7GHHPLC.jpg,satay bee hoon,all,-0.5068856619877454
../foodsg-233\mixed vegetables\N2GQAFB5ZK7GOVZDNRPMT8F4.jpg,mixed vegetables,all,-0.5068766838625295
../foodsg-233\lychee\9G80CXXIIVEP6A4BK3G3NWDG.jpg,lychee,all,-0.5068701854538965
../foodsg-233\lontong\W9ITAPCN0WZZ9G0KWESH0NI5.jpg,lontong,all,-0.506857584075388
../foodsg-233\vegetable soup\727HCWQJGUBEBWXY7TD13Z7U.jpg,vegetable soup,all,-0.5068484869707882
../foodsg-233\strawberry\2BAOWWEVZJWLK65T1IO1UHJD.jpg,strawberry,all,-0.5068423305007972
../foodsg-233\passion fruit\79F3BVJ3TA94Y6S9JJ1Y7O6B.jpg,passion fruit,all,-0.5068117287775591
../foodsg-233\satay\UMZNRYMLAK5OBF8AZTJQY4I9.jpg,satay,all,-0.5067872014218187
../foodsg-233\banana\V54IZSJ4WFFQ02393YIPDLPQ.jpg,banana,all,-0.5067852500836881
../foodsg-233\chawanmushi\D4EF5GRYTRRGRRW816FKD1AT.jpg,chawanmushi,all,-0.5067842169488203
../foodsg-233\popcorn\L3XW3SYEO0NVL4V0T8PY5RP1.jpg,popcorn,all,-0.5067835945283536
../foodsg-233\blueberries\X1DZFQX77EQRDL9K9Z400ARQ.jpg,blueberries,all,-0.5067770421499825
../foodsg-233\corn\YZPC7GQ5YY1C8I73NDQUNC1Y.jpg,corn,all,-0.5067646173287452
../foodsg-233\sambal kangkong\NXO1582OMJ2JR928NXO1U0DN.jpg,sambal kangkong,all,-0.5067630920742873
../foodsg-233\Soursop\FJK4I6P37A1WUQV4B22J9HAZ.jpg,Soursop,all,-0.5067480369935601
../foodsg-233\Avocados\RENKVJKI2TDC7JD2Q94BXBGR.jpg,Avocados,all,-0.5067457186096113
../foodsg-233\Porridge\WCS9HI3UM5YXRST9P2E791L6.jpg,Porridge,all,-0.5067416327569931
../foodsg-233\popcorn\OKU0ZF9VVQNS65TEZ5SPE3ZX.jpg,popcorn,all,-0.506740078657743
../foodsg-233\popcorn\IJYG1EUBRTYMD7HD336009R2.jpg,popcorn,all,-0.5067303360875262
../foodsg-233\fried fish\UQBYMFXETGN1J8601B4QJ32E.jpg,fried fish,all,-0.5067298294561398
../foodsg-233\Bibimbap\XRG6WUT0V1Y7A4VS0ZHGSR91.jpg,Bibimbap,all,-0.5067242881835863
../foodsg-233\fried chicken\E8D3WJL6D3PUV2AAM8KAHWER.jpg,fried chicken,all,-0.5067029018770958
../foodsg-233\singapore sling\3V3KMW47EMG7XQA05DPLF9UR.jpg,singapore sling,all,-0.5067018323019099
../foodsg-233\Macaroni\5OO0IVMDR4G1014KOMYK3FZ2.jpg,Macaroni,all,-0.506698154351083
../foodsg-233\blueberries\4YBK678ZR4DUE02BZEXHDU36.jpg,blueberries,all,-0.5066965666713575
../foodsg-233\watermelon\U88V7UCNQMNKNG38UTM9DVI1.jpg,watermelon,all,-0.5066955985858584
../foodsg-233\chwee kueh\OZW2K0X0UPPHPPNBKY6F9QMO.jpg,chwee kueh,all,-0.5066892659774835
../foodsg-233\durian\RCTAJPMAFY2P7ZMECT2SZ0I8.jpg,durian,all,-0.5066828122641341
../foodsg-233\Papaya\5O6YX5VKSCK56IIDOF0VT930.jpg,Papaya,all,-0.5066690481784212
../foodsg-233\White Bread\S4HDJCZZUPGYCHPL47OEAIKC.jpg,White Bread,all,-0.5066357637627208
../foodsg-233\Mee rebus\FHWX4RG2X4G1UIVU1DOID0L8.jpg,Mee rebus,all,-0.5066339240753976
../foodsg-233\pizza\Q83BAB2EQT0FRZANEZKLB48M.jpg,pizza,all,-0.506614957912744
../foodsg-233\miso soup\E51CUG9YRNL6B05UP6NY67QA.jpg,miso soup,all,-0.5065684923163695
../foodsg-233\singapore sling\J4A4LS0QTH1SR1SKE1F2KVR5.jpg,singapore sling,all,-0.5065612374627517
../foodsg-233\strawberry\MCYXX9MB5UVUYV9MDZ9DFAMM.jpg,strawberry,all,-0.5065354821928206
../foodsg-233\wholegrain pasta\6UF97C8QZJOGHO9F7B5V46TX.jpg,wholegrain pasta,all,-0.5065185963638045
../foodsg-233\watermelon\3VDXEWB0E33Q9BM1BSBPH5T3.jpg,watermelon,all,-0.5065176367826592
../foodsg-233\paella seafood\M1E9THF5LLGR1N2TTFPGZ2OY.jpg,paella seafood,all,-0.5065086005219147
../foodsg-233\blueberries\ESUKSDQ5XZ78IB35OM8G5BDC.jpg,blueberries,all,-0.5065068064125621
../foodsg-233\begedil\JD9SJK9N8HQ3PZT4ZI1BSUT9.jpg,begedil,all,-0.5065056084444187
../foodsg-233\pear\JQ8I701SJ0QOQR0MASPWLG8R.jpg,pear,all,-0.5064420541995274
../foodsg-233\gulai daun ubi\DP6CZ7MLBL0OWB6IQFUN39BR.jpg,gulai daun ubi,all,-0.5064323299413067
../foodsg-233\pineapple\6PFR33K4AFWLNIEFTF9G4L2Y.jpg,pineapple,all,-0.5064242514822552
../foodsg-233\mixed vegetables\UGOAN1JMSQLQW0FHN9PIUKBI.jpg,mixed vegetables,all,-0.5064188691332995
../foodsg-233\Grapefruit\51WS3IU1EL3QC1X9CDYJ8CWO.jpg,Grapefruit,all,-0.50640378829265
../foodsg-233\hokkien prawn mee\6UXAQTYUZCFZUBBD9PN235LQ.jpg,hokkien prawn mee,all,-0.5063990659635687
../foodsg-233\banana\5CO8KG76U192BO6MXY1I80OH.jpg,banana,all,-0.5063934864690393
../foodsg-233\Mee bandung\GB72WKBCH0KOO0TKL2R7WB4K.jpg,Mee bandung,all,-0.5063905432505056
../foodsg-233\durian\UC0QW38KOOKC3ULAXU9XB1DA.jpg,durian,all,-0.5063817343037489
../foodsg-233\sandwich\AMTAENFSEKDRJC2VFUTU0AXU.jpg,sandwich,all,-0.5063404698545502
"../foodsg-233\Rice, korean bulgogi beef\HA0VPXYIEB09L28V5CTDV2FN.jpg","Rice, korean bulgogi beef",all,-0.5063260350541046
../foodsg-233\sambal kangkong\HMTCSVJGBXINT71RA385ZR36.jpg,sambal kangkong,all,-0.5063180599779066
"../foodsg-233\Rice, korean bulgogi beef\AQ66KR7QBRKTUZBRO68IYHT0.jpg","Rice, korean bulgogi beef",all,-0.50630596243936
../foodsg-233\salad\YKS2IDZG8U0FVDGRMCR7A4YB.jpg,salad,all,-0.5062822619922158
../foodsg-233\hokkien prawn mee\IZLT1OJP9I8WULBLGAPFYTUV.jpg,hokkien prawn mee,all,-0.506254591897224
../foodsg-233\cooked brown rice\U3X9FNZSFXM8ZWRN2DC5TX9B.jpg,cooked brown rice,all,-0.5062363127662357
../foodsg-233\watermelon\SP8AJ7XVTD5H21CGORN60BD7.jpg,watermelon,all,-0.5062330699757149
../foodsg-233\parfait\FVUH17S3WFNMZ7885KIX2U01.jpg,parfait,all,-0.5062021352056184
../foodsg-233\popiah\8JTFAYW1ITVN9OF0OE9IY9CM.jpg,popiah,all,-0.5061856913044943
../foodsg-233\bakso\5YCP2BOZLAZCMJ01DCXHXH9T.jpg,bakso,all,-0.5061731903044014
../foodsg-233\orange\SKFJWHXRRWGWBZW9QSVSYHXF.jpg,orange,all,-0.5061687452474507
../foodsg-233\Grapefruit\SGMXFHL8B23PF4LECZ6T35PZ.jpg,Grapefruit,all,-0.5061668293445685
"../foodsg-233\Mee siam, fried\NA5QKA2ML84GD9IL6CHDV3V8.jpg","Mee siam, fried",all,-0.5061498410915202
../foodsg-233\durian\ZTPWG2B8RNAJURE53SBU257V.jpg,durian,all,-0.5061450988441772
../foodsg-233\baked beans\UVZNSJMXIAVTLES0BQR5XB8R.jpg,baked beans,all,-0.5061416603673133
../foodsg-233\Soft boiled eggs\UTKA1N18VBHLE57GPY4Z1VA9.jpg,Soft boiled eggs,all,-0.5061377932404612
../foodsg-233\mixed vegetables\2T8WP0R2GVAC80DCKAACJPDF.jpg,mixed vegetables,all,-0.506115175247059
../foodsg-233\Macaroni\T7ZAIL4RFTXZN0994YZVQECJ.jpg,Macaroni,all,-0.5060962794400149
../foodsg-233\popiah\0LPM7T7MMG7RJAF59B80973D.jpg,popiah,all,-0.506091663977836
../foodsg-233\parfait\CSFQ9N1ZOGTNJZHG2086FMYU.jpg,parfait,all,-0.5060848139325504
../foodsg-233\lychee\097N1297183U00IQZRPFDH4G.jpg,lychee,all,-0.5060807851138752
../foodsg-233\Fruit juice\EJJOYAFOXAYYRQE425436T90.jpg,Fruit juice,all,-0.5060599749061524
"../foodsg-233\Bee hoon, goreng\SB7AI12VGF3EK620ZDLT96QG.jpg","Bee hoon, goreng",all,-0.506024840724561
../foodsg-233\Cucumber\FUMTGHO0LT39D6HKIBKDYK0D.jpg,Cucumber,all,-0.5060190396440531
../foodsg-233\french fries\902CA2V6K73M0UXN4EMS6VYE.jpg,french fries,all,-0.5059630286832913
../foodsg-233\longan\0SXED83LT8MAFH5E23C7Y2WJ.jpg,longan,all,-0.5059511056575535
../foodsg-233\jackfruit\J1QWWN8GVGMAD8BPPXCNF9XK.jpg,jackfruit,all,-0.5059367616071935
../foodsg-233\tacos and nachos\F0VZZ57O9QOK21CB42MQCVK7.jpg,tacos and nachos,all,-0.5058869432947838
../foodsg-233\pitaya\571UAE1JWANSTTVXUG2V7JC4.jpg,pitaya,all,-0.5058678441665729
../foodsg-233\Pomelo\L856YM4491715YN56BL25T6I.jpg,Pomelo,all,-0.5058572479663871
../foodsg-233\vegetable soup\KX3LWP4FW9ILK75YH5686YPY.jpg,vegetable soup,all,-0.5058541662085558
../foodsg-233\chicken masala\NVT6KPILAA79JJYYMK117H5R.jpg,chicken masala,all,-0.5058510780506359
../foodsg-233\longan\7HNG9A993RL36C16WEOLC4JC.jpg,longan,all,-0.5058502411726876
../foodsg-233\siew mai\B3ECE5NAFCBVDZNV57CAR2Q6.jpg,siew mai,all,-0.5058495677098068
../foodsg-233\banana\8ZT2HAMZRG0O1M38VYGBMRNV.jpg,banana,all,-0.5058264512579914
../foodsg-233\chai tow kuay\YP0WSGM057MMLYEHD99Y82JB.jpg,chai tow kuay,all,-0.5058071858941076
../foodsg-233\mangosteen\5F9O1RNRM96Y1ZLA0DM7Z8YQ.jpg,mangosteen,all,-0.5057954811771542
../foodsg-233\tacos and nachos\0RBRTAHGHJAA700EX9DWUXEV.jpg,tacos and nachos,all,-0.5057920613982427
../foodsg-233\corn\22GL6EA3V8REO3YIYJ42CBHF.jpg,corn,all,-0.5057500168707809
../foodsg-233\pear\YVMY73FD2ONMITMY9CH697Q9.jpg,pear,all,-0.5057439518784963
../foodsg-233\har cheong gai\9VHSCKXJR82VL98BS0TOFUBE.jpg,har cheong gai,all,-0.5057343067333362
../foodsg-233\Laksa\GGAMLQG4IBOKY2JC8UTQ1U4R.jpg,Laksa,all,-0.5057260409307553
../foodsg-233\ice cream - vanilla\UING4EDLXR023CHOHW9UQNPF.jpg,ice cream - vanilla,all,-0.5057153455361062
../foodsg-233\Mee soto\C52148MLVM7KT5W9SV96BVKS.jpg,Mee soto,all,-0.5056891477933232
../foodsg-233\guava\YV815KCCY0MXO7L4QTZJICDV.jpg,guava,all,-0.5056882394286029
../foodsg-233\pomegranate\K313VHL5UGCPZXBPATZ12ULI.jpg,pomegranate,all,-0.5056668935866611
../foodsg-233\lasagna\QR3AXHKE8IASAFJUUJTOFM42.jpg,lasagna,all,-0.5056618184087064
../foodsg-233\cooked brown rice\6P74JJY94HEVPV9HHFFQL2E2.jpg,cooked brown rice,all,-0.5056568954465499
../foodsg-233\tiramisu\V4FFAT5T8A3ULP4XL6SBKW1G.jpg,tiramisu,all,-0.5056551082467987
../foodsg-233\Grapefruit\DHDELMM81OO8R3Z6MBBREPX6.jpg,Grapefruit,all,-0.5056405942436146
../foodsg-233\mangosteen\PCX00L8D6GIP8QH37BG4LVYL.jpg,mangosteen,all,-0.5056365975159008
../foodsg-233\jackfruit\26EH2U9OY1TUKSREMK32BX83.jpg,jackfruit,all,-0.5056123914184235
../foodsg-233\Papaya\W0RB3Z2MHBD60JJATQSNJKCB.jpg,Papaya,all,-0.5055873646620249
../foodsg-233\cheng tng\D8ZRQNG8I7QQJ0663Y0XEFKD.jpg,cheng tng,all,-0.505577636595424
../foodsg-233\singapore sling\GGDH4DXFKLZZB7GNC0CW9V0P.jpg,singapore sling,all,-0.5055714551571807
../foodsg-233\cake\YDTFXIRASTA2DXNLAU8KDNNW.jpg,cake,all,-0.5055649527175041
../foodsg-233\har cheong gai\C560S2C1BWTLNR2LDD1B0RLG.jpg,har cheong gai,all,-0.505562671875873
../foodsg-233\pineapple\C5SH6WRL8JS952JANGEF74AF.jpg,pineapple,all,-0.5055215330351741
../foodsg-233\Mee bandung\0TVDFT05CFWYBA249GQDDNGI.jpg,Mee bandung,all,-0.5055052939088841
../foodsg-233\honeydew\50F7EWID7LHPEX7IJ2M8I0FG.jpg,honeydew,all,-0.5055019434000154
"../foodsg-233\Rice, with dakgalbi\F98M0PPM6CUKZSQFQSOARWH3.jpg","Rice, with dakgalbi",all,-0.5055005059847162
"../foodsg-233\Bee hoon, goreng\886OGVZWHIKOCL1EAPCBE0KF.jpg","Bee hoon, goreng",all,-0.5054978710879684
../foodsg-233\egg tart\OC2GIS70ZENTN17LE7R3WQOT.jpg,egg tart,all,-0.5054946459675859
../foodsg-233\french fries\WVK3ZH22C0HTFKHKOY6K4QY2.jpg,french fries,all,-0.5054903086315108
../foodsg-233\pancake\Q4644SUN5MJIGH280LZ0JS4R.jpg,pancake,all,-0.5054901017677276
../foodsg-233\Kueh Salat\Q0U3X7LZFD6ZQP9WW6C47MQ7.jpg,Kueh Salat,all,-0.5054761774410306
../foodsg-233\thunder tea rice\SBZYWXDZFU628I1DS1ILEMIH.jpg,thunder tea rice,all,-0.505435202989447
../foodsg-233\Grapefruit\8L67ALF459L1XFYIXA7ONBKC.jpg,Grapefruit,all,-0.5054319085923987
../foodsg-233\pitaya\NOUIWFQSYORGV3853O14G49O.jpg,pitaya,all,-0.5054241904011129
../foodsg-233\mangosteen\2LLCW745XM8U1A2EIHYFJQXS.jpg,mangosteen,all,-0.5053953390988162
../foodsg-233\raspberry\BDLKDYG85J4I0MOU037TK325.jpg,raspberry,all,-0.5052956746597005
../foodsg-233\cherries\E02IHNGNJJHVX665R5NE6HU9.jpg,cherries,all,-0.5052795996602685
../foodsg-233\tiramisu\W30J4CANWM52K6H9UO5SA5CR.jpg,tiramisu,all,-0.5052616300051828
../foodsg-233\sambal kangkong\4VCCSHGBYHPLIYXRX7ARNNV9.jpg,sambal kangkong,all,-0.5052530751688563
../foodsg-233\lychee\UFHQ00RS9PCDRXY854TGE7SN.jpg,lychee,all,-0.5052475240628134
../foodsg-233\orange\ZNA84YB00D3GFR86BEGNKZBU.jpg,orange,all,-0.5052415547175586
../foodsg-233\Mee bandung\2JZL2J0LGW15CS0ETVFEK1YF.jpg,Mee bandung,all,-0.5052287907455769
../foodsg-233\kebab - beef\WJM9JON6M3BY8T1B4XUJ87EI.jpg,kebab - beef,all,-0.505226101598291
../foodsg-233\french fries\3OS743IBFPEI75OVHQ9LMJY8.jpg,french fries,all,-0.5052238582713948
../foodsg-233\mushroom soup\IN17TXGDSWG3EUR2PRAHC5NC.jpg,mushroom soup,all,-0.5052191924950847
../foodsg-233\wholegrain muffin\NA0F7NMTP9PW1UN4DJ1NCRZE.jpg,wholegrain muffin,all,-0.5052104078021009
../foodsg-233\pizza\M91F2CXIHS3ZVIMJWCV93CCY.jpg,pizza,all,-0.5052087126983904
../foodsg-233\Cucumber\OYB1RAV0EF41H95B0TMILGTE.jpg,Cucumber,all,-0.5052009462362739
../foodsg-233\Grapefruit\723I6V0E3LVLXZ9HORYHFYUB.jpg,Grapefruit,all,-0.5051993482654659
../foodsg-233\kuih bahulu\DQC5PTH2R7N8SIS764M9CEHH.jpg,kuih bahulu,all,-0.5051957894600048
../foodsg-233\durian\DJQGPQURBZPZN88GIJA4PG4L.jpg,durian,all,-0.5051900332916778
../foodsg-233\durian\B9TMOY642S09AI9YTM7M4VN7.jpg,durian,all,-0.5051623584985717
../foodsg-233\pig organ soup\UU4XKXLG58NKDQB613EV6NO9.jpg,pig organ soup,all,-0.505101748293378
../foodsg-233\watermelon\REHNQP7JRC0NL4CIBB96KBEU.jpg,watermelon,all,-0.5051010196886894
../foodsg-233\orange\G81SGSTK2Z38HYYJ6YM4X397.jpg,orange,all,-0.5050935615978949
../foodsg-233\Avocados\49F5JEWP30W4Y3F1HXCTHHJ1.jpg,Avocados,all,-0.5050844222081037
../foodsg-233\pancake\HUBI3RWBO8NOBZYDT0E0JF17.jpg,pancake,all,-0.5050625522222244
../foodsg-233\har cheong gai\SNL68DN39YCSYFT1EBMM59L1.jpg,har cheong gai,all,-0.5050562411178876
../foodsg-233\kueh lapis baked\MALV5H1W4UX5171QUS4397Y4.jpg,kueh lapis baked,all,-0.5050360421101499
../foodsg-233\chicken soup\JXW390ZRVY60SOBUQ9UO92QA.jpg,chicken soup,all,-0.5050319053620282
../foodsg-233\pitaya\0CVNG1K93CC4819WF93KI5MX.jpg,pitaya,all,-0.5049979754796168
../foodsg-233\Nuts\RK7USC23IX1570XQRN8ZETNZ.jpg,Nuts,all,-0.5049849475998445
../foodsg-233\Avocados\CDYJL9H34Y2WGZS88E79MGTR.jpg,Avocados,all,-0.5049694785307506
../foodsg-233\durian\9O506DRB9LZF3Q3ICKJGKZKN.jpg,durian,all,-0.5049661646439951
../foodsg-233\cream soup\SYZK2B819L4SZCKIOYY8F3XP.jpg,cream soup,all,-0.5049619852661738
../foodsg-233\pear\E6E3P36Y46RYPA41WLNOF4FW.jpg,pear,all,-0.5049430137693974
../foodsg-233\oyster omelette\36SGZMXIYE0E3OMMOSFGMFUA.jpg,oyster omelette,all,-0.5049027489931935
../foodsg-233\spring rolls\EEEG6HIJBZR91RR240N4H17R.jpg,spring rolls,all,-0.5048863032242659
../foodsg-233\watermelon\5TKJKT80SH7FRSNHCK9WFPT7.jpg,watermelon,all,-0.5048840206048432
../foodsg-233\wholegrain muffin\LQVIZ352UIET92HTSZAO3HQ0.jpg,wholegrain muffin,all,-0.5048588030794128
../foodsg-233\kaya toast\8BZPSL9WCQM7XARSOXX3GNSK.jpg,kaya toast,all,-0.5048218317787991
../foodsg-233\pitaya\5SNZ5IKVTHIQXLMOYF7A06JQ.jpg,pitaya,all,-0.5047586816243311
../foodsg-233\preserved fruit snacks\PGSBR64LMBCW1B657HH77L2U.jpg,preserved fruit snacks,all,-0.5047579851552407
../foodsg-233\ice cream - vanilla\VRMKW5O81NLF6C8OX6BRRTPV.jpg,ice cream - vanilla,all,-0.5047439210798693
../foodsg-233\Wholegrain Wrap\EVYK5VMC9ACCU5Y8K4TKJLA1.jpg,Wholegrain Wrap,all,-0.5047288544977845
../foodsg-233\Soft boiled eggs\J0C5W07LNE4RKEH6KGOZZL6G.jpg,Soft boiled eggs,all,-0.504718255443981
../foodsg-233\mushroom soup\9X3TWVL43A7M16O6PS103JC5.jpg,mushroom soup,all,-0.5046969080934226
../foodsg-233\Prawn Noodle\3CCJZ5RW9WOZLGUH40ZQVNTO.jpg,Prawn Noodle,all,-0.5046693349786293
../foodsg-233\miso soup\05KZ2SBG3KYUY867ETX34NDK.jpg,miso soup,all,-0.5046534261006997
../foodsg-233\mushroom soup\EF43DPUVVGA2APLKKXH1K598.jpg,mushroom soup,all,-0.5046421617646714
../foodsg-233\satay\E201LMI5HZUSD7VLOAV0976H.jpg,satay,all,-0.5046396951118337
../foodsg-233\tiramisu\C9S0NY58XFN6PNIGK3HXYCLW.jpg,tiramisu,all,-0.5046256398472305
../foodsg-233\chicken masala\4ETLG8PRWBV81GN0U52OOR89.jpg,chicken masala,all,-0.504621174607483
../foodsg-233\mangosteen\Q7VO5OB6VA9IPOA2VTYNE2WU.jpg,mangosteen,all,-0.5046089571286573
../foodsg-233\muesli\LAIRLO8YVPB1U0BK6E4O9JTY.jpg,muesli,all,-0.5046030485115172
../foodsg-233\pancake\ZSH5EUMI9T3GWQL2E2GK6ZDF.jpg,pancake,all,-0.5046030268896357
../foodsg-233\cheng tng\POCLALA3X5XQMH4LKGQ0P9P5.jpg,cheng tng,all,-0.5045957830878576
../foodsg-233\har cheong gai\NA447HFQN7O1QQCVF54EBJM4.jpg,har cheong gai,all,-0.5045862012537023
"../foodsg-233\Mee siam, fried\SW93BYLI40EJI8MJVYQWK1WL.jpg","Mee siam, fried",all,-0.5045859826119099
../foodsg-233\kuih bahulu\FL0ITHBHNGGECICHZHEDISYL.jpg,kuih bahulu,all,-0.5045772938328883
"../foodsg-233\Pilaf, pea\MBI9DXGJYDMKVTGADSSB2HHG.jpg","Pilaf, pea",all,-0.5045744253876361
../foodsg-233\xiao long bao\TYWU9ZBBFQPGRH9XP9BKPC4S.jpg,xiao long bao,all,-0.5045743338485253
../foodsg-233\thunder tea rice\3M80136DXY6412C3W4ZP8W07.jpg,thunder tea rice,all,-0.5045365114374103
../foodsg-233\waffle\82XGPMULVA84YE8692BECBEV.jpg,waffle,all,-0.5045339679016136
../foodsg-233\strawberry\PWX4ZDZCC8WKKZBX7ZFAFAPF.jpg,strawberry,all,-0.5045337379207621
../foodsg-233\lychee\41O218DT8AFG4FH8OKS9HONU.jpg,lychee,all,-0.5045138170173368
../foodsg-233\strawberry\9ZI7ADL7CJ0436YLCPB2PA8U.jpg,strawberry,all,-0.5045096005738167
../foodsg-233\ice cream - chocolate\HCW5UA0H6L24DWV97SQDOF5Q.jpg,ice cream - chocolate,all,-0.5044934376218297
../foodsg-233\durian\QPMSEF1DFCMYRZP6KCDDVF1H.jpg,durian,all,-0.5044870902796303
../foodsg-233\canned Fruit salad\UB9ZFTMWCIG399LW67M4MIGW.jpg,canned Fruit salad,all,-0.5044736518557837
../foodsg-233\longan\EFWKHCSR76VCS698PP6ZXKUL.jpg,longan,all,-0.5044732218846872
../foodsg-233\chawanmushi\TDP788XOEOXQ2XMBPCOEH8D1.jpg,chawanmushi,all,-0.504460755152868
../foodsg-233\mixed vegetables\3B4FVJ8K3CL1GL506Q3CUXCM.jpg,mixed vegetables,all,-0.5044190312669973
../foodsg-233\chai tow kuay\AI5O2QY78Q3E3P5UP6MV0ALS.jpg,chai tow kuay,all,-0.5044104153816595
../foodsg-233\pasta - fettuccine\28I7VXSP7QCYN26QLK1QV3EZ.jpg,pasta - fettuccine,all,-0.5043910988858539
../foodsg-233\cooked white rice\SXAOLYVFS62ISNSYYNU709SF.jpg,cooked white rice,all,-0.5043900742870763
../foodsg-233\jackfruit\LBFST5EYI59ZJ5CUKKFJ35BX.jpg,jackfruit,all,-0.5043786041395829
../foodsg-233\vegetable soup\1EMKPABYFORIUX6K2Y1R22AD.jpg,vegetable soup,all,-0.5043730803394063
../foodsg-233\siew mai\44KA8B8E8YOTA8HYECIMEWOT.jpg,siew mai,all,-0.5043515881271553
../foodsg-233\Kway Teow\TEDG7IOZD58K7V0EI9W7XPUU.jpg,Kway Teow,all,-0.5043457693972512
../foodsg-233\Bibimbap\BD2DWE7MAHYPH29P2OIBNFLM.jpg,Bibimbap,all,-0.5043428191502392
../foodsg-233\pitaya\PNLWZ08BLOJKNKM56JOQBF7M.jpg,pitaya,all,-0.5043375480809364
../foodsg-233\passion fruit\KA4ERUQBT7E8HUJUFZMV2DLP.jpg,passion fruit,all,-0.5043221225344418
../foodsg-233\Udon\ZWQ3TCPCXDKW1CXMBA7RZ4AV.jpg,Udon,all,-0.5042994084627771
../foodsg-233\Grape\I733F5HL78CRL8TRB0I18KB3.jpg,Grape,all,-0.5042906837168165
../foodsg-233\biscuit\H7MLG543N4EMIW8HXXVCD23A.jpg,biscuit,all,-0.5042793753321705
"../foodsg-233\Bee hoon, goreng\PFZCQ4PNX0311XT5I6RQRHZH.jpg","Bee hoon, goreng",all,-0.5042782472308912
../foodsg-233\jackfruit\DEP2WNDTXZ6L8SOD4XD1OXP5.jpg,jackfruit,all,-0.504265406364411
../foodsg-233\chicken masala\LAX5X92TVHC50PUJEARLHSJM.jpg,chicken masala,all,-0.5042486113903532
../foodsg-233\Macaroni\48TQHAVJRIGHT46RUZNR3OF1.jpg,Macaroni,all,-0.5042480431240214
../foodsg-233\pear\HSCDMB0VCAJ6GNWNUAK4KSED.jpg,pear,all,-0.5042366414130152
../foodsg-233\longan\KOOVCKOW9V1SASAT5VIF8F5N.jpg,longan,all,-0.5042354857640731
../foodsg-233\mangosteen\RA2H06GGI4EMQGZZZ6SQUZ1U.jpg,mangosteen,all,-0.5042022182423007
../foodsg-233\paella seafood\Z7WQ5T7OOYDM83GI66JIC5I4.jpg,paella seafood,all,-0.5042008338050219
../foodsg-233\spring rolls\4T48YE4WFQEJB1XBHHTHOR0J.jpg,spring rolls,all,-0.5041941036534229
../foodsg-233\spring rolls\V6T0IYIU0FDQN9LZFH9JNVQD.jpg,spring rolls,all,-0.504174663243501
../foodsg-233\CNY love letter\QTG8BFLT9ZMJJKLNIDPQDC86.jpg,CNY love letter,all,-0.5041510911759842
../foodsg-233\pancake\ASHGAKJK8JMN5PDHTXMQGFLO.jpg,pancake,all,-0.5041262688992811
../foodsg-233\cherries\P1DZXVSKN22WLCUBYJXKZ8GA.jpg,cherries,all,-0.5041251398696167
../foodsg-233\mangosteen\6W2GYTONJSDSYJVUNTVCMO8B.jpg,mangosteen,all,-0.5041245346684587
../foodsg-233\popiah\J34KONDND93Z2NNBHWMTF58B.jpg,popiah,all,-0.5041126135840798
../foodsg-233\kuih bahulu\OX8ABL7Y5XVGI0OMWBZTA8I4.jpg,kuih bahulu,all,-0.504109780167215
../foodsg-233\pizza\5F8U0ZIU0P0BKMTTGUDXRF0G.jpg,pizza,all,-0.504106458539942
../foodsg-233\Apricot\LT35U5KZRQ8HC466D825OKDD.jpg,Apricot,all,-0.5040827610988323
../foodsg-233\french fries\WUQIK4V9MUTG2IYVQEJAA4IN.jpg,french fries,all,-0.5040747662862322
../foodsg-233\pizza\IEP8DSKEOO0QXFG7L3VANZDC.jpg,pizza,all,-0.5040721218372807
../foodsg-233\blueberries\6GWK5SO0KTKNGQ4UHPM02VPU.jpg,blueberries,all,-0.5040657802030515
../foodsg-233\corn\I4GZQNXJQAJXHU9VYQ4MJK46.jpg,corn,all,-0.5040476720222321
../foodsg-233\singapore sling\M7RLEKTKX3OYXR35XOPIORIG.jpg,singapore sling,all,-0.5040428381248189
../foodsg-233\Grapefruit\5C2DYE0BWUTLNP0UVZMAFZ4W.jpg,Grapefruit,all,-0.5040315857561746
../foodsg-233\pear\KDADZ28YUDRTPXJLNIH4C49X.jpg,pear,all,-0.5040313213552466
../foodsg-233\chicken soup\G1ED9QKI0MTPDGKTEJOOBN1Y.jpg,chicken soup,all,-0.504018399282994
../foodsg-233\salad\860WMROFYIHHG9AZEZ397S1E.jpg,salad,all,-0.50401420448709
../foodsg-233\strawberry\L0HL1U5G7L21VVJNR5MSXEC4.jpg,strawberry,all,-0.5040061247697579
../foodsg-233\pasta - fettuccine\MT6MYYC3SA41X96UDL1RE080.jpg,pasta - fettuccine,all,-0.5040026852321526
../foodsg-233\thunder tea rice\ND7D9F99T6ZCKEGEADR97E3F.jpg,thunder tea rice,all,-0.5039991007696396
../foodsg-233\pizza\G8E2DTN5OF065W21NI9VAROH.jpg,pizza,all,-0.5039932811192078
../foodsg-233\blueberries\TN7N4DUYTU1TR3PIBNQDHAWB.jpg,blueberries,all,-0.5039894223271255
../foodsg-233\Kway Teow\Q3OD074TRCMKGXP48V9E1CWQ.jpg,Kway Teow,all,-0.5039839624897487
../foodsg-233\dumpling\33RY5AUNTPOZBZE6EKNX37ZM.jpg,dumpling,all,-0.5039750411540279
../foodsg-233\longan\BXU2H645H6BGL1NF2QZFIM85.jpg,longan,all,-0.5039740551312931
../foodsg-233\pomegranate\LCGHXT91EPUMHLCNALTQJ8OA.jpg,pomegranate,all,-0.5039735917800254
../foodsg-233\Grapefruit\KM6LLTN7WMLM8CK1VE3TW270.jpg,Grapefruit,all,-0.5039683261861463
../foodsg-233\blueberries\SADDM5MPAT16DZNE4GQWA3C0.jpg,blueberries,all,-0.5039601365806827
../foodsg-233\Grape\0HTQFIPBPHM6BR2J2MFRMX4D.jpg,Grape,all,-0.5039446674367694
../foodsg-233\cheng tng\EVHMZ3W0E2RM9ILBKJW1T3BU.jpg,cheng tng,all,-0.5039368898232871
../foodsg-233\xiao long bao\FS7YPAPW7GGPG60RJTRAS3U0.jpg,xiao long bao,all,-0.5039341060996352
../foodsg-233\Grape\NAKH5ZCW1K7V4ELLBO9DLPZU.jpg,Grape,all,-0.503927920197046
../foodsg-233\chicken masala\WWATS52KEP4I1O41AKXWZZBQ.jpg,chicken masala,all,-0.503920144410447
"../foodsg-233\Miso ramen, with fishcake\GANKFPDN3V2IYO3K0VRJHYTH.jpg","Miso ramen, with fishcake",all,-0.5039164319818615
../foodsg-233\pear\1MDNS1AUHJDR5T9UPQO378C2.jpg,pear,all,-0.5039139744553024
../foodsg-233\Apricot\GKPALAGCUAQPHMTQMODK9YE4.jpg,Apricot,all,-0.5039030346322892
../foodsg-233\mushroom soup\BS158N7W4UU2LX55A2RAUDW2.jpg,mushroom soup,all,-0.5039015435589178
../foodsg-233\pasta - fettuccine\PS9V6W0PM9QC4VG65YCDDM4Z.jpg,pasta - fettuccine,all,-0.5038920593189069
../foodsg-233\lychee\7D7WLAICNAVLYE9V3DEC7WOI.jpg,lychee,all,-0.5038655725909574
../foodsg-233\jackfruit\G8IVR2XWC42P5P8L0N2847H9.jpg,jackfruit,all,-0.50386044471515
../foodsg-233\Kway Teow\3CNDO6LXLYK09Q7U3NAYK07R.jpg,Kway Teow,all,-0.5038470125596741
../foodsg-233\passion fruit\G1PU8MTSQW9FQGBG7I2AFWAG.jpg,passion fruit,all,-0.5038440923951395
../foodsg-233\spring rolls\I7HDWQEWZR0H2BJB8FD3Y3OG.jpg,spring rolls,all,-0.5038413243492849
../foodsg-233\spring rolls\9FI10P247MRFXYKHOGA32W5C.jpg,spring rolls,all,-0.5038334847489899
../foodsg-233\strawberry\94J7WDSFJ3H9IJF3O0TQ7P01.jpg,strawberry,all,-0.5038302923395452
../foodsg-233\mushroom soup\ALQSBY1NNSXBRRWDNNUSCIC2.jpg,mushroom soup,all,-0.503828926811254
../foodsg-233\cake\ZNIRMMVBP7VPM475A0PK95CY.jpg,cake,all,-0.5038279418481424
../foodsg-233\durian\DXRKA82IX1LNHVKW95GZO9OG.jpg,durian,all,-0.5038260251035002
../foodsg-233\Kueh Salat\968YRBII8V3JYDDOFQM6YLZ0.jpg,Kueh Salat,all,-0.503810348638899
../foodsg-233\pancake\KG6NSW3EBMS3MQDEWALE0ZOD.jpg,pancake,all,-0.5038047333473414
../foodsg-233\Alcoholic Beverage\0CD25NDWVNO2VJH0KPEIC273.jpg,Alcoholic Beverage,all,-0.5038031625693343
../foodsg-233\corn\0T2OZLZO4BQ275S6GO4M4HZ7.jpg,corn,all,-0.5037886226729817
../foodsg-233\Indian Pancake\1P35J6MOU8T8YUVXGI5NS0UP.jpg,Indian Pancake,all,-0.5037876984837107
../foodsg-233\lychee\TIXDEHYNUQ7CC7ZM03HWBESV.jpg,lychee,all,-0.5037836833449105
../foodsg-233\Kopi Teh Milo\U71HCK18U7ZOXCB7NHHDPMOE.jpg,Kopi Teh Milo,all,-0.5037717963331387
../foodsg-233\Fruit juice\ZK4LOM9DUUOP6YLOP1W61E68.jpg,Fruit juice,all,-0.5037518940308071
../foodsg-233\lychee\JK4N06QKOJET3ZV2JBJD5TE5.jpg,lychee,all,-0.5037497526922617
../foodsg-233\popiah\MH6YVZ10RIRI37JMDKSCNUPP.jpg,popiah,all,-0.5037159631743772
../foodsg-233\watermelon\B8K9Y657FWQLAZSQI8CXGYA7.jpg,watermelon,all,-0.5037130289894199
../foodsg-233\Macaroni\VZ2GK7OT3AFU3YF5NDVHI3MX.jpg,Macaroni,all,-0.5037088820392704
../foodsg-233\banana\OPLW1285EHVW8YV0UY9H3YN3.jpg,banana,all,-0.5037046103794032
../foodsg-233\spring rolls\JQ895GF0HX4OCH7825RIAD7D.jpg,spring rolls,all,-0.5036967685708406
../foodsg-233\kuih bahulu\VG3Q51W6NXS7IDY7HZ1OWFGG.jpg,kuih bahulu,all,-0.503671086353756
../foodsg-233\Mee rebus\7DRIZN94MLLIUCWNT9794WSV.jpg,Mee rebus,all,-0.5036547915398379
../foodsg-233\longan\WUIL0UYC4CD5YSXK1CL6R1KU.jpg,longan,all,-0.5036410331502863
../foodsg-233\longan\SACZ02V9Q954P8QKSWZQ93G8.jpg,longan,all,-0.5036301867741416
../foodsg-233\kebab - beef\1YAN0QPZGNEK54FNM3WGQPDV.jpg,kebab - beef,all,-0.5036167585682623
../foodsg-233\biscuit\780I6PZRQMV54L48XCY9GH4H.jpg,biscuit,all,-0.5035985558314298
../foodsg-233\french fries\HGEDI5AX2C4AZJ5929JFYCDJ.jpg,french fries,all,-0.503597918991887
../foodsg-233\salad\2XDZG34XAMSSJPS5TWTOG0DN.jpg,salad,all,-0.5035968830280059
../foodsg-233\Cucumber\J3WBDNDSBVH4DXIWD6WF0D7F.jpg,Cucumber,all,-0.5035641080736697
../foodsg-233\Apricot\UPCOHFKPLTNQ4HYHULX8UXKI.jpg,Apricot,all,-0.5035640217490075
../foodsg-233\longan\XH4RE4A6JVMHJDJT28K6W3JS.jpg,longan,all,-0.5035618195229012
../foodsg-233\sushi\Q53I9OIPHWMSGDAS1S2N1GB1.jpg,sushi,all,-0.5035508773051185
../foodsg-233\White Bread\RGVSXQ09L2G5IEJCOHH0LNGK.jpg,White Bread,all,-0.5035323006339151
../foodsg-233\honeydew\WHH6IHP5DL7R2XQKM6DZJKEP.jpg,honeydew,all,-0.5035294962365197
../foodsg-233\Hor Fun\3NOHQKDTU27XKU2ZF0A5BDFZ.jpg,Hor Fun,all,-0.5035294781743197
../foodsg-233\salad\ZA9J53FN679GYCK822GA00BU.jpg,salad,all,-0.503523623362767
../foodsg-233\cream soup\9FB96DM10D1TM0FOYPNFXO3B.jpg,cream soup,all,-0.5034997042876721
../foodsg-233\pitaya\UJOKJ4I9JL50HFIMWLWGT7M1.jpg,pitaya,all,-0.5034980227225109
../foodsg-233\chawanmushi\0X6EW6QA7RS5NV3YRSZDCRZZ.jpg,chawanmushi,all,-0.5034896873433762
../foodsg-233\honeydew\SMSJ0OH9LDORD85791QPOLTR.jpg,honeydew,all,-0.5034511163731766
../foodsg-233\jackfruit\L8EFZQ1HX0YWH0HQDU5Z2BT6.jpg,jackfruit,all,-0.5034440910004785
../foodsg-233\whole oats\EWJ7MSWA8ZXNQP387KRWXC6T.jpg,whole oats,all,-0.5034392087838054
../foodsg-233\kuih bahulu\TZ7YEBEVVG6IGP1S0ET7OOGD.jpg,kuih bahulu,all,-0.5034322455933229
"../foodsg-233\Pilaf, pea\AL4ZENBMRNDO0BAOYZ45OH92.jpg","Pilaf, pea",all,-0.5034272666777557
../foodsg-233\salad\1N0BDVH6A9AWEMWH65J3Q7GX.jpg,salad,all,-0.5034119410540572
../foodsg-233\sausage rolls\RQVZUPX5QV00HTVN350SDRW2.jpg,sausage rolls,all,-0.5033988068163819
../foodsg-233\Wholegrain Wrap\O67URHVK483NV58H6JZJWSJA.jpg,Wholegrain Wrap,all,-0.5033958826866617
../foodsg-233\watermelon\VWKDOGVXSQF8L18REIIZIJMB.jpg,watermelon,all,-0.5033768039497365
../foodsg-233\Mee rebus\8P6KAZ63WX5WH18K6Z6L0XNQ.jpg,Mee rebus,all,-0.5033536170489268
../foodsg-233\parfait\0D85V62P9VMK1G56U4ZTFV9Y.jpg,parfait,all,-0.5033536071162132
../foodsg-233\Bubble Milk Tea\013U2K5E6TLXKAV89IILEZP2.jpg,Bubble Milk Tea,all,-0.5033275654595721
../foodsg-233\chawanmushi\P1IWO2XFTQNYM520TNPP3XX9.jpg,chawanmushi,all,-0.5033029254012316
../foodsg-233\Soursop\HXKUNJ3MUVTL582NLBXEOZD8.jpg,Soursop,all,-0.5032998484352839
../foodsg-233\Snacks and Chips\1EWPE7SW3C18IRUCZWH3Q4K4.jpg,Snacks and Chips,all,-0.5032767545741006
../foodsg-233\Kway Teow\M22W5CUY8T7EKWNFH60TB9QX.jpg,Kway Teow,all,-0.5032757665034616
../foodsg-233\banana\2DW4R31TG89EHUZWGB0VFHCM.jpg,banana,all,-0.5032678060716685
../foodsg-233\chicken rice\ANCH9843P35PLCD33YE8S9DL.jpg,chicken rice,all,-0.5032418502509933
../foodsg-233\cream soup\7EVME06TU07D4DYKAMI8ENV2.jpg,cream soup,all,-0.5032404991474884
../foodsg-233\satay\K1NYDOG1J77YL377IVXPWHSP.jpg,satay,all,-0.503218925422683
../foodsg-233\mangosteen\ITZDAP1JDJ7BLWR5JLNJTMZB.jpg,mangosteen,all,-0.5032188842233375
../foodsg-233\rojak\LBUS6ANND1DPZJBEKXD7H9CB.jpg,rojak,all,-0.5031966915456481
../foodsg-233\banana\NCKZSUIRVB66WQLMVEC8UA3Q.jpg,banana,all,-0.5031926969558865
../foodsg-233\banana\31C23K46CXE2H3U1YN0DLPN2.jpg,banana,all,-0.5031842391915442
../foodsg-233\Fried Noodles\HS38UFVS4BK0WSPABUNJ56VG.jpg,Fried Noodles,all,-0.5031763942727943
../foodsg-233\fried rice\OGBCSEVOQUOHGQ52B6FFPZ23.jpg,fried rice,all,-0.5031561126381635
../foodsg-233\honeydew\BX280RPL64NWDRTN6CV9CDMJ.jpg,honeydew,all,-0.5031327360638432
../foodsg-233\Macaroni\JUB7CR4YGMJC7ADTA6X530D8.jpg,Macaroni,all,-0.503130095249605
../foodsg-233\Grapefruit\WHPF7EN8Z9LJBILWZRKSB1AV.jpg,Grapefruit,all,-0.5031127991532416
../foodsg-233\Nasi pattaya\LY6TW6TQ6KQMISWAXB7RAKYU.jpg,Nasi pattaya,all,-0.5031120174740616
../foodsg-233\ice cream - chocolate\AXW6CG4YML1T6A10YL70FCT2.jpg,ice cream - chocolate,all,-0.503095655967017
../foodsg-233\Lor mee\QPNFZXBG84OGHYP6S5NT3KLL.jpg,Lor mee,all,-0.5030828092334066
../foodsg-233\cherries\RBBH8IXT6U8VMBH6NC5PQTFI.jpg,cherries,all,-0.5030802949610779
../foodsg-233\singapore sling\XYBY1A8720XEW5IQ3YHFFMY4.jpg,singapore sling,all,-0.5030573179994141
../foodsg-233\tandoori chicken\LZGWNKIHR2YSHHH5LJLUX30G.jpg,tandoori chicken,all,-0.5030544572339061
../foodsg-233\french fries\G1YB6TEO24YYET0CDULWF7MR.jpg,french fries,all,-0.5030501684978511
../foodsg-233\pineapple\UTS0G4A8WQ1CI8QUBP6G1PGH.jpg,pineapple,all,-0.503016592666945
../foodsg-233\cereal prawns\1Q77TE5EJJTDMP9X604KNEPQ.jpg,cereal prawns,all,-0.5030149038072125
../foodsg-233\satay\1X5K06JBPFIUCHBX5AFU7IGS.jpg,satay,all,-0.5030018135711127
../foodsg-233\tiramisu\ORXI45HKSY1ZIKQFC2Q4B6N4.jpg,tiramisu,all,-0.5030017465484843
../foodsg-233\chicken soup\KNX82RLYJKX1D9U30N5LT3DT.jpg,chicken soup,all,-0.5030000254813984
../foodsg-233\Mee soto\8FVN5MQQHMQTXUZRY9OF5065.jpg,Mee soto,all,-0.5029717480155022
../foodsg-233\durian\EKFBIPZ7FMXTXOLFHCBUS3MH.jpg,durian,all,-0.5029602611934086
../foodsg-233\durian\5H4MVW1R9CJ53URD2TONFBDW.jpg,durian,all,-0.5029296984487523
../foodsg-233\durian\736ZN39GUB4ZMLSEZ1399JH4.jpg,durian,all,-0.5029204692197294
../foodsg-233\passion fruit\0PU950Z1398MU8WM85ER7ZJ1.jpg,passion fruit,all,-0.5029135342810763
../foodsg-233\ice cream - chocolate\SVDQOEOERF8L2VXTKB0W99QH.jpg,ice cream - chocolate,all,-0.5029056488156649
../foodsg-233\banana\41JWOMXE7HO1L86UQPJ6DGGB.jpg,banana,all,-0.5028945681500903
../foodsg-233\siew mai\CXEQ2JSRWBQOA2Z6GIOB6SHI.jpg,siew mai,all,-0.5028871490612956
../foodsg-233\drunken prawn\ST5JNMGYM5Y90ZWSZY8C8G55.jpg,drunken prawn,all,-0.5028839465164843
../foodsg-233\cereal prawns\7D3DE0UCQBU6PNO8L386KK5A.jpg,cereal prawns,all,-0.5028791547863534
../foodsg-233\Cucumber\PG4EC2Z8RG91S5PJU0QAQG1W.jpg,Cucumber,all,-0.5028621509238934
../foodsg-233\mushroom soup\L9UBJ0LBPLP292RH4977OYUL.jpg,mushroom soup,all,-0.5028551685298566
../foodsg-233\Papaya\IP05TOTE7OVTSKGVKM72COX2.jpg,Papaya,all,-0.5028350997078503
../foodsg-233\honeydew\HD38YG8GUVY45LAUUS6ML42D.jpg,honeydew,all,-0.5028305740893738
../foodsg-233\corn\86O8ULUF2ZG7AF4ISCH6CS6M.jpg,corn,all,-0.5028246371436575
../foodsg-233\ice cream - vanilla\4B8CPOMNWYXU4VQOAOVA4WNP.jpg,ice cream - vanilla,all,-0.5028224802748719
../foodsg-233\cooked white rice\SJQVCB1YBM49OQNCIF9KLAP4.jpg,cooked white rice,all,-0.5028195612334518
../foodsg-233\blueberries\0HX7Y64GSBUK1P2OFBRU0CZ4.jpg,blueberries,all,-0.5028060648234007
../foodsg-233\pasta - fettuccine\7PN7ZNCWUGCTLMT5L1DU04HA.jpg,pasta - fettuccine,all,-0.5028037752649939
../foodsg-233\popiah\M6JBTVQ9LT62LPC1ZFFRQSB9.jpg,popiah,all,-0.5028017208001063
../foodsg-233\cherries\7V0BARGBQT7OB6DKU0LPE0EH.jpg,cherries,all,-0.502795515011547
../foodsg-233\blueberries\4MNQ8CM5H2J8RU3IVO7825AQ.jpg,blueberries,all,-0.5027925016042596
../foodsg-233\Grape\T8A1BM8Q5GJXPEEQH9DLLHJM.jpg,Grape,all,-0.5027725986011377
../foodsg-233\Grape\CKJHMR1OE6IXSEBAVFJ61NGR.jpg,Grape,all,-0.5027640628928439
../foodsg-233\honeydew\3F4CYBUBGF49I8H6AC7LXZHY.jpg,honeydew,all,-0.5027525828268655
../foodsg-233\yam rice\IZOJQ07AAH2C0G5G95HXRGZ3.jpg,yam rice,all,-0.5027260099207695
../foodsg-233\guava\W83HODV5PS1W6X15WQNOXEEH.jpg,guava,all,-0.5027054890136526
../foodsg-233\White Bread\38UEGL3ZSQZNIUJUE2G88E0Y.jpg,White Bread,all,-0.5026801786283401
../foodsg-233\Kway Teow\UB1L3KJJAOGB2ZONQMIM0B3L.jpg,Kway Teow,all,-0.5026718385463969
../foodsg-233\chwee kueh\8BBB23EOT05EP8WU8B6EB6B0.jpg,chwee kueh,all,-0.502667923918278
../foodsg-233\hokkien prawn mee\YAOD67VR8YYBI832SALZSV03.jpg,hokkien prawn mee,all,-0.502658950718742
../foodsg-233\watermelon\IIVLPLNRNQ3S15EHPTFS9NLK.jpg,watermelon,all,-0.5026571428215896
../foodsg-233\bak kut teh\5WLWTBVFV3W63OWI30IU46J0.jpg,bak kut teh,all,-0.5026571011523279
../foodsg-233\pineapple tarts\DNEL3K9MYRIEC75HVTLYEQMC.jpg,pineapple tarts,all,-0.5026387399897954
../foodsg-233\bakso\QD6C1N0KCJG8WG72TFMWEZAZ.jpg,bakso,all,-0.5026356270786588
../foodsg-233\Soursop\MSMB62XF49KUDORPSY96KUCB.jpg,Soursop,all,-0.502596420045252
../foodsg-233\steamed grouper\N5JV4LJDEFG3NLYT6V4RTFKL.jpg,steamed grouper,all,-0.5025882586563722
../foodsg-233\steamed buns\M67JDMLXYUQ6Q66R6SUY0SSC.jpg,steamed buns,all,-0.5025777450304963
../foodsg-233\Porridge\EYFYLZY4O736X3OLTGD38614.jpg,Porridge,all,-0.5025743471972913
../foodsg-233\whole grain bread\WG745XAAQ79RXVZDVDXGN4SQ.jpg,whole grain bread,all,-0.502562382413078
../foodsg-233\sambal kangkong\7DH3T7I6ZB7ZR3HJ7RX2V5IP.jpg,sambal kangkong,all,-0.5025474202618962
../foodsg-233\Papaya\XC6ZAMB51UOIUQ4O0AII1QXT.jpg,Papaya,all,-0.5025435240995357
../foodsg-233\chicken masala\MBMXQP2T0YB9GPLBGRJU64TY.jpg,chicken masala,all,-0.5025390736042791
../foodsg-233\banana\EQLZ7TY8XW9XNPWF0X25M90T.jpg,banana,all,-0.5025335946872116
../foodsg-233\pomegranate\MMBX53KRWO2DZBROTXGXSDT0.jpg,pomegranate,all,-0.5025215933471494
../foodsg-233\tau suan\BKZE6HOEWWROTUIUSMLLDLS9.jpg,tau suan,all,-0.5024789004411238
../foodsg-233\pasta - fettuccine\2ATNZ0O8NJQNYCOSDD5A5HSA.jpg,pasta - fettuccine,all,-0.5024754304790994
../foodsg-233\pasta - fettuccine\43XQ07WJSUF7HCVCMM9T6ME1.jpg,pasta - fettuccine,all,-0.5024422720366374
../foodsg-233\banana\R1G6VXLBMB1YRM8YT7YLWMUO.jpg,banana,all,-0.5024403727886981
../foodsg-233\Pomelo\46C1A5OSG17ZNHCH6OYEM8YQ.jpg,Pomelo,all,-0.5024220294788727
../foodsg-233\lontong\603SC1DEJ4I0VEA098OEZM55.jpg,lontong,all,-0.5024073371256644
../foodsg-233\mango pudding\HY6JLH2AFY6NHHOJ8L2VHEA4.jpg,mango pudding,all,-0.5023966614503254
../foodsg-233\oyster omelette\UHZ8BIBFGN9ZQS0RTUVXIU9A.jpg,oyster omelette,all,-0.5023826981777882
../foodsg-233\tumpeng\38NATK36485Y0JHZJ8QDAPT4.jpg,tumpeng,all,-0.5023536207121129
../foodsg-233\strawberry\SDR9VQW24B1PBVE2QZI27HIS.jpg,strawberry,all,-0.5023453126142383
../foodsg-233\strawberry\SDEL90RYTPDROJYVIFBX11CI.jpg,strawberry,all,-0.5023137893991295
../foodsg-233\kueh lapis baked\Q9R007CNNLBH106EXBECFG3U.jpg,kueh lapis baked,all,-0.5023125901782245
../foodsg-233\hotplate tofu\0OCK12ILPO8RY1B9DZYS0IT2.jpg,hotplate tofu,all,-0.5023079796218727
../foodsg-233\Indian Prata\OCO36THZIZ8M4VRDIPQOD1QI.jpg,Indian Prata,all,-0.5023077330257131
../foodsg-233\Snacks and Chips\78C7ZBSPWWDWQ8LXUV47ARWE.jpg,Snacks and Chips,all,-0.5023018528478317
../foodsg-233\cooked brown rice\MWEYKJEPFJKO8WZSS0EIP7HZ.jpg,cooked brown rice,all,-0.5022886965541874
../foodsg-233\ice cream - vanilla\6NXR47S8DIPHIO36WPL4VPE8.jpg,ice cream - vanilla,all,-0.5022789526651672
../foodsg-233\fish head curry\5A1OM2R9QXPPN5LZ6F78KCJK.jpg,fish head curry,all,-0.5022638355499095
../foodsg-233\Wholegrain Wrap\2R3PD5QSS9EROFMD6M8UYP2L.jpg,Wholegrain Wrap,all,-0.502262404072173
../foodsg-233\pitaya\6NLCEX98RBPLCNY4M0UMR7PB.jpg,pitaya,all,-0.5022533580157243
../foodsg-233\Mee bandung\71778QA21SVFWCKCIYYQEPAL.jpg,Mee bandung,all,-0.502246993252974
../foodsg-233\waffle\8FRS8NI4UL5F20YJIZVR51DG.jpg,waffle,all,-0.5022384547557953
../foodsg-233\White Bread\AW2UMPWOS4SK3ESOY1Q5BJ54.jpg,White Bread,all,-0.5022334349639522
../foodsg-233\blueberries\PV4I5JWHRKHOPNVV5UO8SSO8.jpg,blueberries,all,-0.5022274426238479
../foodsg-233\baked beans\4QIPB39I8XYNZLVEYXVY0F3H.jpg,baked beans,all,-0.502223111956075
../foodsg-233\singapore sling\NYF1GJKX4E4W4MTGMZJ33A3I.jpg,singapore sling,all,-0.5022129018403316
../foodsg-233\pasta - red sauce\0K6N3D0H4UB4Y8WIIZKWTH9Z.jpg,pasta - red sauce,all,-0.502205049085106
../foodsg-233\Mee goreng\O3NG6F9ID50BC3VF2VVWMPKM.jpg,Mee goreng,all,-0.5021967559744506
../foodsg-233\mangosteen\TG8RD7I5XKNYE24ZUGHGDY47.jpg,mangosteen,all,-0.5021917586619367
../foodsg-233\longan\17VM9QXPMOV6RUCNPTTR3E0U.jpg,longan,all,-0.5021891135877747
../foodsg-233\banana\MOQDPXE7U62FJNHXJP9MK75H.jpg,banana,all,-0.5021726153534177
../foodsg-233\spring rolls\EYSTFE8SZB07URKU5TJ1C7KT.jpg,spring rolls,all,-0.5021708229437374
../foodsg-233\Grapefruit\1FQYJOWOF87U4RCB4REYZBJV.jpg,Grapefruit,all,-0.5021307997938915
../foodsg-233\passion fruit\I6GY6IQG0SQ9VVAVXZXDV4DG.jpg,passion fruit,all,-0.5021266376718163
../foodsg-233\whole grain bread\D3YJ3225GVM54N957XVQI2L9.jpg,whole grain bread,all,-0.5021030697682836
../foodsg-233\Cucumber\UETCT93PLJDJ08L6Q17YRA2W.jpg,Cucumber,all,-0.5021021382877349
../foodsg-233\passion fruit\JTHLRXR3E7IG7QXCF7C0MFNO.jpg,passion fruit,all,-0.5020917546380602
"../foodsg-233\Pilaf, pea\OY3V7LGRSSF9KLP00KII7N4M.jpg","Pilaf, pea",all,-0.5020855029899831
../foodsg-233\Soursop\PA4BIYCI534KIZ2VLA9DX2VY.jpg,Soursop,all,-0.5020721862378138
../foodsg-233\cooked brown rice\8HPY4NBW560GUPKHVLCDDUXC.jpg,cooked brown rice,all,-0.5020698198690086
../foodsg-233\kway chap\E5WILPNIS0KHDSXJQUWMG6U7.jpg,kway chap,all,-0.5020696232912221
../foodsg-233\cherries\UK4EK3158GDKALBI97BHSK2Q.jpg,cherries,all,-0.5020676774647116
../foodsg-233\White Bread\72I8TKS769KF2ZJXSJBTUSB2.jpg,White Bread,all,-0.5020517713724496
../foodsg-233\Bibimbap\O38FE3CE49MTAQNRZRELH631.jpg,Bibimbap,all,-0.5020508244543272
../foodsg-233\cooked white rice\E3BU65TNMTR58G8Y3A1222H6.jpg,cooked white rice,all,-0.5020464809708617
../foodsg-233\bak kwa\6LSOC01LOIZ1ILZI40IYE29B.jpg,bak kwa,all,-0.5020242729046026
../foodsg-233\murtabak\DELZVW5GF13EA7UNUGT4FVZL.jpg,murtabak,all,-0.5020090575448686
../foodsg-233\Nuts\897SC0BVN6MARLHXNZ02C7Z1.jpg,Nuts,all,-0.5020070686043865
../foodsg-233\Wholegrain Wrap\4GQ6W6KNVQCWTY2658CYCFG3.jpg,Wholegrain Wrap,all,-0.5019867351388263
../foodsg-233\strawberry\6AHW9D2LQ9M2T7V0DVGPJEBR.jpg,strawberry,all,-0.5019758478197088
../foodsg-233\Macaroni\3YQQ7YXLL583R775FIC9JU6U.jpg,Macaroni,all,-0.5019749404850046
../foodsg-233\Grape\PFJU8YOIGWGNFL8K06QS35DQ.jpg,Grape,all,-0.5019740695929784
../foodsg-233\thunder tea rice\L7KL3JPQGTDTO0HMJAM16UA8.jpg,thunder tea rice,all,-0.5019706971141388
../foodsg-233\longan\RF3QY15P96KURIJACFQM8SX4.jpg,longan,all,-0.5019697927836532
../foodsg-233\Grapefruit\UKB5TSN4S5H2F2ODD70SA02T.jpg,Grapefruit,all,-0.5019636952658322
../foodsg-233\Grapefruit\1WJ7H80X8DR82IFL2X3HQ4IM.jpg,Grapefruit,all,-0.5019573501833374
../foodsg-233\kebab - beef\CCVHT200L81FQ0FFAW82QRKH.jpg,kebab - beef,all,-0.501922540816069
../foodsg-233\canned Fruit salad\31YX3MD9MXA7SUS0S6DHQ64Z.jpg,canned Fruit salad,all,-0.5019185947266215
../foodsg-233\Soursop\TVLDLVA99T388LA55NKJOPRT.jpg,Soursop,all,-0.5019166350153215
../foodsg-233\tiramisu\FMTL2YF2R5L9XB1B0IWUHUHF.jpg,tiramisu,all,-0.5019124397586799
../foodsg-233\pasta - fettuccine\VIAVHZ18QBF7VFC3XQ52PJJR.jpg,pasta - fettuccine,all,-0.5019100395206986
../foodsg-233\pomegranate\UWF7RX5D3JD94MF26Y1KSW8X.jpg,pomegranate,all,-0.5018890183552609
../foodsg-233\blueberries\NDCSV3LQ4FAU7FQLN28EQF6O.jpg,blueberries,all,-0.5018849755667464
../foodsg-233\breakfast cereal\SB8DVYX1S1BND77D22TP8YBY.jpg,breakfast cereal,all,-0.5018583620284077
../foodsg-233\tandoori chicken\CHA5D9NIMQ5DUPZADET7I7NN.jpg,tandoori chicken,all,-0.5018519606576489
../foodsg-233\fried prawn\R99NXUVH4502XNN1PJTXMBY2.jpg,fried prawn,all,-0.5018448190005602
../foodsg-233\cherries\I4R1UYNPAF6KGI8ARVHNWK1L.jpg,cherries,all,-0.5018322161100467
../foodsg-233\vadai\E4TS85MZPCOBVA4685I9P3R0.jpg,vadai,all,-0.5018184441868433
../foodsg-233\pasta - fettuccine\T8XJ7NAT7X0PYXGGO3N33LLC.jpg,pasta - fettuccine,all,-0.5018170065174729
../foodsg-233\cherries\6LB1BURUT6W85RJR5LG1RI8C.jpg,cherries,all,-0.5018138642103719
../foodsg-233\passion fruit\0PY82LPP38B0NJ4EU582CP2A.jpg,passion fruit,all,-0.501811114437842
../foodsg-233\pomegranate\X27WQYU52JPPLHQNVM9HP328.jpg,pomegranate,all,-0.5018065303697579
../foodsg-233\green leafy vegetables\4TBEWJOODGI135ALKM8NE0A9.jpg,green leafy vegetables,all,-0.5017941952295006
../foodsg-233\Soursop\HRGEUOQ3UWBDI08EHO7WHJLP.jpg,Soursop,all,-0.5017922852169963
../foodsg-233\honeydew\QP5EDI84G9L2852AMNKG20EI.jpg,honeydew,all,-0.5017879216462919
../foodsg-233\longan\BKEZ175EFGEOCCBGK7AAIKTP.jpg,longan,all,-0.5017814486520145
../foodsg-233\kueh lapis baked\MD7LXKTTZ361XSLGRIN02WZW.jpg,kueh lapis baked,all,-0.5017644272898613
../foodsg-233\passion fruit\AV5QOV7G64P1WD4XI0H4MZXE.jpg,passion fruit,all,-0.501734134657124
../foodsg-233\lamb chops\6ETRLGETZHY6OFZPM3YO7LOV.jpg,lamb chops,all,-0.5017340040539657
../foodsg-233\tiramisu\NWJGMGERMBCZYNUAAQOT1K2L.jpg,tiramisu,all,-0.5017323681294045
../foodsg-233\pineapple\JRNDKBE2NHZG3RXNWC3MVFWE.jpg,pineapple,all,-0.5017251003376886
../foodsg-233\egg tart\30Q6H60C0O1MINFT3SKF6B9Q.jpg,egg tart,all,-0.5017088028760874
../foodsg-233\cooked white rice\FII9CVSHXNFTKPQ0KNTOWRHB.jpg,cooked white rice,all,-0.5017062144468094
../foodsg-233\Mee siam\LWDBIP8PKRDC9IWPJNWNQUUM.jpg,Mee siam,all,-0.501689617667656
../foodsg-233\vadai\KZASKIM3N6EGGIHIGZDXHTPV.jpg,vadai,all,-0.5016870365736281
"../foodsg-233\Bee hoon, goreng\V3SZR0E4RUSHGQ8GVJGK70GZ.jpg","Bee hoon, goreng",all,-0.5016849457930528
../foodsg-233\Wholegrain Wrap\XS3YQER5KYGCHZH5DUNKI59A.jpg,Wholegrain Wrap,all,-0.5016831312923176
../foodsg-233\egg tart\ISTJNVBCGEQB7MN6287OUEU5.jpg,egg tart,all,-0.5016726358235309
../foodsg-233\Udon\EPMO7C9MDPBRW4NWVP4UXFRC.jpg,Udon,all,-0.5016513567398316
../foodsg-233\cream soup\UPQ7H8F17M2UV2VDXAWFVB5T.jpg,cream soup,all,-0.5016457730352772
../foodsg-233\Avocados\UAVU49IF5PKNNEBII8UP0V4J.jpg,Avocados,all,-0.501637635305077
../foodsg-233\Apple\E3DZDMSAMLPS6657O67AJXCI.jpg,Apple,all,-0.5016329066933299
../foodsg-233\cake\PMMKQUFP3AU49RG1YPH98ENL.jpg,cake,all,-0.5016184233254657
"../foodsg-233\Miso ramen, with fishcake\BO319JA3VFC9LK67TPD9ZYVN.jpg","Miso ramen, with fishcake",all,-0.5016023440025373
../foodsg-233\steamed grouper\XFNKYDMMKU1T4N5HUJ62N4IT.jpg,steamed grouper,all,-0.501596050590681
"../foodsg-233\Pilaf, pea\J6JTLEBMCAAH8481MAHPURX5.jpg","Pilaf, pea",all,-0.5015939500275801
../foodsg-233\Chocolate\FQ38MXGEA78PYO4769FP8FCQ.jpg,Chocolate,all,-0.5015858812816116
../foodsg-233\Ban Mian\I0RL04EF2FL2GV5H7TG1N5J9.jpg,Ban Mian,all,-0.5015700638290335
"../foodsg-233\Bee hoon, goreng\WBQ3LN5ARTDXAT186Q8HWVJL.jpg","Bee hoon, goreng",all,-0.5015587728879539
../foodsg-233\Mee goreng\DIB9LRVYXMWXQJZZRBOXKWAD.jpg,Mee goreng,all,-0.5015224047896418
../foodsg-233\cake rolls\P7VPV395W6RA2JMOZUG3H2IP.jpg,cake rolls,all,-0.5015150365559375
../foodsg-233\beef noodle soup\VZJR2511YFX0HLMBBLIDKGV8.jpg,beef noodle soup,all,-0.5014912900658355
../foodsg-233\sambal\QIUYJ4WFLMMAT3KIPJBVAF02.jpg,sambal,all,-0.5014897872514591
../foodsg-233\vegetable soup\QS3FE7WI0GMX3X6XXSEVY6PR.jpg,vegetable soup,all,-0.5014869195554431
../foodsg-233\Kway Teow\JYZZZ0TR4PNR1BSZRMNGDJLJ.jpg,Kway Teow,all,-0.5014735564775958
../foodsg-233\honeydew\6JWXEH62S19L7GJOL1JTPL2E.jpg,honeydew,all,-0.5014728508524309
../foodsg-233\mixed vegetables\OSIA84DRMG9WJXEN6BUQZD9E.jpg,mixed vegetables,all,-0.5014695030667047
../foodsg-233\Kueh Salat\AVLE6OVJGEP26B5DX7JO63Z3.jpg,Kueh Salat,all,-0.5014689224699028
../foodsg-233\Bubble Milk Tea\RUN96TTL3R24PU63TODNR4TJ.jpg,Bubble Milk Tea,all,-0.5014436071410643
../foodsg-233\chai tow kuay\ZQCY5JL350EWYQANEEC5BHW6.jpg,chai tow kuay,all,-0.5014237184786879
../foodsg-233\mangosteen\M7PQTUUBDYTMAC6IVFH7IZVR.jpg,mangosteen,all,-0.5014115389836693
../foodsg-233\mee pok\4G9I0ATFJ8WW2PFFQRH5EHD9.jpg,mee pok,all,-0.5014080491316414
../foodsg-233\char siew pau\FZNRDMV6P1KA7EB0CEMTFDK9.jpg,char siew pau,all,-0.5014054198496385
../foodsg-233\singapore sling\365OLVPDLX4DPEZJH361H4RN.jpg,singapore sling,all,-0.5013751418016373
../foodsg-233\cream soup\113OW31RVDXJFUB89KINMHNC.jpg,cream soup,all,-0.5013491821002446
../foodsg-233\honeydew\B9HT1MH6L8OZNQA3R57K15PY.jpg,honeydew,all,-0.5013380997264004
../foodsg-233\sliced fish soup\6QAPV1GCTNZZY1VP7QVCGOZT.jpg,sliced fish soup,all,-0.501316747738975
../foodsg-233\pasta - fettuccine\H0VBJGNTXTG562CIRKJFSMJB.jpg,pasta - fettuccine,all,-0.5013153765917729
../foodsg-233\cheng tng\5LUONQ8V6E2THR6R49BVO3LA.jpg,cheng tng,all,-0.5012992130649085
../foodsg-233\muesli\TEHIFU8IZ7WLQO1XOU87S5JY.jpg,muesli,all,-0.5012971453638922
../foodsg-233\satay bee hoon\3UYLW27PRK5VD7VQUZY2DAEU.jpg,satay bee hoon,all,-0.5012844594805511
../foodsg-233\Soursop\Y82Z4O4K83XV3ETUE1KQRBFF.jpg,Soursop,all,-0.5012689625644265
../foodsg-233\Dumpling noodle soup\PI3ZEXPG2TM1WE13YZD9BVKG.jpg,Dumpling noodle soup,all,-0.5012667516169066
../foodsg-233\cooked brown rice\T0ANPXRROKZTQOE5I3U54EK3.jpg,cooked brown rice,all,-0.5012562272878687
../foodsg-233\strawberry\28Q2ZD1FXIPV7A6VCQOYBAFU.jpg,strawberry,all,-0.5012542295655122
../foodsg-233\beef noodle soup\T3BPC1XETQZ89SL5H5O8IJOA.jpg,beef noodle soup,all,-0.5012494855732981
../foodsg-233\muesli\N7TX5KERP5JY1MTZH9BU1TML.jpg,muesli,all,-0.5012443397431994
../foodsg-233\beef noodle soup\A59KW0AJ6YMD7IS2LLXUNKH8.jpg,beef noodle soup,all,-0.5012393236553025
../foodsg-233\guava\34WRCA1KCSZMGIMOAD3A7770.jpg,guava,all,-0.5012029909953265
../foodsg-233\vegetable soup\WW1SWY070DM2MB1HJTDQ4FKZ.jpg,vegetable soup,all,-0.5011942411406911
../foodsg-233\cream soup\NID3RJT1OUTHIB1ZJWL0HYC5.jpg,cream soup,all,-0.5011798069612573
../foodsg-233\longan\0X2TYX4W1KW25RLSXFQEBHC9.jpg,longan,all,-0.501176528788828
../foodsg-233\Kway Teow\U5QS6MLZCG3O0USCE8D50MVC.jpg,Kway Teow,all,-0.501147716367037
../foodsg-233\Kway Teow\LDMID3Y6G7C6NMLVEBPQXW6Q.jpg,Kway Teow,all,-0.5011438585672271
../foodsg-233\wholegrain muffin\RJHQWLNLPUA0JVP68Q7ML8PN.jpg,wholegrain muffin,all,-0.5011424920812005
../foodsg-233\Grape\OCM8LHCFZ6ACUFAMW5V7GKPX.jpg,Grape,all,-0.501132938724964
../foodsg-233\pizza\JCPZ1B21C3VZM1V24ALHRCK0.jpg,pizza,all,-0.5011203827746556
../foodsg-233\guava\MP87IYH44I9EM45N2GOOMKPQ.jpg,guava,all,-0.501080335233381
../foodsg-233\banana\T5TIKAIEMRSXWFU1VIQ3RGVZ.jpg,banana,all,-0.5010767518637781
../foodsg-233\chicken wing\L4VYXY6QYY588P8DF9NCIXTS.jpg,chicken wing,all,-0.5010738590740977
../foodsg-233\mangosteen\RWH4X9HJAKA9KJNFN08EWVX1.jpg,mangosteen,all,-0.5010733253817536
../foodsg-233\xiao long bao\73Y8676E928JU3P4G0PMX2UG.jpg,xiao long bao,all,-0.5010291225386927
../foodsg-233\Udon\INJS076OICT1GCWQ6PACVDSY.jpg,Udon,all,-0.5010083418166931
../foodsg-233\cooked brown rice\QU42S8Q00YBFB4ZDR5Z0F5DJ.jpg,cooked brown rice,all,-0.5010051117846848
../foodsg-233\passion fruit\59YEME4F24RFG39STEHL62HR.jpg,passion fruit,all,-0.5009841630245715
../foodsg-233\raspberry\CDYFWFQR4SYMU78B3VSKDLP2.jpg,raspberry,all,-0.5009835337217999
../foodsg-233\cherries\ACB8B5IRORGR5V5HH5NZTCGK.jpg,cherries,all,-0.5009658459169417
../foodsg-233\miso soup\JAOUT1WGPBQ3OK199MEUKDFJ.jpg,miso soup,all,-0.5009512186012406
../foodsg-233\banana\LE7A3FWRLWWE19V9OS5UUWM3.jpg,banana,all,-0.500950981269145
../foodsg-233\pancake\YYI512E3BZSM3WSHA096XBKJ.jpg,pancake,all,-0.5009491932121386
../foodsg-233\bakso\8QWSVY8INODSXQF8A7431MX8.jpg,bakso,all,-0.5009435925930683
../foodsg-233\cherries\6MOYVV3YOCA783XDXEN2Q2I0.jpg,cherries,all,-0.50093649949311
../foodsg-233\muesli\I2LE4H3R2IWTHV5R1AKH0UGQ.jpg,muesli,all,-0.5009323353959648
../foodsg-233\Avocados\EYQ9RNIYV2CGMSYQC7L04TJS.jpg,Avocados,all,-0.5009038466470626
../foodsg-233\Mee soto\3VNXOIE6ZYPV937KKUXDNF3B.jpg,Mee soto,all,-0.5009008378299991
../foodsg-233\whole grain bread\0G3W4LM50CV3R1JDPR461AXO.jpg,whole grain bread,all,-0.5008857852090707
../foodsg-233\canned Fruit salad\QG3CL0M6FS8NVNK7VYHN1YX6.jpg,canned Fruit salad,all,-0.5008845000176355
../foodsg-233\singapore sling\GMHKQIIZVAOZY7G03TTO055O.jpg,singapore sling,all,-0.5008701407992845
../foodsg-233\mangosteen\EKYSB2UM9MSX38YV1YIZOXVZ.jpg,mangosteen,all,-0.5008657558325365
../foodsg-233\vadai\X345S4Y4TG3BWSL3X9IEJ6MO.jpg,vadai,all,-0.5008492993695205
../foodsg-233\Mee goreng\M5L9BDHM2TL1R6E6NK4D3ECC.jpg,Mee goreng,all,-0.5008487577530931
../foodsg-233\strawberry\QLSQOBMD7BNV0YV0IT86T8TG.jpg,strawberry,all,-0.5008404819015855
../foodsg-233\durian\1MDO8HCFUBC3V991MIIITJTB.jpg,durian,all,-0.500835729162984
../foodsg-233\fried fish\C1Q51FIAUOK0T8HGIGUWESV7.jpg,fried fish,all,-0.5008331870035724
../foodsg-233\Fried Noodles\F0VL53G5JK0JLWRFASSM4IMW.jpg,Fried Noodles,all,-0.500801394929692
../foodsg-233\raspberry\IY1HZRN0IT1A6333CZHUDWAR.jpg,raspberry,all,-0.5007969717692667
../foodsg-233\Fish and chips\PTFKKNKDVWR88DYUVGNDIJM0.jpg,Fish and chips,all,-0.5007888044524705
../foodsg-233\waffle\DIPUYYZ0LQM5KSXGJOMQIZUR.jpg,waffle,all,-0.5007669399708158
../foodsg-233\bakso\XNGQ02AO64N0JFI63F81X4QI.jpg,bakso,all,-0.5007397222176437
../foodsg-233\Fish and chips\D3FDS0J43133YMJ14IZ9F5PZ.jpg,Fish and chips,all,-0.5007396878680588
../foodsg-233\strawberry\XSQBJ5285MGV3KBHP82JXWI5.jpg,strawberry,all,-0.5007352404991967
"../foodsg-233\Bee hoon, goreng\SRVFVO5ZPPI81UOKQVZHOL4H.jpg","Bee hoon, goreng",all,-0.5007334422205063
../foodsg-233\whole wheat\Q359SM7YCIM1E3SUNPME7I1J.jpg,whole wheat,all,-0.5007285914869424
../foodsg-233\honeydew\I4FC7QQD0RJWRWB3CH72G36A.jpg,honeydew,all,-0.5007255470962239
"../foodsg-233\Bee hoon, goreng\UYWWDG27ALQ0V30H2SQARYPW.jpg","Bee hoon, goreng",all,-0.5007108958272745
../foodsg-233\fried prawn\34CPEHR4SZI43B1M8XRO20MA.jpg,fried prawn,all,-0.5006947153575674
../foodsg-233\mee pok\OOHLJY5MLFNQGDAR40HVT2FA.jpg,mee pok,all,-0.5006879488281779
../foodsg-233\watermelon\WVE0RUJMAXETWN2B7CBJ0YHX.jpg,watermelon,all,-0.5006661229427555
../foodsg-233\whole oats\LXRMHIYNEF1K3SMFNN3ZOSQA.jpg,whole oats,all,-0.5006561093042681
../foodsg-233\vadai\DHKIN0P4ZVQIK3SSX5R5Y5GZ.jpg,vadai,all,-0.5006529562572579
../foodsg-233\buckwheat\R9OC5FV4LTSXX93BUM5EWQUB.jpg,buckwheat,all,-0.5006502487010125
../foodsg-233\mixed vegetables\IOANHM61HZMP3AGSUQ0K8M20.jpg,mixed vegetables,all,-0.5006475982365581
../foodsg-233\chicken rice\522BQICU3W3I7U4NRU9R1ENX.jpg,chicken rice,all,-0.5006331595806189
"../foodsg-233\Mee siam, fried\TM00MTOBQMQXSPNDVIF6QAVM.jpg","Mee siam, fried",all,-0.5006313014400574
../foodsg-233\durian\T1G49HBAD4JW4QTLGUH1KD0R.jpg,durian,all,-0.5006303141226467
../foodsg-233\Kway Teow\FL9ULB725G2O81PE1CGSGB1I.jpg,Kway Teow,all,-0.500622565931743
../foodsg-233\Grape\EYOZA5NPRF8DDMKIN3E40326.jpg,Grape,all,-0.5006210253990007
../foodsg-233\waffle\USZTHUJYNW2ZK031OKZHRHSD.jpg,waffle,all,-0.5006121038131915
../foodsg-233\Snacks and Chips\C9R49YIYOXYGWQNWKRRTASCT.jpg,Snacks and Chips,all,-0.5006048157003054
../foodsg-233\cake rolls\Z5Y304LBPZGTISSKQ5IR0HN2.jpg,cake rolls,all,-0.5006043021835845
../foodsg-233\kebab - beef\RLZT9WQGJX8R0I06XJQ9I4YO.jpg,kebab - beef,all,-0.5006035419224664
../foodsg-233\honeydew\LX7AN8PN88VDRCOG3OYBJ1LH.jpg,honeydew,all,-0.5005791482847011
../foodsg-233\cherries\0I81DCCTLI6VYYWUK2GP73DM.jpg,cherries,all,-0.5005780958709449
../foodsg-233\pizza\GZ1Z5PX39M6PMVOYB5X1LBCQ.jpg,pizza,all,-0.5005662374750824
../foodsg-233\longan\HOOJPZ59Z5N1N9WR6VIF3TRX.jpg,longan,all,-0.5005584962208021
../foodsg-233\Fruit juice\2PIUMBPKUDP0XAX3FYH16AVU.jpg,Fruit juice,all,-0.5005364008827959
../foodsg-233\kueh lapis baked\HQBECJKQWQ0ZKY28DNUQJ9MO.jpg,kueh lapis baked,all,-0.5004913064244393
../foodsg-233\chwee kueh\P0E20HLTGGOQ6PI3X3E7A1JY.jpg,chwee kueh,all,-0.5004892850612389
../foodsg-233\Grapefruit\LVJEJAR1WZXQ18OKWF7E0P3V.jpg,Grapefruit,all,-0.5004799692469597
../foodsg-233\tiramisu\R4N2XU2VUCOZN0EBAFR3DBIR.jpg,tiramisu,all,-0.5004773873009897
../foodsg-233\longan\VF4IEBCKQDYZ5VVPWKCP1PWG.jpg,longan,all,-0.5004700889075864
../foodsg-233\Apricot\WNLI481VMP9Q7XOEDTLDOYJ2.jpg,Apricot,all,-0.5004607923721088
../foodsg-233\chicken soup\ZRD6Y45D9LS7168EY3YWSSG9.jpg,chicken soup,all,-0.5004389651938079
../foodsg-233\Lor mee\QRMLTTDL7TMUJM4FXEMGWVKX.jpg,Lor mee,all,-0.5004356768215593
../foodsg-233\har cheong gai\Y9SEIJFI5YHLKX0R7T5Y23F8.jpg,har cheong gai,all,-0.5004232398303927
../foodsg-233\gulai daun ubi\6XSUZHZQ5QSAYAIBZIRPS1XS.jpg,gulai daun ubi,all,-0.500413186235414
"../foodsg-233\Bee hoon, goreng\M0U55DQNKEFQG41S7R5AXVY6.jpg","Bee hoon, goreng",all,-0.5004122091928068
../foodsg-233\Kway Teow\VDG303KG0ECMHJ9JH4GJS7XR.jpg,Kway Teow,all,-0.5004070251719825
../foodsg-233\watermelon\UH8Q94CS3MXPB65MBHMY9WBK.jpg,watermelon,all,-0.5004065835784804
../foodsg-233\parfait\PZEX7YXL5I6480UXU44YYQIU.jpg,parfait,all,-0.5003967279770504
"../foodsg-233\Rice, chicken katsu with Japanese curry\2G67QL1K3AMYFGM9KRTZ9BS3.jpg","Rice, chicken katsu with Japanese curry",all,-0.5003716294380833
../foodsg-233\hotplate tofu\8TG5SDLSP90YY5X72W2V7CN8.jpg,hotplate tofu,all,-0.5003391954193618
../foodsg-233\Fish and chips\VXAEDW4BHQS0LXIQA4GMET49.jpg,Fish and chips,all,-0.5003260014614054
../foodsg-233\blueberries\754VERJ10YY3GQ80AQJS91YZ.jpg,blueberries,all,-0.5003140643211107
../foodsg-233\Chocolate\RNM9UQLSB8INCFA4GHZKX0RJ.jpg,Chocolate,all,-0.5003099692481682
"../foodsg-233\Bee hoon, goreng\36FONYMGSR76J0S4IRXZJGKW.jpg","Bee hoon, goreng",all,-0.5002983557347231
../foodsg-233\Kway Teow\C0HEHZC5XWBK6Q1JITLZ2MOP.jpg,Kway Teow,all,-0.5002962939965023
../foodsg-233\singapore sling\3BIA1O5A7G1U9K3JAAWOAS9P.jpg,singapore sling,all,-0.5002908882656898
../foodsg-233\miso soup\DJTT0RPKZZ1WAK7BPCL80HRH.jpg,miso soup,all,-0.5002712777622148
../foodsg-233\wholegrain muffin\8UM5E61OWNFHVLX6NSCDZZPK.jpg,wholegrain muffin,all,-0.5002652679666708
../foodsg-233\satay bee hoon\9R8TNA4LD2ZOI2K83S0MX015.jpg,satay bee hoon,all,-0.5002565123079318
../foodsg-233\banana\YJ3DVMS6ICBER84M42LIF87H.jpg,banana,all,-0.5002448058123924
../foodsg-233\Udon\1PL1HF7Z7FU11KHBDDHK64W5.jpg,Udon,all,-0.5002368395820274
../foodsg-233\xiao long bao\N3CZRFHGQ2HMILDJELI8QD6J.jpg,xiao long bao,all,-0.5002337559290493
../foodsg-233\Avocados\R4SWK06FF6L33S5MZX86XR85.jpg,Avocados,all,-0.5002047517476691
../foodsg-233\Lontong with sayur lodeh\XHJ5W81KN9ZQQ23RCJUDRJVF.jpg,Lontong with sayur lodeh,all,-0.5002041816360455
../foodsg-233\honeydew\3RHAVUI0UQX8AGBF9EDIVLJ8.jpg,honeydew,all,-0.5002031102461203
"../foodsg-233\Rice, with dakgalbi\VMP8LUVWK35E2IO6KBM7QYVS.jpg","Rice, with dakgalbi",all,-0.5001993350643762
../foodsg-233\fish head curry\O00Y80694HI20WFCWZ9EOXN2.jpg,fish head curry,all,-0.5001934454398722
../foodsg-233\cereal prawns\6K8CQ473VX6G0TD78UFSCIUN.jpg,cereal prawns,all,-0.5001708934936627
../foodsg-233\Grape\2C6OHBU8LN6D2Z3RIQLQ2A84.jpg,Grape,all,-0.5001636647758052
"../foodsg-233\Chap chye, Nonya\WWPWKL49R3RDK82GC7T5BPZM.jpg","Chap chye, Nonya",all,-0.5001594460968314
../foodsg-233\honeydew\U201Y9RJ3OISLNPFCKXFYBJG.jpg,honeydew,all,-0.5001510102170783
../foodsg-233\waffle\LIIIQZ60SI40B2CZ2ITDLVFQ.jpg,waffle,all,-0.500148248366096
../foodsg-233\ice cream - vanilla\W08FMKLNGC1JLYFFFN5AIL8Y.jpg,ice cream - vanilla,all,-0.5001420003838182
../foodsg-233\pizza\FY1FJFDSG66BX712DBEGRGZ4.jpg,pizza,all,-0.5001305477283524
../foodsg-233\french fries\9NCRXTUJM0BNW6M9F9KFB3AK.jpg,french fries,all,-0.5001300075832245
../foodsg-233\chicken chop\VPT706J2NWFV87VF978QXN8K.jpg,chicken chop,all,-0.5001249520603037
"../foodsg-233\Pilaf, pea\9IBF4RXYPKFM3AMKWIJ6433P.jpg","Pilaf, pea",all,-0.5001185848058392
../foodsg-233\sliced fish soup\Z004Y1VO3N5GEAK102VQVOUZ.jpg,sliced fish soup,all,-0.5001171144280057
../foodsg-233\satay bee hoon\DKN6PDLTN8T1FTSXIVK4BVYK.jpg,satay bee hoon,all,-0.5000954571038065
"../foodsg-233\Mee siam, fried\S58HGG4A2QWKPMW4V0S7GHJ4.jpg","Mee siam, fried",all,-0.500072783281775
../foodsg-233\miso soup\G8VPJ6UUXRX6WV7WZDPEGFA1.jpg,miso soup,all,-0.500038135318079
../foodsg-233\White Bread\CW0YY58C5RYOQ4II9J52F4RD.jpg,White Bread,all,-0.5000345694447494
../foodsg-233\Kopi Teh Milo\CNDJYG06UO2B4G4FOT40GMAG.jpg,Kopi Teh Milo,all,-0.5000087731546412
../foodsg-233\Bubble Milk Tea\V4IVGVW7K7ZH4DYBEJITHYOX.jpg,Bubble Milk Tea,all,-0.5000023148195273
../foodsg-233\longan\SACFJ2H7T233CVMOX1IMEKHN.jpg,longan,all,-0.4999774220725235
../foodsg-233\waffle\JL2MO8L3G1LW1U1IL8I1HVYS.jpg,waffle,all,-0.49997053586778
../foodsg-233\cereal prawns\2LJAP1INTXCYZDS3KT1UHC3Z.jpg,cereal prawns,all,-0.499968332434609
../foodsg-233\Apple\KVPCP3NBS7C5O05NTDYTKU0Y.jpg,Apple,all,-0.49996127654251526
../foodsg-233\drunken prawn\D08DB9LDJ6C0UKTKZEY2VPKH.jpg,drunken prawn,all,-0.4999431376143356
../foodsg-233\begedil\36M3V6FRBRKUGQS0QCVNWGTJ.jpg,begedil,all,-0.499939880337277
../foodsg-233\banana\TJHS7SKE0TK8BCR9NG1HFYGF.jpg,banana,all,-0.49993326924374865
../foodsg-233\Mee goreng\ZYJON2V1JMR94XA7D01NQXC6.jpg,Mee goreng,all,-0.49991955409870337
../foodsg-233\sirloin steak\RXMXDGMTWSCYJU97H63I4BXF.jpg,sirloin steak,all,-0.499906357212127
../foodsg-233\Snacks and Chips\5VEUOMXV4S36ZCQ45BVHXC07.jpg,Snacks and Chips,all,-0.49990373619553463
../foodsg-233\ice cream - chocolate\GY94YXD0C6BFHRT3KRY76JON.jpg,ice cream - chocolate,all,-0.49990284620515046
../foodsg-233\cheng tng\LK6TNAQHYKQ9QMI41OSGC2VF.jpg,cheng tng,all,-0.4999015347856925
../foodsg-233\banana\D543SBB0OL7XA52W4SV8E6O2.jpg,banana,all,-0.49990036933319276
../foodsg-233\mixed vegetables\FQSYK4AY1T2S8NC655NKULRH.jpg,mixed vegetables,all,-0.49987832116574427
../foodsg-233\sirloin steak\X0BCY0UWXB29PIX80U2TQT0G.jpg,sirloin steak,all,-0.4998627209447868
../foodsg-233\tiramisu\YZGY0O9CN9CABZ9QM2Q6I5PY.jpg,tiramisu,all,-0.49985972573563
../foodsg-233\cooked brown rice\J7XKAWNZWP59XD2UPOWB1TBC.jpg,cooked brown rice,all,-0.49985223785687516
../foodsg-233\Nasi pattaya\SM7RAIF0WVXQ1BPWBTWT6LVL.jpg,Nasi pattaya,all,-0.4998435998553072
"../foodsg-233\Bee hoon, goreng\ZPD9GDIO8ZZGURW23ONO0VI1.jpg","Bee hoon, goreng",all,-0.4998432560312112
../foodsg-233\honeydew\ZHGKVJOOY7L1OXCOA01XW0VG.jpg,honeydew,all,-0.49983568479363416
../foodsg-233\honeydew\MNG4C4UNWHZWEOX7F7KM057Z.jpg,honeydew,all,-0.4998274645265704
../foodsg-233\banana\GST4DWE3XBNDSLQZ147TC78T.jpg,banana,all,-0.49982571950247184
../foodsg-233\banana\C65KJBRTT5EYRGIGTYAD2ON9.jpg,banana,all,-0.499804290084971
../foodsg-233\xiao long bao\JZJHIZKZQ2T90IGH0RJLDLCQ.jpg,xiao long bao,all,-0.4997882532960896
../foodsg-233\Grape\M47QEYAAOZ32WHW5G9SBQ9SM.jpg,Grape,all,-0.4997777482059255
"../foodsg-233\Miso ramen, with fishcake\P6ACVYNFGA2KKSUGPQQCCR3Y.jpg","Miso ramen, with fishcake",all,-0.4997750594396601
../foodsg-233\tandoori chicken\OT7LI87UOWOZHW2PXZ7PI2RN.jpg,tandoori chicken,all,-0.49977070872074225
../foodsg-233\mee pok\UJSK6ETVT00UPBOX1DM2LQLU.jpg,mee pok,all,-0.4997639109881563
../foodsg-233\french fries\SMNT19JMFQ9HD59HCN6XLWNE.jpg,french fries,all,-0.4997376762955814
../foodsg-233\chicken masala\JOW307UT7Q1TCCGY3WL3ID7M.jpg,chicken masala,all,-0.49973094247033845
../foodsg-233\Nuts\VJM2N8MHVKZS8DPO44KOBYI9.jpg,Nuts,all,-0.4997263167448132
../foodsg-233\corn\13NM5Z62XJUTKXQ14CI2NYGX.jpg,corn,all,-0.4997210052018287
../foodsg-233\Nasi pattaya\AOY87JSV02UIJ7JECXHGRYDT.jpg,Nasi pattaya,all,-0.4997032334342647
../foodsg-233\salad\R5A8V9HMI0HT75XATL5EV8LT.jpg,salad,all,-0.49970073971293816
../foodsg-233\sushi\WU9SUVCK4L3P85EDRF72C92G.jpg,sushi,all,-0.4996937611767743
../foodsg-233\hokkien prawn mee\1XFEWCE7WGJT7UU72RHD99OM.jpg,hokkien prawn mee,all,-0.4996789749870015
../foodsg-233\chicken masala\H39D55RHEFUVN6SVF93GP1RB.jpg,chicken masala,all,-0.4996746422995176
../foodsg-233\Avocados\FRMTSX7B9H4BUMZT9ZR8HVAL.jpg,Avocados,all,-0.49965061180871506
../foodsg-233\Bibimbap\CWZYR8HCKP0EGYWLXHJKW668.jpg,Bibimbap,all,-0.49964982152429444
../foodsg-233\chawanmushi\79DC6WBG8245G3RZNX0LY753.jpg,chawanmushi,all,-0.4996447301868084
../foodsg-233\Mee siam\WR91D9XGH3AAYAMYCWFQ35S0.jpg,Mee siam,all,-0.49964229901093843
../foodsg-233\fried chicken\X8M4AA0RBZU22EJGSG3Q7ZD3.jpg,fried chicken,all,-0.49963697543949764
../foodsg-233\cake\FJ7QM52RAJCTRA4P1I14EKOO.jpg,cake,all,-0.4996356910652169
../foodsg-233\Soft boiled eggs\UDSE6ESSYF2N2JHHO4B7J7KM.jpg,Soft boiled eggs,all,-0.49960733540380675
"../foodsg-233\Don, chicken teriyaki\KQS8R810BSF3LEWI1AI84J5O.jpg","Don, chicken teriyaki",all,-0.49960117640459023
../foodsg-233\otak\SX7GIJT5MLA8BBL7SWDCYD5A.jpg,otak,all,-0.4995973887211721
../foodsg-233\Apple\SXLP7WHKPWDFEBY6YQB0HSJF.jpg,Apple,all,-0.49957827725864407
../foodsg-233\Fish Ball Noodles\G61K8KRP3DILVCU6E4OLZU7M.jpg,Fish Ball Noodles,all,-0.49955971142668354
../foodsg-233\Dumpling noodle soup\TN1JSOS39AVNDQ3XQU1QFQ2R.jpg,Dumpling noodle soup,all,-0.4995446571783228
../foodsg-233\Cucumber\F9SCDROVQJCVGI9KXWX8FOEU.jpg,Cucumber,all,-0.4995438319636366
../foodsg-233\canned Fruit salad\2QAGM8EYO3X4IL3EQR6XXO70.jpg,canned Fruit salad,all,-0.4995385831937649
../foodsg-233\dumpling\RTZYP3E6861EEDX3GLWSZHWX.jpg,dumpling,all,-0.49953012074276265
../foodsg-233\cheese fries\XBP85DZTK2DI0Q8S3WVIRGRU.jpg,cheese fries,all,-0.49952617374663777
../foodsg-233\goreng pisang\5SGF5S4QKHIGU5N4657SIHGO.jpg,goreng pisang,all,-0.49951541949439265
../foodsg-233\Kway Teow\CD2FYN041F5SD5C6YAWZWTN2.jpg,Kway Teow,all,-0.4995119590948083
../foodsg-233\strawberry\552B95RQ0A39Y9YVP2E2S44S.jpg,strawberry,all,-0.4995103946818157
../foodsg-233\Grapefruit\5G1Y0AH5A675GLH77H9MGAMR.jpg,Grapefruit,all,-0.4994933459785618
../foodsg-233\guava\Z5UDLBOQ2FIFXOXID6OSKMNM.jpg,guava,all,-0.49948549997559
../foodsg-233\passion fruit\53B0ZM44X1G2YNTH1YAMQ6ZO.jpg,passion fruit,all,-0.49947817564460295
../foodsg-233\thunder tea rice\H0EVLP8FU82UZ9K1LQDJ1XB6.jpg,thunder tea rice,all,-0.4994517045378842
../foodsg-233\muesli\7IL4NA5VO7NMRG6TNFG0NISJ.jpg,muesli,all,-0.4994460196390908
../foodsg-233\pasta - red sauce\QAMT55M5F4HHYW2IV63VGU9P.jpg,pasta - red sauce,all,-0.49940290698165046
"../foodsg-233\Mee siam, fried\K35PCXVTN8RRWP0YF8R13FX9.jpg","Mee siam, fried",all,-0.4994004846246079
../foodsg-233\wholegrain muffin\W2MMW9HITOPYWEW6DW0FQE8X.jpg,wholegrain muffin,all,-0.4993916454501157
../foodsg-233\strawberry\JF8ER13T6RE3KD8S73OWDB3U.jpg,strawberry,all,-0.49939151300585327
../foodsg-233\strawberry\RIMX0J6KNV2JP8VW987F05JU.jpg,strawberry,all,-0.49938278073267095
../foodsg-233\longan\FOMK8AW83TLCF1ED7R4YA8S4.jpg,longan,all,-0.4993671118520529
../foodsg-233\cherries\KVX0F6VEO6OFN0KXTS2CHBRB.jpg,cherries,all,-0.499363385261671
../foodsg-233\chwee kueh\ZQMVM6CWO7REN2RKCTJN4FRS.jpg,chwee kueh,all,-0.49934832800084905
../foodsg-233\Lor mee\LIL6ZHF7IXBYKAVV8BUBZBHA.jpg,Lor mee,all,-0.499341765504092
../foodsg-233\CNY love letter\IH9SMR3QF0C6GGL7TN8CP6EP.jpg,CNY love letter,all,-0.4993299646949956
../foodsg-233\ice kacang\V6II01LJAEXBWZUA7R59Q23W.jpg,ice kacang,all,-0.49932641635284436
../foodsg-233\durian\E75Q5A8E1PW92CHZ5XIGGLFG.jpg,durian,all,-0.49930733308044783
../foodsg-233\siew mai\K0TTSB21X5IVIHH934WTYS7Y.jpg,siew mai,all,-0.4992848343250652
../foodsg-233\passion fruit\R4O0LVYJWP9QEKZJFNA7Y34K.jpg,passion fruit,all,-0.49927570906045304
../foodsg-233\tom yum noodle soup\O6OXN1RDQJCOIEE3IBVZYQF9.jpg,tom yum noodle soup,all,-0.4992689268536953
../foodsg-233\biscuit\SHFEYRJY6NDCQ7HA2ZOE9DC6.jpg,biscuit,all,-0.4992598903337831
../foodsg-233\blueberries\GW6XLFQ8E3NC7H0EPYG3N4G5.jpg,blueberries,all,-0.49925143464764465
../foodsg-233\tacos and nachos\B323ZRKOO5OWWKIKVNK0HKBL.jpg,tacos and nachos,all,-0.4992424268225679
../foodsg-233\Soft boiled eggs\19VA7YIV83E8RK78MUN2QMAO.jpg,Soft boiled eggs,all,-0.49922795771811335
../foodsg-233\canned Fruit salad\5F5U4Z0NRVTFRXIVGR5DBJE2.jpg,canned Fruit salad,all,-0.4992266375596849
../foodsg-233\chwee kueh\XP3M0BOAZ1VZSCY3ZEFBJ1NY.jpg,chwee kueh,all,-0.49920676474798487
../foodsg-233\banana\668B2XYD1WU02MXBIEB2O0PD.jpg,banana,all,-0.4992006103106865
../foodsg-233\parfait\5K8X59TB7D76BD2DZZMWHL49.jpg,parfait,all,-0.49918059781303187
../foodsg-233\siew mai\KKOD7IJROG9OXFY0WILZX9M8.jpg,siew mai,all,-0.4991592781333995
../foodsg-233\biscuit\7TMOR2VP6HQU23ILVZ5JCBRH.jpg,biscuit,all,-0.49915582486515936
../foodsg-233\tacos and nachos\UG6AQQV3D5X3WOUAVDF59AYS.jpg,tacos and nachos,all,-0.49913050302979034
../foodsg-233\Wholegrain Wrap\TQ3OFKEDN57D3AK6A6X7D0QF.jpg,Wholegrain Wrap,all,-0.49912549671025924
../foodsg-233\mangosteen\6PQ9XS9TLWM01DDEZ3FX2Y5T.jpg,mangosteen,all,-0.499117280192078
../foodsg-233\Nasi pattaya\8GRUAHDOYYDOI7W3HUYO3X1N.jpg,Nasi pattaya,all,-0.49908512783477005
../foodsg-233\satay\4YX5Z4J2EKL5EAOC9ULHGCER.jpg,satay,all,-0.49908032902298866
../foodsg-233\Mee goreng\STUFUMDE2JBEEN917IK11OMZ.jpg,Mee goreng,all,-0.49907472152653676
../foodsg-233\kebab - beef\YTJZYYH6LAW5YWDW3SP1KJD2.jpg,kebab - beef,all,-0.4990735007082562
../foodsg-233\pancake\HL0LCTP5Q7UIO76U0Z8GDFC9.jpg,pancake,all,-0.4990522855763134
../foodsg-233\Mee goreng\3Y9PNBP8LB9Q9RI99TLEJTW8.jpg,Mee goreng,all,-0.4990441366501723
../foodsg-233\Hor Fun\CKPMX55XT594KDCKANU9GMDN.jpg,Hor Fun,all,-0.499043663659216
../foodsg-233\raspberry\100055C8CB12QUBER7S4636S.jpg,raspberry,all,-0.4990247713722491
../foodsg-233\Udon\O19WQRQ092HECB5LWA9WFG89.jpg,Udon,all,-0.49902207242762137
../foodsg-233\hokkien prawn mee\WWJOHGYC384S9M2U5N5TDIAC.jpg,hokkien prawn mee,all,-0.4990158646734684
../foodsg-233\hokkien prawn mee\5SW29I01H26XNFX1LHQFXKP5.jpg,hokkien prawn mee,all,-0.49900778841916604
../foodsg-233\blueberries\2GMDXTVPSQRATQLBIPYA93Z2.jpg,blueberries,all,-0.498989361919331
../foodsg-233\Soft boiled eggs\FDU14ES6HR0JITQQ1H9JY1MM.jpg,Soft boiled eggs,all,-0.4989809116941898
../foodsg-233\Indian Prata\KYMI6AZY9DCB5XRTA5M1Y5U9.jpg,Indian Prata,all,-0.49896883168360967
../foodsg-233\Alcoholic Beverage\LGD9WI7NQXFIMMSVI2TIKAWU.jpg,Alcoholic Beverage,all,-0.49896335707666145
../foodsg-233\ice cream - chocolate\A6QCEK259F56UV8CO27215KW.jpg,ice cream - chocolate,all,-0.4989531808115234
../foodsg-233\drunken prawn\Q00ZEMBVD2N3GQ9WK43ELHZO.jpg,drunken prawn,all,-0.4989471151360075
../foodsg-233\chawanmushi\IOFPHAH0UH09PHVPNCUZM8JA.jpg,chawanmushi,all,-0.49894249185553774
../foodsg-233\Fish Ball Noodles\WHIBWFZYL0XHRRIBIHRJ59IO.jpg,Fish Ball Noodles,all,-0.498928177068546
../foodsg-233\whole grain bread\REYSSYWF6YQS7LG28KQREVT7.jpg,whole grain bread,all,-0.49892650759222573
../foodsg-233\Claypot Rice\S7ZHNYL09QXTT1R8NRH052HP.jpg,Claypot Rice,all,-0.49891432786942114
../foodsg-233\sushi\Q3UNQ7RFJIANRYPK6RUC0N6S.jpg,sushi,all,-0.4989067551294136
../foodsg-233\Nasi Ambeng\8O6VJYINX0X17HWPWJ5Y923Q.jpg,Nasi Ambeng,all,-0.49890588947951325
../foodsg-233\vegetable soup\VNKGRKPXPL0CBTIAMJS2RY3Z.jpg,vegetable soup,all,-0.49890541867736876
../foodsg-233\ice cream - chocolate\D1G0BM28A3HSS5NPCXHEF88X.jpg,ice cream - chocolate,all,-0.49889994768681784
../foodsg-233\Grapefruit\S3KF38QRJRH9YCN38RR2Y9J4.jpg,Grapefruit,all,-0.49889729936061006
../foodsg-233\mushroom soup\856ZQ9TG13DSUSKDW0TFYDSD.jpg,mushroom soup,all,-0.49888895382719195
../foodsg-233\tau suan\EWIRYL4N746MATKJUOPUJABM.jpg,tau suan,all,-0.4988820889402007
../foodsg-233\Apple\HCTHDYKH6D4U4ONJG42TV80X.jpg,Apple,all,-0.49887887207399406
../foodsg-233\Alcoholic Beverage\R3XMU1EI2TOA50A7UA7L3QQ9.jpg,Alcoholic Beverage,all,-0.4988634556977179
../foodsg-233\roasted chicken\SJZK5HVNG0X8AZOKFL16H3QM.jpg,roasted chicken,all,-0.49885813753085995
../foodsg-233\blueberries\5NC31AKHWJ9J6BE5QQPS1KHD.jpg,blueberries,all,-0.49884657385244957
../foodsg-233\green leafy vegetables\EDK62L1Q46CD49S1CC9XR6UU.jpg,green leafy vegetables,all,-0.4988449129418233
../foodsg-233\chicken chop\E6GNKRVLXNMZP64C3977ZDOT.jpg,chicken chop,all,-0.4988335701044322
../foodsg-233\drunken prawn\JBXLMS1LALJJCB40SJX82YZD.jpg,drunken prawn,all,-0.4988206988596215
../foodsg-233\ice cream - vanilla\75JZHJP8TJC3LH3WK38V0B3N.jpg,ice cream - vanilla,all,-0.49882060922546606
../foodsg-233\oyster omelette\J92HP17XOMGBDKWAKGG2D4NL.jpg,oyster omelette,all,-0.49878924922427037
../foodsg-233\waffle\DMV24XO8HF4TU9QOQQLKLBL1.jpg,waffle,all,-0.4987884013286903
../foodsg-233\Udon\CNYQWF0RKMKH2LRSBXHV9CW0.jpg,Udon,all,-0.49878693482606284
../foodsg-233\waffle\MHSNUOWSL72ERGA4ZXWQPWB4.jpg,waffle,all,-0.4987760830387366
../foodsg-233\cooked white rice\ZBPDEZE72833F6N64546KQHD.jpg,cooked white rice,all,-0.49877252262831745
../foodsg-233\Apricot\RW3L8Z8W1DREMJISANJW30Z9.jpg,Apricot,all,-0.49875229084129646
../foodsg-233\kueh lapis baked\8F42IUTLAXPY8IUW442E5QWO.jpg,kueh lapis baked,all,-0.49874719194150086
../foodsg-233\fried prawn\9P3LSNU1SSTV7L1UKRQOGZPV.jpg,fried prawn,all,-0.49873260223830346
../foodsg-233\mushroom soup\CBZ6NLORCPCXUG1BSUMFCC30.jpg,mushroom soup,all,-0.49871356974914044
../foodsg-233\corn\0NPM562CFTSIKKH4CETLN4RM.jpg,corn,all,-0.4986979188866537
../foodsg-233\durian\DB382Q5PGHYKHV3EZ0VW05JT.jpg,durian,all,-0.49869591963909965
../foodsg-233\mee pok\09ZRPMFXH2EHFU36PDNI2690.jpg,mee pok,all,-0.4986931299583077
../foodsg-233\Porridge\VA1HA322LP9OND5ZR8OKHJBD.jpg,Porridge,all,-0.49867743879680526
../foodsg-233\mushroom soup\LGDE5YNV5GYEX4NZVZGYJGG4.jpg,mushroom soup,all,-0.49867711482255606
../foodsg-233\pomegranate\S5LL9BCPV4LXV3151XVN3QZH.jpg,pomegranate,all,-0.49867607165027783
../foodsg-233\canned Fruit salad\6M0A4O4LWGOHMPOSJRUQK33D.jpg,canned Fruit salad,all,-0.49866402000314425
../foodsg-233\Nuts\A988PW8FFK6VTB1ME95KS0GV.jpg,Nuts,all,-0.49864750341904046
../foodsg-233\Mee soto\K7YGMRRAXZLNXT2ZXAGEARMW.jpg,Mee soto,all,-0.498640361638323
../foodsg-233\vegetable soup\JA239WVJ22OIQRV7N21EVDMP.jpg,vegetable soup,all,-0.4986116847314914
../foodsg-233\cherries\VDV1PT0ZGZ4RE0O4W3550RSZ.jpg,cherries,all,-0.4986051152466307
../foodsg-233\mixed vegetables\NIDRGMSXVDNRVH5M0O6CXUO7.jpg,mixed vegetables,all,-0.49859620346856426
../foodsg-233\chicken soup\1NBHELFLGROCAX8S50YFFCYJ.jpg,chicken soup,all,-0.49858388622976124
../foodsg-233\Dumpling noodle soup\Q67KR57ZVKW8O31NJEUXL6K3.jpg,Dumpling noodle soup,all,-0.49856707657110155
../foodsg-233\Seafood Noodles Soup\STZY5BILXGWD39QNBQP22XT0.jpg,Seafood Noodles Soup,all,-0.49855754289569515
../foodsg-233\canned Fruit salad\0K1TZWAEUADPJCM8XTRFQ9XN.jpg,canned Fruit salad,all,-0.49855180741374455
../foodsg-233\Hor Fun\K189GPCZCIPHAPCD88YIU5M6.jpg,Hor Fun,all,-0.4985478068529445
"../foodsg-233\Rice, chicken katsu with Japanese curry\LU0X59XD2UUYDET8GPPI1VWW.jpg","Rice, chicken katsu with Japanese curry",all,-0.4985357082781839
../foodsg-233\meatball\UFK84ZXVVC79DW333HCY6AHB.jpg,meatball,all,-0.49852706525272683
../foodsg-233\chwee kueh\PDYMK1SYYKHAPKA36BY2Z3XV.jpg,chwee kueh,all,-0.49851931061297555
../foodsg-233\mangosteen\IQARH7PO87DLK6P3FHEQ6PCW.jpg,mangosteen,all,-0.4985191101545192
../foodsg-233\Bubble Milk Tea\8CLPD75TJ78YJONDTPE045LX.jpg,Bubble Milk Tea,all,-0.4985145048835632
../foodsg-233\siew mai\O9Q9VUYMFNKKPKCH0N15CX34.jpg,siew mai,all,-0.49851056903478436
../foodsg-233\kway chap\4C4WIUWUK85AHHLB137P77OP.jpg,kway chap,all,-0.4985078043708208
../foodsg-233\White Bread\ZJSSLK1KBH4AKQV62Y2ONGLZ.jpg,White Bread,all,-0.498507561685717
../foodsg-233\Avocados\NU52ZGRGWJX56HCK2PPJTO33.jpg,Avocados,all,-0.498490663478396
../foodsg-233\muesli\C6Q66A5BKSSSWI3VIRYYP30Z.jpg,muesli,all,-0.49847740239167126
../foodsg-233\salad\SWNLX81D5AJIH6M5UU0SN0PN.jpg,salad,all,-0.4984591335326862
../foodsg-233\fried chicken\1SLJBSY8L0I99TSAV1XKNNXW.jpg,fried chicken,all,-0.49844351802902526
../foodsg-233\durian\QM45VEJOKU93Y8E4CCFBRUH2.jpg,durian,all,-0.49843939546378085
../foodsg-233\chicken masala\R8DKP2SC9B4J2EA3H44M0C3Q.jpg,chicken masala,all,-0.4984363777023842
../foodsg-233\satay\ZEI9CI0XXRZO0DR8RYR217HR.jpg,satay,all,-0.4984276691032523
../foodsg-233\whole grain bread\AM0SWZ6G5H5DZE11AIS190E4.jpg,whole grain bread,all,-0.4984269912010356
../foodsg-233\sliced fish soup\QQACK93PEGJ7DJ1OUU8UOQ3S.jpg,sliced fish soup,all,-0.4984109864265734
../foodsg-233\rojak\5JDSGXFSAWEICQ4NB88P3P0M.jpg,rojak,all,-0.49840293791360346
../foodsg-233\fried rice\X5B9LV22XF4Q1HGSU5W7IRSD.jpg,fried rice,all,-0.49839286589724696
../foodsg-233\bak kwa\BXRIDK15LDK64RVGWPPW50KY.jpg,bak kwa,all,-0.4983924860571209
../foodsg-233\yam rice\6V40L5T3T0JYO9ENMLI0MWRV.jpg,yam rice,all,-0.4983799765156222
../foodsg-233\Kueh Salat\0NCBNXXI3IYDUBNZ7JMBTSTR.jpg,Kueh Salat,all,-0.49836629430986157
../foodsg-233\cooked brown rice\I3VQMP3AOY7F5G2RTJKVSAIW.jpg,cooked brown rice,all,-0.49836625166599197
../foodsg-233\cooked white rice\C1AUFQ4K4WNRWZTS2HJQ3X5S.jpg,cooked white rice,all,-0.4983542679854468
../foodsg-233\Cucumber\HIBXVH9YEVTOURWD0JFH5J1Z.jpg,Cucumber,all,-0.4983430721302939
../foodsg-233\buckwheat\R1HHUFAH5W9TQSJQ2EY3G2FI.jpg,buckwheat,all,-0.49834109630325085
../foodsg-233\pizza\REO1GYUKNTSFJ0PR6JXXZGE2.jpg,pizza,all,-0.49833252119154403
../foodsg-233\mango pudding\L988958ISQROSAJRD4W3LGOT.jpg,mango pudding,all,-0.4983150363705107
../foodsg-233\Alcoholic Beverage\XLBE19R7KTB26MLG42OM064S.jpg,Alcoholic Beverage,all,-0.49831137119743946
"../foodsg-233\Miso ramen, with fishcake\JJOYKI4ZA6174YN9L8JNFDX1.jpg","Miso ramen, with fishcake",all,-0.4982822177320185
../foodsg-233\Macaroni\YGJPX7QHOZI0LZ53C09VBXOT.jpg,Macaroni,all,-0.4982758629894228
../foodsg-233\Cucumber\FDDIGEMWSIRF9W2MESGHH0G4.jpg,Cucumber,all,-0.4982737855146605
../foodsg-233\siew mai\CY0OVG6OEWN8Z25LKBTCZ016.jpg,siew mai,all,-0.49825630341714866
../foodsg-233\pasta - red sauce\T4MBOS7CGPX0SIEKAGWV45KH.jpg,pasta - red sauce,all,-0.49825542687153673
../foodsg-233\chicken wing\KUVM2LKZWPZXXQW5SOUMPG5U.jpg,chicken wing,all,-0.4982469604071043
../foodsg-233\Claypot Rice\6K7SVJMO8MPI1OISWVTYZ04F.jpg,Claypot Rice,all,-0.49824378274068026
../foodsg-233\green leafy vegetables\AVOQJW9P3RPKFZ3E7D2MV5K2.jpg,green leafy vegetables,all,-0.49822318742733507
../foodsg-233\Grapefruit\8IPPP4WFYT5ZO3H0B9UZ9S8D.jpg,Grapefruit,all,-0.49821268126835516
../foodsg-233\Kway Teow\E79LRZ6KS399S4HJRZ79J9MO.jpg,Kway Teow,all,-0.49820013708503147
../foodsg-233\Alcoholic Beverage\XXOZXINPWZMFLC1853W7UIYT.jpg,Alcoholic Beverage,all,-0.49814348723603735
../foodsg-233\tiramisu\PPMJLQP6JWAGQLQ0EZL8XACI.jpg,tiramisu,all,-0.49812682344072234
../foodsg-233\Mee kuah\YCIY4TI4DKBFWS2GP9NIVM5P.jpg,Mee kuah,all,-0.4981250749567277
../foodsg-233\wholegrain muffin\4T8TPHYZUYV9W2DLUDXDK6VM.jpg,wholegrain muffin,all,-0.4981113248729744
../foodsg-233\wholegrain muffin\I6491JABGZFKZRRL657M0VJU.jpg,wholegrain muffin,all,-0.49810115795556353
../foodsg-233\mushroom soup\ZH2LA9PH8BKEA9AZ4P98AECB.jpg,mushroom soup,all,-0.49809539111078965
../foodsg-233\tumpeng\0HAPLWFTWVC9SKMFEWFGBAU5.jpg,tumpeng,all,-0.49809534338461803
../foodsg-233\lamb chops\1EIOJUEHC6GVXW6B8X0PWTFO.jpg,lamb chops,all,-0.4980886054612163
../foodsg-233\Katsudon\D4URJD40O46GW5ALBI2NBM7J.jpg,Katsudon,all,-0.4980837343983478
../foodsg-233\cooked brown rice\H46ESBXG2EQO5AURY8MQRV6M.jpg,cooked brown rice,all,-0.49806560820565604
../foodsg-233\mangosteen\KIZTPHQKQAM7B9K0GFRB9L0D.jpg,mangosteen,all,-0.49805794825682204
../foodsg-233\Soft boiled eggs\STO55LMABI63MMKGMAIO8SBE.jpg,Soft boiled eggs,all,-0.4980473780643527
../foodsg-233\siew mai\IVV2TG7DY0PFDBSQBWGHG1DB.jpg,siew mai,all,-0.49804718917468244
../foodsg-233\strawberry\W031ZYH7HOIHBLXMHV4SGLVE.jpg,strawberry,all,-0.4980393653740099
../foodsg-233\pomegranate\S8ZAM8INYSWJS9SLWNXRPWS0.jpg,pomegranate,all,-0.4980366853108709
../foodsg-233\pizza\N87IX1ALO05YND7X6HBE0VAH.jpg,pizza,all,-0.49803650298304664
../foodsg-233\passion fruit\EUF53G63EW693TIAAXQWOGN1.jpg,passion fruit,all,-0.49803467945171376
../foodsg-233\hokkien prawn mee\CWI1M8RN0OSDZFC1GNJJR5ET.jpg,hokkien prawn mee,all,-0.4980161025943919
../foodsg-233\Kopi Teh Milo\073RMGLQO9G2FOE9YR1N1FTC.jpg,Kopi Teh Milo,all,-0.4980110516756564
../foodsg-233\vegetable soup\GPK4ZROLECG4ESQV3QEPC0YI.jpg,vegetable soup,all,-0.4980092713728652
../foodsg-233\kuih bahulu\93S9N573RA0OZ80LYM6M9P0G.jpg,kuih bahulu,all,-0.49800541530622633
../foodsg-233\kueh lapis baked\VVPINZXBEFS51XCRY5UAQ1UJ.jpg,kueh lapis baked,all,-0.49799283193736826
../foodsg-233\tandoori chicken\JOLIH4EJ747IYZT0778X3RQ5.jpg,tandoori chicken,all,-0.497978501965963
../foodsg-233\Chocolate\GL76QI24DMUUT8F67I7LWFPG.jpg,Chocolate,all,-0.497977365678118
../foodsg-233\tau suan\MS9QHGKGR4M6OJL97HK7HUS1.jpg,tau suan,all,-0.49795098586814757
../foodsg-233\pineapple\O7KN8B33FVMFAE72Z32TLU8I.jpg,pineapple,all,-0.49794311844588784
../foodsg-233\tandoori chicken\XY7QF3DYF21LQBO2D7LGCTCI.jpg,tandoori chicken,all,-0.49794120325252667
../foodsg-233\chai tow kuay\MYAX1B32CMID8MZGG26YYEUB.jpg,chai tow kuay,all,-0.49793906326793075
../foodsg-233\siew mai\EURK9VH1HST8MHOLQXTBP9L4.jpg,siew mai,all,-0.49791602275376645
../foodsg-233\whole grain bread\VXUG8RI9IXY5VYKA8BGFURRW.jpg,whole grain bread,all,-0.49791059746203187
../foodsg-233\sushi\5R8OKBF3CK4QY46WIGKP6WVS.jpg,sushi,all,-0.4979055490858242
../foodsg-233\chilli crab\DXGR9II76RNMMX9B1KWGP3H7.jpg,chilli crab,all,-0.4978965001731258
../foodsg-233\sambal\EVWT1IAP1ZJKNQTK01REP3TM.jpg,sambal,all,-0.4978937554219099
../foodsg-233\Grapefruit\PUKMPTIYSP1PFUJEL7NH90NV.jpg,Grapefruit,all,-0.49786799797723735
../foodsg-233\blueberries\JLAM5PKC7P5S4FOXUNMPL7YL.jpg,blueberries,all,-0.4978383238572539
../foodsg-233\sliced fish soup\5DDJL5L95UVV6VNUHVVHKXLF.jpg,sliced fish soup,all,-0.4978269753046771
../foodsg-233\chai tow kuay\ATQOXXO16SVJZV2R8BDPJ8VG.jpg,chai tow kuay,all,-0.4978186956089713
../foodsg-233\miso soup\FMBT3Z9TJR4WAE3VTTSYRDAI.jpg,miso soup,all,-0.49778641176202276
../foodsg-233\salad\CDGVYLFT07QF69GQDSA7K0TI.jpg,salad,all,-0.49776698156475163
"../foodsg-233\Bee hoon, goreng\CCKUYIWYWKPJF9Z1QHMIHXWY.jpg","Bee hoon, goreng",all,-0.4977664039236642
../foodsg-233\Nuts\X1NHO7QY17UT21MRNFYANXAY.jpg,Nuts,all,-0.4977474233860145
../foodsg-233\vegetable soup\XTTBT3G41TQ5N0UJPRXP1FDM.jpg,vegetable soup,all,-0.4977393529917427
../foodsg-233\Cucumber\I0B77PIR6P11YIVM9U39ZPJN.jpg,Cucumber,all,-0.497737157777458
../foodsg-233\steamed buns\252LLY3ABUP1ZGJDYI2JY6LQ.jpg,steamed buns,all,-0.4977191206214808
../foodsg-233\oyster omelette\A4A5GQM9TSI888HQPFE5US0F.jpg,oyster omelette,all,-0.4977177642418019
../foodsg-233\Udon\45HY86DD2DNM10KLQTMBUQP6.jpg,Udon,all,-0.49770366814001027
../foodsg-233\guava\MYI4K0WHXCAUXE9Y7ZWJ0M2K.jpg,guava,all,-0.497691652855819
../foodsg-233\spring rolls\KJJOZA7M4J7BXU0W3JURO6QT.jpg,spring rolls,all,-0.4976742296031878
../foodsg-233\bak kwa\3VF8NA1GYUY7M3X55XCRIIT6.jpg,bak kwa,all,-0.4976685142131061
../foodsg-233\pasta - red sauce\1NX305EW809T1N00233RXR2O.jpg,pasta - red sauce,all,-0.49766176089791264
../foodsg-233\Soft boiled eggs\KU3HMNVRS0JWYFN6HD7Y2S8L.jpg,Soft boiled eggs,all,-0.49765399165280816
../foodsg-233\cooked white rice\7MWOHJZVEBBG1PNTZDOJ4PH2.jpg,cooked white rice,all,-0.49764231734056474
"../foodsg-233\Don, chicken teriyaki\2C5LUI79FNKCQ70KL3CGR2G4.jpg","Don, chicken teriyaki",all,-0.4976204425072433
../foodsg-233\siew mai\8YQGD3TAW4OB7R9K7UB30QBA.jpg,siew mai,all,-0.4976184817458312
"../foodsg-233\Don, chicken teriyaki\5ES21JR5LVART33QI6DCNXJ8.jpg","Don, chicken teriyaki",all,-0.4976076592250669
../foodsg-233\Ban Mian\PBFBV0OJ5MIJ8J3278J84IXP.jpg,Ban Mian,all,-0.4976051096208231
../foodsg-233\assam pedas\O258VOSSL8ATJI22SYDQBTVH.jpg,assam pedas,all,-0.49759300467164314
../foodsg-233\cereal prawns\PRVHP0Q1VSUPRRW8PN6MS2MH.jpg,cereal prawns,all,-0.4975678370741318
"../foodsg-233\Chap chye, Nonya\VKA2V77PF4CD5QLLDMTKLZ5M.jpg","Chap chye, Nonya",all,-0.49754256756303933
../foodsg-233\har cheong gai\A2TVYX2BE4SHQB4RADTZ4G70.jpg,har cheong gai,all,-0.49753741374167487
../foodsg-233\waffle\9ETIFRXGEJKJB7KUIHMO59E0.jpg,waffle,all,-0.4975204447138966
../foodsg-233\spring rolls\NMO6SLRF6G24CS00FFJ3R9UO.jpg,spring rolls,all,-0.49751997709089735
../foodsg-233\cooked brown rice\AL1TOWLKV1DOUX65WHOFC1UM.jpg,cooked brown rice,all,-0.4975168014541743
../foodsg-233\Porridge\OZCGM3YK9FDXS12NXAI8WGY2.jpg,Porridge,all,-0.4975015791876487
../foodsg-233\cherries\654UD1H4Y85O9UV4RCVBZ5T1.jpg,cherries,all,-0.49749647773014744
../foodsg-233\canned Fruit salad\47F5U39V4ATNTQD1YMBLB08M.jpg,canned Fruit salad,all,-0.4974961464244187
../foodsg-233\assam pedas\J8RYZT9M4B9TH13D3RCEB9KB.jpg,assam pedas,all,-0.4974898840991188
../foodsg-233\White Bread\21YTVBVT0FNU9AHI1L2KC5EV.jpg,White Bread,all,-0.4974866272237627
../foodsg-233\chwee kueh\M4HNSHUECFKPELTK042G1N9C.jpg,chwee kueh,all,-0.49748027467503836
../foodsg-233\Udon\LL2MDXC2D67VXDUREI9N40SD.jpg,Udon,all,-0.49747894840007856
../foodsg-233\raspberry\6ZX8NOV6L3TQDB15UXGGUKCA.jpg,raspberry,all,-0.49747727061437624
../foodsg-233\cherries\JEMFL72QS8O0S6JWNHYCTQT1.jpg,cherries,all,-0.49746700202248034
../foodsg-233\satay\53PR4T4USKTBPYMUWPQAX0YM.jpg,satay,all,-0.49745577742446373
../foodsg-233\White Bread\XYW1JURPQHIOGU15RY7QICWH.jpg,White Bread,all,-0.4974470020156318
"../foodsg-233\Miso ramen, with fishcake\AZVEJ3PL6AJ3AQDKL0AJG78K.jpg","Miso ramen, with fishcake",all,-0.4974302393961768
../foodsg-233\paella seafood\4R4RYM3ZJOGNVHO2PNRKSVXH.jpg,paella seafood,all,-0.4974179802046081
../foodsg-233\White Bread\PZVCBWAH4MDXGBRHYN7REP42.jpg,White Bread,all,-0.49740813114692245
../foodsg-233\corn\0B75SSZV0JSLU7BRFI7DXVAQ.jpg,corn,all,-0.4974060712398343
../foodsg-233\Papaya\3MAV0D6IE3GTYHG9HBFS67YF.jpg,Papaya,all,-0.4973977464729664
../foodsg-233\blueberries\9N9LBNGLXGSRM9YCZ3NVCFQZ.jpg,blueberries,all,-0.49738958312468134
../foodsg-233\Avocados\0VO1ESETWGX3KO32CYSCUIXY.jpg,Avocados,all,-0.4973809391823491
../foodsg-233\Soto ayam\MPK4XOPKGXK88KMZ7464ZMQ8.jpg,Soto ayam,all,-0.4973778293637463
../foodsg-233\tiramisu\FDYDEZMZQ9CTDKNLVYCXMSVA.jpg,tiramisu,all,-0.4973730714109684
../foodsg-233\kebab - beef\EQ6HA4C95JH5CZP7SBBCZQ6V.jpg,kebab - beef,all,-0.4973680991103928
../foodsg-233\cake\PGKOR1Y5YYYV2EB2MTJCIZKM.jpg,cake,all,-0.49736457460006434
../foodsg-233\pig organ soup\IXHEVZIOHRU3P3BFRECZQJIQ.jpg,pig organ soup,all,-0.4973607311070361
../foodsg-233\sushi\GIKXYQOS063Z0PX1XP6QKBML.jpg,sushi,all,-0.49735190126010603
../foodsg-233\fried chicken\NN8VJJYN03VVNA6DABJILWPH.jpg,fried chicken,all,-0.4973518187252296
../foodsg-233\french fries\TR4MQSM6SF63NSSKWWZLANDA.jpg,french fries,all,-0.497335772918931
../foodsg-233\Apricot\KV0ELN96TZRZ8DFTSM6RDQ0L.jpg,Apricot,all,-0.49729543990508523
../foodsg-233\rojak\38H49PN1ZJSZIFWHY8GWV36L.jpg,rojak,all,-0.49729401922522787
../foodsg-233\Mee goreng\7DM2KIQGBWT9T5J7XOIDXGMF.jpg,Mee goreng,all,-0.497286554468013
../foodsg-233\cake rolls\WH3UXNVZIDUSERSL9EV8QW8S.jpg,cake rolls,all,-0.49727031397855254
../foodsg-233\White Bread\7W2FK4CVDPUOAWZHDU7SK72T.jpg,White Bread,all,-0.4972639505213098
../foodsg-233\pancake\C2322FQW4UHMCAKD1KG1BVBI.jpg,pancake,all,-0.4972620881326301
../foodsg-233\Porridge\TQQLX2ZN4ENIRK6HGW3MVWJB.jpg,Porridge,all,-0.49725757854999647
../foodsg-233\cherries\M4N3UL55OEXJ4SYZW3YM08Y6.jpg,cherries,all,-0.49724856576436033
../foodsg-233\hokkien prawn mee\YLEP3NVTEUCRDAU9G4D7T4ZP.jpg,hokkien prawn mee,all,-0.49723325556217884
../foodsg-233\pineapple\YR754PY6EGXSDOQGOCLIGUM6.jpg,pineapple,all,-0.49721985537317426
../foodsg-233\cereal prawns\PR8KWSFODYBJ6SBGHAZY8UPY.jpg,cereal prawns,all,-0.4972052940506531
../foodsg-233\mangosteen\DROEPE4IM3NVSLN5T2TCU3SG.jpg,mangosteen,all,-0.4972026781354051
../foodsg-233\Fruit juice\PJJYJ7AQTYNLYB9CUIUC4X6P.jpg,Fruit juice,all,-0.4971846860559721
../foodsg-233\bakso\41D93QO8KMAEKBE6BIIC3I9J.jpg,bakso,all,-0.4971836159489002
../foodsg-233\siew mai\49E5ZP1D0VZ5PNE1ZQ86CGGH.jpg,siew mai,all,-0.4971820367024781
../foodsg-233\Kueh Salat\EZMNPUXGDUIM0TECQD5NQXAY.jpg,Kueh Salat,all,-0.49718046042867575
../foodsg-233\tiramisu\S8KV1ND79LHDT7226BGYXYW6.jpg,tiramisu,all,-0.4971793093659731
../foodsg-233\Udon\619HWR2JCRWVEQOG4ZSGSM6Z.jpg,Udon,all,-0.49717394940765985
../foodsg-233\yuseng\IH94D6VVGXZUX36OT10NA1DH.jpg,yuseng,all,-0.4971693739794853
"../foodsg-233\Rice, chicken katsu with Japanese curry\HIJ1ANC3FMPLSYXV8WRONT4W.jpg","Rice, chicken katsu with Japanese curry",all,-0.49716205311863587
../foodsg-233\begedil\6ZGG6ML1M85UCO352WD6TUOF.jpg,begedil,all,-0.4971619030879816
../foodsg-233\drunken prawn\E69I3CQYD4DBG1I71R2KJFSK.jpg,drunken prawn,all,-0.4971413197520418
../foodsg-233\Avocados\IITZ7L49HY25ZTOZ7Q5G1W3M.jpg,Avocados,all,-0.4971290393345565
../foodsg-233\pizza\UD05U81KOLH4PM0UEP6QVP7Y.jpg,pizza,all,-0.4971213922918126
../foodsg-233\Mee kuah\NH6A5PPUPN14WYOGIKQMEIOI.jpg,Mee kuah,all,-0.49710274147536826
"../foodsg-233\Rice, with dakgalbi\7X0XFQKV49WWDFIQEYLU68FE.jpg","Rice, with dakgalbi",all,-0.49709728878807746
../foodsg-233\hotplate tofu\D57Z2LXNDJF48FE5VIX7CQQB.jpg,hotplate tofu,all,-0.49708474957143856
../foodsg-233\chicken soup\SM0KBEU7IQ9TAKOOHFHJG6HI.jpg,chicken soup,all,-0.49708419501380224
../foodsg-233\Chocolate\U8I12FECFNLT4P25SRQUZJ8B.jpg,Chocolate,all,-0.4970703086336679
../foodsg-233\Apricot\FRBN5ZVYP6P4PUIXE810G86E.jpg,Apricot,all,-0.4970650227473121
../foodsg-233\singapore sling\LHQJVLBJ0IU8H1TDAY7XXBRI.jpg,singapore sling,all,-0.4970646171225428
../foodsg-233\Apricot\2GSK5SKYJ30MSFROAXEJNJ7P.jpg,Apricot,all,-0.4970440487383151
"../foodsg-233\Don, chicken teriyaki\TZDVYEP2OR17L9RXBC6G7H9C.jpg","Don, chicken teriyaki",all,-0.49703107692152576
../foodsg-233\tiramisu\WES9L98LZN7AG6XTUNL8R0LZ.jpg,tiramisu,all,-0.49702716300202404
../foodsg-233\pancake\0WF4SWC5FTPI88YV4027WWZ9.jpg,pancake,all,-0.4970264253529467
../foodsg-233\miso soup\LG4O049L9AJ4UYQWPVOVB9UF.jpg,miso soup,all,-0.4970226776963132
../foodsg-233\cooked white rice\C24M5DHRGD6IAUYRP7ZP4EFN.jpg,cooked white rice,all,-0.49702253608444713
../foodsg-233\durian\F2NVHRCDBIGCTWYZYWL9UHBQ.jpg,durian,all,-0.4969915763145889
../foodsg-233\White Bread\RCSKYI96EBZB0FJXXQ2PPDFL.jpg,White Bread,all,-0.49697628650134223
"../foodsg-233\Pilaf, pea\DQ5IQ76HX4UEE8Y9JU2EQRRM.jpg","Pilaf, pea",all,-0.4969545922261097
../foodsg-233\singapore sling\I1U4YJJUY5ADUOFHTQ1E8V0O.jpg,singapore sling,all,-0.49694836576163004
../foodsg-233\Mee goreng\29RWPI3HQ2M4CR07CT50HA54.jpg,Mee goreng,all,-0.4969445821292634
../foodsg-233\pizza\0NJEQS0XVGKEQCZMV3ET9RPN.jpg,pizza,all,-0.4969032474645491
../foodsg-233\chicken masala\PP50955AE7EE9P5S5TUPL3B3.jpg,chicken masala,all,-0.49688925420065166
../foodsg-233\chwee kueh\VIDLKSEGIKRII5LU4GMVNQZY.jpg,chwee kueh,all,-0.49688029936987027
../foodsg-233\Papaya\DVVTYRXCOUFBOEUPCVAVK20D.jpg,Papaya,all,-0.49686956702029866
../foodsg-233\Kopi Teh Milo\0WWT2V2E6H70A0C070XB8U1F.jpg,Kopi Teh Milo,all,-0.49686687417967557
../foodsg-233\passion fruit\DC713SGJ4V4Z0LBBBS7Q85QF.jpg,passion fruit,all,-0.49686510459252514
../foodsg-233\biscuit\QODB1EBPH7M9U6ZE4BE6FVRN.jpg,biscuit,all,-0.49686424876000657
../foodsg-233\Claypot Rice\A1MDZB8YH5SY9LLNL7KUWZSX.jpg,Claypot Rice,all,-0.49686409976602014
../foodsg-233\ice cream - vanilla\J0JU083UH826NLLP8EJNCUJG.jpg,ice cream - vanilla,all,-0.4968640647404921
../foodsg-233\whole grain bread\BUOB4GFE3OU5NTHOX62UAZA7.jpg,whole grain bread,all,-0.4968632732127482
../foodsg-233\Mee rebus\B193G6OPH71CLP6UJYEF3YUO.jpg,Mee rebus,all,-0.49685583959201385
../foodsg-233\ayam penyet\4FG6QNL69RTQHAW1U4LCEGZW.jpg,ayam penyet,all,-0.496854706889256
../foodsg-233\chicken soup\C82AX1041Y9TRDJ4K5VIWG8N.jpg,chicken soup,all,-0.49684362070377486
../foodsg-233\murtabak\L3QCJQHA8812ADPN7YTKLA73.jpg,murtabak,all,-0.4968432628593243
../foodsg-233\cooked brown rice\66VI57L59IKROCMMKWPEKO8Z.jpg,cooked brown rice,all,-0.4968389007187542
../foodsg-233\Grapefruit\1NWG9ALX0I36V4IKXT9OU4QK.jpg,Grapefruit,all,-0.49683066839544765
../foodsg-233\pig organ soup\6XQDCV20UJEXOD9DYSBU82CX.jpg,pig organ soup,all,-0.4968189644884553
../foodsg-233\whole oats\V6CYKIN53N9INHD66JHG9SXC.jpg,whole oats,all,-0.49681355686244105
../foodsg-233\whole wheat\MTM1RSZAMP9ERGAKNCBH54Y1.jpg,whole wheat,all,-0.49681226255087196
../foodsg-233\Claypot Rice\S7JOANG8BCALW5CBKOHSOMZV.jpg,Claypot Rice,all,-0.4968112575667168
../foodsg-233\chin chow drink\CHUEOLQ7CCRIFDNDC0RDH0EO.jpg,chin chow drink,all,-0.49680941717798577
../foodsg-233\milk\1PL5I5T5PCGX3KTBPGW3D9UW.jpg,milk,all,-0.49680860107544483
../foodsg-233\Fried Noodles\6UP3N7PSXFBOE47MNQO287G1.jpg,Fried Noodles,all,-0.49680239009198723
../foodsg-233\bak kut teh\H5C18VZE334TZTXFUBLDY8D9.jpg,bak kut teh,all,-0.4967979484160191
../foodsg-233\salad\JZKH2RIFIPNTKFMV915GPY60.jpg,salad,all,-0.4967962404961734
../foodsg-233\cereal prawns\GJLXNI29FQT5D6AIA8TJ6FJQ.jpg,cereal prawns,all,-0.49679601878470875
../foodsg-233\Duck Rice\3EK7CQY33IMN3S2X42HCHM1G.jpg,Duck Rice,all,-0.4967904347214944
"../foodsg-233\Miso ramen, with fishcake\39MTTEKK3AL9GY6Z2GC6NDC7.jpg","Miso ramen, with fishcake",all,-0.4967858185312339
../foodsg-233\nasi lemak\LD1LYEPUWYTSE2IY0L67W3E9.jpg,nasi lemak,all,-0.49678015124510444
../foodsg-233\Nuts\2UQQIXPRU0ATN1DGJYVK0XEN.jpg,Nuts,all,-0.4967664731903768
"../foodsg-233\Bee hoon, goreng\TV2HUT61TQ7NUI4Q09SESNSH.jpg","Bee hoon, goreng",all,-0.49675934508912284
../foodsg-233\mangosteen\AQXW5TUGCR7420H0UZC799E9.jpg,mangosteen,all,-0.4967578969188298
../foodsg-233\guava\I2SM6ZRY3V6XZL6F48V70FEP.jpg,guava,all,-0.4967543218285143
../foodsg-233\Cucumber\E7P3PKH3RYCIAIR3W5Y4O6IY.jpg,Cucumber,all,-0.4967511063354838
../foodsg-233\Papaya\ZAVWAMIH5W3O5JXG8F0YBRUB.jpg,Papaya,all,-0.4967500615759261
../foodsg-233\Hor Fun\1Q14MHN0KERDT5RRE6XD8KG7.jpg,Hor Fun,all,-0.4967487915719771
../foodsg-233\pineapple\X80EW8QCNQJPC3P7PME21N40.jpg,pineapple,all,-0.49674843610149416
../foodsg-233\passion fruit\4CLP3R3LJ0SPQE65XL2IC3UX.jpg,passion fruit,all,-0.4967467416567713
../foodsg-233\sliced fish soup\SSFOS4Q7PDKCXMS9D43ID3HU.jpg,sliced fish soup,all,-0.49673185845768203
../foodsg-233\bakso\LZJ36YFC7LTQXA2M9IAZI13U.jpg,bakso,all,-0.4967275036656154
../foodsg-233\salmon - grilled\PLU5PZIHHT0GFLDWYJ7S14R7.jpg,salmon - grilled,all,-0.4967242579755915
"../foodsg-233\Bee hoon, goreng\2RZU7AD2XRUB2Z6H2NJFR0UM.jpg","Bee hoon, goreng",all,-0.496720095980688
../foodsg-233\Kway Teow\G9O0SDEVLGH1BRWDSAOXNTBK.jpg,Kway Teow,all,-0.49671262835529056
../foodsg-233\Ban Mian\9DPI5GMK8YRKOKS1W2WC0BR3.jpg,Ban Mian,all,-0.4966877222703756
../foodsg-233\curry puff\N1Z0W5MYSL0HS8JH2ZE2RF48.jpg,curry puff,all,-0.49668467577533876
../foodsg-233\milk\LC34DJ3KSD94W38NPLF77T20.jpg,milk,all,-0.49667750574383873
../foodsg-233\baked beans\G5JDE4PB1EDU3L2NE7M1L12T.jpg,baked beans,all,-0.4966710986857852
../foodsg-233\seaweed snack\V68L8ZTS0LTLA0OPVVU4NUPF.jpg,seaweed snack,all,-0.49666616509884753
../foodsg-233\muesli\NPYS44X9K8IKVOLDZZGF9KQC.jpg,muesli,all,-0.49666394292549976
../foodsg-233\kway chap\D3CYWSQKPKR5CAV34E5LCGWT.jpg,kway chap,all,-0.4966575840648204
../foodsg-233\vegetable soup\S745VY9WS15UHUQ1LTQWP846.jpg,vegetable soup,all,-0.49664685281752874
../foodsg-233\miso soup\FY5BM441YHHOQO9EEYWJ2GQH.jpg,miso soup,all,-0.49663511669501487
../foodsg-233\pineapple\KIJ70SXQ92HAL6Y3EZ5ZI8IW.jpg,pineapple,all,-0.4966348539023011
../foodsg-233\french fries\3XAJJVU9ORDG85SFIGB4O0U7.jpg,french fries,all,-0.49663157783842066
../foodsg-233\yam rice\VLOU7YHJW3FV7D8VQLCGMBTH.jpg,yam rice,all,-0.49662930617025297
../foodsg-233\pig organ soup\VBVI70VWPURXVTVW7SYFFUTT.jpg,pig organ soup,all,-0.49662614770268193
../foodsg-233\White Bread\849A11LXXLLUY4I8PKPQB78W.jpg,White Bread,all,-0.4966212934287106
../foodsg-233\pig organ soup\UE3YZGNW0ULOQKXOPND4Y7J4.jpg,pig organ soup,all,-0.49661079697497046
../foodsg-233\french fries\69ZIAFODCHTYQQHA72OC5L8I.jpg,french fries,all,-0.4966011712656972
../foodsg-233\cooked brown rice\V5UMJR9L1ICE7TM2A89UFBJS.jpg,cooked brown rice,all,-0.4966005204719873
../foodsg-233\cooked brown rice\3YZJV98AZS5I4A2LN0WI4F8K.jpg,cooked brown rice,all,-0.49659568200512577
../foodsg-233\whole grain bread\5ZPWP5NESS1U00N7KFFKWHTH.jpg,whole grain bread,all,-0.49659457373526666
../foodsg-233\xiao long bao\4E1CFKJKX3PKJSJ6GJSDX0GJ.jpg,xiao long bao,all,-0.4965865824383557
../foodsg-233\chicken masala\AHDCLLRC0RTPXWGYEATZWOK3.jpg,chicken masala,all,-0.4965756008478497
../foodsg-233\rojak\69JEWAVW3MI5RIL88A34SQ02.jpg,rojak,all,-0.4965754189444875
../foodsg-233\whole wheat\TNYZ10PIN7WWPST8QXGL0PQ5.jpg,whole wheat,all,-0.4965629243795304
../foodsg-233\cherries\JZD9HJ0VU6IVJTETIBU29W6U.jpg,cherries,all,-0.49655306190966775
../foodsg-233\parfait\62TUF6BTFPPC9H088AUJBDDE.jpg,parfait,all,-0.49655126917907605
../foodsg-233\Ban Mian\AYL4WAIIRLXP2ZTW1AFYPUYU.jpg,Ban Mian,all,-0.4965400351794938
../foodsg-233\vadai\5AZMJ485QPUM1HPRV65U5JV4.jpg,vadai,all,-0.4965210928776437
../foodsg-233\xiao long bao\EB249BR9JFIXPZSD6AP253R0.jpg,xiao long bao,all,-0.49651057994537934
../foodsg-233\french fries\E8MCQENJG5SZ2KHOJZHZKOOT.jpg,french fries,all,-0.49650103460990025
../foodsg-233\bakso\YMM4EBUYX8W9RV4OD4IVMXB3.jpg,bakso,all,-0.4964883029769548
../foodsg-233\bakso\Z9O3CYWLLKPBBDAZM21ZDXW5.jpg,bakso,all,-0.4964817041197449
../foodsg-233\blueberries\K7MXA5CS3Z1G2XPMNCESUHK2.jpg,blueberries,all,-0.4964674288171182
../foodsg-233\mixed vegetables\KBKKGRU3STCS7BCHB2T4UGF7.jpg,mixed vegetables,all,-0.4964671843681982
../foodsg-233\dumpling\3O21RIZF4Z6E0W397FK9TTR1.jpg,dumpling,all,-0.4964622617265063
../foodsg-233\Hor Fun\RQFXE09OTSQQDE6MQ6E9Y6DI.jpg,Hor Fun,all,-0.49645696997563227
../foodsg-233\mango pudding\W4I8KVSD28OJF7NBYAN9EIVE.jpg,mango pudding,all,-0.49645527800488426
../foodsg-233\biscuit\ZGMTXWS65T02C4IMEWECPPYY.jpg,biscuit,all,-0.49645268018814576
../foodsg-233\kueh lapis baked\G8QF1DPDAI5KSY8ZI44O5OJD.jpg,kueh lapis baked,all,-0.4964490284481089
../foodsg-233\siew mai\NRINNGG64Q4CME1HQ3EPK5NQ.jpg,siew mai,all,-0.4964416770591691
../foodsg-233\mango pudding\3IR6YHB7C38B4Z8KHBTBP8TK.jpg,mango pudding,all,-0.49644134430374254
../foodsg-233\cream soup\LDCK27G3K7REE3TLY7R0E0VU.jpg,cream soup,all,-0.4964032122200657
../foodsg-233\salad\XF7UMREUWF150NH9AWRE313X.jpg,salad,all,-0.4964021448260125
../foodsg-233\pizza\G6WBHZ6CQ3K3YOQA6IHOE9FA.jpg,pizza,all,-0.49638873090810154
../foodsg-233\salad\1O1TKTVU30XI83CMF9274RCL.jpg,salad,all,-0.4963864890474355
../foodsg-233\baked beans\AIRUONCG0X5Z8PYPME3TZQL8.jpg,baked beans,all,-0.49638008656334637
../foodsg-233\fried chicken\T4R5SQMDXE5D877DDDT9JZ9H.jpg,fried chicken,all,-0.4963769322323862
../foodsg-233\vegetable soup\D44UXVL0TV5TING15PWYG3H4.jpg,vegetable soup,all,-0.49636968001074017
../foodsg-233\Snacks and Chips\CTEWK98FBTA5SS0F3HW4FIQY.jpg,Snacks and Chips,all,-0.4963685364156617
../foodsg-233\tom yum noodle soup\2ZF9XH2NW39JW9GW9QDFSN6F.jpg,tom yum noodle soup,all,-0.4963590557812993
../foodsg-233\cooked white rice\JOSGHP0VU2NVM5WFX7Z7AH5Z.jpg,cooked white rice,all,-0.4963574707343485
../foodsg-233\tiramisu\NYLX7QCSE87393AEJTWSQFIF.jpg,tiramisu,all,-0.49635046508677483
../foodsg-233\Mee kuah\6UAYOZRM5XIBJ31FFR3V8Y7U.jpg,Mee kuah,all,-0.4963488590075626
../foodsg-233\blueberries\ZBNX62HOEUPT8QCJKPR8L0CO.jpg,blueberries,all,-0.49634266924139625
../foodsg-233\singapore sling\YGGE0ZVMK5PARM67YSKAHM82.jpg,singapore sling,all,-0.4963287945677534
../foodsg-233\Nasi pattaya\WOWZ5JGST0MIAOARPNXMQ9L2.jpg,Nasi pattaya,all,-0.4963280645228843
../foodsg-233\egg tart\BPH36MXKCMB3FAIAVOWABOB3.jpg,egg tart,all,-0.4963224308212382
../foodsg-233\Wholegrain Wrap\4472IW8NJY499YH1K7PD97SG.jpg,Wholegrain Wrap,all,-0.4963221824918627
../foodsg-233\chicken wing\M7PX51RS465QB5I87MFWQA5B.jpg,chicken wing,all,-0.49631785744664303
../foodsg-233\parfait\PG25PEY6F2CVSNSHP4314REY.jpg,parfait,all,-0.496315534197489
../foodsg-233\biscuit\OG2TU46Q38O3C4X6BXNLHE5J.jpg,biscuit,all,-0.49631381848741474
../foodsg-233\blueberries\7VDVZQE6VL727F4FACS8NYXD.jpg,blueberries,all,-0.49631231189143055
../foodsg-233\chicken rice\OU0BTTJ1F83XAP3F5PZS3RWL.jpg,chicken rice,all,-0.4962993231983138
../foodsg-233\Lontong with sayur lodeh\9LVLVI5JTCV76RN10024WVSB.jpg,Lontong with sayur lodeh,all,-0.49628965855764073
../foodsg-233\Mee rebus\YVEPSQQ5W5AWR0A8PYKIROU3.jpg,Mee rebus,all,-0.4962889639381708
../foodsg-233\kebab - beef\2BKEB0AC99NZ6EB27YAW5OZP.jpg,kebab - beef,all,-0.49627832431441876
../foodsg-233\mushroom soup\HEH0CSNEMT61OQ7UQ3H65R7T.jpg,mushroom soup,all,-0.49627134332951
../foodsg-233\Mee kuah\OFVT4K7M2FRA5VLRYVSOZ030.jpg,Mee kuah,all,-0.4962584027712046
../foodsg-233\rojak\XEUES6AIAKONML3L5YUA7NL4.jpg,rojak,all,-0.49624755912080504
../foodsg-233\vegetable soup\LTRFE5VRXFFGHXVDIS4CKXTO.jpg,vegetable soup,all,-0.4962465684834576
../foodsg-233\pineapple\VTSR0S4GM3Z4NY90Y1QFW5CY.jpg,pineapple,all,-0.49624315385525736
../foodsg-233\Grapefruit\GMIKGCVD3NSOVUAHDHQIU0J8.jpg,Grapefruit,all,-0.49624290792847875
../foodsg-233\Grapefruit\FFKUTM88PZTQD3RQSBARJ1EF.jpg,Grapefruit,all,-0.49623172889263956
../foodsg-233\Fruit juice\WJ70PEYMEOLP3FRHNA1GJ6TL.jpg,Fruit juice,all,-0.4962292853199775
../foodsg-233\Fried Noodles\T5H5U68YJO3P0S25MMFCGLM2.jpg,Fried Noodles,all,-0.4962184458534602
../foodsg-233\vegetable soup\2PEIOBKL64D09O1LDJ9UIR1X.jpg,vegetable soup,all,-0.4962184263837698
../foodsg-233\Chocolate\JQVIAICZ29XQDV1MITS2N3K8.jpg,Chocolate,all,-0.49621690302594984
../foodsg-233\hokkien prawn mee\HX3O3RCP5Z0NRGCI8GO3B4IF.jpg,hokkien prawn mee,all,-0.4962115580993758
../foodsg-233\waffle\NM2YQGBNV1CVZ302B0NHTFGJ.jpg,waffle,all,-0.49619741547409274
../foodsg-233\seaweed snack\Y8HXRM97O8G2TGGS27XKO88T.jpg,seaweed snack,all,-0.49619632518387663
../foodsg-233\Udon\MQQV9YFPC15MS5S8U26V7X1F.jpg,Udon,all,-0.49618305154256825
../foodsg-233\milk\WEIYHBO5IPKKWSMLVM9OFKG4.jpg,milk,all,-0.4961654762022047
../foodsg-233\lasagna\P82PDG8W6YHLF2GII64S4LZF.jpg,lasagna,all,-0.49615925643414
../foodsg-233\cherries\6UIW3MAQNPPM5GVPICAB59ZH.jpg,cherries,all,-0.4961490303451777
../foodsg-233\guava\BX75R36LZV3IJBF7SS2GQBUY.jpg,guava,all,-0.49613864932291396
../foodsg-233\pizza\VOGCHOU4AKUOFTBD1R82ORZN.jpg,pizza,all,-0.49613260624810473
../foodsg-233\begedil\PPLLALGYI3A0ENGTYCICNZUZ.jpg,begedil,all,-0.49613147741465335
../foodsg-233\Apricot\A2T8REAFARH1K0C730XQLIRX.jpg,Apricot,all,-0.4961218623908299
../foodsg-233\Pomelo\2YGQ6ROAZSJ0R7TDMU2UT2CG.jpg,Pomelo,all,-0.4961210121767009
../foodsg-233\Macaroni\41IKLBPRBZEF26OW15EFJL4O.jpg,Macaroni,all,-0.4961144686254096
../foodsg-233\Pomelo\V20BEZZHTJJW7NQV7JD5SJ1D.jpg,Pomelo,all,-0.49609907310102286
../foodsg-233\Ban Mian\VTVXZADMAA2UY2SWDXM0NFE9.jpg,Ban Mian,all,-0.49609334642904424
../foodsg-233\Wholegrain Wrap\29VIQUHDJ37OHCKX3IRQ1B53.jpg,Wholegrain Wrap,all,-0.49607882689108074
../foodsg-233\Pomelo\KH6HHOA8MR9KI5Z69J1Q9Q8Z.jpg,Pomelo,all,-0.4960771072292868
../foodsg-233\cooked white rice\ZB4YS2IWCT8W0NJ7QXVB0D8K.jpg,cooked white rice,all,-0.49607155410451964
../foodsg-233\Dumpling noodle soup\UQPQ9FF1LPQFN2KF0ULLZFI3.jpg,Dumpling noodle soup,all,-0.4960514283197241
../foodsg-233\Chocolate\8ZNKR2XQ3D4RRM3RT6AAEZ8D.jpg,Chocolate,all,-0.496047071458563
../foodsg-233\parfait\UIPG2M99Y1NPGH5XY8MV769Y.jpg,parfait,all,-0.4960406154522361
../foodsg-233\Soto ayam\FNIH5O2WAUY0ILMBD1YGXPJZ.jpg,Soto ayam,all,-0.4960358487660898
../foodsg-233\salad\VIPXG2S1BK1LEKEV5D84Q991.jpg,salad,all,-0.49603208616747835
../foodsg-233\wholegrain muffin\0TSH60IYJZSQM1TCT4EE7U9B.jpg,wholegrain muffin,all,-0.49602880698191243
../foodsg-233\siew mai\25IARK4UG6SOBAZ7IX6WXO1Z.jpg,siew mai,all,-0.4960219394921943
../foodsg-233\Grapefruit\NA6M4E9V3O841W9E7LQHDWN0.jpg,Grapefruit,all,-0.49600520341554893
../foodsg-233\gulai daun ubi\HM04XO7DHKP49QOCFOU0KN90.jpg,gulai daun ubi,all,-0.49598648296044084
../foodsg-233\passion fruit\IH6U0OZDCLAPQ153MVPS3NNX.jpg,passion fruit,all,-0.4959746585230884
../foodsg-233\Soft boiled eggs\ABHKTEMVJVT47A6L3PGGGH6N.jpg,Soft boiled eggs,all,-0.4959728713148134
../foodsg-233\cherries\1H4WL43Q7BI6OQ88RJCQMCY9.jpg,cherries,all,-0.4959615499218334
../foodsg-233\White Bread\XIGWXUN68MEJP5ZK4FMCRMY4.jpg,White Bread,all,-0.4959493533444897
../foodsg-233\parfait\ZQ7QZO9P5NPQMMFTLZ73S67B.jpg,parfait,all,-0.4959401300649549
../foodsg-233\Kway Teow\7LST2DSX629UZHUHAMM99JD9.jpg,Kway Teow,all,-0.49593944537208434
../foodsg-233\parfait\RUAZSP113YP0QVKKQKXSZ39D.jpg,parfait,all,-0.495936115840256
"../foodsg-233\Bee hoon, goreng\UE2XAFQCBS9ZQPY6EDKZPCDF.jpg","Bee hoon, goreng",all,-0.4959315732787802
../foodsg-233\vegetable soup\CQYTWVDQDLP79JULQEU5QIZE.jpg,vegetable soup,all,-0.4959181200603469
../foodsg-233\mixed vegetables\ZCEZTXP068H24S268GDRTZWF.jpg,mixed vegetables,all,-0.49591085854452405
../foodsg-233\Fruit juice\NABG6AYC3RCKH2Z864YQM7M9.jpg,Fruit juice,all,-0.49589646541896476
../foodsg-233\vadai\OGSOTTNE3VKKYXSL3WJZOFTM.jpg,vadai,all,-0.49589090639905803
../foodsg-233\mixed vegetables\OVEDRK28EVJNUH6EBFMMZAYW.jpg,mixed vegetables,all,-0.4958803886082796
../foodsg-233\Dumpling noodle soup\B5QRDB41X1HRJWZ0EIEZ79N4.jpg,Dumpling noodle soup,all,-0.4958789732692515
../foodsg-233\egg tart\JDY8OCVNKVO9KS71RPXJSNSZ.jpg,egg tart,all,-0.49587365523935933
../foodsg-233\muesli\HX9I4I7IMO4HOEIIEFAM0PVQ.jpg,muesli,all,-0.49586425076578877
../foodsg-233\Pomelo\1QK881TM7QH0XO27ML2APG4B.jpg,Pomelo,all,-0.4958500081776235
../foodsg-233\passion fruit\5XOZX7ROAVFC38B6U53JYZTG.jpg,passion fruit,all,-0.4958494305145703
../foodsg-233\durian\2VGC7JEV02HD3IJRHZQ4SW5T.jpg,durian,all,-0.4958472068510132
../foodsg-233\cherries\07LUOOFASMS68A5G6J5WDMBG.jpg,cherries,all,-0.4958432753300033
../foodsg-233\Prawn Noodle\BOWT140YI70XHPKD0PIPJMF3.jpg,Prawn Noodle,all,-0.4958309531555749
../foodsg-233\whole oats\3T1VXOS7QGBS2BVJCBBKVPGQ.jpg,whole oats,all,-0.4958296714197532
../foodsg-233\roasted chicken\B484FQRUPYWDGZYSBDJCDUSY.jpg,roasted chicken,all,-0.4958278944711432
../foodsg-233\corn\TST1VO188BA0GLTI4AC6DMC8.jpg,corn,all,-0.49582017852183546
../foodsg-233\strawberry\KOQVETPRH5JK8Y8A24J06MOI.jpg,strawberry,all,-0.4958134461510722
../foodsg-233\passion fruit\PJ7N3R5NFMAM9UV6G5Z2TFHA.jpg,passion fruit,all,-0.4958134063335267
../foodsg-233\honeydew\460V5A5MJ86UU6QLC1IPPQD7.jpg,honeydew,all,-0.4958100428007027
../foodsg-233\Wholegrain Wrap\C30IOB6DZE40JFXYILEZ1BD1.jpg,Wholegrain Wrap,all,-0.4958094081540551
../foodsg-233\pasta - fettuccine\7XU77S7F9MMDRKDP80RY3S2N.jpg,pasta - fettuccine,all,-0.49579899770499225
../foodsg-233\blueberries\3W1APV5WKNO6H236BC52X59W.jpg,blueberries,all,-0.49579413824601715
../foodsg-233\Alcoholic Beverage\0I9KBQJINOG40VF6YLQGXQOF.jpg,Alcoholic Beverage,all,-0.4957938588656204
../foodsg-233\cherries\FSQPY8O2BN6DHHHR913U6PXE.jpg,cherries,all,-0.4957705340637459
../foodsg-233\strawberry\DWSXC7FFYR91CRTWEOD2BVLP.jpg,strawberry,all,-0.49576994042303313
../foodsg-233\sirloin steak\ABL2L7JL3JQ1U5DXWSZXM7Q5.jpg,sirloin steak,all,-0.4957529080649948
../foodsg-233\ice cream - vanilla\JTE6BE3R19V4DJB5FA6LWRQU.jpg,ice cream - vanilla,all,-0.4957490695874266
../foodsg-233\Soft boiled eggs\6UOPIXSP358RFM520GTFO05M.jpg,Soft boiled eggs,all,-0.4957400862790944
../foodsg-233\singapore sling\923I9LHJY34MHJG0X6D4HEDT.jpg,singapore sling,all,-0.4957393559056257
../foodsg-233\pizza\KO5URP102LANQPTETU6PS5EP.jpg,pizza,all,-0.4957336326535784
../foodsg-233\mixed vegetables\65GGOJAWSZJFMKG5HCGTHQ3R.jpg,mixed vegetables,all,-0.49572365133863283
"../foodsg-233\Wanton mee, dry\GEKYQY9A0KHBKR83GTC6RK59.jpg","Wanton mee, dry",all,-0.495718763678768
../foodsg-233\tandoori chicken\RB4W11ED1D2YE6Z1PWOPLE7T.jpg,tandoori chicken,all,-0.49571749967497647
../foodsg-233\steamed buns\MSL1NK487K72N1CNWO5Y6ZRH.jpg,steamed buns,all,-0.4957058249739192
../foodsg-233\chai tow kuay\35HW1JUGTFKQ2X0W7Y6MBEA8.jpg,chai tow kuay,all,-0.4956899580092751
../foodsg-233\fried chicken\EIOJKKFQOAPG1A67SY2OW8JE.jpg,fried chicken,all,-0.4956895086767195
../foodsg-233\sausage rolls\00DUDKYKNYGNVIUQWA7TARRK.jpg,sausage rolls,all,-0.4956806985631021
../foodsg-233\Soft boiled eggs\V5HVEVZZPOUY9MTUH4MBRJRY.jpg,Soft boiled eggs,all,-0.4956794555153655
../foodsg-233\cereal prawns\Y280WC7XYMIO0FR4J9EKT71E.jpg,cereal prawns,all,-0.4956640606040659
../foodsg-233\Fruit juice\MD4D0WNNODTWKWYU9X8KV7QX.jpg,Fruit juice,all,-0.49563702725968745
../foodsg-233\lontong\GSVKMOGD4KT3997K1JWM978A.jpg,lontong,all,-0.49563088161821894
../foodsg-233\sambal\FE8KJ8ZLUSKDOA4XMABTUGLS.jpg,sambal,all,-0.49561845909425867
../foodsg-233\Wholegrain Wrap\ON3PXQ5V88BFQWGY6IJ8QFNC.jpg,Wholegrain Wrap,all,-0.49561818142198233
../foodsg-233\fried chicken\0DHSTNCTRVILOCXIXMNN14OF.jpg,fried chicken,all,-0.495605061977151
../foodsg-233\Fish and chips\OA6XJP0LZFWIVYA35UWFV9R9.jpg,Fish and chips,all,-0.4956014921374393
../foodsg-233\rojak\UUE1JTNGZ3ZG3SPO30WO5VTT.jpg,rojak,all,-0.4955959542657372
../foodsg-233\Duck Rice\PN0VOBSNFK28W5AYSI6AX5YY.jpg,Duck Rice,all,-0.49557414305657566
../foodsg-233\Porridge\LQIUOXFTYEEH97PCEO1DY3YM.jpg,Porridge,all,-0.4955612906337016
"../foodsg-233\Rice, chicken katsu with Japanese curry\O3DG6HTY74HVMTSLKKR29VS3.jpg","Rice, chicken katsu with Japanese curry",all,-0.49556037993048685
../foodsg-233\ayam penyet\A683U95ZZ87IXLBZUR4SE3EA.jpg,ayam penyet,all,-0.49554279149450925
../foodsg-233\xiao long bao\45K00J832MBODQWOGDFKZDEO.jpg,xiao long bao,all,-0.4955407550083583
../foodsg-233\vegetable soup\ZVCNJ6H1Y0IMOR18SEEV0ZUG.jpg,vegetable soup,all,-0.4955118510124297
../foodsg-233\Soft boiled eggs\ASZ6OWUYV53JKHAGCIKUBF9Y.jpg,Soft boiled eggs,all,-0.4955102225914837
../foodsg-233\pasta - red sauce\WERY22P7Y9PEG32CPX124EO9.jpg,pasta - red sauce,all,-0.4955073593641448
../foodsg-233\Mee soto\NZTBXV42ZOEYCPT7GUY0SV6J.jpg,Mee soto,all,-0.49550582743226235
../foodsg-233\Mee soto\6QYOOMELCDOR40WPQL5GAY3J.jpg,Mee soto,all,-0.4954963427559261
../foodsg-233\cherries\1ZO5WBATIZ5ILIIUF21AOX1T.jpg,cherries,all,-0.49549542743676167
../foodsg-233\ice cream - vanilla\IB0GQ3AVV1C2I76WAPVED5YE.jpg,ice cream - vanilla,all,-0.49549231287784284
../foodsg-233\spring rolls\6XRWSCI7O37LLB1AP1MNXRIL.jpg,spring rolls,all,-0.49549107070662757
../foodsg-233\dumpling\PL4XCJLDPZ4V3E646AH2GGQ5.jpg,dumpling,all,-0.495490351648863
../foodsg-233\char siew pau\7CFYVIOGHK0X6O0TQTOU5X8N.jpg,char siew pau,all,-0.49548750910910716
"../foodsg-233\Pilaf, pea\4OT806DV1E84FQJMY64CKOG1.jpg","Pilaf, pea",all,-0.4954868614579184
../foodsg-233\White Bread\LKO1B7KKJS4IFRS0I1DFYNXT.jpg,White Bread,all,-0.4954862374879612
../foodsg-233\Ban Mian\02FGU32R131XWQ2C906YO6Y8.jpg,Ban Mian,all,-0.49548185982259785
../foodsg-233\dumpling\6PGJ6L9FCNS5K2UMUZNKIYMY.jpg,dumpling,all,-0.4954644827780446
../foodsg-233\tortilla - plain\R4T6MYLF91WDDD0F5RAVJ04J.jpg,tortilla - plain,all,-0.49545858837053575
../foodsg-233\har cheong gai\A389F2QRK3KVSPR5KB1SVHNX.jpg,har cheong gai,all,-0.49545354296628585
../foodsg-233\Chocolate\6LPCMRS0QK3SPO285H5A4LF0.jpg,Chocolate,all,-0.49544450960997377
../foodsg-233\durian\31NDGTRSTBPU5A2V1ZFOGPXI.jpg,durian,all,-0.49543079684176267
../foodsg-233\Wholegrain Wrap\ZH918ABI1WN6SFJXG9BYSKS4.jpg,Wholegrain Wrap,all,-0.4954157692809084
../foodsg-233\White Bread\PA9CRN24NJV4HO3R45R42M1H.jpg,White Bread,all,-0.49541362615338086
../foodsg-233\bakso\8K5SJM3ERU20QA24EQE1X77S.jpg,bakso,all,-0.4954055332489997
../foodsg-233\cooked brown rice\WHYT96QP9UZ07T8R8IW80CL7.jpg,cooked brown rice,all,-0.49540208799578944
../foodsg-233\durian\INO9T91ZV814POEL2HLXFJA3.jpg,durian,all,-0.49539468656322033
"../foodsg-233\Don, unagi\CZV3YLRYURLV185RXDW2OAG7.jpg","Don, unagi",all,-0.4953726368345558
"../foodsg-233\Bee hoon, soto\D3L8J1EM51ID0NO0538DJPH2.jpg","Bee hoon, soto",all,-0.49535426166291757
../foodsg-233\Hor Fun\NDMPNFRXFSNV8Z3ZIQBQ262M.jpg,Hor Fun,all,-0.495344337933365
../foodsg-233\pasta - fettuccine\B2N5XF5JSCPKU7VVE51IJ3W7.jpg,pasta - fettuccine,all,-0.4953390616991002
../foodsg-233\milk\3J54UW1DPZNNUMDERYH1RXK2.jpg,milk,all,-0.4953387446130772
../foodsg-233\sliced fish soup\IG5XUSIC6HMJ3BSXW862NGF5.jpg,sliced fish soup,all,-0.4953372687076932
../foodsg-233\Mee bandung\0KWBH8JNFMS628WARO0N1P8X.jpg,Mee bandung,all,-0.49533454527566395
../foodsg-233\egg tart\KZC0X6KMNZPYCVBGE7C5KMO3.jpg,egg tart,all,-0.4953291548970817
../foodsg-233\Kueh Salat\EVO5YKEIF7J89CUD279M3SEP.jpg,Kueh Salat,all,-0.49532774455412515
../foodsg-233\Pomelo\1O9W7IMVHDVO0HORPYZ0QLSR.jpg,Pomelo,all,-0.4953000269111403
../foodsg-233\CNY love letter\0SXNITG3ARHWIM2UTQYGTBTG.jpg,CNY love letter,all,-0.49529833248097044
../foodsg-233\mixed vegetables\SLVXP5GNTCXRIXMH6EALF395.jpg,mixed vegetables,all,-0.49529718506965886
../foodsg-233\strawberry\BRRAGWHP4RMWOD9PFK03XF60.jpg,strawberry,all,-0.49528928552283985
../foodsg-233\pizza\UWN59GG4BEJEJTG9FAZKT6UH.jpg,pizza,all,-0.49528557115348704
../foodsg-233\har cheong gai\3K2UQM62MCLSOZG8E2YWRAB6.jpg,har cheong gai,all,-0.4952827189616788
../foodsg-233\Chocolate\VU9WJOGW0QIKYIDZ5DY715PD.jpg,Chocolate,all,-0.4952725256495535
../foodsg-233\mushroom soup\N6J39G19U13H6WC9RVNRD4SP.jpg,mushroom soup,all,-0.49527235337134096
../foodsg-233\Prawn Noodle\OVJDF6E2P63JCB62DZR81M48.jpg,Prawn Noodle,all,-0.4952655591370673
../foodsg-233\Seafood Noodles Soup\8AAHELR6OFEOSZ9EWNC0IAJ9.jpg,Seafood Noodles Soup,all,-0.4952619700230537
../foodsg-233\Mee bandung\PMCRVJP2C2JHROUMK3O5TUYY.jpg,Mee bandung,all,-0.4952557723744958
../foodsg-233\Katsudon\0Q5Y7FNNZ6IRD7KV6JGBEELD.jpg,Katsudon,all,-0.4952381126478511
../foodsg-233\goreng pisang\JF3INX1JSYU173PHY5LLWEQN.jpg,goreng pisang,all,-0.49522771466069115
../foodsg-233\muesli\FT9ZT84DNPIX06O0WXN4I53W.jpg,muesli,all,-0.4952268199862022
../foodsg-233\pizza\65A4SVV9SN0TF08T3Q3XLBUX.jpg,pizza,all,-0.4952263359689654
../foodsg-233\biscuit\W93W2DS0DTZH3DVNNL143QJM.jpg,biscuit,all,-0.4952260102576839
../foodsg-233\whole grain bread\5S23ZMBON5Q7VWVEXU2ZE6SQ.jpg,whole grain bread,all,-0.49522449363628107
../foodsg-233\pasta - red sauce\LVYENE7CNMQZ5NWAOTZP1PTM.jpg,pasta - red sauce,all,-0.49522071159841474
../foodsg-233\drunken prawn\M7XJCWOG5CNTZR6ROIADXWRV.jpg,drunken prawn,all,-0.4952178142298832
../foodsg-233\biscuit\8SCOMUBVON1PIYZ959LZCHVB.jpg,biscuit,all,-0.49520509818510655
../foodsg-233\Fruit juice\P5ZHUGP63AJY30J3I6RSOSEQ.jpg,Fruit juice,all,-0.4951656843939305
../foodsg-233\mushroom soup\ZO2WLHCKA65FXBQHUATDB33R.jpg,mushroom soup,all,-0.4951646803838053
../foodsg-233\canned Fruit salad\5YIYB9LHH1RKQVRJ6SXPY13O.jpg,canned Fruit salad,all,-0.4951602254965094
../foodsg-233\fried prawn\LIYQ47TB23MAEQ5LA0YN1CMD.jpg,fried prawn,all,-0.495156736624916
../foodsg-233\Indian Prata\NN07HQ1X13HCNXIQWCKPJ6EB.jpg,Indian Prata,all,-0.4951560694137637
../foodsg-233\kuih bahulu\1UPRH9VQL6KF9LRVE8PGKCTX.jpg,kuih bahulu,all,-0.49515390144017546
../foodsg-233\Fried Noodles\LEOWT8E8AKNASGWOBQUD9FP9.jpg,Fried Noodles,all,-0.4951467095084373
"../foodsg-233\Bee hoon, goreng\EGI97YA0H0RC3MW1R4EBNLS4.jpg","Bee hoon, goreng",all,-0.49509285844496637
../foodsg-233\begedil\OADAOOL5A8UV6F1F8IDVEHRZ.jpg,begedil,all,-0.4950855354109668
../foodsg-233\buckwheat\GP7SRLTYM9QSBZHX23D188XW.jpg,buckwheat,all,-0.495082530455445
../foodsg-233\pasta - fettuccine\V252OCT913QLKIZ8HSL6MONU.jpg,pasta - fettuccine,all,-0.4950637029475583
../foodsg-233\pineapple\1OT9AYVVTB6O870F0TNSNN1Y.jpg,pineapple,all,-0.49503340849543875
../foodsg-233\pineapple\84WLZIRVWT9RXVO0UD55WLZW.jpg,pineapple,all,-0.49501676523172145
../foodsg-233\chilli crab\CM22R36F5YZ7QZO85NJLL0J8.jpg,chilli crab,all,-0.49501651719122886
../foodsg-233\Apple\9KM7SIDL9GJHM2YTC84V3VFW.jpg,Apple,all,-0.4950117242582362
../foodsg-233\Grapefruit\BCIH0YO6WS2GI7AMT0F8IOEL.jpg,Grapefruit,all,-0.4950065398307848
../foodsg-233\vadai\JDLK8U5U5ACY6P7TN15YMS4X.jpg,vadai,all,-0.49500072252787963
../foodsg-233\gulai daun ubi\1RQSY0IG2JDAQNFHS8M9RUJP.jpg,gulai daun ubi,all,-0.4949982243255609
../foodsg-233\Udon\CSOJAC0JIDQOZZHSNJVFV7NC.jpg,Udon,all,-0.4949975117606003
../foodsg-233\raspberry\VC6NT6ZO8LQ6NBUYAYV6KISG.jpg,raspberry,all,-0.49498244975094896
../foodsg-233\corn\CGK79CXN98OSQ4T6EUI9FSIY.jpg,corn,all,-0.4949764008568367
../foodsg-233\cherries\2Y5NMEJ9ELFRL661ORG9QG1O.jpg,cherries,all,-0.4949690356766739
../foodsg-233\blueberries\FI3IFS7HW9L5E5ZN9D03NMR5.jpg,blueberries,all,-0.49496893457932645
"../foodsg-233\Miso ramen, with fishcake\Q4W34NSME9XFL6UZSEZ52PYQ.jpg","Miso ramen, with fishcake",all,-0.4949629569690619
../foodsg-233\Indian Prata\GLRF80MD2EMB97751X6A4YQQ.jpg,Indian Prata,all,-0.49495014450975927
../foodsg-233\chwee kueh\A573AHP6C1CBW3ITW7SP5C7O.jpg,chwee kueh,all,-0.49494842126987904
../foodsg-233\steamed grouper\BJVCB9W0SAHE3G1LPL67JWFB.jpg,steamed grouper,all,-0.494940915833231
../foodsg-233\Kueh Salat\1MXQA6BTGL9B5OFV6JWL6MQO.jpg,Kueh Salat,all,-0.494929130556395
../foodsg-233\Kway Teow\7Y6YFS39LBHWERPG78DDZSFJ.jpg,Kway Teow,all,-0.49491856023016567
../foodsg-233\black pepper crab\4FP66M9XY5CKTHVN99FCCMR8.jpg,black pepper crab,all,-0.4949146204025235
../foodsg-233\vegetable soup\LE77ZQAF7B537C58YQN05P43.jpg,vegetable soup,all,-0.4949123833298911
../foodsg-233\kebab - chicken\EJNLL03IFNKYN147H04J070G.jpg,kebab - chicken,all,-0.4949088407369919
"../foodsg-233\Bee hoon, goreng\HJZ6W06IRLMOXNF3ZO4SM17N.jpg","Bee hoon, goreng",all,-0.4949076000075281
../foodsg-233\cream soup\N2D653ARR4XAAFLA3G6CT0JB.jpg,cream soup,all,-0.49490535149601594
../foodsg-233\Alcoholic Beverage\VFIJ2570061VI8CHJF4PH5B4.jpg,Alcoholic Beverage,all,-0.4948894577728631
../foodsg-233\pizza\KF89RM8VBEXM6OX9MMAUD7QO.jpg,pizza,all,-0.4948768116650825
../foodsg-233\buckwheat\61B7VYQ88FLCP1K7RQ6LL2DG.jpg,buckwheat,all,-0.4948713365984848
../foodsg-233\biscuit\8GZ0PJPASW24L1BWINRBM66J.jpg,biscuit,all,-0.4948667622191452
../foodsg-233\waffle\6EJEKGQROAWOTFDB5ON4EDPG.jpg,waffle,all,-0.4948644137856362
../foodsg-233\Kueh Salat\SCRSFEITNEZWZ94P7S8ZG4W8.jpg,Kueh Salat,all,-0.49486363215546514
../foodsg-233\pineapple\FKS62YL4F7KPVJ1EF7Y5AW1C.jpg,pineapple,all,-0.4948618631790533
../foodsg-233\ayam penyet\TZF3NO9VU2Q579CRD8U5P847.jpg,ayam penyet,all,-0.49486081490521167
../foodsg-233\pineapple\MMKVUKDISAP7YG136XTWTV3U.jpg,pineapple,all,-0.4948515444036371
../foodsg-233\hokkien prawn mee\A972M7GAEJULWAST6PIYQ4SF.jpg,hokkien prawn mee,all,-0.49485021757464104
../foodsg-233\Porridge\VX5XSW57W3TXZEDGOV8CFAH3.jpg,Porridge,all,-0.4948463644369744
../foodsg-233\Grapefruit\VHMPOMUM74XPFRLADOAX3LNG.jpg,Grapefruit,all,-0.49484590574038323
../foodsg-233\pineapple\VJZ50TCZTNZAMREWXO676ITU.jpg,pineapple,all,-0.49484364147534426
../foodsg-233\tacos and nachos\CY38L03Z21YZR7N8TYO6YRYD.jpg,tacos and nachos,all,-0.49483550994298
../foodsg-233\sushi\UAMQ76Z2PWMAPCVJ8T3W6HDC.jpg,sushi,all,-0.4948316377691878
../foodsg-233\Hor Fun\6EJ35VBXQB6YICXA6YO44ZW3.jpg,Hor Fun,all,-0.4948272938431645
../foodsg-233\Peanut Pancake\RP3Z838W5LDUK0YWFPMQJVCR.jpg,Peanut Pancake,all,-0.49482249036158715
../foodsg-233\tandoori chicken\Y58NRU6T137O3SBCWB15VXIF.jpg,tandoori chicken,all,-0.4948220857473765
../foodsg-233\Kopi Teh Milo\06HMDWM7UX0668VADNAR0R5H.jpg,Kopi Teh Milo,all,-0.49479376905037115
../foodsg-233\baked beans\W6Y235437R7R08HSRG66DUVB.jpg,baked beans,all,-0.49479323388695967
../foodsg-233\mixed vegetables\J1D2E7CYTXHAQKKTN4MP7VHO.jpg,mixed vegetables,all,-0.49478605507392953
../foodsg-233\murtabak\QQH6481UN16NECMK9UF2LP0K.jpg,murtabak,all,-0.49477203613891935
../foodsg-233\lontong\QEV2YTX0DPXTXKCRA0N387Z7.jpg,lontong,all,-0.49476384599851003
../foodsg-233\lontong\YCJYKS8HH149TMTLUTKA418E.jpg,lontong,all,-0.4947521348858007
../foodsg-233\pineapple tarts\80KMSEZORT7O4Q1B56EFLYW7.jpg,pineapple tarts,all,-0.49474004865905064
../foodsg-233\satay\Z626TUGQYL6KS1QCK4EG1Q4Q.jpg,satay,all,-0.4947400320998276
../foodsg-233\whole grain bread\VL2TKJO4OAMOIHYFRK0L35AP.jpg,whole grain bread,all,-0.49473383763602086
../foodsg-233\pineapple tarts\U63GBEE2CAJN49H8I002GN1H.jpg,pineapple tarts,all,-0.49472272540511164
../foodsg-233\Kueh Salat\ML0HJU6SIS104RUZAJ9MRON1.jpg,Kueh Salat,all,-0.49472151022914834
"../foodsg-233\Miso ramen, with fishcake\16CJ97B1R4I4BPPOXA0ITW7P.jpg","Miso ramen, with fishcake",all,-0.49471835939636144
../foodsg-233\pineapple tarts\D3DHZ3R5NBMPAHFX5TDDC06P.jpg,pineapple tarts,all,-0.4947177127321413
../foodsg-233\Chocolate\BMV83WSKH0LOHPKPHES2CNXX.jpg,Chocolate,all,-0.494712853139176
../foodsg-233\cherries\YZB64JWFVS7VO8574W7E5Q6C.jpg,cherries,all,-0.49471277878700715
../foodsg-233\bagel & croissant\ZFYKOXN4EFSE6KBN1YVEEISG.jpg,bagel & croissant,all,-0.4947013877886105
../foodsg-233\Wholegrain Wrap\V71MYHFC91A0YEEMB3R7B7WH.jpg,Wholegrain Wrap,all,-0.49468949200471346
../foodsg-233\kaya toast\GK6UDRCTTUOE52CWCMSKPS0J.jpg,kaya toast,all,-0.4946875275358252
../foodsg-233\Fish and chips\VWBLU8XVV4NJZUHIZ6W1M21A.jpg,Fish and chips,all,-0.4946790347734615
../foodsg-233\oyster omelette\87UZRP5PHNY1HXY5F02QYH5G.jpg,oyster omelette,all,-0.4946722789361713
../foodsg-233\spring rolls\0W43FIJQNXQDFIBDG0Q3NIG9.jpg,spring rolls,all,-0.4946702624877174
../foodsg-233\baked beans\JDDWWRUNWTEHPPLG06MZBGFK.jpg,baked beans,all,-0.4946605337407519
../foodsg-233\Fruit juice\797MPGSH3NFGHUYBVDXWQ6VI.jpg,Fruit juice,all,-0.4946598124910295
../foodsg-233\fried rice\QV8H7UABJT6GM23GV9UF942Y.jpg,fried rice,all,-0.494654719669432
../foodsg-233\Porridge\LBWAHMIPEG8YP855DOADPQMQ.jpg,Porridge,all,-0.49464939701100963
../foodsg-233\sambal\UE1SX566B16J6SHCXJMGSL89.jpg,sambal,all,-0.4946298393078467
../foodsg-233\tom yum noodle soup\RHKDB51IDC4WPPOILVI8D2YP.jpg,tom yum noodle soup,all,-0.49462728546857254
../foodsg-233\curry puff\DPE3XSWZRBVNX3JD8R919M9G.jpg,curry puff,all,-0.4946262935437022
../foodsg-233\popiah\CH32Y5YV2397MXJ6HQDWJVQ6.jpg,popiah,all,-0.4946157457329425
../foodsg-233\vegetable soup\7SPHXLT5DR6TA8BBWN79CL4V.jpg,vegetable soup,all,-0.49461344014560454
../foodsg-233\Fish Ball Noodles\PXE0TZVHDBD7XJC3MWOP2WZ2.jpg,Fish Ball Noodles,all,-0.494609927993547
../foodsg-233\Grapefruit\IMCDB1QTAPRFCYEVZERSH78K.jpg,Grapefruit,all,-0.49460938870935545
../foodsg-233\Chocolate\5CPCAHDIDPZKMQVEZBJ1FHDD.jpg,Chocolate,all,-0.49457326313138533
../foodsg-233\pineapple\GACFBFPUPSKZB6RMBJV781U0.jpg,pineapple,all,-0.4945614833806483
../foodsg-233\chicken soup\E40HYAM3BQM6BDRUAC23SD3S.jpg,chicken soup,all,-0.4945571200307555
../foodsg-233\preserved fruit snacks\CQHKW1TLBF31SWSDPANWD7MP.jpg,preserved fruit snacks,all,-0.49455574883027886
../foodsg-233\Macaroni\78TJNOZTIZCVZZ5RQIUDLB1W.jpg,Macaroni,all,-0.49454384548402003
../foodsg-233\sirloin steak\9KFQAFAZWML5D6AAT75KNZAH.jpg,sirloin steak,all,-0.4945405190528182
../foodsg-233\Porridge\92CBZHN2HWLZZSTUAA1U8XLI.jpg,Porridge,all,-0.4945382894027404
../foodsg-233\gulai daun ubi\QW8BMOJ69SBB1MVXLZBGNUAE.jpg,gulai daun ubi,all,-0.4945243285208345
../foodsg-233\salad\M0RP73TA4VFPRTUJWUFJOVEV.jpg,salad,all,-0.4945232794663596
../foodsg-233\chicken soup\4MGXRIXJHQLIJ9S5Q9DEMNQE.jpg,chicken soup,all,-0.4945228448293605
../foodsg-233\pineapple\WKVOZ7501IKTZR4T474Z2IDR.jpg,pineapple,all,-0.49452065173509824
../foodsg-233\mushroom soup\L90OBR7XYU3PIWAAK9HYQ964.jpg,mushroom soup,all,-0.49451980758289393
../foodsg-233\ayam penyet\LZMJQ2HBLYTJKXX7DH1P9A4G.jpg,ayam penyet,all,-0.4945179949444249
../foodsg-233\corn\XRWIVFERK00025DCBPJQWH9T.jpg,corn,all,-0.4945092147303008
../foodsg-233\thunder tea rice\FMQ95U2FVVRJ3T3WAICUQE0H.jpg,thunder tea rice,all,-0.49450419636526793
../foodsg-233\whole oats\M3MMXODOCV6UEN1R7KWZTF26.jpg,whole oats,all,-0.49450304547062435
../foodsg-233\paella seafood\CEEJCRE6E0TBLKSPORNMU4HL.jpg,paella seafood,all,-0.49450215685302684
../foodsg-233\sushi\KCU59C3OZ6RVXK3RNBS0LBDI.jpg,sushi,all,-0.49450209106614745
../foodsg-233\Laksa\EFLFSGWLUS2CJ27AV2BD6ZJM.jpg,Laksa,all,-0.4944888727301923
../foodsg-233\pancake\NHMTPR4EYWW6I00RL5BEMEJF.jpg,pancake,all,-0.49448611437058654
../foodsg-233\bee hoon\XTAFF7TOONVAM4KH1NTVPRE5.jpg,bee hoon,all,-0.494481286143694
../foodsg-233\kaya toast\GS82GEAXBHOS4TODSHXE9OM6.jpg,kaya toast,all,-0.49448079286570695
../foodsg-233\pasta - fettuccine\EXBLNJQLNWYL28J7KX7WSRY4.jpg,pasta - fettuccine,all,-0.49447784917380416
../foodsg-233\hokkien prawn mee\U5ZYZC6VKH5LFPDVVPX3B7UO.jpg,hokkien prawn mee,all,-0.4944701984579761
../foodsg-233\kway chap\DQAFZPDWDOIOHV7VZ1N4PGTO.jpg,kway chap,all,-0.4944699566901056
../foodsg-233\chicken pie\QQZDLE4E98B1LHC6IB1ONDYA.jpg,chicken pie,all,-0.49445844350157286
../foodsg-233\Lor mee\2H9SMAV5OCX157TE6VONCMDH.jpg,Lor mee,all,-0.49445125956325076
../foodsg-233\Kopi Teh Milo\XV1HTGPZJI5B0QI28HTWMHGB.jpg,Kopi Teh Milo,all,-0.4944503109199628
../foodsg-233\Soto ayam\9PLDN5I8K63P9SUPN0ZJP5OJ.jpg,Soto ayam,all,-0.49444027169655025
../foodsg-233\rojak\6OH2N3AC6AWRDZH40G3NDFNI.jpg,rojak,all,-0.4944383878431687
../foodsg-233\singapore sling\XQ01WOK6R0FH1XSULZ3BZF02.jpg,singapore sling,all,-0.4944332551748876
../foodsg-233\Soursop\90RATBS6NQS0WWD4NIRQM5LV.jpg,Soursop,all,-0.494431864139887
../foodsg-233\singapore sling\H1OTNXOTQ6ZL2M6ANFO6G9ZK.jpg,singapore sling,all,-0.4944307073601582
../foodsg-233\bee hoon\5D61C871ISLOMJEWQNSMS79Z.jpg,bee hoon,all,-0.49442929275053227
../foodsg-233\hokkien prawn mee\IXZ5WWGYNK64YGJJ66BP0PZY.jpg,hokkien prawn mee,all,-0.4944255859010194
../foodsg-233\Tauhu Goreng\L6LHUN226UIVBHC7829ZGVDY.jpg,Tauhu Goreng,all,-0.49442207424220785
../foodsg-233\yong tau foo\5AXSW91JXWZLW7ZB1NT0EMFN.jpg,yong tau foo,all,-0.4944220711004613
"../foodsg-233\Bee hoon, soto\P2SO25934H3F5IRRUUDTPJXJ.jpg","Bee hoon, soto",all,-0.49441889555376006
../foodsg-233\Soft boiled eggs\92KEH8YLRM9APLZK5HCTI5GT.jpg,Soft boiled eggs,all,-0.4944176661042187
../foodsg-233\Wholegrain Wrap\D0P64KAQDRR17IU06K9MUN3G.jpg,Wholegrain Wrap,all,-0.4944023918378669
"../foodsg-233\Rice, korean bulgogi beef\LTQOR0WWHR5JL0TYCXU6X95R.jpg","Rice, korean bulgogi beef",all,-0.49440180967465047
../foodsg-233\chicken wing\2CAKUA46MN0SZ62WR2DRG5A6.jpg,chicken wing,all,-0.4944006517230983
../foodsg-233\spring rolls\R7VNW47JB4EXB6LKYVDTRGQA.jpg,spring rolls,all,-0.4943952249082691
../foodsg-233\Mee bandung\HTY9H73BYSMNHXL0WOCQ5MG9.jpg,Mee bandung,all,-0.4943795521993938
../foodsg-233\Barley\BL2B7BPRRRGW2J7JOKGTQGGU.jpg,Barley,all,-0.4943766798882775
../foodsg-233\bak kut teh\WADAUG4L37IB52Q1MOW5OS1F.jpg,bak kut teh,all,-0.49436997333942073
../foodsg-233\Duck Rice\GBHVDLR0XVHLEKZ651U9UFZG.jpg,Duck Rice,all,-0.4943356463035751
../foodsg-233\thunder tea rice\6MVR0XADJP50CW9F18P47WTM.jpg,thunder tea rice,all,-0.49433209263865646
../foodsg-233\xiao long bao\K8ECFFCY47877GOLPMG0VFI2.jpg,xiao long bao,all,-0.4943224727259068
../foodsg-233\bak kut teh\F40AX8KTZ1ZJK57KZNOZJKEM.jpg,bak kut teh,all,-0.49432120242131716
../foodsg-233\Bubble Milk Tea\9YTOR98FLNIBHYH5BNUSF7TI.jpg,Bubble Milk Tea,all,-0.494314353293581
../foodsg-233\cooked brown rice\YEF02CIDQ4ZS9H5ISWCWB81L.jpg,cooked brown rice,all,-0.4943085093698677
../foodsg-233\spring rolls\T9KFG96RJU4P75TTOJ2PY5MJ.jpg,spring rolls,all,-0.49430229963273387
../foodsg-233\tau suan\S2DYEMJHY5TL0OT5Y9X5PDGA.jpg,tau suan,all,-0.49430067351707513
../foodsg-233\pizza\BNTXHTNFTQML2QEKBG7X7MKA.jpg,pizza,all,-0.494290233453339
../foodsg-233\meatball\ENN793RIYRFXVAW3J3IADYIT.jpg,meatball,all,-0.49428776764614524
../foodsg-233\vegetable soup\CA7XXHW79F2U5K38VM4V1JGI.jpg,vegetable soup,all,-0.4942845117159203
../foodsg-233\lamb chops\M5XL55ZI30663FKQ3QWALVRP.jpg,lamb chops,all,-0.4942764226495557
../foodsg-233\pasta - fettuccine\DYZ2VO2H0JEMZX9MVHOQE7FT.jpg,pasta - fettuccine,all,-0.4942691338326442
../foodsg-233\bakso\D8NWVEDCJWNHDHIFM06C598S.jpg,bakso,all,-0.49425790285346466
../foodsg-233\Fruit juice\5GZ6GZAQDSN96FANLP3RQIOW.jpg,Fruit juice,all,-0.4942575697715988
../foodsg-233\Barley\Z58YABNOLOOGOQECXRH17G43.jpg,Barley,all,-0.49424572851013354
../foodsg-233\mixed vegetables\HVH58QOGB3S2QTYWX42AZ8DC.jpg,mixed vegetables,all,-0.4942446281551808
../foodsg-233\pineapple\8N0G7PPZ749675GAQ34ZBC9G.jpg,pineapple,all,-0.49423954205946224
../foodsg-233\tandoori chicken\JZBE7FKEJAZQTX5H6L25IPVO.jpg,tandoori chicken,all,-0.49423197929806645
../foodsg-233\Wholegrain Wrap\MZA0G2I5NB8LG25SLNH88TKB.jpg,Wholegrain Wrap,all,-0.494218121494252
../foodsg-233\cream soup\CVF98IPPEJZ6TYKPSK5IPPB6.jpg,cream soup,all,-0.4941914297610378
../foodsg-233\pasta - red sauce\TJX9ZEYLT0FZXSOPJMJ9BSEC.jpg,pasta - red sauce,all,-0.49418192085316204
../foodsg-233\Kopi Teh Milo\E90818FBA9IU7U4CQOT9FRDO.jpg,Kopi Teh Milo,all,-0.4941327943251086
../foodsg-233\cherries\GLHW5LADPNZPONYST78IS1GM.jpg,cherries,all,-0.49413033815220725
../foodsg-233\durian\VEVRYNGU0B9WD4KBI2B277GK.jpg,durian,all,-0.4941271718769473
../foodsg-233\Pomelo\SISGYBWD4FBGNNTUAGRFWZQA.jpg,Pomelo,all,-0.4941169739878453
../foodsg-233\steamed buns\HRFATV84RQHBSSMYBEXZ64QH.jpg,steamed buns,all,-0.494104548208292
../foodsg-233\Kway Teow\QJIF2IOG178J5UJJ3MZ8QC1D.jpg,Kway Teow,all,-0.49409593123468837
../foodsg-233\Papaya\HTZ6U0MCWY1WUMI75PDLVW41.jpg,Papaya,all,-0.4940952285477147
../foodsg-233\preserved fruit snacks\49BAF6ZJVVFXCWHGSB45LV47.jpg,preserved fruit snacks,all,-0.49409123284653933
../foodsg-233\chicken soup\QF1J95C64HOE0JCPW7TIM6IQ.jpg,chicken soup,all,-0.49407701339053595
../foodsg-233\drunken prawn\D02D6RS17LFAYCVNR0ESRGX8.jpg,drunken prawn,all,-0.4940682906475998
../foodsg-233\har cheong gai\2M7Y0QH19M8E9Z3KPRCXGN92.jpg,har cheong gai,all,-0.49405057731406904
../foodsg-233\Nasi pattaya\RD408U3RZC0BWMWK1JCNS47O.jpg,Nasi pattaya,all,-0.4940424450660507
../foodsg-233\waffle\EFG8E77IQO8ODEHCND2T9QSF.jpg,waffle,all,-0.49403024741619395
../foodsg-233\sausage rolls\70G98XSVEDOVVVKWUSLTVUM2.jpg,sausage rolls,all,-0.49402261430246064
../foodsg-233\salad\UKIE0UFO3B7TR75HYBM3V44B.jpg,salad,all,-0.4940128824805749
../foodsg-233\char siew\OCAM4J27LUDHY85R9658S5TC.jpg,char siew,all,-0.49399980715656194
../foodsg-233\Mee soto\RH8VNYZKSCK28YBW44ZFKLJQ.jpg,Mee soto,all,-0.4939773089366124
"../foodsg-233\Miso ramen, with fishcake\P3ZULL8ALMT3YHH1MGHSOTQ4.jpg","Miso ramen, with fishcake",all,-0.4939731379296359
../foodsg-233\cooked brown rice\CH3Q32FX46HJGSWDWLURL32B.jpg,cooked brown rice,all,-0.49396659817939315
../foodsg-233\raspberry\C2UAD04RMZLXDKVSD780VOVX.jpg,raspberry,all,-0.4939604487449916
../foodsg-233\muesli\5JG6XM6MV93Y39U5NISNT87D.jpg,muesli,all,-0.49395311061986424
../foodsg-233\canned Fruit salad\0L6V7467B0FVR6XY8IW0MZPM.jpg,canned Fruit salad,all,-0.4939526895132008
../foodsg-233\wholegrain muffin\CB2UY9CQUCKHZWAGF3A8BDWL.jpg,wholegrain muffin,all,-0.49394904095250725
../foodsg-233\Mee goreng\OGO8J6KLQGWB7Q5K4AFTM0TW.jpg,Mee goreng,all,-0.4939330875915606
../foodsg-233\chicken masala\LYDP6JREDAD5OPGHEOVRO49O.jpg,chicken masala,all,-0.4939291300720178
../foodsg-233\pineapple\RXCCOHQA89U9RP0243RLEOUV.jpg,pineapple,all,-0.49390948650107996
../foodsg-233\Kopi Teh Milo\026LL8YL39KTMSIS78XJQZQ5.jpg,Kopi Teh Milo,all,-0.4939046731707005
../foodsg-233\vegetarian bee hoon\ZUC6FL5MHF184H1DZZI4PMI1.jpg,vegetarian bee hoon,all,-0.49389837454383617
../foodsg-233\whole grain bread\B9NVN33PL2M29HK61JPZK062.jpg,whole grain bread,all,-0.493889728790314
../foodsg-233\ice cream - vanilla\SZYG6QXOT9B6AD1B0T1UU5BB.jpg,ice cream - vanilla,all,-0.4938830104233485
../foodsg-233\cake rolls\4A768YWJLFNLIS0CAWF64U5N.jpg,cake rolls,all,-0.4938817371435847
../foodsg-233\Kway Teow\BLH176XB1K2N04H68R1KBZKQ.jpg,Kway Teow,all,-0.4938666006850167
../foodsg-233\Mee soto\AYR5YWHS8RRUP03IGG6U107W.jpg,Mee soto,all,-0.49386525430116546
../foodsg-233\buckwheat\02ER41W8Q1YATRUHLSJENLS7.jpg,buckwheat,all,-0.4938647547118327
../foodsg-233\Prawn Noodle\PMUDU6MIP4TL9HR0O673QFF4.jpg,Prawn Noodle,all,-0.4938520919052045
../foodsg-233\chilli crab\J8AQF3FTHOVIE4ZUWQS7ILS0.jpg,chilli crab,all,-0.49384500628478906
../foodsg-233\french fries\OR3GODVQ24IRZW7QIPH6TRJL.jpg,french fries,all,-0.4938338509660223
../foodsg-233\fried rice\Z9YVB8P5TUP1CBDXMRW7G92N.jpg,fried rice,all,-0.49383297951016686
../foodsg-233\Fruit juice\9SHMNPUFWIXDJSDZ42ILRB5T.jpg,Fruit juice,all,-0.4938204675702972
../foodsg-233\Grapefruit\MO8V0KOB7HO2QNULWUV5INE1.jpg,Grapefruit,all,-0.49381197541770905
../foodsg-233\whole oats\KW9V0UPQPMYS64K66417OMVC.jpg,whole oats,all,-0.4938064700106068
../foodsg-233\otak\ABIW4KX86YK2X8PEQFMQS6NE.jpg,otak,all,-0.4938023401417644
../foodsg-233\curry puff\MFB6YRIEHT8HT3J4SH50TZAR.jpg,curry puff,all,-0.4937933224082838
../foodsg-233\miso soup\CHHG3KM9WKW2G53L2TAHEU7X.jpg,miso soup,all,-0.4937789430670542
"../foodsg-233\Pilaf, pea\QF1YTN4L71WU1AD67D5D1OYV.jpg","Pilaf, pea",all,-0.49377638984714756
../foodsg-233\pizza\37FQ6PMRCGW9SA4LMO3U9M2G.jpg,pizza,all,-0.4937755316970291
../foodsg-233\cooked brown rice\2OJV1WUTUVQHRD29DCG0D9UK.jpg,cooked brown rice,all,-0.49377304752154444
../foodsg-233\steamed buns\X6G96620FHUCCLH2RV2S79W5.jpg,steamed buns,all,-0.49376440899407154
../foodsg-233\french fries\4WHBTR8VHNT33J1DHQ4S1FMU.jpg,french fries,all,-0.4937567463325297
../foodsg-233\tacos and nachos\YNFHMD29HC6YGZS19AXK9OOT.jpg,tacos and nachos,all,-0.4937553453908784
../foodsg-233\spring rolls\X4L37GR7L1R8NUESZZGKUEOY.jpg,spring rolls,all,-0.49375415366322034
../foodsg-233\mixed vegetables\9ZJEEHM2657DMKRQ3560N3OL.jpg,mixed vegetables,all,-0.49375355424106504
../foodsg-233\thunder tea rice\C02VU4TE80AEQOA694HQRQE0.jpg,thunder tea rice,all,-0.49374519822664886
../foodsg-233\thunder tea rice\PSK6RYHJB24DBIDJNGYI8F8N.jpg,thunder tea rice,all,-0.49371834384679963
../foodsg-233\Fish and chips\NF1J91LQUMCLBE5O1Z86M3OJ.jpg,Fish and chips,all,-0.49369140013847906
../foodsg-233\Udon\DBKF5LIJ4NA20G7M7LW5QUIK.jpg,Udon,all,-0.49369105258487794
../foodsg-233\green leafy vegetables\KBQBMNYZLYD9TGVIJA9YVKHQ.jpg,green leafy vegetables,all,-0.49367328385446607
../foodsg-233\kueh lapis - rainbow\RLDFZ5W136H6R4BVFG2TNNDM.jpg,kueh lapis - rainbow,all,-0.4936560896173496
../foodsg-233\spring rolls\94GJLPD632LKZ0XP62RRQ8KE.jpg,spring rolls,all,-0.4936553537521296
../foodsg-233\begedil\BDXJ0MBURMKSNEI3KPMR5281.jpg,begedil,all,-0.4936455948476595
../foodsg-233\Mee rebus\JRUSXV18JJH5AEUACUE3744X.jpg,Mee rebus,all,-0.4936437403346643
../foodsg-233\Apricot\SL4RORROTZE9PY3L919CTO8X.jpg,Apricot,all,-0.4936405934101466
../foodsg-233\kaya toast\L8PP78LAIX6ZMIYFIV63O4BG.jpg,kaya toast,all,-0.49363477839843073
../foodsg-233\Nasi pattaya\PRMR5R504XJMN16WW9XGPLL4.jpg,Nasi pattaya,all,-0.4936298710782607
../foodsg-233\Fish and chips\6LRD71V161MOIINGMA0IYB1R.jpg,Fish and chips,all,-0.4936175470990295
../foodsg-233\Fruit juice\CHLOM56AEZ9IWO9ZXUM0V9KC.jpg,Fruit juice,all,-0.4936111299747559
../foodsg-233\Cucumber\FDE2386VBVM7V447ZY43UKZ9.jpg,Cucumber,all,-0.4936027659166402
../foodsg-233\french fries\GH3WW93FBP0QH12IFKWNEE7S.jpg,french fries,all,-0.4935874106668702
"../foodsg-233\Rice, with dakgalbi\UXRERN79M9KCFMASG65CA8CO.jpg","Rice, with dakgalbi",all,-0.493587001639543
../foodsg-233\whole wheat\EPH5RM8URPP5ARYD8XIM90DL.jpg,whole wheat,all,-0.49357749228348735
../foodsg-233\preserved fruit snacks\VP5LD263P19SLU4UCV3H1LH9.jpg,preserved fruit snacks,all,-0.4935752464610562
../foodsg-233\Fish and chips\G78QOLMU6M08470BSNL9BLFH.jpg,Fish and chips,all,-0.49355761602993964
../foodsg-233\goreng pisang\QE985O40UXABLW5OIM33Q0V1.jpg,goreng pisang,all,-0.49354509401434543
../foodsg-233\Mee goreng\VZQX0TRLT44U484NZWVODQMJ.jpg,Mee goreng,all,-0.49354507327946334
../foodsg-233\french fries\RT24TNNHIR50SQ4B3M0W9DX7.jpg,french fries,all,-0.49354337460650793
../foodsg-233\Mee rebus\V4NAI5MYLI0616AR2OCY978C.jpg,Mee rebus,all,-0.4935413070653067
../foodsg-233\vegetable soup\5OBJ6AUJLU3EEIN6OWRX8VCV.jpg,vegetable soup,all,-0.4935357348221462
../foodsg-233\pasta - fettuccine\KSPELJOTDST42JIN4DCZWL8S.jpg,pasta - fettuccine,all,-0.4935349192606346
../foodsg-233\kuih bahulu\F6GOY2KOYWU96RHEW6VKZDDN.jpg,kuih bahulu,all,-0.49353380070817743
../foodsg-233\Tauhu Goreng\AR75JHHLM42BKOPVGK72VZIB.jpg,Tauhu Goreng,all,-0.4935303748634101
"../foodsg-233\Rice, korean bulgogi beef\RY4CQSPJAJS2O8L6M10S5KDG.jpg","Rice, korean bulgogi beef",all,-0.4935267655376404
../foodsg-233\milk\U1DTS8Q34CHS907S445JSPUF.jpg,milk,all,-0.49351709225925516
../foodsg-233\fried rice\FCQYGTBKWFZ1F6X4TKWWWRCA.jpg,fried rice,all,-0.4935110627189941
../foodsg-233\bak kut teh\CN35I3HOICP2MB428TO1H4FQ.jpg,bak kut teh,all,-0.49351037679711185
../foodsg-233\Bibimbap\YEQQECMKLS3JDWIA0U84L91Q.jpg,Bibimbap,all,-0.4935091556437624
../foodsg-233\pancake\41TKXSJVXU9L1WLC7PBEL74G.jpg,pancake,all,-0.49350382998970793
../foodsg-233\Pomelo\PTEHXTYW6SY28HJ8REEF2XN4.jpg,Pomelo,all,-0.493498398202038
../foodsg-233\yuseng\WPF44RCMIGUM97YF6UWG5MJR.jpg,yuseng,all,-0.49349662134468564
../foodsg-233\yam rice\439JB7X8SK8HU2S7XRX3QAHV.jpg,yam rice,all,-0.4934617507801463
../foodsg-233\vegetable soup\98HUCS1CE1JL4X750ETCGYF9.jpg,vegetable soup,all,-0.4934420196076182
../foodsg-233\chwee kueh\C28LH52XMO50HO36KSSDSGV1.jpg,chwee kueh,all,-0.49343472367485314
../foodsg-233\begedil\DL66LAJQLW88KPV7TDKROS6A.jpg,begedil,all,-0.49341465248778116
../foodsg-233\kebab - beef\BWSS6PD4IVRMD8CDQBH5B7K8.jpg,kebab - beef,all,-0.49340848579415764
../foodsg-233\Kway Teow\A3PCDFZXNR9K09LY31LNWG61.jpg,Kway Teow,all,-0.4934063781431954
../foodsg-233\Fish Ball Noodles\59S69WZU5HTTPQ4KMCFCTDGQ.jpg,Fish Ball Noodles,all,-0.4933924309706395
../foodsg-233\chicken masala\J8VZ3DAB2WADPIS70MYWWWB4.jpg,chicken masala,all,-0.49339148797989024
../foodsg-233\Pomelo\UN2CMN54XMQD3348FKR4X3NN.jpg,Pomelo,all,-0.4933893475363982
../foodsg-233\durian\99QJBWCKVTL9W5NMW5FYNFE7.jpg,durian,all,-0.49338357541983136
../foodsg-233\miso soup\OEAB0NDL397298QPMEX72RRZ.jpg,miso soup,all,-0.49337864618870503
../foodsg-233\fried prawn\SFMI43TMICSJF51Y32RPCEBW.jpg,fried prawn,all,-0.4933751832412423
../foodsg-233\spring rolls\Y0W7KJ99UFH7RQ809UGXRE2F.jpg,spring rolls,all,-0.4933603842842119
../foodsg-233\pasta - red sauce\183I3F8FBZP77HDARCQPATAD.jpg,pasta - red sauce,all,-0.49334979310605725
../foodsg-233\pizza\1RL09DYVUHLX6SLIEJZ5CS0W.jpg,pizza,all,-0.49332507172298834
../foodsg-233\Porridge\30FUTIJ8WQ7YC8QU4PP4MNUS.jpg,Porridge,all,-0.4933218178739429
../foodsg-233\waffle\K24FT50XT2ZU0PGJABGMRHNC.jpg,waffle,all,-0.4933022707185424
../foodsg-233\sushi\RUA8PGJ73QAW9WM71RER7TGM.jpg,sushi,all,-0.49329877660642457
../foodsg-233\nasi lemak\DNKY2QAE9E6VW9O9VLVE1KIZ.jpg,nasi lemak,all,-0.4932921519038922
../foodsg-233\tacos and nachos\LNMG8R3IUCGQ6LJXSG64AYWD.jpg,tacos and nachos,all,-0.493291144871348
../foodsg-233\kueh lapis baked\4LAFCEE0PTHLQJWHHEYHSUVV.jpg,kueh lapis baked,all,-0.49329063163875525
../foodsg-233\Hor Fun\V2DQED11H7LXSW9NNOFOD77P.jpg,Hor Fun,all,-0.4932703700084209
../foodsg-233\cheng tng\JQ60S2J42SLLRXT138TBAEUS.jpg,cheng tng,all,-0.49325822110019796
../foodsg-233\sliced fish soup\WK981WM5TUC0Y6UXZH071BAA.jpg,sliced fish soup,all,-0.4932448217314627
../foodsg-233\Apricot\6RXO8IOWGP76ETTL2NMZQPB1.jpg,Apricot,all,-0.49324406828449363
../foodsg-233\chwee kueh\62KBKBOV06P3KBFBRS4RGLIZ.jpg,chwee kueh,all,-0.4932425277367897
../foodsg-233\Snacks and Chips\UBVMK2PT78KRHSQZY9FTPDAO.jpg,Snacks and Chips,all,-0.4932418840424297
../foodsg-233\pig organ soup\Z645UOQ1G6BYI4UG15D6KGZE.jpg,pig organ soup,all,-0.4932328995429389
"../foodsg-233\Don, unagi\V1UUDDH958SRU7K7LHOE45ZT.jpg","Don, unagi",all,-0.4932198721191705
../foodsg-233\kebab - beef\ESM95VH3YF428M17EA8QFXNM.jpg,kebab - beef,all,-0.49321416385964334
../foodsg-233\lasagna\9R8MUIN4VP5Z7QCE9F293MST.jpg,lasagna,all,-0.493201987105179
../foodsg-233\Chocolate\EG4LLC87CX5T1QOFKUBN5DBJ.jpg,Chocolate,all,-0.4931939978276981
../foodsg-233\Bubble Milk Tea\QOHEUDKB14QNQU03EC9X2IKC.jpg,Bubble Milk Tea,all,-0.493188764405221
../foodsg-233\begedil\WANSIPPZ7FGSJWRIOA92RIMU.jpg,begedil,all,-0.49318019572653027
../foodsg-233\Snacks and Chips\2DF6EZQP0CJP2U0GP5BNQ3O6.jpg,Snacks and Chips,all,-0.4931785582616381
../foodsg-233\kebab - beef\44WBRM7ZQ00ELWCNKNE37A6T.jpg,kebab - beef,all,-0.4931633571433694
../foodsg-233\char siew pau\K57NU5Y181SERSC6YTJBALCX.jpg,char siew pau,all,-0.49316202597116227
../foodsg-233\cream soup\N3WNQ0AIY8CXB803PR7O3BZN.jpg,cream soup,all,-0.4931579135980219
../foodsg-233\pineapple\LAN5VCO2MCHFNO9LEY1YSZ4M.jpg,pineapple,all,-0.4931510668655413
../foodsg-233\french fries\4PZOWCN1GCWLSZ0CBBOQEAK6.jpg,french fries,all,-0.49314090965908425
../foodsg-233\Apricot\8VAIS1A7NGCD0KFOFEDAGW5Y.jpg,Apricot,all,-0.493136028111534
../foodsg-233\chwee kueh\E9NMGMYH6CVDPV1WZSHD97R8.jpg,chwee kueh,all,-0.49311559816315886
../foodsg-233\xiao long bao\USICG4A2K7PTURJUSF46QBGI.jpg,xiao long bao,all,-0.4931115715116952
../foodsg-233\Snacks and Chips\5UMLCZD6Q3S9CO14ZPAXRBVM.jpg,Snacks and Chips,all,-0.49307897992779653
../foodsg-233\Mee goreng\2BI2X8ZV7WT8XI11H6LW7G4P.jpg,Mee goreng,all,-0.4930774199121385
../foodsg-233\salad\JY7X68XHAKTYD5WP6LOHQX7M.jpg,salad,all,-0.49307624957337765
"../foodsg-233\Bee hoon, goreng\5VE7AP7OXB9WVTQ3TKXV1ET5.jpg","Bee hoon, goreng",all,-0.4930723991281027
../foodsg-233\Mee rebus\F3MASH85CIIN25XWG4A7OJNT.jpg,Mee rebus,all,-0.49307055106315845
../foodsg-233\french fries\M847BY4OQSEE7SDL14QAZKF9.jpg,french fries,all,-0.4930592607454126
../foodsg-233\sirloin steak\9H9B6EMC24194IWDKB2D9LOI.jpg,sirloin steak,all,-0.49304453163547834
../foodsg-233\fried chicken\L5ESD0FE7E6937AZGDF95W5K.jpg,fried chicken,all,-0.49304327446455765
../foodsg-233\sambal kangkong\2QGDJH5B0H0MTDTQAK6XVGOF.jpg,sambal kangkong,all,-0.4930038224755825
../foodsg-233\canned Fruit salad\3LOF8NXL1SWJSSQOW79OTUVL.jpg,canned Fruit salad,all,-0.49299514018456536
../foodsg-233\cake\H3X0UNNA3B9Q4X1ZYBADK4GH.jpg,cake,all,-0.49297870935103366
../foodsg-233\sausage rolls\AKKK0PBFGKUNV1Y6BDZDQR7I.jpg,sausage rolls,all,-0.4929758650179794
../foodsg-233\green leafy vegetables\AGKIZBQVO0AX0PA25PKQWN9V.jpg,green leafy vegetables,all,-0.4929656502568793
../foodsg-233\kueh lapis baked\G0ZZR4VFGXG78BEDO9YJQMKL.jpg,kueh lapis baked,all,-0.49296214331487015
../foodsg-233\vadai\5ULQDKX0OJUAC4RCQ74D98BN.jpg,vadai,all,-0.49295679700194006
../foodsg-233\wholegrain muffin\XIO7C0Y6LB8NWOA5QK5BWX3C.jpg,wholegrain muffin,all,-0.49293591638005635
../foodsg-233\Mee soto\DGIMKRCE9B39YASPFHQBI2LT.jpg,Mee soto,all,-0.49292828181804516
../foodsg-233\paella seafood\ANNVCXUE81VHQXWZZIJDP5W3.jpg,paella seafood,all,-0.49291292907384526
../foodsg-233\paella seafood\JHIRDQICU4RCV86PJCR9OAWR.jpg,paella seafood,all,-0.4929109373858865
../foodsg-233\Soto ayam\S67R5UN3O3SIZ8V91DSKICDE.jpg,Soto ayam,all,-0.4929061173611932
"../foodsg-233\Rice, chicken katsu with Japanese curry\V3REM7F454WL3BLFR3ORHHJN.jpg","Rice, chicken katsu with Japanese curry",all,-0.49290547443595295
../foodsg-233\Apple\JNKLTXQV4R95R1UDZY5FBS2P.jpg,Apple,all,-0.4929020496872932
../foodsg-233\fried rice\WXE1EYRER2E1MYJGAOEMCALA.jpg,fried rice,all,-0.49290173894534334
../foodsg-233\vegetable soup\81BY42V2OU4LUMUZL902BU0E.jpg,vegetable soup,all,-0.4928868370613888
../foodsg-233\Kway Teow\UWWTCZI9ZYKH63DWOZ53JOOZ.jpg,Kway Teow,all,-0.49287806735749906
../foodsg-233\muesli\MVO19ASRMYLLGD2XYDQXUJGP.jpg,muesli,all,-0.4928768241620461
"../foodsg-233\Mee siam, fried\XMUU4CH1HEWQYH9RERMH873K.jpg","Mee siam, fried",all,-0.4928591080956952
../foodsg-233\chin chow drink\KL7GSOOXIN7IG23N9QFBLX49.jpg,chin chow drink,all,-0.4928582112121528
../foodsg-233\french fries\J519RFOHMZIGR4OK0TT9A4DU.jpg,french fries,all,-0.49284682631956317
../foodsg-233\Chocolate\OU8T6LJIY5PIMCJM8GTG2HQY.jpg,Chocolate,all,-0.4928436308459238
../foodsg-233\milk\VGZQR8M148B70VWE906QRS8T.jpg,milk,all,-0.49284295279183826
../foodsg-233\Claypot Rice\8SIQC403YLL9B674HNFAE3LD.jpg,Claypot Rice,all,-0.4928237023449329
"../foodsg-233\Bee hoon, goreng\8QAPRWF0V94AX5R5RR9A9G0I.jpg","Bee hoon, goreng",all,-0.4928219144467295
"../foodsg-233\Rice, with dakgalbi\IUNBV54M2GC07IESY5IP8PNO.jpg","Rice, with dakgalbi",all,-0.49282143819905116
../foodsg-233\chicken masala\U56MJZ9945LXIU23CMLUMSTQ.jpg,chicken masala,all,-0.49281782681929176
../foodsg-233\popiah\BFKRV67Z7XCZ83HVS72R0BXD.jpg,popiah,all,-0.492817126029423
../foodsg-233\tacos and nachos\8JEJI3ZT61WH91KYFLKYCSIA.jpg,tacos and nachos,all,-0.49281673415134797
../foodsg-233\tutu kueh\VBIUGG7RV1AQBSWY13ESV4EK.jpg,tutu kueh,all,-0.492790178844473
../foodsg-233\fried chicken\MM6NXXTW2S1N78HE0HK5HDL7.jpg,fried chicken,all,-0.4927788111884722
../foodsg-233\Sweets\BHOEEXF3S2KK3BMAF8YKPV4X.jpg,Sweets,all,-0.49277828924812556
../foodsg-233\salad\JA7XWGB50MJTJYVXWFVMWSND.jpg,salad,all,-0.4927580243254493
../foodsg-233\Bubble Milk Tea\JQNSWHEOR1XRQOW52FCJG81K.jpg,Bubble Milk Tea,all,-0.4927544469361924
../foodsg-233\Indian Pancake\D39RVFKKU4JNHZCV76BOKC2E.jpg,Indian Pancake,all,-0.4927479050085162
../foodsg-233\begedil\2XBICA0JM75NE7V745U0U47Q.jpg,begedil,all,-0.49273774475155946
../foodsg-233\Kway Teow\LPMLLA1I02DWZ6ROBJLIH2NC.jpg,Kway Teow,all,-0.49270365114894554
../foodsg-233\Macaroni\W4HEY43ZWCDFL0E0ZR8ZDVKO.jpg,Macaroni,all,-0.4926941575459575
../foodsg-233\Udon\NDOLWBQKK7AI1ICUA43O32XF.jpg,Udon,all,-0.49269009663199886
../foodsg-233\steamed grouper\FVPXX4F499S1EU9PB54EOP6V.jpg,steamed grouper,all,-0.49268792356668506
../foodsg-233\Macaroni\4HE2CUF46IUFS7A8EX71XY88.jpg,Macaroni,all,-0.49266111464293183
../foodsg-233\cooked brown rice\UMHMB0BZQJ0NYMT7S1QMXN1E.jpg,cooked brown rice,all,-0.49264366531544396
../foodsg-233\sausage rolls\FNHMJNO12NWD3PZ9ADQYRZ99.jpg,sausage rolls,all,-0.4926432121253175
../foodsg-233\seaweed snack\ZQSYLZBNJP9V2ODP0VI1WS4V.jpg,seaweed snack,all,-0.49263384271496014
"../foodsg-233\Miso ramen, with fishcake\PRKYUDHGJWOPL23559ZAUSN3.jpg","Miso ramen, with fishcake",all,-0.4926273472577445
../foodsg-233\muesli\79LH8YJPGDV9ETAWZ24K7M1V.jpg,muesli,all,-0.49262599596269263
../foodsg-233\Fruit juice\QZD807PIETPQX47FEF9FA38Y.jpg,Fruit juice,all,-0.4926246854672537
../foodsg-233\Bubble Milk Tea\IBHXHX1U2648G9ICMOZ2MXH5.jpg,Bubble Milk Tea,all,-0.49262380011065116
../foodsg-233\CNY love letter\HFL8YGG7W9G1YH7GAGBGATF4.jpg,CNY love letter,all,-0.4926186309333668
../foodsg-233\cream soup\3M40Q30FL3IOBUW94G47VOFX.jpg,cream soup,all,-0.4926131136500099
../foodsg-233\biscuit\HVX1GIT2GAXQIU4S1QA0MPVY.jpg,biscuit,all,-0.492610244105529
../foodsg-233\Bibimbap\7WMNZRFI8K89HD7F1W22578F.jpg,Bibimbap,all,-0.4926085202255569
../foodsg-233\fried rice\EBR1VZE18TQN2YI0S967N1BJ.jpg,fried rice,all,-0.49259954493983493
../foodsg-233\kway chap\UNIOKZEF13WU9JTG971V7ANY.jpg,kway chap,all,-0.49259787151682083
../foodsg-233\milk\2DV51WPRA6U2PWGJ1F9EI8ET.jpg,milk,all,-0.4925957045325791
../foodsg-233\pasta - fettuccine\GO0I7I1J11IDYQ6PH57L22A5.jpg,pasta - fettuccine,all,-0.49258922980608977
../foodsg-233\char siew pau\DF1I17DMRH9K8H6O6L76GUJ5.jpg,char siew pau,all,-0.49255166015825746
../foodsg-233\pasta - fettuccine\H21519VE4GSJC2Y2BWGY4ZS9.jpg,pasta - fettuccine,all,-0.4925485645586714
../foodsg-233\yuseng\T89NO4V4BT8F8406KGCR12Z4.jpg,yuseng,all,-0.49254786953038066
../foodsg-233\mixed vegetables\NM5WX3KVOI0HNV4NHTIBL81D.jpg,mixed vegetables,all,-0.49254515339102195
../foodsg-233\mushroom soup\FFW59IHQ7ZDDMUW6PZRCP7L3.jpg,mushroom soup,all,-0.4925276547532113
../foodsg-233\french fries\CY9XZRP9WLNVLYM74H79NDRE.jpg,french fries,all,-0.49252476334216827
../foodsg-233\whole oats\TOS1IBVKXSYOOAVIV8XK0J30.jpg,whole oats,all,-0.4925174065546695
../foodsg-233\muesli\KQ2XVLZCEKHZPKQCHKJOG4MD.jpg,muesli,all,-0.4925132597067905
../foodsg-233\tandoori chicken\ISLPTGPL6QHCQCVEEUZSRJ7E.jpg,tandoori chicken,all,-0.4925014783285447
../foodsg-233\Udon\97KMF06R0UDY8VOEF1D83N1O.jpg,Udon,all,-0.4924969505200239
../foodsg-233\Porridge\FURNIWNL2KEFA816H7623TYU.jpg,Porridge,all,-0.4924750041387879
../foodsg-233\pineapple\XC4H8QHXHG4KVMIAWAP06M9G.jpg,pineapple,all,-0.49247285257811774
../foodsg-233\rojak\4X3TVTUNKUTB112F5ONXYNB4.jpg,rojak,all,-0.4924578888947669
../foodsg-233\steamed grouper\KTP16G6EC3K9IQNQ2R9FC0QB.jpg,steamed grouper,all,-0.49243597878995277
../foodsg-233\Soursop\EUTUG7K5872QJJ29LGQXUL3R.jpg,Soursop,all,-0.4924308242288917
"../foodsg-233\Pilaf, pea\2BNUHQMK6FOZHQGIYXE7B3K3.jpg","Pilaf, pea",all,-0.492423769751017
../foodsg-233\kebab - beef\L8NEGYL6MS3J0XAU30I0GLOM.jpg,kebab - beef,all,-0.49240565638174016
../foodsg-233\Kopi Teh Milo\45OJJC2LJ8UVE2TNXI590WBY.jpg,Kopi Teh Milo,all,-0.4924037267478904
../foodsg-233\wholegrain muffin\5EQRAKTMI6HM0Q26NH6CYGDE.jpg,wholegrain muffin,all,-0.49239215118037116
"../foodsg-233\Bee hoon, goreng\1ID0JOAT9S26E2HTDBOZE6KK.jpg","Bee hoon, goreng",all,-0.4923770961668806
../foodsg-233\french fries\QY1HPPGSHQGU0FPJVGLABCRD.jpg,french fries,all,-0.49237469461516753
../foodsg-233\Indian Pancake\13Y8FQA46DFSCP5CGVS18SFY.jpg,Indian Pancake,all,-0.49235694161704296
../foodsg-233\Kopi Teh Milo\0J0DASXVNGRSDLWFX3NF9B56.jpg,Kopi Teh Milo,all,-0.49234417046935824
../foodsg-233\tom yum noodle soup\BXR74QL711510HORBAVPQTDT.jpg,tom yum noodle soup,all,-0.492343103737469
../foodsg-233\french fries\MJLQZFJWRTY39WPI2JEN1W55.jpg,french fries,all,-0.4923395198765159
../foodsg-233\wholegrain muffin\C7CXN7784MZPM6JL08NTEU5O.jpg,wholegrain muffin,all,-0.49233111466951046
../foodsg-233\canned Fruit salad\GHXA36FB243PT8L26F71R7QT.jpg,canned Fruit salad,all,-0.4923268709543561
../foodsg-233\begedil\3U1X7RC6Q7C59QHW3FET8ES6.jpg,begedil,all,-0.492323152061517
../foodsg-233\egg tart\NTF5EOXXET9HVWZRQF7VUOXV.jpg,egg tart,all,-0.492323013108685
../foodsg-233\steamed buns\VILNS7U39CZ15YCH9XWKQQLD.jpg,steamed buns,all,-0.49230413288545494
../foodsg-233\chicken soup\E5Q35WDHGHBLT559JZ4ELE1F.jpg,chicken soup,all,-0.4922806704386656
../foodsg-233\cereal prawns\7Y5PT612YMWZBJ92G6N1RLZ0.jpg,cereal prawns,all,-0.49227744557413344
../foodsg-233\egg tart\ZNNA946XA543IJSDZUAZJ2K7.jpg,egg tart,all,-0.4922753690284633
../foodsg-233\salmon - grilled\3S568WO6BN8KHTQQH84UBL80.jpg,salmon - grilled,all,-0.49227144354814745
../foodsg-233\Alcoholic Beverage\4HH3RBWSTOQ7SUQI1XZLXPD4.jpg,Alcoholic Beverage,all,-0.4922710670498043
../foodsg-233\milk\BJYTQPM9PSSB6Q5G03VFT52W.jpg,milk,all,-0.4922586849728699
../foodsg-233\cake\R536Z5SK0FCPE6MJQI0XE6PL.jpg,cake,all,-0.4922500985153714
"../foodsg-233\Bee hoon, soto\DLM31R3O0Y7L5PECSGG70PP3.jpg","Bee hoon, soto",all,-0.49224048526375574
../foodsg-233\baked beans\LV18HJBDBC9HFZQ7IYOTMIHU.jpg,baked beans,all,-0.4922293200981747
../foodsg-233\pancake\YNILSFVPX2MK6SK6NRR3TSS9.jpg,pancake,all,-0.4922246164375892
../foodsg-233\Alcoholic Beverage\XHSVXTJYBV9YUUERPG26JZRI.jpg,Alcoholic Beverage,all,-0.4922042340953733
../foodsg-233\preserved fruit snacks\ZUB6AD0NVX7NNT4YF8UKJPTI.jpg,preserved fruit snacks,all,-0.4921962253910408
../foodsg-233\fried rice\YFH3RT2FRQD4HTNJ0TX4UYX8.jpg,fried rice,all,-0.49218547151317094
../foodsg-233\satay bee hoon\CWLY5AE0UHT0GBG3DTLODGUL.jpg,satay bee hoon,all,-0.492184657690769
../foodsg-233\cake rolls\RCUWFOP6RSV8FY9HIXQYY72E.jpg,cake rolls,all,-0.49217720888141403
../foodsg-233\sausage rolls\BNGYC0TD0DTQLRBBXJ947TKV.jpg,sausage rolls,all,-0.4921737367826256
../foodsg-233\cheese fries\QWUG7IM1T7QUFZLSUTX6UJD0.jpg,cheese fries,all,-0.49217203710043117
../foodsg-233\hokkien prawn mee\TQMUUHODHC6GMKCDFVSE79X8.jpg,hokkien prawn mee,all,-0.49217124468053536
../foodsg-233\Alcoholic Beverage\H2FCSG44LTBMIMCE668KYJD1.jpg,Alcoholic Beverage,all,-0.4921688323795752
../foodsg-233\pineapple\OLVKL0NYY3XGOGTOL0DS8P25.jpg,pineapple,all,-0.49216702968861864
../foodsg-233\sausage rolls\AKM5HKLNVO0XHJQ8DPBU16DD.jpg,sausage rolls,all,-0.4921642935682909
../foodsg-233\Apple\CPS1A9MGY5CZBRYYZNQZ11JJ.jpg,Apple,all,-0.4921587672234786
../foodsg-233\sirloin steak\XBMJ7344CIE1J1IC6HUUPD5L.jpg,sirloin steak,all,-0.49215774220952935
../foodsg-233\satay bee hoon\7U3ANLZTM1F0I94TFJD8V5PS.jpg,satay bee hoon,all,-0.4921542684794225
../foodsg-233\preserved fruit snacks\4IWV2AC0HNJ39ZQDXQSNCWT7.jpg,preserved fruit snacks,all,-0.4921528746298851
../foodsg-233\Mee goreng\4GWNI01DHA9K1PPJEBPWS5KV.jpg,Mee goreng,all,-0.49214886323670715
../foodsg-233\pasta - fettuccine\A2A2EEW4C1338LYAYL2V0DWG.jpg,pasta - fettuccine,all,-0.49214878661336264
../foodsg-233\canned Fruit salad\875TGWUI8JBYT30VUR1ZO0YQ.jpg,canned Fruit salad,all,-0.49214085700036003
../foodsg-233\kebab - chicken\2X2K2W9T1ENC7N0E9NUMNIEF.jpg,kebab - chicken,all,-0.49213645812139684
../foodsg-233\vegetable soup\B02WSG7TBXPMD9ZR9007YA20.jpg,vegetable soup,all,-0.49213372545007983
../foodsg-233\Fried Noodles\F16QFN888XOR594UZLB7UZYY.jpg,Fried Noodles,all,-0.4921249324507545
../foodsg-233\fish head curry\Y1OUFFF3CXVHF5RR9LCUDCFZ.jpg,fish head curry,all,-0.49212165544752967
../foodsg-233\waffle\9LHZM6WNOPWOJ1YGD6QX535U.jpg,waffle,all,-0.4921109000293219
../foodsg-233\whole wheat\QL5BQP8XLM1MQYTCHTLAOTRV.jpg,whole wheat,all,-0.49210234967870115
../foodsg-233\french fries\E5HALZDSLR6SM54QQELGBV3X.jpg,french fries,all,-0.49209636026810755
../foodsg-233\thunder tea rice\4HNJC8GYS2XV0VUUC6O6P0FK.jpg,thunder tea rice,all,-0.49208030942345765
../foodsg-233\biscuit\B0O2QEX54D07OVLJBR24SF0R.jpg,biscuit,all,-0.4920709822878516
../foodsg-233\tandoori chicken\13RW5SX0Z6BYFC13I1V8781R.jpg,tandoori chicken,all,-0.4920532597033287
../foodsg-233\Dumpling noodle soup\MH9D3AYP3ESMYA58LVVH2H2G.jpg,Dumpling noodle soup,all,-0.4920531574918731
../foodsg-233\Lontong with sayur lodeh\YJBSRVP257PPFTHYV50DTJ6T.jpg,Lontong with sayur lodeh,all,-0.49205123082929464
../foodsg-233\steamed grouper\LQX6BW026FV4Z6LMG1I8JVIM.jpg,steamed grouper,all,-0.492033462299911
../foodsg-233\lontong\3DLMZVGIH2VEYDOT60HFAR05.jpg,lontong,all,-0.4920288955574375
../foodsg-233\Nasi pattaya\JIZ8GVEZDUPK9DSXDI0QOGK6.jpg,Nasi pattaya,all,-0.4920260478871269
../foodsg-233\char siew pau\ZXMIIW2GFEIRWBX35XWEG1LQ.jpg,char siew pau,all,-0.4920256357880519
../foodsg-233\Wholegrain Wrap\7NW9BPRNKMFV9ZIVBWXMPRT2.jpg,Wholegrain Wrap,all,-0.4920225730740161
../foodsg-233\Nasi Ambeng\WOAU8O9LXHHLPGJZJS1Y6WXU.jpg,Nasi Ambeng,all,-0.4920165693672713
../foodsg-233\Udon\7P103HXZZ3WR26GPTS0BCUFP.jpg,Udon,all,-0.49200796801861535
../foodsg-233\spring rolls\XGKMNP598S76K73JUOOMB4RB.jpg,spring rolls,all,-0.49200792365910406
../foodsg-233\muesli\41P5QDIIUZEIK5IYDX3ZPQII.jpg,muesli,all,-0.49200771550411226
"../foodsg-233\Mee siam, fried\IVEFIZ5KOC79TFDLQVX49C2Z.jpg","Mee siam, fried",all,-0.4920068364851753
../foodsg-233\vegetable soup\84SR9KOO2JN1EVGAWERE1JPL.jpg,vegetable soup,all,-0.49199472756515084
../foodsg-233\beef noodle soup\B82LM3QEKB6WFLNFBOA8KOIU.jpg,beef noodle soup,all,-0.4919918665752194
../foodsg-233\bakso\O27MJAR7OP9PJOCKVAPTJRUF.jpg,bakso,all,-0.4919740827469658
../foodsg-233\cereal prawns\ZJC3BHZ8W5WJHYVYAMB0NIU2.jpg,cereal prawns,all,-0.4919541978436458
../foodsg-233\Nasi pattaya\O4VMIYFZSO36BS3YTW2GIZ3B.jpg,Nasi pattaya,all,-0.4919213368467795
../foodsg-233\fried rice\H3RBYHA2INAMPNNF3P9F7IPC.jpg,fried rice,all,-0.49191751646660714
../foodsg-233\mixed grills\T8W7S3ZWT2SX0MVW7819NT6M.jpg,mixed grills,all,-0.49191684672373615
../foodsg-233\Laksa\DXGL1Z4QJHOGLZDBKDXSQFZM.jpg,Laksa,all,-0.4918911470569491
../foodsg-233\chicken wing\AEC2WX0CC1YEE6B7H6ZY0H5P.jpg,chicken wing,all,-0.49188057445242594
../foodsg-233\Pomelo\M1GJ6YDD5CTNCJ183TX3XJRC.jpg,Pomelo,all,-0.49185754202754245
../foodsg-233\Fruit juice\DFYOIYSAH2396KKR4VL902YJ.jpg,Fruit juice,all,-0.4918557158143791
../foodsg-233\raspberry\C0JEFDTKHA6YDEV6K6JT1D66.jpg,raspberry,all,-0.4918456936825604
../foodsg-233\Mee bandung\OIYVJ5JTUIV6TPBSS0ZN4SFG.jpg,Mee bandung,all,-0.49183464192602133
../foodsg-233\Macaroni\JHM1QMUI0U7SGS6THBIGZKVE.jpg,Macaroni,all,-0.49183451927207406
../foodsg-233\pancake\J9J8RC1UIKYDXB79DLNAKXC6.jpg,pancake,all,-0.4918337335510853
../foodsg-233\satay\041QGZX8XJJA3QAS6N8SQ4TW.jpg,satay,all,-0.49182680490402625
../foodsg-233\durian\40IY2USHU9IC602X6ZGYO4DW.jpg,durian,all,-0.49182201423635163
../foodsg-233\wholegrain muffin\4VBL045WQKTOCZ163MN5XD9P.jpg,wholegrain muffin,all,-0.4918145011523402
../foodsg-233\chwee kueh\6EJJ316PDAAZXTQAG9NYDU5C.jpg,chwee kueh,all,-0.4918074666970094
../foodsg-233\chicken rice\OQVIYVVPZ2FXCAGHHNH1O35M.jpg,chicken rice,all,-0.4918070982022027
../foodsg-233\roasted chicken\22ISEUSPYQTKWNW6G32LTD5I.jpg,roasted chicken,all,-0.49178993719580627
../foodsg-233\pasta - red sauce\HR3ZKXTT0GPSSS3C8PMEHL1O.jpg,pasta - red sauce,all,-0.49177896076064415
../foodsg-233\hotplate tofu\I008U4IUV1IG806JOFY5N407.jpg,hotplate tofu,all,-0.49177179827423567
"../foodsg-233\Bee hoon, goreng\5M6J7MCP0YVB9U9VRL8J6Z2G.jpg","Bee hoon, goreng",all,-0.4917682692873296
../foodsg-233\Chocolate\YOZBELZPNXVWA2RTZJKT41YE.jpg,Chocolate,all,-0.49175412922145667
../foodsg-233\egg tart\RVXG38VT8SAHHUJ24QZG2279.jpg,egg tart,all,-0.49175395829127555
../foodsg-233\vegetable soup\D66EGY81NMUHKGKB7WQKEYMN.jpg,vegetable soup,all,-0.4917480123654763
../foodsg-233\tom yum noodle soup\NTZOV829FNCUD5TS822YF7UV.jpg,tom yum noodle soup,all,-0.4917475516479028
"../foodsg-233\Wanton mee, dry\NMN7P5HXCIUO0SVHPWE60HSD.jpg","Wanton mee, dry",all,-0.49174159710647947
../foodsg-233\fried chicken\FVRO1JGLWK9M7AOBIIN8MYHL.jpg,fried chicken,all,-0.49173666831699775
../foodsg-233\Fruit juice\PX8PCM9BWTH1RJEUT36I4QKA.jpg,Fruit juice,all,-0.4917342291012322
../foodsg-233\Claypot Rice\F37G4917Z8B7B3RN2ZGQCNXL.jpg,Claypot Rice,all,-0.491732887770968
../foodsg-233\Kway Teow\DXSF748R21SFTPB5PMUI57CX.jpg,Kway Teow,all,-0.4917314309024794
../foodsg-233\cooked brown rice\DA7AO7UQKSVMTOR4CSWRTUAF.jpg,cooked brown rice,all,-0.4917107460971714
../foodsg-233\preserved fruit snacks\JMFS3K2XMZ7JI9VMLSFF9IT5.jpg,preserved fruit snacks,all,-0.4917081944317533
../foodsg-233\cereal prawns\DFBL8TD3RO9KPGPXJIPNGFLS.jpg,cereal prawns,all,-0.491706027201738
../foodsg-233\Tauhu Goreng\DKIVJ684DCQTY3TTK01OWV7N.jpg,Tauhu Goreng,all,-0.49170401031078936
../foodsg-233\spring rolls\EDZXZ0PLOGINO0QS7RUA5SP3.jpg,spring rolls,all,-0.4916932513675942
../foodsg-233\Pomelo\IG1I6Q7Z736TCTREOH6JDL8X.jpg,Pomelo,all,-0.49168729885847945
../foodsg-233\Chocolate\TLMJZLVL72S2JG8XEYOZ2K81.jpg,Chocolate,all,-0.49168459294753514
../foodsg-233\Bibimbap\7A9R2MOFVAUWSR3C3LIZP5X4.jpg,Bibimbap,all,-0.4916814391041277
../foodsg-233\miso soup\J6QMHL2AYGGZDM4WCZWSSO9Z.jpg,miso soup,all,-0.4916796890793886
../foodsg-233\Fruit juice\R9T18DSKTJCTZLQLM2GI3ELN.jpg,Fruit juice,all,-0.4916539914962445
../foodsg-233\muesli\PTUXIIAVLFG36TBOJCUKUXEM.jpg,muesli,all,-0.4916485294497048
../foodsg-233\mixed vegetables\OK40FE2LVXRIV63DN2XKZM5H.jpg,mixed vegetables,all,-0.4916456131628396
../foodsg-233\meatball\B04LBB2E5LHEJ26LQQ1ZYIHD.jpg,meatball,all,-0.4916322239135583
../foodsg-233\milk\46JNBJW91W3QDL3I7BQX8QMN.jpg,milk,all,-0.4916233206208137
../foodsg-233\Mee soto\0649TOB0K6YOONWM0LA5AOU2.jpg,Mee soto,all,-0.49162317753584667
../foodsg-233\sambal kangkong\NVDHHZAM2KAX85YCJIQJTGAO.jpg,sambal kangkong,all,-0.49162180778902254
../foodsg-233\chicken wing\9B0TW55TJ95F5J52K2F9AAOV.jpg,chicken wing,all,-0.4916001320336311
../foodsg-233\chicken rice\ZGA10W4P0XPF6YLCH4UAUAVU.jpg,chicken rice,all,-0.4916000679356146
../foodsg-233\kueh lapis baked\CMRN9707D2CUVC60QGFQKKL1.jpg,kueh lapis baked,all,-0.49159494289618016
../foodsg-233\Kueh Salat\ZGWTQ49V0C21XAT8JSSPQWXL.jpg,Kueh Salat,all,-0.49159069249641685
../foodsg-233\cake\VFHETRCP7W0JW01MHU0M30PK.jpg,cake,all,-0.49158714371691786
../foodsg-233\vegetable soup\9DZ9CMHX63P7VBEH5X36C16Q.jpg,vegetable soup,all,-0.49158631062410485
../foodsg-233\fried chicken\9AY5147HAWGCT1XA6BWZL0DX.jpg,fried chicken,all,-0.4915831204436229
../foodsg-233\cheese fries\YTL0Z3HKXG9TKGCP4DR2GN5P.jpg,cheese fries,all,-0.491569504221011
../foodsg-233\whole oats\51J1PTDJZ1O6JY9A8OHBOWJM.jpg,whole oats,all,-0.4915585220277179
"../foodsg-233\Bee hoon, goreng\L8QDUTRTF8F4LILJ8W7T5AIF.jpg","Bee hoon, goreng",all,-0.4915580235404595
../foodsg-233\cream soup\JP6LMZB8G7OFORU4HCACTKG9.jpg,cream soup,all,-0.49155366442286796
../foodsg-233\Nasi pattaya\5N219SP6W975Q6ZGU5ZC0FZX.jpg,Nasi pattaya,all,-0.4915358496848164
../foodsg-233\lontong\ZWG4Z388D7XJQN4PD5BS9ISS.jpg,lontong,all,-0.49152376326433506
../foodsg-233\Fish and chips\9MLILH77MPKGPY8FNNW253XC.jpg,Fish and chips,all,-0.4915208468148938
../foodsg-233\Pomelo\P415GSB4CDDT4QFO95QLJ7Y6.jpg,Pomelo,all,-0.4915207069918529
../foodsg-233\curry puff\AMV6M9KOLGQB5M3X6ZFYTN76.jpg,curry puff,all,-0.4915118720662672
../foodsg-233\Mee soto\MSEZY6ULIKNEGIPG50YGJXZH.jpg,Mee soto,all,-0.49151078124901504
../foodsg-233\Mee goreng\F29KICO055KM4IDU0CBEYEBE.jpg,Mee goreng,all,-0.49150516165828845
../foodsg-233\char siew pau\ZKO0IZ35N81XDNLOEY9P3SLU.jpg,char siew pau,all,-0.49150238809267804
../foodsg-233\chicken wing\QSCHFQX7ZXALK3ABO2S700EH.jpg,chicken wing,all,-0.4914984853388478
../foodsg-233\miso soup\BX021W93LNSZZPYLUILIGOUQ.jpg,miso soup,all,-0.49149560172335455
../foodsg-233\Wholegrain Wrap\XK2DHZK03VE3WACD7N1MWZVS.jpg,Wholegrain Wrap,all,-0.49149152120191275
../foodsg-233\salad\045TUM0AGUA9DN78FF7DZ1OG.jpg,salad,all,-0.49148878707387383
../foodsg-233\salad\WAN730A8TPFJ8E41FFSW3R2O.jpg,salad,all,-0.4914882179401713
../foodsg-233\char siew pau\231TGDVAF4MC966D2NVKH1IQ.jpg,char siew pau,all,-0.491485939411387
../foodsg-233\Mee soto\ZQ1RNWJZ4TUO14NCP5JN78G1.jpg,Mee soto,all,-0.49148197636184077
../foodsg-233\Tauhu Goreng\A6S78C8G9NW5EVY3XAWYRCAQ.jpg,Tauhu Goreng,all,-0.4914756898786598
../foodsg-233\Pomelo\OARAUDWL6EWGNU2HDSIZAS91.jpg,Pomelo,all,-0.4914739195440232
../foodsg-233\Seafood Noodles Soup\9EDMAYK006YA31OUS9D7WWD9.jpg,Seafood Noodles Soup,all,-0.4914683076752037
../foodsg-233\Wholegrain Wrap\3592VN3B01KD4UOU4BYBT0L9.jpg,Wholegrain Wrap,all,-0.49146480523274877
../foodsg-233\bak chor mee\UT0FC6ZIYOCZ5S4U4F8N5A2Y.jpg,bak chor mee,all,-0.49144933418953574
../foodsg-233\waffle\UKA26TXVLE7FC3T6LVL07QDV.jpg,waffle,all,-0.4914456802989514
../foodsg-233\char siew pau\I3VTUUZ4RWZU23H7E665E74Z.jpg,char siew pau,all,-0.4914443546157733
../foodsg-233\Katsudon\H2BEDJL9RGICK26CUJUXBY1O.jpg,Katsudon,all,-0.4914414673699894
../foodsg-233\beef noodle soup\E3KL5ZHH1A6T36YXMXTEVES5.jpg,beef noodle soup,all,-0.4914357938746674
../foodsg-233\Duck Rice\L0962XVL4L8RNY7INGEHGZ9W.jpg,Duck Rice,all,-0.49143418524370514
../foodsg-233\begedil\U825QTK8UTKJLISLSX00NM2V.jpg,begedil,all,-0.49143211175149604
../foodsg-233\cake rolls\XAHWHXF8TVKW7QPS059J0XRE.jpg,cake rolls,all,-0.49142837112334253
../foodsg-233\lasagna\4RYP3ADW0BIG6V0JJHDM5SJ9.jpg,lasagna,all,-0.4914279910906716
../foodsg-233\sirloin steak\Z9585VDCDLYDJN1WB69DDYUL.jpg,sirloin steak,all,-0.491422202345079
../foodsg-233\tau suan\1LJEIQ57IMPAFZH5RWTO6H4O.jpg,tau suan,all,-0.49141766782590995
../foodsg-233\rojak\GZ1B360CRS3QCKQN9P4TL0Z5.jpg,rojak,all,-0.49141338551234715
../foodsg-233\chicken masala\JNON8OJJL8Z4AAKKUDF7GDA9.jpg,chicken masala,all,-0.4914055273446009
../foodsg-233\chilli crab\X5154LOZ3RU5U3X39G64421X.jpg,chilli crab,all,-0.491391085960339
../foodsg-233\chilli crab\NM538L2QC11PE3XAKLE2ZIF8.jpg,chilli crab,all,-0.4913901856182799
../foodsg-233\whole wheat\OLXZYCBIMTTFBM3SCJHPZRDJ.jpg,whole wheat,all,-0.4913875548094133
../foodsg-233\spring rolls\Y5B0DCBAMRTQ0AXJAPL8MF94.jpg,spring rolls,all,-0.4913810408071725
../foodsg-233\Bubble Milk Tea\GQXPFT5OXR7R017JHYTW0YJH.jpg,Bubble Milk Tea,all,-0.4913785879045513
../foodsg-233\Fruit juice\QPL4L1Q468WKI5BGWJ0WQMP2.jpg,Fruit juice,all,-0.49137088673467005
../foodsg-233\pineapple\IHJSA9N46PIN684N4B8PVX4R.jpg,pineapple,all,-0.4913675847218083
../foodsg-233\bee hoon\MFPZL51JN9MPA260X039THEP.jpg,bee hoon,all,-0.4913596801210892
../foodsg-233\Nuts\37VAA2W674HC4C5GGIYEOTKQ.jpg,Nuts,all,-0.4913589881307629
../foodsg-233\tandoori chicken\TE4C91FCNEX4QOGGP83YCCK5.jpg,tandoori chicken,all,-0.4913571641700647
../foodsg-233\CNY love letter\QIWLY94M58EMY30APS5U0554.jpg,CNY love letter,all,-0.4913458288018074
../foodsg-233\fried rice\DSPPZ4ZML3X01YBWNBQ3ESL4.jpg,fried rice,all,-0.4913431597754154
../foodsg-233\spring rolls\OSPVMV9USDUVVK5TEF7959BN.jpg,spring rolls,all,-0.49129598628891374
../foodsg-233\Nuts\Z23MWKSEONMOAF6FKR22SFF2.jpg,Nuts,all,-0.4912942641772743
../foodsg-233\chai tow kuay\5D3GWKCJEQ4KS6UA5KNCK9DS.jpg,chai tow kuay,all,-0.4912937682695885
../foodsg-233\pasta - fettuccine\7LSZBCOHLGYLVWORSAQKVTF3.jpg,pasta - fettuccine,all,-0.49128734526174633
../foodsg-233\spring rolls\XWP0XAMEAAHK94RXQXUZF6G9.jpg,spring rolls,all,-0.49127661521539034
"../foodsg-233\Bee hoon, soto\YMK2IILQGU7V4YSHOBRVOFNW.jpg","Bee hoon, soto",all,-0.491244580369011
../foodsg-233\Kopi Teh Milo\PXEF6IVDSHH6JGQTC07U4R23.jpg,Kopi Teh Milo,all,-0.49124274159508896
../foodsg-233\Sweets\3V55VJF9062UJM7BC6GAKUS6.jpg,Sweets,all,-0.491235220604827
../foodsg-233\goreng pisang\LABEAH9ZMKH5V0X84B8A3X45.jpg,goreng pisang,all,-0.4912287511775117
../foodsg-233\bee hoon\TAK323HSRPT347KAL1AGDBXL.jpg,bee hoon,all,-0.4912179230550339
"../foodsg-233\Bee hoon, goreng\YAPB1F251FLWC4BVTFMLJ9PD.jpg","Bee hoon, goreng",all,-0.4912156820147621
../foodsg-233\mixed vegetables\H3CDSY8PBLVH264P1K9J86TS.jpg,mixed vegetables,all,-0.4911882847909571
../foodsg-233\steamed buns\1WU7P3E5PM98FO821KS8PJWZ.jpg,steamed buns,all,-0.49118643342651536
../foodsg-233\kueh lapis baked\6WTFCTDETI8JRPP1JWRO22BT.jpg,kueh lapis baked,all,-0.4911843946951824
"../foodsg-233\Rice, korean bulgogi beef\T9Q1ESZH2V3YDMTQRGOR2T9Y.jpg","Rice, korean bulgogi beef",all,-0.49117399155984903
../foodsg-233\popiah\0A0L1LBH5HUQGSEE7ISKA4RW.jpg,popiah,all,-0.4911735565280224
../foodsg-233\chilli crab\5BIA85KJBAJMQDMMHPLZ0CIE.jpg,chilli crab,all,-0.49117054182173364
../foodsg-233\sausage rolls\GOWF4LN23DKMF0EWG9WY46AG.jpg,sausage rolls,all,-0.4911653023711831
../foodsg-233\satay bee hoon\5O7L2W0ADBENV6TYUN9A2PHI.jpg,satay bee hoon,all,-0.4911598002619707
../foodsg-233\Nuts\7A52239BKST4WUJKQFP2Q6YQ.jpg,Nuts,all,-0.4911544394103234
../foodsg-233\bakso\0BZB6T06BGFXB6QLPMJSZ5NB.jpg,bakso,all,-0.49114940375943056
../foodsg-233\tom yum noodle soup\CECQ9FGGEZO1HM26E4TQ2EDD.jpg,tom yum noodle soup,all,-0.4911460160346469
../foodsg-233\vegetable soup\IEVKJ258AEGGUVSIFDK92MEH.jpg,vegetable soup,all,-0.4911446869168621
../foodsg-233\canned Fruit salad\K4WCA2BKO14X2Q6IM75NOGA7.jpg,canned Fruit salad,all,-0.491144062125057
../foodsg-233\sambal kangkong\YLYHP6SBROEHIQSYEL23V1SW.jpg,sambal kangkong,all,-0.491134381161053
../foodsg-233\muesli\7CP0XGIIZ3A0MEL7WQK1J5NQ.jpg,muesli,all,-0.4911320912725751
../foodsg-233\Kway Teow\NUR56RMKX2L9A40ZDV073WR6.jpg,Kway Teow,all,-0.49111886408833094
../foodsg-233\Chocolate\QMV285DEOV3QUU8UP5L21QLB.jpg,Chocolate,all,-0.4911066570891394
../foodsg-233\chicken soup\AQOGQYF7BG0CZBZRSXCQKO6C.jpg,chicken soup,all,-0.49109830775518376
../foodsg-233\Kway Teow\QYBHK2BPRXMVZZBQ6BGCVDRB.jpg,Kway Teow,all,-0.49109653433180345
../foodsg-233\Fish Ball Noodles\RH39OUX9KGTAWXPB9P5OTD5H.jpg,Fish Ball Noodles,all,-0.49109320452379357
../foodsg-233\dumpling\C9A8HUI00FZ6X00VMOUCX0VJ.jpg,dumpling,all,-0.49109046098137843
../foodsg-233\paella seafood\IALERV1GHGRX5VGG4Z7APGTJ.jpg,paella seafood,all,-0.491089628245071
../foodsg-233\pasta - fettuccine\YD92LARENLGDYUVJ9NE8QTLL.jpg,pasta - fettuccine,all,-0.4910784428768996
../foodsg-233\canned Fruit salad\FZMBMXU2DIP3W71J22NU98KB.jpg,canned Fruit salad,all,-0.49107511363666806
../foodsg-233\chicken wing\KKFO20V78M0IOI6SR4E8OZ9F.jpg,chicken wing,all,-0.49106983695418366
../foodsg-233\buckwheat\0G0LYXXO0H1XNCX0W8NAGW30.jpg,buckwheat,all,-0.49105833969494034
../foodsg-233\sambal\065IHP0B1DWJ1OL1QBWN6YGF.jpg,sambal,all,-0.49105204085056836
../foodsg-233\hokkien prawn mee\U2W0PLXRDTDHUO5FPM4XOB0P.jpg,hokkien prawn mee,all,-0.4910496993176981
../foodsg-233\Tauhu Goreng\GJ9BQ32TOSREIQOGWACTTKUU.jpg,Tauhu Goreng,all,-0.49104775712926735
../foodsg-233\vegetable soup\RATPQSRGE58BF6DXEYZ2DA0C.jpg,vegetable soup,all,-0.49103592238715993
../foodsg-233\vegetable soup\W9NILTI55SOQOHBK0H4G3BH7.jpg,vegetable soup,all,-0.4910318044851956
../foodsg-233\roasted chicken\2JXYF9PHYHY01OIQIRHOUOCY.jpg,roasted chicken,all,-0.4910293125935787
../foodsg-233\sausage rolls\XEXQE0RTDF7CQQZQABNINLYI.jpg,sausage rolls,all,-0.4910133156485938
../foodsg-233\CNY love letter\J03LJVE1F619IKA24UCXQBOH.jpg,CNY love letter,all,-0.4910108913795014
../foodsg-233\whole oats\GACG5HBUU708U4PBDWYWEWFA.jpg,whole oats,all,-0.4910082826941933
../foodsg-233\milk\W6EBUL8F6HB0NZS25WZ3I8UM.jpg,milk,all,-0.4910046480438074
../foodsg-233\kuih bahulu\VZZUSKBOJ1WYOMGUJJJI90PF.jpg,kuih bahulu,all,-0.49100304909378073
../foodsg-233\popiah\IU3X0TZK0X5TG78DWSSOE8KJ.jpg,popiah,all,-0.4910002037425193
../foodsg-233\mee pok\X8PDT41UZCPPBMHWARBNIG5Y.jpg,mee pok,all,-0.4909963770848996
../foodsg-233\Fish and chips\M4UIWDQJ5MMH2WD2T4PZH933.jpg,Fish and chips,all,-0.4909675396702465
../foodsg-233\Soft boiled eggs\R66VIIYQNFUNNFA3PLZBH1HT.jpg,Soft boiled eggs,all,-0.4909518278099034
../foodsg-233\spring rolls\ZODYEX58K2GP7NWD1CDDG9G0.jpg,spring rolls,all,-0.4909481159347477
../foodsg-233\Mee siam\JDOT6L1S9X3ILS5L3QXW9GQ5.jpg,Mee siam,all,-0.4909466423823245
../foodsg-233\biscuit\JP1C46QWF899SMEK58WW92SL.jpg,biscuit,all,-0.49093440281118106
../foodsg-233\kaya toast\U78LWIX25GMYXOEI8TQUQ7ED.jpg,kaya toast,all,-0.49091785511261454
../foodsg-233\chicken masala\YXLZYK23KHITDT4Y9XQN3CHO.jpg,chicken masala,all,-0.49090867283117373
../foodsg-233\milk\UDW3OJP0CRNJ84ISPFYCQHH2.jpg,milk,all,-0.4909073567830598
../foodsg-233\vegetarian bee hoon\GEERBA45FIEYJ8HQS5F5NEUH.jpg,vegetarian bee hoon,all,-0.49089365997975243
../foodsg-233\kuih bahulu\2I10QDTN0G6PDZ7170UNWF86.jpg,kuih bahulu,all,-0.4908797061822402
../foodsg-233\biscuit\GKCT19L8BHAJXATEMJVII1P4.jpg,biscuit,all,-0.4908774531298995
../foodsg-233\kuih bahulu\U0LO3KFQQY3S9SDNVL935OMI.jpg,kuih bahulu,all,-0.49086830708457757
../foodsg-233\chilli crab\2QT4TUCKHZN6MMMMAWR2IIC9.jpg,chilli crab,all,-0.490864924172677
../foodsg-233\muesli\EBHB1GWTBIUYGMBKAPPTAZ59.jpg,muesli,all,-0.4908630643033494
../foodsg-233\vegetable soup\1B4A4R2EGPZP9HTVOMF1RWTO.jpg,vegetable soup,all,-0.4908498761692618
../foodsg-233\dumpling\N1IKC3FQ25EM5M45H6S6RNMS.jpg,dumpling,all,-0.4908487590117937
../foodsg-233\durian\SVHVIP5AW2S28LCDW9F4NPWW.jpg,durian,all,-0.4908473329694589
../foodsg-233\roasted chicken\EKXTMPPKB1HDRJGHVSXSU773.jpg,roasted chicken,all,-0.49083143981986493
../foodsg-233\kebab - chicken\ZRYKEL3RWQI4RT877IBYDT6I.jpg,kebab - chicken,all,-0.4908277777450624
../foodsg-233\Kueh Salat\5UTA1C4GMEHLH9XQ51VQYQZ2.jpg,Kueh Salat,all,-0.49082346282243544
../foodsg-233\Bubble Milk Tea\LC3NNCOM6WMRZ767LILCY31J.jpg,Bubble Milk Tea,all,-0.49080699663998095
../foodsg-233\durian\CMTYFTXCBOL89YVQNBQAUG4V.jpg,durian,all,-0.49080264735486523
../foodsg-233\Chocolate\M4W418SLS4KJE7NA4XPJ3I0L.jpg,Chocolate,all,-0.49080084682832936
../foodsg-233\pineapple tarts\35EMSWZZLG7BKJZTFX69G06O.jpg,pineapple tarts,all,-0.4907949943025738
../foodsg-233\cooked brown rice\L8BTWBHI5GL5J8NXBW0LZIM6.jpg,cooked brown rice,all,-0.49079175826107824
../foodsg-233\Mee bandung\UZIQ8128UPRLCQ5TDFEF0GPO.jpg,Mee bandung,all,-0.4907722356616669
../foodsg-233\kueh lapis - rainbow\IR8QOZVG68U0QDJAO3YQ99C1.jpg,kueh lapis - rainbow,all,-0.4907708863500916
../foodsg-233\char siew pau\F8GRVZ57PSNN3NUBM3EDH7TQ.jpg,char siew pau,all,-0.4907658391450324
../foodsg-233\har cheong gai\1YNHREOPXQQYOX8VC5RZDPL6.jpg,har cheong gai,all,-0.4907501761781126
../foodsg-233\Peanut Pancake\FIEZ17SXBN9NZ5558XQE17LB.jpg,Peanut Pancake,all,-0.4907459825294173
../foodsg-233\Bubble Milk Tea\FB38DI78VKPJRIHKU6ZB1DPZ.jpg,Bubble Milk Tea,all,-0.4907394943472417
../foodsg-233\french fries\WKXVLEJ8P1S3G5RB9LYA760J.jpg,french fries,all,-0.49073590152529684
../foodsg-233\preserved fruit snacks\ZBJ3WLJNLYT6XZKSSLLG94GK.jpg,preserved fruit snacks,all,-0.49072974208101966
"../foodsg-233\Rice, with dakgalbi\B7079OU92A9KV2MJUA2339K0.jpg","Rice, with dakgalbi",all,-0.4907192932964175
../foodsg-233\salmon - grilled\YLK6X4LIZWEHLYL0F0LPWLSS.jpg,salmon - grilled,all,-0.4907188531921687
../foodsg-233\sushi\6CYY68UX5Y4DIVL8L5AW4WSP.jpg,sushi,all,-0.49071776201718753
../foodsg-233\Indian Prata\14T1DCZDP31YP4WPXARGQ4HL.jpg,Indian Prata,all,-0.49071069031652387
../foodsg-233\salad\WYM2PX31C6P65U8QFHWYZLIT.jpg,salad,all,-0.4907075297621591
../foodsg-233\green leafy vegetables\HRXNDTKC9M5RJYHAGMXNEPB1.jpg,green leafy vegetables,all,-0.4907070167527908
../foodsg-233\pasta - fettuccine\OH6A8KIJ4VBYR11K8R79UQTA.jpg,pasta - fettuccine,all,-0.4907058511308644
../foodsg-233\rojak\S1VQXLRTGXRWJ8BPLEKBTAI5.jpg,rojak,all,-0.49070540062261103
../foodsg-233\Porridge\89G8GLO211R02ATU6FCTN841.jpg,Porridge,all,-0.4907017293985209
../foodsg-233\ice kacang\QJIDAIPK7CNLJXS6RHP3TCVA.jpg,ice kacang,all,-0.4906844691128067
../foodsg-233\Kopi Teh Milo\7NI7G774MWXD9P1900HACTB0.jpg,Kopi Teh Milo,all,-0.49066038937845435
../foodsg-233\bak chor mee\J3BZBROM3BT31LAB0T747I2J.jpg,bak chor mee,all,-0.49065085492046573
../foodsg-233\satay bee hoon\B5TTYCFATWGSC2WT1YDYP9UQ.jpg,satay bee hoon,all,-0.4906455996831423
../foodsg-233\Snacks and Chips\6TRP1PM7WTKA95UP8P1ZHOEQ.jpg,Snacks and Chips,all,-0.49064112316234626
../foodsg-233\Claypot Rice\43GDKX5QK9FE0C234IPPUVO8.jpg,Claypot Rice,all,-0.49063994912575754
"../foodsg-233\Pilaf, pea\ZREIASEY1R5Z12ULDUKDJAXL.jpg","Pilaf, pea",all,-0.49063686529349637
../foodsg-233\otak\Q5S36PPV3DRTCY5QUD48FR66.jpg,otak,all,-0.49062734533734376
../foodsg-233\steamed grouper\LRZGW79N49GJJWCI58AN5FY7.jpg,steamed grouper,all,-0.4906240826192641
../foodsg-233\cooked brown rice\QPP5J2KRAC04KSARX34DMK0M.jpg,cooked brown rice,all,-0.4906126850097421
../foodsg-233\bee hoon\9T4UEWT53BTEZCS8M180Y9XX.jpg,bee hoon,all,-0.490601394701732
../foodsg-233\Kueh Salat\IOOA1Z3OXA62AZ9QY28BPGRS.jpg,Kueh Salat,all,-0.49057677198740657
../foodsg-233\fried chicken\V98AK6XBVGEGKC7WTTMPPMX8.jpg,fried chicken,all,-0.49057638140577836
../foodsg-233\Fried Noodles\SGG2C9EUP1DUNQ3GXR7CNJ1L.jpg,Fried Noodles,all,-0.4905738275898527
../foodsg-233\dumpling\T1CPGSARETPF3B9GO7BKK3ZI.jpg,dumpling,all,-0.4905524655174929
../foodsg-233\whole wheat\GN8L856XHR9ER4WM9CTJOF9R.jpg,whole wheat,all,-0.49055027426798836
../foodsg-233\Porridge\IT3HXXSK7N99NDX06J2OYC9S.jpg,Porridge,all,-0.4905467455245871
../foodsg-233\Snacks and Chips\STKIRACB1XWFNJKHMQZL2Z4Z.jpg,Snacks and Chips,all,-0.4905450223226237
../foodsg-233\Chocolate\7U56JBJG763O3MOK213MQ71Y.jpg,Chocolate,all,-0.490536882305618
../foodsg-233\whole wheat\2PK35236LFJ2YIRNJA2SNR7O.jpg,whole wheat,all,-0.4905333809611962
../foodsg-233\Soursop\5YY1H3SII033U6DS4Q23X24O.jpg,Soursop,all,-0.4905278056829566
../foodsg-233\Prawn Noodle\5Q775KK4JX363MTC0QI5OGBT.jpg,Prawn Noodle,all,-0.4905164956321226
../foodsg-233\Laksa\S0G0X4VTYP43R8GG1OPBSF5B.jpg,Laksa,all,-0.4905152695571323
../foodsg-233\xiao long bao\PFA2GM2LCIUSD9LA9M83R0E5.jpg,xiao long bao,all,-0.4905145993741996
../foodsg-233\Bubble Milk Tea\6K8OMY6TSEOU07LTG8FEVYVS.jpg,Bubble Milk Tea,all,-0.4905140969930405
../foodsg-233\vegetable soup\B64H598DO8XVMT37B24IRJU8.jpg,vegetable soup,all,-0.49050684001139133
../foodsg-233\Nasi pattaya\9CGDIE62OI95DQB5R3Y6NR0G.jpg,Nasi pattaya,all,-0.49047497421863473
../foodsg-233\chicken masala\DA8PVCJRW0K40QS7NNB8SL1L.jpg,chicken masala,all,-0.4904744202867618
../foodsg-233\sausage rolls\E2RQBC6OSD118L4F954I1GG2.jpg,sausage rolls,all,-0.4904743368694927
../foodsg-233\Pomelo\XDMWO9H6NG1EQNSZ5WN9KP07.jpg,Pomelo,all,-0.49047342075522155
../foodsg-233\Laksa\KJCFE6VWA5SZ8Z3BBUP527VU.jpg,Laksa,all,-0.49046691300573986
../foodsg-233\miso soup\YNVV239NGMRGV7VOB0LC93I5.jpg,miso soup,all,-0.4904557144248606
../foodsg-233\ice cream - vanilla\IMBNW0VKEXPNO2G06BVIWQ5S.jpg,ice cream - vanilla,all,-0.4904542925134267
../foodsg-233\durian\L719AQBKN1WXULGTOS1TQWVG.jpg,durian,all,-0.49044048128122064
../foodsg-233\canned Fruit salad\C0PWY58PLSNW7T3ATJKT8LAE.jpg,canned Fruit salad,all,-0.4904381930311995
../foodsg-233\Katsudon\08UH84AOFKID8AQDJWMUZK8C.jpg,Katsudon,all,-0.4904132980859322
../foodsg-233\Fried Noodles\3FEEINEBWUV3FYMEN56AW97K.jpg,Fried Noodles,all,-0.490408074385439
../foodsg-233\Kopi Teh Milo\NU4K7AD5UQEBBDVW9Y9VWRYT.jpg,Kopi Teh Milo,all,-0.4903837959221029
../foodsg-233\tandoori chicken\D3C8CVHWBYWO4BSHYX84DR7C.jpg,tandoori chicken,all,-0.4903797406708386
../foodsg-233\pineapple\ZITBXIRYJ4OIK3FYP6690BNL.jpg,pineapple,all,-0.49037567825116873
../foodsg-233\sambal kangkong\QI1ABKJOCC6YSU1U9OVLG917.jpg,sambal kangkong,all,-0.4903738694336574
../foodsg-233\whole wheat\4NVMNWDBHG4VE064EE2LKKTX.jpg,whole wheat,all,-0.4903721216084698
../foodsg-233\pineapple\GZGMWHIZCJOYQSNQ7MJ005GG.jpg,pineapple,all,-0.49037089527979094
../foodsg-233\biscuit\XJOD8UWGLSOO9R67HRTLRZ6K.jpg,biscuit,all,-0.49036766786431873
../foodsg-233\Indian Prata\UNILV3K8CYM6GVOBW3LLAZU2.jpg,Indian Prata,all,-0.49036225139346334
../foodsg-233\fried rice\YHRNN2KX53NX5K7VI2Z6VCC6.jpg,fried rice,all,-0.4903611186015364
../foodsg-233\Kway Teow\A1TX82FB6LNBYCEMQK2Y7XL1.jpg,Kway Teow,all,-0.49035398203108704
../foodsg-233\wholegrain pasta\DH1LPFWLR3CRB76AU8Y9SHQH.jpg,wholegrain pasta,all,-0.49035390919066213
../foodsg-233\egg tart\PZRDAGAL7VDEYIHBRESDKD0T.jpg,egg tart,all,-0.4903499232714045
../foodsg-233\CNY love letter\22BMJEQT6YE0KE6UA3XP8DA6.jpg,CNY love letter,all,-0.4903497415869472
../foodsg-233\milk\YJW6LT6ELLZMLP0NDNTTB0U3.jpg,milk,all,-0.4903316016707687
../foodsg-233\Wholegrain Wrap\OF3WWW9HH6OA95GKHESUBF7N.jpg,Wholegrain Wrap,all,-0.4903287675550379
../foodsg-233\Lor mee\QAX8C95AE0YRY3HN1HVWCUC7.jpg,Lor mee,all,-0.49032622113632224
../foodsg-233\whole oats\HXGKAZMNFX24SCWSW3L5W1Q3.jpg,whole oats,all,-0.49031704347927113
../foodsg-233\meatball\EA5EA15UQCUD4DQ9NVOPPXLR.jpg,meatball,all,-0.49031588556544026
../foodsg-233\buckwheat\C5THT2HJ0WMQLOD0EVPW86GG.jpg,buckwheat,all,-0.490314022732855
../foodsg-233\preserved fruit snacks\6ROY7SL5TFVLTASWWLG47OMC.jpg,preserved fruit snacks,all,-0.49030057849460146
../foodsg-233\char siew pau\F3R5JUU1CKOGTM3JPEHY9OZN.jpg,char siew pau,all,-0.4902909059317715
../foodsg-233\biscuit\DCET10M20FTO7HZ3GL6KK2WG.jpg,biscuit,all,-0.49028718163459034
../foodsg-233\tacos and nachos\90NE5H7R70XA5LW52VSBWCGV.jpg,tacos and nachos,all,-0.49027604075230063
../foodsg-233\Bibimbap\G47AWHTGJNTVA22Y72SX8AY9.jpg,Bibimbap,all,-0.4902759099637002
../foodsg-233\mushroom soup\G10DT38XSHDT6MR4NXKFE72L.jpg,mushroom soup,all,-0.4902742650165751
../foodsg-233\Katsudon\GB94JD7ZZONSML9IPODHWKU2.jpg,Katsudon,all,-0.49027392304365264
../foodsg-233\chawanmushi\XRMOFY0VWIR8LP3DEL426H3P.jpg,chawanmushi,all,-0.4902727638308557
../foodsg-233\spring rolls\QERZUVFVPJTIMNX9U0BVEG3T.jpg,spring rolls,all,-0.490268899150889
../foodsg-233\Fish and chips\DGP2VRZYPGO9T6NXH29XFFL4.jpg,Fish and chips,all,-0.4902578700069633
../foodsg-233\cooked brown rice\7D59Q593U839JW2IDVWWIU9W.jpg,cooked brown rice,all,-0.4902532610965392
../foodsg-233\biscuit\JMSB2DZ43GFPZ5UCKXV8Q6X0.jpg,biscuit,all,-0.4902491172945129
../foodsg-233\cooked brown rice\GPYOCRKGTP9KF1FIDEPWTV4A.jpg,cooked brown rice,all,-0.49024871786658625
../foodsg-233\chicken masala\U7JOKX760ZD8ESSTSRX0JWE8.jpg,chicken masala,all,-0.49024348986058963
../foodsg-233\cheese fries\NUE7WDVKA629AHP29KUCPAAJ.jpg,cheese fries,all,-0.49024239003808107
../foodsg-233\Soft boiled eggs\Z17PMFU9JQ4VTCRRYK8MWF93.jpg,Soft boiled eggs,all,-0.49023850605592206
"../foodsg-233\Bee hoon, goreng\VYW241YF7RGET2EBCWO4SKHW.jpg","Bee hoon, goreng",all,-0.4902256241503017
../foodsg-233\pancake\QG37XXJXLFCK9WZ95YW1Y5QO.jpg,pancake,all,-0.49022120915676937
../foodsg-233\fried chicken\7QM4S3EK6HO0WC7IJF4JR800.jpg,fried chicken,all,-0.49021613747257425
../foodsg-233\biscuit\IVG337N1V38HP1RP7BDTSKNX.jpg,biscuit,all,-0.4902127924790061
../foodsg-233\Katsudon\9M3XUVBFSWGDS2ING945ZVVU.jpg,Katsudon,all,-0.49020961509205147
"../foodsg-233\Rice, chicken katsu with Japanese curry\84EOB5I8ETSYNVC5ATVXKG7Y.jpg","Rice, chicken katsu with Japanese curry",all,-0.4902068983567303
../foodsg-233\chai tow kuay\6I9DVE9PR2Y9X1F9YIW5QHX1.jpg,chai tow kuay,all,-0.49020252532602276
../foodsg-233\kebab - beef\34WUAIFP9LKMK25W6IFKPOXZ.jpg,kebab - beef,all,-0.49019296414011554
../foodsg-233\steamed grouper\RC4WAUI2WK3854TL9P80XZ74.jpg,steamed grouper,all,-0.49016933577215505
"../foodsg-233\Don, unagi\FON8ACIE977E0OZPKQRT7AQG.jpg","Don, unagi",all,-0.49016425718529766
../foodsg-233\sambal stingray\KLC10WBN3AOSBK7YSZTACCK2.jpg,sambal stingray,all,-0.4901623923144039
../foodsg-233\Mee goreng\AW33TMTHLGWA4BOM8CBWREOO.jpg,Mee goreng,all,-0.490161134092366
../foodsg-233\Dumpling noodle soup\ZGOF7YMKAPIYBIZDD4QK78FB.jpg,Dumpling noodle soup,all,-0.490152301634094
../foodsg-233\xiao long bao\4MUYA52LMOWQLPB7TWYYBOUH.jpg,xiao long bao,all,-0.49015127762827576
../foodsg-233\Apple\BYJ39M4DMW0RVOCKIN0EOTJC.jpg,Apple,all,-0.4901335573857657
../foodsg-233\lontong\L3155EQJF5SDWWYURKX4V8GP.jpg,lontong,all,-0.49013296042578147
../foodsg-233\satay bee hoon\5A1JSYZ4EMH66LCE0BAHF57E.jpg,satay bee hoon,all,-0.4901299646542657
../foodsg-233\Seafood Noodles Soup\QY31DXI0ZZJDJ2V81PXA54QG.jpg,Seafood Noodles Soup,all,-0.4901246281128547
../foodsg-233\Mee siam\J4MKAU4WLGNSHG1O6IWU280L.jpg,Mee siam,all,-0.49011425550094084
../foodsg-233\Nasi pattaya\V5MCYBJRTA3UAAUB64GP9G39.jpg,Nasi pattaya,all,-0.49010432544798027
../foodsg-233\yam rice\2TH3LI8TZCJJCRALJ2SXIO4I.jpg,yam rice,all,-0.4900933295874743
../foodsg-233\chicken soup\53BU1XE3LBI9FH0Z44U9M3GC.jpg,chicken soup,all,-0.4900932802477144
../foodsg-233\sliced fish soup\RPQ1L6F7RDIUR4JKYFIJCLBP.jpg,sliced fish soup,all,-0.49009302557039885
../foodsg-233\lontong\NRLW26CIB195IKU3LXCVR0P0.jpg,lontong,all,-0.4900874120054468
../foodsg-233\Prawn Noodle\KYSMJWYIVLCBI7OVAWHTGGBM.jpg,Prawn Noodle,all,-0.49008563454634163
../foodsg-233\chwee kueh\3I1UUC9AZWZVNX9OU0NOESD2.jpg,chwee kueh,all,-0.49008214552817647
../foodsg-233\har cheong gai\BJ2QZXT2FI1V6FEYBQ31EWA4.jpg,har cheong gai,all,-0.49006968784957655
../foodsg-233\Chocolate\EFGIEONFNYO63BXKZFKWAKMA.jpg,Chocolate,all,-0.4900673611606808
"../foodsg-233\Bee hoon, goreng\0EYCUB3EZKHDYT56SKRJBG02.jpg","Bee hoon, goreng",all,-0.49006600084607554
../foodsg-233\fried prawn\8JCG3I0GXUHV8TRBTWNKZI1X.jpg,fried prawn,all,-0.49005286149444355
../foodsg-233\fried fish\93TS0JJEXRHT85T4TBCWDUBF.jpg,fried fish,all,-0.49004614887909637
../foodsg-233\har cheong gai\YQOMJYPOF5BKNPS2N8U9MO00.jpg,har cheong gai,all,-0.4900381936731671
../foodsg-233\Claypot Rice\X9TERF26C6T4Q5KW4S6KS3VQ.jpg,Claypot Rice,all,-0.49003487429591613
../foodsg-233\Indian Prata\6TNMX3RG6PUDSEMK8B6OF057.jpg,Indian Prata,all,-0.4900299190719966
../foodsg-233\sambal kangkong\RQRMU1RAPP7FNFWBPO15JSJB.jpg,sambal kangkong,all,-0.4900294876438866
../foodsg-233\cheng tng\U013U98RSQRKJ3BTL7M5XUAW.jpg,cheng tng,all,-0.49002762043755227
../foodsg-233\cooked brown rice\TSK5Z5XJA60ET9VGZ8JVYUAU.jpg,cooked brown rice,all,-0.49002076753835
../foodsg-233\mixed grills\VQGUJNSM45DYIT6F52QKUB3P.jpg,mixed grills,all,-0.4900162177902446
"../foodsg-233\Rice, korean bulgogi beef\7HEUO95PH7LKDFS9Q0O8CX52.jpg","Rice, korean bulgogi beef",all,-0.4900120239755886
../foodsg-233\pancake\R0Y8YV7OBTG2OSRVKG5KG5I3.jpg,pancake,all,-0.49000626972359584
../foodsg-233\tom yum noodle soup\YPXNAOHHE713VO5MSXX6L1CK.jpg,tom yum noodle soup,all,-0.48999747049074777
../foodsg-233\cake\07PTJYHP8HTDQT8064K8KFDG.jpg,cake,all,-0.4899963678402745
../foodsg-233\Wholegrain Wrap\9L2KZT99I6KHR5DY9BAWSWCQ.jpg,Wholegrain Wrap,all,-0.4899927261243462
../foodsg-233\ngoh hiang\20OKH9WPUYVMKFGUC8GC1HC5.jpg,ngoh hiang,all,-0.48999167012340417
"../foodsg-233\Miso ramen, with fishcake\0U2LANE57ECV0X2SB35XFRT8.jpg","Miso ramen, with fishcake",all,-0.48998769259002556
../foodsg-233\Ban Mian\IF590DNO57ZNHS5B8CBE85BS.jpg,Ban Mian,all,-0.48998553785153803
../foodsg-233\Wholegrain Wrap\L9QPFNV1IRQ4K8F9V8GKIBZJ.jpg,Wholegrain Wrap,all,-0.48997921009546613
../foodsg-233\cereal prawns\6TIQ0HXIPW3ZCK6UI5VV7OI6.jpg,cereal prawns,all,-0.4899755883039854
../foodsg-233\Fruit juice\SYS31OU8K1MQ6X54JNVW5ZH4.jpg,Fruit juice,all,-0.48996401538131734
../foodsg-233\mixed vegetables\F0UPCZLFMNGQN5B51E4D3TOS.jpg,mixed vegetables,all,-0.4899574674837765
../foodsg-233\vadai\DYH1V3Q8552XGY974B70T9GK.jpg,vadai,all,-0.48995570946535794
../foodsg-233\Seafood Noodles Soup\TFWGVNOUDT0U5VZMGH3D8W0K.jpg,Seafood Noodles Soup,all,-0.48993851644526587
../foodsg-233\Fruit juice\QY5QQJ0Z4YMAXLX7F8YC548L.jpg,Fruit juice,all,-0.48993080569515557
../foodsg-233\whole oats\97WMCPMG6YT89S6YVJC3J195.jpg,whole oats,all,-0.4899209750425779
../foodsg-233\Fish and chips\GW9EKSO6IQFG72MWV40Y61FW.jpg,Fish and chips,all,-0.4899148311575907
../foodsg-233\nasi lemak\R880ZHXL8EULQNC3GHM7FF8A.jpg,nasi lemak,all,-0.4898914742591976
"../foodsg-233\Rice, korean bulgogi beef\WW3L42BKFBLWM6QPDY0A5UV9.jpg","Rice, korean bulgogi beef",all,-0.4898884282963677
../foodsg-233\sushi\6QZM3AEQN92WBKAGUUKA63Z8.jpg,sushi,all,-0.4898857735058024
../foodsg-233\nasi lemak\KRSHPR2I7GLLQVLM1YJSQX74.jpg,nasi lemak,all,-0.48987168741916537
"../foodsg-233\Pilaf, pea\YGE138VSK616RMZ67SQT7FHT.jpg","Pilaf, pea",all,-0.4898699567035029
../foodsg-233\tom yum noodle soup\1MPCYYRLIRGDKGHWR49W0ITC.jpg,tom yum noodle soup,all,-0.4898600005285656
../foodsg-233\cheng tng\BVLTTMBAAI80CDEXLHY5PN50.jpg,cheng tng,all,-0.4898570799276258
../foodsg-233\Chocolate\NSIKAQ679OXD2RW29PDW7SAL.jpg,Chocolate,all,-0.48984596202458885
../foodsg-233\Fried Noodles\QMFVZOROG3WYT8TNW0UROVGJ.jpg,Fried Noodles,all,-0.48984385697257693
../foodsg-233\pineapple\9EY06QI0ZI4X2968NBPO15TZ.jpg,pineapple,all,-0.489839997363061
../foodsg-233\muesli\O6AJ2J7659DY0H1N9PS86JW4.jpg,muesli,all,-0.48983610159513724
../foodsg-233\biscuit\9B2REDX5XM5EBB9PY4BA3HY1.jpg,biscuit,all,-0.4898318621665646
../foodsg-233\satay\HZ1X3ZLYA51APPURFHXP231C.jpg,satay,all,-0.48982383346080466
../foodsg-233\char siew\22OP4M6D4E9IUC1BCPD34THE.jpg,char siew,all,-0.4898209675401641
../foodsg-233\pasta - fettuccine\68IW8NUQQ5WLJXCY2W9N76XQ.jpg,pasta - fettuccine,all,-0.48981894784369734
../foodsg-233\lamb chops\WRIWCLLDWSGYP9CXR1NI51TR.jpg,lamb chops,all,-0.48981215493540814
../foodsg-233\Pomelo\G0PIBV1P1P1DE0JPAT8XLEHJ.jpg,Pomelo,all,-0.48980489995096316
../foodsg-233\sushi\JVIFNE4RSUHWG0W7O3HDGJ54.jpg,sushi,all,-0.4897932233983645
../foodsg-233\Nuts\O6D0RO3N1R9R9XEFVUEFGJQK.jpg,Nuts,all,-0.4897816727026736
../foodsg-233\kebab - beef\3SOF98C28Q0LD8H6AZ9AX2KD.jpg,kebab - beef,all,-0.4897755426805417
../foodsg-233\kaya toast\31OIN9EOPO027X7RMDA3H2HV.jpg,kaya toast,all,-0.4897694640849826
../foodsg-233\gulai daun ubi\GYJ8YFA28B3ZF2SILL3S51UP.jpg,gulai daun ubi,all,-0.4897694530153937
../foodsg-233\wholegrain pasta\OS3YS2OLXDA5GSKKDXAM1JMC.jpg,wholegrain pasta,all,-0.48976353797468963
"../foodsg-233\Miso ramen, with fishcake\JE9FB9PT1KXW3QD3U6SIV9A2.jpg","Miso ramen, with fishcake",all,-0.4897609151023523
../foodsg-233\Alcoholic Beverage\DF2L8G2G08XR9DQ4BJNS621N.jpg,Alcoholic Beverage,all,-0.4897480131885365
../foodsg-233\Laksa\VI241PW8OLB5QWIWNUYZ085J.jpg,Laksa,all,-0.4897451536231322
../foodsg-233\sirloin steak\0VD3P2CEH2182DXJZC9Z5RVJ.jpg,sirloin steak,all,-0.48973300346648474
../foodsg-233\Fried Noodles\4PJCGW6BCQFY91A18QXX13B4.jpg,Fried Noodles,all,-0.48972932082781173
../foodsg-233\wholegrain muffin\8YR4OUO2AG6R4A9FIR5JPSF4.jpg,wholegrain muffin,all,-0.489709691873211
../foodsg-233\Fruit juice\VBZ48AASE6L8H2K2OX6WZZ6I.jpg,Fruit juice,all,-0.48970519519774114
../foodsg-233\whole oats\JGLYPBNZU333B2QC2RSWLMUY.jpg,whole oats,all,-0.4896961508865275
../foodsg-233\Hor Fun\E4XDQTS8761U0QP68OHHS9WJ.jpg,Hor Fun,all,-0.4896723518576684
../foodsg-233\pineapple tarts\B4JL4CUG4DZN1VD6M26UDV57.jpg,pineapple tarts,all,-0.4896692947871487
../foodsg-233\mixed grills\CURJJRZSXSFXFJFGNB6MOZHL.jpg,mixed grills,all,-0.48966604773814826
../foodsg-233\popiah\89FR9FFJO8BK68Q2JLJ21P90.jpg,popiah,all,-0.48965069056277977
../foodsg-233\char siew pau\D72GK7JFI4ACOX175T58WK2B.jpg,char siew pau,all,-0.48964166637731427
../foodsg-233\murtabak\4B12DBK6GSJT87FF8N3VR4FZ.jpg,murtabak,all,-0.48962480060850994
../foodsg-233\Prawn Noodle\5JN08FI83FQ3GEVS92BAAAAC.jpg,Prawn Noodle,all,-0.48962349935749866
../foodsg-233\sirloin steak\CSD0IXP92K3V1L9CH2CZGLF3.jpg,sirloin steak,all,-0.4896201587882026
../foodsg-233\Mee kuah\R1UGNHA92ZZE303Y5B00J9ZK.jpg,Mee kuah,all,-0.48962004825415106
../foodsg-233\kebab - beef\SH02EDGWUTI3MZ5I79QJTGLU.jpg,kebab - beef,all,-0.48961631380206966
../foodsg-233\yuseng\5I6ID3WYP7BITHKDL0P6ZX7O.jpg,yuseng,all,-0.4896152999208128
../foodsg-233\kebab - beef\6DMDEFWFCW91HAFN3TCKE7HO.jpg,kebab - beef,all,-0.48961195950042496
../foodsg-233\biscuit\GO810RH6QBJJI4YFCSYACAPZ.jpg,biscuit,all,-0.48960934661708694
../foodsg-233\Mee goreng\A2EZ3CKIGA0C4L90VJSVUWB5.jpg,Mee goreng,all,-0.48960122971584524
../foodsg-233\pancake\S65TB3OZM4888BRUTA9A2RFU.jpg,pancake,all,-0.4895998820875179
../foodsg-233\Udon\RP6BTA0VCM6NXJXFJ5R6XT70.jpg,Udon,all,-0.4895947704058863
../foodsg-233\Fish Ball Noodles\KLZ3WDTBNYWB0PENID7F3URC.jpg,Fish Ball Noodles,all,-0.48958505215184145
../foodsg-233\Tauhu Goreng\B1C0KFZV6L7F3GDZ3QF88IP8.jpg,Tauhu Goreng,all,-0.489583217227748
../foodsg-233\sausage rolls\W0JV9MUY0QGRASJ2PPFC40K0.jpg,sausage rolls,all,-0.48957191232077346
../foodsg-233\Nuts\J769ZE57UMQZAC55LRFBY61M.jpg,Nuts,all,-0.48956686859738435
../foodsg-233\bee hoon\LXHW1DT85WBWH2JXK72NM03H.jpg,bee hoon,all,-0.4895651392902572
../foodsg-233\mango pudding\EJ1N0TGX66K6PXT279NVK4GV.jpg,mango pudding,all,-0.4895634723438803
"../foodsg-233\Rice, korean bulgogi beef\2WQRKBFB81JPZ5PKFCJC2CK4.jpg","Rice, korean bulgogi beef",all,-0.4895425959384322
../foodsg-233\satay\UPSMZ0G6VA46IZJ4WAYLMDKT.jpg,satay,all,-0.4895297292893839
../foodsg-233\biscuit\F8UFFL884ZT36CWPVUZWIR2E.jpg,biscuit,all,-0.4895214786131158
../foodsg-233\thunder tea rice\AC1YI5N54GXGNNBF7GCN9WEU.jpg,thunder tea rice,all,-0.48952026761142514
../foodsg-233\chai tow kuay\DD82CR7OBVPIHXOCMGIC8SQ7.jpg,chai tow kuay,all,-0.4895027069866395
../foodsg-233\cake\TJKU5YGG6ND41AYGAWIEL73E.jpg,cake,all,-0.48950121949906816
../foodsg-233\xiao long bao\MO4O6RX51TVMPPFXGT3XHT00.jpg,xiao long bao,all,-0.4894984322600501
../foodsg-233\Seafood Noodles Soup\O9IU27LKZDQ1YBHR4HM0U880.jpg,Seafood Noodles Soup,all,-0.48949363721654154
../foodsg-233\vegetable soup\BW4VUZ40DVNGVT9FL6PSPYBK.jpg,vegetable soup,all,-0.48948074775304146
../foodsg-233\sirloin steak\M5K0RSWRCDMUQGCS39MJ0JC4.jpg,sirloin steak,all,-0.48947672972298806
../foodsg-233\satay\R0M1HT8QAIL5SDXAG4MRBTYD.jpg,satay,all,-0.48947139105283516
../foodsg-233\miso soup\LVFY9VFE3YAUREN7WI8Y2HT4.jpg,miso soup,all,-0.48947010746789266
../foodsg-233\kaya toast\HOUECUEO2SIRHXD3O6FUU7V7.jpg,kaya toast,all,-0.4894567479164512
../foodsg-233\Wholegrain Wrap\BZ1RB9B5IBWOWJMJQMI0P7K8.jpg,Wholegrain Wrap,all,-0.48944097604487713
../foodsg-233\Mee bandung\OKSE3QZ9B9XW876FOWUHEGDB.jpg,Mee bandung,all,-0.48943512328503935
../foodsg-233\salad\GHT22N7R3Y9LAV4VV3GG544F.jpg,salad,all,-0.48941469753405364
../foodsg-233\mixed vegetables\7GS264WVBKK69W6IECCMDELA.jpg,mixed vegetables,all,-0.48940355530569857
../foodsg-233\Nuts\I8HNCVLU7TYDHN780YPBXLMA.jpg,Nuts,all,-0.4893880480824184
../foodsg-233\buckwheat\6X2FMH7P3ZT19005R5OUBTXA.jpg,buckwheat,all,-0.4893810585476842
../foodsg-233\Hor Fun\0WQBOQ1045TO97020JDZZCEW.jpg,Hor Fun,all,-0.4893803006925796
../foodsg-233\oyster omelette\540D966B2363NRTHJYZJ1HIG.jpg,oyster omelette,all,-0.4893738732247014
../foodsg-233\Fruit juice\ZNUMZDPYTBO88CIEJARN1V2O.jpg,Fruit juice,all,-0.48937142924320964
../foodsg-233\Soft boiled eggs\JDCDPZE8CO5QVGI199KF8XR8.jpg,Soft boiled eggs,all,-0.489370773570607
"../foodsg-233\Miso ramen, with fishcake\8A4SMI489TML0B5VEJMI416C.jpg","Miso ramen, with fishcake",all,-0.48936820269421344
../foodsg-233\Pomelo\4DDWWLIBZ3BT5NXU631MXOB8.jpg,Pomelo,all,-0.48935727001383156
../foodsg-233\cake\99LHU83KYK2VSK6FZ61W95SY.jpg,cake,all,-0.4893453173184851
../foodsg-233\seaweed snack\E045C7PAMGIXTUFASCL864IQ.jpg,seaweed snack,all,-0.48933960267742943
../foodsg-233\Mee rebus\UBI4JG92XSS9B79AQPILFZMQ.jpg,Mee rebus,all,-0.48933873480817436
../foodsg-233\Pomelo\Y08VFP1A4HDIKP2R5V5JI6K1.jpg,Pomelo,all,-0.4893353808345214
../foodsg-233\Mee kuah\LFQ6A4W87HNKFZJQOV5FVBV9.jpg,Mee kuah,all,-0.4893343623979884
../foodsg-233\vegetable soup\VOO811SGSA5PRABD612593KY.jpg,vegetable soup,all,-0.4893324672284705
../foodsg-233\Ban Mian\BIW1WIPGA8L6Q9W7OEQNU3QV.jpg,Ban Mian,all,-0.4893283550827055
../foodsg-233\biscuit\3WGD9MKEP9GRGUD80JZPKUSA.jpg,biscuit,all,-0.48931573430728925
../foodsg-233\Hor Fun\30PTFR857Z868D96RUAZTTWL.jpg,Hor Fun,all,-0.48931202433137866
../foodsg-233\muesli\1MF58RZISRT76Y3DO4JGZF70.jpg,muesli,all,-0.48930959617971403
../foodsg-233\Wholegrain Wrap\75EONOJP1DEK1OCZGH3LG06O.jpg,Wholegrain Wrap,all,-0.4893028681367932
../foodsg-233\Seafood Noodles Soup\YCBAJTWSZGZ3LP8AZX7DIPOX.jpg,Seafood Noodles Soup,all,-0.4893007508350216
../foodsg-233\Bubble Milk Tea\8YIQOVBOUZ1GNAQ5TNJ9PLLQ.jpg,Bubble Milk Tea,all,-0.4892974128770345
../foodsg-233\assam pedas\SITYWGC2MU1QV163GMG3CAB7.jpg,assam pedas,all,-0.4892786346596669
../foodsg-233\yuseng\SJIVVFP6AC4AQQDL1BWHXEMB.jpg,yuseng,all,-0.4892739478413933
../foodsg-233\chicken soup\I96JNAASU9VDARXHUDGIHKCL.jpg,chicken soup,all,-0.48926509698484133
../foodsg-233\satay\L3E4J6V67YGX6RVCI3NPZ8T5.jpg,satay,all,-0.489259858835675
../foodsg-233\whole wheat\HWFSGZ91DA73TX1W5P0X0OKO.jpg,whole wheat,all,-0.4892573537186217
../foodsg-233\Mee goreng\53WP6ACUBDAYC27ZBX1XTGVU.jpg,Mee goreng,all,-0.4892482553514458
../foodsg-233\chicken soup\DZ0ALS5NKSSLW8KPNXYUEE1C.jpg,chicken soup,all,-0.48924626680370004
"../foodsg-233\Bee hoon, goreng\NJ0YMWRIDM2M2AVDZJJ4I95T.jpg","Bee hoon, goreng",all,-0.48924554231430833
../foodsg-233\mee pok\KZYYIQYTSFQC9PSL4DZLAQKR.jpg,mee pok,all,-0.48924504711073885
../foodsg-233\wholegrain pasta\12ZBN0QWT6I9Y3A9B2PMYEKH.jpg,wholegrain pasta,all,-0.4892393416620904
../foodsg-233\fried chicken\TVG0RP386R81LMB0LZI6KPW8.jpg,fried chicken,all,-0.48923637879242005
../foodsg-233\Kway Teow\STHJRYCVO59GUCVK7J2J9RMX.jpg,Kway Teow,all,-0.4892351291413825
../foodsg-233\Mee goreng\3EYOIIS6MLS85LTXGSWWZAAH.jpg,Mee goreng,all,-0.4892127080164681
"../foodsg-233\Bee hoon, goreng\MG2WWC6732HAIUK04I0G51O6.jpg","Bee hoon, goreng",all,-0.48920757597209696
../foodsg-233\Nasi Ambeng\XYV3KEUZ2E24FEJUE6T8ZMAQ.jpg,Nasi Ambeng,all,-0.4892067335971972
../foodsg-233\sliced fish soup\63CKCQWQ4EWZOXE08XJ38CNG.jpg,sliced fish soup,all,-0.4891947188775183
../foodsg-233\hokkien prawn mee\YM39UFQI8U7QTYXF7APR1I5E.jpg,hokkien prawn mee,all,-0.4891835500117608
../foodsg-233\lamb chops\2DHTEE20E3MOEG75W0OC9ZYO.jpg,lamb chops,all,-0.48917871598557905
../foodsg-233\yuseng\BLOU3Y6DX6TFQ89NGH7M273W.jpg,yuseng,all,-0.4891770338172867
../foodsg-233\Fruit juice\6XA2BS9TPB6HEL5JGTVHN7TP.jpg,Fruit juice,all,-0.4891685801612703
"../foodsg-233\Miso ramen, with fishcake\U9NLZL4SS2XEKITDEVG559QK.jpg","Miso ramen, with fishcake",all,-0.48916238526646505
../foodsg-233\spring rolls\JAZ1HCZOXXSVNT7CC20E4BRP.jpg,spring rolls,all,-0.48915754092321
../foodsg-233\muesli\MTD9PETXPTZKMM656QINMUM9.jpg,muesli,all,-0.4891551945891549
../foodsg-233\Mee rebus\029IEB54YHCI03QABZ2VD02A.jpg,Mee rebus,all,-0.4891462178933837
../foodsg-233\french fries\3BPMXZYOIP3NL4CJA17FFBUZ.jpg,french fries,all,-0.4891457198225559
../foodsg-233\whole oats\Z0VEJ21H5C0B5OZH7UJET2DI.jpg,whole oats,all,-0.48912623312552916
../foodsg-233\fried fish\57MD98TUWLY83FHZMIKRCV83.jpg,fried fish,all,-0.48912440071327545
../foodsg-233\Mee kuah\PJ5XXDBKAA84MCTQFUYBC7G8.jpg,Mee kuah,all,-0.4891203551072502
../foodsg-233\Ban Mian\3DPVFS81O4NI3BBY6B8XK6YT.jpg,Ban Mian,all,-0.48911614643588375
../foodsg-233\cake\JRZ9T5HE9FCXXP5HP0GVJBQ8.jpg,cake,all,-0.4891152581600601
../foodsg-233\ice cream - vanilla\S6R5NBF2L245MAEW1G9SXHTG.jpg,ice cream - vanilla,all,-0.48911446891488114
../foodsg-233\chicken masala\UW94WCUC0JBC582L1ZK5XSM2.jpg,chicken masala,all,-0.4891124168569928
../foodsg-233\Claypot Rice\GKRTYR0UXC8ZJMUZY9A4FO2B.jpg,Claypot Rice,all,-0.4891026326882869
../foodsg-233\french fries\I6XKCS22QMVK3RXMKG85I3ZO.jpg,french fries,all,-0.48910015532659734
../foodsg-233\Apple\18CDC5CTI0F3ABCSR84LXFRW.jpg,Apple,all,-0.4890962584010568
../foodsg-233\pig organ soup\JJO860RVPVKVCP6X2EQYJ011.jpg,pig organ soup,all,-0.48909572828564557
"../foodsg-233\Bee hoon, goreng\563QHY9311XMOJOJOVJGJJBQ.jpg","Bee hoon, goreng",all,-0.48909432147975723
../foodsg-233\murtabak\GSGAKZJ2PPPVC9LGET5HNMQB.jpg,murtabak,all,-0.489092831130559
../foodsg-233\spring rolls\4LFSOR719BZYYRRXYS6AX8NV.jpg,spring rolls,all,-0.48909208528970693
../foodsg-233\Katsudon\FY0KSN5CE23ES2QGYHF8YGYL.jpg,Katsudon,all,-0.48908823271298846
../foodsg-233\sausage rolls\JDGSMBER8LJW2KQS2YJMG1CU.jpg,sausage rolls,all,-0.48908682611853027
../foodsg-233\ice cream - vanilla\QNW095RLA13PIDIZIS8A92DW.jpg,ice cream - vanilla,all,-0.4890731778604066
../foodsg-233\mushroom soup\X8NGPHBOU209NUCS4YVYL6XU.jpg,mushroom soup,all,-0.48905904047463633
../foodsg-233\Soft boiled eggs\YXKRVAPZDT2CL5H0SE2CWJO6.jpg,Soft boiled eggs,all,-0.489052001483466
../foodsg-233\Soft boiled eggs\CLSSLXCNRZP1FDRO4CJAU1XW.jpg,Soft boiled eggs,all,-0.4890515844841817
../foodsg-233\bee hoon\A13C2LIMW5N3QCFCX7DEYH2L.jpg,bee hoon,all,-0.48905056121464946
"../foodsg-233\Rice, with dakgalbi\88FJIFY09ZEY2KGAPEKDCDDD.jpg","Rice, with dakgalbi",all,-0.48904088133725193
"../foodsg-233\Wanton mee, dry\2J3C1WD10YTWOW31ZSNG2O8E.jpg","Wanton mee, dry",all,-0.48903931933869227
"../foodsg-233\Don, chicken teriyaki\12LFQ6LC6XKZN77RGUVK176X.jpg","Don, chicken teriyaki",all,-0.48903751942743395
../foodsg-233\Fish and chips\ACVGQR5L3NSVORGAZ04GSETA.jpg,Fish and chips,all,-0.4890347660077932
../foodsg-233\Chocolate\9JH596XH9S0VPS3IQT1U129R.jpg,Chocolate,all,-0.4890346378158024
../foodsg-233\hokkien prawn mee\5AOA1JNB99MH8N693RMB4N7P.jpg,hokkien prawn mee,all,-0.4890343715577961
../foodsg-233\seaweed snack\M7NBTRO3WL1IXX3XY5VI1ZW1.jpg,seaweed snack,all,-0.489031952745288
../foodsg-233\mixed vegetables\AU08EI296LX1CWWPERJQ20UL.jpg,mixed vegetables,all,-0.4890309213583388
"../foodsg-233\Bee hoon, goreng\3QHL9VIK107UDWGCX364Q1O8.jpg","Bee hoon, goreng",all,-0.48902861360860045
../foodsg-233\Alcoholic Beverage\AVXVP5LIF78FSZ9HN6EZRXWJ.jpg,Alcoholic Beverage,all,-0.4890201977621585
"../foodsg-233\Pilaf, pea\ANBH51OHTUO7S7F4HAQYS4V6.jpg","Pilaf, pea",all,-0.4890103225144518
../foodsg-233\curry puff\UQST856P8MLNJU1A4E10QCEX.jpg,curry puff,all,-0.488997067693272
../foodsg-233\chwee kueh\MVHM6S0BL3K6I8W065AJ2R84.jpg,chwee kueh,all,-0.48899514101226543
../foodsg-233\tacos and nachos\OKE4H0W6YQ5AOE9R80W3TMZF.jpg,tacos and nachos,all,-0.48899062234291296
../foodsg-233\preserved fruit snacks\44YU1M348XI7AHP5C5MHCN7W.jpg,preserved fruit snacks,all,-0.48898624372214516
../foodsg-233\beef noodle soup\A0RN8S3VQECQGVHFZ8N4FK07.jpg,beef noodle soup,all,-0.4889839435447762
../foodsg-233\Apple\D9KPE1YXLI6519O1M7HNGQRX.jpg,Apple,all,-0.48896679287701433
../foodsg-233\beef noodle soup\GDML9VBOSYDRAZHF4I0QFWHF.jpg,beef noodle soup,all,-0.4889628143954101
../foodsg-233\salad\CKTQL3TMY4HS9P9U9GY1QWFU.jpg,salad,all,-0.48896006094976346
../foodsg-233\Wholegrain Wrap\MCN9I8O72H2AV8NQUOCDC63A.jpg,Wholegrain Wrap,all,-0.4889563692673667
../foodsg-233\Mee bandung\KSW7IRHJA62EMMAMZP1NVL8N.jpg,Mee bandung,all,-0.488951369797813
../foodsg-233\buckwheat\H95UX6JGD73ODXKKJCB3Y0O2.jpg,buckwheat,all,-0.488950296215763
../foodsg-233\chicken soup\IXO5L0L1XCBJUTNXV38D3TNU.jpg,chicken soup,all,-0.4889478651901646
../foodsg-233\kaya toast\BAI8ZRUPGBIS4HCFU4ACD5AA.jpg,kaya toast,all,-0.48894719560260747
../foodsg-233\Wholegrain Wrap\ETRMQNB7WQ9UB62BWDOBUP06.jpg,Wholegrain Wrap,all,-0.48894703584889526
"../foodsg-233\Miso ramen, with fishcake\K33M9IRNN7JPLXHUQTQ4GNW5.jpg","Miso ramen, with fishcake",all,-0.48894048368484644
../foodsg-233\french fries\OFNGQNGAMU1MW2A7ZSW53B3T.jpg,french fries,all,-0.48892987626066875
../foodsg-233\kebab - beef\7Y68EFZVKBN2X0YAQ1O4B8FP.jpg,kebab - beef,all,-0.4889279037061356
../foodsg-233\Seafood Noodles Soup\L9V8P0CE50V45N07MJWF5003.jpg,Seafood Noodles Soup,all,-0.488924737515617
../foodsg-233\baked beans\SZQ239QW429HCU9RCSLCFQ73.jpg,baked beans,all,-0.48891516505551125
../foodsg-233\buckwheat\2H3GAQBBYT1BEA8P3IFKT6RT.jpg,buckwheat,all,-0.48891442350164294
../foodsg-233\cereal prawns\VQES1626KJGT2VHS9A0XOE8M.jpg,cereal prawns,all,-0.4888939612076168
../foodsg-233\Udon\S44CLNNXZV15WDT3OZEZ0HMI.jpg,Udon,all,-0.48889002996039166
../foodsg-233\buckwheat\MRTYXQD4HPK60I62CO04J63X.jpg,buckwheat,all,-0.4888891031206575
"../foodsg-233\Rice, korean bulgogi beef\7GB1UQ7WXF0E5Q3B98W76T0E.jpg","Rice, korean bulgogi beef",all,-0.4888784654323382
../foodsg-233\Nuts\668WEN18ZAQOLT45A8KMVCFG.jpg,Nuts,all,-0.4888722522701029
../foodsg-233\Kway Teow\6DCUX9RXK1VPA2UU5HRT7A7E.jpg,Kway Teow,all,-0.48887182190910444
../foodsg-233\Bubble Milk Tea\GD6TN1G353MTITC2CDFOF3P9.jpg,Bubble Milk Tea,all,-0.48887039545655847
../foodsg-233\Kway Teow\3M7CRITSEKP3OVTBNSW8I6WK.jpg,Kway Teow,all,-0.48886487182231253
../foodsg-233\Mee soto\6R836YRF0QUMSQBX9AJ057OU.jpg,Mee soto,all,-0.4888560802995353
../foodsg-233\bak chor mee\2XA1HICOVIZ27B7Y8X2KTA5Z.jpg,bak chor mee,all,-0.48885138931335137
../foodsg-233\Udon\KPG9PGGID6B3TNENK79PZL04.jpg,Udon,all,-0.4888509676509648
../foodsg-233\waffle\Q1654HQSZHK77ZTMYRQGSU8B.jpg,waffle,all,-0.4888495702828146
../foodsg-233\canned Fruit salad\NM4JV14JBPV2UL7XHTS84F8T.jpg,canned Fruit salad,all,-0.4888431652793369
../foodsg-233\kuih bahulu\UTWZ6BRP2ZJLKL5LQ5DKPGUN.jpg,kuih bahulu,all,-0.4888427957130427
../foodsg-233\kueh lapis baked\ZBNX65KU6ZBRHCDYCWJKP0A4.jpg,kueh lapis baked,all,-0.4888400290180421
../foodsg-233\mee pok\SC1YKDF7J1YDCSWQV7UL0M7M.jpg,mee pok,all,-0.4888370948243657
../foodsg-233\steamed buns\G8P13BHJJR8GQJWYKIWIOJTI.jpg,steamed buns,all,-0.48882428885235063
../foodsg-233\canned Fruit salad\HYGFF4LGZ9RGHIOVS495TAO6.jpg,canned Fruit salad,all,-0.48881442208539827
../foodsg-233\Chocolate\TSS9OKX6OQ2ZIT9YXNL36CA8.jpg,Chocolate,all,-0.48881334989221786
../foodsg-233\Kway Teow\MJW5VVVPT2J6FCV8EHDFOAC3.jpg,Kway Teow,all,-0.48881062308668877
../foodsg-233\Lor mee\Q1KJENTIDI9NGPD820UUFNCF.jpg,Lor mee,all,-0.48880659704881957
../foodsg-233\Barley\G7O1Y6NMOIBOS1GUK7DVIOC1.jpg,Barley,all,-0.48880323835856854
../foodsg-233\rojak\1YN7WE2OU3OQQVEBK9KZY679.jpg,rojak,all,-0.48880316603566437
../foodsg-233\chilli crab\015XVVEYEBXT9T0AIFQPTB7I.jpg,chilli crab,all,-0.4888025014349658
../foodsg-233\seaweed snack\POG4PQFTS6RT2F529ANSDEO5.jpg,seaweed snack,all,-0.4887859686856689
../foodsg-233\yuseng\SJ5JAPEGV4FOA22HPEEFRM2B.jpg,yuseng,all,-0.48878561506042906
../foodsg-233\wholegrain pasta\2V6KEWSFXDU2H68RBF3H6607.jpg,wholegrain pasta,all,-0.48878450517577393
"../foodsg-233\Wanton mee, dry\8BPV8E7GXLIP86HZP8F6N76U.jpg","Wanton mee, dry",all,-0.4887837322886413
../foodsg-233\Fruit juice\2MMDX4ELGTCYOBVISQNZK64C.jpg,Fruit juice,all,-0.48877214169467187
../foodsg-233\mushroom soup\SAFTHHGRNC20MFYP05XXJQB0.jpg,mushroom soup,all,-0.4887687733119716
../foodsg-233\bak chor mee\IR7VREO56AUH0WDAFVJGBT4Q.jpg,bak chor mee,all,-0.4887651857650358
../foodsg-233\wholegrain pasta\N9Z8LSUR271G4U3615DE0H9B.jpg,wholegrain pasta,all,-0.4887627813450614
../foodsg-233\Soft boiled eggs\HKJ37NK7M5WQVSNKRA7X9BSV.jpg,Soft boiled eggs,all,-0.48876077019887804
../foodsg-233\kebab - chicken\S3N77MHYU2YNYP8N7L9PWZBH.jpg,kebab - chicken,all,-0.48875860871559984
../foodsg-233\kueh lapis baked\40K29XVC333LCHKOCCKBYW89.jpg,kueh lapis baked,all,-0.4887525574273613
"../foodsg-233\Mee siam, fried\J4DUSJBKSJBCLI1Y5HV7DAUA.jpg","Mee siam, fried",all,-0.48875248315476183
../foodsg-233\ayam penyet\ZP3SRAVC15GHLA8XNQW06RVA.jpg,ayam penyet,all,-0.4887449446505466
../foodsg-233\ice kacang\0CHV4K7B6D6WRZDEN1WGEGZH.jpg,ice kacang,all,-0.4887115282370151
../foodsg-233\seaweed snack\ZK110GHFXOBTSIF0QBHFIH94.jpg,seaweed snack,all,-0.48870544502859564
../foodsg-233\muesli\0V13XYA6V60VLID93ATJ00J2.jpg,muesli,all,-0.48870541023993613
../foodsg-233\sambal kangkong\OO457TFHXAHI2II0PVA4ZZDD.jpg,sambal kangkong,all,-0.4886929634641967
../foodsg-233\salad\91UB028V62BWKNTMIDWJGUVB.jpg,salad,all,-0.48866599014729156
../foodsg-233\spring rolls\G3QAUN2T9BLLCHAEPQVOTSUL.jpg,spring rolls,all,-0.48866460652561894
../foodsg-233\kueh lapis baked\5UE68SPCYW0IBT4VFCSW973G.jpg,kueh lapis baked,all,-0.4886589415465815
../foodsg-233\nasi lemak\HUJDJTA2M0TYTU7MAH8NPE0B.jpg,nasi lemak,all,-0.48865701505897174
../foodsg-233\Pomelo\WYBN6IJUZ0ZYV7OYBSYJKLZB.jpg,Pomelo,all,-0.48865693852019426
../foodsg-233\Kueh Salat\V3D9QA4MTYW8KJUDMZ3SPB9G.jpg,Kueh Salat,all,-0.4886521088442325
../foodsg-233\begedil\M7EVS8RFX7JDNA4UA93GBB4Q.jpg,begedil,all,-0.4886476726072509
../foodsg-233\beef noodle soup\CH70H8KBZLJ48KFWDZ7T4ZL7.jpg,beef noodle soup,all,-0.48864672625751854
../foodsg-233\kebab - beef\DLJPEYINHABS9MOQ78PQDILP.jpg,kebab - beef,all,-0.48864257421622354
../foodsg-233\chicken masala\8XLRLZNG9X539G3LXRV5UCPM.jpg,chicken masala,all,-0.4886383918471929
../foodsg-233\gulai daun ubi\6G8JNDR63RE22TRCXIIL3M1L.jpg,gulai daun ubi,all,-0.4886365211259955
../foodsg-233\Mee soto\D6QDCSFBRKSI9EGVG80PKTB9.jpg,Mee soto,all,-0.48863262762468457
../foodsg-233\fried rice\Q84SNE7IOK45ABSZSOL1HWNW.jpg,fried rice,all,-0.48863138566812586
../foodsg-233\canned Fruit salad\Q6H8ACTUD47ZJ5X9CDQM5L1Y.jpg,canned Fruit salad,all,-0.48862378907416865
../foodsg-233\satay\MDIHGQJ71Z35FYKQIGG1JDZJ.jpg,satay,all,-0.48861144230501713
../foodsg-233\kueh lapis baked\2EDYS6569VGJMA4E6VV9CC4E.jpg,kueh lapis baked,all,-0.48860956343452006
../foodsg-233\french fries\JMFP14ZNBQ587QMIEG2K3FVB.jpg,french fries,all,-0.48860766583929516
../foodsg-233\Pomelo\Y59O6SIVOTO75UFF62OLOOAL.jpg,Pomelo,all,-0.4886047145648846
../foodsg-233\sliced fish soup\FL2NGH910TU2K4SJQ1XYHX7R.jpg,sliced fish soup,all,-0.48860017672585726
../foodsg-233\xiao long bao\B10KTJNM0XN8XN771EYVFA80.jpg,xiao long bao,all,-0.488596387651225
../foodsg-233\Nuts\V0R5VZ4O2L0DE8QTVDJLL7YQ.jpg,Nuts,all,-0.48858230231674843
../foodsg-233\mushroom soup\PFJHUYDP9ZKOA84S9QC9REB9.jpg,mushroom soup,all,-0.4885781425509054
../foodsg-233\Chocolate\5YS7ZTLTPP916Y6ZOZ6BWYJ3.jpg,Chocolate,all,-0.48856621677518536
../foodsg-233\miso soup\XVC63P9ALWNDU1SL478NB2ZH.jpg,miso soup,all,-0.4885533657818184
../foodsg-233\Alcoholic Beverage\HBJV7GLG4OQMLAO14VRJ05G0.jpg,Alcoholic Beverage,all,-0.48855323827804137
../foodsg-233\Fruit juice\0M9UAUT51JNHCA8CKNSLRFMP.jpg,Fruit juice,all,-0.48853695084675713
../foodsg-233\canned Fruit salad\VNCHV6USPVEY5MQLZPUYISIJ.jpg,canned Fruit salad,all,-0.4885213630193709
../foodsg-233\tandoori chicken\UJHKN07JPQ0O9FCTAFCSTKHD.jpg,tandoori chicken,all,-0.4885030971181717
../foodsg-233\mixed vegetables\6ULUU1I7ZF6EEHX8I4Q1E2GC.jpg,mixed vegetables,all,-0.48850274282087786
../foodsg-233\oyster omelette\4BJCAOEGB214LQQGBP239M4U.jpg,oyster omelette,all,-0.4885001021932319
../foodsg-233\Sweets\QMYFU2XHTNNV74TP2ASWGE2X.jpg,Sweets,all,-0.48849997535320916
../foodsg-233\pig organ soup\AMMLDX3ROAFYM026ZP5NTIGP.jpg,pig organ soup,all,-0.4884926048284415
../foodsg-233\Pomelo\CWA6NLYW6087B0HCVZO1M866.jpg,Pomelo,all,-0.488486427030351
../foodsg-233\pasta - fettuccine\G6LITCL7ZR6371IY85AOG3WF.jpg,pasta - fettuccine,all,-0.4884853235116763
../foodsg-233\Fruit juice\UICJQG787OUTKT6LUTROM9VX.jpg,Fruit juice,all,-0.4884835843709292
../foodsg-233\begedil\SBEPJFANGKT62WGRIJTJDZQ9.jpg,begedil,all,-0.48848298618116354
../foodsg-233\Kueh Salat\KHKH2ZZSRBVOJRO5XO61SIQ8.jpg,Kueh Salat,all,-0.4884810798656711
../foodsg-233\bee hoon\J7R5UJ4K0HXB8RIH0GHEIE9H.jpg,bee hoon,all,-0.4884701463833629
../foodsg-233\waffle\ABYMW8TAW8PCCRI3I6EJWKUS.jpg,waffle,all,-0.4884667205354863
../foodsg-233\mixed vegetables\IS8CRNUBQLK0PL930AGKDM6Y.jpg,mixed vegetables,all,-0.48845775534728497
../foodsg-233\pasta - fettuccine\MFR6YVSGRM6QKVGIKDDVFQGZ.jpg,pasta - fettuccine,all,-0.4884564987211382
"../foodsg-233\Chap chye, Nonya\6RU389JWD1FC89WAATOT9H5Z.jpg","Chap chye, Nonya",all,-0.4884465938829337
../foodsg-233\chicken soup\EKM7FF2UOHVGZ47HV8T6TQWF.jpg,chicken soup,all,-0.4884309087524684
../foodsg-233\Seafood Noodles Soup\QQTMFDZQASI3JYTDL5IA5G38.jpg,Seafood Noodles Soup,all,-0.48842015483546525
../foodsg-233\steamed grouper\XS5UWMORN4ONHYHVY3SYL4E7.jpg,steamed grouper,all,-0.4884035858405696
../foodsg-233\Claypot Rice\SAL9JR47FUD238CMS4G43PKF.jpg,Claypot Rice,all,-0.4884033562704939
../foodsg-233\sambal\RG9VLSGYD8HXRX9NCUW0JOEU.jpg,sambal,all,-0.4884026485615549
../foodsg-233\gulai daun ubi\8EJRZ5ZV8GD2H0UV9Y2RXCK2.jpg,gulai daun ubi,all,-0.48840201760451346
../foodsg-233\Mee siam\ETGN64S7YX1DBU2QYW6NLI1B.jpg,Mee siam,all,-0.4883988931154017
../foodsg-233\chicken wing\70BW3412WRP5ONYFLH43FH7Q.jpg,chicken wing,all,-0.488398813504259
../foodsg-233\pancake\J8MA73GNWRCIPJTW3OJFQSEO.jpg,pancake,all,-0.48839311879163116
../foodsg-233\Kway Teow\JESS1CAOMKNWMIU6P3C8EMWX.jpg,Kway Teow,all,-0.4883840772129859
../foodsg-233\Soft boiled eggs\HZYMLDEJEBODNEWPFEIBY0OR.jpg,Soft boiled eggs,all,-0.48835053130584666
../foodsg-233\Fruit juice\2DFZ0GNGHM61XRE7LVD269T3.jpg,Fruit juice,all,-0.4883450199428901
../foodsg-233\yam rice\NLFG724ARGSB7RDAGVDWT84G.jpg,yam rice,all,-0.48834300895823546
../foodsg-233\thunder tea rice\H4LQAXKW5JOQBAU04OO6MDJW.jpg,thunder tea rice,all,-0.4883316331489377
../foodsg-233\mixed grills\OA491BS2GOG83275BNBFKYQR.jpg,mixed grills,all,-0.48832401822929267
../foodsg-233\Soto ayam\LW2YESAKRCPTCD9PKK6RWVLD.jpg,Soto ayam,all,-0.4883225566820316
../foodsg-233\canned Fruit salad\1KZEJCHJ9CNBDK5HDF0QTPQH.jpg,canned Fruit salad,all,-0.4883211699215851
../foodsg-233\Snacks and Chips\GJJ3BQ2WTYZ5HPT7DPDNZ6KC.jpg,Snacks and Chips,all,-0.4883141302884381
../foodsg-233\Nuts\DNKDVFLX0840SF00EZAU8BW7.jpg,Nuts,all,-0.4883133028903905
../foodsg-233\cake\M39HQV29TW6FNN2RE5RWA7RG.jpg,cake,all,-0.48830898137959006
../foodsg-233\thunder tea rice\BZNOX544RJIU7QPD66KLF713.jpg,thunder tea rice,all,-0.4882893034044509
../foodsg-233\sirloin steak\UORNPHPMUYQ5KAVY4YQKCHSU.jpg,sirloin steak,all,-0.48828664591624743
"../foodsg-233\Bee hoon, soto\SRKRKX3TFRHYGI82US54HQ1H.jpg","Bee hoon, soto",all,-0.48828222125003906
../foodsg-233\Fruit juice\WPBT3DDFLEAWY5GSSL4D8I7G.jpg,Fruit juice,all,-0.4882658255505485
../foodsg-233\assam pedas\JY970FT37P6EIEEW0YLYXGL8.jpg,assam pedas,all,-0.4882655637494718
../foodsg-233\Mee rebus\9ANHCQM2N2JZU4AGQU3GTQ7D.jpg,Mee rebus,all,-0.488264473550519
../foodsg-233\hotplate tofu\P96E2M3XBK7RX7G1FQDZKA7U.jpg,hotplate tofu,all,-0.48825942624930146
../foodsg-233\wholegrain pasta\QF4Y3BESBV2W1CR1P4V5UYHH.jpg,wholegrain pasta,all,-0.488256693001449
../foodsg-233\yuseng\CXHY7KPN6992UHZYWJQH1KTW.jpg,yuseng,all,-0.4882542981921154
../foodsg-233\Kueh Salat\HH1IXTWXS1APZ1TBRXDZOIEI.jpg,Kueh Salat,all,-0.4882469329242187
../foodsg-233\chilli crab\QL5ALTGSSX95CJK0I3ZKBTGR.jpg,chilli crab,all,-0.4882469210144668
../foodsg-233\cream soup\BF0WYG3HYS1YNNM1NKWHN9EJ.jpg,cream soup,all,-0.4882433911840086
../foodsg-233\chicken soup\PHSJ3YHHK4PBBG5ZT67PT517.jpg,chicken soup,all,-0.48824251174556466
../foodsg-233\Chocolate\9CG6AIQ8FFJXCU3VT4H6QI90.jpg,Chocolate,all,-0.4882284783224726
../foodsg-233\cheng tng\G0DVV11BRIQALGELJQCVA014.jpg,cheng tng,all,-0.48822417336429264
../foodsg-233\Nuts\C9Q4NIK1SU5VFB1DVXFU2MFM.jpg,Nuts,all,-0.488211907457492
../foodsg-233\Fruit juice\A0MV0FT3DIIH62TM4RCO3HPY.jpg,Fruit juice,all,-0.48820684240643664
../foodsg-233\Porridge\D3P4VOSSNSMB3OAYKITAFIVL.jpg,Porridge,all,-0.48820593460940986
../foodsg-233\Hor Fun\AAUBXSFN1OCUL68UEDT21PHU.jpg,Hor Fun,all,-0.48819083825390186
../foodsg-233\mango pudding\9U2OBJIC7S270CTWKN29K2V2.jpg,mango pudding,all,-0.4881673331603522
../foodsg-233\Soto ayam\3NVS5Z6DH4O098CLU39R0WXJ.jpg,Soto ayam,all,-0.4881653806327354
../foodsg-233\pancake\R5MDG1W4XVEZECYBT8I9CMOV.jpg,pancake,all,-0.4881575513487285
../foodsg-233\Fruit juice\APIFFTFKUV5RNFTR2FCNHG7Z.jpg,Fruit juice,all,-0.4881550306942099
../foodsg-233\chicken masala\FR0F8Z0AY4LJ6X16TV73H1AN.jpg,chicken masala,all,-0.4881522240134252
../foodsg-233\sliced fish soup\FVWCBBNP6ADI1GB9UF3IIH3S.jpg,sliced fish soup,all,-0.48815201262028585
../foodsg-233\egg tart\IZUSJTKLPFLN9ZO5FC7YC0RE.jpg,egg tart,all,-0.4881400826251439
../foodsg-233\sausage rolls\G8GQS9QD7YE6IUTR4IH66ARL.jpg,sausage rolls,all,-0.48813182512337183
../foodsg-233\Dumpling noodle soup\0IRRM5RY969WMW5IIILBHZ2P.jpg,Dumpling noodle soup,all,-0.48813038385654883
../foodsg-233\Chocolate\VISMSKYUHWDN3BMVUT5UBD4V.jpg,Chocolate,all,-0.4881196382327527
../foodsg-233\egg tart\23BO83RQ9LX0W9977ZVOM0X9.jpg,egg tart,all,-0.48811032958925044
../foodsg-233\Bubble Milk Tea\ASDO2QOAKHIZURE83U79WXAL.jpg,Bubble Milk Tea,all,-0.4881051450249399
../foodsg-233\pasta - fettuccine\EEP0H80UV9Z16PUVT0HZ8S1H.jpg,pasta - fettuccine,all,-0.488091604201125
../foodsg-233\fried chicken\0TJR3JK1H0C0K6DGLYF763LN.jpg,fried chicken,all,-0.4880914632042623
../foodsg-233\Bubble Milk Tea\8QOXZ6IJ2VBJM1VKC966E3AA.jpg,Bubble Milk Tea,all,-0.48808852110519496
../foodsg-233\Pomelo\KQKT0A7MVTJ6SLNC9H2BR441.jpg,Pomelo,all,-0.4880856356607377
../foodsg-233\kaya toast\VRLEG2U4D4SSQSIQ7IM5T2GR.jpg,kaya toast,all,-0.4880852775686055
../foodsg-233\Nasi pattaya\HI19WAOV8LJKQIGB9A1JBD5T.jpg,Nasi pattaya,all,-0.48808349789904726
../foodsg-233\yuseng\NI9V47F3ZGT2ARTR2LI3Q58M.jpg,yuseng,all,-0.4880815873862387
../foodsg-233\pineapple tarts\Q2ZA3RS2Y90BNID1VM7O1PT8.jpg,pineapple tarts,all,-0.48807512757212423
../foodsg-233\Fruit juice\RGI4DTDQFXVGCFKO4XB07A4J.jpg,Fruit juice,all,-0.48807055313543884
../foodsg-233\chicken masala\6913L66CRWAQ1ELLSE5708WA.jpg,chicken masala,all,-0.4880692554057282
../foodsg-233\Bibimbap\BQJA1EPLGUW6S2AA4D30KN5C.jpg,Bibimbap,all,-0.48806300241533573
../foodsg-233\muesli\72RIL25YSLUOFNMX2E5M9CIA.jpg,muesli,all,-0.48806198476663754
../foodsg-233\sushi\TRA7EQ776BDVWHA1303XFWV4.jpg,sushi,all,-0.4880582422140729
../foodsg-233\Mee bandung\P6ASID17B11DB9RM0Q5O9ORZ.jpg,Mee bandung,all,-0.48805538195473436
"../foodsg-233\Mee siam, fried\S56F8TF2G3MNUZ9OLR33JDL4.jpg","Mee siam, fried",all,-0.4880552138747998
../foodsg-233\Bibimbap\1E2NJHI28NM86IWIVQZO1XAS.jpg,Bibimbap,all,-0.4880465591097908
../foodsg-233\green leafy vegetables\HG7YMCO88PM95OVABKAI5IYM.jpg,green leafy vegetables,all,-0.4880462434374039
../foodsg-233\tom yum noodle soup\1NXZEVV8B7V6ZM0Q12MMYQUQ.jpg,tom yum noodle soup,all,-0.4880438254773918
../foodsg-233\Kway Teow\LLIKRTJBEWI2XOZEH96NRB10.jpg,Kway Teow,all,-0.4880418458077844
../foodsg-233\Kway Teow\M8K4F7CVCY03ZXCA2VCYZ831.jpg,Kway Teow,all,-0.4880338520077619
../foodsg-233\Chocolate\P9OSXP1R2RBAF7DM40BR28EM.jpg,Chocolate,all,-0.48802911881335026
../foodsg-233\Kueh Salat\ONO2FAM8YEETRMQJDQLIAJSS.jpg,Kueh Salat,all,-0.4880228592127129
../foodsg-233\cheese fries\YOKIJU9JYX6FAFGCUZF43E0Y.jpg,cheese fries,all,-0.4880187458968022
../foodsg-233\char siew\N06SDQ5HE8UXLBJQ8QO6OGEN.jpg,char siew,all,-0.48801861752579007
../foodsg-233\canned Fruit salad\6OH0BX7I3WWC037PE9V8HQ65.jpg,canned Fruit salad,all,-0.4880101459707672
"../foodsg-233\Don, unagi\AYMWCARP6B74QDY7BLTOY2E3.jpg","Don, unagi",all,-0.4880084785406008
../foodsg-233\chin chow drink\9C5VD0KEVVTFKPL63HSG61JS.jpg,chin chow drink,all,-0.4880038783383099
../foodsg-233\vegetable soup\GCOVC6FF2J8TZLRA9D6FRHPG.jpg,vegetable soup,all,-0.488000415438969
../foodsg-233\biscuit\4HC2ZW0QCJ3J9Q6NQL86D6TX.jpg,biscuit,all,-0.4879970122612593
../foodsg-233\lasagna\3VWXZC3UVMXEQ7V14GZMDKF8.jpg,lasagna,all,-0.48799384661990164
../foodsg-233\tandoori chicken\9NKLW1TUICFEHXV7308X01IQ.jpg,tandoori chicken,all,-0.48799231858736924
../foodsg-233\sliced fish soup\I5A98P5MWOAKPY20TDW26IEM.jpg,sliced fish soup,all,-0.487979817476321
../foodsg-233\Seafood Noodles Soup\FCGSTOXUMRDKSO9IR8RASZBB.jpg,Seafood Noodles Soup,all,-0.4879627988184427
../foodsg-233\chicken soup\GYMYHW5NI9QQLUKHXKZ36CFN.jpg,chicken soup,all,-0.4879611944626048
../foodsg-233\kueh lapis - rainbow\BHNGJ2FXML6KCNRTGSGR89V4.jpg,kueh lapis - rainbow,all,-0.48794839937502743
../foodsg-233\muesli\W9QLLREEZ7QK3TUBXOPGP2U6.jpg,muesli,all,-0.48794124700624825
../foodsg-233\Pomelo\SK1LKXUBR561P2IYTBPTK4Y2.jpg,Pomelo,all,-0.4879405861255199
../foodsg-233\hotplate tofu\IG5MIMPEFIPUT1FPOBSFH9DU.jpg,hotplate tofu,all,-0.4879374734299528
../foodsg-233\cheese fries\J8Z3PU4ALKM6S815AKN92KL4.jpg,cheese fries,all,-0.48793638535726314
../foodsg-233\Prawn Noodle\L3P5IUFOS6JCNE745M198K5K.jpg,Prawn Noodle,all,-0.4879361700529145
../foodsg-233\roti john\V26RSYRG3LA6E73VF94N3SN9.jpg,roti john,all,-0.487932463878557
../foodsg-233\Chocolate\SY7ZTPU31YE0L8B5VZ3A256Y.jpg,Chocolate,all,-0.4879292469023238
../foodsg-233\canned Fruit salad\AIWDXBN78AGCFQ8ISXWF8BWM.jpg,canned Fruit salad,all,-0.48792818878403443
../foodsg-233\sliced fish soup\IT3AOXCE9OE23TTVR1L5MXH3.jpg,sliced fish soup,all,-0.4879221993435039
../foodsg-233\Chocolate\B938EM5IL3NTP0SQNQJA8KUI.jpg,Chocolate,all,-0.487907213246901
../foodsg-233\biscuit\TFNTMHSI6O6YRQK5QBL25KU4.jpg,biscuit,all,-0.48790234412378486
../foodsg-233\Chocolate\VWUG28FFVRS9OS6IMR14RNNZ.jpg,Chocolate,all,-0.4878977313151653
../foodsg-233\bak chor mee\NN5SDN4F0ZTH9JO2NV0CE1AL.jpg,bak chor mee,all,-0.48789536574152975
../foodsg-233\biscuit\NTXI59TOWDFV584OBY0N3VER.jpg,biscuit,all,-0.4878921145794555
../foodsg-233\pineapple tarts\238HXWC2HS4SRP3VGXUCU64Q.jpg,pineapple tarts,all,-0.4878796337592326
../foodsg-233\chicken wing\1FH8WVM83523TIY9SU44GDMC.jpg,chicken wing,all,-0.48787487296813153
../foodsg-233\buckwheat\CQ1YA8DWQP2NC5HRO789GDG2.jpg,buckwheat,all,-0.4878748233837189
../foodsg-233\salad\7NUXBWMS0MN1WFCC9JUSPQQ4.jpg,salad,all,-0.4878736512476777
../foodsg-233\pineapple tarts\2NO3J9G68COSIXM8DLTPAYW6.jpg,pineapple tarts,all,-0.48784595148176135
../foodsg-233\Fruit juice\7PWN67LBSXVIOO81YAF6RQYD.jpg,Fruit juice,all,-0.4878382758907308
../foodsg-233\pineapple tarts\VCV8OHFEKMDNNWE5D4EV5QLN.jpg,pineapple tarts,all,-0.4878242816408271
../foodsg-233\sandwich\S3DOQMTED5OVQ03QDTG9T9AM.jpg,sandwich,all,-0.4878190968138291
../foodsg-233\tandoori chicken\9US16LRP4W8TYYRUTWBWM8UT.jpg,tandoori chicken,all,-0.4878087690893135
../foodsg-233\yam rice\NPF4G3A9UGHBNUA5Z25ZT3ME.jpg,yam rice,all,-0.48780785787213155
../foodsg-233\chicken wing\RXWJVSOKTA04RYJTANLPJ1RX.jpg,chicken wing,all,-0.4878041939375882
../foodsg-233\Mee siam\IVHWO1B9TEPDPELGFD15ADD5.jpg,Mee siam,all,-0.4877981462324616
../foodsg-233\hotplate tofu\JA16U6EKTXAU2J9HZZDRKCRD.jpg,hotplate tofu,all,-0.4877818298086354
../foodsg-233\tandoori chicken\I287H42BRL1JXFG7XKB96IF8.jpg,tandoori chicken,all,-0.48777825338829084
../foodsg-233\kway chap\6EFTFW92RWPE35Y4MHGDLZ1N.jpg,kway chap,all,-0.4877749189773751
../foodsg-233\fried chicken\H2VFA1VQQK0YAKN48LR1OEK5.jpg,fried chicken,all,-0.4877731432403707
../foodsg-233\Duck Rice\TX9CTONAF5NAXPGA0QSERVYR.jpg,Duck Rice,all,-0.4877726155486765
../foodsg-233\french fries\K039ILPX0Z75LVMVZVSMWVCQ.jpg,french fries,all,-0.48776635041693417
../foodsg-233\beef noodle soup\OZ3052XX3VQW1BO0WJRUJ3M7.jpg,beef noodle soup,all,-0.48773898028315815
../foodsg-233\spring rolls\MPCIBBQB9453S9AF8SELO8V2.jpg,spring rolls,all,-0.48773663535037914
../foodsg-233\pasta - fettuccine\NDFCEAZG554E4EJ0MK34M8AX.jpg,pasta - fettuccine,all,-0.48771354222581503
../foodsg-233\sirloin steak\QTQLAV8DRFGKW9EU3EMIV9K4.jpg,sirloin steak,all,-0.48770690344420914
../foodsg-233\raspberry\YCFU2ZTODM051SMFSHJSGN45.jpg,raspberry,all,-0.4877058468311022
../foodsg-233\chicken masala\KUEXY5EKX1IPD9DDJGBH2Z18.jpg,chicken masala,all,-0.487701152163128
../foodsg-233\chilli crab\TB651JTG3SPQVVZDU1T3DQDZ.jpg,chilli crab,all,-0.4876965187766806
../foodsg-233\char siew pau\FJW23LL7K9E2Y14OUB7EKXNE.jpg,char siew pau,all,-0.4876811501929971
../foodsg-233\buckwheat\HZQI7ACY182530436PO50F5E.jpg,buckwheat,all,-0.48766647736693053
../foodsg-233\bak kwa\0GCMXONIT0AVOUSUTRB3RSTW.jpg,bak kwa,all,-0.4876639118999279
../foodsg-233\Mee goreng\9K9O91UMQ90TE9TJH1NPF77N.jpg,Mee goreng,all,-0.4876620008357161
../foodsg-233\Apple\SWEPUO6M7M8TOPC1L52WHE35.jpg,Apple,all,-0.48765186211584494
../foodsg-233\Soto ayam\8C3IWWEWWGV0G4YJVCRMCWFH.jpg,Soto ayam,all,-0.48763711018113554
../foodsg-233\lamb chops\PHI156GW2607TGF0E04QASZ0.jpg,lamb chops,all,-0.4876259095368286
../foodsg-233\Chocolate\7GZJE2SSE1WICJRNEI6WEXM0.jpg,Chocolate,all,-0.4876239708978933
../foodsg-233\Kway Teow\J0EQPUSJZQIY5GAZTBQ8F17C.jpg,Kway Teow,all,-0.4876198212058336
../foodsg-233\ice cream - vanilla\4OBXN0BXLU2NIV7C233J85QS.jpg,ice cream - vanilla,all,-0.48761962203539516
../foodsg-233\chawanmushi\K38DT2WE7AWEFPJ8NTBCHVAU.jpg,chawanmushi,all,-0.48761789790965904
../foodsg-233\Soft boiled eggs\TE89ARFGVKH32RKK6Z87QBR2.jpg,Soft boiled eggs,all,-0.48761621586717874
../foodsg-233\Chocolate\KLPU8P5O126KR0MO6AQKJNIG.jpg,Chocolate,all,-0.4875972493304765
../foodsg-233\chicken wing\9AXI71NJVIK2IMCEX5D7RSIV.jpg,chicken wing,all,-0.48757783086106943
../foodsg-233\sirloin steak\DHV05H5BYFHSJH2FGIA1ZCSL.jpg,sirloin steak,all,-0.4875699492374172
../foodsg-233\tandoori chicken\12SRN14P6JY10JZ3VQQDH73T.jpg,tandoori chicken,all,-0.48755689615001796
"../foodsg-233\Bee hoon, goreng\6OA2HNA2ZBW3SEODZ9M4EGGZ.jpg","Bee hoon, goreng",all,-0.48754706403362474
../foodsg-233\french fries\PZQRGYJS42GI87EMB2SW4X99.jpg,french fries,all,-0.4875422145037367
../foodsg-233\pasta - fettuccine\73XT5HX1LTM8VNVU8WS9ETSH.jpg,pasta - fettuccine,all,-0.48753170179097227
"../foodsg-233\Pilaf, pea\9OLGDV8R5R766X1JN1L6G0BP.jpg","Pilaf, pea",all,-0.4875219734354631
../foodsg-233\kuih bahulu\ZXSR5N2X43D7422IPWAC448P.jpg,kuih bahulu,all,-0.4875219714107502
../foodsg-233\wholegrain muffin\B9E7NU9BALVI9DJ6IGRD2ZLH.jpg,wholegrain muffin,all,-0.48751809250444833
../foodsg-233\sirloin steak\A9XY1J1GGD0CCPL9REAYQSFW.jpg,sirloin steak,all,-0.4875162562860941
../foodsg-233\Wholegrain Wrap\FGDGJS43ZYM1OTPQG0W03TXH.jpg,Wholegrain Wrap,all,-0.48751219101017707
../foodsg-233\kueh lapis baked\5GWQXLNUCTB32UU19633ZBF8.jpg,kueh lapis baked,all,-0.48750905419293594
../foodsg-233\Chocolate\XGPOJOPG0YK0NSGWLVPSQTL1.jpg,Chocolate,all,-0.4875053559139418
../foodsg-233\Kueh Salat\C4U2AC83M1F0LSJE3W5XV7J5.jpg,Kueh Salat,all,-0.487498744441601
../foodsg-233\tumpeng\9QNPNCGRXSQ04FTCV8ASA70H.jpg,tumpeng,all,-0.4874966731582767
../foodsg-233\ngoh hiang\U3BVRWHVOOLODW6RS2R5YWH2.jpg,ngoh hiang,all,-0.4874964097384548
"../foodsg-233\Pilaf, pea\DWMG0G5TB5QMPLIOBSPPC1K3.jpg","Pilaf, pea",all,-0.48749291302637127
../foodsg-233\Nasi pattaya\0B42V5DQDAR3OUR5ODJMVYHG.jpg,Nasi pattaya,all,-0.4874879491891785
../foodsg-233\Kueh Salat\FAD7K7NBO8HTGRD56UKHA3J1.jpg,Kueh Salat,all,-0.48748619791909237
../foodsg-233\tandoori chicken\SLPGMUFAOC3UWNJ1O1W1JH7Q.jpg,tandoori chicken,all,-0.487474346645404
"../foodsg-233\Mee siam, fried\IKU0WO1GFIR8P3W2VLPTXAIQ.jpg","Mee siam, fried",all,-0.4874728797769779
"../foodsg-233\Rice, korean bulgogi beef\NF4A0WY1XLYAZ26EHTMHQZ99.jpg","Rice, korean bulgogi beef",all,-0.4874704435438344
../foodsg-233\waffle\MXC0TQSLCJS7TWCRNPI6BC09.jpg,waffle,all,-0.48746924175727563
../foodsg-233\milk\WMZGJULDXHH9O4S8P0ACBBQA.jpg,milk,all,-0.4874674173869559
../foodsg-233\Laksa\753PA788ONI099NQBOPTNPYZ.jpg,Laksa,all,-0.4874372444973551
../foodsg-233\Pung Kueh\6UF6E1H8VCZHP2Z9F28Z9XUJ.jpg,Pung Kueh,all,-0.4874172614578196
../foodsg-233\whole oats\9FC2SL3FWFEYJ33R3OP2U69S.jpg,whole oats,all,-0.4874089875082348
../foodsg-233\chawanmushi\L9BF1HQ7RCUAKOZE7C8LR7S4.jpg,chawanmushi,all,-0.4874088320476202
../foodsg-233\Soft boiled eggs\BXA09QPYALXI9BS1Z8ETY5ON.jpg,Soft boiled eggs,all,-0.4874058598617209
../foodsg-233\biscuit\PV0Q0RMFRYJJ7P2QNYMV0FEQ.jpg,biscuit,all,-0.4874043915005407
../foodsg-233\egg tart\H8WJ0KW9ITR7KISCF9TFKC15.jpg,egg tart,all,-0.4874025344016381
../foodsg-233\preserved fruit snacks\1DT937TEJI7UTU6UXDKXLW22.jpg,preserved fruit snacks,all,-0.48740251704670357
../foodsg-233\chicken rice\4HFMHQYN5RAS56GJCVB46NMA.jpg,chicken rice,all,-0.4874020325039024
"../foodsg-233\Bee hoon, goreng\V4MGX4MS9SXEVJQI4R3M5L08.jpg","Bee hoon, goreng",all,-0.4873959000583156
../foodsg-233\Apple\O8SNK0KCOW0P31BXOKCJHER4.jpg,Apple,all,-0.4873952582811857
../foodsg-233\char siew\K89SO00VYI4TMGF5150CP8JL.jpg,char siew,all,-0.4873911546810453
../foodsg-233\cream soup\ODSHGBB78N2FYZE50XRCXRAU.jpg,cream soup,all,-0.4873806943742421
../foodsg-233\Nuts\KU7H87Z6SU18QY7MP981YKDB.jpg,Nuts,all,-0.48737096425105836
../foodsg-233\egg tart\IKPU5R2K0YEY28R8B1JPG3MG.jpg,egg tart,all,-0.48737000148781184
../foodsg-233\Alcoholic Beverage\H4FGZ9GUD63ERGF1R0ZTE0IX.jpg,Alcoholic Beverage,all,-0.48736184472429017
../foodsg-233\mixed vegetables\KM8BPUZVZPMSI04N7KKL4QJM.jpg,mixed vegetables,all,-0.48736087575620113
../foodsg-233\cream soup\SQS2VCY1Y90K8LGRDTOVF46X.jpg,cream soup,all,-0.48735951507134573
../foodsg-233\chin chow drink\J05LUUUJAAR4WQG2P8ZA8LWM.jpg,chin chow drink,all,-0.48735888526076215
../foodsg-233\Mee soto\H7WUPUBR38NGKY70UHKWR60G.jpg,Mee soto,all,-0.48735851154780485
../foodsg-233\pig organ soup\INZ9PNQ6OT8PVXQ1IV64HH78.jpg,pig organ soup,all,-0.4873531981112296
../foodsg-233\cream soup\NP04YIF3LO74T0AP5A9A3YVA.jpg,cream soup,all,-0.4873480589376509
../foodsg-233\pancake\SVQYNJULW3PYWX8AUX97FC9B.jpg,pancake,all,-0.48734740449592506
../foodsg-233\pancake\2EW395TLJWCE6CW9K3M7PTMX.jpg,pancake,all,-0.4873410553378259
../foodsg-233\Wholegrain Wrap\9UVPFA0SDK2WGXD30VSKNY09.jpg,Wholegrain Wrap,all,-0.487340830527712
../foodsg-233\kuih bahulu\8GYSVACFHLPDT7AXBZAONPAY.jpg,kuih bahulu,all,-0.48733744158360626
../foodsg-233\hotplate tofu\M169XTD3JQ2DGT3VUL5C71MI.jpg,hotplate tofu,all,-0.48733242020564826
../foodsg-233\yuseng\XA9YOC6JPBFYS8ZALWG5OQUO.jpg,yuseng,all,-0.48731892599411886
../foodsg-233\cake\YX8TE5MXA3C8YC273PLVZIIZ.jpg,cake,all,-0.4873034478312515
../foodsg-233\Bibimbap\LMDM5CTMM7F4ZKD5XEVC7US2.jpg,Bibimbap,all,-0.48729979392080597
../foodsg-233\har cheong gai\UQA41M5AUUZ1GSWFM64WYRMV.jpg,har cheong gai,all,-0.4872980888042858
../foodsg-233\mixed vegetables\EBCPL4UQ0D5NPH5RABPLNAQH.jpg,mixed vegetables,all,-0.48729131817968074
../foodsg-233\lamb chops\1KA1C0CMDUBVHX1S679A6I9J.jpg,lamb chops,all,-0.48728523547667085
../foodsg-233\CNY love letter\FU25MTC8MGDNNLVHR7S8OIZO.jpg,CNY love letter,all,-0.4872844030720342
../foodsg-233\canned Fruit salad\LBEQLHGY61BB82DWU7SY20B1.jpg,canned Fruit salad,all,-0.4872828023972433
"../foodsg-233\Wanton mee, dry\723KEWTSLZFMAWUNV7RMMEWV.jpg","Wanton mee, dry",all,-0.48726624341393626
../foodsg-233\mixed vegetables\LB07NUA8XE33JPBJ93IQWO7C.jpg,mixed vegetables,all,-0.4872230281707835
"../foodsg-233\Rice, with dakgalbi\2881ULP9GCNQJM4HWP0I6H95.jpg","Rice, with dakgalbi",all,-0.48721820787202097
../foodsg-233\pancake\D7XX3W5554UC4OT6754JKE91.jpg,pancake,all,-0.4872122188719954
../foodsg-233\dumpling\QZHRIVBN815EVQIFRPMH2XD6.jpg,dumpling,all,-0.48721183820271996
../foodsg-233\Pomelo\Z3DRTAUQBZMMMHK5R1MMVK5O.jpg,Pomelo,all,-0.4872108034576571
../foodsg-233\yuseng\XV2WQULC6JLCJZYY7FBP42V8.jpg,yuseng,all,-0.4871954325762344
../foodsg-233\mixed vegetables\Z2X6QLOJGPW8MT32HMSVQP51.jpg,mixed vegetables,all,-0.48719521400744636
../foodsg-233\chicken soup\04RPRO7BCMPHU57IOM8LJZLJ.jpg,chicken soup,all,-0.4871922978959847
../foodsg-233\chilli crab\Y0N7B2JVZ02QY5T31IXDSJ8Q.jpg,chilli crab,all,-0.4871864133500702
../foodsg-233\salad\EY3O3IO1MA7X7LRIBPPKUFLE.jpg,salad,all,-0.4871845792309904
../foodsg-233\satay bee hoon\OPXUJQB1D4QCTRVQITEVE8LY.jpg,satay bee hoon,all,-0.48717250793352784
../foodsg-233\french fries\M8K86XQBJEEZMVUYE04XPNXQ.jpg,french fries,all,-0.4871516331041605
../foodsg-233\Apple\YIT37JXIWUXSVYH2E7YOVQTP.jpg,Apple,all,-0.4871512708514873
../foodsg-233\Wholegrain Wrap\2F8P90GIKERVZNHVBQG8UNY3.jpg,Wholegrain Wrap,all,-0.4871501627155393
../foodsg-233\Duck Rice\K00CY7K5ZWTLYWI8ENKJ868U.jpg,Duck Rice,all,-0.48714795993652554
"../foodsg-233\Bee hoon, goreng\RZEWT43X2OQ4PI1AYKP11EG1.jpg","Bee hoon, goreng",all,-0.48714787177062174
../foodsg-233\lontong\MH3DH7G5HTL6YGFPNK1343T7.jpg,lontong,all,-0.48714483012459997
../foodsg-233\kway chap\ZV9IG819BN77A23O4AGSY1Q4.jpg,kway chap,all,-0.4871412866648556
../foodsg-233\seaweed snack\7DBDDG9S0TGK2O4JRTGGG4EN.jpg,seaweed snack,all,-0.48714090176158054
../foodsg-233\bak kut teh\0MAQ17ZA1ZB2V8G3U6LL7D6S.jpg,bak kut teh,all,-0.487140548586093
../foodsg-233\chicken soup\C8I5E8Z6DBHPVJX3VY70Q1FW.jpg,chicken soup,all,-0.4871335350995417
../foodsg-233\satay bee hoon\VGW4UTB1T8NR3285QINMGPAK.jpg,satay bee hoon,all,-0.48713204579762287
../foodsg-233\kuih bahulu\INXIWPXVQWSD335KSB26V06N.jpg,kuih bahulu,all,-0.48712973053198183
../foodsg-233\Instant Cereal Drink\GHASFSX6EXLTM3SR2PPBR8ZH.jpg,Instant Cereal Drink,all,-0.48711722395790025
../foodsg-233\kebab - chicken\NENM4DPFTQJC33PY6K0JXV4V.jpg,kebab - chicken,all,-0.4871167953567547
../foodsg-233\Mee siam\Z1PK89XD1HNHTY6TXG7AY141.jpg,Mee siam,all,-0.48711350204101117
../foodsg-233\drunken prawn\OHXFJKUDOTQ5TCOD84P95U0S.jpg,drunken prawn,all,-0.487112151551056
../foodsg-233\kebab - chicken\E5AVP0ADP56QLPAN8T8TJHM5.jpg,kebab - chicken,all,-0.4871119665440367
../foodsg-233\yong tau foo\HZEKNJ0N0V28JDBU9HM9B8RV.jpg,yong tau foo,all,-0.4871034322906763
"../foodsg-233\Rice, with dakgalbi\PN0ZRLUEWGCOLINH7C55A4RR.jpg","Rice, with dakgalbi",all,-0.48709642021107735
../foodsg-233\pancake\821GZUCCNUH7EN5WQIIRTPVU.jpg,pancake,all,-0.48707605644949165
../foodsg-233\canned Fruit salad\S4KRQ45TBEZ73NGZGKIYH05Q.jpg,canned Fruit salad,all,-0.4870683464038359
../foodsg-233\kueh lapis - rainbow\N7REQQNQ9TV1OO8E0QX1T25I.jpg,kueh lapis - rainbow,all,-0.48705634424537897
../foodsg-233\Pomelo\ZW6P4KLMO9QAY7OO740IQXHQ.jpg,Pomelo,all,-0.487051067126892
../foodsg-233\hotplate tofu\ZUV4YODQVYI0KJYGDK2ECBT8.jpg,hotplate tofu,all,-0.48705059515858035
../foodsg-233\Nasi pattaya\W3TXPMNRVABYV7BVLXL254MK.jpg,Nasi pattaya,all,-0.48705034674891046
../foodsg-233\milk\TA3F2X93THS10X6AATMUX56M.jpg,milk,all,-0.4870462483836953
../foodsg-233\curry puff\F7RECV5RINKMCSTFVSXV9QJY.jpg,curry puff,all,-0.48704187579400515
../foodsg-233\Chinese fritters\7FHZO1M0CK2DE99NMFX8C267.jpg,Chinese fritters,all,-0.4870392980814242
../foodsg-233\yong tau foo\PJPRP7HR0LHD06VBFR3S85U8.jpg,yong tau foo,all,-0.48703515723382595
../foodsg-233\salad\OSO5GFQPWXABBGZM2WYJF399.jpg,salad,all,-0.4870321980984441
../foodsg-233\fried rice\TY44B3ZSH9D6XIWXR4BMUO6H.jpg,fried rice,all,-0.48702470375384876
../foodsg-233\chai tow kuay\YZWPA7OOMAM8FW935RSESRXH.jpg,chai tow kuay,all,-0.4870196562765696
../foodsg-233\char siew pau\BYYHTXS0CQBWRFJT0PJZ0UT9.jpg,char siew pau,all,-0.48700291292164055
../foodsg-233\mushroom soup\2EXSKCSO6I5A5Y51M1R89C2F.jpg,mushroom soup,all,-0.48700033388123204
../foodsg-233\milk\3KL45V7SQ296JBTEC6YEQBF4.jpg,milk,all,-0.48699795319896105
../foodsg-233\Snacks and Chips\E3Q9CAT32AWB6MZYES7F2RYH.jpg,Snacks and Chips,all,-0.486992236511832
../foodsg-233\gulai daun ubi\XPIULRAI97U8761ZASYZIHNA.jpg,gulai daun ubi,all,-0.48698704525264874
../foodsg-233\Mee soto\Q5K8I9YSV946AYGUV8H4S8F2.jpg,Mee soto,all,-0.4869728799502647
../foodsg-233\green leafy vegetables\4D8GGK9ZLG185R217OU1U2OT.jpg,green leafy vegetables,all,-0.4869673924209808
../foodsg-233\kaya toast\8WMCWZ8HE0EYRLJ2DU32F95Q.jpg,kaya toast,all,-0.48696526616351815
../foodsg-233\tandoori chicken\T4FSAHBP3Z84QT2P9R8P823H.jpg,tandoori chicken,all,-0.48694635947582426
"../foodsg-233\Don, unagi\X2LNPFC5KD3AADXJ4SI6UBAE.jpg","Don, unagi",all,-0.4869451828309144
../foodsg-233\chin chow drink\SF35VMQIGHP0OG3I1B38JAME.jpg,chin chow drink,all,-0.4869447432448157
../foodsg-233\chai tow kuay\CKJPIO2RJQHSD172V7TVHW7S.jpg,chai tow kuay,all,-0.48692833509413624
../foodsg-233\Chocolate\FSB1XSOE1TCBVT731VEA28PF.jpg,Chocolate,all,-0.4869058519914983
../foodsg-233\Wholegrain Wrap\LXR5W4UL8DVC0RFP2QK98DQZ.jpg,Wholegrain Wrap,all,-0.4868992685243628
../foodsg-233\sandwich\IQECQH6H9182D0J0ZI90T3OC.jpg,sandwich,all,-0.4868769052835432
../foodsg-233\Fruit juice\YY2A5QWF8EBRD9D2RRSIWY5V.jpg,Fruit juice,all,-0.48686890072022265
../foodsg-233\Laksa\X1XBJV4TQ6T4060U4Z9TXWJT.jpg,Laksa,all,-0.48686767450057117
../foodsg-233\Prawn Noodle\VX733Y91KL5BYYQJLZ4SK6KE.jpg,Prawn Noodle,all,-0.4868476447538141
../foodsg-233\milk\L4N1LYR8O37C755KSG4FU1NR.jpg,milk,all,-0.4868459623436337
../foodsg-233\Bubble Milk Tea\CVTDVGVK4E7BZ9NIGZZE31J3.jpg,Bubble Milk Tea,all,-0.48683892584153754
../foodsg-233\tom yum noodle soup\PK6KV4ND1HQS9GWI3SI76UK7.jpg,tom yum noodle soup,all,-0.4868356031816209
../foodsg-233\Chocolate\UL568FTX4C0EOK0W5EMAHJIU.jpg,Chocolate,all,-0.48683142513993927
../foodsg-233\Mee kuah\59MVVA3J8GGVDAMEIWUJGHBA.jpg,Mee kuah,all,-0.486830078049682
../foodsg-233\tumpeng\DRP068ZA2YT67MSM9JMB7PF6.jpg,tumpeng,all,-0.48682721604047485
../foodsg-233\begedil\VS34DSJFOFRWOMCSRSJP8AEJ.jpg,begedil,all,-0.48682245633351906
../foodsg-233\dumpling\EMMVHG2H6GYIXINO6N3HYW7H.jpg,dumpling,all,-0.4868153428935273
../foodsg-233\pancake\H1KWA42K753495MLOXWUYTZM.jpg,pancake,all,-0.48681377750750093
../foodsg-233\Chocolate\DANJV5XLDXBEKVYJ3WLRALN1.jpg,Chocolate,all,-0.48680688057371446
../foodsg-233\chawanmushi\M2L31PCSTM46LOH7Y1AN5SZ6.jpg,chawanmushi,all,-0.4868022429543158
../foodsg-233\Nasi Ambeng\RK23SR4NS83G201QCBWW5VT3.jpg,Nasi Ambeng,all,-0.4867999757449119
../foodsg-233\french fries\VRKDUL57EAJ1RVPFTUZ41GSN.jpg,french fries,all,-0.48679959590692845
../foodsg-233\Claypot Rice\W0QXHXYFBI4P2W2PH0TZ6CYH.jpg,Claypot Rice,all,-0.4867974349706957
../foodsg-233\yogurt\1KLT3MHVKPIIBWN5HHM0E3MF.jpg,yogurt,all,-0.4867959496224812
../foodsg-233\Laksa\GRGRMJFBD87GIZ8NX99E37DV.jpg,Laksa,all,-0.4867940922989644
../foodsg-233\Bubble Milk Tea\CGX91KQY195JJYTWUJ2CVWXG.jpg,Bubble Milk Tea,all,-0.4867823036453329
../foodsg-233\french fries\FHQ3FQFCBFKZ3ARFAZO6Y54N.jpg,french fries,all,-0.4867670114259129
../foodsg-233\Wholegrain Wrap\H7QC85X5HBM37JESOW6TDAQF.jpg,Wholegrain Wrap,all,-0.4867535033197571
../foodsg-233\sambal\D2JNDPIRG19EPJWU1PN38JAS.jpg,sambal,all,-0.4867496037647877
../foodsg-233\sliced fish soup\J3UC6QJ19VWINVCHCHTKLIZ1.jpg,sliced fish soup,all,-0.48674708544098805
../foodsg-233\fried prawn\I4UERFGKHMDO366Z948FHDZP.jpg,fried prawn,all,-0.4867470117015898
../foodsg-233\whole oats\RFCKIOW8QMT9WVIAZAUAXSZV.jpg,whole oats,all,-0.4867461278038208
../foodsg-233\mixed vegetables\U76LMOCF13XOBN29KMWXSUAI.jpg,mixed vegetables,all,-0.48673987535013674
../foodsg-233\pig organ soup\4WQYPHN1CR5NX1UB5M9J3B1C.jpg,pig organ soup,all,-0.4867391637723554
../foodsg-233\pancake\DWF4OGYMIOYRVRNVOIW6XPIJ.jpg,pancake,all,-0.4867292705745232
../foodsg-233\Dumpling noodle soup\CBV3ZQYIN1GLC6L779WZD7J2.jpg,Dumpling noodle soup,all,-0.48672670622381853
"../foodsg-233\Bee hoon, goreng\RZSL05YTDD5RX8AUZO5Z9EI5.jpg","Bee hoon, goreng",all,-0.4867222346435496
../foodsg-233\wholegrain pasta\P12Y1LMS1NWWXI9YVHQNZ1VB.jpg,wholegrain pasta,all,-0.48672038940250795
../foodsg-233\cream soup\HXREYGMV49RR02EIUEDMJBBD.jpg,cream soup,all,-0.4867171768061151
../foodsg-233\canned Fruit salad\NFRRU31BGF4V9MCL0728SAZ7.jpg,canned Fruit salad,all,-0.48671600078532246
../foodsg-233\Soto ayam\LX7X96LWUXYAGYWL8MO32HCG.jpg,Soto ayam,all,-0.4867014696740198
../foodsg-233\Fruit juice\CTOC64IRHQ60C7TFL2TMDC6K.jpg,Fruit juice,all,-0.48669505955960013
"../foodsg-233\Bee hoon, soto\2Y8CUJNC5YAN7U09AA2S25DO.jpg","Bee hoon, soto",all,-0.4866919689018535
../foodsg-233\cake\4HBLQA04Z6LYE6XQEOLZNHXH.jpg,cake,all,-0.48668444443696396
../foodsg-233\kebab - chicken\8AWUIQQ4O4PL0EDVGFBLUCJ5.jpg,kebab - chicken,all,-0.4866719172246268
../foodsg-233\Pomelo\TGY4H5F6IGWOKSOUE08RUVFV.jpg,Pomelo,all,-0.4866712121475724
../foodsg-233\breakfast cereal\WLD6J66D1HS8GS75F6BL64J9.jpg,breakfast cereal,all,-0.48666069519385935
../foodsg-233\Fruit juice\GDIZFXWUWHRP8Y1G8TKC14SJ.jpg,Fruit juice,all,-0.486656109420398
../foodsg-233\Kway Teow\KWNAAT70SI6MQ8FAWMYUNN0J.jpg,Kway Teow,all,-0.4866519038884544
../foodsg-233\Udon\3WULH33XEV06UYQFRARKGAQO.jpg,Udon,all,-0.4866500217320626
../foodsg-233\canned Fruit salad\T7XLE73NR6MSTBG3SZ5KWDTS.jpg,canned Fruit salad,all,-0.48664637194986626
"../foodsg-233\Miso ramen, with fishcake\VK98NNCQ6MFYXQVD9JKM7ZAB.jpg","Miso ramen, with fishcake",all,-0.48664520616562174
../foodsg-233\Udon\NOIX1O4WTAXROBWOLXK6VEDB.jpg,Udon,all,-0.4866387469362595
../foodsg-233\char siew pau\CHU1VFYE32WBM0REHAG86873.jpg,char siew pau,all,-0.48662954264762864
../foodsg-233\Mee soto\0DSAMQYE82Q0DW2OUGQI60T3.jpg,Mee soto,all,-0.4866275788335037
../foodsg-233\tutu kueh\CTVX4RLBQB3ZHYKHHSOBCITV.jpg,tutu kueh,all,-0.48662548281516016
../foodsg-233\Fish Ball Noodles\RDV73X3WWX20BMIDWPNVLVYC.jpg,Fish Ball Noodles,all,-0.4866195681128501
../foodsg-233\mixed vegetables\2QHBHYUGPL91LFUBEX8OG1PT.jpg,mixed vegetables,all,-0.4866121572028008
../foodsg-233\cheng tng\1SP3TRP5MYBQBL5QG7IZTW47.jpg,cheng tng,all,-0.48661092128306466
../foodsg-233\steamed buns\CABIE0XR4H17QZW5LRKYYUL0.jpg,steamed buns,all,-0.4866081527453412
../foodsg-233\pasta - fettuccine\RNWHR3GUQ5O5VRUY9FCHCPN8.jpg,pasta - fettuccine,all,-0.4866052448486384
../foodsg-233\Fish and chips\WVKZ5S6A0US813M49PFCWDU2.jpg,Fish and chips,all,-0.4866039607014943
../foodsg-233\Fish and chips\H85MM8PKIDD1SI9OMA8SK2RK.jpg,Fish and chips,all,-0.4866027608576709
../foodsg-233\Nuts\CHRKQD6KZAYEJJU6S7VGXBXT.jpg,Nuts,all,-0.4865997712056293
../foodsg-233\tom yum noodle soup\X9G5V2RJQC0666XRJD5OAXFU.jpg,tom yum noodle soup,all,-0.48657909543672745
../foodsg-233\seaweed snack\MSPC6PA0PUA5HRZO5QDI0DBQ.jpg,seaweed snack,all,-0.48657678074207394
../foodsg-233\assam pedas\QBR3XHGADS80TJYSH4BHPR11.jpg,assam pedas,all,-0.48657050894417303
../foodsg-233\cheese fries\OVKK12AD0YINYOVSLKUJZE45.jpg,cheese fries,all,-0.48656874652164805
../foodsg-233\lamb chops\98W26TD0X3WH4X5317PDSB6T.jpg,lamb chops,all,-0.48656837499094385
../foodsg-233\satay bee hoon\QBRLYU31A16X1MSO1IZAY2TV.jpg,satay bee hoon,all,-0.4865673604305581
../foodsg-233\cake\M2UG40YB4Q2JR2JUOK3WBNK6.jpg,cake,all,-0.486566678035495
../foodsg-233\Chocolate\IQ4HGHKK2VLBBV122HMQW9YZ.jpg,Chocolate,all,-0.4865590708528276
../foodsg-233\hotplate tofu\Q455HSIJK4T3A7GCD5TEI0ZA.jpg,hotplate tofu,all,-0.4865543240693064
../foodsg-233\Snacks and Chips\MAAP49N03XQVIWVTDZ4OYB0K.jpg,Snacks and Chips,all,-0.4865432388171354
"../foodsg-233\Bee hoon, soto\AD8VCQGJR0PJWJG353GHQJTJ.jpg","Bee hoon, soto",all,-0.4865419584469975
"../foodsg-233\Rice, korean bulgogi beef\QIF147HSJE01X6NPL9AFRFXP.jpg","Rice, korean bulgogi beef",all,-0.48654108063006335
../foodsg-233\Hor Fun\OXPMQB9D1HZ1HWEZZSKRTD4T.jpg,Hor Fun,all,-0.4865278474035241
../foodsg-233\mixed vegetables\R1TZC0531SSCB1R5ZKNXRHT1.jpg,mixed vegetables,all,-0.48652571790815446
../foodsg-233\Wholegrain Wrap\P3F1Z6FF6EAIT033G1D5EQ30.jpg,Wholegrain Wrap,all,-0.4865199940091719
../foodsg-233\chwee kueh\XVPKWS4HON48PSL3AA9R8A1T.jpg,chwee kueh,all,-0.4865198916366402
../foodsg-233\tau suan\AA7FPKSOB9WW4TR6GW1ZWYLZ.jpg,tau suan,all,-0.48651866550107126
../foodsg-233\biscuit\31WV6ZWJ1A5OUPGFR722HWRB.jpg,biscuit,all,-0.4865185198093527
../foodsg-233\pasta - red sauce\6FA2OSK9FVTIAN19KUQVSOXH.jpg,pasta - red sauce,all,-0.4865159944602883
../foodsg-233\Nasi pattaya\MW7ENRYVFCDDEBVQ26APSVV5.jpg,Nasi pattaya,all,-0.48651500687349114
../foodsg-233\Pomelo\AX6BW2HIMGK7AK290COR0A26.jpg,Pomelo,all,-0.4864998016231302
../foodsg-233\biscuit\G3L5MWWOTFANUYCKK3QVZROZ.jpg,biscuit,all,-0.4864991457815358
../foodsg-233\bagel & croissant\CK03CQ9TQ61VWSBZGBAGXTM7.jpg,bagel & croissant,all,-0.4864931907453051
../foodsg-233\muesli\Z12E4LAX077RX7W2QOB64B34.jpg,muesli,all,-0.48649160243944917
../foodsg-233\cake\7PO1829FIUMHSEHLDONNX903.jpg,cake,all,-0.48649005127624156
../foodsg-233\Pomelo\1CESDY8994U51DY33HNRAO2A.jpg,Pomelo,all,-0.48648054208309965
../foodsg-233\mee pok\PE85GD9KE7SW4K4B0T44KDYT.jpg,mee pok,all,-0.4864757461539661
../foodsg-233\char siew pau\ZF95R6M67LAHY7S4D8DHUNV5.jpg,char siew pau,all,-0.4864747444729833
../foodsg-233\Fish and chips\NB0TTHK7MIXQJ2TRBPH0T6CF.jpg,Fish and chips,all,-0.4864592648384557
../foodsg-233\Mee goreng\9SJTEJQKGK98Z5Z2ZDCZJJNL.jpg,Mee goreng,all,-0.48644905173760467
../foodsg-233\breakfast cereal\35MMSEUON22XL6HJ3IZKO64V.jpg,breakfast cereal,all,-0.4864419616012275
../foodsg-233\pancake\R08SITQNPSQNRCMO1G23BCJM.jpg,pancake,all,-0.48644153893277037
../foodsg-233\biscuit\HHDR4EQOOBJMS3PTSYN5PLXI.jpg,biscuit,all,-0.48643151422743564
../foodsg-233\Hor Fun\K956Q7N60G3B0IDR4VS2CZHP.jpg,Hor Fun,all,-0.4864287893167632
../foodsg-233\kebab - chicken\BQJZKBYRYQ6OD1OUY189GQ1U.jpg,kebab - chicken,all,-0.4864159836611541
../foodsg-233\Pomelo\M0G7A88RAZX5PKVDLZGPLX5N.jpg,Pomelo,all,-0.48639855244231206
../foodsg-233\Kueh Salat\7KIU0UBG4FKWP5TRD7IU3LY3.jpg,Kueh Salat,all,-0.48639749714528635
../foodsg-233\biscuit\V9HRPK2CUF9DZRRFFBRNUVZN.jpg,biscuit,all,-0.48638587495703395
../foodsg-233\kuih bahulu\6RJP7JNWAPLB3TLQZ7AWMATS.jpg,kuih bahulu,all,-0.4863763578831347
../foodsg-233\pig organ soup\1EVPBASU8A1ODMIF6H7F9MLN.jpg,pig organ soup,all,-0.4863759046764759
../foodsg-233\french fries\ASW55YIES5YF6ZWMQZELWDH9.jpg,french fries,all,-0.48637219975051443
../foodsg-233\Fruit juice\Q4XDXE8YZFI0869JHA6DQH8G.jpg,Fruit juice,all,-0.48636485789336004
../foodsg-233\egg tart\AIIDWRTCTSY1TEKWX64DL7OZ.jpg,egg tart,all,-0.48634496967766816
../foodsg-233\roti john\EQU3ZQTEB6PS2TOBR0401AV6.jpg,roti john,all,-0.48634208688985436
../foodsg-233\lamb chops\ZFWE5FTDX2IC7EPHAZEALIPU.jpg,lamb chops,all,-0.4863401575856244
../foodsg-233\mixed vegetables\ZKKLGRRKWBC0CY2Q6PL3EZH3.jpg,mixed vegetables,all,-0.48633689995466706
../foodsg-233\sirloin steak\UNSDNZJY2QDA1CPFWSKLUY5T.jpg,sirloin steak,all,-0.4863314301304642
../foodsg-233\Bubble Milk Tea\QNANV13M1JGDF6SYGYQ5UKOC.jpg,Bubble Milk Tea,all,-0.4863267900575756
../foodsg-233\Kueh Salat\CT1AEGFZDE0X8SE5AAJ3K01R.jpg,Kueh Salat,all,-0.486324281831894
../foodsg-233\chilli crab\LN6JDYRQSQ8ME17IIXR7VQ76.jpg,chilli crab,all,-0.4863241670061569
../foodsg-233\egg tart\OE2YS52T9HZF6J1XGAG1ZAE2.jpg,egg tart,all,-0.48631804655822614
../foodsg-233\chicken masala\X1Q1G4FV3U3IVUQ88D2XBLS5.jpg,chicken masala,all,-0.4863174054937364
../foodsg-233\Porridge\OICVN00JZZLH1MY1M76JIGZ5.jpg,Porridge,all,-0.4863142235952201
../foodsg-233\Fruit juice\8PEH83ICMRH3PQ9HJU9Z7MO7.jpg,Fruit juice,all,-0.48630924627995004
"../foodsg-233\Pilaf, pea\LZBW5ZTM63IGD29AQE9AKZOS.jpg","Pilaf, pea",all,-0.4863012420784472
../foodsg-233\roti john\STRROHRTK1YQP0ON1RK1G2NQ.jpg,roti john,all,-0.4862929907262944
../foodsg-233\pig organ soup\JG1NOFNJ4XQ49V41BMS8F320.jpg,pig organ soup,all,-0.4862907410433234
../foodsg-233\Bubble Milk Tea\8I9T7DYM7WS4UTJ7V3V0T3WD.jpg,Bubble Milk Tea,all,-0.48628579369521757
../foodsg-233\Nuts\6WTOQQ0BNXXTJ767FUXEYYZ5.jpg,Nuts,all,-0.48628153283695413
../foodsg-233\Alcoholic Beverage\9CYWJ1H4B4RTT0A3AQRL9FQ4.jpg,Alcoholic Beverage,all,-0.48627974604616653
"../foodsg-233\Miso ramen, with fishcake\FIJGD4TSDAYA734RUDZNKTAN.jpg","Miso ramen, with fishcake",all,-0.48627969106774055
../foodsg-233\fried fish\QVJS3E90HWZCD27WT2JF8UP3.jpg,fried fish,all,-0.4862795773860113
../foodsg-233\Wholegrain Wrap\YECQXH08KA7PLGUVXLVMWE16.jpg,Wholegrain Wrap,all,-0.48627892514177196
../foodsg-233\chin chow drink\AKQ7RJ4LMETO091S7E9V07IM.jpg,chin chow drink,all,-0.48627691664132444
../foodsg-233\tumpeng\F06COYUPGVXL9751GMKSZZUE.jpg,tumpeng,all,-0.4862756981637273
../foodsg-233\Pomelo\7RB1RFPIUV1VONHGGN4OG9FV.jpg,Pomelo,all,-0.4862692507891174
../foodsg-233\Fish and chips\Y9LPPGD0V7JLVELP5PODGOJ9.jpg,Fish and chips,all,-0.48626419999593434
../foodsg-233\Laksa\G4DIL40JQ58P9RLCCTOH4GBM.jpg,Laksa,all,-0.48625733116424247
../foodsg-233\sliced fish soup\PJZ8R0K4M4A6E6KI6HHXNRSM.jpg,sliced fish soup,all,-0.4862503362589508
../foodsg-233\mee pok\H0Q6FZY1FC5OLA2Z81TZDGLI.jpg,mee pok,all,-0.48624801262528283
../foodsg-233\Mee siam\TAT6ZVGVIZG11P2VAPI40WKV.jpg,Mee siam,all,-0.4862363519275607
../foodsg-233\Pomelo\SBNW4N8X6Y2GYUNHIIYRBZDO.jpg,Pomelo,all,-0.48623532690900484
../foodsg-233\chawanmushi\ENVL34STMKX6XIEFK8ZOSEO8.jpg,chawanmushi,all,-0.4862238242798691
../foodsg-233\mango pudding\ONRW59O333BEB37RQTJ5ULVK.jpg,mango pudding,all,-0.48622197194281863
../foodsg-233\pancake\N46KOLMLFI8LJ1SPGWRD7BP8.jpg,pancake,all,-0.48621254111502643
../foodsg-233\Fruit juice\1A8F2J29JB7OV3BZSDV8ISTX.jpg,Fruit juice,all,-0.48620961702841575
../foodsg-233\biscuit\KMHAJM5XJ65UONZX45DP0ZAU.jpg,biscuit,all,-0.486208530568016
../foodsg-233\Fruit juice\N2FXTMGKZZ679WDI0ROS40SG.jpg,Fruit juice,all,-0.48620647281450213
../foodsg-233\beef noodle soup\Q2A88IRB73H32BN5J2DV6EO1.jpg,beef noodle soup,all,-0.48620458556138196
../foodsg-233\char siew\F2EQ74F70LK1L8NNVGEHE5DH.jpg,char siew,all,-0.486197829781428
../foodsg-233\popiah\WG82YCJ540CZM9BP9QFNKP76.jpg,popiah,all,-0.4861902363885556
../foodsg-233\tandoori chicken\1NCGQDFC2Q5LHDD7MPD283M1.jpg,tandoori chicken,all,-0.48617516760510354
"../foodsg-233\Miso ramen, with fishcake\7WAU4637PLR4659POHMRZ93A.jpg","Miso ramen, with fishcake",all,-0.48617474608999106
"../foodsg-233\Wanton mee, dry\DH3AS9CL1X9HA71KGIXC47XW.jpg","Wanton mee, dry",all,-0.4861693821290766
../foodsg-233\hokkien prawn mee\CMHJHCXN5834IXANBNGV8FNF.jpg,hokkien prawn mee,all,-0.48616867697052135
../foodsg-233\char siew pau\LEV6CKDQKPDRLWZKNX48ZTWC.jpg,char siew pau,all,-0.4861654283256646
../foodsg-233\hokkien prawn mee\M3YK5NQH1X5UNHEKRDE79N1P.jpg,hokkien prawn mee,all,-0.48616332136323503
"../foodsg-233\Rice, chicken katsu with Japanese curry\PXABVK9PQ1MR9CQ4DAJXZ99I.jpg","Rice, chicken katsu with Japanese curry",all,-0.4861453728635966
"../foodsg-233\Pilaf, pea\NTWU8P3UW39C1FAKRZDYD3G9.jpg","Pilaf, pea",all,-0.4861404457969347
../foodsg-233\rojak\9A9DUTG0A7AEGCK5FPDGX8E5.jpg,rojak,all,-0.4861265157971415
../foodsg-233\green leafy vegetables\OL9A31QS06YN382F4E4J8ET9.jpg,green leafy vegetables,all,-0.4861240915540909
../foodsg-233\Duck Rice\V0KQHVYDFU5SVXZ17VONHSF5.jpg,Duck Rice,all,-0.4861176608639228
../foodsg-233\spring rolls\YHJD8A0S7WVCYEJ8KA3YLNPC.jpg,spring rolls,all,-0.4861168444058227
../foodsg-233\pasta - fettuccine\BNYK6SZRRJUMFBWR4W3UB06C.jpg,pasta - fettuccine,all,-0.48611236132592184
../foodsg-233\black pepper crab\G9U4B1NYYQNVXC18RING1ZSM.jpg,black pepper crab,all,-0.48611223830192296
"../foodsg-233\Don, unagi\HRKX19W145AUKB57EUHINO04.jpg","Don, unagi",all,-0.4861114571363033
../foodsg-233\Snacks and Chips\U685ZRDRKJQD9BS35Y2ZKDBB.jpg,Snacks and Chips,all,-0.48610860219219254
../foodsg-233\yuseng\Q9WL7M1GIF4WMZ2DCGXQ7N89.jpg,yuseng,all,-0.48610120605238133
../foodsg-233\milk\YWNTPKI7MMI3VOQJ7MI71MSG.jpg,milk,all,-0.4860899724207899
../foodsg-233\preserved fruit snacks\ZAZF9BBYI5T3E9PTEWIJM346.jpg,preserved fruit snacks,all,-0.486085966169347
../foodsg-233\cake\W7LYGBFMF4AGLOJUA4F6FE18.jpg,cake,all,-0.48607779682020313
../foodsg-233\preserved fruit snacks\98DLW2SXVHCSKTT2GPK99O8K.jpg,preserved fruit snacks,all,-0.48607477876643373
../foodsg-233\fried prawn\WSAYDTA0J54UYJ9P1ZM69RJB.jpg,fried prawn,all,-0.486074029129665
../foodsg-233\sliced fish soup\Q4EOJHRFI9DKWHMC7NDJ6Z96.jpg,sliced fish soup,all,-0.4860692550503585
../foodsg-233\mee pok\DE4HJ3MI8R5QLWRFYVLSHTVG.jpg,mee pok,all,-0.4860665770326351
../foodsg-233\chicken wing\D1AY9MDSXGV8XQ4RXB7XPV3S.jpg,chicken wing,all,-0.486065445519683
../foodsg-233\Fruit juice\9HB67UQDOEYZ6OV0ZDD6M2UK.jpg,Fruit juice,all,-0.4860639750832129
"../foodsg-233\Bee hoon, soto\CUX1LZ0B5DYSQY7DOHZLKCJC.jpg","Bee hoon, soto",all,-0.4860611798962974
../foodsg-233\tumpeng\T0SWXO4AYRW1SF4Q4K8S2ROU.jpg,tumpeng,all,-0.48605795105301736
../foodsg-233\murtabak\2RHFFTK04G3AIW9AZU4BJKX7.jpg,murtabak,all,-0.4860548231863798
../foodsg-233\canned Fruit salad\LH7WZ9N6AOU7X3ZWONQ9SB72.jpg,canned Fruit salad,all,-0.48605338571943874
../foodsg-233\Apple\QSH961F8GQYQYEJR3OP10Q3N.jpg,Apple,all,-0.4860416007961269
../foodsg-233\Indian Prata\YE3Y5DGJ2CCPDW9H5ZGUFTBW.jpg,Indian Prata,all,-0.48603940929031103
../foodsg-233\kuih bahulu\8CHDFCMLUMALAWMCQB8JSS6R.jpg,kuih bahulu,all,-0.486032923651391
../foodsg-233\pig organ soup\8IB856L0PZ43A2PRWE1I14RA.jpg,pig organ soup,all,-0.4860304112084982
../foodsg-233\Wholegrain Wrap\UJQOFSGQNTIQN7GP6WI9UHPA.jpg,Wholegrain Wrap,all,-0.4860303855821032
../foodsg-233\milk\Q8KBZ3Y9UNCI45D2MTNXAVS6.jpg,milk,all,-0.4860238741044994
../foodsg-233\kuih bahulu\ZYXL0Q11QI0XLB2FC0BNIZCH.jpg,kuih bahulu,all,-0.48602323416970244
../foodsg-233\raspberry\O8U1JO2II25EO7MQCZPE4KIA.jpg,raspberry,all,-0.48602274275838
../foodsg-233\cake\K8XXSIJ2T8DOWPTA2JRW76ZP.jpg,cake,all,-0.48602110356279593
../foodsg-233\sirloin steak\9A61I8OMW2HPLXPY03YNI5PG.jpg,sirloin steak,all,-0.48602088707544294
../foodsg-233\green leafy vegetables\CLJ3ER5BME8F4W0ZHKVTGEQC.jpg,green leafy vegetables,all,-0.4860178280362337
../foodsg-233\black pepper crab\W0DGJ4SNZLMBWWHZ6RD4FD0G.jpg,black pepper crab,all,-0.48601003824393124
../foodsg-233\sandwich\5MXI8JXGXR68MFAHO89WH1VD.jpg,sandwich,all,-0.4860078582992366
../foodsg-233\Nuts\CSFY6X3VT4AB9E4CBFY2KKSU.jpg,Nuts,all,-0.4859926967618524
../foodsg-233\curry puff\1O6PK91K5OQ2LRMDUAGGS1J2.jpg,curry puff,all,-0.48599265423382026
../foodsg-233\muesli\GFPW657FAFN3JBVD0AFYNOR3.jpg,muesli,all,-0.4859906040276235
../foodsg-233\sliced fish soup\NFMU2N7M52943BTZZ7C6UVLG.jpg,sliced fish soup,all,-0.4859823441279954
../foodsg-233\mushroom soup\RAMIJM8Q5AZ9NMSGSKH9E9VF.jpg,mushroom soup,all,-0.4859816543392448
../foodsg-233\cake rolls\1ZFYMVH2S5S8C0E4V4CDSA6S.jpg,cake rolls,all,-0.4859742630047765
../foodsg-233\kebab - chicken\30L3RORRKD1ZQA7R4NA0PRZ1.jpg,kebab - chicken,all,-0.4859728431854592
../foodsg-233\sandwich\KFYPRZVM03L7SCUSZ1RGQJFS.jpg,sandwich,all,-0.48596454746575896
"../foodsg-233\Pilaf, pea\UYJ62XCGQI3U1EUP9NIPOUJB.jpg","Pilaf, pea",all,-0.48596234409862843
../foodsg-233\sambal\3FJ4R0CCEVF0GPPNHZCVKO9K.jpg,sambal,all,-0.485959270409851
../foodsg-233\Mee goreng\ZAYFCLT77FF1QK4RGBS84Z57.jpg,Mee goreng,all,-0.48594448479017094
../foodsg-233\rojak\PH1CO3OFHYT59HK6CMB2A1BF.jpg,rojak,all,-0.48594247301997223
../foodsg-233\Bibimbap\HHJFM0SLB08C05OO2TCM2FYD.jpg,Bibimbap,all,-0.4859341095526917
../foodsg-233\pasta - red sauce\S1NMXIW6JYKN7DO6Q1V6F038.jpg,pasta - red sauce,all,-0.48593200102425127
../foodsg-233\sirloin steak\6FH1ODYOIDH8UH39TS2ACX4L.jpg,sirloin steak,all,-0.4859301501376864
../foodsg-233\cheng tng\D8HCMNLSYY1VCI0T4GAE8ICA.jpg,cheng tng,all,-0.4859238643191116
../foodsg-233\fried chicken\F9ORFI8LMJUHSA3OSMRMCOVR.jpg,fried chicken,all,-0.48591717287499986
../foodsg-233\kueh lapis baked\PSHISFA8BNJP1HWS1PA0BLTO.jpg,kueh lapis baked,all,-0.48590929680099465
../foodsg-233\Chocolate\XOCVS2NLMOTLY3GUIBAOO8L4.jpg,Chocolate,all,-0.4859086735633107
"../foodsg-233\Pilaf, pea\FW1R1KK8XTJOJDOIKFW9HQRJ.jpg","Pilaf, pea",all,-0.4859072001402987
../foodsg-233\canned Fruit salad\W5NZQC4UBDN4L516X3J07PHA.jpg,canned Fruit salad,all,-0.48590666910331576
../foodsg-233\bakso\ENDR0FU7DAHR8T1IWV8359U2.jpg,bakso,all,-0.48590335451633704
../foodsg-233\Hor Fun\A0XIRZK3RQIN7QQ0FDV7YLNB.jpg,Hor Fun,all,-0.48589169978192515
../foodsg-233\lontong\4OWOMZ6SRBTR5FIZNG821XN7.jpg,lontong,all,-0.4858887026930825
../foodsg-233\tacos and nachos\4WOEQ75CLQJEXTKZMM878JNB.jpg,tacos and nachos,all,-0.48588467577950817
../foodsg-233\sausage rolls\EVV8AAU6YKO47U8JR9NY718S.jpg,sausage rolls,all,-0.48588009988104286
../foodsg-233\mushroom soup\YIMYR1NUXM80JF66KT4XANL1.jpg,mushroom soup,all,-0.48587717342069736
../foodsg-233\chicken rice\FYLP4TJF5FZB4RKHFAYRBQGZ.jpg,chicken rice,all,-0.48586686933520745
../foodsg-233\mushroom soup\524C9JVSPTTDCFW6WAZYUFT3.jpg,mushroom soup,all,-0.4858623817015338
../foodsg-233\cheese fries\HAJM7GJBY6VLPJ06DOTBIHWP.jpg,cheese fries,all,-0.48584964109204093
../foodsg-233\sirloin steak\61ISGTQCA40IKSETXP64CKYG.jpg,sirloin steak,all,-0.48584003567880446
../foodsg-233\Porridge\X4YHN13PKHMAYWBX7KU1TVPD.jpg,Porridge,all,-0.4858394317664462
../foodsg-233\Fish and chips\6GJOT422COUR4LWZFZ0MMF6G.jpg,Fish and chips,all,-0.4858381739308842
../foodsg-233\whole wheat\QC6BEPLP2HN8WPDWAHZRF1RX.jpg,whole wheat,all,-0.48583707430628803
../foodsg-233\pancake\AHX4ZFT71BM5YEC9IH9CE4U0.jpg,pancake,all,-0.48582617977695036
../foodsg-233\cake\WIMEY69X8HD8REEGUX2IIWJR.jpg,cake,all,-0.4858248242094354
../foodsg-233\char siew\1P6WQ28MWVIHFR6U6ZYLBV0C.jpg,char siew,all,-0.4858204323544023
"../foodsg-233\Don, chicken teriyaki\Q77ZVHO9UE4X92L0RZ1AD58M.jpg","Don, chicken teriyaki",all,-0.4858154766455058
../foodsg-233\bakso\I7L3MYPR9AZ81NRKECQ7CPSI.jpg,bakso,all,-0.48581303911014617
../foodsg-233\cheese fries\OQXQXBG28X74ILOZLIY8VGJ8.jpg,cheese fries,all,-0.48580673743334213
../foodsg-233\Soft boiled eggs\HANIBD9RNM3P3VKD81V2YHA4.jpg,Soft boiled eggs,all,-0.4858037140720466
../foodsg-233\milk\HUD4SDLPD8TKLL7P0YZQ37I4.jpg,milk,all,-0.48580133584027174
../foodsg-233\sliced fish soup\GC2BQJPZFDVJJHWYKG3GYUUS.jpg,sliced fish soup,all,-0.4857897588380947
../foodsg-233\mixed vegetables\DE4YAC4OAWVJEP7N93IECCYU.jpg,mixed vegetables,all,-0.4857851486349071
../foodsg-233\kaya toast\G50LDCQAI12VDC57ERJW8E4F.jpg,kaya toast,all,-0.4857841176440204
"../foodsg-233\Bee hoon, goreng\S185RM9H57AGQ7VW6DISOY37.jpg","Bee hoon, goreng",all,-0.48577058498229914
../foodsg-233\hokkien prawn mee\5B6FELTXP1L05MX398QWYNGA.jpg,hokkien prawn mee,all,-0.48576220825087096
"../foodsg-233\Rice, korean bulgogi beef\BS3TYHV3YZPGMSBAKPA1HSM9.jpg","Rice, korean bulgogi beef",all,-0.48574401580505433
../foodsg-233\Nuts\SQ9HPFPO65YG543T32Q0MIZR.jpg,Nuts,all,-0.48574367298102544
../foodsg-233\Barley\UG8KEJR229TEHT0U4LJV9A0D.jpg,Barley,all,-0.48573848333214126
../foodsg-233\Indian Prata\DFKS3OB9SMARHNA4BF9WV7F8.jpg,Indian Prata,all,-0.4857202347274363
../foodsg-233\canned Fruit salad\PE4VI68EP0026SFW5BMG83RL.jpg,canned Fruit salad,all,-0.4857201706405251
../foodsg-233\Instant Cereal Drink\N2CLQI9QDT1J5C2SVY240BXY.jpg,Instant Cereal Drink,all,-0.4857102657456051
../foodsg-233\waffle\I68CRUH5J6NY0ZUMIW0S3A7P.jpg,waffle,all,-0.4856942008736438
../foodsg-233\nasi lemak\NMCZHWQUSFZ3QV1MX57TJ5MN.jpg,nasi lemak,all,-0.4856824624837279
../foodsg-233\sliced fish soup\4Z5KXVMS5BHB8QKQWQK73AX6.jpg,sliced fish soup,all,-0.4856795804554115
../foodsg-233\biscuit\7ZLLU5ZQMH1GKLHYY0V1FYRD.jpg,biscuit,all,-0.48567569512379793
../foodsg-233\chai tow kuay\JYBVOOU06AU238IWWKV46IMY.jpg,chai tow kuay,all,-0.4856732900068519
../foodsg-233\Fried Noodles\FRXU7JDG76DWIS1U1FLR2FN7.jpg,Fried Noodles,all,-0.48566759820596567
"../foodsg-233\Rice, with dakgalbi\3ULKJFLZUGF9CX3S48GTQI99.jpg","Rice, with dakgalbi",all,-0.4856622887261903
../foodsg-233\mixed vegetables\M2V1XPWOIU5KT2P3NMO1TBRX.jpg,mixed vegetables,all,-0.485647659828289
../foodsg-233\beef noodle soup\RD3F7QQ2LNQSF1MBF3ZYDAK0.jpg,beef noodle soup,all,-0.48564249421477446
"../foodsg-233\Bee hoon, goreng\RE243WKGK68WYV1IIBNFXOXI.jpg","Bee hoon, goreng",all,-0.48564059030165735
../foodsg-233\fried rice\0XR644XDPKXBK7QU0SM0MDU9.jpg,fried rice,all,-0.48563989580509137
../foodsg-233\Hor Fun\NZRU92TATY80ZHM6W6BUZQIY.jpg,Hor Fun,all,-0.48563929934326333
../foodsg-233\baked beans\LJ8Q9U4GQZ7J7HE8EEZUREXY.jpg,baked beans,all,-0.4856380171636518
../foodsg-233\sausage rolls\3VR4NK3TEMKXBJNZCGHN5S91.jpg,sausage rolls,all,-0.48563752313062075
../foodsg-233\Indian Pancake\E0AFE9R4AD8UX9SM3OACLBKJ.jpg,Indian Pancake,all,-0.48562292539607543
../foodsg-233\Mee bandung\BDYZ6HQPD5XGUZNZEWMAOI4G.jpg,Mee bandung,all,-0.48562072487869196
../foodsg-233\tom yum noodle soup\J6DHZDW9A2CYYIRQ20RZ2TW2.jpg,tom yum noodle soup,all,-0.48560784663951495
../foodsg-233\waffle\W3KNDRICKYSOCQMHHSKDBADD.jpg,waffle,all,-0.48560772907774025
../foodsg-233\Pung Kueh\09V6IVVCOBMWRL22PLDVF4UO.jpg,Pung Kueh,all,-0.48560134893369994
../foodsg-233\mixed vegetables\8AHEN9UOGZ0KKBZZDS3VGXAP.jpg,mixed vegetables,all,-0.48560021795167846
../foodsg-233\otak\4AUGD33743LJTPKGCY74VGZM.jpg,otak,all,-0.48558572617535645
../foodsg-233\Prawn Noodle\DOTOEXQ54YV5TZGTKLWBAFUD.jpg,Prawn Noodle,all,-0.485584940795514
../foodsg-233\Chocolate\D5DPDSOVEGIMKN6SNXCH5HEX.jpg,Chocolate,all,-0.4855839502549879
../foodsg-233\whole oats\2YMI2PK41TO40MNTRGAGFCMF.jpg,whole oats,all,-0.4855702983867805
../foodsg-233\whole oats\XSOHJD9ODBC8ODFGM5D2T8YS.jpg,whole oats,all,-0.48556266012406935
../foodsg-233\chicken masala\OFOPD1EF3DS26YDYMIEEZC7T.jpg,chicken masala,all,-0.4855565337192188
../foodsg-233\kueh lapis baked\8ULVKMMG0VZ55YSS4LXVT4IS.jpg,kueh lapis baked,all,-0.4855482819815708
../foodsg-233\cream soup\DO2UICOUEYWC9JR0SX7YU079.jpg,cream soup,all,-0.48554637676432033
../foodsg-233\Nasi Ambeng\4J9HNR5SI89KDVEWU4VMWRFC.jpg,Nasi Ambeng,all,-0.48554391298300464
../foodsg-233\pasta - fettuccine\YCK8511GE7WKQ1G6V3JBZXP1.jpg,pasta - fettuccine,all,-0.48553640570759604
../foodsg-233\pig organ soup\KEXSCL21F03ME8DZO984YNHU.jpg,pig organ soup,all,-0.48552229434261235
../foodsg-233\char siew pau\VAKLOD4VBUXG4442N0132ZK7.jpg,char siew pau,all,-0.48552122675282233
../foodsg-233\muesli\AW5N3T4YGQ9QD03YCKHNOD42.jpg,muesli,all,-0.48551939282956647
../foodsg-233\sausage rolls\Q0CMUDAZIRIXM1AHYSJYEI91.jpg,sausage rolls,all,-0.485513888272645
../foodsg-233\Fish Ball Noodles\ML05HDSQL3D5UK35A226K3BM.jpg,Fish Ball Noodles,all,-0.485509210655794
../foodsg-233\curry puff\A5Z8SP8FHJNJV5TW6QSEFS6T.jpg,curry puff,all,-0.4855025535172037
../foodsg-233\cereal prawns\F8BPYPZI2UN81LLQSBBJEU9F.jpg,cereal prawns,all,-0.48549867824610754
../foodsg-233\kueh lapis baked\5GYTOEG7JA3R50V5TZMZNY0R.jpg,kueh lapis baked,all,-0.48549789868381577
../foodsg-233\dumpling\ZXITS5NVR1652ZF4VNFRJK0R.jpg,dumpling,all,-0.4854687178559682
../foodsg-233\Mee soto\7GK75QTVGRCLR1ZRQHZKSCEA.jpg,Mee soto,all,-0.4854683252798782
../foodsg-233\baked beans\JRRCX34XVC3DGYI549NPNSC3.jpg,baked beans,all,-0.48546776146933335
../foodsg-233\chilli crab\F3CZ308B377TKTFZKL77SOET.jpg,chilli crab,all,-0.4854603186390924
"../foodsg-233\Bee hoon, goreng\SIRYEES7JYOEG1KMY2YS98I0.jpg","Bee hoon, goreng",all,-0.48545497226586587
../foodsg-233\lamb chops\B8JJD8VQV3XXYPITT6GNEBK1.jpg,lamb chops,all,-0.48544858902976745
../foodsg-233\spring rolls\75NL66E0G887XEIQHVX8BXLD.jpg,spring rolls,all,-0.48544750069613524
../foodsg-233\mixed vegetables\7SB2SCIDZPJJMUKDYX5BOVJM.jpg,mixed vegetables,all,-0.48544185732886935
../foodsg-233\rojak\UWX7VXZ6FGQK3HEV7BCEDSJ6.jpg,rojak,all,-0.4854402148689917
../foodsg-233\Soto ayam\Z14FMJ3XDKBH9Z65VKM28XE7.jpg,Soto ayam,all,-0.4854356822648442
../foodsg-233\pasta - red sauce\VGTC4N6FS3OI8AOS4SS55ZRE.jpg,pasta - red sauce,all,-0.48543441109030555
../foodsg-233\drunken prawn\AQ0WV3I1ZY3VI8P3T9B9X1SZ.jpg,drunken prawn,all,-0.48541883455317647
../foodsg-233\fried rice\YMWEKYZT3TXGYC4BCC72ICGI.jpg,fried rice,all,-0.4854090989706083
../foodsg-233\miso soup\NFHEMUA98BSHM4Y8VW39G4RW.jpg,miso soup,all,-0.4854079514262989
../foodsg-233\Fruit juice\5MWBZWO0RWR35WU5KM5JBAU7.jpg,Fruit juice,all,-0.48539652406798733
../foodsg-233\char siew pau\QE9EJWCBMPIZIPBBZ7XZ2RW5.jpg,char siew pau,all,-0.4853933874798909
../foodsg-233\Fried Noodles\CO1F1O6KMC9VUC72PQCJ2DUC.jpg,Fried Noodles,all,-0.48536343921083835
../foodsg-233\vegetarian bee hoon\BKMU3XT0NEM0Q34H4S0B44Y0.jpg,vegetarian bee hoon,all,-0.4853536472290452
../foodsg-233\fried rice\4ZYD32CHOHUDE6L6R14HKDIM.jpg,fried rice,all,-0.48535241609570695
../foodsg-233\Claypot Rice\9T9KFULDKR8DMVXWYNT5K0JW.jpg,Claypot Rice,all,-0.48533934654221433
../foodsg-233\Nuts\THOWVM4D93IM8DWZGIP1V8Y6.jpg,Nuts,all,-0.485337498941282
../foodsg-233\spring rolls\213I7FX2X7U7JVN0S7I5V9TM.jpg,spring rolls,all,-0.48533698047463303
../foodsg-233\sushi\Y3BPSUDMFIVZH70RN2KC1O9Y.jpg,sushi,all,-0.48533531559522314
../foodsg-233\fried fish\691VVS0OQ0AW1J0EW7YND1JF.jpg,fried fish,all,-0.4853246950663681
../foodsg-233\pineapple tarts\NSPBFTEIVPUUWEZYJCS03VQC.jpg,pineapple tarts,all,-0.4853160299851577
../foodsg-233\tandoori chicken\5V4WXSO8XGGZH2TFTWAY0QN9.jpg,tandoori chicken,all,-0.48531306951729614
../foodsg-233\milk\RHEF71PXJXKA5O5DERH47LDQ.jpg,milk,all,-0.4853101774508847
../foodsg-233\CNY love letter\2I0RRCGRF302F0ZOSP7NOUJG.jpg,CNY love letter,all,-0.4853068359171163
../foodsg-233\fried chicken\Q08UF8PL3VDWDPVVXF27MH19.jpg,fried chicken,all,-0.48529623295653873
../foodsg-233\preserved fruit snacks\8RHMBY2TC24S80ZPZ7ZNRQEQ.jpg,preserved fruit snacks,all,-0.4852672338864683
../foodsg-233\Udon\05XXVNGEPA8QM6W0DKT08M16.jpg,Udon,all,-0.48525285411972463
../foodsg-233\Claypot Rice\64PDS94OOLCTE25D1GUOPORD.jpg,Claypot Rice,all,-0.4852373752062886
../foodsg-233\hotplate tofu\NVXTCCF42CPFYU047NKY7E73.jpg,hotplate tofu,all,-0.4852301003208004
../foodsg-233\tom yum noodle soup\0ZQD7Q4JY29LBHODXLXK2RPZ.jpg,tom yum noodle soup,all,-0.4852224723949203
../foodsg-233\pig organ soup\IL5H3167CQN8D6C1N1IJ3O6Q.jpg,pig organ soup,all,-0.48520786445522945
../foodsg-233\tacos and nachos\G1YX08OIZYUFLSG14QO9NSP5.jpg,tacos and nachos,all,-0.48520720136593726
../foodsg-233\bak kwa\9QZ8PERFXBFPC0NIHKOTI5ZZ.jpg,bak kwa,all,-0.485205294122668
../foodsg-233\Udon\ZL61RPWU8E9R90RVTEEAXOAN.jpg,Udon,all,-0.4852019801342427
../foodsg-233\har cheong gai\8DFO21LU09ARUVONJD5YFMH6.jpg,har cheong gai,all,-0.4851979191834742
../foodsg-233\kueh lapis baked\ZHX312DXPF0NPXLDBE3C83LM.jpg,kueh lapis baked,all,-0.48519778792562435
../foodsg-233\pasta - fettuccine\HOWQGL0BXCFFL7GTSJB7WT8X.jpg,pasta - fettuccine,all,-0.48518930763947854
../foodsg-233\canned Fruit salad\YUJJSY66JEVDM1V8H6DGU8XO.jpg,canned Fruit salad,all,-0.48518843518365334
../foodsg-233\breakfast cereal\5P9FAUJGFW1LPK8NL5COTB2H.jpg,breakfast cereal,all,-0.4851868157605154
../foodsg-233\Mee soto\E4FBBM9CKK16QYUW2RTI65AN.jpg,Mee soto,all,-0.48518650091845517
../foodsg-233\raspberry\KKB9T7XBQAYRW86E6VY1YM3C.jpg,raspberry,all,-0.48517220603749134
"../foodsg-233\Rice, korean bulgogi beef\DLCWIFBQA0KVQL7D6UPWK6Q2.jpg","Rice, korean bulgogi beef",all,-0.48516877734683134
../foodsg-233\yuseng\TN59Y19J0EBWW96794L3P8HZ.jpg,yuseng,all,-0.4851597599592372
../foodsg-233\mee pok\RCFUO7PUBZAXIBYSUFZWVP4N.jpg,mee pok,all,-0.4851558917289736
../foodsg-233\milk\LLHM8UMCOU0JE448Y2ABQJDS.jpg,milk,all,-0.48514937580724177
../foodsg-233\Fruit juice\666LAYVJFYHEUK6IS6XR3KJ6.jpg,Fruit juice,all,-0.4851419108469162
../foodsg-233\sambal stingray\RMN2DMA42R9DDIN84EX47EY3.jpg,sambal stingray,all,-0.4851370855456629
../foodsg-233\mushroom soup\TDYFFULZXI5XBK4UBNH7JEYB.jpg,mushroom soup,all,-0.4851322625094325
../foodsg-233\char siew pau\5I0EL1AX4A7YUUK9HXZE7IWP.jpg,char siew pau,all,-0.48512987174729627
../foodsg-233\char siew pau\M59Y3DMETJMRHNLA0B2NZZJR.jpg,char siew pau,all,-0.4851157795721355
../foodsg-233\Bubble Milk Tea\2XA4G85FR1BB9MM9C0I7UBQH.jpg,Bubble Milk Tea,all,-0.48511054014737065
../foodsg-233\har cheong gai\NCW25IFIDYCZDG5R5T8RQDFG.jpg,har cheong gai,all,-0.4851100097845274
../foodsg-233\vegetarian bee hoon\EICWFC4661SPQWMG7UEV3UWF.jpg,vegetarian bee hoon,all,-0.4851086710503905
../foodsg-233\mixed vegetables\X3FSXHL6JDHADEM27QGLKMHJ.jpg,mixed vegetables,all,-0.48510385141917745
../foodsg-233\steamed buns\MQBBHVT6ZHW0OXVD0EV30CL4.jpg,steamed buns,all,-0.48509518262351825
../foodsg-233\oyster omelette\SDB6ER1QYKIA1KN96X4LQQKZ.jpg,oyster omelette,all,-0.4850950579984812
../foodsg-233\tau suan\MGA6EFX715Z2GKMC1777M0JG.jpg,tau suan,all,-0.48509241512895407
../foodsg-233\black pepper crab\031KQ3OTSG26EQ7G4H4C12V3.jpg,black pepper crab,all,-0.48506198361055064
../foodsg-233\curry puff\I67XK7GSZKP6PQF8A0V4GAT0.jpg,curry puff,all,-0.485056124360251
../foodsg-233\mee pok\RLMMMPJI9XL48S3MUYN5OD06.jpg,mee pok,all,-0.4850555488126338
../foodsg-233\whole oats\EZL6RT00HU0HN6F8Z7NFFRUZ.jpg,whole oats,all,-0.4850550329605557
../foodsg-233\CNY love letter\99VD18MAZAA6NXN6CE5U0H2H.jpg,CNY love letter,all,-0.48505331915060623
../foodsg-233\drunken prawn\F53U24N4QR32ZL7EY0SPIQMH.jpg,drunken prawn,all,-0.485046272714732
../foodsg-233\Soft boiled eggs\LG3N2HI8LSK9MY6324NTFRYM.jpg,Soft boiled eggs,all,-0.48504495237742995
../foodsg-233\Fried Noodles\E2A98VSZ2HD1U6YT7XUE3BJG.jpg,Fried Noodles,all,-0.4850446777468262
../foodsg-233\fried prawn\HHMLB9MD2D6LMJLQAF70KQ1D.jpg,fried prawn,all,-0.48503573925555166
"../foodsg-233\Chap chye, Nonya\52C6U23FROAW377197WG7KDI.jpg","Chap chye, Nonya",all,-0.48503299557290563
../foodsg-233\fried chicken\VCZ1I70CBI18FFHGKFE3SC3D.jpg,fried chicken,all,-0.4850313109277925
../foodsg-233\waffle\7U8P10DNJ9M04LDSTZ1HCB99.jpg,waffle,all,-0.4850257260740461
../foodsg-233\waffle\Y8HUUCNR3SMKJPLZJYA4B5F5.jpg,waffle,all,-0.4850222366730211
../foodsg-233\char siew\18XLI4TYT61RULD8YP141F4W.jpg,char siew,all,-0.485020591286071
../foodsg-233\drunken prawn\7IYBVQURM071A8A28TESMXY8.jpg,drunken prawn,all,-0.4850087889607176
../foodsg-233\kaya toast\G6G0KUYLMH6YSPB9ZPO1VDB3.jpg,kaya toast,all,-0.48500201431280343
../foodsg-233\Porridge\AYJTAYIRUG7IOICQXTW1ZNYF.jpg,Porridge,all,-0.4850013494446928
../foodsg-233\hokkien prawn mee\H2T70J98CVPLE0FQPM1IL8I5.jpg,hokkien prawn mee,all,-0.48497398164483285
../foodsg-233\yam rice\VM6KH2EO6HYEMU1GHDO36JL8.jpg,yam rice,all,-0.48497037940411036
../foodsg-233\bagel & croissant\1KW6R9ZY7OAXEFZCVBNS9VPA.jpg,bagel & croissant,all,-0.4849643263494728
../foodsg-233\whole wheat\0AP2SG3I5EC1IM0LIKRFGBXX.jpg,whole wheat,all,-0.4849639843476841
../foodsg-233\vegetarian bee hoon\5V6H0MAFKRSSDEGE2VJ544N2.jpg,vegetarian bee hoon,all,-0.4849586989667339
../foodsg-233\tacos and nachos\STTMOQ124L5N710SX9QKUHQS.jpg,tacos and nachos,all,-0.4849570468741543
../foodsg-233\bak kut teh\00MUFOUMWLY2X5I0QHNXRFCK.jpg,bak kut teh,all,-0.4849568253211674
../foodsg-233\vadai\XFLSJRKXFN9N1XD0QI799III.jpg,vadai,all,-0.4849519043938637
../foodsg-233\sambal\1170F3II8JNZDLT3KPXQ1BLO.jpg,sambal,all,-0.48495024381201696
../foodsg-233\pancake\A1HJH6PATX3Y1HO33IVL574N.jpg,pancake,all,-0.4849463187185489
../foodsg-233\pasta - fettuccine\1NXYZI8AYPFKT72VFF6C3VBA.jpg,pasta - fettuccine,all,-0.48494497888929133
"../foodsg-233\Mee siam, fried\4RRGV83K63IM7NDFZ0KUJ172.jpg","Mee siam, fried",all,-0.48493623608868014
../foodsg-233\Mee soto\I02SBXJ80969D9UUTJ7NOI1X.jpg,Mee soto,all,-0.48491134577787404
../foodsg-233\har cheong gai\8CZJFYQ8KUH0W2H8DFEC438Q.jpg,har cheong gai,all,-0.4849097187029854
../foodsg-233\biscuit\EGCJO0JMKGC2J8IL6EZTNKPZ.jpg,biscuit,all,-0.48490871790352275
../foodsg-233\chicken soup\31N5FJV8XBPKDOJGHH6770M9.jpg,chicken soup,all,-0.48490473493745356
../foodsg-233\canned Fruit salad\90N13TR47XZ98D08BVFHD7KM.jpg,canned Fruit salad,all,-0.48490145896242504
../foodsg-233\buckwheat\MK3Q03UJLWF7I0YLNS164MMN.jpg,buckwheat,all,-0.4849006906157292
../foodsg-233\Nasi Ambeng\2WLKOTA03B9DJDJFW3GJKN3G.jpg,Nasi Ambeng,all,-0.48488298272540054
../foodsg-233\Fruit juice\1ZESQARB5YC5B4ICF3W4RO8H.jpg,Fruit juice,all,-0.4848794343869104
../foodsg-233\cheng tng\8D2L21OOALRYNOKBYH7IE7GQ.jpg,cheng tng,all,-0.48486028681508386
../foodsg-233\Sweets\IHS1THLSTRRL93WP3FAY6MVT.jpg,Sweets,all,-0.4848594612779432
../foodsg-233\canned Fruit salad\Z61YRBWX9YV9GOTEP3V2S4Q5.jpg,canned Fruit salad,all,-0.48485623387314297
../foodsg-233\fried rice\7LDU2BCCBC574AWC9OV8PCFN.jpg,fried rice,all,-0.4848506733249422
../foodsg-233\cake\IRJVF9OSRI8SR38YAFT3BKO8.jpg,cake,all,-0.4848366937281091
../foodsg-233\Peanut Pancake\GXY9GSGZ4DKFY60L9MGRN20I.jpg,Peanut Pancake,all,-0.4848286726959115
../foodsg-233\Nasi pattaya\S9OPMF634IIL23AP58PGXR8N.jpg,Nasi pattaya,all,-0.4848259479286334
../foodsg-233\pasta - fettuccine\O2F35J5WYTV9R02IUHB3PH3N.jpg,pasta - fettuccine,all,-0.48482332951666074
../foodsg-233\Sweets\HUY1KL370OJFE5LRNFCQMIL0.jpg,Sweets,all,-0.48481560454814765
../foodsg-233\beef noodle soup\25U87RYIUOIJI9FBVH7ALTEA.jpg,beef noodle soup,all,-0.4848137716691966
../foodsg-233\tumpeng\0WBFZ8FY71TCUWTGSFIRRZZ0.jpg,tumpeng,all,-0.48479771627205004
../foodsg-233\Claypot Rice\PBWQ98HK7J7OKU3PXK189NZS.jpg,Claypot Rice,all,-0.48479503825802084
../foodsg-233\breakfast cereal\13V80DW4B4BTXIIUIVHIRN04.jpg,breakfast cereal,all,-0.4847919900336179
../foodsg-233\Dumpling noodle soup\4WPNI7N1NS0E6WI0A7E3VYDQ.jpg,Dumpling noodle soup,all,-0.4847778875892689
../foodsg-233\Dumpling noodle soup\WTMCSNO3U5H8O8O91XKLDJVL.jpg,Dumpling noodle soup,all,-0.48477643699409917
../foodsg-233\kaya toast\KPLWGEISDZR7H6RYJYETBIFN.jpg,kaya toast,all,-0.48476685377486334
../foodsg-233\hokkien prawn mee\34A4IG5115318CQUHUKYQC8E.jpg,hokkien prawn mee,all,-0.48476570134344305
../foodsg-233\mushroom soup\38KC5MK5RZSRLLOSWU3W57T4.jpg,mushroom soup,all,-0.4847601159514938
../foodsg-233\bak chor mee\BMRIF3JOIG57JFN32D2OY9NG.jpg,bak chor mee,all,-0.484760095645524
../foodsg-233\Chinese fritters\VF9F5FXNTZ27PT1QF9LRRGZG.jpg,Chinese fritters,all,-0.4847580246077718
../foodsg-233\steamed buns\L1LL2PQH0ZFRL6ZK3OR1W3CE.jpg,steamed buns,all,-0.4847537492711265
../foodsg-233\buckwheat\5IVV87K6NCUBBAGCOCRJD1E1.jpg,buckwheat,all,-0.4847413731872519
../foodsg-233\mango pudding\D4RPA8AYRMY8JITYD08MI7S6.jpg,mango pudding,all,-0.48473486557520656
"../foodsg-233\Wanton mee, dry\XFVBAL2NM35FB08T82A2MUB6.jpg","Wanton mee, dry",all,-0.48472902764186354
../foodsg-233\cake rolls\N851PLK2DSCEXAQ71KUCCRRL.jpg,cake rolls,all,-0.48472866536257536
../foodsg-233\Bubble Milk Tea\WV6XITKTV9WZ5RNJQT07LPJ8.jpg,Bubble Milk Tea,all,-0.48471886881683013
../foodsg-233\Fruit juice\J6N9L7XGLBBYHFGCRZX8NNAU.jpg,Fruit juice,all,-0.48471226684192514
../foodsg-233\raspberry\STA53D47WB2ARXY052YFAKRX.jpg,raspberry,all,-0.4847072297544436
../foodsg-233\mushroom soup\VRFEU9YJ55W07PYI3CQCV9EB.jpg,mushroom soup,all,-0.48470525419039506
../foodsg-233\chicken soup\Q99ECLACNPJSKTXJAHCZOSXK.jpg,chicken soup,all,-0.48470289296052327
../foodsg-233\Mee rebus\01T50XZ0UE1JRTNUP75MEIXQ.jpg,Mee rebus,all,-0.4846979238015301
../foodsg-233\waffle\ZDUV13U5MGPWD5A7JRV4PTGC.jpg,waffle,all,-0.4846904233485634
../foodsg-233\egg tart\CLG2VFHW7RTT36GRCIRIM8VM.jpg,egg tart,all,-0.48468723969942884
../foodsg-233\tandoori chicken\LY5H4NG5RM77IWKBNPKV36S6.jpg,tandoori chicken,all,-0.48468432633182273
../foodsg-233\rojak\L5FBYHNQIR3THBA979XRUHML.jpg,rojak,all,-0.4846808596826131
../foodsg-233\chwee kueh\XDJJ4G1M6VTIN4BVSU6SIOQX.jpg,chwee kueh,all,-0.4846659250321106
../foodsg-233\sandwich\S5CZTWDK34RZJ0ZFBQ0FFOEG.jpg,sandwich,all,-0.48465942623947544
../foodsg-233\Soto ayam\CUV8UWYRB6HXSRBUBC3X8MKN.jpg,Soto ayam,all,-0.4846569433055016
../foodsg-233\canned Fruit salad\B86QVFO4CUQ6G4A9CK543ERY.jpg,canned Fruit salad,all,-0.4846537071716036
../foodsg-233\Claypot Rice\K3R0ZS8RIA5Q320QTT6XLTHR.jpg,Claypot Rice,all,-0.4846407115053404
"../foodsg-233\Wanton mee, dry\0N7AFH6X8VVFQINMNSH3OIQZ.jpg","Wanton mee, dry",all,-0.4846338463786258
../foodsg-233\Alcoholic Beverage\8AICNIY3NRHKU4W2S0AR6GID.jpg,Alcoholic Beverage,all,-0.48462769987075327
../foodsg-233\whole wheat\5X27AWEI7T0NGMPM26VF0RYE.jpg,whole wheat,all,-0.48462728627971974
../foodsg-233\chicken soup\6WUGT97ZKYN6NAHMKFQ06YD0.jpg,chicken soup,all,-0.4846182539373442
../foodsg-233\lasagna\U0VTO5MZ6EZ9HGE0LMJCDYAX.jpg,lasagna,all,-0.4846046600298176
../foodsg-233\biscuit\FCQATT9CD7TJPIY88504QIIE.jpg,biscuit,all,-0.48459170678666813
../foodsg-233\roasted chicken\NAT5TQRR24RIUIKTURRAIRFE.jpg,roasted chicken,all,-0.4845759920583296
../foodsg-233\Fruit juice\HEYJUPL51IQEXPM6CFYN6S1Q.jpg,Fruit juice,all,-0.4845700612568095
../foodsg-233\Lontong with sayur lodeh\6KVDXJR40U2W93WXCDEMKJAM.jpg,Lontong with sayur lodeh,all,-0.48456140945788756
../foodsg-233\Chocolate\EW9NGGUG7YBZ4ZJ0O3MW8QH6.jpg,Chocolate,all,-0.48455872397587385
../foodsg-233\sirloin steak\ZKPV8Z5C4L1SQ93QPACVX2RL.jpg,sirloin steak,all,-0.48453064582358657
../foodsg-233\chilli crab\DZ78IDHN11EVHCHE1Z5VDZG3.jpg,chilli crab,all,-0.48453035453277427
"../foodsg-233\Wanton mee, dry\K0YH3KRH1LCMDOXVN0VZLH3E.jpg","Wanton mee, dry",all,-0.4845223787538784
../foodsg-233\begedil\UEKQT1EMJ0DTY48LVJAWWG0L.jpg,begedil,all,-0.48451927210884527
../foodsg-233\roasted chicken\71WQ7V7HCIKE9V73V50BIFK3.jpg,roasted chicken,all,-0.48450110833349347
../foodsg-233\mango pudding\RSKZ8D9WOTW4UJV4MP58RKGK.jpg,mango pudding,all,-0.48449858879094126
../foodsg-233\Apple\XF5L07PXUI7XV29Q0IB913Y5.jpg,Apple,all,-0.4844965265240564
../foodsg-233\pasta - fettuccine\NS49WMP8N7JRMI2052GA3EZB.jpg,pasta - fettuccine,all,-0.48449641563763624
../foodsg-233\roasted chicken\6WPSB0ZMB4XWLBSXDJWDBYY6.jpg,roasted chicken,all,-0.48449272606831434
../foodsg-233\Dumpling noodle soup\D2WKJ2K62O55G8QP3Z2UJK66.jpg,Dumpling noodle soup,all,-0.4844809267419724
../foodsg-233\pasta - fettuccine\67HOZXDOQ9PO4LQNGX7490EP.jpg,pasta - fettuccine,all,-0.4844795676724317
../foodsg-233\biscuit\IX0YN0EH1JYCIK6RK5CAW3XD.jpg,biscuit,all,-0.4844790649101632
../foodsg-233\pasta - fettuccine\Q81Z97JE9BAS6ZFDVAOYSQYT.jpg,pasta - fettuccine,all,-0.4844760503401323
../foodsg-233\Udon\6DZNOBPVZ88GP4NVEE2I5QH0.jpg,Udon,all,-0.48447359842707194
../foodsg-233\Fish and chips\AZ5QS8MY245QIUZEZX0EVVD8.jpg,Fish and chips,all,-0.4844721381247171
../foodsg-233\tandoori chicken\4SH93MM0C7DSDN1KWQ2EH43D.jpg,tandoori chicken,all,-0.4844626686936207
../foodsg-233\Lontong with sayur lodeh\CSFJVFDEAKR67HX6U3SFJLXR.jpg,Lontong with sayur lodeh,all,-0.484461454174456
../foodsg-233\milk\QFXSRKT5HSSKOFNU8O9KOXLY.jpg,milk,all,-0.48445165207574215
../foodsg-233\fried rice\7ZZ8QAU86MXA1EZD4MZOQCAM.jpg,fried rice,all,-0.4844514892753715
../foodsg-233\sushi\Q6ZSME056IYE9P6UCNETGGRI.jpg,sushi,all,-0.48445103065639505
../foodsg-233\Seafood Noodles Soup\LVD93ZOVD150KCP7DA9XDSHY.jpg,Seafood Noodles Soup,all,-0.4844454721648121
"../foodsg-233\Rice, korean bulgogi beef\5KMDDG3YLBM59KVEW8MJNBD1.jpg","Rice, korean bulgogi beef",all,-0.48444533806045115
../foodsg-233\steamed grouper\4XDLE9VOTCMCBLA6BFO6MERP.jpg,steamed grouper,all,-0.48443132340874756
../foodsg-233\chicken soup\TGQA6JMMVX26Q7E3RM4P2IS8.jpg,chicken soup,all,-0.4844176290641312
../foodsg-233\Dumpling noodle soup\3K3NJ7JJPE0SBRUZIR7LXJRP.jpg,Dumpling noodle soup,all,-0.4844112130286995
../foodsg-233\hotplate tofu\W4BKD01UW7PKJLML2TYSJYIM.jpg,hotplate tofu,all,-0.4844058916448237
../foodsg-233\Bibimbap\4E836WBITIF27BC1TLSDKHL6.jpg,Bibimbap,all,-0.4843996648300601
../foodsg-233\rojak\3I85AIRNB6YMR8GAPACF9C2W.jpg,rojak,all,-0.48439597945433205
../foodsg-233\drunken prawn\EOZL8JOKCG9LNYA3AXFUFYET.jpg,drunken prawn,all,-0.4843917563026203
../foodsg-233\Nuts\TSYXZQ1TXH6YT3YF7IY1PUOU.jpg,Nuts,all,-0.4843720696088749
../foodsg-233\Alcoholic Beverage\OVGPMGOOX5C85AGZB6F4IXMT.jpg,Alcoholic Beverage,all,-0.48436974803041954
../foodsg-233\tutu kueh\N3JWPK3BK7YKGKK5KRNV6DR9.jpg,tutu kueh,all,-0.4843692911842252
../foodsg-233\raspberry\FK01XNZFHGFSGEH3TBHXWHVG.jpg,raspberry,all,-0.484369098974722
../foodsg-233\pancake\B6NASQI155JB6KW3X7GPPC60.jpg,pancake,all,-0.48436513377511375
../foodsg-233\cake\76G44XSU5I7FN1YXOVKPXV5D.jpg,cake,all,-0.48435859810240184
../foodsg-233\biscuit\LFJJQJBV82UVMR53KLBTY8O5.jpg,biscuit,all,-0.48435336781520416
../foodsg-233\preserved fruit snacks\1A2NNPCUMKWA67DMVHJRKHMM.jpg,preserved fruit snacks,all,-0.4843519504954723
../foodsg-233\yong tau foo\CIAWNHMXL66L50OHNHKH6CXE.jpg,yong tau foo,all,-0.48434851444002247
../foodsg-233\pineapple tarts\JIISGEL693G1PXGT71PWBWSJ.jpg,pineapple tarts,all,-0.4843369463668024
../foodsg-233\Bubble Milk Tea\Z54IV7YUN1BRFW8MEB8O5EGN.jpg,Bubble Milk Tea,all,-0.4843356291921438
../foodsg-233\Hor Fun\Z0S97BJGI4PG7Y9EUL0X3VPR.jpg,Hor Fun,all,-0.4843332197479086
../foodsg-233\char siew\4IKFPZ92E6IQMWHMS4MOQ7B8.jpg,char siew,all,-0.4843326337564801
../foodsg-233\pancake\PINY8WGC67TN77ORFB3FFS02.jpg,pancake,all,-0.4843315602066274
../foodsg-233\Ban Mian\W40X99WJJ1B3X9EG482YE6W7.jpg,Ban Mian,all,-0.4843263021598376
../foodsg-233\Wholegrain Wrap\321HQ3BGT387JYG8X7K01PKE.jpg,Wholegrain Wrap,all,-0.4843244006786265
../foodsg-233\rojak\PZBLSLC521LMEIEL5VD39PXD.jpg,rojak,all,-0.48431705310739154
../foodsg-233\Fruit juice\QOPDXMUUQKPRE41AI6GTYN8G.jpg,Fruit juice,all,-0.48431427690946977
../foodsg-233\kuih bahulu\3OZPQIGBUZWOU3DX5WS1NCQE.jpg,kuih bahulu,all,-0.4843107416414357
../foodsg-233\cheese fries\ASAYL7SKCWJR3B1Y5FTPWESZ.jpg,cheese fries,all,-0.4843002962290403
../foodsg-233\baked beans\MRVLHBLMRI3U9VG09SLG1ODO.jpg,baked beans,all,-0.48429463866720907
../foodsg-233\curry puff\AV2JUV5RQBY5BEV1Z4ATKJJ9.jpg,curry puff,all,-0.4842869584522108
"../foodsg-233\Wanton mee, dry\OOK1NLNE1XV4CVQMPPA6GLIN.jpg","Wanton mee, dry",all,-0.48428637692987925
../foodsg-233\baked beans\CFM0FDOM1BFGXJSK2ARKWDKK.jpg,baked beans,all,-0.48428586899801646
../foodsg-233\curry puff\1LYUYAZJC7EWJN39WP25WMLK.jpg,curry puff,all,-0.4842808781704788
../foodsg-233\Chocolate\AZFOIM6347O3D92IFYSJ5C3T.jpg,Chocolate,all,-0.4842734996042862
../foodsg-233\rojak\41DJ2D79EEYBX64HZIMH7BF5.jpg,rojak,all,-0.48426871383863335
../foodsg-233\cereal prawns\8IRYVSM54XUVIE2KLDMN70CU.jpg,cereal prawns,all,-0.48426113654310665
../foodsg-233\tortilla - plain\8FNFR8ESVEF7U7LEMW6HUSXW.jpg,tortilla - plain,all,-0.4842595745191884
../foodsg-233\buckwheat\5NPOVHJD5J9854V1E1IWQV0A.jpg,buckwheat,all,-0.484258478414467
../foodsg-233\spring rolls\GLFA4TEGZN476N25XSF2TDTJ.jpg,spring rolls,all,-0.4842573939261567
../foodsg-233\hokkien prawn mee\8K2P35T4O56V6NGKADNR3Y4D.jpg,hokkien prawn mee,all,-0.4842447637800642
../foodsg-233\Bubble Milk Tea\3ISVO7B5D3IDPFX0OLPNNUN2.jpg,Bubble Milk Tea,all,-0.4842445500117942
../foodsg-233\canned Fruit salad\PM4WHMIQWYQX0QRMS6EP22F9.jpg,canned Fruit salad,all,-0.4842299574480376
../foodsg-233\kebab - chicken\3H4R0Z9VQTPGJ0Z7NZN7PHI6.jpg,kebab - chicken,all,-0.48422873393191723
../foodsg-233\Chocolate\R23L9N9AT5W273QVJCJO5C1X.jpg,Chocolate,all,-0.48422662763318586
../foodsg-233\bak kut teh\ADWVBFBB9WEF7GSBFGEGLYRK.jpg,bak kut teh,all,-0.48422558501817037
../foodsg-233\pasta - fettuccine\AK477Z9FJEL77LZNIXRBEU4X.jpg,pasta - fettuccine,all,-0.4842224202780445
../foodsg-233\bakso\LY3UZ7OVRFXCK93WPFE4PYM2.jpg,bakso,all,-0.4842165583901805
../foodsg-233\Bibimbap\P6AEVPRCXI2EIERS5DB6BM4K.jpg,Bibimbap,all,-0.4841934909490474
../foodsg-233\spring rolls\MVYCH4R48VTWOIOTXBAF1N86.jpg,spring rolls,all,-0.48419147841268556
../foodsg-233\Fruit juice\O540OOQZ26PLDOY1F2X1YNMB.jpg,Fruit juice,all,-0.4841889704894194
"../foodsg-233\Pilaf, pea\31VP1XME0AIA5T1EI2PE011N.jpg","Pilaf, pea",all,-0.4841867044450349
../foodsg-233\Mee kuah\J9TERPMZKAXO1CV44TRAGVM9.jpg,Mee kuah,all,-0.48418560410686234
../foodsg-233\satay bee hoon\CONW29OOMA5N17XM51GPZKO0.jpg,satay bee hoon,all,-0.48418296827398394
../foodsg-233\black pepper crab\5MC8S3ULRSG5GM0WODUDI2SN.jpg,black pepper crab,all,-0.48416476504465483
../foodsg-233\cereal prawns\9KJVJ0088CDI8ENE9FZ81181.jpg,cereal prawns,all,-0.4841591793567299
../foodsg-233\chicken wing\DES0YQV7YHFP377B3SXMB32M.jpg,chicken wing,all,-0.4841554215702124
../foodsg-233\Soft boiled eggs\MPV6QVUAF9GX1HLUVMEQ2WKG.jpg,Soft boiled eggs,all,-0.48415353869724653
../foodsg-233\bagel & croissant\52Y7ZBWYI3LV79T8GVGUSB52.jpg,bagel & croissant,all,-0.484153016032693
../foodsg-233\Chocolate\15JH4HJQWIT7G9O73C7U1OGR.jpg,Chocolate,all,-0.48414295119337036
../foodsg-233\hokkien prawn mee\BJC7VUVIDX91OW4IP7E4YCG5.jpg,hokkien prawn mee,all,-0.4841390318059255
"../foodsg-233\Miso ramen, with fishcake\7YM6W613EPUK0A260E0KUEVP.jpg","Miso ramen, with fishcake",all,-0.4841238985151207
../foodsg-233\cake\81O93ARSSPZ1FIVSOGTO0I3Y.jpg,cake,all,-0.4841207614475989
../foodsg-233\steamed grouper\96KG8YE5DSVO1D7F7PDEPCQE.jpg,steamed grouper,all,-0.48412050884251645
../foodsg-233\wholegrain pasta\CN8GB0G31DNXDMS6GJDQ6RFT.jpg,wholegrain pasta,all,-0.4841175358074452
../foodsg-233\sirloin steak\V3HDYEHLCMKHSZLKXF2L3948.jpg,sirloin steak,all,-0.4841092974454246
../foodsg-233\baked beans\CCGMC33KZ5XFXKTAGQPQL7KX.jpg,baked beans,all,-0.48410773263198914
../foodsg-233\cream soup\U4W5VN5JFKDE1AFY09QHMG84.jpg,cream soup,all,-0.48410636927110734
../foodsg-233\preserved fruit snacks\QVHFAVMIDBZ4MK8ITKL3V1GQ.jpg,preserved fruit snacks,all,-0.48410104171425455
../foodsg-233\canned Fruit salad\2M1PVJYC9XFBDLRYKNNQHHCF.jpg,canned Fruit salad,all,-0.4840994566617779
../foodsg-233\nasi lemak\H6GN96S660MB5LWSCMGK5Q8W.jpg,nasi lemak,all,-0.4840971203324838
../foodsg-233\Mee siam\8GLW1W9E02IQRV2DWP2QYEL6.jpg,Mee siam,all,-0.4840970718006833
../foodsg-233\green leafy vegetables\LW7N7ZG95RJKWSWN28OXF9C3.jpg,green leafy vegetables,all,-0.4840944297242197
../foodsg-233\tacos and nachos\FR01PF9F0U85GFNWPR9KBYJQ.jpg,tacos and nachos,all,-0.4840916609877833
../foodsg-233\mixed vegetables\0077SOEM6QCAZ1F1CHRS1OK5.jpg,mixed vegetables,all,-0.48409089985607434
../foodsg-233\Soto ayam\K3ULFNUNH1HSMVOXYTC55LG4.jpg,Soto ayam,all,-0.48408560579074805
../foodsg-233\vadai\J1IUCCF3M68I6NOC2ZQA7BZB.jpg,vadai,all,-0.4840783409924223
../foodsg-233\lamb chops\Q9PZYMG9X06W7E85MY1Z05TZ.jpg,lamb chops,all,-0.4840615209585335
../foodsg-233\Bubble Milk Tea\Y89JCH0V7Z30IJC7J2DLWXZI.jpg,Bubble Milk Tea,all,-0.4840426821686515
../foodsg-233\drunken prawn\88BCNP1XCABWXM0MTJLEF4KP.jpg,drunken prawn,all,-0.4840356308391433
../foodsg-233\steamed buns\ORFXROKWQBO0JEOJVL7I202E.jpg,steamed buns,all,-0.48401903748017394
../foodsg-233\milk\GUM45G2GNGFH2OB3EE4ZOTGH.jpg,milk,all,-0.484018121853334
../foodsg-233\preserved fruit snacks\BXK0H5TVYLXV2EQ4H01BVBML.jpg,preserved fruit snacks,all,-0.48401503723789735
../foodsg-233\whole wheat\QR3XSWNBQA86PPC38ZY8E6K1.jpg,whole wheat,all,-0.4840089563993069
../foodsg-233\Snacks and Chips\4EKX9UL3U0WZ9L6PNULTJWXH.jpg,Snacks and Chips,all,-0.4840049492334132
../foodsg-233\green leafy vegetables\GPMQTPYD4WZUKG32ALW83ZY7.jpg,green leafy vegetables,all,-0.48400195454386996
../foodsg-233\tau suan\2KP8D4NKTPPSJOUCK5CX0PQ0.jpg,tau suan,all,-0.48400148984785346
../foodsg-233\preserved fruit snacks\XW34X69UWJUEIP21906AKVMU.jpg,preserved fruit snacks,all,-0.48399778121987147
../foodsg-233\sausage rolls\K9VFUPSXX3KDFN74U99EKRIC.jpg,sausage rolls,all,-0.4839929916864025
../foodsg-233\Katsudon\LABH6JONOSSIE043WC07C9R8.jpg,Katsudon,all,-0.48399046348794983
../foodsg-233\Nasi Ambeng\V94VKI9EL5DT9DWNL6HHVWVO.jpg,Nasi Ambeng,all,-0.4839896538700395
../foodsg-233\green leafy vegetables\BKSWJHEUT9L9502CU6965G6H.jpg,green leafy vegetables,all,-0.483988886755083
"../foodsg-233\Wanton mee, dry\A067QBZAJEZN7LA3N8MS8MB7.jpg","Wanton mee, dry",all,-0.48398485838989985
../foodsg-233\char siew pau\7UEITGKHLUZZ67A3BNX0V8Q6.jpg,char siew pau,all,-0.4839768538085737
../foodsg-233\mee pok\IIRYYQ64WQQKU2UEBNV9DB1P.jpg,mee pok,all,-0.4839738692396839
../foodsg-233\tau suan\J9ONLLXWCGIUAXBF7EUEUH6Y.jpg,tau suan,all,-0.48397170574003273
../foodsg-233\Fruit juice\MY8VVIQUPBP2VJOQ5NUGB3DL.jpg,Fruit juice,all,-0.4839667629215371
../foodsg-233\spring rolls\QQP5BUHU4PQE37TYE6EMVNBW.jpg,spring rolls,all,-0.4839576980898008
../foodsg-233\Prawn Noodle\18RUXEGOW5CLDLHMOXPT7UZ8.jpg,Prawn Noodle,all,-0.4839548209507138
../foodsg-233\bakso\K4SY5LOW1W26WAPK9O859DTI.jpg,bakso,all,-0.48395463081205137
../foodsg-233\chicken masala\WPO145XVZ153IHFKVN78QE2L.jpg,chicken masala,all,-0.4839492232211934
../foodsg-233\Soto ayam\C4DX21B5CMDB2JG49L5G8NBK.jpg,Soto ayam,all,-0.4839247093482513
../foodsg-233\cream soup\9LGSZE8GTE0SGKBUNPSOZZ8W.jpg,cream soup,all,-0.48391834965139063
../foodsg-233\biscuit\N0F87NCHLQ75E2I792R2QLRF.jpg,biscuit,all,-0.48391800527812395
../foodsg-233\chicken soup\DQ8R88BCZZQ76ZWD651MZZ3W.jpg,chicken soup,all,-0.4839110837460971
../foodsg-233\hokkien prawn mee\XS7PKEPD9I4AXPNJOWSYJE3L.jpg,hokkien prawn mee,all,-0.48390367997289474
../foodsg-233\Soto ayam\TXV7Q5X97V7JY3CDL9Y7AWG7.jpg,Soto ayam,all,-0.48390243603108785
../foodsg-233\mixed grills\X9X6CDIFMXE8MXS3YRT5QB83.jpg,mixed grills,all,-0.483892282650809
../foodsg-233\waffle\WWQUTYU3ZX5E6Z2Y1ND48RCA.jpg,waffle,all,-0.48389080618325253
../foodsg-233\oyster omelette\9DT6SV4Y8UB0XZOV5XG68E55.jpg,oyster omelette,all,-0.4838902290502982
../foodsg-233\muesli\EGRJX83PGY6O7X3GWPAWZ2IQ.jpg,muesli,all,-0.4838890871753945
../foodsg-233\hotplate tofu\H9R2I9VWA8S5URZHHC9CTRDH.jpg,hotplate tofu,all,-0.4838851128069538
../foodsg-233\Seafood Noodles Soup\3CF14MGUYN77WQR75MTIWCH4.jpg,Seafood Noodles Soup,all,-0.4838821793631797
../foodsg-233\Chinese fritters\Y4SZW4UEJYI1U9M3LHWBMWDB.jpg,Chinese fritters,all,-0.48387898494855414
"../foodsg-233\Pilaf, pea\9LIRHAHXNBEB38SZHUU478VD.jpg","Pilaf, pea",all,-0.48387471477783095
../foodsg-233\cake rolls\MBYLZYP642HRTBDNBW7WH5HT.jpg,cake rolls,all,-0.48386703816357396
../foodsg-233\cake rolls\S4KJBXQFV3INO79H3FZ41RZQ.jpg,cake rolls,all,-0.4838667470435018
../foodsg-233\tom yum noodle soup\5G4HMKMP5JVQO1E8DB6NFCA2.jpg,tom yum noodle soup,all,-0.48386204082410794
../foodsg-233\buckwheat\YOBC2Y943K9GVWG4VZS621ZZ.jpg,buckwheat,all,-0.48385576142421716
../foodsg-233\chin chow drink\QKBHJWGCXLMWU633AP78910F.jpg,chin chow drink,all,-0.4838507387546824
../foodsg-233\cake rolls\FL5XFJ63JKKPKMZVIUGRCP9W.jpg,cake rolls,all,-0.4838501107129214
../foodsg-233\chilli crab\27VSDEOLSEXX2CPYKO7VPB15.jpg,chilli crab,all,-0.4838483953950342
../foodsg-233\kueh lapis baked\A95NPP1YCI69I8MDAQ9CEHGY.jpg,kueh lapis baked,all,-0.48384576289994374
../foodsg-233\Chinese fritters\DI45KA77WKAHENJHJUY58D5T.jpg,Chinese fritters,all,-0.4838402824620363
"../foodsg-233\Don, chicken teriyaki\JMS19A75H18D2BTWZ6US56Q1.jpg","Don, chicken teriyaki",all,-0.4838390854821188
../foodsg-233\cake rolls\JDOG1G6FVTXB2L73I63L4SVW.jpg,cake rolls,all,-0.4838378677406241
../foodsg-233\Chocolate\2C59I69LPJPEUX0J9CFKUT4U.jpg,Chocolate,all,-0.4838335475670263
../foodsg-233\Dumpling noodle soup\HEXQ41R19CWR92G69BQ9UH1H.jpg,Dumpling noodle soup,all,-0.4838244061832925
../foodsg-233\kueh lapis - rainbow\CL44EQN6M5YAR2JH72C394E2.jpg,kueh lapis - rainbow,all,-0.4838240499476922
"../foodsg-233\Rice, with dakgalbi\53MX09KTLJWGDV49PXY1TGZ6.jpg","Rice, with dakgalbi",all,-0.4838136512131094
../foodsg-233\har cheong gai\HC64WFX429XDWZFTZ3M9ZDS6.jpg,har cheong gai,all,-0.483810952614564
../foodsg-233\tau suan\1F0GN7XKF9EY6G9QZOBAJ96S.jpg,tau suan,all,-0.4838090001980783
../foodsg-233\spring rolls\XGKCPNYM2L5SOKUCTCDKWFOA.jpg,spring rolls,all,-0.48379301908543526
"../foodsg-233\Rice, korean bulgogi beef\TJRVY23J588SU0ZENDZ9L6EA.jpg","Rice, korean bulgogi beef",all,-0.48377308139387964
../foodsg-233\bak kut teh\RFBV4555A0RJIJ5B2ZBOQXPQ.jpg,bak kut teh,all,-0.4837717033921484
../foodsg-233\begedil\0A31TBVC49JO92BSR57HLPKV.jpg,begedil,all,-0.48376360310793515
../foodsg-233\waffle\7IFEJQK5HG6VYCGWOJZ7J7V0.jpg,waffle,all,-0.48376271639615936
../foodsg-233\pancake\33U4S3CA4YLHJMG9D2HPUE50.jpg,pancake,all,-0.4837593046751156
../foodsg-233\chicken soup\W192ODHIQ33HO3LUTHCLU1JL.jpg,chicken soup,all,-0.4837541192065289
../foodsg-233\tutu kueh\030RPCC283YR38EB2NAY67UJ.jpg,tutu kueh,all,-0.483751757161335
"../foodsg-233\Rice, chicken katsu with Japanese curry\J0IGFBUX8XTMLGSBN24XWC1Q.jpg","Rice, chicken katsu with Japanese curry",all,-0.48374936488271597
../foodsg-233\Claypot Rice\SFO12UOXSLBJ6FKXFTHKKX2E.jpg,Claypot Rice,all,-0.48374547460946987
../foodsg-233\chai tow kuay\5C27GBTYX21Z8ANVK25P9BLR.jpg,chai tow kuay,all,-0.4837445902237839
../foodsg-233\goreng pisang\B1XISX1WHHCVCGQUSDTP8EL7.jpg,goreng pisang,all,-0.48373783524268055
../foodsg-233\salmon - grilled\L2BIAGYXBZROU70XX4Q7SLLC.jpg,salmon - grilled,all,-0.48372786496087905
../foodsg-233\steamed grouper\SQUGFXDTAHCPQ79ISSNIXVTF.jpg,steamed grouper,all,-0.4837224567576643
../foodsg-233\Mee kuah\WXG6EZ84X3NMWB5L1KZ6Q2EZ.jpg,Mee kuah,all,-0.48372222863108283
../foodsg-233\mixed vegetables\VQI3A8XUELI963S1IL9XCCUJ.jpg,mixed vegetables,all,-0.4837221426107014
"../foodsg-233\Bee hoon, soto\KJZ50OJRO4QZOD22D9WZ5AOV.jpg","Bee hoon, soto",all,-0.4837219153118095
../foodsg-233\steamed buns\J3530Y36MEX7RTUDTJH8AJ3Y.jpg,steamed buns,all,-0.48371766285271023
../foodsg-233\nasi lemak\Y99CU32LSW7MUVKQRBEJBXKG.jpg,nasi lemak,all,-0.4837056832650317
../foodsg-233\oyster omelette\DF6NZFAUWIZ7Y33AXKSNZ2E6.jpg,oyster omelette,all,-0.483700408768247
../foodsg-233\Claypot Rice\AUCSG52OH92NBTR3A2HERR52.jpg,Claypot Rice,all,-0.483699445197872
../foodsg-233\spring rolls\DVQ7PU0VZZNWEEDQM8K30HAE.jpg,spring rolls,all,-0.4836991172992636
../foodsg-233\tacos and nachos\0647GTWQJFNROI0MS3MDJ7S1.jpg,tacos and nachos,all,-0.4836903646511674
../foodsg-233\Seafood Noodles Soup\CEBEARX44UHLXE9RCAW3T1VE.jpg,Seafood Noodles Soup,all,-0.483683276017975
../foodsg-233\oyster omelette\LSPILET6YBPEO53ZNRP6XLAR.jpg,oyster omelette,all,-0.48368308186128345
../foodsg-233\Seafood Noodles Soup\QF3K4OXRTGN1XSVOF9MVWC36.jpg,Seafood Noodles Soup,all,-0.4836773260333996
../foodsg-233\Chocolate\VQAZLXW9XV5OD8ZOCWP6I3PS.jpg,Chocolate,all,-0.4836734819866008
../foodsg-233\mixed vegetables\HPBUGXNMKHOICVHLVHEEL5S3.jpg,mixed vegetables,all,-0.4836581053662241
../foodsg-233\biscuit\MWJFN2KTJZ31CGN20017I3ED.jpg,biscuit,all,-0.4836507165731918
../foodsg-233\begedil\RP8PNUAV2X7UZXWP4NX4SM5I.jpg,begedil,all,-0.4836466664657125
../foodsg-233\chilli crab\A1BQH7QFMJ5EK9SXM9SHXTFG.jpg,chilli crab,all,-0.48364606629533985
../foodsg-233\buckwheat\G4QRJMJT462XQBZTZJAP793Z.jpg,buckwheat,all,-0.48364257166638946
../foodsg-233\yuseng\L2356BK99VX3AM919GWWRNA3.jpg,yuseng,all,-0.4836406148365852
../foodsg-233\muesli\1BQLWYYTSMZGKDBSHZ674VR5.jpg,muesli,all,-0.48364024264320804
../foodsg-233\hokkien prawn mee\1Z5XWBE1AARUQR0LCGZ8O37R.jpg,hokkien prawn mee,all,-0.483636514229032
../foodsg-233\yuseng\FIZFY3PU0N6IG91XPKPT495E.jpg,yuseng,all,-0.48362536637966325
../foodsg-233\oyster omelette\M4RGC0MITUPGZHMGA1UO90O5.jpg,oyster omelette,all,-0.48362011645781977
../foodsg-233\kueh lapis baked\LV9F5BJNDN80QEGKZ49N9CFO.jpg,kueh lapis baked,all,-0.48361939170976226
../foodsg-233\chicken soup\S9K91O6QHWO6JCY5KEIEV779.jpg,chicken soup,all,-0.4836172838555036
../foodsg-233\egg tart\V9BJ6W7PGCV8HB0U4WO3E5Z8.jpg,egg tart,all,-0.48361390361184914
"../foodsg-233\Rice, with dakgalbi\TNWG8S8DKE6J7ECO4NI8WT8Q.jpg","Rice, with dakgalbi",all,-0.4836061069985055
../foodsg-233\Udon\DNFRR55D6QELIUYSE6RZPFXU.jpg,Udon,all,-0.4835989875035179
../foodsg-233\Fruit juice\BPHPUXZI936YSAEHLYGOLUA9.jpg,Fruit juice,all,-0.483588121069274
../foodsg-233\sushi\88779XC5A9PDCW168ATSUDJ5.jpg,sushi,all,-0.4835873668278999
../foodsg-233\mushroom soup\WIQG5JQ6QCPZ7U6YNENKJANH.jpg,mushroom soup,all,-0.48358710205963806
../foodsg-233\Indian Prata\F2C0TM2LIJE0FEAFC9EEHLFG.jpg,Indian Prata,all,-0.4835769591459354
../foodsg-233\cake\3L9UT3AK2G9CILBWI22MAFDB.jpg,cake,all,-0.48357508908511515
../foodsg-233\Alcoholic Beverage\LTS2TH6SXPJ4IWOY8TOOGRLT.jpg,Alcoholic Beverage,all,-0.48356778407613277
../foodsg-233\whole oats\PE8MULRB1PZMFI75DZSPSD23.jpg,whole oats,all,-0.48356496389811743
../foodsg-233\Chinese fritters\AQPM132XV0CWFF7XB0RZJW0E.jpg,Chinese fritters,all,-0.4835595983493516
../foodsg-233\fried chicken\ILTC3EOPDK1O7O45IMI8I939.jpg,fried chicken,all,-0.48355338423193533
../foodsg-233\char siew\D2O5190QP3A6L66R4QHPIJFE.jpg,char siew,all,-0.4835506470209611
../foodsg-233\dumpling\QYXWU374IOGEFNCEYQ1CUDC0.jpg,dumpling,all,-0.4835482026373483
../foodsg-233\begedil\GSVHN3DWBD3X7VB2ZKPCL3JY.jpg,begedil,all,-0.48354277133471846
../foodsg-233\pancake\VBG8Q2WKG1G3L05B36MBR8A2.jpg,pancake,all,-0.4835422524966542
../foodsg-233\Soft boiled eggs\HGZR8Z4S2ABL8AKE9Z75TPO2.jpg,Soft boiled eggs,all,-0.48354151014333935
../foodsg-233\bak kwa\DKE7NB8TDX7X0NR4L8Q0RVRI.jpg,bak kwa,all,-0.48353680746529426
../foodsg-233\baked beans\PPDGETSC0E6E0MPZM5HERXFQ.jpg,baked beans,all,-0.48353193004364386
../foodsg-233\chicken chop\0FBP7J198DJS2YE346MVSU3M.jpg,chicken chop,all,-0.4835318869915056
../foodsg-233\cereal prawns\IOQAB65DCZ51ZSC8RGQ1C38Z.jpg,cereal prawns,all,-0.48352815059983173
../foodsg-233\kueh lapis baked\UBNBB4EW5G6T6JFBFF3URMH4.jpg,kueh lapis baked,all,-0.4835281143226862
../foodsg-233\beef noodle soup\L6JRIFDV1XKBX6DDM7UOOZAP.jpg,beef noodle soup,all,-0.4835231860302419
../foodsg-233\chicken soup\BV6S4SZGSVFK8W24XT3RUQLD.jpg,chicken soup,all,-0.48351387256076733
../foodsg-233\Fried Noodles\E2K20VRMH1J0IPR020FYS23H.jpg,Fried Noodles,all,-0.48350925022353236
../foodsg-233\milk\UWL60PC0GESWKUMJ6J2HXVNE.jpg,milk,all,-0.48350646548153126
../foodsg-233\chin chow drink\38O349TXOI9WKBZAX34O16DZ.jpg,chin chow drink,all,-0.48350627755910236
../foodsg-233\Prawn Noodle\IVFETAJ8CSDPDJP0F461N32K.jpg,Prawn Noodle,all,-0.4835044538821004
../foodsg-233\chai tow kuay\MS5K0Y1OB85F1B1TOHZ2SFWP.jpg,chai tow kuay,all,-0.48350373342908165
../foodsg-233\Laksa\BM1AUW3J2F0EKX9AOQH7C949.jpg,Laksa,all,-0.4834986074804208
../foodsg-233\Alcoholic Beverage\CDSZA3K85WPMV8RNA7DKBBZ1.jpg,Alcoholic Beverage,all,-0.48349472961791684
../foodsg-233\muesli\IEI0Q8F73X88GP5L0EWJVTOM.jpg,muesli,all,-0.4834915494207805
../foodsg-233\Soft boiled eggs\HC1EH4YUI270FAH0G4818VMO.jpg,Soft boiled eggs,all,-0.4834849462895534
../foodsg-233\vadai\PEU0OFQ96JJVH4ORLQSXVETL.jpg,vadai,all,-0.4834820561703969
../foodsg-233\Soft boiled eggs\QJ1ZF1N9HR0HCYRK51YFFRWT.jpg,Soft boiled eggs,all,-0.48347851703267725
../foodsg-233\bagel & croissant\WIJ4EA6DUWXO14K7X4OEVSAK.jpg,bagel & croissant,all,-0.48347693921056617
../foodsg-233\sambal\UGRSY5CLGNAF4RCDXGUIGJ9A.jpg,sambal,all,-0.4834754503062471
../foodsg-233\Mee kuah\CB36HKRUIU3QO5424C96AQ7M.jpg,Mee kuah,all,-0.4834718473274142
../foodsg-233\miso soup\VWDCOY0ZYWL33Z1V3R10Q9RK.jpg,miso soup,all,-0.48347131351501
../foodsg-233\Hor Fun\QT9K2NB95O31KZ396EA4IQBZ.jpg,Hor Fun,all,-0.4834645723597446
../foodsg-233\wholegrain pasta\W2030KTCFEBQ49KMHKFDCHV4.jpg,wholegrain pasta,all,-0.48346403027283336
../foodsg-233\Udon\PKYMKJBM20XDWCDXXPTTM36A.jpg,Udon,all,-0.4834630605528883
../foodsg-233\Nasi Ambeng\XQKZKQHVJDO3AMO8U12N971I.jpg,Nasi Ambeng,all,-0.4834590607662417
../foodsg-233\lasagna\ERHO1C2VUYKP58HIWXZHSC2Y.jpg,lasagna,all,-0.4834487055329325
../foodsg-233\Bubble Milk Tea\PBRMYDWT4Z5VPUXV7WTNSCQ9.jpg,Bubble Milk Tea,all,-0.4834327886897555
../foodsg-233\waffle\2FXO1NPQN11OUSKOOOEFIGVQ.jpg,waffle,all,-0.48343154824829315
../foodsg-233\sandwich\7YJW862YNF88T2TM9CFCJLN5.jpg,sandwich,all,-0.4834270098027879
../foodsg-233\Duck Rice\1X9FTCPM9VEUMER5GWCD9HAO.jpg,Duck Rice,all,-0.4833991638919382
../foodsg-233\waffle\F5K1UK25XRTQYY6RQ8JD2INX.jpg,waffle,all,-0.48339556235966225
../foodsg-233\sambal\LZ4IGE82P2CYGCDRSKAZY955.jpg,sambal,all,-0.48338681333054845
../foodsg-233\fried chicken\F4SOR0O9FXO7X7NSBLQBG2XR.jpg,fried chicken,all,-0.48337819536782783
../foodsg-233\whole oats\JD3C0437D3V1AXNTB5TSJM04.jpg,whole oats,all,-0.4833756710899969
../foodsg-233\fried prawn\NKU9FOWXEEH9VM77OQ89A118.jpg,fried prawn,all,-0.4833744225799139
../foodsg-233\spring rolls\CYWLY9Y9SX3HI3VVNU8LJ35Y.jpg,spring rolls,all,-0.48336620493379767
../foodsg-233\Nuts\KXO0GJTUAJBTKSWWZJ83FQ6A.jpg,Nuts,all,-0.4833641347288729
../foodsg-233\kueh lapis baked\2JL0XQIJXCOAPTTOO93QNBF9.jpg,kueh lapis baked,all,-0.4833612507410758
../foodsg-233\lontong\78SKLKAE0VXLB4AEA1A9ZYW5.jpg,lontong,all,-0.48336094502307814
../foodsg-233\Chocolate\8Q7JIRUM2K03HFLIWLHVUEFC.jpg,Chocolate,all,-0.48335847304118956
../foodsg-233\chicken soup\MPANF128BBWMZ4ID5FS9YASY.jpg,chicken soup,all,-0.4833552488009748
../foodsg-233\Mee siam\XI99K7URCMXJQRSBIRXAC478.jpg,Mee siam,all,-0.48335514835466276
../foodsg-233\Mee siam\UX12V9CPAIF6KS5P8DNNMVPV.jpg,Mee siam,all,-0.4833513176399489
../foodsg-233\kueh lapis baked\Z44D7CJHVW4XYWX8H6JRXLJ6.jpg,kueh lapis baked,all,-0.4833497850302582
../foodsg-233\mixed vegetables\XDNITCH6YFRD0CQVKVL4PLEP.jpg,mixed vegetables,all,-0.48334289909582623
../foodsg-233\drunken prawn\S7PX439K4CM88YMRWHE0VE3U.jpg,drunken prawn,all,-0.4833394143653493
../foodsg-233\pasta - fettuccine\0R951OY938Z1FPT8RS0PHPGG.jpg,pasta - fettuccine,all,-0.4833373174108321
../foodsg-233\Laksa\3TJ2JCGFUKTBX8DNN8BYX3AB.jpg,Laksa,all,-0.4833332199146028
../foodsg-233\pasta - fettuccine\XHYW0E5LUYWX5RDMK6UDFP69.jpg,pasta - fettuccine,all,-0.4833266465654132
../foodsg-233\Fruit juice\LK1N43DRYGLVH28SUA086TWD.jpg,Fruit juice,all,-0.48332658766639436
../foodsg-233\muesli\YC16OHDTAI0D7B5LDBWEHCUX.jpg,muesli,all,-0.4833259295251684
../foodsg-233\Claypot Rice\4PKYV531MAVDNUGABEHCXOHQ.jpg,Claypot Rice,all,-0.48332492799222576
../foodsg-233\Hor Fun\2AV8XLIXJO9QDREFRP0V86AG.jpg,Hor Fun,all,-0.48332243452299817
../foodsg-233\Chocolate\A2FUFFTUQT94YKWC54KUR5S0.jpg,Chocolate,all,-0.483318938604571
../foodsg-233\beef noodle soup\7ZMJQH03TXIFTLNT6TZA8AAA.jpg,beef noodle soup,all,-0.4833097111817952
../foodsg-233\Hor Fun\5OT9PQKVCFQ8XK8FSF3JZ4P5.jpg,Hor Fun,all,-0.4832963239207323
../foodsg-233\Laksa\M7YQ72RJHFMZK2L2PUXWMMO1.jpg,Laksa,all,-0.4832954738358221
../foodsg-233\Soto ayam\MBW4DRC934ZXP2PIANNHFA93.jpg,Soto ayam,all,-0.48327985876567353
"../foodsg-233\Rice, korean bulgogi beef\H53GCGCBMYS9ZV7DA46NISXP.jpg","Rice, korean bulgogi beef",all,-0.48327484704963025
../foodsg-233\Seafood Noodles Soup\7CJTOCK682XIBPFRE7OMDBUU.jpg,Seafood Noodles Soup,all,-0.48326881811003736
../foodsg-233\Nuts\3R5PD50BM1LLKSFS6B82BSM1.jpg,Nuts,all,-0.48326734677774996
../foodsg-233\popiah\ZG3LQ7JOH5WJO3VO3NG601AR.jpg,popiah,all,-0.48326340119135475
../foodsg-233\bee hoon\YNTZ58ZIE6PMOX1278SUTOIN.jpg,bee hoon,all,-0.4832614806675803
../foodsg-233\breakfast cereal\QXUB8XVQJJ58TXUOHJW7QHTB.jpg,breakfast cereal,all,-0.4832594916486516
../foodsg-233\milk\2GQTHYINZOU4T43E6XH75KNS.jpg,milk,all,-0.4832543392827224
../foodsg-233\pasta - fettuccine\N5OJ2YILZN32VGQ18AMP6BOO.jpg,pasta - fettuccine,all,-0.48323946851222394
../foodsg-233\muesli\I1H4ACZY0WPT3ONZPQKFLO4W.jpg,muesli,all,-0.48323724833164533
../foodsg-233\Snacks and Chips\7CLT4EOBECSZXSI7PW0H45SH.jpg,Snacks and Chips,all,-0.4832364564561355
../foodsg-233\kueh lapis baked\3WG3KTEEAKCPGYFZ032KXRU9.jpg,kueh lapis baked,all,-0.48323632391362853
../foodsg-233\mee pok\BQYQ3EBJXWQ233ZEP60QF21Z.jpg,mee pok,all,-0.48323417617054093
../foodsg-233\mushroom soup\II1P12307JHYYPCM6TA9D1YQ.jpg,mushroom soup,all,-0.4832182077193499
../foodsg-233\mushroom soup\5TS8M7JR7457FPVKICEN906Y.jpg,mushroom soup,all,-0.4832087352863717
../foodsg-233\Snacks and Chips\2S32SLUSBS9218R5IHM1C8XO.jpg,Snacks and Chips,all,-0.48320684851568124
../foodsg-233\rojak\YC4JU3YT5RRKCIR0JYMBNCDV.jpg,rojak,all,-0.48320311003624383
../foodsg-233\chwee kueh\NF2BXM61YMS0FZY7D56NCAON.jpg,chwee kueh,all,-0.4832014049894
../foodsg-233\mixed vegetables\UQELXNUG3IQZ9VU2RGITY86J.jpg,mixed vegetables,all,-0.48319690156839373
../foodsg-233\Fish Ball Noodles\U4JCDWU0733UC0HI5HUBDKZY.jpg,Fish Ball Noodles,all,-0.4831844989645786
../foodsg-233\Chocolate\C0DZ13OPCCMLEDV8S1HHKPUG.jpg,Chocolate,all,-0.48318434982798064
../foodsg-233\Apple\V3UU8G0GOR2WF84O86TAO6TX.jpg,Apple,all,-0.4831842785074085
../foodsg-233\har cheong gai\FYC3X97BAC5P489FSJK55BNO.jpg,har cheong gai,all,-0.4831837783774311
../foodsg-233\Duck Rice\BY6EQ52YZXQUWWQR4IGZKDJ9.jpg,Duck Rice,all,-0.48317912194561596
../foodsg-233\Seafood Noodles Soup\X8GLBTSGPTOMDBJ6XURN42W4.jpg,Seafood Noodles Soup,all,-0.4831732281880164
../foodsg-233\steamed grouper\EK3OXP79N28SMWJNS90OQAUW.jpg,steamed grouper,all,-0.4831727750874529
../foodsg-233\biscuit\KWOXG22A1RKQU0CHAI1FJH78.jpg,biscuit,all,-0.4831685083125189
../foodsg-233\Nuts\MT1BFBYVM292FHTR7LBKX4IR.jpg,Nuts,all,-0.48316819642550296
../foodsg-233\sandwich\7RGB5KXGMK5A888RZ9A8IHW2.jpg,sandwich,all,-0.48316712659401995
../foodsg-233\Soft boiled eggs\L6MPIQ3QT6I2HOU1PCKIFTVA.jpg,Soft boiled eggs,all,-0.48316629410788636
../foodsg-233\fried fish\XLG0ITU6UHFR9777RUSB7467.jpg,fried fish,all,-0.4831656489459091
../foodsg-233\tom yum noodle soup\E2NL0N7OCIRNI85ME2QCD6AB.jpg,tom yum noodle soup,all,-0.4831646904092878
../foodsg-233\tacos and nachos\P8T2NQPO96MU4IL9MFBKY12J.jpg,tacos and nachos,all,-0.4831592681508053
../foodsg-233\sliced fish soup\M84XI4EXKFRPRZ4LTPSZ2AGW.jpg,sliced fish soup,all,-0.4831558719556645
../foodsg-233\Mee siam\3AM98NJWLF6UID487OPYJPPO.jpg,Mee siam,all,-0.48315578270188425
../foodsg-233\cake\WSK5N04L3NUH244YJLXFCDU6.jpg,cake,all,-0.4831516884896108
../foodsg-233\cereal prawns\2MQFS7M0XCDKTLWEUJP8LQ7X.jpg,cereal prawns,all,-0.48314269145637034
../foodsg-233\cream soup\M5FIP0J4ZPSKD151HO99O6T1.jpg,cream soup,all,-0.4831404871612533
../foodsg-233\Udon\CV3RHTR0ZG4BXLFFFEG5JN6I.jpg,Udon,all,-0.48313150709187846
../foodsg-233\Bibimbap\UFV0ARB4JOLNP1O963PFUZBI.jpg,Bibimbap,all,-0.48312830945003005
../foodsg-233\oyster omelette\BEAYO728C0GXMRBQ8IYX4V1V.jpg,oyster omelette,all,-0.48312753883710274
../foodsg-233\spring rolls\LDD8LYHAPL4BH2LMGB1TOGEX.jpg,spring rolls,all,-0.48312273987320475
../foodsg-233\rojak\1FZI7Q0U2HEN93M5M3N2IY1Z.jpg,rojak,all,-0.48312169733758886
"../foodsg-233\Rice, korean bulgogi beef\638J7UIQ6GG736AX4I4OJWD6.jpg","Rice, korean bulgogi beef",all,-0.48310929049712636
../foodsg-233\rojak\ZSPY2GXNKJPM1JK86RUU3Z8P.jpg,rojak,all,-0.4831087134423316
../foodsg-233\egg tart\EM2XOTPBOT41KL9SCS46D3JW.jpg,egg tart,all,-0.4831040625794247
../foodsg-233\Fish Ball Noodles\7HGM2U0LXC33ANXO23WHJDUW.jpg,Fish Ball Noodles,all,-0.48310298886572867
../foodsg-233\milk\6KTN8EWHWVIRPFA3DFK4OZXC.jpg,milk,all,-0.48309819423259975
"../foodsg-233\Miso ramen, with fishcake\3OG3U2XZ7KG5NN0HB9FJNLY2.jpg","Miso ramen, with fishcake",all,-0.4830931144718933
../foodsg-233\cream soup\Y3L28O5X5CQRY879QA0AP6TE.jpg,cream soup,all,-0.48308616755871026
../foodsg-233\egg tart\J4RW2OG8PN16GNEYD0JGL58M.jpg,egg tart,all,-0.48307692584307727
../foodsg-233\tandoori chicken\MC5IIC6UZQS9GIY3P7P3SWFY.jpg,tandoori chicken,all,-0.48307553935730024
../foodsg-233\Indian Prata\KHY2KS7KEPYDKMK7YMFBUS5A.jpg,Indian Prata,all,-0.4830729565083246
../foodsg-233\pineapple tarts\PTE9HWYQQ72LK39FY3MEUE2Y.jpg,pineapple tarts,all,-0.4830708222909195
../foodsg-233\chicken pie\W94IQLH00QSKA372E1L19DJ6.jpg,chicken pie,all,-0.483069689594435
../foodsg-233\chicken pie\QTK7UJCTS15APPDFEEURNIJL.jpg,chicken pie,all,-0.48306289273399433
../foodsg-233\tom yum noodle soup\A0GCYHF6S911QVIPIAGXQWX6.jpg,tom yum noodle soup,all,-0.48306100739614616
../foodsg-233\begedil\IE0WE2WCCBX4ZJVI9DL7XK5L.jpg,begedil,all,-0.48305888803814473
../foodsg-233\biscuit\YBK8EKHCSQ0H9OJ36Q7PHL7M.jpg,biscuit,all,-0.48305390980683394
../foodsg-233\spring rolls\FEZYF01ZXO0PXBZ25STY57FS.jpg,spring rolls,all,-0.4830474587492148
../foodsg-233\biscuit\D412RGJHE8EGJB5IHF7QSYUW.jpg,biscuit,all,-0.4830462951011969
../foodsg-233\fried rice\RO3KJCR0DEUPBAG3E4UD4ARV.jpg,fried rice,all,-0.48303594233743935
../foodsg-233\Fish Ball Noodles\HTZP7JNU5CY99I5QSZ4LAKRC.jpg,Fish Ball Noodles,all,-0.48302528005579876
../foodsg-233\bagel & croissant\3MYU9TCCR24ES046T2TQX8PX.jpg,bagel & croissant,all,-0.48302287758658974
../foodsg-233\Fruit juice\XMR0VKOZ9CZIO6ZPXL9D0OM4.jpg,Fruit juice,all,-0.48301909599760723
../foodsg-233\wholegrain pasta\HEXGGCHIDSZD7BP94TUP63K1.jpg,wholegrain pasta,all,-0.48300313083434093
../foodsg-233\tacos and nachos\BLYO85CPCBB07I0UQOHA2H0A.jpg,tacos and nachos,all,-0.4829986749127185
../foodsg-233\Fruit juice\610M4CQVO2LMNLWJI5AMEMKN.jpg,Fruit juice,all,-0.4829899417119096
../foodsg-233\wholegrain pasta\S6NVHWSZZMY3PLDF4QRTXW7Z.jpg,wholegrain pasta,all,-0.482988254189382
"../foodsg-233\Wanton mee, dry\NNZDOC2BHZGT4K6E7WB4U6X8.jpg","Wanton mee, dry",all,-0.4829858999588149
../foodsg-233\muesli\5VJSVKSRI2ZF7AC8P7YMJC4O.jpg,muesli,all,-0.48298088986038223
../foodsg-233\Nuts\XEQP57LONJO9YRZ54FJVY4OS.jpg,Nuts,all,-0.4829780150085812
../foodsg-233\Bibimbap\BGXMPWR26RWI9R13RL24FJ8I.jpg,Bibimbap,all,-0.4829761550588193
../foodsg-233\sliced fish soup\DXPQIJBAHHBT0VOPQ5MGT4KQ.jpg,sliced fish soup,all,-0.4829729666144215
../foodsg-233\char siew pau\7Y4X7OET76V7VPP8WKTN9LXL.jpg,char siew pau,all,-0.48296826017684286
../foodsg-233\Snacks and Chips\M24XKU8HXKIA6XIJ1D3ZHD2O.jpg,Snacks and Chips,all,-0.48296783473621707
"../foodsg-233\Rice, with dakgalbi\I52VYC55NCPUF6I2HTZS4060.jpg","Rice, with dakgalbi",all,-0.4829601343966771
../foodsg-233\char siew\ZK8MPWLSNQZVZ0Q8I6F018XY.jpg,char siew,all,-0.4829578261420297
../foodsg-233\kaya toast\X5WXZM81OR3T3RZAZPBE2NRR.jpg,kaya toast,all,-0.4829537369762098
../foodsg-233\mango pudding\A93JCLTYQ5DOUYTEZSHV6922.jpg,mango pudding,all,-0.48295108677347465
../foodsg-233\chicken wing\WG3LI146N59SGFOKG1YG6IY8.jpg,chicken wing,all,-0.4829508870549496
../foodsg-233\wholegrain pasta\9H8ZU3PVN1TLDHIJI152R9FW.jpg,wholegrain pasta,all,-0.4829501127478082
"../foodsg-233\Don, chicken teriyaki\BNON36MU46TW4I9HCQXNXY34.jpg","Don, chicken teriyaki",all,-0.4829486528045177
"../foodsg-233\Miso ramen, with fishcake\G74YX44R4VRUYB0CE5AF3QFX.jpg","Miso ramen, with fishcake",all,-0.4829454364985336
../foodsg-233\bakso\6E3RIR0RPH0QVBL51UW6RX8G.jpg,bakso,all,-0.4829439473684804
../foodsg-233\Laksa\4J9315XURVURA6WEFRPKH9PL.jpg,Laksa,all,-0.4829433922481915
../foodsg-233\chin chow drink\7RYCFPVR5QT4HULXGIOKDPG0.jpg,chin chow drink,all,-0.4829405498097468
../foodsg-233\cheng tng\EUDXJQRY1KOPEY26FNMOX6SB.jpg,cheng tng,all,-0.48293953314451865
"../foodsg-233\Rice, chicken katsu with Japanese curry\59TUCBNUBQLAW1QPXICF5AI7.jpg","Rice, chicken katsu with Japanese curry",all,-0.4829383230335275
../foodsg-233\hokkien prawn mee\ZZ1698RQVSVOI91OSRGD9K29.jpg,hokkien prawn mee,all,-0.4829360369590511
../foodsg-233\sandwich\CJU0SGB2HWFNXQ2PDGV4NCZT.jpg,sandwich,all,-0.4829347069820703
../foodsg-233\biscuit\D4HLABAESSD89BMMBORBEW3P.jpg,biscuit,all,-0.4829341219881713
../foodsg-233\Hor Fun\O9ZIUF13M9Z39C6L226LNWAK.jpg,Hor Fun,all,-0.4829340918875794
../foodsg-233\ayam penyet\NKIT2T8DD7AT4EN7WUJLXK4A.jpg,ayam penyet,all,-0.48292908098958676
../foodsg-233\sushi\0NABO7YYLQZ3Z9PIF5IC72IK.jpg,sushi,all,-0.4829266141197771
../foodsg-233\dumpling\D4VXPMMHOQNHHD6MRRMT93PP.jpg,dumpling,all,-0.48292125519767687
../foodsg-233\Snacks and Chips\SY6JFP7C4KCGZC3E55Q25OI8.jpg,Snacks and Chips,all,-0.48291899234128927
../foodsg-233\Tauhu Goreng\TWR83QRCAE6SXBZGCY3B819J.jpg,Tauhu Goreng,all,-0.4829185622901745
../foodsg-233\Chocolate\VQ5X4G3MR2B4DG9F0R382BHB.jpg,Chocolate,all,-0.4829162324173063
../foodsg-233\chicken chop\5KG54ZW1GS5F1T6Y8W27H5FV.jpg,chicken chop,all,-0.4829160474832182
../foodsg-233\Alcoholic Beverage\2YK7YQIMNENWWX81Y8I3ILTI.jpg,Alcoholic Beverage,all,-0.4828958762489711
../foodsg-233\assam pedas\1DHGM6S7Q4XBSXET4O6U2611.jpg,assam pedas,all,-0.48288846889074377
../foodsg-233\fried rice\1F75WCQ24ZI6GQJJKRVF0UL3.jpg,fried rice,all,-0.48288123218542883
../foodsg-233\cream soup\NNBHHIWNRMAOE9FVQ7L1SM7C.jpg,cream soup,all,-0.4828635331686321
../foodsg-233\whole wheat\X1ZKOA53GTQ5GH7U4YBP3RTB.jpg,whole wheat,all,-0.4828596615900976
../foodsg-233\char siew\87JJ5S9XVXNXT1YN8R2SL3NS.jpg,char siew,all,-0.4828548028973718
../foodsg-233\fried fish\WFU7ZTZ4KM3VLFCF8J91KRSR.jpg,fried fish,all,-0.48284811453858784
../foodsg-233\char siew pau\Y7EPOBMJG8XMP8FJ384594KN.jpg,char siew pau,all,-0.48284551320906755
../foodsg-233\Mee rebus\N2EAYK684DTQBH2Q9GBMU0Z5.jpg,Mee rebus,all,-0.48283292160479885
../foodsg-233\Lontong with sayur lodeh\GV1R2BFJSPZTX2BIBB9LBNRA.jpg,Lontong with sayur lodeh,all,-0.48282990280971044
../foodsg-233\cake\NM0W5RZSMAL9ZS9WVCW177E9.jpg,cake,all,-0.48282409810065946
../foodsg-233\Prawn Noodle\5E8Y98SJA4Q50QSITEOFW6X9.jpg,Prawn Noodle,all,-0.4828195223224176
../foodsg-233\waffle\NM12NZGZC9DHA2VWQC84X1RE.jpg,waffle,all,-0.4828176390601438
../foodsg-233\fried prawn\PMBCEYOI9GQAF0ONGV47FCGX.jpg,fried prawn,all,-0.4828095936516466
"../foodsg-233\Pilaf, pea\0OG7XGIJVKGBJROM9GGB15OD.jpg","Pilaf, pea",all,-0.48280644155253805
../foodsg-233\hotplate tofu\GM2EO861IQH5TL2B0EJV5E4F.jpg,hotplate tofu,all,-0.48280333251716007
../foodsg-233\Chinese fritters\AD8IG9MNSM1IQTKW430EDH66.jpg,Chinese fritters,all,-0.4827911061517281
../foodsg-233\baked beans\Y9PJW246G0FPFYMPMJG23OWL.jpg,baked beans,all,-0.48279012344366456
../foodsg-233\Claypot Rice\XLHKDU6XCPW50DALMIUXVCBM.jpg,Claypot Rice,all,-0.48278104584541726
../foodsg-233\sirloin steak\TF1KXVIQ882WKZLWMTBOANJU.jpg,sirloin steak,all,-0.48277944685584695
../foodsg-233\lasagna\B2DAC6ETILTI92LXQP9X8AD2.jpg,lasagna,all,-0.4827763481899918
"../foodsg-233\Rice, korean bulgogi beef\X9GIDM4KX5L72CXUH4M9LHU3.jpg","Rice, korean bulgogi beef",all,-0.4827762729194899
../foodsg-233\bak kwa\1B5DDWLETHLBNXNGWKVHTCVI.jpg,bak kwa,all,-0.48277509938182295
../foodsg-233\Nuts\I0KWEOF5QZSGI4WIW2YS4XRI.jpg,Nuts,all,-0.4827718533643484
../foodsg-233\whole oats\C5JZAJUF5RYIQ7QQ6E19DIPL.jpg,whole oats,all,-0.4827715120070752
../foodsg-233\muesli\ORVG8WFBOPJQ6OPS6BMZNKAZ.jpg,muesli,all,-0.48277013758860526
../foodsg-233\Chocolate\0NQ11POBZ5XUD98IV7BPVAL2.jpg,Chocolate,all,-0.48276607578798886
../foodsg-233\sirloin steak\0WN3N1E6DA92WAO9J0ET0JE6.jpg,sirloin steak,all,-0.4827630531351064
../foodsg-233\tau suan\D37ZDLDXFLA2SRRUY9SCNNSY.jpg,tau suan,all,-0.48275793394035543
../foodsg-233\tau suan\TTRL6PY6C4RPUVWJZTX1TNLQ.jpg,tau suan,all,-0.4827550271949493
../foodsg-233\kway chap\8CUR7UYX9YZIQI1BYFUU43X0.jpg,kway chap,all,-0.4827512476292997
../foodsg-233\hotplate tofu\IO2G13Z84NS0C2NZU30HLWCX.jpg,hotplate tofu,all,-0.4827186156612603
../foodsg-233\gulai daun ubi\XA6SUKE6W5SNT4CV34F3JVQT.jpg,gulai daun ubi,all,-0.4827153164670305
../foodsg-233\ice kacang\KGO5Z1I1QRYFVBH01YX4PCDY.jpg,ice kacang,all,-0.48270361292068875
../foodsg-233\rojak\VC3BJZFZPGW29QOX1JSXABGO.jpg,rojak,all,-0.4826970281162809
../foodsg-233\char siew\4H4DSXBPU51VJKQPTQOIW4G3.jpg,char siew,all,-0.482680548876906
../foodsg-233\satay bee hoon\OU47W8O6FRZGQP2345ZUYGVD.jpg,satay bee hoon,all,-0.4826776341247365
../foodsg-233\Chocolate\4UE4NDU6SHXCDFS3Y9OINHNU.jpg,Chocolate,all,-0.4826769896466761
../foodsg-233\lamb chops\LEOLP1Z0X0VCN8QZXAW3VJZN.jpg,lamb chops,all,-0.4826708968210783
../foodsg-233\Duck Rice\MPB6DSH3MJ9UB705BBPBRRI7.jpg,Duck Rice,all,-0.48267051242164866
../foodsg-233\Tauhu Goreng\JBMDVTBYWCSQ1UM3VCY4OB41.jpg,Tauhu Goreng,all,-0.482670415270266
../foodsg-233\Prawn Noodle\0QX34AUMEK28EWSETOSH08VG.jpg,Prawn Noodle,all,-0.4826611813068948
../foodsg-233\satay bee hoon\BTF1E3EGBW21UN3GLSZUPG5G.jpg,satay bee hoon,all,-0.4826598235863764
"../foodsg-233\Rice, korean bulgogi beef\UNX82OPUW2ETTY9LYMXGOGAB.jpg","Rice, korean bulgogi beef",all,-0.48264877123333266
../foodsg-233\Snacks and Chips\QQYGD3TKUHJQB6MCHM7PC7GK.jpg,Snacks and Chips,all,-0.48263968969691945
../foodsg-233\muesli\0I29EETR7AKWCJI3LP9HWGXB.jpg,muesli,all,-0.4826366106660389
../foodsg-233\tom yum noodle soup\DAQ0MUW5FNX5JYIVLII2WMGD.jpg,tom yum noodle soup,all,-0.48263132581020574
../foodsg-233\milk\BQ5RNSHXH4AXUVRH7JL264UH.jpg,milk,all,-0.4826308980679871
../foodsg-233\fried chicken\K8FMUAWKPH2BEHIRSCU6W4FI.jpg,fried chicken,all,-0.48262749849251013
../foodsg-233\Fried Noodles\GUZ9U1QFXU901NOWNY6ODCZ9.jpg,Fried Noodles,all,-0.48262516188366683
../foodsg-233\biscuit\3Z5Y2UQ9GGF2OHNVREY8NVK6.jpg,biscuit,all,-0.48261685111029357
../foodsg-233\milk\DC8AZK5KFGXKGBLWIBC1WRTM.jpg,milk,all,-0.482613624688441
../foodsg-233\assam pedas\HSC1MQX442DWRVB8T0HX52VU.jpg,assam pedas,all,-0.4826078459906066
../foodsg-233\steamed buns\P6UPNW84ID8T0UPUOIYA6TIX.jpg,steamed buns,all,-0.48260509655959766
../foodsg-233\Katsudon\JA0M9WOEFBLDQRG9IKTP3DSK.jpg,Katsudon,all,-0.48259783150645813
../foodsg-233\vadai\HOMJPYK7H02XHC8RIXTJHAA7.jpg,vadai,all,-0.48259293291812466
../foodsg-233\Instant Cereal Drink\JM5N4MVLXHIQ66WS1KJIH0G3.jpg,Instant Cereal Drink,all,-0.48259197124786696
../foodsg-233\chawanmushi\C1ZWBNV5398W9KUW07M6W4F9.jpg,chawanmushi,all,-0.4825911935905797
../foodsg-233\Tauhu Goreng\7O8S7ZN4RUHQSFSO45QXD410.jpg,Tauhu Goreng,all,-0.48258939006445417
../foodsg-233\fried chicken\I0CHWDQLMT6UJ9NTKHNA7537.jpg,fried chicken,all,-0.4825869799550829
../foodsg-233\Claypot Rice\8U9GEIUHRR6FDUT08Y9CDD5L.jpg,Claypot Rice,all,-0.48258257494423445
../foodsg-233\pasta - fettuccine\5JCEHGMX5VDAN8GEZVIZ0NAD.jpg,pasta - fettuccine,all,-0.4825785761829641
../foodsg-233\Nasi Ambeng\H7YLBG2ZFTCKCFQFUJDI72MM.jpg,Nasi Ambeng,all,-0.4825763664099294
../foodsg-233\cake\0PNN90U2QD2KTXTBQ3BN62S3.jpg,cake,all,-0.4825708774161202
../foodsg-233\Fish Ball Noodles\DZTCTLA6D7BWEWLQD0RW6943.jpg,Fish Ball Noodles,all,-0.48256058673625635
../foodsg-233\tom yum noodle soup\FDVUAS7RY3SK4IKFV8P9VP6F.jpg,tom yum noodle soup,all,-0.4825583291723438
../foodsg-233\sausage rolls\SA1SP7N7WAWJB404Y0DVIF07.jpg,sausage rolls,all,-0.48255293280601574
../foodsg-233\lasagna\BO1PTIPU608YRS575DES2M3I.jpg,lasagna,all,-0.4825509528143613
"../foodsg-233\Rice, korean bulgogi beef\8RWFPZJ6V8EQLNSGR50CCI38.jpg","Rice, korean bulgogi beef",all,-0.4825508693280125
../foodsg-233\paella seafood\AVWA1F3UTLVO42M2MSGZT511.jpg,paella seafood,all,-0.4825464606109858
"../foodsg-233\Wanton mee, dry\RM3IYFKH3OGG4MQS3NYTONY8.jpg","Wanton mee, dry",all,-0.4825433513220009
../foodsg-233\whole oats\A2RUXQ3377DE168GB6YFPLO7.jpg,whole oats,all,-0.482542896566446
../foodsg-233\biscuit\4HW48Y5KPZVP7UFWMJMX3YXG.jpg,biscuit,all,-0.4825419102512361
../foodsg-233\cake\MRDYZSZ8ZX5GH1CYUO1V0QBU.jpg,cake,all,-0.4825400410493205
../foodsg-233\steamed buns\YUX40WA6DC2SRKTET0JG0KK2.jpg,steamed buns,all,-0.4825329403806777
../foodsg-233\cake\O7WH651BYY1YAVJTANDFFNCY.jpg,cake,all,-0.48252838977946483
../foodsg-233\yuseng\5LD004A8DNT17AHAC9DV1MIQ.jpg,yuseng,all,-0.48252673766448173
../foodsg-233\char siew\RB17SIV1JSZHKHXHMF5QKTBL.jpg,char siew,all,-0.48252091703310895
../foodsg-233\goreng pisang\B2SKAJDER3Q2HP8KF50EX0RX.jpg,goreng pisang,all,-0.4825161376975256
../foodsg-233\whole oats\60U7PG9LWLZ3CRD4793MUK96.jpg,whole oats,all,-0.4825115832753068
../foodsg-233\Peanut Pancake\CXTTTHUQMD78ODW63JFFW47M.jpg,Peanut Pancake,all,-0.48250258345068925
../foodsg-233\bee hoon\G0X3PY6ED1D3ECOT09NWV603.jpg,bee hoon,all,-0.482500549384808
"../foodsg-233\Mee siam, fried\NIXNAZ9VDOSZPF3BVGC85TCL.jpg","Mee siam, fried",all,-0.48249834697276245
../foodsg-233\chicken wing\EVIOHFW2LM0K6OM7ZQ6JP1UN.jpg,chicken wing,all,-0.4824978783583672
../foodsg-233\Snacks and Chips\WV5HIWDFQHTF3O2QGVSKT5XE.jpg,Snacks and Chips,all,-0.4824963431090721
../foodsg-233\pasta - red sauce\61MPFFKN4JDAU96YWWLWIX2Q.jpg,pasta - red sauce,all,-0.4824953024494442
../foodsg-233\Porridge\4VRL30K88K0AA3SNQA063YCD.jpg,Porridge,all,-0.48249163025209363
../foodsg-233\Mee rebus\59LR62YOF9XEGU3BTC055GUO.jpg,Mee rebus,all,-0.48249097610010055
../foodsg-233\char siew pau\K64P29Y20CSEAS9R73UP7OPW.jpg,char siew pau,all,-0.4824873230753402
../foodsg-233\Laksa\8WBUE5FGN0T1L9KGCI8LCPT5.jpg,Laksa,all,-0.4824872326014086
../foodsg-233\Indian Prata\XFM4RP1TFIQP9TOGWO3R4YCT.jpg,Indian Prata,all,-0.4824751638340816
../foodsg-233\Seafood Noodles Soup\88BDMOL6JIA0KWD0SMA5P7L7.jpg,Seafood Noodles Soup,all,-0.48246716664262546
../foodsg-233\sliced fish soup\17IUGYK9WXTAIJJQ2DUFQUBL.jpg,sliced fish soup,all,-0.48246616855648833
../foodsg-233\Nuts\8KN3724A6UU3L2K7IPYH2N7W.jpg,Nuts,all,-0.48246056965307116
../foodsg-233\vegetarian bee hoon\5G2JHHTK9XM6H7CD60P4X71J.jpg,vegetarian bee hoon,all,-0.48245397136998874
../foodsg-233\begedil\S4112PT7Z482M66Q9I06UP5Y.jpg,begedil,all,-0.48244677182681084
"../foodsg-233\Rice, korean bulgogi beef\5T79DV60R0WTHQ527BDIZG0B.jpg","Rice, korean bulgogi beef",all,-0.482446543554459
../foodsg-233\kebab - chicken\89FXAAGOBVGM3QGYLOPNODI6.jpg,kebab - chicken,all,-0.48243533768710606
../foodsg-233\chicken soup\9V4QG7VIL6VGTWR9KMWWH1Q8.jpg,chicken soup,all,-0.48243202859775713
../foodsg-233\Fried Noodles\HR35SZP0UT3DPIKNSLA0GKV9.jpg,Fried Noodles,all,-0.4824282772454317
../foodsg-233\Mee goreng\EV2C37M4PJXVBLCL4PZKXB4R.jpg,Mee goreng,all,-0.48242664879440744
../foodsg-233\Udon\6I9JPBCQ6YIZW21UK7LD5Q09.jpg,Udon,all,-0.48242569343617686
../foodsg-233\char siew\GATNFVXAURMDYYGHYYSKPDJ2.jpg,char siew,all,-0.4824211842798175
../foodsg-233\tom yum noodle soup\40RRXRELJYUUA1G8OM1NV6RF.jpg,tom yum noodle soup,all,-0.4824187874064527
"../foodsg-233\Pilaf, pea\DPKEPRL2E8F23096VT3M2NEY.jpg","Pilaf, pea",all,-0.4823959414243196
../foodsg-233\pasta - fettuccine\N79UPTOHNKLJ9UB2NMW50VHC.jpg,pasta - fettuccine,all,-0.48238780752346105
../foodsg-233\roasted chicken\TUZ5SE4TU7FC2Y0SNP2J9X67.jpg,roasted chicken,all,-0.4823779940443581
../foodsg-233\cake\89CHB9K183PEI20BPSOZQRCJ.jpg,cake,all,-0.48236917684550557
../foodsg-233\pasta - fettuccine\P8FM7EYTD4K07XKQ94POUFBZ.jpg,pasta - fettuccine,all,-0.48236737605825214
../foodsg-233\pancake\WMEB32J2ASJDHTX1W2J8TBL9.jpg,pancake,all,-0.4823670966715384
../foodsg-233\pancake\WUROXFXUSRH9BT6G3XWDIK6E.jpg,pancake,all,-0.4823614145529387
../foodsg-233\Mee kuah\GRONLGIZ8OY9HBU8RQJX3COJ.jpg,Mee kuah,all,-0.482357577780533
../foodsg-233\Fish Ball Noodles\9W0OAQP89RBTSHQC1PALID9V.jpg,Fish Ball Noodles,all,-0.4823571173847566
../foodsg-233\Nuts\KTXPVOFXIIVQP8B8AG9OTUHN.jpg,Nuts,all,-0.48232756646620917
../foodsg-233\sausage rolls\NKWJRGUD8HIM0PM2UKPW0UNA.jpg,sausage rolls,all,-0.4823231014756407
../foodsg-233\tacos and nachos\H46THN2KT5C69WIPWTEN8156.jpg,tacos and nachos,all,-0.4823220721562912
../foodsg-233\sambal\PZRU7GR5UH0GPZYKN3K7NSWM.jpg,sambal,all,-0.4823215170222102
../foodsg-233\Mee kuah\F29KNNKR4WFMHPU1V322G3WD.jpg,Mee kuah,all,-0.4823209719757738
../foodsg-233\fried fish\Q2PQJ6J69CPDASQ2YM36JY12.jpg,fried fish,all,-0.4823166643512901
../foodsg-233\hotplate tofu\9YYOCEOG4JOMQRAHLD3ZBR13.jpg,hotplate tofu,all,-0.48230727359808856
../foodsg-233\muesli\CWEG6G8OTO6CM08H7CZWCIHG.jpg,muesli,all,-0.48229434262443077
../foodsg-233\steamed buns\E1OE9W2SRNZRK0TWNS3BZW74.jpg,steamed buns,all,-0.4822935926303219
../foodsg-233\Indian Pancake\TIULWOT16RRZ299Y20SH7FAQ.jpg,Indian Pancake,all,-0.48229257528124325
../foodsg-233\Bubble Milk Tea\BBVQ88RX6U2VEQB69Z9CL917.jpg,Bubble Milk Tea,all,-0.4822852949736148
../foodsg-233\rojak\PRKF6SX3HCN789UNM4ZOH76P.jpg,rojak,all,-0.48228505207425537
../foodsg-233\Laksa\41DT88GHQDYS2I9APA7OQYFO.jpg,Laksa,all,-0.4822824249294134
../foodsg-233\bak kwa\CC744M5KS5N7HYX9O2MNUC3E.jpg,bak kwa,all,-0.4822818076795838
../foodsg-233\Chocolate\Y7BSHP2YIY727YOK1L16GKNQ.jpg,Chocolate,all,-0.4822805121118079
../foodsg-233\Claypot Rice\9OAB0H38CSUVRYPHNB226GJY.jpg,Claypot Rice,all,-0.4822790860293655
../foodsg-233\breakfast cereal\IBAVSH3KSNYAQWSWDOIS2BO4.jpg,breakfast cereal,all,-0.4822720595966024
../foodsg-233\yuseng\JBG7736FDHOKFGEGGHNFS3LV.jpg,yuseng,all,-0.48226483342223886
../foodsg-233\Udon\N1UK8MEZU9W31E4EWQ12TPF8.jpg,Udon,all,-0.48226225535531375
../foodsg-233\ngoh hiang\JF4VRDYEVY6HQBXOIC2HOSDW.jpg,ngoh hiang,all,-0.4822613896662994
../foodsg-233\seaweed snack\QX91ZNE8H8BXIK2HUZM9Z8BM.jpg,seaweed snack,all,-0.4822557338983783
../foodsg-233\dumpling\HLUL38T37SF7964KX0Q2LH51.jpg,dumpling,all,-0.48225263827401493
../foodsg-233\assam pedas\1BJEVV47MMFINXUUHE6992NL.jpg,assam pedas,all,-0.48224913290674276
../foodsg-233\waffle\KA8WEF02RKN4G5X89Z2H6ZOS.jpg,waffle,all,-0.48223971059547655
"../foodsg-233\Don, chicken teriyaki\SINRZOC4DYX3W744HS4C61ZW.jpg","Don, chicken teriyaki",all,-0.48223956304407395
../foodsg-233\green leafy vegetables\C7O7WKMB4HHNI62LXN3TKZAG.jpg,green leafy vegetables,all,-0.4822322564130946
../foodsg-233\sirloin steak\JWOE9NJEF29LOGDZ01YSUDZ6.jpg,sirloin steak,all,-0.48223116153356227
../foodsg-233\Indian Pancake\XMYY1JA6R2KHBYB11D4B3NP3.jpg,Indian Pancake,all,-0.4822272358836703
../foodsg-233\egg tart\74KC2DJTLQXI6ETEY2W9O8XF.jpg,egg tart,all,-0.4822255362257279
../foodsg-233\Macaroni\Y3QOPU2URD9KI7QNNMAKUXZ5.jpg,Macaroni,all,-0.4822236173919214
../foodsg-233\cereal prawns\744UUMZVGJEAH64ACAED1IBB.jpg,cereal prawns,all,-0.4822225135100084
../foodsg-233\oyster omelette\95CVJ95H2QOS9H1EQ2IR2MAN.jpg,oyster omelette,all,-0.4822223153371327
../foodsg-233\Mee rebus\2UHTU3KEB76K0LGGOG0OW55B.jpg,Mee rebus,all,-0.4822184893245926
../foodsg-233\cake\IJ9VWHYKMBKAQJ58DAORFRK2.jpg,cake,all,-0.48221649030131764
../foodsg-233\salmon - grilled\42EONFP4G5V7TOL036GDVLZ5.jpg,salmon - grilled,all,-0.4822152155117252
../foodsg-233\Sweets\A6KYK508R73VRU26X7UDM9FD.jpg,Sweets,all,-0.4822140723769708
../foodsg-233\Snacks and Chips\QZ74FR3G24MVC1VILIFTOAQ0.jpg,Snacks and Chips,all,-0.48220983340434165
../foodsg-233\pancake\1SJQRX7NJ920FI8ADDMFPVV5.jpg,pancake,all,-0.4822062433969093
"../foodsg-233\Pilaf, pea\4ANQZJX3L0H2I7YIQTIOKF4Y.jpg","Pilaf, pea",all,-0.48220455798387857
"../foodsg-233\Don, unagi\9MOBMNM0KZ2PNPK1WLP3RM9F.jpg","Don, unagi",all,-0.4822002687845612
../foodsg-233\oyster omelette\5E71OH1ZSH2DZZHCDTBY64NI.jpg,oyster omelette,all,-0.4821995560961489
../foodsg-233\pancake\YHW7MUWWMCHRDUL71NFUQFGU.jpg,pancake,all,-0.48218971764593727
../foodsg-233\Seafood Noodles Soup\G80KRXO0T6YK9TU23EK0RUB0.jpg,Seafood Noodles Soup,all,-0.48218773087581784
../foodsg-233\fish head curry\5IPQN4RRL0YZ5AGGMUQBHFOW.jpg,fish head curry,all,-0.4821859620689001
../foodsg-233\bak kut teh\VPUJXKBHTKWQWBWYAR8IUQOU.jpg,bak kut teh,all,-0.482179361664476
../foodsg-233\egg tart\WG9I9EZ6AQYC3048E50WO05V.jpg,egg tart,all,-0.4821770988883772
../foodsg-233\miso soup\SPPG181GPXOAZAUJ3RIQ4VKX.jpg,miso soup,all,-0.4821763684069204
../foodsg-233\Fruit juice\MN6NWANOFY9I1WE3JOD5NJG1.jpg,Fruit juice,all,-0.4821695476114992
../foodsg-233\fried fish\BQLLZDWUOAVJNJZD1YRY5MH3.jpg,fried fish,all,-0.48216097982372996
../foodsg-233\kaya toast\9Z2QYCT73SK7H74OMIWMKPMO.jpg,kaya toast,all,-0.4821560262547964
../foodsg-233\chicken rice\UG34US5Y6E10N32SV7HZK9EM.jpg,chicken rice,all,-0.48214593201878403
../foodsg-233\Duck Rice\2F3M2XAF383PHMBKXK373RXT.jpg,Duck Rice,all,-0.482143744763751
../foodsg-233\satay bee hoon\ICEP1XFJ6EKTVF547BWNZ74Q.jpg,satay bee hoon,all,-0.4821394058353427
../foodsg-233\waffle\1270XWIZAOFVP6RIWI7W64P9.jpg,waffle,all,-0.4821323441016906
../foodsg-233\tom yum noodle soup\TOYUDA8EZ79WMQ8KO945TMJ3.jpg,tom yum noodle soup,all,-0.4821312724613508
../foodsg-233\tacos and nachos\MQ65BPX60TGPWGKZMRXDS5AV.jpg,tacos and nachos,all,-0.4821297513330299
../foodsg-233\Nasi Ambeng\NDTMDRQN7OHHAZ8BCJ5F5BAF.jpg,Nasi Ambeng,all,-0.4821266210349734
../foodsg-233\Fruit juice\XOSDV0ZF0TUIA0A8SKCCB2R5.jpg,Fruit juice,all,-0.4821231216868944
../foodsg-233\cheese fries\OPT7RJR6WFU65RAPGD6PHLIV.jpg,cheese fries,all,-0.4821185515481233
../foodsg-233\Indian Pancake\R1FTR9JOURZQF6F3Q0AKNG7A.jpg,Indian Pancake,all,-0.48211369547908584
../foodsg-233\Mee goreng\Y83KH8VPIAIF5HQPNWWKTW1G.jpg,Mee goreng,all,-0.4821088241284241
../foodsg-233\Pung Kueh\UIAT8I3CXB3GZ0J6EIYQRO33.jpg,Pung Kueh,all,-0.48210380008173587
../foodsg-233\cereal prawns\73WSKGET6VG32MYW6498MKY7.jpg,cereal prawns,all,-0.4820947008467315
../foodsg-233\Nuts\JTOHOR43LRJ6MZTSSTG73HLW.jpg,Nuts,all,-0.482093814654448
../foodsg-233\CNY love letter\M3V4A2623OLCKEK017OYT5AW.jpg,CNY love letter,all,-0.4820883194501794
../foodsg-233\Nasi pattaya\1SN72MV2GQC12X0W5K1JHX1V.jpg,Nasi pattaya,all,-0.4820856113822168
../foodsg-233\drunken prawn\H06PF6WL0P3G35VGPLTUEMYK.jpg,drunken prawn,all,-0.48208433243160714
../foodsg-233\Claypot Rice\HVZJATYNRY1D0F9BTBNUQ7AG.jpg,Claypot Rice,all,-0.4820822722376632
../foodsg-233\sirloin steak\G19NL2EP0L6INIYTMAHK9ZEK.jpg,sirloin steak,all,-0.4820805298317908
../foodsg-233\steamed buns\OHIZ74Y1JWG8C070MMV8UHIF.jpg,steamed buns,all,-0.4820762353012493
../foodsg-233\Alcoholic Beverage\BPTI9PUOED2CK3XV00FPBF1Y.jpg,Alcoholic Beverage,all,-0.4820676828223891
../foodsg-233\bee hoon\FZKWEK77D2VMHBWLTBOCIFN5.jpg,bee hoon,all,-0.4820628690398953
../foodsg-233\Fruit juice\1FEXWTWVAEMX7ZX90YQLLDMF.jpg,Fruit juice,all,-0.48206065768097855
../foodsg-233\Nuts\A73GUFZBJVY5JZA0KFN0ZWAS.jpg,Nuts,all,-0.48205608932742333
../foodsg-233\chicken soup\J3BXNKKWCP0U95JQBH0LA3AU.jpg,chicken soup,all,-0.4820507499839689
../foodsg-233\muesli\8HG1J9T6CT24GHM43G6P0XSG.jpg,muesli,all,-0.48204865302176736
../foodsg-233\char siew\9EBIIGHF7B7OZ4X6D1JV91NI.jpg,char siew,all,-0.48204418755196043
../foodsg-233\ice kacang\OEN8MCIGAIMZ1IJ28HYADQ4H.jpg,ice kacang,all,-0.4820413316816349
../foodsg-233\spring rolls\WZAGV91S4UMI83HMMC87IP16.jpg,spring rolls,all,-0.48203414702610947
../foodsg-233\spring rolls\OQ1O8DZVF29PLFCEFNZM1U1H.jpg,spring rolls,all,-0.48202944387234503
../foodsg-233\Bubble Milk Tea\DI98TZQRDG2FU1NMTN52FBAI.jpg,Bubble Milk Tea,all,-0.4820204916035429
../foodsg-233\biscuit\RNV8IZV0XGMIIFB26T6ZMQ22.jpg,biscuit,all,-0.482020314375433
../foodsg-233\biscuit\Z6DCPF443Q959UT01WINITP7.jpg,biscuit,all,-0.48201777701233645
../foodsg-233\kaya toast\ZC9NI3W3EETC3TP5CDDVKVST.jpg,kaya toast,all,-0.48200857060625374
../foodsg-233\ice kacang\STRPW5Q4PXVUDKVDUB4FEY8Z.jpg,ice kacang,all,-0.4820018098555657
../foodsg-233\Fruit juice\4FDZCXSDKX2FLMTXU3VYR6IC.jpg,Fruit juice,all,-0.48200161366849137
../foodsg-233\waffle\6QZ3M6WTMBUA2D5SQ5RASMS6.jpg,waffle,all,-0.4819962150610449
../foodsg-233\Snacks and Chips\XLO147CKQ0A9YRTL8HW5BP2G.jpg,Snacks and Chips,all,-0.48199466149789294
../foodsg-233\chicken wing\EZCBJPSQ7LHBA8LP9QFAV0X2.jpg,chicken wing,all,-0.48198804291644864
../foodsg-233\chicken masala\5AOZ7EAD3Z63XE74J03SHUG7.jpg,chicken masala,all,-0.48198691842111485
../foodsg-233\kway chap\VY6EL5PJF2PH9I3QX7TXWVWO.jpg,kway chap,all,-0.48197743638301
../foodsg-233\cake\IR6RSCZ0CUWG8AKA708O1AMD.jpg,cake,all,-0.48197158873072976
../foodsg-233\muesli\QO8RGAYUCNB601IJQ12TPR37.jpg,muesli,all,-0.4819687607848669
../foodsg-233\Alcoholic Beverage\I9UUUA83XGUEQKQ8K0I1VDPW.jpg,Alcoholic Beverage,all,-0.4819595647166399
../foodsg-233\spring rolls\FTHGH1JQ08RU7P9DEU1JWBK9.jpg,spring rolls,all,-0.4819582013927837
../foodsg-233\waffle\3RFC6C8C01O0YBFZ48YH3HFH.jpg,waffle,all,-0.4819555452918362
../foodsg-233\kaya toast\JD5SDHRKX0VCMVTKDDG8YTNE.jpg,kaya toast,all,-0.48194834499354033
../foodsg-233\Snacks and Chips\1TQ10OETKUUV0BMVIOJU5PUB.jpg,Snacks and Chips,all,-0.4819409044036664
../foodsg-233\sirloin steak\JB4EI1EQEMY3X8HXNMTA335Z.jpg,sirloin steak,all,-0.48193950010448
../foodsg-233\pancake\NAHUN67JUPXQZFVXZ65UAD2U.jpg,pancake,all,-0.4819374659845521
../foodsg-233\Katsudon\LMDJ1ITJ1YXXRWBHAX5XE9IG.jpg,Katsudon,all,-0.48193615221850894
../foodsg-233\chicken pie\45HJQIEZJSDVXUEAY7VUZ4VE.jpg,chicken pie,all,-0.48193193738681595
../foodsg-233\Chocolate\AXSTOSHTOM41MNOUXOYV5BSW.jpg,Chocolate,all,-0.4819222296516887
../foodsg-233\seaweed snack\DQPFGDO7IEP9YTK9V6MBHF3G.jpg,seaweed snack,all,-0.4819175634954929
../foodsg-233\rice dumpling\RXCDSBC8E5B5UARQK6DYUHHS.jpg,rice dumpling,all,-0.48191016759900734
../foodsg-233\Udon\LCBARVU9007QP0FQ35M10X3N.jpg,Udon,all,-0.48190774931311614
../foodsg-233\sausage rolls\8KKULQW5PWTC4EQ7BTK7PC2F.jpg,sausage rolls,all,-0.48190599171445314
../foodsg-233\chawanmushi\UQNJDYKZUADMDAH0Y14RID21.jpg,chawanmushi,all,-0.4819047732419037
../foodsg-233\char siew\6N3LXO9I40SLXYSZGMTJF7JH.jpg,char siew,all,-0.4818982154263391
../foodsg-233\chawanmushi\89FSYM23P7UP2C89B6Q1WTYM.jpg,chawanmushi,all,-0.4818971599651984
../foodsg-233\Macaroni\QVO11A4U3B39O73QDMZ51915.jpg,Macaroni,all,-0.4818873888714132
../foodsg-233\Udon\JXMAQVNKGJHDGB35MFQL6U67.jpg,Udon,all,-0.4818768830817182
../foodsg-233\Lontong with sayur lodeh\BXO7TFL5UHSVE0NF35G0HIU4.jpg,Lontong with sayur lodeh,all,-0.4818572367484091
../foodsg-233\steamed buns\YNYXSDXAMXQIWKX43BXPJKRO.jpg,steamed buns,all,-0.4818502162349211
../foodsg-233\chicken soup\LLZLWHR0W4IGI6B96I5IFCM7.jpg,chicken soup,all,-0.48184791031888463
../foodsg-233\char siew\2KF4DOJ7ZTJZ63FB5QVPTDDC.jpg,char siew,all,-0.4818392502304306
../foodsg-233\spring rolls\72AHD4WOVRZVXNR9278AJTGS.jpg,spring rolls,all,-0.4818362856260943
../foodsg-233\Chocolate\UIJ4QYWHFZ29REYZRRJUHZHZ.jpg,Chocolate,all,-0.48183253552927796
"../foodsg-233\Chap chye, Nonya\HBKEVTW1EHPSGUDVQ7GL7URW.jpg","Chap chye, Nonya",all,-0.4818277612938375
../foodsg-233\cream soup\GL06HYX2EQGMCDWMNM1JXGMJ.jpg,cream soup,all,-0.48182269157658425
../foodsg-233\Lor mee\7BWD79J6BOX0TTIOPW3EFF3I.jpg,Lor mee,all,-0.4818199953287199
../foodsg-233\rojak\X3HVVBEWTSXJVVE1VR5KMZB1.jpg,rojak,all,-0.48181850516960795
../foodsg-233\Udon\9FS6WQ4TC86AST2KD3W6PT4V.jpg,Udon,all,-0.4818153072283242
../foodsg-233\cake\S7WSTCFLPCZQ890GUGU0ZKTX.jpg,cake,all,-0.48180275927510574
../foodsg-233\Duck Rice\603D914LS7SES1VUQGFRS97C.jpg,Duck Rice,all,-0.48180113022206367
../foodsg-233\spring rolls\WGBS0B523OYB6BPGGUY4B65Q.jpg,spring rolls,all,-0.4817987639600702
../foodsg-233\tutu kueh\MQ4BUH4H0Q3WCSS45LFAXQEB.jpg,tutu kueh,all,-0.48179770182719195
../foodsg-233\tacos and nachos\Y80F3SC0LJBG72EF0HQHO1RO.jpg,tacos and nachos,all,-0.4817876363095542
../foodsg-233\tandoori chicken\HOXUG4RHWLVB2NFUQ5F2G2II.jpg,tandoori chicken,all,-0.4817846578872264
../foodsg-233\ayam penyet\X6TII23S367HPB6GEOIOQYJ1.jpg,ayam penyet,all,-0.48178326870484084
../foodsg-233\waffle\PFR2Y09AI6WW0LAS3546J1FC.jpg,waffle,all,-0.4817736641126255
../foodsg-233\pancake\X0TWJ8D78AGIX0HYHNZU7E7P.jpg,pancake,all,-0.48176794385304705
../foodsg-233\Alcoholic Beverage\LNR9G7D49I6KDN845EGAQW9I.jpg,Alcoholic Beverage,all,-0.4817632914173657
../foodsg-233\meatball\ZRMLY26TYM2QF5FME8RT9IZ3.jpg,meatball,all,-0.4817602048846278
../foodsg-233\cream soup\UL6ONHUOGAIECGJYUS8RZ7L0.jpg,cream soup,all,-0.48175676259912464
../foodsg-233\char siew pau\OJONHG1BQC1E3YPNLQJOIQIA.jpg,char siew pau,all,-0.4817559513551406
../foodsg-233\mixed grills\WIR4HD7SE8VVKTG9Z3H61I0D.jpg,mixed grills,all,-0.4817550609379127
../foodsg-233\Chocolate\ZSJHT4M2QF7TJEJ2Y0YIDYHC.jpg,Chocolate,all,-0.4817514538489884
../foodsg-233\chicken masala\698S1XOQEFQYP6VZASK9LTOF.jpg,chicken masala,all,-0.4817479007396392
"../foodsg-233\Bee hoon, soto\3Q8J1IDHEBFB0H6JKOBJ3YVZ.jpg","Bee hoon, soto",all,-0.481746554016636
../foodsg-233\Nasi Ambeng\IS7D0YFDW22JZFLQGIE2VKS3.jpg,Nasi Ambeng,all,-0.4817428537591493
../foodsg-233\cake\PP5XZHK2L8VUX6II8GZMKOCT.jpg,cake,all,-0.48174129980284675
../foodsg-233\Porridge\6FK4TT29AVYB70RZGV8S2HH1.jpg,Porridge,all,-0.481739671491524
"../foodsg-233\Miso ramen, with fishcake\QXEFETHQKEMYJH4HVIE93HLO.jpg","Miso ramen, with fishcake",all,-0.4817344659954267
../foodsg-233\Mee bandung\4JYWOA00CRDWASB6EZ9L9U3A.jpg,Mee bandung,all,-0.48173041101407144
"../foodsg-233\Wanton mee, dry\G1Z08KWRG2EVK4SM6R2H4QS8.jpg","Wanton mee, dry",all,-0.4817276119237691
"../foodsg-233\Rice, chicken katsu with Japanese curry\CFVP1LP370YQWD0R9K7YH0WB.jpg","Rice, chicken katsu with Japanese curry",all,-0.48171855386060797
../foodsg-233\whole wheat\457UBVTVJKU93PXXO6B8TN96.jpg,whole wheat,all,-0.48171847744978724
../foodsg-233\ice kacang\88JT08QN3X5E3BDNA80P3BNC.jpg,ice kacang,all,-0.48169997875940535
../foodsg-233\Laksa\6IC1N5DI4295R7665F2MMIDD.jpg,Laksa,all,-0.48169398701351046
../foodsg-233\sambal\261IBZHG71DVH85T20WMKX4P.jpg,sambal,all,-0.481692659107763
../foodsg-233\Hor Fun\ZRMRPFVLST7HC3C5UKUT3XAS.jpg,Hor Fun,all,-0.4816913598701169
"../foodsg-233\Bee hoon, soto\3XJD0DCO24FP81FJZRJ22BZU.jpg","Bee hoon, soto",all,-0.481677009364884
../foodsg-233\Mee siam\9O5KTDT4C6BPX49DRCBME25C.jpg,Mee siam,all,-0.4816744415817339
../foodsg-233\Laksa\Z5PAMO3N9BWNVDHIYSI1RJG6.jpg,Laksa,all,-0.4816702028847027
../foodsg-233\chicken wing\56071SVASZMURVXSA0CTNC7T.jpg,chicken wing,all,-0.4816692445562918
../foodsg-233\baked beans\5I1H0BTBCEFOGFT19GM2MBFT.jpg,baked beans,all,-0.4816657567989189
../foodsg-233\cake\0UUKX5G64Y9KIOU6EDIQ2LDH.jpg,cake,all,-0.481664781689932
../foodsg-233\kebab - chicken\MCLMJOAEXXJDSM52ZJU1TXYK.jpg,kebab - chicken,all,-0.4816643423657565
../foodsg-233\rojak\Y0PYEN2OD3I6EZDLYHGXJGRL.jpg,rojak,all,-0.4816572313627621
../foodsg-233\Snacks and Chips\ACOA3BEV8QH6GS3RNOOFVDMZ.jpg,Snacks and Chips,all,-0.48164203593316335
../foodsg-233\cheese fries\KI3QDW3ZS52PW0EPZ21SQCGJ.jpg,cheese fries,all,-0.4816394803895282
../foodsg-233\waffle\JJTZM6WD7DDXDUOFFI3AMAPW.jpg,waffle,all,-0.48163737626953873
../foodsg-233\gulai daun ubi\37KMAO1FIASVTEPVLMXCRXJW.jpg,gulai daun ubi,all,-0.4816307848628624
../foodsg-233\char siew\W7XSQXRVOR6V8FMPL3KEY7FY.jpg,char siew,all,-0.48162484607125355
../foodsg-233\breakfast cereal\WB20QW5GA4GQ80A5P7QM4EN1.jpg,breakfast cereal,all,-0.48162034066465587
../foodsg-233\Chocolate\D8AAR9QL9V5UP3H7QGC6R4EF.jpg,Chocolate,all,-0.48160430111657315
../foodsg-233\pineapple tarts\RZKDFFRSDQLHED1ELP4RQFAS.jpg,pineapple tarts,all,-0.48158783789397497
../foodsg-233\Fruit juice\TS1SZZRJ985LTHXRENJQY5NZ.jpg,Fruit juice,all,-0.48158653478344576
../foodsg-233\steamed grouper\ID4ES97VII4ERMO72E3Z8KVC.jpg,steamed grouper,all,-0.48158000530311956
../foodsg-233\Nuts\NK2PHLEXEI1AVQ02GZ1JG81O.jpg,Nuts,all,-0.48157854188174914
../foodsg-233\mixed grills\LXVIS6NDICC5TUTSH96LU9V6.jpg,mixed grills,all,-0.4815718631523962
../foodsg-233\pineapple tarts\AALF3LMFUOGPUNSHJNIESSKJ.jpg,pineapple tarts,all,-0.48156888488590294
../foodsg-233\dumpling\V8EWIUSEJASQ3CTUCTFMVI3I.jpg,dumpling,all,-0.48156352501422717
../foodsg-233\fish head curry\TEYNMUHNWTGD2MZZFJO21NMQ.jpg,fish head curry,all,-0.4815607964523608
../foodsg-233\buckwheat\YIBJS9AC9XJY7QCPBETVSOSP.jpg,buckwheat,all,-0.48155462175515146
../foodsg-233\Udon\8NB4VBGPMBY7Z5KMAK641DPG.jpg,Udon,all,-0.4815535295335281
../foodsg-233\lamb chops\HCOCOB0WD1R36LZUSXRPVY5B.jpg,lamb chops,all,-0.48155068918419214
../foodsg-233\pasta - fettuccine\QQG9OTDDLSXKQP9D6UNXNL5E.jpg,pasta - fettuccine,all,-0.48153704750800885
../foodsg-233\chilli crab\FTOD0GKH56UM2DDI67N9D5SS.jpg,chilli crab,all,-0.48152327774335874
../foodsg-233\Fried Noodles\TIHLJSRVPEFLMNWKXP1AD8IO.jpg,Fried Noodles,all,-0.48152242284909996
../foodsg-233\fried prawn\K8UWDWXISBLJJZ7RAB9RX1W1.jpg,fried prawn,all,-0.4815180684621728
../foodsg-233\Hor Fun\KHJBZMH0LBG1TQC2Y7ELYWM7.jpg,Hor Fun,all,-0.48151724010459945
../foodsg-233\bak kwa\CLMGAL4FQ29NSKT885JGBZY4.jpg,bak kwa,all,-0.48151411133785443
../foodsg-233\Claypot Rice\VZ6W9L3N5FZN5WNG1A6OE2K6.jpg,Claypot Rice,all,-0.4815133272318979
../foodsg-233\lasagna\3CSEXFFXX71A5V98CZ8J5DPV.jpg,lasagna,all,-0.4815112672986085
../foodsg-233\paella seafood\UAG6I4697UTLQWUXUJW1RXDX.jpg,paella seafood,all,-0.4815043510008096
../foodsg-233\Barley\QNC2V4VENCJXEQ4LR8JXX0X9.jpg,Barley,all,-0.48149413578019035
../foodsg-233\Fried Noodles\W5SKPF8JRDRQU3EBQAMU2SKA.jpg,Fried Noodles,all,-0.4814939226655838
../foodsg-233\Chocolate\QKJ2DZ8WZLMLU7CTHSMLFILM.jpg,Chocolate,all,-0.4814822296037535
../foodsg-233\steamed grouper\8JOXHG95EIR17HTLQKWWOR8P.jpg,steamed grouper,all,-0.48148171186678096
../foodsg-233\muesli\UIYNPXO4GP1UF1LYKM1N4UK0.jpg,muesli,all,-0.48148097746071516
../foodsg-233\kebab - chicken\N26UW9ASIFS0Q1Q8C5NLD2ZE.jpg,kebab - chicken,all,-0.4814794516408924
../foodsg-233\yuseng\MNAY72CVVIUWN2FGYIB2U11K.jpg,yuseng,all,-0.4814794167067672
../foodsg-233\steamed grouper\I36IXKWWAX4WNX768T344VBZ.jpg,steamed grouper,all,-0.4814673036779346
../foodsg-233\sausage rolls\AM1TQ9IZO5JWFD6738YOW9BQ.jpg,sausage rolls,all,-0.4814556724972745
../foodsg-233\wholegrain pasta\LH6O7PXM6GD5KNVKOC0JDUDS.jpg,wholegrain pasta,all,-0.48145559117388337
../foodsg-233\steamed buns\C9ZK4DTFS2MYTS0OS9YDJW1C.jpg,steamed buns,all,-0.4814524905025701
../foodsg-233\char siew\CRVDHE9XZ4R1D72701G5SPT9.jpg,char siew,all,-0.48144818735791617
../foodsg-233\sausage rolls\UYDB6WHG5D6RTVEAQ21MC1L2.jpg,sausage rolls,all,-0.4814470860324029
../foodsg-233\Alcoholic Beverage\0OCI3SVFVH46UPKQ9Z01UFTQ.jpg,Alcoholic Beverage,all,-0.48144476572384526
../foodsg-233\char siew pau\FARFO68SAAU9LT9X1WFO03I1.jpg,char siew pau,all,-0.4814428171239192
../foodsg-233\sandwich\8KL3EFXA71C7L9AKQGIQISEL.jpg,sandwich,all,-0.48143598970566265
../foodsg-233\Apple\DRFGZWZMOYXGHM8BJ6K69UCB.jpg,Apple,all,-0.4814356880488502
../foodsg-233\bee hoon\YDF2UX30T5BOX158H738NTLR.jpg,bee hoon,all,-0.4814263897519417
../foodsg-233\vadai\8MQ1UU9ZXVLLP2TR7QKEA6O5.jpg,vadai,all,-0.4814213691757807
../foodsg-233\sambal\F4JMPOITW5N7QDAYP4Q5ZVO5.jpg,sambal,all,-0.4814213329120677
../foodsg-233\drunken prawn\WER1KF2O8TJB4NFYAPQ2K307.jpg,drunken prawn,all,-0.48140265228744394
../foodsg-233\vadai\WFGZ6CQTNPN4NTDKA0BUZ9IP.jpg,vadai,all,-0.4813971419195718
../foodsg-233\Instant Cereal Drink\HQ11IC57CLYB8222ZJ20WV6T.jpg,Instant Cereal Drink,all,-0.48138250507807995
../foodsg-233\Snacks and Chips\67TKVIER1HP4V75EBKOLOABT.jpg,Snacks and Chips,all,-0.48137954256357335
../foodsg-233\breakfast cereal\VRASXTM5O9VNVVFV8PB9E432.jpg,breakfast cereal,all,-0.4813764897281242
../foodsg-233\dumpling\0AM4QLZQMF3QNUNC7GGCD78Q.jpg,dumpling,all,-0.48137353716141745
../foodsg-233\Udon\IGH0H8I3KI2KOPY1NZRD2CN7.jpg,Udon,all,-0.4813717825655885
../foodsg-233\lontong\F7N837HK44PL6U4S9F6YGRC2.jpg,lontong,all,-0.48136365975175094
../foodsg-233\Barley\LQWBRTRUCE37IECBRC753R0H.jpg,Barley,all,-0.48135664543160556
../foodsg-233\spring rolls\3WJ3O1RGSQIUKG54TSHYN102.jpg,spring rolls,all,-0.4813527698293865
../foodsg-233\cheese fries\MEIBL48Z2J0KKR5JUUZD7VRJ.jpg,cheese fries,all,-0.48134808666709694
../foodsg-233\miso soup\RNA2SJK4V63XHB1NBJHYPSEM.jpg,miso soup,all,-0.4813477037468977
../foodsg-233\chawanmushi\AZCO8GAPBO71VLCWN5310QRP.jpg,chawanmushi,all,-0.4813468619857937
../foodsg-233\pancake\LG9QFTNMLLRLGN19ZL6SGCY5.jpg,pancake,all,-0.4813448358164088
../foodsg-233\bee hoon\ZZBWGVQQXSST6SXIEHUJHW2B.jpg,bee hoon,all,-0.48133973717577316
"../foodsg-233\Mee siam, fried\GRCKDE43TO3CG05V89G3T8W4.jpg","Mee siam, fried",all,-0.48133389715947267
../foodsg-233\pancake\NQO6A4UC8WHX640NPV1K7QY1.jpg,pancake,all,-0.481322518818374
../foodsg-233\tau suan\W1APH8M6MOJP545HNB38YWI3.jpg,tau suan,all,-0.48131672068296044
"../foodsg-233\Don, unagi\Q9AF52N5MHXAR0GQRKJBGSRB.jpg","Don, unagi",all,-0.4813151177629744
../foodsg-233\pancake\KVSXQU3SWT3ENIICGFMSKJCL.jpg,pancake,all,-0.48131284641817046
../foodsg-233\green leafy vegetables\6WR0QZ6FTFRZ5IUMTU7OWOB6.jpg,green leafy vegetables,all,-0.4813013973285707
"../foodsg-233\Miso ramen, with fishcake\U9S2V3QW459SAUG1D1KF4FJN.jpg","Miso ramen, with fishcake",all,-0.4812988219222928
../foodsg-233\Fruit juice\3226ZPFHJM89D1BYS0XKVQCG.jpg,Fruit juice,all,-0.48128942124770985
../foodsg-233\curry puff\NAQ7PY2N919BKD5ODXOCTGU1.jpg,curry puff,all,-0.48128644760885847
../foodsg-233\miso soup\MN2EC2OZOQ6YBJ30QHKC0SP4.jpg,miso soup,all,-0.4812863027340739
../foodsg-233\Apple\D94PFU0YRB8X8U5FFWOX6AT7.jpg,Apple,all,-0.4812798522732659
../foodsg-233\biscuit\R03CPN7TQRT9IVVBKE441Z6L.jpg,biscuit,all,-0.4812751896661942
../foodsg-233\cake rolls\JK8I1L7UON9RK5L954Y54P5B.jpg,cake rolls,all,-0.4812741844600424
../foodsg-233\char siew pau\BKX5M3QRHQWHW8AOC4AY8QI5.jpg,char siew pau,all,-0.4812741783310702
../foodsg-233\Fruit juice\LPNTKZDBY521ZJGRYN6KXE7Q.jpg,Fruit juice,all,-0.48127313261500526
../foodsg-233\begedil\9FXNWRBJF0N25LGRCR03334F.jpg,begedil,all,-0.48126526489121596
../foodsg-233\Ban Mian\ABY19TG10I4677VSK6KESJDH.jpg,Ban Mian,all,-0.48126201777078814
"../foodsg-233\Don, unagi\4KC4P31ZCKTNAKVZ0WSQA2YJ.jpg","Don, unagi",all,-0.48126007850936287
../foodsg-233\seaweed snack\S7LK7C4TM539C98PBFYJT6LY.jpg,seaweed snack,all,-0.48125742980220987
../foodsg-233\yam rice\L30SSD9WRAD6ZGA89NNSANL7.jpg,yam rice,all,-0.48125155063276553
../foodsg-233\Bibimbap\BALX942LZJ8T0VHTYRWQCT9O.jpg,Bibimbap,all,-0.48123752937979025
../foodsg-233\chicken wing\J2YVD366U1ES7TOYH1DND7W4.jpg,chicken wing,all,-0.48122784327282314
../foodsg-233\Nuts\EPKGO8OF5DYJ5MDL3ZRT21JA.jpg,Nuts,all,-0.48121803135718305
../foodsg-233\Peanut Pancake\30Z3JM2KP75VWKW5LPOH0C6V.jpg,Peanut Pancake,all,-0.48121774668583717
../foodsg-233\char siew\4QORX92V6WQ713LDBZF3E6XO.jpg,char siew,all,-0.4812155954515261
../foodsg-233\Fruit juice\BRZPOI9J63RCQ0GCFR4MJ0WX.jpg,Fruit juice,all,-0.481215114419628
../foodsg-233\curry puff\UCCGTR9FABVO2EUH9GXKS2NX.jpg,curry puff,all,-0.48120768354749155
"../foodsg-233\Wanton mee, dry\N0H84LPX1D6SQCTCS0BUHUG2.jpg","Wanton mee, dry",all,-0.48119216440311174
../foodsg-233\steamed grouper\9YRAPTJ6MB0O87ZYKV15H0PI.jpg,steamed grouper,all,-0.4811920113241644
../foodsg-233\Lontong with sayur lodeh\YKY3FHJ8E5F6AHO1KM35PM90.jpg,Lontong with sayur lodeh,all,-0.481185748658016
../foodsg-233\Seafood Noodles Soup\YP61JN6LHZG22UKTAB5M281S.jpg,Seafood Noodles Soup,all,-0.4811846553489101
../foodsg-233\Mee rebus\04YYQ35WEHB43G4ICQY7439P.jpg,Mee rebus,all,-0.4811664593052958
../foodsg-233\kueh lapis - rainbow\4HO4CWZJ8WULIGZWDQFSBTPF.jpg,kueh lapis - rainbow,all,-0.481164909557761
../foodsg-233\tom yum noodle soup\L7CKL6UV35JLHKDQ4HPJL8XC.jpg,tom yum noodle soup,all,-0.4811644295330034
../foodsg-233\chicken soup\2Y8LQZ7AV4TIEK8J8NMDTEK7.jpg,chicken soup,all,-0.48115876363746307
../foodsg-233\Ban Mian\COPTO0ALN2TLGNYZZGGVZZ7E.jpg,Ban Mian,all,-0.48114656335797057
../foodsg-233\steamed buns\S8K1N5HPWN2N2QA9PHF4HNB3.jpg,steamed buns,all,-0.4811426031979356
../foodsg-233\waffle\NZSKQH2S1HJ9NVXFM1KT5QV4.jpg,waffle,all,-0.4811425516552504
../foodsg-233\Claypot Rice\A86CYY3CCZ0N9LRAFCKAJB54.jpg,Claypot Rice,all,-0.48114175153200833
../foodsg-233\chicken rice\VGQ6CE9U7ONH2ORZ2JIKL10A.jpg,chicken rice,all,-0.48114010392710316
../foodsg-233\Fruit juice\DQEXWT8BWPX1F6ZC5D31JEN0.jpg,Fruit juice,all,-0.4811399185080017
../foodsg-233\spring rolls\W5RXP8VW5PVKX4BUJI2LZKPC.jpg,spring rolls,all,-0.48113917686443375
../foodsg-233\breakfast cereal\NUPBZS4RMYVHN0CKDNC9C8DW.jpg,breakfast cereal,all,-0.4811386529414662
../foodsg-233\mango pudding\SJ6EJTC2JBPJDPZ2P1486XI9.jpg,mango pudding,all,-0.4811384196211774
../foodsg-233\tandoori chicken\L2O2UICQFX2M9I4F9FFCSMWH.jpg,tandoori chicken,all,-0.48113786342449183
../foodsg-233\sirloin steak\8OQ1HBLODTSRYP3G9IBB9B1D.jpg,sirloin steak,all,-0.48111942109431416
../foodsg-233\waffle\YZ7V8S2908AYM5B6KY0V9MKJ.jpg,waffle,all,-0.48111923316767613
../foodsg-233\Fried Noodles\JK51WUDVXSUY00DAR2U1ZX52.jpg,Fried Noodles,all,-0.48111824636447015
../foodsg-233\kebab - chicken\QFZP4UX1QYY9NETLVGGGBMR5.jpg,kebab - chicken,all,-0.48111403191240115
../foodsg-233\Seafood Noodles Soup\YUC3AXFHDAAO5PJV9TFVKV1F.jpg,Seafood Noodles Soup,all,-0.48110985870234746
../foodsg-233\egg tart\YGBX652ZPKP4RQ8PDRI2UBWQ.jpg,egg tart,all,-0.4811055198683884
../foodsg-233\chicken soup\OA4GJE22QM0S7TH5DMXQV4BM.jpg,chicken soup,all,-0.48109689596981214
../foodsg-233\Fish Ball Noodles\CEI2CS76AN8AR265BD93ZF2K.jpg,Fish Ball Noodles,all,-0.4810893088587493
../foodsg-233\pineapple tarts\73NE8ZP2FWJBJH7SQSFS3P14.jpg,pineapple tarts,all,-0.48108158192952055
../foodsg-233\spring rolls\S7YMPEFA2Z45GQEADT96DW0R.jpg,spring rolls,all,-0.48107187411142754
../foodsg-233\Snacks and Chips\AOUYU5M8U8PLXVC6ROE86EUW.jpg,Snacks and Chips,all,-0.4810678624998421
../foodsg-233\spring rolls\7B48LPT2RVVNE215EIBHUB80.jpg,spring rolls,all,-0.4810568071931571
../foodsg-233\roasted chicken\Q19LZXWGWCX50AS89RYBYRSV.jpg,roasted chicken,all,-0.4810539839937965
../foodsg-233\tacos and nachos\F8HTT4MNPOPXSMV7Q4U7VMLI.jpg,tacos and nachos,all,-0.4810489749674466
../foodsg-233\begedil\OR8SVCNVFNBO9ZXAJT2ICE6D.jpg,begedil,all,-0.4810450461139638
"../foodsg-233\Don, chicken teriyaki\FQCRCHJXUVD6XIBCP31M3UXC.jpg","Don, chicken teriyaki",all,-0.4810431526925748
../foodsg-233\steamed grouper\ERLTBG5S02YMLDR66W4DIZCD.jpg,steamed grouper,all,-0.4810316712409883
../foodsg-233\char siew\P5I4IGO8RNSP1VLX2ZV9U5V1.jpg,char siew,all,-0.48103161260520827
../foodsg-233\nasi lemak\OEFHH3ESG4JU9P5Y6729H9EI.jpg,nasi lemak,all,-0.481027457344872
../foodsg-233\milk\2HXTS0YDTU0OP58OUEXANZ4D.jpg,milk,all,-0.48102642289869674
../foodsg-233\ice kacang\TVH43DH078KTKH6DL5Y9CALJ.jpg,ice kacang,all,-0.48101620700668213
"../foodsg-233\Wanton mee, dry\CJ1M2B8UTKUFNBBB2ZQN0Q3V.jpg","Wanton mee, dry",all,-0.48101344626163023
../foodsg-233\sambal stingray\NMR8G28WXC7HFW2PWIB2KW8D.jpg,sambal stingray,all,-0.4810098453422783
../foodsg-233\sirloin steak\BLFZY342W2AM8EIZDBPT6S44.jpg,sirloin steak,all,-0.48098842218317384
../foodsg-233\breakfast cereal\IKURZNRR3FRBIPRBQ5JKON8B.jpg,breakfast cereal,all,-0.4809876671636474
"../foodsg-233\Rice, korean bulgogi beef\K2HJC8DZIIQHZSC6EAF71M53.jpg","Rice, korean bulgogi beef",all,-0.4809842563232173
../foodsg-233\Mee rebus\K06I9N7OGX630KTI35DFJKJ3.jpg,Mee rebus,all,-0.48098310035757497
../foodsg-233\sushi\8OZPRD4YHMD3FWYQR50AQDOI.jpg,sushi,all,-0.4809722321822568
../foodsg-233\sliced fish soup\5OWHRQBT8B537NEO3OFTJD26.jpg,sliced fish soup,all,-0.4809634216595052
../foodsg-233\Mee bandung\KVNL3KZE7W44R6LC84G6NYZB.jpg,Mee bandung,all,-0.4809631279149854
../foodsg-233\Macaroni\117RK50N9S0HB132QK5ZFESC.jpg,Macaroni,all,-0.4809522886894057
../foodsg-233\Mee kuah\HY9DP9EU13ZCAYXV5IH8QSBC.jpg,Mee kuah,all,-0.48093841754741523
../foodsg-233\hotplate tofu\Q5GF59XUAYLI473XYXGMRMWE.jpg,hotplate tofu,all,-0.4809322150833301
../foodsg-233\kway chap\QQUNNWC9XLT1KL6KTCXKKNLG.jpg,kway chap,all,-0.4809320100076033
../foodsg-233\milk\LDJRZ4R3NEJQVO0AQOXIQVVS.jpg,milk,all,-0.4809308502900486
../foodsg-233\muesli\TRZFJU621MXTP4D10KIKUBTM.jpg,muesli,all,-0.480929445294248
../foodsg-233\curry puff\9GAOVE9KADX35TZHP7U97X8Q.jpg,curry puff,all,-0.4809251248524161
../foodsg-233\Chocolate\8LO6IHBVQNUVO4546VJZJSTW.jpg,Chocolate,all,-0.4809234499661403
../foodsg-233\Nuts\PT7TMQVSVTZIMT8PS0ON2BT4.jpg,Nuts,all,-0.48092025609440786
../foodsg-233\har cheong gai\5K6TSEN27UMM9XKORAZR36XU.jpg,har cheong gai,all,-0.4809186214843085
../foodsg-233\ayam penyet\BQUWY1G39WFQ0PDDSRSXVFEV.jpg,ayam penyet,all,-0.4809180471078806
../foodsg-233\bagel & croissant\AU1QPX3BIEKJTY12NZLFFRX8.jpg,bagel & croissant,all,-0.4809131422218523
../foodsg-233\Snacks and Chips\O5QGMIX1NLLVX1IG6XVCGOSD.jpg,Snacks and Chips,all,-0.480901435337388
../foodsg-233\assam pedas\SYGQHI7EZC3XPC5I1DTS6R2Q.jpg,assam pedas,all,-0.48089664470531984
../foodsg-233\kway chap\DD6J11RO3XXX2C9570CMGQ48.jpg,kway chap,all,-0.48089609122020804
../foodsg-233\murtabak\CM0PTCDJ8DGD85MZXW97Q8EZ.jpg,murtabak,all,-0.48088838984626536
../foodsg-233\yong tau foo\YDX3CE7Z6NELK6N3JE26LJZ8.jpg,yong tau foo,all,-0.4808824297889815
../foodsg-233\lasagna\0XKJ0ZOKNKT2AQBIOPS0X9SV.jpg,lasagna,all,-0.48088226055492517
../foodsg-233\chilli crab\IRJ831SY0IKYGKF20N2REWHF.jpg,chilli crab,all,-0.4808818346181818
../foodsg-233\Chocolate\QX1ZVQCO5PALEH5VO7SMFERH.jpg,Chocolate,all,-0.48087770193004753
../foodsg-233\Hor Fun\TAR22CDZP6U9D4VVLDQ2D2F0.jpg,Hor Fun,all,-0.48086960603382195
../foodsg-233\muesli\766L8R5LZ53464TYBUONK2Z9.jpg,muesli,all,-0.4808688437785882
../foodsg-233\meatball\GP3VZCOIV5RJ4FBUYECL9PBR.jpg,meatball,all,-0.4808672390416033
../foodsg-233\biscuit\20P1DI6HZK18O9GRGD0CKEG6.jpg,biscuit,all,-0.48086304758791604
../foodsg-233\tortilla - plain\UNIVK9T3M3LYIE90DXQN78TQ.jpg,tortilla - plain,all,-0.48086069213590416
../foodsg-233\bee hoon\VNYNKLJ18QKLRDMY4SF0JEP0.jpg,bee hoon,all,-0.4808572112528586
../foodsg-233\sliced fish soup\UB14OGASU6ERXLU7UVTAB44L.jpg,sliced fish soup,all,-0.4808567810961083
../foodsg-233\beef noodle soup\173V279JHZDELHTEYQHP409G.jpg,beef noodle soup,all,-0.4808405859445586
../foodsg-233\sushi\HDF2LFRB0SS6M6XRGJ1B0KI7.jpg,sushi,all,-0.4808318646213149
../foodsg-233\Nuts\WKSJAZWQHNDGUKRZS705MDRB.jpg,Nuts,all,-0.4808272658622167
../foodsg-233\Fried Noodles\KQVNLUXIAPQWBQF74CMIRSQP.jpg,Fried Noodles,all,-0.4808203290226195
../foodsg-233\chilli crab\DZYVS0XH9E81Q4C614N9B7DZ.jpg,chilli crab,all,-0.4808197764705381
../foodsg-233\Nuts\ON6NJT5HDQQKW7MOVLJ8Y9WM.jpg,Nuts,all,-0.4808191113633108
../foodsg-233\pancake\0PTY2UFTK4JTDVU3D0BURWX9.jpg,pancake,all,-0.48081167718836254
../foodsg-233\Dumpling noodle soup\8TNGVR5IG0Y0QV8EP0Q93TRH.jpg,Dumpling noodle soup,all,-0.4808072270303329
../foodsg-233\Snacks and Chips\8IWTQTX0R7NBAE0A9PLV3NS2.jpg,Snacks and Chips,all,-0.4808008034217998
../foodsg-233\fried prawn\1N06KFCNF5XTSHNQR5CDCL4I.jpg,fried prawn,all,-0.4808006313107292
../foodsg-233\vadai\T6EEP40Q3GQLTGG7DH34T8WW.jpg,vadai,all,-0.4807962404339605
../foodsg-233\Fried Noodles\3PNFN3ABQIU4FDZS47U6CCY0.jpg,Fried Noodles,all,-0.4807894131835417
../foodsg-233\spring rolls\K36G9DE5JYJNJMW2CMPI1513.jpg,spring rolls,all,-0.4807884062687229
../foodsg-233\gulai daun ubi\GWRY7J52BLNF5HUU7H1D5HSU.jpg,gulai daun ubi,all,-0.48078522548205455
../foodsg-233\chicken masala\A95A54A80L1M6S7VB4SCC5M0.jpg,chicken masala,all,-0.4807850290035761
"../foodsg-233\Rice, korean bulgogi beef\NNW8JIVGQJX0NZ3YLN444P1P.jpg","Rice, korean bulgogi beef",all,-0.4807787708728032
../foodsg-233\gulai daun ubi\RZUCIQ6TCW68EZEMM58ANYUR.jpg,gulai daun ubi,all,-0.4807700417894564
../foodsg-233\kaya toast\DLLHVXN9GYYFYTM28JUU4Q7M.jpg,kaya toast,all,-0.4807672007354081
../foodsg-233\breakfast cereal\SFKOTHCNQ29PHNCN9PH9MOCF.jpg,breakfast cereal,all,-0.48076492035717766
../foodsg-233\fried chicken\ELU7TQ3I7AV753N5PVPT9TMT.jpg,fried chicken,all,-0.48076432988410683
../foodsg-233\chicken masala\T0SEGR708U9XVY8GXBURQNN3.jpg,chicken masala,all,-0.4807566862548324
../foodsg-233\bee hoon\EHPXVL0Z0MEVNHE8D8BY036Y.jpg,bee hoon,all,-0.4807558416972696
../foodsg-233\Tauhu Goreng\84TS33NXCZEVB1QPIIV742Q2.jpg,Tauhu Goreng,all,-0.4807451798341705
../foodsg-233\bak kwa\3JKKM0FZXDL35AKG06CKP9QA.jpg,bak kwa,all,-0.48073963290830424
../foodsg-233\kaya toast\W5HIO5J4F8D0CSD5Z82FF0P5.jpg,kaya toast,all,-0.4807320180710432
"../foodsg-233\Miso ramen, with fishcake\PVAK6MAPP2Q783LEMAE0201X.jpg","Miso ramen, with fishcake",all,-0.4807312879368897
../foodsg-233\paella seafood\J05YOPJ07F631L45QX7N9ISA.jpg,paella seafood,all,-0.4807276226591371
../foodsg-233\Duck Rice\4QUARB3OM33RXAGQDTQ0RAED.jpg,Duck Rice,all,-0.4807263199598226
../foodsg-233\sirloin steak\OKWTZQSZC5A4FSXS84LVZ913.jpg,sirloin steak,all,-0.48072548124501935
../foodsg-233\tau suan\BUV8TX2FOTWJ2QRFFV96OPR8.jpg,tau suan,all,-0.48072450826929497
../foodsg-233\steamed buns\V6R3XJHHYEBHX3QQ6IQPPLHG.jpg,steamed buns,all,-0.48071902097013597
../foodsg-233\Duck Rice\E2HINTT8OEZ4WQRJ0LR9I0HG.jpg,Duck Rice,all,-0.48071743100276476
../foodsg-233\Macaroni\74QLKFKLH82QUS1CJHH6LKVN.jpg,Macaroni,all,-0.48071387713860336
../foodsg-233\baked beans\32V37SSQLSVOPJUVC6ZY5Q8Q.jpg,baked beans,all,-0.48070828362955587
../foodsg-233\chai tow kuay\VYGKP95E0ONKB636YRH6B8OL.jpg,chai tow kuay,all,-0.48070618435717394
../foodsg-233\Laksa\APXBX941PKQ6ZSTBCIAEE5VP.jpg,Laksa,all,-0.48069106583730936
../foodsg-233\fried fish\1J43H9LEW1BZ3LI9HFK0GEGT.jpg,fried fish,all,-0.4806884676389706
../foodsg-233\buckwheat\8IZANGHDI2EJTJUONFK8YNW1.jpg,buckwheat,all,-0.4806787216315569
../foodsg-233\Macaroni\60BV7SPK2MW00BHHRBOX0PIO.jpg,Macaroni,all,-0.4806767629387259
../foodsg-233\Nuts\G2AIOQHV18312OOGUI74P02Y.jpg,Nuts,all,-0.4806756669780565
../foodsg-233\curry puff\C793CD3Q8U3G4XGHB9S7KBHT.jpg,curry puff,all,-0.48067115439577573
../foodsg-233\Mee goreng\I8HUI352IDXH874TSBYRPSVH.jpg,Mee goreng,all,-0.48066437274536244
../foodsg-233\steamed buns\3S9SNIUTWWD8CRXD4P880L72.jpg,steamed buns,all,-0.4806568482690301
../foodsg-233\Chocolate\TJIL9FQHWOTMEWC54L58GQIR.jpg,Chocolate,all,-0.4806543677641706
../foodsg-233\Sweets\J4Y6VGWC2C7OCBO4HZM4TPQU.jpg,Sweets,all,-0.4806522210765604
../foodsg-233\tortilla - plain\KA1AJZ9NISNHOOJZG9EEPDVN.jpg,tortilla - plain,all,-0.4806476100732258
../foodsg-233\black pepper crab\FE5BXIMGP75UEUO84HJ20NXS.jpg,black pepper crab,all,-0.48064596854829544
../foodsg-233\wholegrain pasta\PIZW36B1SFVFU0KNPCVK41DM.jpg,wholegrain pasta,all,-0.480642909531053
"../foodsg-233\Miso ramen, with fishcake\ZKC835SZKXANMREUDHYR8CV2.jpg","Miso ramen, with fishcake",all,-0.4806379105125233
../foodsg-233\char siew pau\LH0NMYPV3JFCA737WSMUTWMX.jpg,char siew pau,all,-0.48063618209364406
../foodsg-233\Nuts\04MOR3NE4V1MKHJL7TY1UMNO.jpg,Nuts,all,-0.4806332811965545
../foodsg-233\Apple\IR0NV6H1OEX060J8PBFDS3P7.jpg,Apple,all,-0.48062987831612447
../foodsg-233\Nuts\RSZ6ICJNBBTF7QWSI6S1CMSC.jpg,Nuts,all,-0.48062532759600957
../foodsg-233\Nuts\U23YC1R3DZUVDE33J1YUE4XW.jpg,Nuts,all,-0.48062435054300706
../foodsg-233\Bibimbap\DA57YKC35QQQZFU85H8PHW5E.jpg,Bibimbap,all,-0.480620071723408
../foodsg-233\cream soup\EFZ61BXAOMMJLD8LQG495VD4.jpg,cream soup,all,-0.4806119289719832
../foodsg-233\milk\6MJ8ZTOHEZJRZG2G2MLPKTLM.jpg,milk,all,-0.4806065894758407
../foodsg-233\cake rolls\PDA63DNKH48PQI5V7KNNRIWL.jpg,cake rolls,all,-0.48060076420638
../foodsg-233\biscuit\PD2TVIHKVGGI8OXGBQZ1SQXC.jpg,biscuit,all,-0.4805921894013314
../foodsg-233\green leafy vegetables\DT1A28EJNWFH4SQXLUAONB8Y.jpg,green leafy vegetables,all,-0.48058768980332695
"../foodsg-233\Miso ramen, with fishcake\SRER52554ASTV184T6561NFK.jpg","Miso ramen, with fishcake",all,-0.48058578276574176
../foodsg-233\Fried Noodles\I7572Z14OBONGA492XC85EKK.jpg,Fried Noodles,all,-0.4805826980134865
../foodsg-233\chai tow kuay\EWREJDWN550QAFHNMEOZ6DYD.jpg,chai tow kuay,all,-0.4805772238138284
../foodsg-233\vadai\U5BHKESZOUTWRYQ6I35982R0.jpg,vadai,all,-0.480573823289237
../foodsg-233\tandoori chicken\240G2I9NMORE3MX836X8O8NI.jpg,tandoori chicken,all,-0.4805702040819311
../foodsg-233\chai tow kuay\MDAKGGCV8890Y3ZBR0ER45TI.jpg,chai tow kuay,all,-0.48056264523049763
../foodsg-233\drunken prawn\JOFCTRJ8L8HTCWVKQHL7GNQ1.jpg,drunken prawn,all,-0.4805609265599998
../foodsg-233\biscuit\ARQ1Q2M4PYPGPZ8CXRC07YA2.jpg,biscuit,all,-0.4805481840938179
../foodsg-233\chicken chop\K0RRM16K02HYJBEELG4ER8V0.jpg,chicken chop,all,-0.4805408489274575
"../foodsg-233\Don, unagi\KUOT9TK8LFBI14VWMVMM8201.jpg","Don, unagi",all,-0.48053528717117056
../foodsg-233\Mee kuah\NF0AMUX1LXQ34QFSU9QO1EAH.jpg,Mee kuah,all,-0.4805350036299938
../foodsg-233\yuseng\LRUO0TYWQN51AQ854WNUZUYC.jpg,yuseng,all,-0.48053116908806304
../foodsg-233\chicken soup\MKUROIO40B6OPEFNFOTGG48A.jpg,chicken soup,all,-0.4805310754734429
../foodsg-233\Prawn Noodle\B4LJYOCYLERGJNSHKTQC8UPQ.jpg,Prawn Noodle,all,-0.48053081592486846
../foodsg-233\black pepper crab\KVWJ59IT7X3KSFIVJ7JFD35Y.jpg,black pepper crab,all,-0.48052224966428164
../foodsg-233\nasi lemak\U4MIMEDWJO6DTSCQ2IWTFT19.jpg,nasi lemak,all,-0.480521051358607
../foodsg-233\cream soup\IDD2TNJ8JFVFPH1P9BMLIRVZ.jpg,cream soup,all,-0.4805209334169746
../foodsg-233\Soto ayam\QX7N84WPC29DSW7FG80JIPJZ.jpg,Soto ayam,all,-0.4805137742760301
../foodsg-233\Nuts\G7KL8B3JU1P5SJ29GSPJGF3T.jpg,Nuts,all,-0.48051143709404465
../foodsg-233\steamed buns\WEMF5VI8VHZTRSMCH947W4ZL.jpg,steamed buns,all,-0.48050753659342216
../foodsg-233\Snacks and Chips\YTU6RYRBJ6JSI5IBODA57ITU.jpg,Snacks and Chips,all,-0.4805067226387613
../foodsg-233\sausage rolls\2BDLEV8SA8POQ6MQ3JNKNKMY.jpg,sausage rolls,all,-0.48050671757620794
../foodsg-233\hotplate tofu\XCDRCWGL84L3ABYLOROW6Z6C.jpg,hotplate tofu,all,-0.4804996817127263
../foodsg-233\CNY love letter\76AKBZYM3BJE4X4QYNJGC41M.jpg,CNY love letter,all,-0.4804895168647928
../foodsg-233\CNY love letter\FA89GDIUZ0YE8K0BA55EQQZH.jpg,CNY love letter,all,-0.4804884620602151
../foodsg-233\kway chap\UWRUMNDSXP71ZOITLWIFD2A2.jpg,kway chap,all,-0.48048721105177633
../foodsg-233\Laksa\V77HT0FMRO45A3YK4WH6Y18R.jpg,Laksa,all,-0.4804866978781264
../foodsg-233\chicken rice\GDWQWBNJMKLV28EKJ8RLFFS2.jpg,chicken rice,all,-0.48048174309942104
../foodsg-233\tutu kueh\OCWWIT65Q7LBBRDYE59QUW6D.jpg,tutu kueh,all,-0.4804769874994884
../foodsg-233\yuseng\F8Y51A95RMAT6KZUUWLAM7G1.jpg,yuseng,all,-0.4804722465712938
../foodsg-233\Fried Noodles\0SVGPFIBUCL8S4GUDSYTLPD4.jpg,Fried Noodles,all,-0.4804665039813188
../foodsg-233\Mee rebus\A2ONUB57ZW88SPHEU0ECM7JO.jpg,Mee rebus,all,-0.4804641527327815
../foodsg-233\Snacks and Chips\VG2MNOSKA8CBVW36M26ZIL3S.jpg,Snacks and Chips,all,-0.4804610968363443
../foodsg-233\fried chicken\NESBZ6P2ECAE654Q5HZXKE5V.jpg,fried chicken,all,-0.4804606148663992
../foodsg-233\Nuts\V24QOQKQE1CPKYC0DX4CMH6V.jpg,Nuts,all,-0.48044434053136553
../foodsg-233\Indian Prata\P6JBGL008012RY5FHRDISN9Z.jpg,Indian Prata,all,-0.4804430064105459
../foodsg-233\tortilla - plain\YMCDMQ0XML9Y7B4ZWB8T5KVS.jpg,tortilla - plain,all,-0.48042888966780467
../foodsg-233\Barley\1WBA300K21V7SHNUZZ28VSRN.jpg,Barley,all,-0.48042757495917765
../foodsg-233\Nasi Ambeng\WIDXFILDDO4FXIRWEZPDF6XV.jpg,Nasi Ambeng,all,-0.48042609641674733
../foodsg-233\kaya toast\UNGBZY364PZ93OIBQDT5DBYP.jpg,kaya toast,all,-0.4804249753341262
../foodsg-233\chicken masala\BOSFKENPRR398R9WDMPELAL6.jpg,chicken masala,all,-0.4804164350923291
../foodsg-233\Chocolate\LMPSSP9MT00IT21A8J7IW64W.jpg,Chocolate,all,-0.48041522437874407
../foodsg-233\Macaroni\IG47VELV05DRWWJ543JPASD0.jpg,Macaroni,all,-0.48041520174651553
../foodsg-233\tacos and nachos\YH0X5ENLU2K4C85WQF5KVE2D.jpg,tacos and nachos,all,-0.4804064796908212
../foodsg-233\roti john\HXQ24XE8VTMZLTLCRI4G6Z3A.jpg,roti john,all,-0.48040136376865555
../foodsg-233\tandoori chicken\DBDCVGCN5KXT2E3SNY82CKIY.jpg,tandoori chicken,all,-0.48040077037724044
../foodsg-233\Chocolate\A078H3FAHCYZT9JNLS0WLHB8.jpg,Chocolate,all,-0.48039846831720634
../foodsg-233\Udon\E3RSU61YES2I1QMD4RPFVH47.jpg,Udon,all,-0.48039807863949585
../foodsg-233\Nuts\Z7ONNX6HXUBTFZ1RYYOQMEGL.jpg,Nuts,all,-0.48038957384782305
../foodsg-233\biscuit\RQD3Q1GQ11BXLSYIO5KLZW54.jpg,biscuit,all,-0.4803879737380713
../foodsg-233\drunken prawn\5YT0L6GZVIJENC85KJWU0LPS.jpg,drunken prawn,all,-0.48038625846484556
../foodsg-233\chicken rice\2S4K83UYL1ZC7DMG995VWSTZ.jpg,chicken rice,all,-0.4803820473843277
../foodsg-233\fried chicken\WGY9T0S0CG722T3DCTR46CKF.jpg,fried chicken,all,-0.48037742599673205
../foodsg-233\Soto ayam\7ORSDZI9EQUN3DCKXPXM03GM.jpg,Soto ayam,all,-0.48037724337582244
../foodsg-233\fish head curry\MJ65VEU6HLZERTQNUPZ34XON.jpg,fish head curry,all,-0.4803671284592217
../foodsg-233\sirloin steak\8GPIWFIPRDUO4N6PB14GY0IU.jpg,sirloin steak,all,-0.48034834957648453
../foodsg-233\begedil\BSV506HLSCU0JG2K6VURPXHP.jpg,begedil,all,-0.48034568555570023
../foodsg-233\chilli crab\7LIVWOBGG6HOAEBATLJDPBKF.jpg,chilli crab,all,-0.4803393324599839
../foodsg-233\char siew pau\MQAT58HWNAHG80SQ9JVO0F15.jpg,char siew pau,all,-0.4803333456241579
../foodsg-233\sliced fish soup\AK2TWDGJCLYDZONGRHGJE098.jpg,sliced fish soup,all,-0.4803327873082727
../foodsg-233\biscuit\ZD8XYA43Q91EUDFDUJZWAUXL.jpg,biscuit,all,-0.4803270302117297
"../foodsg-233\Wanton mee, dry\PEBJOLQI11UG3E9ICWH0LTPV.jpg","Wanton mee, dry",all,-0.48030951055957083
../foodsg-233\steamed grouper\XK39N4QX6ZSS3IZ6V0THL17W.jpg,steamed grouper,all,-0.4803073273790044
../foodsg-233\Snacks and Chips\M0RRV3RWW945XZSK86DBJJ9P.jpg,Snacks and Chips,all,-0.4803032002664703
../foodsg-233\seaweed snack\VLPVWI89IM65MTB39PO8DCQI.jpg,seaweed snack,all,-0.48029890807496367
../foodsg-233\sausage rolls\HOK57MGNITHP3FQID7TPZDFX.jpg,sausage rolls,all,-0.4802928969253968
../foodsg-233\fried prawn\YA2HMSFYL3JCXJOUGO3ACETS.jpg,fried prawn,all,-0.4802827888448206
"../foodsg-233\Rice, with dakgalbi\3UTXH5DESW9GJBLMYUAISKCP.jpg","Rice, with dakgalbi",all,-0.480282750144563
../foodsg-233\wholegrain pasta\YR3FW59IEV9BG5C7MWVQFE9T.jpg,wholegrain pasta,all,-0.480282383758463
../foodsg-233\Chocolate\S4GP4787UA88CB49LZZ6706P.jpg,Chocolate,all,-0.4802817815543256
../foodsg-233\vegetarian bee hoon\XP5ART9JTEIT8BS4T5YC62AS.jpg,vegetarian bee hoon,all,-0.48027489566885617
../foodsg-233\fried prawn\CFKAGFTPUM31XE9LZBCGJ9JW.jpg,fried prawn,all,-0.4802693178327013
../foodsg-233\sambal\CJVNJWO99RM0847O4P9SCG1J.jpg,sambal,all,-0.48026873700740397
../foodsg-233\fried chicken\HBBR2HZFRJCGREQVVBPMHR8H.jpg,fried chicken,all,-0.4802685289613575
../foodsg-233\black pepper crab\5UGRPZHCL03DSFUY7ZKLQN1Y.jpg,black pepper crab,all,-0.4802683520163624
../foodsg-233\Mee goreng\7D51Q2NVIXCLLDDMX5LAY83I.jpg,Mee goreng,all,-0.4802672011816592
../foodsg-233\tumpeng\TE867F2VCSAHVMJNLSYLBTJK.jpg,tumpeng,all,-0.4802568056998081
../foodsg-233\Fried Noodles\8NQF24P6RVDPWLPKXQEHBX2T.jpg,Fried Noodles,all,-0.48023930471177256
../foodsg-233\wholegrain pasta\O7075YOIWFA4MPUGZZ6VS0W3.jpg,wholegrain pasta,all,-0.4802323586664748
../foodsg-233\Laksa\HR106TAQ5D3LATX58N3URK94.jpg,Laksa,all,-0.4802297415358529
../foodsg-233\Nuts\QSQR1I3E31QDLR2BG4DPO8FF.jpg,Nuts,all,-0.48022889922194983
../foodsg-233\dumpling\KKPHCZ21708FB5ZTTKY9Z2PA.jpg,dumpling,all,-0.4802239111701026
../foodsg-233\Snacks and Chips\RXLCD29B2AG4BF5KKPEGYUL3.jpg,Snacks and Chips,all,-0.48022008172856967
../foodsg-233\beef noodle soup\2YZO9R5HF91TFP4KULWCXITM.jpg,beef noodle soup,all,-0.4802049823092569
../foodsg-233\wholegrain pasta\9MLFX3WV5ZV8TEVKJOQX6XCA.jpg,wholegrain pasta,all,-0.48020280279228206
../foodsg-233\char siew pau\I93D8XH94TVXE975L60B1FE7.jpg,char siew pau,all,-0.48020114170958483
../foodsg-233\har cheong gai\NBN1D57T3L5LE6W373YF17L7.jpg,har cheong gai,all,-0.4801890701026991
../foodsg-233\Mee kuah\YFM97EHCKUZ4J14JCGMXR12B.jpg,Mee kuah,all,-0.48018703046274613
../foodsg-233\tau suan\ZMI42BH8CGE4SOAQJ90HFUFH.jpg,tau suan,all,-0.4801800437686744
../foodsg-233\drunken prawn\5WBPK249QYLCG1POLHEJIM0H.jpg,drunken prawn,all,-0.48015802804616614
../foodsg-233\breakfast cereal\WPBB7B3FG29SOPTQQYCKRP73.jpg,breakfast cereal,all,-0.48015767784944435
../foodsg-233\dumpling\VWXVADETH5PE0BVV8Z80TFGG.jpg,dumpling,all,-0.48013951760838774
../foodsg-233\hotplate tofu\5G6P1XEBULCFEISI7H66GXK9.jpg,hotplate tofu,all,-0.48012871457731465
../foodsg-233\Macaroni\YEZSJVRPJUYS0CLHEJG85OGB.jpg,Macaroni,all,-0.48012651779378573
"../foodsg-233\Rice, with dakgalbi\F86IZDCT7SBJONFOE208HYFQ.jpg","Rice, with dakgalbi",all,-0.48010992225164234
../foodsg-233\wholegrain pasta\W4MAL00JN8UYDQ391X910NK2.jpg,wholegrain pasta,all,-0.4801096916729849
../foodsg-233\pineapple tarts\BEW4CNZ2GR3YWATXMLJ9Y0EE.jpg,pineapple tarts,all,-0.4801070659289679
../foodsg-233\tau suan\KDNBR08NFNFSNV92PWLWK3EJ.jpg,tau suan,all,-0.4801011899270953
../foodsg-233\sirloin steak\RU477CZXQWF1ABB16BNCF7WW.jpg,sirloin steak,all,-0.480095213482516
../foodsg-233\paella seafood\XNE2JE0M3D1YN4Y0AU1TGLAF.jpg,paella seafood,all,-0.4800872640240687
../foodsg-233\muesli\X6BTPLI18X6JPQ4N56U2Y1CF.jpg,muesli,all,-0.480076274220706
../foodsg-233\Mee goreng\0A6PTWGHYBFYX0D1O3TCARCF.jpg,Mee goreng,all,-0.4800658487420998
../foodsg-233\tacos and nachos\SHI8SGYY93VGNO86U75KOFI0.jpg,tacos and nachos,all,-0.4800624256724679
../foodsg-233\Nuts\HZWQ27P8YSGDSR9S4FCFEXZ6.jpg,Nuts,all,-0.4800597726152292
"../foodsg-233\Rice, korean bulgogi beef\XK2K7AGSQ64US0CA1O7UEL6N.jpg","Rice, korean bulgogi beef",all,-0.48005814204230013
../foodsg-233\Udon\985Y9OO1KYCQHPNUFDZPQ9JX.jpg,Udon,all,-0.48005708823775123
../foodsg-233\Udon\KBP2B9J4VDXRYL5NPH67MELQ.jpg,Udon,all,-0.48005437093456826
../foodsg-233\tandoori chicken\7MZCQ4CZTVDK55X6LVFPVA13.jpg,tandoori chicken,all,-0.48005431211048655
../foodsg-233\mee pok\RA60E8GW3N5D68OYDSVYA88L.jpg,mee pok,all,-0.4800502521100783
../foodsg-233\sambal\7VNL9HLLJFBE6OSURY3ESBDH.jpg,sambal,all,-0.4800499270867706
../foodsg-233\Instant Cereal Drink\2S9BTQKHHZR6GWQXSMSWYWYW.jpg,Instant Cereal Drink,all,-0.4800407197339451
../foodsg-233\Chinese fritters\APD99J6HUFNEJDCA95C2GFN6.jpg,Chinese fritters,all,-0.4800398565093435
../foodsg-233\gulai daun ubi\IM8HJO7CDEJB9ZJ7FQYZGO7R.jpg,gulai daun ubi,all,-0.4800340233359987
../foodsg-233\Nuts\EBOE6Y9H5Y2VKMSFRCS0TRU8.jpg,Nuts,all,-0.48001737580139964
../foodsg-233\paella seafood\BPVFBZB4G029BF2869E9YIWI.jpg,paella seafood,all,-0.48000008327224447
../foodsg-233\ice kacang\8LWWLF1I9NLRLDLRIYWBBUUI.jpg,ice kacang,all,-0.4799973379678701
../foodsg-233\Mee kuah\8IZT8HHWOWP7S11JHVU0E1C0.jpg,Mee kuah,all,-0.47999388535948745
../foodsg-233\fried chicken\TVUTY2ZQEGMRMSQSAWES4T7H.jpg,fried chicken,all,-0.47999283494164297
../foodsg-233\waffle\XJ3I96GT9BE9Q15AFUDYD5EQ.jpg,waffle,all,-0.47998438538421717
"../foodsg-233\Chap chye, Nonya\M3U4EYBFJ8R6OHCJ3YYXO3BD.jpg","Chap chye, Nonya",all,-0.47997973510695785
../foodsg-233\bak kut teh\EZU2VU07ZTS9BBT30ETE41H4.jpg,bak kut teh,all,-0.4799730926966485
../foodsg-233\bak kwa\JAYW2RI0QPQ5FCB5PTH5X9LZ.jpg,bak kwa,all,-0.47997303627391674
../foodsg-233\fried prawn\DIMQAINKBZVK3B61L92C7BPE.jpg,fried prawn,all,-0.4799685651033452
../foodsg-233\paella seafood\27XPSA42IAG25JKGSMAZKN2S.jpg,paella seafood,all,-0.4799624205860623
../foodsg-233\sirloin steak\MTI18YZ97HNYKKI0KN9CX0UG.jpg,sirloin steak,all,-0.4799517226070185
../foodsg-233\wholegrain pasta\Z4SZVMIZML5G1XUR57RSQF6G.jpg,wholegrain pasta,all,-0.4799503709208572
../foodsg-233\chin chow drink\AV8TY73DMCKWLQZATK8B4GOV.jpg,chin chow drink,all,-0.4799479642010663
../foodsg-233\Nasi pattaya\VV7WCZIIJNU3WE8CB81K0KY7.jpg,Nasi pattaya,all,-0.4799469769388492
../foodsg-233\Nuts\EGPE7FA869JBRC42BTKPP9R8.jpg,Nuts,all,-0.47994661405761435
../foodsg-233\char siew\4PLG9JCTQ9EC7NZH2AAU0LJM.jpg,char siew,all,-0.47994117897385685
../foodsg-233\Nuts\TEQ8LATEG0HRBD7TC9FXHD87.jpg,Nuts,all,-0.47993561953686587
../foodsg-233\chicken pie\IRICZOJKGHHYHNORLIS9OSQX.jpg,chicken pie,all,-0.4799268179242046
../foodsg-233\mixed grills\9LFEACXTORAH41FTZ1XBX5WF.jpg,mixed grills,all,-0.47991997145085197
../foodsg-233\drunken prawn\OV7KYX3B6PZETWXPZXUWBHK7.jpg,drunken prawn,all,-0.47991783288401413
../foodsg-233\buckwheat\U7RSS4CTUDYJLMK4QETTSPZA.jpg,buckwheat,all,-0.47991432299311837
../foodsg-233\CNY love letter\1NFZCPZNHRY0WH4OLHGM6CD4.jpg,CNY love letter,all,-0.4799133094498044
../foodsg-233\Nasi pattaya\JNBPUSDO123Q1W4Q2G9E6OBI.jpg,Nasi pattaya,all,-0.4798971006822935
../foodsg-233\sambal\WET34TB8KPYA809B0OGIGLMD.jpg,sambal,all,-0.47989559789020864
../foodsg-233\Prawn Noodle\BUHM3QYCTW8P8Q065IIUWOOY.jpg,Prawn Noodle,all,-0.47989334096232694
../foodsg-233\whole oats\EYRER73V57A1D5W66ZGYAAIP.jpg,whole oats,all,-0.4798880709353043
../foodsg-233\fried chicken\JLPYHDWTD08BH1H6L149OHHI.jpg,fried chicken,all,-0.47988019880588034
../foodsg-233\Fish Ball Noodles\9SD2ZPRXM7L98MQJNR16AZ26.jpg,Fish Ball Noodles,all,-0.47987120104092157
"../foodsg-233\Don, unagi\3C5VGW7LA4CE93QL4SL5O25F.jpg","Don, unagi",all,-0.4798665753551543
../foodsg-233\char siew pau\T8CMJJP3EZGZI46CPQYFUDCS.jpg,char siew pau,all,-0.47986570479008295
../foodsg-233\chicken wing\X3XQV74C49CM4NWDFI9PZHSO.jpg,chicken wing,all,-0.47985029267163276
../foodsg-233\Mee rebus\D3FPQM8R1V06EXYJVF0XG4P7.jpg,Mee rebus,all,-0.4798453715304962
../foodsg-233\biscuit\UECWBHYLNB62TAH6QNUWQSV9.jpg,biscuit,all,-0.4798391540946621
../foodsg-233\Nasi pattaya\2H0UFC77XEVHQEGT38P8MBRE.jpg,Nasi pattaya,all,-0.4798333620453428
../foodsg-233\sausage rolls\R0ZTI5KRWNSBDZAMYPLX0MS7.jpg,sausage rolls,all,-0.47982101267342475
../foodsg-233\chicken masala\2AHUMWKJ6W45XRCPWIRG5FV4.jpg,chicken masala,all,-0.47981422837050314
../foodsg-233\Barley\ACNSYX23J7216A7CH9U4UYB7.jpg,Barley,all,-0.4798111591551316
../foodsg-233\drunken prawn\7GZEANU536QPEVU3EWC9Q1ET.jpg,drunken prawn,all,-0.4798051865342892
../foodsg-233\goreng pisang\63IFEWF5YR7LT9ZEXAT19KSO.jpg,goreng pisang,all,-0.4798022570381786
../foodsg-233\chai tow kuay\IK72JK12CBBAKUNVZN3QZWGR.jpg,chai tow kuay,all,-0.47979631416215407
../foodsg-233\ngoh hiang\RDTWJHJ1O53GIMI70WM44R9X.jpg,ngoh hiang,all,-0.4797741957469089
../foodsg-233\sambal\BVL918FIXNBPH9YIIX5Z1L33.jpg,sambal,all,-0.4797725649926008
"../foodsg-233\Pilaf, pea\YB0NBYD2CEBNO6JXXBSU971W.jpg","Pilaf, pea",all,-0.47976760296525883
"../foodsg-233\Bee hoon, soto\M8SG32DKQ4VA3JU1I6JGDRAX.jpg","Bee hoon, soto",all,-0.47976308754046354
../foodsg-233\paella seafood\HKCA5GEIT3T0JJAUTPR0ZHFQ.jpg,paella seafood,all,-0.4797618699729074
../foodsg-233\Chocolate\JAR2B2K312YPE16BV6SJIP89.jpg,Chocolate,all,-0.4797450342979088
../foodsg-233\sambal\GSFBOO1NSUFZVTO9SL54KPT9.jpg,sambal,all,-0.47973660174568106
"../foodsg-233\Mee siam, fried\GU0KMEN3Q5RQ9XZPDWRKEEDZ.jpg","Mee siam, fried",all,-0.47973186400332507
../foodsg-233\Sweets\Y1SOU2XNX5MREYY2X5WCA9DZ.jpg,Sweets,all,-0.47972981273044396
../foodsg-233\Nuts\SD66EA6T4O09STI571CHNLJ9.jpg,Nuts,all,-0.479726052402955
../foodsg-233\tortilla - plain\FBOP9V58OR8Y4WKROXS5U1HP.jpg,tortilla - plain,all,-0.479722772929169
../foodsg-233\bak chor mee\ODQSEJJZXLNFUX7F4QHO6ZSQ.jpg,bak chor mee,all,-0.479722715568673
../foodsg-233\roti john\GHEZOEB49SBQE3XE67E8M2ZV.jpg,roti john,all,-0.4797129770978669
../foodsg-233\Nuts\GBYRX0Q78291GIZA1SDLARWT.jpg,Nuts,all,-0.47971175028685936
"../foodsg-233\Pilaf, pea\F2JUY0QA4Y1GKZX6Y3EBUQGU.jpg","Pilaf, pea",all,-0.4797085601569494
../foodsg-233\biscuit\VNPQXX2SCZU22FNGD23B6XHE.jpg,biscuit,all,-0.4796977685988068
../foodsg-233\dumpling\DXTCZ2Q7BDCGXBXOIKTBRZGU.jpg,dumpling,all,-0.479694855852591
../foodsg-233\biscuit\KV5KHM4F4TCWNKRIVMQYVWQ3.jpg,biscuit,all,-0.47969460487688764
../foodsg-233\biscuit\XC8RKN6PK3WB9Q4PQV3RT7ZM.jpg,biscuit,all,-0.47969214843466945
../foodsg-233\waffle\0N21KMOBGRR0MMIXXYN1VXAD.jpg,waffle,all,-0.4796916057593361
"../foodsg-233\Rice, korean bulgogi beef\LVZYCAQXHNWDUN0H4F7V9JJJ.jpg","Rice, korean bulgogi beef",all,-0.4796858672704529
../foodsg-233\bak kwa\HYQ2KQUCNT3OOVT2I4TQ3M0Y.jpg,bak kwa,all,-0.4796851353968795
../foodsg-233\chicken rice\5FQ8FHM24JPWOI5NHPC3XEA1.jpg,chicken rice,all,-0.47968205518300766
../foodsg-233\Snacks and Chips\3HM9UEWCKJ7MOXKR52LMUAD2.jpg,Snacks and Chips,all,-0.4796768694713221
../foodsg-233\rice dumpling\7G6CCY3CEECG7RENXP347E8P.jpg,rice dumpling,all,-0.4796654947886146
../foodsg-233\Indian Prata\UI7Z9JD4ZKZPG3XG4IY114KJ.jpg,Indian Prata,all,-0.4796599188588929
../foodsg-233\mee pok\LZ717YAW3COK72BRIG2CA6R2.jpg,mee pok,all,-0.4796544225321258
../foodsg-233\waffle\MODMF4SR6Z4N7DRH1HJ1JSS7.jpg,waffle,all,-0.479651132980716
../foodsg-233\kueh lapis - rainbow\KK6OEVGLB7FZYKOLX0VKDPZZ.jpg,kueh lapis - rainbow,all,-0.4796398309615081
../foodsg-233\steamed buns\OP6RCRMZXX0OJAWBC2A6HVN6.jpg,steamed buns,all,-0.47963519041844205
../foodsg-233\breakfast cereal\D90F54M3PP4PZ8AMAKAMDD1V.jpg,breakfast cereal,all,-0.4796339549217408
../foodsg-233\gulai daun ubi\NF7S58MCPIQIGCD19E2QUUDK.jpg,gulai daun ubi,all,-0.4796335891959881
../foodsg-233\assam pedas\C2M8NELWOBNPOCHMO51Z9EQ8.jpg,assam pedas,all,-0.47963204358209555
../foodsg-233\cream soup\UHCHC0KGH0Q66EN2ALZ899LJ.jpg,cream soup,all,-0.47961839559497343
../foodsg-233\vadai\64UOOGCFVPF0EIJ5RH971ZC5.jpg,vadai,all,-0.4796172070916989
../foodsg-233\sirloin steak\1TSO1ZXNB31TA4YSS30EFFUM.jpg,sirloin steak,all,-0.47961452959275513
../foodsg-233\chicken rice\1O40K0H1S3HI8X82K3Q49CSH.jpg,chicken rice,all,-0.47961249778200143
../foodsg-233\tutu kueh\QLZ5EZ1K994MESCNUPBJLBOZ.jpg,tutu kueh,all,-0.4796097037854979
../foodsg-233\seaweed snack\8VCRU237L6OQ0NDQHTAUBBOJ.jpg,seaweed snack,all,-0.4796010280346743
../foodsg-233\dumpling\1BID85S3NFLB73QIVLSU2ZHQ.jpg,dumpling,all,-0.4796009873275189
../foodsg-233\chai tow kuay\CJXSD4G25V5DG8NGNTV3S5QU.jpg,chai tow kuay,all,-0.4795998833321861
../foodsg-233\Tauhu Goreng\OCQJFN8KQGCDFATQ8LRLTQU2.jpg,Tauhu Goreng,all,-0.47959302147494076
../foodsg-233\ice kacang\ID8GM9QC02K9504WJ9546XR7.jpg,ice kacang,all,-0.47958624364002844
../foodsg-233\bak kwa\D7WQ3WVBER8YEVFXGXK2W6OK.jpg,bak kwa,all,-0.47958417104186296
../foodsg-233\char siew pau\QAUEZJ9KS17OUWD5I6X4BBBW.jpg,char siew pau,all,-0.47958326960196423
../foodsg-233\drunken prawn\XV7YASINB8LJN58LYY4PBDIL.jpg,drunken prawn,all,-0.4795806529998238
"../foodsg-233\Mee siam, fried\47N582H4ZNPQ1O6YTDZFZHDI.jpg","Mee siam, fried",all,-0.47957351725292896
../foodsg-233\meatball\5OK5BO0KLNUIP3BV6CXOH34N.jpg,meatball,all,-0.47957322917895123
../foodsg-233\Fish Ball Noodles\AJBF5OQPEY3SMG6IDA6374AQ.jpg,Fish Ball Noodles,all,-0.47955630963285567
../foodsg-233\waffle\E1O9MSQ47HLRTJVSS2FRHGUS.jpg,waffle,all,-0.4795535102034365
../foodsg-233\Dumpling noodle soup\6WPU5Q4ZAUPQSRBIPG9L6TQQ.jpg,Dumpling noodle soup,all,-0.47955140455543255
../foodsg-233\Chocolate\GHICYJL68BIATN04G5BXFCLS.jpg,Chocolate,all,-0.4795324768114185
../foodsg-233\mixed grills\J4CC769EHS7N6W5OV5ALP9V6.jpg,mixed grills,all,-0.4795311993692387
../foodsg-233\Nuts\JK61U093TLGMVRQPS94TQD1X.jpg,Nuts,all,-0.47952045858891806
../foodsg-233\Indian Prata\9I1H75GM36V9335JVYUVMV5O.jpg,Indian Prata,all,-0.47951458377266853
"../foodsg-233\Pilaf, pea\BMHMGQUCYR6N65RGVLS0805Z.jpg","Pilaf, pea",all,-0.4795070013878995
../foodsg-233\Mee rebus\9C026ZU90OLBFVDK14X50Z9A.jpg,Mee rebus,all,-0.479505030019811
../foodsg-233\biscuit\JV0S431NRFS9Q81ME51VAW0F.jpg,biscuit,all,-0.4795046660728242
../foodsg-233\yam rice\L45DW2QY3GT609ROIBCOWY4W.jpg,yam rice,all,-0.4794980370072995
../foodsg-233\mee pok\7AAQN3KQBY477I783QCSHDLE.jpg,mee pok,all,-0.47948743957788065
../foodsg-233\Nuts\AV692F24R2FINK2N2JXE3TE7.jpg,Nuts,all,-0.47948328880428925
../foodsg-233\Snacks and Chips\EZSRECY8YNG4QGN2JY77LYWF.jpg,Snacks and Chips,all,-0.47948247879991046
../foodsg-233\char siew\EM0LYETBLQ1GBB3YEHTWWHWO.jpg,char siew,all,-0.47946896151977286
../foodsg-233\Chocolate\G5W97IKVL4523P6GI6FE7U9O.jpg,Chocolate,all,-0.4794671810700793
../foodsg-233\biscuit\O3DR57BWUG8J7AYLRY7MIWIX.jpg,biscuit,all,-0.47946218257697854
"../foodsg-233\Chap chye, Nonya\Y2K8OHK0ZOF89NM71HLNIAI0.jpg","Chap chye, Nonya",all,-0.4794566857621086
../foodsg-233\CNY love letter\62ET767N7OVY4P9L8XSVA3V2.jpg,CNY love letter,all,-0.479454227828775
../foodsg-233\Macaroni\K9N6LSQB36VD5ET68YD4OVMW.jpg,Macaroni,all,-0.4794533061463694
../foodsg-233\Snacks and Chips\JFUD1ZQ6PPWL8T4O9LO9YRL8.jpg,Snacks and Chips,all,-0.4794519188879516
../foodsg-233\sushi\POHEM20TLSLCKCSB9UFRXB1R.jpg,sushi,all,-0.47944823056752855
../foodsg-233\Bibimbap\P48TPOKNZWY7RWGJXL36RNTY.jpg,Bibimbap,all,-0.4794402127613486
"../foodsg-233\Rice, chicken katsu with Japanese curry\BUISZBCRBAKXWD8UWCHWQFRA.jpg","Rice, chicken katsu with Japanese curry",all,-0.4794351325749189
../foodsg-233\bak chor mee\A8TL43IIRFAHKV2FZY64APDQ.jpg,bak chor mee,all,-0.47943466236143417
../foodsg-233\fried fish\K7DJWDUIKLAZ4E59QG9L82A8.jpg,fried fish,all,-0.4794338799489016
../foodsg-233\cheese fries\PUZCTSYRFJ7HYAE39ZXAVNI0.jpg,cheese fries,all,-0.4794337864808224
../foodsg-233\paella seafood\9FFWOUVT479L8C727ZFZU872.jpg,paella seafood,all,-0.47943263290597404
../foodsg-233\tumpeng\DAG8SPJCFL7WRPQ2FTV16S71.jpg,tumpeng,all,-0.47941886610788004
../foodsg-233\Bibimbap\LCPCJUD3UZV66YQPU2SY5AUH.jpg,Bibimbap,all,-0.47941372782258146
../foodsg-233\waffle\HQBHHSIT7WE5ZTMOQ02HNKNU.jpg,waffle,all,-0.47941270336906455
../foodsg-233\ice kacang\9GNQM60X266VL20QCQ7GBO9M.jpg,ice kacang,all,-0.4794115581701608
../foodsg-233\fried chicken\DQLUGGNDFAGFGQ9H8C4DYOAM.jpg,fried chicken,all,-0.4794106173224111
../foodsg-233\Udon\E7M5O5GWRI8N06Y722LTT6SS.jpg,Udon,all,-0.47940548828134805
../foodsg-233\buckwheat\U88WXW9JD2NRF5QL9WT9ZT9D.jpg,buckwheat,all,-0.47938984267619755
../foodsg-233\yuseng\J8JQPUC9LLAO6DK9MXK8NX4O.jpg,yuseng,all,-0.47937629914930224
../foodsg-233\mixed grills\TPBQASDF6VCZHGIK68IP6JTZ.jpg,mixed grills,all,-0.4793751389948876
../foodsg-233\har cheong gai\B2XXQQPIT1VKYK42TWOLXY4U.jpg,har cheong gai,all,-0.47937343675697247
../foodsg-233\chai tow kuay\OHH5M21ROUABH4BV1CBKAXCH.jpg,chai tow kuay,all,-0.4793730174348434
../foodsg-233\bak kut teh\N9IVSYBVXMDSATIH83Z7IIDZ.jpg,bak kut teh,all,-0.4793716937493436
../foodsg-233\Bibimbap\5AYB58OZRHBGCERWWCBLH4AS.jpg,Bibimbap,all,-0.4793639525506898
../foodsg-233\steamed grouper\RRP3962QAWXFFGYI8PPSFE4M.jpg,steamed grouper,all,-0.4793595960569865
../foodsg-233\Udon\SHPGQ2R94GAC69T73CVU4OWO.jpg,Udon,all,-0.47935266967720636
../foodsg-233\chicken rice\OCHS2OHY0W49HN362TH8H67Q.jpg,chicken rice,all,-0.4793461986206526
../foodsg-233\Pung Kueh\9XP0C6UE0WDGOGYNF32NVSHJ.jpg,Pung Kueh,all,-0.47933928869186315
../foodsg-233\black pepper crab\RUX6KX80BIM0O3IE8L1NGH6O.jpg,black pepper crab,all,-0.47933883897620255
../foodsg-233\Tauhu Goreng\58AVFHGIQ3YQZS0B14T2UT21.jpg,Tauhu Goreng,all,-0.4793362359419623
../foodsg-233\cream soup\3SYJ3RPXJOGW8Y3CCHDZL3NV.jpg,cream soup,all,-0.47933241181211234
../foodsg-233\mixed grills\H5U47QDBSX6OV3CW5S0021CJ.jpg,mixed grills,all,-0.4793305979086598
../foodsg-233\satay bee hoon\IQJV2OAS1TGXQILM497XR9LV.jpg,satay bee hoon,all,-0.4793214814347842
../foodsg-233\whole oats\S0N29LA6CWM488D248WXW8YL.jpg,whole oats,all,-0.4793205579951271
"../foodsg-233\Bee hoon, soto\ENYAL39T7TUCY5M76R2R62RU.jpg","Bee hoon, soto",all,-0.4793168054206866
../foodsg-233\Fish Ball Noodles\CZ21XYPSGUZ3Q66OCLRIBFFL.jpg,Fish Ball Noodles,all,-0.47931551303449244
../foodsg-233\nasi lemak\0FAF6J44HXI1PCSPIQI1RVZN.jpg,nasi lemak,all,-0.479315403938291
../foodsg-233\steamed grouper\HC5N3OK5T96QH6DTZBLQLR37.jpg,steamed grouper,all,-0.4793147865387077
../foodsg-233\biscuit\KQN9B25ZOO5RY0VS2YFQ5ZHA.jpg,biscuit,all,-0.47931247059789645
../foodsg-233\seaweed snack\LZGOCT8FDB2LISSYPZMA7M3A.jpg,seaweed snack,all,-0.47931113063496145
../foodsg-233\biscuit\XTKYW9CLJWEDRQQNOCNRUXGM.jpg,biscuit,all,-0.47930542863923975
../foodsg-233\Indian Pancake\YSINI62Z5ALDSUOPBZ0KIB4U.jpg,Indian Pancake,all,-0.47930456438848673
../foodsg-233\chin chow drink\IM6IXO1WHXJGWC1VPECMNTZV.jpg,chin chow drink,all,-0.4793004327293547
../foodsg-233\bak kut teh\TSX4U9OYUUM8AJJ0S4IN396H.jpg,bak kut teh,all,-0.4792960533041398
../foodsg-233\chicken chop\L034C2HLQMWBPDEULJDC5YR2.jpg,chicken chop,all,-0.47929357907510406
../foodsg-233\Udon\NTWUZN9MAMJ6LGI64LKMRME1.jpg,Udon,all,-0.47928974449415446
../foodsg-233\Peanut Pancake\M39O4ITLZ2GEGPA26G8PN3Z1.jpg,Peanut Pancake,all,-0.47928958295661145
"../foodsg-233\Wanton mee, dry\7IHUNMT02ENFC2KEJ4SX07CE.jpg","Wanton mee, dry",all,-0.4792889415180702
../foodsg-233\bak chor mee\YGH5B1BM7WWKCD63MLEQ36JL.jpg,bak chor mee,all,-0.479288078397484
../foodsg-233\bak chor mee\VEIXRWRA9XURDQJ83XDCD95J.jpg,bak chor mee,all,-0.4792809790912304
../foodsg-233\kueh lapis - rainbow\0HWYCHTGECSUV0RMO24QWSHM.jpg,kueh lapis - rainbow,all,-0.4792801300338832
../foodsg-233\sliced fish soup\7F387Q1UAN1J8VEC3IBQTG27.jpg,sliced fish soup,all,-0.47927979895327577
../foodsg-233\CNY love letter\1CVZ66IITL2DFJ49BR9ABQ1Y.jpg,CNY love letter,all,-0.4792730024965567
../foodsg-233\sirloin steak\AXW1SHY9MOBQGC1DP5U0DC7M.jpg,sirloin steak,all,-0.479261640151022
../foodsg-233\wholegrain pasta\LO5H5IVF20RWP25JFKMEMPVL.jpg,wholegrain pasta,all,-0.4792401868105748
../foodsg-233\seaweed snack\Z7S95Q4CELV4SL18OMPP3NTF.jpg,seaweed snack,all,-0.4792392721457985
../foodsg-233\nasi lemak\IPQ8IHJY7LPD0SZW4GRHU8ME.jpg,nasi lemak,all,-0.4792381395327566
"../foodsg-233\Wanton mee, dry\MB25JUM2MV2ITACSSWM5VDV8.jpg","Wanton mee, dry",all,-0.47923408576033033
../foodsg-233\fried prawn\8MMTBCYWEQG8B6721B5W8Y4N.jpg,fried prawn,all,-0.47923097313830126
"../foodsg-233\Rice, korean bulgogi beef\CKYRMPWEAVIODZ9LHO6Y4E1R.jpg","Rice, korean bulgogi beef",all,-0.47922121718993177
../foodsg-233\lasagna\7022KKL8A7WWIX7OALYJJFXH.jpg,lasagna,all,-0.4792087559973374
../foodsg-233\Sweets\QY6SRYEOGA54IP3RK6ASN6QL.jpg,Sweets,all,-0.4792079965815451
../foodsg-233\chai tow kuay\NBFJN3D72FOQK760XBXRFF3X.jpg,chai tow kuay,all,-0.4792037351386708
../foodsg-233\roti john\EQT50X2Y1ID155I521VQMSF2.jpg,roti john,all,-0.47919979271198904
../foodsg-233\cheese fries\R6ZNH11MD6NWI448V0266F4R.jpg,cheese fries,all,-0.4791970443340907
../foodsg-233\sambal\FJSMJID0Q0JII9WSBL8NCOM7.jpg,sambal,all,-0.4791913537628201
../foodsg-233\Prawn Noodle\T8AK6YYI4L4WQQPCSWEVKS1Y.jpg,Prawn Noodle,all,-0.47916031039593865
../foodsg-233\Prawn Noodle\JA6J0LB1ODS660MQLPTL3QXF.jpg,Prawn Noodle,all,-0.4791596661846669
../foodsg-233\biscuit\JOM2FQSI02UEN8FOCAH0QWNR.jpg,biscuit,all,-0.4791574914238864
../foodsg-233\cream soup\PB0Y22WWVQMXV6B3SNRU22I8.jpg,cream soup,all,-0.4791484875733239
../foodsg-233\tacos and nachos\LNF2KDOEC85C94EW56WOOOHC.jpg,tacos and nachos,all,-0.47914685976145494
../foodsg-233\chicken rice\OSRLSMI3QL8RZ177MLNTZDHH.jpg,chicken rice,all,-0.479126317682609
../foodsg-233\fried chicken\PCOC62SFNY36WE1Q3SKHGK7J.jpg,fried chicken,all,-0.47911376862119764
../foodsg-233\Chocolate\L5F8F06QN6J1EPLUKCMX58KO.jpg,Chocolate,all,-0.47910860913683684
../foodsg-233\oyster omelette\IC9NES3N44A57KDHYI59LF36.jpg,oyster omelette,all,-0.4791068842758003
../foodsg-233\sausage rolls\VLA9HNZYA6FOFY3PGV3OQXH3.jpg,sausage rolls,all,-0.47909486423516856
"../foodsg-233\Rice, korean bulgogi beef\B063MJR0UALC8CKJAO95ILWK.jpg","Rice, korean bulgogi beef",all,-0.4790931588435829
../foodsg-233\biscuit\6K3N0EZYPY4YFZPOO4AMVK2O.jpg,biscuit,all,-0.47909258035169683
../foodsg-233\Udon\0E0HPGMWJHFWDZQBBH7FK7UJ.jpg,Udon,all,-0.4790802853916802
../foodsg-233\vegetarian bee hoon\OS8CSR68O7VKUZX3OPKNHDZZ.jpg,vegetarian bee hoon,all,-0.47907688222102474
../foodsg-233\pasta - red sauce\LNX7H40OX4WE13KFGF7UJYDI.jpg,pasta - red sauce,all,-0.47906503507715786
../foodsg-233\Ban Mian\WKG9OVXL1JWDAPERWBCJ33YI.jpg,Ban Mian,all,-0.47906447392168766
../foodsg-233\Prawn Noodle\T61ELZ4CSW7YDFLCBD6FH9TN.jpg,Prawn Noodle,all,-0.479061776327728
../foodsg-233\Chocolate\SUCGDJYFEA6HSRS2NILBNWZ0.jpg,Chocolate,all,-0.4790532808347827
"../foodsg-233\Don, chicken teriyaki\GSPS6UDXX7EFFM6EFPQP750Q.jpg","Don, chicken teriyaki",all,-0.47904017460314025
../foodsg-233\kueh lapis - rainbow\NYIOFHN3S1T2W9ELXBU2KT19.jpg,kueh lapis - rainbow,all,-0.47903851681034415
../foodsg-233\chicken rice\1SCXJ06D95TJLZL77GXMZQ08.jpg,chicken rice,all,-0.4790365609378291
../foodsg-233\waffle\MILLZZ2V2O6SD7IMDWMEVG6Z.jpg,waffle,all,-0.4790360535828072
../foodsg-233\mixed grills\1UXY64LEM1FAIKY5PKOTOC8M.jpg,mixed grills,all,-0.4790245487879335
../foodsg-233\kueh lapis - rainbow\X9BS6OR99559FDYDL07W7C2Y.jpg,kueh lapis - rainbow,all,-0.47902335942734947
../foodsg-233\kueh lapis - rainbow\R728LCGO9M3IFV4YPL0KJLM4.jpg,kueh lapis - rainbow,all,-0.47902183499692064
../foodsg-233\beef noodle soup\FN6ACYJHQCXM61ND5O3E2UPG.jpg,beef noodle soup,all,-0.479019409523384
../foodsg-233\fish head curry\6WVW3U8GOZJ0JKSVC8QO4APC.jpg,fish head curry,all,-0.479016930602159
../foodsg-233\Fish Ball Noodles\RE82VVT9NKDL8CRL16JH8MPG.jpg,Fish Ball Noodles,all,-0.4790163693895166
../foodsg-233\steamed grouper\984UX6KKGMG1Q8H7LZH9B6AU.jpg,steamed grouper,all,-0.4790077288863819
../foodsg-233\fried chicken\WOIVK52JR04VHT93JBAAWEDA.jpg,fried chicken,all,-0.4790055824153561
../foodsg-233\vadai\IJN3LVHZZRIRGKO21XS627I7.jpg,vadai,all,-0.4790044482366854
../foodsg-233\tacos and nachos\2OHJ3K456XW7GLA044QAHOLJ.jpg,tacos and nachos,all,-0.4790015232527156
../foodsg-233\har cheong gai\BA8W7BAE93WNNF3V0AMV3UXC.jpg,har cheong gai,all,-0.4790013265733122
../foodsg-233\tacos and nachos\8GEPHEZJ2U94SYHKKKNTGLGD.jpg,tacos and nachos,all,-0.4789940621426957
../foodsg-233\Macaroni\75Q5M0P02LWXKT9CKWLV1HJT.jpg,Macaroni,all,-0.4789910313323872
../foodsg-233\fried fish\I1PYE1RXDPSBCG2QXZ4RYHW0.jpg,fried fish,all,-0.4789893088265743
../foodsg-233\Snacks and Chips\R046XGUZ189LL97H6SJNMP7V.jpg,Snacks and Chips,all,-0.47898825644795856
../foodsg-233\yogurt\FRINS5GBYKUIMMOBA3DKP4YE.jpg,yogurt,all,-0.4789738657616395
../foodsg-233\chai tow kuay\16LTOEHIYV6WU81QTPOO064X.jpg,chai tow kuay,all,-0.47897270615541726
../foodsg-233\lasagna\TBXVLSS3M8UCHH87FH3B8DK8.jpg,lasagna,all,-0.478967372942839
../foodsg-233\waffle\KRS7BP4C3ARBN67UVVK91CUX.jpg,waffle,all,-0.47896205867704156
../foodsg-233\Snacks and Chips\A32631S9U06X9IGUXD0NWL0R.jpg,Snacks and Chips,all,-0.47895935085463937
../foodsg-233\steamed grouper\1HO3ZTMVXEQVDXWQCLTKXT6V.jpg,steamed grouper,all,-0.47895500216247905
../foodsg-233\fried fish\8WX8LVOF8USDK7FXO54XJIUO.jpg,fried fish,all,-0.47894976512586385
../foodsg-233\drunken prawn\7QKGVK1PQ4F2N3NBDP6U4SET.jpg,drunken prawn,all,-0.47894845752646903
../foodsg-233\Chocolate\F9OQW79O2FTR5Y2EG1YNVEO8.jpg,Chocolate,all,-0.4789477209704389
"../foodsg-233\Bee hoon, soto\9YH9ZE13FZYEHPMJ4W5FVL9J.jpg","Bee hoon, soto",all,-0.4789435070699392
../foodsg-233\vadai\82Z2MJGLFWK8IQ8UIIM295FD.jpg,vadai,all,-0.47893162799663597
../foodsg-233\Snacks and Chips\PSPUJDZXVYYM1A1Z1CM4URJT.jpg,Snacks and Chips,all,-0.4789262005945523
../foodsg-233\steamed grouper\MV58HZHL0KUISVYXMF76EQVM.jpg,steamed grouper,all,-0.4789127994339214
../foodsg-233\wholegrain pasta\7E1BPUVU9BZHM6EZSKEOADVL.jpg,wholegrain pasta,all,-0.47891115069930684
../foodsg-233\waffle\1CMIMSZS1QJQIBWZR9D97Z1R.jpg,waffle,all,-0.47890171187000574
../foodsg-233\chicken chop\ALX9XKAYCDVXS6D5SORSWCQV.jpg,chicken chop,all,-0.4789001300393687
../foodsg-233\waffle\V0O9QMN4C9592ORK4JRYC8ZG.jpg,waffle,all,-0.47889762839130867
../foodsg-233\Nasi pattaya\VHYWMEVMU2LMZDNP9DGMB1IZ.jpg,Nasi pattaya,all,-0.4788956603066991
../foodsg-233\murtabak\WK3ZT9N5T4LKJ56NHQ07AJZX.jpg,murtabak,all,-0.4788944147469519
../foodsg-233\Laksa\1WLQ1KM2C3NXVB4B83M7T1V4.jpg,Laksa,all,-0.47888429865547555
../foodsg-233\CNY love letter\Y3IXHXM2KUDXELD07E4E2FYH.jpg,CNY love letter,all,-0.4788836544349427
../foodsg-233\black pepper crab\S3E6K2C71ET5KIZU94VDW8QO.jpg,black pepper crab,all,-0.47888140772278337
"../foodsg-233\Pilaf, pea\7Y7MI2KVOC216RSMBIB7RSXE.jpg","Pilaf, pea",all,-0.47887786969644686
../foodsg-233\Udon\9MVJQUS12C2YLP9ZYVC5HEKB.jpg,Udon,all,-0.4788656896936124
../foodsg-233\cream soup\WS217HI8AT7UIROQPFO3XORU.jpg,cream soup,all,-0.4788591793295755
"../foodsg-233\Bee hoon, soto\TXQNZO9CDF2UFC2YZIC80IRF.jpg","Bee hoon, soto",all,-0.4788582019919257
../foodsg-233\ice kacang\BDL8YK3CI2OV88AK31RYJXB4.jpg,ice kacang,all,-0.47885127760829305
../foodsg-233\gulai daun ubi\MEEUN47F8SZOEV7QXHWEI864.jpg,gulai daun ubi,all,-0.4788470250270036
../foodsg-233\pasta - red sauce\O8LAEMCWRN60T8DS4EB46Y2M.jpg,pasta - red sauce,all,-0.47884260149127694
../foodsg-233\pineapple tarts\HE21NKI2A1ZF6LQJUKA8U30F.jpg,pineapple tarts,all,-0.47884176947518137
../foodsg-233\bak kwa\WS694YFI87GGEEQVX9AI5383.jpg,bak kwa,all,-0.47883971720278923
../foodsg-233\chicken chop\OGPIN1DNYD800S6QSBURQVKT.jpg,chicken chop,all,-0.4788179416494723
../foodsg-233\CNY love letter\2L83XSNKBZ1A89K3X1CMKDYZ.jpg,CNY love letter,all,-0.4787980105285428
../foodsg-233\Chocolate\W1Z1QNPVT2ILVOGNO340BTJ0.jpg,Chocolate,all,-0.4787932354371975
../foodsg-233\beef noodle soup\I6JR3EFVHL8AOUZAPF6IN8LX.jpg,beef noodle soup,all,-0.4787853688414106
../foodsg-233\cream soup\OB2O5HL4VR3G6ET5BHZWY26Q.jpg,cream soup,all,-0.47877228181789405
../foodsg-233\Chocolate\82EV5ER7LCQOHTZD3HOB813O.jpg,Chocolate,all,-0.478770654072934
../foodsg-233\Snacks and Chips\Z6XHENZCDPFYRWI8CU1LO49J.jpg,Snacks and Chips,all,-0.47876604794231203
../foodsg-233\biscuit\YOS92A4E4VA7WD8WIVPEW8HZ.jpg,biscuit,all,-0.4787579084823043
../foodsg-233\Macaroni\PTXNHI53F4D91COHJRL8CM51.jpg,Macaroni,all,-0.4787555241336354
../foodsg-233\sirloin steak\090DNVV4EHG7FTFCHQ0PXZKR.jpg,sirloin steak,all,-0.4787524087222805
../foodsg-233\Indian Pancake\1SAUPUEZ0F24D0QSAATOAYDE.jpg,Indian Pancake,all,-0.4787482986809901
../foodsg-233\Macaroni\H5F02YKIHNNANKQ7B7UI1L0K.jpg,Macaroni,all,-0.4787423128524139
../foodsg-233\sirloin steak\VQQPKTC6GLMNXVWJN6ZNTZJI.jpg,sirloin steak,all,-0.4787391201363054
"../foodsg-233\Bee hoon, soto\QBXEDH7OQULHDWNCCZGO1R21.jpg","Bee hoon, soto",all,-0.47873854007691163
../foodsg-233\mixed grills\6MZER534D34OKQRL7Y3VZKEN.jpg,mixed grills,all,-0.478734073612082
"../foodsg-233\Wanton mee, dry\BTKIR46D8ZRJGZ9GW0F9EGA3.jpg","Wanton mee, dry",all,-0.47873065744076926
../foodsg-233\yong tau foo\NY5RFN56PLGP0XYXZTE9BZD0.jpg,yong tau foo,all,-0.47872329949639675
../foodsg-233\Fish Ball Noodles\CSU90QNN2N40ZTZCMXOF45H2.jpg,Fish Ball Noodles,all,-0.47872043968042854
../foodsg-233\Hor Fun\OE2N314HDSDKJ4OVQLOLG9K2.jpg,Hor Fun,all,-0.4787091467771975
../foodsg-233\sambal stingray\PKIMETC4RFG0JDL2PVEO0BUZ.jpg,sambal stingray,all,-0.47870243106176646
../foodsg-233\Mee goreng\JLQCC5ANBF5TV6CL7EW02W3K.jpg,Mee goreng,all,-0.4786997201849622
../foodsg-233\Sweets\EYGZPFU22LXV97LNKDPS1CAP.jpg,Sweets,all,-0.4786990220934225
../foodsg-233\goreng pisang\8HX2S6PSA5C6IBMJ4G34SIHE.jpg,goreng pisang,all,-0.4786858148690152
../foodsg-233\baked beans\BPK1YP4MGYMAAV9ROPIENALL.jpg,baked beans,all,-0.47868024851365865
../foodsg-233\sliced fish soup\A7XUP8FNT58VMV039RBS0UTE.jpg,sliced fish soup,all,-0.4786785445227847
../foodsg-233\chicken rice\49KS0ONPB5555BFJNRDV144A.jpg,chicken rice,all,-0.47867544659019123
../foodsg-233\tandoori chicken\WZGL1BW5JDI2ACERVZO6J6HV.jpg,tandoori chicken,all,-0.4786669603223936
../foodsg-233\bagel & croissant\R5NE49ZJTKUWO3UUPHBUO4CJ.jpg,bagel & croissant,all,-0.4786666233686279
../foodsg-233\sushi\LE5JY2511IJYXXT3ZSYAQHAI.jpg,sushi,all,-0.47866559285543836
../foodsg-233\Duck Rice\Z8J160FX73F0NANYPQAXOEXR.jpg,Duck Rice,all,-0.47866033571534117
"../foodsg-233\Rice, chicken katsu with Japanese curry\OEADXQECHGUF8EOIJBIQM0YY.jpg","Rice, chicken katsu with Japanese curry",all,-0.47865851180682967
"../foodsg-233\Don, unagi\1H2JT0HXXQE1GJGAWQ0LAFIB.jpg","Don, unagi",all,-0.4786429678042815
"../foodsg-233\Don, unagi\OBJ7E6ZRKZW3WGATEVZM4OKP.jpg","Don, unagi",all,-0.4786392988576366
../foodsg-233\CNY love letter\M0RDV2IZG5G2CIAEFA6CC6ZS.jpg,CNY love letter,all,-0.4786335594689647
../foodsg-233\Seafood Noodles Soup\37PI7D2ZY0QGV6V6IGRECPQ3.jpg,Seafood Noodles Soup,all,-0.47863284050131527
../foodsg-233\Chocolate\SESE3CO99ISM50O3HOW0CBVV.jpg,Chocolate,all,-0.4786323754113524
../foodsg-233\Chocolate\6G9NZBKJLOW1INQP3BZBVO74.jpg,Chocolate,all,-0.4786255929963959
../foodsg-233\biscuit\SQP2QTXV3Y08NTNNMXM81INZ.jpg,biscuit,all,-0.47862550101738077
../foodsg-233\Indian Prata\53IFRHDZ9WWX469Z9DH95RIU.jpg,Indian Prata,all,-0.47861441887263473
../foodsg-233\pasta - red sauce\59ZQVCWPED4HGI1ELKBSL9E7.jpg,pasta - red sauce,all,-0.4786135939266733
"../foodsg-233\Pilaf, pea\2KT2ZSU2WYDM4348DGUYOB7T.jpg","Pilaf, pea",all,-0.478609457556355
../foodsg-233\Sweets\01B80AVUMH1D4O8PHHG5EGYX.jpg,Sweets,all,-0.4786076933104944
../foodsg-233\Soto ayam\2C2U5ELWKS01KSBFF4VJNUX3.jpg,Soto ayam,all,-0.47860756652307707
../foodsg-233\nasi lemak\MCFY4AK14GRP0MQDUSNKL1RQ.jpg,nasi lemak,all,-0.47860720543836077
../foodsg-233\bak chor mee\ENNEXZOEBVRI1ZEDJMLGHX33.jpg,bak chor mee,all,-0.4786060223201813
../foodsg-233\sandwich\6RT1KSTBBLJJ7CEFPPX9P6H8.jpg,sandwich,all,-0.478601224360202
../foodsg-233\Dumpling noodle soup\26V631SRPL4OE7BK23RRND65.jpg,Dumpling noodle soup,all,-0.4785932047228894
../foodsg-233\roti john\0M8ILEJ47TZTZLUIBML10UGU.jpg,roti john,all,-0.47859199541320074
../foodsg-233\steamed grouper\M3B2BI5IPQ1NT0T2VQNA5SPQ.jpg,steamed grouper,all,-0.4785865223524534
../foodsg-233\sambal\V8U0H12IZIPXMJXUJB25V48O.jpg,sambal,all,-0.4785862407189013
../foodsg-233\Chocolate\DMCYPIXJU51FLSHCHD5N91QI.jpg,Chocolate,all,-0.47857324056047146
../foodsg-233\buckwheat\ZP94SSPAJ951UZWTZPOWN8DI.jpg,buckwheat,all,-0.47857273927186395
../foodsg-233\sambal\YDAUL8EUM588GYDSL5AGS0YO.jpg,sambal,all,-0.47857262796231437
../foodsg-233\kueh lapis - rainbow\PN39AMM99LL7Z8BIEFTTN8PL.jpg,kueh lapis - rainbow,all,-0.4785688019700465
../foodsg-233\Chocolate\KIPRLYBHL7KUUO3UDRKDU2E0.jpg,Chocolate,all,-0.47854441787078994
../foodsg-233\hotplate tofu\BB1P1T3YNRZRWPJFJ6UMACN2.jpg,hotplate tofu,all,-0.4785429271630461
../foodsg-233\Macaroni\NQYDYNLO7Q61992QQY2A9UIB.jpg,Macaroni,all,-0.47854007741564863
../foodsg-233\fish head curry\KTQMHB0EFP909ERQ0S7M1BY8.jpg,fish head curry,all,-0.47853695195022317
../foodsg-233\Instant Cereal Drink\YOA9S25BOPJAA1O16UBFWZ14.jpg,Instant Cereal Drink,all,-0.47853517015799096
../foodsg-233\bagel & croissant\AUQK8HNU5HGZ2TCGPGC9BEZR.jpg,bagel & croissant,all,-0.47853406105480695
../foodsg-233\biscuit\DLWJTKHOMFNP82V29LT3DXXD.jpg,biscuit,all,-0.4785225922744173
../foodsg-233\tutu kueh\U4IBKMRUY1YRJCWY5Z9FMUW2.jpg,tutu kueh,all,-0.47851916481231915
../foodsg-233\kway chap\0NRL7SI1LSZ2KUM9Q0B43V83.jpg,kway chap,all,-0.4785174203366479
"../foodsg-233\Wanton mee, dry\60OZMW2V8VA13BUNYHCCLJE9.jpg","Wanton mee, dry",all,-0.4785103239459275
../foodsg-233\biscuit\RB4ELW2B2WY36IDZRYG3WRY8.jpg,biscuit,all,-0.4785065394435878
../foodsg-233\lontong\HMZNNUUDHOOKXJ5ECSGI1YU8.jpg,lontong,all,-0.4785049438788377
../foodsg-233\Laksa\HFRC2MAAVZOZ6R55IGUFUU52.jpg,Laksa,all,-0.4784981953819313
../foodsg-233\assam pedas\9YZNYW4Q8DQ9A3EMHFYUEPCW.jpg,assam pedas,all,-0.4784915000472183
../foodsg-233\Mee siam\F10W65NX77WP848ELKE59OO0.jpg,Mee siam,all,-0.4784911236220214
../foodsg-233\biscuit\F4RU9AG4EN2F35GFPCB9U55Z.jpg,biscuit,all,-0.478490776523433
../foodsg-233\Nasi Ambeng\TD3ROG0VA74AK0NIXO9H8132.jpg,Nasi Ambeng,all,-0.47848354254627407
../foodsg-233\bee hoon\BDH7N080NNSVEI7MC8NH6LUB.jpg,bee hoon,all,-0.478479660388888
../foodsg-233\chilli crab\OZ8YAG2WPOO4W7G55PHVLJ8L.jpg,chilli crab,all,-0.47847895371351334
../foodsg-233\miso soup\M72GTDRWLY9J35W42ROXUF6G.jpg,miso soup,all,-0.4784614747926841
../foodsg-233\miso soup\OY1D30OS4ZLQ2SVNTNXUHGA1.jpg,miso soup,all,-0.4784612634600441
../foodsg-233\nasi lemak\O543H4SJ43XEEIZH5YCTSSS5.jpg,nasi lemak,all,-0.47846123125596873
../foodsg-233\kueh lapis - rainbow\ONP6P1B3W6CN9I0EHZX9SXON.jpg,kueh lapis - rainbow,all,-0.4784514311016647
../foodsg-233\Barley\2C2RJ482PKU8IQK6HA8U1ONL.jpg,Barley,all,-0.4784396712363139
../foodsg-233\sirloin steak\9ZMKEG513JV7X8JV1K41HGLF.jpg,sirloin steak,all,-0.4784350658436986
../foodsg-233\Chocolate\U1J2D38QCYQR9BJZLQ8JAZE4.jpg,Chocolate,all,-0.4784320806113237
../foodsg-233\hotplate tofu\O7FKGNKEQK1GUPR7SJBCPNZI.jpg,hotplate tofu,all,-0.47841890195506953
../foodsg-233\mango pudding\9H8E15NB2G30FQERF12OIMX3.jpg,mango pudding,all,-0.47841263922275584
../foodsg-233\sandwich\F4IBBGIUS2W7MNF7LI39O7NL.jpg,sandwich,all,-0.478411564357517
"../foodsg-233\Wanton mee, dry\W927MX9R58UO8WNMG4LYOTJW.jpg","Wanton mee, dry",all,-0.47841087981905217
../foodsg-233\mixed grills\UQPXVKUNJA4YPVJXQDK177PU.jpg,mixed grills,all,-0.4784020473401839
../foodsg-233\Snacks and Chips\R6E7IAVRTZKV0YQA6R9DIJ43.jpg,Snacks and Chips,all,-0.4783988093757062
"../foodsg-233\Wanton mee, dry\5U9J3543X1704LRRNIK3JP14.jpg","Wanton mee, dry",all,-0.47839422609951926
../foodsg-233\sirloin steak\TR07X2949I33G9K0VGOOJ2JY.jpg,sirloin steak,all,-0.4783926776439542
../foodsg-233\chicken rice\GX9SMMX2QT17WM4ZU499CU7W.jpg,chicken rice,all,-0.47839152582024397
../foodsg-233\Snacks and Chips\I2BRJTTXUMWK55OMQOMND685.jpg,Snacks and Chips,all,-0.47838806591473276
../foodsg-233\fish head curry\12SDGP8ZHHSNUT9XL1SYY41P.jpg,fish head curry,all,-0.47838762263753315
../foodsg-233\Sweets\38DB6AB3J88GJ1XT8I9P5TIW.jpg,Sweets,all,-0.4783638297060917
../foodsg-233\Udon\TTNV27WOBCKHJXNOJ0JDED9T.jpg,Udon,all,-0.47835242295180014
../foodsg-233\dumpling\IUC29ZATOWE4P7OJQB6MRY9R.jpg,dumpling,all,-0.478350106050698
../foodsg-233\Mee goreng\CKIEA0IMS9RMAUSBMXV3U9RX.jpg,Mee goreng,all,-0.47834831309140724
../foodsg-233\Chocolate\RS29WSM8KXPYG0GBL1DONNQ8.jpg,Chocolate,all,-0.47834786647792515
../foodsg-233\yuseng\96VPP22Z88DYVA0I9WKAPOVX.jpg,yuseng,all,-0.4783429640382514
../foodsg-233\sushi\98AY6GJ6GDOILM8DTS772JR0.jpg,sushi,all,-0.47833789474687055
"../foodsg-233\Bee hoon, soto\W23CVUFCM28K57Q8T6YGUM3D.jpg","Bee hoon, soto",all,-0.4783294994765796
../foodsg-233\pasta - red sauce\D370OF5JZUZNCTTJ833VMB5T.jpg,pasta - red sauce,all,-0.47831931786789494
../foodsg-233\sandwich\D4IFQLW0E85LPDHBPBBFMCPO.jpg,sandwich,all,-0.47831518988095784
../foodsg-233\fried chicken\MFMC7RM2BIXT0PLE1WS60007.jpg,fried chicken,all,-0.47829784653105284
../foodsg-233\cheese fries\G6MEGFVFNZPEBOHHE03U6GG5.jpg,cheese fries,all,-0.4782938183044928
../foodsg-233\Snacks and Chips\ITJ1U07J4XWGZVLJHD7HNKE4.jpg,Snacks and Chips,all,-0.47828460657797045
../foodsg-233\otak\TQBZZ0CG5W5RC3FPPSRR4XB3.jpg,otak,all,-0.47827857512915795
../foodsg-233\chin chow drink\GV1HAMNBDN82WWW9KXPK9ZLI.jpg,chin chow drink,all,-0.47827594364288645
../foodsg-233\sirloin steak\VVMWWQ77U1OUTSI2TI3QUV3O.jpg,sirloin steak,all,-0.4782729341362644
../foodsg-233\biscuit\LL83006YA2DLRH9M0CNY4KS2.jpg,biscuit,all,-0.47826241275149245
../foodsg-233\Mee siam\PEY8L3P5O7IT1XY72SV9SOO5.jpg,Mee siam,all,-0.4782618652218982
../foodsg-233\bee hoon\RWMREKSM9519D9L9HUODP0Q8.jpg,bee hoon,all,-0.47826036517871334
../foodsg-233\char siew\0LR3ORMSVYI65WK7O8ZVUG4U.jpg,char siew,all,-0.4782470536223653
../foodsg-233\curry puff\840BNDY2S0ODLG0G84YTMIEX.jpg,curry puff,all,-0.47824350621862854
../foodsg-233\Chocolate\MPELQQR0Z9QMIZPXKFB4X50H.jpg,Chocolate,all,-0.47823303125653327
../foodsg-233\curry puff\3O5G1V2S9YXXVUMTBXM7V33A.jpg,curry puff,all,-0.4782258901801078
../foodsg-233\yong tau foo\1N3QAZBTRD3D5ZL7AD1MWR9G.jpg,yong tau foo,all,-0.4782251993797304
"../foodsg-233\Rice, korean bulgogi beef\W1PWCGUCID6N7AFMOFOE2AWV.jpg","Rice, korean bulgogi beef",all,-0.47822254709780304
../foodsg-233\curry puff\UL7F7GR48KO6Z0XJRE1UGKV9.jpg,curry puff,all,-0.47821770545698017
../foodsg-233\ngoh hiang\N59AVISG32VC0XTBL6Q5BG50.jpg,ngoh hiang,all,-0.47821162002451467
../foodsg-233\gulai daun ubi\R8C4HDO7WF5ZQSYX3SZTQ424.jpg,gulai daun ubi,all,-0.47820976206162347
../foodsg-233\Udon\4DTGCPZ2BI0503NY0H7PLRRY.jpg,Udon,all,-0.4782088416354667
../foodsg-233\pineapple tarts\XAH4C4PUL3P8PDYNR0BPY0UJ.jpg,pineapple tarts,all,-0.47820274152140196
../foodsg-233\seaweed snack\C80QJ95XT2PBASP7TIU0TZ2R.jpg,seaweed snack,all,-0.47820035823064677
../foodsg-233\sambal\ZG6XPNKNS5Q3R2LLBKD4957Y.jpg,sambal,all,-0.47818874286136737
"../foodsg-233\Don, chicken teriyaki\7E475LXU0DB2A5CGZ3728A8L.jpg","Don, chicken teriyaki",all,-0.47818854284425233
../foodsg-233\bak chor mee\PR9L7JIGUZC7W2GGJLGAF21O.jpg,bak chor mee,all,-0.4781878001575796
../foodsg-233\Lor mee\G84PJ4KCICAAV694EC76EQ35.jpg,Lor mee,all,-0.4781828560220735
"../foodsg-233\Bee hoon, soto\Z5JYCPCF3A0R5OT2AVT1PQHE.jpg","Bee hoon, soto",all,-0.47818270828277487
../foodsg-233\bee hoon\0IRLCL9F2Z0VBU44WDM74RTT.jpg,bee hoon,all,-0.4781810467242898
../foodsg-233\Fish Ball Noodles\VTZJWL1ZP6VLBC9TSLDNHJ8D.jpg,Fish Ball Noodles,all,-0.4781782933175822
../foodsg-233\bak kut teh\I3BIYVQZJ7RYODAXHN9SCU95.jpg,bak kut teh,all,-0.47817321963838394
../foodsg-233\Indian Prata\IE4OW5HUESUAOJOZJRZ7FAXP.jpg,Indian Prata,all,-0.478157123932378
../foodsg-233\sausage rolls\HZ9VB53INC1FHTPS5L2QAAD4.jpg,sausage rolls,all,-0.4781517774926326
../foodsg-233\Seafood Noodles Soup\4OHGE1HM579LWQKSOCXC82EQ.jpg,Seafood Noodles Soup,all,-0.4781442795125115
../foodsg-233\goreng pisang\KIYC5M5UTZE0G9PN4TJCMQZO.jpg,goreng pisang,all,-0.4781438309007989
../foodsg-233\steamed buns\P7CGYT724DJ5VCXR2DKC9PX3.jpg,steamed buns,all,-0.4781435715715982
../foodsg-233\Snacks and Chips\KRJY5776JAHF5I1ZRTIWKGOZ.jpg,Snacks and Chips,all,-0.47813981287429375
../foodsg-233\ice kacang\OQU9U7BCKEEVFIXLHR0TJH1W.jpg,ice kacang,all,-0.4781391411992443
../foodsg-233\gulai daun ubi\XXB89KNCGBH15KMYA2BMM8HN.jpg,gulai daun ubi,all,-0.47813464564305436
../foodsg-233\black pepper crab\EH2P038RYCNUNXYG60WS65E6.jpg,black pepper crab,all,-0.4781325080106502
../foodsg-233\pineapple tarts\OSF14YEFP7O60JHLHOU5X9NT.jpg,pineapple tarts,all,-0.4781180778131096
../foodsg-233\biscuit\WFGKTGU9KRD8KI3K7Z4GQTC6.jpg,biscuit,all,-0.47810530433917414
../foodsg-233\Sweets\RCUS0LL0R3IBW357SUAVE7GG.jpg,Sweets,all,-0.4781040792570468
../foodsg-233\dumpling\XVODFGXQWQDNOC7FOK3N5BZC.jpg,dumpling,all,-0.4780950975930534
../foodsg-233\Udon\JKUNWF53SFZZ2O1LUSW5RK31.jpg,Udon,all,-0.47809448719435355
../foodsg-233\sandwich\K4IY52CBJA55ZCCFZG6NIIGM.jpg,sandwich,all,-0.4780865226337902
../foodsg-233\lamb chops\61BLQ20SIP96RHU48OGXBM09.jpg,lamb chops,all,-0.4780864742526648
../foodsg-233\Snacks and Chips\OJQDZXOL09J1NT4SXM0JEOF4.jpg,Snacks and Chips,all,-0.47808035932917525
../foodsg-233\tumpeng\RKNW26A3SUKLHQB242TBLRV3.jpg,tumpeng,all,-0.4780802476214396
../foodsg-233\biscuit\1I93XAN0M3L9LZLQAIJJQK93.jpg,biscuit,all,-0.4780793160054293
../foodsg-233\fried fish\2UTCQ9IOHQ6H9758U3Y52D9B.jpg,fried fish,all,-0.47807022332388577
../foodsg-233\Bibimbap\7T0J0DR657YP7BTW4YVZ1KLJ.jpg,Bibimbap,all,-0.47805929907758915
../foodsg-233\yam rice\WG9QK7MVUS4DP89DM4DVXTRR.jpg,yam rice,all,-0.478056974564345
../foodsg-233\chicken chop\KJZIXD0HW9J17VDF75I8GH7D.jpg,chicken chop,all,-0.4780428222907738
../foodsg-233\Bibimbap\5AW1OHH4PI7I00N8HMOKPLAY.jpg,Bibimbap,all,-0.47803639743350906
../foodsg-233\dumpling\PTZ118W25AJKNY3IFA4C0WEK.jpg,dumpling,all,-0.4780342141657283
../foodsg-233\lontong\M62H0N5GBM25QT2L89ZCEFKY.jpg,lontong,all,-0.4780336034947631
../foodsg-233\cheese fries\9KOEZEBX5YQQWAFU9D1HVYJB.jpg,cheese fries,all,-0.47802092581309197
../foodsg-233\sausage rolls\F7HNWEF78C20ORPMYS4OZ30O.jpg,sausage rolls,all,-0.4780204943117934
../foodsg-233\baked beans\BBZYWWKFT2KO55O9EISMS2N2.jpg,baked beans,all,-0.47801775152347087
../foodsg-233\ice kacang\R58UKBODMQHQQFFP6GOPAN1G.jpg,ice kacang,all,-0.4780152349467521
../foodsg-233\mee pok\5ZOADOPSVHUQTDIGATQYERSH.jpg,mee pok,all,-0.47801393021415256
../foodsg-233\otak\J9BTY8VLUWXSYFGFYASVRTKZ.jpg,otak,all,-0.4780086959782427
../foodsg-233\meatball\BA4B6SOTH8ZI71RMNU7S4H87.jpg,meatball,all,-0.47800678199320296
../foodsg-233\dumpling\3XNLBVS4BJMQUG4AVYZ5RYJZ.jpg,dumpling,all,-0.4780036364364478
../foodsg-233\roti john\7EHV1HP004EUFMJP5Z7PBC30.jpg,roti john,all,-0.4780033910898115
"../foodsg-233\Pilaf, pea\X9UMRQXYDK034WG1HE79F1IF.jpg","Pilaf, pea",all,-0.47800321877420154
../foodsg-233\yong tau foo\B5Z17Z3AES71U0PMH4CVQZ6L.jpg,yong tau foo,all,-0.4779979450133046
../foodsg-233\Snacks and Chips\3B2UYF3LHJ223D3S4BF76EJU.jpg,Snacks and Chips,all,-0.47799793448902006
../foodsg-233\yuseng\GPP9MKE5D9ZND7YVUID4S55F.jpg,yuseng,all,-0.4779967540450894
../foodsg-233\sirloin steak\KGN7J2J8LONV884P2FT99DYJ.jpg,sirloin steak,all,-0.4779937039259496
../foodsg-233\fried prawn\BCGV3H2EGRBLEUUEBX9KTXH1.jpg,fried prawn,all,-0.47799172898189224
../foodsg-233\Indian Prata\HVT71IR05Y01MF8KTUTDG0EI.jpg,Indian Prata,all,-0.47798949892546866
../foodsg-233\Chocolate\Y0XZC0AZD69JMAR5UL4YF1OJ.jpg,Chocolate,all,-0.47798403021392527
../foodsg-233\sushi\W4DESHEJCPAVHQFJH6GOTHF0.jpg,sushi,all,-0.47796176971306137
../foodsg-233\seaweed snack\6LMAHRG95RXINM2J8Q22SUF4.jpg,seaweed snack,all,-0.4779610829276676
../foodsg-233\sandwich\13HAIYWT9V1Z58BEIAYMKHHA.jpg,sandwich,all,-0.477956605363585
../foodsg-233\ice kacang\HZ8RRB0KZ71SIAMC8HOOBJGU.jpg,ice kacang,all,-0.4779462987073704
../foodsg-233\Mee siam\EJACRO9LWDAHHRSGAD18J858.jpg,Mee siam,all,-0.47794141819821157
../foodsg-233\Soto ayam\GU810YE8JMI0CPYEIAEK70H8.jpg,Soto ayam,all,-0.47793325949308224
../foodsg-233\mee pok\EPO1JYWIDQQYXBKNWGRWUGU5.jpg,mee pok,all,-0.47792793046798504
../foodsg-233\steamed grouper\68R0CB6J7SBHC8KW25FCL7W9.jpg,steamed grouper,all,-0.4779267812397512
"../foodsg-233\Pilaf, pea\1857GZUD2C5X4BL0N3CUC9OK.jpg","Pilaf, pea",all,-0.47792441393359697
../foodsg-233\green leafy vegetables\Y9QPG9NGWBKWLVUTQ0DQX9SZ.jpg,green leafy vegetables,all,-0.4779202111039542
../foodsg-233\Ban Mian\SAX70Q67TPW42YANFSSA4IPM.jpg,Ban Mian,all,-0.4779134445950276
../foodsg-233\Dumpling noodle soup\P0K8MT8MY2K7YT3YVWU5XKFW.jpg,Dumpling noodle soup,all,-0.4779109906118036
../foodsg-233\yam rice\JD3A6AKV39XA5QUU4MPAS7TO.jpg,yam rice,all,-0.4779000019168748
"../foodsg-233\Rice, korean bulgogi beef\MXXAE3QF7S7I0202JQZF3KJB.jpg","Rice, korean bulgogi beef",all,-0.47789818719828675
../foodsg-233\buckwheat\JP61T8WD0TIG4J5S61UM86YH.jpg,buckwheat,all,-0.4778840565771733
../foodsg-233\Hor Fun\OROMEOXOGEBOG522KRI6FJYF.jpg,Hor Fun,all,-0.4778828641669363
../foodsg-233\bak kwa\3DWZEQJPKI7Y12KCJ3ZVJ3JS.jpg,bak kwa,all,-0.47787446671636025
../foodsg-233\biscuit\OZYSQIUL5OWYMRLM3N004062.jpg,biscuit,all,-0.4778677896188541
../foodsg-233\mango pudding\2BUVBLEI5EA7NDDO1IHSD16T.jpg,mango pudding,all,-0.4778584345279823
../foodsg-233\waffle\I66B824FMDKEC09287VXAC30.jpg,waffle,all,-0.47785257781112034
../foodsg-233\oyster omelette\M8X30GKSEO65ZCV6IA6YKGDN.jpg,oyster omelette,all,-0.4778396317305503
../foodsg-233\sausage rolls\UADU14A4XWPYW8WM0KXMI06B.jpg,sausage rolls,all,-0.4778272298773046
../foodsg-233\bee hoon\9MTL9RQVLCCVABAD5TOW6CGG.jpg,bee hoon,all,-0.4778203853118098
../foodsg-233\baked beans\6ZPS4LUDKY8EHPBS23F9ZG7C.jpg,baked beans,all,-0.4778145964302625
../foodsg-233\Bibimbap\IVXGSU4JA4NOH0LVYO24H089.jpg,Bibimbap,all,-0.4778124471158312
../foodsg-233\buckwheat\03BJ09E3DJGKB95SLDBUNLZU.jpg,buckwheat,all,-0.4778052497283094
../foodsg-233\cheese fries\DTDXEA7HZLKEP5XLNPJWFZPN.jpg,cheese fries,all,-0.47780006717059315
../foodsg-233\Udon\HPKLTTCWPHUEERZ7VBP6GT44.jpg,Udon,all,-0.47779577301350523
../foodsg-233\sirloin steak\2ENLGWGEB6R4EPVDO5DEU3FO.jpg,sirloin steak,all,-0.47779347343981704
../foodsg-233\otak\KR54FF81MQYAN71PZXMEA1WN.jpg,otak,all,-0.47779171682045896
../foodsg-233\biscuit\1UIY9Q9544ORMHKZJVF3YWIX.jpg,biscuit,all,-0.47778906852659664
../foodsg-233\assam pedas\Z4WG2CM91671TX5E8BK35WL3.jpg,assam pedas,all,-0.47778725740597233
../foodsg-233\dumpling\ZRQGAS4DJVRMM7IR92YQ0ZT9.jpg,dumpling,all,-0.4777869476910368
../foodsg-233\breakfast cereal\DKLIVZXHWQ876OPRNHPHNFAT.jpg,breakfast cereal,all,-0.477781888856459
../foodsg-233\Nasi pattaya\4KZ4TEJXUP6JURD9YMHCR0EU.jpg,Nasi pattaya,all,-0.4777780104809531
../foodsg-233\lontong\KZ9IYYU070J6Z1KG2DSDS3KP.jpg,lontong,all,-0.47777422881913145
../foodsg-233\yam rice\AWFHR8KM374P856QPFVRBYQD.jpg,yam rice,all,-0.4777647804643883
../foodsg-233\sirloin steak\2TI7FMPLOGBBZRBMKFCIN1BR.jpg,sirloin steak,all,-0.47775788574815675
../foodsg-233\Chocolate\F528Q1T1SWY127ZNT7TLX7EP.jpg,Chocolate,all,-0.4777574930088154
../foodsg-233\Snacks and Chips\82N6DWU1L60RSNGRTBDS52DG.jpg,Snacks and Chips,all,-0.4777479583837525
../foodsg-233\Instant Cereal Drink\S2GWPJMIAUR5K7Y7OJFTOLSN.jpg,Instant Cereal Drink,all,-0.4777363751864726
../foodsg-233\Dumpling noodle soup\50C2FWQC58HBR15WCXZ5VDJY.jpg,Dumpling noodle soup,all,-0.4777231807546002
../foodsg-233\Chocolate\CKXYKS2IKXJE5BXCRD0RS7EX.jpg,Chocolate,all,-0.4777200926015849
../foodsg-233\tutu kueh\83SES3XLWQE6J8E576QSFPYW.jpg,tutu kueh,all,-0.4777150293744712
../foodsg-233\yam rice\ROE96S0KRB65YY9J3V8EGP0G.jpg,yam rice,all,-0.4777135633192835
../foodsg-233\chicken pie\AR8DA92FG5SNOAR1AXJUI9XB.jpg,chicken pie,all,-0.47771277479126173
../foodsg-233\assam pedas\DU01LWG1N8U5OTCB2G66Y8MV.jpg,assam pedas,all,-0.47770588980253004
../foodsg-233\steamed buns\YUTXU233TDGAER5KQD25OJTY.jpg,steamed buns,all,-0.47768583864330544
../foodsg-233\lamb chops\XER6HMNIAMG3VJWXDKVTTFNB.jpg,lamb chops,all,-0.4776843432421116
../foodsg-233\tutu kueh\0WGHXFD4564VF6YC6V1EQB8N.jpg,tutu kueh,all,-0.47768407097722687
../foodsg-233\drunken prawn\MFV4I04BKTUAUVLWIY04X1RC.jpg,drunken prawn,all,-0.4776840230827912
../foodsg-233\wholegrain pasta\U591DD1WOQTS56NP54ZMSQ6M.jpg,wholegrain pasta,all,-0.47767952742060066
../foodsg-233\steamed buns\YBUQZZ3VL38TTLIIZISP2GBS.jpg,steamed buns,all,-0.4776787785600885
../foodsg-233\black pepper crab\IRRTWT7ON0TMS66X3BO2J8PQ.jpg,black pepper crab,all,-0.4776686398604762
../foodsg-233\Laksa\ZW70KE7305UCM8SUC72PJVGM.jpg,Laksa,all,-0.47766006274017614
../foodsg-233\bak kut teh\Q7A215N459JXLAZJNO7I2B8J.jpg,bak kut teh,all,-0.47765756186572833
../foodsg-233\bak kut teh\N7N605Z6Z2F4GRD1V26BOACV.jpg,bak kut teh,all,-0.4776572890643537
../foodsg-233\chicken chop\YX1RERF7MAOYH37B2F74O3H5.jpg,chicken chop,all,-0.4776508506903766
../foodsg-233\Mee bandung\4T7LXFW8W05KW71T0PG8QULX.jpg,Mee bandung,all,-0.4776442785857694
../foodsg-233\Chocolate\2L7UD3W1LZPO0IU56LGSDMAA.jpg,Chocolate,all,-0.4776386591773502
../foodsg-233\Indian Pancake\B8UU4LFH7D2D57BE3ZLQYJX2.jpg,Indian Pancake,all,-0.47763126813545226
../foodsg-233\seaweed snack\2BNA361BGWVKJMLZ6PT2JH9G.jpg,seaweed snack,all,-0.4776293738805622
../foodsg-233\tacos and nachos\6R77KW7W8KJ4UYIIGSTT3X2R.jpg,tacos and nachos,all,-0.4776144784386497
../foodsg-233\bak kwa\UZLUK6FMBHAR3AFSSO19JEW4.jpg,bak kwa,all,-0.4776098963650319
../foodsg-233\Chocolate\BTZ96YAQWHDQFD1Q0GKNJSQU.jpg,Chocolate,all,-0.4776009420995659
../foodsg-233\tutu kueh\GSCBGXDOYMKSSMONHTMBS9P5.jpg,tutu kueh,all,-0.4775962107875437
../foodsg-233\waffle\7QKF9KS608N8BDNKB9Q4D7UQ.jpg,waffle,all,-0.4775961902887095
../foodsg-233\ice kacang\9GU97VXV3BORWQ10RHZBR7TZ.jpg,ice kacang,all,-0.4775938447543572
../foodsg-233\Snacks and Chips\36WO5BNZ009D3RAROY5Z0M1F.jpg,Snacks and Chips,all,-0.4775901279823879
../foodsg-233\gulai daun ubi\WL5VQP0A22O10JT5IGTCSR89.jpg,gulai daun ubi,all,-0.47758468427335476
../foodsg-233\Indian Pancake\V4QH0QW6EI93FLHGEFW0Y8UQ.jpg,Indian Pancake,all,-0.4775813807979307
../foodsg-233\drunken prawn\7RKADUK1K0YPBM6ZP1D16RRY.jpg,drunken prawn,all,-0.4775812004189369
"../foodsg-233\Wanton mee, dry\EIIQO3P6MEFU6G7XA9H6HHTN.jpg","Wanton mee, dry",all,-0.4775805435961322
../foodsg-233\meatball\M1HWTRDZRQXUD6V8EVDAU5IF.jpg,meatball,all,-0.47756780450990394
../foodsg-233\Udon\3PR6BMQ398TMDWODEB5396TQ.jpg,Udon,all,-0.4775675404948142
../foodsg-233\Chocolate\QK9N1GKD5XPBZ37RFNYCAWY2.jpg,Chocolate,all,-0.4775539294993174
../foodsg-233\Sweets\ZLDVFTWDMP1EEC2H8UECRY2K.jpg,Sweets,all,-0.4775467481146785
../foodsg-233\Mee goreng\TBIYDV7HIWY3J2JXP1Z9798E.jpg,Mee goreng,all,-0.47754324230384826
../foodsg-233\Chocolate\6LRMY6FRX4OV9LEPJBXWU8KL.jpg,Chocolate,all,-0.4775426170734761
../foodsg-233\bagel & croissant\I55NPLL6PUGT09YAG661B17N.jpg,bagel & croissant,all,-0.47753016613151633
../foodsg-233\Chocolate\XQRSQNPKCHKC1N0HXNNWA09T.jpg,Chocolate,all,-0.4775245522814469
../foodsg-233\Instant Cereal Drink\XNBDZ252IUCK15AMA5H4Z3NI.jpg,Instant Cereal Drink,all,-0.477521911949628
../foodsg-233\Sweets\BBLCTMSU5EIWFVPGFNREBESJ.jpg,Sweets,all,-0.477519840286658
../foodsg-233\Katsudon\V0QZHBGLO19HO7OC5T99YBOV.jpg,Katsudon,all,-0.477518989846789
../foodsg-233\baked beans\3OC431LX8D704VX7C6AO7VMG.jpg,baked beans,all,-0.4775060759421088
../foodsg-233\chilli crab\835NO0GAL4SCVO30GPUZ493W.jpg,chilli crab,all,-0.477499328132997
../foodsg-233\fried chicken\W93IDIWIKU0ZSM3HYBQ37IS5.jpg,fried chicken,all,-0.47749528212613046
../foodsg-233\mixed grills\GM1BE7JI6X7F47JR3L66UQS0.jpg,mixed grills,all,-0.477491984050855
../foodsg-233\Chocolate\S7JCD5JQ3KN0Q3C6IGSOVP4Y.jpg,Chocolate,all,-0.4774906256498992
../foodsg-233\Chocolate\KJWA8L53FTN71G3WWMIV9WFT.jpg,Chocolate,all,-0.47748768581163115
../foodsg-233\kway chap\5Z32RQ4FVLDFFTXOMIHUUCIA.jpg,kway chap,all,-0.47748760486681385
../foodsg-233\Duck Rice\0TS9GP9KE5RXD3M67XJRKQJG.jpg,Duck Rice,all,-0.47748717264775864
../foodsg-233\waffle\EP0M2OWJ1W7495QX3MDK6Z2K.jpg,waffle,all,-0.47746103229445674
../foodsg-233\biscuit\RKQNUB0WDG8DXXJLATAVGVYD.jpg,biscuit,all,-0.47745770010993077
../foodsg-233\yuseng\9S4RFTYPTCZTPJQSAAPNOH9I.jpg,yuseng,all,-0.47743954152290513
../foodsg-233\dumpling\KLID1NW3A1B9SC40RHG1LQGS.jpg,dumpling,all,-0.47743916590821883
../foodsg-233\tacos and nachos\PNXW2JMV5XMD12PRDSSJ27EX.jpg,tacos and nachos,all,-0.47743884758963545
../foodsg-233\Soto ayam\2PZ2WMCMG1ZBK4ZIPVZC5D80.jpg,Soto ayam,all,-0.47743374746896794
../foodsg-233\seaweed snack\7PYN0852ZD31YVEWL9TQXTP0.jpg,seaweed snack,all,-0.47743370779741207
../foodsg-233\Dumpling noodle soup\URL6G6YJSTR0LY9JMONP4BTG.jpg,Dumpling noodle soup,all,-0.47743291908866803
../foodsg-233\vadai\A0JZPNDGUGU4JUT5BGOZ5AZF.jpg,vadai,all,-0.477431948455998
../foodsg-233\sirloin steak\V8OGQK38WGNGLCKH8PZEUXDW.jpg,sirloin steak,all,-0.47743120334230105
../foodsg-233\Sweets\H5732E7AG7JPH93E9G3UCHWA.jpg,Sweets,all,-0.4774258487557486
../foodsg-233\chicken chop\P9DFNVPRKGO1TYK6MG4VFT4J.jpg,chicken chop,all,-0.47742051481595804
../foodsg-233\fried prawn\Q0MFJ75SBGSZPXPK1AFW0U1B.jpg,fried prawn,all,-0.4774204331114678
../foodsg-233\Lor mee\CX9407UCEANNQLVW4SE0ZZGB.jpg,Lor mee,all,-0.4774196472000435
../foodsg-233\steamed buns\31XCT7T7T677RE7D4GRSB6WV.jpg,steamed buns,all,-0.4774186758835423
../foodsg-233\mango pudding\6MBF6GJ049QXNCVT3ACS94E2.jpg,mango pudding,all,-0.47741461361515924
../foodsg-233\Seafood Noodles Soup\9SZHWMPPKYZX5Z1PH5MF0YWC.jpg,Seafood Noodles Soup,all,-0.4774134336208235
../foodsg-233\chicken wing\CQ0MPK39VBARW3IKEWDZ3NPD.jpg,chicken wing,all,-0.47740680400478286
../foodsg-233\bak kwa\H05UNVCUTKIW8EPNWP6XVJ2G.jpg,bak kwa,all,-0.47739312858331145
../foodsg-233\fried chicken\TZ8U5A2P92KOR4BTVJKK6GR4.jpg,fried chicken,all,-0.47738498861222334
../foodsg-233\Prawn Noodle\00FVLMB0K1UTIJV8JJVOCJE3.jpg,Prawn Noodle,all,-0.47738160910066013
../foodsg-233\biscuit\668H6JQVP2ITDLSGIYHLX6GL.jpg,biscuit,all,-0.4773771450642236
../foodsg-233\Barley\FKOY2Z4HN74Z7TKEENYWTJMG.jpg,Barley,all,-0.47737123067011067
../foodsg-233\lamb chops\K6D4OMX03DDBR6DRBTPTJERM.jpg,lamb chops,all,-0.4773655504759437
../foodsg-233\Instant Cereal Drink\FM2TD4HIOARAQSSMEFEIF2ZI.jpg,Instant Cereal Drink,all,-0.4773606969676678
../foodsg-233\Duck Rice\VH7PJB4YOODBAY5CC23J6BUC.jpg,Duck Rice,all,-0.4773587588306939
../foodsg-233\baked beans\31YPDFHTP6DION65WW34LMBZ.jpg,baked beans,all,-0.4773531988504923
../foodsg-233\oyster omelette\2K60WDRS0DZSNVTE6M89OM01.jpg,oyster omelette,all,-0.47735047012455617
../foodsg-233\Laksa\1JLD7UXSL1FUYY89EKRRAZOA.jpg,Laksa,all,-0.47734942283901105
../foodsg-233\green leafy vegetables\9A3AFZBU4PEKTYXWPQO7UAC3.jpg,green leafy vegetables,all,-0.4773421845998084
../foodsg-233\fried chicken\BI5BU6M6OTCIDB0ZWVHKFD2A.jpg,fried chicken,all,-0.4773289206818042
../foodsg-233\Nasi Ambeng\49NNWQNZW0V15GDPHPJXIUAP.jpg,Nasi Ambeng,all,-0.4773278344358431
../foodsg-233\waffle\1VJHD173O1CMDGPZPTR31ONU.jpg,waffle,all,-0.47732736060535774
../foodsg-233\Hor Fun\QFWOO3N8UTH7MMNPYV0OVFSV.jpg,Hor Fun,all,-0.4773164026259845
../foodsg-233\baked beans\9WSDK2BSJKI9Z01DHGP06KY4.jpg,baked beans,all,-0.47731232105123966
../foodsg-233\Dumpling noodle soup\CE8EZPFFKGOVSVJMKQK8EVHL.jpg,Dumpling noodle soup,all,-0.47731163414874733
../foodsg-233\wholegrain pasta\IDXX7CAMTASF5GUAUKZU4BEJ.jpg,wholegrain pasta,all,-0.4773023524819467
../foodsg-233\fried prawn\HRCW8BK0J1SOX1LIYD17YZFD.jpg,fried prawn,all,-0.47729111019088943
../foodsg-233\Udon\1NYP8HL9JHO1GP748WNVBBXY.jpg,Udon,all,-0.47728949405313675
../foodsg-233\cheese fries\MTW9130660SSLAJO49KPUPZ6.jpg,cheese fries,all,-0.47727896892390975
../foodsg-233\Snacks and Chips\NECWJV03MKPWI7NVDBZW73R9.jpg,Snacks and Chips,all,-0.4772788221464287
../foodsg-233\Indian Pancake\D4KUEKF8SSM2WDCSM42KTMDV.jpg,Indian Pancake,all,-0.4772611390156295
../foodsg-233\Lor mee\7HZFK0FCSUGBTJX8LV7XT46N.jpg,Lor mee,all,-0.4772603347504691
../foodsg-233\Seafood Noodles Soup\O8QLBXGDLRYLG0VPLMMKYDND.jpg,Seafood Noodles Soup,all,-0.4772575138435249
../foodsg-233\ayam penyet\GTIOZ0IX93NN7OWZNI3BWQF1.jpg,ayam penyet,all,-0.47725479114159536
../foodsg-233\ngoh hiang\STS4N02LBR39DPEVZYQWYHLR.jpg,ngoh hiang,all,-0.4772546902520747
../foodsg-233\pineapple tarts\STNMINMQZLJ13NZP1TNHRLOA.jpg,pineapple tarts,all,-0.47724528920291615
../foodsg-233\fried chicken\QRP3UATX27PQDJ5XUHHZDK2W.jpg,fried chicken,all,-0.4772318014425747
../foodsg-233\assam pedas\YL26AD662K5ZWUI6YZZUA1BZ.jpg,assam pedas,all,-0.4772295324385427
../foodsg-233\Chocolate\UJNGF8X90SE1RRBID5HR35QB.jpg,Chocolate,all,-0.4772279174245101
../foodsg-233\rice dumpling\XDXWFMDUQU3QAUVMHC33YAHR.jpg,rice dumpling,all,-0.47722515773122964
../foodsg-233\curry puff\Z7FGDQE19O16J0T96ICFUZQ6.jpg,curry puff,all,-0.47722296766010497
../foodsg-233\tumpeng\89SI5YQ0BYPF73NFYIO5GWBI.jpg,tumpeng,all,-0.4772183678243893
../foodsg-233\goreng pisang\5PHI10A3CXK2SQRC8MCBX34W.jpg,goreng pisang,all,-0.477215905875686
../foodsg-233\sirloin steak\4FN4XMUP8T10KPOZDXFNDWML.jpg,sirloin steak,all,-0.4772091046303831
../foodsg-233\sirloin steak\F36WV8S9TK9SF23MG4JOKAAH.jpg,sirloin steak,all,-0.477204524009305
../foodsg-233\Laksa\CMDDJZWOFSORMBV3MXVJOL12.jpg,Laksa,all,-0.47720181132883627
../foodsg-233\chilli crab\G0QMUN6190AEH2WDZPI7NYOJ.jpg,chilli crab,all,-0.4771971403279718
../foodsg-233\Mee rebus\MZ6V4SUMPTZF4E6JJJX1R2U6.jpg,Mee rebus,all,-0.47717701867730716
../foodsg-233\Nasi pattaya\5SMB82L7960EPQIM4MBCS8YQ.jpg,Nasi pattaya,all,-0.4771711488783053
../foodsg-233\murtabak\7B1L1DEO3XM1LMXML6YZKV2T.jpg,murtabak,all,-0.4771686077443588
../foodsg-233\drunken prawn\0VY7NI1R35N71C7U31B1MXUF.jpg,drunken prawn,all,-0.47716091869782346
../foodsg-233\tumpeng\7QX0RBSX7X0I7T4VV4P7VESR.jpg,tumpeng,all,-0.47715848526321425
../foodsg-233\waffle\XBEGJD8S8071465ARHNTIGZ8.jpg,waffle,all,-0.4771398596350041
../foodsg-233\Prawn Noodle\D7CPGRZW1DO8R355ZBBRELHO.jpg,Prawn Noodle,all,-0.47713799376177335
../foodsg-233\drunken prawn\BXZR6LI5X5IYZLPXP81K826N.jpg,drunken prawn,all,-0.4771329273092638
../foodsg-233\sirloin steak\VP30SQUXZFF1EW1VHC2S0YSN.jpg,sirloin steak,all,-0.4771322786800259
../foodsg-233\chilli crab\D2OYL1TOUN9BYFQLSJ4Z83ZS.jpg,chilli crab,all,-0.4771207134477249
"../foodsg-233\Don, chicken teriyaki\MIFV8MW53NX9U8IW4S4JXW28.jpg","Don, chicken teriyaki",all,-0.4771200578650856
../foodsg-233\Snacks and Chips\N9XV57ONL1BNSYBT8N3WCHG0.jpg,Snacks and Chips,all,-0.477114755937699
../foodsg-233\waffle\PQK6KQXUFSUD3RAT75CT52R5.jpg,waffle,all,-0.47711348401094694
../foodsg-233\yam rice\B8VPIXXJX3QJN7MAP4H11LZ3.jpg,yam rice,all,-0.47710483982765894
../foodsg-233\tacos and nachos\R0BYDZU9YE0L5RN39GN7VKTF.jpg,tacos and nachos,all,-0.4771039413780488
../foodsg-233\mixed grills\3YLZ63T9OBC2Z0241TD3J9VT.jpg,mixed grills,all,-0.4771008218059402
../foodsg-233\bak chor mee\994CGAU5VJ7N4E9NQYN8CVCL.jpg,bak chor mee,all,-0.4771005025198791
../foodsg-233\yong tau foo\Y6280NIVF09GGWH1GFQDWL60.jpg,yong tau foo,all,-0.4770900382593556
../foodsg-233\green leafy vegetables\ZHGYY9L4K1UIEQJLZQSB670C.jpg,green leafy vegetables,all,-0.47708215674657034
../foodsg-233\bak kwa\V4UA139DI38U0KMVY5NUX8AZ.jpg,bak kwa,all,-0.47707765614094677
../foodsg-233\Mee bandung\JRYC1A7G9CRENLKE84EV63TF.jpg,Mee bandung,all,-0.47706496383316493
../foodsg-233\chicken chop\1O3MLBMDSC9279SDU4P1U1VY.jpg,chicken chop,all,-0.4770615863273422
"../foodsg-233\Don, chicken teriyaki\FZ16D4Z91XYJS0YBUDIZ4K0F.jpg","Don, chicken teriyaki",all,-0.4770500545486968
../foodsg-233\pineapple tarts\IFYOLP1SKQ22ALQ78WQ04R7S.jpg,pineapple tarts,all,-0.47704957678488086
../foodsg-233\meatball\O9YQGKX4NKXTHX6UFFSRW5KF.jpg,meatball,all,-0.47704063282860126
../foodsg-233\Snacks and Chips\VBF0FYCMJU2AI8SNY47V19DB.jpg,Snacks and Chips,all,-0.4770251150847362
"../foodsg-233\Don, unagi\1I8MAO7KHS0FMHE1X7FN54YO.jpg","Don, unagi",all,-0.47701718314542446
../foodsg-233\steamed buns\CO32C0K7GFYGKV95QRN1JOVI.jpg,steamed buns,all,-0.47701692952777003
../foodsg-233\Tauhu Goreng\TQ32XJQ1EAHN5TXXR3YES8OD.jpg,Tauhu Goreng,all,-0.4769939708310455
../foodsg-233\drunken prawn\LDG1BNYYRNOEVBSYS6UUW3I0.jpg,drunken prawn,all,-0.4769914058203611
../foodsg-233\pineapple tarts\WDKS23HB5TAX18NHJIJB0NAR.jpg,pineapple tarts,all,-0.47698936050982704
../foodsg-233\fried chicken\RCA3MYL1XVNJ3CZQ608OPFFI.jpg,fried chicken,all,-0.47698169989022027
../foodsg-233\steamed buns\BK4UAXNX00KO0BXG4C7UUI8U.jpg,steamed buns,all,-0.4769810342843376
../foodsg-233\Bibimbap\P2C3AU4QLD4AK4KDFU3N2YSC.jpg,Bibimbap,all,-0.47697553085389377
../foodsg-233\tortilla - plain\3D2O0KAYZBEPL07XW24T27UH.jpg,tortilla - plain,all,-0.4769733084366729
../foodsg-233\fried chicken\FMT4HVTRVSJIE83KNZE248XN.jpg,fried chicken,all,-0.47697022858236854
../foodsg-233\kueh lapis - rainbow\40L2X8ZJ8G04XJBYUGVSTL6D.jpg,kueh lapis - rainbow,all,-0.4769690825028438
../foodsg-233\biscuit\4RFKK3JMZTK8UBZKVX8NOH2G.jpg,biscuit,all,-0.4769679127180312
../foodsg-233\tumpeng\GEXX9PIVJ12G19A5KZWFJYVA.jpg,tumpeng,all,-0.476967670108455
../foodsg-233\vegetarian bee hoon\8JTO6D9W8OI2267IGES8AM33.jpg,vegetarian bee hoon,all,-0.47694334151546597
../foodsg-233\biscuit\TN560JWHBHCP406E6OQW47TP.jpg,biscuit,all,-0.4769406816308162
../foodsg-233\meatball\BG7799A96IKAU6GD2S04UMMX.jpg,meatball,all,-0.47693599795599967
../foodsg-233\chicken wing\TMKMIQBMQ4D338NCNB2VNMHC.jpg,chicken wing,all,-0.4769322608403262
../foodsg-233\Udon\HEYFDS2W47G808OH7I7JUXLS.jpg,Udon,all,-0.47693008482637067
../foodsg-233\Instant Cereal Drink\2XLBUXRT1SDV9S0P0VCTR5EZ.jpg,Instant Cereal Drink,all,-0.4769266919539552
../foodsg-233\chin chow drink\GKKPPYYS7KHHT1T30K5WBT20.jpg,chin chow drink,all,-0.47692034183947357
../foodsg-233\biscuit\U7ZRQ67NGMI476PUO2PAHUEB.jpg,biscuit,all,-0.4769128775585179
../foodsg-233\biscuit\3CCZVDP6HWYKBPTR48BI4M15.jpg,biscuit,all,-0.4769115782865704
../foodsg-233\chilli crab\CELGEVS5R3V76X5LGYGNH4Y2.jpg,chilli crab,all,-0.4769072859644696
../foodsg-233\meatball\UM7CWGZAL5QDF3V3DVEXM0H7.jpg,meatball,all,-0.4769054576348151
../foodsg-233\Sweets\SZY54RA0C911IDD4W63DIMQB.jpg,Sweets,all,-0.47689831200747906
../foodsg-233\sausage rolls\QAFN3ET1Y1RFEBQTAZJLNRG1.jpg,sausage rolls,all,-0.476892579211249
../foodsg-233\goreng pisang\YYATBFO36ZSRE9LBKKRRBF9I.jpg,goreng pisang,all,-0.4768669597711155
../foodsg-233\curry puff\U7OODV5LRV952881FO2LT417.jpg,curry puff,all,-0.4768573410705483
"../foodsg-233\Don, chicken teriyaki\IK0WDIYNKFCRRIGW58YZLTR7.jpg","Don, chicken teriyaki",all,-0.4768418588393863
../foodsg-233\ngoh hiang\217LQGU790A2ZS0J1T797NOK.jpg,ngoh hiang,all,-0.47683601132917863
../foodsg-233\Mee rebus\187VZWXX4K65R03RL318TA0D.jpg,Mee rebus,all,-0.47682221955362636
../foodsg-233\Chocolate\ESKJVRYPPINZNL3C8T8BRG5W.jpg,Chocolate,all,-0.47682023500064213
../foodsg-233\steamed grouper\ILQQCM9592IX2ZW9QEHIMABW.jpg,steamed grouper,all,-0.47681415085023277
../foodsg-233\biscuit\D8LVHD1GX7FBH0KPN9BB200W.jpg,biscuit,all,-0.47681049200917136
../foodsg-233\chicken pie\2XL4RX611TPII706SJQ1E9DX.jpg,chicken pie,all,-0.47680824333527444
../foodsg-233\goreng pisang\3LCY7OQE6S53K44AH7S38TG1.jpg,goreng pisang,all,-0.47680702072450615
../foodsg-233\mixed grills\AOXVN382Z5V9QQNDD24FGTCJ.jpg,mixed grills,all,-0.4768064154298465
../foodsg-233\tacos and nachos\HC74QJN5XOIK71O1ATBS6TOR.jpg,tacos and nachos,all,-0.4768041657603892
../foodsg-233\Soto ayam\22JWUE1ROIGSLK9AZELKLX8C.jpg,Soto ayam,all,-0.4768024528793405
../foodsg-233\Dumpling noodle soup\754FNTM3E2WMLZZIFE0SB76U.jpg,Dumpling noodle soup,all,-0.4767983027800534
../foodsg-233\Chocolate\84D4E8HU6Q9YX1CPAG8GSHII.jpg,Chocolate,all,-0.4767979845809967
../foodsg-233\tacos and nachos\AV2BQB92BFZB6CUFANLF8C9T.jpg,tacos and nachos,all,-0.47679582382972646
../foodsg-233\sausage rolls\R56SCQ29ZUCU6G4E0X5SZLQO.jpg,sausage rolls,all,-0.4767952664041373
../foodsg-233\green leafy vegetables\UOXOZDN85KIITT8JK89CC1KW.jpg,green leafy vegetables,all,-0.4767885670106447
"../foodsg-233\Wanton mee, dry\IHGCGYIZ6QRGQ09VL3KVVGPC.jpg","Wanton mee, dry",all,-0.4767759515407586
../foodsg-233\dumpling\UXNZQA22N8C9D4TCGOEKDGVT.jpg,dumpling,all,-0.4767725538926447
../foodsg-233\hotplate tofu\66D5ZN88DZKXAGH5SYB2WV4J.jpg,hotplate tofu,all,-0.47676589229201133
../foodsg-233\fried fish\A23R8TP51B4TJQ7ZU7AY3UY1.jpg,fried fish,all,-0.47676308384509036
../foodsg-233\Mee goreng\FDPWRO4V7GBCVKZ8NPJV3EZY.jpg,Mee goreng,all,-0.4767614801063208
"../foodsg-233\Chap chye, Nonya\7B3497ZBF3B5PVWO9TLA9RKZ.jpg","Chap chye, Nonya",all,-0.47675709892508844
../foodsg-233\bak kwa\5I4PJFU8K2TQDPXLNNXHF3K2.jpg,bak kwa,all,-0.47675301482970583
../foodsg-233\steamed buns\CXUNOAPMHD8177CF36HOC2NA.jpg,steamed buns,all,-0.4767441276869601
../foodsg-233\chicken chop\VISOOUX0OMUSHQY3JG1RYXWT.jpg,chicken chop,all,-0.4767418598921799
../foodsg-233\Chocolate\7BRCSX2DDX65NH81BRLW02AV.jpg,Chocolate,all,-0.47673691126302115
../foodsg-233\chicken rice\98HNDCXP32OA36F0VOJDZ7IR.jpg,chicken rice,all,-0.4767361236754348
../foodsg-233\buckwheat\LMZ4A5O6SDWMBHT1KNN8OIRS.jpg,buckwheat,all,-0.476732927593912
../foodsg-233\chin chow drink\PDLMZZ7M144OZ050VKY586H8.jpg,chin chow drink,all,-0.4767285019681094
../foodsg-233\Chocolate\NOUD09ARHWN82H1IO5CMKAJI.jpg,Chocolate,all,-0.47671650131181365
../foodsg-233\seaweed snack\FD7AL0OEJWXN60WBPPXSBDF4.jpg,seaweed snack,all,-0.47670448413017363
../foodsg-233\kway chap\I64LADC1MC2GJJ2GZSG1J0PP.jpg,kway chap,all,-0.47670233909203596
../foodsg-233\green leafy vegetables\UBP9L0B6NOUEREGFQWS7PE25.jpg,green leafy vegetables,all,-0.4766998519845588
../foodsg-233\Laksa\QONF75515ONVFXSOXW45NA3Y.jpg,Laksa,all,-0.4766994692433763
../foodsg-233\biscuit\HOAP0TDL5ILS0X14KRHRDG8N.jpg,biscuit,all,-0.47668547032770575
../foodsg-233\Snacks and Chips\IWMEYUOT7W02ITTRBOS6YGI0.jpg,Snacks and Chips,all,-0.4766853480541441
../foodsg-233\chin chow drink\HOZW7FGS88TYZ91W3UHGPCM0.jpg,chin chow drink,all,-0.47668434611261395
../foodsg-233\cheese fries\H7XWKZ1FQYH5IRTI6YNGGCT9.jpg,cheese fries,all,-0.47667891036901455
../foodsg-233\Chinese fritters\BN1XUW6RM0FJSR5QBMV11C3T.jpg,Chinese fritters,all,-0.4766679709913959
../foodsg-233\Katsudon\EIPLUK1F0LJQXGQSYYGXIR29.jpg,Katsudon,all,-0.4766651062228821
../foodsg-233\yong tau foo\2SLBA8QFRHJZXGV7TDNYSYOD.jpg,yong tau foo,all,-0.4766603569614716
../foodsg-233\Tauhu Goreng\UDSHV1K4KYEW3HJKO39IZ7JN.jpg,Tauhu Goreng,all,-0.4766592973284745
../foodsg-233\tacos and nachos\4JA8H65FA965XALLCMNXKXHO.jpg,tacos and nachos,all,-0.47663981035962827
../foodsg-233\steamed buns\VOM1125L1IVOWU3TRSWO6MUL.jpg,steamed buns,all,-0.4766321715328345
../foodsg-233\Chinese fritters\0LRUH7L6YIKX2UYRASHBF83V.jpg,Chinese fritters,all,-0.4766307418394853
../foodsg-233\Nasi Ambeng\9LOG95ML14FVLZ5OX0397XDC.jpg,Nasi Ambeng,all,-0.4766280507647676
../foodsg-233\Seafood Noodles Soup\LSY24SVM7L6VZMMBGDUSXM2N.jpg,Seafood Noodles Soup,all,-0.47661848019373376
../foodsg-233\buckwheat\9NI32BHQUEDRVUUZYKDBTDNO.jpg,buckwheat,all,-0.47661506699831796
../foodsg-233\beef noodle soup\UEFQK9F60XI9IYRY48LWQL1L.jpg,beef noodle soup,all,-0.4766105697795505
../foodsg-233\Sweets\63R09KXLTQZUW8QF56Z48L6I.jpg,Sweets,all,-0.4766061411472082
../foodsg-233\Mee rebus\Z03SPE7KJDUSMP2PCPSKKQRP.jpg,Mee rebus,all,-0.47660346082826655
../foodsg-233\Tauhu Goreng\4RQVC9OETKOXKR1M0LUO3HJ3.jpg,Tauhu Goreng,all,-0.4766025415671956
../foodsg-233\Nasi Ambeng\A5TX4ANM2BDJ04MZC7FQ55L1.jpg,Nasi Ambeng,all,-0.47658667032344576
../foodsg-233\dumpling\0NT34XMKURUR4OS3QU8UYNEG.jpg,dumpling,all,-0.4765784002237367
../foodsg-233\chicken chop\EXSBIBD6EL0YXIXRTQ3QY97P.jpg,chicken chop,all,-0.47657838859596774
../foodsg-233\sambal\K05OJRLSUNRF6TWKHMZLCHMS.jpg,sambal,all,-0.4765737953157318
../foodsg-233\curry puff\Z29MROOCVO9A0934UFQVLLL5.jpg,curry puff,all,-0.4765704411070833
../foodsg-233\biscuit\7ZNZWBJHH8WRHZ0D0NH8P0N0.jpg,biscuit,all,-0.47656622208072213
../foodsg-233\Nasi Ambeng\NGBRM8HQS7VYORHA6JNLEPHW.jpg,Nasi Ambeng,all,-0.47656495388043646
../foodsg-233\sausage rolls\KNQT3U4M3JMPJRSQCZ94VSHB.jpg,sausage rolls,all,-0.476559425507684
../foodsg-233\sambal\NE10CAFA4S25W1IFDYS82P75.jpg,sambal,all,-0.4765585371727657
../foodsg-233\tacos and nachos\YIQ7ZBSPLQQEWGA67RH9XJ7I.jpg,tacos and nachos,all,-0.4765562586706315
../foodsg-233\Chocolate\Z6TCLXFAIMGC1Y66MITOQEC9.jpg,Chocolate,all,-0.47655344857755644
../foodsg-233\dumpling\SCUQURXOSFGZGR145I5LBF2V.jpg,dumpling,all,-0.4765527083116899
../foodsg-233\steamed buns\E5GZ5WFD5BJWICL1QGLM5KD0.jpg,steamed buns,all,-0.47654238171410607
../foodsg-233\Snacks and Chips\NS9PNWA4DVU2J7S5Y5JR90QG.jpg,Snacks and Chips,all,-0.4765307942838112
../foodsg-233\Laksa\MV3KWNQ9TAPG6KUCRZRXA90T.jpg,Laksa,all,-0.4765198676768374
../foodsg-233\pineapple tarts\D2GIRFL9YNKWB0IFH9A1MOWV.jpg,pineapple tarts,all,-0.4765163645329917
../foodsg-233\lasagna\NM41ABUI3W713U93SGXDJI43.jpg,lasagna,all,-0.4765147144839951
../foodsg-233\Nasi pattaya\JVQHDFDKB1Y4AZU9J0LLO8VR.jpg,Nasi pattaya,all,-0.47650540474158964
../foodsg-233\bak chor mee\4K2BTFWL1JEE1W472D5SK8V6.jpg,bak chor mee,all,-0.476491099275529
../foodsg-233\roti john\DN48R1YN3BQTL9B5UT1DYG5Y.jpg,roti john,all,-0.47648018602112396
../foodsg-233\chicken wing\0SYB0AOPWLBIDYTB0M5RYQV0.jpg,chicken wing,all,-0.47647217279001663
../foodsg-233\dumpling\CQ560L6TW4KIC186XR1BMSZ9.jpg,dumpling,all,-0.47646784867512776
../foodsg-233\buckwheat\JZ98CJVLSY79I27W5DAI7N3H.jpg,buckwheat,all,-0.47645993974102707
"../foodsg-233\Rice, with dakgalbi\E9QALGYNJRZDUL7TUJ2FC0YE.jpg","Rice, with dakgalbi",all,-0.4764595629968022
../foodsg-233\seaweed snack\03BG55X9GJ6J07A9LNJ068OY.jpg,seaweed snack,all,-0.47644847921100975
"../foodsg-233\Chap chye, Nonya\JXLJ912Q397QBXF3ZN8CVCQ4.jpg","Chap chye, Nonya",all,-0.4764456395042459
../foodsg-233\Mee goreng\E74TIJHOCZA1IKQ8WJN88KBS.jpg,Mee goreng,all,-0.47643852603649056
../foodsg-233\Tauhu Goreng\T7CL18U308E86DUTSV0COZ7G.jpg,Tauhu Goreng,all,-0.47643527833678007
../foodsg-233\bak kut teh\TTM75O46KLJT4TUASV5QUKXL.jpg,bak kut teh,all,-0.4764240104739068
../foodsg-233\dumpling\08HPX629FG0N6UOMU68KTD4D.jpg,dumpling,all,-0.4764116017340782
../foodsg-233\fried prawn\K9UKNLBD57D0ZYLGB4OP3V16.jpg,fried prawn,all,-0.47641041612417934
../foodsg-233\baked beans\7A8N705KBH7XTNHMIAVT8SVV.jpg,baked beans,all,-0.47640764989790446
../foodsg-233\Soto ayam\G43JUPQYHEBRE9AUVSKMBB8H.jpg,Soto ayam,all,-0.4763994204986968
../foodsg-233\Laksa\B7F079AU852GX4FCDN8W84O5.jpg,Laksa,all,-0.47639757982242364
../foodsg-233\assam pedas\Y02733KSE6PXDA1FWS089VSS.jpg,assam pedas,all,-0.476389599319989
../foodsg-233\tumpeng\BP7KFJHQVJYR96CHMT0LPVQ1.jpg,tumpeng,all,-0.47638947704278706
../foodsg-233\salmon - grilled\UV1D6TQTL0BLONSA1BIC354U.jpg,salmon - grilled,all,-0.47638695067212605
../foodsg-233\Chocolate\CC3JTFOM8S97RQKN9VOJLXF0.jpg,Chocolate,all,-0.4763806585483231
../foodsg-233\baked beans\E72SGHHBB0CQX9PIYD1LKPPY.jpg,baked beans,all,-0.4763750421437143
../foodsg-233\kway chap\ZKBDD9XV25L3WPLJWJ0YRJZO.jpg,kway chap,all,-0.47637489254980786
../foodsg-233\ice kacang\CUKI5MEOSNW4FMGXFF2F24UJ.jpg,ice kacang,all,-0.4763709824542194
../foodsg-233\lasagna\R6F3OLNKAVO01OEIF9M14L7G.jpg,lasagna,all,-0.47635213771968393
../foodsg-233\wholegrain pasta\NUIER5UPCRUBATVZVMM42ID3.jpg,wholegrain pasta,all,-0.4763379939480179
../foodsg-233\mee pok\H2UZXRG9SJ040NVNO9U4G1BX.jpg,mee pok,all,-0.47633549912307876
../foodsg-233\cheese fries\P9JL7UZMVI25KXE44CSNAF36.jpg,cheese fries,all,-0.47633022111220463
../foodsg-233\biscuit\KFSOBW9LU1ZX98G9K44Q2STK.jpg,biscuit,all,-0.4763274372447508
../foodsg-233\fried prawn\VB0R45BCGDK8YAQW2ZI52G17.jpg,fried prawn,all,-0.47632225162586367
../foodsg-233\sambal stingray\CJP4OT3X8EQD0NLK7Q77X5XF.jpg,sambal stingray,all,-0.4763132866299041
../foodsg-233\tortilla - plain\2LI5JGDTA50J30OO6QTOIJSF.jpg,tortilla - plain,all,-0.4763105043501811
../foodsg-233\assam pedas\CLA2AMO66BI982PQ7TZ5V072.jpg,assam pedas,all,-0.4763004335113393
../foodsg-233\Laksa\QVDNVWS9OS0IRV9R9IJ2BZFV.jpg,Laksa,all,-0.47629940323822106
../foodsg-233\baked beans\TT52ZLMEPP1NH5ZLD47KJAHG.jpg,baked beans,all,-0.47629120295270866
../foodsg-233\Lor mee\RVS1YONWNA03RTJ1OVDM73B5.jpg,Lor mee,all,-0.47627702590350557
../foodsg-233\dumpling\C9D38O33R1LB7NWMD34OX3E4.jpg,dumpling,all,-0.47627206838861047
../foodsg-233\green leafy vegetables\7ZHB443O8Z3JVJC72IK8JD47.jpg,green leafy vegetables,all,-0.47625934417258214
../foodsg-233\Lor mee\PAKW1XWRMXIWQULV6WZV7S0H.jpg,Lor mee,all,-0.47625438593184605
"../foodsg-233\Wanton mee, dry\I1ZYVJ13RSS7LV4OQPVTLRK7.jpg","Wanton mee, dry",all,-0.476240483320831
../foodsg-233\sushi\UTR0GJI70Q48BDZSC979MDU8.jpg,sushi,all,-0.47622621869624865
../foodsg-233\breakfast cereal\SB3Q24GAT2Z9T4JRSME9SJA7.jpg,breakfast cereal,all,-0.4762197998799059
"../foodsg-233\Wanton mee, dry\3TE6BI2KWZIFFN2I76WDNCXL.jpg","Wanton mee, dry",all,-0.47621451926982766
../foodsg-233\biscuit\PSWLHW6162XP8YOUTQJFDWEG.jpg,biscuit,all,-0.4762110641664096
../foodsg-233\yong tau foo\RORQ7IDPE84NEX5VZK9F49V9.jpg,yong tau foo,all,-0.47620645416514923
../foodsg-233\chicken pie\014Z3Z6DLNL8PFGSHNFTK5F6.jpg,chicken pie,all,-0.4762059027577548
../foodsg-233\gulai daun ubi\VDYOVK6VSB3XYZ3768T9BZ6K.jpg,gulai daun ubi,all,-0.47620343915247454
../foodsg-233\yong tau foo\4RT0A1MTCQ5GH0F04W0MFFTB.jpg,yong tau foo,all,-0.47619904200927377
../foodsg-233\Soto ayam\BZSF2XHXCQ0WBL74ZGMQEOIT.jpg,Soto ayam,all,-0.4761957486994217
../foodsg-233\baked beans\Z6OTTLQ4SKL0WEHCKV39ORG9.jpg,baked beans,all,-0.476187716866714
../foodsg-233\chicken rice\4BJDLC8QAH5J45Y4D70N8F0V.jpg,chicken rice,all,-0.4761857563361585
../foodsg-233\Bibimbap\84TTJHXQSGZM9RNH6U1BS7TQ.jpg,Bibimbap,all,-0.4761835569901262
../foodsg-233\char siew\0DOD27BUJD7E1B7XBBDBLY3P.jpg,char siew,all,-0.4761834283896871
../foodsg-233\sambal\VEVMX7EUN3D3LV6SS9TB2SBQ.jpg,sambal,all,-0.47617259566193293
../foodsg-233\chicken wing\NE0M60I7OMT8472PDWBR6HXT.jpg,chicken wing,all,-0.4761644959341391
../foodsg-233\salmon - grilled\KX61PFQRA4725JDJFJ6JYPBT.jpg,salmon - grilled,all,-0.4761588049590041
../foodsg-233\Chocolate\43W40QRPRLAFTXC0E5QPCMAF.jpg,Chocolate,all,-0.47615563519403353
../foodsg-233\Snacks and Chips\EK63XNKHYJF2K4EUV4Q9NFQB.jpg,Snacks and Chips,all,-0.47615492380868624
../foodsg-233\Snacks and Chips\F7RFXISDFCB15XNGFRNQCUZU.jpg,Snacks and Chips,all,-0.4761389729874044
../foodsg-233\buckwheat\VSFHL2OKEZCUSAZIZ5UD1EY3.jpg,buckwheat,all,-0.47611854598734926
../foodsg-233\chicken chop\YGIKWB82G6T3993BV89BPRC6.jpg,chicken chop,all,-0.47610384001873335
../foodsg-233\Udon\YOBELPX5JCK3V51VWK9RY2C8.jpg,Udon,all,-0.4760915990386103
../foodsg-233\fried prawn\LMBQ9CEGH5OSSVPSKC8F976S.jpg,fried prawn,all,-0.4760868388847881
../foodsg-233\sirloin steak\0GFBIKBAIZPQUZT98Z31LCWF.jpg,sirloin steak,all,-0.47608472465780943
../foodsg-233\Bibimbap\IE1IB7TCBI3IEWU15CI2AYXK.jpg,Bibimbap,all,-0.47606448006192154
../foodsg-233\Indian Pancake\79SZJDQC4YMR9RKTFZN43FFO.jpg,Indian Pancake,all,-0.4760543266111586
../foodsg-233\bak kwa\5NQYRXC1PPF438YCOY179P0M.jpg,bak kwa,all,-0.47605319709262506
../foodsg-233\sambal\ANYMOWMXHICU1B3US5K9ZF1E.jpg,sambal,all,-0.4760495547646479
../foodsg-233\chilli crab\D8N2JM8JAHW7LKQL0KM1H5HH.jpg,chilli crab,all,-0.4760471012153616
../foodsg-233\Chocolate\NGNQJZI5L7T74Q7QRW4BU1QL.jpg,Chocolate,all,-0.47603881444979906
../foodsg-233\char siew\TYKNTDXKV6FBALTTJPHDNJCS.jpg,char siew,all,-0.4760316213453617
../foodsg-233\sushi\3Y9ETB8MGD31KBSUF5GY601K.jpg,sushi,all,-0.47602936261903317
../foodsg-233\chicken rice\P4USG7OLTDIX1VKI1S05KENZ.jpg,chicken rice,all,-0.4760256681057418
../foodsg-233\Chocolate\NQONMNDCIL69G1L3DZBG8SIA.jpg,Chocolate,all,-0.4760229819425562
../foodsg-233\Barley\IS0OUWW8DFUBAZUHMCBRYPL3.jpg,Barley,all,-0.47601029085373925
../foodsg-233\Sweets\E7TL5ZNYF23K67MWTZWZ2059.jpg,Sweets,all,-0.4760040186732801
../foodsg-233\Mee siam\4AQJIWFUM2FQA5HNZGOYXXPZ.jpg,Mee siam,all,-0.4760018912414925
../foodsg-233\buckwheat\GGK67Q4XULBWBHVEKM36DU6G.jpg,buckwheat,all,-0.47599794359505493
../foodsg-233\chicken wing\XW9B5QQW5UKDYUYDUR0700QU.jpg,chicken wing,all,-0.4759944911140424
../foodsg-233\assam pedas\FHZFM2CLMWNX9BONLMN8NBOW.jpg,assam pedas,all,-0.47598455097549364
../foodsg-233\steamed buns\EUHD3VTTEAYFSTG88GHH95IZ.jpg,steamed buns,all,-0.4759833048733963
../foodsg-233\chilli crab\9N5CAL7DOGLEN6JIMLL1YXIP.jpg,chilli crab,all,-0.4759806300678021
../foodsg-233\sandwich\JL8NXEEF1LIFSKB297JJWAIR.jpg,sandwich,all,-0.4759786233843566
../foodsg-233\chicken pie\AAWLWA3QEKGAZPXLRXFTHYE3.jpg,chicken pie,all,-0.47597573385050795
../foodsg-233\Udon\Z7IIDL9SUO31359XO5DYTPRY.jpg,Udon,all,-0.4759741760445141
../foodsg-233\ice kacang\ZBAO7W8YHD0JK7NRVP45NWTL.jpg,ice kacang,all,-0.475950279213711
../foodsg-233\sambal\ACDCVHY72BZCYMA9PY1Q1KEA.jpg,sambal,all,-0.4759412842668736
../foodsg-233\dumpling\QOLTQ790WAZVL3Q0LL31FJ9N.jpg,dumpling,all,-0.47594078660305
../foodsg-233\hotplate tofu\5HQG5KX5JYQBS4XVDHQ8AF44.jpg,hotplate tofu,all,-0.4759372648524435
../foodsg-233\pineapple tarts\938GFN1SK61GTJFYOPGFXLQW.jpg,pineapple tarts,all,-0.475935030964644
../foodsg-233\Chocolate\YNVIN5IVOF0YKP2961M77TMK.jpg,Chocolate,all,-0.47592448047726643
../foodsg-233\biscuit\UGMAL9JN3MGKU8CT8OJ1W9DE.jpg,biscuit,all,-0.4759013808407028
../foodsg-233\tutu kueh\F3LJ84E8SBWBDOR4O4AD509A.jpg,tutu kueh,all,-0.47590082074863865
../foodsg-233\Tauhu Goreng\VEA5427GIK44Y5OZ1DXTMDAY.jpg,Tauhu Goreng,all,-0.4758954924496722
../foodsg-233\bak kut teh\M0J8JJ9DV36UN97UJJ8QCT2G.jpg,bak kut teh,all,-0.47589405181692324
../foodsg-233\assam pedas\T0URU9WCPFSBZI0TFWLKJPBE.jpg,assam pedas,all,-0.4758922325515473
"../foodsg-233\Don, chicken teriyaki\15CEHK4TAFQJ7IZ4HV2XYPAZ.jpg","Don, chicken teriyaki",all,-0.47588948662766406
../foodsg-233\chicken rice\E24E7WJI1MBBS7VUJ3SNNQRP.jpg,chicken rice,all,-0.4758840293653423
../foodsg-233\chilli crab\0ICYQBWHHX6E2X5A8KQMU5WY.jpg,chilli crab,all,-0.47587984543683187
"../foodsg-233\Rice, chicken katsu with Japanese curry\1HT4DA67MZBGT87BNSSBSSDP.jpg","Rice, chicken katsu with Japanese curry",all,-0.47584888733930925
../foodsg-233\baked beans\201U9PDLTONI5MISW0KXIA18.jpg,baked beans,all,-0.4758479328225478
../foodsg-233\Seafood Noodles Soup\TI81Y1U39XIW1985HSKAQ1E6.jpg,Seafood Noodles Soup,all,-0.47584618878572343
../foodsg-233\sandwich\MG1V73973V5LEX1FIN20N1J6.jpg,sandwich,all,-0.47582947427103595
../foodsg-233\otak\6CEDM523YE8GSS1Z5SLEFYTI.jpg,otak,all,-0.4758280418321389
../foodsg-233\lontong\VLGAI4FLREV3YFQLSBON16SV.jpg,lontong,all,-0.4758249756227266
../foodsg-233\ice kacang\TG8PU3HYPIO0EL6R4B3IB9KA.jpg,ice kacang,all,-0.4758236170151672
../foodsg-233\Laksa\69TP7JNMTCE6VFWVPZRQFHDN.jpg,Laksa,all,-0.47581224446870685
../foodsg-233\biscuit\29B29PC32R7XYTSVQFPWYG3B.jpg,biscuit,all,-0.47580799181508954
../foodsg-233\bak chor mee\X7J42OU3RDR7L7RQHZ1E59RK.jpg,bak chor mee,all,-0.4757976918926508
../foodsg-233\sandwich\KK0M3TGPJ3JYP0DFCUIOZ2JN.jpg,sandwich,all,-0.475773490724605
../foodsg-233\breakfast cereal\U2N27OHBF9I0MBY4Q2GXP5UW.jpg,breakfast cereal,all,-0.47575847792494824
../foodsg-233\biscuit\TQYCCCVGI34DSQU25W14ZAYW.jpg,biscuit,all,-0.4757525591524766
../foodsg-233\lontong\B2NPKEW7NMED2LCZKQG631NU.jpg,lontong,all,-0.4757407447398899
../foodsg-233\breakfast cereal\MJK43AQ7XFMQ7D5YRK7ZX1Y2.jpg,breakfast cereal,all,-0.47573518127724995
"../foodsg-233\Rice, chicken katsu with Japanese curry\5H9HZ5ACUBOW4C9IJFXKK3PI.jpg","Rice, chicken katsu with Japanese curry",all,-0.47573378447892023
../foodsg-233\mixed grills\M2GZRWJLTS08W9LUD27YCAUH.jpg,mixed grills,all,-0.47573359412916266
../foodsg-233\lasagna\376JQ6WM11TCPWVT7PPWPJ9K.jpg,lasagna,all,-0.4757327610597194
../foodsg-233\wholegrain pasta\CYO0U5X66WFKGS2VP7Q9UMK3.jpg,wholegrain pasta,all,-0.4757268133784652
../foodsg-233\buckwheat\SOB0FNZSH7LBMNLIT6K27MZB.jpg,buckwheat,all,-0.4757188229469855
../foodsg-233\mango pudding\W8UFOPOYO5GDKWRPJNH7BL2K.jpg,mango pudding,all,-0.4757174673427965
"../foodsg-233\Wanton mee, dry\LBBPWD6K77C7YA75AM9V5GGT.jpg","Wanton mee, dry",all,-0.4757172108109124
../foodsg-233\Nasi Ambeng\JBAQBVEZGA5SDDGRZ9INXF5E.jpg,Nasi Ambeng,all,-0.4757124052789014
"../foodsg-233\Rice, chicken katsu with Japanese curry\VCJ2YG8ZCKKLW6X0V46OYUVL.jpg","Rice, chicken katsu with Japanese curry",all,-0.4757036774800248
../foodsg-233\assam pedas\GTZNE5IJAPZG1J1Q84ZW24QQ.jpg,assam pedas,all,-0.47570002869378686
../foodsg-233\sirloin steak\P9EWZSMN7N7JY5JY4F3W2ZUY.jpg,sirloin steak,all,-0.4756928703443072
../foodsg-233\murtabak\IFHFTP0V687SHYE8L58CNU6A.jpg,murtabak,all,-0.4756727862107878
../foodsg-233\Snacks and Chips\042RXL2F99IYMQSQSFS1VQGP.jpg,Snacks and Chips,all,-0.4756660955498825
../foodsg-233\chicken chop\U4FF1JMLSCKT8A8OFJJXRWAR.jpg,chicken chop,all,-0.4756657453670658
../foodsg-233\Pung Kueh\9978773LYI1B77JBZLGJ89XL.jpg,Pung Kueh,all,-0.47566526760563105
../foodsg-233\Chocolate\QN84Y5WAVG0FCDSJOCBD4H3D.jpg,Chocolate,all,-0.4756640716377151
../foodsg-233\biscuit\OQU3XYQHWAUSI6R2CSC7EW6U.jpg,biscuit,all,-0.475663480349152
../foodsg-233\sirloin steak\WH1OMSG73EIZW6QN6W4F4EX4.jpg,sirloin steak,all,-0.4756611460912811
../foodsg-233\black pepper crab\M6DXDEE5FHSOE9Q2UDF9QOW9.jpg,black pepper crab,all,-0.47565386101596124
"../foodsg-233\Don, chicken teriyaki\BSX10PX9RN534UFXNXO4V53Z.jpg","Don, chicken teriyaki",all,-0.47563968461685985
../foodsg-233\Peanut Pancake\5B29EL13R959ALTEC7ZWF2QL.jpg,Peanut Pancake,all,-0.47562496017941464
../foodsg-233\beef noodle soup\AHA1K2URVF6YD7U9BVMHQPWG.jpg,beef noodle soup,all,-0.4756065446153585
../foodsg-233\buckwheat\D8SJL7WIEFRPT8R7DZI5YCD2.jpg,buckwheat,all,-0.4756047226818081
../foodsg-233\fish head curry\FWDGFGUAJYVI7YNF6EY5BH60.jpg,fish head curry,all,-0.4755970499983301
../foodsg-233\sushi\J70MAIM1KRGOOD0FBX74DM9M.jpg,sushi,all,-0.4755925653368952
../foodsg-233\fish head curry\KVE4HTK0VLVEGUGZSXP9EKQP.jpg,fish head curry,all,-0.4755886624790215
../foodsg-233\yong tau foo\0CLYJVVSGJGT6BTVKOUEQGN5.jpg,yong tau foo,all,-0.47558798507647704
"../foodsg-233\Bee hoon, soto\SQT34HMU7ILATLRI2119LYRC.jpg","Bee hoon, soto",all,-0.4755879256153895
../foodsg-233\goreng pisang\8QJEULUX3QJVCA13FH8MG7FQ.jpg,goreng pisang,all,-0.4755810478978941
../foodsg-233\lamb chops\H28OC9F79PO4MYX05PSG0AOC.jpg,lamb chops,all,-0.47557850692083425
../foodsg-233\sandwich\6K0LN2WSLMTPTC0EZNH8TA47.jpg,sandwich,all,-0.4755727072762787
../foodsg-233\tumpeng\X8YM7AWQ43PDALP6BTQF6LXU.jpg,tumpeng,all,-0.47557147685064305
../foodsg-233\Snacks and Chips\WZM2U323AQSQHRI5VGSAYOHC.jpg,Snacks and Chips,all,-0.4755699570566137
../foodsg-233\Chocolate\STPJZOL3WPDFBZ3RRTEIIG6C.jpg,Chocolate,all,-0.4755332340194122
../foodsg-233\bak chor mee\HLHM76ZDXUVKFX9IB69M0DWA.jpg,bak chor mee,all,-0.4755312933463777
../foodsg-233\vegetarian bee hoon\SS70C906VRTAJQS4KZ3MBNHT.jpg,vegetarian bee hoon,all,-0.4755240866779003
../foodsg-233\fish head curry\SIIBTGC0GJFUQD1RR48V3I9D.jpg,fish head curry,all,-0.47552198178173977
../foodsg-233\mango pudding\YETMIVDA26GCLBK662NV5KHX.jpg,mango pudding,all,-0.4755217159884885
../foodsg-233\kueh lapis - rainbow\OM8T91GABUAUS6V5PRV7FAMU.jpg,kueh lapis - rainbow,all,-0.47550775244654614
../foodsg-233\Chocolate\MF4ICMFDWAP9N4BLJ3ZAOGY4.jpg,Chocolate,all,-0.47550384991778766
../foodsg-233\dumpling\Q5N0AERB0VJM4F1T6AJTPBCF.jpg,dumpling,all,-0.47548206098271717
../foodsg-233\Snacks and Chips\DP75WSHJ9EKDKGRQDK19HV5F.jpg,Snacks and Chips,all,-0.47546993891101746
../foodsg-233\Chocolate\E28DMTDBRYGUL1V5QUR59D88.jpg,Chocolate,all,-0.47546932355811733
../foodsg-233\fish head curry\KC03PKEZ6JHJPDDSPMWU3RZT.jpg,fish head curry,all,-0.47546695877725265
../foodsg-233\sandwich\PE8SNPAZ49YSJY2CT34SNPZB.jpg,sandwich,all,-0.47546323790651235
../foodsg-233\Sweets\0A844FSVETK21TDHQRK050HB.jpg,Sweets,all,-0.47544963685228975
../foodsg-233\tortilla - plain\GMYM2G75OOZWOZ2X6B0OWM58.jpg,tortilla - plain,all,-0.47544739981941914
../foodsg-233\Soto ayam\I8UE8FV56X1XO4YA33IIYC3W.jpg,Soto ayam,all,-0.4754456804026235
../foodsg-233\char siew\ZIKELRHTCGKILBPF7JMJJTG1.jpg,char siew,all,-0.475442027194112
../foodsg-233\bee hoon\VSNNW7BCUSE36Z3UMA8I7B00.jpg,bee hoon,all,-0.47544167070598825
../foodsg-233\ice kacang\JU9E2NP6Z3VWHA6ZO4EJXBAW.jpg,ice kacang,all,-0.47543108254390765
../foodsg-233\mixed grills\U2EV8AZXGGT33FN5DF6IC1W7.jpg,mixed grills,all,-0.47540771366665624
../foodsg-233\Udon\2OQ6HKXIQY4Y5IG2ZH84FVWO.jpg,Udon,all,-0.4754055705952317
../foodsg-233\Nasi Ambeng\OMHQZIA2DNZBMT8EFKF9764M.jpg,Nasi Ambeng,all,-0.4754025564886943
"../foodsg-233\Don, unagi\3AFCJASY8DXGSAIIDIK65CQ1.jpg","Don, unagi",all,-0.4753903261358914
../foodsg-233\Nasi Ambeng\N9VDI2AHQ64S5UCJG7MNMVZU.jpg,Nasi Ambeng,all,-0.475384249200691
../foodsg-233\green leafy vegetables\Z1BQLTA2E31JNSY90GGO2DNP.jpg,green leafy vegetables,all,-0.4753752630142787
../foodsg-233\lasagna\5JK4H5WO38QQ2AZ5X8GHFWSQ.jpg,lasagna,all,-0.47537147954106346
../foodsg-233\tumpeng\TPPG4CFA6L5FQCD21I78YHEN.jpg,tumpeng,all,-0.47536856266073285
../foodsg-233\Katsudon\EGTLXMGHWUC5UGMALNPFXYN9.jpg,Katsudon,all,-0.4753668826319883
../foodsg-233\lamb chops\497L1MXEYCY5N3Y64JWKVEXR.jpg,lamb chops,all,-0.47536683282189335
../foodsg-233\murtabak\6EOGIMJP84YLA412104INMJO.jpg,murtabak,all,-0.47536430417452114
../foodsg-233\Tauhu Goreng\UPEX0OZRTCB1P23VVWI9K8FL.jpg,Tauhu Goreng,all,-0.47536271340503955
../foodsg-233\Pung Kueh\JL36WA9GERGFCFLYNJ4CN0SC.jpg,Pung Kueh,all,-0.47535432984321324
../foodsg-233\Hor Fun\N5E8WWFKH2TYU2IUX57GMB35.jpg,Hor Fun,all,-0.47535147535831807
../foodsg-233\hotplate tofu\K4N71IVA7XI3IVI0HXNOEUXV.jpg,hotplate tofu,all,-0.47533312197328553
../foodsg-233\dumpling\EFI5EM0VOUJS2AM545FEA7GN.jpg,dumpling,all,-0.47532601528661284
../foodsg-233\Chocolate\RROZJ9QMRBQHA504N3BWV8XJ.jpg,Chocolate,all,-0.4753111973715243
../foodsg-233\ngoh hiang\Q3FW9C6CFLC52NTK3XV0GALX.jpg,ngoh hiang,all,-0.47531095691254527
../foodsg-233\Indian Pancake\PIWZ4T105S5SBXDS7CZWLCSC.jpg,Indian Pancake,all,-0.4753087037746955
../foodsg-233\Lor mee\YV4XZKHG1XORT4STEUPPIV9Z.jpg,Lor mee,all,-0.47530769158801495
../foodsg-233\fish head curry\A7HJ2UOK3NQ3DC3FWXNSGXB3.jpg,fish head curry,all,-0.4752978701356666
../foodsg-233\bee hoon\IVCR92B4BNTC05NIX7FXXP37.jpg,bee hoon,all,-0.47529686639458113
../foodsg-233\fried prawn\86YONBG4VPNAL5CCG27ZK1GL.jpg,fried prawn,all,-0.4752967118926998
../foodsg-233\char siew\8V2LX0MSSYFOJXD2WG5VUXCN.jpg,char siew,all,-0.47529242365847635
"../foodsg-233\Rice, with dakgalbi\AEB7KL9VZHQHPT04ML5VM6X0.jpg","Rice, with dakgalbi",all,-0.4752854127345647
../foodsg-233\ngoh hiang\CSIINMKB6VELE5UIFPFGJ53U.jpg,ngoh hiang,all,-0.4752734967874027
../foodsg-233\Chocolate\FIBP1A1A11U6WRT5YORQAHII.jpg,Chocolate,all,-0.4752704487349348
../foodsg-233\char siew\1V82GW7FRHLDSN5WHMCEL58K.jpg,char siew,all,-0.47526864213197884
../foodsg-233\hotplate tofu\B2V1S48T9UPMUXWNM0PZEJG5.jpg,hotplate tofu,all,-0.475261754604219
../foodsg-233\Chocolate\0LNAJZEH55HDJ0DY96NJ76PL.jpg,Chocolate,all,-0.4752590955413824
../foodsg-233\mango pudding\OY5HNXPJW3WDYM8J9QKPRQ3W.jpg,mango pudding,all,-0.47525011542133055
../foodsg-233\char siew\1LEYX43ZU8UX24KS7VSHX25J.jpg,char siew,all,-0.475249913877571
../foodsg-233\buckwheat\GEERAD9FGKWNRFVXINDJ8IKF.jpg,buckwheat,all,-0.47524913804528696
../foodsg-233\salmon - grilled\BM4JY7Y0MU10QVE65C9Q66BA.jpg,salmon - grilled,all,-0.47524167047098786
../foodsg-233\Peanut Pancake\D0JTZHF3IMB8DH6TBWU39WQZ.jpg,Peanut Pancake,all,-0.47524027471504193
../foodsg-233\ngoh hiang\QGC1902RC61UTRKCAYU3DSUN.jpg,ngoh hiang,all,-0.4752378565455709
../foodsg-233\bak chor mee\IRO5RRKZDCY9W9TUKH06IEYE.jpg,bak chor mee,all,-0.475235737736001
../foodsg-233\chicken rice\B2GSLLDMMS7DDMJDJ8J3JHOO.jpg,chicken rice,all,-0.47522716302940143
../foodsg-233\ngoh hiang\LF6GSCKSDRO2HS7TK34Y638K.jpg,ngoh hiang,all,-0.47522677271829034
../foodsg-233\Chocolate\82S97FLPHR0S0YSD2B0CV6T0.jpg,Chocolate,all,-0.47521951435811
../foodsg-233\bak kwa\3698HB73JCTHTV2U26JDTTBP.jpg,bak kwa,all,-0.47521545499779744
../foodsg-233\bak kut teh\22456DI8VHTF7MBP05JCRDGY.jpg,bak kut teh,all,-0.4752046196209232
../foodsg-233\Sweets\S58I7ZPD19G0HSNOIL0BMK8S.jpg,Sweets,all,-0.47519765409461323
../foodsg-233\chin chow drink\PY04R383TT69PGWLVABVQBF9.jpg,chin chow drink,all,-0.47519166040564637
../foodsg-233\tutu kueh\AZETYJWOFE7IAYAOQCQQHEHH.jpg,tutu kueh,all,-0.4751816214438122
../foodsg-233\goreng pisang\NPFI07S6RE4ZHU8P601AGGIR.jpg,goreng pisang,all,-0.4751744850524468
../foodsg-233\seaweed snack\VLPIQ0HTYHOHCIW3Z8O5AVMY.jpg,seaweed snack,all,-0.4751664017433292
../foodsg-233\Chocolate\HSH17ZBRLMARKWIYJ4N3QCRE.jpg,Chocolate,all,-0.47515520864259164
../foodsg-233\Tauhu Goreng\Y3SO0L4U13W8MXK5ERN6ZQDB.jpg,Tauhu Goreng,all,-0.4751498780928273
../foodsg-233\Lontong with sayur lodeh\TJN2VTVQK0D2UTA3G5SAFX3M.jpg,Lontong with sayur lodeh,all,-0.4751493041471983
../foodsg-233\Katsudon\PC14E5UD5MS5FHCM6KKH2Y3H.jpg,Katsudon,all,-0.47514570878507706
../foodsg-233\bak kwa\0ZRCD7KGL8D5LKNTYLBR5PUE.jpg,bak kwa,all,-0.4751416365895648
../foodsg-233\Snacks and Chips\7MN8ZNKL80TRKP14552M9DYN.jpg,Snacks and Chips,all,-0.4751397135618362
../foodsg-233\green leafy vegetables\4LLBSMEM1A41XAB23K8EGW53.jpg,green leafy vegetables,all,-0.47511651944781796
"../foodsg-233\Don, chicken teriyaki\N2KDY71NDG4HUYS3E0S5QY8D.jpg","Don, chicken teriyaki",all,-0.4751079015047337
../foodsg-233\Instant Cereal Drink\6KPTW2SD1ZE3ANS17MCKNC3V.jpg,Instant Cereal Drink,all,-0.47508103729649837
../foodsg-233\sushi\RRF3FPRAIZNJCUISH9BCOPES.jpg,sushi,all,-0.4750602071099008
../foodsg-233\lontong\KJAUXLZZZBMDI7L22P8H4L0M.jpg,lontong,all,-0.47505988476373345
../foodsg-233\Nasi Ambeng\HGC43W3ZN7CXEJ0LUF01B4VD.jpg,Nasi Ambeng,all,-0.4750550075735
../foodsg-233\bak chor mee\LHU5EV1MM6LXAXEH6QHPWFGK.jpg,bak chor mee,all,-0.47503891800772396
../foodsg-233\breakfast cereal\WVRLK17OMFK1SH13MEQS4U5H.jpg,breakfast cereal,all,-0.4750345680213114
../foodsg-233\Bibimbap\O3PNSBSZ5S2IWPQZFJ9QY9ZX.jpg,Bibimbap,all,-0.4750196465601868
"../foodsg-233\Bee hoon, soto\HCOBFH4F2WEU5PZFJMOA3SIL.jpg","Bee hoon, soto",all,-0.4750082241313249
../foodsg-233\buckwheat\IIJOG68LMN0NMSDH70T7HOXU.jpg,buckwheat,all,-0.47500615004635244
../foodsg-233\mixed grills\3N45F9D5QFIX3WM29919VADO.jpg,mixed grills,all,-0.4749892802978257
../foodsg-233\char siew\R53E4RY7LXLV3YBI9VUF9C0Q.jpg,char siew,all,-0.47498582388791305
../foodsg-233\breakfast cereal\48XNCB5NEPTX0AGL3QFXOF9Z.jpg,breakfast cereal,all,-0.4749742762666019
../foodsg-233\Chocolate\KB5OLHT5NBJ0F2SPD9GWPI7R.jpg,Chocolate,all,-0.4749648130792062
../foodsg-233\fish head curry\14AT6YBT2JBPO0GICDUTDMTU.jpg,fish head curry,all,-0.47496139127225023
../foodsg-233\Chocolate\0816J2E3PT70Z7XMM9HC8XOB.jpg,Chocolate,all,-0.4749565731102572
../foodsg-233\buckwheat\WU1AU1CNU0Q3DLND0EL6D9DV.jpg,buckwheat,all,-0.4749537042422465
../foodsg-233\mixed grills\FM2UA0DTW8HPZ81J6F5US4ZD.jpg,mixed grills,all,-0.47494662872095095
../foodsg-233\tutu kueh\L7ZRYS3JAJ8VS1H4WFELSACF.jpg,tutu kueh,all,-0.4749363640484547
../foodsg-233\lasagna\W2G7XHSV60YXVF8J03CAJNDU.jpg,lasagna,all,-0.4749292417891851
../foodsg-233\mixed grills\SIM09PXY3NF4K69UEQ5SY0IK.jpg,mixed grills,all,-0.47492367969986515
../foodsg-233\sandwich\UNAIPO3BMGEXWAUX0O5V9YG9.jpg,sandwich,all,-0.47491654360096186
../foodsg-233\Bibimbap\O1CWTN5ZPAOTWC5PRLO3E19T.jpg,Bibimbap,all,-0.4749143219660368
../foodsg-233\Katsudon\924QQ6JJMWYHWWBHGAP4V4DB.jpg,Katsudon,all,-0.4749030329906233
../foodsg-233\char siew\5ARORMW4XMT6MXIL2AYWY2FV.jpg,char siew,all,-0.4748944160737097
../foodsg-233\Chocolate\XGKP9YPTXHUQN7JHMZ17ZRJ3.jpg,Chocolate,all,-0.4748839447451827
../foodsg-233\buckwheat\QPJW6EOV9AT91UMXOPR5ILP8.jpg,buckwheat,all,-0.4748705937684132
../foodsg-233\tortilla - plain\VQXNTDOAVU6LIK8FV46TGMTW.jpg,tortilla - plain,all,-0.47486902009081294
../foodsg-233\Soto ayam\6Y7RSKA8ABA1BCWY1HJ10DSL.jpg,Soto ayam,all,-0.4748648184231333
../foodsg-233\yogurt\QXPDTYX6CV1IGMMEX8I7OU86.jpg,yogurt,all,-0.4748529354298866
../foodsg-233\Indian Pancake\MWJ7WY1EN5SL4SBOBNZJSD2K.jpg,Indian Pancake,all,-0.4748496744349385
../foodsg-233\fried fish\467LWYO1PO8JWGQWM71ADU66.jpg,fried fish,all,-0.47484182670020586
../foodsg-233\chicken chop\WQZMEY1JXSANU2BPBRJHD8I5.jpg,chicken chop,all,-0.47483686114200074
../foodsg-233\bagel & croissant\01EF2P9VGXULOM5ARZAIPKR8.jpg,bagel & croissant,all,-0.4748343976297043
../foodsg-233\vadai\67THQUREDSHUEW1VK0WHXNY4.jpg,vadai,all,-0.4748314500453014
../foodsg-233\Tauhu Goreng\GQJ58CYSN4LACFQA39ZEFZB7.jpg,Tauhu Goreng,all,-0.47483073158367384
"../foodsg-233\Rice, chicken katsu with Japanese curry\G5ID60N9LCT3AX5S3NSNLTLK.jpg","Rice, chicken katsu with Japanese curry",all,-0.47482760746062486
../foodsg-233\fried fish\81SX42FXER4YM9J8UBEDOVZ7.jpg,fried fish,all,-0.474804566149618
"../foodsg-233\Don, unagi\Q1TH2RB6NV4SGAPBG6IBY1F7.jpg","Don, unagi",all,-0.4747988220889257
../foodsg-233\salmon - grilled\7S83P80U5E5FENSRCUJAWLCB.jpg,salmon - grilled,all,-0.4747732712031488
../foodsg-233\vadai\PHPO0UWOTGY61V1J6ER0K2UV.jpg,vadai,all,-0.4747680191344035
../foodsg-233\Sweets\0Y59MVB8XKTKFXRBJ08YTDHE.jpg,Sweets,all,-0.47476623994282985
../foodsg-233\beef noodle soup\UF8LXOBGDVJTB7CLO7HTBARI.jpg,beef noodle soup,all,-0.4747660083282673
../foodsg-233\chicken pie\UX3DQXA6FS7RP47G4UEGDI3O.jpg,chicken pie,all,-0.4747610516599587
../foodsg-233\tutu kueh\RLLLBPNW341LORZVBQ0WWKCH.jpg,tutu kueh,all,-0.4747489675278987
../foodsg-233\fried prawn\G6A2JJFY7EW374BHY7V4RJBO.jpg,fried prawn,all,-0.4747317090153757
../foodsg-233\assam pedas\9I1T3DS36J1E8FSFEIUD73S8.jpg,assam pedas,all,-0.47470935174513884
../foodsg-233\char siew\L5PKNWU575NOJDUK8KVSJI5A.jpg,char siew,all,-0.47470286047169663
../foodsg-233\Mee siam\NNWLGTCVKWTN8B0KSUK87SAE.jpg,Mee siam,all,-0.474690775849691
../foodsg-233\seaweed snack\IMLE04B3J5JMIRRWFAAXI5Y3.jpg,seaweed snack,all,-0.4746858572755955
../foodsg-233\bagel & croissant\7DOLCZ8S4T0H9QS34S14KO2U.jpg,bagel & croissant,all,-0.4746824860072648
../foodsg-233\cheese fries\2SSLHUZNZARSYCMHPWPNCUXL.jpg,cheese fries,all,-0.4746816267245676
../foodsg-233\chicken rice\GN7KMXJBOFIHJCUCDH4P6MBL.jpg,chicken rice,all,-0.47466917001349324
../foodsg-233\chicken chop\A91IZ83C588QGTJSJ0O52UI2.jpg,chicken chop,all,-0.47466347614172083
../foodsg-233\Indian Pancake\RA8A24RG4W4PV14NYR8LYWDH.jpg,Indian Pancake,all,-0.47465590621088194
../foodsg-233\dumpling\8AFEBGE1SFY50DEB2BPTT2CQ.jpg,dumpling,all,-0.4746542659334251
../foodsg-233\Indian Pancake\L1B7QHZXLA1HDW1FJVZAXKAW.jpg,Indian Pancake,all,-0.4746482123512106
"../foodsg-233\Don, unagi\P0AZUFVOZES5EEQ7430EGK1O.jpg","Don, unagi",all,-0.4746480078143566
../foodsg-233\ngoh hiang\QU2YW0NEWSNUZS54JO5X5SD0.jpg,ngoh hiang,all,-0.4746447461100098
"../foodsg-233\Chap chye, Nonya\VR0247SR0JTWZ532INL9H71M.jpg","Chap chye, Nonya",all,-0.47463948043674425
../foodsg-233\ice kacang\J9248F0GJB92JQF10FBVVQ9P.jpg,ice kacang,all,-0.47463819977114274
../foodsg-233\salmon - grilled\1YOCAC9F5AWO48DHJK3RXDW3.jpg,salmon - grilled,all,-0.47463379590484234
../foodsg-233\lontong\7WZ0F5NMWNOFUCRAR9EMOD3M.jpg,lontong,all,-0.4746251754899643
../foodsg-233\sambal stingray\HKPDPD1XST89WPIHGL0511V4.jpg,sambal stingray,all,-0.47462021668204807
"../foodsg-233\Bee hoon, soto\YWRMNPNKMGKG86L1X14PG6GA.jpg","Bee hoon, soto",all,-0.4746142169019878
../foodsg-233\Chocolate\DA5OMJYX2U4ALLNG7TMOLZ3I.jpg,Chocolate,all,-0.47460352838667647
../foodsg-233\buckwheat\43DY29TRHUY8GS9XEIAIQ0T7.jpg,buckwheat,all,-0.47459794454730764
../foodsg-233\yong tau foo\ZAPJ5M4777H7Z2TJBMSF4H86.jpg,yong tau foo,all,-0.47459558424405174
../foodsg-233\Snacks and Chips\UVRLNNJA29853HYX5O87KIXT.jpg,Snacks and Chips,all,-0.4745929354730569
../foodsg-233\lamb chops\1QNCMTOBGZ7Z4GK18BD60564.jpg,lamb chops,all,-0.47456474840414575
../foodsg-233\cheese fries\9YOP7T0WZ1WSO6E5J93FW8OB.jpg,cheese fries,all,-0.4745591486561247
../foodsg-233\bagel & croissant\PI6JJCB0ZV5VZQJJ1IH35YGN.jpg,bagel & croissant,all,-0.4745549809110401
../foodsg-233\bak kut teh\BNIPF305L3QP6IIDZ2P44LQ3.jpg,bak kut teh,all,-0.4745511743227398
../foodsg-233\sambal\FZO8X9LDL4IASXA9IQ4FFIEV.jpg,sambal,all,-0.47454558319715934
../foodsg-233\black pepper crab\89NAMJFRLE668CTOUEYZQRQ9.jpg,black pepper crab,all,-0.47452835352896544
../foodsg-233\Chocolate\BILGMNCZ61QJ66FGG9HZDRVI.jpg,Chocolate,all,-0.4745195242238997
"../foodsg-233\Bee hoon, soto\ZTSW4S65N58ZFFZ2DLQ8HW2I.jpg","Bee hoon, soto",all,-0.47451753130336133
"../foodsg-233\Rice, with dakgalbi\H8HAS5BTXR2IY5WKQ9UTPGDW.jpg","Rice, with dakgalbi",all,-0.474510091613839
../foodsg-233\cheese fries\GOFSIX5T24Z0C648ZIDHIEGS.jpg,cheese fries,all,-0.47449576385916686
../foodsg-233\lontong\5PG9HEEZWEOESP1S62G7HX8M.jpg,lontong,all,-0.47449285292714605
../foodsg-233\seaweed snack\VZXPQW22CZ4GS0VNJR0213SX.jpg,seaweed snack,all,-0.4744924429977355
../foodsg-233\Chocolate\JR51SOIHWAVYBWJYT561Z48C.jpg,Chocolate,all,-0.4744923735403821
../foodsg-233\Lor mee\KBVNFHSGIUOB3PQ29XHT8VWT.jpg,Lor mee,all,-0.4744833535037709
../foodsg-233\otak\R0YZBJDZ1N0RYUZ4O5Z2AR94.jpg,otak,all,-0.4744821143662954
"../foodsg-233\Bee hoon, soto\5MQ0XSJ1LO8ZAJD5C5G8COQP.jpg","Bee hoon, soto",all,-0.47448135570019534
../foodsg-233\goreng pisang\XQDBORCSI0R6HKO2FPI5BQM4.jpg,goreng pisang,all,-0.4744798267487272
../foodsg-233\cheese fries\XVYGDD3VWR01VODMZ7IZ85EB.jpg,cheese fries,all,-0.474472446725432
../foodsg-233\bak kut teh\B0XT5ALV4KRAWGZWDCS7C87D.jpg,bak kut teh,all,-0.47446009969239505
../foodsg-233\buckwheat\GZNIU7Y65GH9RH6FO3ZWIPG1.jpg,buckwheat,all,-0.4744550525028035
../foodsg-233\bak kwa\J4WXTV611UO4O8ZBF2SXQI18.jpg,bak kwa,all,-0.4744544110298351
../foodsg-233\Sweets\RH59MPXAKLH0769UGYLC2RPU.jpg,Sweets,all,-0.47441295308272313
../foodsg-233\chicken chop\1546GGXULE0THG2QAGG7H8FL.jpg,chicken chop,all,-0.47441139172278624
../foodsg-233\Chocolate\6NFFDVXALSOWLLDDIY8NJJ6R.jpg,Chocolate,all,-0.47440842460598637
../foodsg-233\vadai\H03BOBQK3L9B1QNMF6MXWHDA.jpg,vadai,all,-0.4744027442566376
../foodsg-233\Chocolate\EEZPUX06WBPS3D6BFJ8ARQ1G.jpg,Chocolate,all,-0.47440111514191313
"../foodsg-233\Don, unagi\2CTLXFJPF94AKBUPOU78Y97N.jpg","Don, unagi",all,-0.4744010694543631
../foodsg-233\cheese fries\6RA7W9VTYWGWN5M09GPNWY6R.jpg,cheese fries,all,-0.47437991899188525
../foodsg-233\Nasi Ambeng\CQYD5EV6J8PU7TIF3981RZ62.jpg,Nasi Ambeng,all,-0.4743657299332172
../foodsg-233\bak kwa\VWJSOF1ICGTAVP4Z3R890A98.jpg,bak kwa,all,-0.4743637054601213
../foodsg-233\Indian Pancake\4RJWA5BYVO3MUWV50YWXLXPU.jpg,Indian Pancake,all,-0.474359248519144
../foodsg-233\Chocolate\I95QXFE6D5P0FZPNNELK31O8.jpg,Chocolate,all,-0.47435356141067603
../foodsg-233\kueh lapis - rainbow\WXDKHIHHW7UIU2TH8PPWYT2F.jpg,kueh lapis - rainbow,all,-0.47435126879673145
../foodsg-233\Tauhu Goreng\789F5PV9UFKUR1RSKGCLN2XR.jpg,Tauhu Goreng,all,-0.47434259862845674
../foodsg-233\fried prawn\0WTX629CQKSDCS3YMWP792ZC.jpg,fried prawn,all,-0.4743395670219104
../foodsg-233\seaweed snack\P17M39HB5Q47SBUEZI2NBJ6M.jpg,seaweed snack,all,-0.4743391944714073
../foodsg-233\cheese fries\XU8R5JIMMN4FJC7SZPW44C0W.jpg,cheese fries,all,-0.47433586981777354
../foodsg-233\beef noodle soup\06I72HCWKKRWN30LUW89P8YY.jpg,beef noodle soup,all,-0.47431799883279624
../foodsg-233\Chocolate\MWKZPSI88L0MQZP26M1MWNTX.jpg,Chocolate,all,-0.4743176410995622
../foodsg-233\Mee siam\EZKOMIKSOMKX3DNWIYMI08XY.jpg,Mee siam,all,-0.474301806124851
../foodsg-233\Chocolate\SWMKTTUK4RMHFM1UUV47KFAB.jpg,Chocolate,all,-0.4742991028704555
../foodsg-233\cheese fries\TBYVH2QASNPJKKDSEFLWD3IM.jpg,cheese fries,all,-0.47428642678726446
../foodsg-233\buckwheat\ESPL2P4WWM9CVMD6LZVGSJV8.jpg,buckwheat,all,-0.47428106603101816
../foodsg-233\goreng pisang\D4YMTI0Y9TIK9JRWD5UAHWIU.jpg,goreng pisang,all,-0.4742750598476199
../foodsg-233\Nasi Ambeng\6JQ3GYV7V4HCI8WZPFR5R97K.jpg,Nasi Ambeng,all,-0.4742731841235483
"../foodsg-233\Rice, chicken katsu with Japanese curry\WZU4IS5HQLFCFFM7SI97FDTS.jpg","Rice, chicken katsu with Japanese curry",all,-0.4742652400308093
../foodsg-233\Chocolate\D8HES5D0FLIJR9KB8P2FTYBD.jpg,Chocolate,all,-0.4742586535338967
../foodsg-233\fried prawn\R5JIZQFGJAOVN5DX0TRUSH8Z.jpg,fried prawn,all,-0.4742524862413642
../foodsg-233\fried prawn\QC3Y5GD9JPLZ6NX1PPA4DH5J.jpg,fried prawn,all,-0.47423624109400675
../foodsg-233\murtabak\GH6L9S11I6UMNOVY3AT9X3BA.jpg,murtabak,all,-0.47421711009754675
../foodsg-233\mango pudding\N407I9H2KRM45EG3HXA3MDAH.jpg,mango pudding,all,-0.47421634605213525
../foodsg-233\ice kacang\VLE8V8206ZWRP4IUVSBKXFHM.jpg,ice kacang,all,-0.47421379755300425
../foodsg-233\seaweed snack\TNZUPIU23WAX8N2M5OXPQWBS.jpg,seaweed snack,all,-0.47420927306799104
../foodsg-233\Chocolate\KZAOSGH0IPND8D4XOM3K9W53.jpg,Chocolate,all,-0.4742082187789502
../foodsg-233\Chinese fritters\0G2RFHLKATLBNZVII19B5JKF.jpg,Chinese fritters,all,-0.47420682713972195
../foodsg-233\Indian Pancake\0B2NV7ADLSKV76267762D2HJ.jpg,Indian Pancake,all,-0.47418732996189233
../foodsg-233\chicken rice\ZN48B342YXW1KBD6URLQL1EA.jpg,chicken rice,all,-0.47417382926703966
../foodsg-233\dumpling\S32XX1H5HPVUNLGV47CQ8SRV.jpg,dumpling,all,-0.47416481059035936
../foodsg-233\tumpeng\G5L0CEHXMSEW5FQVU1HHLEZ9.jpg,tumpeng,all,-0.4741646803160525
../foodsg-233\char siew\HBRNX4W8Z48VH23W3PWVA5MU.jpg,char siew,all,-0.4741604472679327
../foodsg-233\char siew\N5J6IWAB1E2J6PFA69POHPQJ.jpg,char siew,all,-0.4741582182942191
../foodsg-233\lasagna\AQXO1QORQE42HGE9CF6VRC9C.jpg,lasagna,all,-0.47414384491607003
../foodsg-233\Sweets\2QRL2NLE65CTK6MP1J2GW153.jpg,Sweets,all,-0.474130779101363
../foodsg-233\chicken chop\F7O7VVHKTQHJUKA71RGWBMNJ.jpg,chicken chop,all,-0.47412710979317413
"../foodsg-233\Bee hoon, soto\51U11WXJYYBLLFLJKB325MMO.jpg","Bee hoon, soto",all,-0.47412603743371906
../foodsg-233\chicken pie\MKO5BMJ58ESA9C2BLMV3QS53.jpg,chicken pie,all,-0.4741242678122938
../foodsg-233\bak kut teh\0UKHISVN8IO46B22RPLVMZ68.jpg,bak kut teh,all,-0.4741132220146565
../foodsg-233\murtabak\YVKPTFND4UC81K1L9FDEF4S2.jpg,murtabak,all,-0.47410366345663835
../foodsg-233\chicken pie\PQCCWF3GWFXN3F4YEKNZMEB6.jpg,chicken pie,all,-0.47410058903877483
../foodsg-233\tumpeng\511MX8431JI8RN7A6CH8LJT8.jpg,tumpeng,all,-0.4740947642087725
../foodsg-233\buckwheat\16PL62KSU4U9PKTNMDOT3T1L.jpg,buckwheat,all,-0.4740812492435793
../foodsg-233\cheese fries\6YYP9PTWUN8RL4BXEHWUVUJG.jpg,cheese fries,all,-0.47407494169235576
../foodsg-233\Pung Kueh\EYFV6UXYUBLQ8QZL9Z7ZQ7BX.jpg,Pung Kueh,all,-0.4740446221295173
../foodsg-233\Chocolate\XDF4JKFMM7OOJ09Q6QPD8CPV.jpg,Chocolate,all,-0.4740345172573547
../foodsg-233\Snacks and Chips\Z4IKBB1635XI1741AJVRK4KS.jpg,Snacks and Chips,all,-0.47403029859061624
../foodsg-233\tutu kueh\LPY8VH1DGL2T712TLPX1JCRK.jpg,tutu kueh,all,-0.474016845948181
../foodsg-233\sandwich\Z5OXVOBM8R7PLOVMYALBP8G6.jpg,sandwich,all,-0.474014954418795
../foodsg-233\Nasi Ambeng\C60X2F9X8OETCAC79ZX5UMPA.jpg,Nasi Ambeng,all,-0.4740145128491677
../foodsg-233\tortilla - plain\DROOWQ9O3PJFP2ENTV4DVHOD.jpg,tortilla - plain,all,-0.4740128872106188
"../foodsg-233\Rice, with dakgalbi\URP1YSUFOTKZLA7EVNFZC92M.jpg","Rice, with dakgalbi",all,-0.4740095491918064
../foodsg-233\roti john\VE1Y1SULGPKUY72UBW4I3WVP.jpg,roti john,all,-0.47398768200405844
../foodsg-233\ayam penyet\YBJHSNLMTZWZIL29MG8CSQLY.jpg,ayam penyet,all,-0.47396827051717255
../foodsg-233\sandwich\3QE9OCRWN3BN68XNGV6YN7TJ.jpg,sandwich,all,-0.4739646600926992
../foodsg-233\Chocolate\TAOEDD0A4QEC665O1VS0OL3G.jpg,Chocolate,all,-0.47396132907353605
../foodsg-233\beef noodle soup\CE9IC9W0JTVL79HERV2X366G.jpg,beef noodle soup,all,-0.47395403980922307
../foodsg-233\char siew\OEI6909615E63O1CMCA1SHU7.jpg,char siew,all,-0.47394329864274554
../foodsg-233\goreng pisang\1R7D6NKFDZMVUT0NGDRRBD2Y.jpg,goreng pisang,all,-0.47394310202309015
../foodsg-233\hotplate tofu\LJA6MVR2QYT3D2TV8JIG3J63.jpg,hotplate tofu,all,-0.4739406116621189
../foodsg-233\dumpling\PINJT1GXWKUCG2H554V0H2S9.jpg,dumpling,all,-0.4739404965291146
../foodsg-233\Duck Rice\IGRV6F8TDESXN8U412NH4UB1.jpg,Duck Rice,all,-0.4739356091224991
../foodsg-233\Sweets\L8E42TP8Y6EYC271JCEG3ALN.jpg,Sweets,all,-0.47392815421554946
../foodsg-233\Instant Cereal Drink\LH12WZE6XNIBS741O212101K.jpg,Instant Cereal Drink,all,-0.47391779003652484
../foodsg-233\sambal stingray\ZEQVS7VCI7ZKPX60ERKSAHXX.jpg,sambal stingray,all,-0.4739054511655432
../foodsg-233\Chinese fritters\GBSL21IPBG7TEYQNZQEQB3YP.jpg,Chinese fritters,all,-0.4739019202406609
../foodsg-233\pineapple tarts\B9YTIUBACYXNH73MSSDB950E.jpg,pineapple tarts,all,-0.4738930647424641
../foodsg-233\pineapple tarts\RYEYJXH13TK9K4IR7OD36RWE.jpg,pineapple tarts,all,-0.47388870105705466
../foodsg-233\ice kacang\8TTU2W4DOHTLM7QTT19EOTVJ.jpg,ice kacang,all,-0.47388703278753064
../foodsg-233\char siew\Z9AKPP9R6VPUX6WPY20SIQUR.jpg,char siew,all,-0.4738748546807967
../foodsg-233\Chocolate\AFC8MP2HGU9X292AVOMVLN11.jpg,Chocolate,all,-0.4738741689630638
../foodsg-233\buckwheat\KRI1JY6WXN2GIPB0MP6L3RZV.jpg,buckwheat,all,-0.47387349908275017
../foodsg-233\pineapple tarts\19XJ89AKBZ9QCC3DF8SQ6LP1.jpg,pineapple tarts,all,-0.47387087714052833
../foodsg-233\Chinese fritters\UZ1KIWMS7CJ5793TJSDG0A2N.jpg,Chinese fritters,all,-0.4738672237071253
../foodsg-233\Snacks and Chips\VXO01H5BI7X629C4SMHG7R4D.jpg,Snacks and Chips,all,-0.4738632269853839
../foodsg-233\bagel & croissant\G87UQMU55CJEYJOLGE0XJM8S.jpg,bagel & croissant,all,-0.4738628933950621
../foodsg-233\Chinese fritters\X8X99GY9FDR3KYVIEGL39NS1.jpg,Chinese fritters,all,-0.47386068880579596
../foodsg-233\Sweets\R4QAP379IQT5DYLALJ0HODWG.jpg,Sweets,all,-0.47384251946260864
../foodsg-233\dumpling\UHV5YEUCQE1HBCXU9TIKILC3.jpg,dumpling,all,-0.4738141407746972
../foodsg-233\seaweed snack\1KTPLUIIEA7JATOPOQGNQE0G.jpg,seaweed snack,all,-0.47378337395550163
../foodsg-233\Soto ayam\FCRHLX1VNNS3T1ZVNZLY9YWS.jpg,Soto ayam,all,-0.4737831839778806
../foodsg-233\lamb chops\O06R6Y1NVHEJ52AX3IGY1BNC.jpg,lamb chops,all,-0.4737702578382768
../foodsg-233\fish head curry\UI9PXQNNZ8GNVS8YBHCVCKII.jpg,fish head curry,all,-0.4737692801847247
../foodsg-233\fish head curry\970UZCP4Z04IRZ52PQLX95A6.jpg,fish head curry,all,-0.47376926617391507
../foodsg-233\mixed grills\PXC6FP142SJ836UAT2SHLBM2.jpg,mixed grills,all,-0.4737673407283376
../foodsg-233\murtabak\C02A9NIHQVCQWUVSPW823234.jpg,murtabak,all,-0.4737628438722426
../foodsg-233\rice dumpling\UTZXAQ0INE4RLCLH8WBB989G.jpg,rice dumpling,all,-0.4737616398456241
"../foodsg-233\Rice, with dakgalbi\SILFYIU3T3LVBVJKRXICRCV6.jpg","Rice, with dakgalbi",all,-0.4737503289200836
../foodsg-233\Instant Cereal Drink\N1MXBVA5PCMZ2MCFKGM36IQ5.jpg,Instant Cereal Drink,all,-0.4737358685712346
../foodsg-233\sandwich\UP0T55LFOA6HI9YEVM4E4B0A.jpg,sandwich,all,-0.47373282915611886
../foodsg-233\kueh lapis - rainbow\AY1XF2JM0RSFUTLLXF86DYYL.jpg,kueh lapis - rainbow,all,-0.4737173928550116
../foodsg-233\lamb chops\70FEHOF559OJTLPP5AE8OCFP.jpg,lamb chops,all,-0.4737073172995815
../foodsg-233\Tauhu Goreng\C28QSSV837Y3XJ6EWQ2O5SK2.jpg,Tauhu Goreng,all,-0.47369984348848876
../foodsg-233\bak chor mee\J8I1XI5UY2QV3WC9KU6QTRRX.jpg,bak chor mee,all,-0.4736995977676654
../foodsg-233\char siew\AUFA6JPX21L4YPKI28F8WWD2.jpg,char siew,all,-0.4736989367377473
../foodsg-233\pineapple tarts\4S0X8ZBUI9XFJ5LG4K3KEV5R.jpg,pineapple tarts,all,-0.4736963179473788
../foodsg-233\chicken rice\BKWVQMQPEKX4D8VD7KWF85EI.jpg,chicken rice,all,-0.47369176124784623
../foodsg-233\Snacks and Chips\K7WLRMW7UBLFKRR3974B9K0W.jpg,Snacks and Chips,all,-0.47368317551227324
../foodsg-233\Snacks and Chips\1CT9NBLFZQN7IW1IIDV1QCW6.jpg,Snacks and Chips,all,-0.47368305164864544
../foodsg-233\Chocolate\XIW16ISDSHIAF6AN3VEO8XQT.jpg,Chocolate,all,-0.47367860570154147
../foodsg-233\nasi lemak\CIVWZOTIQV8XUOU1RELD1E47.jpg,nasi lemak,all,-0.4736722953049156
../foodsg-233\black pepper crab\FA4R768X2GUZYA27LTBRGLW1.jpg,black pepper crab,all,-0.4736692928243574
../foodsg-233\tutu kueh\SNWPJNSYOGA7RCTVR4CMYTVN.jpg,tutu kueh,all,-0.4736654579669926
"../foodsg-233\Chap chye, Nonya\BT1VQF014MBFPIJ1N3UKVRB2.jpg","Chap chye, Nonya",all,-0.4736479475658261
../foodsg-233\rice dumpling\RD73ZGWJMUQGC2HN4DE7KLMG.jpg,rice dumpling,all,-0.473644775113338
../foodsg-233\breakfast cereal\CAPJE0K3DBZTYTQLKUU5ZMB5.jpg,breakfast cereal,all,-0.4736379567456097
../foodsg-233\nasi lemak\EQOS9GF4P7EKHGHR6LRLVR7H.jpg,nasi lemak,all,-0.47362340924397744
../foodsg-233\Chinese fritters\P5ZPLCEU8A0EG3MELPQ89AZD.jpg,Chinese fritters,all,-0.4736193152469885
../foodsg-233\yogurt\79G2B0SX7NHVERZ5A6A0BVQU.jpg,yogurt,all,-0.47361775833455283
../foodsg-233\Chocolate\0NGBWXTMRAV00NJ8YULUWEP8.jpg,Chocolate,all,-0.4736129492920234
../foodsg-233\Mee siam\I5ORV9M4BIJEODQ1GY8JDOAB.jpg,Mee siam,all,-0.4736120262608045
../foodsg-233\chicken pie\4WC7D9Y8RX3EASANVBYUSMF0.jpg,chicken pie,all,-0.47359966376757323
../foodsg-233\kueh lapis - rainbow\NNIPXE8JR0V61WLNBZQD6NC1.jpg,kueh lapis - rainbow,all,-0.4735774217815383
../foodsg-233\kueh lapis - rainbow\GSF60Q4N7NYEKYJKZHDVQ4M8.jpg,kueh lapis - rainbow,all,-0.47357686804070065
../foodsg-233\Barley\AL0VI9EFEO7L06CIZFJ9XBI5.jpg,Barley,all,-0.473573019495659
../foodsg-233\breakfast cereal\QZX5RWHEKOHYGPP9EOGIYP80.jpg,breakfast cereal,all,-0.4735724902819734
../foodsg-233\roti john\F6VNU5MF9XJPTICH667M7GAY.jpg,roti john,all,-0.473569058996336
../foodsg-233\fish head curry\59ZXL3PWFZGKJFB6M6094B5V.jpg,fish head curry,all,-0.4735650942305862
../foodsg-233\Chinese fritters\6U3IYFGH3IHHMQBPWH6XCGOU.jpg,Chinese fritters,all,-0.47356376055713995
../foodsg-233\Chocolate\UQ6WPZN8D6GI22QMZCRBOHWM.jpg,Chocolate,all,-0.4735223125837608
../foodsg-233\roti john\EI5U2X8OK5EQ30KK05LVHVG5.jpg,roti john,all,-0.47351953596399843
../foodsg-233\Sweets\HPG92FBGS0QUE6S6HEARZ6QX.jpg,Sweets,all,-0.47351230930155963
../foodsg-233\Mee siam\Z0RL15VLMKO09150JX6C78DF.jpg,Mee siam,all,-0.4735011018211071
../foodsg-233\rice dumpling\E6LB4EFX8LZ7RDSG4X7DMD3Q.jpg,rice dumpling,all,-0.4734986896860919
../foodsg-233\Chocolate\Q6Q28MDAT39O5BJZBW9KW40P.jpg,Chocolate,all,-0.47349360290696985
../foodsg-233\Snacks and Chips\TMB0OPQ9LINBQNSULKUPDMQP.jpg,Snacks and Chips,all,-0.47348555460465946
../foodsg-233\Snacks and Chips\2USBK0PUP6GV8MQCABQ8H1MM.jpg,Snacks and Chips,all,-0.47346931064563397
../foodsg-233\sambal\K0GXMAPSU6HGO1388GXJZ7TN.jpg,sambal,all,-0.4734266007620644
../foodsg-233\Soto ayam\XA81KFO8LOGVSTKVQNSEXLXH.jpg,Soto ayam,all,-0.4734249381784049
../foodsg-233\buckwheat\RTM7AZHWSSUSSK1KF0GW1VLV.jpg,buckwheat,all,-0.4734192093481726
../foodsg-233\dumpling\L7S6FOLTOFENO1WHNDQN8POC.jpg,dumpling,all,-0.47340973234801004
../foodsg-233\fried prawn\Z31OSFVJEM25XQR01UASBPVT.jpg,fried prawn,all,-0.4734074163651643
../foodsg-233\mango pudding\I1UMQ4NWNBDXWLBMTL0CQI9L.jpg,mango pudding,all,-0.47340418182718813
../foodsg-233\Sweets\879B61VORTGC0XHPV7SACNOF.jpg,Sweets,all,-0.4734025726677131
../foodsg-233\sandwich\EKAP034L5547LEVFI1Q38M8G.jpg,sandwich,all,-0.4734012029976228
../foodsg-233\Pung Kueh\BSAUFDHUUDY60UXYR3UMS0KN.jpg,Pung Kueh,all,-0.47339155481828915
../foodsg-233\hotplate tofu\1WVU2LKOZ7NVZWSY7RHN3RLL.jpg,hotplate tofu,all,-0.47338629945892835
../foodsg-233\chicken rice\NG2B3NOZP3W5F18SCV4H4CJ0.jpg,chicken rice,all,-0.4733804562210463
../foodsg-233\mango pudding\29BY9K532RUSF7139XS3E3UP.jpg,mango pudding,all,-0.47337352857294157
../foodsg-233\Snacks and Chips\V4Q7E0TUNH0FEUISWVA34SDT.jpg,Snacks and Chips,all,-0.47336810364796517
../foodsg-233\bak chor mee\T6N7AW5OH10656BPWDPE3MZZ.jpg,bak chor mee,all,-0.4733549727248234
../foodsg-233\Barley\WI99O6HBPVSFI4W0EM4J42UH.jpg,Barley,all,-0.4733495520675285
../foodsg-233\yogurt\HR8KQTG601R9KEX9H4A19KE8.jpg,yogurt,all,-0.47334605989321077
../foodsg-233\lasagna\19URHL3PP1ML5QOPLALO1H11.jpg,lasagna,all,-0.4733256066327281
"../foodsg-233\Don, unagi\M32CGY8VJM1QVX8MPDHGX34L.jpg","Don, unagi",all,-0.47332482883454285
../foodsg-233\mixed grills\FMSWWSWZDEG0PTHSVDZ95V4W.jpg,mixed grills,all,-0.47332090310268043
../foodsg-233\nasi lemak\G5DU6D1AKY30CRGJEVFW5ZMS.jpg,nasi lemak,all,-0.4733090817238796
../foodsg-233\chicken pie\CUSY8MNV7YAJPW35FT56NM3J.jpg,chicken pie,all,-0.4732973550560927
../foodsg-233\beef noodle soup\UR7J6TK70OSVFHALTLUXWALC.jpg,beef noodle soup,all,-0.47329354947428615
"../foodsg-233\Don, unagi\749YMQJHBLLXKBBIOKKKCOM9.jpg","Don, unagi",all,-0.47327282299355883
../foodsg-233\tumpeng\3XPCK37DJXFWS4ES2SJL7PXM.jpg,tumpeng,all,-0.4732683215178694
../foodsg-233\Mee siam\92P5ECL6P87F2P2RKFMRF4YC.jpg,Mee siam,all,-0.47325908193912947
../foodsg-233\Sweets\F9I4DHFPFA3SYAWPNMBNW5Y3.jpg,Sweets,all,-0.4732313339829193
../foodsg-233\Mee siam\1WETICLT5N7C43YYAIJSWVVG.jpg,Mee siam,all,-0.47321329040317645
../foodsg-233\Chocolate\EIKV2Y4Z3W86AS0ONHHF1KJX.jpg,Chocolate,all,-0.4732127154980937
../foodsg-233\Snacks and Chips\69QQ6U92QCJNO373SA7X932R.jpg,Snacks and Chips,all,-0.4731969653775124
../foodsg-233\Lor mee\8I1PTIIOQXRD09RZK71LYGSS.jpg,Lor mee,all,-0.4731903250807998
../foodsg-233\murtabak\LTI8DQUAGIYQU7IDYJHYLMKC.jpg,murtabak,all,-0.4731588404232766
../foodsg-233\Tauhu Goreng\YYU4OEHIHSLV0KSGP2OC2DCZ.jpg,Tauhu Goreng,all,-0.47314401664531797
../foodsg-233\Chocolate\Q6AI7R4KFXNANWS8NKMP1VOA.jpg,Chocolate,all,-0.4731314736941262
../foodsg-233\beef noodle soup\M4E7P06U8Q8CQX3WTMV363SO.jpg,beef noodle soup,all,-0.47313035578513013
../foodsg-233\hotplate tofu\2ZMBH0M60MSVIZU90H5ZKE6W.jpg,hotplate tofu,all,-0.4731288851398206
../foodsg-233\bak chor mee\E8WK1ZX1E2ANJYJMJBMSBOVV.jpg,bak chor mee,all,-0.4731243370778353
../foodsg-233\Chocolate\APUB5HPWQMB9TGIYAOPCYQND.jpg,Chocolate,all,-0.4731171848036827
../foodsg-233\beef noodle soup\UWIAUK5URZKOA48CY90JLCIH.jpg,beef noodle soup,all,-0.4731020337732657
../foodsg-233\black pepper crab\9471UD4RG5HDL62JAL26S32G.jpg,black pepper crab,all,-0.47310010213557224
../foodsg-233\sambal stingray\6MKX7U0LK51PCUZBWJGZUBUL.jpg,sambal stingray,all,-0.4730974646480106
../foodsg-233\lamb chops\NELSOTELM429GKKWX1L1DI5Z.jpg,lamb chops,all,-0.4730836844779178
../foodsg-233\black pepper crab\UWJBYU18ZOO1G4DQ6MB72IJ1.jpg,black pepper crab,all,-0.4730828497803036
../foodsg-233\bee hoon\7GRBVE6D7Q69HDN15Z6NXJ0N.jpg,bee hoon,all,-0.473081730130702
../foodsg-233\Peanut Pancake\I3ZGDQF4I67VUQRLKDUREXJT.jpg,Peanut Pancake,all,-0.473079550782576
../foodsg-233\tumpeng\XB7W05PZ98ZYOMJR1APWTOII.jpg,tumpeng,all,-0.47306455902424344
../foodsg-233\Chocolate\AM5O0JULLROGA55HYF3LST0A.jpg,Chocolate,all,-0.47305547434889156
../foodsg-233\Chocolate\L22R1CGJ05T1HTL2PV8A18FI.jpg,Chocolate,all,-0.47304679220922674
../foodsg-233\goreng pisang\AWXZ43AJWM87PCP4Y8F1RZ2A.jpg,goreng pisang,all,-0.4730442584349824
../foodsg-233\yong tau foo\HHH6YL2KPXSXBV7XC3X5VWRG.jpg,yong tau foo,all,-0.47303228948240583
../foodsg-233\Sweets\ZQW4S5SZ051YCGC1VZ4H0UZH.jpg,Sweets,all,-0.4730314561770245
../foodsg-233\seaweed snack\6X273202XECO8QFUG495BCU8.jpg,seaweed snack,all,-0.47301783044853396
../foodsg-233\fried prawn\ZIN9NI47UF7ZLAYLPVFRUHRU.jpg,fried prawn,all,-0.47301449599061984
../foodsg-233\vadai\VP27RHIHVHY1EKTH9TIYJ780.jpg,vadai,all,-0.4730078832926313
../foodsg-233\sandwich\IH0UCYSNEYHE8NF3T3Q101ZB.jpg,sandwich,all,-0.473000767345083
../foodsg-233\dumpling\3JLUTMNJFF5KULULTB1DZU0I.jpg,dumpling,all,-0.4729900565386487
../foodsg-233\mixed grills\VLIXPRLNRLYM4G9KNCF89O7U.jpg,mixed grills,all,-0.4729847395155691
../foodsg-233\rice dumpling\5BFYWYRC5DY1GTN5J5PUSHXP.jpg,rice dumpling,all,-0.4729692145292708
../foodsg-233\fried prawn\CMFDY3O3IG2JU8UPIX47WHK2.jpg,fried prawn,all,-0.47296212176878655
"../foodsg-233\Chap chye, Nonya\2E5WVR0FRXOYNE16K81DTV6N.jpg","Chap chye, Nonya",all,-0.47296016506635885
../foodsg-233\chicken rice\ONRO63YO169Z81H6WSGE5YSZ.jpg,chicken rice,all,-0.4729562009075835
../foodsg-233\salmon - grilled\5SCPY7EW8P987TFGKEH7T4FP.jpg,salmon - grilled,all,-0.47295407980977205
../foodsg-233\Chocolate\EV50C00JCN7L3V7NQB88NW6Q.jpg,Chocolate,all,-0.47293941005861045
../foodsg-233\Peanut Pancake\OKFH20WLYXEAGLT6EJE3RHXN.jpg,Peanut Pancake,all,-0.4729299904699909
../foodsg-233\Sweets\ZP9NVT8DO81ZGB6KQO8FQVYG.jpg,Sweets,all,-0.47291312023557014
../foodsg-233\Snacks and Chips\F25NQDOU52JS7UW0805G32O4.jpg,Snacks and Chips,all,-0.47289740246054474
../foodsg-233\mixed grills\QTLSM31ZK7F18IMNYYMU0F44.jpg,mixed grills,all,-0.4728965157746864
../foodsg-233\tumpeng\VGY38UBW48TSX8VP1BMRJTHX.jpg,tumpeng,all,-0.4728854474075647
../foodsg-233\ayam penyet\7QQUBKYE38ISJ7LELPYN8SR0.jpg,ayam penyet,all,-0.47288395949508844
../foodsg-233\Lor mee\SUOHKSNJCOJMYGSFTB32MD39.jpg,Lor mee,all,-0.47288048597709864
../foodsg-233\Chocolate\EFOJFL3O7UWF12FUXT9U6M74.jpg,Chocolate,all,-0.472873782993593
../foodsg-233\vadai\XR74T6LLKV9LERCPR6N8WJCZ.jpg,vadai,all,-0.4728733412939839
../foodsg-233\sandwich\SUYJD5LCXA2DLNRG2QO3W0X9.jpg,sandwich,all,-0.47286763673589227
../foodsg-233\sandwich\C9K2QJD8OKXWCVKY7TF3FQKZ.jpg,sandwich,all,-0.4728660347486433
../foodsg-233\Chocolate\EKH342R88SMXH2AT354D9VKF.jpg,Chocolate,all,-0.4728634384900084
../foodsg-233\Duck Rice\93H2WEVJIF0R19ERO9O4NBZP.jpg,Duck Rice,all,-0.4728564277517017
../foodsg-233\Chocolate\4Z3TBNZBWDAD4CDKV19T7YRT.jpg,Chocolate,all,-0.4728543191810257
../foodsg-233\breakfast cereal\MXUI7NHOVA6O1SVINE7F1F9M.jpg,breakfast cereal,all,-0.4728536634720886
../foodsg-233\sandwich\BZN77NE4EJV4KAG3LKOAALB4.jpg,sandwich,all,-0.4728532022075354
../foodsg-233\mango pudding\991MAXEXI23JGLMDV7XVW2XU.jpg,mango pudding,all,-0.47282652246614504
../foodsg-233\Snacks and Chips\120ROAHONLV79CSM4HQ0JQKJ.jpg,Snacks and Chips,all,-0.47282541242445175
../foodsg-233\seaweed snack\S7TMUZPZOXSZJFLFID2L258W.jpg,seaweed snack,all,-0.47282259736571147
../foodsg-233\buckwheat\MO6V1A0MCR8UP08GAYU55FLE.jpg,buckwheat,all,-0.47282206866294574
../foodsg-233\Sweets\GFXVDALK4AYEK5QL2B1I5MMJ.jpg,Sweets,all,-0.4728217049086256
"../foodsg-233\Don, unagi\GWR282M110MHUTQ9MPRJ1R5S.jpg","Don, unagi",all,-0.4728148764028384
../foodsg-233\seaweed snack\YJ0G4Q9O332VRNR2AKWR2M7C.jpg,seaweed snack,all,-0.47279308645483065
../foodsg-233\mixed grills\52GKLQ7S7ICK1D7U1KYKFO63.jpg,mixed grills,all,-0.47275254820292817
../foodsg-233\fish head curry\THSV7IFXDCM84J9DA7PXEWAR.jpg,fish head curry,all,-0.4727513385154998
../foodsg-233\dumpling\7EMBERJWDQEMSDT6KXR4ZW2G.jpg,dumpling,all,-0.4727511056842382
../foodsg-233\black pepper crab\58Z901J67A4QUC4IHTSNX73Y.jpg,black pepper crab,all,-0.4727443276411274
../foodsg-233\Snacks and Chips\ZY2YM0PGAFE2NP25A9DOCFHL.jpg,Snacks and Chips,all,-0.47273793517880097
../foodsg-233\Sweets\MP44ZGZVBMILMIMTMACHJ4P8.jpg,Sweets,all,-0.4727366288060096
../foodsg-233\Tauhu Goreng\BR412L4H9MCG87MHNWMFIN78.jpg,Tauhu Goreng,all,-0.47272476374493305
../foodsg-233\rice dumpling\HSOZLNQHA22HSZL1WBT5666Y.jpg,rice dumpling,all,-0.47270317355945496
../foodsg-233\Chocolate\772AYDYQBE1ILTP1NOYMFI1J.jpg,Chocolate,all,-0.47269026866556446
../foodsg-233\Chocolate\62AMF83HIKHSPQQRC693A6PL.jpg,Chocolate,all,-0.472671022324325
../foodsg-233\buckwheat\L09HKGPE4TVHMB2V35MF1PMG.jpg,buckwheat,all,-0.4726567909876657
../foodsg-233\Snacks and Chips\TI461A99N1OAJZX6PBYPXDG1.jpg,Snacks and Chips,all,-0.47264418560775817
../foodsg-233\tortilla - plain\SSPMR81ENLZ7U5ZY4E4Y9DY8.jpg,tortilla - plain,all,-0.4726358528489767
../foodsg-233\dumpling\BKDZO9O5Y504WNR23X2VI443.jpg,dumpling,all,-0.47262528742548804
../foodsg-233\seaweed snack\PE87S8BROBWVLI63U37J4NHH.jpg,seaweed snack,all,-0.4726229672218217
../foodsg-233\Chocolate\I0USH9GZB5NQ7A59XIC8IOKP.jpg,Chocolate,all,-0.4725984011565504
../foodsg-233\Chocolate\FBP36UFUENVOORBFZEOEDE2X.jpg,Chocolate,all,-0.47259709809308803
../foodsg-233\Instant Cereal Drink\5AXAT50U69EXBYB2BJW6ZLIU.jpg,Instant Cereal Drink,all,-0.47259133002564924
../foodsg-233\Indian Pancake\82FG5I7SPQR7XM7PPM911T1T.jpg,Indian Pancake,all,-0.472590567706774
../foodsg-233\sandwich\DQUQEIBBSB00Q7OP2KDPVYCO.jpg,sandwich,all,-0.4725851770382038
../foodsg-233\vadai\O6UPMRMVU9VNWQWVRDWOQ44Q.jpg,vadai,all,-0.4725799061405267
../foodsg-233\tutu kueh\ANVRBGQURHUFNOVSR2UTQBB2.jpg,tutu kueh,all,-0.4725575150707226
../foodsg-233\Indian Pancake\4FDQM7XPF0YIOTFNSYCVNA41.jpg,Indian Pancake,all,-0.47254894683193277
../foodsg-233\vadai\0YYS00UYLAYH7QKY28A49R29.jpg,vadai,all,-0.4725449315753716
../foodsg-233\Pung Kueh\COX2R9QXBPPNH5KCH3JGXVQC.jpg,Pung Kueh,all,-0.47254021706800337
../foodsg-233\chicken pie\4XVQPJABOVSZ2DZE36G8PX0L.jpg,chicken pie,all,-0.4725079150013228
../foodsg-233\Sweets\IOHGZMOIYD9OHVFHB3QQ97J2.jpg,Sweets,all,-0.4725076637915828
../foodsg-233\goreng pisang\TVXES1Z617FESGZG9WGR4TUJ.jpg,goreng pisang,all,-0.4725059750196212
../foodsg-233\tortilla - plain\79DE2SS14IRTZ0FD2Q5L7T38.jpg,tortilla - plain,all,-0.4725035112416479
../foodsg-233\Tauhu Goreng\KW5V4NCCZQ2R3U5XVHIOT248.jpg,Tauhu Goreng,all,-0.4724787468681433
../foodsg-233\Lor mee\IULB58JFWG8SNSF8K9U4V16Y.jpg,Lor mee,all,-0.4724661769108304
../foodsg-233\dumpling\K0E48P1IQ7HMAFM1P9QULE28.jpg,dumpling,all,-0.4724623105136306
../foodsg-233\bak chor mee\H0Z1SRSA33PGI7ENIHWJSZLP.jpg,bak chor mee,all,-0.4724527016877219
../foodsg-233\Chocolate\OUJZRKG5IIFCZKS7ZN7IZ1G4.jpg,Chocolate,all,-0.4724411087553465
"../foodsg-233\Chap chye, Nonya\IHTR472EOQ42I1RGQ0DQY62P.jpg","Chap chye, Nonya",all,-0.47243637117473636
../foodsg-233\yong tau foo\7ALX93NO495IYUUJYUA11E6J.jpg,yong tau foo,all,-0.47243470617280375
../foodsg-233\rice dumpling\6MZ6ENL0NE6IJ55BKLPG6CL1.jpg,rice dumpling,all,-0.4724294208563388
../foodsg-233\vadai\N69F08JJ38RMXIWAYOI6QHX1.jpg,vadai,all,-0.472418947375674
../foodsg-233\seaweed snack\4EMWC9AHP9O8DJXAAIU34JD6.jpg,seaweed snack,all,-0.4724134240933518
../foodsg-233\Chocolate\0OB4Z52HOBNSX5E8KBX4U1YY.jpg,Chocolate,all,-0.47240761612803495
../foodsg-233\Chinese fritters\S8I72FQHC1WAMX6WJQ0X20VQ.jpg,Chinese fritters,all,-0.47240244692012806
../foodsg-233\tortilla - plain\7CG95WMSHW36VIT44R3J1YPQ.jpg,tortilla - plain,all,-0.472389184902787
../foodsg-233\Instant Cereal Drink\L5LLDZIXBSLK6NFLOEROUGFD.jpg,Instant Cereal Drink,all,-0.47236768099716825
../foodsg-233\nasi lemak\LSMTQO3KXPVZB9NF42VESGTF.jpg,nasi lemak,all,-0.4723551637924821
../foodsg-233\Snacks and Chips\E7I9RNOJNHTH5PQ2O2OR29A4.jpg,Snacks and Chips,all,-0.47234048663109673
../foodsg-233\Chocolate\IB04E58IZNFJA84GB8KO6JIE.jpg,Chocolate,all,-0.47233919235613686
../foodsg-233\rice dumpling\YJH0RXYUZQEN2RTJ06DZ7Y59.jpg,rice dumpling,all,-0.4723099148373838
../foodsg-233\yong tau foo\FWSMXN9AWTY2QN3H04TLN7A7.jpg,yong tau foo,all,-0.47230960482226375
../foodsg-233\Chocolate\ZNEU5C8TBM1W13YZXXXEGROY.jpg,Chocolate,all,-0.4723084189133075
../foodsg-233\mango pudding\311LFU6I05FJ3EVXZ72IP7LK.jpg,mango pudding,all,-0.4723060346041081
"../foodsg-233\Rice, with dakgalbi\1VFOAFK43VR3TF4K7ZX0I35S.jpg","Rice, with dakgalbi",all,-0.4722756361645035
../foodsg-233\seaweed snack\A074SSEROUB2Z1Z8GLF9ZJNT.jpg,seaweed snack,all,-0.47226958372819233
../foodsg-233\mango pudding\BTB0RAA7UFXCWDWVZ7SGDMMO.jpg,mango pudding,all,-0.4722681971394852
../foodsg-233\Soto ayam\U3NXURUMJYHZR0DBT6TTJ1AE.jpg,Soto ayam,all,-0.4722658476040719
../foodsg-233\Chocolate\EG7P7FPLRNAIYIR6VAM75J3G.jpg,Chocolate,all,-0.47225149243735093
../foodsg-233\Chocolate\HQ6FC5PCMRX2U5B2KG0CSBJY.jpg,Chocolate,all,-0.47224752085169075
"../foodsg-233\Rice, with dakgalbi\9T1N8UE6CO8ZJK6H7R9XZCTW.jpg","Rice, with dakgalbi",all,-0.4722472685404265
../foodsg-233\murtabak\T0XQRERIDGRWWZWF3WIEI1BN.jpg,murtabak,all,-0.47222210258956987
../foodsg-233\dumpling\1D0O5DL7FJ3P7BXE0Y09PFHY.jpg,dumpling,all,-0.47221204025706415
../foodsg-233\Sweets\Q13K2NY5DB4L8P295Q8ZYATK.jpg,Sweets,all,-0.47219992419157064
../foodsg-233\Sweets\O8EVY3ATRVMFX6ULNQ4GD9XJ.jpg,Sweets,all,-0.4721909807098028
../foodsg-233\Snacks and Chips\R7F9GPL57YFZGXMXHJMKWZ3G.jpg,Snacks and Chips,all,-0.47218854540107047
../foodsg-233\goreng pisang\4QTABJMD0R8SMUP4RMOO9K2X.jpg,goreng pisang,all,-0.47218457073015013
../foodsg-233\chicken pie\OSG3ZD5S9JOE9JPYY13ZKKB6.jpg,chicken pie,all,-0.47217788061471655
../foodsg-233\Indian Pancake\SOX8S2QYIMDMNJFA84D0QBJP.jpg,Indian Pancake,all,-0.4721726617723722
../foodsg-233\ayam penyet\KKKMJ6YXYQK8ZSVRGA97QL0D.jpg,ayam penyet,all,-0.47214881896339844
../foodsg-233\Sweets\1ZKXLJ0XG4W6N2FQ3GYDO4AL.jpg,Sweets,all,-0.47212585786240585
../foodsg-233\lamb chops\KWA36TPPV24AHS1JV4SX2PMH.jpg,lamb chops,all,-0.47212344616497526
../foodsg-233\yong tau foo\I3UQECCYXJNX3T8B4ZR0IIHU.jpg,yong tau foo,all,-0.4721207717470836
../foodsg-233\Lontong with sayur lodeh\9AGCCMXIN625PGBJMYAL84OC.jpg,Lontong with sayur lodeh,all,-0.4720968728107679
../foodsg-233\Chocolate\2TCVOFDEXVCO4EOA5RLFK2XT.jpg,Chocolate,all,-0.4720722430085278
../foodsg-233\Chinese fritters\FDRG9NJ7JBRDNSSDW2MTCWY7.jpg,Chinese fritters,all,-0.4720337041666698
../foodsg-233\Sweets\4NJT90DN2YAF5EL8Q8LGQD04.jpg,Sweets,all,-0.47203269416862487
../foodsg-233\Tauhu Goreng\KJ38454CO54018BXH3Z1M0K0.jpg,Tauhu Goreng,all,-0.4720271208431531
../foodsg-233\Sweets\GFFPDSZ78Y76E2ZRLJGC55C5.jpg,Sweets,all,-0.47201362238444156
../foodsg-233\nasi lemak\96DKRKCZZ4JGRKJE6QKTV8TC.jpg,nasi lemak,all,-0.47201058193477813
../foodsg-233\hotplate tofu\NV3U0C199GIG1CMTCXT90REZ.jpg,hotplate tofu,all,-0.47200468164749193
../foodsg-233\salmon - grilled\PGEC8QQTD0CDMAGU2FOFTKGW.jpg,salmon - grilled,all,-0.4719813566721358
"../foodsg-233\Chap chye, Nonya\T2Z9SEA9K1IBCL0JN1ZRUEFA.jpg","Chap chye, Nonya",all,-0.4719759646186152
../foodsg-233\Chocolate\OCWYTLJWRUT8ZOHEYMTB7MSJ.jpg,Chocolate,all,-0.4719504876889502
../foodsg-233\sandwich\ZVB3KG4GZ23EFAJD678ARFR7.jpg,sandwich,all,-0.4719326042729374
../foodsg-233\mixed grills\JKH7H24SAVVJWHF2ASXVS0SL.jpg,mixed grills,all,-0.47190804157757293
"../foodsg-233\Rice, with dakgalbi\S8BKYXR1U2716X79Q7COQEUD.jpg","Rice, with dakgalbi",all,-0.4719031169438523
../foodsg-233\Snacks and Chips\TLEHQR2U62WLM8TCODMQQ2QY.jpg,Snacks and Chips,all,-0.4718989074765524
../foodsg-233\Chocolate\S4VNC42UTKO0YNWPFJNT01E3.jpg,Chocolate,all,-0.4718815077584378
../foodsg-233\ayam penyet\P0KTKPM5K9HHOGTJN5X3Z3AW.jpg,ayam penyet,all,-0.4718698506156431
../foodsg-233\Snacks and Chips\UU886MAAXQ2YM6LMLRTX4C4L.jpg,Snacks and Chips,all,-0.47186812575096077
../foodsg-233\salmon - grilled\Q1VEAU9HYPSG5NPB8YDN5AH6.jpg,salmon - grilled,all,-0.4718658429921789
../foodsg-233\chicken pie\GUGVSY6KW4B8910V5V1CLUUX.jpg,chicken pie,all,-0.4718437822690989
../foodsg-233\Instant Cereal Drink\D2Y4Y3KD5VT6XUGQBCOHT40R.jpg,Instant Cereal Drink,all,-0.471833503402946
../foodsg-233\mixed grills\52I1QRTKX6EI0PZSAWR7X0CQ.jpg,mixed grills,all,-0.4718268092475247
../foodsg-233\roti john\7D2ENW8NCZMXE2UAC2I0UTPA.jpg,roti john,all,-0.47180586276353736
../foodsg-233\mixed grills\4LJ15Q38W10X7AKZ8KH82A31.jpg,mixed grills,all,-0.47180035598799386
../foodsg-233\Instant Cereal Drink\2B0FDK18Y022JDO626RP9KB9.jpg,Instant Cereal Drink,all,-0.4717940048455629
../foodsg-233\goreng pisang\SR1VESECMA0EIFLA6AXJWH08.jpg,goreng pisang,all,-0.4717741524056668
../foodsg-233\bak chor mee\NG0VUKKWGEQ78UAXYEKEEV1P.jpg,bak chor mee,all,-0.47176265818460433
../foodsg-233\dumpling\ZA27L87NGDYC8OVL8DWL1C5R.jpg,dumpling,all,-0.47174970548794165
../foodsg-233\Sweets\TGUEKLKE9UE6SM88H9U0I6H4.jpg,Sweets,all,-0.4717439972232381
../foodsg-233\vadai\C142JLRZCZDVN0IRJNMHSTJO.jpg,vadai,all,-0.47172581961625104
"../foodsg-233\Rice, with dakgalbi\28XMH97TB4SACMVXFCES5TPF.jpg","Rice, with dakgalbi",all,-0.47172444575148365
../foodsg-233\Snacks and Chips\N3W12LFBA6EJ47UFB9Y277UY.jpg,Snacks and Chips,all,-0.4717095581543602
../foodsg-233\vadai\HVZZMHBSSUDCX8LFRB2HYOAG.jpg,vadai,all,-0.47170815117222004
../foodsg-233\bak chor mee\TBZ3PF8HM1GVJERQTZKYKN7E.jpg,bak chor mee,all,-0.4716790918690741
../foodsg-233\lamb chops\NIB6LYX4QXSXMKIYWIW657I6.jpg,lamb chops,all,-0.4716729945339973
../foodsg-233\Chocolate\TD0VA3O1Y76MQOKKQICWX30I.jpg,Chocolate,all,-0.4716657572244112
../foodsg-233\bak chor mee\TOH46F3GWF0KY3FSHNHRTL9F.jpg,bak chor mee,all,-0.4716610130732028
../foodsg-233\mixed grills\ZDOJ0ULJT252GWKIRRFGG8EB.jpg,mixed grills,all,-0.4716561634984329
../foodsg-233\Chocolate\I1CRA50IVE7A0J4HIDH1FAQ2.jpg,Chocolate,all,-0.4716475577287094
../foodsg-233\Sweets\IKKB7XO1FIWID42AF522L1OE.jpg,Sweets,all,-0.47161757890629785
../foodsg-233\vadai\KF41E028THBYCDE32C12F40V.jpg,vadai,all,-0.471617477056738
../foodsg-233\Pung Kueh\ADGGF2DL8ADSC50VBR7CCC26.jpg,Pung Kueh,all,-0.47161268187653477
../foodsg-233\Lontong with sayur lodeh\R9CKK9T66V2X6GGWEM4SGM94.jpg,Lontong with sayur lodeh,all,-0.4716092853161203
../foodsg-233\vadai\YUR1GPTI5K3A9699U9N46F8O.jpg,vadai,all,-0.4715837824559354
../foodsg-233\otak\FTWBML79MIXRG94UQPXJF6V6.jpg,otak,all,-0.471582890262702
../foodsg-233\Chocolate\31IFCA5AO2B53VWELDLJPOTJ.jpg,Chocolate,all,-0.4715611976991525
../foodsg-233\lamb chops\ICJG7G4F4IOB3VMBU2VC3E9J.jpg,lamb chops,all,-0.4715539328503229
../foodsg-233\chicken pie\TGLLHZD0PJCUS4EWOGYGYAPZ.jpg,chicken pie,all,-0.47154586412019517
../foodsg-233\lamb chops\RKHRISBBF0DUPNTZQVA1K57L.jpg,lamb chops,all,-0.47154512910964547
../foodsg-233\salmon - grilled\XLULUZVWI1B970UDM8P64VV7.jpg,salmon - grilled,all,-0.4715445691838405
../foodsg-233\Snacks and Chips\2ZILI488UEVKGLP58MIYJ6DS.jpg,Snacks and Chips,all,-0.4715278869511719
../foodsg-233\otak\IQDPOFE0BRWUBAH51X0KNRXX.jpg,otak,all,-0.47152451193467204
../foodsg-233\Snacks and Chips\NPU3RIR44LVQLY6PXBO6WPAD.jpg,Snacks and Chips,all,-0.4715055984085092
../foodsg-233\dumpling\9ZK7S7CX9ZBCKYJ979QHNC49.jpg,dumpling,all,-0.47149812387130935
../foodsg-233\Lontong with sayur lodeh\5ZCIOPI0SJET4BN0TJC1K19S.jpg,Lontong with sayur lodeh,all,-0.47148807786617997
../foodsg-233\dumpling\55H0K0MMCVRWTBSBXNHNOLDO.jpg,dumpling,all,-0.4714654776299224
../foodsg-233\Chinese fritters\RL13K6CBYLHQL4JJ45BFYFWY.jpg,Chinese fritters,all,-0.4714514761042781
../foodsg-233\dumpling\1NYKD4ZZTNQCKIV51Q6PVNZX.jpg,dumpling,all,-0.4714417614128678
../foodsg-233\vadai\VDA39WFYBY7B8DVH59X3ACNT.jpg,vadai,all,-0.4714396826808261
../foodsg-233\salmon - grilled\NZ0I8O7G6MA31W6PTC71I7WQ.jpg,salmon - grilled,all,-0.4714360730903954
../foodsg-233\dumpling\MSCEEZV0XDPX5U0F0PFDFIH9.jpg,dumpling,all,-0.4714111088995949
../foodsg-233\bak chor mee\SO8VNXRSI0ZCKVM1U1AJWQWP.jpg,bak chor mee,all,-0.47140674120713616
"../foodsg-233\Rice, chicken katsu with Japanese curry\ZLH7YEP0HMWAI5F50RFRPBR1.jpg","Rice, chicken katsu with Japanese curry",all,-0.4713778920656685
../foodsg-233\Chinese fritters\ICRFH4LPP4CCK7X42XUYJYFM.jpg,Chinese fritters,all,-0.4713507545919822
../foodsg-233\ayam penyet\32KRT97ZBSZ28NYF568IZBI6.jpg,ayam penyet,all,-0.47134849343142515
../foodsg-233\yong tau foo\RL8MTVI5KE67CEAI5IKBZ1HM.jpg,yong tau foo,all,-0.47130363979103423
../foodsg-233\Duck Rice\1O7S9ZDK1HJZRGVAAID9BCL0.jpg,Duck Rice,all,-0.4713027675555116
../foodsg-233\Indian Pancake\EKQZBQ224I7P93OJKMZ1PIUQ.jpg,Indian Pancake,all,-0.4712946837572219
../foodsg-233\Sweets\WX88E37CXPHBE1EVI6ZVXMAL.jpg,Sweets,all,-0.47127629995723647
../foodsg-233\Peanut Pancake\G5OV1I4Z3QJ7YMS7PASMAVUC.jpg,Peanut Pancake,all,-0.4712469972527782
../foodsg-233\mixed grills\BEPIILI1ET7W58K6CYLI5R7I.jpg,mixed grills,all,-0.4712462339057241
../foodsg-233\sambal stingray\YC78YAXVZB5EMRNDKPP2FDDO.jpg,sambal stingray,all,-0.4712415981866931
../foodsg-233\sambal stingray\TN1Y7MIZGTWTWMYS23LPGER0.jpg,sambal stingray,all,-0.4712370989030365
../foodsg-233\roti john\4NL6CNHO750KX2J8BAKVW1EZ.jpg,roti john,all,-0.47122736915554675
../foodsg-233\Snacks and Chips\Y5TCDV7GESV30FU0JM598GY4.jpg,Snacks and Chips,all,-0.47122016218701746
../foodsg-233\tortilla - plain\JD9CK100BJHX7GEU3Z6ZVN7Q.jpg,tortilla - plain,all,-0.4712179949244133
"../foodsg-233\Chap chye, Nonya\DA7A8MDQBHCTILFDANFKZEJY.jpg","Chap chye, Nonya",all,-0.4711960599284132
../foodsg-233\Snacks and Chips\31SUTXCZ7K8JCAM3YB10L2AO.jpg,Snacks and Chips,all,-0.4711704029476559
../foodsg-233\Duck Rice\NOXHDJOINRSHZHDIEF2WTCQG.jpg,Duck Rice,all,-0.47116035903678105
../foodsg-233\Peanut Pancake\GGFIIUBMO1CZC488X8YRZ9WM.jpg,Peanut Pancake,all,-0.4711499614960182
../foodsg-233\Duck Rice\ACR8ZZTGJ5T9CFO4UGXUSJRP.jpg,Duck Rice,all,-0.4711491052771567
../foodsg-233\sandwich\8ICDQFU52B1K937032YXS00T.jpg,sandwich,all,-0.47114679318519653
../foodsg-233\Snacks and Chips\6CZPUPB0VIZT9NIQ0AGXP4VF.jpg,Snacks and Chips,all,-0.4711214767769852
../foodsg-233\sandwich\WYOO6Y88F66AITIFJCI4OS1M.jpg,sandwich,all,-0.47111706885649096
../foodsg-233\Pung Kueh\HHYJ822PG6HIY8XHPKGSRBD9.jpg,Pung Kueh,all,-0.47111083107441054
../foodsg-233\tumpeng\ZLSFWB9E5VARHYIXPKBONM2Z.jpg,tumpeng,all,-0.4711103204016903
../foodsg-233\vadai\WH6OUTP7HYQBUMUDPO8X7712.jpg,vadai,all,-0.4710979032014055
../foodsg-233\Sweets\3310J9Z7CXSQOPW2T9I3MEC2.jpg,Sweets,all,-0.47106957078529266
../foodsg-233\mixed grills\ZVXOPW5I1IZL8OAQOZU7AO87.jpg,mixed grills,all,-0.4710392666287891
../foodsg-233\Duck Rice\M4DROVIHV8PJMH1Y2XAQL6BQ.jpg,Duck Rice,all,-0.4710266116609902
../foodsg-233\Snacks and Chips\8M61YFUR8Q4NC403N3YJ9AUA.jpg,Snacks and Chips,all,-0.4710239526329814
../foodsg-233\nasi lemak\7XGJS1Y8DU9ILMQXHDMABJEH.jpg,nasi lemak,all,-0.471017484745246
../foodsg-233\beef noodle soup\DG1HN9SC5NP9PS4BGKAGX39Y.jpg,beef noodle soup,all,-0.47099545467836007
../foodsg-233\ayam penyet\Q5QE2DSXUMOOGLBUUPDKHE65.jpg,ayam penyet,all,-0.4709562709762624
../foodsg-233\Indian Pancake\1OEDCP6HUACHH0Z7L9M8WBM3.jpg,Indian Pancake,all,-0.47094225122451094
../foodsg-233\Lor mee\UBDY8BT2KDXKL1YZI1QH10XL.jpg,Lor mee,all,-0.47092946777138345
"../foodsg-233\Rice, chicken katsu with Japanese curry\BCYP5TSWCTLV61QBI73DGUWU.jpg","Rice, chicken katsu with Japanese curry",all,-0.4709175097256106
../foodsg-233\Peanut Pancake\7RHGBV2V545VSV92XPQYCWE7.jpg,Peanut Pancake,all,-0.4709119824349075
../foodsg-233\dumpling\57NRBFJ6EM6IHUCDUIKQ4BQS.jpg,dumpling,all,-0.47090864581926845
../foodsg-233\mango pudding\JI9LI9M2DQIUMJL57X78FX6X.jpg,mango pudding,all,-0.4708835522552882
../foodsg-233\sambal stingray\4SBM7Z7CCN3PK3OFI9N20BNY.jpg,sambal stingray,all,-0.4708723303098393
../foodsg-233\Sweets\IUTZNDCTQLEWGU6HCBPW6RYZ.jpg,Sweets,all,-0.4708721640782429
../foodsg-233\lamb chops\1VJECXPX7U8MWCS5OLFSPGO9.jpg,lamb chops,all,-0.4708628375191939
../foodsg-233\yong tau foo\50G3YZI4N63B2XVX3A500M81.jpg,yong tau foo,all,-0.47082680519926584
../foodsg-233\Chinese fritters\B8NPU5NBXW6Z79RWTA1HDDC3.jpg,Chinese fritters,all,-0.47081706657444555
../foodsg-233\Snacks and Chips\KHDS471L05FQHBO9KRY27ZCO.jpg,Snacks and Chips,all,-0.47081692949618587
../foodsg-233\Snacks and Chips\NUZDFFF79UQES1JHIKD9XWW4.jpg,Snacks and Chips,all,-0.47081063328879447
../foodsg-233\lamb chops\X9TJ75IF6C3QTY0LL3NLIXX7.jpg,lamb chops,all,-0.4707989573425616
../foodsg-233\Snacks and Chips\NYX952ICW1O7BF31B6AR33RP.jpg,Snacks and Chips,all,-0.47077987626885265
"../foodsg-233\Chap chye, Nonya\Y232JJ3HLKCO2H99L2L99RX9.jpg","Chap chye, Nonya",all,-0.4707459734158001
../foodsg-233\Peanut Pancake\V7TZEBZQ4LPTSTAX36GYY6IM.jpg,Peanut Pancake,all,-0.4707324372347267
../foodsg-233\chicken pie\OB7GM51IQ64MD2ZUOVU5CI2F.jpg,chicken pie,all,-0.47072686279918097
../foodsg-233\Mee siam\97AW0RME2EUV4DNC96KJHO0Y.jpg,Mee siam,all,-0.47071391979718363
../foodsg-233\Snacks and Chips\A2EG708HBJMOZW6N09HDVGYR.jpg,Snacks and Chips,all,-0.47070729676097645
../foodsg-233\Snacks and Chips\OSGG3LHPK5N7Q76PN1TFI1B5.jpg,Snacks and Chips,all,-0.4706923310687487
../foodsg-233\Snacks and Chips\1ZNHBKMGA99J5N3XBIHSHSEJ.jpg,Snacks and Chips,all,-0.470613685454866
../foodsg-233\Instant Cereal Drink\D2YGSHQTVCTT9TPQMVYJ05XC.jpg,Instant Cereal Drink,all,-0.4705718120501472
../foodsg-233\Sweets\SMJ0RCTDCSY2Y51ROOKO7O2I.jpg,Sweets,all,-0.47056198369909263
../foodsg-233\mixed grills\SY51EQ1KWKCBRGT01BDZPH5B.jpg,mixed grills,all,-0.470547515710445
../foodsg-233\sambal stingray\G8KJ7TRAYKMHQP7OPN3Q45ET.jpg,sambal stingray,all,-0.47043233692335296
../foodsg-233\rice dumpling\XT6Y3AYMSHEODQSWP3ZAUBTG.jpg,rice dumpling,all,-0.47041968498180287
../foodsg-233\otak\3VS7W3OYUPZ0C12E13IEBM6Z.jpg,otak,all,-0.47041804093845846
"../foodsg-233\Rice, chicken katsu with Japanese curry\GH2ENL6DG69ZDHIOS11MXNWN.jpg","Rice, chicken katsu with Japanese curry",all,-0.4704153679908443
../foodsg-233\sambal stingray\ITGNYA0UTJKB5KXBFCXC0ATE.jpg,sambal stingray,all,-0.470409576429986
"../foodsg-233\Rice, chicken katsu with Japanese curry\NRRRQN1SBF30XF4C711JS84J.jpg","Rice, chicken katsu with Japanese curry",all,-0.47040588145183937
../foodsg-233\otak\IV2TH4CIJJ76XNWE81TUYJIG.jpg,otak,all,-0.47040079949787983
../foodsg-233\rice dumpling\3JWVASIVRGVEDS9TXWET5LYS.jpg,rice dumpling,all,-0.4703870353560668
../foodsg-233\Sweets\AMC8KO5MUQ4J1CMJQ9D5QJW3.jpg,Sweets,all,-0.47037769749323655
../foodsg-233\nasi lemak\36AEX6Y1B1VXCUGEQN748TV3.jpg,nasi lemak,all,-0.47036200321877014
../foodsg-233\Duck Rice\S8I2HETQ900G50L9DEJZT21X.jpg,Duck Rice,all,-0.4703075198894562
../foodsg-233\Indian Pancake\OW6N8TBJ91HD3PWWIF1R3WB3.jpg,Indian Pancake,all,-0.470298841380048
../foodsg-233\lamb chops\T01LFRJKU8KT5I6U67V6H9N1.jpg,lamb chops,all,-0.4702973252555668
../foodsg-233\Sweets\AVWH401UGXEMJSA9VTRMXT2A.jpg,Sweets,all,-0.47027536204268927
../foodsg-233\Sweets\I29PDEVSXQIMLPTIIVTOG1JN.jpg,Sweets,all,-0.4701790022025792
../foodsg-233\Sweets\W7Q7S7NRR9FO6UNT7YY3HLKO.jpg,Sweets,all,-0.47015650034395073
../foodsg-233\Chinese fritters\MKLGPZPFLTU8YRAEJY1WW61V.jpg,Chinese fritters,all,-0.47015297084263097
../foodsg-233\otak\YXRVHYTI0BZLSVYYQKJJC6P4.jpg,otak,all,-0.4701357894574306
../foodsg-233\Pung Kueh\QS5BIF3XHG3ICCAASG0ZD2MK.jpg,Pung Kueh,all,-0.4701309745144495
../foodsg-233\Lor mee\DGJHWK1B8PBMO88FEMSR4YFT.jpg,Lor mee,all,-0.4701255765986065
../foodsg-233\Sweets\FL9QO6ZVZJS7OY0COQOLU5KG.jpg,Sweets,all,-0.4701189060769702
../foodsg-233\rice dumpling\0AGEOYODF0SGLYUPAO6AIAT7.jpg,rice dumpling,all,-0.47011477212886343
../foodsg-233\sambal stingray\HKIMHSN5M96W569YBRMPZ3FS.jpg,sambal stingray,all,-0.47011392214416253
../foodsg-233\nasi lemak\EFEK2N9SB1HBVQOMGYVEP454.jpg,nasi lemak,all,-0.4700731943049395
../foodsg-233\ayam penyet\KN1W8YJ1SBBTULZ781NDSFLG.jpg,ayam penyet,all,-0.4700688682987976
../foodsg-233\nasi lemak\KUPGY2QSHXCJ6H5IQUCWNU7Y.jpg,nasi lemak,all,-0.470057607359758
../foodsg-233\salmon - grilled\MKS17EC7TQXEA6WK3H8BTEAQ.jpg,salmon - grilled,all,-0.46999046828415897
../foodsg-233\Mee siam\U8XXXQ2KZ07U7GO7NEL6CK0C.jpg,Mee siam,all,-0.4699870448935085
../foodsg-233\Sweets\T898PCGNIKVG3NSI962AJL5N.jpg,Sweets,all,-0.4699758249127303
../foodsg-233\rice dumpling\BG5GNBSP6A6XT4Y8HOYPJC64.jpg,rice dumpling,all,-0.4699683265474978
../foodsg-233\chicken pie\SUJ48OHVR6DOMNH25GHUVKQB.jpg,chicken pie,all,-0.46990551213377535
../foodsg-233\Chinese fritters\3IG6MVJ3ITK622D7GKTSVJAL.jpg,Chinese fritters,all,-0.46988210630064986
../foodsg-233\Instant Cereal Drink\FFDXZ3LTGCRXPAM0J5FA1ZCN.jpg,Instant Cereal Drink,all,-0.4698795861305322
../foodsg-233\Sweets\LQDL3P705ZQH9KVZ8BJTR8EA.jpg,Sweets,all,-0.4698752844601119
../foodsg-233\Lor mee\DEGBH28X2RSBO8AR5AO12RM2.jpg,Lor mee,all,-0.469848291974357
../foodsg-233\Lor mee\SPTTND6V4NF8FK7EXZMEY1IO.jpg,Lor mee,all,-0.4698354754317602
../foodsg-233\yogurt\AJJ9G4O6OJHEP4S9865LOQ7M.jpg,yogurt,all,-0.46980842555350594
../foodsg-233\rice dumpling\FUX3ZPY4SCKQDE99ZSEMKG9D.jpg,rice dumpling,all,-0.4697866665094557
"../foodsg-233\Rice, chicken katsu with Japanese curry\8QIP8LO141HM2Z6WBYKHZQW3.jpg","Rice, chicken katsu with Japanese curry",all,-0.46977744535536625
../foodsg-233\murtabak\YNG5ZMLC9TSETQDCC55WHS7F.jpg,murtabak,all,-0.469767588551138
../foodsg-233\murtabak\5NUE9257355ZG7QSLYYUO9YP.jpg,murtabak,all,-0.46973450973904635
../foodsg-233\nasi lemak\3HQZYM5S4X5B7X72AVK6OLI4.jpg,nasi lemak,all,-0.4697312245389279
../foodsg-233\rice dumpling\RQ5OUV009VZ1RGTTRBJ8YSPL.jpg,rice dumpling,all,-0.4697048014993967
../foodsg-233\Chinese fritters\UAPAWV13R0PDZO0IYKOLL9YB.jpg,Chinese fritters,all,-0.46965788400025577
../foodsg-233\Peanut Pancake\INRQ49AVSPC4813PREC51NT7.jpg,Peanut Pancake,all,-0.46960468616875345
../foodsg-233\salmon - grilled\WUJM6JBKBHWVRJRP3YK69RV0.jpg,salmon - grilled,all,-0.4695838574230531
../foodsg-233\otak\TIRI2FSWNCCHDMVO32NOD38D.jpg,otak,all,-0.4695622341383867
../foodsg-233\Sweets\SE32WLXKFA64KRAIA3R7W510.jpg,Sweets,all,-0.4695578465973907
../foodsg-233\Instant Cereal Drink\KUDJLQUOBPM9DSMYG62GYZ9Y.jpg,Instant Cereal Drink,all,-0.469535588246976
"../foodsg-233\Rice, chicken katsu with Japanese curry\1ZTC419VUZZ6T7JAB7BM195B.jpg","Rice, chicken katsu with Japanese curry",all,-0.4695329681822858
../foodsg-233\Duck Rice\A8P4WOZH4QBJWJ5U72GC3QRQ.jpg,Duck Rice,all,-0.46946604454200136
../foodsg-233\Sweets\2QM12HMX3JMWIKLMIH59IOAD.jpg,Sweets,all,-0.4694278566376633
../foodsg-233\Sweets\6Q1S739LUU6CIFL6R0XMF8YX.jpg,Sweets,all,-0.46936043113366116
../foodsg-233\sambal stingray\H0ISNSZWB6PY8H8ZUKBPPC09.jpg,sambal stingray,all,-0.4693600571410629
../foodsg-233\Sweets\371I8X4I9WCZFLV8IF7BX4E9.jpg,Sweets,all,-0.4693481135548231
../foodsg-233\Indian Pancake\TQ6ZGV3Z2K15FJ3AX9YBYYSH.jpg,Indian Pancake,all,-0.46927326134986935
../foodsg-233\Sweets\ALQ19YK1RTPHJNVKTWLGMUFV.jpg,Sweets,all,-0.46926352959430573
../foodsg-233\Sweets\CRWFK9M2QYWMZ32NJI7MXTU8.jpg,Sweets,all,-0.46919262309673276
../foodsg-233\rice dumpling\0QYP5HWSVF4D60QRVWI6Q9YB.jpg,rice dumpling,all,-0.46914793921618864
../foodsg-233\salmon - grilled\Z00SJZQVVPNQ18BZAY174PNE.jpg,salmon - grilled,all,-0.4691472987196431
../foodsg-233\Chinese fritters\O2RREYEO9W5VKOC5FKT6MQO4.jpg,Chinese fritters,all,-0.4691347902195452
../foodsg-233\nasi lemak\0ATL5MYK8ABKQH0UHYD63NOL.jpg,nasi lemak,all,-0.4691153285453805
../foodsg-233\Sweets\ZOFB6BXNYHUKBAG8GJNQKTWS.jpg,Sweets,all,-0.4690401832669567
"../foodsg-233\Rice, chicken katsu with Japanese curry\2IC3KCG45DZINPF0B9JSU8UV.jpg","Rice, chicken katsu with Japanese curry",all,-0.4689962754218442
../foodsg-233\Sweets\DENHIHZ9ULVOUDLQJB5WKYFN.jpg,Sweets,all,-0.46899269378772057
../foodsg-233\Mee siam\D0D1TI6P9R2R31GNR57QP9IN.jpg,Mee siam,all,-0.4689456731328819
../foodsg-233\Lontong with sayur lodeh\SMT6N68XXQAVHW6EE53U8QAQ.jpg,Lontong with sayur lodeh,all,-0.46891319310014
../foodsg-233\Duck Rice\A8UCD4X4ISHMW1QK3WYJTG01.jpg,Duck Rice,all,-0.4688920771654623
../foodsg-233\Lontong with sayur lodeh\TZ1GP6SUB3NHTV1BGOAHF2PF.jpg,Lontong with sayur lodeh,all,-0.4688692976823672
../foodsg-233\Duck Rice\0R7DJ219T1U6ADPT5E90JOJP.jpg,Duck Rice,all,-0.4687940818424142
../foodsg-233\Sweets\PKM5EJ8A7OMUUSWNMZ12ZT0F.jpg,Sweets,all,-0.4687669165447197
../foodsg-233\Sweets\ECBVY3B80UIP3ESGHPGDV606.jpg,Sweets,all,-0.46872575308198533
"../foodsg-233\Rice, chicken katsu with Japanese curry\UWKJ9NAA52P7KP0CB3CVC1D1.jpg","Rice, chicken katsu with Japanese curry",all,-0.4686399706586054
../foodsg-233\nasi lemak\W1KDR0AWIBSML9G0V59TOU0D.jpg,nasi lemak,all,-0.46851505573542673
../foodsg-233\Sweets\L895NM7O49JLQAKCM1EPH73E.jpg,Sweets,all,-0.4685022915516894
../foodsg-233\ayam penyet\NPI0UJ54LSZCI9K3HKULOBS4.jpg,ayam penyet,all,-0.46849504850701457
../foodsg-233\rice dumpling\YI9J3SUXGRETSDP6IGBPUAV8.jpg,rice dumpling,all,-0.4684553547149473
../foodsg-233\Sweets\8NH148NC7WMUW6YD8NZ3GVCR.jpg,Sweets,all,-0.46844538015931175
../foodsg-233\rice dumpling\5HUZNGMFJEHIOIN7U0LE6QZ0.jpg,rice dumpling,all,-0.4684213967231064
../foodsg-233\Sweets\MF9A6GDEJAAWISDTMHQSJ0ET.jpg,Sweets,all,-0.46831915079309394
../foodsg-233\Indian Pancake\3JS3GTSB6OSI2PPVC8GA0VSF.jpg,Indian Pancake,all,-0.4682898003072313
../foodsg-233\Indian Pancake\T0J23PXSEC8R59Q8CJB4HNIE.jpg,Indian Pancake,all,-0.46825810725428085
../foodsg-233\Sweets\DP5WPRX7WTVGS8F4PQXDVIY2.jpg,Sweets,all,-0.46824682793905303
../foodsg-233\Sweets\UJKZQOG5WZPYMWUXRA2R932K.jpg,Sweets,all,-0.4682428480222891
../foodsg-233\chicken pie\QROX1HSYYDU4CZGUK9KBLYXV.jpg,chicken pie,all,-0.46823776718646837
../foodsg-233\chicken pie\ETCLAK25UK4OSVL8VZ5CL88P.jpg,chicken pie,all,-0.46819459961573856
../foodsg-233\chicken pie\ZRW0ZXKC48TDLS8IBS6WKKQP.jpg,chicken pie,all,-0.46816480796461846
../foodsg-233\Sweets\RC27JVZSCKK7NNKTBAP6M3T8.jpg,Sweets,all,-0.46813783718501956
../foodsg-233\chicken pie\SIR7WMYIQ7D3MW5XBFQ05XBF.jpg,chicken pie,all,-0.4680731611767167
../foodsg-233\rice dumpling\QD45OD40UM7WBRARAFJRV1IO.jpg,rice dumpling,all,-0.46803577779226435
../foodsg-233\ayam penyet\L92SJO59MQUX6GQ0AUHIQ901.jpg,ayam penyet,all,-0.4680067117080506
../foodsg-233\Sweets\I47SHGCCKFTSLDQ0WQYJM3QP.jpg,Sweets,all,-0.4679974593182114
../foodsg-233\Sweets\NPPNCEHEZT8QEKWAMMCUVIF5.jpg,Sweets,all,-0.4678756462822036
../foodsg-233\Sweets\D53FCTPK8MPMUWKHNCJZ9S7X.jpg,Sweets,all,-0.4678517902753318
../foodsg-233\Sweets\DD1I7VJ3SKOZT9OPUJRYSOFJ.jpg,Sweets,all,-0.4678416118401378
../foodsg-233\ayam penyet\0VODZ2RKUBS5CCS98LKB8RAJ.jpg,ayam penyet,all,-0.46779373772658994
../foodsg-233\Sweets\W3HX7VIZUBZARP78RS6XZHJH.jpg,Sweets,all,-0.46777572999764416
../foodsg-233\Sweets\OMZ6EYASY7MBPFGT0MWSFHQE.jpg,Sweets,all,-0.46769487067723436
../foodsg-233\chicken pie\OXT6XB7FIWSYYA01F81R5RM1.jpg,chicken pie,all,-0.46762190649271534
../foodsg-233\rice dumpling\BSJFH7UYPV838ZBLCHBIHFLW.jpg,rice dumpling,all,-0.4674135140950703
../foodsg-233\chicken pie\DF2478GNDCFB4MJ8U1IEZIVF.jpg,chicken pie,all,-0.4674131672069037
../foodsg-233\Sweets\JNM70SVBZTXI17QERQVBFKWQ.jpg,Sweets,all,-0.46740376843440945
../foodsg-233\sambal stingray\VLLJQZ68KSKNKRFPV2XJYB96.jpg,sambal stingray,all,-0.46739293789766023
../foodsg-233\Pung Kueh\7E9PSN69SURG9FKOWKUB6DVT.jpg,Pung Kueh,all,-0.46738580980637295
../foodsg-233\Sweets\27ORYTFPU68JDVYBYUGAJFDJ.jpg,Sweets,all,-0.4673763318515857
../foodsg-233\Sweets\EOWAHZVJ47HWAOMML1X3B33O.jpg,Sweets,all,-0.4671665985760719
../foodsg-233\Sweets\R9KO25FSGMUGOANLB53HA0WX.jpg,Sweets,all,-0.4671653307154593
../foodsg-233\chicken pie\705524FHYXSXIZ60HK8UGMQ7.jpg,chicken pie,all,-0.46715616060318327
../foodsg-233\Lontong with sayur lodeh\7JC1M54L7SQ84MUD9MXNW19X.jpg,Lontong with sayur lodeh,all,-0.46709971640244585
../foodsg-233\Lontong with sayur lodeh\BSGPNWOGSX9HGLA491VMTFWM.jpg,Lontong with sayur lodeh,all,-0.4670731765966349
../foodsg-233\Sweets\8D9DEM6FYA5Q0OMZPOZULRZ9.jpg,Sweets,all,-0.4670223590853713
../foodsg-233\Lontong with sayur lodeh\NUM871Z6QNJR0K1LZRIFPPJ0.jpg,Lontong with sayur lodeh,all,-0.4670098129978348
../foodsg-233\Sweets\NSHTAMCRL8F577S4UEZX5KB6.jpg,Sweets,all,-0.46694367950811677
../foodsg-233\yogurt\T9ITHMUM0J0ZAL1IQHHI3E9A.jpg,yogurt,all,-0.46689829042528264
../foodsg-233\sambal stingray\3D5OHSOIDZNHYK0CVAK00Y1N.jpg,sambal stingray,all,-0.46687437398329296
../foodsg-233\Chinese fritters\EQEFHGSLH5BOKKTXX9LAUQ73.jpg,Chinese fritters,all,-0.4667891724279124
../foodsg-233\Chinese fritters\YYX0W26KLW5FYMK2VR0PEGH6.jpg,Chinese fritters,all,-0.46678675382556756
../foodsg-233\Pung Kueh\MW2QHQSZS2CEPNNN7IBA12A5.jpg,Pung Kueh,all,-0.46676816052947406
../foodsg-233\sambal stingray\VB00I9F1AKT6DV7J3DQSJ8WO.jpg,sambal stingray,all,-0.46662732545891145
../foodsg-233\Chinese fritters\SVXIS5R9IBGLO556F8A9LQAJ.jpg,Chinese fritters,all,-0.46661506200940545
../foodsg-233\Pung Kueh\50IH4B0IG4P8MJ1QXK329P60.jpg,Pung Kueh,all,-0.4663405412892225
../foodsg-233\Pung Kueh\KIJXA49043LXOUV1H8RYI2XC.jpg,Pung Kueh,all,-0.46610719903033415
../foodsg-233\yogurt\3GSOEAX3RD2SQCEPMTM6RPA2.jpg,yogurt,all,-0.46607076875215225
../foodsg-233\Pung Kueh\9AKWJSILKIYW870NNHV17FDP.jpg,Pung Kueh,all,-0.46581368039003035
../foodsg-233\yogurt\19TQ4XYAQV5CAZVZDLMT7ZLH.jpg,yogurt,all,-0.46579851803697697
../foodsg-233\Pung Kueh\AC5TNKIYPFWWC5QRAC13G6DD.jpg,Pung Kueh,all,-0.4657646066161863
../foodsg-233\Chinese fritters\BQ30OGKD5CAQTCEDANG8YPPV.jpg,Chinese fritters,all,-0.4657156024350876
../foodsg-233\Pung Kueh\WQEAJDIZTACNS4A9V2VLAN71.jpg,Pung Kueh,all,-0.46566649276905525
../foodsg-233\Chinese fritters\N3OPWYCA0T63P1VBKB3V2ENF.jpg,Chinese fritters,all,-0.4655152917384051
../foodsg-233\yogurt\I4759TFDQTR8TGAYPSSWTKK4.jpg,yogurt,all,-0.46542714362133597
../foodsg-233\Chinese fritters\NJFFWX1DLQZK6LAM5M1LA6DU.jpg,Chinese fritters,all,-0.4648164935557482
../foodsg-233\Chinese fritters\150KYJJPWGVGHA8737VPZNK0.jpg,Chinese fritters,all,-0.46412114023884865
../foodsg-233\Chinese fritters\EXEZG0VZP0I5GCHKQA12LTPU.jpg,Chinese fritters,all,-0.4638447120189902
