path,label,split,md5,phash,predicted_label,num_models_agree,convnext_confidence
../foodsg-233_cleaned/Alcoholic Beverage/FZ096JNMCPQBKKX7WQYE7VI8.jpg,Alcoholic Beverage,all,958e85c34df0e20ea4f73af2d2e0057a,958e85c34df0e20ea4f73af2d2e0057a,Fruit juice,2,0.7278
../foodsg-233_cleaned/Alcoholic Beverage/N644613C6ZBOIJTSZ9P566O0.jpg,Alcoholic Beverage,all,ee688aecad3097d5667ee8b4524f8516,ee688aecad3097d5667ee8b4524f8516,passion fruit,2,0.6406
../foodsg-233_cleaned/Apple/D9KPE1YXLI6519O1M7HNGQRX.jpg,Apple,all,973e0972557a6fb296f34920ea2705fb,973e0972557a6fb296f34920ea2705fb,canned Fruit salad,2,0.7138
../foodsg-233_cleaned/Apple/EOJIM350OF626CJEA5DBWAXQ.jpg,Apple,all,973e0972557a6fb296f34920ea2705fb,973e0972557a6fb296f34920ea2705fb,pomegranate,2,0.9514
../foodsg-233_cleaned/Apple/H9O9YV298XQ5AM81B85KLO93.jpg,Apple,all,6be063f88501752ca5f202a8804a7c63,6be063f88501752ca5f202a8804a7c63,Fruit juice,2,0.6111
../foodsg-233_cleaned/Apple/UJ93WD21BFBJOLXEQUHO1L19.jpg,Apple,all,973e0972557a6fb296f34920ea2705fb,973e0972557a6fb296f34920ea2705fb,guava,2,0.6867
../foodsg-233_cleaned/Apple/XSYZKRXNY350F9F76R2XSPI4.jpg,Apple,all,973e0972557a6fb296f34920ea2705fb,973e0972557a6fb296f34920ea2705fb,banana,2,0.9979
../foodsg-233_cleaned/Apricot/158U3HW64VYUEYYL0ULYDAHL.jpg,Apricot,all,c1f2308d7a97a00c559675d658db0fc8,c1f2308d7a97a00c559675d658db0fc8,Sweets,2,0.9556
../foodsg-233_cleaned/Apricot/57JT2O26AI17U01RIUECLWMW.jpg,Apricot,all,98a6ac9d2668a3c3c48ee8fdc61d9f42,98a6ac9d2668a3c3c48ee8fdc61d9f42,preserved fruit snacks,2,0.9934
../foodsg-233_cleaned/Apricot/A0LRI740YQU830EZK5ULY64K.jpg,Apricot,all,c1f2308d7a97a00c559675d658db0fc8,c1f2308d7a97a00c559675d658db0fc8,orange,2,0.6475
../foodsg-233_cleaned/Apricot/DCTDQ5V7C82N6LH0DK7CZLHW.jpg,Apricot,all,c1f2308d7a97a00c559675d658db0fc8,c1f2308d7a97a00c559675d658db0fc8,sambal,2,0.5181
../foodsg-233_cleaned/Apricot/GP7DZ4LTOUCW5AJJTFGE8KG8.jpg,Apricot,all,98a6ac9d2668a3c3c48ee8fdc61d9f42,98a6ac9d2668a3c3c48ee8fdc61d9f42,preserved fruit snacks,2,0.9146
../foodsg-233_cleaned/Apricot/GZME4PI4NSDJ3QKZFFMHLYZX.jpg,Apricot,all,c1f2308d7a97a00c559675d658db0fc8,c1f2308d7a97a00c559675d658db0fc8,cheng tng,2,0.7283
../foodsg-233_cleaned/Apricot/KGAMHFE69Z1KI71RXWDYDKFB.jpg,Apricot,all,98a6ac9d2668a3c3c48ee8fdc61d9f42,98a6ac9d2668a3c3c48ee8fdc61d9f42,preserved fruit snacks,2,0.9319
../foodsg-233_cleaned/Apricot/NTED378MMCKOFS0ZFRITQF87.jpg,Apricot,all,98a6ac9d2668a3c3c48ee8fdc61d9f42,98a6ac9d2668a3c3c48ee8fdc61d9f42,preserved fruit snacks,2,0.6967
../foodsg-233_cleaned/Avocados/TSYZ3BTLVKKEA2EGDHYCDWBB.jpg,Avocados,all,b02e06daaed37859d0780b1a0c2151d6,b02e06daaed37859d0780b1a0c2151d6,Cucumber,2,0.9486
../foodsg-233_cleaned/Avocados/X1EL8JFCYC0MFYDTH1V7OMLE.jpg,Avocados,all,b02e06daaed37859d0780b1a0c2151d6,b02e06daaed37859d0780b1a0c2151d6,salad,2,0.8488
../foodsg-233_cleaned/Ban Mian/38FW44HHHQARVMEZKOLJE3LP.jpg,Ban Mian,all,a2965f70102c466b8c903ebc892bb30c,a2965f70102c466b8c903ebc892bb30c,beef noodle soup,2,0.9421
../foodsg-233_cleaned/Ban Mian/3D64RWUWP3NVVK0HCW3P1DZ0.jpg,Ban Mian,all,a2965f70102c466b8c903ebc892bb30c,a2965f70102c466b8c903ebc892bb30c,yong tau foo,2,0.5283
../foodsg-233_cleaned/Ban Mian/4IN0UYO7ES3P1KQN1JIICHCD.jpg,Ban Mian,all,663c358ec702e42577713090584cc89f,663c358ec702e42577713090584cc89f,Udon,2,0.9916
../foodsg-233_cleaned/Ban Mian/5C7G2NLPT0EFLMRT84JGD04I.jpg,Ban Mian,all,3d0978e1c22b13881fcff8899ba31155,3d0978e1c22b13881fcff8899ba31155,bak chor mee,2,0.6917
../foodsg-233_cleaned/Ban Mian/5YHNMY1P2XGJ86SB5U5BJJNU.jpg,Ban Mian,all,b3a105715efa4f39299e950c23b398b4,b3a105715efa4f39299e950c23b398b4,Seafood Noodles Soup,2,0.5385
../foodsg-233_cleaned/Ban Mian/76PXWU4LFED6AWF9Q1A98R2R.jpg,Ban Mian,all,138fd04ee1c3fe03de60d407be0effa7,138fd04ee1c3fe03de60d407be0effa7,Dumpling noodle soup,2,0.8575
../foodsg-233_cleaned/Ban Mian/EMN0T44LQMWU2R2FX5R2Y8DG.jpg,Ban Mian,all,65bf87f22590b7c1a6ddc71bf3af6353,65bf87f22590b7c1a6ddc71bf3af6353,Hor Fun,2,0.7648
../foodsg-233_cleaned/Ban Mian/GRD6R8JPO3N7BZF2OMC5N57H.jpg,Ban Mian,all,0d1e000acc9904280057d34435c6dfb3,0d1e000acc9904280057d34435c6dfb3,sliced fish soup,2,0.6978
../foodsg-233_cleaned/Ban Mian/IBR4TO6B4KIA2R3JQFQF3KQL.jpg,Ban Mian,all,0d1e000acc9904280057d34435c6dfb3,0d1e000acc9904280057d34435c6dfb3,sliced fish soup,2,0.7817
../foodsg-233_cleaned/Ban Mian/MUX4X5UTGZDZ7H2Q4LYRR41S.jpg,Ban Mian,all,a2965f70102c466b8c903ebc892bb30c,a2965f70102c466b8c903ebc892bb30c,Laksa,2,0.5231
../foodsg-233_cleaned/Ban Mian/PSZGR63KIGL00I0U0OL3E7RU.jpg,Ban Mian,all,138fd04ee1c3fe03de60d407be0effa7,138fd04ee1c3fe03de60d407be0effa7,Dumpling noodle soup,2,0.9014
../foodsg-233_cleaned/Ban Mian/WRUZXHO7R4ZOS6QHSGB9OX7P.jpg,Ban Mian,all,493194b6f207aa5e13f272d47bf62618,493194b6f207aa5e13f272d47bf62618,"Bee hoon, soto",2,0.6272
../foodsg-233_cleaned/Barley/5F0V8H2K7W4CCDWDSOB5NNGA.jpg,Barley,all,a01fd1e13c6ef94f692cdf19ba103096,a01fd1e13c6ef94f692cdf19ba103096,breakfast cereal,2,0.8996
../foodsg-233_cleaned/Barley/75FAVVOB4TYB5GN38MXAPTRL.jpg,Barley,all,f36291ef6d191503b5dfec1a8c34ee23,f36291ef6d191503b5dfec1a8c34ee23,"Rice, with dakgalbi",2,0.8442
../foodsg-233_cleaned/Barley/BPYY7P77OP8JAFNPLE9KE4KW.jpg,Barley,all,f36291ef6d191503b5dfec1a8c34ee23,f36291ef6d191503b5dfec1a8c34ee23,mushroom soup,2,0.7398
../foodsg-233_cleaned/Barley/DAS77I7WPXLJ9QNVUW79KKH4.jpg,Barley,all,a01fd1e13c6ef94f692cdf19ba103096,a01fd1e13c6ef94f692cdf19ba103096,breakfast cereal,2,0.9889
../foodsg-233_cleaned/Barley/LSHU9RFZZFW7C0Q4GWM18S5Q.jpg,Barley,all,f36291ef6d191503b5dfec1a8c34ee23,f36291ef6d191503b5dfec1a8c34ee23,"Pilaf, pea",2,0.6509
../foodsg-233_cleaned/Barley/M32ZG5GNO73MUDVLUK401BC9.jpg,Barley,all,4d25011401835a0bbcd69a6a8f9d04c3,4d25011401835a0bbcd69a6a8f9d04c3,salad,2,0.6151
../foodsg-233_cleaned/Barley/N05PUMW9PZLWWG9DIFGG7L53.jpg,Barley,all,88438145bbb85c31f310d4c00e9e2e02,88438145bbb85c31f310d4c00e9e2e02,buckwheat,2,0.7627
../foodsg-233_cleaned/Barley/U4C097CHQ8K7RJSAEX2P3F1R.jpg,Barley,all,88438145bbb85c31f310d4c00e9e2e02,88438145bbb85c31f310d4c00e9e2e02,buckwheat,2,0.7775
../foodsg-233_cleaned/Barley/V8VHFL773VPSUJPMLXYCQX1Z.jpg,Barley,all,f36291ef6d191503b5dfec1a8c34ee23,f36291ef6d191503b5dfec1a8c34ee23,mixed vegetables,2,0.6832
../foodsg-233_cleaned/Barley/YEYRPTP3YGKE38B36WWKRVKO.jpg,Barley,all,4d25011401835a0bbcd69a6a8f9d04c3,4d25011401835a0bbcd69a6a8f9d04c3,salad,2,0.704
"../foodsg-233_cleaned/Bee hoon, goreng/16WVWLI78S6GR6W4ULVZXS5K.jpg","Bee hoon, goreng",all,e1045c7dc521fc99e4e4f489bdbfcc17,e1045c7dc521fc99e4e4f489bdbfcc17,"Mee siam, fried",2,0.8654
"../foodsg-233_cleaned/Bee hoon, goreng/2FP06Y8TGDN7N8RVVHT4640H.jpg","Bee hoon, goreng",all,a90058b521394fba5e938b355bde5d68,a90058b521394fba5e938b355bde5d68,Fried Noodles,2,0.547
"../foodsg-233_cleaned/Bee hoon, goreng/3UX5OYVQ23LO1QL0544FKSHJ.jpg","Bee hoon, goreng",all,9957769a6adf6aed0168cc06c960dc63,9957769a6adf6aed0168cc06c960dc63,bee hoon,2,0.9641
"../foodsg-233_cleaned/Bee hoon, goreng/3ZTC3MFNSBMCFRE4IPIAKUMV.jpg","Bee hoon, goreng",all,e1045c7dc521fc99e4e4f489bdbfcc17,e1045c7dc521fc99e4e4f489bdbfcc17,"Mee siam, fried",2,0.9714
"../foodsg-233_cleaned/Bee hoon, goreng/47WPKPTWIFBE3N7CECU12XES.jpg","Bee hoon, goreng",all,3972aade6cebc9a0a723cf463590df63,3972aade6cebc9a0a723cf463590df63,salad,2,0.8566
"../foodsg-233_cleaned/Bee hoon, goreng/4EAQZPWA3G15XXSGKTYT60YN.jpg","Bee hoon, goreng",all,9957769a6adf6aed0168cc06c960dc63,9957769a6adf6aed0168cc06c960dc63,bee hoon,2,0.8087
"../foodsg-233_cleaned/Bee hoon, goreng/4M993RQHIAX8H79G6VPM42AW.jpg","Bee hoon, goreng",all,3972aade6cebc9a0a723cf463590df63,3972aade6cebc9a0a723cf463590df63,mee pok,2,0.7312
"../foodsg-233_cleaned/Bee hoon, goreng/4X7MAVJ6TC1V0KJMTMFXTEB7.jpg","Bee hoon, goreng",all,9957769a6adf6aed0168cc06c960dc63,9957769a6adf6aed0168cc06c960dc63,bee hoon,2,0.7466
"../foodsg-233_cleaned/Bee hoon, goreng/725Y4LOZNYRZH1QAIR0YVI1G.jpg","Bee hoon, goreng",all,9957769a6adf6aed0168cc06c960dc63,9957769a6adf6aed0168cc06c960dc63,bee hoon,2,0.9901
"../foodsg-233_cleaned/Bee hoon, goreng/7PVNZJMOP3N17L5TOTZ74PNN.jpg","Bee hoon, goreng",all,e1045c7dc521fc99e4e4f489bdbfcc17,e1045c7dc521fc99e4e4f489bdbfcc17,"Mee siam, fried",2,0.7661
"../foodsg-233_cleaned/Bee hoon, goreng/8MHGQQUA7DAUF6551KVMFIQB.jpg","Bee hoon, goreng",all,98482b189bc5d2b3ceec4a3d69704aaf,98482b189bc5d2b3ceec4a3d69704aaf,Mee goreng,2,0.8127
"../foodsg-233_cleaned/Bee hoon, goreng/8O00AJJJX8EX1KGV3DI34QHI.jpg","Bee hoon, goreng",all,b20dafa7559445dfc2a7c0a19aa572ce,b20dafa7559445dfc2a7c0a19aa572ce,vegetarian bee hoon,2,0.5256
"../foodsg-233_cleaned/Bee hoon, goreng/9X6Y9U7HG9W6WWBN2KTNSEF0.jpg","Bee hoon, goreng",all,8829f64fa8e38204b51bb2d6ff33f9f2,8829f64fa8e38204b51bb2d6ff33f9f2,fried rice,2,0.7819
"../foodsg-233_cleaned/Bee hoon, goreng/ABX9XNRJTLIRWWVWXTQ24VMO.jpg","Bee hoon, goreng",all,e1045c7dc521fc99e4e4f489bdbfcc17,e1045c7dc521fc99e4e4f489bdbfcc17,"Mee siam, fried",2,0.6808
"../foodsg-233_cleaned/Bee hoon, goreng/B1KRLZ8SUNMWKIPNFJENOT0C.jpg","Bee hoon, goreng",all,9957769a6adf6aed0168cc06c960dc63,9957769a6adf6aed0168cc06c960dc63,bee hoon,2,0.5693
"../foodsg-233_cleaned/Bee hoon, goreng/BYWGXAK1EAT6FGACQ5IVE9CG.jpg","Bee hoon, goreng",all,3972aade6cebc9a0a723cf463590df63,3972aade6cebc9a0a723cf463590df63,"Bee hoon, soto",2,0.8196
"../foodsg-233_cleaned/Bee hoon, goreng/C8ODNVNOGDY5IJIM1CK51JED.jpg","Bee hoon, goreng",all,9957769a6adf6aed0168cc06c960dc63,9957769a6adf6aed0168cc06c960dc63,bee hoon,2,0.6288
"../foodsg-233_cleaned/Bee hoon, goreng/CZPL8KB8R29Q22MR878IROCL.jpg","Bee hoon, goreng",all,e1045c7dc521fc99e4e4f489bdbfcc17,e1045c7dc521fc99e4e4f489bdbfcc17,"Mee siam, fried",2,0.701
"../foodsg-233_cleaned/Bee hoon, goreng/DWURB4A4II93483F1JQUIHLQ.jpg","Bee hoon, goreng",all,a90058b521394fba5e938b355bde5d68,a90058b521394fba5e938b355bde5d68,Fried Noodles,2,0.6325
"../foodsg-233_cleaned/Bee hoon, goreng/G1ZVZRVXINDN0QSXB0BV3K1P.jpg","Bee hoon, goreng",all,b20dafa7559445dfc2a7c0a19aa572ce,b20dafa7559445dfc2a7c0a19aa572ce,vegetarian bee hoon,2,0.7851
"../foodsg-233_cleaned/Bee hoon, goreng/GR0Y56CWQO3GMVH1FZLC5ZC6.jpg","Bee hoon, goreng",all,68dc15b32b6b75d119a0f98d3ff2816c,68dc15b32b6b75d119a0f98d3ff2816c,hokkien prawn mee,2,0.5462
"../foodsg-233_cleaned/Bee hoon, goreng/KVDFLMJFAVE7UQJV2ASYI2MZ.jpg","Bee hoon, goreng",all,5f3899a6bec00a5707f7d53acae639a1,5f3899a6bec00a5707f7d53acae639a1,Kway Teow,2,0.6578
"../foodsg-233_cleaned/Bee hoon, goreng/KYEAWHBJS3IFQ0TJ15CKZWV7.jpg","Bee hoon, goreng",all,68dc15b32b6b75d119a0f98d3ff2816c,68dc15b32b6b75d119a0f98d3ff2816c,hokkien prawn mee,2,0.9957
"../foodsg-233_cleaned/Bee hoon, goreng/L86JPUXFJQ6YME3G2YVL950T.jpg","Bee hoon, goreng",all,3972aade6cebc9a0a723cf463590df63,3972aade6cebc9a0a723cf463590df63,chicken chop,2,0.8758
"../foodsg-233_cleaned/Bee hoon, goreng/MTRO433ZU2ORGD4Z9UI9PSAS.jpg","Bee hoon, goreng",all,3972aade6cebc9a0a723cf463590df63,3972aade6cebc9a0a723cf463590df63,Seafood Noodles Soup,2,0.8776
"../foodsg-233_cleaned/Bee hoon, goreng/PFZCQ4PNX0311XT5I6RQRHZH.jpg","Bee hoon, goreng",all,98482b189bc5d2b3ceec4a3d69704aaf,98482b189bc5d2b3ceec4a3d69704aaf,Mee goreng,2,0.7788
"../foodsg-233_cleaned/Bee hoon, goreng/QUS4CEF8DP4OEQQXRK8C4SPN.jpg","Bee hoon, goreng",all,a90058b521394fba5e938b355bde5d68,a90058b521394fba5e938b355bde5d68,Fried Noodles,2,0.5043
"../foodsg-233_cleaned/Bee hoon, goreng/W1M50TP17PEZOMIMF5CKG7VF.jpg","Bee hoon, goreng",all,9957769a6adf6aed0168cc06c960dc63,9957769a6adf6aed0168cc06c960dc63,bee hoon,2,0.6577
"../foodsg-233_cleaned/Bee hoon, goreng/X5424JGVD9XHVVAMXTNM9T57.jpg","Bee hoon, goreng",all,98482b189bc5d2b3ceec4a3d69704aaf,98482b189bc5d2b3ceec4a3d69704aaf,Mee goreng,2,0.6724
"../foodsg-233_cleaned/Bee hoon, goreng/Y9OD24ZVOX3W6TF4MA26D0LW.jpg","Bee hoon, goreng",all,e1045c7dc521fc99e4e4f489bdbfcc17,e1045c7dc521fc99e4e4f489bdbfcc17,"Mee siam, fried",2,0.619
"../foodsg-233_cleaned/Bee hoon, goreng/YSPU5PL68SH6PRDFQCBNYFQI.jpg","Bee hoon, goreng",all,3972aade6cebc9a0a723cf463590df63,3972aade6cebc9a0a723cf463590df63,ayam penyet,2,0.7962
"../foodsg-233_cleaned/Bee hoon, goreng/Z0NO38CXT3QC3NAT70LT4N42.jpg","Bee hoon, goreng",all,e1045c7dc521fc99e4e4f489bdbfcc17,e1045c7dc521fc99e4e4f489bdbfcc17,"Mee siam, fried",2,0.877
"../foodsg-233_cleaned/Bee hoon, goreng/ZTDKCU6HM7KISJ0R53ZSQJ38.jpg","Bee hoon, goreng",all,3972aade6cebc9a0a723cf463590df63,3972aade6cebc9a0a723cf463590df63,pasta - fettuccine,2,0.7946
"../foodsg-233_cleaned/Bee hoon, soto/0DWM81JF859Q3UFG5MSRGYAY.jpg","Bee hoon, soto",all,493194b6f207aa5e13f272d47bf62618,493194b6f207aa5e13f272d47bf62618,Ban Mian,2,0.9978
"../foodsg-233_cleaned/Bee hoon, soto/0JHPB2ENKGJ2JFH1M7VSLW01.jpg","Bee hoon, soto",all,3671fb0a39e9307b0e27bb2c4cd49de6,3671fb0a39e9307b0e27bb2c4cd49de6,Seafood Noodles Soup,2,0.684
"../foodsg-233_cleaned/Bee hoon, soto/14UO6HZCIXRUVLUFQ7ZIP6BX.jpg","Bee hoon, soto",all,1bafbf3153ff16a3a6a0a4f52b61f5d1,1bafbf3153ff16a3a6a0a4f52b61f5d1,bee hoon,2,0.8166
"../foodsg-233_cleaned/Bee hoon, soto/1AR76XG0PW7BHEGTTUH67VZV.jpg","Bee hoon, soto",all,3671fb0a39e9307b0e27bb2c4cd49de6,3671fb0a39e9307b0e27bb2c4cd49de6,Seafood Noodles Soup,2,0.9818
"../foodsg-233_cleaned/Bee hoon, soto/1HUDUMRA4GUJAAUEY5PU7PFJ.jpg","Bee hoon, soto",all,3671fb0a39e9307b0e27bb2c4cd49de6,3671fb0a39e9307b0e27bb2c4cd49de6,Seafood Noodles Soup,2,0.6717
"../foodsg-233_cleaned/Bee hoon, soto/1Y9RHI6R83C8VH01E8GXIKUM.jpg","Bee hoon, soto",all,83cae4c6cc61e464314b49729ebfde1c,83cae4c6cc61e464314b49729ebfde1c,Mee soto,2,0.5206
"../foodsg-233_cleaned/Bee hoon, soto/2TUKODHAME4RGKHA5J3H2O33.jpg","Bee hoon, soto",all,c635d85fb16ae8da181a981ec07dfff5,c635d85fb16ae8da181a981ec07dfff5,Laksa,2,0.8986
"../foodsg-233_cleaned/Bee hoon, soto/3CZXQOGISTHXDY3A0U3NRHE6.jpg","Bee hoon, soto",all,bf008f0474d82da10d09d32beb370000,bf008f0474d82da10d09d32beb370000,Lor mee,2,0.905
"../foodsg-233_cleaned/Bee hoon, soto/3VHOP8UUY8S7O4VBX8J3RF4A.jpg","Bee hoon, soto",all,16786a7326bc8446403e945946998f55,16786a7326bc8446403e945946998f55,Soto ayam,2,0.5785
"../foodsg-233_cleaned/Bee hoon, soto/3XJD0DCO24FP81FJZRJ22BZU.jpg","Bee hoon, soto",all,bf008f0474d82da10d09d32beb370000,bf008f0474d82da10d09d32beb370000,chin chow drink,2,0.7562
"../foodsg-233_cleaned/Bee hoon, soto/4Q03U0KPV1C80QYIJVP6KZ6P.jpg","Bee hoon, soto",all,83cae4c6cc61e464314b49729ebfde1c,83cae4c6cc61e464314b49729ebfde1c,Mee soto,2,0.863
"../foodsg-233_cleaned/Bee hoon, soto/7743BDI1KK79L6JL0PF10GRW.jpg","Bee hoon, soto",all,16786a7326bc8446403e945946998f55,16786a7326bc8446403e945946998f55,Soto ayam,2,0.5423
"../foodsg-233_cleaned/Bee hoon, soto/81I87833BVOYS1CJA8Q3Y2IG.jpg","Bee hoon, soto",all,1bafbf3153ff16a3a6a0a4f52b61f5d1,1bafbf3153ff16a3a6a0a4f52b61f5d1,bee hoon,2,0.6667
"../foodsg-233_cleaned/Bee hoon, soto/8E27RGUPX4OTFRP9AH9UQSUF.jpg","Bee hoon, soto",all,83cae4c6cc61e464314b49729ebfde1c,83cae4c6cc61e464314b49729ebfde1c,Mee soto,2,0.9651
"../foodsg-233_cleaned/Bee hoon, soto/9EF97QC6YCQO38J0FPEGBCSQ.jpg","Bee hoon, soto",all,bf008f0474d82da10d09d32beb370000,bf008f0474d82da10d09d32beb370000,Dumpling noodle soup,2,0.5439
"../foodsg-233_cleaned/Bee hoon, soto/B20QKJ6L9DVMIFWDUSRY4CXW.jpg","Bee hoon, soto",all,83cae4c6cc61e464314b49729ebfde1c,83cae4c6cc61e464314b49729ebfde1c,Mee soto,2,0.8404
"../foodsg-233_cleaned/Bee hoon, soto/BAH43VK4T6FF90CPZHEXMPMH.jpg","Bee hoon, soto",all,16786a7326bc8446403e945946998f55,16786a7326bc8446403e945946998f55,Soto ayam,2,0.8149
"../foodsg-233_cleaned/Bee hoon, soto/BO332K6LMH9C350UWASIL512.jpg","Bee hoon, soto",all,493194b6f207aa5e13f272d47bf62618,493194b6f207aa5e13f272d47bf62618,Ban Mian,2,0.9968
"../foodsg-233_cleaned/Bee hoon, soto/C0ZU2221Z2VI8YAIBMM60RGA.jpg","Bee hoon, soto",all,bf008f0474d82da10d09d32beb370000,bf008f0474d82da10d09d32beb370000,Mee bandung,2,0.8497
"../foodsg-233_cleaned/Bee hoon, soto/E4X1JS9NB729RP51IOI3CKTK.jpg","Bee hoon, soto",all,bf008f0474d82da10d09d32beb370000,bf008f0474d82da10d09d32beb370000,pig organ soup,2,0.5013
"../foodsg-233_cleaned/Bee hoon, soto/G56XTPZV5JIHYANRD6VPKCYL.jpg","Bee hoon, soto",all,83cae4c6cc61e464314b49729ebfde1c,83cae4c6cc61e464314b49729ebfde1c,Mee soto,2,0.7088
"../foodsg-233_cleaned/Bee hoon, soto/HR9NMYQN0ZIRPP5G8V8SX905.jpg","Bee hoon, soto",all,83cae4c6cc61e464314b49729ebfde1c,83cae4c6cc61e464314b49729ebfde1c,Mee soto,2,0.9882
"../foodsg-233_cleaned/Bee hoon, soto/HS4SYKCM3N53TBOYI5GEFYKZ.jpg","Bee hoon, soto",all,378c30e3e8709528b1d19cc40d1fed4e,378c30e3e8709528b1d19cc40d1fed4e,Mee rebus,2,0.9945
"../foodsg-233_cleaned/Bee hoon, soto/I4GKLJNRZ8X74003NZYBWI27.jpg","Bee hoon, soto",all,83cae4c6cc61e464314b49729ebfde1c,83cae4c6cc61e464314b49729ebfde1c,Mee soto,2,0.6962
"../foodsg-233_cleaned/Bee hoon, soto/KE10SU8PF7MZRMJTZN6VY8JN.jpg","Bee hoon, soto",all,16786a7326bc8446403e945946998f55,16786a7326bc8446403e945946998f55,Soto ayam,2,0.8983
"../foodsg-233_cleaned/Bee hoon, soto/O7WXD9CTRPQY3OWS8TFDYXMU.jpg","Bee hoon, soto",all,378c30e3e8709528b1d19cc40d1fed4e,378c30e3e8709528b1d19cc40d1fed4e,Mee rebus,2,0.5642
"../foodsg-233_cleaned/Bee hoon, soto/OJCW3OA9PG94WFW6ZCS3J9GQ.jpg","Bee hoon, soto",all,16786a7326bc8446403e945946998f55,16786a7326bc8446403e945946998f55,Soto ayam,2,0.8012
"../foodsg-233_cleaned/Bee hoon, soto/REAAWWWIAN0MOQ7NJERJPTCS.jpg","Bee hoon, soto",all,16786a7326bc8446403e945946998f55,16786a7326bc8446403e945946998f55,Soto ayam,2,0.5202
"../foodsg-233_cleaned/Bee hoon, soto/TF9VCHR72PUAQOMZJWS5DU20.jpg","Bee hoon, soto",all,16786a7326bc8446403e945946998f55,16786a7326bc8446403e945946998f55,Soto ayam,2,0.8585
"../foodsg-233_cleaned/Bee hoon, soto/WOEHHMUU6P59MF5VVGCA6QB5.jpg","Bee hoon, soto",all,16786a7326bc8446403e945946998f55,16786a7326bc8446403e945946998f55,Soto ayam,2,0.6183
"../foodsg-233_cleaned/Bee hoon, soto/WTGC5I6XFQS9VNV4SV1AI0D3.jpg","Bee hoon, soto",all,83cae4c6cc61e464314b49729ebfde1c,83cae4c6cc61e464314b49729ebfde1c,Mee soto,2,0.5041
"../foodsg-233_cleaned/Bee hoon, soto/X2ZADWFWIK6I1QQ4DH1FPGCP.jpg","Bee hoon, soto",all,16786a7326bc8446403e945946998f55,16786a7326bc8446403e945946998f55,Soto ayam,2,0.7656
"../foodsg-233_cleaned/Bee hoon, soto/Y3L4KJ9Q2GXSP2FSF2UPRAD2.jpg","Bee hoon, soto",all,c635d85fb16ae8da181a981ec07dfff5,c635d85fb16ae8da181a981ec07dfff5,Laksa,2,0.8378
"../foodsg-233_cleaned/Bee hoon, soto/YB27NQMLRT5UEQF9HCYQNTTU.jpg","Bee hoon, soto",all,16786a7326bc8446403e945946998f55,16786a7326bc8446403e945946998f55,Soto ayam,2,0.6144
"../foodsg-233_cleaned/Bee hoon, soto/YJT5Q2EN83U2ZEOJ8EEVG1ST.jpg","Bee hoon, soto",all,83cae4c6cc61e464314b49729ebfde1c,83cae4c6cc61e464314b49729ebfde1c,Mee soto,2,0.978
"../foodsg-233_cleaned/Bee hoon, soto/ZAHHQYRDNP2JEAHLXG5P9KXS.jpg","Bee hoon, soto",all,83cae4c6cc61e464314b49729ebfde1c,83cae4c6cc61e464314b49729ebfde1c,Mee soto,2,0.7527
"../foodsg-233_cleaned/Bee hoon, soto/ZBUTPUD4R9ZPPIXIFLWBFN1I.jpg","Bee hoon, soto",all,16786a7326bc8446403e945946998f55,16786a7326bc8446403e945946998f55,Soto ayam,2,0.8712
"../foodsg-233_cleaned/Bee hoon, soto/ZJAUNIEH1FWSIL5NSR8OKMRN.jpg","Bee hoon, soto",all,16786a7326bc8446403e945946998f55,16786a7326bc8446403e945946998f55,Soto ayam,2,0.8351
../foodsg-233_cleaned/Bibimbap/1OYII8LO48XJDM72S3Q5BPLC.jpg,Bibimbap,all,9cbdc8f3a568451fd9e04ae9edbec4f1,9cbdc8f3a568451fd9e04ae9edbec4f1,"Rice, korean bulgogi beef",2,0.5377
../foodsg-233_cleaned/Bibimbap/9RGZVUDXCNBMBW2O1BP54TU2.jpg,Bibimbap,all,2583ccb99bb3c908d1e55ceedbf62a27,2583ccb99bb3c908d1e55ceedbf62a27,"Rice, with dakgalbi",2,0.5292
../foodsg-233_cleaned/Bibimbap/GVSOHVPBX2T0V0C2V3FCY6TE.jpg,Bibimbap,all,2583ccb99bb3c908d1e55ceedbf62a27,2583ccb99bb3c908d1e55ceedbf62a27,wholegrain pasta,2,0.5131
../foodsg-233_cleaned/Bibimbap/UMJWEAA4T7C0R7X60VKVNY2C.jpg,Bibimbap,all,9cbdc8f3a568451fd9e04ae9edbec4f1,9cbdc8f3a568451fd9e04ae9edbec4f1,"Rice, korean bulgogi beef",2,0.9921
../foodsg-233_cleaned/Bubble Milk Tea/2BQA1WQO0I6W444LSZ900YBF.jpg,Bubble Milk Tea,all,0efc39b0a149ea5f60080689fb880e4d,0efc39b0a149ea5f60080689fb880e4d,Fruit juice,2,0.9757
../foodsg-233_cleaned/Bubble Milk Tea/8I9T7DYM7WS4UTJ7V3V0T3WD.jpg,Bubble Milk Tea,all,cf786681a89a4ec02598f871612a29e3,cf786681a89a4ec02598f871612a29e3,milk,2,0.6127
../foodsg-233_cleaned/Bubble Milk Tea/J0UL7IVWH1MVKHVOQFKGTEZ5.jpg,Bubble Milk Tea,all,f71cd94ed7d1d2ba38b82c56e638b62e,f71cd94ed7d1d2ba38b82c56e638b62e,chin chow drink,2,0.9055
../foodsg-233_cleaned/Bubble Milk Tea/N3PZE8FUORJPVIEX6IUJKCIF.jpg,Bubble Milk Tea,all,f71cd94ed7d1d2ba38b82c56e638b62e,f71cd94ed7d1d2ba38b82c56e638b62e,chin chow drink,2,0.9696
../foodsg-233_cleaned/Bubble Milk Tea/RP2NJNRL1RXWN222H21R6QTZ.jpg,Bubble Milk Tea,all,cf786681a89a4ec02598f871612a29e3,cf786681a89a4ec02598f871612a29e3,milk,2,0.7339
../foodsg-233_cleaned/Bubble Milk Tea/RRYL4ZWL3GSJ1W00GBHBAGT6.jpg,Bubble Milk Tea,all,085e641b381c52d3c5dd4bac18807765,085e641b381c52d3c5dd4bac18807765,Kopi Teh Milo,2,0.8777
../foodsg-233_cleaned/Bubble Milk Tea/VCP71KFS4EA78DW9U0K4XJGL.jpg,Bubble Milk Tea,all,085e641b381c52d3c5dd4bac18807765,085e641b381c52d3c5dd4bac18807765,Kopi Teh Milo,2,0.923
../foodsg-233_cleaned/Burger/J3TRL1Y04IEROCQ7EDOC6SDH.jpg,Burger,all,49b603531eb5b729fa0e3fd3d979c33d,49b603531eb5b729fa0e3fd3d979c33d,sandwich,2,0.7251
../foodsg-233_cleaned/Burger/PW49GKH345YE9IDB2WXP78BZ.jpg,Burger,all,93a26e527d746a8c53a732b620a8f2ac,93a26e527d746a8c53a732b620a8f2ac,nasi lemak,2,0.9221
../foodsg-233_cleaned/CNY love letter/C3BPX54DPUOC649RWLMYSIPG.jpg,CNY love letter,all,1a18d268ee2328ff355813da580460a5,1a18d268ee2328ff355813da580460a5,Nuts,2,0.888
"../foodsg-233_cleaned/Chap chye, Nonya/6BYXGMMTD04RJNUROOAPG8GZ.jpg","Chap chye, Nonya",all,e07d42e520446b9db4b92d8902055c67,e07d42e520446b9db4b92d8902055c67,Mee siam,2,0.7996
"../foodsg-233_cleaned/Chap chye, Nonya/7B3497ZBF3B5PVWO9TLA9RKZ.jpg","Chap chye, Nonya",all,e07d42e520446b9db4b92d8902055c67,e07d42e520446b9db4b92d8902055c67,Laksa,2,0.6962
"../foodsg-233_cleaned/Chap chye, Nonya/OCROE4D82S09VDIK8LXNFV6C.jpg","Chap chye, Nonya",all,96b227f194d368cf17f51ca709124755,96b227f194d368cf17f51ca709124755,Hor Fun,2,0.7747
"../foodsg-233_cleaned/Chap chye, Nonya/T2Z9SEA9K1IBCL0JN1ZRUEFA.jpg","Chap chye, Nonya",all,e07d42e520446b9db4b92d8902055c67,e07d42e520446b9db4b92d8902055c67,assam pedas,2,0.9603
../foodsg-233_cleaned/Chinese fritters/0G2RFHLKATLBNZVII19B5JKF.jpg,Chinese fritters,all,05b2eb5762ff8138586d70b257cad733,05b2eb5762ff8138586d70b257cad733,banana,2,0.6792
../foodsg-233_cleaned/Chinese fritters/3Q1SPR7M3NR30DVXY102HXT1.jpg,Chinese fritters,all,3ac3cec178be3994e1cb442a32a466e7,3ac3cec178be3994e1cb442a32a466e7,goreng pisang,2,0.5211
../foodsg-233_cleaned/Chinese fritters/77E2TUJ1MZ1D2CQB0Z4B65QH.jpg,Chinese fritters,all,e253a24f9f16e8c8ab377d9995cababc,e253a24f9f16e8c8ab377d9995cababc,vadai,2,0.6463
../foodsg-233_cleaned/Chinese fritters/83GATR50SCZDY8YM288BFZRO.jpg,Chinese fritters,all,e253a24f9f16e8c8ab377d9995cababc,e253a24f9f16e8c8ab377d9995cababc,vadai,2,0.5337
../foodsg-233_cleaned/Chinese fritters/AEK9QNKQNNAROBALAP3WZCGY.jpg,Chinese fritters,all,05b2eb5762ff8138586d70b257cad733,05b2eb5762ff8138586d70b257cad733,corn,2,0.8542
../foodsg-233_cleaned/Chinese fritters/APD99J6HUFNEJDCA95C2GFN6.jpg,Chinese fritters,all,5f01d680b95f1b94723e48f89d3eb3f9,5f01d680b95f1b94723e48f89d3eb3f9,fried prawn,2,0.6481
../foodsg-233_cleaned/Chinese fritters/C0EK1RKKVHZRY5W8MVLQ2KMU.jpg,Chinese fritters,all,05b2eb5762ff8138586d70b257cad733,05b2eb5762ff8138586d70b257cad733,pineapple,2,0.703
../foodsg-233_cleaned/Chinese fritters/EBEESPH53J10CJ88KTUQ4945.jpg,Chinese fritters,all,05b2eb5762ff8138586d70b257cad733,05b2eb5762ff8138586d70b257cad733,ngoh hiang,2,0.8479
../foodsg-233_cleaned/Chinese fritters/EDKH7MI2SLOQNJJYKRMG4Y5D.jpg,Chinese fritters,all,05b2eb5762ff8138586d70b257cad733,05b2eb5762ff8138586d70b257cad733,bagel & croissant,2,0.7563
../foodsg-233_cleaned/Chinese fritters/G31WQJSBL6L0IZMA5299YOU4.jpg,Chinese fritters,all,3ac3cec178be3994e1cb442a32a466e7,3ac3cec178be3994e1cb442a32a466e7,goreng pisang,2,0.8097
../foodsg-233_cleaned/Chinese fritters/GAE68DHKLSS15C5R7FAU89N2.jpg,Chinese fritters,all,1e0e97a6fa63b2f710b23f7e6b721852,1e0e97a6fa63b2f710b23f7e6b721852,biscuit,2,0.6182
../foodsg-233_cleaned/Chinese fritters/ICXGPGPKQE1IBCZKSTM8PI0C.jpg,Chinese fritters,all,05b2eb5762ff8138586d70b257cad733,05b2eb5762ff8138586d70b257cad733,otak,2,0.8852
../foodsg-233_cleaned/Chinese fritters/IP67VMZW27P7FO6BR19XXH5P.jpg,Chinese fritters,all,e253a24f9f16e8c8ab377d9995cababc,e253a24f9f16e8c8ab377d9995cababc,vadai,2,0.8321
../foodsg-233_cleaned/Chinese fritters/MQ3K2V174KIISSTMVI8C3FH3.jpg,Chinese fritters,all,05b2eb5762ff8138586d70b257cad733,05b2eb5762ff8138586d70b257cad733,pancake,2,0.9661
../foodsg-233_cleaned/Chinese fritters/MYVFALK7T5A9RWLXQZ6ZBNTH.jpg,Chinese fritters,all,05b2eb5762ff8138586d70b257cad733,05b2eb5762ff8138586d70b257cad733,Indian Pancake,2,0.8872
../foodsg-233_cleaned/Chinese fritters/Q4QKW61FSOQXISLB164SNQ5R.jpg,Chinese fritters,all,17acec1ee498dede095ddbcea32c26e9,17acec1ee498dede095ddbcea32c26e9,Tauhu Goreng,2,0.5756
../foodsg-233_cleaned/Chinese fritters/QSIOZ9G710EPRQU4HJEMVF8F.jpg,Chinese fritters,all,05b2eb5762ff8138586d70b257cad733,05b2eb5762ff8138586d70b257cad733,ice cream - vanilla,2,0.5998
../foodsg-233_cleaned/Chinese fritters/WD4R5J8GEHPZPG7D9IKX3C2N.jpg,Chinese fritters,all,3ac3cec178be3994e1cb442a32a466e7,3ac3cec178be3994e1cb442a32a466e7,goreng pisang,2,0.9325
../foodsg-233_cleaned/Chinese fritters/XYUKP2T35XZ8VFKWX9H8RIQQ.jpg,Chinese fritters,all,17acec1ee498dede095ddbcea32c26e9,17acec1ee498dede095ddbcea32c26e9,Tauhu Goreng,2,0.6937
../foodsg-233_cleaned/Chinese fritters/XZHB4RT44CHTLMGIU3LRF6I3.jpg,Chinese fritters,all,e378947cd22c0b374e1413c53f029332,e378947cd22c0b374e1413c53f029332,begedil,2,0.5408
../foodsg-233_cleaned/Chinese fritters/YCF35D0EMKQJ5N6G7D3N1LOJ.jpg,Chinese fritters,all,05b2eb5762ff8138586d70b257cad733,05b2eb5762ff8138586d70b257cad733,tacos and nachos,2,0.986
../foodsg-233_cleaned/Chocolate/0V1IJD8H1M0TSXMV396A9PCV.jpg,Chocolate,all,3ca611aa0dad10f70f7558362e5f77c7,3ca611aa0dad10f70f7558362e5f77c7,ice cream - chocolate,2,0.9214
../foodsg-233_cleaned/Chocolate/1ZI64DOE8Z6LF9JKQAXK9Z57.jpg,Chocolate,all,b374d7bf38c2689dac49ca1c15c2b185,b374d7bf38c2689dac49ca1c15c2b185,Sweets,2,0.9791
../foodsg-233_cleaned/Chocolate/2EJWY9OF1NHUQW5GWHP1BO1S.jpg,Chocolate,all,192106791b2e914bef5092f3b67bc343,192106791b2e914bef5092f3b67bc343,seaweed snack,2,0.6585
../foodsg-233_cleaned/Chocolate/3N5LG5GP1VHQ50EM39QSC4NE.jpg,Chocolate,all,b374d7bf38c2689dac49ca1c15c2b185,b374d7bf38c2689dac49ca1c15c2b185,Sweets,2,0.5397
../foodsg-233_cleaned/Chocolate/4NA7E3WNEY6HGLEUYWFGT62M.jpg,Chocolate,all,f565212a3370ec48093922f25ac47f29,f565212a3370ec48093922f25ac47f29,biscuit,2,0.7975
../foodsg-233_cleaned/Chocolate/5CPCAHDIDPZKMQVEZBJ1FHDD.jpg,Chocolate,all,19e8be1676fefa17e6027bc8f7ba5d74,19e8be1676fefa17e6027bc8f7ba5d74,pasta - fettuccine,2,0.9594
../foodsg-233_cleaned/Chocolate/6FLK474A8EBTY9U0SBP4O1TE.jpg,Chocolate,all,756cbd20ffdbe027deddaa37fd3eae09,756cbd20ffdbe027deddaa37fd3eae09,muesli,2,0.6381
../foodsg-233_cleaned/Chocolate/7AHQWEWFBDQVUW8VV4JEFCXJ.jpg,Chocolate,all,5d8d932fc43a497adf861cca2ef226ff,5d8d932fc43a497adf861cca2ef226ff,Snacks and Chips,2,0.9117
../foodsg-233_cleaned/Chocolate/8MI8BAPIFSNYMML7692OK84A.jpg,Chocolate,all,192106791b2e914bef5092f3b67bc343,192106791b2e914bef5092f3b67bc343,seaweed snack,2,0.6154
../foodsg-233_cleaned/Chocolate/8X3FMQWGE531IE38XV2BBEFL.jpg,Chocolate,all,9d25ff53595e4c14b1a31ad09ed2c164,9d25ff53595e4c14b1a31ad09ed2c164,cake,2,0.993
../foodsg-233_cleaned/Chocolate/ATJNQYU8ZR0GM3MQ7MJNGN00.jpg,Chocolate,all,b374d7bf38c2689dac49ca1c15c2b185,b374d7bf38c2689dac49ca1c15c2b185,Sweets,2,0.6905
../foodsg-233_cleaned/Chocolate/ENP650MORVHEUIAO6BRLNGIW.jpg,Chocolate,all,f565212a3370ec48093922f25ac47f29,f565212a3370ec48093922f25ac47f29,biscuit,2,0.8573
../foodsg-233_cleaned/Chocolate/FAZDMM7CTXJHK4SFX7FSBY93.jpg,Chocolate,all,b374d7bf38c2689dac49ca1c15c2b185,b374d7bf38c2689dac49ca1c15c2b185,Sweets,2,0.8053
../foodsg-233_cleaned/Chocolate/GAS8U6UYDQ3WYISPUODAOIB6.jpg,Chocolate,all,9d25ff53595e4c14b1a31ad09ed2c164,9d25ff53595e4c14b1a31ad09ed2c164,cake,2,0.8834
../foodsg-233_cleaned/Chocolate/GFYHP97YLPP301PYUWVIT5U7.jpg,Chocolate,all,756cbd20ffdbe027deddaa37fd3eae09,756cbd20ffdbe027deddaa37fd3eae09,muesli,2,0.6922
../foodsg-233_cleaned/Chocolate/GGALEYYK63LB37USNZ70O12T.jpg,Chocolate,all,3765c0c9ad77b6d5fd87318d934f5e55,3765c0c9ad77b6d5fd87318d934f5e55,Nuts,2,0.7425
../foodsg-233_cleaned/Chocolate/GIKW8QKVAAFV87NUIHESP1QP.jpg,Chocolate,all,3765c0c9ad77b6d5fd87318d934f5e55,3765c0c9ad77b6d5fd87318d934f5e55,Nuts,2,0.9584
../foodsg-233_cleaned/Chocolate/IWXGSGPJR7X67M2GTRBWIE05.jpg,Chocolate,all,19e8be1676fefa17e6027bc8f7ba5d74,19e8be1676fefa17e6027bc8f7ba5d74,longan,2,0.7147
../foodsg-233_cleaned/Chocolate/JHE3L7TNAYS6X5I3ICN1W5L6.jpg,Chocolate,all,f565212a3370ec48093922f25ac47f29,f565212a3370ec48093922f25ac47f29,biscuit,2,0.7133
../foodsg-233_cleaned/Chocolate/JOE2X5AGVF6HB5X738VBKDJA.jpg,Chocolate,all,9d25ff53595e4c14b1a31ad09ed2c164,9d25ff53595e4c14b1a31ad09ed2c164,cake,2,0.9733
../foodsg-233_cleaned/Chocolate/NBE3B0PQYCG3U2O0JWW8IGDR.jpg,Chocolate,all,19e8be1676fefa17e6027bc8f7ba5d74,19e8be1676fefa17e6027bc8f7ba5d74,Fruit juice,2,0.5591
../foodsg-233_cleaned/Chocolate/NH0COIAKOHKYUWHK1BRD0OFY.jpg,Chocolate,all,b374d7bf38c2689dac49ca1c15c2b185,b374d7bf38c2689dac49ca1c15c2b185,Sweets,2,0.6934
../foodsg-233_cleaned/Chocolate/NOUD09ARHWN82H1IO5CMKAJI.jpg,Chocolate,all,9d25ff53595e4c14b1a31ad09ed2c164,9d25ff53595e4c14b1a31ad09ed2c164,cake,2,0.8435
../foodsg-233_cleaned/Chocolate/O5EDK5NKTNA7YE2ZI5MAUSLD.jpg,Chocolate,all,19e8be1676fefa17e6027bc8f7ba5d74,19e8be1676fefa17e6027bc8f7ba5d74,raspberry,2,0.9766
../foodsg-233_cleaned/Chocolate/OGCWD85M60YLIONV8U5VOSQ7.jpg,Chocolate,all,19e8be1676fefa17e6027bc8f7ba5d74,19e8be1676fefa17e6027bc8f7ba5d74,strawberry,2,0.8163
../foodsg-233_cleaned/Chocolate/PCW8LZ30F5XFQCDOE14RGKT7.jpg,Chocolate,all,f565212a3370ec48093922f25ac47f29,f565212a3370ec48093922f25ac47f29,biscuit,2,0.748
../foodsg-233_cleaned/Chocolate/RAD2KBXFL95T19XGDNIWCK57.jpg,Chocolate,all,3ca611aa0dad10f70f7558362e5f77c7,3ca611aa0dad10f70f7558362e5f77c7,ice cream - chocolate,2,0.5394
../foodsg-233_cleaned/Chocolate/RGZHNAUB9LKIF14TO2TK21YM.jpg,Chocolate,all,d58f59fadb8237f6a945e1ba89ca9c5f,d58f59fadb8237f6a945e1ba89ca9c5f,cake rolls,2,0.7722
../foodsg-233_cleaned/Chocolate/RROZJ9QMRBQHA504N3BWV8XJ.jpg,Chocolate,all,9d25ff53595e4c14b1a31ad09ed2c164,9d25ff53595e4c14b1a31ad09ed2c164,cake,2,0.5579
../foodsg-233_cleaned/Chocolate/SEF6UKDC7Z0PLDS36B5F43JF.jpg,Chocolate,all,b374d7bf38c2689dac49ca1c15c2b185,b374d7bf38c2689dac49ca1c15c2b185,Sweets,2,0.6384
../foodsg-233_cleaned/Chocolate/SKJH04G3UJEC3B3ZRC9SZNCC.jpg,Chocolate,all,33175a2f2a0f01f3d462f734edffa15b,33175a2f2a0f01f3d462f734edffa15b,popcorn,2,0.955
../foodsg-233_cleaned/Chocolate/T1Z5RZMIVUXQD6N61O65LZR6.jpg,Chocolate,all,b374d7bf38c2689dac49ca1c15c2b185,b374d7bf38c2689dac49ca1c15c2b185,Sweets,2,0.7762
../foodsg-233_cleaned/Chocolate/UIJ4QYWHFZ29REYZRRJUHZHZ.jpg,Chocolate,all,48f157059c5a0617638336b72ea5790a,48f157059c5a0617638336b72ea5790a,kueh lapis - rainbow,2,0.6296
../foodsg-233_cleaned/Chocolate/UQANSGNFA1DDBJ7ZBQ95WDC0.jpg,Chocolate,all,19e8be1676fefa17e6027bc8f7ba5d74,19e8be1676fefa17e6027bc8f7ba5d74,buckwheat,2,0.6614
../foodsg-233_cleaned/Chocolate/VY0WX6H6JGEH8K3515CODXF6.jpg,Chocolate,all,19e8be1676fefa17e6027bc8f7ba5d74,19e8be1676fefa17e6027bc8f7ba5d74,milk,2,0.9995
../foodsg-233_cleaned/Chocolate/X4FDBGYLYP9GCVTNJCYY4JG7.jpg,Chocolate,all,19e8be1676fefa17e6027bc8f7ba5d74,19e8be1676fefa17e6027bc8f7ba5d74,CNY love letter,2,0.5409
../foodsg-233_cleaned/Chocolate/X6TV3PK4YT47L1WGRDB05TAK.jpg,Chocolate,all,19e8be1676fefa17e6027bc8f7ba5d74,19e8be1676fefa17e6027bc8f7ba5d74,chwee kueh,2,0.8095
../foodsg-233_cleaned/Chocolate/XDF4JKFMM7OOJ09Q6QPD8CPV.jpg,Chocolate,all,3765c0c9ad77b6d5fd87318d934f5e55,3765c0c9ad77b6d5fd87318d934f5e55,Nuts,2,0.7104
../foodsg-233_cleaned/Chocolate/XGKP9YPTXHUQN7JHMZ17ZRJ3.jpg,Chocolate,all,19e8be1676fefa17e6027bc8f7ba5d74,19e8be1676fefa17e6027bc8f7ba5d74,Lor mee,2,0.7182
../foodsg-233_cleaned/Chocolate/YF1O29NW9ARQKYQ5QMFJIJOU.jpg,Chocolate,all,3765c0c9ad77b6d5fd87318d934f5e55,3765c0c9ad77b6d5fd87318d934f5e55,Nuts,2,0.7765
../foodsg-233_cleaned/Chocolate/ZXP5AAS2DFOKMO6BUPGQ1NMJ.jpg,Chocolate,all,19e8be1676fefa17e6027bc8f7ba5d74,19e8be1676fefa17e6027bc8f7ba5d74,cherries,2,0.8203
../foodsg-233_cleaned/Chocolate/ZZE24MRO9K3L29EFR85AC18V.jpg,Chocolate,all,3765c0c9ad77b6d5fd87318d934f5e55,3765c0c9ad77b6d5fd87318d934f5e55,Nuts,2,0.9093
../foodsg-233_cleaned/Claypot Rice/22DJUYDURCTGSYICNGXRKZH6.jpg,Claypot Rice,all,3638ed4412ba12726b4996219a636bc7,3638ed4412ba12726b4996219a636bc7,cooked brown rice,2,0.7438
../foodsg-233_cleaned/Claypot Rice/4JVW4PFFYXE2OEZM2ZVWKKA4.jpg,Claypot Rice,all,f55e534312b01fa5c4917ec392d69f7d,f55e534312b01fa5c4917ec392d69f7d,yam rice,2,0.8917
../foodsg-233_cleaned/Claypot Rice/5JZ3QP2VXLFECE65JD6OKO6G.jpg,Claypot Rice,all,63e86d9a822c9e2351c52a7d7e200321,63e86d9a822c9e2351c52a7d7e200321,hotplate tofu,2,0.7938
../foodsg-233_cleaned/Claypot Rice/846JB6N0COTMK9OGIP2Z0DAA.jpg,Claypot Rice,all,3638ed4412ba12726b4996219a636bc7,3638ed4412ba12726b4996219a636bc7,cooked brown rice,2,0.9805
../foodsg-233_cleaned/Claypot Rice/89P8TAAKA4L5V4FYV7L1XL6Y.jpg,Claypot Rice,all,aca6fdd5bd899a8867ad5e76eebe9e49,aca6fdd5bd899a8867ad5e76eebe9e49,tacos and nachos,2,0.6553
../foodsg-233_cleaned/Claypot Rice/CMDAFFT09Y0QPYV4KEFT3XR7.jpg,Claypot Rice,all,f55e534312b01fa5c4917ec392d69f7d,f55e534312b01fa5c4917ec392d69f7d,yam rice,2,0.7104
../foodsg-233_cleaned/Claypot Rice/E3I2ATA7DA39UC7ZP21JMN6N.jpg,Claypot Rice,all,f55e534312b01fa5c4917ec392d69f7d,f55e534312b01fa5c4917ec392d69f7d,yam rice,2,0.7504
../foodsg-233_cleaned/Claypot Rice/KUV5DKSBT36P870VB5G2UUC2.jpg,Claypot Rice,all,ca683970185d6773812c0226f350b8ec,ca683970185d6773812c0226f350b8ec,"Rice, korean bulgogi beef",2,0.5287
../foodsg-233_cleaned/Claypot Rice/NI9N660Y3Y4PKJE3QB2F9AQP.jpg,Claypot Rice,all,a3478011c7d476f3df51482272504f84,a3478011c7d476f3df51482272504f84,"Pilaf, pea",2,0.6824
../foodsg-233_cleaned/Claypot Rice/NJ4CYZESY926C3Q58VMNQ4L1.jpg,Claypot Rice,all,ca683970185d6773812c0226f350b8ec,ca683970185d6773812c0226f350b8ec,"Rice, korean bulgogi beef",2,0.8351
../foodsg-233_cleaned/Claypot Rice/QXWS4LLFKFQRI31VGY5J29VK.jpg,Claypot Rice,all,aca6fdd5bd899a8867ad5e76eebe9e49,aca6fdd5bd899a8867ad5e76eebe9e49,fried rice,2,0.9538
../foodsg-233_cleaned/Claypot Rice/R2ZMQ1DKP3RTHNJT9ZSHZTV7.jpg,Claypot Rice,all,2644167dd19e697f7358a3aeebca855d,2644167dd19e697f7358a3aeebca855d,bak kut teh,2,0.7056
../foodsg-233_cleaned/Claypot Rice/YSB1LBBCK15NXSO3346AC0VL.jpg,Claypot Rice,all,aca6fdd5bd899a8867ad5e76eebe9e49,aca6fdd5bd899a8867ad5e76eebe9e49,green leafy vegetables,2,0.5011
../foodsg-233_cleaned/Claypot Rice/Z2J0LCXMP9NIJC2I2LK0HTE3.jpg,Claypot Rice,all,aca6fdd5bd899a8867ad5e76eebe9e49,aca6fdd5bd899a8867ad5e76eebe9e49,mixed vegetables,2,0.5992
../foodsg-233_cleaned/Claypot Rice/ZSR3TEE0N03BN6BFQN5E65ZJ.jpg,Claypot Rice,all,2644167dd19e697f7358a3aeebca855d,2644167dd19e697f7358a3aeebca855d,bak kut teh,2,0.7027
../foodsg-233_cleaned/Cucumber/CC47SO8FQ9FRPYWV4DTNXLF3.jpg,Cucumber,all,4010f9d376d4eff74a59b10df3538228,4010f9d376d4eff74a59b10df3538228,Papaya,2,0.8866
../foodsg-233_cleaned/Cucumber/G7NVMT1WPNC0OOL3VSOVGNIS.jpg,Cucumber,all,4010f9d376d4eff74a59b10df3538228,4010f9d376d4eff74a59b10df3538228,honeydew,2,0.9901
../foodsg-233_cleaned/Cucumber/QBC9SZD4R60370IIYLMOW4MP.jpg,Cucumber,all,4010f9d376d4eff74a59b10df3538228,4010f9d376d4eff74a59b10df3538228,watermelon,2,0.7489
"../foodsg-233_cleaned/Don, chicken teriyaki/2WBFQVG2RH7UT5QETIKKI9IK.jpg","Don, chicken teriyaki",all,9add0557111fa637297a20ba6dfd3e22,9add0557111fa637297a20ba6dfd3e22,Nuts,2,0.9736
"../foodsg-233_cleaned/Don, chicken teriyaki/61KH8NSIBK5HYA842H46K494.jpg","Don, chicken teriyaki",all,9add0557111fa637297a20ba6dfd3e22,9add0557111fa637297a20ba6dfd3e22,"Bee hoon, goreng",2,0.6582
"../foodsg-233_cleaned/Don, chicken teriyaki/9G4F62MOWJ0EZAFKF682HCD5.jpg","Don, chicken teriyaki",all,9add0557111fa637297a20ba6dfd3e22,9add0557111fa637297a20ba6dfd3e22,mixed grills,2,0.5579
"../foodsg-233_cleaned/Don, chicken teriyaki/DMEDYNHX4WIVR5C2JMRE7QR1.jpg","Don, chicken teriyaki",all,bb24297898df0aee157faf952481b413,bb24297898df0aee157faf952481b413,"Rice, chicken katsu with Japanese curry",2,0.9902
"../foodsg-233_cleaned/Don, chicken teriyaki/KPOP3NP60ZA09W5RKJT4OTQR.jpg","Don, chicken teriyaki",all,63724bbd609460a2e80c2faa770e504f,63724bbd609460a2e80c2faa770e504f,"Don, unagi",2,0.6975
"../foodsg-233_cleaned/Don, chicken teriyaki/PR2BKQ705B18OHU2XL1RCQTH.jpg","Don, chicken teriyaki",all,5ad197e16f8ce5c6b34b68b280afa2cf,5ad197e16f8ce5c6b34b68b280afa2cf,fried chicken,2,0.7071
"../foodsg-233_cleaned/Don, chicken teriyaki/U95PSH3O7CP2VO2LZDM4JYP0.jpg","Don, chicken teriyaki",all,63724bbd609460a2e80c2faa770e504f,63724bbd609460a2e80c2faa770e504f,"Don, unagi",2,0.5447
"../foodsg-233_cleaned/Don, chicken teriyaki/VNUOMFDT9IEN0VY2AZMAXNWR.jpg","Don, chicken teriyaki",all,9add0557111fa637297a20ba6dfd3e22,9add0557111fa637297a20ba6dfd3e22,Fried Noodles,2,0.8489
"../foodsg-233_cleaned/Don, chicken teriyaki/VSJPRK9SAP48YIP49VSOU4PK.jpg","Don, chicken teriyaki",all,9add0557111fa637297a20ba6dfd3e22,9add0557111fa637297a20ba6dfd3e22,thunder tea rice,2,0.5629
"../foodsg-233_cleaned/Don, chicken teriyaki/XSRMGMPAZRSGHXGK0GGVKEQQ.jpg","Don, chicken teriyaki",all,63724bbd609460a2e80c2faa770e504f,63724bbd609460a2e80c2faa770e504f,"Don, unagi",2,0.5376
"../foodsg-233_cleaned/Don, chicken teriyaki/ZNZIDL6VDF325CJVO92UB6GN.jpg","Don, chicken teriyaki",all,dcd517646d8d3b14cb36e923f8bf3f50,dcd517646d8d3b14cb36e923f8bf3f50,Katsudon,2,0.7796
"../foodsg-233_cleaned/Don, unagi/3C5VGW7LA4CE93QL4SL5O25F.jpg","Don, unagi",all,53f6f31706c93764a998afd2d09b9ea8,53f6f31706c93764a998afd2d09b9ea8,sushi,2,0.9032
"../foodsg-233_cleaned/Don, unagi/3CI7K8KW1CQNLFDKOYIWPGK2.jpg","Don, unagi",all,53f6f31706c93764a998afd2d09b9ea8,53f6f31706c93764a998afd2d09b9ea8,mixed grills,2,0.8573
"../foodsg-233_cleaned/Don, unagi/AIW8XS3QACQ363H4U1XZDX5R.jpg","Don, unagi",all,63724bbd609460a2e80c2faa770e504f,63724bbd609460a2e80c2faa770e504f,"Don, chicken teriyaki",2,0.6008
"../foodsg-233_cleaned/Don, unagi/CR40P1MQGGNCRGNPMTQSO0SQ.jpg","Don, unagi",all,63724bbd609460a2e80c2faa770e504f,63724bbd609460a2e80c2faa770e504f,"Don, chicken teriyaki",2,0.8685
"../foodsg-233_cleaned/Don, unagi/JRWOCN2BBEQGJPETVB8T5YXP.jpg","Don, unagi",all,63724bbd609460a2e80c2faa770e504f,63724bbd609460a2e80c2faa770e504f,"Don, chicken teriyaki",2,0.6735
"../foodsg-233_cleaned/Don, unagi/LJFCUU968DXENFC3S2UWDKBI.jpg","Don, unagi",all,63724bbd609460a2e80c2faa770e504f,63724bbd609460a2e80c2faa770e504f,"Don, chicken teriyaki",2,0.7888
../foodsg-233_cleaned/Duck Rice/41ZXKFYVXZB3CXK7DB1KMMRW.jpg,Duck Rice,all,5d9a9f7f10a9c17cebb609a177aa7912,5d9a9f7f10a9c17cebb609a177aa7912,sirloin steak,2,0.5393
../foodsg-233_cleaned/Duck Rice/EZ8LPU8D7NKIWTX8QKMY504Z.jpg,Duck Rice,all,972c1a7604068842ebf03703b2415a57,972c1a7604068842ebf03703b2415a57,char siew,2,0.6382
../foodsg-233_cleaned/Duck Rice/H5T87AATXOQP4F2KIT3BXJGN.jpg,Duck Rice,all,972c1a7604068842ebf03703b2415a57,972c1a7604068842ebf03703b2415a57,char siew,2,0.8741
../foodsg-233_cleaned/Duck Rice/KTJKKMQLP1P3IMS1FATPZF40.jpg,Duck Rice,all,5f2e2a1df99eac63105fb26212c122d5,5f2e2a1df99eac63105fb26212c122d5,kway chap,2,0.8876
../foodsg-233_cleaned/Duck Rice/QSLXXZYDQ9MG9XHMGSAOESYR.jpg,Duck Rice,all,5d9a9f7f10a9c17cebb609a177aa7912,5d9a9f7f10a9c17cebb609a177aa7912,rojak,2,0.5336
../foodsg-233_cleaned/Duck Rice/RANZ2IFUQMLCTJN5WL2ZJV20.jpg,Duck Rice,all,972c1a7604068842ebf03703b2415a57,972c1a7604068842ebf03703b2415a57,char siew,2,0.786
../foodsg-233_cleaned/Duck Rice/V53JFVPH5UY1YCN6D8SF7BII.jpg,Duck Rice,all,dad770ab0ac40788458453549e650436,dad770ab0ac40788458453549e650436,roasted chicken,2,0.9134
../foodsg-233_cleaned/Duck Rice/VC9B0NFX7EF4F92CMI1J0STV.jpg,Duck Rice,all,5d9a9f7f10a9c17cebb609a177aa7912,5d9a9f7f10a9c17cebb609a177aa7912,yam rice,2,0.5502
../foodsg-233_cleaned/Dumpling noodle soup/2YJVYZ9NIC8RI4BCO174DTZ0.jpg,Dumpling noodle soup,all,ae703bfe1d77dad21a440569c6480d0e,ae703bfe1d77dad21a440569c6480d0e,pig organ soup,2,0.9056
../foodsg-233_cleaned/Dumpling noodle soup/42N5VD6D1P0CWY9SNMOF685G.jpg,Dumpling noodle soup,all,b619bacd9d5cbdb89db02e83790a9dba,b619bacd9d5cbdb89db02e83790a9dba,dumpling,2,0.7744
../foodsg-233_cleaned/Dumpling noodle soup/66XOPLZ2GD8GJCKNP0DIYJ35.jpg,Dumpling noodle soup,all,138fd04ee1c3fe03de60d407be0effa7,138fd04ee1c3fe03de60d407be0effa7,Ban Mian,2,0.5768
../foodsg-233_cleaned/Dumpling noodle soup/6W0BCTC5SIZD0I9J9YYDFGSI.jpg,Dumpling noodle soup,all,b619bacd9d5cbdb89db02e83790a9dba,b619bacd9d5cbdb89db02e83790a9dba,dumpling,2,0.7461
../foodsg-233_cleaned/Dumpling noodle soup/83O9BXTXQZIA1IDARUCLOUHZ.jpg,Dumpling noodle soup,all,ab7232d19328cfddb9b19c8eec6afa9a,ab7232d19328cfddb9b19c8eec6afa9a,"Wanton mee, dry",2,0.7951
../foodsg-233_cleaned/Dumpling noodle soup/9CR20U1BDZPUNG9A055VYETF.jpg,Dumpling noodle soup,all,d470faf8a5b893ba974127e56cac3a21,d470faf8a5b893ba974127e56cac3a21,"Miso ramen, with fishcake",2,0.8034
../foodsg-233_cleaned/Dumpling noodle soup/E1FD6MCO9B5NQEQ9JDQ1YT68.jpg,Dumpling noodle soup,all,5fe2dcdb2cb9a7e6993bc76b0a51c83a,5fe2dcdb2cb9a7e6993bc76b0a51c83a,Udon,2,0.6684
../foodsg-233_cleaned/Dumpling noodle soup/HEXSGX5HRTP4SI8YY7O37GTZ.jpg,Dumpling noodle soup,all,ab7232d19328cfddb9b19c8eec6afa9a,ab7232d19328cfddb9b19c8eec6afa9a,"Wanton mee, dry",2,0.6977
../foodsg-233_cleaned/Dumpling noodle soup/IU60MUPWC721RNZVPKDLNQX1.jpg,Dumpling noodle soup,all,138fd04ee1c3fe03de60d407be0effa7,138fd04ee1c3fe03de60d407be0effa7,Ban Mian,2,0.6813
../foodsg-233_cleaned/Dumpling noodle soup/K6F5NE7OBRMRBGJNEZLQYOQK.jpg,Dumpling noodle soup,all,f6c866968782dd06adec9e31df2834cf,f6c866968782dd06adec9e31df2834cf,chicken soup,2,0.7114
../foodsg-233_cleaned/Dumpling noodle soup/KTSAYXI3MMK7DLO9BDX9PTXA.jpg,Dumpling noodle soup,all,ab7232d19328cfddb9b19c8eec6afa9a,ab7232d19328cfddb9b19c8eec6afa9a,"Wanton mee, dry",2,0.824
../foodsg-233_cleaned/Dumpling noodle soup/MDV537CTCGAXTO2VB03P4Y5E.jpg,Dumpling noodle soup,all,9d82e0034d4ebbc999ec664c74a6f606,9d82e0034d4ebbc999ec664c74a6f606,beef noodle soup,2,0.532
../foodsg-233_cleaned/Dumpling noodle soup/NZI3BN0Q9LHVB78LB4BG097Q.jpg,Dumpling noodle soup,all,ab7232d19328cfddb9b19c8eec6afa9a,ab7232d19328cfddb9b19c8eec6afa9a,"Wanton mee, dry",2,0.9824
../foodsg-233_cleaned/Dumpling noodle soup/QG9WS0DLKWX6X7KU9OVNR1XW.jpg,Dumpling noodle soup,all,b619bacd9d5cbdb89db02e83790a9dba,b619bacd9d5cbdb89db02e83790a9dba,dumpling,2,0.8408
../foodsg-233_cleaned/Dumpling noodle soup/RF7B646QI3Q0PJHG6E1VGAOP.jpg,Dumpling noodle soup,all,f6c866968782dd06adec9e31df2834cf,f6c866968782dd06adec9e31df2834cf,chicken soup,2,0.9137
../foodsg-233_cleaned/Dumpling noodle soup/T5FPWI94SX8BWGBLR3FFZ8DF.jpg,Dumpling noodle soup,all,43c78b15db0cb12e0154aaa2db473c17,43c78b15db0cb12e0154aaa2db473c17,Fish Ball Noodles,2,0.8458
../foodsg-233_cleaned/Dumpling noodle soup/TC7TJAMPGWWVZDBMGKJHJ7QV.jpg,Dumpling noodle soup,all,9d82e0034d4ebbc999ec664c74a6f606,9d82e0034d4ebbc999ec664c74a6f606,sliced fish soup,2,0.6811
../foodsg-233_cleaned/Dumpling noodle soup/TFOSC6DS472IN3DR78KP2KPD.jpg,Dumpling noodle soup,all,5fe2dcdb2cb9a7e6993bc76b0a51c83a,5fe2dcdb2cb9a7e6993bc76b0a51c83a,Udon,2,0.8712
../foodsg-233_cleaned/Dumpling noodle soup/TH3KATWGVSCS6XZGBU9CR7RE.jpg,Dumpling noodle soup,all,ab7232d19328cfddb9b19c8eec6afa9a,ab7232d19328cfddb9b19c8eec6afa9a,"Wanton mee, dry",2,0.8525
../foodsg-233_cleaned/Dumpling noodle soup/YP94C9P25IMARLG7CJ6M1TN4.jpg,Dumpling noodle soup,all,9d82e0034d4ebbc999ec664c74a6f606,9d82e0034d4ebbc999ec664c74a6f606,Hor Fun,2,0.9533
../foodsg-233_cleaned/Fish Ball Noodles/4RZHXFDUCLOW06M03Z9WFPX2.jpg,Fish Ball Noodles,all,8240b03ea33155308f93e5170557058a,8240b03ea33155308f93e5170557058a,bakso,2,0.6619
../foodsg-233_cleaned/Fish Ball Noodles/59S69WZU5HTTPQ4KMCFCTDGQ.jpg,Fish Ball Noodles,all,033aaba76ecda8b9f9c0f49ee24bf950,033aaba76ecda8b9f9c0f49ee24bf950,dumpling,2,0.9573
../foodsg-233_cleaned/Fish Ball Noodles/8LL5J1FX09AALNXRITI96K63.jpg,Fish Ball Noodles,all,3a93d5dc010179d8b819c6b574c51b45,3a93d5dc010179d8b819c6b574c51b45,sliced fish soup,2,0.6667
../foodsg-233_cleaned/Fish Ball Noodles/9RGO7L1FD8F1CMIJ41X7ZVZR.jpg,Fish Ball Noodles,all,25389bebd5b82e04010a677a5574b479,25389bebd5b82e04010a677a5574b479,mee pok,2,0.8349
../foodsg-233_cleaned/Fish Ball Noodles/CSU90QNN2N40ZTZCMXOF45H2.jpg,Fish Ball Noodles,all,033aaba76ecda8b9f9c0f49ee24bf950,033aaba76ecda8b9f9c0f49ee24bf950,canned Fruit salad,2,0.8017
../foodsg-233_cleaned/Fish Ball Noodles/HRZ58B2A8XMTIVPCU0HFSCHM.jpg,Fish Ball Noodles,all,27a5cc2a1644061cf6a0bb99bcaa5ec6,27a5cc2a1644061cf6a0bb99bcaa5ec6,Seafood Noodles Soup,2,0.7168
../foodsg-233_cleaned/Fish Ball Noodles/I6E8M75NYLJW1U11KA5T5J03.jpg,Fish Ball Noodles,all,9a80d5a13da5fd5851f83b272b9b7d9e,9a80d5a13da5fd5851f83b272b9b7d9e,bak chor mee,2,0.8285
../foodsg-233_cleaned/Fish Ball Noodles/IV3I37IDQIEEVBAD1KW7M6HA.jpg,Fish Ball Noodles,all,65d64f234a946e24e6737229afa7eca8,65d64f234a946e24e6737229afa7eca8,yong tau foo,2,0.7624
../foodsg-233_cleaned/Fish Ball Noodles/L6NWK023G2IWN35A2EKHGCN5.jpg,Fish Ball Noodles,all,033aaba76ecda8b9f9c0f49ee24bf950,033aaba76ecda8b9f9c0f49ee24bf950,pig organ soup,2,0.7503
../foodsg-233_cleaned/Fish Ball Noodles/P0QQ18EIWAGNOYXG0YPGXWFL.jpg,Fish Ball Noodles,all,43c78b15db0cb12e0154aaa2db473c17,43c78b15db0cb12e0154aaa2db473c17,Dumpling noodle soup,2,0.8039
../foodsg-233_cleaned/Fish Ball Noodles/PIVKWI8RZERVPC9TRS74KZ1X.jpg,Fish Ball Noodles,all,9a80d5a13da5fd5851f83b272b9b7d9e,9a80d5a13da5fd5851f83b272b9b7d9e,bak chor mee,2,0.7053
../foodsg-233_cleaned/Fish and chips/ACVGQR5L3NSVORGAZ04GSETA.jpg,Fish and chips,all,4785748aa589ab1714913c45c57370f5,4785748aa589ab1714913c45c57370f5,french fries,2,0.5786
../foodsg-233_cleaned/Fish and chips/B1SNPL79TWEXC4TWWW4VHPYA.jpg,Fish and chips,all,b6f496afafe2321e53e9fe76a8aa49e2,b6f496afafe2321e53e9fe76a8aa49e2,fried prawn,2,0.7385
../foodsg-233_cleaned/Fish and chips/J4OETDT7D5OKU4GBXNL0CTU6.jpg,Fish and chips,all,4785748aa589ab1714913c45c57370f5,4785748aa589ab1714913c45c57370f5,french fries,2,0.625
../foodsg-233_cleaned/Fried Noodles/0406QZH80SSB9ZV902JDQ8PP.jpg,Fried Noodles,all,2d8df6f18adb37666d71ffad7f01ebcb,2d8df6f18adb37666d71ffad7f01ebcb,Mee goreng,2,0.7286
../foodsg-233_cleaned/Fried Noodles/1PROO8SKROOUAQFU748Z0PQP.jpg,Fried Noodles,all,a90058b521394fba5e938b355bde5d68,a90058b521394fba5e938b355bde5d68,"Bee hoon, goreng",2,0.7273
../foodsg-233_cleaned/Fried Noodles/21ZEQXY3L98TJ5NA6YIYDZZD.jpg,Fried Noodles,all,3e031ffc1f863e8c91e38ef59141cd76,3e031ffc1f863e8c91e38ef59141cd76,Kway Teow,2,0.5015
../foodsg-233_cleaned/Fried Noodles/296N9X7WVRHQA9WV1DAJT8ED.jpg,Fried Noodles,all,a90058b521394fba5e938b355bde5d68,a90058b521394fba5e938b355bde5d68,"Bee hoon, goreng",2,0.7354
../foodsg-233_cleaned/Fried Noodles/39OBWR24LEJZBFU31J4ZKI8K.jpg,Fried Noodles,all,2d8df6f18adb37666d71ffad7f01ebcb,2d8df6f18adb37666d71ffad7f01ebcb,Mee goreng,2,0.7026
../foodsg-233_cleaned/Fried Noodles/3FLBM4UCVNCFDNQGB3SJYPIZ.jpg,Fried Noodles,all,f21e1f79b1dc6431ba4658d4793d3403,f21e1f79b1dc6431ba4658d4793d3403,Udon,2,0.7765
../foodsg-233_cleaned/Fried Noodles/3UK77CZI9CIW7EDTWJG91W3B.jpg,Fried Noodles,all,f21e1f79b1dc6431ba4658d4793d3403,f21e1f79b1dc6431ba4658d4793d3403,Udon,2,0.8722
../foodsg-233_cleaned/Fried Noodles/45Q4MI77KGZZV3UMLU763BM5.jpg,Fried Noodles,all,6460a5b08ff8f5fe1d08d49a0e4a2362,6460a5b08ff8f5fe1d08d49a0e4a2362,wholegrain pasta,2,0.7177
../foodsg-233_cleaned/Fried Noodles/77S47TSDV6KI9A2WDJVRY03V.jpg,Fried Noodles,all,2d8df6f18adb37666d71ffad7f01ebcb,2d8df6f18adb37666d71ffad7f01ebcb,Mee goreng,2,0.6945
../foodsg-233_cleaned/Fried Noodles/97OR5XTREHH5IN79QN2ACYK1.jpg,Fried Noodles,all,ec7746a067f434f57cebc32195368415,ec7746a067f434f57cebc32195368415,"Mee siam, fried",2,0.6504
../foodsg-233_cleaned/Fried Noodles/9FJ4D5O3A3Q0T967GIX3TE35.jpg,Fried Noodles,all,2d8df6f18adb37666d71ffad7f01ebcb,2d8df6f18adb37666d71ffad7f01ebcb,Mee goreng,2,0.531
../foodsg-233_cleaned/Fried Noodles/C3OUGZIHLIK52ZTHIDKH4H2O.jpg,Fried Noodles,all,a90058b521394fba5e938b355bde5d68,a90058b521394fba5e938b355bde5d68,"Bee hoon, goreng",2,0.9103
../foodsg-233_cleaned/Fried Noodles/F2JNVAL7EFZX5I7IUQ1JN4V4.jpg,Fried Noodles,all,2d8df6f18adb37666d71ffad7f01ebcb,2d8df6f18adb37666d71ffad7f01ebcb,Mee goreng,2,0.6591
../foodsg-233_cleaned/Fried Noodles/FJPLZRXD4VHV1VYKN7M25WXR.jpg,Fried Noodles,all,a90058b521394fba5e938b355bde5d68,a90058b521394fba5e938b355bde5d68,"Bee hoon, goreng",2,0.7681
../foodsg-233_cleaned/Fried Noodles/M86273HULP80PX0HEPABZKDW.jpg,Fried Noodles,all,a90058b521394fba5e938b355bde5d68,a90058b521394fba5e938b355bde5d68,"Bee hoon, goreng",2,0.8298
../foodsg-233_cleaned/Fried Noodles/PHV63KTVEX42QLH4I22FZ9NG.jpg,Fried Noodles,all,3e031ffc1f863e8c91e38ef59141cd76,3e031ffc1f863e8c91e38ef59141cd76,Kway Teow,2,0.9635
../foodsg-233_cleaned/Fried Noodles/POHSGB6WKVVITTGE2TZTCZ4J.jpg,Fried Noodles,all,2d8df6f18adb37666d71ffad7f01ebcb,2d8df6f18adb37666d71ffad7f01ebcb,Mee goreng,2,0.9615
../foodsg-233_cleaned/Fried Noodles/QDHZLMN0WMV18AWA95RJQU8E.jpg,Fried Noodles,all,a90058b521394fba5e938b355bde5d68,a90058b521394fba5e938b355bde5d68,"Bee hoon, goreng",2,0.7722
../foodsg-233_cleaned/Fried Noodles/QWRA36OR5UOQJ85TCS8UQ5EC.jpg,Fried Noodles,all,a90058b521394fba5e938b355bde5d68,a90058b521394fba5e938b355bde5d68,"Bee hoon, goreng",2,0.6274
../foodsg-233_cleaned/Fried Noodles/VYM1A3DO6FE1V82SK73U6SV4.jpg,Fried Noodles,all,ec7746a067f434f57cebc32195368415,ec7746a067f434f57cebc32195368415,"Mee siam, fried",2,0.8768
../foodsg-233_cleaned/Fried Noodles/XRWF8LCW0PM4LH42S51EZJWL.jpg,Fried Noodles,all,a90058b521394fba5e938b355bde5d68,a90058b521394fba5e938b355bde5d68,"Bee hoon, goreng",2,0.8788
../foodsg-233_cleaned/Fried Noodles/Y3V9LD1ACNN5QWUVGC5RN06P.jpg,Fried Noodles,all,a90058b521394fba5e938b355bde5d68,a90058b521394fba5e938b355bde5d68,"Bee hoon, goreng",2,0.5523
../foodsg-233_cleaned/Fried Noodles/ZB58XMROULDAKWKZW2WLVQRB.jpg,Fried Noodles,all,a90058b521394fba5e938b355bde5d68,a90058b521394fba5e938b355bde5d68,"Bee hoon, goreng",2,0.5531
../foodsg-233_cleaned/Fruit juice/2DFZ0GNGHM61XRE7LVD269T3.jpg,Fruit juice,all,2e05c4b8597afad04d6f68f7e23a7658,2e05c4b8597afad04d6f68f7e23a7658,Sweets,2,0.811
../foodsg-233_cleaned/Fruit juice/2MTS70TLRABQK1KEJSPXHKW2.jpg,Fruit juice,all,2e05c4b8597afad04d6f68f7e23a7658,2e05c4b8597afad04d6f68f7e23a7658,canned Fruit salad,2,0.8818
../foodsg-233_cleaned/Fruit juice/3JJEBJ1U2N3TRRIOVIM1H93H.jpg,Fruit juice,all,2e05c4b8597afad04d6f68f7e23a7658,2e05c4b8597afad04d6f68f7e23a7658,milk,2,0.7669
../foodsg-233_cleaned/Fruit juice/4VRAQNXU3BAXM6AY8J07O6GF.jpg,Fruit juice,all,d5a22c96b8b1ef6c607ffcbdd843b5c8,d5a22c96b8b1ef6c607ffcbdd843b5c8,mango pudding,2,0.6569
../foodsg-233_cleaned/Fruit juice/ATJL38SAHPWRL0TXXK8GAFU4.jpg,Fruit juice,all,6671e236e5587f744bb1a5eda9d9c69f,6671e236e5587f744bb1a5eda9d9c69f,strawberry,2,0.7305
../foodsg-233_cleaned/Fruit juice/D32UENWHCAMQK2IY35XU5S66.jpg,Fruit juice,all,65f0d65a8530d5bdc54f842112538d69,65f0d65a8530d5bdc54f842112538d69,orange,2,0.994
../foodsg-233_cleaned/Fruit juice/EFZPZTRJ5862TP7QR5VCVKDU.jpg,Fruit juice,all,def7782107064c61cca77c7753966091,def7782107064c61cca77c7753966091,passion fruit,2,0.8623
../foodsg-233_cleaned/Fruit juice/G3HA467XRQ0TT0LDLVM0YEOW.jpg,Fruit juice,all,0efc39b0a149ea5f60080689fb880e4d,0efc39b0a149ea5f60080689fb880e4d,Bubble Milk Tea,2,0.9764
../foodsg-233_cleaned/Fruit juice/GF0YGYCOQNMIUKCOY8X2POYY.jpg,Fruit juice,all,65f0d65a8530d5bdc54f842112538d69,65f0d65a8530d5bdc54f842112538d69,orange,2,0.9567
../foodsg-233_cleaned/Fruit juice/GODQ44LXQEUE71KH34VC9AIN.jpg,Fruit juice,all,65f0d65a8530d5bdc54f842112538d69,65f0d65a8530d5bdc54f842112538d69,orange,2,0.8946
../foodsg-233_cleaned/Fruit juice/GX4R126I6I3QMQ4NJZNXH0A6.jpg,Fruit juice,all,6671e236e5587f744bb1a5eda9d9c69f,6671e236e5587f744bb1a5eda9d9c69f,strawberry,2,0.7023
../foodsg-233_cleaned/Fruit juice/HJMQEQ45T441NR0CZWZJY51V.jpg,Fruit juice,all,958e85c34df0e20ea4f73af2d2e0057a,958e85c34df0e20ea4f73af2d2e0057a,Alcoholic Beverage,2,0.9153
../foodsg-233_cleaned/Fruit juice/JFI0ED5MKNULM99XTX1KTY0C.jpg,Fruit juice,all,0efc39b0a149ea5f60080689fb880e4d,0efc39b0a149ea5f60080689fb880e4d,Bubble Milk Tea,2,0.8889
../foodsg-233_cleaned/Fruit juice/K3LJW01SQY8VAF0GC8N053RH.jpg,Fruit juice,all,12db8b924c3ee306e978be58e39fc1eb,12db8b924c3ee306e978be58e39fc1eb,singapore sling,2,0.8574
../foodsg-233_cleaned/Fruit juice/NTH2KW87E3MFBBEO46ZROD1N.jpg,Fruit juice,all,12db8b924c3ee306e978be58e39fc1eb,12db8b924c3ee306e978be58e39fc1eb,singapore sling,2,0.5285
../foodsg-233_cleaned/Fruit juice/O8AX5S6X34ZZC1FX2AIKBFFC.jpg,Fruit juice,all,0efc39b0a149ea5f60080689fb880e4d,0efc39b0a149ea5f60080689fb880e4d,Bubble Milk Tea,2,0.9232
../foodsg-233_cleaned/Fruit juice/OGGAAP0FIY2A24GA1Z9R3YTQ.jpg,Fruit juice,all,65f0d65a8530d5bdc54f842112538d69,65f0d65a8530d5bdc54f842112538d69,orange,2,0.8612
../foodsg-233_cleaned/Fruit juice/OR8U95TFBKSO2JFE0QTTMF6U.jpg,Fruit juice,all,65f0d65a8530d5bdc54f842112538d69,65f0d65a8530d5bdc54f842112538d69,orange,2,0.9739
../foodsg-233_cleaned/Fruit juice/RQV9G39MFPE0EW9RE78AA1PU.jpg,Fruit juice,all,def7782107064c61cca77c7753966091,def7782107064c61cca77c7753966091,passion fruit,2,0.9977
../foodsg-233_cleaned/Fruit juice/VUUXUR1ZDYV118IRNQQJIGIB.jpg,Fruit juice,all,d5a22c96b8b1ef6c607ffcbdd843b5c8,d5a22c96b8b1ef6c607ffcbdd843b5c8,mango pudding,2,0.6601
../foodsg-233_cleaned/Fruit juice/W17WOIV2BO9ZS0Z09Z4XXCM6.jpg,Fruit juice,all,12db8b924c3ee306e978be58e39fc1eb,12db8b924c3ee306e978be58e39fc1eb,singapore sling,2,0.6816
../foodsg-233_cleaned/Fruit juice/WXUTI32U2Z6N95EITGRHALOY.jpg,Fruit juice,all,6be063f88501752ca5f202a8804a7c63,6be063f88501752ca5f202a8804a7c63,Apple,2,0.8485
../foodsg-233_cleaned/Grape/3EUB7AX8ADCG2GF298NRYAMF.jpg,Grape,all,8c29e16568ce0ec9ac32f7bfd8a50b1c,8c29e16568ce0ec9ac32f7bfd8a50b1c,wholegrain pasta,2,0.7417
../foodsg-233_cleaned/Grape/9JC14QBS1IL4I82SFY6O96OH.jpg,Grape,all,8c29e16568ce0ec9ac32f7bfd8a50b1c,8c29e16568ce0ec9ac32f7bfd8a50b1c,pear,2,0.6837
../foodsg-233_cleaned/Grape/J16BEHBCK4NRZS40C61N4WI6.jpg,Grape,all,8c29e16568ce0ec9ac32f7bfd8a50b1c,8c29e16568ce0ec9ac32f7bfd8a50b1c,cake,2,0.879
../foodsg-233_cleaned/Grape/SH130I0KS31NRRMVY7AYKG9D.jpg,Grape,all,8c29e16568ce0ec9ac32f7bfd8a50b1c,8c29e16568ce0ec9ac32f7bfd8a50b1c,strawberry,2,0.5019
../foodsg-233_cleaned/Grapefruit/5LJQKLO82Z9YN3SF2HRZUJBL.jpg,Grapefruit,all,f4148643e254ff4572d096b1b752b9d0,f4148643e254ff4572d096b1b752b9d0,Pomelo,2,0.9171
../foodsg-233_cleaned/Grapefruit/7Z0QOUR5D25YGNNQA8K59GIA.jpg,Grapefruit,all,ee8e920a9b164a40103ee20047c059c8,ee8e920a9b164a40103ee20047c059c8,orange,2,0.7569
../foodsg-233_cleaned/Grapefruit/8CXW41XOL7NHA3F12ZLODD0R.jpg,Grapefruit,all,f4148643e254ff4572d096b1b752b9d0,f4148643e254ff4572d096b1b752b9d0,Pomelo,2,0.5479
../foodsg-233_cleaned/Grapefruit/E187JPJWGPTURRINY333I61U.jpg,Grapefruit,all,f4148643e254ff4572d096b1b752b9d0,f4148643e254ff4572d096b1b752b9d0,Pomelo,2,0.7256
../foodsg-233_cleaned/Grapefruit/OUWJUTANYKALKKGW8JK95YZX.jpg,Grapefruit,all,f4148643e254ff4572d096b1b752b9d0,f4148643e254ff4572d096b1b752b9d0,Pomelo,2,0.9726
../foodsg-233_cleaned/Grapefruit/S3KF38QRJRH9YCN38RR2Y9J4.jpg,Grapefruit,all,ee8e920a9b164a40103ee20047c059c8,ee8e920a9b164a40103ee20047c059c8,orange,2,0.7041
../foodsg-233_cleaned/Grapefruit/SONTE1H75Q3X58QJH27G4EG5.jpg,Grapefruit,all,f4148643e254ff4572d096b1b752b9d0,f4148643e254ff4572d096b1b752b9d0,Pomelo,2,0.7714
../foodsg-233_cleaned/Grapefruit/V567ZV20GW9LQ28MTBKRCOAZ.jpg,Grapefruit,all,f4148643e254ff4572d096b1b752b9d0,f4148643e254ff4572d096b1b752b9d0,Pomelo,2,0.7973
../foodsg-233_cleaned/Grapefruit/XV613592MG939ZP1QUBHZ9ZJ.jpg,Grapefruit,all,fd3c9aa18475e5b44b0f676808171f9f,fd3c9aa18475e5b44b0f676808171f9f,sushi,2,0.6389
../foodsg-233_cleaned/Hor Fun/2OQ7Y1T23UNM0QGJVJ5B2X90.jpg,Hor Fun,all,96b227f194d368cf17f51ca709124755,96b227f194d368cf17f51ca709124755,"Chap chye, Nonya",2,0.6027
../foodsg-233_cleaned/Hor Fun/7NB8IC38N1MVMV3HDVIX6BRK.jpg,Hor Fun,all,96b227f194d368cf17f51ca709124755,96b227f194d368cf17f51ca709124755,"Chap chye, Nonya",2,0.5338
../foodsg-233_cleaned/Hor Fun/8JUJXQ10CFFZ9LJVVT1DB4P2.jpg,Hor Fun,all,e7462e82c059f3c4c79f1a04b7f9d255,e7462e82c059f3c4c79f1a04b7f9d255,oyster omelette,2,0.7023
../foodsg-233_cleaned/Hor Fun/CMG30I96B09R6J9EOE3EHWNM.jpg,Hor Fun,all,e7462e82c059f3c4c79f1a04b7f9d255,e7462e82c059f3c4c79f1a04b7f9d255,mee pok,2,0.5964
../foodsg-233_cleaned/Hor Fun/DLRBPYPSUK0SK2FZHVZ4X0X0.jpg,Hor Fun,all,e7462e82c059f3c4c79f1a04b7f9d255,e7462e82c059f3c4c79f1a04b7f9d255,tom yum noodle soup,2,0.8226
../foodsg-233_cleaned/Hor Fun/F9T0PIVE7RT2CB0T0ZFLOXK3.jpg,Hor Fun,all,2bb25f8b8d7f47e8e9cbc559b66de7ec,2bb25f8b8d7f47e8e9cbc559b66de7ec,Kway Teow,2,0.8646
../foodsg-233_cleaned/Hor Fun/G2CHA287HOYR1ULVS74AZ5V8.jpg,Hor Fun,all,e7462e82c059f3c4c79f1a04b7f9d255,e7462e82c059f3c4c79f1a04b7f9d255,Udon,2,0.6758
../foodsg-233_cleaned/Hor Fun/GXBO836KJMKRTS8SVT0R5OOP.jpg,Hor Fun,all,e7462e82c059f3c4c79f1a04b7f9d255,e7462e82c059f3c4c79f1a04b7f9d255,chicken rice,2,0.9903
../foodsg-233_cleaned/Hor Fun/MFVXR02CHZUMOU8RI9OC7EP2.jpg,Hor Fun,all,2bb25f8b8d7f47e8e9cbc559b66de7ec,2bb25f8b8d7f47e8e9cbc559b66de7ec,Kway Teow,2,0.5569
../foodsg-233_cleaned/Hor Fun/U3D1V1AEED9IDWKGQTEQFC51.jpg,Hor Fun,all,65bf87f22590b7c1a6ddc71bf3af6353,65bf87f22590b7c1a6ddc71bf3af6353,Ban Mian,2,0.8031
../foodsg-233_cleaned/Hor Fun/XGBXDWNWO4IR1NR7A3KNW9JN.jpg,Hor Fun,all,65bf87f22590b7c1a6ddc71bf3af6353,65bf87f22590b7c1a6ddc71bf3af6353,Ban Mian,2,0.6949
../foodsg-233_cleaned/Hor Fun/Z9TTZIMIACQBI4JYJ5AICLEA.jpg,Hor Fun,all,2bb25f8b8d7f47e8e9cbc559b66de7ec,2bb25f8b8d7f47e8e9cbc559b66de7ec,Kway Teow,2,0.7238
../foodsg-233_cleaned/Indian Pancake/9QWVSAULWE0JQ2QJQFCA2GUN.jpg,Indian Pancake,all,a87e10d1092f37321930d0269b3ff47a,a87e10d1092f37321930d0269b3ff47a,steamed buns,2,0.7442
../foodsg-233_cleaned/Indian Pancake/CCUWEBGRVVHQP3MI25C90UPO.jpg,Indian Pancake,all,39ae6424c5dcd1e1c85f606af4e19d85,39ae6424c5dcd1e1c85f606af4e19d85,Wholegrain Wrap,2,0.7128
../foodsg-233_cleaned/Indian Pancake/KDCNE5JQO2S2GG5MGEGI2KIS.jpg,Indian Pancake,all,39ae6424c5dcd1e1c85f606af4e19d85,39ae6424c5dcd1e1c85f606af4e19d85,Wholegrain Wrap,2,0.5299
../foodsg-233_cleaned/Indian Pancake/NQ674HTDFYORVK125RQJQJUR.jpg,Indian Pancake,all,beb2250b145e9e5082e96ec6b3decd5a,beb2250b145e9e5082e96ec6b3decd5a,otak,2,0.7453
../foodsg-233_cleaned/Indian Pancake/OW6N8TBJ91HD3PWWIF1R3WB3.jpg,Indian Pancake,all,beb2250b145e9e5082e96ec6b3decd5a,beb2250b145e9e5082e96ec6b3decd5a,otak,2,0.5717
../foodsg-233_cleaned/Indian Pancake/RSJ6GG49PAHLFALJQ21EXBLO.jpg,Indian Pancake,all,39ae6424c5dcd1e1c85f606af4e19d85,39ae6424c5dcd1e1c85f606af4e19d85,Wholegrain Wrap,2,0.7664
../foodsg-233_cleaned/Indian Prata/03P0YF58PR4IVK2W2I9ZHIUB.jpg,Indian Prata,all,90922ff19b343b3e2e0f6b972e7b5939,90922ff19b343b3e2e0f6b972e7b5939,Nasi pattaya,2,0.9998
../foodsg-233_cleaned/Indian Prata/GDNXCRP0SRBNG5DQLVRP9A49.jpg,Indian Prata,all,90922ff19b343b3e2e0f6b972e7b5939,90922ff19b343b3e2e0f6b972e7b5939,pineapple,2,0.7416
../foodsg-233_cleaned/Indian Prata/KH7DT1RQMQVBBRPYLY9WN5EC.jpg,Indian Prata,all,8ba31a248e04949f1645d7319f49764d,8ba31a248e04949f1645d7319f49764d,pizza,2,0.7526
../foodsg-233_cleaned/Indian Prata/LR9EMQOFO3FHYJYN27C4AEKJ.jpg,Indian Prata,all,90922ff19b343b3e2e0f6b972e7b5939,90922ff19b343b3e2e0f6b972e7b5939,dumpling,2,0.5732
../foodsg-233_cleaned/Indian Prata/MDX0AFGN6UGLQ740VESP1ODH.jpg,Indian Prata,all,8ba31a248e04949f1645d7319f49764d,8ba31a248e04949f1645d7319f49764d,pizza,2,0.8623
../foodsg-233_cleaned/Indian Prata/O3BSL044QUCIUNZD7MZXR2RM.jpg,Indian Prata,all,35f3718142bc92841c9284a57d525f9d,35f3718142bc92841c9284a57d525f9d,pancake,2,0.6964
../foodsg-233_cleaned/Indian Prata/OCO36THZIZ8M4VRDIPQOD1QI.jpg,Indian Prata,all,90922ff19b343b3e2e0f6b972e7b5939,90922ff19b343b3e2e0f6b972e7b5939,yong tau foo,2,0.5878
../foodsg-233_cleaned/Indian Prata/RLLYOQ4FQYGTDB8NNMSCQQMU.jpg,Indian Prata,all,90922ff19b343b3e2e0f6b972e7b5939,90922ff19b343b3e2e0f6b972e7b5939,waffle,2,0.7063
../foodsg-233_cleaned/Indian Prata/UNILV3K8CYM6GVOBW3LLAZU2.jpg,Indian Prata,all,3a467f9f760bb8f55329478819130c96,3a467f9f760bb8f55329478819130c96,Indian Pancake,2,0.8341
../foodsg-233_cleaned/Indian Prata/VZ02ZR94UOEKIMLOMG1DL0UI.jpg,Indian Prata,all,3a467f9f760bb8f55329478819130c96,3a467f9f760bb8f55329478819130c96,Indian Pancake,2,0.915
../foodsg-233_cleaned/Indian Prata/XB127PBTQZSLHLW1T15O5BS6.jpg,Indian Prata,all,a7507cdb86d72b933035efff747dc85f,a7507cdb86d72b933035efff747dc85f,Wholegrain Wrap,2,0.9688
../foodsg-233_cleaned/Instant Cereal Drink/0Z1GM0UZGP5ZPK0VRXL2GT91.jpg,Instant Cereal Drink,all,8a2ca47784c89e6fbbcea764edbf0db9,8a2ca47784c89e6fbbcea764edbf0db9,yogurt,2,0.7599
../foodsg-233_cleaned/Instant Cereal Drink/1EDTM5WCZ1JODRT01EPF7KQG.jpg,Instant Cereal Drink,all,9a035c6f8aeebf54b630aa6809619044,9a035c6f8aeebf54b630aa6809619044,Chocolate,2,0.9383
../foodsg-233_cleaned/Instant Cereal Drink/2S9BTQKHHZR6GWQXSMSWYWYW.jpg,Instant Cereal Drink,all,8ff74f6ea6842d99453da5e781f93bb6,8ff74f6ea6842d99453da5e781f93bb6,breakfast cereal,2,0.8696
../foodsg-233_cleaned/Instant Cereal Drink/2XLBUXRT1SDV9S0P0VCTR5EZ.jpg,Instant Cereal Drink,all,07d86f75348fb0b92932d6b4789d31fa,07d86f75348fb0b92932d6b4789d31fa,whole oats,2,0.7583
../foodsg-233_cleaned/Instant Cereal Drink/3BZOJ2QTQQ5PGB92Q3S7DIXB.jpg,Instant Cereal Drink,all,8a2ca47784c89e6fbbcea764edbf0db9,8a2ca47784c89e6fbbcea764edbf0db9,buckwheat,2,0.8766
../foodsg-233_cleaned/Instant Cereal Drink/3RMIDR0S05I5O7HKC8YBXLI4.jpg,Instant Cereal Drink,all,8a2ca47784c89e6fbbcea764edbf0db9,8a2ca47784c89e6fbbcea764edbf0db9,milk,2,0.8561
../foodsg-233_cleaned/Instant Cereal Drink/3XK7FK79V5SGY021D5G25LPY.jpg,Instant Cereal Drink,all,8ff74f6ea6842d99453da5e781f93bb6,8ff74f6ea6842d99453da5e781f93bb6,breakfast cereal,2,0.9861
../foodsg-233_cleaned/Instant Cereal Drink/6PXOG7KXSYBHVHN8RUODK0C4.jpg,Instant Cereal Drink,all,8ff74f6ea6842d99453da5e781f93bb6,8ff74f6ea6842d99453da5e781f93bb6,breakfast cereal,2,0.8034
../foodsg-233_cleaned/Instant Cereal Drink/9CVKZ2G1UGI5FMO3XHTU8VOT.jpg,Instant Cereal Drink,all,8ff74f6ea6842d99453da5e781f93bb6,8ff74f6ea6842d99453da5e781f93bb6,breakfast cereal,2,0.6584
../foodsg-233_cleaned/Instant Cereal Drink/A523UT8EW37FL1Z6AFNI1ZH1.jpg,Instant Cereal Drink,all,8ff74f6ea6842d99453da5e781f93bb6,8ff74f6ea6842d99453da5e781f93bb6,breakfast cereal,2,0.7285
../foodsg-233_cleaned/Instant Cereal Drink/AJJFGKIUAWDK6SPU61F5K7PB.jpg,Instant Cereal Drink,all,154a45d3056e7aa6600c6bdce7d99e46,154a45d3056e7aa6600c6bdce7d99e46,Sweets,2,0.8131
../foodsg-233_cleaned/Instant Cereal Drink/BSYP67K4EDYGYCKYFZ5KJ78C.jpg,Instant Cereal Drink,all,90c0ca15d613eb0c82268b03345b740e,90c0ca15d613eb0c82268b03345b740e,Snacks and Chips,2,0.585
../foodsg-233_cleaned/Instant Cereal Drink/FEXZ1YJJXEP6RQ2BY0ZPZJMV.jpg,Instant Cereal Drink,all,8ff74f6ea6842d99453da5e781f93bb6,8ff74f6ea6842d99453da5e781f93bb6,breakfast cereal,2,0.8773
../foodsg-233_cleaned/Instant Cereal Drink/NJY5ZNXP9JWBV1SLTP05QNT4.jpg,Instant Cereal Drink,all,9a035c6f8aeebf54b630aa6809619044,9a035c6f8aeebf54b630aa6809619044,Chocolate,2,0.958
../foodsg-233_cleaned/Instant Cereal Drink/NP6SYX7UNRYJ577BJ4S9O8WY.jpg,Instant Cereal Drink,all,8ff74f6ea6842d99453da5e781f93bb6,8ff74f6ea6842d99453da5e781f93bb6,breakfast cereal,2,0.7089
../foodsg-233_cleaned/Instant Cereal Drink/S0UGOE1CQS50VEECIF9CVJDT.jpg,Instant Cereal Drink,all,154a45d3056e7aa6600c6bdce7d99e46,154a45d3056e7aa6600c6bdce7d99e46,Sweets,2,0.5709
../foodsg-233_cleaned/Instant Cereal Drink/Y6HS8H4GNXGIQC1LYVAFKVD2.jpg,Instant Cereal Drink,all,9a035c6f8aeebf54b630aa6809619044,9a035c6f8aeebf54b630aa6809619044,Chocolate,2,0.8532
../foodsg-233_cleaned/Instant Cereal Drink/YRKXS5SGPU7U79KYTJBZS2QM.jpg,Instant Cereal Drink,all,8a2ca47784c89e6fbbcea764edbf0db9,8a2ca47784c89e6fbbcea764edbf0db9,mushroom soup,2,0.7813
../foodsg-233_cleaned/Katsudon/DGX2TAUN9QTOGNEKYILE03YL.jpg,Katsudon,all,0b5dbbe9c12263436062ad96a5ffd5b9,0b5dbbe9c12263436062ad96a5ffd5b9,"Rice, chicken katsu with Japanese curry",2,0.6236
../foodsg-233_cleaned/Katsudon/F0XIHERPOK2LHQVNU594FAOI.jpg,Katsudon,all,61bd9410f5977b2477146c5a0545b76d,61bd9410f5977b2477146c5a0545b76d,"Rice, korean bulgogi beef",2,0.5441
../foodsg-233_cleaned/Katsudon/R6EAD06E5TK4212B1HAU05C1.jpg,Katsudon,all,0b5dbbe9c12263436062ad96a5ffd5b9,0b5dbbe9c12263436062ad96a5ffd5b9,"Rice, chicken katsu with Japanese curry",2,0.6726
../foodsg-233_cleaned/Katsudon/UIRI4XM2S7YMLPLABH0H5L7G.jpg,Katsudon,all,dcd517646d8d3b14cb36e923f8bf3f50,dcd517646d8d3b14cb36e923f8bf3f50,"Don, chicken teriyaki",2,0.5626
../foodsg-233_cleaned/Katsudon/YM4SJ31JGAS4UUU53UMD1UWV.jpg,Katsudon,all,61bd9410f5977b2477146c5a0545b76d,61bd9410f5977b2477146c5a0545b76d,"Rice, korean bulgogi beef",2,0.5338
../foodsg-233_cleaned/Kopi Teh Milo/8L3XO14YQRRLXXSQ28XV4VEC.jpg,Kopi Teh Milo,all,085e641b381c52d3c5dd4bac18807765,085e641b381c52d3c5dd4bac18807765,Bubble Milk Tea,2,0.8808
../foodsg-233_cleaned/Kopi Teh Milo/BCEBIZEHFGHR0SWWTR0CJHDV.jpg,Kopi Teh Milo,all,e8076055149cb8beb71527563c7b6ec7,e8076055149cb8beb71527563c7b6ec7,milk,2,0.7091
../foodsg-233_cleaned/Kopi Teh Milo/CNDJYG06UO2B4G4FOT40GMAG.jpg,Kopi Teh Milo,all,4849b1eaca374e31f8fb3bd7c2c7eb8e,4849b1eaca374e31f8fb3bd7c2c7eb8e,Instant Cereal Drink,2,0.7943
../foodsg-233_cleaned/Kopi Teh Milo/IR4FICCVY13PH2XN5R2V8KNN.jpg,Kopi Teh Milo,all,b4eca0b71984f17eb979d967f37771cb,b4eca0b71984f17eb979d967f37771cb,Fruit juice,2,0.8314
../foodsg-233_cleaned/Kopi Teh Milo/LE35IMPU0NJOK6N42KZNYXBE.jpg,Kopi Teh Milo,all,4849b1eaca374e31f8fb3bd7c2c7eb8e,4849b1eaca374e31f8fb3bd7c2c7eb8e,cream soup,2,0.5172
../foodsg-233_cleaned/Kopi Teh Milo/V0S49TZAOZBV6GC0IACTYNH5.jpg,Kopi Teh Milo,all,b4eca0b71984f17eb979d967f37771cb,b4eca0b71984f17eb979d967f37771cb,Fruit juice,2,0.8893
../foodsg-233_cleaned/Kueh Salat/604OIGTROX5V5Z4PZONU61HE.jpg,Kueh Salat,all,9eda74055ba0f8772d0e678cbbf01a04,9eda74055ba0f8772d0e678cbbf01a04,cream soup,2,0.6159
../foodsg-233_cleaned/Kueh Salat/RHB0G6XUUIJQPT9HTO42JJOE.jpg,Kueh Salat,all,9eda74055ba0f8772d0e678cbbf01a04,9eda74055ba0f8772d0e678cbbf01a04,cream soup,2,0.7048
../foodsg-233_cleaned/Kueh Salat/ZGWTQ49V0C21XAT8JSSPQWXL.jpg,Kueh Salat,all,515fa124777c2aaac57bea9ef4a5ff1b,515fa124777c2aaac57bea9ef4a5ff1b,Soft boiled eggs,2,0.9884
../foodsg-233_cleaned/Kway Teow/5FYK9CX5OTT6MIJZDQWA6798.jpg,Kway Teow,all,5f3899a6bec00a5707f7d53acae639a1,5f3899a6bec00a5707f7d53acae639a1,"Bee hoon, goreng",2,0.6722
../foodsg-233_cleaned/Kway Teow/6MBUM52UH1W2HP3ETI8CLPJO.jpg,Kway Teow,all,c0c162728271b6b86c805968269cb1f8,c0c162728271b6b86c805968269cb1f8,Ban Mian,2,0.8776
../foodsg-233_cleaned/Kway Teow/8U4PEBLBB787YKFBKUQO1G8Q.jpg,Kway Teow,all,7b5d49989df3d675911c6148e265052d,7b5d49989df3d675911c6148e265052d,Mee goreng,2,0.9449
../foodsg-233_cleaned/Kway Teow/91CQ5YS03OMARHH59SRJLHLE.jpg,Kway Teow,all,c0c162728271b6b86c805968269cb1f8,c0c162728271b6b86c805968269cb1f8,"Rice, with dakgalbi",2,0.6036
../foodsg-233_cleaned/Kway Teow/ADLVULXYGPWG16MNH7SEF2IN.jpg,Kway Teow,all,33866245fd18de281054764c76a45771,33866245fd18de281054764c76a45771,chai tow kuay,2,0.8836
../foodsg-233_cleaned/Kway Teow/ALGU766S8QXAHIEUKJ90RJMC.jpg,Kway Teow,all,c451f5d87139b8ad2b0379f52d85edad,c451f5d87139b8ad2b0379f52d85edad,vegetarian bee hoon,2,0.5337
../foodsg-233_cleaned/Kway Teow/BMTYN7I99Z29U174N06RFBAU.jpg,Kway Teow,all,2bb25f8b8d7f47e8e9cbc559b66de7ec,2bb25f8b8d7f47e8e9cbc559b66de7ec,Hor Fun,2,0.6442
../foodsg-233_cleaned/Kway Teow/CVOFTZ6KSTT67KA7WJ4FBD45.jpg,Kway Teow,all,c0c162728271b6b86c805968269cb1f8,c0c162728271b6b86c805968269cb1f8,Bibimbap,2,0.6461
../foodsg-233_cleaned/Kway Teow/D14CSI5WD48X9Q4R9QKI43Z8.jpg,Kway Teow,all,c451f5d87139b8ad2b0379f52d85edad,c451f5d87139b8ad2b0379f52d85edad,vegetarian bee hoon,2,0.6093
../foodsg-233_cleaned/Kway Teow/LV1NJ6PUWVFUXE6GY10GQW66.jpg,Kway Teow,all,c0c162728271b6b86c805968269cb1f8,c0c162728271b6b86c805968269cb1f8,char siew,2,0.9425
../foodsg-233_cleaned/Kway Teow/PR9OW93V0BFI7LK5IUB1EHPV.jpg,Kway Teow,all,2bb25f8b8d7f47e8e9cbc559b66de7ec,2bb25f8b8d7f47e8e9cbc559b66de7ec,Hor Fun,2,0.5691
../foodsg-233_cleaned/Kway Teow/S8D9CSBFCHBKJZXA5SWQN0S6.jpg,Kway Teow,all,2bb25f8b8d7f47e8e9cbc559b66de7ec,2bb25f8b8d7f47e8e9cbc559b66de7ec,Hor Fun,2,0.8468
../foodsg-233_cleaned/Kway Teow/UCGYXB88C96PYSJEG7FX4DH8.jpg,Kway Teow,all,a43614632a4e839c3578ef0a0664cd32,a43614632a4e839c3578ef0a0664cd32,kway chap,2,0.6785
../foodsg-233_cleaned/Kway Teow/VYHPBBOBHRJQJLRPNY69FV28.jpg,Kway Teow,all,a43614632a4e839c3578ef0a0664cd32,a43614632a4e839c3578ef0a0664cd32,kway chap,2,0.7645
../foodsg-233_cleaned/Kway Teow/YKL51QKONZ8U9SRXR7BPOPGB.jpg,Kway Teow,all,2bb25f8b8d7f47e8e9cbc559b66de7ec,2bb25f8b8d7f47e8e9cbc559b66de7ec,Hor Fun,2,0.7414
../foodsg-233_cleaned/Laksa/35WY3IAMBQPRM60YA1EARX5J.jpg,Laksa,all,5950bed453a4fbfbee08a0033894448f,5950bed453a4fbfbee08a0033894448f,Mee rebus,2,0.519
../foodsg-233_cleaned/Laksa/3AEER1B1INSU7BKP9ZYASN8M.jpg,Laksa,all,84a916a2b00a400f8c41f30fc22bb548,84a916a2b00a400f8c41f30fc22bb548,Udon,2,0.8033
../foodsg-233_cleaned/Laksa/4J9315XURVURA6WEFRPKH9PL.jpg,Laksa,all,9a20ab923d7d5df48599a8e161c26023,9a20ab923d7d5df48599a8e161c26023,"Mee siam, fried",2,0.5956
../foodsg-233_cleaned/Laksa/CLAJB3CDTGX7YJR3NTAS5YFD.jpg,Laksa,all,c635d85fb16ae8da181a981ec07dfff5,c635d85fb16ae8da181a981ec07dfff5,"Bee hoon, soto",2,0.5797
../foodsg-233_cleaned/Laksa/CX39WJAG5AFGJOEUGYRB1PJ0.jpg,Laksa,all,9a20ab923d7d5df48599a8e161c26023,9a20ab923d7d5df48599a8e161c26023,Lontong with sayur lodeh,2,0.6244
../foodsg-233_cleaned/Laksa/D7UF6TMJ2HWV9CCIUEGCEGDY.jpg,Laksa,all,b0e2fe62456a5ae4cd4f713b65dd397c,b0e2fe62456a5ae4cd4f713b65dd397c,tom yum noodle soup,2,0.5621
../foodsg-233_cleaned/Laksa/E5OIR5FO91AIYZ08Z82B144U.jpg,Laksa,all,84a916a2b00a400f8c41f30fc22bb548,84a916a2b00a400f8c41f30fc22bb548,Udon,2,0.9197
../foodsg-233_cleaned/Laksa/EQZOUM75YEEK7TR5ZJNV5CNL.jpg,Laksa,all,b0e2fe62456a5ae4cd4f713b65dd397c,b0e2fe62456a5ae4cd4f713b65dd397c,tom yum noodle soup,2,0.5815
../foodsg-233_cleaned/Laksa/EYPVX4TQCGEW78W9NWO168Y4.jpg,Laksa,all,b0e2fe62456a5ae4cd4f713b65dd397c,b0e2fe62456a5ae4cd4f713b65dd397c,tom yum noodle soup,2,0.6513
../foodsg-233_cleaned/Laksa/I7XGUX8P1I704EEF2R6X7S18.jpg,Laksa,all,b0e2fe62456a5ae4cd4f713b65dd397c,b0e2fe62456a5ae4cd4f713b65dd397c,tom yum noodle soup,2,0.5695
../foodsg-233_cleaned/Laksa/ITM3IR3USQR2WDPHDAR3T6IF.jpg,Laksa,all,b0e2fe62456a5ae4cd4f713b65dd397c,b0e2fe62456a5ae4cd4f713b65dd397c,tom yum noodle soup,2,0.7395
../foodsg-233_cleaned/Laksa/ITVQ6Y8LELWRKRFG4D5D9DSE.jpg,Laksa,all,9a20ab923d7d5df48599a8e161c26023,9a20ab923d7d5df48599a8e161c26023,fish head curry,2,0.5132
../foodsg-233_cleaned/Laksa/KNJ0XP687LITMDW4NE1N6PLK.jpg,Laksa,all,5950bed453a4fbfbee08a0033894448f,5950bed453a4fbfbee08a0033894448f,Mee rebus,2,0.7082
../foodsg-233_cleaned/Laksa/MT41UN5DSA2PPMA5ISQPZPO2.jpg,Laksa,all,5950bed453a4fbfbee08a0033894448f,5950bed453a4fbfbee08a0033894448f,Mee rebus,2,0.645
../foodsg-233_cleaned/Laksa/O5L5BTZDRZAUIC3RS6T9U5WK.jpg,Laksa,all,5950bed453a4fbfbee08a0033894448f,5950bed453a4fbfbee08a0033894448f,Mee rebus,2,0.6555
../foodsg-233_cleaned/Laksa/QIMFYNTMLS9EUACTZPGXMC9X.jpg,Laksa,all,b0e2fe62456a5ae4cd4f713b65dd397c,b0e2fe62456a5ae4cd4f713b65dd397c,tom yum noodle soup,2,0.9392
../foodsg-233_cleaned/Laksa/SH5W1UWEIEN7HJWWXRISDI6P.jpg,Laksa,all,b0e2fe62456a5ae4cd4f713b65dd397c,b0e2fe62456a5ae4cd4f713b65dd397c,tom yum noodle soup,2,0.9043
../foodsg-233_cleaned/Laksa/V77HT0FMRO45A3YK4WH6Y18R.jpg,Laksa,all,a7f1bcf08afdf334edc2789b6be301f3,a7f1bcf08afdf334edc2789b6be301f3,assam pedas,2,0.5483
../foodsg-233_cleaned/Laksa/XGOJOTOGG33WH8CPKWNAVI6B.jpg,Laksa,all,c635d85fb16ae8da181a981ec07dfff5,c635d85fb16ae8da181a981ec07dfff5,"Bee hoon, soto",2,0.5042
../foodsg-233_cleaned/Lontong with sayur lodeh/35YFEXUFDIHJV86KQFZOBDCF.jpg,Lontong with sayur lodeh,all,78c30e9cf4a0afb9359c0a4bbd782f22,78c30e9cf4a0afb9359c0a4bbd782f22,lontong,2,0.8802
../foodsg-233_cleaned/Lontong with sayur lodeh/3JEBTSA6Q96Y7WI06WADP4XK.jpg,Lontong with sayur lodeh,all,78c30e9cf4a0afb9359c0a4bbd782f22,78c30e9cf4a0afb9359c0a4bbd782f22,lontong,2,0.992
../foodsg-233_cleaned/Lontong with sayur lodeh/6KVDXJR40U2W93WXCDEMKJAM.jpg,Lontong with sayur lodeh,all,f4d5f96f844bb3f619fe0aa1a9f6b5bf,f4d5f96f844bb3f619fe0aa1a9f6b5bf,Mee kuah,2,0.6167
../foodsg-233_cleaned/Lontong with sayur lodeh/6YGWIASVNY0ZQW027WGP2TLW.jpg,Lontong with sayur lodeh,all,78c30e9cf4a0afb9359c0a4bbd782f22,78c30e9cf4a0afb9359c0a4bbd782f22,lontong,2,0.6775
../foodsg-233_cleaned/Lontong with sayur lodeh/DK5YSU02YBJV0JJEAZEAMGB9.jpg,Lontong with sayur lodeh,all,78c30e9cf4a0afb9359c0a4bbd782f22,78c30e9cf4a0afb9359c0a4bbd782f22,lontong,2,0.8849
../foodsg-233_cleaned/Lontong with sayur lodeh/F4W02MVF895Z0GMJH2L5IEPG.jpg,Lontong with sayur lodeh,all,f4d5f96f844bb3f619fe0aa1a9f6b5bf,f4d5f96f844bb3f619fe0aa1a9f6b5bf,nasi lemak,2,0.7554
../foodsg-233_cleaned/Lontong with sayur lodeh/FWXN2EU54VHOP9FL80PHN7QH.jpg,Lontong with sayur lodeh,all,78c30e9cf4a0afb9359c0a4bbd782f22,78c30e9cf4a0afb9359c0a4bbd782f22,lontong,2,0.8856
../foodsg-233_cleaned/Lontong with sayur lodeh/GQGL0TFZKQ67184ZSBUZ5O6O.jpg,Lontong with sayur lodeh,all,78c30e9cf4a0afb9359c0a4bbd782f22,78c30e9cf4a0afb9359c0a4bbd782f22,lontong,2,0.6944
../foodsg-233_cleaned/Lontong with sayur lodeh/H2LQY1EL43XZDIOZCZ7P1V7P.jpg,Lontong with sayur lodeh,all,78c30e9cf4a0afb9359c0a4bbd782f22,78c30e9cf4a0afb9359c0a4bbd782f22,lontong,2,0.76
../foodsg-233_cleaned/Lontong with sayur lodeh/HXEPBN5XRSZ6A5W3EG31D1OH.jpg,Lontong with sayur lodeh,all,78c30e9cf4a0afb9359c0a4bbd782f22,78c30e9cf4a0afb9359c0a4bbd782f22,lontong,2,0.772
../foodsg-233_cleaned/Lontong with sayur lodeh/K6XTXCCNDQOXV14F7OUE9H01.jpg,Lontong with sayur lodeh,all,78c30e9cf4a0afb9359c0a4bbd782f22,78c30e9cf4a0afb9359c0a4bbd782f22,lontong,2,0.8186
../foodsg-233_cleaned/Lontong with sayur lodeh/KNKPALKEW8ORWE1OMR9CGZT6.jpg,Lontong with sayur lodeh,all,78c30e9cf4a0afb9359c0a4bbd782f22,78c30e9cf4a0afb9359c0a4bbd782f22,lontong,2,0.9446
../foodsg-233_cleaned/Lontong with sayur lodeh/P26MD0LYBPHSHC946R1EIGYD.jpg,Lontong with sayur lodeh,all,78c30e9cf4a0afb9359c0a4bbd782f22,78c30e9cf4a0afb9359c0a4bbd782f22,lontong,2,0.7471
../foodsg-233_cleaned/Lontong with sayur lodeh/P8EQ3AR50ZAER5AWJEHN13NH.jpg,Lontong with sayur lodeh,all,f4d5f96f844bb3f619fe0aa1a9f6b5bf,f4d5f96f844bb3f619fe0aa1a9f6b5bf,Macaroni,2,0.8698
../foodsg-233_cleaned/Lontong with sayur lodeh/YR1XIF9QNDLY8JFO1IPXQVPM.jpg,Lontong with sayur lodeh,all,78c30e9cf4a0afb9359c0a4bbd782f22,78c30e9cf4a0afb9359c0a4bbd782f22,lontong,2,0.9284
../foodsg-233_cleaned/Lontong with sayur lodeh/ZBM4A83APIO3P950GSMGZ9TM.jpg,Lontong with sayur lodeh,all,78c30e9cf4a0afb9359c0a4bbd782f22,78c30e9cf4a0afb9359c0a4bbd782f22,lontong,2,0.9081
../foodsg-233_cleaned/Lontong with sayur lodeh/ZG103MLLX5AEZXBV5J1N5Q8V.jpg,Lontong with sayur lodeh,all,78c30e9cf4a0afb9359c0a4bbd782f22,78c30e9cf4a0afb9359c0a4bbd782f22,lontong,2,0.6828
../foodsg-233_cleaned/Lontong with sayur lodeh/ZWOR2W8B4GLHN75JAL56QHFU.jpg,Lontong with sayur lodeh,all,f4d5f96f844bb3f619fe0aa1a9f6b5bf,f4d5f96f844bb3f619fe0aa1a9f6b5bf,pig organ soup,2,0.7232
../foodsg-233_cleaned/Lor mee/BXWVAHPTMGENTBN34KQ5F0K8.jpg,Lor mee,all,1c5de0773c3aa6b95596feacf6e5618d,1c5de0773c3aa6b95596feacf6e5618d,Ban Mian,2,0.9968
../foodsg-233_cleaned/Macaroni/CPIE4AODNRJR18MYIF4OPJ6E.jpg,Macaroni,all,877bc0c488cc47616053f09566843496,877bc0c488cc47616053f09566843496,pasta - fettuccine,2,0.8229
../foodsg-233_cleaned/Macaroni/FYKGGDSGRXMLZRVZLEOV1X7K.jpg,Macaroni,all,29ebbc3c939d7301a172317f5e24a9cf,29ebbc3c939d7301a172317f5e24a9cf,Claypot Rice,2,0.769
../foodsg-233_cleaned/Macaroni/G7870CEBLB28LVKUJTZMSZ2V.jpg,Macaroni,all,29ebbc3c939d7301a172317f5e24a9cf,29ebbc3c939d7301a172317f5e24a9cf,sliced fish soup,2,0.9556
../foodsg-233_cleaned/Macaroni/JUEZZXILVDZF7UMR5MRBEFVI.jpg,Macaroni,all,b071e3ba5dbb7c4b1ced4e7ce10b46fe,b071e3ba5dbb7c4b1ced4e7ce10b46fe,chicken soup,2,0.6982
../foodsg-233_cleaned/Macaroni/KGRIBRK1NWEGXKCYOYHPQIXO.jpg,Macaroni,all,29ebbc3c939d7301a172317f5e24a9cf,29ebbc3c939d7301a172317f5e24a9cf,cheng tng,2,0.5445
../foodsg-233_cleaned/Macaroni/SIIMTW92GEB1IQYTYYCKHVVF.jpg,Macaroni,all,29ebbc3c939d7301a172317f5e24a9cf,29ebbc3c939d7301a172317f5e24a9cf,"Pilaf, pea",2,0.9149
../foodsg-233_cleaned/Macaroni/T7P0XYHT0ON8RSKAE5TNYEFN.jpg,Macaroni,all,4f4fb82ad6c5d4be130d5394829bea63,4f4fb82ad6c5d4be130d5394829bea63,vegetable soup,2,0.7124
../foodsg-233_cleaned/Macaroni/W1OTNZ0POG3PLO4IPCU9J15T.jpg,Macaroni,all,29ebbc3c939d7301a172317f5e24a9cf,29ebbc3c939d7301a172317f5e24a9cf,fried rice,2,0.7355
../foodsg-233_cleaned/Macaroni/WQCUG037UIOTK1X89YGO79U1.jpg,Macaroni,all,b071e3ba5dbb7c4b1ced4e7ce10b46fe,b071e3ba5dbb7c4b1ced4e7ce10b46fe,chicken soup,2,0.685
../foodsg-233_cleaned/Macaroni/WTDKRFSIRRZGVTVR23RD270X.jpg,Macaroni,all,4f4fb82ad6c5d4be130d5394829bea63,4f4fb82ad6c5d4be130d5394829bea63,vegetable soup,2,0.8243
../foodsg-233_cleaned/Macaroni/YN7IPJ7Z54LMGTLFC6B4Z5B9.jpg,Macaroni,all,b071e3ba5dbb7c4b1ced4e7ce10b46fe,b071e3ba5dbb7c4b1ced4e7ce10b46fe,chicken soup,2,0.8266
../foodsg-233_cleaned/Mee bandung/56OAM2NQQAH7E6MBXI5QM5CY.jpg,Mee bandung,all,a98def2e448f281661cbb88c9a9b9c55,a98def2e448f281661cbb88c9a9b9c55,Mee kuah,2,0.7897
../foodsg-233_cleaned/Mee bandung/5OKGBRC3FJD5HA1ZCCEYIBFR.jpg,Mee bandung,all,1bed4e7846b98528bfbba7354fe524c2,1bed4e7846b98528bfbba7354fe524c2,Snacks and Chips,2,0.5133
../foodsg-233_cleaned/Mee bandung/650E7R5DSYA70K4KSZ6C994K.jpg,Mee bandung,all,a98def2e448f281661cbb88c9a9b9c55,a98def2e448f281661cbb88c9a9b9c55,Mee kuah,2,0.9564
../foodsg-233_cleaned/Mee bandung/8XL8QPC07WOHYH4COL3N8UW0.jpg,Mee bandung,all,a98def2e448f281661cbb88c9a9b9c55,a98def2e448f281661cbb88c9a9b9c55,Mee kuah,2,0.978
../foodsg-233_cleaned/Mee bandung/BZCFHVJQ6VFSHJY0TBD6YKKK.jpg,Mee bandung,all,a98def2e448f281661cbb88c9a9b9c55,a98def2e448f281661cbb88c9a9b9c55,Mee kuah,2,0.5348
../foodsg-233_cleaned/Mee bandung/DV5VAWD0X6S7KARMAVWUUU3R.jpg,Mee bandung,all,a98def2e448f281661cbb88c9a9b9c55,a98def2e448f281661cbb88c9a9b9c55,Mee kuah,2,0.6534
../foodsg-233_cleaned/Mee bandung/IELCR4SYKUMZ7ZOF7781BOGL.jpg,Mee bandung,all,1bed4e7846b98528bfbba7354fe524c2,1bed4e7846b98528bfbba7354fe524c2,Prawn Noodle,2,0.8441
../foodsg-233_cleaned/Mee bandung/KP0TV20EL6ICBTN9B4RSKP8Y.jpg,Mee bandung,all,a98def2e448f281661cbb88c9a9b9c55,a98def2e448f281661cbb88c9a9b9c55,Mee kuah,2,0.7632
../foodsg-233_cleaned/Mee bandung/ONP7X5BAQ8678LZ1NRHDVJM4.jpg,Mee bandung,all,c58185f4861c90067f75d5624916d498,c58185f4861c90067f75d5624916d498,Mee rebus,2,0.7002
../foodsg-233_cleaned/Mee bandung/RD00RV03RX3VOGS10CJKEHI8.jpg,Mee bandung,all,1d91cb92f91de500897102b944f4f6d2,1d91cb92f91de500897102b944f4f6d2,Mee siam,2,0.8303
../foodsg-233_cleaned/Mee bandung/XSG4A4AVE7J36JQV4EKRJEFH.jpg,Mee bandung,all,a98def2e448f281661cbb88c9a9b9c55,a98def2e448f281661cbb88c9a9b9c55,Mee kuah,2,0.848
../foodsg-233_cleaned/Mee bandung/Z7IFD74OK7LOP82Y9Y8IWPIB.jpg,Mee bandung,all,c58185f4861c90067f75d5624916d498,c58185f4861c90067f75d5624916d498,Mee rebus,2,0.962
../foodsg-233_cleaned/Mee bandung/Z8LIQ89AC2VN4PB1H2YER0TA.jpg,Mee bandung,all,a98def2e448f281661cbb88c9a9b9c55,a98def2e448f281661cbb88c9a9b9c55,Mee kuah,2,0.8335
../foodsg-233_cleaned/Mee bandung/ZPF877SSCXXL3B76OO7VDCX7.jpg,Mee bandung,all,c58185f4861c90067f75d5624916d498,c58185f4861c90067f75d5624916d498,Mee rebus,2,0.7522
../foodsg-233_cleaned/Mee bandung/ZT95PZMMD7GX8R5QOOZTF4X0.jpg,Mee bandung,all,a98def2e448f281661cbb88c9a9b9c55,a98def2e448f281661cbb88c9a9b9c55,Mee kuah,2,0.9831
../foodsg-233_cleaned/Mee goreng/0ZE3RU9F1A5SHB6ZB3HAY9AI.jpg,Mee goreng,all,2d8df6f18adb37666d71ffad7f01ebcb,2d8df6f18adb37666d71ffad7f01ebcb,Fried Noodles,2,0.9539
../foodsg-233_cleaned/Mee goreng/21P5FBXCNNDOP0AK4FTSAW3J.jpg,Mee goreng,all,98482b189bc5d2b3ceec4a3d69704aaf,98482b189bc5d2b3ceec4a3d69704aaf,"Bee hoon, goreng",2,0.6177
../foodsg-233_cleaned/Mee goreng/2BI2X8ZV7WT8XI11H6LW7G4P.jpg,Mee goreng,all,87fa626bf0092f611ffbb557fc5a7570,87fa626bf0092f611ffbb557fc5a7570,Tauhu Goreng,2,0.991
../foodsg-233_cleaned/Mee goreng/2MDP6MM9BNHEV6VH0V7BAC1B.jpg,Mee goreng,all,60623973951a6bfafe57a3b80c364667,60623973951a6bfafe57a3b80c364667,Mee kuah,2,0.671
../foodsg-233_cleaned/Mee goreng/3P4FJJD4HFS2VPET6VLY80OS.jpg,Mee goreng,all,98482b189bc5d2b3ceec4a3d69704aaf,98482b189bc5d2b3ceec4a3d69704aaf,"Bee hoon, goreng",2,0.7561
../foodsg-233_cleaned/Mee goreng/69FTWYAQJPC3RGB0XSY7L3H0.jpg,Mee goreng,all,20e1e8afaa6b5127b17647c1ae8e0ef5,20e1e8afaa6b5127b17647c1ae8e0ef5,hokkien prawn mee,2,0.8117
../foodsg-233_cleaned/Mee goreng/6WVOPA3J2FKXSHEDM9ORXTNG.jpg,Mee goreng,all,2d8df6f18adb37666d71ffad7f01ebcb,2d8df6f18adb37666d71ffad7f01ebcb,Fried Noodles,2,0.6301
../foodsg-233_cleaned/Mee goreng/7BY3D3ABZF8HGKK2USZGOAUS.jpg,Mee goreng,all,98482b189bc5d2b3ceec4a3d69704aaf,98482b189bc5d2b3ceec4a3d69704aaf,"Bee hoon, goreng",2,0.7897
../foodsg-233_cleaned/Mee goreng/8ZOYK2OUD063FMKOOE8ZP16C.jpg,Mee goreng,all,2d8df6f18adb37666d71ffad7f01ebcb,2d8df6f18adb37666d71ffad7f01ebcb,Fried Noodles,2,0.8817
../foodsg-233_cleaned/Mee goreng/FNDNZCAFN24SQKJWRYWMD8JF.jpg,Mee goreng,all,2d8df6f18adb37666d71ffad7f01ebcb,2d8df6f18adb37666d71ffad7f01ebcb,Fried Noodles,2,0.9697
../foodsg-233_cleaned/Mee goreng/FRW46GO4M78WL6V9VCXE3L4V.jpg,Mee goreng,all,87fa626bf0092f611ffbb557fc5a7570,87fa626bf0092f611ffbb557fc5a7570,Bibimbap,2,0.6121
../foodsg-233_cleaned/Mee goreng/HL48O2SHRU6C8GJ4T2BP3SRC.jpg,Mee goreng,all,87fa626bf0092f611ffbb557fc5a7570,87fa626bf0092f611ffbb557fc5a7570,fried chicken,2,0.6728
../foodsg-233_cleaned/Mee goreng/IH6SUIBBKCL3K17B8QCX74VR.jpg,Mee goreng,all,98482b189bc5d2b3ceec4a3d69704aaf,98482b189bc5d2b3ceec4a3d69704aaf,"Bee hoon, goreng",2,0.8677
../foodsg-233_cleaned/Mee goreng/JRN102Z5H44R78J09AFW9TRT.jpg,Mee goreng,all,7b5d49989df3d675911c6148e265052d,7b5d49989df3d675911c6148e265052d,Kway Teow,2,0.8233
../foodsg-233_cleaned/Mee goreng/PALATE2FNWYPBJFQQVYEX6SG.jpg,Mee goreng,all,2d8df6f18adb37666d71ffad7f01ebcb,2d8df6f18adb37666d71ffad7f01ebcb,Fried Noodles,2,0.8923
../foodsg-233_cleaned/Mee goreng/QCZH9F029Q26G70Z6RJHJ46N.jpg,Mee goreng,all,2d8df6f18adb37666d71ffad7f01ebcb,2d8df6f18adb37666d71ffad7f01ebcb,Fried Noodles,2,0.9525
../foodsg-233_cleaned/Mee goreng/QN9ZKM127DKE7726SJ6GJ2NF.jpg,Mee goreng,all,24604202452d6ab4e7b13e1d5a4c15ef,24604202452d6ab4e7b13e1d5a4c15ef,Mee rebus,2,0.8949
../foodsg-233_cleaned/Mee goreng/TDBFPFPF404T9X10T1HE5DLB.jpg,Mee goreng,all,98482b189bc5d2b3ceec4a3d69704aaf,98482b189bc5d2b3ceec4a3d69704aaf,"Bee hoon, goreng",2,0.5339
../foodsg-233_cleaned/Mee goreng/UWS1AM5R9UR9LGR6AG5BDN19.jpg,Mee goreng,all,7b5d49989df3d675911c6148e265052d,7b5d49989df3d675911c6148e265052d,Kway Teow,2,0.6994
../foodsg-233_cleaned/Mee goreng/WGABOXDANF6FBP409YXF6S3Z.jpg,Mee goreng,all,2d8df6f18adb37666d71ffad7f01ebcb,2d8df6f18adb37666d71ffad7f01ebcb,Fried Noodles,2,0.5696
../foodsg-233_cleaned/Mee goreng/WMGWPP69SKJXKX9G6R09NHY0.jpg,Mee goreng,all,2d8df6f18adb37666d71ffad7f01ebcb,2d8df6f18adb37666d71ffad7f01ebcb,Fried Noodles,2,0.6382
../foodsg-233_cleaned/Mee goreng/Y57LGOXXX6NFD0V2VLZOGEYO.jpg,Mee goreng,all,98482b189bc5d2b3ceec4a3d69704aaf,98482b189bc5d2b3ceec4a3d69704aaf,"Bee hoon, goreng",2,0.8573
../foodsg-233_cleaned/Mee goreng/Z7LASN4W5OO3XZXIVS2R24ZP.jpg,Mee goreng,all,7b5d49989df3d675911c6148e265052d,7b5d49989df3d675911c6148e265052d,Kway Teow,2,0.8959
../foodsg-233_cleaned/Mee kuah/0VVVZUVFFW1Y2OL8VZ41J7NA.jpg,Mee kuah,all,2e5839f6f9215cce8f7eca14a4741134,2e5839f6f9215cce8f7eca14a4741134,assam pedas,2,0.9472
../foodsg-233_cleaned/Mee kuah/39X0PP664WFFY8LNUROARNTN.jpg,Mee kuah,all,a98def2e448f281661cbb88c9a9b9c55,a98def2e448f281661cbb88c9a9b9c55,Mee bandung,2,0.9345
../foodsg-233_cleaned/Mee kuah/4DYY46TSQPZQ5XWJQ1U584AX.jpg,Mee kuah,all,f34cd8ab41e2cca7da5a05c113591455,f34cd8ab41e2cca7da5a05c113591455,Prawn Noodle,2,0.6322
../foodsg-233_cleaned/Mee kuah/4S2N8V1I7CE3HS85SBUYZQXN.jpg,Mee kuah,all,60623973951a6bfafe57a3b80c364667,60623973951a6bfafe57a3b80c364667,Mee goreng,2,0.5406
../foodsg-233_cleaned/Mee kuah/7GP5VX3T5EJO729PURR42T4J.jpg,Mee kuah,all,2e5839f6f9215cce8f7eca14a4741134,2e5839f6f9215cce8f7eca14a4741134,assam pedas,2,0.6159
../foodsg-233_cleaned/Mee kuah/AKJVOIPF79KYPOUZG73N03OJ.jpg,Mee kuah,all,a98def2e448f281661cbb88c9a9b9c55,a98def2e448f281661cbb88c9a9b9c55,Mee bandung,2,0.569
../foodsg-233_cleaned/Mee kuah/CV518PQNR4SUV86ORW33ITF2.jpg,Mee kuah,all,a98def2e448f281661cbb88c9a9b9c55,a98def2e448f281661cbb88c9a9b9c55,Mee bandung,2,0.954
../foodsg-233_cleaned/Mee kuah/MKHXOQZ0K8A0HXSLTYZWGHWH.jpg,Mee kuah,all,e925e28fccc207e93392a272db28ffa8,e925e28fccc207e93392a272db28ffa8,tom yum noodle soup,2,0.5524
../foodsg-233_cleaned/Mee kuah/O4W2JIR4WWREGRMRC01438B5.jpg,Mee kuah,all,fa4b5dca132f04c5d3f57a54db28362a,fa4b5dca132f04c5d3f57a54db28362a,Tauhu Goreng,2,0.7834
../foodsg-233_cleaned/Mee kuah/OFVT4K7M2FRA5VLRYVSOZ030.jpg,Mee kuah,all,a98def2e448f281661cbb88c9a9b9c55,a98def2e448f281661cbb88c9a9b9c55,Mee bandung,2,0.7501
../foodsg-233_cleaned/Mee kuah/OWOUH6O904A55VGEMK6NF463.jpg,Mee kuah,all,df06ec4b85e4bacd6c8fc8ed69459dac,df06ec4b85e4bacd6c8fc8ed69459dac,Mee rebus,2,0.6923
../foodsg-233_cleaned/Mee kuah/POAXP7QYZ7DFLIK7H0U5GPC7.jpg,Mee kuah,all,fa4b5dca132f04c5d3f57a54db28362a,fa4b5dca132f04c5d3f57a54db28362a,hokkien prawn mee,2,0.9176
../foodsg-233_cleaned/Mee kuah/PPUQ1WKJ0RTPJQCBO27MSHB6.jpg,Mee kuah,all,a98def2e448f281661cbb88c9a9b9c55,a98def2e448f281661cbb88c9a9b9c55,Mee bandung,2,0.7093
../foodsg-233_cleaned/Mee kuah/PUMCZCSGAOXN2U8HPJPINWG5.jpg,Mee kuah,all,fa4b5dca132f04c5d3f57a54db28362a,fa4b5dca132f04c5d3f57a54db28362a,Mee siam,2,0.7605
../foodsg-233_cleaned/Mee kuah/UPAT8UY8CXUXX97PKYY1DV7C.jpg,Mee kuah,all,e925e28fccc207e93392a272db28ffa8,e925e28fccc207e93392a272db28ffa8,tom yum noodle soup,2,0.6893
../foodsg-233_cleaned/Mee kuah/XGMSSBT8N05F7HD8JFYAALKD.jpg,Mee kuah,all,df06ec4b85e4bacd6c8fc8ed69459dac,df06ec4b85e4bacd6c8fc8ed69459dac,Mee rebus,2,0.9186
../foodsg-233_cleaned/Mee kuah/YTP88T1307G0VCHVBTJT7L42.jpg,Mee kuah,all,e925e28fccc207e93392a272db28ffa8,e925e28fccc207e93392a272db28ffa8,tom yum noodle soup,2,0.5343
../foodsg-233_cleaned/Mee rebus/0LRYEEIY4M8CCXUWDTR2S41U.jpg,Mee rebus,all,c58185f4861c90067f75d5624916d498,c58185f4861c90067f75d5624916d498,Mee bandung,2,0.6729
../foodsg-233_cleaned/Mee rebus/1QCO5S4CV6MV5T4B0KI4FC2V.jpg,Mee rebus,all,df06ec4b85e4bacd6c8fc8ed69459dac,df06ec4b85e4bacd6c8fc8ed69459dac,Mee kuah,2,0.5295
../foodsg-233_cleaned/Mee rebus/1QJOZGTT9Z9DOXLX8DHP1WWZ.jpg,Mee rebus,all,df06ec4b85e4bacd6c8fc8ed69459dac,df06ec4b85e4bacd6c8fc8ed69459dac,Mee kuah,2,0.835
../foodsg-233_cleaned/Mee rebus/1ZTKB97MI456QSCF8V511039.jpg,Mee rebus,all,999f85203e0086777f7d4403b60bd2ff,999f85203e0086777f7d4403b60bd2ff,lontong,2,0.6955
../foodsg-233_cleaned/Mee rebus/2UHTU3KEB76K0LGGOG0OW55B.jpg,Mee rebus,all,293fb94ac1020142d1bbbcf87423b2dd,293fb94ac1020142d1bbbcf87423b2dd,Mee siam,2,0.9106
../foodsg-233_cleaned/Mee rebus/3YR4Y4BLNHRHVIA2ZOOMCWJD.jpg,Mee rebus,all,df06ec4b85e4bacd6c8fc8ed69459dac,df06ec4b85e4bacd6c8fc8ed69459dac,Mee kuah,2,0.5764
../foodsg-233_cleaned/Mee rebus/85HPARRF51K8P24RMAJFDI92.jpg,Mee rebus,all,999f85203e0086777f7d4403b60bd2ff,999f85203e0086777f7d4403b60bd2ff,Udon,2,0.9944
../foodsg-233_cleaned/Mee rebus/8J4WEZ4GAG2ZZGVODFZN3S6Q.jpg,Mee rebus,all,c58185f4861c90067f75d5624916d498,c58185f4861c90067f75d5624916d498,Mee bandung,2,0.8292
../foodsg-233_cleaned/Mee rebus/ENTM41Z53YXI7TN0IPW23YOV.jpg,Mee rebus,all,df06ec4b85e4bacd6c8fc8ed69459dac,df06ec4b85e4bacd6c8fc8ed69459dac,Mee kuah,2,0.9791
../foodsg-233_cleaned/Mee rebus/FJ4NJ5S4HWELBC7ZA0VWXB4H.jpg,Mee rebus,all,24604202452d6ab4e7b13e1d5a4c15ef,24604202452d6ab4e7b13e1d5a4c15ef,Mee goreng,2,0.6797
../foodsg-233_cleaned/Mee rebus/JTXICM5DCHZ2CUAJMNDWMKY9.jpg,Mee rebus,all,5950bed453a4fbfbee08a0033894448f,5950bed453a4fbfbee08a0033894448f,Laksa,2,0.6863
../foodsg-233_cleaned/Mee rebus/JWU0L69BEPVXWB2YK44CXJSO.jpg,Mee rebus,all,c58185f4861c90067f75d5624916d498,c58185f4861c90067f75d5624916d498,Mee bandung,2,0.5806
../foodsg-233_cleaned/Mee rebus/NHSWWHU4LP9LM8YDNY8CA7L9.jpg,Mee rebus,all,999f85203e0086777f7d4403b60bd2ff,999f85203e0086777f7d4403b60bd2ff,bak chor mee,2,0.6064
../foodsg-233_cleaned/Mee rebus/OYDL5U75U9RERSR4QMQ8F4J8.jpg,Mee rebus,all,293fb94ac1020142d1bbbcf87423b2dd,293fb94ac1020142d1bbbcf87423b2dd,Mee siam,2,0.7594
../foodsg-233_cleaned/Mee rebus/PDVJWI378ETD7KOWT53RIORZ.jpg,Mee rebus,all,c58185f4861c90067f75d5624916d498,c58185f4861c90067f75d5624916d498,Mee bandung,2,0.5776
../foodsg-233_cleaned/Mee rebus/SKZXJHECV2KM3GUZE3K91B2O.jpg,Mee rebus,all,df06ec4b85e4bacd6c8fc8ed69459dac,df06ec4b85e4bacd6c8fc8ed69459dac,Mee kuah,2,0.6431
../foodsg-233_cleaned/Mee rebus/UBRI2EPWOR8XK2PTQ94757CG.jpg,Mee rebus,all,df06ec4b85e4bacd6c8fc8ed69459dac,df06ec4b85e4bacd6c8fc8ed69459dac,Mee kuah,2,0.7159
../foodsg-233_cleaned/Mee rebus/UMCUYN95B8URSJ1PN3098G5H.jpg,Mee rebus,all,293fb94ac1020142d1bbbcf87423b2dd,293fb94ac1020142d1bbbcf87423b2dd,Mee siam,2,0.8211
../foodsg-233_cleaned/Mee siam/26VMQ4B9WGB4F5BPTSY2DYYM.jpg,Mee siam,all,a4012bc2e1e32e91102107b4d7985e61,a4012bc2e1e32e91102107b4d7985e61,"Bee hoon, goreng",2,0.841
../foodsg-233_cleaned/Mee siam/2O9XY0G38P7TAU2MIXTH4VV9.jpg,Mee siam,all,a4012bc2e1e32e91102107b4d7985e61,a4012bc2e1e32e91102107b4d7985e61,"Bee hoon, goreng",2,0.8381
../foodsg-233_cleaned/Mee siam/3AIUMAVT7GGJH5D8CKNM2XE3.jpg,Mee siam,all,13398690fb8b51928eeb05e4bab2a869,13398690fb8b51928eeb05e4bab2a869,Laksa,2,0.7707
../foodsg-233_cleaned/Mee siam/3FZ3PTDTYO4JGPKPWNFEYAEX.jpg,Mee siam,all,705aae0a00ef7e9d6617fb5b3e52d877,705aae0a00ef7e9d6617fb5b3e52d877,satay bee hoon,2,0.684
../foodsg-233_cleaned/Mee siam/3N77D9VLG82PLPVVSG4NSQD4.jpg,Mee siam,all,a4012bc2e1e32e91102107b4d7985e61,a4012bc2e1e32e91102107b4d7985e61,"Bee hoon, goreng",2,0.8304
../foodsg-233_cleaned/Mee siam/66S9289ISYKMJSS1I0PLHGBT.jpg,Mee siam,all,705aae0a00ef7e9d6617fb5b3e52d877,705aae0a00ef7e9d6617fb5b3e52d877,"Bee hoon, soto",2,0.7452
../foodsg-233_cleaned/Mee siam/76WZU7YO40VW34IIFTROAA6T.jpg,Mee siam,all,13398690fb8b51928eeb05e4bab2a869,13398690fb8b51928eeb05e4bab2a869,Laksa,2,0.8074
../foodsg-233_cleaned/Mee siam/7YRZTDRCG6BODC2FDA4B1IKR.jpg,Mee siam,all,c8819a9be0d54c4e69e1d84edc769fed,c8819a9be0d54c4e69e1d84edc769fed,"Mee siam, fried",2,0.991
../foodsg-233_cleaned/Mee siam/8GLW1W9E02IQRV2DWP2QYEL6.jpg,Mee siam,all,c8819a9be0d54c4e69e1d84edc769fed,c8819a9be0d54c4e69e1d84edc769fed,"Mee siam, fried",2,0.5496
../foodsg-233_cleaned/Mee siam/92WEMNXX73LEAAR7MOEASI2R.jpg,Mee siam,all,c8819a9be0d54c4e69e1d84edc769fed,c8819a9be0d54c4e69e1d84edc769fed,"Mee siam, fried",2,0.8513
../foodsg-233_cleaned/Mee siam/9O5KTDT4C6BPX49DRCBME25C.jpg,Mee siam,all,705aae0a00ef7e9d6617fb5b3e52d877,705aae0a00ef7e9d6617fb5b3e52d877,kueh lapis - rainbow,2,0.9276
../foodsg-233_cleaned/Mee siam/9YHDSBL02TJP47569K3BI15Q.jpg,Mee siam,all,c8819a9be0d54c4e69e1d84edc769fed,c8819a9be0d54c4e69e1d84edc769fed,"Mee siam, fried",2,0.5836
../foodsg-233_cleaned/Mee siam/D6DKM1L6DMCMTEN0QQ6FM0VK.jpg,Mee siam,all,a4012bc2e1e32e91102107b4d7985e61,a4012bc2e1e32e91102107b4d7985e61,"Bee hoon, goreng",2,0.595
../foodsg-233_cleaned/Mee siam/EZKOMIKSOMKX3DNWIYMI08XY.jpg,Mee siam,all,a4012bc2e1e32e91102107b4d7985e61,a4012bc2e1e32e91102107b4d7985e61,"Bee hoon, goreng",2,0.6367
../foodsg-233_cleaned/Mee siam/FEAYBH7QU530TGEWXMIIECEC.jpg,Mee siam,all,1d91cb92f91de500897102b944f4f6d2,1d91cb92f91de500897102b944f4f6d2,Mee bandung,2,0.8522
../foodsg-233_cleaned/Mee siam/HXXPTWQHUYVRD50YVPJ1Y7CH.jpg,Mee siam,all,705aae0a00ef7e9d6617fb5b3e52d877,705aae0a00ef7e9d6617fb5b3e52d877,chicken masala,2,0.7232
../foodsg-233_cleaned/Mee siam/J1ZVJ8M7WB5XZ76ZINHIWDMC.jpg,Mee siam,all,c8819a9be0d54c4e69e1d84edc769fed,c8819a9be0d54c4e69e1d84edc769fed,"Mee siam, fried",2,0.7507
../foodsg-233_cleaned/Mee siam/JNA7RRP2TTFDNIRFV8ID2NSX.jpg,Mee siam,all,a4012bc2e1e32e91102107b4d7985e61,a4012bc2e1e32e91102107b4d7985e61,"Bee hoon, goreng",2,0.6505
../foodsg-233_cleaned/Mee siam/M3PGHJQ28HWN4LA02B1BH07C.jpg,Mee siam,all,a4012bc2e1e32e91102107b4d7985e61,a4012bc2e1e32e91102107b4d7985e61,"Bee hoon, goreng",2,0.7964
../foodsg-233_cleaned/Mee siam/NVGJC8GH4MEICJZJ0W33Q09M.jpg,Mee siam,all,c8819a9be0d54c4e69e1d84edc769fed,c8819a9be0d54c4e69e1d84edc769fed,"Mee siam, fried",2,0.9187
../foodsg-233_cleaned/Mee siam/O497HJL1XEIVGAAFOF4ONNU9.jpg,Mee siam,all,c8819a9be0d54c4e69e1d84edc769fed,c8819a9be0d54c4e69e1d84edc769fed,"Mee siam, fried",2,0.6634
../foodsg-233_cleaned/Mee siam/OIWK7JBH31FAMG1JE91DUAAK.jpg,Mee siam,all,13398690fb8b51928eeb05e4bab2a869,13398690fb8b51928eeb05e4bab2a869,Laksa,2,0.6501
../foodsg-233_cleaned/Mee siam/PR9KQ6KG2H75KUKYCOJSDAPJ.jpg,Mee siam,all,c8819a9be0d54c4e69e1d84edc769fed,c8819a9be0d54c4e69e1d84edc769fed,"Mee siam, fried",2,0.9221
../foodsg-233_cleaned/Mee siam/QDECKRIC726FSRLNKCW6E3UL.jpg,Mee siam,all,705aae0a00ef7e9d6617fb5b3e52d877,705aae0a00ef7e9d6617fb5b3e52d877,chicken wing,2,0.6522
../foodsg-233_cleaned/Mee siam/U0N4ODWOWYA0VD603M1B2VU5.jpg,Mee siam,all,c8819a9be0d54c4e69e1d84edc769fed,c8819a9be0d54c4e69e1d84edc769fed,"Mee siam, fried",2,0.7276
../foodsg-233_cleaned/Mee siam/V43Y0HZIDN3X680RNDJOXT6Q.jpg,Mee siam,all,13398690fb8b51928eeb05e4bab2a869,13398690fb8b51928eeb05e4bab2a869,Laksa,2,0.6635
../foodsg-233_cleaned/Mee siam/WBEWHCG7Z9LBXW7LCCA8W50T.jpg,Mee siam,all,c8819a9be0d54c4e69e1d84edc769fed,c8819a9be0d54c4e69e1d84edc769fed,"Mee siam, fried",2,0.9795
../foodsg-233_cleaned/Mee siam/WLZEA5ECT5LPYT6TW066SJCS.jpg,Mee siam,all,c8819a9be0d54c4e69e1d84edc769fed,c8819a9be0d54c4e69e1d84edc769fed,"Mee siam, fried",2,0.5258
../foodsg-233_cleaned/Mee siam/ZHCZ5491N440KSCZR1ALBW9Q.jpg,Mee siam,all,c8819a9be0d54c4e69e1d84edc769fed,c8819a9be0d54c4e69e1d84edc769fed,"Mee siam, fried",2,0.8208
"../foodsg-233_cleaned/Mee siam, fried/7MF0420SHNE7O5H798V1IOHH.jpg","Mee siam, fried",all,a26cb7639826e16c203b9176e9d3854e,a26cb7639826e16c203b9176e9d3854e,Udon,2,0.5496
"../foodsg-233_cleaned/Mee siam, fried/DB1WNE9OA5IPNX6VNCUVDWK6.jpg","Mee siam, fried",all,c8819a9be0d54c4e69e1d84edc769fed,c8819a9be0d54c4e69e1d84edc769fed,Mee siam,2,0.5953
"../foodsg-233_cleaned/Mee siam, fried/EVA6UN7XCU9FC0ZVXADVT6PT.jpg","Mee siam, fried",all,c8819a9be0d54c4e69e1d84edc769fed,c8819a9be0d54c4e69e1d84edc769fed,Mee siam,2,0.8334
"../foodsg-233_cleaned/Mee siam, fried/FFZ5E5LS4C0HNQ4QVZN46IVY.jpg","Mee siam, fried",all,ec7746a067f434f57cebc32195368415,ec7746a067f434f57cebc32195368415,Fried Noodles,2,0.6796
"../foodsg-233_cleaned/Mee siam, fried/JRN406XR8T8VYYELHFUO0ANZ.jpg","Mee siam, fried",all,e1045c7dc521fc99e4e4f489bdbfcc17,e1045c7dc521fc99e4e4f489bdbfcc17,"Bee hoon, goreng",2,0.7729
"../foodsg-233_cleaned/Mee siam, fried/K3VPQPW3IR3WLS0LJTF2RS62.jpg","Mee siam, fried",all,e1045c7dc521fc99e4e4f489bdbfcc17,e1045c7dc521fc99e4e4f489bdbfcc17,"Bee hoon, goreng",2,0.634
"../foodsg-233_cleaned/Mee siam, fried/M29D3QGCTYLLKHCTA1PXJTRN.jpg","Mee siam, fried",all,e1045c7dc521fc99e4e4f489bdbfcc17,e1045c7dc521fc99e4e4f489bdbfcc17,"Bee hoon, goreng",2,0.669
"../foodsg-233_cleaned/Mee siam, fried/PCX95M6NVPA8HRW76748PNGH.jpg","Mee siam, fried",all,e1045c7dc521fc99e4e4f489bdbfcc17,e1045c7dc521fc99e4e4f489bdbfcc17,"Bee hoon, goreng",2,0.6831
"../foodsg-233_cleaned/Mee siam, fried/RC1H4CBYB0FE8FKIS1GJJNMN.jpg","Mee siam, fried",all,c8819a9be0d54c4e69e1d84edc769fed,c8819a9be0d54c4e69e1d84edc769fed,Mee siam,2,0.899
"../foodsg-233_cleaned/Mee siam, fried/U796OAZM3U1VKIXR5HKMSUTV.jpg","Mee siam, fried",all,a26cb7639826e16c203b9176e9d3854e,a26cb7639826e16c203b9176e9d3854e,lasagna,2,0.5087
"../foodsg-233_cleaned/Mee siam, fried/V880THXBCLGJPJ5ET7W66KY2.jpg","Mee siam, fried",all,a26cb7639826e16c203b9176e9d3854e,a26cb7639826e16c203b9176e9d3854e,Mee goreng,2,0.8421
"../foodsg-233_cleaned/Mee siam, fried/VC21AP9OZKHW1G55GLHNXUO0.jpg","Mee siam, fried",all,1af6447c31d809fd351da04bb804982d,1af6447c31d809fd351da04bb804982d,bee hoon,2,0.9647
"../foodsg-233_cleaned/Mee siam, fried/VOOO6RTOP9WXHI1NOAU2NCD4.jpg","Mee siam, fried",all,1af6447c31d809fd351da04bb804982d,1af6447c31d809fd351da04bb804982d,bee hoon,2,0.8099
"../foodsg-233_cleaned/Mee siam, fried/VZA36URWCI3831V4G841I5ED.jpg","Mee siam, fried",all,a26cb7639826e16c203b9176e9d3854e,a26cb7639826e16c203b9176e9d3854e,yam rice,2,0.8352
"../foodsg-233_cleaned/Mee siam, fried/W1PXZNPP4R1QGHB5U7RD635E.jpg","Mee siam, fried",all,c8819a9be0d54c4e69e1d84edc769fed,c8819a9be0d54c4e69e1d84edc769fed,Mee siam,2,0.5392
"../foodsg-233_cleaned/Mee siam, fried/ZMFB1O4O0MWXZ63586UITFCG.jpg","Mee siam, fried",all,e1045c7dc521fc99e4e4f489bdbfcc17,e1045c7dc521fc99e4e4f489bdbfcc17,"Bee hoon, goreng",2,0.6
../foodsg-233_cleaned/Mee soto/05KR0KJG4G3BQJXWN92VXEKV.jpg,Mee soto,all,eb135a43ba1edf4baf8ff0ef78dd5a53,eb135a43ba1edf4baf8ff0ef78dd5a53,Udon,2,0.6727
../foodsg-233_cleaned/Mee soto/0DSAMQYE82Q0DW2OUGQI60T3.jpg,Mee soto,all,fe9eda9b97d06332b811b94228ff5412,fe9eda9b97d06332b811b94228ff5412,Soft boiled eggs,2,0.9042
../foodsg-233_cleaned/Mee soto/2VG9MLJ5ER43LRO41MXMI209.jpg,Mee soto,all,54e7931c876f09d841501c8d8b64d0f2,54e7931c876f09d841501c8d8b64d0f2,Soto ayam,2,0.6025
../foodsg-233_cleaned/Mee soto/4OG10DZ1BD6L74RAYZHY4XZA.jpg,Mee soto,all,fe9eda9b97d06332b811b94228ff5412,fe9eda9b97d06332b811b94228ff5412,fried rice,2,0.6849
../foodsg-233_cleaned/Mee soto/558X6CPQI7XJGZ1S3KTWETEY.jpg,Mee soto,all,54e7931c876f09d841501c8d8b64d0f2,54e7931c876f09d841501c8d8b64d0f2,Soto ayam,2,0.8673
../foodsg-233_cleaned/Mee soto/5E3DHSNWYIXT64IA585L4ZRP.jpg,Mee soto,all,9f6fd7aa8ca3561d0660a4ed281a3241,9f6fd7aa8ca3561d0660a4ed281a3241,Mee rebus,2,0.5435
../foodsg-233_cleaned/Mee soto/5HX26BQS8SSJW3DY7MR0ELQJ.jpg,Mee soto,all,54e7931c876f09d841501c8d8b64d0f2,54e7931c876f09d841501c8d8b64d0f2,Soto ayam,2,0.7331
../foodsg-233_cleaned/Mee soto/6JXCM74VTJE1ZBU5ESS47B37.jpg,Mee soto,all,54e7931c876f09d841501c8d8b64d0f2,54e7931c876f09d841501c8d8b64d0f2,Soto ayam,2,0.9646
../foodsg-233_cleaned/Mee soto/BFBEJTK87JV0RW47YFAWWK4A.jpg,Mee soto,all,83cae4c6cc61e464314b49729ebfde1c,83cae4c6cc61e464314b49729ebfde1c,"Bee hoon, soto",2,0.5928
../foodsg-233_cleaned/Mee soto/E4FBBM9CKK16QYUW2RTI65AN.jpg,Mee soto,all,9f6fd7aa8ca3561d0660a4ed281a3241,9f6fd7aa8ca3561d0660a4ed281a3241,Mee rebus,2,0.6422
../foodsg-233_cleaned/Mee soto/ERVBBIQCA4IIZYEHIS38XWBP.jpg,Mee soto,all,fe9eda9b97d06332b811b94228ff5412,fe9eda9b97d06332b811b94228ff5412,Prawn Noodle,2,0.5739
../foodsg-233_cleaned/Mee soto/FI2L1J51029JS5NJTUUEAE0Q.jpg,Mee soto,all,83cae4c6cc61e464314b49729ebfde1c,83cae4c6cc61e464314b49729ebfde1c,"Bee hoon, soto",2,0.7626
../foodsg-233_cleaned/Mee soto/G4RL1YOWRRH1ZA4ELL13DVH0.jpg,Mee soto,all,eb135a43ba1edf4baf8ff0ef78dd5a53,eb135a43ba1edf4baf8ff0ef78dd5a53,Udon,2,0.5651
../foodsg-233_cleaned/Mee soto/GQP8WM46WN65Y1AO56VRA9J3.jpg,Mee soto,all,83cae4c6cc61e464314b49729ebfde1c,83cae4c6cc61e464314b49729ebfde1c,"Bee hoon, soto",2,0.9922
../foodsg-233_cleaned/Mee soto/I32HXVX42LZ1NW62LC7YKK78.jpg,Mee soto,all,83cae4c6cc61e464314b49729ebfde1c,83cae4c6cc61e464314b49729ebfde1c,"Bee hoon, soto",2,0.6732
../foodsg-233_cleaned/Mee soto/JTABRQ61A20QIWOKWLTFMB88.jpg,Mee soto,all,83cae4c6cc61e464314b49729ebfde1c,83cae4c6cc61e464314b49729ebfde1c,"Bee hoon, soto",2,0.5122
../foodsg-233_cleaned/Mee soto/KKRNHCF9J0GUL5GFQM4AE1U3.jpg,Mee soto,all,54e7931c876f09d841501c8d8b64d0f2,54e7931c876f09d841501c8d8b64d0f2,Soto ayam,2,0.9684
../foodsg-233_cleaned/Mee soto/KXV4BJRGS38ENTTE3VGG9MXT.jpg,Mee soto,all,54e7931c876f09d841501c8d8b64d0f2,54e7931c876f09d841501c8d8b64d0f2,Soto ayam,2,0.5996
../foodsg-233_cleaned/Mee soto/LAFX27TZR8L27EH18V0E6R1V.jpg,Mee soto,all,54e7931c876f09d841501c8d8b64d0f2,54e7931c876f09d841501c8d8b64d0f2,Soto ayam,2,0.5312
../foodsg-233_cleaned/Mee soto/MLAM70ACGJ8I1JST46ER9PT7.jpg,Mee soto,all,fe9eda9b97d06332b811b94228ff5412,fe9eda9b97d06332b811b94228ff5412,assam pedas,2,0.6561
../foodsg-233_cleaned/Mee soto/O545AKFDASJSEM3CW4A897WL.jpg,Mee soto,all,83cae4c6cc61e464314b49729ebfde1c,83cae4c6cc61e464314b49729ebfde1c,"Bee hoon, soto",2,0.9561
../foodsg-233_cleaned/Mee soto/P48SKKQNSGP5AWACXPGZ9XW3.jpg,Mee soto,all,54e7931c876f09d841501c8d8b64d0f2,54e7931c876f09d841501c8d8b64d0f2,Soto ayam,2,0.9212
../foodsg-233_cleaned/Mee soto/P9GPNOSA72G6F7ZD4MWTU5TG.jpg,Mee soto,all,54e7931c876f09d841501c8d8b64d0f2,54e7931c876f09d841501c8d8b64d0f2,Soto ayam,2,0.6784
../foodsg-233_cleaned/Mee soto/RQCOIIDBPDY2LB99HMB9WBAG.jpg,Mee soto,all,83cae4c6cc61e464314b49729ebfde1c,83cae4c6cc61e464314b49729ebfde1c,"Bee hoon, soto",2,0.8082
../foodsg-233_cleaned/Mee soto/S0UP9UTB538BLVWPYM4OBENJ.jpg,Mee soto,all,83cae4c6cc61e464314b49729ebfde1c,83cae4c6cc61e464314b49729ebfde1c,"Bee hoon, soto",2,0.6653
../foodsg-233_cleaned/Mee soto/TDQF80VQS9KSCCY6VAS8TAUJ.jpg,Mee soto,all,83cae4c6cc61e464314b49729ebfde1c,83cae4c6cc61e464314b49729ebfde1c,"Bee hoon, soto",2,0.7757
../foodsg-233_cleaned/Mee soto/TIPFYGFPEV0RV3Z7XNISYKMG.jpg,Mee soto,all,54e7931c876f09d841501c8d8b64d0f2,54e7931c876f09d841501c8d8b64d0f2,Soto ayam,2,0.805
../foodsg-233_cleaned/Mee soto/TWWJOBY2ZCFASC6Z7TR0P3L8.jpg,Mee soto,all,83cae4c6cc61e464314b49729ebfde1c,83cae4c6cc61e464314b49729ebfde1c,"Bee hoon, soto",2,0.686
../foodsg-233_cleaned/Mee soto/UJZK2TXMP1RYJQR6ZP2QPOTU.jpg,Mee soto,all,54e7931c876f09d841501c8d8b64d0f2,54e7931c876f09d841501c8d8b64d0f2,Soto ayam,2,0.6617
../foodsg-233_cleaned/Mee soto/XVCGHU8HOH18MKBUAV0CWBO2.jpg,Mee soto,all,54e7931c876f09d841501c8d8b64d0f2,54e7931c876f09d841501c8d8b64d0f2,Soto ayam,2,0.9
../foodsg-233_cleaned/Mee soto/YC08HQWIDO4XVJP1VOEW4CLV.jpg,Mee soto,all,fe9eda9b97d06332b811b94228ff5412,fe9eda9b97d06332b811b94228ff5412,Mee kuah,2,0.8095
../foodsg-233_cleaned/Mee soto/ZQ1RNWJZ4TUO14NCP5JN78G1.jpg,Mee soto,all,54e7931c876f09d841501c8d8b64d0f2,54e7931c876f09d841501c8d8b64d0f2,Soto ayam,2,0.82
"../foodsg-233_cleaned/Miso ramen, with fishcake/0DTN5IO2XYUCFA6UCJE7J3QE.jpg","Miso ramen, with fishcake",all,561161bc42f5fd5274038b5dcb4e32eb,561161bc42f5fd5274038b5dcb4e32eb,mixed vegetables,2,0.5768
"../foodsg-233_cleaned/Miso ramen, with fishcake/5BJ11Q65MA4YNYNRI8M5O4QU.jpg","Miso ramen, with fishcake",all,04ff2cbd22b6f7b20a0e5affd257483c,04ff2cbd22b6f7b20a0e5affd257483c,Udon,2,0.5827
"../foodsg-233_cleaned/Miso ramen, with fishcake/DXA20O47MISWZM04TBNP0M90.jpg","Miso ramen, with fishcake",all,04ff2cbd22b6f7b20a0e5affd257483c,04ff2cbd22b6f7b20a0e5affd257483c,Udon,2,0.6424
"../foodsg-233_cleaned/Miso ramen, with fishcake/EL5TLUR31J9MF7X0SI3EG1A6.jpg","Miso ramen, with fishcake",all,d470faf8a5b893ba974127e56cac3a21,d470faf8a5b893ba974127e56cac3a21,Dumpling noodle soup,2,0.6526
"../foodsg-233_cleaned/Miso ramen, with fishcake/HFR7MFJGYVE576B56VBUMT68.jpg","Miso ramen, with fishcake",all,04ff2cbd22b6f7b20a0e5affd257483c,04ff2cbd22b6f7b20a0e5affd257483c,Udon,2,0.7646
"../foodsg-233_cleaned/Miso ramen, with fishcake/HZBIUBFNI0NZK3Z7ORXKY9YR.jpg","Miso ramen, with fishcake",all,04ff2cbd22b6f7b20a0e5affd257483c,04ff2cbd22b6f7b20a0e5affd257483c,Udon,2,0.8178
"../foodsg-233_cleaned/Miso ramen, with fishcake/IXPN1FA6F1VO8PATG00OXCPN.jpg","Miso ramen, with fishcake",all,561161bc42f5fd5274038b5dcb4e32eb,561161bc42f5fd5274038b5dcb4e32eb,mixed vegetables,2,0.9655
"../foodsg-233_cleaned/Miso ramen, with fishcake/M89PFT8308WMTW7C73KQZBOR.jpg","Miso ramen, with fishcake",all,04ff2cbd22b6f7b20a0e5affd257483c,04ff2cbd22b6f7b20a0e5affd257483c,Udon,2,0.6517
"../foodsg-233_cleaned/Miso ramen, with fishcake/OAUOURTYLEV4BC212NA7B3GY.jpg","Miso ramen, with fishcake",all,b47090e8d59e6d7855a31449e9684a36,b47090e8d59e6d7855a31449e9684a36,miso soup,2,0.826
"../foodsg-233_cleaned/Miso ramen, with fishcake/RNSNZOL5L3JK36OEA917TLY3.jpg","Miso ramen, with fishcake",all,b47090e8d59e6d7855a31449e9684a36,b47090e8d59e6d7855a31449e9684a36,miso soup,2,0.8688
"../foodsg-233_cleaned/Miso ramen, with fishcake/TI4SG9TY7BBABQNUTXL9D0O0.jpg","Miso ramen, with fishcake",all,00bf41e4f77df00a2b89c67a297ebedb,00bf41e4f77df00a2b89c67a297ebedb,Bibimbap,2,0.8521
"../foodsg-233_cleaned/Miso ramen, with fishcake/UO021KF43BVWIEC6T0E5PJI9.jpg","Miso ramen, with fishcake",all,ab7d7fa0c9b73da2da3861e1f4fb7881,ab7d7fa0c9b73da2da3861e1f4fb7881,Laksa,2,0.6338
"../foodsg-233_cleaned/Miso ramen, with fishcake/W7T3KDVISCG3VCRCWOC0Q995.jpg","Miso ramen, with fishcake",all,ab7d7fa0c9b73da2da3861e1f4fb7881,ab7d7fa0c9b73da2da3861e1f4fb7881,Laksa,2,0.7962
"../foodsg-233_cleaned/Miso ramen, with fishcake/ZASPM2JZN9V3J1KWN0AVH8VO.jpg","Miso ramen, with fishcake",all,04ff2cbd22b6f7b20a0e5affd257483c,04ff2cbd22b6f7b20a0e5affd257483c,Udon,2,0.6918
../foodsg-233_cleaned/Nasi Ambeng/0OJNCXTC7N7RD802LSC4YB62.jpg,Nasi Ambeng,all,1165a698137b0ce29787a4958679840b,1165a698137b0ce29787a4958679840b,tumpeng,2,0.8579
../foodsg-233_cleaned/Nasi Ambeng/1LCWBWUWTS3Y583QHO3M6MLB.jpg,Nasi Ambeng,all,84aeace535294d1a1803e2a6500acc7a,84aeace535294d1a1803e2a6500acc7a,nasi lemak,2,0.8269
../foodsg-233_cleaned/Nasi Ambeng/AEARSWCYOP6K270RZYCKBS8N.jpg,Nasi Ambeng,all,84aeace535294d1a1803e2a6500acc7a,84aeace535294d1a1803e2a6500acc7a,nasi lemak,2,0.7817
../foodsg-233_cleaned/Nasi Ambeng/ET0DGGOI7VRNHJOO42TR68V3.jpg,Nasi Ambeng,all,84aeace535294d1a1803e2a6500acc7a,84aeace535294d1a1803e2a6500acc7a,nasi lemak,2,0.9636
../foodsg-233_cleaned/Nasi Ambeng/I5FKAHJVZYE6N1D1XHCY9DBR.jpg,Nasi Ambeng,all,1165a698137b0ce29787a4958679840b,1165a698137b0ce29787a4958679840b,fried rice,2,0.9478
../foodsg-233_cleaned/Nasi Ambeng/XSYKBIARHG6U5V39G2XPMCTN.jpg,Nasi Ambeng,all,9b1578eca5c7ac39a41712f7b1bc894d,9b1578eca5c7ac39a41712f7b1bc894d,ayam penyet,2,0.6402
../foodsg-233_cleaned/Nasi Ambeng/ZAK35Y7BUGPHD8FB0SE25PDH.jpg,Nasi Ambeng,all,9b1578eca5c7ac39a41712f7b1bc894d,9b1578eca5c7ac39a41712f7b1bc894d,ayam penyet,2,0.7256
../foodsg-233_cleaned/Nasi pattaya/NKWVVNYGFKZFDBJ00JYDRSTM.jpg,Nasi pattaya,all,3d87b35cd969aa8de6b260c95d36f72a,3d87b35cd969aa8de6b260c95d36f72a,fried rice,2,0.7816
../foodsg-233_cleaned/Nuts/0VEV458X8CSZE4E0B9KNNKEY.jpg,Nuts,all,36db92784212405ae71f017e249d4913,36db92784212405ae71f017e249d4913,buckwheat,2,0.775
../foodsg-233_cleaned/Nuts/3R5PD50BM1LLKSFS6B82BSM1.jpg,Nuts,all,36db92784212405ae71f017e249d4913,36db92784212405ae71f017e249d4913,raspberry,2,0.95
../foodsg-233_cleaned/Nuts/705LRDFF8JDFE4IHVOBGNWYH.jpg,Nuts,all,3765c0c9ad77b6d5fd87318d934f5e55,3765c0c9ad77b6d5fd87318d934f5e55,Chocolate,2,0.6924
../foodsg-233_cleaned/Nuts/75P7EY7L31GVM2U889UYYQRN.jpg,Nuts,all,096c02844e58fd6c65973b7cf59a64bf,096c02844e58fd6c65973b7cf59a64bf,Snacks and Chips,2,0.5609
../foodsg-233_cleaned/Nuts/G2AIOQHV18312OOGUI74P02Y.jpg,Nuts,all,36db92784212405ae71f017e249d4913,36db92784212405ae71f017e249d4913,yam rice,2,0.5609
../foodsg-233_cleaned/Nuts/GLKDIR0IHLL6RJJEJ97NFADD.jpg,Nuts,all,6a10ead4f9ef0ba2eed3d5e1c6f406aa,6a10ead4f9ef0ba2eed3d5e1c6f406aa,muesli,2,0.7611
../foodsg-233_cleaned/Nuts/I2FRDJNM4DZYUUW780OVDS4R.jpg,Nuts,all,3765c0c9ad77b6d5fd87318d934f5e55,3765c0c9ad77b6d5fd87318d934f5e55,Chocolate,2,0.8836
../foodsg-233_cleaned/Nuts/IQY47AJR7HGR3SXG3E6HANJ1.jpg,Nuts,all,6a10ead4f9ef0ba2eed3d5e1c6f406aa,6a10ead4f9ef0ba2eed3d5e1c6f406aa,muesli,2,0.7195
../foodsg-233_cleaned/Nuts/L26MG08RRHIDK6JBINWWG8H7.jpg,Nuts,all,36db92784212405ae71f017e249d4913,36db92784212405ae71f017e249d4913,begedil,2,0.7294
../foodsg-233_cleaned/Nuts/NPPQ68CXSCDP9H4ZCCJUQ00N.jpg,Nuts,all,096c02844e58fd6c65973b7cf59a64bf,096c02844e58fd6c65973b7cf59a64bf,Snacks and Chips,2,0.9954
../foodsg-233_cleaned/Nuts/UV0ZVXR6PZAFKU8PD616E5XE.jpg,Nuts,all,3765c0c9ad77b6d5fd87318d934f5e55,3765c0c9ad77b6d5fd87318d934f5e55,Chocolate,2,0.8769
../foodsg-233_cleaned/Nuts/XEQP57LONJO9YRZ54FJVY4OS.jpg,Nuts,all,36db92784212405ae71f017e249d4913,36db92784212405ae71f017e249d4913,Instant Cereal Drink,2,0.5071
../foodsg-233_cleaned/Peanut Pancake/FIEZ17SXBN9NZ5558XQE17LB.jpg,Peanut Pancake,all,a647cbed81cf09962283f36a55fa5144,a647cbed81cf09962283f36a55fa5144,sausage rolls,2,0.9638
../foodsg-233_cleaned/Peanut Pancake/V5HA4ZWTJXAW3CAUNJUW0XUG.jpg,Peanut Pancake,all,a647cbed81cf09962283f36a55fa5144,a647cbed81cf09962283f36a55fa5144,kueh lapis baked,2,0.9417
../foodsg-233_cleaned/Persimmon/7JWZJPRT45TCWB8UT7POYNY5.jpg,Persimmon,all,12eb1a2f59a5a318857c2e04ef03f9cb,12eb1a2f59a5a318857c2e04ef03f9cb,Nuts,2,0.7549
../foodsg-233_cleaned/Persimmon/LSQH3HB9ZT9I6Q8UWR1EM36R.jpg,Persimmon,all,12eb1a2f59a5a318857c2e04ef03f9cb,12eb1a2f59a5a318857c2e04ef03f9cb,bak kwa,2,0.972
../foodsg-233_cleaned/Persimmon/YACFFKQHF418HJGO5V12E23X.jpg,Persimmon,all,12eb1a2f59a5a318857c2e04ef03f9cb,12eb1a2f59a5a318857c2e04ef03f9cb,Fruit juice,2,0.9819
"../foodsg-233_cleaned/Pilaf, pea/06YZL33LPCI23BKQHO83DNIG.jpg","Pilaf, pea",all,04e96b160bd9f4a7d47bc5d4ce581a76,04e96b160bd9f4a7d47bc5d4ce581a76,"Bee hoon, goreng",2,0.8358
"../foodsg-233_cleaned/Pilaf, pea/26KYCBGNTR2YRO8R2DCOW07P.jpg","Pilaf, pea",all,834e5d946598aa3f0316a1a993301050,834e5d946598aa3f0316a1a993301050,fried rice,2,0.8001
"../foodsg-233_cleaned/Pilaf, pea/5UE2DM1MGJT7RPQ8PTE7ECGV.jpg","Pilaf, pea",all,834e5d946598aa3f0316a1a993301050,834e5d946598aa3f0316a1a993301050,fried rice,2,0.852
"../foodsg-233_cleaned/Pilaf, pea/71J11PW1CBEXNRE5OZ56NNG7.jpg","Pilaf, pea",all,9863973f1e013a8cfa4beaff674a4faf,9863973f1e013a8cfa4beaff674a4faf,cooked brown rice,2,0.6135
"../foodsg-233_cleaned/Pilaf, pea/8VUBIXVP524ISABR51Q2UKET.jpg","Pilaf, pea",all,04e96b160bd9f4a7d47bc5d4ce581a76,04e96b160bd9f4a7d47bc5d4ce581a76,paella seafood,2,0.9686
"../foodsg-233_cleaned/Pilaf, pea/9FTL3LVJ6BDA602OKWV7IWL6.jpg","Pilaf, pea",all,e5b23aed9ba663fcb7f037803706adbe,e5b23aed9ba663fcb7f037803706adbe,buckwheat,2,0.7916
"../foodsg-233_cleaned/Pilaf, pea/AL4ZENBMRNDO0BAOYZ45OH92.jpg","Pilaf, pea",all,e5b23aed9ba663fcb7f037803706adbe,e5b23aed9ba663fcb7f037803706adbe,buckwheat,2,0.7724
"../foodsg-233_cleaned/Pilaf, pea/BG5D8RJPLBZA57NDYCBR61D4.jpg","Pilaf, pea",all,9863973f1e013a8cfa4beaff674a4faf,9863973f1e013a8cfa4beaff674a4faf,cooked brown rice,2,0.9728
"../foodsg-233_cleaned/Pilaf, pea/C0R6TVPV5ZE2O132BMLV3WRS.jpg","Pilaf, pea",all,a3478011c7d476f3df51482272504f84,a3478011c7d476f3df51482272504f84,Claypot Rice,2,0.6731
"../foodsg-233_cleaned/Pilaf, pea/I6ZH5EMRBVUO78CCL2KBHSVW.jpg","Pilaf, pea",all,a56afc42cea93bd3894be49b91d000a1,a56afc42cea93bd3894be49b91d000a1,muesli,2,0.7114
"../foodsg-233_cleaned/Pilaf, pea/KRKT7Z8QLA90POS9PJ6UHVUC.jpg","Pilaf, pea",all,04e96b160bd9f4a7d47bc5d4ce581a76,04e96b160bd9f4a7d47bc5d4ce581a76,green leafy vegetables,2,0.6616
"../foodsg-233_cleaned/Pilaf, pea/L3AMWGG2BLEXXOTZ22ACRM0O.jpg","Pilaf, pea",all,834e5d946598aa3f0316a1a993301050,834e5d946598aa3f0316a1a993301050,fried rice,2,0.755
"../foodsg-233_cleaned/Pilaf, pea/O82KRXOBVPIACYOJ8ROBVAYK.jpg","Pilaf, pea",all,834e5d946598aa3f0316a1a993301050,834e5d946598aa3f0316a1a993301050,fried rice,2,0.7801
"../foodsg-233_cleaned/Pilaf, pea/RGSAJ889ITC6U18S5JY6EX42.jpg","Pilaf, pea",all,e5b23aed9ba663fcb7f037803706adbe,e5b23aed9ba663fcb7f037803706adbe,buckwheat,2,0.5238
"../foodsg-233_cleaned/Pilaf, pea/Z9LGFSF16F0LQN9Y30EG00CI.jpg","Pilaf, pea",all,a56afc42cea93bd3894be49b91d000a1,a56afc42cea93bd3894be49b91d000a1,muesli,2,0.7272
../foodsg-233_cleaned/Pomelo/E467QKA7HIZSBSBFPW5R2IPL.jpg,Pomelo,all,6ce52264a8b1bb55945503f34c73c4c2,6ce52264a8b1bb55945503f34c73c4c2,salad,2,0.996
../foodsg-233_cleaned/Pomelo/HK5WOK4QXE4ZHY7D9QO3WWGS.jpg,Pomelo,all,f4148643e254ff4572d096b1b752b9d0,f4148643e254ff4572d096b1b752b9d0,Grapefruit,2,0.9614
../foodsg-233_cleaned/Pomelo/KB49P714OA59QFKTJLYTYMAM.jpg,Pomelo,all,6ce52264a8b1bb55945503f34c73c4c2,6ce52264a8b1bb55945503f34c73c4c2,pear,2,0.9983
../foodsg-233_cleaned/Pomelo/NMFGMXO8OH51HW44CK8QIEWP.jpg,Pomelo,all,6ce52264a8b1bb55945503f34c73c4c2,6ce52264a8b1bb55945503f34c73c4c2,guava,2,0.6953
../foodsg-233_cleaned/Pomelo/PCP8QK8L7V5OB7AAI8OO8RXK.jpg,Pomelo,all,6ce52264a8b1bb55945503f34c73c4c2,6ce52264a8b1bb55945503f34c73c4c2,blueberries,2,0.8748
../foodsg-233_cleaned/Porridge/0J78AEAJUOOMEKJSJ7G0Q2VC.jpg,Porridge,all,5ef399808c23d3fa27f3538ba4c77135,5ef399808c23d3fa27f3538ba4c77135,vegetable soup,2,0.9644
../foodsg-233_cleaned/Porridge/1AT357XYDJYEYQVRW56P6HCD.jpg,Porridge,all,5ef399808c23d3fa27f3538ba4c77135,5ef399808c23d3fa27f3538ba4c77135,buckwheat,2,0.9153
../foodsg-233_cleaned/Porridge/3MF3VZGUABADDW3A0CYT8FRE.jpg,Porridge,all,5ef399808c23d3fa27f3538ba4c77135,5ef399808c23d3fa27f3538ba4c77135,thunder tea rice,2,0.9838
../foodsg-233_cleaned/Porridge/4VRL30K88K0AA3SNQA063YCD.jpg,Porridge,all,829a7608e550c9d5fdbd8f48d6e7b5b1,829a7608e550c9d5fdbd8f48d6e7b5b1,cream soup,2,0.6467
../foodsg-233_cleaned/Porridge/AOSEBXUWQ4JKA921CJBPM98T.jpg,Porridge,all,5ef399808c23d3fa27f3538ba4c77135,5ef399808c23d3fa27f3538ba4c77135,Hor Fun,2,0.7963
../foodsg-233_cleaned/Porridge/CMNA41T36D2ZRRPIIS2FS9TJ.jpg,Porridge,all,829a7608e550c9d5fdbd8f48d6e7b5b1,829a7608e550c9d5fdbd8f48d6e7b5b1,cream soup,2,0.8284
../foodsg-233_cleaned/Porridge/GMID8ODTBVHBTVQD0YZEZYQ6.jpg,Porridge,all,5ef399808c23d3fa27f3538ba4c77135,5ef399808c23d3fa27f3538ba4c77135,Apricot,2,0.8654
../foodsg-233_cleaned/Porridge/IYD2J3JXDL6CNM3HHZ3X8JUZ.jpg,Porridge,all,5eae1261cae892f2c88fc5794a707867,5eae1261cae892f2c88fc5794a707867,sliced fish soup,2,0.9268
../foodsg-233_cleaned/Porridge/J1UAVL3GCL3ZOIJIN6QUVNR2.jpg,Porridge,all,829a7608e550c9d5fdbd8f48d6e7b5b1,829a7608e550c9d5fdbd8f48d6e7b5b1,cream soup,2,0.6667
../foodsg-233_cleaned/Porridge/NIU37Q3IC60XMSWMCXI6PD78.jpg,Porridge,all,5ef399808c23d3fa27f3538ba4c77135,5ef399808c23d3fa27f3538ba4c77135,Pomelo,2,0.6357
../foodsg-233_cleaned/Porridge/ORM0ENDS4W3D1PDXKBR1IJOI.jpg,Porridge,all,829a7608e550c9d5fdbd8f48d6e7b5b1,829a7608e550c9d5fdbd8f48d6e7b5b1,cream soup,2,0.7908
../foodsg-233_cleaned/Porridge/TFFAAHNOOVLSE5QP5YA4FL0K.jpg,Porridge,all,5ef399808c23d3fa27f3538ba4c77135,5ef399808c23d3fa27f3538ba4c77135,beef noodle soup,2,0.9999
../foodsg-233_cleaned/Porridge/WQYCLD827KS376Q5OQLBPVP8.jpg,Porridge,all,760fc69fea0940eddacaca55a340a31b,760fc69fea0940eddacaca55a340a31b,pig organ soup,2,0.9944
../foodsg-233_cleaned/Porridge/XK8WKXTAQJC19I7BRYLYVO4V.jpg,Porridge,all,5eae1261cae892f2c88fc5794a707867,5eae1261cae892f2c88fc5794a707867,sliced fish soup,2,0.9927
../foodsg-233_cleaned/Porridge/YN1D4QYR22LL67MJ3O93QQW6.jpg,Porridge,all,760fc69fea0940eddacaca55a340a31b,760fc69fea0940eddacaca55a340a31b,pig organ soup,2,0.5588
../foodsg-233_cleaned/Prawn Noodle/3CEXVB9MJV9JYPGK7BNGSHR6.jpg,Prawn Noodle,all,2a3f23acea6a1f29135dd0e318263ee6,2a3f23acea6a1f29135dd0e318263ee6,Udon,2,0.5512
../foodsg-233_cleaned/Prawn Noodle/BOWT140YI70XHPKD0PIPJMF3.jpg,Prawn Noodle,all,74f4d46b0fdd667269f6a121e0162d7a,74f4d46b0fdd667269f6a121e0162d7a,hokkien prawn mee,2,0.8748
../foodsg-233_cleaned/Prawn Noodle/DDWWWUXXJS3346OKZD0SFYDR.jpg,Prawn Noodle,all,7a09be95041ee57b4c49e9c72b076a4b,7a09be95041ee57b4c49e9c72b076a4b,Lor mee,2,0.8213
../foodsg-233_cleaned/Prawn Noodle/LPLIQJUI8T8Y3JGY3TZLH95O.jpg,Prawn Noodle,all,f34cd8ab41e2cca7da5a05c113591455,f34cd8ab41e2cca7da5a05c113591455,Mee kuah,2,0.8592
../foodsg-233_cleaned/Prawn Noodle/NIOM83ZJD6RDHB0NECJJB6HU.jpg,Prawn Noodle,all,2a3f23acea6a1f29135dd0e318263ee6,2a3f23acea6a1f29135dd0e318263ee6,Udon,2,0.5795
../foodsg-233_cleaned/Prawn Noodle/Q6SNSPOG93TXXSLTO8OU1D26.jpg,Prawn Noodle,all,7a09be95041ee57b4c49e9c72b076a4b,7a09be95041ee57b4c49e9c72b076a4b,Fried Noodles,2,0.836
../foodsg-233_cleaned/Prawn Noodle/RRIUNVLWMPIEL60AA761OM8S.jpg,Prawn Noodle,all,f34cd8ab41e2cca7da5a05c113591455,f34cd8ab41e2cca7da5a05c113591455,Mee kuah,2,0.653
../foodsg-233_cleaned/Prawn Noodle/XX7U5PX8DY1UTENYAA1HCHEG.jpg,Prawn Noodle,all,7a09be95041ee57b4c49e9c72b076a4b,7a09be95041ee57b4c49e9c72b076a4b,Laksa,2,0.8057
../foodsg-233_cleaned/Pung Kueh/54M2IV0L0VNVSTTFSOTOBYSB.jpg,Pung Kueh,all,c6da59b33233cd4ac6bb063b802c23a4,c6da59b33233cd4ac6bb063b802c23a4,Kueh Salat,2,0.6039
../foodsg-233_cleaned/Pung Kueh/CNDD361VHT1J2F6TYHIQFWWJ.jpg,Pung Kueh,all,7f770f131c388a25f425928a4697348b,7f770f131c388a25f425928a4697348b,Sweets,2,0.8177
../foodsg-233_cleaned/Pung Kueh/P10YWE5DRSMJ4C3Z9U91C40A.jpg,Pung Kueh,all,c6da59b33233cd4ac6bb063b802c23a4,c6da59b33233cd4ac6bb063b802c23a4,Kueh Salat,2,0.5454
"../foodsg-233_cleaned/Rice, chicken katsu with Japanese curry/AVDUTGOEH3X7ARJRAYQU5OE3.jpg","Rice, chicken katsu with Japanese curry",all,e4ba4bbfb1492fa7d2884536a74b0d5e,e4ba4bbfb1492fa7d2884536a74b0d5e,chicken masala,2,0.9131
"../foodsg-233_cleaned/Rice, chicken katsu with Japanese curry/BCYP5TSWCTLV61QBI73DGUWU.jpg","Rice, chicken katsu with Japanese curry",all,bb24297898df0aee157faf952481b413,bb24297898df0aee157faf952481b413,"Don, chicken teriyaki",2,0.699
"../foodsg-233_cleaned/Rice, chicken katsu with Japanese curry/FOW0NM8271P3HMTH0DNGPXHF.jpg","Rice, chicken katsu with Japanese curry",all,0b5dbbe9c12263436062ad96a5ffd5b9,0b5dbbe9c12263436062ad96a5ffd5b9,Katsudon,2,0.6791
"../foodsg-233_cleaned/Rice, chicken katsu with Japanese curry/HGGFEXMJNM2J1SMLWZT2LX2F.jpg","Rice, chicken katsu with Japanese curry",all,e4ba4bbfb1492fa7d2884536a74b0d5e,e4ba4bbfb1492fa7d2884536a74b0d5e,chicken masala,2,0.5866
"../foodsg-233_cleaned/Rice, chicken katsu with Japanese curry/I5R7HA57CM60JID30EQ13RRQ.jpg","Rice, chicken katsu with Japanese curry",all,675001158ac8f79e5d7fabd76f1031a8,675001158ac8f79e5d7fabd76f1031a8,fried chicken,2,0.8878
"../foodsg-233_cleaned/Rice, chicken katsu with Japanese curry/U4S09Y6Q17A7KEWOD0J7G2KU.jpg","Rice, chicken katsu with Japanese curry",all,0b5dbbe9c12263436062ad96a5ffd5b9,0b5dbbe9c12263436062ad96a5ffd5b9,Katsudon,2,0.6855
"../foodsg-233_cleaned/Rice, chicken katsu with Japanese curry/XC31KHOH2QHXBN9IJJ1SINQ0.jpg","Rice, chicken katsu with Japanese curry",all,675001158ac8f79e5d7fabd76f1031a8,675001158ac8f79e5d7fabd76f1031a8,cooked white rice,2,0.6075
"../foodsg-233_cleaned/Rice, chicken katsu with Japanese curry/Z62QZID2H8LG0PYUVJPQ71S6.jpg","Rice, chicken katsu with Japanese curry",all,bb24297898df0aee157faf952481b413,bb24297898df0aee157faf952481b413,"Don, chicken teriyaki",2,0.9936
"../foodsg-233_cleaned/Rice, korean bulgogi beef/0IM2OVB2QEIFVK154S6QALA5.jpg","Rice, korean bulgogi beef",all,5bb97b0586bafb20c40dd462705ea202,5bb97b0586bafb20c40dd462705ea202,sirloin steak,2,0.7415
"../foodsg-233_cleaned/Rice, korean bulgogi beef/1N2SH32LYBIMP713K3KRAM8V.jpg","Rice, korean bulgogi beef",all,1b7aa11486d115535213ff12b4663532,1b7aa11486d115535213ff12b4663532,"Don, chicken teriyaki",2,0.8404
"../foodsg-233_cleaned/Rice, korean bulgogi beef/2SJYOIGL342ZR1G64LAHJ7CM.jpg","Rice, korean bulgogi beef",all,5bb97b0586bafb20c40dd462705ea202,5bb97b0586bafb20c40dd462705ea202,sirloin steak,2,0.9216
"../foodsg-233_cleaned/Rice, korean bulgogi beef/315WYNWO0EB3G6PZGP4T54Q6.jpg","Rice, korean bulgogi beef",all,1b7aa11486d115535213ff12b4663532,1b7aa11486d115535213ff12b4663532,"Pilaf, pea",2,0.8649
"../foodsg-233_cleaned/Rice, korean bulgogi beef/3BKFNAIYZQXMJZPWAGIQ9XZI.jpg","Rice, korean bulgogi beef",all,1b7aa11486d115535213ff12b4663532,1b7aa11486d115535213ff12b4663532,mixed vegetables,2,0.5221
"../foodsg-233_cleaned/Rice, korean bulgogi beef/3IU9QK3ZDQZLWXDTMIFP8NGG.jpg","Rice, korean bulgogi beef",all,fc034a886b75385fe63cfe8f37eef310,fc034a886b75385fe63cfe8f37eef310,mixed grills,2,0.8572
"../foodsg-233_cleaned/Rice, korean bulgogi beef/4M5YVQ3WRJT835L2R3NLK6O6.jpg","Rice, korean bulgogi beef",all,5bb97b0586bafb20c40dd462705ea202,5bb97b0586bafb20c40dd462705ea202,sirloin steak,2,0.9206
"../foodsg-233_cleaned/Rice, korean bulgogi beef/6TKZXWBJY3C30A1VXI0JIMC8.jpg","Rice, korean bulgogi beef",all,1b7aa11486d115535213ff12b4663532,1b7aa11486d115535213ff12b4663532,Duck Rice,2,0.6251
"../foodsg-233_cleaned/Rice, korean bulgogi beef/7THUC6E1342MIRAAV6ZBWV4C.jpg","Rice, korean bulgogi beef",all,1b7aa11486d115535213ff12b4663532,1b7aa11486d115535213ff12b4663532,lamb chops,2,0.6252
"../foodsg-233_cleaned/Rice, korean bulgogi beef/8KGN8WZ668FNPBBWHJX92FSF.jpg","Rice, korean bulgogi beef",all,1b7aa11486d115535213ff12b4663532,1b7aa11486d115535213ff12b4663532,Hor Fun,2,0.9974
"../foodsg-233_cleaned/Rice, korean bulgogi beef/GSFRURU92689R3K96VBCVIDR.jpg","Rice, korean bulgogi beef",all,80783003c9cbf07e7453a3b15d914a79,80783003c9cbf07e7453a3b15d914a79,cooked brown rice,2,0.7411
"../foodsg-233_cleaned/Rice, korean bulgogi beef/K7L5NYRKEBFJ0NXBB1DJUY5V.jpg","Rice, korean bulgogi beef",all,aacff8a2db19646db8da867f5ed88494,aacff8a2db19646db8da867f5ed88494,char siew,2,0.6806
"../foodsg-233_cleaned/Rice, korean bulgogi beef/MXX5G8MZK8G0V80IC3M83D62.jpg","Rice, korean bulgogi beef",all,1b7aa11486d115535213ff12b4663532,1b7aa11486d115535213ff12b4663532,Porridge,2,0.6829
"../foodsg-233_cleaned/Rice, korean bulgogi beef/TGBP6G6EBJQIBQ8J7AU30JNI.jpg","Rice, korean bulgogi beef",all,5bb97b0586bafb20c40dd462705ea202,5bb97b0586bafb20c40dd462705ea202,sirloin steak,2,0.6036
"../foodsg-233_cleaned/Rice, korean bulgogi beef/VWEPJXLUPSGOCM8A18LB46G1.jpg","Rice, korean bulgogi beef",all,8ce137ed9d855e855a29f30ecb5cf9a6,8ce137ed9d855e855a29f30ecb5cf9a6,"Rice, with dakgalbi",2,0.7614
"../foodsg-233_cleaned/Rice, korean bulgogi beef/WXV9FRSLK2JMYMRTOVMQTPOM.jpg","Rice, korean bulgogi beef",all,1b7aa11486d115535213ff12b4663532,1b7aa11486d115535213ff12b4663532,pineapple,2,0.672
"../foodsg-233_cleaned/Rice, korean bulgogi beef/XK2K7AGSQ64US0CA1O7UEL6N.jpg","Rice, korean bulgogi beef",all,fc034a886b75385fe63cfe8f37eef310,fc034a886b75385fe63cfe8f37eef310,mixed grills,2,0.9953
"../foodsg-233_cleaned/Rice, korean bulgogi beef/ZQQ3VTHUFV3JPFU7CI76355Z.jpg","Rice, korean bulgogi beef",all,1b7aa11486d115535213ff12b4663532,1b7aa11486d115535213ff12b4663532,har cheong gai,2,0.9889
"../foodsg-233_cleaned/Rice, with dakgalbi/1GZ7PTOV94FQHSFZJC1H0KIS.jpg","Rice, with dakgalbi",all,e2d5f301080d1e652c2e0379d3b85793,e2d5f301080d1e652c2e0379d3b85793,hotplate tofu,2,0.8297
"../foodsg-233_cleaned/Rice, with dakgalbi/2Q33JSXQ0O1K0H2YOWIUVUQS.jpg","Rice, with dakgalbi",all,8ce137ed9d855e855a29f30ecb5cf9a6,8ce137ed9d855e855a29f30ecb5cf9a6,"Rice, korean bulgogi beef",2,0.7185
"../foodsg-233_cleaned/Rice, with dakgalbi/4DZTUDQY6OQLPIMH5KC2EJ64.jpg","Rice, with dakgalbi",all,0337ca8d7bd69f58ad2c0dd8f81b8944,0337ca8d7bd69f58ad2c0dd8f81b8944,sambal,2,0.6566
"../foodsg-233_cleaned/Rice, with dakgalbi/4NJF7U93LXW0DTAMX37EGO1Y.jpg","Rice, with dakgalbi",all,89aa37d200004b7a21277b9df2e8daec,89aa37d200004b7a21277b9df2e8daec,chicken masala,2,0.7927
"../foodsg-233_cleaned/Rice, with dakgalbi/66P8PVNGGP2NJIY0GMVF72P0.jpg","Rice, with dakgalbi",all,f3bc40d315428754f13fd79551a865e5,f3bc40d315428754f13fd79551a865e5,cooked brown rice,2,0.5744
"../foodsg-233_cleaned/Rice, with dakgalbi/9BV3M31JVD6J4WUG6T6M1G7O.jpg","Rice, with dakgalbi",all,f3bc40d315428754f13fd79551a865e5,f3bc40d315428754f13fd79551a865e5,sandwich,2,0.7369
"../foodsg-233_cleaned/Rice, with dakgalbi/D2QUWWSJT9E5QMEEGZ7OPFU4.jpg","Rice, with dakgalbi",all,f3bc40d315428754f13fd79551a865e5,f3bc40d315428754f13fd79551a865e5,"Pilaf, pea",2,0.9902
"../foodsg-233_cleaned/Rice, with dakgalbi/D52OY0KW1N25YE7I6UA5FUKY.jpg","Rice, with dakgalbi",all,f3bc40d315428754f13fd79551a865e5,f3bc40d315428754f13fd79551a865e5,Hor Fun,2,0.639
"../foodsg-233_cleaned/Rice, with dakgalbi/F98M0PPM6CUKZSQFQSOARWH3.jpg","Rice, with dakgalbi",all,f3bc40d315428754f13fd79551a865e5,f3bc40d315428754f13fd79551a865e5,Persimmon,2,0.6971
"../foodsg-233_cleaned/Rice, with dakgalbi/GG598ZA5NZ6S5Q53VIRL9LQ1.jpg","Rice, with dakgalbi",all,f3bc40d315428754f13fd79551a865e5,f3bc40d315428754f13fd79551a865e5,mixed vegetables,2,0.6093
"../foodsg-233_cleaned/Rice, with dakgalbi/J8AT9J3GXBVNXJOQXRVM83KF.jpg","Rice, with dakgalbi",all,0337ca8d7bd69f58ad2c0dd8f81b8944,0337ca8d7bd69f58ad2c0dd8f81b8944,sambal,2,0.5522
"../foodsg-233_cleaned/Rice, with dakgalbi/UQPAMYX0WY34GOK8QJ682QSJ.jpg","Rice, with dakgalbi",all,f3bc40d315428754f13fd79551a865e5,f3bc40d315428754f13fd79551a865e5,"Don, chicken teriyaki",2,0.6984
../foodsg-233_cleaned/Seafood Noodles Soup/2AIHFESEOHN1EP5WQTV6RZCS.jpg,Seafood Noodles Soup,all,c86d7597cf4761ac3e84e9cd29dce64f,c86d7597cf4761ac3e84e9cd29dce64f,bee hoon,2,0.8711
../foodsg-233_cleaned/Seafood Noodles Soup/3TE04ZLIVP714F4D7ERJNA4P.jpg,Seafood Noodles Soup,all,e44a11e970a24ea2df102b70d26ed4da,e44a11e970a24ea2df102b70d26ed4da,Hor Fun,2,0.8754
../foodsg-233_cleaned/Seafood Noodles Soup/64FHH26NL2TOCULHT6YZVBUQ.jpg,Seafood Noodles Soup,all,e44a11e970a24ea2df102b70d26ed4da,e44a11e970a24ea2df102b70d26ed4da,Laksa,2,0.6561
../foodsg-233_cleaned/Seafood Noodles Soup/7XQD42BLZ1GMX92NM6UVJNOD.jpg,Seafood Noodles Soup,all,b3a105715efa4f39299e950c23b398b4,b3a105715efa4f39299e950c23b398b4,Ban Mian,2,0.9207
../foodsg-233_cleaned/Seafood Noodles Soup/86Q1HWK09DNQYMUUQTC3FYD8.jpg,Seafood Noodles Soup,all,27a5cc2a1644061cf6a0bb99bcaa5ec6,27a5cc2a1644061cf6a0bb99bcaa5ec6,Fish Ball Noodles,2,0.8522
../foodsg-233_cleaned/Seafood Noodles Soup/B757301AVIETDIMAHMVB1FPW.jpg,Seafood Noodles Soup,all,23c2708ad559a1eed5baa053e0cb28bb,23c2708ad559a1eed5baa053e0cb28bb,sliced fish soup,2,0.7534
../foodsg-233_cleaned/Seafood Noodles Soup/FFAWLJFNJPW7U68YCG2J6H1S.jpg,Seafood Noodles Soup,all,23c2708ad559a1eed5baa053e0cb28bb,23c2708ad559a1eed5baa053e0cb28bb,sliced fish soup,2,0.9649
../foodsg-233_cleaned/Seafood Noodles Soup/KLGKLFE4M0JXDB6SDGPY9Q1S.jpg,Seafood Noodles Soup,all,23c2708ad559a1eed5baa053e0cb28bb,23c2708ad559a1eed5baa053e0cb28bb,sliced fish soup,2,0.6426
../foodsg-233_cleaned/Seafood Noodles Soup/M5YNO9MQ3TRBHF5ZWDHQ6J7X.jpg,Seafood Noodles Soup,all,23c2708ad559a1eed5baa053e0cb28bb,23c2708ad559a1eed5baa053e0cb28bb,sliced fish soup,2,0.9677
../foodsg-233_cleaned/Seafood Noodles Soup/MFWO4J0UEPKDJRD4766UHGAD.jpg,Seafood Noodles Soup,all,23c2708ad559a1eed5baa053e0cb28bb,23c2708ad559a1eed5baa053e0cb28bb,sliced fish soup,2,0.987
../foodsg-233_cleaned/Seafood Noodles Soup/MOXERM0PO343NLK79E3SYV87.jpg,Seafood Noodles Soup,all,e44a11e970a24ea2df102b70d26ed4da,e44a11e970a24ea2df102b70d26ed4da,bakso,2,0.7866
../foodsg-233_cleaned/Seafood Noodles Soup/TP4RIV5YD8VN4XBAMELEMFB2.jpg,Seafood Noodles Soup,all,23c2708ad559a1eed5baa053e0cb28bb,23c2708ad559a1eed5baa053e0cb28bb,sliced fish soup,2,0.6944
../foodsg-233_cleaned/Seafood Noodles Soup/UNX6IEB8UEQ4U63PVIWG6ARS.jpg,Seafood Noodles Soup,all,b3a105715efa4f39299e950c23b398b4,b3a105715efa4f39299e950c23b398b4,Ban Mian,2,0.5408
../foodsg-233_cleaned/Seafood Noodles Soup/VXYLLWLQP2WN6NIR590V8JSS.jpg,Seafood Noodles Soup,all,23c2708ad559a1eed5baa053e0cb28bb,23c2708ad559a1eed5baa053e0cb28bb,sliced fish soup,2,0.6802
../foodsg-233_cleaned/Seafood Noodles Soup/XB1MJEZ51GX3T0L2CNW49XOO.jpg,Seafood Noodles Soup,all,e44a11e970a24ea2df102b70d26ed4da,e44a11e970a24ea2df102b70d26ed4da,chilli crab,2,0.6249
../foodsg-233_cleaned/Seafood Noodles Soup/XR1LHQ2AIWHL0A1BSAVBQBH3.jpg,Seafood Noodles Soup,all,23c2708ad559a1eed5baa053e0cb28bb,23c2708ad559a1eed5baa053e0cb28bb,sliced fish soup,2,0.8067
../foodsg-233_cleaned/Seafood Noodles Soup/XYCMWGU0JKIFFAYUK5FCOJE1.jpg,Seafood Noodles Soup,all,23c2708ad559a1eed5baa053e0cb28bb,23c2708ad559a1eed5baa053e0cb28bb,sliced fish soup,2,0.6021
../foodsg-233_cleaned/Seafood Noodles Soup/YC0E946CBQCEMKFECPR0BJUI.jpg,Seafood Noodles Soup,all,c86d7597cf4761ac3e84e9cd29dce64f,c86d7597cf4761ac3e84e9cd29dce64f,bee hoon,2,0.5363
../foodsg-233_cleaned/Snacks and Chips/1EWPE7SW3C18IRUCZWH3Q4K4.jpg,Snacks and Chips,all,3b0fd6ea7257ded782ffbd7680809714,3b0fd6ea7257ded782ffbd7680809714,Sweets,2,0.746
../foodsg-233_cleaned/Snacks and Chips/39HBJKC9E1WW5KRV7ZG715OS.jpg,Snacks and Chips,all,8ffa0fd8c2c917418097ac484fe3bf34,8ffa0fd8c2c917418097ac484fe3bf34,sambal,2,0.9026
../foodsg-233_cleaned/Snacks and Chips/4HN5425OK7WQ5C9ZJGTTD4H8.jpg,Snacks and Chips,all,d0f55be3cc0c61b0d4a54c388ebdc4a4,d0f55be3cc0c61b0d4a54c388ebdc4a4,biscuit,2,0.5001
../foodsg-233_cleaned/Snacks and Chips/4ZLS1C5OZR7D8E5DGYTRRSYD.jpg,Snacks and Chips,all,744f636b03b5f64f9a23dc460c434f97,744f636b03b5f64f9a23dc460c434f97,"Don, chicken teriyaki",2,0.6127
../foodsg-233_cleaned/Snacks and Chips/52Y6JWYENI8D2ZCEYN665UHK.jpg,Snacks and Chips,all,181b8c76e566b6db039d3c3ad6a29c40,181b8c76e566b6db039d3c3ad6a29c40,popcorn,2,0.6679
../foodsg-233_cleaned/Snacks and Chips/5QKL1PI49X8I9UBFJJ71FF6X.jpg,Snacks and Chips,all,181b8c76e566b6db039d3c3ad6a29c40,181b8c76e566b6db039d3c3ad6a29c40,popcorn,2,0.8714
../foodsg-233_cleaned/Snacks and Chips/7428JH9ZV2185F74GNG91R4D.jpg,Snacks and Chips,all,3b0fd6ea7257ded782ffbd7680809714,3b0fd6ea7257ded782ffbd7680809714,Sweets,2,0.7937
../foodsg-233_cleaned/Snacks and Chips/AHX796ADA7Z5IDNT5FYJIU3J.jpg,Snacks and Chips,all,744f636b03b5f64f9a23dc460c434f97,744f636b03b5f64f9a23dc460c434f97,sandwich,2,0.627
../foodsg-233_cleaned/Snacks and Chips/B9R3Z76AKBMJX2H47Z0IW63Z.jpg,Snacks and Chips,all,5d8d932fc43a497adf861cca2ef226ff,5d8d932fc43a497adf861cca2ef226ff,Chocolate,2,0.9673
../foodsg-233_cleaned/Snacks and Chips/CFSH2H42VN8Z3UNQVKCVR5WD.jpg,Snacks and Chips,all,744f636b03b5f64f9a23dc460c434f97,744f636b03b5f64f9a23dc460c434f97,mixed vegetables,2,0.6108
../foodsg-233_cleaned/Snacks and Chips/CRRV0U9X645AFUVDCZOQLMA5.jpg,Snacks and Chips,all,744f636b03b5f64f9a23dc460c434f97,744f636b03b5f64f9a23dc460c434f97,fried chicken,2,0.5262
../foodsg-233_cleaned/Snacks and Chips/CWI8SQKEPJB85FHO0J3M6J7T.jpg,Snacks and Chips,all,90c0ca15d613eb0c82268b03345b740e,90c0ca15d613eb0c82268b03345b740e,Instant Cereal Drink,2,0.8431
../foodsg-233_cleaned/Snacks and Chips/EONXYSQB2VRWU8JMNR6FP8AF.jpg,Snacks and Chips,all,3b0fd6ea7257ded782ffbd7680809714,3b0fd6ea7257ded782ffbd7680809714,Sweets,2,0.8077
../foodsg-233_cleaned/Snacks and Chips/H0T86025GGI3HW3MBLJIK2JP.jpg,Snacks and Chips,all,c7ff197ad612f8c272f206a085d3e88d,c7ff197ad612f8c272f206a085d3e88d,seaweed snack,2,0.9338
../foodsg-233_cleaned/Snacks and Chips/IGAUE41S7AJ9JN7QLNH3GU22.jpg,Snacks and Chips,all,744f636b03b5f64f9a23dc460c434f97,744f636b03b5f64f9a23dc460c434f97,muesli,2,0.6349
../foodsg-233_cleaned/Snacks and Chips/MAG2CUDEY4HC4HPLMDM7J5LE.jpg,Snacks and Chips,all,5d8d932fc43a497adf861cca2ef226ff,5d8d932fc43a497adf861cca2ef226ff,Chocolate,2,0.851
../foodsg-233_cleaned/Snacks and Chips/N3W12LFBA6EJ47UFB9Y277UY.jpg,Snacks and Chips,all,744f636b03b5f64f9a23dc460c434f97,744f636b03b5f64f9a23dc460c434f97,tandoori chicken,2,0.9348
../foodsg-233_cleaned/Snacks and Chips/NB9HVP3X3CS3RH3K9Q5H2H2F.jpg,Snacks and Chips,all,c7ff197ad612f8c272f206a085d3e88d,c7ff197ad612f8c272f206a085d3e88d,seaweed snack,2,0.655
../foodsg-233_cleaned/Snacks and Chips/PWHC6GJH01294BYFBMYRM27X.jpg,Snacks and Chips,all,3b0fd6ea7257ded782ffbd7680809714,3b0fd6ea7257ded782ffbd7680809714,Sweets,2,0.6549
../foodsg-233_cleaned/Snacks and Chips/QH1MV89WDTNF3H6IPYTCX78Q.jpg,Snacks and Chips,all,744f636b03b5f64f9a23dc460c434f97,744f636b03b5f64f9a23dc460c434f97,CNY love letter,2,0.6318
../foodsg-233_cleaned/Snacks and Chips/TBS7BPT02HMW8OYPRO57BOE8.jpg,Snacks and Chips,all,8ffa0fd8c2c917418097ac484fe3bf34,8ffa0fd8c2c917418097ac484fe3bf34,sambal,2,0.5085
../foodsg-233_cleaned/Snacks and Chips/TWNYTK0TN3GGGSHMGC0D77IM.jpg,Snacks and Chips,all,096c02844e58fd6c65973b7cf59a64bf,096c02844e58fd6c65973b7cf59a64bf,Nuts,2,0.6976
../foodsg-233_cleaned/Snacks and Chips/UJH23R65LKGRLW2AKE5J2WP4.jpg,Snacks and Chips,all,744f636b03b5f64f9a23dc460c434f97,744f636b03b5f64f9a23dc460c434f97,pasta - fettuccine,2,0.8819
../foodsg-233_cleaned/Snacks and Chips/W05ZXMJU8M3D14RXHOFWTGL7.jpg,Snacks and Chips,all,d0f55be3cc0c61b0d4a54c388ebdc4a4,d0f55be3cc0c61b0d4a54c388ebdc4a4,biscuit,2,0.8232
../foodsg-233_cleaned/Snacks and Chips/WFP9CV7JFW45POZ14BQDM7Q5.jpg,Snacks and Chips,all,d0f55be3cc0c61b0d4a54c388ebdc4a4,d0f55be3cc0c61b0d4a54c388ebdc4a4,biscuit,2,0.9199
../foodsg-233_cleaned/Snacks and Chips/YU3MPV15ZUJHBMU92YPTT2ML.jpg,Snacks and Chips,all,744f636b03b5f64f9a23dc460c434f97,744f636b03b5f64f9a23dc460c434f97,Apple,2,0.7601
../foodsg-233_cleaned/Soft boiled eggs/MPV6QVUAF9GX1HLUVMEQ2WKG.jpg,Soft boiled eggs,all,910d0ac67029427ed7e23b75a208f0d4,910d0ac67029427ed7e23b75a208f0d4,salad,2,0.8669
../foodsg-233_cleaned/Soft boiled eggs/SWHLFF0BSHDJ8DPKYNRLL8DX.jpg,Soft boiled eggs,all,c90fb0cfbbb5f8e3d683bbd1b76e3f7c,c90fb0cfbbb5f8e3d683bbd1b76e3f7c,steamed grouper,2,0.9366
../foodsg-233_cleaned/Soto ayam/96CTMM6YOW9LV288Q26NUW1K.jpg,Soto ayam,all,fb03f1ca11963b015edaec269576b593,fb03f1ca11963b015edaec269576b593,Lontong with sayur lodeh,2,0.6107
../foodsg-233_cleaned/Soto ayam/99V5Y5LVH40WZPGO7WG3SFMR.jpg,Soto ayam,all,16786a7326bc8446403e945946998f55,16786a7326bc8446403e945946998f55,"Bee hoon, soto",2,0.8366
../foodsg-233_cleaned/Soto ayam/DQKORG2UZNQCQNCY9CXPWEZN.jpg,Soto ayam,all,fb03f1ca11963b015edaec269576b593,fb03f1ca11963b015edaec269576b593,Laksa,2,0.957
../foodsg-233_cleaned/Soto ayam/H32147Y65PQ396VS0X7SNP7B.jpg,Soto ayam,all,16786a7326bc8446403e945946998f55,16786a7326bc8446403e945946998f55,"Bee hoon, soto",2,0.8462
../foodsg-233_cleaned/Soto ayam/IPUY76I9OYUINFGACGGD6XO1.jpg,Soto ayam,all,16786a7326bc8446403e945946998f55,16786a7326bc8446403e945946998f55,"Bee hoon, soto",2,0.974
../foodsg-233_cleaned/Soto ayam/L1BXIELKR8HAUBRFTIGVNXUU.jpg,Soto ayam,all,54e7931c876f09d841501c8d8b64d0f2,54e7931c876f09d841501c8d8b64d0f2,Mee soto,2,0.8035
../foodsg-233_cleaned/Soto ayam/MIMV79RPN0DPCOG5VKH0LAHE.jpg,Soto ayam,all,fb03f1ca11963b015edaec269576b593,fb03f1ca11963b015edaec269576b593,kebab - chicken,2,0.849
../foodsg-233_cleaned/Soto ayam/MZ3KOK54KWPTYSGWT0X64RUB.jpg,Soto ayam,all,16786a7326bc8446403e945946998f55,16786a7326bc8446403e945946998f55,"Bee hoon, soto",2,0.8539
../foodsg-233_cleaned/Soto ayam/PFTNJ4ZW1ULZFUWRLN48K3JK.jpg,Soto ayam,all,16786a7326bc8446403e945946998f55,16786a7326bc8446403e945946998f55,"Bee hoon, soto",2,0.6125
../foodsg-233_cleaned/Soto ayam/REVFE1JUPVEB9SCZK8VG1DU5.jpg,Soto ayam,all,fb03f1ca11963b015edaec269576b593,fb03f1ca11963b015edaec269576b593,Seafood Noodles Soup,2,0.5894
../foodsg-233_cleaned/Soto ayam/RVQD6N8E56WTQWXVPVVMH014.jpg,Soto ayam,all,fb03f1ca11963b015edaec269576b593,fb03f1ca11963b015edaec269576b593,"Miso ramen, with fishcake",2,0.6575
../foodsg-233_cleaned/Soto ayam/RW3W0XWVEPPEHM0WK7SZ0UMU.jpg,Soto ayam,all,16786a7326bc8446403e945946998f55,16786a7326bc8446403e945946998f55,"Bee hoon, soto",2,0.6192
../foodsg-233_cleaned/Soto ayam/SG4XZPCE04B55QIK4L1M7BHN.jpg,Soto ayam,all,16786a7326bc8446403e945946998f55,16786a7326bc8446403e945946998f55,"Bee hoon, soto",2,0.671
../foodsg-233_cleaned/Soto ayam/UULCL1N9SU8IJX57SZ2L1CGW.jpg,Soto ayam,all,16786a7326bc8446403e945946998f55,16786a7326bc8446403e945946998f55,"Bee hoon, soto",2,0.7215
../foodsg-233_cleaned/Soto ayam/W92ZW0CGL39305AGPR8ZI25G.jpg,Soto ayam,all,fb03f1ca11963b015edaec269576b593,fb03f1ca11963b015edaec269576b593,sliced fish soup,2,0.5396
../foodsg-233_cleaned/Soto ayam/X3H0041MU5SWPQDEDOR50FN2.jpg,Soto ayam,all,86a2f0661dbc63286eed89d2dc13151b,86a2f0661dbc63286eed89d2dc13151b,chicken soup,2,0.7063
../foodsg-233_cleaned/Soto ayam/YB697SR5HFFKFLQJ44H0QRIZ.jpg,Soto ayam,all,16786a7326bc8446403e945946998f55,16786a7326bc8446403e945946998f55,"Bee hoon, soto",2,0.8314
../foodsg-233_cleaned/Soto ayam/ZTP2X737MWJ2X5CTE4KW4BJI.jpg,Soto ayam,all,54e7931c876f09d841501c8d8b64d0f2,54e7931c876f09d841501c8d8b64d0f2,Mee soto,2,0.5972
../foodsg-233_cleaned/Sweets/1QT4AB6D5DCKTH40B1MM46V4.jpg,Sweets,all,154a45d3056e7aa6600c6bdce7d99e46,154a45d3056e7aa6600c6bdce7d99e46,Instant Cereal Drink,2,0.9796
../foodsg-233_cleaned/Sweets/41LWLIA5YAJEFRFLTM2DBSYF.jpg,Sweets,all,b374d7bf38c2689dac49ca1c15c2b185,b374d7bf38c2689dac49ca1c15c2b185,Chocolate,2,0.8732
../foodsg-233_cleaned/Sweets/7AUT0WTTDBLA2P8U6IDKJ9GQ.jpg,Sweets,all,b374d7bf38c2689dac49ca1c15c2b185,b374d7bf38c2689dac49ca1c15c2b185,Chocolate,2,0.7541
../foodsg-233_cleaned/Sweets/9WGKQSL2F042A52T42PSWC1D.jpg,Sweets,all,b374d7bf38c2689dac49ca1c15c2b185,b374d7bf38c2689dac49ca1c15c2b185,Chocolate,2,0.9226
../foodsg-233_cleaned/Sweets/F9H6IN021T4JD3AK6FZRJJJX.jpg,Sweets,all,3b0fd6ea7257ded782ffbd7680809714,3b0fd6ea7257ded782ffbd7680809714,Snacks and Chips,2,0.6904
../foodsg-233_cleaned/Sweets/FCCVPAL2I3ZKRE3HPY7ZXRMZ.jpg,Sweets,all,b374d7bf38c2689dac49ca1c15c2b185,b374d7bf38c2689dac49ca1c15c2b185,Chocolate,2,0.9479
../foodsg-233_cleaned/Sweets/HJAS0VNF04QZLKD7DNIMQIOY.jpg,Sweets,all,b374d7bf38c2689dac49ca1c15c2b185,b374d7bf38c2689dac49ca1c15c2b185,Chocolate,2,0.8874
../foodsg-233_cleaned/Sweets/HPYYLKP4ZB2ZDW1ONN7C3ZTP.jpg,Sweets,all,3b0fd6ea7257ded782ffbd7680809714,3b0fd6ea7257ded782ffbd7680809714,Snacks and Chips,2,0.9905
../foodsg-233_cleaned/Sweets/IVER2WDBCPOSR6DSPOA28BN9.jpg,Sweets,all,b374d7bf38c2689dac49ca1c15c2b185,b374d7bf38c2689dac49ca1c15c2b185,Chocolate,2,0.7746
../foodsg-233_cleaned/Sweets/JDCNPFUNLI0JSDRB9O3O0K3D.jpg,Sweets,all,322be5270af5ef5719a653977732b23a,322be5270af5ef5719a653977732b23a,CNY love letter,2,0.6429
../foodsg-233_cleaned/Sweets/KJ8TQ5OM44RQ3PM7E1U4DQQI.jpg,Sweets,all,b374d7bf38c2689dac49ca1c15c2b185,b374d7bf38c2689dac49ca1c15c2b185,Chocolate,2,0.8209
../foodsg-233_cleaned/Sweets/L3ZPVCM3NFA662QWIINUZ6UR.jpg,Sweets,all,3b0fd6ea7257ded782ffbd7680809714,3b0fd6ea7257ded782ffbd7680809714,Snacks and Chips,2,0.6262
../foodsg-233_cleaned/Sweets/MR4FUS0LWQA24A6BP7WMDD8D.jpg,Sweets,all,b374d7bf38c2689dac49ca1c15c2b185,b374d7bf38c2689dac49ca1c15c2b185,Chocolate,2,0.7979
../foodsg-233_cleaned/Sweets/N9NZO3V2CO5GEXESW8P04GQ3.jpg,Sweets,all,3b0fd6ea7257ded782ffbd7680809714,3b0fd6ea7257ded782ffbd7680809714,Snacks and Chips,2,0.8152
../foodsg-233_cleaned/Sweets/NPILE8ZZY7V2VIRV5T07JK4X.jpg,Sweets,all,b374d7bf38c2689dac49ca1c15c2b185,b374d7bf38c2689dac49ca1c15c2b185,Chocolate,2,0.7512
../foodsg-233_cleaned/Sweets/ONLU6D8OJEDA3EKYEBNSELDX.jpg,Sweets,all,322be5270af5ef5719a653977732b23a,322be5270af5ef5719a653977732b23a,strawberry,2,0.6345
../foodsg-233_cleaned/Sweets/QDW9D0GC2MWNJUN1NWWAK2RP.jpg,Sweets,all,b374d7bf38c2689dac49ca1c15c2b185,b374d7bf38c2689dac49ca1c15c2b185,Chocolate,2,0.7262
../foodsg-233_cleaned/Sweets/QZKNYMTMJJT0CKMUV9QOT3R1.jpg,Sweets,all,322be5270af5ef5719a653977732b23a,322be5270af5ef5719a653977732b23a,guava,2,0.8863
../foodsg-233_cleaned/Sweets/TFN0691G9NDSU54DIA8ME4CY.jpg,Sweets,all,b374d7bf38c2689dac49ca1c15c2b185,b374d7bf38c2689dac49ca1c15c2b185,Chocolate,2,0.6298
../foodsg-233_cleaned/Sweets/TX7VMTFIMWS8SRFS1PJLKI5Y.jpg,Sweets,all,322be5270af5ef5719a653977732b23a,322be5270af5ef5719a653977732b23a,Grapefruit,2,0.5925
../foodsg-233_cleaned/Sweets/UYZVC54Y2EJ4A6QNCV96C301.jpg,Sweets,all,154a45d3056e7aa6600c6bdce7d99e46,154a45d3056e7aa6600c6bdce7d99e46,Instant Cereal Drink,2,0.5182
../foodsg-233_cleaned/Sweets/VXJULOQ9214HAREUNZ7N2GBF.jpg,Sweets,all,b374d7bf38c2689dac49ca1c15c2b185,b374d7bf38c2689dac49ca1c15c2b185,Chocolate,2,0.9372
../foodsg-233_cleaned/Sweets/VZVJF218MC3DC3C0QBIXU86D.jpg,Sweets,all,b374d7bf38c2689dac49ca1c15c2b185,b374d7bf38c2689dac49ca1c15c2b185,Chocolate,2,0.8096
../foodsg-233_cleaned/Sweets/W1RISY5TAH2JPU37WLS31V57.jpg,Sweets,all,b374d7bf38c2689dac49ca1c15c2b185,b374d7bf38c2689dac49ca1c15c2b185,Chocolate,2,0.6719
../foodsg-233_cleaned/Sweets/W5MOMYP7GLO6XAUG8N26AHGR.jpg,Sweets,all,3b0fd6ea7257ded782ffbd7680809714,3b0fd6ea7257ded782ffbd7680809714,Snacks and Chips,2,0.9528
../foodsg-233_cleaned/Sweets/W70IFM8ONMM2I5R6NJF2F1XQ.jpg,Sweets,all,b374d7bf38c2689dac49ca1c15c2b185,b374d7bf38c2689dac49ca1c15c2b185,Chocolate,2,0.6528
../foodsg-233_cleaned/Sweets/W7RNIGZ2K08ZLL78DRRMHGNR.jpg,Sweets,all,b374d7bf38c2689dac49ca1c15c2b185,b374d7bf38c2689dac49ca1c15c2b185,Chocolate,2,0.8722
../foodsg-233_cleaned/Sweets/XCW0JOSGCNVQ0IWPYF1DJIDO.jpg,Sweets,all,b374d7bf38c2689dac49ca1c15c2b185,b374d7bf38c2689dac49ca1c15c2b185,Chocolate,2,0.9522
../foodsg-233_cleaned/Sweets/ZKH4FKTFPK2T5I6FSM2ZXNW1.jpg,Sweets,all,322be5270af5ef5719a653977732b23a,322be5270af5ef5719a653977732b23a,Apple,2,0.9473
../foodsg-233_cleaned/Tauhu Goreng/0AV9KC4JQN0R4D95UXXWP7GO.jpg,Tauhu Goreng,all,5a106e7442d24b08453a9c18326c2796,5a106e7442d24b08453a9c18326c2796,begedil,2,0.8848
../foodsg-233_cleaned/Tauhu Goreng/2GALICYVC6OPEAB62RTLFKVL.jpg,Tauhu Goreng,all,5a106e7442d24b08453a9c18326c2796,5a106e7442d24b08453a9c18326c2796,"Bee hoon, goreng",2,0.8023
../foodsg-233_cleaned/Tauhu Goreng/2QISYV7SQNCAV7AVMLKKC77P.jpg,Tauhu Goreng,all,7fe2fe3d24edbd675daaf70fe1ef11df,7fe2fe3d24edbd675daaf70fe1ef11df,roti john,2,0.6234
../foodsg-233_cleaned/Tauhu Goreng/2T7NECYE44VABGOJJSAP8Y7H.jpg,Tauhu Goreng,all,5a106e7442d24b08453a9c18326c2796,5a106e7442d24b08453a9c18326c2796,biscuit,2,0.7641
../foodsg-233_cleaned/Tauhu Goreng/2UCA0VN1BD24XNKHC461EGWB.jpg,Tauhu Goreng,all,5d3522068136816ec522176238c9011c,5d3522068136816ec522176238c9011c,lontong,2,0.7626
../foodsg-233_cleaned/Tauhu Goreng/3DIG744TJVQVCZJEETFRFTCV.jpg,Tauhu Goreng,all,5a106e7442d24b08453a9c18326c2796,5a106e7442d24b08453a9c18326c2796,fried chicken,2,0.9709
../foodsg-233_cleaned/Tauhu Goreng/3QW6BECMR946LHRI2J7ODSM7.jpg,Tauhu Goreng,all,a1fd5a3bd73920a999d6b56157662d57,a1fd5a3bd73920a999d6b56157662d57,hotplate tofu,2,0.7682
../foodsg-233_cleaned/Tauhu Goreng/7BEAH443KQ9TOV5RJXUU47WC.jpg,Tauhu Goreng,all,5d3522068136816ec522176238c9011c,5d3522068136816ec522176238c9011c,lontong,2,0.5486
../foodsg-233_cleaned/Tauhu Goreng/9F80DC4UW3O872AS37DP6EXL.jpg,Tauhu Goreng,all,5a106e7442d24b08453a9c18326c2796,5a106e7442d24b08453a9c18326c2796,chai tow kuay,2,0.7735
../foodsg-233_cleaned/Tauhu Goreng/9XLUA97G1OZK7AU2KK2E9WBN.jpg,Tauhu Goreng,all,29b85ac49d02428ef62a43f98ca1e8b1,29b85ac49d02428ef62a43f98ca1e8b1,rojak,2,0.7054
../foodsg-233_cleaned/Tauhu Goreng/AR75JHHLM42BKOPVGK72VZIB.jpg,Tauhu Goreng,all,17acec1ee498dede095ddbcea32c26e9,17acec1ee498dede095ddbcea32c26e9,Chinese fritters,2,0.6806
../foodsg-233_cleaned/Tauhu Goreng/AUBPUJLOZUGVY959IRLYP0DU.jpg,Tauhu Goreng,all,5a106e7442d24b08453a9c18326c2796,5a106e7442d24b08453a9c18326c2796,bakso,2,0.9013
../foodsg-233_cleaned/Tauhu Goreng/EV7VEO09B0NJOWOZPETJXIGV.jpg,Tauhu Goreng,all,5a106e7442d24b08453a9c18326c2796,5a106e7442d24b08453a9c18326c2796,murtabak,2,0.737
../foodsg-233_cleaned/Tauhu Goreng/FJBRH49DDE0PMMVSF9TRXA0W.jpg,Tauhu Goreng,all,5a106e7442d24b08453a9c18326c2796,5a106e7442d24b08453a9c18326c2796,White Bread,2,0.8046
../foodsg-233_cleaned/Tauhu Goreng/HD2WM5NVKS3KGRHO5NV2MWXP.jpg,Tauhu Goreng,all,5a106e7442d24b08453a9c18326c2796,5a106e7442d24b08453a9c18326c2796,popiah,2,0.9239
../foodsg-233_cleaned/Tauhu Goreng/HFC2CBLLBM90ZF1CY2U71VRB.jpg,Tauhu Goreng,all,5a106e7442d24b08453a9c18326c2796,5a106e7442d24b08453a9c18326c2796,cereal prawns,2,0.6341
../foodsg-233_cleaned/Tauhu Goreng/HWDUAPM9N6CLRDCGMQ0GRF6F.jpg,Tauhu Goreng,all,29b85ac49d02428ef62a43f98ca1e8b1,29b85ac49d02428ef62a43f98ca1e8b1,rojak,2,0.5998
../foodsg-233_cleaned/Tauhu Goreng/S1J8SUU38ZCGRGNNC82WCHN2.jpg,Tauhu Goreng,all,5a106e7442d24b08453a9c18326c2796,5a106e7442d24b08453a9c18326c2796,goreng pisang,2,0.8243
../foodsg-233_cleaned/Tauhu Goreng/TCNGLWNMF2OVKU423YKYQDQV.jpg,Tauhu Goreng,all,a1fd5a3bd73920a999d6b56157662d57,a1fd5a3bd73920a999d6b56157662d57,hotplate tofu,2,0.6722
../foodsg-233_cleaned/Tauhu Goreng/V2DUP10QLJLFLWGQ0MF5UQCT.jpg,Tauhu Goreng,all,5d3522068136816ec522176238c9011c,5d3522068136816ec522176238c9011c,lontong,2,0.8657
../foodsg-233_cleaned/Tauhu Goreng/Z387084OBVAH8IA8CT9AEQH0.jpg,Tauhu Goreng,all,5a106e7442d24b08453a9c18326c2796,5a106e7442d24b08453a9c18326c2796,chicken pie,2,0.6434
../foodsg-233_cleaned/Tauhu Goreng/ZDRWYDX3G8YPFMARM227FZ2X.jpg,Tauhu Goreng,all,5a106e7442d24b08453a9c18326c2796,5a106e7442d24b08453a9c18326c2796,mixed vegetables,2,0.937
../foodsg-233_cleaned/Udon/2LKLWOMCN9AJVB2C52J8UXNP.jpg,Udon,all,f21e1f79b1dc6431ba4658d4793d3403,f21e1f79b1dc6431ba4658d4793d3403,Fried Noodles,2,0.7932
../foodsg-233_cleaned/Udon/3JYHIAW7H5AFWM1XPK1JPYVX.jpg,Udon,all,04ff2cbd22b6f7b20a0e5affd257483c,04ff2cbd22b6f7b20a0e5affd257483c,"Miso ramen, with fishcake",2,0.8759
../foodsg-233_cleaned/Udon/432AFK3LDZ4BZ9I0YF6PUCUU.jpg,Udon,all,ceb4c66c8c0c3b5aeeb10ec372d0bbc1,ceb4c66c8c0c3b5aeeb10ec372d0bbc1,pasta - fettuccine,2,0.6303
../foodsg-233_cleaned/Udon/4QDUONSONXABMLJKJQWATIPV.jpg,Udon,all,04ff2cbd22b6f7b20a0e5affd257483c,04ff2cbd22b6f7b20a0e5affd257483c,"Miso ramen, with fishcake",2,0.8342
../foodsg-233_cleaned/Udon/50TERW94S0MJ176BLZNNNBDG.jpg,Udon,all,ceb4c66c8c0c3b5aeeb10ec372d0bbc1,ceb4c66c8c0c3b5aeeb10ec372d0bbc1,pasta - fettuccine,2,0.635
../foodsg-233_cleaned/Udon/5BY3O5M15TLNIJU77U4CBDO5.jpg,Udon,all,6c4b77173b05568af6fb5314ee921597,6c4b77173b05568af6fb5314ee921597,Mee goreng,2,0.6538
../foodsg-233_cleaned/Udon/5QGDMHL0J1I2GOOYPFTHD79W.jpg,Udon,all,e937e23bc5a2a62fa82778f2c499b327,e937e23bc5a2a62fa82778f2c499b327,tom yum noodle soup,2,0.6768
../foodsg-233_cleaned/Udon/5TXSAIKROKEB4IS1RVDUD47L.jpg,Udon,all,f21e1f79b1dc6431ba4658d4793d3403,f21e1f79b1dc6431ba4658d4793d3403,Fried Noodles,2,0.9234
../foodsg-233_cleaned/Udon/67TJ0DKKL9QSDZKHRDO5HGQQ.jpg,Udon,all,ceb4c66c8c0c3b5aeeb10ec372d0bbc1,ceb4c66c8c0c3b5aeeb10ec372d0bbc1,pasta - fettuccine,2,0.9562
../foodsg-233_cleaned/Udon/6KBW5JF2KHFO5EEDK9VAC73H.jpg,Udon,all,acabcb6252c26c4cf5e36e28d6920eb3,acabcb6252c26c4cf5e36e28d6920eb3,beef noodle soup,2,0.5188
../foodsg-233_cleaned/Udon/6Y8EXVBB76U5JS25FT3G3DJS.jpg,Udon,all,aaf1be0a0059d3d85eacf07f797454ad,aaf1be0a0059d3d85eacf07f797454ad,wholegrain pasta,2,0.9019
../foodsg-233_cleaned/Udon/7EMKIF0AVJLBS58MNO06HRCK.jpg,Udon,all,84a916a2b00a400f8c41f30fc22bb548,84a916a2b00a400f8c41f30fc22bb548,Laksa,2,0.6302
../foodsg-233_cleaned/Udon/8EGA6TAVBJB5AVXC6QRSF1E9.jpg,Udon,all,f21e1f79b1dc6431ba4658d4793d3403,f21e1f79b1dc6431ba4658d4793d3403,Fried Noodles,2,0.6832
../foodsg-233_cleaned/Udon/AKU5H25S1AWLC7ZWVHHW4EDP.jpg,Udon,all,e937e23bc5a2a62fa82778f2c499b327,e937e23bc5a2a62fa82778f2c499b327,bak kut teh,2,0.5939
../foodsg-233_cleaned/Udon/ELPCV2A8ORNDYD4O60PPCU8H.jpg,Udon,all,f21e1f79b1dc6431ba4658d4793d3403,f21e1f79b1dc6431ba4658d4793d3403,Fried Noodles,2,0.7719
../foodsg-233_cleaned/Udon/FMSNPNXQQINMO548CPW1V63D.jpg,Udon,all,acabcb6252c26c4cf5e36e28d6920eb3,acabcb6252c26c4cf5e36e28d6920eb3,beef noodle soup,2,0.5465
../foodsg-233_cleaned/Udon/G2YXD62G7NV37FNDIDSKEMXW.jpg,Udon,all,f21e1f79b1dc6431ba4658d4793d3403,f21e1f79b1dc6431ba4658d4793d3403,Fried Noodles,2,0.8123
../foodsg-233_cleaned/Udon/G5WK8BTGU0OT2A6TER7FNSV3.jpg,Udon,all,ceb4c66c8c0c3b5aeeb10ec372d0bbc1,ceb4c66c8c0c3b5aeeb10ec372d0bbc1,pasta - fettuccine,2,0.7408
../foodsg-233_cleaned/Udon/ISSH8O7QE7FE1YBW6T40TNIX.jpg,Udon,all,f21e1f79b1dc6431ba4658d4793d3403,f21e1f79b1dc6431ba4658d4793d3403,Fried Noodles,2,0.9443
../foodsg-233_cleaned/Udon/L0VQF8O6H9OQSK2Q4H5BQD8C.jpg,Udon,all,84a916a2b00a400f8c41f30fc22bb548,84a916a2b00a400f8c41f30fc22bb548,Laksa,2,0.5778
../foodsg-233_cleaned/Udon/M9YRKLR2TBF29KZU2SN0G7XA.jpg,Udon,all,f21e1f79b1dc6431ba4658d4793d3403,f21e1f79b1dc6431ba4658d4793d3403,Fried Noodles,2,0.8357
../foodsg-233_cleaned/Udon/MUFS7U5YTYQXFV08M3R45ZXK.jpg,Udon,all,eb135a43ba1edf4baf8ff0ef78dd5a53,eb135a43ba1edf4baf8ff0ef78dd5a53,Mee soto,2,0.5976
../foodsg-233_cleaned/Udon/N591TVMJG7V8HN8OZG897JN6.jpg,Udon,all,f21e1f79b1dc6431ba4658d4793d3403,f21e1f79b1dc6431ba4658d4793d3403,Fried Noodles,2,0.908
../foodsg-233_cleaned/Udon/NWK9Y0VAXHQYBV4G5604WZVI.jpg,Udon,all,acabcb6252c26c4cf5e36e28d6920eb3,acabcb6252c26c4cf5e36e28d6920eb3,beef noodle soup,2,0.6321
../foodsg-233_cleaned/Udon/O1BUFLWY2786SF5O6WPDG32X.jpg,Udon,all,f21e1f79b1dc6431ba4658d4793d3403,f21e1f79b1dc6431ba4658d4793d3403,Fried Noodles,2,0.8357
../foodsg-233_cleaned/Udon/Q7MYZT7B1GZGJODVGFGG85QI.jpg,Udon,all,04ff2cbd22b6f7b20a0e5affd257483c,04ff2cbd22b6f7b20a0e5affd257483c,"Miso ramen, with fishcake",2,0.8677
../foodsg-233_cleaned/Udon/SZFFYD5Z947697MM3E8B6C5O.jpg,Udon,all,6c4b77173b05568af6fb5314ee921597,6c4b77173b05568af6fb5314ee921597,Mee goreng,2,0.8606
../foodsg-233_cleaned/Udon/TRRKVRTY5KHB6IVOAIGUAS6G.jpg,Udon,all,e937e23bc5a2a62fa82778f2c499b327,e937e23bc5a2a62fa82778f2c499b327,satay bee hoon,2,0.7671
../foodsg-233_cleaned/Udon/V8GU6S76NTH1J2CN9C7F0O9F.jpg,Udon,all,f21e1f79b1dc6431ba4658d4793d3403,f21e1f79b1dc6431ba4658d4793d3403,Fried Noodles,2,0.5564
../foodsg-233_cleaned/Udon/W2XBWGA2W7ZMMC4I2WV1582A.jpg,Udon,all,04ff2cbd22b6f7b20a0e5affd257483c,04ff2cbd22b6f7b20a0e5affd257483c,"Miso ramen, with fishcake",2,0.8858
../foodsg-233_cleaned/Udon/WSNHVBEH8GY9SWSEEZXS4OJA.jpg,Udon,all,04ff2cbd22b6f7b20a0e5affd257483c,04ff2cbd22b6f7b20a0e5affd257483c,"Miso ramen, with fishcake",2,0.5519
../foodsg-233_cleaned/Udon/YFMY3788URHJCFKR5ZYX0L53.jpg,Udon,all,e937e23bc5a2a62fa82778f2c499b327,e937e23bc5a2a62fa82778f2c499b327,green leafy vegetables,2,0.5594
../foodsg-233_cleaned/Udon/YYHPWOPYSIF1T6UDXCLFGXNG.jpg,Udon,all,663c358ec702e42577713090584cc89f,663c358ec702e42577713090584cc89f,Ban Mian,2,0.6579
../foodsg-233_cleaned/Udon/YZYQLM7JPVTKR0NUR83X1WUI.jpg,Udon,all,e937e23bc5a2a62fa82778f2c499b327,e937e23bc5a2a62fa82778f2c499b327,Kway Teow,2,0.9492
"../foodsg-233_cleaned/Wanton mee, dry/0RLOB79L7RF3XWHC01PXVU9J.jpg","Wanton mee, dry",all,7aff92c9710a9452888fb01b5aaafc9a,7aff92c9710a9452888fb01b5aaafc9a,bak chor mee,2,0.7315
"../foodsg-233_cleaned/Wanton mee, dry/C56XBNAEUOE102W6CD3VZC2X.jpg","Wanton mee, dry",all,ab7232d19328cfddb9b19c8eec6afa9a,ab7232d19328cfddb9b19c8eec6afa9a,Dumpling noodle soup,2,0.907
"../foodsg-233_cleaned/Wanton mee, dry/M1TB3EORM89QPS1OR5E3SDCS.jpg","Wanton mee, dry",all,bebec3d2eb3b3627490774cfbe65ceb4,bebec3d2eb3b3627490774cfbe65ceb4,dumpling,2,0.9804
"../foodsg-233_cleaned/Wanton mee, dry/X6CCHRIL8X2OJ7BHHX6CVGLA.jpg","Wanton mee, dry",all,bebec3d2eb3b3627490774cfbe65ceb4,bebec3d2eb3b3627490774cfbe65ceb4,"Bee hoon, goreng",2,0.708
../foodsg-233_cleaned/White Bread/0WH1TT3495Z5ZVESDLCQJ4ER.jpg,White Bread,all,c6509a5b13745cf0f6002ffdd6326c74,c6509a5b13745cf0f6002ffdd6326c74,whole grain bread,2,0.6785
../foodsg-233_cleaned/White Bread/AD6YE4QS4MRGW3CZCFOL992I.jpg,White Bread,all,c6509a5b13745cf0f6002ffdd6326c74,c6509a5b13745cf0f6002ffdd6326c74,whole grain bread,2,0.7372
../foodsg-233_cleaned/White Bread/CHNETEGWMMEAB56FRAJUGPY1.jpg,White Bread,all,871b8c89f5cc2c3a6cc4d70b4eee5124,871b8c89f5cc2c3a6cc4d70b4eee5124,biscuit,2,0.9837
../foodsg-233_cleaned/White Bread/IVRETI5TIXZYRB0LYQ63LUA3.jpg,White Bread,all,0dcf58906c7657aeefddf30d8b6c1231,0dcf58906c7657aeefddf30d8b6c1231,steamed buns,2,0.7719
../foodsg-233_cleaned/White Bread/O8WFOL4CFWSWMBWD08L6Z7HO.jpg,White Bread,all,871b8c89f5cc2c3a6cc4d70b4eee5124,871b8c89f5cc2c3a6cc4d70b4eee5124,Chocolate,2,0.7483
../foodsg-233_cleaned/White Bread/UDLSYKXMCH5FYEQ78Q8O8KDV.jpg,White Bread,all,c6509a5b13745cf0f6002ffdd6326c74,c6509a5b13745cf0f6002ffdd6326c74,whole grain bread,2,0.8504
../foodsg-233_cleaned/Wholegrain Wrap/02JQ9DJ7DNXPFVQ6W20Z3R85.jpg,Wholegrain Wrap,all,15699f1a462f80b3c6434f66222ada4b,15699f1a462f80b3c6434f66222ada4b,Burger,2,0.9935
../foodsg-233_cleaned/Wholegrain Wrap/0504XIGUUG7SSW0T877YMMKK.jpg,Wholegrain Wrap,all,1719af1a724358932be3cb60aa39dfb1,1719af1a724358932be3cb60aa39dfb1,tortilla - plain,2,0.7425
../foodsg-233_cleaned/Wholegrain Wrap/12GZWTS8L0WN6TNURK11756Y.jpg,Wholegrain Wrap,all,7b928c12ce8f3d1665dcf37f0b944a67,7b928c12ce8f3d1665dcf37f0b944a67,tacos and nachos,2,0.739
../foodsg-233_cleaned/Wholegrain Wrap/36KU3AZJR5JOGIOX55NVG191.jpg,Wholegrain Wrap,all,a7507cdb86d72b933035efff747dc85f,a7507cdb86d72b933035efff747dc85f,Indian Prata,2,0.8105
../foodsg-233_cleaned/Wholegrain Wrap/6J0OCY95GW364AJWYYAA9OBG.jpg,Wholegrain Wrap,all,1719af1a724358932be3cb60aa39dfb1,1719af1a724358932be3cb60aa39dfb1,tortilla - plain,2,0.8659
../foodsg-233_cleaned/Wholegrain Wrap/8674XZU20A5E582896E4Q74J.jpg,Wholegrain Wrap,all,7e2ffa26a1a74269960986508f968386,7e2ffa26a1a74269960986508f968386,CNY love letter,2,0.6478
../foodsg-233_cleaned/Wholegrain Wrap/8YAZPICJOF2QC0LTABL8R07E.jpg,Wholegrain Wrap,all,aba9e804ad658bb20c9e5790c8a11a3e,aba9e804ad658bb20c9e5790c8a11a3e,sandwich,2,0.5796
../foodsg-233_cleaned/Wholegrain Wrap/A51ICINVNZ9UE5ACSXBR9OCC.jpg,Wholegrain Wrap,all,8feb5db042cec9a4dc3a5a6c4b22b58d,8feb5db042cec9a4dc3a5a6c4b22b58d,whole wheat,2,0.6846
../foodsg-233_cleaned/Wholegrain Wrap/BCFMGP5VIH1UYC2FB189LMCZ.jpg,Wholegrain Wrap,all,15699f1a462f80b3c6434f66222ada4b,15699f1a462f80b3c6434f66222ada4b,Burger,2,0.8293
../foodsg-233_cleaned/Wholegrain Wrap/BITSNAMOQNY8D1LOIB02J67F.jpg,Wholegrain Wrap,all,8feb5db042cec9a4dc3a5a6c4b22b58d,8feb5db042cec9a4dc3a5a6c4b22b58d,whole wheat,2,0.9649
../foodsg-233_cleaned/Wholegrain Wrap/FV114QUCVZ2KH2TID655N2TA.jpg,Wholegrain Wrap,all,a7507cdb86d72b933035efff747dc85f,a7507cdb86d72b933035efff747dc85f,Indian Prata,2,0.5287
../foodsg-233_cleaned/Wholegrain Wrap/HYCXT14QF4N4S9QW4ZCFJVCV.jpg,Wholegrain Wrap,all,7e2ffa26a1a74269960986508f968386,7e2ffa26a1a74269960986508f968386,dumpling,2,0.7017
../foodsg-233_cleaned/Wholegrain Wrap/I7PI1Y2JEP008H5T8DPT9ZRN.jpg,Wholegrain Wrap,all,7e2ffa26a1a74269960986508f968386,7e2ffa26a1a74269960986508f968386,breakfast cereal,2,0.8155
../foodsg-233_cleaned/Wholegrain Wrap/N7Q4ZSXLFIRMO98GPZU06WEG.jpg,Wholegrain Wrap,all,8feb5db042cec9a4dc3a5a6c4b22b58d,8feb5db042cec9a4dc3a5a6c4b22b58d,whole wheat,2,0.9549
../foodsg-233_cleaned/Wholegrain Wrap/OQ67YPR5RB6TLV6M5FQTJ4CM.jpg,Wholegrain Wrap,all,7e2ffa26a1a74269960986508f968386,7e2ffa26a1a74269960986508f968386,pancake,2,0.9116
../foodsg-233_cleaned/Wholegrain Wrap/RNXKIN7MFXDX6OA8R0MENPM7.jpg,Wholegrain Wrap,all,8feb5db042cec9a4dc3a5a6c4b22b58d,8feb5db042cec9a4dc3a5a6c4b22b58d,whole wheat,2,0.8437
../foodsg-233_cleaned/Wholegrain Wrap/TI5509ZXFZN2R6M190WGUI26.jpg,Wholegrain Wrap,all,39ae6424c5dcd1e1c85f606af4e19d85,39ae6424c5dcd1e1c85f606af4e19d85,Indian Pancake,2,0.966
../foodsg-233_cleaned/assam pedas/2KO7KIPNCARJRAKEAIFX4JW3.jpg,assam pedas,all,240d50ad5be0031e40b3132150aedefe,240d50ad5be0031e40b3132150aedefe,tom yum noodle soup,2,0.5065
../foodsg-233_cleaned/assam pedas/691YGZJLDZCOZRBOFBZGS6CH.jpg,assam pedas,all,44a5a7e7973d4ce365f368c9557bfdff,44a5a7e7973d4ce365f368c9557bfdff,drunken prawn,2,0.647
../foodsg-233_cleaned/assam pedas/CEGXDJ99O4S7GNW9W6OOODX8.jpg,assam pedas,all,61042664ba0cf55e60ce6236aecd4900,61042664ba0cf55e60ce6236aecd4900,fish head curry,2,0.6829
../foodsg-233_cleaned/assam pedas/CW82ZSSH9MG16K7M59P4SFCS.jpg,assam pedas,all,61042664ba0cf55e60ce6236aecd4900,61042664ba0cf55e60ce6236aecd4900,fish head curry,2,0.5161
../foodsg-233_cleaned/assam pedas/DXLCQY2WRCWI8NEMLP7172KF.jpg,assam pedas,all,61042664ba0cf55e60ce6236aecd4900,61042664ba0cf55e60ce6236aecd4900,fish head curry,2,0.7687
../foodsg-233_cleaned/assam pedas/DXLZ49BTZDVKTN9H0906T53S.jpg,assam pedas,all,240d50ad5be0031e40b3132150aedefe,240d50ad5be0031e40b3132150aedefe,bak kut teh,2,0.7337
../foodsg-233_cleaned/assam pedas/FCQRXKC24LHOCAAMYMXKD557.jpg,assam pedas,all,61042664ba0cf55e60ce6236aecd4900,61042664ba0cf55e60ce6236aecd4900,fish head curry,2,0.7048
../foodsg-233_cleaned/assam pedas/H8H2RQ1D91F25OSUPRQXCX0P.jpg,assam pedas,all,61042664ba0cf55e60ce6236aecd4900,61042664ba0cf55e60ce6236aecd4900,fish head curry,2,0.8161
../foodsg-233_cleaned/assam pedas/HF9XDNIRB3H254XQ73KE4VCI.jpg,assam pedas,all,61042664ba0cf55e60ce6236aecd4900,61042664ba0cf55e60ce6236aecd4900,fish head curry,2,0.5056
../foodsg-233_cleaned/assam pedas/J8RYZT9M4B9TH13D3RCEB9KB.jpg,assam pedas,all,240d50ad5be0031e40b3132150aedefe,240d50ad5be0031e40b3132150aedefe,fried fish,2,1.0
../foodsg-233_cleaned/assam pedas/OE5WJZ1O5KVX1OGGKSO9TBQP.jpg,assam pedas,all,61042664ba0cf55e60ce6236aecd4900,61042664ba0cf55e60ce6236aecd4900,fish head curry,2,0.6748
../foodsg-233_cleaned/assam pedas/VS3YB2NN7MJT7J2NRN88G8YO.jpg,assam pedas,all,44a5a7e7973d4ce365f368c9557bfdff,44a5a7e7973d4ce365f368c9557bfdff,drunken prawn,2,0.827
../foodsg-233_cleaned/assam pedas/X1AQ3EOLL1E8S2Q20U4DER54.jpg,assam pedas,all,a7f1bcf08afdf334edc2789b6be301f3,a7f1bcf08afdf334edc2789b6be301f3,Laksa,2,0.9815
../foodsg-233_cleaned/assam pedas/ZE4U87GKHCXK43K0NMWKS2XA.jpg,assam pedas,all,61042664ba0cf55e60ce6236aecd4900,61042664ba0cf55e60ce6236aecd4900,fish head curry,2,0.726
../foodsg-233_cleaned/ayam penyet/411H0XZX57BKDLXKMOTW8UQU.jpg,ayam penyet,all,9b1578eca5c7ac39a41712f7b1bc894d,9b1578eca5c7ac39a41712f7b1bc894d,Nasi Ambeng,2,0.6467
../foodsg-233_cleaned/bagel & croissant/YG8C5A31IL8EBQIWP2T7COG2.jpg,bagel & croissant,all,b614d40f3295d06742c57abe31377163,b614d40f3295d06742c57abe31377163,curry puff,2,0.8181
../foodsg-233_cleaned/bak chor mee/9H04VD6SZT8TZW10CEXBN484.jpg,bak chor mee,all,cb0c4191ed52303a64291b632eb955dd,cb0c4191ed52303a64291b632eb955dd,mee pok,2,0.5084
../foodsg-233_cleaned/bak chor mee/A4XDYZBVWIEKAFGA10RQFVX7.jpg,bak chor mee,all,cb0c4191ed52303a64291b632eb955dd,cb0c4191ed52303a64291b632eb955dd,mee pok,2,0.9565
../foodsg-233_cleaned/bak chor mee/E01X739CVG2DXD1WJGI5BQZX.jpg,bak chor mee,all,00e53788bb30d2c01b2563ecfeb7894a,00e53788bb30d2c01b2563ecfeb7894a,Seafood Noodles Soup,2,0.6159
../foodsg-233_cleaned/bak chor mee/FZJWBZXJ2ZLVD7R73VZ1GBW4.jpg,bak chor mee,all,9a80d5a13da5fd5851f83b272b9b7d9e,9a80d5a13da5fd5851f83b272b9b7d9e,Fish Ball Noodles,2,0.6282
../foodsg-233_cleaned/bak chor mee/GI6S2TZJU6R0RMMD7VF6DDX9.jpg,bak chor mee,all,7aff92c9710a9452888fb01b5aaafc9a,7aff92c9710a9452888fb01b5aaafc9a,"Wanton mee, dry",2,0.8361
../foodsg-233_cleaned/bak chor mee/I0MCUXTN7OSWTHI7DXPDG3WA.jpg,bak chor mee,all,3d0978e1c22b13881fcff8899ba31155,3d0978e1c22b13881fcff8899ba31155,Ban Mian,2,0.6862
../foodsg-233_cleaned/bak chor mee/KXCQSG177X2Y8I618N02ZTPO.jpg,bak chor mee,all,cb0c4191ed52303a64291b632eb955dd,cb0c4191ed52303a64291b632eb955dd,mee pok,2,0.9559
../foodsg-233_cleaned/bak chor mee/RNEKOEDFDHBEU7R31IC4AWVW.jpg,bak chor mee,all,9a80d5a13da5fd5851f83b272b9b7d9e,9a80d5a13da5fd5851f83b272b9b7d9e,Fish Ball Noodles,2,0.9942
../foodsg-233_cleaned/bak chor mee/RRSVQA4CNY9NJ5CNZM4GS8CD.jpg,bak chor mee,all,cb0c4191ed52303a64291b632eb955dd,cb0c4191ed52303a64291b632eb955dd,mee pok,2,0.7253
../foodsg-233_cleaned/bak chor mee/UPTKBO38L68R656RPG6CZMDM.jpg,bak chor mee,all,cb0c4191ed52303a64291b632eb955dd,cb0c4191ed52303a64291b632eb955dd,mee pok,2,0.9974
../foodsg-233_cleaned/bak chor mee/WPMSD383YNG67OJ1E1M720Y7.jpg,bak chor mee,all,cb0c4191ed52303a64291b632eb955dd,cb0c4191ed52303a64291b632eb955dd,mee pok,2,0.8506
../foodsg-233_cleaned/bak chor mee/XX48VWNH8972PNPGR54WDZ04.jpg,bak chor mee,all,cb0c4191ed52303a64291b632eb955dd,cb0c4191ed52303a64291b632eb955dd,mee pok,2,0.7514
../foodsg-233_cleaned/bak chor mee/YLSBCR1489IAZO98LHFK7LKJ.jpg,bak chor mee,all,9a80d5a13da5fd5851f83b272b9b7d9e,9a80d5a13da5fd5851f83b272b9b7d9e,Fish Ball Noodles,2,0.8767
../foodsg-233_cleaned/bak kut teh/7RKG1NQ2WUQ9HPCU32Q23EI5.jpg,bak kut teh,all,2644167dd19e697f7358a3aeebca855d,2644167dd19e697f7358a3aeebca855d,Claypot Rice,2,0.9671
../foodsg-233_cleaned/bak kut teh/A61Z3JFS67WEBWJ9403WEYBE.jpg,bak kut teh,all,36810f677a9b80e1a163cdead1ff22c0,36810f677a9b80e1a163cdead1ff22c0,"Chap chye, Nonya",2,0.7171
../foodsg-233_cleaned/bak kut teh/BN9NRH4YPRGE6PX92DVJO2A7.jpg,bak kut teh,all,36810f677a9b80e1a163cdead1ff22c0,36810f677a9b80e1a163cdead1ff22c0,pig organ soup,2,0.8977
../foodsg-233_cleaned/bak kut teh/Z91FLGGK7VL3O1074MADH2RE.jpg,bak kut teh,all,1a3575ba789c0bd87eee495f41129eb0,1a3575ba789c0bd87eee495f41129eb0,yong tau foo,2,0.8922
../foodsg-233_cleaned/bak kwa/16FNM7P6LRGDRCM4GZGNREHW.jpg,bak kwa,all,5003df97b755304c0c3c9cfb1844447f,5003df97b755304c0c3c9cfb1844447f,Snacks and Chips,2,0.9972
../foodsg-233_cleaned/bak kwa/1EX3BIUOH8YYP5T0ODIBHGRL.jpg,bak kwa,all,18e3d068da0c3d5b9e334512158227b9,18e3d068da0c3d5b9e334512158227b9,Chocolate,2,0.6274
../foodsg-233_cleaned/bak kwa/20ULMYU9FNM3ME6X3BNG595U.jpg,bak kwa,all,5003df97b755304c0c3c9cfb1844447f,5003df97b755304c0c3c9cfb1844447f,Snacks and Chips,2,0.6291
../foodsg-233_cleaned/bak kwa/3DWZEQJPKI7Y12KCJ3ZVJ3JS.jpg,bak kwa,all,18e3d068da0c3d5b9e334512158227b9,18e3d068da0c3d5b9e334512158227b9,Indian Pancake,2,0.5911
../foodsg-233_cleaned/bak kwa/74J2WLUMIK4OAJSALC8ZXW3A.jpg,bak kwa,all,18e3d068da0c3d5b9e334512158227b9,18e3d068da0c3d5b9e334512158227b9,CNY love letter,2,0.8732
../foodsg-233_cleaned/bak kwa/A85OR5T8BPWB2VOLUJVE4FM4.jpg,bak kwa,all,18e3d068da0c3d5b9e334512158227b9,18e3d068da0c3d5b9e334512158227b9,sirloin steak,2,0.9822
../foodsg-233_cleaned/baked beans/0OLG71B9CCB8A5QACA6HWMGT.jpg,baked beans,all,c43f6cbfe2a07ae86597a99f391c7b05,c43f6cbfe2a07ae86597a99f391c7b05,Nuts,2,0.7663
../foodsg-233_cleaned/baked beans/KJJYRGJDO1MJNF8CPDL7KCJL.jpg,baked beans,all,c43f6cbfe2a07ae86597a99f391c7b05,c43f6cbfe2a07ae86597a99f391c7b05,Macaroni,2,0.9782
../foodsg-233_cleaned/baked beans/PIR2Y729FQZMOI4G716N7M2T.jpg,baked beans,all,c43f6cbfe2a07ae86597a99f391c7b05,c43f6cbfe2a07ae86597a99f391c7b05,"Rice, with dakgalbi",2,0.7629
../foodsg-233_cleaned/bakso/8QWSVY8INODSXQF8A7431MX8.jpg,bakso,all,c2bd7d5c40871b3ab20a351f6f0c69cd,c2bd7d5c40871b3ab20a351f6f0c69cd,meatball,2,0.8378
../foodsg-233_cleaned/bakso/AJGWJVWFRCW0EVFLG59QDZA6.jpg,bakso,all,8240b03ea33155308f93e5170557058a,8240b03ea33155308f93e5170557058a,Fish Ball Noodles,2,0.7126
../foodsg-233_cleaned/bakso/DMUPYVVO9Q4I0TAZOU53V00J.jpg,bakso,all,727b2bc6a52804a48fb923058fa1ec14,727b2bc6a52804a48fb923058fa1ec14,pig organ soup,2,0.5169
../foodsg-233_cleaned/bakso/EZN0BNFM07IFEHIG6W62L4JL.jpg,bakso,all,8240b03ea33155308f93e5170557058a,8240b03ea33155308f93e5170557058a,Fish Ball Noodles,2,0.7271
../foodsg-233_cleaned/bakso/LZJ36YFC7LTQXA2M9IAZI13U.jpg,bakso,all,8e8b419c61faef84da515d0cceb5fea1,8e8b419c61faef84da515d0cceb5fea1,ayam penyet,2,0.8026
../foodsg-233_cleaned/bakso/QMYT6QGAH8QKEVHUMNB022US.jpg,bakso,all,8e8b419c61faef84da515d0cceb5fea1,8e8b419c61faef84da515d0cceb5fea1,mushroom soup,2,0.7732
../foodsg-233_cleaned/bakso/V4QEPNDKX1CWR1KCQ5DBA3WW.jpg,bakso,all,727b2bc6a52804a48fb923058fa1ec14,727b2bc6a52804a48fb923058fa1ec14,pig organ soup,2,0.5533
../foodsg-233_cleaned/bakso/YC86NZWFOGX9MJ7NO08AY9V8.jpg,bakso,all,c2bd7d5c40871b3ab20a351f6f0c69cd,c2bd7d5c40871b3ab20a351f6f0c69cd,meatball,2,0.8553
../foodsg-233_cleaned/banana/31C23K46CXE2H3U1YN0DLPN2.jpg,banana,all,17a6ca88e6e8813711d009c7bd618e9a,17a6ca88e6e8813711d009c7bd618e9a,cake,2,0.5217
../foodsg-233_cleaned/banana/H86W4HNPOQWULGVCRP6J9FO7.jpg,banana,all,17a6ca88e6e8813711d009c7bd618e9a,17a6ca88e6e8813711d009c7bd618e9a,cake,2,0.8734
../foodsg-233_cleaned/banana/PLP79WGP71YJH4YQ417VHX32.jpg,banana,all,40914bc8e5a258720ebfbf99e0184213,40914bc8e5a258720ebfbf99e0184213,whole oats,2,0.7775
../foodsg-233_cleaned/banana/U6UP9WVHC8HYN02CPBLK25AM.jpg,banana,all,40914bc8e5a258720ebfbf99e0184213,40914bc8e5a258720ebfbf99e0184213,goreng pisang,2,0.6038
../foodsg-233_cleaned/bee hoon/1QP5K21QUQ4E4HP2O9TE3G55.jpg,bee hoon,all,c9a5d6a864c77911a630cd74c9a85ce8,c9a5d6a864c77911a630cd74c9a85ce8,satay bee hoon,2,0.7738
../foodsg-233_cleaned/bee hoon/2S2M0DOGT4INB7ZFFHZIF6P7.jpg,bee hoon,all,9957769a6adf6aed0168cc06c960dc63,9957769a6adf6aed0168cc06c960dc63,"Bee hoon, goreng",2,0.6078
../foodsg-233_cleaned/bee hoon/35NHIWY9OFQMG5TR47VSHEH1.jpg,bee hoon,all,9957769a6adf6aed0168cc06c960dc63,9957769a6adf6aed0168cc06c960dc63,"Bee hoon, goreng",2,0.5478
../foodsg-233_cleaned/bee hoon/38CVVRM1FMADG4ZSAJOURU5O.jpg,bee hoon,all,9957769a6adf6aed0168cc06c960dc63,9957769a6adf6aed0168cc06c960dc63,"Bee hoon, goreng",2,0.7699
../foodsg-233_cleaned/bee hoon/3E9G65WIGOHSQ8C9M2MCBYB0.jpg,bee hoon,all,86c663da994fcaeb3f4d51f791cc702f,86c663da994fcaeb3f4d51f791cc702f,mixed vegetables,2,0.5975
../foodsg-233_cleaned/bee hoon/7FS5QLTAX0KIUGRPJTXP2HZG.jpg,bee hoon,all,39e2c827e5fcc1df3298b5e727b55ced,39e2c827e5fcc1df3298b5e727b55ced,vegetarian bee hoon,2,0.9322
../foodsg-233_cleaned/bee hoon/D4FXOU679HKPB2UP45LHYQJU.jpg,bee hoon,all,c86d7597cf4761ac3e84e9cd29dce64f,c86d7597cf4761ac3e84e9cd29dce64f,Seafood Noodles Soup,2,0.8897
../foodsg-233_cleaned/bee hoon/ECVF0QGQ13UECIRS6BP4MQM5.jpg,bee hoon,all,86c663da994fcaeb3f4d51f791cc702f,86c663da994fcaeb3f4d51f791cc702f,sliced fish soup,2,0.8607
../foodsg-233_cleaned/bee hoon/FACYBC8I3S63ADSN2B2AJJ3E.jpg,bee hoon,all,c86d7597cf4761ac3e84e9cd29dce64f,c86d7597cf4761ac3e84e9cd29dce64f,Seafood Noodles Soup,2,0.7948
../foodsg-233_cleaned/bee hoon/I7QWT8UZE1L4V0IUA6DFBTIL.jpg,bee hoon,all,9957769a6adf6aed0168cc06c960dc63,9957769a6adf6aed0168cc06c960dc63,"Bee hoon, goreng",2,0.8825
../foodsg-233_cleaned/bee hoon/IB0VS433UMYE5JHO2NECRW78.jpg,bee hoon,all,c86d7597cf4761ac3e84e9cd29dce64f,c86d7597cf4761ac3e84e9cd29dce64f,Seafood Noodles Soup,2,0.7212
../foodsg-233_cleaned/bee hoon/IHH9IHCUH8A0EMT6Z9HUCDS8.jpg,bee hoon,all,9957769a6adf6aed0168cc06c960dc63,9957769a6adf6aed0168cc06c960dc63,"Bee hoon, goreng",2,0.5108
../foodsg-233_cleaned/bee hoon/ITZBG1Q4JZOWS6XT1IC9SBF4.jpg,bee hoon,all,86c663da994fcaeb3f4d51f791cc702f,86c663da994fcaeb3f4d51f791cc702f,Nasi pattaya,2,0.9161
../foodsg-233_cleaned/bee hoon/JG53PUIB7YD531NLY8MH8FCW.jpg,bee hoon,all,86c663da994fcaeb3f4d51f791cc702f,86c663da994fcaeb3f4d51f791cc702f,Prawn Noodle,2,0.6878
../foodsg-233_cleaned/bee hoon/K2LJTLZ8WNV7RLKT7XQHI9BS.jpg,bee hoon,all,86c663da994fcaeb3f4d51f791cc702f,86c663da994fcaeb3f4d51f791cc702f,Porridge,2,0.6552
../foodsg-233_cleaned/bee hoon/K55Z9NSGAP2PIX3GST7LZD4A.jpg,bee hoon,all,9957769a6adf6aed0168cc06c960dc63,9957769a6adf6aed0168cc06c960dc63,"Bee hoon, goreng",2,0.6995
../foodsg-233_cleaned/bee hoon/KCFVG7SVICUMCWN1KRIW7XS2.jpg,bee hoon,all,9957769a6adf6aed0168cc06c960dc63,9957769a6adf6aed0168cc06c960dc63,"Bee hoon, goreng",2,0.6918
../foodsg-233_cleaned/bee hoon/L555ZDC5TYFFEKQL02DCG28U.jpg,bee hoon,all,c86d7597cf4761ac3e84e9cd29dce64f,c86d7597cf4761ac3e84e9cd29dce64f,Seafood Noodles Soup,2,0.9431
../foodsg-233_cleaned/bee hoon/LOIPVAF78OCMIP1A4DGZSL9S.jpg,bee hoon,all,9957769a6adf6aed0168cc06c960dc63,9957769a6adf6aed0168cc06c960dc63,"Bee hoon, goreng",2,0.8399
../foodsg-233_cleaned/bee hoon/MOF4MNO5VXWDAL6I6P14W2EP.jpg,bee hoon,all,1af6447c31d809fd351da04bb804982d,1af6447c31d809fd351da04bb804982d,"Mee siam, fried",2,0.5144
../foodsg-233_cleaned/bee hoon/NFEAIR5CL9KVP7PNOYZUO5BS.jpg,bee hoon,all,9957769a6adf6aed0168cc06c960dc63,9957769a6adf6aed0168cc06c960dc63,"Bee hoon, goreng",2,0.5764
../foodsg-233_cleaned/bee hoon/NVD50W7M8ZTPGZZ38SU6MY5A.jpg,bee hoon,all,9957769a6adf6aed0168cc06c960dc63,9957769a6adf6aed0168cc06c960dc63,"Bee hoon, goreng",2,0.7213
../foodsg-233_cleaned/bee hoon/Q39XAYL2NF65GB343BD5HDFE.jpg,bee hoon,all,39e2c827e5fcc1df3298b5e727b55ced,39e2c827e5fcc1df3298b5e727b55ced,vegetarian bee hoon,2,0.8332
../foodsg-233_cleaned/bee hoon/RCDLSXK355E6DVKDPZPRB90H.jpg,bee hoon,all,c9a5d6a864c77911a630cd74c9a85ce8,c9a5d6a864c77911a630cd74c9a85ce8,satay bee hoon,2,0.5189
../foodsg-233_cleaned/bee hoon/RD9R0DEH6NFYVE7RYHRSO6XF.jpg,bee hoon,all,9957769a6adf6aed0168cc06c960dc63,9957769a6adf6aed0168cc06c960dc63,"Bee hoon, goreng",2,0.8626
../foodsg-233_cleaned/bee hoon/TC3JZC6Z5H4PXP14L0UB0PIA.jpg,bee hoon,all,9957769a6adf6aed0168cc06c960dc63,9957769a6adf6aed0168cc06c960dc63,"Bee hoon, goreng",2,0.7632
../foodsg-233_cleaned/bee hoon/U3R7L9IU1YPHDIC6ZAGWZE3B.jpg,bee hoon,all,c86d7597cf4761ac3e84e9cd29dce64f,c86d7597cf4761ac3e84e9cd29dce64f,Seafood Noodles Soup,2,0.7282
../foodsg-233_cleaned/bee hoon/W1Y6RE4KSFUEB88DNKCEXCK1.jpg,bee hoon,all,9957769a6adf6aed0168cc06c960dc63,9957769a6adf6aed0168cc06c960dc63,"Bee hoon, goreng",2,0.658
../foodsg-233_cleaned/bee hoon/XBESN9NNRG33OVJ07O6QYOII.jpg,bee hoon,all,9957769a6adf6aed0168cc06c960dc63,9957769a6adf6aed0168cc06c960dc63,"Bee hoon, goreng",2,0.9174
../foodsg-233_cleaned/bee hoon/XKLR74JGS3SKCO0ZM5Y8WTSD.jpg,bee hoon,all,9957769a6adf6aed0168cc06c960dc63,9957769a6adf6aed0168cc06c960dc63,"Bee hoon, goreng",2,0.7532
../foodsg-233_cleaned/bee hoon/ZT41U5AV4N7SNT7PQXA2JW9Z.jpg,bee hoon,all,1bafbf3153ff16a3a6a0a4f52b61f5d1,1bafbf3153ff16a3a6a0a4f52b61f5d1,"Bee hoon, soto",2,0.922
../foodsg-233_cleaned/bee hoon/ZTHABCF4XCUDAJUR390NH6EL.jpg,bee hoon,all,9957769a6adf6aed0168cc06c960dc63,9957769a6adf6aed0168cc06c960dc63,"Bee hoon, goreng",2,0.6452
../foodsg-233_cleaned/beef noodle soup/173V279JHZDELHTEYQHP409G.jpg,beef noodle soup,all,400a45c2e733feb90d8e820c21c49d5e,400a45c2e733feb90d8e820c21c49d5e,"Rice, korean bulgogi beef",2,0.7397
../foodsg-233_cleaned/beef noodle soup/405JTDJTZLP68R1WTJFGNDW7.jpg,beef noodle soup,all,acabcb6252c26c4cf5e36e28d6920eb3,acabcb6252c26c4cf5e36e28d6920eb3,Udon,2,0.9157
../foodsg-233_cleaned/beef noodle soup/7B4Y4EGGQLW226PAKICB66GF.jpg,beef noodle soup,all,e675bebdf79bfd50e85171251dac64bd,e675bebdf79bfd50e85171251dac64bd,Duck Rice,2,0.6021
../foodsg-233_cleaned/beef noodle soup/7O1SK0DH0GOPIQDLS3PT6IG5.jpg,beef noodle soup,all,e675bebdf79bfd50e85171251dac64bd,e675bebdf79bfd50e85171251dac64bd,vegetable soup,2,0.9141
../foodsg-233_cleaned/beef noodle soup/7V11173G8W7PZXB1M354UC7U.jpg,beef noodle soup,all,e675bebdf79bfd50e85171251dac64bd,e675bebdf79bfd50e85171251dac64bd,mee pok,2,0.5432
../foodsg-233_cleaned/beef noodle soup/7ZMJQH03TXIFTLNT6TZA8AAA.jpg,beef noodle soup,all,d46c750e4897227103e9af898f0205f1,d46c750e4897227103e9af898f0205f1,bakso,2,0.5585
../foodsg-233_cleaned/beef noodle soup/CH70H8KBZLJ48KFWDZ7T4ZL7.jpg,beef noodle soup,all,1008ecb70b11b7926046e9e5b29e42ac,1008ecb70b11b7926046e9e5b29e42ac,pig organ soup,2,0.9836
../foodsg-233_cleaned/beef noodle soup/CY8E2X5SYLKH1LSKQARH7I0E.jpg,beef noodle soup,all,e4d030050b37ee6c63f63ed3ef62fccd,e4d030050b37ee6c63f63ed3ef62fccd,Hor Fun,2,0.5497
../foodsg-233_cleaned/beef noodle soup/J6KN5XPZJLHY44KQPS08UBT7.jpg,beef noodle soup,all,e675bebdf79bfd50e85171251dac64bd,e675bebdf79bfd50e85171251dac64bd,bak kut teh,2,0.6682
../foodsg-233_cleaned/beef noodle soup/KI4S4R8LO7LXVWHSDGF2QITX.jpg,beef noodle soup,all,400a45c2e733feb90d8e820c21c49d5e,400a45c2e733feb90d8e820c21c49d5e,"Rice, korean bulgogi beef",2,0.9753
../foodsg-233_cleaned/beef noodle soup/UWIAUK5URZKOA48CY90JLCIH.jpg,beef noodle soup,all,1008ecb70b11b7926046e9e5b29e42ac,1008ecb70b11b7926046e9e5b29e42ac,pig organ soup,2,0.56
../foodsg-233_cleaned/beef noodle soup/VQXYR67HAROI0B6V8MGLSG62.jpg,beef noodle soup,all,e4d030050b37ee6c63f63ed3ef62fccd,e4d030050b37ee6c63f63ed3ef62fccd,Hor Fun,2,0.5601
../foodsg-233_cleaned/beef noodle soup/ZUU3GJPBF9IAQWU2D5BL5SSR.jpg,beef noodle soup,all,d46c750e4897227103e9af898f0205f1,d46c750e4897227103e9af898f0205f1,bakso,2,0.7271
../foodsg-233_cleaned/begedil/2HKBCQCQ3PQ2VTL2DTG6QNIQ.jpg,begedil,all,e378947cd22c0b374e1413c53f029332,e378947cd22c0b374e1413c53f029332,Chinese fritters,2,0.6507
../foodsg-233_cleaned/begedil/AS0QWLIHIWJUM14M9BUYMWYB.jpg,begedil,all,a8f9de06f48f6cbb3d72eaeb35587a2e,a8f9de06f48f6cbb3d72eaeb35587a2e,vadai,2,0.8297
../foodsg-233_cleaned/begedil/IZYTQ5OG91YE5KLB7ZLOY9AG.jpg,begedil,all,5e1d69612c07f4bfd61bd890c427d63b,5e1d69612c07f4bfd61bd890c427d63b,chwee kueh,2,0.5064
../foodsg-233_cleaned/begedil/L8S0QIB4AZLQPRQ18Z7PBN9E.jpg,begedil,all,a8f9de06f48f6cbb3d72eaeb35587a2e,a8f9de06f48f6cbb3d72eaeb35587a2e,vadai,2,0.8312
../foodsg-233_cleaned/begedil/Q7K910JU81578491NOBRRWWS.jpg,begedil,all,5e1d69612c07f4bfd61bd890c427d63b,5e1d69612c07f4bfd61bd890c427d63b,fried chicken,2,0.5748
../foodsg-233_cleaned/begedil/WANSIPPZ7FGSJWRIOA92RIMU.jpg,begedil,all,5e1d69612c07f4bfd61bd890c427d63b,5e1d69612c07f4bfd61bd890c427d63b,Kway Teow,2,0.5547
../foodsg-233_cleaned/begedil/ZUKIPX1KCJ5AT5S09N8SMWFG.jpg,begedil,all,a8f9de06f48f6cbb3d72eaeb35587a2e,a8f9de06f48f6cbb3d72eaeb35587a2e,vadai,2,0.8904
../foodsg-233_cleaned/biscuit/0WB24LU8K7DH9GSJBRAJSL1R.jpg,biscuit,all,d0f55be3cc0c61b0d4a54c388ebdc4a4,d0f55be3cc0c61b0d4a54c388ebdc4a4,Snacks and Chips,2,0.8639
../foodsg-233_cleaned/biscuit/1QBVWDQY4BSYP3OKNEQ9XAEE.jpg,biscuit,all,536a3af97f636302eae8271daf26b9fc,536a3af97f636302eae8271daf26b9fc,kuih bahulu,2,0.7749
../foodsg-233_cleaned/biscuit/312UNYIRS40YYN04HLW7G56O.jpg,biscuit,all,d0f55be3cc0c61b0d4a54c388ebdc4a4,d0f55be3cc0c61b0d4a54c388ebdc4a4,Snacks and Chips,2,0.8636
../foodsg-233_cleaned/biscuit/3T0RLJ6SU1REUI6CYZNTA4WY.jpg,biscuit,all,f565212a3370ec48093922f25ac47f29,f565212a3370ec48093922f25ac47f29,Chocolate,2,0.8476
../foodsg-233_cleaned/biscuit/6GNHJX07ECX4LWS7S5T8U17P.jpg,biscuit,all,f565212a3370ec48093922f25ac47f29,f565212a3370ec48093922f25ac47f29,Chocolate,2,0.9323
../foodsg-233_cleaned/biscuit/7TMOR2VP6HQU23ILVZ5JCBRH.jpg,biscuit,all,ef4366216c44295c839b496720a6236d,ef4366216c44295c839b496720a6236d,kueh lapis - rainbow,2,0.7329
../foodsg-233_cleaned/biscuit/7ZBNSB99S5GFFSEWL7YXVWSR.jpg,biscuit,all,0291d358b85d4177a6e7e54d2af8aa79,0291d358b85d4177a6e7e54d2af8aa79,wholegrain muffin,2,0.7043
../foodsg-233_cleaned/biscuit/99UI0IJB8QJMBFAQU5W7O8XR.jpg,biscuit,all,f565212a3370ec48093922f25ac47f29,f565212a3370ec48093922f25ac47f29,Chocolate,2,0.8001
../foodsg-233_cleaned/biscuit/ATR315ZIDX8OOXZS25QSXNWL.jpg,biscuit,all,3e1e31b38dbef9e1092664131812979f,3e1e31b38dbef9e1092664131812979f,begedil,2,0.7503
../foodsg-233_cleaned/biscuit/BER0DLM4GH9MGDVQP2SAG8ZE.jpg,biscuit,all,ef4366216c44295c839b496720a6236d,ef4366216c44295c839b496720a6236d,tortilla - plain,2,0.7966
../foodsg-233_cleaned/biscuit/CVE3ABIBLZBZRZIZ9SPKJK22.jpg,biscuit,all,697734cc5c10c68766b3ef79a51c8fc2,697734cc5c10c68766b3ef79a51c8fc2,pineapple tarts,2,0.6558
../foodsg-233_cleaned/biscuit/DCET10M20FTO7HZ3GL6KK2WG.jpg,biscuit,all,ef4366216c44295c839b496720a6236d,ef4366216c44295c839b496720a6236d,breakfast cereal,2,0.671
../foodsg-233_cleaned/biscuit/DPAFG5RDAOX5ELVBMU6RTBEA.jpg,biscuit,all,73823f5801a8e04f8d853f71fd5a545e,73823f5801a8e04f8d853f71fd5a545e,steamed buns,2,0.7051
../foodsg-233_cleaned/biscuit/DT9GREBGKFQ1C651H8KYVR9N.jpg,biscuit,all,3e1e31b38dbef9e1092664131812979f,3e1e31b38dbef9e1092664131812979f,begedil,2,0.734
../foodsg-233_cleaned/biscuit/DWAMUPDXA95VID1R4QSVTZWL.jpg,biscuit,all,94e3e10f2f1cdd1214615ee67f573824,94e3e10f2f1cdd1214615ee67f573824,cake,2,0.7962
../foodsg-233_cleaned/biscuit/FYL2YEK4NQI54XJ6F6F01FU8.jpg,biscuit,all,ef4366216c44295c839b496720a6236d,ef4366216c44295c839b496720a6236d,Instant Cereal Drink,2,0.993
../foodsg-233_cleaned/biscuit/H0TP0JOAZ5BITQIDJKLLMH8G.jpg,biscuit,all,94e3e10f2f1cdd1214615ee67f573824,94e3e10f2f1cdd1214615ee67f573824,cake,2,0.6821
../foodsg-233_cleaned/biscuit/JLU76OSZIZVYP99YW87W2BSC.jpg,biscuit,all,f565212a3370ec48093922f25ac47f29,f565212a3370ec48093922f25ac47f29,Chocolate,2,0.9469
../foodsg-233_cleaned/biscuit/KELYXOX3DZ8J4Z0G8NL1AEDT.jpg,biscuit,all,ef4366216c44295c839b496720a6236d,ef4366216c44295c839b496720a6236d,murtabak,2,0.5599
../foodsg-233_cleaned/biscuit/KQ9I7SM3MQ1OOLI4UK0ULE35.jpg,biscuit,all,d0f55be3cc0c61b0d4a54c388ebdc4a4,d0f55be3cc0c61b0d4a54c388ebdc4a4,Snacks and Chips,2,0.9619
../foodsg-233_cleaned/biscuit/LSDS8JOUQ3SPVNCUQXOCH1G5.jpg,biscuit,all,0291d358b85d4177a6e7e54d2af8aa79,0291d358b85d4177a6e7e54d2af8aa79,wholegrain muffin,2,0.9917
../foodsg-233_cleaned/biscuit/PATIFZ7PQTXHVORRTS187I36.jpg,biscuit,all,f565212a3370ec48093922f25ac47f29,f565212a3370ec48093922f25ac47f29,Chocolate,2,0.7552
../foodsg-233_cleaned/biscuit/SHUW6YN80WSAYG1YOAK3K8A9.jpg,biscuit,all,ef4366216c44295c839b496720a6236d,ef4366216c44295c839b496720a6236d,canned Fruit salad,2,0.6206
../foodsg-233_cleaned/biscuit/UK4OBTG074A83IEJT6SG0OQQ.jpg,biscuit,all,d0f55be3cc0c61b0d4a54c388ebdc4a4,d0f55be3cc0c61b0d4a54c388ebdc4a4,Snacks and Chips,2,0.6317
../foodsg-233_cleaned/biscuit/UQTKEZTECIF0G5YZ79Z7IGDM.jpg,biscuit,all,d0f55be3cc0c61b0d4a54c388ebdc4a4,d0f55be3cc0c61b0d4a54c388ebdc4a4,Snacks and Chips,2,0.7436
../foodsg-233_cleaned/biscuit/V7ZY7OHT9GK393K4MEF3SJ9I.jpg,biscuit,all,ef4366216c44295c839b496720a6236d,ef4366216c44295c839b496720a6236d,Sweets,2,0.5899
../foodsg-233_cleaned/biscuit/WAQDHQXSEPCRW6FZPWIU1O9K.jpg,biscuit,all,ef4366216c44295c839b496720a6236d,ef4366216c44295c839b496720a6236d,egg tart,2,0.7204
../foodsg-233_cleaned/biscuit/XSHIY3JIRFWQ1NPWHU3TT1FH.jpg,biscuit,all,1e0e97a6fa63b2f710b23f7e6b721852,1e0e97a6fa63b2f710b23f7e6b721852,Chinese fritters,2,0.6317
../foodsg-233_cleaned/biscuit/Y25QDRUIQ6MOS7PQ96HU49RJ.jpg,biscuit,all,1e0e97a6fa63b2f710b23f7e6b721852,1e0e97a6fa63b2f710b23f7e6b721852,Chinese fritters,2,0.5539
../foodsg-233_cleaned/biscuit/Y97VPL3RXRF0RWCVDIRXL8EX.jpg,biscuit,all,697734cc5c10c68766b3ef79a51c8fc2,697734cc5c10c68766b3ef79a51c8fc2,pineapple tarts,2,0.8211
../foodsg-233_cleaned/black pepper crab/CQB5AK9LJWPME1HHBBF4LQX0.jpg,black pepper crab,all,309156ac1fea0268fe3312f6ac7f51cc,309156ac1fea0268fe3312f6ac7f51cc,chilli crab,2,0.9373
../foodsg-233_cleaned/black pepper crab/GV7QVWAT0ZLVU97LK9GTEATZ.jpg,black pepper crab,all,309156ac1fea0268fe3312f6ac7f51cc,309156ac1fea0268fe3312f6ac7f51cc,chilli crab,2,0.7324
../foodsg-233_cleaned/blueberries/768CV0W0I3OOK0H0J67Q7RY9.jpg,blueberries,all,f9dc21dfc97efd437f295a13abdbc6b1,f9dc21dfc97efd437f295a13abdbc6b1,raspberry,2,0.8246
../foodsg-233_cleaned/blueberries/8INJ3ARVRANQWKKNQY67PUDA.jpg,blueberries,all,2f993f5efcb3c9edfebec898a83a0dbb,2f993f5efcb3c9edfebec898a83a0dbb,whole oats,2,0.79
../foodsg-233_cleaned/blueberries/DXQ4X0HL9GWGUJUMKAVQIDTA.jpg,blueberries,all,2f993f5efcb3c9edfebec898a83a0dbb,2f993f5efcb3c9edfebec898a83a0dbb,pancake,2,0.7927
../foodsg-233_cleaned/blueberries/FTO7OFORQX1Q54QL8T0IW7ZG.jpg,blueberries,all,2f993f5efcb3c9edfebec898a83a0dbb,2f993f5efcb3c9edfebec898a83a0dbb,preserved fruit snacks,2,0.6064
../foodsg-233_cleaned/blueberries/J2BRDNKLLXY1FBIFXT1W06ER.jpg,blueberries,all,81c31f4a65e74f3d8b825028d59cc13b,81c31f4a65e74f3d8b825028d59cc13b,Bubble Milk Tea,2,0.6681
../foodsg-233_cleaned/blueberries/L2I87SG4NHVYTL8EG1063WN6.jpg,blueberries,all,2f993f5efcb3c9edfebec898a83a0dbb,2f993f5efcb3c9edfebec898a83a0dbb,Sweets,2,0.9613
../foodsg-233_cleaned/blueberries/LRMCAZ3UOO8M7GGEW80DRZ8K.jpg,blueberries,all,f8caf8da0de618b046662921321d0f54,f8caf8da0de618b046662921321d0f54,canned Fruit salad,2,0.995
../foodsg-233_cleaned/blueberries/NDCSV3LQ4FAU7FQLN28EQF6O.jpg,blueberries,all,2f993f5efcb3c9edfebec898a83a0dbb,2f993f5efcb3c9edfebec898a83a0dbb,chicken pie,2,0.619
../foodsg-233_cleaned/blueberries/SU4NE1V8O5NTLBRKLQ3DQ4E5.jpg,blueberries,all,83205bdc43165d7e1065c09de8f01c6a,83205bdc43165d7e1065c09de8f01c6a,cake,2,0.8052
../foodsg-233_cleaned/blueberries/ZRXGDDKA1Y1IB3YPFV12YUD2.jpg,blueberries,all,81c31f4a65e74f3d8b825028d59cc13b,81c31f4a65e74f3d8b825028d59cc13b,Bubble Milk Tea,2,0.6141
../foodsg-233_cleaned/blueberries/ZSIN1B9WT2ROH3N4FNH3YZ60.jpg,blueberries,all,81c31f4a65e74f3d8b825028d59cc13b,81c31f4a65e74f3d8b825028d59cc13b,Bubble Milk Tea,2,0.6761
../foodsg-233_cleaned/breakfast cereal/0PZHPD7Y8OJPS7SWFWJTHVAO.jpg,breakfast cereal,all,5c55e511ee7b43a00c68c5dde4efb530,5c55e511ee7b43a00c68c5dde4efb530,muesli,2,0.7357
../foodsg-233_cleaned/breakfast cereal/69N8J2OA7E35YTHZNNR3VPA9.jpg,breakfast cereal,all,dae4088f8ae515b217942c50b12140c8,dae4088f8ae515b217942c50b12140c8,buckwheat,2,0.7539
../foodsg-233_cleaned/breakfast cereal/7YTSIDJAGT4OLE3BBAKRDZ97.jpg,breakfast cereal,all,842a72fdda43ee8d5f14d1fd8915d625,842a72fdda43ee8d5f14d1fd8915d625,wholegrain pasta,2,0.7435
../foodsg-233_cleaned/breakfast cereal/8ZY1PFYPKUF6IE5B8JGAZNY6.jpg,breakfast cereal,all,5c55e511ee7b43a00c68c5dde4efb530,5c55e511ee7b43a00c68c5dde4efb530,muesli,2,0.7358
../foodsg-233_cleaned/breakfast cereal/D7JHARW1VKV4STCP7GFIC7PX.jpg,breakfast cereal,all,5c55e511ee7b43a00c68c5dde4efb530,5c55e511ee7b43a00c68c5dde4efb530,muesli,2,0.8072
../foodsg-233_cleaned/breakfast cereal/DKLIVZXHWQ876OPRNHPHNFAT.jpg,breakfast cereal,all,df9defaef4c86ef0c7ca5af7b4bd6123,df9defaef4c86ef0c7ca5af7b4bd6123,Snacks and Chips,2,0.9727
../foodsg-233_cleaned/breakfast cereal/FKYI1KO27ATVMQFI6NZCZESF.jpg,breakfast cereal,all,842a72fdda43ee8d5f14d1fd8915d625,842a72fdda43ee8d5f14d1fd8915d625,Nuts,2,0.9756
../foodsg-233_cleaned/breakfast cereal/GQHD6N31B0KII1NFXXYP5LYV.jpg,breakfast cereal,all,842a72fdda43ee8d5f14d1fd8915d625,842a72fdda43ee8d5f14d1fd8915d625,Chocolate,2,0.9352
../foodsg-233_cleaned/breakfast cereal/HR94CXF7W2IKZ43HK1T9OUAM.jpg,breakfast cereal,all,ff7575cb1a1d40d9924f4d102b3d8017,ff7575cb1a1d40d9924f4d102b3d8017,whole oats,2,0.6668
../foodsg-233_cleaned/breakfast cereal/J2Y3DV6SAV771UL366E537X3.jpg,breakfast cereal,all,df9defaef4c86ef0c7ca5af7b4bd6123,df9defaef4c86ef0c7ca5af7b4bd6123,Snacks and Chips,2,0.6186
../foodsg-233_cleaned/breakfast cereal/MNWV028Z7QYDD50Y4UIJ30VU.jpg,breakfast cereal,all,8ff74f6ea6842d99453da5e781f93bb6,8ff74f6ea6842d99453da5e781f93bb6,Instant Cereal Drink,2,0.7149
../foodsg-233_cleaned/breakfast cereal/QT5OEC8OIP1FEDL79FF7BWEA.jpg,breakfast cereal,all,5c55e511ee7b43a00c68c5dde4efb530,5c55e511ee7b43a00c68c5dde4efb530,muesli,2,0.7895
../foodsg-233_cleaned/breakfast cereal/QXYYO7LNJLGBCBVJ602HSJ0V.jpg,breakfast cereal,all,ff7575cb1a1d40d9924f4d102b3d8017,ff7575cb1a1d40d9924f4d102b3d8017,whole oats,2,0.6246
../foodsg-233_cleaned/breakfast cereal/RBYYZ2BBF5E2CYZBOPDUFD0S.jpg,breakfast cereal,all,8ff74f6ea6842d99453da5e781f93bb6,8ff74f6ea6842d99453da5e781f93bb6,Instant Cereal Drink,2,0.6319
../foodsg-233_cleaned/breakfast cereal/REK9R8W07XSCUN0V909231D9.jpg,breakfast cereal,all,8ff74f6ea6842d99453da5e781f93bb6,8ff74f6ea6842d99453da5e781f93bb6,Instant Cereal Drink,2,0.6702
../foodsg-233_cleaned/breakfast cereal/XFF9A6TB9IVTH7MKS09GFV9V.jpg,breakfast cereal,all,5c55e511ee7b43a00c68c5dde4efb530,5c55e511ee7b43a00c68c5dde4efb530,muesli,2,0.6184
../foodsg-233_cleaned/breakfast cereal/YP2XFLE7J14A7CC4GQ25MHSA.jpg,breakfast cereal,all,8ff74f6ea6842d99453da5e781f93bb6,8ff74f6ea6842d99453da5e781f93bb6,Instant Cereal Drink,2,0.9051
../foodsg-233_cleaned/buckwheat/1GB64NUOEUJ5IQ4MDN1GRHD2.jpg,buckwheat,all,dae4088f8ae515b217942c50b12140c8,dae4088f8ae515b217942c50b12140c8,breakfast cereal,2,0.6953
../foodsg-233_cleaned/buckwheat/1R2CCHNJFSLTFD3E5S5MQM7I.jpg,buckwheat,all,88438145bbb85c31f310d4c00e9e2e02,88438145bbb85c31f310d4c00e9e2e02,Barley,2,0.6435
../foodsg-233_cleaned/buckwheat/2H3GAQBBYT1BEA8P3IFKT6RT.jpg,buckwheat,all,cac7e137b2b7dede0eef8fffd13b6fe4,cac7e137b2b7dede0eef8fffd13b6fe4,whole oats,2,0.6327
../foodsg-233_cleaned/buckwheat/4Z0FSYMZYX1PK0HGBSBD343J.jpg,buckwheat,all,c51b740ee798ea243ba9d28b78d45ae4,c51b740ee798ea243ba9d28b78d45ae4,muesli,2,0.7109
../foodsg-233_cleaned/buckwheat/8HGDR43AVUYBB14TPWSOTXU6.jpg,buckwheat,all,88438145bbb85c31f310d4c00e9e2e02,88438145bbb85c31f310d4c00e9e2e02,Barley,2,0.5047
../foodsg-233_cleaned/buckwheat/GGK67Q4XULBWBHVEKM36DU6G.jpg,buckwheat,all,93bf36d38ab6a2839963afe01dd22492,93bf36d38ab6a2839963afe01dd22492,vadai,2,0.8966
../foodsg-233_cleaned/buckwheat/ILJCD8TTD3OME0JVIKXFZP0L.jpg,buckwheat,all,383937dfadf1fe0e6687dead21a28e3c,383937dfadf1fe0e6687dead21a28e3c,mushroom soup,2,0.5982
../foodsg-233_cleaned/buckwheat/N5ZMVE07RB6N6JO1Y5KMQC9I.jpg,buckwheat,all,374777fceb1913d6d925a793ada1956c,374777fceb1913d6d925a793ada1956c,mixed vegetables,2,0.6137
../foodsg-233_cleaned/buckwheat/OTSA26SYVKY4ECZYGDZ0794T.jpg,buckwheat,all,d843d2146b935a14e2b8feb780bff294,d843d2146b935a14e2b8feb780bff294,whole grain bread,2,0.7497
../foodsg-233_cleaned/buckwheat/RVB124LMQP1OS0QEMZCWZQEV.jpg,buckwheat,all,cac7e137b2b7dede0eef8fffd13b6fe4,cac7e137b2b7dede0eef8fffd13b6fe4,whole oats,2,0.974
../foodsg-233_cleaned/buckwheat/S52KPJDEJWYNLG7AA8RT9MDV.jpg,buckwheat,all,93bf36d38ab6a2839963afe01dd22492,93bf36d38ab6a2839963afe01dd22492,salad,2,0.5768
../foodsg-233_cleaned/buckwheat/SH0M8EZX07J20KNVY1JY1FIA.jpg,buckwheat,all,e5b23aed9ba663fcb7f037803706adbe,e5b23aed9ba663fcb7f037803706adbe,"Pilaf, pea",2,0.9806
../foodsg-233_cleaned/buckwheat/U88WXW9JD2NRF5QL9WT9ZT9D.jpg,buckwheat,all,ba7d69a448ad7b6c41399e33a64b7fa4,ba7d69a448ad7b6c41399e33a64b7fa4,wholegrain pasta,2,0.9241
../foodsg-233_cleaned/buckwheat/UC53ZM2W2TI1JTER0FUWF7U8.jpg,buckwheat,all,93bf36d38ab6a2839963afe01dd22492,93bf36d38ab6a2839963afe01dd22492,pomegranate,2,0.9394
../foodsg-233_cleaned/buckwheat/V9LUD3FMKINKRMQ1CZ2JR3PP.jpg,buckwheat,all,383937dfadf1fe0e6687dead21a28e3c,383937dfadf1fe0e6687dead21a28e3c,mushroom soup,2,0.5508
../foodsg-233_cleaned/buckwheat/WVPR279LK8V85HY9BKYGORUZ.jpg,buckwheat,all,383937dfadf1fe0e6687dead21a28e3c,383937dfadf1fe0e6687dead21a28e3c,mushroom soup,2,0.9701
../foodsg-233_cleaned/buckwheat/YH64DZOPFNDCL3ZRT3A3SNGY.jpg,buckwheat,all,93bf36d38ab6a2839963afe01dd22492,93bf36d38ab6a2839963afe01dd22492,milk,2,0.6766
../foodsg-233_cleaned/buckwheat/YJNUFQLZQNBFJL1NEKC2F4UR.jpg,buckwheat,all,c51b740ee798ea243ba9d28b78d45ae4,c51b740ee798ea243ba9d28b78d45ae4,muesli,2,0.6056
../foodsg-233_cleaned/buckwheat/YLX6U57QNEIQJ9SRXBPMIB9S.jpg,buckwheat,all,e5b23aed9ba663fcb7f037803706adbe,e5b23aed9ba663fcb7f037803706adbe,"Pilaf, pea",2,0.5916
../foodsg-233_cleaned/buckwheat/ZE5WBMF6ZBOA7Q9CI82S4P84.jpg,buckwheat,all,c51b740ee798ea243ba9d28b78d45ae4,c51b740ee798ea243ba9d28b78d45ae4,muesli,2,0.7792
../foodsg-233_cleaned/buckwheat/ZLONZVG5HU6RR8NU7M5LZ2M9.jpg,buckwheat,all,93bf36d38ab6a2839963afe01dd22492,93bf36d38ab6a2839963afe01dd22492,"Bee hoon, goreng",2,0.8569
../foodsg-233_cleaned/buckwheat/ZMBKEQKSS7DSRK5EEH77CA7B.jpg,buckwheat,all,383937dfadf1fe0e6687dead21a28e3c,383937dfadf1fe0e6687dead21a28e3c,mushroom soup,2,0.767
../foodsg-233_cleaned/buckwheat/ZXB3TF0OMS7ZWLW8HGV834VL.jpg,buckwheat,all,374777fceb1913d6d925a793ada1956c,374777fceb1913d6d925a793ada1956c,mixed vegetables,2,0.58
../foodsg-233_cleaned/cake/2IL3FV77KVAQU279SCOKZ2EO.jpg,cake,all,c3f3d93f270b766205523a03374817ed,c3f3d93f270b766205523a03374817ed,ice cream - chocolate,2,0.632
../foodsg-233_cleaned/cake/7VI484U6D42ZSABXV6LDOSO5.jpg,cake,all,a4c27bf5da4f6700520c766ee53e8dc3,a4c27bf5da4f6700520c766ee53e8dc3,tiramisu,2,0.9153
../foodsg-233_cleaned/cake/A8XKYB9UF2771KF1OI18KH3G.jpg,cake,all,c3f3d93f270b766205523a03374817ed,c3f3d93f270b766205523a03374817ed,ice cream - chocolate,2,0.6929
../foodsg-233_cleaned/cake/C8FPGCXTGCX7D1TDMSLKVX0Z.jpg,cake,all,9d25ff53595e4c14b1a31ad09ed2c164,9d25ff53595e4c14b1a31ad09ed2c164,Chocolate,2,0.6715
../foodsg-233_cleaned/cake/E37SNC5LBJDO1TLC8UDJSR1T.jpg,cake,all,63df8e76a62316f3760355486a8197e7,63df8e76a62316f3760355486a8197e7,Apple,2,0.5339
../foodsg-233_cleaned/cake/EOYBO1T02WN786S9W6O1Q6MM.jpg,cake,all,412372e9d9d6f74330eeb56660bdf5f9,412372e9d9d6f74330eeb56660bdf5f9,kueh lapis - rainbow,2,0.7027
../foodsg-233_cleaned/cake/H3QP43CMWM9D59NWD3WT1DAT.jpg,cake,all,83205bdc43165d7e1065c09de8f01c6a,83205bdc43165d7e1065c09de8f01c6a,blueberries,2,0.8709
../foodsg-233_cleaned/cake/HEKDFFAG5C8NUYDKD0JG8OX1.jpg,cake,all,9d25ff53595e4c14b1a31ad09ed2c164,9d25ff53595e4c14b1a31ad09ed2c164,Chocolate,2,0.9691
../foodsg-233_cleaned/cake/HI13WP1EM8CTZ1Y6IECFOEOS.jpg,cake,all,a4c27bf5da4f6700520c766ee53e8dc3,a4c27bf5da4f6700520c766ee53e8dc3,tiramisu,2,0.9695
../foodsg-233_cleaned/cake/KYVL17OMHW8M7FTBL7903B9X.jpg,cake,all,9d25ff53595e4c14b1a31ad09ed2c164,9d25ff53595e4c14b1a31ad09ed2c164,Chocolate,2,0.9508
../foodsg-233_cleaned/cake/LMVGIU9IE779FRJ59NRBRN5H.jpg,cake,all,9d25ff53595e4c14b1a31ad09ed2c164,9d25ff53595e4c14b1a31ad09ed2c164,Chocolate,2,0.9153
../foodsg-233_cleaned/cake/M3M5DPVNJ2M8KAT4NQ0AP6J1.jpg,cake,all,412372e9d9d6f74330eeb56660bdf5f9,412372e9d9d6f74330eeb56660bdf5f9,Chinese fritters,2,0.6672
../foodsg-233_cleaned/cake/N1FYV8XSH9GSL8G9FMP00A9Q.jpg,cake,all,83205bdc43165d7e1065c09de8f01c6a,83205bdc43165d7e1065c09de8f01c6a,blueberries,2,0.8254
../foodsg-233_cleaned/cake/OHOIC5V71NZDRUBVB5U022PO.jpg,cake,all,412372e9d9d6f74330eeb56660bdf5f9,412372e9d9d6f74330eeb56660bdf5f9,mango pudding,2,0.7744
../foodsg-233_cleaned/cake/RPBY5VBHJ13GN83DX6JZXB8N.jpg,cake,all,412372e9d9d6f74330eeb56660bdf5f9,412372e9d9d6f74330eeb56660bdf5f9,Persimmon,2,0.6655
../foodsg-233_cleaned/cake/TEGAMXC2IB2GU7O3PFAPUBSG.jpg,cake,all,63df8e76a62316f3760355486a8197e7,63df8e76a62316f3760355486a8197e7,Apple,2,0.9975
../foodsg-233_cleaned/cake/ULG1O0LMW58P85HCVCVYVBEB.jpg,cake,all,a4c27bf5da4f6700520c766ee53e8dc3,a4c27bf5da4f6700520c766ee53e8dc3,tiramisu,2,0.7895
../foodsg-233_cleaned/cake/UNSUYIQVGYH0KMNELRX0KV6Q.jpg,cake,all,412372e9d9d6f74330eeb56660bdf5f9,412372e9d9d6f74330eeb56660bdf5f9,roti john,2,0.9383
../foodsg-233_cleaned/cake/ZM0UA0KZJNFOXIHW8GAVZSCB.jpg,cake,all,412372e9d9d6f74330eeb56660bdf5f9,412372e9d9d6f74330eeb56660bdf5f9,cherries,2,0.7805
../foodsg-233_cleaned/cake rolls/BYEPJI03YK1WG899LKF7SAOH.jpg,cake rolls,all,d58f59fadb8237f6a945e1ba89ca9c5f,d58f59fadb8237f6a945e1ba89ca9c5f,Chocolate,2,0.8281
../foodsg-233_cleaned/cake rolls/WH3UXNVZIDUSERSL9EV8QW8S.jpg,cake rolls,all,d58f59fadb8237f6a945e1ba89ca9c5f,d58f59fadb8237f6a945e1ba89ca9c5f,Chocolate,2,0.9175
../foodsg-233_cleaned/cake rolls/YR8X6RVEF4Z38HLWZPBFMJS6.jpg,cake rolls,all,38c1b59bc877079bdc6dadadfef20a63,38c1b59bc877079bdc6dadadfef20a63,cake,2,0.9458
../foodsg-233_cleaned/canned Fruit salad/5UPMVMEJ7QC6IMW441W85MG0.jpg,canned Fruit salad,all,12ab629e1a3dc1b95203abfd2a1baa35,12ab629e1a3dc1b95203abfd2a1baa35,strawberry,2,0.7414
../foodsg-233_cleaned/canned Fruit salad/7ZUXFUKT84BXVRRCVQX5RKBX.jpg,canned Fruit salad,all,81bb929e23a1988a66000e2e939e17eb,81bb929e23a1988a66000e2e939e17eb,pomegranate,2,0.9771
../foodsg-233_cleaned/canned Fruit salad/AJYMABMPKRKMNBA7U6ZJHACC.jpg,canned Fruit salad,all,81bb929e23a1988a66000e2e939e17eb,81bb929e23a1988a66000e2e939e17eb,lychee,2,0.6796
../foodsg-233_cleaned/canned Fruit salad/C2QZ1JMGLQY5G6ZTNN6UBORX.jpg,canned Fruit salad,all,7d9fe9cbc3ff6196c05508c30dadfdc2,7d9fe9cbc3ff6196c05508c30dadfdc2,preserved fruit snacks,2,0.9855
../foodsg-233_cleaned/canned Fruit salad/EDJE32XOQPA344PHFV93FOVG.jpg,canned Fruit salad,all,0abbb87cb7d9ba973638b81a5804f38e,0abbb87cb7d9ba973638b81a5804f38e,honeydew,2,0.8419
../foodsg-233_cleaned/canned Fruit salad/ERUY4131J6SPWT7JO6VUNJPA.jpg,canned Fruit salad,all,7d9fe9cbc3ff6196c05508c30dadfdc2,7d9fe9cbc3ff6196c05508c30dadfdc2,preserved fruit snacks,2,0.5331
../foodsg-233_cleaned/canned Fruit salad/GHXA36FB243PT8L26F71R7QT.jpg,canned Fruit salad,all,81bb929e23a1988a66000e2e939e17eb,81bb929e23a1988a66000e2e939e17eb,sambal,2,0.7175
../foodsg-233_cleaned/canned Fruit salad/IGD94DOEX9FBGRA6ZDDG8SPE.jpg,canned Fruit salad,all,81bb929e23a1988a66000e2e939e17eb,81bb929e23a1988a66000e2e939e17eb,longan,2,0.7023
../foodsg-233_cleaned/canned Fruit salad/MS9XB3W7BZUG1NYVEB2LJHE1.jpg,canned Fruit salad,all,81bb929e23a1988a66000e2e939e17eb,81bb929e23a1988a66000e2e939e17eb,breakfast cereal,2,0.5166
../foodsg-233_cleaned/canned Fruit salad/O8PADH9Z3MCBLYYA6O3AUKLE.jpg,canned Fruit salad,all,0abbb87cb7d9ba973638b81a5804f38e,0abbb87cb7d9ba973638b81a5804f38e,honeydew,2,0.6608
../foodsg-233_cleaned/canned Fruit salad/TBXMIQ3S1C6HJLNGOC2OLNGQ.jpg,canned Fruit salad,all,f8caf8da0de618b046662921321d0f54,f8caf8da0de618b046662921321d0f54,blueberries,2,0.8798
../foodsg-233_cleaned/cereal prawns/433RM85MQKUOHVRSO7PFSZIK.jpg,cereal prawns,all,f76a385e2eb7d8a603b4b91c42bead2f,f76a385e2eb7d8a603b4b91c42bead2f,drunken prawn,2,0.9409
../foodsg-233_cleaned/cereal prawns/7LH920U68S5GVFWLC1TO3ZI9.jpg,cereal prawns,all,f76a385e2eb7d8a603b4b91c42bead2f,f76a385e2eb7d8a603b4b91c42bead2f,"Bee hoon, goreng",2,0.5809
../foodsg-233_cleaned/cereal prawns/EVEAUK2WQ2HCACMYD3QXY8YN.jpg,cereal prawns,all,45de37cdf677d3b290456f1d9a24cf73,45de37cdf677d3b290456f1d9a24cf73,fried prawn,2,0.7659
../foodsg-233_cleaned/cereal prawns/SEM4BBFUMU53XT0NA05CCXFP.jpg,cereal prawns,all,45de37cdf677d3b290456f1d9a24cf73,45de37cdf677d3b290456f1d9a24cf73,fried prawn,2,0.8487
../foodsg-233_cleaned/cereal prawns/YCPRV7Q4P5VR18R8VR32PT1Y.jpg,cereal prawns,all,45de37cdf677d3b290456f1d9a24cf73,45de37cdf677d3b290456f1d9a24cf73,fried prawn,2,0.6113
../foodsg-233_cleaned/chai tow kuay/H2YJGTCNMRQ8JFXV1A9VHUO9.jpg,chai tow kuay,all,6d2ee4550ae13d6b758dcb320c06002d,6d2ee4550ae13d6b758dcb320c06002d,oyster omelette,2,0.715
../foodsg-233_cleaned/chai tow kuay/JGWZ4HMAZUQJSX1WW8D9VHC4.jpg,chai tow kuay,all,33866245fd18de281054764c76a45771,33866245fd18de281054764c76a45771,Kway Teow,2,0.8548
../foodsg-233_cleaned/chai tow kuay/JXZOZ95PAOLYD1SRZUENG1P2.jpg,chai tow kuay,all,58b5ce09db158c43ad021c84d781e49e,58b5ce09db158c43ad021c84d781e49e,fried rice,2,0.6731
../foodsg-233_cleaned/chai tow kuay/N2CJWXAYNTDNKLSD7YVWI8GZ.jpg,chai tow kuay,all,6d2ee4550ae13d6b758dcb320c06002d,6d2ee4550ae13d6b758dcb320c06002d,oyster omelette,2,0.7707
../foodsg-233_cleaned/chai tow kuay/QO1U00SZWO7Y86JJWCZBMDOO.jpg,chai tow kuay,all,58b5ce09db158c43ad021c84d781e49e,58b5ce09db158c43ad021c84d781e49e,hotplate tofu,2,0.6629
../foodsg-233_cleaned/chai tow kuay/S3BQA6O6W1I552G5EA0ELX9C.jpg,chai tow kuay,all,33866245fd18de281054764c76a45771,33866245fd18de281054764c76a45771,Kway Teow,2,0.9924
../foodsg-233_cleaned/chai tow kuay/ZQCY5JL350EWYQANEEC5BHW6.jpg,chai tow kuay,all,58b5ce09db158c43ad021c84d781e49e,58b5ce09db158c43ad021c84d781e49e,kway chap,2,0.7722
../foodsg-233_cleaned/char siew/2HVQT9SJ5EYC4KVRO9EUX5LO.jpg,char siew,all,972c1a7604068842ebf03703b2415a57,972c1a7604068842ebf03703b2415a57,Duck Rice,2,0.7155
../foodsg-233_cleaned/char siew/CT5HHB8O3FKSRZ3GK4ZB2CLF.jpg,char siew,all,972c1a7604068842ebf03703b2415a57,972c1a7604068842ebf03703b2415a57,Duck Rice,2,0.8169
../foodsg-233_cleaned/char siew/F02MQM6Y79XM58T1PNYU12KP.jpg,char siew,all,aacff8a2db19646db8da867f5ed88494,aacff8a2db19646db8da867f5ed88494,"Rice, korean bulgogi beef",2,0.6081
../foodsg-233_cleaned/char siew/GBILKCTO8K2M23B24UKM37XV.jpg,char siew,all,972c1a7604068842ebf03703b2415a57,972c1a7604068842ebf03703b2415a57,Duck Rice,2,0.9571
../foodsg-233_cleaned/char siew/HBRNX4W8Z48VH23W3PWVA5MU.jpg,char siew,all,aacff8a2db19646db8da867f5ed88494,aacff8a2db19646db8da867f5ed88494,"Rice, korean bulgogi beef",2,0.8992
../foodsg-233_cleaned/char siew/L0F1U9M69F3IR96OND9JVJ4Z.jpg,char siew,all,972c1a7604068842ebf03703b2415a57,972c1a7604068842ebf03703b2415a57,Duck Rice,2,0.9255
../foodsg-233_cleaned/char siew/L5PKNWU575NOJDUK8KVSJI5A.jpg,char siew,all,c72c945600ab845dc40f2092e3198a23,c72c945600ab845dc40f2092e3198a23,cheng tng,2,0.6198
../foodsg-233_cleaned/char siew/MJUNKS7LAZ7PKHT01YQ2I700.jpg,char siew,all,c72c945600ab845dc40f2092e3198a23,c72c945600ab845dc40f2092e3198a23,"Don, chicken teriyaki",2,0.6019
../foodsg-233_cleaned/char siew/MNESG0AVMLGLMP7JSQ8LDVH5.jpg,char siew,all,972c1a7604068842ebf03703b2415a57,972c1a7604068842ebf03703b2415a57,Duck Rice,2,0.8816
../foodsg-233_cleaned/char siew/MTGFJR19K5JTAPWZBA6TQCAQ.jpg,char siew,all,c72c945600ab845dc40f2092e3198a23,c72c945600ab845dc40f2092e3198a23,bak kwa,2,0.5648
../foodsg-233_cleaned/char siew/RLDN0P4TBJP813LOKWFJF3QO.jpg,char siew,all,d84a9066a53d81fd1279c16cd425f4c6,d84a9066a53d81fd1279c16cd425f4c6,sirloin steak,2,0.6332
../foodsg-233_cleaned/char siew/RZFQY2Q53CG1V74VDZG2QCBD.jpg,char siew,all,972c1a7604068842ebf03703b2415a57,972c1a7604068842ebf03703b2415a57,Duck Rice,2,0.7856
../foodsg-233_cleaned/char siew/VEKRIAMR7RVKHUA0QMKTUKFC.jpg,char siew,all,d84a9066a53d81fd1279c16cd425f4c6,d84a9066a53d81fd1279c16cd425f4c6,sirloin steak,2,0.7431
../foodsg-233_cleaned/char siew pau/73W42XM9LULKV6N94IE1ROWM.jpg,char siew pau,all,96ee8e18d568eb7d15fddbfe35e500e6,96ee8e18d568eb7d15fddbfe35e500e6,steamed buns,2,0.8816
../foodsg-233_cleaned/char siew pau/7CFYVIOGHK0X6O0TQTOU5X8N.jpg,char siew pau,all,96ee8e18d568eb7d15fddbfe35e500e6,96ee8e18d568eb7d15fddbfe35e500e6,steamed buns,2,0.9299
../foodsg-233_cleaned/char siew pau/EBCXOI4GIFF2EA96RJG1MU31.jpg,char siew pau,all,96ee8e18d568eb7d15fddbfe35e500e6,96ee8e18d568eb7d15fddbfe35e500e6,steamed buns,2,0.9021
../foodsg-233_cleaned/char siew pau/GE6S8GAENTCJGT1LXQ5G8ATD.jpg,char siew pau,all,96ee8e18d568eb7d15fddbfe35e500e6,96ee8e18d568eb7d15fddbfe35e500e6,steamed buns,2,0.6349
../foodsg-233_cleaned/char siew pau/J9817D50FJ26IS55523CB0WA.jpg,char siew pau,all,a79ef254cc0f4079cf4dacaa37275ed7,a79ef254cc0f4079cf4dacaa37275ed7,xiao long bao,2,0.8003
../foodsg-233_cleaned/char siew pau/M1QJW3TZST82U3FY88XHWGL1.jpg,char siew pau,all,a79ef254cc0f4079cf4dacaa37275ed7,a79ef254cc0f4079cf4dacaa37275ed7,dumpling,2,0.5811
../foodsg-233_cleaned/char siew pau/NAP8BLB6JUQAVY8F4TAUPK3W.jpg,char siew pau,all,96ee8e18d568eb7d15fddbfe35e500e6,96ee8e18d568eb7d15fddbfe35e500e6,steamed buns,2,0.7147
../foodsg-233_cleaned/char siew pau/NB8T9E4SAQTMN2VLRKSM6E5Z.jpg,char siew pau,all,96ee8e18d568eb7d15fddbfe35e500e6,96ee8e18d568eb7d15fddbfe35e500e6,steamed buns,2,0.5343
../foodsg-233_cleaned/char siew pau/QMAHW0IIQV60XFI89I3FOVRL.jpg,char siew pau,all,96ee8e18d568eb7d15fddbfe35e500e6,96ee8e18d568eb7d15fddbfe35e500e6,steamed buns,2,0.871
../foodsg-233_cleaned/char siew pau/RAUF3UT40358UZWQYTIW35IY.jpg,char siew pau,all,96ee8e18d568eb7d15fddbfe35e500e6,96ee8e18d568eb7d15fddbfe35e500e6,steamed buns,2,0.7708
../foodsg-233_cleaned/char siew pau/UYU2SJU4L87N55SZNLDNR545.jpg,char siew pau,all,96ee8e18d568eb7d15fddbfe35e500e6,96ee8e18d568eb7d15fddbfe35e500e6,steamed buns,2,0.8553
../foodsg-233_cleaned/char siew pau/V8LKGWNO4V42NQNH8O3YJGJH.jpg,char siew pau,all,96ee8e18d568eb7d15fddbfe35e500e6,96ee8e18d568eb7d15fddbfe35e500e6,steamed buns,2,0.6231
../foodsg-233_cleaned/char siew pau/VO61RX4FKDOBTL3WRXBHRKJ8.jpg,char siew pau,all,96ee8e18d568eb7d15fddbfe35e500e6,96ee8e18d568eb7d15fddbfe35e500e6,steamed buns,2,0.7149
../foodsg-233_cleaned/char siew pau/WT7TKHHZU5L6VTB2I5UYNPN2.jpg,char siew pau,all,96ee8e18d568eb7d15fddbfe35e500e6,96ee8e18d568eb7d15fddbfe35e500e6,steamed buns,2,0.7817
../foodsg-233_cleaned/char siew pau/ZKO0IZ35N81XDNLOEY9P3SLU.jpg,char siew pau,all,a79ef254cc0f4079cf4dacaa37275ed7,a79ef254cc0f4079cf4dacaa37275ed7,sambal,2,0.5519
../foodsg-233_cleaned/chawanmushi/4JAPLRK7SYTGFQKDHAKMMUIF.jpg,chawanmushi,all,c1c8003dbe7a0232a3e235a0b64f5dfb,c1c8003dbe7a0232a3e235a0b64f5dfb,cream soup,2,0.6211
../foodsg-233_cleaned/chawanmushi/BC8TSXEZQ4EAFCUMS4GS72IX.jpg,chawanmushi,all,c1c8003dbe7a0232a3e235a0b64f5dfb,c1c8003dbe7a0232a3e235a0b64f5dfb,cream soup,2,0.8242
../foodsg-233_cleaned/chawanmushi/BW84593VMQ7SN7EF4LC95E4H.jpg,chawanmushi,all,396dbe4f6b97cb5499bc58184c1e403d,396dbe4f6b97cb5499bc58184c1e403d,mushroom soup,2,0.7695
../foodsg-233_cleaned/chawanmushi/D6684335TOAF4LM8F6FHZGOZ.jpg,chawanmushi,all,c1c8003dbe7a0232a3e235a0b64f5dfb,c1c8003dbe7a0232a3e235a0b64f5dfb,cream soup,2,0.9537
../foodsg-233_cleaned/chawanmushi/Z8WBC12PDR7HED5RVS3I2C8B.jpg,chawanmushi,all,368873bf4d090962514036015ecd9d25,368873bf4d090962514036015ecd9d25,miso soup,2,0.6785
../foodsg-233_cleaned/cheese fries/0RW93G09RLVEVBOJR6N37JID.jpg,cheese fries,all,a622241a220a1995a5f7025f3d05842b,a622241a220a1995a5f7025f3d05842b,french fries,2,0.797
../foodsg-233_cleaned/cheese fries/9Z4RGFM4VUF5ULNUXFGXS098.jpg,cheese fries,all,a622241a220a1995a5f7025f3d05842b,a622241a220a1995a5f7025f3d05842b,french fries,2,0.8256
../foodsg-233_cleaned/cheese fries/A0K5QPI6QAR33D7JZXR1QH8T.jpg,cheese fries,all,1400360eba54c88ef237a9269ecf179f,1400360eba54c88ef237a9269ecf179f,sandwich,2,0.8497
../foodsg-233_cleaned/cheese fries/C73UXRCNPD418Y9W76S6G5B9.jpg,cheese fries,all,f2539f8ed830c19d5b0a14c8df75878e,f2539f8ed830c19d5b0a14c8df75878e,waffle,2,0.5578
../foodsg-233_cleaned/cheese fries/C8OHL4OB3KJ72I6ITIJ803T1.jpg,cheese fries,all,a622241a220a1995a5f7025f3d05842b,a622241a220a1995a5f7025f3d05842b,french fries,2,0.694
../foodsg-233_cleaned/cheese fries/EJ15UT57F83IWNPGLC8JKMMT.jpg,cheese fries,all,a622241a220a1995a5f7025f3d05842b,a622241a220a1995a5f7025f3d05842b,french fries,2,0.647
../foodsg-233_cleaned/cheese fries/I2D8Z06MXAYK3ORGY4HL3MFY.jpg,cheese fries,all,f2539f8ed830c19d5b0a14c8df75878e,f2539f8ed830c19d5b0a14c8df75878e,Burger,2,0.887
../foodsg-233_cleaned/cheese fries/JZRGQ6A5BPRVAGK7E0HWNI1X.jpg,cheese fries,all,a622241a220a1995a5f7025f3d05842b,a622241a220a1995a5f7025f3d05842b,french fries,2,0.6885
../foodsg-233_cleaned/cheese fries/KEGXCRGZY94NNKJ7DHUMD4L9.jpg,cheese fries,all,a622241a220a1995a5f7025f3d05842b,a622241a220a1995a5f7025f3d05842b,french fries,2,0.7304
../foodsg-233_cleaned/cheese fries/ME4HQYWVMUS6OTN6Y4E1EF3U.jpg,cheese fries,all,a622241a220a1995a5f7025f3d05842b,a622241a220a1995a5f7025f3d05842b,french fries,2,0.9045
../foodsg-233_cleaned/cheese fries/SULGI4O48ZK6E1AIV1QHEFKQ.jpg,cheese fries,all,a622241a220a1995a5f7025f3d05842b,a622241a220a1995a5f7025f3d05842b,french fries,2,0.5382
../foodsg-233_cleaned/cheng tng/FK6C8MIEGZCR0YC2IXU4R3N1.jpg,cheng tng,all,d12090e09cd68f20deb37f7725471a71,d12090e09cd68f20deb37f7725471a71,Lor mee,2,0.9992
../foodsg-233_cleaned/cherries/QM2GCLBSINCGQ5Q5Y1N2IAKV.jpg,cherries,all,e097c220e0aa93a0406ab1c5782d8168,e097c220e0aa93a0406ab1c5782d8168,wholegrain pasta,2,0.7147
../foodsg-233_cleaned/cherries/QUF0YDAWHMUMX9K2H3BJ46IW.jpg,cherries,all,32ca68eb09023d47499180a3b6711862,32ca68eb09023d47499180a3b6711862,raspberry,2,0.8865
../foodsg-233_cleaned/cherries/VGWO5WLPC67QJHD0ITFPLMIA.jpg,cherries,all,e097c220e0aa93a0406ab1c5782d8168,e097c220e0aa93a0406ab1c5782d8168,Cucumber,2,0.957
../foodsg-233_cleaned/cherries/YGQRUBRUUOZ70OVCW6W201R5.jpg,cherries,all,e097c220e0aa93a0406ab1c5782d8168,e097c220e0aa93a0406ab1c5782d8168,Apple,2,0.8787
../foodsg-233_cleaned/cherries/YSTZ9MNJD1XQ6YJU39W96G5V.jpg,cherries,all,e097c220e0aa93a0406ab1c5782d8168,e097c220e0aa93a0406ab1c5782d8168,ice cream - vanilla,2,0.8093
../foodsg-233_cleaned/chicken chop/EONUHIXEPNB91MPG5ELPYRKU.jpg,chicken chop,all,a9e7ed9309f6742d092470a2f36e99d8,a9e7ed9309f6742d092470a2f36e99d8,baked beans,2,0.5361
../foodsg-233_cleaned/chicken chop/F6JZ1M21CQY3068W8EBPEHJS.jpg,chicken chop,all,071184a82956c6a94d9d1b27cedabe13,071184a82956c6a94d9d1b27cedabe13,mixed grills,2,0.8291
../foodsg-233_cleaned/chicken chop/O34NWQSTTQDOKONOMPET89QD.jpg,chicken chop,all,7595d394c2caec465ce188a53e1ecb6f,7595d394c2caec465ce188a53e1ecb6f,cheese fries,2,0.7546
../foodsg-233_cleaned/chicken chop/Q9I04HJSMCWSABLY340649Z7.jpg,chicken chop,all,a9e7ed9309f6742d092470a2f36e99d8,a9e7ed9309f6742d092470a2f36e99d8,Fish and chips,2,0.9808
../foodsg-233_cleaned/chicken chop/RGY9NT72XQ77RDVIKDMM3F6N.jpg,chicken chop,all,a9e7ed9309f6742d092470a2f36e99d8,a9e7ed9309f6742d092470a2f36e99d8,lamb chops,2,0.8146
../foodsg-233_cleaned/chicken chop/WME4RFG3EGNP073L3I92JPLX.jpg,chicken chop,all,7595d394c2caec465ce188a53e1ecb6f,7595d394c2caec465ce188a53e1ecb6f,cheese fries,2,0.9001
../foodsg-233_cleaned/chicken chop/X93T8KDYNO5NO9OHS8CFZW8J.jpg,chicken chop,all,3ba92ae097503b13210767bca7f30b98,3ba92ae097503b13210767bca7f30b98,sirloin steak,2,0.7724
../foodsg-233_cleaned/chicken masala/08XPOOKKQXHFRM4VKFSLHSOM.jpg,chicken masala,all,9a6c1b5c8f4e6e19355cddb7fc3403b9,9a6c1b5c8f4e6e19355cddb7fc3403b9,Mee goreng,2,0.6358
../foodsg-233_cleaned/chicken masala/0VOHQFNRXS1VPXZVF1RFYKH1.jpg,chicken masala,all,9a6c1b5c8f4e6e19355cddb7fc3403b9,9a6c1b5c8f4e6e19355cddb7fc3403b9,Laksa,2,0.612
../foodsg-233_cleaned/chicken masala/1LQJ23B5FHR3L77Z82UBB5DI.jpg,chicken masala,all,88b7eb6290fc4200066a0661ce0193d4,88b7eb6290fc4200066a0661ce0193d4,fried chicken,2,0.5947
../foodsg-233_cleaned/chicken masala/2DSEJBGM72QVFFA5GZ6JK54Z.jpg,chicken masala,all,9a6c1b5c8f4e6e19355cddb7fc3403b9,9a6c1b5c8f4e6e19355cddb7fc3403b9,cream soup,2,0.8188
../foodsg-233_cleaned/chicken masala/2L6J6BPD695X8HR4IKSH3D3A.jpg,chicken masala,all,874a24f9005782b950d90781e61b9d47,874a24f9005782b950d90781e61b9d47,hotplate tofu,2,0.7219
../foodsg-233_cleaned/chicken masala/5D5REMRQ61NTKAUM0M0QJL25.jpg,chicken masala,all,ba699848783ee17b18401b03b5043d85,ba699848783ee17b18401b03b5043d85,tandoori chicken,2,0.8334
../foodsg-233_cleaned/chicken masala/62YV2ETLDFQOQVDNM9O83H19.jpg,chicken masala,all,9a6c1b5c8f4e6e19355cddb7fc3403b9,9a6c1b5c8f4e6e19355cddb7fc3403b9,satay,2,0.9119
../foodsg-233_cleaned/chicken masala/7VK6L984Y8F1U3ERB3ZK0D2U.jpg,chicken masala,all,9a6c1b5c8f4e6e19355cddb7fc3403b9,9a6c1b5c8f4e6e19355cddb7fc3403b9,fried fish,2,0.971
../foodsg-233_cleaned/chicken masala/80XMDNDTDHAKQXZTVMI2HZ3Z.jpg,chicken masala,all,9a6c1b5c8f4e6e19355cddb7fc3403b9,9a6c1b5c8f4e6e19355cddb7fc3403b9,baked beans,2,0.6202
../foodsg-233_cleaned/chicken masala/8U4VQJM8VAG8GNKNQDV9VXK3.jpg,chicken masala,all,89aa37d200004b7a21277b9df2e8daec,89aa37d200004b7a21277b9df2e8daec,"Rice, with dakgalbi",2,0.9455
../foodsg-233_cleaned/chicken masala/DTMSUVLX8KPWMVRNC07TQMEB.jpg,chicken masala,all,8cf4c966804f72a0c518168d5f991806,8cf4c966804f72a0c518168d5f991806,sambal,2,0.7207
../foodsg-233_cleaned/chicken masala/FIGCKZWH3MN2B9384MN3JH06.jpg,chicken masala,all,9a6c1b5c8f4e6e19355cddb7fc3403b9,9a6c1b5c8f4e6e19355cddb7fc3403b9,satay bee hoon,2,0.8491
../foodsg-233_cleaned/chicken masala/FN2GAYL6F0W0S4MDX7DGTBCS.jpg,chicken masala,all,ba699848783ee17b18401b03b5043d85,ba699848783ee17b18401b03b5043d85,tandoori chicken,2,0.6677
../foodsg-233_cleaned/chicken masala/IQA2Q8DS58K0JEBTL3D0F8PN.jpg,chicken masala,all,ba699848783ee17b18401b03b5043d85,ba699848783ee17b18401b03b5043d85,tandoori chicken,2,0.5058
../foodsg-233_cleaned/chicken masala/J4SIBMJBXWQE10UYD7ECW09M.jpg,chicken masala,all,88b7eb6290fc4200066a0661ce0193d4,88b7eb6290fc4200066a0661ce0193d4,fried chicken,2,0.994
../foodsg-233_cleaned/chicken masala/J69MEHBPS1MGOO50E962R8MA.jpg,chicken masala,all,88b7eb6290fc4200066a0661ce0193d4,88b7eb6290fc4200066a0661ce0193d4,fried chicken,2,0.6664
../foodsg-233_cleaned/chicken masala/L0JJPK7F44RULPE9KV50L1X6.jpg,chicken masala,all,874a24f9005782b950d90781e61b9d47,874a24f9005782b950d90781e61b9d47,hotplate tofu,2,0.585
../foodsg-233_cleaned/chicken masala/PLHZLMT1W3UF8MXS3T5D9T59.jpg,chicken masala,all,9a6c1b5c8f4e6e19355cddb7fc3403b9,9a6c1b5c8f4e6e19355cddb7fc3403b9,mixed vegetables,2,0.9571
../foodsg-233_cleaned/chicken masala/PNT24REPW1NJI3HE8JOPA5P6.jpg,chicken masala,all,89aa37d200004b7a21277b9df2e8daec,89aa37d200004b7a21277b9df2e8daec,"Rice, with dakgalbi",2,0.9941
../foodsg-233_cleaned/chicken masala/PYXR9HX62XEAD7T02RV7XJ9X.jpg,chicken masala,all,9a6c1b5c8f4e6e19355cddb7fc3403b9,9a6c1b5c8f4e6e19355cddb7fc3403b9,meatball,2,0.7676
../foodsg-233_cleaned/chicken masala/Q6SYSS8D006MSNO980T8IQ92.jpg,chicken masala,all,5f9346638b0b35da2cd0b7bfe64688da,5f9346638b0b35da2cd0b7bfe64688da,kebab - chicken,2,0.5874
../foodsg-233_cleaned/chicken masala/R3A11W1XKUR8GYUESPHWEMH0.jpg,chicken masala,all,5f9346638b0b35da2cd0b7bfe64688da,5f9346638b0b35da2cd0b7bfe64688da,kebab - chicken,2,0.8968
../foodsg-233_cleaned/chicken masala/SH305B4OG2VHRGOLLGHX1P4Y.jpg,chicken masala,all,874a24f9005782b950d90781e61b9d47,874a24f9005782b950d90781e61b9d47,hotplate tofu,2,0.8751
../foodsg-233_cleaned/chicken masala/SWN9NLJMLPVIZVK2W6DOCZ90.jpg,chicken masala,all,9a6c1b5c8f4e6e19355cddb7fc3403b9,9a6c1b5c8f4e6e19355cddb7fc3403b9,dumpling,2,0.7397
../foodsg-233_cleaned/chicken masala/U7JOKX760ZD8ESSTSRX0JWE8.jpg,chicken masala,all,8cf4c966804f72a0c518168d5f991806,8cf4c966804f72a0c518168d5f991806,sambal,2,0.6214
../foodsg-233_cleaned/chicken masala/UCSSSDDB1QOP90KVRUFANMCV.jpg,chicken masala,all,9a6c1b5c8f4e6e19355cddb7fc3403b9,9a6c1b5c8f4e6e19355cddb7fc3403b9,lontong,2,0.7066
../foodsg-233_cleaned/chicken masala/Y45UH0HI7OONS22HA146N4NH.jpg,chicken masala,all,5f9346638b0b35da2cd0b7bfe64688da,5f9346638b0b35da2cd0b7bfe64688da,kebab - chicken,2,0.9048
../foodsg-233_cleaned/chicken masala/YAUBJBZP2F68QGBWACJ0C8T2.jpg,chicken masala,all,5f9346638b0b35da2cd0b7bfe64688da,5f9346638b0b35da2cd0b7bfe64688da,kebab - chicken,2,0.5421
../foodsg-233_cleaned/chicken pie/2Y48FX214LU71ECL3H0N2EOW.jpg,chicken pie,all,88c277916cb20e13baf7c45342b13780,88c277916cb20e13baf7c45342b13780,tortilla - plain,2,0.6164
../foodsg-233_cleaned/chicken pie/F1NP8WMFSFWWWYRSR33SCGD3.jpg,chicken pie,all,ec1b9ae5e7a183680b9d73a569b2b3b6,ec1b9ae5e7a183680b9d73a569b2b3b6,curry puff,2,0.563
../foodsg-233_cleaned/chicken pie/GZT4Y7W7M44L67114WYONDPH.jpg,chicken pie,all,88c277916cb20e13baf7c45342b13780,88c277916cb20e13baf7c45342b13780,tortilla - plain,2,0.6197
../foodsg-233_cleaned/chicken pie/Z71UAW8SKBO2IAOOKA2UBK02.jpg,chicken pie,all,ec1b9ae5e7a183680b9d73a569b2b3b6,ec1b9ae5e7a183680b9d73a569b2b3b6,pineapple tarts,2,0.9058
../foodsg-233_cleaned/chicken rice/2JMKNSOZT8VRHKQO183O4N5E.jpg,chicken rice,all,900cf60b1d30ccbf0d95680194310b99,900cf60b1d30ccbf0d95680194310b99,Duck Rice,2,0.6098
../foodsg-233_cleaned/chicken rice/33JNDR1E67H13NNM30XHUF9A.jpg,chicken rice,all,7714ee37401546afe81b4416eab3abcf,7714ee37401546afe81b4416eab3abcf,char siew,2,0.7721
../foodsg-233_cleaned/chicken rice/73KECEFIR15C9PTWZZWHAYDH.jpg,chicken rice,all,7714ee37401546afe81b4416eab3abcf,7714ee37401546afe81b4416eab3abcf,char siew,2,0.615
../foodsg-233_cleaned/chicken rice/I50MNKHMOHLJRWJFLKTOQ5KD.jpg,chicken rice,all,900cf60b1d30ccbf0d95680194310b99,900cf60b1d30ccbf0d95680194310b99,Duck Rice,2,0.6017
../foodsg-233_cleaned/chicken rice/LKUF53SYHRHFBT7X7P2SKIWI.jpg,chicken rice,all,900cf60b1d30ccbf0d95680194310b99,900cf60b1d30ccbf0d95680194310b99,Duck Rice,2,0.6651
../foodsg-233_cleaned/chicken rice/XKEL9PGD594V3Z7HJYE6L94Z.jpg,chicken rice,all,40ba0be3071e7efc6c6689273fc5c836,40ba0be3071e7efc6c6689273fc5c836,popiah,2,0.8992
../foodsg-233_cleaned/chicken soup/0X0I5FQGXQQLS7NDQ7GTVBNW.jpg,chicken soup,all,54802c2a41f5d662763185d8d8db78bc,54802c2a41f5d662763185d8d8db78bc,bee hoon,2,0.9178
../foodsg-233_cleaned/chicken soup/2CCGRYSG7A8EBBOB7SM97468.jpg,chicken soup,all,75edca6c7b20843c6f2f47420745c94e,75edca6c7b20843c6f2f47420745c94e,sliced fish soup,2,0.581
../foodsg-233_cleaned/chicken soup/3UPXUQS7Z5ELOZU93IFH56MB.jpg,chicken soup,all,68542d230bd6f1be223cc258b30654c5,68542d230bd6f1be223cc258b30654c5,vegetable soup,2,0.9716
../foodsg-233_cleaned/chicken soup/4AI21X62TTZ0CP3TC6ZV6II9.jpg,chicken soup,all,68542d230bd6f1be223cc258b30654c5,68542d230bd6f1be223cc258b30654c5,vegetable soup,2,0.7049
../foodsg-233_cleaned/chicken soup/6DZF21GRBC4G22CRE3B43DIW.jpg,chicken soup,all,68542d230bd6f1be223cc258b30654c5,68542d230bd6f1be223cc258b30654c5,vegetable soup,2,0.5667
../foodsg-233_cleaned/chicken soup/6QVOO4HSBHWAI5PU5N6EC5SB.jpg,chicken soup,all,68542d230bd6f1be223cc258b30654c5,68542d230bd6f1be223cc258b30654c5,vegetable soup,2,0.8186
../foodsg-233_cleaned/chicken soup/7SCJ2RDILIYWHC0LFC3XJRA0.jpg,chicken soup,all,21e3940b2eaa91ed768568eb59985c0f,21e3940b2eaa91ed768568eb59985c0f,cream soup,2,0.7227
../foodsg-233_cleaned/chicken soup/91AUM5K9ELZ607OIBZX3CKIO.jpg,chicken soup,all,21e3940b2eaa91ed768568eb59985c0f,21e3940b2eaa91ed768568eb59985c0f,cream soup,2,0.7385
../foodsg-233_cleaned/chicken soup/9AMWL2MZCF704NQUGHAIPILI.jpg,chicken soup,all,21e3940b2eaa91ed768568eb59985c0f,21e3940b2eaa91ed768568eb59985c0f,cream soup,2,0.998
../foodsg-233_cleaned/chicken soup/9C1ZSFAM17I0GLQQM88N8LSD.jpg,chicken soup,all,68542d230bd6f1be223cc258b30654c5,68542d230bd6f1be223cc258b30654c5,vegetable soup,2,0.544
../foodsg-233_cleaned/chicken soup/AXZW6UN55G09MJC859BNEDZ6.jpg,chicken soup,all,2e24ae5bbcbd7bff7bf35c4156ca0f9a,2e24ae5bbcbd7bff7bf35c4156ca0f9a,dumpling,2,0.7528
../foodsg-233_cleaned/chicken soup/C0J4OKSSPWXNMSX7YR3ZVXFO.jpg,chicken soup,all,68542d230bd6f1be223cc258b30654c5,68542d230bd6f1be223cc258b30654c5,vegetable soup,2,0.8222
../foodsg-233_cleaned/chicken soup/CAE5X65GTKU6QE5V0XPLRZSH.jpg,chicken soup,all,54802c2a41f5d662763185d8d8db78bc,54802c2a41f5d662763185d8d8db78bc,Lor mee,2,0.9206
../foodsg-233_cleaned/chicken soup/CMUDQATA7PUG0Z3IPTAQRLU2.jpg,chicken soup,all,21e3940b2eaa91ed768568eb59985c0f,21e3940b2eaa91ed768568eb59985c0f,cream soup,2,0.9977
../foodsg-233_cleaned/chicken soup/DERM5MZYK00L80GNANFUC1QV.jpg,chicken soup,all,54802c2a41f5d662763185d8d8db78bc,54802c2a41f5d662763185d8d8db78bc,tau suan,2,0.6609
../foodsg-233_cleaned/chicken soup/DG64O99K8PM0LRUD2A7YQ6Y2.jpg,chicken soup,all,54802c2a41f5d662763185d8d8db78bc,54802c2a41f5d662763185d8d8db78bc,bak kut teh,2,0.8538
../foodsg-233_cleaned/chicken soup/DPT9VJRHF2B668O1WRA13ENM.jpg,chicken soup,all,b071e3ba5dbb7c4b1ced4e7ce10b46fe,b071e3ba5dbb7c4b1ced4e7ce10b46fe,Macaroni,2,0.7163
../foodsg-233_cleaned/chicken soup/EMAYQNOFBFH3XAZM57EP95I1.jpg,chicken soup,all,54802c2a41f5d662763185d8d8db78bc,54802c2a41f5d662763185d8d8db78bc,milk,2,0.6876
../foodsg-233_cleaned/chicken soup/ILSTOKZLHZSTRQ3JFDLG2CW0.jpg,chicken soup,all,68542d230bd6f1be223cc258b30654c5,68542d230bd6f1be223cc258b30654c5,vegetable soup,2,0.5208
../foodsg-233_cleaned/chicken soup/JICXBINPZ7XT5FCQIB4VXZS6.jpg,chicken soup,all,f6c866968782dd06adec9e31df2834cf,f6c866968782dd06adec9e31df2834cf,Dumpling noodle soup,2,0.7871
../foodsg-233_cleaned/chicken soup/M1M94PD9XA3IRS44QNJ00QOF.jpg,chicken soup,all,68542d230bd6f1be223cc258b30654c5,68542d230bd6f1be223cc258b30654c5,vegetable soup,2,0.8617
../foodsg-233_cleaned/chicken soup/MBFDENHBG826T3W3QY62P9G0.jpg,chicken soup,all,68542d230bd6f1be223cc258b30654c5,68542d230bd6f1be223cc258b30654c5,vegetable soup,2,0.6677
../foodsg-233_cleaned/chicken soup/MHYW53T6R9YA80JVS30P0RAE.jpg,chicken soup,all,21e3940b2eaa91ed768568eb59985c0f,21e3940b2eaa91ed768568eb59985c0f,cream soup,2,0.676
../foodsg-233_cleaned/chicken soup/NXOSTHWKTTULLDQ84IMCUCMT.jpg,chicken soup,all,21e3940b2eaa91ed768568eb59985c0f,21e3940b2eaa91ed768568eb59985c0f,cream soup,2,0.8371
../foodsg-233_cleaned/chicken soup/PN5V1UPHAL9QASHD3R7EFOLX.jpg,chicken soup,all,86a2f0661dbc63286eed89d2dc13151b,86a2f0661dbc63286eed89d2dc13151b,Soto ayam,2,0.5209
../foodsg-233_cleaned/chicken soup/PN82YWX5H7GFREI8AYPZ7CU0.jpg,chicken soup,all,68542d230bd6f1be223cc258b30654c5,68542d230bd6f1be223cc258b30654c5,vegetable soup,2,0.8166
../foodsg-233_cleaned/chicken soup/PPVGFNXMIDOJ5MPSH399HWUE.jpg,chicken soup,all,54802c2a41f5d662763185d8d8db78bc,54802c2a41f5d662763185d8d8db78bc,chawanmushi,2,0.9525
../foodsg-233_cleaned/chicken soup/QWERTCCV2HMENO217YTUSPL7.jpg,chicken soup,all,21e3940b2eaa91ed768568eb59985c0f,21e3940b2eaa91ed768568eb59985c0f,cream soup,2,0.7858
../foodsg-233_cleaned/chicken soup/TH939MB0VPY7RUU8E9P9N2BL.jpg,chicken soup,all,5b3b0a9b8ead27a1b52a12237f074d22,5b3b0a9b8ead27a1b52a12237f074d22,"Pilaf, pea",2,0.6
../foodsg-233_cleaned/chicken soup/TQHAOBUI3MKZHBS8UPHK8TK2.jpg,chicken soup,all,54802c2a41f5d662763185d8d8db78bc,54802c2a41f5d662763185d8d8db78bc,tacos and nachos,2,0.9861
../foodsg-233_cleaned/chicken soup/W9QC8VOGDZSIQT51HPGF22L3.jpg,chicken soup,all,54802c2a41f5d662763185d8d8db78bc,54802c2a41f5d662763185d8d8db78bc,Udon,2,0.7341
../foodsg-233_cleaned/chicken soup/X3J4MCRMH4OE4DCKXTHDCIP3.jpg,chicken soup,all,d7bfbd2bd84a21ee95deea72a4033dff,d7bfbd2bd84a21ee95deea72a4033dff,miso soup,2,0.8782
../foodsg-233_cleaned/chicken soup/X8Q5ZX5QAMAIOGPBZ66BEJ3J.jpg,chicken soup,all,5b3b0a9b8ead27a1b52a12237f074d22,5b3b0a9b8ead27a1b52a12237f074d22,"Pilaf, pea",2,0.5605
../foodsg-233_cleaned/chicken soup/XEX6XAOO7I2AKIPAAO6WOK4A.jpg,chicken soup,all,2e24ae5bbcbd7bff7bf35c4156ca0f9a,2e24ae5bbcbd7bff7bf35c4156ca0f9a,dumpling,2,0.9563
../foodsg-233_cleaned/chicken soup/XUTO0R18GED64BXU3IJKT4BT.jpg,chicken soup,all,21e3940b2eaa91ed768568eb59985c0f,21e3940b2eaa91ed768568eb59985c0f,cream soup,2,0.5997
../foodsg-233_cleaned/chicken soup/ZENY571X9BD39475L3DMCJ06.jpg,chicken soup,all,68542d230bd6f1be223cc258b30654c5,68542d230bd6f1be223cc258b30654c5,vegetable soup,2,0.7879
../foodsg-233_cleaned/chicken soup/ZNZWAAP6434BQ4H7TD3AZEOZ.jpg,chicken soup,all,21e3940b2eaa91ed768568eb59985c0f,21e3940b2eaa91ed768568eb59985c0f,cream soup,2,0.8197
../foodsg-233_cleaned/chicken wing/3G5AVZ9RZT2XR7LQHRBM3XQV.jpg,chicken wing,all,4006486090788894e5d33494a2cd3080,4006486090788894e5d33494a2cd3080,char siew,2,0.7276
../foodsg-233_cleaned/chicken wing/B7G0TYII54R8731N857YRBPT.jpg,chicken wing,all,642996e7b9f348cab5a2f026c7c502cf,642996e7b9f348cab5a2f026c7c502cf,fried chicken,2,0.6303
../foodsg-233_cleaned/chicken wing/GNQAWX2Y2ZKVGS41BABGC98I.jpg,chicken wing,all,4006486090788894e5d33494a2cd3080,4006486090788894e5d33494a2cd3080,pizza,2,0.7667
../foodsg-233_cleaned/chicken wing/LWAWQYX8IXS5KNFOWQ46BMR0.jpg,chicken wing,all,642996e7b9f348cab5a2f026c7c502cf,642996e7b9f348cab5a2f026c7c502cf,fried chicken,2,0.5667
../foodsg-233_cleaned/chicken wing/RXWJVSOKTA04RYJTANLPJ1RX.jpg,chicken wing,all,642996e7b9f348cab5a2f026c7c502cf,642996e7b9f348cab5a2f026c7c502cf,fried chicken,2,0.747
../foodsg-233_cleaned/chilli crab/A1BQH7QFMJ5EK9SXM9SHXTFG.jpg,chilli crab,all,dc96f26055a16d3f2e0d29aff01ba50e,dc96f26055a16d3f2e0d29aff01ba50e,chicken rice,2,0.7454
../foodsg-233_cleaned/chilli crab/MEDSBFNEMXXISYSC3T5156KK.jpg,chilli crab,all,309156ac1fea0268fe3312f6ac7f51cc,309156ac1fea0268fe3312f6ac7f51cc,black pepper crab,2,0.7999
../foodsg-233_cleaned/chilli crab/UDRR3GZNX8LP0P2SYMYBHSSI.jpg,chilli crab,all,309156ac1fea0268fe3312f6ac7f51cc,309156ac1fea0268fe3312f6ac7f51cc,black pepper crab,2,0.9977
../foodsg-233_cleaned/chilli crab/W577BAU4227OHK9XX5BXDLOA.jpg,chilli crab,all,309156ac1fea0268fe3312f6ac7f51cc,309156ac1fea0268fe3312f6ac7f51cc,black pepper crab,2,0.7291
../foodsg-233_cleaned/chilli crab/WFPZROGPAVP0H63EQAR8JQUO.jpg,chilli crab,all,309156ac1fea0268fe3312f6ac7f51cc,309156ac1fea0268fe3312f6ac7f51cc,black pepper crab,2,0.9408
../foodsg-233_cleaned/chin chow drink/4LZ345VF98SSM3T7KIZVUMC6.jpg,chin chow drink,all,f71cd94ed7d1d2ba38b82c56e638b62e,f71cd94ed7d1d2ba38b82c56e638b62e,Bubble Milk Tea,2,0.9175
../foodsg-233_cleaned/chin chow drink/GXKNTW7Z0IX98Y7L9I53QAZX.jpg,chin chow drink,all,2be6d1a26bb1caa5e6c1d2c473d3af5c,2be6d1a26bb1caa5e6c1d2c473d3af5c,cheng tng,2,0.7639
../foodsg-233_cleaned/chin chow drink/Q3GBLUALVGM2GJK80KZ046YA.jpg,chin chow drink,all,2be6d1a26bb1caa5e6c1d2c473d3af5c,2be6d1a26bb1caa5e6c1d2c473d3af5c,Snacks and Chips,2,0.7152
../foodsg-233_cleaned/chin chow drink/U7IS8PY6G4D1HSUXOMGKA45M.jpg,chin chow drink,all,f71cd94ed7d1d2ba38b82c56e638b62e,f71cd94ed7d1d2ba38b82c56e638b62e,Bubble Milk Tea,2,0.7131
../foodsg-233_cleaned/chin chow drink/VVQEUCLU34NRZ8XSJEN81WHV.jpg,chin chow drink,all,2be6d1a26bb1caa5e6c1d2c473d3af5c,2be6d1a26bb1caa5e6c1d2c473d3af5c,Chocolate,2,0.6561
../foodsg-233_cleaned/chin chow drink/XFIN1ZNSSFJ0PB2WJ4LO23BG.jpg,chin chow drink,all,2be6d1a26bb1caa5e6c1d2c473d3af5c,2be6d1a26bb1caa5e6c1d2c473d3af5c,ice kacang,2,0.9447
../foodsg-233_cleaned/chwee kueh/OQERHRBFHIVN2MFA9BQYL1Q4.jpg,chwee kueh,all,f6d690e7a81eef7d74fb5d4fdc2f3743,f6d690e7a81eef7d74fb5d4fdc2f3743,yuseng,2,0.5727
../foodsg-233_cleaned/chwee kueh/XVPKWS4HON48PSL3AA9R8A1T.jpg,chwee kueh,all,f6d690e7a81eef7d74fb5d4fdc2f3743,f6d690e7a81eef7d74fb5d4fdc2f3743,lamb chops,2,0.6523
../foodsg-233_cleaned/cooked brown rice/1ED7YNV6E0MWMQ9CYD6765SV.jpg,cooked brown rice,all,9863973f1e013a8cfa4beaff674a4faf,9863973f1e013a8cfa4beaff674a4faf,"Pilaf, pea",2,0.7376
../foodsg-233_cleaned/cooked brown rice/56OMUH9CPDDSVP24R5QWOF7G.jpg,cooked brown rice,all,ea94416d2b175e2b57a6b00245981504,ea94416d2b175e2b57a6b00245981504,fried rice,2,0.5851
../foodsg-233_cleaned/cooked brown rice/5LBLVUWGD1BJPFGLAL7KXBFH.jpg,cooked brown rice,all,d89c36591d0b6114f7314d9934df3cd6,d89c36591d0b6114f7314d9934df3cd6,char siew,2,0.641
../foodsg-233_cleaned/cooked brown rice/6QGEIE3PG3YO4XCKFOM6TA7J.jpg,cooked brown rice,all,8d2ca8a1af150215fdd9813d37db307e,8d2ca8a1af150215fdd9813d37db307e,whole oats,2,0.6772
../foodsg-233_cleaned/cooked brown rice/9B8QUL3CK6PSTX76NVN4OM6S.jpg,cooked brown rice,all,ea94416d2b175e2b57a6b00245981504,ea94416d2b175e2b57a6b00245981504,fried rice,2,0.806
../foodsg-233_cleaned/cooked brown rice/B20VLM6LSYRVALBIOKZLLAJF.jpg,cooked brown rice,all,404e8361bad7cd554522ee995880a5ba,404e8361bad7cd554522ee995880a5ba,buckwheat,2,0.987
../foodsg-233_cleaned/cooked brown rice/BSCDLOIFT1LRZ24TQLAZCMKM.jpg,cooked brown rice,all,9863973f1e013a8cfa4beaff674a4faf,9863973f1e013a8cfa4beaff674a4faf,"Pilaf, pea",2,0.6666
../foodsg-233_cleaned/cooked brown rice/EPA5BAYWY37IWPHKY93YFUTH.jpg,cooked brown rice,all,9863973f1e013a8cfa4beaff674a4faf,9863973f1e013a8cfa4beaff674a4faf,"Pilaf, pea",2,0.9765
../foodsg-233_cleaned/cooked brown rice/G0XWVAOJULQ29RPTIQC3YIDO.jpg,cooked brown rice,all,ea94416d2b175e2b57a6b00245981504,ea94416d2b175e2b57a6b00245981504,fried rice,2,0.6621
../foodsg-233_cleaned/cooked brown rice/LE3WPS5D6XUXRM0DCO1HE9UG.jpg,cooked brown rice,all,d89c36591d0b6114f7314d9934df3cd6,d89c36591d0b6114f7314d9934df3cd6,Barley,2,0.9287
../foodsg-233_cleaned/cooked brown rice/LE7FE8LROXR077UJ4XVEOH1Y.jpg,cooked brown rice,all,80783003c9cbf07e7453a3b15d914a79,80783003c9cbf07e7453a3b15d914a79,"Rice, korean bulgogi beef",2,0.9684
../foodsg-233_cleaned/cooked brown rice/MJHC8Q81XMCWVSHODWH4G21O.jpg,cooked brown rice,all,9863973f1e013a8cfa4beaff674a4faf,9863973f1e013a8cfa4beaff674a4faf,"Pilaf, pea",2,0.7823
../foodsg-233_cleaned/cooked brown rice/O4TBCGBR16KJRFBUYWMQXKWO.jpg,cooked brown rice,all,404e8361bad7cd554522ee995880a5ba,404e8361bad7cd554522ee995880a5ba,buckwheat,2,0.984
../foodsg-233_cleaned/cooked brown rice/OYDF826HTMZT9NJSFTH8QF71.jpg,cooked brown rice,all,9863973f1e013a8cfa4beaff674a4faf,9863973f1e013a8cfa4beaff674a4faf,"Pilaf, pea",2,0.9573
../foodsg-233_cleaned/cooked brown rice/P1K8OVZUUSGPTXHGQ2904P8C.jpg,cooked brown rice,all,d89c36591d0b6114f7314d9934df3cd6,d89c36591d0b6114f7314d9934df3cd6,cooked white rice,2,0.9139
../foodsg-233_cleaned/cooked brown rice/T189MT92XKMTX4CMC8EML45U.jpg,cooked brown rice,all,9863973f1e013a8cfa4beaff674a4faf,9863973f1e013a8cfa4beaff674a4faf,"Pilaf, pea",2,0.967
../foodsg-233_cleaned/cooked brown rice/VDEL52ZS1XO1OSIQM2KKOBT4.jpg,cooked brown rice,all,d89c36591d0b6114f7314d9934df3cd6,d89c36591d0b6114f7314d9934df3cd6,mixed vegetables,2,0.6037
../foodsg-233_cleaned/cooked brown rice/W990EWRXTPW0VK3YGZ0HBMV3.jpg,cooked brown rice,all,9863973f1e013a8cfa4beaff674a4faf,9863973f1e013a8cfa4beaff674a4faf,"Pilaf, pea",2,0.7634
../foodsg-233_cleaned/cooked brown rice/WHTF8S0SO0BOK8J5M8ZZ13W0.jpg,cooked brown rice,all,d89c36591d0b6114f7314d9934df3cd6,d89c36591d0b6114f7314d9934df3cd6,Nasi Ambeng,2,0.6016
../foodsg-233_cleaned/cooked brown rice/WKMKASAGKRI4OQ9M2AIL0N9J.jpg,cooked brown rice,all,ea94416d2b175e2b57a6b00245981504,ea94416d2b175e2b57a6b00245981504,fried rice,2,0.7094
../foodsg-233_cleaned/cooked brown rice/YEF02CIDQ4ZS9H5ISWCWB81L.jpg,cooked brown rice,all,d89c36591d0b6114f7314d9934df3cd6,d89c36591d0b6114f7314d9934df3cd6,muesli,2,0.6385
../foodsg-233_cleaned/cooked white rice/0HNFE55T247KM876ODO6C6G5.jpg,cooked white rice,all,3538930d9b353312c6d8fc1be3607613,3538930d9b353312c6d8fc1be3607613,cake,2,0.5503
../foodsg-233_cleaned/cooked white rice/BAD09L89WNFSBIQZGO1JWTDV.jpg,cooked white rice,all,6f397bf8774277c916701cfa0f3712d9,6f397bf8774277c916701cfa0f3712d9,yam rice,2,0.9345
../foodsg-233_cleaned/cooked white rice/FCWTU370V54HXWR7GQIU1V9U.jpg,cooked white rice,all,3538930d9b353312c6d8fc1be3607613,3538930d9b353312c6d8fc1be3607613,mixed vegetables,2,0.7233
../foodsg-233_cleaned/corn/10LO4MX73554FWDSJXLP8P50.jpg,corn,all,08fc7040343854e69a703f07842919b5,08fc7040343854e69a703f07842919b5,salad,2,0.878
../foodsg-233_cleaned/corn/F71NNWSW8YJXZEYJXEBG8TIW.jpg,corn,all,08fc7040343854e69a703f07842919b5,08fc7040343854e69a703f07842919b5,Barley,2,0.6263
../foodsg-233_cleaned/cream soup/383720E9BJ1QB8H1FSGIJW4Y.jpg,cream soup,all,93d273978e7669b0fa41fd76ea89fb24,93d273978e7669b0fa41fd76ea89fb24,vegetable soup,2,0.5525
../foodsg-233_cleaned/cream soup/90FG7QGXX3UPSJSN7RD55MXN.jpg,cream soup,all,c1c8003dbe7a0232a3e235a0b64f5dfb,c1c8003dbe7a0232a3e235a0b64f5dfb,chawanmushi,2,0.8126
../foodsg-233_cleaned/cream soup/BJ4JXO9H3UYGMGLPF8UB26OL.jpg,cream soup,all,6bb53b6a6431a922792bc1f2d37c2cca,6bb53b6a6431a922792bc1f2d37c2cca,mushroom soup,2,0.739
../foodsg-233_cleaned/cream soup/BQHMALE5L05M0QVTQ7BD8WHU.jpg,cream soup,all,f44dad8f3bef4bd35abe9b201c63dcff,f44dad8f3bef4bd35abe9b201c63dcff,tau suan,2,0.7209
../foodsg-233_cleaned/cream soup/CPALQS3DX9K26RG65S2JO4SI.jpg,cream soup,all,93d273978e7669b0fa41fd76ea89fb24,93d273978e7669b0fa41fd76ea89fb24,vegetable soup,2,0.5256
../foodsg-233_cleaned/cream soup/D1T3VEX9NF56BBJ1RS0ADF31.jpg,cream soup,all,f44dad8f3bef4bd35abe9b201c63dcff,f44dad8f3bef4bd35abe9b201c63dcff,yogurt,2,0.7176
../foodsg-233_cleaned/cream soup/D2MFS09EJB7E7L6RM065EV4D.jpg,cream soup,all,6bb53b6a6431a922792bc1f2d37c2cca,6bb53b6a6431a922792bc1f2d37c2cca,mushroom soup,2,0.8535
../foodsg-233_cleaned/cream soup/J3VNAX6DVZEM7ZJMZ8BTZI37.jpg,cream soup,all,c1c8003dbe7a0232a3e235a0b64f5dfb,c1c8003dbe7a0232a3e235a0b64f5dfb,chawanmushi,2,0.9768
../foodsg-233_cleaned/cream soup/JP6LMZB8G7OFORU4HCACTKG9.jpg,cream soup,all,93d273978e7669b0fa41fd76ea89fb24,93d273978e7669b0fa41fd76ea89fb24,vegetable soup,2,0.6705
../foodsg-233_cleaned/cream soup/LCLHDXUSD2DQE0063BY6GRQN.jpg,cream soup,all,6bb53b6a6431a922792bc1f2d37c2cca,6bb53b6a6431a922792bc1f2d37c2cca,mushroom soup,2,0.6612
../foodsg-233_cleaned/cream soup/MXDMZVCIPB3PBUD3YVJEYSN0.jpg,cream soup,all,6bb53b6a6431a922792bc1f2d37c2cca,6bb53b6a6431a922792bc1f2d37c2cca,mushroom soup,2,0.8044
../foodsg-233_cleaned/cream soup/NHDV7VGAO7NWGD4UQY3YUVMO.jpg,cream soup,all,6bb53b6a6431a922792bc1f2d37c2cca,6bb53b6a6431a922792bc1f2d37c2cca,mushroom soup,2,0.7872
../foodsg-233_cleaned/cream soup/ODPAIIFDOFB0O78E03D0C7A8.jpg,cream soup,all,8f0691657ec90dbc6f60f493cf122857,8f0691657ec90dbc6f60f493cf122857,mango pudding,2,0.9993
../foodsg-233_cleaned/cream soup/SOOAKU1505KUP1RM25YB4WXL.jpg,cream soup,all,f44dad8f3bef4bd35abe9b201c63dcff,f44dad8f3bef4bd35abe9b201c63dcff,banana,2,0.9822
../foodsg-233_cleaned/cream soup/U0FOCJXDXFQ4IMNOT1MHAZ2L.jpg,cream soup,all,6bb53b6a6431a922792bc1f2d37c2cca,6bb53b6a6431a922792bc1f2d37c2cca,mushroom soup,2,0.8602
../foodsg-233_cleaned/cream soup/YAMYW6R9C06JVLK0UZU6L9PG.jpg,cream soup,all,6bb53b6a6431a922792bc1f2d37c2cca,6bb53b6a6431a922792bc1f2d37c2cca,mushroom soup,2,0.9981
../foodsg-233_cleaned/cream soup/YSCZWWA4E778ATIG01MZKTVT.jpg,cream soup,all,6bb53b6a6431a922792bc1f2d37c2cca,6bb53b6a6431a922792bc1f2d37c2cca,mushroom soup,2,0.8092
../foodsg-233_cleaned/cream soup/YZ1BUQ5ZZRVBAMOH6R1ZTIQK.jpg,cream soup,all,8f0691657ec90dbc6f60f493cf122857,8f0691657ec90dbc6f60f493cf122857,mango pudding,2,0.9108
../foodsg-233_cleaned/curry puff/3O5G1V2S9YXXVUMTBXM7V33A.jpg,curry puff,all,e730cb2a20b902bb8f72e0d5d2c80ec0,e730cb2a20b902bb8f72e0d5d2c80ec0,sausage rolls,2,0.6234
../foodsg-233_cleaned/drunken prawn/0FUTI3PNTV7NHPNDRFE753Z4.jpg,drunken prawn,all,9eab0c97a396733660f89a4921c25cf2,9eab0c97a396733660f89a4921c25cf2,Prawn Noodle,2,0.9105
../foodsg-233_cleaned/drunken prawn/3SA02C5SSKYC5DW89M19JPF8.jpg,drunken prawn,all,9eab0c97a396733660f89a4921c25cf2,9eab0c97a396733660f89a4921c25cf2,satay,2,0.8845
../foodsg-233_cleaned/drunken prawn/552JSK2FVEZYG3FWCGTHZ1DG.jpg,drunken prawn,all,9eab0c97a396733660f89a4921c25cf2,9eab0c97a396733660f89a4921c25cf2,Udon,2,0.6402
../foodsg-233_cleaned/drunken prawn/6SIGNT59TMEQ2PTO6XRD5P2E.jpg,drunken prawn,all,9eab0c97a396733660f89a4921c25cf2,9eab0c97a396733660f89a4921c25cf2,"Rice, korean bulgogi beef",2,0.527
../foodsg-233_cleaned/drunken prawn/8DOIDAZ1XDHUL6NAV2KYML6O.jpg,drunken prawn,all,fbc98297bf82dc180928e160ec9e1d7a,fbc98297bf82dc180928e160ec9e1d7a,fried prawn,2,0.8137
../foodsg-233_cleaned/drunken prawn/BLQ7MREZAQXLV7Q3XPERV7TT.jpg,drunken prawn,all,9eab0c97a396733660f89a4921c25cf2,9eab0c97a396733660f89a4921c25cf2,pasta - fettuccine,2,0.624
../foodsg-233_cleaned/drunken prawn/BVSELD75TKVPPDRKKROLRC8T.jpg,drunken prawn,all,9eab0c97a396733660f89a4921c25cf2,9eab0c97a396733660f89a4921c25cf2,steamed grouper,2,0.6343
../foodsg-233_cleaned/drunken prawn/D02D6RS17LFAYCVNR0ESRGX8.jpg,drunken prawn,all,9eab0c97a396733660f89a4921c25cf2,9eab0c97a396733660f89a4921c25cf2,mixed vegetables,2,0.657
../foodsg-233_cleaned/drunken prawn/GCTP4ECK9JA1HH9UUKXR8ZKW.jpg,drunken prawn,all,fbc98297bf82dc180928e160ec9e1d7a,fbc98297bf82dc180928e160ec9e1d7a,fried prawn,2,0.6006
../foodsg-233_cleaned/drunken prawn/HD3VZ674OLE6ZAF001R2M0M5.jpg,drunken prawn,all,9eab0c97a396733660f89a4921c25cf2,9eab0c97a396733660f89a4921c25cf2,Mee goreng,2,0.8631
../foodsg-233_cleaned/drunken prawn/K4YIKDO0M8PXJLF1L70M292Y.jpg,drunken prawn,all,9eab0c97a396733660f89a4921c25cf2,9eab0c97a396733660f89a4921c25cf2,tom yum noodle soup,2,0.9345
../foodsg-233_cleaned/drunken prawn/KZQGL0HWUX6D8VVZT9P61NS9.jpg,drunken prawn,all,fbc98297bf82dc180928e160ec9e1d7a,fbc98297bf82dc180928e160ec9e1d7a,fried prawn,2,0.6988
../foodsg-233_cleaned/drunken prawn/LFZ4QHF172NWKXQ7EI7WXS0S.jpg,drunken prawn,all,fbc98297bf82dc180928e160ec9e1d7a,fbc98297bf82dc180928e160ec9e1d7a,fried prawn,2,0.5734
../foodsg-233_cleaned/drunken prawn/N9Y071JIYHXL8W83FAYABAIH.jpg,drunken prawn,all,fbc98297bf82dc180928e160ec9e1d7a,fbc98297bf82dc180928e160ec9e1d7a,fried prawn,2,0.6117
../foodsg-233_cleaned/drunken prawn/PS0GCWVMROWFVKU9RHT1ZJY4.jpg,drunken prawn,all,9eab0c97a396733660f89a4921c25cf2,9eab0c97a396733660f89a4921c25cf2,mushroom soup,2,0.9576
../foodsg-233_cleaned/drunken prawn/QAEU9T3RMFIR2YO8M9FC5MAW.jpg,drunken prawn,all,9eab0c97a396733660f89a4921c25cf2,9eab0c97a396733660f89a4921c25cf2,Dumpling noodle soup,2,0.7818
../foodsg-233_cleaned/dumpling/0NL61LCAC6TXJ3EFGV6PUZC5.jpg,dumpling,all,413e96b84be8fdfcb7accee8f95595bc,413e96b84be8fdfcb7accee8f95595bc,cherries,2,0.6949
../foodsg-233_cleaned/dumpling/4PWP51MIS84PWSL561TJOYWV.jpg,dumpling,all,413e96b84be8fdfcb7accee8f95595bc,413e96b84be8fdfcb7accee8f95595bc,wholegrain pasta,2,0.9212
../foodsg-233_cleaned/dumpling/678XLUG7466KPJ4TGQNYF9QC.jpg,dumpling,all,413e96b84be8fdfcb7accee8f95595bc,413e96b84be8fdfcb7accee8f95595bc,longan,2,0.5735
../foodsg-233_cleaned/dumpling/GNIA0WRH0RWXX92EA21JE1AR.jpg,dumpling,all,413e96b84be8fdfcb7accee8f95595bc,413e96b84be8fdfcb7accee8f95595bc,Chinese fritters,2,0.9584
../foodsg-233_cleaned/dumpling/H9BVZ58J90RUTMGWPHBUDOXA.jpg,dumpling,all,413e96b84be8fdfcb7accee8f95595bc,413e96b84be8fdfcb7accee8f95595bc,"Rice, chicken katsu with Japanese curry",2,0.6013
../foodsg-233_cleaned/dumpling/HBAG1L4NXS35USPTDXSK4IJY.jpg,dumpling,all,e951e59a2e9f2e85bb520152205fc40e,e951e59a2e9f2e85bb520152205fc40e,xiao long bao,2,0.8923
../foodsg-233_cleaned/dumpling/IE4XW2IT0940VCZFUA9XWTL2.jpg,dumpling,all,e951e59a2e9f2e85bb520152205fc40e,e951e59a2e9f2e85bb520152205fc40e,xiao long bao,2,0.9142
../foodsg-233_cleaned/dumpling/IUC29ZATOWE4P7OJQB6MRY9R.jpg,dumpling,all,413e96b84be8fdfcb7accee8f95595bc,413e96b84be8fdfcb7accee8f95595bc,rice dumpling,2,0.5617
../foodsg-233_cleaned/dumpling/ONCI3ZYBOD0S2P3NYDSGGWTN.jpg,dumpling,all,413e96b84be8fdfcb7accee8f95595bc,413e96b84be8fdfcb7accee8f95595bc,breakfast cereal,2,0.771
../foodsg-233_cleaned/dumpling/R4RLDR18V3M82SEE58ZS68RH.jpg,dumpling,all,413e96b84be8fdfcb7accee8f95595bc,413e96b84be8fdfcb7accee8f95595bc,bakso,2,0.6799
../foodsg-233_cleaned/dumpling/RCC4A7I9GBLM8P8YQ52KJCDQ.jpg,dumpling,all,413e96b84be8fdfcb7accee8f95595bc,413e96b84be8fdfcb7accee8f95595bc,pasta - fettuccine,2,0.714
../foodsg-233_cleaned/dumpling/T6ZARLB4PVIIZMF8HUMRJ9UC.jpg,dumpling,all,809e24073e461eab19f043b713b63257,809e24073e461eab19f043b713b63257,steamed buns,2,0.5315
../foodsg-233_cleaned/dumpling/UQ3BOB1LXDGJD1PC8BV9T44X.jpg,dumpling,all,413e96b84be8fdfcb7accee8f95595bc,413e96b84be8fdfcb7accee8f95595bc,popiah,2,0.6066
../foodsg-233_cleaned/dumpling/Y8SEERQ2DD3MKQ9GVKG8EF7G.jpg,dumpling,all,b619bacd9d5cbdb89db02e83790a9dba,b619bacd9d5cbdb89db02e83790a9dba,Dumpling noodle soup,2,0.5724
../foodsg-233_cleaned/dumpling/ZVV1QS8Y64GVR79HJDXFFXRV.jpg,dumpling,all,b619bacd9d5cbdb89db02e83790a9dba,b619bacd9d5cbdb89db02e83790a9dba,Dumpling noodle soup,2,0.5677
../foodsg-233_cleaned/durian/ACW938VBZDF0N1UNXI4CGN6Y.jpg,durian,all,c7ad4bb820851c0c6c2d5ad2bc45ca59,c7ad4bb820851c0c6c2d5ad2bc45ca59,cream soup,2,0.861
../foodsg-233_cleaned/durian/H0D91HI6XDBNB02MQXXTIH8Y.jpg,durian,all,c7ad4bb820851c0c6c2d5ad2bc45ca59,c7ad4bb820851c0c6c2d5ad2bc45ca59,steamed buns,2,0.851
../foodsg-233_cleaned/durian/YO992RZ517H1C8FFYGFTDIVJ.jpg,durian,all,c7ad4bb820851c0c6c2d5ad2bc45ca59,c7ad4bb820851c0c6c2d5ad2bc45ca59,jackfruit,2,0.608
../foodsg-233_cleaned/egg tart/23BO83RQ9LX0W9977ZVOM0X9.jpg,egg tart,all,6170f64231fd5257e0e25e867e59f966,6170f64231fd5257e0e25e867e59f966,Chinese fritters,2,0.7725
../foodsg-233_cleaned/egg tart/AGK7I3XDKMMKQ1PW8GPSP1PD.jpg,egg tart,all,6170f64231fd5257e0e25e867e59f966,6170f64231fd5257e0e25e867e59f966,pineapple tarts,2,0.7663
../foodsg-233_cleaned/fish head curry/0MQR3AIGBP141ZK9AJ4MG7UQ.jpg,fish head curry,all,61042664ba0cf55e60ce6236aecd4900,61042664ba0cf55e60ce6236aecd4900,assam pedas,2,0.9824
../foodsg-233_cleaned/fish head curry/1VZ8DNGSZT0X8B7TJ70ON4KJ.jpg,fish head curry,all,61042664ba0cf55e60ce6236aecd4900,61042664ba0cf55e60ce6236aecd4900,assam pedas,2,0.6314
../foodsg-233_cleaned/fish head curry/2UAARPH7JNU6JVC4CMXDW2LY.jpg,fish head curry,all,61042664ba0cf55e60ce6236aecd4900,61042664ba0cf55e60ce6236aecd4900,assam pedas,2,0.704
../foodsg-233_cleaned/fish head curry/4VAZ046QONIGXCJT9VELFNEX.jpg,fish head curry,all,12f82d3e032c26e06d112637d0f6c059,12f82d3e032c26e06d112637d0f6c059,chicken masala,2,0.564
../foodsg-233_cleaned/fish head curry/KS3CTGO25UQDY66FWM3BNCHY.jpg,fish head curry,all,61042664ba0cf55e60ce6236aecd4900,61042664ba0cf55e60ce6236aecd4900,assam pedas,2,0.9909
../foodsg-233_cleaned/fish head curry/RFIQLTGER9LE9CVJLK0RJITB.jpg,fish head curry,all,61042664ba0cf55e60ce6236aecd4900,61042664ba0cf55e60ce6236aecd4900,assam pedas,2,0.8802
../foodsg-233_cleaned/fish head curry/XGA4G6MWFJPONUHJR7Z66U1J.jpg,fish head curry,all,61042664ba0cf55e60ce6236aecd4900,61042664ba0cf55e60ce6236aecd4900,assam pedas,2,0.8556
../foodsg-233_cleaned/french fries/7DCWSOX7TTA1E7D7KAGWBHKQ.jpg,french fries,all,9716900b40e8d71c692d130a268c5379,9716900b40e8d71c692d130a268c5379,goreng pisang,2,0.8772
../foodsg-233_cleaned/french fries/N9PQ0JCYP7SVYQ2DE5NBU6QV.jpg,french fries,all,a622241a220a1995a5f7025f3d05842b,a622241a220a1995a5f7025f3d05842b,cheese fries,2,0.8486
../foodsg-233_cleaned/french fries/NJ7X4X3T8NG2XI4CACUT6165.jpg,french fries,all,9716900b40e8d71c692d130a268c5379,9716900b40e8d71c692d130a268c5379,wholegrain pasta,2,0.593
../foodsg-233_cleaned/french fries/XTOFY8FKUUP487GM343Q0U3R.jpg,french fries,all,9716900b40e8d71c692d130a268c5379,9716900b40e8d71c692d130a268c5379,sandwich,2,0.5961
../foodsg-233_cleaned/french fries/Y67KJU6XLRZ54RHSPRLHXKY0.jpg,french fries,all,a622241a220a1995a5f7025f3d05842b,a622241a220a1995a5f7025f3d05842b,cheese fries,2,0.5669
../foodsg-233_cleaned/french fries/ZIRIV4V918P025ACWO07P4S1.jpg,french fries,all,a622241a220a1995a5f7025f3d05842b,a622241a220a1995a5f7025f3d05842b,cheese fries,2,0.944
../foodsg-233_cleaned/french fries/ZQX21OKL1NGXCIZ47UV9U317.jpg,french fries,all,4785748aa589ab1714913c45c57370f5,4785748aa589ab1714913c45c57370f5,Fish and chips,2,0.9684
../foodsg-233_cleaned/fried chicken/07YG2Z0V6IYUTZKTJIRFDBJ0.jpg,fried chicken,all,e6a4142df7861a42de15fdf945c58dc7,e6a4142df7861a42de15fdf945c58dc7,har cheong gai,2,0.5223
../foodsg-233_cleaned/fried chicken/1JA8D2IPEND0EBBA7HHWM48Z.jpg,fried chicken,all,642996e7b9f348cab5a2f026c7c502cf,642996e7b9f348cab5a2f026c7c502cf,chicken wing,2,0.7244
../foodsg-233_cleaned/fried chicken/4WEBKWWADQ9SI7ZR2DEDWAON.jpg,fried chicken,all,642996e7b9f348cab5a2f026c7c502cf,642996e7b9f348cab5a2f026c7c502cf,chicken wing,2,0.6082
../foodsg-233_cleaned/fried chicken/5Z8JC0O09AKXKZFZHABIX5B2.jpg,fried chicken,all,e6a4142df7861a42de15fdf945c58dc7,e6a4142df7861a42de15fdf945c58dc7,har cheong gai,2,0.6705
../foodsg-233_cleaned/fried chicken/6OKO7TC2XZAMZX44G08MHO14.jpg,fried chicken,all,e6a4142df7861a42de15fdf945c58dc7,e6a4142df7861a42de15fdf945c58dc7,har cheong gai,2,0.8015
../foodsg-233_cleaned/fried chicken/70QSO8JDH0RRLGPDAQ5YUX55.jpg,fried chicken,all,642996e7b9f348cab5a2f026c7c502cf,642996e7b9f348cab5a2f026c7c502cf,chicken wing,2,0.7485
../foodsg-233_cleaned/fried chicken/7BZHD07BFBGDLYJH8JE83970.jpg,fried chicken,all,e9c023e6c6a4a62781e555e3197674d1,e9c023e6c6a4a62781e555e3197674d1,roasted chicken,2,0.8117
../foodsg-233_cleaned/fried chicken/8XL9CXG0XBI7VA73M52L2CNP.jpg,fried chicken,all,e6a4142df7861a42de15fdf945c58dc7,e6a4142df7861a42de15fdf945c58dc7,har cheong gai,2,0.5446
../foodsg-233_cleaned/fried chicken/9FMGCCV8SG18CW4OXUJG8O6N.jpg,fried chicken,all,642996e7b9f348cab5a2f026c7c502cf,642996e7b9f348cab5a2f026c7c502cf,chicken wing,2,0.6594
../foodsg-233_cleaned/fried chicken/9NCZL908KUNBMAO7EBO6RMET.jpg,fried chicken,all,642996e7b9f348cab5a2f026c7c502cf,642996e7b9f348cab5a2f026c7c502cf,chicken wing,2,0.8387
../foodsg-233_cleaned/fried chicken/A5TZ7YHEVH1BHDH2NAMM867H.jpg,fried chicken,all,e6a4142df7861a42de15fdf945c58dc7,e6a4142df7861a42de15fdf945c58dc7,har cheong gai,2,0.9746
../foodsg-233_cleaned/fried chicken/BV6LG62G3LZEH6DHFKRPKFN2.jpg,fried chicken,all,e6a4142df7861a42de15fdf945c58dc7,e6a4142df7861a42de15fdf945c58dc7,har cheong gai,2,0.5625
../foodsg-233_cleaned/fried chicken/EIOJKKFQOAPG1A67SY2OW8JE.jpg,fried chicken,all,e6a4142df7861a42de15fdf945c58dc7,e6a4142df7861a42de15fdf945c58dc7,har cheong gai,2,0.5501
../foodsg-233_cleaned/fried chicken/F0EWWX0EO8GPIXW1OT99IBN7.jpg,fried chicken,all,a8400d53de955961c2c79fb689268d8f,a8400d53de955961c2c79fb689268d8f,goreng pisang,2,0.5464
../foodsg-233_cleaned/fried chicken/F4RM5Y2P8AGUK40MZ83Y656A.jpg,fried chicken,all,e9c023e6c6a4a62781e555e3197674d1,e9c023e6c6a4a62781e555e3197674d1,roasted chicken,2,0.8663
../foodsg-233_cleaned/fried chicken/H1OMYDPX6VR4M69T2GJ79Y8M.jpg,fried chicken,all,e6a4142df7861a42de15fdf945c58dc7,e6a4142df7861a42de15fdf945c58dc7,har cheong gai,2,0.5525
../foodsg-233_cleaned/fried chicken/JKKSFW6KRH2K9SKHLGZMRO0O.jpg,fried chicken,all,5ad197e16f8ce5c6b34b68b280afa2cf,5ad197e16f8ce5c6b34b68b280afa2cf,"Don, chicken teriyaki",2,0.9692
../foodsg-233_cleaned/fried chicken/KML573WSWJ2757H0SKW0BBRE.jpg,fried chicken,all,e6a4142df7861a42de15fdf945c58dc7,e6a4142df7861a42de15fdf945c58dc7,har cheong gai,2,0.8638
../foodsg-233_cleaned/fried chicken/M7LZCMB2UUXD43535ERIT79R.jpg,fried chicken,all,a8400d53de955961c2c79fb689268d8f,a8400d53de955961c2c79fb689268d8f,chicken rice,2,0.8578
../foodsg-233_cleaned/fried chicken/NWF4TPYRKE6B3IQ9XPT1YPQ6.jpg,fried chicken,all,a8400d53de955961c2c79fb689268d8f,a8400d53de955961c2c79fb689268d8f,Chinese fritters,2,0.9861
../foodsg-233_cleaned/fried chicken/PBMUDEA3IWRGVNHC0JVUILIE.jpg,fried chicken,all,e9c023e6c6a4a62781e555e3197674d1,e9c023e6c6a4a62781e555e3197674d1,roasted chicken,2,0.5679
../foodsg-233_cleaned/fried chicken/PC240FMGNKUB9DMDTCH7KIID.jpg,fried chicken,all,a8400d53de955961c2c79fb689268d8f,a8400d53de955961c2c79fb689268d8f,breakfast cereal,2,0.9593
../foodsg-233_cleaned/fried chicken/PPIHFJUJSCWI7NS57PYDGURX.jpg,fried chicken,all,a8400d53de955961c2c79fb689268d8f,a8400d53de955961c2c79fb689268d8f,Macaroni,2,0.8784
../foodsg-233_cleaned/fried chicken/PT1UEO96E0GHC32GF46AL1TC.jpg,fried chicken,all,e6a4142df7861a42de15fdf945c58dc7,e6a4142df7861a42de15fdf945c58dc7,har cheong gai,2,0.8491
../foodsg-233_cleaned/fried chicken/TVUTY2ZQEGMRMSQSAWES4T7H.jpg,fried chicken,all,a8400d53de955961c2c79fb689268d8f,a8400d53de955961c2c79fb689268d8f,"Rice, with dakgalbi",2,0.8872
../foodsg-233_cleaned/fried fish/467LWYO1PO8JWGQWM71ADU66.jpg,fried fish,all,14afba8461c444c5cdbafd7c42f173f7,14afba8461c444c5cdbafd7c42f173f7,bee hoon,2,0.8565
../foodsg-233_cleaned/fried fish/6YRJ1DQ9GRNCMPZ1LESPKHUF.jpg,fried fish,all,14afba8461c444c5cdbafd7c42f173f7,14afba8461c444c5cdbafd7c42f173f7,Duck Rice,2,0.7478
../foodsg-233_cleaned/fried fish/AEP8MIEYJI6GL4WOD0ZTJTMZ.jpg,fried fish,all,14afba8461c444c5cdbafd7c42f173f7,14afba8461c444c5cdbafd7c42f173f7,har cheong gai,2,0.8495
../foodsg-233_cleaned/fried fish/G7E7G4CGCDOHA5R08OWNSJ7S.jpg,fried fish,all,1fc3efdc94216cf0f28f06dea59a6fcb,1fc3efdc94216cf0f28f06dea59a6fcb,steamed grouper,2,0.847
../foodsg-233_cleaned/fried fish/HP666VB8H5ZO6RHR3898LYAN.jpg,fried fish,all,14afba8461c444c5cdbafd7c42f173f7,14afba8461c444c5cdbafd7c42f173f7,salmon - grilled,2,0.6063
../foodsg-233_cleaned/fried fish/R5FPPTBVNT033PBFFQV0HJAC.jpg,fried fish,all,14afba8461c444c5cdbafd7c42f173f7,14afba8461c444c5cdbafd7c42f173f7,chai tow kuay,2,0.8635
../foodsg-233_cleaned/fried fish/WJSXA8KKDH9OG0YMA09PVNY0.jpg,fried fish,all,14afba8461c444c5cdbafd7c42f173f7,14afba8461c444c5cdbafd7c42f173f7,"Rice, chicken katsu with Japanese curry",2,0.6262
../foodsg-233_cleaned/fried prawn/01DICAI0OIMQ1BZZ0S5UZ9DN.jpg,fried prawn,all,fbc98297bf82dc180928e160ec9e1d7a,fbc98297bf82dc180928e160ec9e1d7a,drunken prawn,2,0.7818
../foodsg-233_cleaned/fried prawn/17E75JSSVL0R1N1EM9LAQXII.jpg,fried prawn,all,fbc98297bf82dc180928e160ec9e1d7a,fbc98297bf82dc180928e160ec9e1d7a,drunken prawn,2,0.7949
../foodsg-233_cleaned/fried prawn/8XHUV03BUASEFH4QWTQIVQ5Y.jpg,fried prawn,all,b6f496afafe2321e53e9fe76a8aa49e2,b6f496afafe2321e53e9fe76a8aa49e2,Fish and chips,2,0.8721
../foodsg-233_cleaned/fried prawn/AL8RW9X8IY1B3UVR778SVTGA.jpg,fried prawn,all,8540fd5bbdfb8b52b945b427690ad850,8540fd5bbdfb8b52b945b427690ad850,kebab - chicken,2,0.522
../foodsg-233_cleaned/fried prawn/AM07P7J5W8OSQTHPFJVKVT84.jpg,fried prawn,all,8540fd5bbdfb8b52b945b427690ad850,8540fd5bbdfb8b52b945b427690ad850,tandoori chicken,2,0.5651
../foodsg-233_cleaned/fried prawn/EIDPD5HR867ZUGWPS1Z2AA4T.jpg,fried prawn,all,fbc98297bf82dc180928e160ec9e1d7a,fbc98297bf82dc180928e160ec9e1d7a,drunken prawn,2,0.7247
../foodsg-233_cleaned/fried prawn/FR033AM774I17N8XO5BKTHQR.jpg,fried prawn,all,fbc98297bf82dc180928e160ec9e1d7a,fbc98297bf82dc180928e160ec9e1d7a,drunken prawn,2,0.8647
../foodsg-233_cleaned/fried prawn/FTWYJDTF5FZGVOFPAHK8L2JR.jpg,fried prawn,all,fbc98297bf82dc180928e160ec9e1d7a,fbc98297bf82dc180928e160ec9e1d7a,drunken prawn,2,0.714
../foodsg-233_cleaned/fried prawn/H5PMOJAZM2LMBRFBYECWZ2KV.jpg,fried prawn,all,fbc98297bf82dc180928e160ec9e1d7a,fbc98297bf82dc180928e160ec9e1d7a,drunken prawn,2,0.5723
../foodsg-233_cleaned/fried prawn/J1B3SWUHG9WOLSP1MZUY4NFU.jpg,fried prawn,all,fbc98297bf82dc180928e160ec9e1d7a,fbc98297bf82dc180928e160ec9e1d7a,drunken prawn,2,0.5052
../foodsg-233_cleaned/fried prawn/PORTCC3M2BHFXZJM830C5I6S.jpg,fried prawn,all,8540fd5bbdfb8b52b945b427690ad850,8540fd5bbdfb8b52b945b427690ad850,sambal,2,0.79
../foodsg-233_cleaned/fried prawn/S9PSKSUOQMQXFJRJBEYLCZK6.jpg,fried prawn,all,5f01d680b95f1b94723e48f89d3eb3f9,5f01d680b95f1b94723e48f89d3eb3f9,Chinese fritters,2,0.5981
../foodsg-233_cleaned/fried prawn/VCTAXUJPBXL1VCY73YVJIAKT.jpg,fried prawn,all,8540fd5bbdfb8b52b945b427690ad850,8540fd5bbdfb8b52b945b427690ad850,curry puff,2,0.6958
../foodsg-233_cleaned/fried rice/0H6WFRD9BABFCNOWJ6NLTDR8.jpg,fried rice,all,c9e3ff369bb394f1504b03c40f67b6cf,c9e3ff369bb394f1504b03c40f67b6cf,fried prawn,2,0.6849
../foodsg-233_cleaned/fried rice/1JV55DZCE6GC2CV1LM8VNNE0.jpg,fried rice,all,61e4ef15ef5a5653d4f92ef5995b72e1,61e4ef15ef5a5653d4f92ef5995b72e1,yam rice,2,0.6957
../foodsg-233_cleaned/fried rice/38L5KVFF3ISVNF3SVYQR94FL.jpg,fried rice,all,8829f64fa8e38204b51bb2d6ff33f9f2,8829f64fa8e38204b51bb2d6ff33f9f2,"Bee hoon, goreng",2,0.5843
../foodsg-233_cleaned/fried rice/7TU6FLQUP0C7VQ8XHGQLZ3F2.jpg,fried rice,all,834e5d946598aa3f0316a1a993301050,834e5d946598aa3f0316a1a993301050,"Pilaf, pea",2,0.9136
../foodsg-233_cleaned/fried rice/BWLAR579G8N6SLLH8PEH1NI5.jpg,fried rice,all,834e5d946598aa3f0316a1a993301050,834e5d946598aa3f0316a1a993301050,"Pilaf, pea",2,0.8234
../foodsg-233_cleaned/fried rice/DQA4GJ05KV02XP6ZU108UI0Z.jpg,fried rice,all,834e5d946598aa3f0316a1a993301050,834e5d946598aa3f0316a1a993301050,"Pilaf, pea",2,0.7094
../foodsg-233_cleaned/fried rice/EQQPHTGE3S7NPS4FGEW7GOQ1.jpg,fried rice,all,c9e3ff369bb394f1504b03c40f67b6cf,c9e3ff369bb394f1504b03c40f67b6cf,"Rice, korean bulgogi beef",2,0.5255
../foodsg-233_cleaned/fried rice/GFHAENTO2MHGJ1OOMNHSKUWD.jpg,fried rice,all,c9e3ff369bb394f1504b03c40f67b6cf,c9e3ff369bb394f1504b03c40f67b6cf,chicken rice,2,0.5875
../foodsg-233_cleaned/fried rice/HMWSM5ZNDGUHS4K6UCW5T7RL.jpg,fried rice,all,834e5d946598aa3f0316a1a993301050,834e5d946598aa3f0316a1a993301050,"Pilaf, pea",2,0.894
../foodsg-233_cleaned/fried rice/HVV7548DHYAX8MLHP0HJ29BJ.jpg,fried rice,all,834e5d946598aa3f0316a1a993301050,834e5d946598aa3f0316a1a993301050,"Pilaf, pea",2,0.8381
../foodsg-233_cleaned/fried rice/KEZOIPZNDH3NRDWF0QFZ0QKC.jpg,fried rice,all,ea94416d2b175e2b57a6b00245981504,ea94416d2b175e2b57a6b00245981504,cooked brown rice,2,0.7472
../foodsg-233_cleaned/fried rice/NKIS29TC63BA7XHH8Y4RIWIX.jpg,fried rice,all,61e4ef15ef5a5653d4f92ef5995b72e1,61e4ef15ef5a5653d4f92ef5995b72e1,yam rice,2,0.6156
../foodsg-233_cleaned/fried rice/R6USJJMKEA9VEO9BPQU8KSMW.jpg,fried rice,all,834e5d946598aa3f0316a1a993301050,834e5d946598aa3f0316a1a993301050,"Pilaf, pea",2,0.6767
../foodsg-233_cleaned/fried rice/RO3KJCR0DEUPBAG3E4UD4ARV.jpg,fried rice,all,c9e3ff369bb394f1504b03c40f67b6cf,c9e3ff369bb394f1504b03c40f67b6cf,pineapple,2,0.7109
../foodsg-233_cleaned/goreng pisang/2TQ79KTQLR56BEFHB63APL8Q.jpg,goreng pisang,all,3ac3cec178be3994e1cb442a32a466e7,3ac3cec178be3994e1cb442a32a466e7,Chinese fritters,2,0.6705
../foodsg-233_cleaned/goreng pisang/AJIEQ821D6X4Z4AFKZ2B8RO6.jpg,goreng pisang,all,3ac3cec178be3994e1cb442a32a466e7,3ac3cec178be3994e1cb442a32a466e7,Chinese fritters,2,0.642
../foodsg-233_cleaned/goreng pisang/IOG742Q9LRL76PA0BNK7LVL0.jpg,goreng pisang,all,ef172fbee236b2aebbcd4a5d07e02c2b,ef172fbee236b2aebbcd4a5d07e02c2b,curry puff,2,0.9724
../foodsg-233_cleaned/goreng pisang/OSOXB99IKDYQBTBIEKJO2OM6.jpg,goreng pisang,all,3ac3cec178be3994e1cb442a32a466e7,3ac3cec178be3994e1cb442a32a466e7,Chinese fritters,2,0.7522
../foodsg-233_cleaned/goreng pisang/PM6M5SI2MQ2M2W6GK5ULTKSA.jpg,goreng pisang,all,3ac3cec178be3994e1cb442a32a466e7,3ac3cec178be3994e1cb442a32a466e7,Chinese fritters,2,0.7266
../foodsg-233_cleaned/green leafy vegetables/3K3RAAKOSDS4Q2PWSRDGEJ1R.jpg,green leafy vegetables,all,b53be585ecc821d4469a92de9b5293e0,b53be585ecc821d4469a92de9b5293e0,mixed vegetables,2,0.8058
../foodsg-233_cleaned/green leafy vegetables/3QQAV1BZ8L4XCHE891E9EJQ2.jpg,green leafy vegetables,all,932f2bb1e17f25d86ab9e952bf913adc,932f2bb1e17f25d86ab9e952bf913adc,steamed buns,2,0.591
../foodsg-233_cleaned/green leafy vegetables/4AYV9R4OIF34S0ZWWA81AXKE.jpg,green leafy vegetables,all,932f2bb1e17f25d86ab9e952bf913adc,932f2bb1e17f25d86ab9e952bf913adc,steamed grouper,2,0.6697
../foodsg-233_cleaned/green leafy vegetables/97IW2KZVAB8HKK8S6379ZLM1.jpg,green leafy vegetables,all,b53be585ecc821d4469a92de9b5293e0,b53be585ecc821d4469a92de9b5293e0,mixed vegetables,2,0.9225
../foodsg-233_cleaned/green leafy vegetables/9A3AFZBU4PEKTYXWPQO7UAC3.jpg,green leafy vegetables,all,932f2bb1e17f25d86ab9e952bf913adc,932f2bb1e17f25d86ab9e952bf913adc,salad,2,0.9529
../foodsg-233_cleaned/green leafy vegetables/DYSNPHP4B6BSF61KQ05Y2O47.jpg,green leafy vegetables,all,b53be585ecc821d4469a92de9b5293e0,b53be585ecc821d4469a92de9b5293e0,mixed vegetables,2,0.7294
../foodsg-233_cleaned/green leafy vegetables/JDTYZLQ9QFPZ8LD3R12T24IY.jpg,green leafy vegetables,all,b53be585ecc821d4469a92de9b5293e0,b53be585ecc821d4469a92de9b5293e0,mixed vegetables,2,0.9189
../foodsg-233_cleaned/green leafy vegetables/LVKHDVLJHFT3HTQSBTZRMD7L.jpg,green leafy vegetables,all,932f2bb1e17f25d86ab9e952bf913adc,932f2bb1e17f25d86ab9e952bf913adc,vadai,2,0.7409
../foodsg-233_cleaned/green leafy vegetables/PJERN002AIVH8OCQKQKR9H1A.jpg,green leafy vegetables,all,b53be585ecc821d4469a92de9b5293e0,b53be585ecc821d4469a92de9b5293e0,mixed vegetables,2,0.7636
../foodsg-233_cleaned/gulai daun ubi/ACWVT09ZMO1GBHU3O6DZF4IW.jpg,gulai daun ubi,all,2a95507de39a50dab20caab28b9d21de,2a95507de39a50dab20caab28b9d21de,sambal kangkong,2,0.7462
../foodsg-233_cleaned/gulai daun ubi/QW8BMOJ69SBB1MVXLZBGNUAE.jpg,gulai daun ubi,all,259dbe26e2a9c5362531a0dd1b16f368,259dbe26e2a9c5362531a0dd1b16f368,assam pedas,2,0.7737
../foodsg-233_cleaned/gulai daun ubi/TJ8R6RMDHYMQMOWMGW14OOVZ.jpg,gulai daun ubi,all,259dbe26e2a9c5362531a0dd1b16f368,259dbe26e2a9c5362531a0dd1b16f368,Dumpling noodle soup,2,0.7304
../foodsg-233_cleaned/har cheong gai/1MKFO44Z7E548J2U4MHFNNSY.jpg,har cheong gai,all,e6a4142df7861a42de15fdf945c58dc7,e6a4142df7861a42de15fdf945c58dc7,fried chicken,2,0.9759
../foodsg-233_cleaned/har cheong gai/2F33TYBXWIDT2HOAA2GJ3F0D.jpg,har cheong gai,all,5dfae94ecaa8263cc6ba3975e98450cc,5dfae94ecaa8263cc6ba3975e98450cc,tandoori chicken,2,0.68
../foodsg-233_cleaned/har cheong gai/4H68JGNEY688L6VXSD953QLM.jpg,har cheong gai,all,e6a4142df7861a42de15fdf945c58dc7,e6a4142df7861a42de15fdf945c58dc7,fried chicken,2,0.9774
../foodsg-233_cleaned/har cheong gai/560BKOMZRX8KO4U71VQRC3MO.jpg,har cheong gai,all,e6a4142df7861a42de15fdf945c58dc7,e6a4142df7861a42de15fdf945c58dc7,fried chicken,2,0.9038
../foodsg-233_cleaned/har cheong gai/5UPU5RPAEYDA6GCE17QVFBEW.jpg,har cheong gai,all,e6a4142df7861a42de15fdf945c58dc7,e6a4142df7861a42de15fdf945c58dc7,fried chicken,2,0.704
../foodsg-233_cleaned/har cheong gai/6F2EHG227X5PWLJBKXIBDF7F.jpg,har cheong gai,all,5dfae94ecaa8263cc6ba3975e98450cc,5dfae94ecaa8263cc6ba3975e98450cc,begedil,2,0.5228
../foodsg-233_cleaned/har cheong gai/8V70D26K2IQWPR3Q8M34OYWN.jpg,har cheong gai,all,e6a4142df7861a42de15fdf945c58dc7,e6a4142df7861a42de15fdf945c58dc7,fried chicken,2,0.7108
../foodsg-233_cleaned/har cheong gai/9RH405TBGUS11FWY71MYRRTD.jpg,har cheong gai,all,e6a4142df7861a42de15fdf945c58dc7,e6a4142df7861a42de15fdf945c58dc7,fried chicken,2,0.9918
../foodsg-233_cleaned/har cheong gai/AWTF77R5W15QLS9B71MUB0UY.jpg,har cheong gai,all,b6fc063e4a19f480923372c65f729bde,b6fc063e4a19f480923372c65f729bde,nasi lemak,2,0.7815
../foodsg-233_cleaned/har cheong gai/B8X41CKZCB3WPHC3HJRAU3DO.jpg,har cheong gai,all,e6a4142df7861a42de15fdf945c58dc7,e6a4142df7861a42de15fdf945c58dc7,fried chicken,2,0.6992
../foodsg-233_cleaned/har cheong gai/C82RGS2GJ1UWRWVG3NZ1BTWW.jpg,har cheong gai,all,5dfae94ecaa8263cc6ba3975e98450cc,5dfae94ecaa8263cc6ba3975e98450cc,pasta - red sauce,2,0.6487
../foodsg-233_cleaned/har cheong gai/CA4ICX5RE1JM41XOKX1NM82R.jpg,har cheong gai,all,e6a4142df7861a42de15fdf945c58dc7,e6a4142df7861a42de15fdf945c58dc7,fried chicken,2,0.8656
../foodsg-233_cleaned/har cheong gai/DUUCLY9PI215GGS0NW2P5ETJ.jpg,har cheong gai,all,e6a4142df7861a42de15fdf945c58dc7,e6a4142df7861a42de15fdf945c58dc7,fried chicken,2,0.8239
../foodsg-233_cleaned/har cheong gai/GGIC8PIPS6N6H3VSCQXINEGX.jpg,har cheong gai,all,e6a4142df7861a42de15fdf945c58dc7,e6a4142df7861a42de15fdf945c58dc7,fried chicken,2,0.8167
../foodsg-233_cleaned/har cheong gai/GP5Y1R9H9YY3NPXBEH1VX6JU.jpg,har cheong gai,all,e6a4142df7861a42de15fdf945c58dc7,e6a4142df7861a42de15fdf945c58dc7,fried chicken,2,0.7601
../foodsg-233_cleaned/har cheong gai/GQX3P1NQZDHTTLONN8UA1QXT.jpg,har cheong gai,all,5dfae94ecaa8263cc6ba3975e98450cc,5dfae94ecaa8263cc6ba3975e98450cc,Tauhu Goreng,2,0.663
../foodsg-233_cleaned/har cheong gai/J2CHA1HFS9QL0TRZ02TQBPAY.jpg,har cheong gai,all,e6a4142df7861a42de15fdf945c58dc7,e6a4142df7861a42de15fdf945c58dc7,fried chicken,2,0.8233
../foodsg-233_cleaned/har cheong gai/LQR6PJWVKVTO36X8POJOUZTW.jpg,har cheong gai,all,5dfae94ecaa8263cc6ba3975e98450cc,5dfae94ecaa8263cc6ba3975e98450cc,ayam penyet,2,0.7193
../foodsg-233_cleaned/har cheong gai/RVT6DCSLGYGNTRGR2E62W2FJ.jpg,har cheong gai,all,e6a4142df7861a42de15fdf945c58dc7,e6a4142df7861a42de15fdf945c58dc7,fried chicken,2,0.9475
../foodsg-233_cleaned/har cheong gai/XGHNO99U3QDTN9BSHU641R61.jpg,har cheong gai,all,e6a4142df7861a42de15fdf945c58dc7,e6a4142df7861a42de15fdf945c58dc7,fried chicken,2,0.8753
../foodsg-233_cleaned/har cheong gai/XP1O39Q28XO0U83TZS306LA4.jpg,har cheong gai,all,5dfae94ecaa8263cc6ba3975e98450cc,5dfae94ecaa8263cc6ba3975e98450cc,chicken wing,2,0.5753
../foodsg-233_cleaned/hokkien prawn mee/2H07DRLDDI5PTOEDKZ4NRDER.jpg,hokkien prawn mee,all,a2861040309c7722a63b69ca1787be0b,a2861040309c7722a63b69ca1787be0b,Kway Teow,2,0.7263
../foodsg-233_cleaned/hokkien prawn mee/NJL8ISMISXKJ3ES8XG67NINO.jpg,hokkien prawn mee,all,74f4d46b0fdd667269f6a121e0162d7a,74f4d46b0fdd667269f6a121e0162d7a,Prawn Noodle,2,0.5125
../foodsg-233_cleaned/hokkien prawn mee/PU7ERAKBN1C7GYCIXTC461RV.jpg,hokkien prawn mee,all,a2861040309c7722a63b69ca1787be0b,a2861040309c7722a63b69ca1787be0b,Kway Teow,2,0.7242
../foodsg-233_cleaned/hokkien prawn mee/WEPSRZ6ZL3ESUHMHFIWD3NGQ.jpg,hokkien prawn mee,all,20e1e8afaa6b5127b17647c1ae8e0ef5,20e1e8afaa6b5127b17647c1ae8e0ef5,Mee goreng,2,0.5988
../foodsg-233_cleaned/hokkien prawn mee/ZU92Z3IJJGMC7FFTKQV4MDRV.jpg,hokkien prawn mee,all,a2861040309c7722a63b69ca1787be0b,a2861040309c7722a63b69ca1787be0b,Kway Teow,2,0.6921
../foodsg-233_cleaned/honeydew/266JEJIPGCFCZU37EF2JJX0W.jpg,honeydew,all,f2a3c5dad111f10f9e6ad11c4358c558,f2a3c5dad111f10f9e6ad11c4358c558,rock melon,2,0.6531
../foodsg-233_cleaned/honeydew/FXXJVUN8AKJVFKLN92H7KNGO.jpg,honeydew,all,f2a3c5dad111f10f9e6ad11c4358c558,f2a3c5dad111f10f9e6ad11c4358c558,rock melon,2,0.7679
../foodsg-233_cleaned/honeydew/RFHMHAGE2WRKT1F2Y4J5L706.jpg,honeydew,all,39e715ea0ee90ebce55745e6e48d324d,39e715ea0ee90ebce55745e6e48d324d,Fruit juice,2,0.9985
../foodsg-233_cleaned/honeydew/SMSJ0OH9LDORD85791QPOLTR.jpg,honeydew,all,39e715ea0ee90ebce55745e6e48d324d,39e715ea0ee90ebce55745e6e48d324d,Soft boiled eggs,2,0.6973
../foodsg-233_cleaned/honeydew/TLK5ZMY8YWHFO8BN5TJ4WE52.jpg,honeydew,all,39e715ea0ee90ebce55745e6e48d324d,39e715ea0ee90ebce55745e6e48d324d,Kueh Salat,2,0.866
../foodsg-233_cleaned/honeydew/TPXBUG7VUHNN5HI1DDK00UK1.jpg,honeydew,all,f2a3c5dad111f10f9e6ad11c4358c558,f2a3c5dad111f10f9e6ad11c4358c558,rock melon,2,0.9167
../foodsg-233_cleaned/honeydew/WHH6IHP5DL7R2XQKM6DZJKEP.jpg,honeydew,all,39e715ea0ee90ebce55745e6e48d324d,39e715ea0ee90ebce55745e6e48d324d,salad,2,0.6179
../foodsg-233_cleaned/honeydew/WOSQZEXRMW7YKGC2DBMNCUNT.jpg,honeydew,all,39e715ea0ee90ebce55745e6e48d324d,39e715ea0ee90ebce55745e6e48d324d,bagel & croissant,2,0.992
../foodsg-233_cleaned/honeydew/WTSYRQANBFZAFVDH5C4PWBQC.jpg,honeydew,all,0abbb87cb7d9ba973638b81a5804f38e,0abbb87cb7d9ba973638b81a5804f38e,canned Fruit salad,2,0.8948
../foodsg-233_cleaned/honeydew/YFJE7XGS5ALECQHJV4N7ZYGX.jpg,honeydew,all,f2a3c5dad111f10f9e6ad11c4358c558,f2a3c5dad111f10f9e6ad11c4358c558,rock melon,2,0.7684
../foodsg-233_cleaned/hotplate tofu/0DJSE000NG13SAC25N93WZYN.jpg,hotplate tofu,all,c18552dfa2f1f46510126bc1c9c0eeab,c18552dfa2f1f46510126bc1c9c0eeab,baked beans,2,0.8734
../foodsg-233_cleaned/hotplate tofu/6URHO5FDGLL515CVLPLPAXBM.jpg,hotplate tofu,all,c18552dfa2f1f46510126bc1c9c0eeab,c18552dfa2f1f46510126bc1c9c0eeab,miso soup,2,0.804
../foodsg-233_cleaned/hotplate tofu/7IBFOK3NNDT5LQKY942SMN4B.jpg,hotplate tofu,all,c18552dfa2f1f46510126bc1c9c0eeab,c18552dfa2f1f46510126bc1c9c0eeab,wholegrain muffin,2,0.6724
../foodsg-233_cleaned/hotplate tofu/9NX3A0KCVCBS91WHGHZD0ELY.jpg,hotplate tofu,all,63e86d9a822c9e2351c52a7d7e200321,63e86d9a822c9e2351c52a7d7e200321,Claypot Rice,2,0.7254
../foodsg-233_cleaned/hotplate tofu/BSTXYIT0VSQ2BOYDGGHH3P8P.jpg,hotplate tofu,all,c18552dfa2f1f46510126bc1c9c0eeab,c18552dfa2f1f46510126bc1c9c0eeab,Chinese fritters,2,0.5764
../foodsg-233_cleaned/hotplate tofu/HVYB5UBXEKIFHS88UH6U76XS.jpg,hotplate tofu,all,c18552dfa2f1f46510126bc1c9c0eeab,c18552dfa2f1f46510126bc1c9c0eeab,"Don, chicken teriyaki",2,0.8165
../foodsg-233_cleaned/hotplate tofu/MP2E43DAXJS3VMWV7MIAYDF2.jpg,hotplate tofu,all,c18552dfa2f1f46510126bc1c9c0eeab,c18552dfa2f1f46510126bc1c9c0eeab,Nasi pattaya,2,0.5677
../foodsg-233_cleaned/hotplate tofu/UJIJ43V1S5VS4R20TGUUWHY3.jpg,hotplate tofu,all,e2d5f301080d1e652c2e0379d3b85793,e2d5f301080d1e652c2e0379d3b85793,"Rice, with dakgalbi",2,0.5927
../foodsg-233_cleaned/hotplate tofu/USGGX8NNGWNFKW3KCB9A17CE.jpg,hotplate tofu,all,c18552dfa2f1f46510126bc1c9c0eeab,c18552dfa2f1f46510126bc1c9c0eeab,Fried Noodles,2,0.6617
../foodsg-233_cleaned/ice cream - chocolate/5HTIQF8618ONCAOIFYBQIFTT.jpg,ice cream - chocolate,all,3ca611aa0dad10f70f7558362e5f77c7,3ca611aa0dad10f70f7558362e5f77c7,Chocolate,2,0.6195
../foodsg-233_cleaned/ice cream - chocolate/M4CM2PCDCW60OZTO2G0ZQLUK.jpg,ice cream - chocolate,all,b9d947805741af620d690360558a9f57,b9d947805741af620d690360558a9f57,ice cream - vanilla,2,0.8131
../foodsg-233_cleaned/ice cream - chocolate/RAPUZESXKVLHJ1MF4NX1RXEP.jpg,ice cream - chocolate,all,3ca611aa0dad10f70f7558362e5f77c7,3ca611aa0dad10f70f7558362e5f77c7,Chocolate,2,0.9581
../foodsg-233_cleaned/ice cream - chocolate/RHC0NXTZ7ZLWUW5SLAJU2RD5.jpg,ice cream - chocolate,all,b9d947805741af620d690360558a9f57,b9d947805741af620d690360558a9f57,ice cream - vanilla,2,0.9587
../foodsg-233_cleaned/ice cream - chocolate/SZ37W02DI3N132K7QP23KS8Z.jpg,ice cream - chocolate,all,c3f3d93f270b766205523a03374817ed,c3f3d93f270b766205523a03374817ed,cake,2,0.648
../foodsg-233_cleaned/ice cream - chocolate/YLAEXVGC9K0IZIBPD11DEEHU.jpg,ice cream - chocolate,all,3ca611aa0dad10f70f7558362e5f77c7,3ca611aa0dad10f70f7558362e5f77c7,Chocolate,2,0.7996
../foodsg-233_cleaned/ice cream - chocolate/ZXNTJMD2QO9C9P0C0EBER7C4.jpg,ice cream - chocolate,all,b9d947805741af620d690360558a9f57,b9d947805741af620d690360558a9f57,ice cream - vanilla,2,0.5728
../foodsg-233_cleaned/ice cream - vanilla/5L7HNTWL6YDJOL5BJB26QPBY.jpg,ice cream - vanilla,all,b9d947805741af620d690360558a9f57,b9d947805741af620d690360558a9f57,ice cream - chocolate,2,0.7912
../foodsg-233_cleaned/ice cream - vanilla/5Z104PPW8AO6ZWZD7HY5CS8O.jpg,ice cream - vanilla,all,8388af5cf06986f3cecb2ab485b1328e,8388af5cf06986f3cecb2ab485b1328e,yogurt,2,0.6057
../foodsg-233_cleaned/ice cream - vanilla/6P2X39S9IQ7F31YHOFIVB8PH.jpg,ice cream - vanilla,all,579234bcfb5ef1ec74f5a4b5d1311b32,579234bcfb5ef1ec74f5a4b5d1311b32,Instant Cereal Drink,2,0.6366
../foodsg-233_cleaned/ice cream - vanilla/E9YKAIAJG9N48KVNO3TJ8UWB.jpg,ice cream - vanilla,all,579234bcfb5ef1ec74f5a4b5d1311b32,579234bcfb5ef1ec74f5a4b5d1311b32,goreng pisang,2,0.5614
../foodsg-233_cleaned/ice cream - vanilla/GHPGEMFOXWS7WNXZEGPD6QVM.jpg,ice cream - vanilla,all,b9d947805741af620d690360558a9f57,b9d947805741af620d690360558a9f57,ice cream - chocolate,2,0.6874
../foodsg-233_cleaned/ice cream - vanilla/GM9PYJSFU6O5I90OKBWJERIN.jpg,ice cream - vanilla,all,8388af5cf06986f3cecb2ab485b1328e,8388af5cf06986f3cecb2ab485b1328e,yogurt,2,0.9079
../foodsg-233_cleaned/ice cream - vanilla/JITW2W3I157RRLFN7Q7IRFEF.jpg,ice cream - vanilla,all,b9d947805741af620d690360558a9f57,b9d947805741af620d690360558a9f57,ice cream - chocolate,2,0.7229
../foodsg-233_cleaned/ice cream - vanilla/JTE6BE3R19V4DJB5FA6LWRQU.jpg,ice cream - vanilla,all,8388af5cf06986f3cecb2ab485b1328e,8388af5cf06986f3cecb2ab485b1328e,yogurt,2,0.9238
../foodsg-233_cleaned/ice cream - vanilla/L9ZUL6RL0R8BVG2CSFICKIJS.jpg,ice cream - vanilla,all,7fa9e99f697386ee6d18a78b494a4784,7fa9e99f697386ee6d18a78b494a4784,steamed buns,2,0.7826
../foodsg-233_cleaned/ice cream - vanilla/NZBSDNWK52CPGPSTLLJ3XAWY.jpg,ice cream - vanilla,all,b9d947805741af620d690360558a9f57,b9d947805741af620d690360558a9f57,ice cream - chocolate,2,0.8029
../foodsg-233_cleaned/ice cream - vanilla/T43XO8ZR35VOEY89LR5W6XA9.jpg,ice cream - vanilla,all,b9d947805741af620d690360558a9f57,b9d947805741af620d690360558a9f57,ice cream - chocolate,2,0.8806
../foodsg-233_cleaned/ice kacang/6XEBWM2ZAEXT4FLRDG3HIZJI.jpg,ice kacang,all,c81ec82d9b287eb43e3d658a8354658d,c81ec82d9b287eb43e3d658a8354658d,canned Fruit salad,2,0.9664
../foodsg-233_cleaned/ice kacang/BAEY7M6Z3956GMZ2HZ6K84IF.jpg,ice kacang,all,c81ec82d9b287eb43e3d658a8354658d,c81ec82d9b287eb43e3d658a8354658d,ice cream - chocolate,2,0.7644
../foodsg-233_cleaned/jackfruit/GYLUWVSRNCWMHHMFS1KC3E9X.jpg,jackfruit,all,f2cc45cd67eeb9601b0f70126088a94e,f2cc45cd67eeb9601b0f70126088a94e,dumpling,2,0.764
../foodsg-233_cleaned/jackfruit/KQL8AI7OQ8UW2LFTQM1VMZ3D.jpg,jackfruit,all,f2cc45cd67eeb9601b0f70126088a94e,f2cc45cd67eeb9601b0f70126088a94e,sambal,2,0.5447
../foodsg-233_cleaned/jackfruit/TCGZAYQ7SXIBN7QD3CDG2LJ4.jpg,jackfruit,all,3a965f5b51c7221ec14f13d6dd8d3829,3a965f5b51c7221ec14f13d6dd8d3829,chicken masala,2,0.753
../foodsg-233_cleaned/jackfruit/W8VFG6U7EDETLWN91DEJ9IB0.jpg,jackfruit,all,f2cc45cd67eeb9601b0f70126088a94e,f2cc45cd67eeb9601b0f70126088a94e,otak,2,0.5924
../foodsg-233_cleaned/jackfruit/XUGZIBFQSS1HJH0GPL63222O.jpg,jackfruit,all,3a965f5b51c7221ec14f13d6dd8d3829,3a965f5b51c7221ec14f13d6dd8d3829,chicken masala,2,0.6394
../foodsg-233_cleaned/kaya toast/55XE5XL7KG6S1SLZQIUQUE47.jpg,kaya toast,all,83726756bfd8c82bfa6b3b05eef94b7d,83726756bfd8c82bfa6b3b05eef94b7d,kueh lapis baked,2,0.9949
../foodsg-233_cleaned/kaya toast/5SY2097EAEYE2K1WFE4OWOAN.jpg,kaya toast,all,04afecbff21990fcbe436ce3dff3a072,04afecbff21990fcbe436ce3dff3a072,Kopi Teh Milo,2,0.8889
../foodsg-233_cleaned/kaya toast/69AI8W7VGH1B8UUEXNOADHWX.jpg,kaya toast,all,83726756bfd8c82bfa6b3b05eef94b7d,83726756bfd8c82bfa6b3b05eef94b7d,Chocolate,2,0.8516
../foodsg-233_cleaned/kaya toast/7UQ1SV9IOX87ABRYDDMM4LRO.jpg,kaya toast,all,83726756bfd8c82bfa6b3b05eef94b7d,83726756bfd8c82bfa6b3b05eef94b7d,Tauhu Goreng,2,0.5941
../foodsg-233_cleaned/kaya toast/8SELDNL9ZMZ8ORE3ZDGNGRXI.jpg,kaya toast,all,83726756bfd8c82bfa6b3b05eef94b7d,83726756bfd8c82bfa6b3b05eef94b7d,waffle,2,0.9066
../foodsg-233_cleaned/kaya toast/AJ1I47CCTC23G06ZEK2I4WO6.jpg,kaya toast,all,83726756bfd8c82bfa6b3b05eef94b7d,83726756bfd8c82bfa6b3b05eef94b7d,sambal,2,0.9103
../foodsg-233_cleaned/kaya toast/KMQVJ0UC25MZEIWR86F3OB1B.jpg,kaya toast,all,83726756bfd8c82bfa6b3b05eef94b7d,83726756bfd8c82bfa6b3b05eef94b7d,french fries,2,0.7282
../foodsg-233_cleaned/kaya toast/ST1ZTUWK2BGHTE76IWBVQ2UP.jpg,kaya toast,all,04afecbff21990fcbe436ce3dff3a072,04afecbff21990fcbe436ce3dff3a072,Kopi Teh Milo,2,0.9056
../foodsg-233_cleaned/kaya toast/X5WXZM81OR3T3RZAZPBE2NRR.jpg,kaya toast,all,04afecbff21990fcbe436ce3dff3a072,04afecbff21990fcbe436ce3dff3a072,Kopi Teh Milo,2,0.583
../foodsg-233_cleaned/kaya toast/YGPJPGSVB078CJVCA3RRER8V.jpg,kaya toast,all,04afecbff21990fcbe436ce3dff3a072,04afecbff21990fcbe436ce3dff3a072,Kopi Teh Milo,2,0.9959
../foodsg-233_cleaned/kebab - beef/0JSDHCNNSDELTPZKCNI334SK.jpg,kebab - beef,all,78cb5185fcd7509c147a9eac60a23217,78cb5185fcd7509c147a9eac60a23217,char siew,2,0.8236
../foodsg-233_cleaned/kebab - beef/1F39RG625OQFE9B6EXW8DYFG.jpg,kebab - beef,all,654fbf3221cc0dd2670a0e8cb80307f7,654fbf3221cc0dd2670a0e8cb80307f7,kebab - chicken,2,0.6502
../foodsg-233_cleaned/kebab - beef/34WUAIFP9LKMK25W6IFKPOXZ.jpg,kebab - beef,all,07290a82b556199ac447d32d9f6a4e74,07290a82b556199ac447d32d9f6a4e74,mixed grills,2,0.6072
../foodsg-233_cleaned/kebab - beef/64X3AWV858GKVFB9TEJ9SOQ0.jpg,kebab - beef,all,78cb5185fcd7509c147a9eac60a23217,78cb5185fcd7509c147a9eac60a23217,Wholegrain Wrap,2,0.7171
../foodsg-233_cleaned/kebab - beef/66P3GOYPZ3OZQVMCLPZOHNHH.jpg,kebab - beef,all,654fbf3221cc0dd2670a0e8cb80307f7,654fbf3221cc0dd2670a0e8cb80307f7,kebab - chicken,2,0.5941
../foodsg-233_cleaned/kebab - beef/BC8MZH53UUQDR213FVSSOKPL.jpg,kebab - beef,all,14a1f421e5f18d7e68c14b690b264be8,14a1f421e5f18d7e68c14b690b264be8,satay,2,0.8857
../foodsg-233_cleaned/kebab - beef/C0MG0CGZ47JPQBCVWIS7FP2A.jpg,kebab - beef,all,654fbf3221cc0dd2670a0e8cb80307f7,654fbf3221cc0dd2670a0e8cb80307f7,kebab - chicken,2,0.9604
../foodsg-233_cleaned/kebab - beef/DINNO7PTEW0T98D0DT0NGR5Z.jpg,kebab - beef,all,78cb5185fcd7509c147a9eac60a23217,78cb5185fcd7509c147a9eac60a23217,tandoori chicken,2,0.6073
../foodsg-233_cleaned/kebab - beef/E3OTAZTJVCSBMKW1Q96BLWHR.jpg,kebab - beef,all,14a1f421e5f18d7e68c14b690b264be8,14a1f421e5f18d7e68c14b690b264be8,satay,2,0.8745
../foodsg-233_cleaned/kebab - beef/EBB5UY6XRF6XR2XQRT7DWKH0.jpg,kebab - beef,all,654fbf3221cc0dd2670a0e8cb80307f7,654fbf3221cc0dd2670a0e8cb80307f7,kebab - chicken,2,0.7352
../foodsg-233_cleaned/kebab - beef/JKYCY0U72R88S8IMUPDWL3GO.jpg,kebab - beef,all,78cb5185fcd7509c147a9eac60a23217,78cb5185fcd7509c147a9eac60a23217,buckwheat,2,0.7361
../foodsg-233_cleaned/kebab - beef/KTNA4VGP9GHYTAL3RTB0PUZN.jpg,kebab - beef,all,654fbf3221cc0dd2670a0e8cb80307f7,654fbf3221cc0dd2670a0e8cb80307f7,kebab - chicken,2,0.8292
../foodsg-233_cleaned/kebab - beef/LKL7EJ10C1GBXKZATBK7ENMC.jpg,kebab - beef,all,654fbf3221cc0dd2670a0e8cb80307f7,654fbf3221cc0dd2670a0e8cb80307f7,kebab - chicken,2,0.5371
../foodsg-233_cleaned/kebab - beef/RR83ZW3KUK97GPPWEVWU5P4V.jpg,kebab - beef,all,07290a82b556199ac447d32d9f6a4e74,07290a82b556199ac447d32d9f6a4e74,mixed grills,2,0.8605
../foodsg-233_cleaned/kebab - beef/RWHBAULOSPBJ28RFPK47TJRI.jpg,kebab - beef,all,654fbf3221cc0dd2670a0e8cb80307f7,654fbf3221cc0dd2670a0e8cb80307f7,kebab - chicken,2,0.5006
../foodsg-233_cleaned/kebab - beef/T516M9ULY8ZZDC2TVYHVFR6O.jpg,kebab - beef,all,654fbf3221cc0dd2670a0e8cb80307f7,654fbf3221cc0dd2670a0e8cb80307f7,kebab - chicken,2,0.6401
../foodsg-233_cleaned/kebab - beef/XPONKKV79ZA6I5KCUWEEJ5TE.jpg,kebab - beef,all,07290a82b556199ac447d32d9f6a4e74,07290a82b556199ac447d32d9f6a4e74,mixed grills,2,0.5674
../foodsg-233_cleaned/kebab - beef/Y04CMWCTFGQVZ71AMMYT5RG0.jpg,kebab - beef,all,654fbf3221cc0dd2670a0e8cb80307f7,654fbf3221cc0dd2670a0e8cb80307f7,kebab - chicken,2,0.9995
../foodsg-233_cleaned/kebab - beef/YIOYYWQW83DZV4XJG5AQHKDP.jpg,kebab - beef,all,78cb5185fcd7509c147a9eac60a23217,78cb5185fcd7509c147a9eac60a23217,sandwich,2,0.9495
../foodsg-233_cleaned/kebab - beef/ZRWZ5S9QGT9H96ZJQGRJS40H.jpg,kebab - beef,all,07290a82b556199ac447d32d9f6a4e74,07290a82b556199ac447d32d9f6a4e74,mixed grills,2,0.6522
../foodsg-233_cleaned/kebab - chicken/0N3YWF5GORKYEFU0NKFVOH8Z.jpg,kebab - chicken,all,0f9250b00fa765f4fcf5abd49fe16485,0f9250b00fa765f4fcf5abd49fe16485,satay,2,0.7526
../foodsg-233_cleaned/kebab - chicken/2JUX8CZQZURV15E7Z2559R7I.jpg,kebab - chicken,all,654fbf3221cc0dd2670a0e8cb80307f7,654fbf3221cc0dd2670a0e8cb80307f7,kebab - beef,2,0.7747
../foodsg-233_cleaned/kebab - chicken/3Q93U6BNR612A44KZL6BR1ET.jpg,kebab - chicken,all,c26d7731b4f1ec1cfeb71746b309e42c,c26d7731b4f1ec1cfeb71746b309e42c,mixed grills,2,0.8313
../foodsg-233_cleaned/kebab - chicken/5UFZRQFJKEXYHFYHPE3AVQFL.jpg,kebab - chicken,all,0f9250b00fa765f4fcf5abd49fe16485,0f9250b00fa765f4fcf5abd49fe16485,satay,2,0.6725
../foodsg-233_cleaned/kebab - chicken/60ODHREDGCN7HXOFIXPJ2GM4.jpg,kebab - chicken,all,0f9250b00fa765f4fcf5abd49fe16485,0f9250b00fa765f4fcf5abd49fe16485,satay,2,0.9844
../foodsg-233_cleaned/kebab - chicken/690M7606XBKAXE4NDA0SS7AD.jpg,kebab - chicken,all,204c2154789af565785ac5bf3d005701,204c2154789af565785ac5bf3d005701,vadai,2,0.6174
../foodsg-233_cleaned/kebab - chicken/9843R46D50GD15ZA6KE2QDUA.jpg,kebab - chicken,all,0f9250b00fa765f4fcf5abd49fe16485,0f9250b00fa765f4fcf5abd49fe16485,satay,2,0.8309
../foodsg-233_cleaned/kebab - chicken/AAXDOH6RM8TR7EV2WMF6V9NP.jpg,kebab - chicken,all,c26d7731b4f1ec1cfeb71746b309e42c,c26d7731b4f1ec1cfeb71746b309e42c,salmon - grilled,2,0.733
../foodsg-233_cleaned/kebab - chicken/AKUIE39FSRJ3X306XLDBBCUI.jpg,kebab - chicken,all,773240e562108259897b9232c4cae198,773240e562108259897b9232c4cae198,tandoori chicken,2,0.7298
../foodsg-233_cleaned/kebab - chicken/C1P8MIT48IU0MQQE1N80T0N2.jpg,kebab - chicken,all,c26d7731b4f1ec1cfeb71746b309e42c,c26d7731b4f1ec1cfeb71746b309e42c,Indian Prata,2,0.5717
../foodsg-233_cleaned/kebab - chicken/CRL8I8CVASD6VKNPTSSXA9U9.jpg,kebab - chicken,all,773240e562108259897b9232c4cae198,773240e562108259897b9232c4cae198,tandoori chicken,2,0.8778
../foodsg-233_cleaned/kebab - chicken/FO5PVTJT9V6BCG76PFPUJ6YA.jpg,kebab - chicken,all,c26d7731b4f1ec1cfeb71746b309e42c,c26d7731b4f1ec1cfeb71746b309e42c,Burger,2,0.9745
../foodsg-233_cleaned/kebab - chicken/M5STHA0WOEI19R2KWF6QJQ4L.jpg,kebab - chicken,all,654fbf3221cc0dd2670a0e8cb80307f7,654fbf3221cc0dd2670a0e8cb80307f7,kebab - beef,2,0.9694
../foodsg-233_cleaned/kebab - chicken/NENM4DPFTQJC33PY6K0JXV4V.jpg,kebab - chicken,all,204c2154789af565785ac5bf3d005701,204c2154789af565785ac5bf3d005701,vadai,2,0.9826
../foodsg-233_cleaned/kebab - chicken/NI838VIVZVQ8C4D5PGIJVH2W.jpg,kebab - chicken,all,773240e562108259897b9232c4cae198,773240e562108259897b9232c4cae198,tandoori chicken,2,0.9248
../foodsg-233_cleaned/kebab - chicken/PTT49E1LRR4I13KGJQFG4UWL.jpg,kebab - chicken,all,654fbf3221cc0dd2670a0e8cb80307f7,654fbf3221cc0dd2670a0e8cb80307f7,kebab - beef,2,0.8673
../foodsg-233_cleaned/kebab - chicken/RX8FE04W6313CJYFDL80VFCP.jpg,kebab - chicken,all,654fbf3221cc0dd2670a0e8cb80307f7,654fbf3221cc0dd2670a0e8cb80307f7,kebab - beef,2,0.7584
../foodsg-233_cleaned/kiwi/3VPD7S4JWH3I5GTRC72MZ7WN.jpg,kiwi,all,dc7bfc3e40e0dfcba4776f485fb84193,dc7bfc3e40e0dfcba4776f485fb84193,mango pudding,2,0.8691
../foodsg-233_cleaned/kiwi/5XGPAZXXSUER0NG7CMC4RJF4.jpg,kiwi,all,dc7bfc3e40e0dfcba4776f485fb84193,dc7bfc3e40e0dfcba4776f485fb84193,preserved fruit snacks,2,0.9217
../foodsg-233_cleaned/kiwi/7TRZEOZO1XKLSRG7B48HYFDL.jpg,kiwi,all,61b897493c6e9af18b5e952807ea177a,61b897493c6e9af18b5e952807ea177a,longan,2,0.9396
../foodsg-233_cleaned/kiwi/8PP2GJG8OU2YNWUFO72FUB1H.jpg,kiwi,all,dc7bfc3e40e0dfcba4776f485fb84193,dc7bfc3e40e0dfcba4776f485fb84193,muesli,2,0.9253
../foodsg-233_cleaned/kiwi/AJMF1HJJUW0468N0I78HLQFN.jpg,kiwi,all,61b897493c6e9af18b5e952807ea177a,61b897493c6e9af18b5e952807ea177a,longan,2,0.9953
../foodsg-233_cleaned/kiwi/VHZ9CWJUEREXD6EZWHBJOBZ7.jpg,kiwi,all,dc7bfc3e40e0dfcba4776f485fb84193,dc7bfc3e40e0dfcba4776f485fb84193,breakfast cereal,2,0.6302
../foodsg-233_cleaned/kiwi/Z0YS9SKBFVB0WET6YB9RZ5Z0.jpg,kiwi,all,dc7bfc3e40e0dfcba4776f485fb84193,dc7bfc3e40e0dfcba4776f485fb84193,Porridge,2,0.8643
../foodsg-233_cleaned/kueh lapis - rainbow/1UCS7742ZFBJ739ZGSAG72ZU.jpg,kueh lapis - rainbow,all,043dc1221153928ca8f6b14f01981d4f,043dc1221153928ca8f6b14f01981d4f,Kueh Salat,2,0.993
../foodsg-233_cleaned/kueh lapis - rainbow/3QAWOJSBSP032V9OWZDZQ5E4.jpg,kueh lapis - rainbow,all,693b87c21f263317ff970733e6e38b73,693b87c21f263317ff970733e6e38b73,watermelon,2,0.8927
../foodsg-233_cleaned/kueh lapis - rainbow/6VJ76QHPY5SHXT4LRNQL4JGY.jpg,kueh lapis - rainbow,all,f2b5b7e0cdbea3f38d8eec2dd766eb2f,f2b5b7e0cdbea3f38d8eec2dd766eb2f,kueh lapis baked,2,0.8159
../foodsg-233_cleaned/kueh lapis - rainbow/A0SPIQOU5CMRN5RQ9692UCXI.jpg,kueh lapis - rainbow,all,693b87c21f263317ff970733e6e38b73,693b87c21f263317ff970733e6e38b73,Pung Kueh,2,0.7027
../foodsg-233_cleaned/kueh lapis - rainbow/C4GW7I1LZFYK8L1VEJ90L8F6.jpg,kueh lapis - rainbow,all,48f157059c5a0617638336b72ea5790a,48f157059c5a0617638336b72ea5790a,Chocolate,2,0.5991
../foodsg-233_cleaned/kueh lapis - rainbow/GNDKBZXKU6O1XUMBHW72OHAD.jpg,kueh lapis - rainbow,all,693b87c21f263317ff970733e6e38b73,693b87c21f263317ff970733e6e38b73,Grapefruit,2,0.5567
../foodsg-233_cleaned/kueh lapis - rainbow/I5YKE070ECKYKUD4AAENEZTT.jpg,kueh lapis - rainbow,all,043dc1221153928ca8f6b14f01981d4f,043dc1221153928ca8f6b14f01981d4f,Kueh Salat,2,0.9659
../foodsg-233_cleaned/kueh lapis - rainbow/KSYYETXPKU4PX46IAZOMTCYE.jpg,kueh lapis - rainbow,all,f2b5b7e0cdbea3f38d8eec2dd766eb2f,f2b5b7e0cdbea3f38d8eec2dd766eb2f,kueh lapis baked,2,0.9817
../foodsg-233_cleaned/kueh lapis - rainbow/WN6CCWWFJ5RX7TQVKHHRXK8L.jpg,kueh lapis - rainbow,all,043dc1221153928ca8f6b14f01981d4f,043dc1221153928ca8f6b14f01981d4f,Kueh Salat,2,0.9536
../foodsg-233_cleaned/kueh lapis - rainbow/X9BS6OR99559FDYDL07W7C2Y.jpg,kueh lapis - rainbow,all,f2b5b7e0cdbea3f38d8eec2dd766eb2f,f2b5b7e0cdbea3f38d8eec2dd766eb2f,kueh lapis baked,2,0.9432
../foodsg-233_cleaned/kueh lapis baked/2L3BA6X0K4XN557DI4GRZAX7.jpg,kueh lapis baked,all,3fb9ac9529908037528dce3b48350438,3fb9ac9529908037528dce3b48350438,waffle,2,0.9132
../foodsg-233_cleaned/kueh lapis baked/2STMB0M6M0XP2WBT1C1123S2.jpg,kueh lapis baked,all,3fb9ac9529908037528dce3b48350438,3fb9ac9529908037528dce3b48350438,pineapple tarts,2,0.6491
../foodsg-233_cleaned/kuih bahulu/6D22I5ML29I3SCL3SA4QHDUU.jpg,kuih bahulu,all,536a3af97f636302eae8271daf26b9fc,536a3af97f636302eae8271daf26b9fc,biscuit,2,0.5406
../foodsg-233_cleaned/kuih bahulu/AAFDX9MLB1AWCK400M001DLZ.jpg,kuih bahulu,all,536a3af97f636302eae8271daf26b9fc,536a3af97f636302eae8271daf26b9fc,biscuit,2,0.7264
../foodsg-233_cleaned/kway chap/DOW23ZZ5C2YNH8PDMG83JNK6.jpg,kway chap,all,da5c50d2b65c2d1ae3d08792669a9250,da5c50d2b65c2d1ae3d08792669a9250,Lor mee,2,0.6784
../foodsg-233_cleaned/kway chap/G9YQRKPCH695OTPBWBVV4LSG.jpg,kway chap,all,5f2e2a1df99eac63105fb26212c122d5,5f2e2a1df99eac63105fb26212c122d5,Duck Rice,2,0.6855
../foodsg-233_cleaned/kway chap/J80E5TBM0C5XNSA99ZPIQVN3.jpg,kway chap,all,da5c50d2b65c2d1ae3d08792669a9250,da5c50d2b65c2d1ae3d08792669a9250,Lor mee,2,0.8706
../foodsg-233_cleaned/kway chap/R4VVZOOPZ0QK9DMABR42X7CK.jpg,kway chap,all,5684cbd9b9979f0cb246d39fcb486f73,5684cbd9b9979f0cb246d39fcb486f73,Fish Ball Noodles,2,0.7013
../foodsg-233_cleaned/lamb chops/12NUHX0ZHDQTTARP90OOB4SB.jpg,lamb chops,all,90df60f82d702b24fc6c866d6b66e28c,90df60f82d702b24fc6c866d6b66e28c,mixed grills,2,0.9519
../foodsg-233_cleaned/lamb chops/1EIOJUEHC6GVXW6B8X0PWTFO.jpg,lamb chops,all,980ceb1a7200097905a132543bd1a861,980ceb1a7200097905a132543bd1a861,sirloin steak,2,0.8821
../foodsg-233_cleaned/lamb chops/5AYNWLKFBKS9SH2XO9FO1XU7.jpg,lamb chops,all,980ceb1a7200097905a132543bd1a861,980ceb1a7200097905a132543bd1a861,sirloin steak,2,0.7587
../foodsg-233_cleaned/lamb chops/9G1WFFU5AGKDJI7OF6PQCICT.jpg,lamb chops,all,a24c1fd4e913bccbf3b48620cc61b4ce,a24c1fd4e913bccbf3b48620cc61b4ce,char siew,2,0.7579
../foodsg-233_cleaned/lamb chops/GWZ1L6DEHRIANTEL7COQU0BK.jpg,lamb chops,all,90df60f82d702b24fc6c866d6b66e28c,90df60f82d702b24fc6c866d6b66e28c,mixed grills,2,0.6887
../foodsg-233_cleaned/lamb chops/KAY1N0VRQ9F8NYA4T6BEDWA3.jpg,lamb chops,all,980ceb1a7200097905a132543bd1a861,980ceb1a7200097905a132543bd1a861,sirloin steak,2,0.7758
../foodsg-233_cleaned/lamb chops/O8WVG3EM65EO40HDQ6380A2Z.jpg,lamb chops,all,90df60f82d702b24fc6c866d6b66e28c,90df60f82d702b24fc6c866d6b66e28c,mixed grills,2,0.6714
../foodsg-233_cleaned/lamb chops/RFY9PSXPVWSOZ9VGWU4YZMFK.jpg,lamb chops,all,980ceb1a7200097905a132543bd1a861,980ceb1a7200097905a132543bd1a861,sirloin steak,2,0.9727
../foodsg-233_cleaned/lasagna/E0GGZFO9G1XE9FIB9OAJU0LO.jpg,lasagna,all,68467db57f8519c2c333bcaced708136,68467db57f8519c2c333bcaced708136,Nasi pattaya,2,0.6956
../foodsg-233_cleaned/lasagna/VBEI3V3C6UCNNSVP5NCFYVE6.jpg,lasagna,all,68467db57f8519c2c333bcaced708136,68467db57f8519c2c333bcaced708136,cream soup,2,0.5705
../foodsg-233_cleaned/longan/30N4YSFRO1B5H1SV3XY5MS4Y.jpg,longan,all,f35c14fe297d5e226c8c6041996118b9,f35c14fe297d5e226c8c6041996118b9,preserved fruit snacks,2,0.6595
../foodsg-233_cleaned/longan/9726EXW5Y25C8NWW70REUDRX.jpg,longan,all,adb45e8e65ce48fc1d336a4e933f7edf,adb45e8e65ce48fc1d336a4e933f7edf,biscuit,2,0.7176
../foodsg-233_cleaned/longan/9U289KQL8GG417J8CTRON92W.jpg,longan,all,f35c14fe297d5e226c8c6041996118b9,f35c14fe297d5e226c8c6041996118b9,preserved fruit snacks,2,0.7764
../foodsg-233_cleaned/longan/V604N7EELKFRCP53R1S5RH09.jpg,longan,all,adb45e8e65ce48fc1d336a4e933f7edf,adb45e8e65ce48fc1d336a4e933f7edf,mixed vegetables,2,0.5389
../foodsg-233_cleaned/longan/X5AX9VI0T1VD0F7L3TOXJ0DD.jpg,longan,all,adb45e8e65ce48fc1d336a4e933f7edf,adb45e8e65ce48fc1d336a4e933f7edf,cheng tng,2,0.9591
../foodsg-233_cleaned/lontong/0ES6GDAY04YCWPRK23PG02EJ.jpg,lontong,all,78c30e9cf4a0afb9359c0a4bbd782f22,78c30e9cf4a0afb9359c0a4bbd782f22,Lontong with sayur lodeh,2,0.606
../foodsg-233_cleaned/lontong/1WQBY7PXVVNPEY8I013DVTV6.jpg,lontong,all,78c30e9cf4a0afb9359c0a4bbd782f22,78c30e9cf4a0afb9359c0a4bbd782f22,Lontong with sayur lodeh,2,0.8771
../foodsg-233_cleaned/lontong/5NTM4SOE0YFO7KAYVUMX2C0I.jpg,lontong,all,78c30e9cf4a0afb9359c0a4bbd782f22,78c30e9cf4a0afb9359c0a4bbd782f22,Lontong with sayur lodeh,2,0.8101
../foodsg-233_cleaned/lontong/BECBYS00P2CJB5YB49U2Z8N8.jpg,lontong,all,78c30e9cf4a0afb9359c0a4bbd782f22,78c30e9cf4a0afb9359c0a4bbd782f22,Lontong with sayur lodeh,2,0.7021
../foodsg-233_cleaned/lontong/CD21CNWRAYLRYG10LT0LUCVG.jpg,lontong,all,6c4dc7f9d5dbff7f7113e61f85cc7562,6c4dc7f9d5dbff7f7113e61f85cc7562,"Bee hoon, soto",2,0.566
../foodsg-233_cleaned/lontong/FT236TXH5RH4UJIPGX46E2X8.jpg,lontong,all,78c30e9cf4a0afb9359c0a4bbd782f22,78c30e9cf4a0afb9359c0a4bbd782f22,Lontong with sayur lodeh,2,0.6721
../foodsg-233_cleaned/lontong/HMYMJU9NQNVFUFKFTSBA1JS6.jpg,lontong,all,78c30e9cf4a0afb9359c0a4bbd782f22,78c30e9cf4a0afb9359c0a4bbd782f22,Lontong with sayur lodeh,2,0.8488
../foodsg-233_cleaned/lontong/NZPHJ3QFSM57VJA8QC0K769I.jpg,lontong,all,6c4dc7f9d5dbff7f7113e61f85cc7562,6c4dc7f9d5dbff7f7113e61f85cc7562,Laksa,2,0.6765
../foodsg-233_cleaned/lontong/Q0CMEQ1TOBP0C1HWPM863I0P.jpg,lontong,all,78c30e9cf4a0afb9359c0a4bbd782f22,78c30e9cf4a0afb9359c0a4bbd782f22,Lontong with sayur lodeh,2,0.6515
../foodsg-233_cleaned/lontong/QLUBC8WBQPUMHSBZ0O86KOC4.jpg,lontong,all,78c30e9cf4a0afb9359c0a4bbd782f22,78c30e9cf4a0afb9359c0a4bbd782f22,Lontong with sayur lodeh,2,0.5847
../foodsg-233_cleaned/lontong/XFXG4MZEUG0JEWI36FSA4EO5.jpg,lontong,all,78c30e9cf4a0afb9359c0a4bbd782f22,78c30e9cf4a0afb9359c0a4bbd782f22,Lontong with sayur lodeh,2,0.7348
../foodsg-233_cleaned/lychee/1F60K7E16XPF7TGIYVOKW8P2.jpg,lychee,all,0e1f42160f2b176903b65c6ba6c0763d,0e1f42160f2b176903b65c6ba6c0763d,longan,2,0.6367
../foodsg-233_cleaned/lychee/66CXN2PLA7I0UWKF54FHJ7KT.jpg,lychee,all,d90a088b62adf5ecca6aef4698718568,d90a088b62adf5ecca6aef4698718568,Fruit juice,2,0.7106
../foodsg-233_cleaned/lychee/6KPC78AE0Z7GB04THNN4QRLZ.jpg,lychee,all,6c8d5516ba913f3f44c1b1415fb3490d,6c8d5516ba913f3f44c1b1415fb3490d,cake,2,0.9643
../foodsg-233_cleaned/lychee/EGG4AE10H0NRWJR7SH19WKCF.jpg,lychee,all,6c8d5516ba913f3f44c1b1415fb3490d,6c8d5516ba913f3f44c1b1415fb3490d,salad,2,0.945
../foodsg-233_cleaned/lychee/GCZR7PZ0R3MSPNW05OYS2U1A.jpg,lychee,all,6c8d5516ba913f3f44c1b1415fb3490d,6c8d5516ba913f3f44c1b1415fb3490d,rambutan,2,0.861
../foodsg-233_cleaned/lychee/K9AL6OMXX77C70MNRWA8O6GG.jpg,lychee,all,d90a088b62adf5ecca6aef4698718568,d90a088b62adf5ecca6aef4698718568,Fruit juice,2,0.9827
../foodsg-233_cleaned/lychee/ZQH38IIM9HCMP5QKNLF7HTOD.jpg,lychee,all,0e1f42160f2b176903b65c6ba6c0763d,0e1f42160f2b176903b65c6ba6c0763d,longan,2,0.7331
../foodsg-233_cleaned/mango pudding/9NO460REV4H81KGO3DD5Z9CC.jpg,mango pudding,all,d5a22c96b8b1ef6c607ffcbdd843b5c8,d5a22c96b8b1ef6c607ffcbdd843b5c8,Fruit juice,2,0.6125
../foodsg-233_cleaned/mango pudding/H8O2UNBF8D2BQ6N2APY1M9U5.jpg,mango pudding,all,d5a22c96b8b1ef6c607ffcbdd843b5c8,d5a22c96b8b1ef6c607ffcbdd843b5c8,Fruit juice,2,0.6305
../foodsg-233_cleaned/mango pudding/ICPW70B33T1NHTPLIPAFRKO9.jpg,mango pudding,all,e942888594f73dfa52c7e112acdd1ea9,e942888594f73dfa52c7e112acdd1ea9,ice kacang,2,0.6594
../foodsg-233_cleaned/mango pudding/PVBKIZKSIARBVE7Q90X1FYFL.jpg,mango pudding,all,e942888594f73dfa52c7e112acdd1ea9,e942888594f73dfa52c7e112acdd1ea9,tau suan,2,0.5144
../foodsg-233_cleaned/mango pudding/TS83MPGABJCGZG1CJPLD685H.jpg,mango pudding,all,d5a22c96b8b1ef6c607ffcbdd843b5c8,d5a22c96b8b1ef6c607ffcbdd843b5c8,Fruit juice,2,0.5806
../foodsg-233_cleaned/mango pudding/UBCZJLBFKCQJHPPJC2EFCYQR.jpg,mango pudding,all,d5a22c96b8b1ef6c607ffcbdd843b5c8,d5a22c96b8b1ef6c607ffcbdd843b5c8,Fruit juice,2,0.8753
../foodsg-233_cleaned/mango pudding/YTSNFMLADMKU7BJBSDOA5NTX.jpg,mango pudding,all,e942888594f73dfa52c7e112acdd1ea9,e942888594f73dfa52c7e112acdd1ea9,Pomelo,2,0.8507
../foodsg-233_cleaned/mangosteen/6W2GYTONJSDSYJVUNTVCMO8B.jpg,mangosteen,all,b483bdb632e518597c7f4c0b0dd81107,b483bdb632e518597c7f4c0b0dd81107,pear,2,0.8346
../foodsg-233_cleaned/meatball/ANT8XI2A2XU73D9ZHFHB1Q87.jpg,meatball,all,c3a7bfe0e4c8ddee46328b842dd2f2bc,c3a7bfe0e4c8ddee46328b842dd2f2bc,lasagna,2,0.7827
../foodsg-233_cleaned/meatball/AXW472OLUGAB7RGYMM0PPDNB.jpg,meatball,all,c3a7bfe0e4c8ddee46328b842dd2f2bc,c3a7bfe0e4c8ddee46328b842dd2f2bc,ngoh hiang,2,0.6815
../foodsg-233_cleaned/meatball/EMAGA6X5PBIOLK952NRMYTE8.jpg,meatball,all,c3a7bfe0e4c8ddee46328b842dd2f2bc,c3a7bfe0e4c8ddee46328b842dd2f2bc,chicken soup,2,0.5043
../foodsg-233_cleaned/meatball/N0I5IE8VIFMNMNLXQFNIETHO.jpg,meatball,all,c2bd7d5c40871b3ab20a351f6f0c69cd,c2bd7d5c40871b3ab20a351f6f0c69cd,bakso,2,0.7359
../foodsg-233_cleaned/mee pok/0K92YXLGA0P1N1MDMSIPFEKC.jpg,mee pok,all,3992a1a1590515a5d442795a935bfdca,3992a1a1590515a5d442795a935bfdca,Fried Noodles,2,0.6755
../foodsg-233_cleaned/mee pok/1K2EFQ8WK1KC89WWRLF0FHCI.jpg,mee pok,all,25389bebd5b82e04010a677a5574b479,25389bebd5b82e04010a677a5574b479,Fish Ball Noodles,2,0.7033
../foodsg-233_cleaned/mee pok/3M1MPD28ZHQG4F4PW1U1O24M.jpg,mee pok,all,e1afaef083997ca225cbd0c96ee22d2e,e1afaef083997ca225cbd0c96ee22d2e,salad,2,0.6381
../foodsg-233_cleaned/mee pok/50MUE0MXINW4S5FQNPB0T5MP.jpg,mee pok,all,cb0c4191ed52303a64291b632eb955dd,cb0c4191ed52303a64291b632eb955dd,bak chor mee,2,0.7028
../foodsg-233_cleaned/mee pok/6H482VRO3HMP7YZ54V9D090K.jpg,mee pok,all,cb0c4191ed52303a64291b632eb955dd,cb0c4191ed52303a64291b632eb955dd,bak chor mee,2,0.6667
../foodsg-233_cleaned/mee pok/7KILDWF11G72IVWDLGAVV0QC.jpg,mee pok,all,25389bebd5b82e04010a677a5574b479,25389bebd5b82e04010a677a5574b479,Fish Ball Noodles,2,0.7629
../foodsg-233_cleaned/mee pok/7OKWUK5CO58HZM3U58EO68LQ.jpg,mee pok,all,cb0c4191ed52303a64291b632eb955dd,cb0c4191ed52303a64291b632eb955dd,bak chor mee,2,0.8909
../foodsg-233_cleaned/mee pok/I5KI3L05WC11K6AW7N50SBZ1.jpg,mee pok,all,25389bebd5b82e04010a677a5574b479,25389bebd5b82e04010a677a5574b479,Fish Ball Noodles,2,0.9963
../foodsg-233_cleaned/mee pok/KA78G8TV5Q7FQ967MWU8EJ1U.jpg,mee pok,all,e1afaef083997ca225cbd0c96ee22d2e,e1afaef083997ca225cbd0c96ee22d2e,breakfast cereal,2,0.5583
../foodsg-233_cleaned/mee pok/N23VLOX0OROG953RLMTB6CV2.jpg,mee pok,all,3992a1a1590515a5d442795a935bfdca,3992a1a1590515a5d442795a935bfdca,Fried Noodles,2,0.5691
../foodsg-233_cleaned/mee pok/POIN9ZYLKXSEGSB9LL5WJN7Q.jpg,mee pok,all,cb0c4191ed52303a64291b632eb955dd,cb0c4191ed52303a64291b632eb955dd,bak chor mee,2,0.9479
../foodsg-233_cleaned/mee pok/QNMRX5MNZ7UO7S0X20ODJAJM.jpg,mee pok,all,54d774b441715ba877a348d4c14eac10,54d774b441715ba877a348d4c14eac10,pasta - fettuccine,2,0.8828
../foodsg-233_cleaned/mee pok/RRI9QECWDRDG3LD5TDKGDBOD.jpg,mee pok,all,cb0c4191ed52303a64291b632eb955dd,cb0c4191ed52303a64291b632eb955dd,bak chor mee,2,0.7366
../foodsg-233_cleaned/mee pok/RUCKV09W3IO6SV0XA18ZLTET.jpg,mee pok,all,54d774b441715ba877a348d4c14eac10,54d774b441715ba877a348d4c14eac10,pasta - fettuccine,2,0.9805
../foodsg-233_cleaned/mee pok/UQCA9L2S0A0D5AML9AQ8J9WM.jpg,mee pok,all,3992a1a1590515a5d442795a935bfdca,3992a1a1590515a5d442795a935bfdca,Fried Noodles,2,0.5768
../foodsg-233_cleaned/mee pok/W1J7ANFR4I8TY3XWZDR0U69O.jpg,mee pok,all,cb0c4191ed52303a64291b632eb955dd,cb0c4191ed52303a64291b632eb955dd,bak chor mee,2,0.7784
../foodsg-233_cleaned/mee pok/YUHAUBMJWU6I9MM2ZIPDXDLE.jpg,mee pok,all,54d774b441715ba877a348d4c14eac10,54d774b441715ba877a348d4c14eac10,pasta - fettuccine,2,0.7354
../foodsg-233_cleaned/mee pok/ZBELRVO034TUQT31AZWV1P5C.jpg,mee pok,all,cb0c4191ed52303a64291b632eb955dd,cb0c4191ed52303a64291b632eb955dd,bak chor mee,2,0.7409
../foodsg-233_cleaned/milk/9FKGT4UVWI33JFMNVP6AESME.jpg,milk,all,a0dfa8f122af2a71914f80bf2539a425,a0dfa8f122af2a71914f80bf2539a425,biscuit,2,0.5565
../foodsg-233_cleaned/milk/EJMRPHTT2YKEBFLGDF8W3VC9.jpg,milk,all,a0dfa8f122af2a71914f80bf2539a425,a0dfa8f122af2a71914f80bf2539a425,Sweets,2,0.9145
../foodsg-233_cleaned/milk/LHXGYMDNTD2YOUQK4NEMFUYN.jpg,milk,all,e8076055149cb8beb71527563c7b6ec7,e8076055149cb8beb71527563c7b6ec7,Kopi Teh Milo,2,0.9822
../foodsg-233_cleaned/miso soup/3AV9VJMFM4V9PAX75XF9MWMY.jpg,miso soup,all,b47090e8d59e6d7855a31449e9684a36,b47090e8d59e6d7855a31449e9684a36,"Miso ramen, with fishcake",2,0.7276
../foodsg-233_cleaned/miso soup/463CVOQMLRTZZBUXECQEHEKP.jpg,miso soup,all,368873bf4d090962514036015ecd9d25,368873bf4d090962514036015ecd9d25,chawanmushi,2,0.6111
../foodsg-233_cleaned/miso soup/61OB01BV63ZZ8AJ46N4SBP0R.jpg,miso soup,all,f999dc4afd473c2ffb2775614a2bacf2,f999dc4afd473c2ffb2775614a2bacf2,kaya toast,2,0.5051
../foodsg-233_cleaned/miso soup/7D1NJHUKN61G6GKEHIR9XXO1.jpg,miso soup,all,d7bfbd2bd84a21ee95deea72a4033dff,d7bfbd2bd84a21ee95deea72a4033dff,chicken soup,2,0.8096
../foodsg-233_cleaned/miso soup/ATMOYZDCH29AYRXV25FBSSAD.jpg,miso soup,all,d7bfbd2bd84a21ee95deea72a4033dff,d7bfbd2bd84a21ee95deea72a4033dff,chicken soup,2,0.698
../foodsg-233_cleaned/miso soup/BKY47C4RIPWNFG1PCKFD6E9U.jpg,miso soup,all,b47090e8d59e6d7855a31449e9684a36,b47090e8d59e6d7855a31449e9684a36,"Miso ramen, with fishcake",2,0.6492
../foodsg-233_cleaned/miso soup/FY5BM441YHHOQO9EEYWJ2GQH.jpg,miso soup,all,f999dc4afd473c2ffb2775614a2bacf2,f999dc4afd473c2ffb2775614a2bacf2,cream soup,2,0.8427
../foodsg-233_cleaned/miso soup/PH1BI9GYDDUPGGR6M549444U.jpg,miso soup,all,368873bf4d090962514036015ecd9d25,368873bf4d090962514036015ecd9d25,chawanmushi,2,0.7566
../foodsg-233_cleaned/miso soup/ST2AF3CS9AHNI8MD2FP8LUV6.jpg,miso soup,all,b47090e8d59e6d7855a31449e9684a36,b47090e8d59e6d7855a31449e9684a36,"Miso ramen, with fishcake",2,0.8496
../foodsg-233_cleaned/miso soup/XNOUV2V71148A22DNZS3JF0Q.jpg,miso soup,all,f999dc4afd473c2ffb2775614a2bacf2,f999dc4afd473c2ffb2775614a2bacf2,drunken prawn,2,0.6994
../foodsg-233_cleaned/miso soup/Y1FVJ4I6UGXCKYM87YSVRPPW.jpg,miso soup,all,b47090e8d59e6d7855a31449e9684a36,b47090e8d59e6d7855a31449e9684a36,"Miso ramen, with fishcake",2,0.7441
../foodsg-233_cleaned/mixed grills/9BT2ARJZDAN4KA0F5KZG2J7R.jpg,mixed grills,all,90df60f82d702b24fc6c866d6b66e28c,90df60f82d702b24fc6c866d6b66e28c,lamb chops,2,0.9671
../foodsg-233_cleaned/mixed grills/ILADBV9ZKR1TZRISNC9M5GBE.jpg,mixed grills,all,e173f6c96549086f4876d09f810a8774,e173f6c96549086f4876d09f810a8774,sirloin steak,2,0.614
../foodsg-233_cleaned/mixed grills/O6SMIME3FHJQ9C80TYXKWDRU.jpg,mixed grills,all,e173f6c96549086f4876d09f810a8774,e173f6c96549086f4876d09f810a8774,sirloin steak,2,0.9673
../foodsg-233_cleaned/mixed grills/Q7F4PUYSVRLY7HVY2H5HKRTC.jpg,mixed grills,all,4046fb26a30d80a308df4d5100edc319,4046fb26a30d80a308df4d5100edc319,char siew,2,0.6581
../foodsg-233_cleaned/mixed grills/TVKRBBG7O5CG0XJLDCGZEYH2.jpg,mixed grills,all,4046fb26a30d80a308df4d5100edc319,4046fb26a30d80a308df4d5100edc319,french fries,2,0.7008
../foodsg-233_cleaned/mixed grills/V7QCV6WE12GPJ1N6X48XX4EU.jpg,mixed grills,all,071184a82956c6a94d9d1b27cedabe13,071184a82956c6a94d9d1b27cedabe13,chicken chop,2,0.7477
../foodsg-233_cleaned/mixed grills/WRFGD8WG5UDPYGBC517LI4GS.jpg,mixed grills,all,07290a82b556199ac447d32d9f6a4e74,07290a82b556199ac447d32d9f6a4e74,kebab - beef,2,0.9773
../foodsg-233_cleaned/mixed grills/Z1AYPJJ0TAL55XT1DGKBLDF3.jpg,mixed grills,all,e173f6c96549086f4876d09f810a8774,e173f6c96549086f4876d09f810a8774,sirloin steak,2,0.9398
../foodsg-233_cleaned/mixed vegetables/3LD2SW0BSR420OG1S2784YHV.jpg,mixed vegetables,all,fe96a850d937d7f8a7c28fb17885abc6,fe96a850d937d7f8a7c28fb17885abc6,Lontong with sayur lodeh,2,0.6434
../foodsg-233_cleaned/mixed vegetables/5HPZWOHJ8U036F0RGTTJU1VR.jpg,mixed vegetables,all,b53be585ecc821d4469a92de9b5293e0,b53be585ecc821d4469a92de9b5293e0,green leafy vegetables,2,0.6452
../foodsg-233_cleaned/mixed vegetables/7PI4QHG8B9BJLSNNRT9OXTJG.jpg,mixed vegetables,all,58019d5798114f2b1b543334eefa9819,58019d5798114f2b1b543334eefa9819,vegetable soup,2,0.7876
../foodsg-233_cleaned/mixed vegetables/FIDN24OM4KW503GHRLC1VZYK.jpg,mixed vegetables,all,fe96a850d937d7f8a7c28fb17885abc6,fe96a850d937d7f8a7c28fb17885abc6,cherries,2,0.7073
../foodsg-233_cleaned/mixed vegetables/GAKWXEDB4W3AWHGWIKUZXO8L.jpg,mixed vegetables,all,58019d5798114f2b1b543334eefa9819,58019d5798114f2b1b543334eefa9819,vegetable soup,2,0.8333
../foodsg-233_cleaned/mixed vegetables/H03SVZGE28EU8E17586Y1OCF.jpg,mixed vegetables,all,7b92b9a3d4f08f27eab075af5b9cc3b7,7b92b9a3d4f08f27eab075af5b9cc3b7,salad,2,0.7376
../foodsg-233_cleaned/mixed vegetables/H08MPYXDK1GQG2OZ68JCM3IR.jpg,mixed vegetables,all,fe96a850d937d7f8a7c28fb17885abc6,fe96a850d937d7f8a7c28fb17885abc6,tumpeng,2,0.5647
../foodsg-233_cleaned/mixed vegetables/IHS4PFS7DUHAIDDBQ0KK8H7D.jpg,mixed vegetables,all,fe96a850d937d7f8a7c28fb17885abc6,fe96a850d937d7f8a7c28fb17885abc6,mixed grills,2,0.9143
../foodsg-233_cleaned/mixed vegetables/JSBRM4DBK8QRDJNVHE3GSC2D.jpg,mixed vegetables,all,b53be585ecc821d4469a92de9b5293e0,b53be585ecc821d4469a92de9b5293e0,green leafy vegetables,2,0.6327
../foodsg-233_cleaned/mixed vegetables/K1PA5DT607G39PEHAC00IBSE.jpg,mixed vegetables,all,fe96a850d937d7f8a7c28fb17885abc6,fe96a850d937d7f8a7c28fb17885abc6,Bibimbap,2,0.565
../foodsg-233_cleaned/mixed vegetables/M7AY8Q7564KB48XQP848H731.jpg,mixed vegetables,all,7b92b9a3d4f08f27eab075af5b9cc3b7,7b92b9a3d4f08f27eab075af5b9cc3b7,salad,2,0.5761
../foodsg-233_cleaned/mixed vegetables/O9KGSNQ1X1JUXCMRBVB1FT95.jpg,mixed vegetables,all,fe96a850d937d7f8a7c28fb17885abc6,fe96a850d937d7f8a7c28fb17885abc6,kebab - chicken,2,0.8084
../foodsg-233_cleaned/mixed vegetables/OKNV3KS6UBR7HGQPRZP2ZZDZ.jpg,mixed vegetables,all,fe96a850d937d7f8a7c28fb17885abc6,fe96a850d937d7f8a7c28fb17885abc6,rock melon,2,0.5179
../foodsg-233_cleaned/mixed vegetables/OVMCIULLFJOSR32G1SR8OA8T.jpg,mixed vegetables,all,b53be585ecc821d4469a92de9b5293e0,b53be585ecc821d4469a92de9b5293e0,green leafy vegetables,2,0.5541
../foodsg-233_cleaned/mixed vegetables/TSO4OWZ2ICF0ITXKRBRC6USS.jpg,mixed vegetables,all,fe96a850d937d7f8a7c28fb17885abc6,fe96a850d937d7f8a7c28fb17885abc6,gulai daun ubi,2,0.6338
../foodsg-233_cleaned/mixed vegetables/V36EEEDRAC08VGCFHYPLDNKR.jpg,mixed vegetables,all,b53be585ecc821d4469a92de9b5293e0,b53be585ecc821d4469a92de9b5293e0,green leafy vegetables,2,0.9081
../foodsg-233_cleaned/mixed vegetables/VFNSV8NL9VGC8I2JXS0KVKFC.jpg,mixed vegetables,all,fe96a850d937d7f8a7c28fb17885abc6,fe96a850d937d7f8a7c28fb17885abc6,sirloin steak,2,0.7186
../foodsg-233_cleaned/mixed vegetables/XPN32DAN1X33UX6KXHEBXEX1.jpg,mixed vegetables,all,75e56abe0676cb23dfb81e6882046581,75e56abe0676cb23dfb81e6882046581,hotplate tofu,2,0.5899
../foodsg-233_cleaned/mixed vegetables/XX326QWMGCY3HUOXD7ZK3X86.jpg,mixed vegetables,all,75e56abe0676cb23dfb81e6882046581,75e56abe0676cb23dfb81e6882046581,hotplate tofu,2,0.7647
../foodsg-233_cleaned/mixed vegetables/YCE8KNHTUN9RKRBADELSR9MO.jpg,mixed vegetables,all,fe96a850d937d7f8a7c28fb17885abc6,fe96a850d937d7f8a7c28fb17885abc6,sambal,2,0.6225
../foodsg-233_cleaned/mixed vegetables/YJ20PXSJH2RGPDQM6H20PZ9B.jpg,mixed vegetables,all,58019d5798114f2b1b543334eefa9819,58019d5798114f2b1b543334eefa9819,vegetable soup,2,0.9381
../foodsg-233_cleaned/mixed vegetables/ZVB0KH5ORGT5BSF6XTYOOVUN.jpg,mixed vegetables,all,b53be585ecc821d4469a92de9b5293e0,b53be585ecc821d4469a92de9b5293e0,green leafy vegetables,2,0.7075
../foodsg-233_cleaned/muesli/1JV2J6JYDILSVG4I09TRWRUM.jpg,muesli,all,579ef3661aac009a59530a5d5c34f80b,579ef3661aac009a59530a5d5c34f80b,whole oats,2,0.6594
../foodsg-233_cleaned/muesli/1V8O0KCWSVRBH529N38LNYMO.jpg,muesli,all,c51b740ee798ea243ba9d28b78d45ae4,c51b740ee798ea243ba9d28b78d45ae4,buckwheat,2,0.7184
../foodsg-233_cleaned/muesli/54N61W20T3WV7MWLXRW3ZYE1.jpg,muesli,all,5c55e511ee7b43a00c68c5dde4efb530,5c55e511ee7b43a00c68c5dde4efb530,breakfast cereal,2,0.8626
../foodsg-233_cleaned/muesli/68LVH7GRIX5NC0X7F4N46O3Y.jpg,muesli,all,55b121c567d54a11f0c3f7e4605002c9,55b121c567d54a11f0c3f7e4605002c9,cream soup,2,0.7144
../foodsg-233_cleaned/muesli/6Z44FXBO9DK5LNTKCPYPCX2D.jpg,muesli,all,5c55e511ee7b43a00c68c5dde4efb530,5c55e511ee7b43a00c68c5dde4efb530,breakfast cereal,2,0.8084
../foodsg-233_cleaned/muesli/742OOU7YO0D1DO23FFMFRFH1.jpg,muesli,all,5c55e511ee7b43a00c68c5dde4efb530,5c55e511ee7b43a00c68c5dde4efb530,breakfast cereal,2,0.691
../foodsg-233_cleaned/muesli/AR5XDJLRAY68AS5QZMHODBEN.jpg,muesli,all,55b121c567d54a11f0c3f7e4605002c9,55b121c567d54a11f0c3f7e4605002c9,Apple,2,0.8029
../foodsg-233_cleaned/muesli/EF7NK6ZLJU5PWDMG5FCQKJTC.jpg,muesli,all,5c55e511ee7b43a00c68c5dde4efb530,5c55e511ee7b43a00c68c5dde4efb530,breakfast cereal,2,0.686
../foodsg-233_cleaned/muesli/F427V72YXJ8SSQSGPATKT5CB.jpg,muesli,all,c51b740ee798ea243ba9d28b78d45ae4,c51b740ee798ea243ba9d28b78d45ae4,buckwheat,2,0.9121
../foodsg-233_cleaned/muesli/J2SQG06WZ712BAHWX8XWO8T4.jpg,muesli,all,55b121c567d54a11f0c3f7e4605002c9,55b121c567d54a11f0c3f7e4605002c9,chawanmushi,2,0.8647
../foodsg-233_cleaned/muesli/L8T56H8E0M2OY31ZVNAFD41V.jpg,muesli,all,5c55e511ee7b43a00c68c5dde4efb530,5c55e511ee7b43a00c68c5dde4efb530,breakfast cereal,2,0.8465
../foodsg-233_cleaned/muesli/ORVG8WFBOPJQ6OPS6BMZNKAZ.jpg,muesli,all,55b121c567d54a11f0c3f7e4605002c9,55b121c567d54a11f0c3f7e4605002c9,biscuit,2,0.964
../foodsg-233_cleaned/muesli/PPR5BAQYN0VI1VKQLRMBG4OI.jpg,muesli,all,cd4013a06208fe22267b25da59624e6f,cd4013a06208fe22267b25da59624e6f,parfait,2,0.7382
../foodsg-233_cleaned/muesli/QO8RGAYUCNB601IJQ12TPR37.jpg,muesli,all,756cbd20ffdbe027deddaa37fd3eae09,756cbd20ffdbe027deddaa37fd3eae09,Chocolate,2,0.7734
../foodsg-233_cleaned/muesli/WJLUJ130DATP7FTY0YC88CC1.jpg,muesli,all,5c55e511ee7b43a00c68c5dde4efb530,5c55e511ee7b43a00c68c5dde4efb530,breakfast cereal,2,0.7805
../foodsg-233_cleaned/muesli/X6BTPLI18X6JPQ4N56U2Y1CF.jpg,muesli,all,c51b740ee798ea243ba9d28b78d45ae4,c51b740ee798ea243ba9d28b78d45ae4,buckwheat,2,0.8445
../foodsg-233_cleaned/muesli/YE2M567CSK2R115F2DXBC01V.jpg,muesli,all,55b121c567d54a11f0c3f7e4605002c9,55b121c567d54a11f0c3f7e4605002c9,blueberries,2,0.9164
../foodsg-233_cleaned/muesli/YTEB1YDZ11WEFF4MKAAWQ7GM.jpg,muesli,all,5c55e511ee7b43a00c68c5dde4efb530,5c55e511ee7b43a00c68c5dde4efb530,breakfast cereal,2,0.7242
../foodsg-233_cleaned/murtabak/SEQ63EB6N45BE2LM5HY0YQQZ.jpg,murtabak,all,abc6c52c462fb70c505d73c1b08c5a7e,abc6c52c462fb70c505d73c1b08c5a7e,Indian Prata,2,0.7826
../foodsg-233_cleaned/murtabak/WIG77X550V53FKNGA2489NNQ.jpg,murtabak,all,abc6c52c462fb70c505d73c1b08c5a7e,abc6c52c462fb70c505d73c1b08c5a7e,Indian Prata,2,0.7903
../foodsg-233_cleaned/mushroom soup/77RC3W1HCZ9S7D7XEQDST54E.jpg,mushroom soup,all,6bb53b6a6431a922792bc1f2d37c2cca,6bb53b6a6431a922792bc1f2d37c2cca,cream soup,2,0.6974
../foodsg-233_cleaned/mushroom soup/9IOU3RJQBUEFEFBQBZ6HG9V9.jpg,mushroom soup,all,6bb53b6a6431a922792bc1f2d37c2cca,6bb53b6a6431a922792bc1f2d37c2cca,cream soup,2,0.6602
../foodsg-233_cleaned/mushroom soup/ACJ4YOL58D5BYW7E5QRKN7YC.jpg,mushroom soup,all,7014a6909730f09102cfc6ce804c5ca6,7014a6909730f09102cfc6ce804c5ca6,vegetable soup,2,0.7128
../foodsg-233_cleaned/mushroom soup/ARMJFHDU2A2T5V5VQN2Q9STU.jpg,mushroom soup,all,6bb53b6a6431a922792bc1f2d37c2cca,6bb53b6a6431a922792bc1f2d37c2cca,cream soup,2,0.7537
../foodsg-233_cleaned/mushroom soup/HP2AJD7WBHOUZSBBDMBI5W7S.jpg,mushroom soup,all,6bb53b6a6431a922792bc1f2d37c2cca,6bb53b6a6431a922792bc1f2d37c2cca,cream soup,2,0.9008
../foodsg-233_cleaned/mushroom soup/MLDX3S5Q0B86348N7G5DFI4C.jpg,mushroom soup,all,6bb53b6a6431a922792bc1f2d37c2cca,6bb53b6a6431a922792bc1f2d37c2cca,cream soup,2,0.9768
../foodsg-233_cleaned/mushroom soup/MR6P4H9BGGJTN5RG5J7654ZQ.jpg,mushroom soup,all,6bb53b6a6431a922792bc1f2d37c2cca,6bb53b6a6431a922792bc1f2d37c2cca,cream soup,2,0.5339
../foodsg-233_cleaned/mushroom soup/OVSK42IKNFVACZ9DRPTI1WJR.jpg,mushroom soup,all,6bb53b6a6431a922792bc1f2d37c2cca,6bb53b6a6431a922792bc1f2d37c2cca,cream soup,2,0.9586
../foodsg-233_cleaned/mushroom soup/ROFS4SI6IFUGHD8TV23P6VII.jpg,mushroom soup,all,625c77a2403bc78f49bf1476bd25cbf6,625c77a2403bc78f49bf1476bd25cbf6,miso soup,2,0.6862
../foodsg-233_cleaned/mushroom soup/T48EQW980HDP1HHLHMOVATWL.jpg,mushroom soup,all,8936207d61d16a5b6c7f5b3a48a3a67b,8936207d61d16a5b6c7f5b3a48a3a67b,chicken soup,2,0.6477
../foodsg-233_cleaned/mushroom soup/TPRE8GG8PM49KGG3Z3JSG58U.jpg,mushroom soup,all,625c77a2403bc78f49bf1476bd25cbf6,625c77a2403bc78f49bf1476bd25cbf6,pig organ soup,2,0.9831
../foodsg-233_cleaned/mushroom soup/U3UAUC69RXBNO0YOIW9N5E8A.jpg,mushroom soup,all,8936207d61d16a5b6c7f5b3a48a3a67b,8936207d61d16a5b6c7f5b3a48a3a67b,chicken soup,2,0.7019
../foodsg-233_cleaned/mushroom soup/UEZ1DN4X8QY5NU1SHGC1I0LU.jpg,mushroom soup,all,625c77a2403bc78f49bf1476bd25cbf6,625c77a2403bc78f49bf1476bd25cbf6,Dumpling noodle soup,2,0.8684
../foodsg-233_cleaned/mushroom soup/Y81RB4HYBPDXCML2WW7HVP2C.jpg,mushroom soup,all,6bb53b6a6431a922792bc1f2d37c2cca,6bb53b6a6431a922792bc1f2d37c2cca,cream soup,2,0.9674
../foodsg-233_cleaned/nasi lemak/3JDLDGR0I1SVC5BH5Q8L5ST9.jpg,nasi lemak,all,96bfd562a332c87ebb0d4773da31aa0e,96bfd562a332c87ebb0d4773da31aa0e,ayam penyet,2,0.7553
../foodsg-233_cleaned/nasi lemak/BPCNO1DUQ6UFCXAK20XM5L86.jpg,nasi lemak,all,84aeace535294d1a1803e2a6500acc7a,84aeace535294d1a1803e2a6500acc7a,Nasi Ambeng,2,0.6608
../foodsg-233_cleaned/nasi lemak/R4ACO611F36BKEVTE6APQ4RU.jpg,nasi lemak,all,84aeace535294d1a1803e2a6500acc7a,84aeace535294d1a1803e2a6500acc7a,Nasi Ambeng,2,0.9367
../foodsg-233_cleaned/nasi lemak/RHKLHGIOS63AIR3DOWVGQA2W.jpg,nasi lemak,all,84aeace535294d1a1803e2a6500acc7a,84aeace535294d1a1803e2a6500acc7a,Nasi Ambeng,2,0.7627
../foodsg-233_cleaned/nasi lemak/Y99CU32LSW7MUVKQRBEJBXKG.jpg,nasi lemak,all,b6fc063e4a19f480923372c65f729bde,b6fc063e4a19f480923372c65f729bde,har cheong gai,2,0.6305
../foodsg-233_cleaned/ngoh hiang/0SB79M8H6KK55EEN8XKJWADZ.jpg,ngoh hiang,all,928c3f1d29c85e5ac7d67fe5b3dd61ec,928c3f1d29c85e5ac7d67fe5b3dd61ec,oyster omelette,2,0.7616
../foodsg-233_cleaned/ngoh hiang/1FCQH3XOJRFJ8I47XTQ8V6K2.jpg,ngoh hiang,all,928c3f1d29c85e5ac7d67fe5b3dd61ec,928c3f1d29c85e5ac7d67fe5b3dd61ec,mixed grills,2,0.8814
../foodsg-233_cleaned/ngoh hiang/6G0OTCXNY7HDF11E13GGD20L.jpg,ngoh hiang,all,928c3f1d29c85e5ac7d67fe5b3dd61ec,928c3f1d29c85e5ac7d67fe5b3dd61ec,goreng pisang,2,0.5213
../foodsg-233_cleaned/ngoh hiang/FGUGX2XZQ6Y5Y7QBYCBAXCX6.jpg,ngoh hiang,all,928c3f1d29c85e5ac7d67fe5b3dd61ec,928c3f1d29c85e5ac7d67fe5b3dd61ec,spring rolls,2,0.936
../foodsg-233_cleaned/ngoh hiang/ITMZV5ASKCMVGWRYLL5SK4SZ.jpg,ngoh hiang,all,928c3f1d29c85e5ac7d67fe5b3dd61ec,928c3f1d29c85e5ac7d67fe5b3dd61ec,fried fish,2,0.8116
../foodsg-233_cleaned/ngoh hiang/KWFKIEAHD5XICTR4BNSHRP6X.jpg,ngoh hiang,all,928c3f1d29c85e5ac7d67fe5b3dd61ec,928c3f1d29c85e5ac7d67fe5b3dd61ec,har cheong gai,2,0.6124
../foodsg-233_cleaned/ngoh hiang/PP822MBSQ7OVRVRW3MCQRJJD.jpg,ngoh hiang,all,928c3f1d29c85e5ac7d67fe5b3dd61ec,928c3f1d29c85e5ac7d67fe5b3dd61ec,begedil,2,0.8957
../foodsg-233_cleaned/ngoh hiang/RDTWJHJ1O53GIMI70WM44R9X.jpg,ngoh hiang,all,928c3f1d29c85e5ac7d67fe5b3dd61ec,928c3f1d29c85e5ac7d67fe5b3dd61ec,kway chap,2,0.7032
../foodsg-233_cleaned/ngoh hiang/W7UN87H0K4MX800TE5VBI2EY.jpg,ngoh hiang,all,928c3f1d29c85e5ac7d67fe5b3dd61ec,928c3f1d29c85e5ac7d67fe5b3dd61ec,Tauhu Goreng,2,0.8033
../foodsg-233_cleaned/orange/1H0ND2LMSM3S7WZUR5UBD3M7.jpg,orange,all,5a34d3b97d65893f7c730e13d424bc47,5a34d3b97d65893f7c730e13d424bc47,Chocolate,2,0.8446
../foodsg-233_cleaned/orange/8PCF30FNG563PSQK1I342A2D.jpg,orange,all,5a34d3b97d65893f7c730e13d424bc47,5a34d3b97d65893f7c730e13d424bc47,pear,2,0.6449
../foodsg-233_cleaned/orange/A33DQU0XN8JOJASMG5F6E2FP.jpg,orange,all,5a34d3b97d65893f7c730e13d424bc47,5a34d3b97d65893f7c730e13d424bc47,Sweets,2,0.6981
../foodsg-233_cleaned/orange/MGC4Z5R2RMXKCX1Y390X8BTW.jpg,orange,all,65f0d65a8530d5bdc54f842112538d69,65f0d65a8530d5bdc54f842112538d69,Fruit juice,2,0.6661
../foodsg-233_cleaned/orange/S7V64JAK070WPH8YEAME7SIM.jpg,orange,all,5a34d3b97d65893f7c730e13d424bc47,5a34d3b97d65893f7c730e13d424bc47,cake,2,0.5275
../foodsg-233_cleaned/orange/W46CQ4IAQ2CZ8HMLJVRCQ7F3.jpg,orange,all,65f0d65a8530d5bdc54f842112538d69,65f0d65a8530d5bdc54f842112538d69,Fruit juice,2,0.8741
../foodsg-233_cleaned/orange/WLFA6R5ROILIK1FG44EMRDZC.jpg,orange,all,ee8e920a9b164a40103ee20047c059c8,ee8e920a9b164a40103ee20047c059c8,Grapefruit,2,0.8848
../foodsg-233_cleaned/otak/IXX9QTQ0T7JBWVHB51YRVT6W.jpg,otak,all,c4d01d4c499cc9e814f47d20809fc331,c4d01d4c499cc9e814f47d20809fc331,sambal stingray,2,0.9907
../foodsg-233_cleaned/oyster omelette/8KFCEF0VNR5S6TSFGE4SZ8VG.jpg,oyster omelette,all,6d2ee4550ae13d6b758dcb320c06002d,6d2ee4550ae13d6b758dcb320c06002d,chai tow kuay,2,0.8167
../foodsg-233_cleaned/oyster omelette/95CVJ95H2QOS9H1EQ2IR2MAN.jpg,oyster omelette,all,6d2ee4550ae13d6b758dcb320c06002d,6d2ee4550ae13d6b758dcb320c06002d,chai tow kuay,2,0.8062
../foodsg-233_cleaned/oyster omelette/IMJYD0AGQGAY9WNTIJI3MY4N.jpg,oyster omelette,all,a9ddfa939385e55b9bd8fca03fca938d,a9ddfa939385e55b9bd8fca03fca938d,tortilla - plain,2,0.8994
../foodsg-233_cleaned/oyster omelette/K33EG1IC18JH7G1GPXDS7E6I.jpg,oyster omelette,all,6d2ee4550ae13d6b758dcb320c06002d,6d2ee4550ae13d6b758dcb320c06002d,chai tow kuay,2,0.8162
../foodsg-233_cleaned/oyster omelette/M4RGC0MITUPGZHMGA1UO90O5.jpg,oyster omelette,all,6d2ee4550ae13d6b758dcb320c06002d,6d2ee4550ae13d6b758dcb320c06002d,chai tow kuay,2,0.787
../foodsg-233_cleaned/oyster omelette/X8BKO1XVG5FNACHLJD72SW82.jpg,oyster omelette,all,a30665e1c93d11499baad10866752bcf,a30665e1c93d11499baad10866752bcf,Katsudon,2,0.9806
../foodsg-233_cleaned/oyster omelette/ZJKHJMPVMHICULZY6IU8L6MX.jpg,oyster omelette,all,a30665e1c93d11499baad10866752bcf,a30665e1c93d11499baad10866752bcf,Katsudon,2,0.6556
../foodsg-233_cleaned/paella seafood/Y5KUMOSSLIGROMKM4HS2OLDE.jpg,paella seafood,all,a6ddbe447e9b3f629830b2b515253a55,a6ddbe447e9b3f629830b2b515253a55,cooked brown rice,2,0.5227
../foodsg-233_cleaned/pancake/1UN3CUEKJ3DTH41ANSVIG9S0.jpg,pancake,all,d5565f3f278b2e091235e2fb1c581526,d5565f3f278b2e091235e2fb1c581526,spring rolls,2,0.9675
../foodsg-233_cleaned/pancake/456959RUNOAKOYY1P04DJWHD.jpg,pancake,all,5126757a18c692fa3b069ccd2b11ee92,5126757a18c692fa3b069ccd2b11ee92,Indian Pancake,2,0.5698
../foodsg-233_cleaned/pancake/5KG7VWF31999EO6C4IPI2K2E.jpg,pancake,all,35f3718142bc92841c9284a57d525f9d,35f3718142bc92841c9284a57d525f9d,Indian Prata,2,0.6718
../foodsg-233_cleaned/pancake/6GKHGHK6UHFZQAJQ4B2DDRLJ.jpg,pancake,all,35f3718142bc92841c9284a57d525f9d,35f3718142bc92841c9284a57d525f9d,Indian Prata,2,0.6385
../foodsg-233_cleaned/pancake/86JW3MGCWXE094PGQDB9FT5Z.jpg,pancake,all,5126757a18c692fa3b069ccd2b11ee92,5126757a18c692fa3b069ccd2b11ee92,Indian Pancake,2,0.5724
../foodsg-233_cleaned/pancake/92AP4H9I1BQFW2J6KJ4EOSE4.jpg,pancake,all,d5565f3f278b2e091235e2fb1c581526,d5565f3f278b2e091235e2fb1c581526,dumpling,2,0.561
../foodsg-233_cleaned/pancake/LJ5VZ63V8IJ3W8A2F27IU2PU.jpg,pancake,all,d5565f3f278b2e091235e2fb1c581526,d5565f3f278b2e091235e2fb1c581526,Chocolate,2,0.5058
../foodsg-233_cleaned/pancake/M3DUNWHUCI9ANBKYA7T0935G.jpg,pancake,all,d5565f3f278b2e091235e2fb1c581526,d5565f3f278b2e091235e2fb1c581526,tortilla - plain,2,0.7645
../foodsg-233_cleaned/pancake/N46KOLMLFI8LJ1SPGWRD7BP8.jpg,pancake,all,d5565f3f278b2e091235e2fb1c581526,d5565f3f278b2e091235e2fb1c581526,egg tart,2,0.7634
../foodsg-233_cleaned/pancake/R5D2PKJF54A8M45SK4CWXV0U.jpg,pancake,all,d5565f3f278b2e091235e2fb1c581526,d5565f3f278b2e091235e2fb1c581526,Kueh Salat,2,0.7939
../foodsg-233_cleaned/pancake/S2B2QQ8YR3ZHSGPXNHQWULKR.jpg,pancake,all,d5565f3f278b2e091235e2fb1c581526,d5565f3f278b2e091235e2fb1c581526,fried rice,2,0.8654
../foodsg-233_cleaned/pancake/X7ICXSDAQV7D6358EPTWH8UL.jpg,pancake,all,d5565f3f278b2e091235e2fb1c581526,d5565f3f278b2e091235e2fb1c581526,pineapple tarts,2,0.702
../foodsg-233_cleaned/parfait/4TO8EIZHP6PPAYLM5JXVJ6H1.jpg,parfait,all,cd4013a06208fe22267b25da59624e6f,cd4013a06208fe22267b25da59624e6f,muesli,2,0.9002
../foodsg-233_cleaned/parfait/C4TIIOPKXB0HUXA98MVYH1SL.jpg,parfait,all,cd4013a06208fe22267b25da59624e6f,cd4013a06208fe22267b25da59624e6f,muesli,2,0.9076
../foodsg-233_cleaned/parfait/IDHWWFNPVPGP6H5G9HD765C4.jpg,parfait,all,f566f99962165a956f3609de3be697f6,f566f99962165a956f3609de3be697f6,tiramisu,2,0.7706
../foodsg-233_cleaned/parfait/T06YQ9F6SA2F6IQ0VBAJNE3F.jpg,parfait,all,f566f99962165a956f3609de3be697f6,f566f99962165a956f3609de3be697f6,tiramisu,2,0.7777
../foodsg-233_cleaned/parfait/UQC8B2EK11UYHVFRPXLIWI9V.jpg,parfait,all,cd4013a06208fe22267b25da59624e6f,cd4013a06208fe22267b25da59624e6f,muesli,2,0.7987
../foodsg-233_cleaned/passion fruit/I6GY6IQG0SQ9VVAVXZXDV4DG.jpg,passion fruit,all,5e9a3079db3510c8d68c62c7931480bf,5e9a3079db3510c8d68c62c7931480bf,Katsudon,2,0.5132
../foodsg-233_cleaned/passion fruit/T93H1CT0V09FG6XTODVBUTC2.jpg,passion fruit,all,5e9a3079db3510c8d68c62c7931480bf,5e9a3079db3510c8d68c62c7931480bf,pear,2,0.9742
../foodsg-233_cleaned/pasta - fettuccine/1GF2V2MS13JJMCV1N9W8T4NB.jpg,pasta - fettuccine,all,cb2d0e11d764b6cc3789f885718bf5a0,cb2d0e11d764b6cc3789f885718bf5a0,pasta - red sauce,2,0.9466
../foodsg-233_cleaned/pasta - fettuccine/86G65HIUERAG4JYOPS6K0XVY.jpg,pasta - fettuccine,all,524ac5a95fb26ba9a3ca3861a1a592e8,524ac5a95fb26ba9a3ca3861a1a592e8,wholegrain pasta,2,0.724
../foodsg-233_cleaned/pasta - fettuccine/B0F9EEVL6YHZ82N315TNF1V5.jpg,pasta - fettuccine,all,cb2d0e11d764b6cc3789f885718bf5a0,cb2d0e11d764b6cc3789f885718bf5a0,pasta - red sauce,2,0.992
../foodsg-233_cleaned/pasta - fettuccine/BNYK6SZRRJUMFBWR4W3UB06C.jpg,pasta - fettuccine,all,524ac5a95fb26ba9a3ca3861a1a592e8,524ac5a95fb26ba9a3ca3861a1a592e8,wholegrain pasta,2,0.8534
../foodsg-233_cleaned/pasta - fettuccine/D40N0MCEPY3Q46AXVWEIBHAA.jpg,pasta - fettuccine,all,524ac5a95fb26ba9a3ca3861a1a592e8,524ac5a95fb26ba9a3ca3861a1a592e8,wholegrain pasta,2,0.6175
../foodsg-233_cleaned/pasta - fettuccine/EPHWEG04D74LUZ4E1TZ8RKPX.jpg,pasta - fettuccine,all,524ac5a95fb26ba9a3ca3861a1a592e8,524ac5a95fb26ba9a3ca3861a1a592e8,wholegrain pasta,2,0.6341
../foodsg-233_cleaned/pasta - fettuccine/F3VSNQ8RMMQ3PE3TFZONPKJQ.jpg,pasta - fettuccine,all,cb2d0e11d764b6cc3789f885718bf5a0,cb2d0e11d764b6cc3789f885718bf5a0,pasta - red sauce,2,0.9466
../foodsg-233_cleaned/pasta - fettuccine/H21519VE4GSJC2Y2BWGY4ZS9.jpg,pasta - fettuccine,all,7666c4d5a70d45d666ddcd2a4347a9e0,7666c4d5a70d45d666ddcd2a4347a9e0,chicken chop,2,0.6558
../foodsg-233_cleaned/pasta - fettuccine/HKQS52PU0RKH5O623GOUW6BS.jpg,pasta - fettuccine,all,524ac5a95fb26ba9a3ca3861a1a592e8,524ac5a95fb26ba9a3ca3861a1a592e8,wholegrain pasta,2,0.5634
../foodsg-233_cleaned/pasta - fettuccine/JTM25RUH3AN348D22XTPVT4J.jpg,pasta - fettuccine,all,877bc0c488cc47616053f09566843496,877bc0c488cc47616053f09566843496,Macaroni,2,0.9051
../foodsg-233_cleaned/pasta - fettuccine/JXPKCHPTNWWU5XMKI9XEPJ3S.jpg,pasta - fettuccine,all,cb2d0e11d764b6cc3789f885718bf5a0,cb2d0e11d764b6cc3789f885718bf5a0,pasta - red sauce,2,0.5765
../foodsg-233_cleaned/pasta - fettuccine/LN22JO6WC2GHWKXYI2J2NSJ9.jpg,pasta - fettuccine,all,cb2d0e11d764b6cc3789f885718bf5a0,cb2d0e11d764b6cc3789f885718bf5a0,pasta - red sauce,2,0.7709
../foodsg-233_cleaned/pasta - fettuccine/LS38L1ZWHCPAA3SBN23Y176U.jpg,pasta - fettuccine,all,cb2d0e11d764b6cc3789f885718bf5a0,cb2d0e11d764b6cc3789f885718bf5a0,pasta - red sauce,2,0.8354
../foodsg-233_cleaned/pasta - fettuccine/O6ZPFQL3GJ58R022G1HFPV3X.jpg,pasta - fettuccine,all,524ac5a95fb26ba9a3ca3861a1a592e8,524ac5a95fb26ba9a3ca3861a1a592e8,wholegrain pasta,2,0.8035
../foodsg-233_cleaned/pasta - fettuccine/OT8ZJYPYOUA0JN3RTOZ611GI.jpg,pasta - fettuccine,all,524ac5a95fb26ba9a3ca3861a1a592e8,524ac5a95fb26ba9a3ca3861a1a592e8,wholegrain pasta,2,0.7609
../foodsg-233_cleaned/pasta - fettuccine/PVIOV23UT919EY212HR6GXL6.jpg,pasta - fettuccine,all,524ac5a95fb26ba9a3ca3861a1a592e8,524ac5a95fb26ba9a3ca3861a1a592e8,wholegrain pasta,2,0.6612
../foodsg-233_cleaned/pasta - fettuccine/U0Q0A2JW9B9W9DEC08MGDD55.jpg,pasta - fettuccine,all,cb2d0e11d764b6cc3789f885718bf5a0,cb2d0e11d764b6cc3789f885718bf5a0,pasta - red sauce,2,0.7606
../foodsg-233_cleaned/pasta - fettuccine/VWB1DDJ3EAAPK0WGUQT3KY3D.jpg,pasta - fettuccine,all,877bc0c488cc47616053f09566843496,877bc0c488cc47616053f09566843496,Macaroni,2,0.7586
../foodsg-233_cleaned/pasta - fettuccine/WGLXF94SOBNCO8QY99YZIKUS.jpg,pasta - fettuccine,all,877bc0c488cc47616053f09566843496,877bc0c488cc47616053f09566843496,Macaroni,2,0.9947
../foodsg-233_cleaned/pasta - fettuccine/XHIDPGYSY5W6ZYGLNXIWT9CQ.jpg,pasta - fettuccine,all,524ac5a95fb26ba9a3ca3861a1a592e8,524ac5a95fb26ba9a3ca3861a1a592e8,wholegrain pasta,2,0.5059
../foodsg-233_cleaned/pasta - fettuccine/Y4DGNO4A4FQ04SGTU2QGRTDK.jpg,pasta - fettuccine,all,7666c4d5a70d45d666ddcd2a4347a9e0,7666c4d5a70d45d666ddcd2a4347a9e0,meatball,2,0.9952
../foodsg-233_cleaned/pasta - red sauce/0MMEKIIPAHMAOFBSHDSDF6WG.jpg,pasta - red sauce,all,cb2d0e11d764b6cc3789f885718bf5a0,cb2d0e11d764b6cc3789f885718bf5a0,pasta - fettuccine,2,0.558
../foodsg-233_cleaned/pasta - red sauce/1YV1ARM1T7PVT0Z4S0EW498Y.jpg,pasta - red sauce,all,e8f672389a889239239a7324186733f7,e8f672389a889239239a7324186733f7,hotplate tofu,2,0.738
../foodsg-233_cleaned/pasta - red sauce/2JM9RN0FN2CVPBO50CU37JMA.jpg,pasta - red sauce,all,cb2d0e11d764b6cc3789f885718bf5a0,cb2d0e11d764b6cc3789f885718bf5a0,pasta - fettuccine,2,0.968
../foodsg-233_cleaned/pasta - red sauce/45LNGNYI2GFNGX2PPDRSYZPW.jpg,pasta - red sauce,all,e8f672389a889239239a7324186733f7,e8f672389a889239239a7324186733f7,meatball,2,0.8271
../foodsg-233_cleaned/pasta - red sauce/468XNGG4XAC0189UUZD98AEF.jpg,pasta - red sauce,all,2ac9dfbd170933de3453ccfe7c9864b5,2ac9dfbd170933de3453ccfe7c9864b5,wholegrain pasta,2,0.5557
../foodsg-233_cleaned/pasta - red sauce/B60MCU91Y2CIX5ICHDOIGGSX.jpg,pasta - red sauce,all,2ac9dfbd170933de3453ccfe7c9864b5,2ac9dfbd170933de3453ccfe7c9864b5,wholegrain pasta,2,0.7926
../foodsg-233_cleaned/pasta - red sauce/B75FPRJZ0YX48Z7PITFQ0G13.jpg,pasta - red sauce,all,cb2d0e11d764b6cc3789f885718bf5a0,cb2d0e11d764b6cc3789f885718bf5a0,pasta - fettuccine,2,0.826
../foodsg-233_cleaned/pasta - red sauce/BZXITL24UT8BWRFGVN12WV29.jpg,pasta - red sauce,all,cb2d0e11d764b6cc3789f885718bf5a0,cb2d0e11d764b6cc3789f885718bf5a0,pasta - fettuccine,2,0.7953
../foodsg-233_cleaned/pasta - red sauce/EJYJX6QA8BHAU5X7NWAE0R9U.jpg,pasta - red sauce,all,cb2d0e11d764b6cc3789f885718bf5a0,cb2d0e11d764b6cc3789f885718bf5a0,pasta - fettuccine,2,0.7307
../foodsg-233_cleaned/pasta - red sauce/KJ1UG2PB9KNFGP5MRGM15AHF.jpg,pasta - red sauce,all,e8f672389a889239239a7324186733f7,e8f672389a889239239a7324186733f7,Macaroni,2,0.543
../foodsg-233_cleaned/pasta - red sauce/MR0JYNBMCD48N0OJQC2PF9LR.jpg,pasta - red sauce,all,cb2d0e11d764b6cc3789f885718bf5a0,cb2d0e11d764b6cc3789f885718bf5a0,pasta - fettuccine,2,0.7441
../foodsg-233_cleaned/pasta - red sauce/U30RO2VKFGTL2GC40ML9PM6E.jpg,pasta - red sauce,all,cb2d0e11d764b6cc3789f885718bf5a0,cb2d0e11d764b6cc3789f885718bf5a0,pasta - fettuccine,2,0.8925
../foodsg-233_cleaned/pasta - red sauce/WMX225FOR6XBSPB2GN48SG0O.jpg,pasta - red sauce,all,e8f672389a889239239a7324186733f7,e8f672389a889239239a7324186733f7,Mee goreng,2,0.8868
../foodsg-233_cleaned/pear/531IW5ZP0J27YQS1U787YH64.jpg,pear,all,dc2788f876c22dcca45b99b33c4202bb,dc2788f876c22dcca45b99b33c4202bb,Apple,2,0.8585
../foodsg-233_cleaned/pear/EHSO4D62JP0JYGB0WKZ6AGE2.jpg,pear,all,dc2788f876c22dcca45b99b33c4202bb,dc2788f876c22dcca45b99b33c4202bb,cake,2,0.6505
../foodsg-233_cleaned/pear/UJTE285Y81WGV0BXL9RKCXVQ.jpg,pear,all,dc2788f876c22dcca45b99b33c4202bb,dc2788f876c22dcca45b99b33c4202bb,Chocolate,2,0.582
../foodsg-233_cleaned/pig organ soup/3S65MZBI9S1YP8HQ0HC4DXHU.jpg,pig organ soup,all,3b84d8aa25882c3aed0df5e97f370acf,3b84d8aa25882c3aed0df5e97f370acf,sliced fish soup,2,0.7459
../foodsg-233_cleaned/pig organ soup/63QK7PMCCPHGAUDLUC7SHBYV.jpg,pig organ soup,all,b5b396a9e9b6a406d0bd838596e9af61,b5b396a9e9b6a406d0bd838596e9af61,vegetable soup,2,0.6459
../foodsg-233_cleaned/pig organ soup/AUOV466BENUYCWW5LSE61AOR.jpg,pig organ soup,all,a92f2507f32b7d6426ad9fa0c2a8fa61,a92f2507f32b7d6426ad9fa0c2a8fa61,kway chap,2,0.5774
../foodsg-233_cleaned/pig organ soup/B7LGSNDSQ5O8YN4QGVTU2M2T.jpg,pig organ soup,all,ae703bfe1d77dad21a440569c6480d0e,ae703bfe1d77dad21a440569c6480d0e,Dumpling noodle soup,2,0.9979
../foodsg-233_cleaned/pig organ soup/DVBAGI4A062MIWX5E18VLDU3.jpg,pig organ soup,all,1008ecb70b11b7926046e9e5b29e42ac,1008ecb70b11b7926046e9e5b29e42ac,beef noodle soup,2,0.6381
../foodsg-233_cleaned/pig organ soup/FBM75V29QEQZZPM76S9TGBDM.jpg,pig organ soup,all,a92f2507f32b7d6426ad9fa0c2a8fa61,a92f2507f32b7d6426ad9fa0c2a8fa61,kway chap,2,0.929
../foodsg-233_cleaned/pig organ soup/K38CEV5LOI4L9P4NA9EZPGNZ.jpg,pig organ soup,all,3cba640a903b3415c3f6154228deeab8,3cba640a903b3415c3f6154228deeab8,miso soup,2,0.6691
../foodsg-233_cleaned/pig organ soup/NJCBVYQEK5R43O7DEXWOL7ZC.jpg,pig organ soup,all,760fc69fea0940eddacaca55a340a31b,760fc69fea0940eddacaca55a340a31b,Porridge,2,0.968
../foodsg-233_cleaned/pig organ soup/RLU9SK86R5MK1NQALBYKA8XL.jpg,pig organ soup,all,1008ecb70b11b7926046e9e5b29e42ac,1008ecb70b11b7926046e9e5b29e42ac,beef noodle soup,2,0.9986
../foodsg-233_cleaned/pig organ soup/VV9X6NZ17W9DWHIRFV2N31ZY.jpg,pig organ soup,all,b5b396a9e9b6a406d0bd838596e9af61,b5b396a9e9b6a406d0bd838596e9af61,Claypot Rice,2,0.9828
../foodsg-233_cleaned/pig organ soup/YW06C75GZMYOA70T7XGUU009.jpg,pig organ soup,all,3cba640a903b3415c3f6154228deeab8,3cba640a903b3415c3f6154228deeab8,miso soup,2,0.9806
../foodsg-233_cleaned/pig organ soup/Z4V25URJ4KZEC3JMKUT8KI69.jpg,pig organ soup,all,1008ecb70b11b7926046e9e5b29e42ac,1008ecb70b11b7926046e9e5b29e42ac,beef noodle soup,2,0.5883
../foodsg-233_cleaned/pineapple/2E2H4HCN1ZNDH4HHFVVLCNQZ.jpg,pineapple,all,975636156f7dfd2957904317e71075a7,975636156f7dfd2957904317e71075a7,watermelon,2,0.9604
../foodsg-233_cleaned/pineapple/86QWEETBSC2RNKSWP4YBX746.jpg,pineapple,all,975636156f7dfd2957904317e71075a7,975636156f7dfd2957904317e71075a7,dumpling,2,0.5116
../foodsg-233_cleaned/pineapple/CLCLOEJ1LPRJB3W81KANMXU0.jpg,pineapple,all,0052dc71bd6bbc9135e1572ed881525e,0052dc71bd6bbc9135e1572ed881525e,pineapple tarts,2,0.8278
../foodsg-233_cleaned/pineapple/F3818BDOUOS70QN6K928L4CZ.jpg,pineapple,all,975636156f7dfd2957904317e71075a7,975636156f7dfd2957904317e71075a7,Fruit juice,2,0.6389
../foodsg-233_cleaned/pineapple/UM2L23508VRFHAG3YDSDKF9G.jpg,pineapple,all,0052dc71bd6bbc9135e1572ed881525e,0052dc71bd6bbc9135e1572ed881525e,pineapple tarts,2,0.6214
../foodsg-233_cleaned/pineapple tarts/7KY0UU3IBRR5Q5RZUNYOMQV2.jpg,pineapple tarts,all,697734cc5c10c68766b3ef79a51c8fc2,697734cc5c10c68766b3ef79a51c8fc2,biscuit,2,0.8746
../foodsg-233_cleaned/pineapple tarts/GTU0CI890M4O174LRC3QKT4T.jpg,pineapple tarts,all,3a22c1884a35c2792a76df85d0b4f3ee,3a22c1884a35c2792a76df85d0b4f3ee,cake,2,0.6868
../foodsg-233_cleaned/pineapple tarts/JTV5HMZ4LTPTTJII4AC044LH.jpg,pineapple tarts,all,3a22c1884a35c2792a76df85d0b4f3ee,3a22c1884a35c2792a76df85d0b4f3ee,kaya toast,2,0.6902
../foodsg-233_cleaned/pineapple tarts/PC9ADCZJYBP3FU3NGIFZIGUV.jpg,pineapple tarts,all,3a22c1884a35c2792a76df85d0b4f3ee,3a22c1884a35c2792a76df85d0b4f3ee,Soft boiled eggs,2,0.7754
../foodsg-233_cleaned/pitaya/IS2HYJ7Q453D4HDMCDC1ZDJS.jpg,pitaya,all,7ad8071220b4580853cda0d6290e6e1a,7ad8071220b4580853cda0d6290e6e1a,cherries,2,0.6396
../foodsg-233_cleaned/pitaya/RGNLJD1P4CZKXL0PGAHO8920.jpg,pitaya,all,7ad8071220b4580853cda0d6290e6e1a,7ad8071220b4580853cda0d6290e6e1a,preserved fruit snacks,2,0.5793
../foodsg-233_cleaned/pizza/QSRZI177VONA40W6Z4GQ9JGU.jpg,pizza,all,017f03be5ca5f5f0acdecf888c1010e8,017f03be5ca5f5f0acdecf888c1010e8,Wholegrain Wrap,2,0.7257
../foodsg-233_cleaned/pizza/UHV2POH7WW1SA349TWJYA78O.jpg,pizza,all,017f03be5ca5f5f0acdecf888c1010e8,017f03be5ca5f5f0acdecf888c1010e8,tacos and nachos,2,0.6101
../foodsg-233_cleaned/pomegranate/JTUJ2UPV8W2FB49Q2O7C33YH.jpg,pomegranate,all,4a25c04651e8778be85d1f4b247d40c5,4a25c04651e8778be85d1f4b247d40c5,Fruit juice,2,0.9248
../foodsg-233_cleaned/popcorn/6HA1G2CA164C0H1NQ6LAEJ9V.jpg,popcorn,all,030faa5c6c61aad7d577cc6b67ba9e5a,030faa5c6c61aad7d577cc6b67ba9e5a,meatball,2,0.9691
../foodsg-233_cleaned/popcorn/8JK17YLG9IZA8N0Y66SA80U6.jpg,popcorn,all,181b8c76e566b6db039d3c3ad6a29c40,181b8c76e566b6db039d3c3ad6a29c40,Snacks and Chips,2,0.9598
../foodsg-233_cleaned/popcorn/PCC943Z52EWSJ8CAL192E6U8.jpg,popcorn,all,030faa5c6c61aad7d577cc6b67ba9e5a,030faa5c6c61aad7d577cc6b67ba9e5a,buckwheat,2,0.7628
../foodsg-233_cleaned/popcorn/SXCMMPBZAQQUDBJRAGVVJ1JF.jpg,popcorn,all,33175a2f2a0f01f3d462f734edffa15b,33175a2f2a0f01f3d462f734edffa15b,Chocolate,2,0.6757
../foodsg-233_cleaned/popcorn/ZVFY1HKIDXM89J6JDY54AHYU.jpg,popcorn,all,030faa5c6c61aad7d577cc6b67ba9e5a,030faa5c6c61aad7d577cc6b67ba9e5a,cake,2,0.8567
../foodsg-233_cleaned/popiah/57PWSRK1LAZ89AK916PY1XSM.jpg,popiah,all,a9c8ac2debef61880c7f93f350618ba8,a9c8ac2debef61880c7f93f350618ba8,spring rolls,2,0.9974
../foodsg-233_cleaned/popiah/D6CJBT3RI15H15IHVQHP8MLQ.jpg,popiah,all,a9c8ac2debef61880c7f93f350618ba8,a9c8ac2debef61880c7f93f350618ba8,spring rolls,2,0.8516
../foodsg-233_cleaned/popiah/DJTAMNYB5EGN0ULH8OONUQVF.jpg,popiah,all,a9c8ac2debef61880c7f93f350618ba8,a9c8ac2debef61880c7f93f350618ba8,spring rolls,2,0.9949
../foodsg-233_cleaned/popiah/I0K9O34XXF3G2OYQUFJ63L3E.jpg,popiah,all,a9c8ac2debef61880c7f93f350618ba8,a9c8ac2debef61880c7f93f350618ba8,spring rolls,2,0.9228
../foodsg-233_cleaned/popiah/WU10GRGA1G1V3QJOS4XHR812.jpg,popiah,all,3dee021d4a24ecb58846471debc9bfee,3dee021d4a24ecb58846471debc9bfee,sandwich,2,0.7018
../foodsg-233_cleaned/popiah/XKUC7M9Z1ANPJYXJ54AVB8QT.jpg,popiah,all,3dee021d4a24ecb58846471debc9bfee,3dee021d4a24ecb58846471debc9bfee,Wholegrain Wrap,2,0.5408
../foodsg-233_cleaned/preserved fruit snacks/0Y4F9A8K7ODLZWRUFI2P3FW9.jpg,preserved fruit snacks,all,e52d1e251cabe7a951d626640c284e59,e52d1e251cabe7a951d626640c284e59,pineapple,2,0.8004
../foodsg-233_cleaned/preserved fruit snacks/1BS791PI2KUVI30L8OXZUGQ0.jpg,preserved fruit snacks,all,28834207b552fcd47186ff815a800cf7,28834207b552fcd47186ff815a800cf7,Sweets,2,0.9912
../foodsg-233_cleaned/preserved fruit snacks/3QHWP74J8GF97HHIJK7YADBK.jpg,preserved fruit snacks,all,7d9fe9cbc3ff6196c05508c30dadfdc2,7d9fe9cbc3ff6196c05508c30dadfdc2,canned Fruit salad,2,0.8968
../foodsg-233_cleaned/preserved fruit snacks/4YU15QV1D9LCLUWC5CIXH1JT.jpg,preserved fruit snacks,all,98a6ac9d2668a3c3c48ee8fdc61d9f42,98a6ac9d2668a3c3c48ee8fdc61d9f42,Apricot,2,0.7331
../foodsg-233_cleaned/preserved fruit snacks/8ANKTFQ1B01VEO57964Q93SF.jpg,preserved fruit snacks,all,28834207b552fcd47186ff815a800cf7,28834207b552fcd47186ff815a800cf7,Sweets,2,0.9625
../foodsg-233_cleaned/preserved fruit snacks/91RGQCOE1MUKCJEVAV8ORA56.jpg,preserved fruit snacks,all,e52d1e251cabe7a951d626640c284e59,e52d1e251cabe7a951d626640c284e59,durian,2,0.6964
../foodsg-233_cleaned/preserved fruit snacks/AF2U4LZWHW0TUNYIK37XQ5B6.jpg,preserved fruit snacks,all,98a6ac9d2668a3c3c48ee8fdc61d9f42,98a6ac9d2668a3c3c48ee8fdc61d9f42,Apricot,2,0.8121
../foodsg-233_cleaned/preserved fruit snacks/JQ05ROHBQ26G8XGEOKT3O2F0.jpg,preserved fruit snacks,all,e52d1e251cabe7a951d626640c284e59,e52d1e251cabe7a951d626640c284e59,pear,2,0.7427
../foodsg-233_cleaned/preserved fruit snacks/MBUJZEK12ZG9M9OZ2QP3RDB9.jpg,preserved fruit snacks,all,98a6ac9d2668a3c3c48ee8fdc61d9f42,98a6ac9d2668a3c3c48ee8fdc61d9f42,Apricot,2,0.7707
../foodsg-233_cleaned/preserved fruit snacks/PGSBR64LMBCW1B657HH77L2U.jpg,preserved fruit snacks,all,e52d1e251cabe7a951d626640c284e59,e52d1e251cabe7a951d626640c284e59,Snacks and Chips,2,0.7733
../foodsg-233_cleaned/preserved fruit snacks/PI0TOAIB5TJB3YZ9IBZBTZHG.jpg,preserved fruit snacks,all,e52d1e251cabe7a951d626640c284e59,e52d1e251cabe7a951d626640c284e59,Apple,2,0.6517
../foodsg-233_cleaned/preserved fruit snacks/SG26RJG06FNCR5DEKDE4ZQG0.jpg,preserved fruit snacks,all,98a6ac9d2668a3c3c48ee8fdc61d9f42,98a6ac9d2668a3c3c48ee8fdc61d9f42,Apricot,2,0.9875
../foodsg-233_cleaned/preserved fruit snacks/ZUB6AD0NVX7NNT4YF8UKJPTI.jpg,preserved fruit snacks,all,28834207b552fcd47186ff815a800cf7,28834207b552fcd47186ff815a800cf7,Sweets,2,0.8209
../foodsg-233_cleaned/rambutan/C64LZV7F3B6EUK4HUG1OFW89.jpg,rambutan,all,65a29ff57afcbc6c35a739cfe54d59f5,65a29ff57afcbc6c35a739cfe54d59f5,steamed buns,2,0.5321
../foodsg-233_cleaned/raspberry/02G1HXK1NMEV5J9LHNEPVXW4.jpg,raspberry,all,32ca68eb09023d47499180a3b6711862,32ca68eb09023d47499180a3b6711862,cherries,2,0.8742
../foodsg-233_cleaned/raspberry/8EH99KAKZRVO2ONWB5XR7YT8.jpg,raspberry,all,eabbbb627d46807748fbc17dc8277f99,eabbbb627d46807748fbc17dc8277f99,muesli,2,0.5825
../foodsg-233_cleaned/raspberry/CY9UQK6CV6PE7ZVFBWHXMWEN.jpg,raspberry,all,f9dc21dfc97efd437f295a13abdbc6b1,f9dc21dfc97efd437f295a13abdbc6b1,blueberries,2,0.5846
../foodsg-233_cleaned/raspberry/ES9J6ZYIM8MBXL5S9WEKF3CB.jpg,raspberry,all,eabbbb627d46807748fbc17dc8277f99,eabbbb627d46807748fbc17dc8277f99,sambal,2,0.727
../foodsg-233_cleaned/raspberry/HXW0T5XVQ550SKKJ8VYOQG9W.jpg,raspberry,all,eabbbb627d46807748fbc17dc8277f99,eabbbb627d46807748fbc17dc8277f99,cake,2,0.506
../foodsg-233_cleaned/raspberry/JTFOH58D1NE5O8872GQUGLSX.jpg,raspberry,all,a1aaa00fda88a6dd0158625ff83b30e8,a1aaa00fda88a6dd0158625ff83b30e8,Blackberry,2,0.6062
../foodsg-233_cleaned/raspberry/KAI0TC6EBII70GDZCWGDLJUM.jpg,raspberry,all,f9dc21dfc97efd437f295a13abdbc6b1,f9dc21dfc97efd437f295a13abdbc6b1,blueberries,2,0.667
../foodsg-233_cleaned/raspberry/Z33BYQ4UJTNVWPV04D5P028Z.jpg,raspberry,all,a1aaa00fda88a6dd0158625ff83b30e8,a1aaa00fda88a6dd0158625ff83b30e8,Blackberry,2,0.8804
../foodsg-233_cleaned/rice dumpling/E6LB4EFX8LZ7RDSG4X7DMD3Q.jpg,rice dumpling,all,43448e318e1c684a1c6e84ec76aa4d6a,43448e318e1c684a1c6e84ec76aa4d6a,Kueh Salat,2,0.549
../foodsg-233_cleaned/rice dumpling/HPP18XU9PYLNN0QQKDH580I4.jpg,rice dumpling,all,43448e318e1c684a1c6e84ec76aa4d6a,43448e318e1c684a1c6e84ec76aa4d6a,Pung Kueh,2,0.7164
../foodsg-233_cleaned/roasted chicken/1HWGUA4XZDFXWT36LMOGGUM6.jpg,roasted chicken,all,dad770ab0ac40788458453549e650436,dad770ab0ac40788458453549e650436,Duck Rice,2,0.6853
../foodsg-233_cleaned/roasted chicken/NYHBOV8E2M43BU4X3IKOW69Q.jpg,roasted chicken,all,e84339fea2bf31f9dad1a128b856d43a,e84339fea2bf31f9dad1a128b856d43a,salmon - grilled,2,0.7028
../foodsg-233_cleaned/roasted chicken/PLZK1JYOTC2QF6A7PXGGK5AN.jpg,roasted chicken,all,e9c023e6c6a4a62781e555e3197674d1,e9c023e6c6a4a62781e555e3197674d1,fried chicken,2,0.8121
../foodsg-233_cleaned/roasted chicken/SOSF2PGOW9EZ29F6J57219XI.jpg,roasted chicken,all,e84339fea2bf31f9dad1a128b856d43a,e84339fea2bf31f9dad1a128b856d43a,salmon - grilled,2,0.6874
../foodsg-233_cleaned/rock melon/2JNOW378MOWZLDY464T7KUE9.jpg,rock melon,all,f2a3c5dad111f10f9e6ad11c4358c558,f2a3c5dad111f10f9e6ad11c4358c558,honeydew,2,0.6481
../foodsg-233_cleaned/rock melon/4GSUOLQSYSPR27WNPZ0SZNDT.jpg,rock melon,all,f2a3c5dad111f10f9e6ad11c4358c558,f2a3c5dad111f10f9e6ad11c4358c558,honeydew,2,0.7049
../foodsg-233_cleaned/rock melon/7TKWXECZSNI7Y4RUYC34RBVP.jpg,rock melon,all,56b3ce97c302f58817f5a97a6024b328,56b3ce97c302f58817f5a97a6024b328,Pomelo,2,0.9574
../foodsg-233_cleaned/rock melon/B7QUX15ILYDMM83SBICTZJ62.jpg,rock melon,all,56b3ce97c302f58817f5a97a6024b328,56b3ce97c302f58817f5a97a6024b328,canned Fruit salad,2,0.954
../foodsg-233_cleaned/rock melon/CXGWYHSMG8FU7916C3OLPLUC.jpg,rock melon,all,f2a3c5dad111f10f9e6ad11c4358c558,f2a3c5dad111f10f9e6ad11c4358c558,honeydew,2,0.8206
../foodsg-233_cleaned/rock melon/DSPRFRYOFJCOQRMW7WF6F7P3.jpg,rock melon,all,56b3ce97c302f58817f5a97a6024b328,56b3ce97c302f58817f5a97a6024b328,longan,2,0.6911
../foodsg-233_cleaned/rock melon/F9OMITH12AYQL6RCXDHZKKIP.jpg,rock melon,all,f2a3c5dad111f10f9e6ad11c4358c558,f2a3c5dad111f10f9e6ad11c4358c558,honeydew,2,0.7092
../foodsg-233_cleaned/rock melon/LVXJ8GF5E99UWGOVNMVN7E5D.jpg,rock melon,all,f2a3c5dad111f10f9e6ad11c4358c558,f2a3c5dad111f10f9e6ad11c4358c558,honeydew,2,0.7763
../foodsg-233_cleaned/rock melon/NFNLUBKI3QKOEBOG6RGW9T8S.jpg,rock melon,all,56b3ce97c302f58817f5a97a6024b328,56b3ce97c302f58817f5a97a6024b328,Fruit juice,2,0.7404
../foodsg-233_cleaned/rock melon/PHL67XOBXNEF5AYPCR9BDT61.jpg,rock melon,all,f2a3c5dad111f10f9e6ad11c4358c558,f2a3c5dad111f10f9e6ad11c4358c558,honeydew,2,0.8042
../foodsg-233_cleaned/rock melon/PW734J0VH1H7T947S9K0CIVT.jpg,rock melon,all,f2a3c5dad111f10f9e6ad11c4358c558,f2a3c5dad111f10f9e6ad11c4358c558,honeydew,2,0.981
../foodsg-233_cleaned/rojak/P6L6GH9N4CJHK2U1GULQ34NI.jpg,rojak,all,6ea2168d8241721e533c2d76c54fbaa3,6ea2168d8241721e533c2d76c54fbaa3,"Rice, with dakgalbi",2,0.6197
../foodsg-233_cleaned/rojak/XC58XJV1LRZIUSJNCFYVX1WZ.jpg,rojak,all,6ea2168d8241721e533c2d76c54fbaa3,6ea2168d8241721e533c2d76c54fbaa3,chai tow kuay,2,0.5241
../foodsg-233_cleaned/rojak/XOJBSMRBFRM89GZ5X1YP5ALI.jpg,rojak,all,6ea2168d8241721e533c2d76c54fbaa3,6ea2168d8241721e533c2d76c54fbaa3,cheese fries,2,0.851
../foodsg-233_cleaned/roti john/1MFHYWNZQJRTQJAZ1KL8LK18.jpg,roti john,all,65152cdc31a9b7736331832c2da651b3,65152cdc31a9b7736331832c2da651b3,sandwich,2,0.8631
../foodsg-233_cleaned/roti john/6XNPCE03I3DY42Z8ZDS9I7TG.jpg,roti john,all,65152cdc31a9b7736331832c2da651b3,65152cdc31a9b7736331832c2da651b3,sandwich,2,0.7438
../foodsg-233_cleaned/roti john/E8XFWTO22675DT8FVGSDXAYP.jpg,roti john,all,437d0c36fcc8e43f5d4f3b04fbc86453,437d0c36fcc8e43f5d4f3b04fbc86453,Nasi pattaya,2,0.6183
../foodsg-233_cleaned/roti john/NA1EY74X5D1FUT4NDB36L5E3.jpg,roti john,all,437d0c36fcc8e43f5d4f3b04fbc86453,437d0c36fcc8e43f5d4f3b04fbc86453,Nasi pattaya,2,0.9933
../foodsg-233_cleaned/roti john/UHCOFAN4QJ8J9L8IFKHF2176.jpg,roti john,all,7fe2fe3d24edbd675daaf70fe1ef11df,7fe2fe3d24edbd675daaf70fe1ef11df,Tauhu Goreng,2,0.7961
../foodsg-233_cleaned/roti john/VOH1DDONJMB3IAF20AI58JYH.jpg,roti john,all,65152cdc31a9b7736331832c2da651b3,65152cdc31a9b7736331832c2da651b3,sandwich,2,0.8839
../foodsg-233_cleaned/salad/0YPNJUOYRIMRI0S13ZQJMX0Y.jpg,salad,all,4d25011401835a0bbcd69a6a8f9d04c3,4d25011401835a0bbcd69a6a8f9d04c3,Barley,2,0.9957
../foodsg-233_cleaned/salad/56PATXADO3IYB7SXM82KQOVA.jpg,salad,all,4d25011401835a0bbcd69a6a8f9d04c3,4d25011401835a0bbcd69a6a8f9d04c3,Barley,2,0.9872
../foodsg-233_cleaned/salad/6GX9ZMYOPT98HKDM76XJXLI4.jpg,salad,all,7b92b9a3d4f08f27eab075af5b9cc3b7,7b92b9a3d4f08f27eab075af5b9cc3b7,mixed vegetables,2,0.9147
../foodsg-233_cleaned/salad/81FMM997A5XFJ5ZHUX1RKUYR.jpg,salad,all,4d25011401835a0bbcd69a6a8f9d04c3,4d25011401835a0bbcd69a6a8f9d04c3,Barley,2,0.5009
../foodsg-233_cleaned/salad/BIW98XVI6HXPXH8VWTNXO00N.jpg,salad,all,fc2de96c185c26603847eb31b1f18de5,fc2de96c185c26603847eb31b1f18de5,Fried Noodles,2,0.8888
../foodsg-233_cleaned/salad/G7AGN86HTB33845WBLMF54M1.jpg,salad,all,910d0ac67029427ed7e23b75a208f0d4,910d0ac67029427ed7e23b75a208f0d4,Soft boiled eggs,2,0.8235
../foodsg-233_cleaned/salad/J6JUEK1VTTOWW21P76YMKZ2G.jpg,salad,all,fc2de96c185c26603847eb31b1f18de5,fc2de96c185c26603847eb31b1f18de5,canned Fruit salad,2,0.9932
../foodsg-233_cleaned/salad/LQYOIWE150G2X9L8GYV9EGT1.jpg,salad,all,fc2de96c185c26603847eb31b1f18de5,fc2de96c185c26603847eb31b1f18de5,chicken rice,2,0.83
../foodsg-233_cleaned/salad/YTWSX74J2FYFBY2IOXL87BKV.jpg,salad,all,fc2de96c185c26603847eb31b1f18de5,fc2de96c185c26603847eb31b1f18de5,wholegrain pasta,2,0.9235
../foodsg-233_cleaned/salmon - grilled/MWFL3OLHFAEN4V4JNXNWXXSI.jpg,salmon - grilled,all,6743646802e830111f5c7001eae6fe23,6743646802e830111f5c7001eae6fe23,"Rice, with dakgalbi",2,0.9078
../foodsg-233_cleaned/salmon - grilled/UM8D03EQPDTQZOW8MRI20MSQ.jpg,salmon - grilled,all,6743646802e830111f5c7001eae6fe23,6743646802e830111f5c7001eae6fe23,chicken chop,2,0.8195
../foodsg-233_cleaned/sambal/ANYMOWMXHICU1B3US5K9ZF1E.jpg,sambal,all,2e6e2ec30b07fecac67929c4246fcd40,2e6e2ec30b07fecac67929c4246fcd40,sambal stingray,2,0.8643
../foodsg-233_cleaned/sambal/DCZ1CHHIT79I48WDRYNUOL8E.jpg,sambal,all,2e6e2ec30b07fecac67929c4246fcd40,2e6e2ec30b07fecac67929c4246fcd40,assam pedas,2,0.9413
../foodsg-233_cleaned/sambal/DRLGE861TKT3K3AYI5TTUDNY.jpg,sambal,all,2e6e2ec30b07fecac67929c4246fcd40,2e6e2ec30b07fecac67929c4246fcd40,"Rice, korean bulgogi beef",2,0.8327
../foodsg-233_cleaned/sambal/L5MKBW1NRFDPGGDPPD412LWA.jpg,sambal,all,2e6e2ec30b07fecac67929c4246fcd40,2e6e2ec30b07fecac67929c4246fcd40,fried rice,2,0.5716
../foodsg-233_cleaned/sambal/MSBCBFGYP95OD126LFOBI279.jpg,sambal,all,2e6e2ec30b07fecac67929c4246fcd40,2e6e2ec30b07fecac67929c4246fcd40,pasta - red sauce,2,0.9844
../foodsg-233_cleaned/sambal/YO8JKNXGKKMTK90H5B8QR8RG.jpg,sambal,all,8cf4c966804f72a0c518168d5f991806,8cf4c966804f72a0c518168d5f991806,chicken masala,2,0.9804
../foodsg-233_cleaned/sambal kangkong/APPUD24IVOCPFFJKB4JHO8HJ.jpg,sambal kangkong,all,2a95507de39a50dab20caab28b9d21de,2a95507de39a50dab20caab28b9d21de,gulai daun ubi,2,0.8297
../foodsg-233_cleaned/sambal kangkong/JXZL0MLV54G6PW9EWF9N503U.jpg,sambal kangkong,all,44cbc8715581ab248b630b111f9c7dfa,44cbc8715581ab248b630b111f9c7dfa,vegetarian bee hoon,2,0.5677
../foodsg-233_cleaned/sambal kangkong/PHXAXJGPVLBM3IJL6GQKK9H8.jpg,sambal kangkong,all,44cbc8715581ab248b630b111f9c7dfa,44cbc8715581ab248b630b111f9c7dfa,salad,2,0.7458
../foodsg-233_cleaned/sambal stingray/CBSZC865DLV1ZVO0BMPYFJZN.jpg,sambal stingray,all,fa2b9a1d1ef75a2681d6f40cfa69b54f,fa2b9a1d1ef75a2681d6f40cfa69b54f,steamed grouper,2,0.7601
../foodsg-233_cleaned/sambal stingray/G0544SUJK79JGLP1R9NGDYYP.jpg,sambal stingray,all,fa2b9a1d1ef75a2681d6f40cfa69b54f,fa2b9a1d1ef75a2681d6f40cfa69b54f,black pepper crab,2,0.7237
../foodsg-233_cleaned/sambal stingray/PXKUHKNT5D5IUA03VRPBAYJH.jpg,sambal stingray,all,fa2b9a1d1ef75a2681d6f40cfa69b54f,fa2b9a1d1ef75a2681d6f40cfa69b54f,fried fish,2,0.8175
../foodsg-233_cleaned/sandwich/0GGKQ6RZO99Y1M8AXNVNSLL2.jpg,sandwich,all,65152cdc31a9b7736331832c2da651b3,65152cdc31a9b7736331832c2da651b3,roti john,2,0.6494
../foodsg-233_cleaned/sandwich/2136SC1906CT5VUQ86MTV4OX.jpg,sandwich,all,39cd40312b104360611d4ee544447c4a,39cd40312b104360611d4ee544447c4a,salmon - grilled,2,0.9334
../foodsg-233_cleaned/sandwich/6MAEXET0X34H3Z65ZC4S3T28.jpg,sandwich,all,ef53ee466fb92767cfa49350a4c17c2d,ef53ee466fb92767cfa49350a4c17c2d,kaya toast,2,0.5676
../foodsg-233_cleaned/sandwich/80VFJEJS1YIQRPGHLTAO9AJM.jpg,sandwich,all,39cd40312b104360611d4ee544447c4a,39cd40312b104360611d4ee544447c4a,biscuit,2,0.9443
../foodsg-233_cleaned/sandwich/AW2Y1UXJSO1939LU81YRQCKS.jpg,sandwich,all,49b603531eb5b729fa0e3fd3d979c33d,49b603531eb5b729fa0e3fd3d979c33d,Burger,2,0.9773
../foodsg-233_cleaned/sandwich/BMPQOUWI1XKPHBVIQG00Z7SS.jpg,sandwich,all,1400360eba54c88ef237a9269ecf179f,1400360eba54c88ef237a9269ecf179f,cheese fries,2,0.72
../foodsg-233_cleaned/sandwich/CFYKJIAFE7TMXCVRN93W7UFW.jpg,sandwich,all,ef53ee466fb92767cfa49350a4c17c2d,ef53ee466fb92767cfa49350a4c17c2d,kaya toast,2,0.5326
../foodsg-233_cleaned/sandwich/CLXCSZH78EB76321356V9X16.jpg,sandwich,all,aba9e804ad658bb20c9e5790c8a11a3e,aba9e804ad658bb20c9e5790c8a11a3e,Wholegrain Wrap,2,0.7577
../foodsg-233_cleaned/sandwich/FVTWE6RCRVNDHVKBY1GIVORZ.jpg,sandwich,all,39cd40312b104360611d4ee544447c4a,39cd40312b104360611d4ee544447c4a,cream soup,2,0.6311
../foodsg-233_cleaned/sandwich/JDCRS1Z3W6QT8EM0SO1Y89GY.jpg,sandwich,all,39cd40312b104360611d4ee544447c4a,39cd40312b104360611d4ee544447c4a,buckwheat,2,0.6609
../foodsg-233_cleaned/sandwich/JGEXOTYHG17VEK4P3WY73K9Y.jpg,sandwich,all,39cd40312b104360611d4ee544447c4a,39cd40312b104360611d4ee544447c4a,tacos and nachos,2,0.9842
../foodsg-233_cleaned/sandwich/LN46C6X5PUHYKCS068C0HHDJ.jpg,sandwich,all,39cd40312b104360611d4ee544447c4a,39cd40312b104360611d4ee544447c4a,meatball,2,0.9097
../foodsg-233_cleaned/sandwich/YZ7ZX4MWXPOO2SPWNR9YNPJ5.jpg,sandwich,all,49b603531eb5b729fa0e3fd3d979c33d,49b603531eb5b729fa0e3fd3d979c33d,Burger,2,0.9925
../foodsg-233_cleaned/satay/34MYR5FL3JL7OAGD9NT3YI70.jpg,satay,all,0f9250b00fa765f4fcf5abd49fe16485,0f9250b00fa765f4fcf5abd49fe16485,kebab - chicken,2,0.6345
../foodsg-233_cleaned/satay/8XHBVNYIHUGEQQO84FU982XT.jpg,satay,all,0f9250b00fa765f4fcf5abd49fe16485,0f9250b00fa765f4fcf5abd49fe16485,kebab - chicken,2,0.9105
../foodsg-233_cleaned/satay/WQA4AP0LYY65ZXB4UVG89WVH.jpg,satay,all,7fbba92ced1cec8a0245a2206c034343,7fbba92ced1cec8a0245a2206c034343,mixed grills,2,0.834
../foodsg-233_cleaned/satay bee hoon/0116JR7KS8X4G0AF7NJYX71V.jpg,satay bee hoon,all,ebd2157e9b88c0b70e72b895d6cd06ae,ebd2157e9b88c0b70e72b895d6cd06ae,Fried Noodles,2,0.7445
../foodsg-233_cleaned/satay bee hoon/GKAIORZ2CTE0IEXO30HBRWA7.jpg,satay bee hoon,all,ebd2157e9b88c0b70e72b895d6cd06ae,ebd2157e9b88c0b70e72b895d6cd06ae,"Bee hoon, soto",2,0.8898
../foodsg-233_cleaned/satay bee hoon/KRCZK0N2URAGZ947HUEH0Z6M.jpg,satay bee hoon,all,ebd2157e9b88c0b70e72b895d6cd06ae,ebd2157e9b88c0b70e72b895d6cd06ae,green leafy vegetables,2,0.8095
../foodsg-233_cleaned/satay bee hoon/W0TF825S9QOOCNLOJUVQTM8X.jpg,satay bee hoon,all,861e4ba6c7c3903916b36a354d19b235,861e4ba6c7c3903916b36a354d19b235,vegetarian bee hoon,2,0.6599
../foodsg-233_cleaned/satay bee hoon/WSLLHZ760APS36KHH1DQ5HY9.jpg,satay bee hoon,all,ebd2157e9b88c0b70e72b895d6cd06ae,ebd2157e9b88c0b70e72b895d6cd06ae,beef noodle soup,2,0.9155
../foodsg-233_cleaned/satay bee hoon/X04Q7WQRLWFQI427Y4OG8TF4.jpg,satay bee hoon,all,ebd2157e9b88c0b70e72b895d6cd06ae,ebd2157e9b88c0b70e72b895d6cd06ae,rojak,2,0.7783
../foodsg-233_cleaned/satay bee hoon/ZRB6FZSWRO9J3V3CVYHML9X0.jpg,satay bee hoon,all,ebd2157e9b88c0b70e72b895d6cd06ae,ebd2157e9b88c0b70e72b895d6cd06ae,"Wanton mee, dry",2,0.6218
../foodsg-233_cleaned/sausage rolls/HP26ZXZG7ANQ89KS2IKYPF6P.jpg,sausage rolls,all,1099f0ca465967b067f8b6185597a63f,1099f0ca465967b067f8b6185597a63f,spring rolls,2,0.5694
../foodsg-233_cleaned/sausage rolls/LGX2XOSALHUI5WYLBOJ46YRJ.jpg,sausage rolls,all,1099f0ca465967b067f8b6185597a63f,1099f0ca465967b067f8b6185597a63f,spring rolls,2,0.9235
../foodsg-233_cleaned/sausage rolls/LINF7LFAHZ0AOM2F55TKBOCE.jpg,sausage rolls,all,3e9712d4d64e41188c987c8c8bab737f,3e9712d4d64e41188c987c8c8bab737f,goreng pisang,2,0.9434
../foodsg-233_cleaned/sausage rolls/VRTBVA0V9B8BN5YERCXNLLJQ.jpg,sausage rolls,all,1099f0ca465967b067f8b6185597a63f,1099f0ca465967b067f8b6185597a63f,spring rolls,2,0.7616
../foodsg-233_cleaned/seaweed snack/45TWTHC5DV1PCVXGZ5KEBOXZ.jpg,seaweed snack,all,ab2aed00294d370a6cda02d635557c55,ab2aed00294d370a6cda02d635557c55,Sweets,2,0.6429
../foodsg-233_cleaned/siew mai/GKI77PR13TEB341K38V4Q5MU.jpg,siew mai,all,bd66b8e8ecee8cf17505f76f0b212d3b,bd66b8e8ecee8cf17505f76f0b212d3b,yong tau foo,2,0.5505
../foodsg-233_cleaned/siew mai/J6JQYLQBRI97S0NJ7WFZAB86.jpg,siew mai,all,bd66b8e8ecee8cf17505f76f0b212d3b,bd66b8e8ecee8cf17505f76f0b212d3b,dumpling,2,0.8372
../foodsg-233_cleaned/siew mai/O9Q9VUYMFNKKPKCH0N15CX34.jpg,siew mai,all,bd66b8e8ecee8cf17505f76f0b212d3b,bd66b8e8ecee8cf17505f76f0b212d3b,Tauhu Goreng,2,0.9054
../foodsg-233_cleaned/singapore sling/MVHKDRENB6NU0TTDWSGHVGWH.jpg,singapore sling,all,12db8b924c3ee306e978be58e39fc1eb,12db8b924c3ee306e978be58e39fc1eb,Fruit juice,2,0.7091
../foodsg-233_cleaned/sirloin steak/0E0GVFI8HI0VF4V49D8RCV5O.jpg,sirloin steak,all,5bb97b0586bafb20c40dd462705ea202,5bb97b0586bafb20c40dd462705ea202,"Rice, korean bulgogi beef",2,0.8421
../foodsg-233_cleaned/sirloin steak/0W2ZYKFD78KVD1S0768G5BMP.jpg,sirloin steak,all,980ceb1a7200097905a132543bd1a861,980ceb1a7200097905a132543bd1a861,lamb chops,2,0.9417
../foodsg-233_cleaned/sirloin steak/45UBHUJVABVBV20S9DV0YDBZ.jpg,sirloin steak,all,3ba92ae097503b13210767bca7f30b98,3ba92ae097503b13210767bca7f30b98,chicken chop,2,0.7795
../foodsg-233_cleaned/sirloin steak/A7F8XM66ORBVFEQ01ONBWVD1.jpg,sirloin steak,all,d84a9066a53d81fd1279c16cd425f4c6,d84a9066a53d81fd1279c16cd425f4c6,char siew,2,0.637
../foodsg-233_cleaned/sirloin steak/GKR5KRPZ3AIUAXPE3JXNOX51.jpg,sirloin steak,all,980ceb1a7200097905a132543bd1a861,980ceb1a7200097905a132543bd1a861,lamb chops,2,0.7565
../foodsg-233_cleaned/sirloin steak/H59QXEWB99BUK81Z3POAC9TI.jpg,sirloin steak,all,3ba92ae097503b13210767bca7f30b98,3ba92ae097503b13210767bca7f30b98,chicken chop,2,0.5881
../foodsg-233_cleaned/sirloin steak/IF6F5FDZA7TYKNWXOQLKATQB.jpg,sirloin steak,all,980ceb1a7200097905a132543bd1a861,980ceb1a7200097905a132543bd1a861,lamb chops,2,0.6037
../foodsg-233_cleaned/sirloin steak/NT8WRV9RSDWGO3B4SNDAEANO.jpg,sirloin steak,all,980ceb1a7200097905a132543bd1a861,980ceb1a7200097905a132543bd1a861,lamb chops,2,0.7777
../foodsg-233_cleaned/sirloin steak/T3672BLEA4XMDCCJ18GZR0OD.jpg,sirloin steak,all,6427bc747b90dfef6875b765ff278151,6427bc747b90dfef6875b765ff278151,sambal stingray,2,0.9615
../foodsg-233_cleaned/sirloin steak/W39U7TRU0PJ82IG92Z6E3CK4.jpg,sirloin steak,all,6427bc747b90dfef6875b765ff278151,6427bc747b90dfef6875b765ff278151,buckwheat,2,0.5826
../foodsg-233_cleaned/sirloin steak/WH1OMSG73EIZW6QN6W4F4EX4.jpg,sirloin steak,all,e173f6c96549086f4876d09f810a8774,e173f6c96549086f4876d09f810a8774,mixed grills,2,0.5642
../foodsg-233_cleaned/sliced fish soup/0QJQUDPQRV7ISQP0MQ54DQK6.jpg,sliced fish soup,all,3a93d5dc010179d8b819c6b574c51b45,3a93d5dc010179d8b819c6b574c51b45,Fish Ball Noodles,2,0.6057
../foodsg-233_cleaned/sliced fish soup/1P67FUMC7LW7VS2KQLPJAX3G.jpg,sliced fish soup,all,23c2708ad559a1eed5baa053e0cb28bb,23c2708ad559a1eed5baa053e0cb28bb,Seafood Noodles Soup,2,0.7019
../foodsg-233_cleaned/sliced fish soup/1WT53NA5JOS93KRU3HXOE54P.jpg,sliced fish soup,all,0464307959a363f4a1fe29bfd67db2fb,0464307959a363f4a1fe29bfd67db2fb,vegetable soup,2,0.6297
../foodsg-233_cleaned/sliced fish soup/2JZTZRLJ3YHZPOG5BQSHA77F.jpg,sliced fish soup,all,23c2708ad559a1eed5baa053e0cb28bb,23c2708ad559a1eed5baa053e0cb28bb,Seafood Noodles Soup,2,0.7971
../foodsg-233_cleaned/sliced fish soup/2NDD733161UHH5UYJBPZG85H.jpg,sliced fish soup,all,0464307959a363f4a1fe29bfd67db2fb,0464307959a363f4a1fe29bfd67db2fb,Kway Teow,2,0.5957
../foodsg-233_cleaned/sliced fish soup/3OYES1DWW5ZXVY8J0BBD3ZV0.jpg,sliced fish soup,all,3b84d8aa25882c3aed0df5e97f370acf,3b84d8aa25882c3aed0df5e97f370acf,pig organ soup,2,0.9111
../foodsg-233_cleaned/sliced fish soup/7Y5P3KTXRY9M929596QOJOOI.jpg,sliced fish soup,all,0464307959a363f4a1fe29bfd67db2fb,0464307959a363f4a1fe29bfd67db2fb,mushroom soup,2,0.7033
../foodsg-233_cleaned/sliced fish soup/8CZ65CQTZIUJ1XI29NW4PZHC.jpg,sliced fish soup,all,5eae1261cae892f2c88fc5794a707867,5eae1261cae892f2c88fc5794a707867,Porridge,2,0.7118
../foodsg-233_cleaned/sliced fish soup/8JH4F4WWM049QBDET59GXCZ2.jpg,sliced fish soup,all,23c2708ad559a1eed5baa053e0cb28bb,23c2708ad559a1eed5baa053e0cb28bb,Seafood Noodles Soup,2,0.6884
../foodsg-233_cleaned/sliced fish soup/9IKA0YZ5XMQ5Q9ZH08HTYPAH.jpg,sliced fish soup,all,23c2708ad559a1eed5baa053e0cb28bb,23c2708ad559a1eed5baa053e0cb28bb,Seafood Noodles Soup,2,0.864
../foodsg-233_cleaned/sliced fish soup/9OD7WO78EJFXA2DJGATBQ69R.jpg,sliced fish soup,all,5a46fd9425989a68244cd4f504053232,5a46fd9425989a68244cd4f504053232,steamed grouper,2,0.9969
../foodsg-233_cleaned/sliced fish soup/C1OZQG1N0WYQ34ZB7G0FEZ1C.jpg,sliced fish soup,all,23c2708ad559a1eed5baa053e0cb28bb,23c2708ad559a1eed5baa053e0cb28bb,Seafood Noodles Soup,2,0.8859
../foodsg-233_cleaned/sliced fish soup/COXV00M5C6GZREYA79OXI1DN.jpg,sliced fish soup,all,3a93d5dc010179d8b819c6b574c51b45,3a93d5dc010179d8b819c6b574c51b45,Fish Ball Noodles,2,0.6686
../foodsg-233_cleaned/sliced fish soup/DSXOZAEOLSDN9UT34P2FZ8SD.jpg,sliced fish soup,all,0d1e000acc9904280057d34435c6dfb3,0d1e000acc9904280057d34435c6dfb3,Ban Mian,2,0.5343
../foodsg-233_cleaned/sliced fish soup/E5CL9HQ1YL9RI3W7NSFN5GJ1.jpg,sliced fish soup,all,4ce7df7650f245f5c03a204eb37c0e27,4ce7df7650f245f5c03a204eb37c0e27,yong tau foo,2,0.704
../foodsg-233_cleaned/sliced fish soup/FZ4ORV4U8DQM9FTCOQ9XUTWH.jpg,sliced fish soup,all,23c2708ad559a1eed5baa053e0cb28bb,23c2708ad559a1eed5baa053e0cb28bb,Seafood Noodles Soup,2,0.7616
../foodsg-233_cleaned/sliced fish soup/GKETX174MUBERP29KIDOLMFT.jpg,sliced fish soup,all,75edca6c7b20843c6f2f47420745c94e,75edca6c7b20843c6f2f47420745c94e,chicken soup,2,0.997
../foodsg-233_cleaned/sliced fish soup/GSHXDUEVYP5DM20679VLCU2F.jpg,sliced fish soup,all,23c2708ad559a1eed5baa053e0cb28bb,23c2708ad559a1eed5baa053e0cb28bb,Seafood Noodles Soup,2,0.5577
../foodsg-233_cleaned/sliced fish soup/ITE8BA739X967W1UHLEQKMYC.jpg,sliced fish soup,all,23c2708ad559a1eed5baa053e0cb28bb,23c2708ad559a1eed5baa053e0cb28bb,Seafood Noodles Soup,2,0.9682
../foodsg-233_cleaned/sliced fish soup/JBG7037R3NCU1HP5EP7W2T72.jpg,sliced fish soup,all,75edca6c7b20843c6f2f47420745c94e,75edca6c7b20843c6f2f47420745c94e,chicken soup,2,0.6957
../foodsg-233_cleaned/sliced fish soup/L2ZZ4TEDNS1Y705KXLJ0R49G.jpg,sliced fish soup,all,5a46fd9425989a68244cd4f504053232,5a46fd9425989a68244cd4f504053232,steamed grouper,2,0.985
../foodsg-233_cleaned/sliced fish soup/LI4OOM7UEJQOMP59UZAT6CU9.jpg,sliced fish soup,all,0d1e000acc9904280057d34435c6dfb3,0d1e000acc9904280057d34435c6dfb3,Ban Mian,2,0.5565
../foodsg-233_cleaned/sliced fish soup/LP2L4WMKLM0WVHJ5VZJLTLAW.jpg,sliced fish soup,all,0464307959a363f4a1fe29bfd67db2fb,0464307959a363f4a1fe29bfd67db2fb,cheng tng,2,0.8494
../foodsg-233_cleaned/sliced fish soup/NHT77ZOPJ6LPRSY2HO9FBJYR.jpg,sliced fish soup,all,23c2708ad559a1eed5baa053e0cb28bb,23c2708ad559a1eed5baa053e0cb28bb,Seafood Noodles Soup,2,0.6433
../foodsg-233_cleaned/sliced fish soup/NP41D6LE920UNK8O5MFXFPJH.jpg,sliced fish soup,all,5a46fd9425989a68244cd4f504053232,5a46fd9425989a68244cd4f504053232,steamed grouper,2,0.8019
../foodsg-233_cleaned/sliced fish soup/NP9DX393L75HAGO7FT8K5SSD.jpg,sliced fish soup,all,23c2708ad559a1eed5baa053e0cb28bb,23c2708ad559a1eed5baa053e0cb28bb,Seafood Noodles Soup,2,0.7709
../foodsg-233_cleaned/sliced fish soup/NPC2PJ0CD21MZV4C33479NIL.jpg,sliced fish soup,all,23c2708ad559a1eed5baa053e0cb28bb,23c2708ad559a1eed5baa053e0cb28bb,Seafood Noodles Soup,2,0.8398
../foodsg-233_cleaned/sliced fish soup/PRL68C7JRGSBM983ZAMV7UTI.jpg,sliced fish soup,all,75edca6c7b20843c6f2f47420745c94e,75edca6c7b20843c6f2f47420745c94e,chicken soup,2,0.6561
../foodsg-233_cleaned/sliced fish soup/R9Y0GME117OJTBOKM75VNMH1.jpg,sliced fish soup,all,5a46fd9425989a68244cd4f504053232,5a46fd9425989a68244cd4f504053232,steamed grouper,2,0.7516
../foodsg-233_cleaned/sliced fish soup/U5QZ3P4ELWBOZ43CAWHLCJBZ.jpg,sliced fish soup,all,0d1e000acc9904280057d34435c6dfb3,0d1e000acc9904280057d34435c6dfb3,Ban Mian,2,0.9405
../foodsg-233_cleaned/sliced fish soup/UMT26U4FKKT2S4MMQL2CRFF4.jpg,sliced fish soup,all,23c2708ad559a1eed5baa053e0cb28bb,23c2708ad559a1eed5baa053e0cb28bb,Seafood Noodles Soup,2,0.9192
../foodsg-233_cleaned/sliced fish soup/VOI80O2PE6WDEIXR5NGHZ2WY.jpg,sliced fish soup,all,0464307959a363f4a1fe29bfd67db2fb,0464307959a363f4a1fe29bfd67db2fb,Hor Fun,2,0.5771
../foodsg-233_cleaned/sliced fish soup/VXVW11M5R4DGP95YEEB0UAE5.jpg,sliced fish soup,all,0464307959a363f4a1fe29bfd67db2fb,0464307959a363f4a1fe29bfd67db2fb,Laksa,2,0.8535
../foodsg-233_cleaned/sliced fish soup/WF7WCGXW0OD3S2YJBDWKKA5T.jpg,sliced fish soup,all,75edca6c7b20843c6f2f47420745c94e,75edca6c7b20843c6f2f47420745c94e,chicken soup,2,0.5697
../foodsg-233_cleaned/sliced fish soup/ZD2F36X2O23E6E1KQNM4BCXZ.jpg,sliced fish soup,all,23c2708ad559a1eed5baa053e0cb28bb,23c2708ad559a1eed5baa053e0cb28bb,Seafood Noodles Soup,2,0.6058
../foodsg-233_cleaned/spring rolls/4LQSIRNIZ3QRBR8LRZMXUHFL.jpg,spring rolls,all,6d64606dbecd97050736d311ef89d28f,6d64606dbecd97050736d311ef89d28f,french fries,2,0.6705
../foodsg-233_cleaned/spring rolls/61KJB19EX5KL07GBXVP4T81B.jpg,spring rolls,all,1099f0ca465967b067f8b6185597a63f,1099f0ca465967b067f8b6185597a63f,sausage rolls,2,0.7082
../foodsg-233_cleaned/spring rolls/8VUZGD08MZN1Q0M5L6916JK0.jpg,spring rolls,all,6d64606dbecd97050736d311ef89d28f,6d64606dbecd97050736d311ef89d28f,Wholegrain Wrap,2,0.9247
../foodsg-233_cleaned/spring rolls/93WEPNRCDEO4X1QUD01M58AA.jpg,spring rolls,all,6d64606dbecd97050736d311ef89d28f,6d64606dbecd97050736d311ef89d28f,drunken prawn,2,0.7652
../foodsg-233_cleaned/spring rolls/CJY6LW4US2UJTXORFCNSDZHF.jpg,spring rolls,all,6d64606dbecd97050736d311ef89d28f,6d64606dbecd97050736d311ef89d28f,pineapple,2,0.9472
../foodsg-233_cleaned/spring rolls/JI765MKFCNXLOOY0KSXZ78R9.jpg,spring rolls,all,6d64606dbecd97050736d311ef89d28f,6d64606dbecd97050736d311ef89d28f,steamed buns,2,0.5444
../foodsg-233_cleaned/spring rolls/VPKGAT62MX0RKS62BP1CLL2Z.jpg,spring rolls,all,6d64606dbecd97050736d311ef89d28f,6d64606dbecd97050736d311ef89d28f,CNY love letter,2,0.9298
../foodsg-233_cleaned/spring rolls/X4L37GR7L1R8NUESZZGKUEOY.jpg,spring rolls,all,6d64606dbecd97050736d311ef89d28f,6d64606dbecd97050736d311ef89d28f,"Rice, korean bulgogi beef",2,0.6875
../foodsg-233_cleaned/spring rolls/YHJD8A0S7WVCYEJ8KA3YLNPC.jpg,spring rolls,all,6d64606dbecd97050736d311ef89d28f,6d64606dbecd97050736d311ef89d28f,dumpling,2,0.5935
../foodsg-233_cleaned/steamed buns/0VFTI38SN3LZDECP5N6EF5Q5.jpg,steamed buns,all,96ee8e18d568eb7d15fddbfe35e500e6,96ee8e18d568eb7d15fddbfe35e500e6,char siew pau,2,0.7582
../foodsg-233_cleaned/steamed buns/2JYJOK6OGPQNR1SU4FOJ79WS.jpg,steamed buns,all,7fa9e99f697386ee6d18a78b494a4784,7fa9e99f697386ee6d18a78b494a4784,ice cream - vanilla,2,0.704
../foodsg-233_cleaned/steamed buns/4FKU4EO26E2WG9ZEU8NJOHIO.jpg,steamed buns,all,96ee8e18d568eb7d15fddbfe35e500e6,96ee8e18d568eb7d15fddbfe35e500e6,char siew pau,2,0.6599
../foodsg-233_cleaned/steamed buns/6ICO9N7J55T2YETLC8TAZ7BD.jpg,steamed buns,all,96ee8e18d568eb7d15fddbfe35e500e6,96ee8e18d568eb7d15fddbfe35e500e6,char siew pau,2,0.5962
../foodsg-233_cleaned/steamed buns/9JLPKC3LHN7DB0S4KLASYA2U.jpg,steamed buns,all,96ee8e18d568eb7d15fddbfe35e500e6,96ee8e18d568eb7d15fddbfe35e500e6,char siew pau,2,0.7605
../foodsg-233_cleaned/steamed buns/BT6G09VH1EOHML8CFADA27AH.jpg,steamed buns,all,96ee8e18d568eb7d15fddbfe35e500e6,96ee8e18d568eb7d15fddbfe35e500e6,char siew pau,2,0.8909
../foodsg-233_cleaned/steamed buns/D4NIJVUO9VQM8VEGXD1TD44M.jpg,steamed buns,all,96ee8e18d568eb7d15fddbfe35e500e6,96ee8e18d568eb7d15fddbfe35e500e6,char siew pau,2,0.8283
../foodsg-233_cleaned/steamed buns/D9QQ4QFLVG0UGAZB1UKJKDBZ.jpg,steamed buns,all,96ee8e18d568eb7d15fddbfe35e500e6,96ee8e18d568eb7d15fddbfe35e500e6,char siew pau,2,0.8741
../foodsg-233_cleaned/steamed buns/ESOAQ8I7VE7EXSF9DYNNA96N.jpg,steamed buns,all,96ee8e18d568eb7d15fddbfe35e500e6,96ee8e18d568eb7d15fddbfe35e500e6,char siew pau,2,0.7454
../foodsg-233_cleaned/steamed buns/F3Z77EMXAX1WWTZTPJ0AJPOK.jpg,steamed buns,all,30f52a4aecb2d0b33abbf7b6671d33ec,30f52a4aecb2d0b33abbf7b6671d33ec,Pung Kueh,2,0.6591
../foodsg-233_cleaned/steamed buns/FEAILNG85O7VXNZ8RV8O8PNG.jpg,steamed buns,all,30f52a4aecb2d0b33abbf7b6671d33ec,30f52a4aecb2d0b33abbf7b6671d33ec,cake,2,0.6382
../foodsg-233_cleaned/steamed buns/JCCTY75M46YF66FJ3SPU08R0.jpg,steamed buns,all,96ee8e18d568eb7d15fddbfe35e500e6,96ee8e18d568eb7d15fddbfe35e500e6,char siew pau,2,0.808
../foodsg-233_cleaned/steamed buns/KCY9TYVV380KXI4YBQKXDEDX.jpg,steamed buns,all,96ee8e18d568eb7d15fddbfe35e500e6,96ee8e18d568eb7d15fddbfe35e500e6,char siew pau,2,0.824
../foodsg-233_cleaned/steamed buns/L1RZOZROX6VF6VI35YHINH4F.jpg,steamed buns,all,30f52a4aecb2d0b33abbf7b6671d33ec,30f52a4aecb2d0b33abbf7b6671d33ec,Sweets,2,0.996
../foodsg-233_cleaned/steamed buns/MHX79TTG92B3P1BVETHEKW7V.jpg,steamed buns,all,809e24073e461eab19f043b713b63257,809e24073e461eab19f043b713b63257,dumpling,2,0.8801
../foodsg-233_cleaned/steamed buns/ML3VCIJXFSNX4T76FX67GPBX.jpg,steamed buns,all,30f52a4aecb2d0b33abbf7b6671d33ec,30f52a4aecb2d0b33abbf7b6671d33ec,blueberries,2,0.8913
../foodsg-233_cleaned/steamed buns/NBHYH3XHX2CCXH1KU47QM0NI.jpg,steamed buns,all,96ee8e18d568eb7d15fddbfe35e500e6,96ee8e18d568eb7d15fddbfe35e500e6,char siew pau,2,0.7615
../foodsg-233_cleaned/steamed buns/ND3DBE54GNJ0UTMZT3UIY1F0.jpg,steamed buns,all,96ee8e18d568eb7d15fddbfe35e500e6,96ee8e18d568eb7d15fddbfe35e500e6,char siew pau,2,0.6714
../foodsg-233_cleaned/steamed buns/P300LPLW1UFSX9KCV2XYM7KG.jpg,steamed buns,all,73823f5801a8e04f8d853f71fd5a545e,73823f5801a8e04f8d853f71fd5a545e,biscuit,2,0.7488
../foodsg-233_cleaned/steamed buns/SRAMHDR1TBST7JFW02326EBN.jpg,steamed buns,all,0dcf58906c7657aeefddf30d8b6c1231,0dcf58906c7657aeefddf30d8b6c1231,White Bread,2,0.9759
../foodsg-233_cleaned/steamed buns/TOD5UN7OIH1DAE8GY35UX1F3.jpg,steamed buns,all,809e24073e461eab19f043b713b63257,809e24073e461eab19f043b713b63257,dumpling,2,0.6768
../foodsg-233_cleaned/steamed buns/UNS039MI5OKFGC0QLK10X204.jpg,steamed buns,all,30f52a4aecb2d0b33abbf7b6671d33ec,30f52a4aecb2d0b33abbf7b6671d33ec,Chocolate,2,0.6626
../foodsg-233_cleaned/steamed buns/URT9EPJOAKREATFRQIPX8W2T.jpg,steamed buns,all,96ee8e18d568eb7d15fddbfe35e500e6,96ee8e18d568eb7d15fddbfe35e500e6,char siew pau,2,0.7416
../foodsg-233_cleaned/steamed buns/USRJT1C0HSWA74IZL0A4MEOM.jpg,steamed buns,all,96ee8e18d568eb7d15fddbfe35e500e6,96ee8e18d568eb7d15fddbfe35e500e6,char siew pau,2,0.6501
../foodsg-233_cleaned/steamed buns/VGJFSQWY23WDUI8G4Q3F7ZZR.jpg,steamed buns,all,96ee8e18d568eb7d15fddbfe35e500e6,96ee8e18d568eb7d15fddbfe35e500e6,char siew pau,2,0.9066
../foodsg-233_cleaned/steamed buns/XC2O29YKRL4TLJQCK3WOPK1E.jpg,steamed buns,all,96ee8e18d568eb7d15fddbfe35e500e6,96ee8e18d568eb7d15fddbfe35e500e6,char siew pau,2,0.7326
../foodsg-233_cleaned/steamed grouper/4CI3Y1XE8AC7Q5G0TKS23CF9.jpg,steamed grouper,all,1fc3efdc94216cf0f28f06dea59a6fcb,1fc3efdc94216cf0f28f06dea59a6fcb,fried fish,2,0.9966
../foodsg-233_cleaned/steamed grouper/4D71A7JH1YJ6GYO7OJYASW01.jpg,steamed grouper,all,1fc3efdc94216cf0f28f06dea59a6fcb,1fc3efdc94216cf0f28f06dea59a6fcb,fried fish,2,0.8431
../foodsg-233_cleaned/steamed grouper/D58QSOAFLD1TB3W9JEM2REOF.jpg,steamed grouper,all,1fc3efdc94216cf0f28f06dea59a6fcb,1fc3efdc94216cf0f28f06dea59a6fcb,fried fish,2,0.8694
../foodsg-233_cleaned/steamed grouper/DJ66RLKA0IBC9NPJUD1VU5JS.jpg,steamed grouper,all,20125b5f42e7d524d7fc86c682f50d05,20125b5f42e7d524d7fc86c682f50d05,chicken rice,2,0.6022
../foodsg-233_cleaned/steamed grouper/FPOAW2NJ14QJEK5TNYEWAY0V.jpg,steamed grouper,all,1fc3efdc94216cf0f28f06dea59a6fcb,1fc3efdc94216cf0f28f06dea59a6fcb,fried fish,2,0.7458
../foodsg-233_cleaned/steamed grouper/I21EB26UR7ARP9YP2ASTRCAB.jpg,steamed grouper,all,20125b5f42e7d524d7fc86c682f50d05,20125b5f42e7d524d7fc86c682f50d05,paella seafood,2,0.7173
../foodsg-233_cleaned/steamed grouper/N06FJARBAHRYZPUUA5EKDRAE.jpg,steamed grouper,all,20125b5f42e7d524d7fc86c682f50d05,20125b5f42e7d524d7fc86c682f50d05,chicken masala,2,0.6354
../foodsg-233_cleaned/steamed grouper/OGPGXSQRQDADUTTWXGIS5WT0.jpg,steamed grouper,all,1fc3efdc94216cf0f28f06dea59a6fcb,1fc3efdc94216cf0f28f06dea59a6fcb,fried fish,2,0.9526
../foodsg-233_cleaned/steamed grouper/TVJJ5L27AAVGYJAUHX20RBNW.jpg,steamed grouper,all,20125b5f42e7d524d7fc86c682f50d05,20125b5f42e7d524d7fc86c682f50d05,buckwheat,2,0.6329
../foodsg-233_cleaned/steamed grouper/URGIZ3KGK0I6SASDH20CNYBV.jpg,steamed grouper,all,20125b5f42e7d524d7fc86c682f50d05,20125b5f42e7d524d7fc86c682f50d05,dumpling,2,0.5167
../foodsg-233_cleaned/strawberry/2ARYPCNP5NV3HTWVDMCYC7PQ.jpg,strawberry,all,12ab629e1a3dc1b95203abfd2a1baa35,12ab629e1a3dc1b95203abfd2a1baa35,canned Fruit salad,2,0.6408
../foodsg-233_cleaned/strawberry/48QP2UL8UI4Z7IKJ6WI451NR.jpg,strawberry,all,1a4060a14b7acfb72829b56d1b0caee7,1a4060a14b7acfb72829b56d1b0caee7,salad,2,0.9362
../foodsg-233_cleaned/strawberry/9QCIJU8PWZ2DL2I3WUYTW0UY.jpg,strawberry,all,1a4060a14b7acfb72829b56d1b0caee7,1a4060a14b7acfb72829b56d1b0caee7,cake,2,0.6146
../foodsg-233_cleaned/strawberry/9V7TD1X7ALO1TRJPARMGUKDB.jpg,strawberry,all,1a4060a14b7acfb72829b56d1b0caee7,1a4060a14b7acfb72829b56d1b0caee7,lychee,2,0.9699
../foodsg-233_cleaned/strawberry/9WMCKNPNBEW27GGMVCS3PPNC.jpg,strawberry,all,1a4060a14b7acfb72829b56d1b0caee7,1a4060a14b7acfb72829b56d1b0caee7,muesli,2,0.8048
../foodsg-233_cleaned/strawberry/IWC0POWIT65POFT0S9XXR5A8.jpg,strawberry,all,1a4060a14b7acfb72829b56d1b0caee7,1a4060a14b7acfb72829b56d1b0caee7,pancake,2,0.9421
../foodsg-233_cleaned/strawberry/KCA6AURCG3NKZ70SYYGPSV9C.jpg,strawberry,all,1a4060a14b7acfb72829b56d1b0caee7,1a4060a14b7acfb72829b56d1b0caee7,parfait,2,0.9315
../foodsg-233_cleaned/strawberry/UA87RSCTM4BPT49TCIWF7BBJ.jpg,strawberry,all,1a4060a14b7acfb72829b56d1b0caee7,1a4060a14b7acfb72829b56d1b0caee7,ice kacang,2,0.7647
../foodsg-233_cleaned/strawberry/W4KO9T6YBRPZ1K6A194ERZII.jpg,strawberry,all,12ab629e1a3dc1b95203abfd2a1baa35,12ab629e1a3dc1b95203abfd2a1baa35,canned Fruit salad,2,0.7183
../foodsg-233_cleaned/strawberry/Y0987O32IJV5S75H9UFWZB5C.jpg,strawberry,all,12ab629e1a3dc1b95203abfd2a1baa35,12ab629e1a3dc1b95203abfd2a1baa35,canned Fruit salad,2,0.8112
../foodsg-233_cleaned/sushi/0UU1U12L0W0MYA099CEIT1TN.jpg,sushi,all,d82cceee8150231d1a851afb8b2263c5,d82cceee8150231d1a851afb8b2263c5,Katsudon,2,0.7009
../foodsg-233_cleaned/sushi/3QF73Y8WL0TOK0LR0IR2Y1LK.jpg,sushi,all,d82cceee8150231d1a851afb8b2263c5,d82cceee8150231d1a851afb8b2263c5,spring rolls,2,0.9512
../foodsg-233_cleaned/sushi/CL8VPGL7WB4UVP3LA60IKU73.jpg,sushi,all,d82cceee8150231d1a851afb8b2263c5,d82cceee8150231d1a851afb8b2263c5,sirloin steak,2,0.6673
../foodsg-233_cleaned/sushi/JAYKQGO65CS4OPII8HI39AKG.jpg,sushi,all,d82cceee8150231d1a851afb8b2263c5,d82cceee8150231d1a851afb8b2263c5,ice kacang,2,0.6572
../foodsg-233_cleaned/tacos and nachos/1NOXEK2FEYX3NK2XY89P04CQ.jpg,tacos and nachos,all,6372b95bf178e72617087d798819ead0,6372b95bf178e72617087d798819ead0,tortilla - plain,2,0.9142
../foodsg-233_cleaned/tacos and nachos/5F138OLKJPNFT0SQYRWTRCCZ.jpg,tacos and nachos,all,f2e8194c2e11e411414d7b2fd0e451e4,f2e8194c2e11e411414d7b2fd0e451e4,Nasi pattaya,2,0.5932
../foodsg-233_cleaned/tacos and nachos/7INWFIDQS3PZX3XD0LARBVTI.jpg,tacos and nachos,all,42641b0cb39c65c245ff9f5a746d08ab,42641b0cb39c65c245ff9f5a746d08ab,Snacks and Chips,2,0.8047
../foodsg-233_cleaned/tacos and nachos/87LS9S4XGLM9W9OLZHTZHJIJ.jpg,tacos and nachos,all,f2e8194c2e11e411414d7b2fd0e451e4,f2e8194c2e11e411414d7b2fd0e451e4,kebab - chicken,2,0.5917
../foodsg-233_cleaned/tacos and nachos/8JEJI3ZT61WH91KYFLKYCSIA.jpg,tacos and nachos,all,67d81f784594cb8f5820bfe67ea2478e,67d81f784594cb8f5820bfe67ea2478e,spring rolls,2,0.7633
../foodsg-233_cleaned/tacos and nachos/HPGH5EYLGA64D09F3YFMBRQ5.jpg,tacos and nachos,all,7b928c12ce8f3d1665dcf37f0b944a67,7b928c12ce8f3d1665dcf37f0b944a67,Wholegrain Wrap,2,0.7485
../foodsg-233_cleaned/tacos and nachos/IY67I2G923JY9LP2H39VMD90.jpg,tacos and nachos,all,f2e8194c2e11e411414d7b2fd0e451e4,f2e8194c2e11e411414d7b2fd0e451e4,cream soup,2,0.6152
../foodsg-233_cleaned/tacos and nachos/P78CM28S8N981LI2J1XTOTLX.jpg,tacos and nachos,all,67d81f784594cb8f5820bfe67ea2478e,67d81f784594cb8f5820bfe67ea2478e,spring rolls,2,0.621
../foodsg-233_cleaned/tacos and nachos/PTJHJ544O00RO6AWYE8LFJNL.jpg,tacos and nachos,all,42641b0cb39c65c245ff9f5a746d08ab,42641b0cb39c65c245ff9f5a746d08ab,Snacks and Chips,2,0.5637
../foodsg-233_cleaned/tandoori chicken/E8XZ43TKFM0LA11KRN38K78A.jpg,tandoori chicken,all,ba699848783ee17b18401b03b5043d85,ba699848783ee17b18401b03b5043d85,chicken masala,2,0.841
../foodsg-233_cleaned/tandoori chicken/EKY4VOOG0ZCJRZ5OBTK8URXG.jpg,tandoori chicken,all,095946e26d7f2ab8937030660cfd49f4,095946e26d7f2ab8937030660cfd49f4,ayam penyet,2,0.7517
../foodsg-233_cleaned/tandoori chicken/H59CJPX1DD233UYUV29EL51M.jpg,tandoori chicken,all,2787f4f51aae42e6c75d53e206eed056,2787f4f51aae42e6c75d53e206eed056,fried chicken,2,0.7628
../foodsg-233_cleaned/tandoori chicken/M6XGH6TWC6KIIU29ZE2TWWZR.jpg,tandoori chicken,all,2787f4f51aae42e6c75d53e206eed056,2787f4f51aae42e6c75d53e206eed056,fried chicken,2,0.6702
../foodsg-233_cleaned/tandoori chicken/Q0CVR9DETOL7GYD0KZIXD0VZ.jpg,tandoori chicken,all,5c876e8ea4a93c922d93ac81d38a6f44,5c876e8ea4a93c922d93ac81d38a6f44,chicken wing,2,0.6042
../foodsg-233_cleaned/tandoori chicken/UHVMW52OS9C6SQDFBVUGHQD8.jpg,tandoori chicken,all,5c876e8ea4a93c922d93ac81d38a6f44,5c876e8ea4a93c922d93ac81d38a6f44,chicken wing,2,0.8134
../foodsg-233_cleaned/tandoori chicken/XFH92ZXCGAKUJYZ38AOP2217.jpg,tandoori chicken,all,5c876e8ea4a93c922d93ac81d38a6f44,5c876e8ea4a93c922d93ac81d38a6f44,chicken wing,2,0.8653
../foodsg-233_cleaned/tandoori chicken/YBXQE03Q4HTY379Q655HJ1CN.jpg,tandoori chicken,all,095946e26d7f2ab8937030660cfd49f4,095946e26d7f2ab8937030660cfd49f4,roasted chicken,2,0.8367
../foodsg-233_cleaned/tandoori chicken/ZOL7IQ2MTQ5V0S10CSZJJ0W6.jpg,tandoori chicken,all,773240e562108259897b9232c4cae198,773240e562108259897b9232c4cae198,kebab - chicken,2,0.8101
../foodsg-233_cleaned/tau suan/SX9XBGLZZ5USEWC6ZWJR6AT7.jpg,tau suan,all,7435401dbcb059c4d471e23bd9add372,7435401dbcb059c4d471e23bd9add372,vegetable soup,2,0.5624
../foodsg-233_cleaned/tau suan/W8H2F4L5FAVXUYTIUW9FXVYR.jpg,tau suan,all,7435401dbcb059c4d471e23bd9add372,7435401dbcb059c4d471e23bd9add372,vegetable soup,2,0.8453
../foodsg-233_cleaned/thunder tea rice/H06T4LNKC1ULUPFD06UDIO96.jpg,thunder tea rice,all,9867453c9c32713f3e1ce89ef06b91db,9867453c9c32713f3e1ce89ef06b91db,fried rice,2,0.8613
../foodsg-233_cleaned/thunder tea rice/N732BA3W2NVC7S5MN5GFIQ9K.jpg,thunder tea rice,all,9867453c9c32713f3e1ce89ef06b91db,9867453c9c32713f3e1ce89ef06b91db,cooked brown rice,2,0.8001
../foodsg-233_cleaned/thunder tea rice/O7IMQVG7LK08IFCZLMF05TLI.jpg,thunder tea rice,all,9867453c9c32713f3e1ce89ef06b91db,9867453c9c32713f3e1ce89ef06b91db,buckwheat,2,0.8887
../foodsg-233_cleaned/thunder tea rice/QMZ06DXKPIHF7ES26D15GPBV.jpg,thunder tea rice,all,9867453c9c32713f3e1ce89ef06b91db,9867453c9c32713f3e1ce89ef06b91db,salmon - grilled,2,0.9253
../foodsg-233_cleaned/tiramisu/01E4C3NHDVKUM6VMW5YO19AO.jpg,tiramisu,all,a4c27bf5da4f6700520c766ee53e8dc3,a4c27bf5da4f6700520c766ee53e8dc3,cake,2,0.721
../foodsg-233_cleaned/tiramisu/1YX1N85EX25UCFOR7AF48JK0.jpg,tiramisu,all,1b7a4b0f4f02b380df92fe68728122e1,1b7a4b0f4f02b380df92fe68728122e1,ice cream - vanilla,2,0.704
../foodsg-233_cleaned/tiramisu/4LMAZYXLNXL41MR72EZVZC1L.jpg,tiramisu,all,e0199e6605489406231df87a5ccc825d,e0199e6605489406231df87a5ccc825d,muesli,2,0.6932
../foodsg-233_cleaned/tiramisu/MMPM31PII0KWGW9WSUS96ZFO.jpg,tiramisu,all,e0199e6605489406231df87a5ccc825d,e0199e6605489406231df87a5ccc825d,muesli,2,0.6256
../foodsg-233_cleaned/tom yum noodle soup/2WHPCVJ9JQ0LYS4RXCV9STVD.jpg,tom yum noodle soup,all,1c2890d70de6181d5787d58e95037892,1c2890d70de6181d5787d58e95037892,Fish Ball Noodles,2,0.7975
../foodsg-233_cleaned/tom yum noodle soup/2X7HIFK82C7JDGDVRKF4DWRS.jpg,tom yum noodle soup,all,b238ff9b3cba573e5db44480ed27314d,b238ff9b3cba573e5db44480ed27314d,yong tau foo,2,0.811
../foodsg-233_cleaned/tom yum noodle soup/3I7UB5VZSKKZVXVFBC2SBJ9F.jpg,tom yum noodle soup,all,5a463fdd6276e2149cfdfabe149fec35,5a463fdd6276e2149cfdfabe149fec35,Ban Mian,2,0.5104
../foodsg-233_cleaned/tom yum noodle soup/3K9259NZG97T6MYSTXNZQFA7.jpg,tom yum noodle soup,all,5a463fdd6276e2149cfdfabe149fec35,5a463fdd6276e2149cfdfabe149fec35,vegetable soup,2,0.8781
../foodsg-233_cleaned/tom yum noodle soup/D8P8QZOP1M9FG8KN1BRR3W1M.jpg,tom yum noodle soup,all,5a463fdd6276e2149cfdfabe149fec35,5a463fdd6276e2149cfdfabe149fec35,mushroom soup,2,0.6136
../foodsg-233_cleaned/tom yum noodle soup/HO6NU4CB77NZQCTFF758JP6I.jpg,tom yum noodle soup,all,b0e2fe62456a5ae4cd4f713b65dd397c,b0e2fe62456a5ae4cd4f713b65dd397c,Laksa,2,0.8425
../foodsg-233_cleaned/tom yum noodle soup/LSAJLB42HV2LHOZS65H7LDVP.jpg,tom yum noodle soup,all,b0e2fe62456a5ae4cd4f713b65dd397c,b0e2fe62456a5ae4cd4f713b65dd397c,Laksa,2,0.5569
../foodsg-233_cleaned/tom yum noodle soup/LUJN3YM7YPAZ3OV61ZSF5XI2.jpg,tom yum noodle soup,all,1c2890d70de6181d5787d58e95037892,1c2890d70de6181d5787d58e95037892,Fish Ball Noodles,2,0.7634
../foodsg-233_cleaned/tom yum noodle soup/OYUNB1N1L2KUR1Y7JOBXJG37.jpg,tom yum noodle soup,all,5a463fdd6276e2149cfdfabe149fec35,5a463fdd6276e2149cfdfabe149fec35,Prawn Noodle,2,0.6919
../foodsg-233_cleaned/tom yum noodle soup/R125SUGR3IKF5J7XLKN7V7J7.jpg,tom yum noodle soup,all,5a463fdd6276e2149cfdfabe149fec35,5a463fdd6276e2149cfdfabe149fec35,Seafood Noodles Soup,2,0.8478
../foodsg-233_cleaned/tom yum noodle soup/RECV1E37EGSD6VX9H69XHK22.jpg,tom yum noodle soup,all,5a463fdd6276e2149cfdfabe149fec35,5a463fdd6276e2149cfdfabe149fec35,beef noodle soup,2,0.5817
../foodsg-233_cleaned/tom yum noodle soup/TBVKNKFRIJ4IKZGC2P9X3CC5.jpg,tom yum noodle soup,all,b0e2fe62456a5ae4cd4f713b65dd397c,b0e2fe62456a5ae4cd4f713b65dd397c,Laksa,2,0.6516
../foodsg-233_cleaned/tom yum noodle soup/TIQEU74QE7CMWQVO6ZN4DMFP.jpg,tom yum noodle soup,all,b0e2fe62456a5ae4cd4f713b65dd397c,b0e2fe62456a5ae4cd4f713b65dd397c,Laksa,2,0.7981
../foodsg-233_cleaned/tom yum noodle soup/UXV299EFERFBPGDKJMM9X41F.jpg,tom yum noodle soup,all,5a463fdd6276e2149cfdfabe149fec35,5a463fdd6276e2149cfdfabe149fec35,mixed vegetables,2,0.8971
../foodsg-233_cleaned/tom yum noodle soup/V7930JO3D5ISDJVN84OS58FC.jpg,tom yum noodle soup,all,5a463fdd6276e2149cfdfabe149fec35,5a463fdd6276e2149cfdfabe149fec35,Porridge,2,0.533
../foodsg-233_cleaned/tortilla - plain/13CN437RI37XN71XQ6258JIE.jpg,tortilla - plain,all,1719af1a724358932be3cb60aa39dfb1,1719af1a724358932be3cb60aa39dfb1,Wholegrain Wrap,2,0.9682
../foodsg-233_cleaned/tortilla - plain/5CKCJSLWUTY3Z4PIRGS004SQ.jpg,tortilla - plain,all,6372b95bf178e72617087d798819ead0,6372b95bf178e72617087d798819ead0,tacos and nachos,2,0.6686
../foodsg-233_cleaned/tortilla - plain/6SISNESORHTB0SCOVZN784CJ.jpg,tortilla - plain,all,ac1b25d2bfab4aff800a90526bbdb492,ac1b25d2bfab4aff800a90526bbdb492,Indian Pancake,2,0.6962
../foodsg-233_cleaned/tortilla - plain/82W9MGEVEVI7Q3EFVR6KL708.jpg,tortilla - plain,all,1719af1a724358932be3cb60aa39dfb1,1719af1a724358932be3cb60aa39dfb1,Wholegrain Wrap,2,0.7598
../foodsg-233_cleaned/tortilla - plain/AB69J9AAUJBH151IF0D8ABZE.jpg,tortilla - plain,all,6372b95bf178e72617087d798819ead0,6372b95bf178e72617087d798819ead0,tacos and nachos,2,0.7505
../foodsg-233_cleaned/tortilla - plain/CNLFWOEWVMN3WRJHWEVKTALD.jpg,tortilla - plain,all,1719af1a724358932be3cb60aa39dfb1,1719af1a724358932be3cb60aa39dfb1,Wholegrain Wrap,2,0.7773
../foodsg-233_cleaned/tortilla - plain/I455N2OL391ZX4N50DM6MYFW.jpg,tortilla - plain,all,839cd1940b3bc408750747f3abd2f634,839cd1940b3bc408750747f3abd2f634,kebab - beef,2,0.7897
../foodsg-233_cleaned/tortilla - plain/J90LFFMVGTOGQO7BKHJSM9LI.jpg,tortilla - plain,all,839cd1940b3bc408750747f3abd2f634,839cd1940b3bc408750747f3abd2f634,pizza,2,0.7028
../foodsg-233_cleaned/tortilla - plain/JHDU1LMQRQH9M5NC5487UQNA.jpg,tortilla - plain,all,6372b95bf178e72617087d798819ead0,6372b95bf178e72617087d798819ead0,tacos and nachos,2,0.8062
../foodsg-233_cleaned/tortilla - plain/N9SW9JEH155TNI7EJ4IKJEL7.jpg,tortilla - plain,all,1719af1a724358932be3cb60aa39dfb1,1719af1a724358932be3cb60aa39dfb1,Wholegrain Wrap,2,0.8178
../foodsg-233_cleaned/tortilla - plain/NWKRKNKXCP1FDLFKJ5O1E7VV.jpg,tortilla - plain,all,1719af1a724358932be3cb60aa39dfb1,1719af1a724358932be3cb60aa39dfb1,Wholegrain Wrap,2,0.8494
../foodsg-233_cleaned/tortilla - plain/O02FNHNAZLON7YXCSB2RN7OY.jpg,tortilla - plain,all,839cd1940b3bc408750747f3abd2f634,839cd1940b3bc408750747f3abd2f634,hotplate tofu,2,0.503
../foodsg-233_cleaned/tortilla - plain/VTJVVUG9FQUPJ0FBN3OZNX4H.jpg,tortilla - plain,all,1719af1a724358932be3cb60aa39dfb1,1719af1a724358932be3cb60aa39dfb1,Wholegrain Wrap,2,0.9405
../foodsg-233_cleaned/tortilla - plain/VWG1N0JT6ZBBD55LHSDRMMQG.jpg,tortilla - plain,all,1719af1a724358932be3cb60aa39dfb1,1719af1a724358932be3cb60aa39dfb1,Wholegrain Wrap,2,0.6072
../foodsg-233_cleaned/tortilla - plain/WXSUGKPN8GGCSOEXIRZ4VF72.jpg,tortilla - plain,all,6372b95bf178e72617087d798819ead0,6372b95bf178e72617087d798819ead0,tacos and nachos,2,0.5887
../foodsg-233_cleaned/tortilla - plain/YN0H5YCAC29GWKDV0T76T4ME.jpg,tortilla - plain,all,ac1b25d2bfab4aff800a90526bbdb492,ac1b25d2bfab4aff800a90526bbdb492,Indian Pancake,2,0.9613
../foodsg-233_cleaned/tutu kueh/4H289KX67JV9WJSPZY9P2A6Q.jpg,tutu kueh,all,920a0d6297651d76f0c24c40bb1a4e16,920a0d6297651d76f0c24c40bb1a4e16,char siew pau,2,0.6203
../foodsg-233_cleaned/tutu kueh/MVGWNIU5VO5RHN6CBSZ5FQME.jpg,tutu kueh,all,78bacde1a7f691e84a8c0fd1fdd8d8e3,78bacde1a7f691e84a8c0fd1fdd8d8e3,steamed buns,2,0.8411
../foodsg-233_cleaned/tutu kueh/RJZGSXQP1B7GU3ADXOM00662.jpg,tutu kueh,all,78bacde1a7f691e84a8c0fd1fdd8d8e3,78bacde1a7f691e84a8c0fd1fdd8d8e3,steamed buns,2,0.821
../foodsg-233_cleaned/vadai/1M9EH6KKT8PB30DYSV3SKM27.jpg,vadai,all,e253a24f9f16e8c8ab377d9995cababc,e253a24f9f16e8c8ab377d9995cababc,Chinese fritters,2,0.7195
../foodsg-233_cleaned/vadai/1RDT7KGCQBQP8G66JI69M650.jpg,vadai,all,a8f9de06f48f6cbb3d72eaeb35587a2e,a8f9de06f48f6cbb3d72eaeb35587a2e,begedil,2,0.9991
../foodsg-233_cleaned/vadai/2D6RRX0WOM2PHBNT0YFKRREJ.jpg,vadai,all,f2e3feb6ebec96b42523a404d0385e0e,f2e3feb6ebec96b42523a404d0385e0e,Burger,2,0.6993
../foodsg-233_cleaned/vadai/H2RP89CIWGA6BERFW5I3IL03.jpg,vadai,all,f2e3feb6ebec96b42523a404d0385e0e,f2e3feb6ebec96b42523a404d0385e0e,goreng pisang,2,0.8192
../foodsg-233_cleaned/vadai/H6KFYY0LPISND76GWJNF4Z9X.jpg,vadai,all,a8f9de06f48f6cbb3d72eaeb35587a2e,a8f9de06f48f6cbb3d72eaeb35587a2e,begedil,2,0.8689
../foodsg-233_cleaned/vadai/HAZF5XZ1GBLFCE6QJD724BRC.jpg,vadai,all,f2e3feb6ebec96b42523a404d0385e0e,f2e3feb6ebec96b42523a404d0385e0e,drunken prawn,2,0.8101
../foodsg-233_cleaned/vadai/HDRRC4U047B976V4I8C2W76N.jpg,vadai,all,f2e3feb6ebec96b42523a404d0385e0e,f2e3feb6ebec96b42523a404d0385e0e,Snacks and Chips,2,0.949
../foodsg-233_cleaned/vadai/HVZZMHBSSUDCX8LFRB2HYOAG.jpg,vadai,all,23fd5c21259d3c3c34e3b78cc92f81dc,23fd5c21259d3c3c34e3b78cc92f81dc,biscuit,2,0.5308
../foodsg-233_cleaned/vadai/N9RKP97OD1TYLQ6O1WGYMEC7.jpg,vadai,all,a8f9de06f48f6cbb3d72eaeb35587a2e,a8f9de06f48f6cbb3d72eaeb35587a2e,begedil,2,0.6566
../foodsg-233_cleaned/vadai/OGSOTTNE3VKKYXSL3WJZOFTM.jpg,vadai,all,23fd5c21259d3c3c34e3b78cc92f81dc,23fd5c21259d3c3c34e3b78cc92f81dc,biscuit,2,0.9024
../foodsg-233_cleaned/vadai/OKDDUS45RH292COW7M00XC2Z.jpg,vadai,all,a8f9de06f48f6cbb3d72eaeb35587a2e,a8f9de06f48f6cbb3d72eaeb35587a2e,begedil,2,0.5055
../foodsg-233_cleaned/vadai/X8DO568BPGP7BAZQLDGUIDCC.jpg,vadai,all,e253a24f9f16e8c8ab377d9995cababc,e253a24f9f16e8c8ab377d9995cababc,Chinese fritters,2,0.8638
../foodsg-233_cleaned/vegetable soup/02530Q77H0AT9AO749QTFU1J.jpg,vegetable soup,all,c47c00d88f96002a89d922d44de3b5b1,c47c00d88f96002a89d922d44de3b5b1,hotplate tofu,2,0.935
../foodsg-233_cleaned/vegetable soup/2ADKERZIR5OA7OHLATBZI7TD.jpg,vegetable soup,all,168a02c6e628c41193c9b7069bc67c4f,168a02c6e628c41193c9b7069bc67c4f,buckwheat,2,0.8342
../foodsg-233_cleaned/vegetable soup/2PO476WK3YOMKRXC5A8X3PMO.jpg,vegetable soup,all,93d273978e7669b0fa41fd76ea89fb24,93d273978e7669b0fa41fd76ea89fb24,cream soup,2,0.9724
../foodsg-233_cleaned/vegetable soup/3RR0XPJIGMAII3ENEFVW97KZ.jpg,vegetable soup,all,168a02c6e628c41193c9b7069bc67c4f,168a02c6e628c41193c9b7069bc67c4f,Udon,2,0.5028
../foodsg-233_cleaned/vegetable soup/5HLCTPFVWM8O90LVZ5Y6Y9NN.jpg,vegetable soup,all,93d273978e7669b0fa41fd76ea89fb24,93d273978e7669b0fa41fd76ea89fb24,cream soup,2,0.6405
../foodsg-233_cleaned/vegetable soup/6G5QNA4ONPFCILGQGIX5BD9W.jpg,vegetable soup,all,68542d230bd6f1be223cc258b30654c5,68542d230bd6f1be223cc258b30654c5,chicken soup,2,0.9057
../foodsg-233_cleaned/vegetable soup/6RQBI91VNGG7XE8OCGERFWHL.jpg,vegetable soup,all,168a02c6e628c41193c9b7069bc67c4f,168a02c6e628c41193c9b7069bc67c4f,Laksa,2,0.795
../foodsg-233_cleaned/vegetable soup/86CVJKL3O8UDWWNM6SOOD1Y8.jpg,vegetable soup,all,93d273978e7669b0fa41fd76ea89fb24,93d273978e7669b0fa41fd76ea89fb24,cream soup,2,0.9583
../foodsg-233_cleaned/vegetable soup/AMUI3GYC13B2MQ0UO8G30XHN.jpg,vegetable soup,all,68542d230bd6f1be223cc258b30654c5,68542d230bd6f1be223cc258b30654c5,chicken soup,2,0.6689
../foodsg-233_cleaned/vegetable soup/B3Y7AM4CW8UOW2820N7GB5KK.jpg,vegetable soup,all,68542d230bd6f1be223cc258b30654c5,68542d230bd6f1be223cc258b30654c5,chicken soup,2,0.923
../foodsg-233_cleaned/vegetable soup/BHWPETJUB8CAL4H4ZGYS9EBS.jpg,vegetable soup,all,68542d230bd6f1be223cc258b30654c5,68542d230bd6f1be223cc258b30654c5,chicken soup,2,0.9149
../foodsg-233_cleaned/vegetable soup/BKPSKJSHBPTV2ZKU713DDTQP.jpg,vegetable soup,all,93d273978e7669b0fa41fd76ea89fb24,93d273978e7669b0fa41fd76ea89fb24,cream soup,2,0.9356
../foodsg-233_cleaned/vegetable soup/C2DVQA4G7KXZMIKWBGV5FKYT.jpg,vegetable soup,all,c47c00d88f96002a89d922d44de3b5b1,c47c00d88f96002a89d922d44de3b5b1,hotplate tofu,2,0.854
../foodsg-233_cleaned/vegetable soup/CJN5TIKGPGA6F3LZPFWZON7A.jpg,vegetable soup,all,93d273978e7669b0fa41fd76ea89fb24,93d273978e7669b0fa41fd76ea89fb24,cream soup,2,0.7447
../foodsg-233_cleaned/vegetable soup/CP555DD5XSAR1G9ACCJQS36J.jpg,vegetable soup,all,68542d230bd6f1be223cc258b30654c5,68542d230bd6f1be223cc258b30654c5,chicken soup,2,0.9138
../foodsg-233_cleaned/vegetable soup/ELLY1F21LF9ANOOIPIYHTDFO.jpg,vegetable soup,all,68542d230bd6f1be223cc258b30654c5,68542d230bd6f1be223cc258b30654c5,chicken soup,2,0.6991
../foodsg-233_cleaned/vegetable soup/F055TJQZNDA6EYN1PMKAYH7E.jpg,vegetable soup,all,93d273978e7669b0fa41fd76ea89fb24,93d273978e7669b0fa41fd76ea89fb24,cream soup,2,0.6092
../foodsg-233_cleaned/vegetable soup/GQCNXYVFMZ9JWKCLSCY4K6YI.jpg,vegetable soup,all,93d273978e7669b0fa41fd76ea89fb24,93d273978e7669b0fa41fd76ea89fb24,cream soup,2,0.9607
../foodsg-233_cleaned/vegetable soup/H1ZO5QGWFM8SHIQ9FWTS3NLQ.jpg,vegetable soup,all,168a02c6e628c41193c9b7069bc67c4f,168a02c6e628c41193c9b7069bc67c4f,chawanmushi,2,0.5216
../foodsg-233_cleaned/vegetable soup/ICXQN6NMIJKWZJIVPX7KQO3Q.jpg,vegetable soup,all,93d273978e7669b0fa41fd76ea89fb24,93d273978e7669b0fa41fd76ea89fb24,cream soup,2,0.8077
../foodsg-233_cleaned/vegetable soup/KX3LWP4FW9ILK75YH5686YPY.jpg,vegetable soup,all,168a02c6e628c41193c9b7069bc67c4f,168a02c6e628c41193c9b7069bc67c4f,Lontong with sayur lodeh,2,0.6595
../foodsg-233_cleaned/vegetable soup/L13FPUDG7QCXD4LLCCXI3HBN.jpg,vegetable soup,all,68542d230bd6f1be223cc258b30654c5,68542d230bd6f1be223cc258b30654c5,chicken soup,2,0.5197
../foodsg-233_cleaned/vegetable soup/LO84GK820MDBI9QHJHF05LOW.jpg,vegetable soup,all,168a02c6e628c41193c9b7069bc67c4f,168a02c6e628c41193c9b7069bc67c4f,Fried Noodles,2,0.6492
../foodsg-233_cleaned/vegetable soup/O081BVS2EC63RDNYJ6J7TO8N.jpg,vegetable soup,all,168a02c6e628c41193c9b7069bc67c4f,168a02c6e628c41193c9b7069bc67c4f,Dumpling noodle soup,2,0.5608
../foodsg-233_cleaned/vegetable soup/PW0LIJYJJ0M8QFBCF7MXYXPU.jpg,vegetable soup,all,07bf02c4c362db395a164e81c70c571d,07bf02c4c362db395a164e81c70c571d,miso soup,2,0.9729
../foodsg-233_cleaned/vegetable soup/RMH70A6IHP4KDS091NT0A2ZP.jpg,vegetable soup,all,68542d230bd6f1be223cc258b30654c5,68542d230bd6f1be223cc258b30654c5,chicken soup,2,0.6584
../foodsg-233_cleaned/vegetable soup/TNUU304TTJ43BB76YO67QRHP.jpg,vegetable soup,all,07bf02c4c362db395a164e81c70c571d,07bf02c4c362db395a164e81c70c571d,miso soup,2,0.5439
../foodsg-233_cleaned/vegetable soup/UF35MCD6HM8AXA0I8OMX261R.jpg,vegetable soup,all,07bf02c4c362db395a164e81c70c571d,07bf02c4c362db395a164e81c70c571d,miso soup,2,0.9181
../foodsg-233_cleaned/vegetable soup/VLOGL5J0BOUQZ3V79VOT69FB.jpg,vegetable soup,all,93d273978e7669b0fa41fd76ea89fb24,93d273978e7669b0fa41fd76ea89fb24,cream soup,2,0.865
../foodsg-233_cleaned/vegetable soup/W2YJJVIIB0CPXQDTHNEJKNTU.jpg,vegetable soup,all,93d273978e7669b0fa41fd76ea89fb24,93d273978e7669b0fa41fd76ea89fb24,cream soup,2,0.8979
../foodsg-233_cleaned/vegetable soup/XJ1BUGCMO3L9IKVVDBJ8OL1J.jpg,vegetable soup,all,93d273978e7669b0fa41fd76ea89fb24,93d273978e7669b0fa41fd76ea89fb24,cream soup,2,0.907
../foodsg-233_cleaned/vegetable soup/XJMR3TGORP1N7BDS3FAHXM8M.jpg,vegetable soup,all,93d273978e7669b0fa41fd76ea89fb24,93d273978e7669b0fa41fd76ea89fb24,cream soup,2,0.9345
../foodsg-233_cleaned/vegetable soup/XVIW9LVGP7O092CESDZ7472U.jpg,vegetable soup,all,68542d230bd6f1be223cc258b30654c5,68542d230bd6f1be223cc258b30654c5,chicken soup,2,0.6191
../foodsg-233_cleaned/vegetable soup/XY1TEZB7PSMESHYW92SXOEMX.jpg,vegetable soup,all,7014a6909730f09102cfc6ce804c5ca6,7014a6909730f09102cfc6ce804c5ca6,mushroom soup,2,0.8442
../foodsg-233_cleaned/vegetarian bee hoon/DUCOP3QNS6LMUY1Y3HPTA2O4.jpg,vegetarian bee hoon,all,858a3a20108679a7d6763dbbaa54ad30,858a3a20108679a7d6763dbbaa54ad30,Mee goreng,2,0.5368
../foodsg-233_cleaned/vegetarian bee hoon/LSVZFYPPTGUMEJV4VTKA3X4W.jpg,vegetarian bee hoon,all,861e4ba6c7c3903916b36a354d19b235,861e4ba6c7c3903916b36a354d19b235,satay bee hoon,2,0.5466
../foodsg-233_cleaned/waffle/86WGEWTU0BNKD1Y8KCHZG78T.jpg,waffle,all,c73fbf2701058625992ca3b59819a008,c73fbf2701058625992ca3b59819a008,pizza,2,0.7847
../foodsg-233_cleaned/waffle/9P2VH9LLHKLH5N8M5CZ2UQSB.jpg,waffle,all,c73fbf2701058625992ca3b59819a008,c73fbf2701058625992ca3b59819a008,fried chicken,2,0.5165
../foodsg-233_cleaned/waffle/ABYMW8TAW8PCCRI3I6EJWKUS.jpg,waffle,all,c73fbf2701058625992ca3b59819a008,c73fbf2701058625992ca3b59819a008,buckwheat,2,0.8531
../foodsg-233_cleaned/waffle/C9F427PVQ11QKDBB7HHEUIAB.jpg,waffle,all,c73fbf2701058625992ca3b59819a008,c73fbf2701058625992ca3b59819a008,pancake,2,0.5501
../foodsg-233_cleaned/waffle/TRXOK42STS91A0AR86GRX5UC.jpg,waffle,all,c73fbf2701058625992ca3b59819a008,c73fbf2701058625992ca3b59819a008,har cheong gai,2,0.5515
../foodsg-233_cleaned/waffle/UHQFAFDCV9CL7ESLUYJ8FJEJ.jpg,waffle,all,c73fbf2701058625992ca3b59819a008,c73fbf2701058625992ca3b59819a008,Chocolate,2,0.6178
../foodsg-233_cleaned/waffle/V44J3T62JU2UENWNP8LNMTKV.jpg,waffle,all,c73fbf2701058625992ca3b59819a008,c73fbf2701058625992ca3b59819a008,mixed grills,2,0.5297
../foodsg-233_cleaned/watermelon/8F83EYANDSCFTRU2JGKDNHBN.jpg,watermelon,all,52540488d454a66208bbba3798d7b459,52540488d454a66208bbba3798d7b459,cake,2,0.6108
../foodsg-233_cleaned/watermelon/SP8AJ7XVTD5H21CGORN60BD7.jpg,watermelon,all,52540488d454a66208bbba3798d7b459,52540488d454a66208bbba3798d7b459,Fruit juice,2,0.7274
../foodsg-233_cleaned/whole grain bread/2AK04ULYV7G1J10DEIKNPVL3.jpg,whole grain bread,all,c6509a5b13745cf0f6002ffdd6326c74,c6509a5b13745cf0f6002ffdd6326c74,White Bread,2,0.9337
../foodsg-233_cleaned/whole grain bread/4R86IWZBIDI3OLTRRNLDCWFH.jpg,whole grain bread,all,26cd7b526a28310ce97a0906b6bc9dd1,26cd7b526a28310ce97a0906b6bc9dd1,whole wheat,2,0.5292
../foodsg-233_cleaned/whole grain bread/7J7N7Y10TA4VN1WEB9APA07N.jpg,whole grain bread,all,26cd7b526a28310ce97a0906b6bc9dd1,26cd7b526a28310ce97a0906b6bc9dd1,whole wheat,2,0.9419
../foodsg-233_cleaned/whole grain bread/9BAQVVALF3D0ZQFQW9KRDGVX.jpg,whole grain bread,all,26cd7b526a28310ce97a0906b6bc9dd1,26cd7b526a28310ce97a0906b6bc9dd1,whole wheat,2,0.7491
../foodsg-233_cleaned/whole grain bread/BZOHD4I6OXEMKH7T1FJKCNW1.jpg,whole grain bread,all,c6509a5b13745cf0f6002ffdd6326c74,c6509a5b13745cf0f6002ffdd6326c74,White Bread,2,0.7136
../foodsg-233_cleaned/whole grain bread/EBFXBAJDROWVRF9JYOZXWS23.jpg,whole grain bread,all,26cd7b526a28310ce97a0906b6bc9dd1,26cd7b526a28310ce97a0906b6bc9dd1,whole wheat,2,0.6239
../foodsg-233_cleaned/whole grain bread/H2VS7TQ9K4R7LTX42WWJH180.jpg,whole grain bread,all,2d01d3319d0d61f697d8688975bc89eb,2d01d3319d0d61f697d8688975bc89eb,steamed buns,2,0.5388
../foodsg-233_cleaned/whole grain bread/I75I32DMAI1JKJQ5XGYV8TIN.jpg,whole grain bread,all,d843d2146b935a14e2b8feb780bff294,d843d2146b935a14e2b8feb780bff294,buckwheat,2,0.6723
../foodsg-233_cleaned/whole grain bread/K3HC9GI847R8UYINT3N8MLXS.jpg,whole grain bread,all,c6509a5b13745cf0f6002ffdd6326c74,c6509a5b13745cf0f6002ffdd6326c74,White Bread,2,0.9148
../foodsg-233_cleaned/whole grain bread/LU39ZJC9430JVUXJ8R8UBEC8.jpg,whole grain bread,all,2d01d3319d0d61f697d8688975bc89eb,2d01d3319d0d61f697d8688975bc89eb,sandwich,2,0.8198
../foodsg-233_cleaned/whole grain bread/O80L3GS004PAVI36LPS8XBQ4.jpg,whole grain bread,all,26cd7b526a28310ce97a0906b6bc9dd1,26cd7b526a28310ce97a0906b6bc9dd1,whole wheat,2,0.7972
../foodsg-233_cleaned/whole grain bread/PX9R2WQYY1WAES73MU5J640A.jpg,whole grain bread,all,12be3f6b2207512ccc761cabbca2d75b,12be3f6b2207512ccc761cabbca2d75b,Wholegrain Wrap,2,0.698
../foodsg-233_cleaned/whole grain bread/UOM0FZG37X5ID59RDAQC4URM.jpg,whole grain bread,all,12be3f6b2207512ccc761cabbca2d75b,12be3f6b2207512ccc761cabbca2d75b,Wholegrain Wrap,2,0.6695
../foodsg-233_cleaned/whole grain bread/VFFRTWZNN6MA0R42DBP7530M.jpg,whole grain bread,all,26cd7b526a28310ce97a0906b6bc9dd1,26cd7b526a28310ce97a0906b6bc9dd1,whole wheat,2,0.6315
../foodsg-233_cleaned/whole grain bread/ZMZWWW6L1TBJO7PZY6IW94QM.jpg,whole grain bread,all,c6509a5b13745cf0f6002ffdd6326c74,c6509a5b13745cf0f6002ffdd6326c74,White Bread,2,0.8627
../foodsg-233_cleaned/whole grain bread/ZW1Y9ISR5NSCSKORILOZ0UJJ.jpg,whole grain bread,all,26cd7b526a28310ce97a0906b6bc9dd1,26cd7b526a28310ce97a0906b6bc9dd1,whole wheat,2,0.9396
../foodsg-233_cleaned/whole oats/0N9YX3LHFER0BB7DVJMDEB0S.jpg,whole oats,all,cac7e137b2b7dede0eef8fffd13b6fe4,cac7e137b2b7dede0eef8fffd13b6fe4,buckwheat,2,0.6021
../foodsg-233_cleaned/whole oats/3R5QHZHPXLYOC71VEP9Z6YB9.jpg,whole oats,all,8d2ca8a1af150215fdd9813d37db307e,8d2ca8a1af150215fdd9813d37db307e,cooked brown rice,2,0.6164
../foodsg-233_cleaned/whole oats/3T1VXOS7QGBS2BVJCBBKVPGQ.jpg,whole oats,all,76af5145769542d25d9d5a62b9f6c875,76af5145769542d25d9d5a62b9f6c875,White Bread,2,0.5315
../foodsg-233_cleaned/whole oats/8UGG9ZDXJ5LYG9MOQG1I4W86.jpg,whole oats,all,579ef3661aac009a59530a5d5c34f80b,579ef3661aac009a59530a5d5c34f80b,muesli,2,0.7861
../foodsg-233_cleaned/whole oats/A764DJVRMXNK1JBDJ687F5Z6.jpg,whole oats,all,579ef3661aac009a59530a5d5c34f80b,579ef3661aac009a59530a5d5c34f80b,muesli,2,0.7634
../foodsg-233_cleaned/whole oats/CK6EO4OOS19HF4M65R3UVG69.jpg,whole oats,all,07d86f75348fb0b92932d6b4789d31fa,07d86f75348fb0b92932d6b4789d31fa,Instant Cereal Drink,2,0.9791
../foodsg-233_cleaned/whole oats/GWKII2AAF8018NVNDTGJV5UG.jpg,whole oats,all,cac7e137b2b7dede0eef8fffd13b6fe4,cac7e137b2b7dede0eef8fffd13b6fe4,buckwheat,2,0.9655
../foodsg-233_cleaned/whole oats/J5V3P9ESZOKLMM3AM27MYSY1.jpg,whole oats,all,7fee8a491ac9907e38519ca254f63928,7fee8a491ac9907e38519ca254f63928,whole wheat,2,0.8861
../foodsg-233_cleaned/whole oats/JJHKUTCD5LVEBMWO7SRIZ90N.jpg,whole oats,all,76af5145769542d25d9d5a62b9f6c875,76af5145769542d25d9d5a62b9f6c875,whole grain bread,2,0.5708
../foodsg-233_cleaned/whole oats/LXOFQMSR3MYU0JX8RVJGVU5B.jpg,whole oats,all,7fee8a491ac9907e38519ca254f63928,7fee8a491ac9907e38519ca254f63928,whole wheat,2,0.9226
../foodsg-233_cleaned/whole oats/OBGV9Z67GQC2YTE9TNWQ8AYZ.jpg,whole oats,all,76af5145769542d25d9d5a62b9f6c875,76af5145769542d25d9d5a62b9f6c875,biscuit,2,0.5103
../foodsg-233_cleaned/whole oats/TOS1IBVKXSYOOAVIV8XK0J30.jpg,whole oats,all,07d86f75348fb0b92932d6b4789d31fa,07d86f75348fb0b92932d6b4789d31fa,Instant Cereal Drink,2,0.8833
../foodsg-233_cleaned/whole oats/UGGLC5GVFJEA6SHXKO9URE3M.jpg,whole oats,all,ff7575cb1a1d40d9924f4d102b3d8017,ff7575cb1a1d40d9924f4d102b3d8017,breakfast cereal,2,0.9919
../foodsg-233_cleaned/whole oats/Z0BF5H7AL53OWAOW4RP5NH55.jpg,whole oats,all,579ef3661aac009a59530a5d5c34f80b,579ef3661aac009a59530a5d5c34f80b,muesli,2,0.8557
../foodsg-233_cleaned/whole wheat/0XVI14CD6C3XFZKAMJXCLNLZ.jpg,whole wheat,all,a3b4738eb054b325f99992a441199262,a3b4738eb054b325f99992a441199262,wholegrain pasta,2,0.9273
../foodsg-233_cleaned/whole wheat/2IIYRY4Z0M0FQTMENY012JXK.jpg,whole wheat,all,a3b4738eb054b325f99992a441199262,a3b4738eb054b325f99992a441199262,pancake,2,0.9556
../foodsg-233_cleaned/whole wheat/2JMNZKQMOME5NN9A4U5R8DLK.jpg,whole wheat,all,26cd7b526a28310ce97a0906b6bc9dd1,26cd7b526a28310ce97a0906b6bc9dd1,whole grain bread,2,0.6804
../foodsg-233_cleaned/whole wheat/3QHCL606ABT59EO75TA9SPWF.jpg,whole wheat,all,8feb5db042cec9a4dc3a5a6c4b22b58d,8feb5db042cec9a4dc3a5a6c4b22b58d,Wholegrain Wrap,2,0.7497
../foodsg-233_cleaned/whole wheat/6C62FYU3F8O1L3GDK0PE6P3S.jpg,whole wheat,all,7fee8a491ac9907e38519ca254f63928,7fee8a491ac9907e38519ca254f63928,whole oats,2,0.6021
../foodsg-233_cleaned/whole wheat/80D0Y96V9FJAH3S6FQ0MZRB2.jpg,whole wheat,all,a3b4738eb054b325f99992a441199262,a3b4738eb054b325f99992a441199262,Snacks and Chips,2,0.6897
../foodsg-233_cleaned/whole wheat/B5PXNZ80H8ZGFJ84KCOM994K.jpg,whole wheat,all,26cd7b526a28310ce97a0906b6bc9dd1,26cd7b526a28310ce97a0906b6bc9dd1,whole grain bread,2,0.9639
../foodsg-233_cleaned/whole wheat/D23GIITAD3MP4LVZ7O9MI960.jpg,whole wheat,all,26cd7b526a28310ce97a0906b6bc9dd1,26cd7b526a28310ce97a0906b6bc9dd1,whole grain bread,2,0.736
../foodsg-233_cleaned/whole wheat/D6NBWJUS4RXPXZ2Z45C9P7E6.jpg,whole wheat,all,26cd7b526a28310ce97a0906b6bc9dd1,26cd7b526a28310ce97a0906b6bc9dd1,whole grain bread,2,0.5922
../foodsg-233_cleaned/whole wheat/M94JHXAFZS3RFSVUW9ETTUAQ.jpg,whole wheat,all,26cd7b526a28310ce97a0906b6bc9dd1,26cd7b526a28310ce97a0906b6bc9dd1,whole grain bread,2,0.8876
../foodsg-233_cleaned/whole wheat/MW28W14NVSS6UICECQF125FK.jpg,whole wheat,all,a3b4738eb054b325f99992a441199262,a3b4738eb054b325f99992a441199262,char siew pau,2,0.619
../foodsg-233_cleaned/whole wheat/NK3KQUR2XOREFV44GTQT7EBB.jpg,whole wheat,all,7fee8a491ac9907e38519ca254f63928,7fee8a491ac9907e38519ca254f63928,whole oats,2,0.5605
../foodsg-233_cleaned/whole wheat/R4LGM78WMZ00SD2ZKOZJGSQQ.jpg,whole wheat,all,658a2c9e11be49583e577e236b4d3dd5,658a2c9e11be49583e577e236b4d3dd5,cooked brown rice,2,0.9996
../foodsg-233_cleaned/whole wheat/UHP006W9JQEBW41WNB0Z5DNU.jpg,whole wheat,all,a3b4738eb054b325f99992a441199262,a3b4738eb054b325f99992a441199262,biscuit,2,0.9778
../foodsg-233_cleaned/whole wheat/UXU8HFYKA6J6EXO6WL8DA94C.jpg,whole wheat,all,658a2c9e11be49583e577e236b4d3dd5,658a2c9e11be49583e577e236b4d3dd5,cooked brown rice,2,0.8582
../foodsg-233_cleaned/whole wheat/XYRRS1IPVX2HDGZ5327NFHDD.jpg,whole wheat,all,26cd7b526a28310ce97a0906b6bc9dd1,26cd7b526a28310ce97a0906b6bc9dd1,whole grain bread,2,0.9898
../foodsg-233_cleaned/wholegrain muffin/05FCAQ7QP6QVA9C3PX6T18F9.jpg,wholegrain muffin,all,0291d358b85d4177a6e7e54d2af8aa79,0291d358b85d4177a6e7e54d2af8aa79,biscuit,2,0.6466
../foodsg-233_cleaned/wholegrain muffin/1ESGUBEG78ZQAEHA8WLJ7Y0T.jpg,wholegrain muffin,all,0291d358b85d4177a6e7e54d2af8aa79,0291d358b85d4177a6e7e54d2af8aa79,biscuit,2,0.613
../foodsg-233_cleaned/wholegrain muffin/4VBL045WQKTOCZ163MN5XD9P.jpg,wholegrain muffin,all,903218711da23cc4ddb982e62459652d,903218711da23cc4ddb982e62459652d,ice cream - vanilla,2,0.6571
../foodsg-233_cleaned/wholegrain muffin/RXPBRYELA6SA0HD24VV1ZLFE.jpg,wholegrain muffin,all,903218711da23cc4ddb982e62459652d,903218711da23cc4ddb982e62459652d,cake,2,0.8488
../foodsg-233_cleaned/wholegrain muffin/W2MMW9HITOPYWEW6DW0FQE8X.jpg,wholegrain muffin,all,903218711da23cc4ddb982e62459652d,903218711da23cc4ddb982e62459652d,sandwich,2,0.7045
../foodsg-233_cleaned/wholegrain muffin/XIO7C0Y6LB8NWOA5QK5BWX3C.jpg,wholegrain muffin,all,903218711da23cc4ddb982e62459652d,903218711da23cc4ddb982e62459652d,whole grain bread,2,0.8051
../foodsg-233_cleaned/wholegrain pasta/1GM8ZLEAON257EIJOTDAQGLK.jpg,wholegrain pasta,all,3fb2b42356f660510a23cd4add8765c3,3fb2b42356f660510a23cd4add8765c3,chicken masala,2,0.6689
../foodsg-233_cleaned/wholegrain pasta/2WQB258I76VO11WJR21ATHPF.jpg,wholegrain pasta,all,6460a5b08ff8f5fe1d08d49a0e4a2362,6460a5b08ff8f5fe1d08d49a0e4a2362,Fried Noodles,2,0.6826
../foodsg-233_cleaned/wholegrain pasta/4TTVC4F1SL75CSVQGISLAA5J.jpg,wholegrain pasta,all,2ac9dfbd170933de3453ccfe7c9864b5,2ac9dfbd170933de3453ccfe7c9864b5,pasta - red sauce,2,0.6174
../foodsg-233_cleaned/wholegrain pasta/8TXTR50PWUSHGDLA1O1LTZ4D.jpg,wholegrain pasta,all,3fb2b42356f660510a23cd4add8765c3,3fb2b42356f660510a23cd4add8765c3,Snacks and Chips,2,0.8664
../foodsg-233_cleaned/wholegrain pasta/DCZIKES5F235IER4SGEMEVAS.jpg,wholegrain pasta,all,524ac5a95fb26ba9a3ca3861a1a592e8,524ac5a95fb26ba9a3ca3861a1a592e8,pasta - fettuccine,2,0.8847
../foodsg-233_cleaned/wholegrain pasta/F97EFFA66WAQVOYLWVNQO8YL.jpg,wholegrain pasta,all,524ac5a95fb26ba9a3ca3861a1a592e8,524ac5a95fb26ba9a3ca3861a1a592e8,pasta - fettuccine,2,0.8289
../foodsg-233_cleaned/wholegrain pasta/ISCAV7XXH3Z2TEW68RPNQRF4.jpg,wholegrain pasta,all,ba7d69a448ad7b6c41399e33a64b7fa4,ba7d69a448ad7b6c41399e33a64b7fa4,buckwheat,2,0.9984
../foodsg-233_cleaned/wholegrain pasta/LCOJ6UV50AAB11PWW1DTIDDT.jpg,wholegrain pasta,all,3fb2b42356f660510a23cd4add8765c3,3fb2b42356f660510a23cd4add8765c3,"Mee siam, fried",2,0.5736
../foodsg-233_cleaned/wholegrain pasta/M1QV0FZBMGM0ZWOUZL2FVENK.jpg,wholegrain pasta,all,2ac9dfbd170933de3453ccfe7c9864b5,2ac9dfbd170933de3453ccfe7c9864b5,pasta - red sauce,2,0.8644
../foodsg-233_cleaned/wholegrain pasta/Q62VJX1TXPGH1IUFHENKLFAX.jpg,wholegrain pasta,all,3fb2b42356f660510a23cd4add8765c3,3fb2b42356f660510a23cd4add8765c3,Chocolate,2,0.6282
../foodsg-233_cleaned/wholegrain pasta/UJYH3SB0LXE9190NHDMDXHGL.jpg,wholegrain pasta,all,aaf1be0a0059d3d85eacf07f797454ad,aaf1be0a0059d3d85eacf07f797454ad,Udon,2,0.5082
../foodsg-233_cleaned/wholegrain pasta/UVQ749B9DR3V45OX4XPIHFCN.jpg,wholegrain pasta,all,6460a5b08ff8f5fe1d08d49a0e4a2362,6460a5b08ff8f5fe1d08d49a0e4a2362,Fried Noodles,2,0.88
../foodsg-233_cleaned/wholegrain pasta/YXEXRT59216PRROLXQ7TSZBM.jpg,wholegrain pasta,all,2ac9dfbd170933de3453ccfe7c9864b5,2ac9dfbd170933de3453ccfe7c9864b5,pasta - red sauce,2,0.9305
../foodsg-233_cleaned/wholegrain pasta/Z0AB945NQYGG5RYQ26M1FRR5.jpg,wholegrain pasta,all,524ac5a95fb26ba9a3ca3861a1a592e8,524ac5a95fb26ba9a3ca3861a1a592e8,pasta - fettuccine,2,0.9256
../foodsg-233_cleaned/xiao long bao/8I62C7AO30ZDCLT4BLSWGUBE.jpg,xiao long bao,all,e951e59a2e9f2e85bb520152205fc40e,e951e59a2e9f2e85bb520152205fc40e,dumpling,2,0.8348
../foodsg-233_cleaned/xiao long bao/94ML2L7MH6TNWXIDDG40ZPY0.jpg,xiao long bao,all,e951e59a2e9f2e85bb520152205fc40e,e951e59a2e9f2e85bb520152205fc40e,dumpling,2,0.8656
../foodsg-233_cleaned/xiao long bao/9RWCDN3HW0H7VVH3THWRPASC.jpg,xiao long bao,all,e951e59a2e9f2e85bb520152205fc40e,e951e59a2e9f2e85bb520152205fc40e,dumpling,2,0.6271
../foodsg-233_cleaned/xiao long bao/AN2OPNCGP3UXVIJ9FAHW5D7G.jpg,xiao long bao,all,e951e59a2e9f2e85bb520152205fc40e,e951e59a2e9f2e85bb520152205fc40e,dumpling,2,0.9899
../foodsg-233_cleaned/xiao long bao/EB249BR9JFIXPZSD6AP253R0.jpg,xiao long bao,all,e951e59a2e9f2e85bb520152205fc40e,e951e59a2e9f2e85bb520152205fc40e,dumpling,2,0.7875
../foodsg-233_cleaned/xiao long bao/F2CRQFBB4O51TYYS73OXRIHS.jpg,xiao long bao,all,fc0d139da5c48199ffd893ad672ebcfe,fc0d139da5c48199ffd893ad672ebcfe,steamed buns,2,0.9816
../foodsg-233_cleaned/xiao long bao/ICVFMXL2FMB48W6Q3JE5LIV1.jpg,xiao long bao,all,e951e59a2e9f2e85bb520152205fc40e,e951e59a2e9f2e85bb520152205fc40e,dumpling,2,0.8454
../foodsg-233_cleaned/xiao long bao/KVL90PKWLRKXVONU7XMVMI73.jpg,xiao long bao,all,fc0d139da5c48199ffd893ad672ebcfe,fc0d139da5c48199ffd893ad672ebcfe,steamed buns,2,0.7224
../foodsg-233_cleaned/xiao long bao/MOY40YF6DGEIJWGY3VRI396D.jpg,xiao long bao,all,fc0d139da5c48199ffd893ad672ebcfe,fc0d139da5c48199ffd893ad672ebcfe,steamed buns,2,0.9412
../foodsg-233_cleaned/xiao long bao/WQ4H0389YJS6YUVBFYZUMTHU.jpg,xiao long bao,all,e951e59a2e9f2e85bb520152205fc40e,e951e59a2e9f2e85bb520152205fc40e,dumpling,2,0.8879
../foodsg-233_cleaned/yam rice/4DCMADNTF9WVEMXYAX3S66R6.jpg,yam rice,all,61e4ef15ef5a5653d4f92ef5995b72e1,61e4ef15ef5a5653d4f92ef5995b72e1,fried rice,2,0.7726
../foodsg-233_cleaned/yam rice/5RQLB8SWD7N1G3BD9IA947CJ.jpg,yam rice,all,627f5cc63e153ce5e534ff482dd31158,627f5cc63e153ce5e534ff482dd31158,lasagna,2,0.5469
../foodsg-233_cleaned/yam rice/B8VPIXXJX3QJN7MAP4H11LZ3.jpg,yam rice,all,6f397bf8774277c916701cfa0f3712d9,6f397bf8774277c916701cfa0f3712d9,cooked white rice,2,0.8226
../foodsg-233_cleaned/yam rice/G12FIWU1ZK84E5RQEITFKGP0.jpg,yam rice,all,627f5cc63e153ce5e534ff482dd31158,627f5cc63e153ce5e534ff482dd31158,cooked brown rice,2,0.6015
../foodsg-233_cleaned/yam rice/IZOJQ07AAH2C0G5G95HXRGZ3.jpg,yam rice,all,627f5cc63e153ce5e534ff482dd31158,627f5cc63e153ce5e534ff482dd31158,rice dumpling,2,0.7
../foodsg-233_cleaned/yam rice/MLQTSYL3U4SOIB601MUW5YCQ.jpg,yam rice,all,627f5cc63e153ce5e534ff482dd31158,627f5cc63e153ce5e534ff482dd31158,pig organ soup,2,0.8313
../foodsg-233_cleaned/yam rice/NLFG724ARGSB7RDAGVDWT84G.jpg,yam rice,all,627f5cc63e153ce5e534ff482dd31158,627f5cc63e153ce5e534ff482dd31158,tau suan,2,0.5935
../foodsg-233_cleaned/yam rice/OY52IJYEP7KM0TBDCEUDOZI3.jpg,yam rice,all,61e4ef15ef5a5653d4f92ef5995b72e1,61e4ef15ef5a5653d4f92ef5995b72e1,fried rice,2,0.5511
../foodsg-233_cleaned/yam rice/RYCOMEDRFUO3LAIRP9TRGD2T.jpg,yam rice,all,627f5cc63e153ce5e534ff482dd31158,627f5cc63e153ce5e534ff482dd31158,"Pilaf, pea",2,0.5139
../foodsg-233_cleaned/yam rice/TQJX7ENBAGT6YBR3T352VZKJ.jpg,yam rice,all,f55e534312b01fa5c4917ec392d69f7d,f55e534312b01fa5c4917ec392d69f7d,Claypot Rice,2,0.6538
../foodsg-233_cleaned/yam rice/XWV6FAAKTSW4FT0Z2JKG6MZ3.jpg,yam rice,all,61e4ef15ef5a5653d4f92ef5995b72e1,61e4ef15ef5a5653d4f92ef5995b72e1,fried rice,2,0.6813
../foodsg-233_cleaned/yogurt/2MPJF5QZYITONCXWDW7POT84.jpg,yogurt,all,29f86ebf7a286b5297c0c0af42bb7e65,29f86ebf7a286b5297c0c0af42bb7e65,blueberries,2,0.6573
../foodsg-233_cleaned/yogurt/DMBS3TPGJCR4CWLWTAOFC4E8.jpg,yogurt,all,8388af5cf06986f3cecb2ab485b1328e,8388af5cf06986f3cecb2ab485b1328e,ice cream - vanilla,2,0.6864
../foodsg-233_cleaned/yogurt/HFH9X29Q0JBR4XOFNJH4R8CL.jpg,yogurt,all,5604c7270dd1cde85c3bf884cbef22d4,5604c7270dd1cde85c3bf884cbef22d4,parfait,2,0.6661
../foodsg-233_cleaned/yogurt/HM01I4DWTA1E26BSROLEM1KS.jpg,yogurt,all,29f86ebf7a286b5297c0c0af42bb7e65,29f86ebf7a286b5297c0c0af42bb7e65,blueberries,2,0.6013
../foodsg-233_cleaned/yogurt/LSRQ75MLFIOTRFFQR3HV54UY.jpg,yogurt,all,5604c7270dd1cde85c3bf884cbef22d4,5604c7270dd1cde85c3bf884cbef22d4,Snacks and Chips,2,0.718
../foodsg-233_cleaned/yogurt/PPFKMFBVFYY9XHNJ2BGB6VCY.jpg,yogurt,all,5604c7270dd1cde85c3bf884cbef22d4,5604c7270dd1cde85c3bf884cbef22d4,muesli,2,0.7298
../foodsg-233_cleaned/yogurt/R9I1FZ872N12TZJ2E600GKL4.jpg,yogurt,all,5604c7270dd1cde85c3bf884cbef22d4,5604c7270dd1cde85c3bf884cbef22d4,Sweets,2,0.852
../foodsg-233_cleaned/yogurt/WZ75V85GXEDC3RN6RI5SXAKP.jpg,yogurt,all,8388af5cf06986f3cecb2ab485b1328e,8388af5cf06986f3cecb2ab485b1328e,ice cream - vanilla,2,0.5833
../foodsg-233_cleaned/yong tau foo/58ENQU5RF3MWXHT9OIUWOBM9.jpg,yong tau foo,all,1a3575ba789c0bd87eee495f41129eb0,1a3575ba789c0bd87eee495f41129eb0,bak kut teh,2,0.775
../foodsg-233_cleaned/yong tau foo/74ZQOIEZ5KBFH9NXCIPFPFS5.jpg,yong tau foo,all,447844b509909ee506459f3b027ada7d,447844b509909ee506459f3b027ada7d,Laksa,2,0.7589
../foodsg-233_cleaned/yong tau foo/CONHU4NA6UA74G70W8WRL41X.jpg,yong tau foo,all,447844b509909ee506459f3b027ada7d,447844b509909ee506459f3b027ada7d,Seafood Noodles Soup,2,0.5751
../foodsg-233_cleaned/yong tau foo/DT94R9KFZB1Q63ER80LEI6IK.jpg,yong tau foo,all,65d64f234a946e24e6737229afa7eca8,65d64f234a946e24e6737229afa7eca8,Fish Ball Noodles,2,0.8299
../foodsg-233_cleaned/yong tau foo/EU65PQY8GRRNDRE80MG9K59Z.jpg,yong tau foo,all,447844b509909ee506459f3b027ada7d,447844b509909ee506459f3b027ada7d,bak chor mee,2,0.853
../foodsg-233_cleaned/yong tau foo/HF4JYDRD2R54DXNV0PUQ90P0.jpg,yong tau foo,all,4ce7df7650f245f5c03a204eb37c0e27,4ce7df7650f245f5c03a204eb37c0e27,sliced fish soup,2,0.7815
../foodsg-233_cleaned/yong tau foo/ICV36LFQOBWL9KWCKVRU2KL4.jpg,yong tau foo,all,b238ff9b3cba573e5db44480ed27314d,b238ff9b3cba573e5db44480ed27314d,tom yum noodle soup,2,0.6012
../foodsg-233_cleaned/yong tau foo/K83HOAPEDSKCSFT3AR2NJ2FH.jpg,yong tau foo,all,65d64f234a946e24e6737229afa7eca8,65d64f234a946e24e6737229afa7eca8,Fish Ball Noodles,2,0.7906
../foodsg-233_cleaned/yong tau foo/W61WQDPGJU5QA79HJUETVJVA.jpg,yong tau foo,all,447844b509909ee506459f3b027ada7d,447844b509909ee506459f3b027ada7d,chwee kueh,2,0.7262
../foodsg-233_cleaned/yuseng/NV9GGF1P0VLOT1OGK6XOKU4B.jpg,yuseng,all,c0378e737b28ddffa2fc2cf42a08f547,c0378e737b28ddffa2fc2cf42a08f547,Bibimbap,2,0.8812
