path,label,split,reason,hash
../../foodsg-233_cleaned/cake/RDX9TAAC7NX5RTZN50BMMIO2.jpg,cake,all,exact_duplicate,08646736e1f7103b954b6927c121b995
../../foodsg-233_cleaned/Laksa/BBF6LNQVJ25PZRE1Q5FTILC1.jpg,Laksa,all,exact_duplicate,13bdd82bcfbf613a7c4269c70e0366a0
../../foodsg-233_cleaned/cake/N5V7NIDE5HPWEKS2QP87CMJT.jpg,cake,all,exact_duplicate,19f52474ac54cbf7d8293c85897fd492
../../foodsg-233_cleaned/sliced fish soup/QEQNQ10T3HXCJ9L9QI6D0DH9.jpg,sliced fish soup,all,exact_duplicate,1a9608f1a410fb616e7b72324aabcb63
../../foodsg-233_cleaned/fried fish/LFIKSMU9US8K3S76EF8KO0AT.jpg,fried fish,all,exact_duplicate,33d3fa449a718a7c0b5611029424ba7d
../../foodsg-233_cleaned/bee hoon/9ADKREW56YK3G0WZVTAVX74V.jpg,bee hoon,all,exact_duplicate,73bdfe83d01cd88bbd2a1bfa50ba742a
"../../foodsg-233_cleaned/Bee hoon, goreng/3DF6JXT8TNIOTAZ7617B3IAS.jpg","Bee hoon, goreng",all,exact_duplicate,7ea7aa5f5ef836e1ba21ede761e1c4fd
../../foodsg-233_cleaned/fried fish/EHNKE45BUJBNC6J0CGYHJQ28.jpg,fried fish,all,exact_duplicate,8431ad7b6a747d4f1e1da28a9c80a97e
"../../foodsg-233_cleaned/Bee hoon, goreng/G2XAI1EZQFI1PHBLQTM6RH9R.jpg","Bee hoon, goreng",all,exact_duplicate,93065809d3ff92d144eb974074d17073
"../../foodsg-233_cleaned/Bee hoon, goreng/G5Z0T87B7J2VVBLIICUBHFL6.jpg","Bee hoon, goreng",all,exact_duplicate,9a4bc67ea9edc1fb1c152a388ad47dcc
../../foodsg-233_cleaned/Mee goreng/LBQW08EKW7UQAS4ZJQ2Y2O0G.jpg,Mee goreng,all,exact_duplicate,a77e1ee55a0ec7722bf3b569f944e779
../../foodsg-233_cleaned/pasta - red sauce/LI5J3MBZX1C69GRAHSU0QFL9.jpg,pasta - red sauce,all,exact_duplicate,ae5a03032f42c0fcee87c9d1dd65d3b3
../../foodsg-233_cleaned/cake/EV3KFCX9H41EJYG9V1VM83V6.jpg,cake,all,exact_duplicate,b51d00f0a9d660f80085563e328f83df
../../foodsg-233_cleaned/siew mai/3KHD7TEB2Q4M10V4LGO5Y2KH.jpg,siew mai,all,exact_duplicate,d484ef6f9ec37a838f6e3794e01de910
../../foodsg-233_cleaned/dumpling/RQWZK34JAG2XJZE0CLVNDXQQ.jpg,dumpling,all,exact_duplicate,fd3c3bc356eb6306b3c6d6f41a75d09a
../../foodsg-233_cleaned/bee hoon/5V2SCBLKDHK3Z11DO1IK3VXX.jpg,bee hoon,all,exact_duplicate,422c0f8d599623c80bc6eadb89c8b1b7
"../../foodsg-233_cleaned/Mee siam, fried/RYCOCIXH15DKZWG2VK0MLVSS.jpg","Mee siam, fried",all,exact_duplicate,422c0f8d599623c80bc6eadb89c8b1b7
../../foodsg-233_cleaned/Seafood Noodles Soup/LOUTWRA86TK83OU6PWQ7G4R2.jpg,Seafood Noodles Soup,all,exact_duplicate,422c0f8d599623c80bc6eadb89c8b1b7
"../../foodsg-233_cleaned/Bee hoon, soto/XAHMJJ4O2HJ8HZ34XFVPUARB.jpg","Bee hoon, soto",all,exact_duplicate,422c0f8d599623c80bc6eadb89c8b1b7
"../../foodsg-233_cleaned/Mee siam, fried/FHHBFGS8ISBBK7EMIJIOK3CI.jpg","Mee siam, fried",all,exact_duplicate,2031fb8c85f8f5e894308e3e37e9be23
"../../foodsg-233_cleaned/Bee hoon, goreng/18A2YL9O16J5JG12HK8UENXT.jpg","Bee hoon, goreng",all,exact_duplicate,2031fb8c85f8f5e894308e3e37e9be23
../../foodsg-233_cleaned/Nasi pattaya/L2H12P97OQWQR9TW8ZNQ0RW8.jpg,Nasi pattaya,all,exact_duplicate,2031fb8c85f8f5e894308e3e37e9be23
"../../foodsg-233_cleaned/Bee hoon, goreng/ENZRZXHBDR569682MRLQBWHV.jpg","Bee hoon, goreng",all,exact_duplicate,2e966913ca4a24ea50fd4f6d04c9e605
../../foodsg-233_cleaned/Mee siam/KL8E2F1MYINDDOADOC2DVNRZ.jpg,Mee siam,all,exact_duplicate,2e966913ca4a24ea50fd4f6d04c9e605
"../../foodsg-233_cleaned/Mee siam, fried/GKA2S3XKYQ05IHSOL2OGBTFE.jpg","Mee siam, fried",all,exact_duplicate,2e966913ca4a24ea50fd4f6d04c9e605
"../../foodsg-233_cleaned/Bee hoon, goreng/C3KGISAI9TC9KOY8OJA67QZ2.jpg","Bee hoon, goreng",all,exact_duplicate,798005a385531877a52dbca160af7073
../../foodsg-233_cleaned/Fried Noodles/F16QFN888XOR594UZLB7UZYY.jpg,Fried Noodles,all,exact_duplicate,798005a385531877a52dbca160af7073
../../foodsg-233_cleaned/Mee siam/8SWZWW0JHTBRVNBFOWSXSZPZ.jpg,Mee siam,all,exact_duplicate,798005a385531877a52dbca160af7073
"../../foodsg-233_cleaned/Bee hoon, goreng/MR2SRJ1X0IUIL14VVDS02RV7.jpg","Bee hoon, goreng",all,exact_duplicate,7a7a6eecea5d387f0d4e91533c7d370a
../../foodsg-233_cleaned/Fried Noodles/UYV2C00EK8GXFXWIKZJ91Z57.jpg,Fried Noodles,all,exact_duplicate,7a7a6eecea5d387f0d4e91533c7d370a
../../foodsg-233_cleaned/bee hoon/ZG5ZQ1QG07ZBE2H1WJW50S3P.jpg,bee hoon,all,exact_duplicate,7a7a6eecea5d387f0d4e91533c7d370a
"../../foodsg-233_cleaned/Wanton mee, dry/HMINFHYAIH2N5YKWM4OBDFLH.jpg","Wanton mee, dry",all,exact_duplicate,8ec2800dab0b48bb53e39bff8e1b2e36
../../foodsg-233_cleaned/Mee siam/9HR4VTGV0D9O87FIHZ9PULVO.jpg,Mee siam,all,exact_duplicate,8ec2800dab0b48bb53e39bff8e1b2e36
../../foodsg-233_cleaned/Kway Teow/H26V8ZWYHO9GDDI0WL9CF5F1.jpg,Kway Teow,all,exact_duplicate,8ec2800dab0b48bb53e39bff8e1b2e36
"../../foodsg-233_cleaned/Bee hoon, goreng/1DSXPYCTY84MIH0EDUUSCRBD.jpg","Bee hoon, goreng",all,exact_duplicate,96df7d1f7d9a6a53625b9b8fff1e0907
"../../foodsg-233_cleaned/Bee hoon, soto/QJVON8XM22A5XRNRDN9RRZWL.jpg","Bee hoon, soto",all,exact_duplicate,96df7d1f7d9a6a53625b9b8fff1e0907
../../foodsg-233_cleaned/bee hoon/KWR6KXCTJ2ADLSWOHPN04FO0.jpg,bee hoon,all,exact_duplicate,96df7d1f7d9a6a53625b9b8fff1e0907
../../foodsg-233_cleaned/Mee kuah/JEFGGOWHI1MM7CI65PQTV4HZ.jpg,Mee kuah,all,exact_duplicate,9beaf59358f9ab118b6065d8d72cb6a9
../../foodsg-233_cleaned/Lontong with sayur lodeh/POJG7MJEM70Y3IAPB0ANLBXI.jpg,Lontong with sayur lodeh,all,exact_duplicate,9beaf59358f9ab118b6065d8d72cb6a9
../../foodsg-233_cleaned/Mee bandung/IJKQT4HHSEYZLW2F532BM545.jpg,Mee bandung,all,exact_duplicate,9beaf59358f9ab118b6065d8d72cb6a9
../../foodsg-233_cleaned/Fried Noodles/HUXOSDBIV8SQ7ZZZO7EACZ77.jpg,Fried Noodles,all,exact_duplicate,c2d3e188d7dff052dd734a399997fd7e
"../../foodsg-233_cleaned/Bee hoon, soto/TFA3A20OKPJY33FHI63WC6O4.jpg","Bee hoon, soto",all,exact_duplicate,c2d3e188d7dff052dd734a399997fd7e
../../foodsg-233_cleaned/bee hoon/7KG0IKKRPVX1AVQ2MZOOVPFN.jpg,bee hoon,all,exact_duplicate,c2d3e188d7dff052dd734a399997fd7e
../../foodsg-233_cleaned/Mee rebus/2SXA7A4W17U51SVVHA18RADK.jpg,Mee rebus,all,exact_duplicate,df678fadd74f45e6302c6fda3fb91b80
"../../foodsg-233_cleaned/Bee hoon, soto/UI99VYPQI44X422S53I7IIT8.jpg","Bee hoon, soto",all,exact_duplicate,df678fadd74f45e6302c6fda3fb91b80
../../foodsg-233_cleaned/Mee soto/XT5XL8TGBBDUSNYFWZ5XK60C.jpg,Mee soto,all,exact_duplicate,df678fadd74f45e6302c6fda3fb91b80
"../../foodsg-233_cleaned/Bee hoon, goreng/AQFGENDDD4IS7GW58R4ZAQYM.jpg","Bee hoon, goreng",all,exact_duplicate,0514d5ec6fbef606d355bfdd623a00da
../../foodsg-233_cleaned/bee hoon/L8FB8ZMR7HV1HHYMGQM10JYD.jpg,bee hoon,all,exact_duplicate,0514d5ec6fbef606d355bfdd623a00da
../../foodsg-233_cleaned/Mee soto/QNJ062WMXTQRUPYPHFQUDUNF.jpg,Mee soto,all,exact_duplicate,066012c411acae59b47c1395a52ee2cd
"../../foodsg-233_cleaned/Bee hoon, soto/QQB5PVXT74AJDQZ8B6AOCC7W.jpg","Bee hoon, soto",all,exact_duplicate,066012c411acae59b47c1395a52ee2cd
../../foodsg-233_cleaned/Grape/BSPSECLLWJLXIJ1ELW8FIYJX.jpg,Grape,all,exact_duplicate,069b41d6b2d45277367f3c5274b2de3f
../../foodsg-233_cleaned/canned Fruit salad/OSA010MZSDBNL8SE8GRV1TCX.jpg,canned Fruit salad,all,exact_duplicate,069b41d6b2d45277367f3c5274b2de3f
../../foodsg-233_cleaned/canned Fruit salad/U0SA5HN8V51CC722AJVVF81J.jpg,canned Fruit salad,all,exact_duplicate,069b41d6b2d45277367f3c5274b2de3f
../../foodsg-233_cleaned/Laksa/KCV6XGU10BUMTHT3GKZ23FFX.jpg,Laksa,all,exact_duplicate,0895d3f6987e04e2c90af72d9b971bdc
../../foodsg-233_cleaned/satay bee hoon/5ONB8KMQQ2BOJGDRIP3WVOBG.jpg,satay bee hoon,all,exact_duplicate,0895d3f6987e04e2c90af72d9b971bdc
../../foodsg-233_cleaned/Soto ayam/EY19E5S2QRE7HEMHGBPTM0RK.jpg,Soto ayam,all,exact_duplicate,0bb821e1be56f711eeaff420c8e99cc9
"../../foodsg-233_cleaned/Bee hoon, soto/NH6MC2Y1KT8LTDG3KLOD8AB4.jpg","Bee hoon, soto",all,exact_duplicate,0bb821e1be56f711eeaff420c8e99cc9
../../foodsg-233_cleaned/Seafood Noodles Soup/5GLM6L7AJEN8D8FPCKEKYM5O.jpg,Seafood Noodles Soup,all,exact_duplicate,0cf836cc7b66cd56be7d2c2414bb9ac4
../../foodsg-233_cleaned/bee hoon/8HWUO8DDOPEIXWFYNCQ2HSG6.jpg,bee hoon,all,exact_duplicate,0cf836cc7b66cd56be7d2c2414bb9ac4
../../foodsg-233_cleaned/Mee soto/8DFUXTVIECTTAUI89KW2T4BF.jpg,Mee soto,all,exact_duplicate,0e415c5ef201856bf5fc7fe143adea4c
"../../foodsg-233_cleaned/Bee hoon, soto/05YRZPIW92Q1UZWECFPX59MO.jpg","Bee hoon, soto",all,exact_duplicate,0e415c5ef201856bf5fc7fe143adea4c
"../../foodsg-233_cleaned/Bee hoon, soto/4QMLPU3REZRUT4J93TFAYL8A.jpg","Bee hoon, soto",all,exact_duplicate,0e958164ac73a46ad56b428958199db7
../../foodsg-233_cleaned/Soto ayam/1METI4K2CEDGBKJLOOF2CWMI.jpg,Soto ayam,all,exact_duplicate,0e958164ac73a46ad56b428958199db7
"../../foodsg-233_cleaned/Bee hoon, soto/9V0HCH3YT0BXFAW0V24BSJ8I.jpg","Bee hoon, soto",all,exact_duplicate,1150455057bd7b9977e725393f1eac93
../../foodsg-233_cleaned/bee hoon/2YWA3ATP66TYMRLHLQB0NN96.jpg,bee hoon,all,exact_duplicate,1150455057bd7b9977e725393f1eac93
"../../foodsg-233_cleaned/Mee siam, fried/XNLTOYMSGPDU51V4Q6824RAE.jpg","Mee siam, fried",all,exact_duplicate,11dd02731ee562a131a7a4b04cfdd433
../../foodsg-233_cleaned/Mee rebus/VI4P8W5S3KYYQA52U503TKBP.jpg,Mee rebus,all,exact_duplicate,11dd02731ee562a131a7a4b04cfdd433
../../foodsg-233_cleaned/xiao long bao/5G1K2GDHQHC8J1MA6S9MEW54.jpg,xiao long bao,all,exact_duplicate,12129eceb964f45e4d691561642231b3
../../foodsg-233_cleaned/char siew pau/K1I7XUMKYHLNDA5PTXG2Z29V.jpg,char siew pau,all,exact_duplicate,12129eceb964f45e4d691561642231b3
"../../foodsg-233_cleaned/Bee hoon, soto/6HNOW36QG1T6Q3LYN86HWXUF.jpg","Bee hoon, soto",all,exact_duplicate,13faeb5885a2f77f5aaa4644b4d5d765
../../foodsg-233_cleaned/Soto ayam/YVX6B8XC9R4WRMQZI8MQTN79.jpg,Soto ayam,all,exact_duplicate,13faeb5885a2f77f5aaa4644b4d5d765
"../../foodsg-233_cleaned/Bee hoon, soto/GVCTQU5RIMVU3NLZM58NBJLZ.jpg","Bee hoon, soto",all,exact_duplicate,1872a0294b9286fc563f9591a03212b3
../../foodsg-233_cleaned/bee hoon/E142R8LH09SYAF5WJW6VXSRN.jpg,bee hoon,all,exact_duplicate,1872a0294b9286fc563f9591a03212b3
../../foodsg-233_cleaned/Mee siam/NIQCQMSI5S9NZ2MYHCVXPT24.jpg,Mee siam,all,exact_duplicate,1e512a75f0f1dd698daffa9f5af634e1
"../../foodsg-233_cleaned/Bee hoon, goreng/BSYJ6JX4KYOO0ZVIO3SHBO1Z.jpg","Bee hoon, goreng",all,exact_duplicate,1e512a75f0f1dd698daffa9f5af634e1
../../foodsg-233_cleaned/Soto ayam/22JWUE1ROIGSLK9AZELKLX8C.jpg,Soto ayam,all,exact_duplicate,24ef24c965a6d382692c7510f024685c
"../../foodsg-233_cleaned/Bee hoon, soto/KDRRNQ7Q86YQB7UR5PBP0MK7.jpg","Bee hoon, soto",all,exact_duplicate,24ef24c965a6d382692c7510f024685c
"../../foodsg-233_cleaned/Mee siam, fried/AJOYJT04HZAJR5HRXR8FMU1T.jpg","Mee siam, fried",all,exact_duplicate,27d21d632cb580be18dcb58ed688ba3e
../../foodsg-233_cleaned/Mee siam/RXFDH3XS041MCH72M9HP6DXV.jpg,Mee siam,all,exact_duplicate,27d21d632cb580be18dcb58ed688ba3e
../../foodsg-233_cleaned/Mee kuah/POMRCLMRCGM2BQS6GSNPIAKE.jpg,Mee kuah,all,exact_duplicate,2a50ae9b5c3273274b0b6e65db702b0a
../../foodsg-233_cleaned/Mee siam/VR4BRGYWWWM7LMFRVX204572.jpg,Mee siam,all,exact_duplicate,2a50ae9b5c3273274b0b6e65db702b0a
../../foodsg-233_cleaned/whole wheat/T5CPFPAW9X51EAYEH3WGT231.jpg,whole wheat,all,exact_duplicate,2be9ed6a67bca9749e93aded0585fd15
../../foodsg-233_cleaned/tortilla - plain/R1PQFYLS561EGAWU2O1Z6Z2C.jpg,tortilla - plain,all,exact_duplicate,2be9ed6a67bca9749e93aded0585fd15
../../foodsg-233_cleaned/bee hoon/X3G5H1ZJ7VM2SPH9S3ZSTNFP.jpg,bee hoon,all,exact_duplicate,2ccbfc05fab1da82c08975ec888681eb
../../foodsg-233_cleaned/Seafood Noodles Soup/F725MPLZESR267763SBYUYM2.jpg,Seafood Noodles Soup,all,exact_duplicate,2ccbfc05fab1da82c08975ec888681eb
../../foodsg-233_cleaned/mee pok/QILA5AUKRW10T0FXLIAYY1RR.jpg,mee pok,all,exact_duplicate,2eea72fa56c357aa58dfd2949b414cae
../../foodsg-233_cleaned/Fish Ball Noodles/AFLLZGVXGSU5M79MZEC9AD5F.jpg,Fish Ball Noodles,all,exact_duplicate,2eea72fa56c357aa58dfd2949b414cae
../../foodsg-233_cleaned/Mee rebus/B193G6OPH71CLP6UJYEF3YUO.jpg,Mee rebus,all,exact_duplicate,320d3352799efc98d6b5932893ada96f
../../foodsg-233_cleaned/Mee siam/F10W65NX77WP848ELKE59OO0.jpg,Mee siam,all,exact_duplicate,320d3352799efc98d6b5932893ada96f
"../../foodsg-233_cleaned/Mee siam, fried/LVVB59XWHNIZDWLMZGGRD76E.jpg","Mee siam, fried",all,exact_duplicate,347b3f56399be011ab0bf5a1013cf798
"../../foodsg-233_cleaned/Bee hoon, goreng/7N6T74SH1KQ6OA5VE01YGUIF.jpg","Bee hoon, goreng",all,exact_duplicate,347b3f56399be011ab0bf5a1013cf798
../../foodsg-233_cleaned/Pomelo/2MIC3IQ6S03FT07VKRL8N5DA.jpg,Pomelo,all,exact_duplicate,38e4c455faad9ee669640335c5350211
../../foodsg-233_cleaned/Grape/ETDMI0G4HFO28QGRUEPLVBMU.jpg,Grape,all,exact_duplicate,38e4c455faad9ee669640335c5350211
../../foodsg-233_cleaned/strawberry/9DY5G0JZYXVPAM4E9UFXESHW.jpg,strawberry,all,exact_duplicate,3d0d5b9c3d203c8261807ae9997298e1
../../foodsg-233_cleaned/Apple/QM5U53N1N1IYYIJ7BGYBQ86Z.jpg,Apple,all,exact_duplicate,3d0d5b9c3d203c8261807ae9997298e1
../../foodsg-233_cleaned/blueberries/5ZWQ1CVLIUY4R1AD2MQVV7R4.jpg,blueberries,all,exact_duplicate,3d0d5b9c3d203c8261807ae9997298e1
../../foodsg-233_cleaned/satay bee hoon/CWL5I07GMWGAEPRRVSHVXECY.jpg,satay bee hoon,all,exact_duplicate,4051e44aabcc241a40e73a3069040a89
../../foodsg-233_cleaned/Laksa/H7UQDRH6JBB3EVQQEKP5EH2Q.jpg,Laksa,all,exact_duplicate,4051e44aabcc241a40e73a3069040a89
../../foodsg-233_cleaned/Soto ayam/WV4LS9RS165MKSY733OEVPKA.jpg,Soto ayam,all,exact_duplicate,43505fd08abedb68663793d1ba08c311
"../../foodsg-233_cleaned/Bee hoon, soto/TXX0Z7TAETFA937IT8RP2Y3V.jpg","Bee hoon, soto",all,exact_duplicate,43505fd08abedb68663793d1ba08c311
../../foodsg-233_cleaned/Mee kuah/RJL8R39ML00RZW4EGU30YB5I.jpg,Mee kuah,all,exact_duplicate,45734835e295f1cf58d6fae23c806dcd
../../foodsg-233_cleaned/Mee bandung/QYWJR0NQGJSCSL6NASLVGX2B.jpg,Mee bandung,all,exact_duplicate,45734835e295f1cf58d6fae23c806dcd
../../foodsg-233_cleaned/dumpling/S6Q51FI7767V9PVKL5ABI6CL.jpg,dumpling,all,exact_duplicate,4d245c7f6a33ca79ca2376b4033296b3
../../foodsg-233_cleaned/mixed vegetables/60WTS7HDSHIJF0KKZ2E74XYD.jpg,mixed vegetables,all,exact_duplicate,4d245c7f6a33ca79ca2376b4033296b3
../../foodsg-233_cleaned/Mee soto/3ZJH8VC9D4D0LQDRY5XLLICG.jpg,Mee soto,all,exact_duplicate,4de49f78f4ded5828869f65bf0ed737a
../../foodsg-233_cleaned/Seafood Noodles Soup/TLI2QH1OZUGK0U0VKARJTLVS.jpg,Seafood Noodles Soup,all,exact_duplicate,4de49f78f4ded5828869f65bf0ed737a
"../../foodsg-233_cleaned/Mee siam, fried/A1KCTZ2H6WX0S339SE0MOSPY.jpg","Mee siam, fried",all,exact_duplicate,4fb9ae5bb500111d49f5651adc0c05a7
"../../foodsg-233_cleaned/Bee hoon, goreng/OYDRSDSAUWAUDBOQ5O67DB7G.jpg","Bee hoon, goreng",all,exact_duplicate,4fb9ae5bb500111d49f5651adc0c05a7
../../foodsg-233_cleaned/Seafood Noodles Soup/WLEXBEVYE9PR2NB1L5MJGMF4.jpg,Seafood Noodles Soup,all,exact_duplicate,514490e1fa9f0b3efc83276d85a9e66a
../../foodsg-233_cleaned/Mee soto/HJQDBDZ4BYHEB37JXXQV0G1X.jpg,Mee soto,all,exact_duplicate,514490e1fa9f0b3efc83276d85a9e66a
../../foodsg-233_cleaned/Mee soto/RC2ZBQZKRHF6VJ72G7MKISG2.jpg,Mee soto,all,exact_duplicate,53bac9ef3c7ae1c9cf260b5232fb2834
"../../foodsg-233_cleaned/Bee hoon, soto/NMSLIN1K7BSVN5IMUGLTCOJF.jpg","Bee hoon, soto",all,exact_duplicate,53bac9ef3c7ae1c9cf260b5232fb2834
"../../foodsg-233_cleaned/Bee hoon, soto/VK1U4TR43ODPCYQVG3SQCCGU.jpg","Bee hoon, soto",all,exact_duplicate,563a68c9d596311c31e223dbaf4f48ad
../../foodsg-233_cleaned/bee hoon/N676VFDYCSON2TGVKMS4Y077.jpg,bee hoon,all,exact_duplicate,563a68c9d596311c31e223dbaf4f48ad
../../foodsg-233_cleaned/Seafood Noodles Soup/CVGV6P7KURZPPYYR19FNBDAI.jpg,Seafood Noodles Soup,all,exact_duplicate,563a68c9d596311c31e223dbaf4f48ad
../../foodsg-233_cleaned/Seafood Noodles Soup/2XIF8KUD50ECMXZ8B1VBWIZW.jpg,Seafood Noodles Soup,all,exact_duplicate,5908ab8af2db74545b943f9ac01bd6e2
../../foodsg-233_cleaned/Ban Mian/1ZM7SHV3KSGA875VVXNUHON4.jpg,Ban Mian,all,exact_duplicate,5908ab8af2db74545b943f9ac01bd6e2
"../../foodsg-233_cleaned/Mee siam, fried/IW0IDL7MEDMCH59D6F6TMGZ8.jpg","Mee siam, fried",all,exact_duplicate,5b01b49d07d151ba1581e674e3bc4145
../../foodsg-233_cleaned/bee hoon/WYY562X82O0DBOB6BK189SUC.jpg,bee hoon,all,exact_duplicate,5b01b49d07d151ba1581e674e3bc4145
"../../foodsg-233_cleaned/Mee siam, fried/6RZB0RQ1EYAEVE4S5OK8UQ76.jpg","Mee siam, fried",all,exact_duplicate,6037523ea8f6ac5b8b5530cc8b8d62aa
../../foodsg-233_cleaned/Fried Noodles/BW6KS5LX56ZEJOXIF7DIQ1BA.jpg,Fried Noodles,all,exact_duplicate,6037523ea8f6ac5b8b5530cc8b8d62aa
"../../foodsg-233_cleaned/Bee hoon, soto/DYDQXH8V6QCYH4373NPYDJKC.jpg","Bee hoon, soto",all,exact_duplicate,608596bb2a7ddd114fdae52b20d79efc
"../../foodsg-233_cleaned/Bee hoon, goreng/GRB8NWVX3OQPB1NTCSAE2KTZ.jpg","Bee hoon, goreng",all,exact_duplicate,608596bb2a7ddd114fdae52b20d79efc
"../../foodsg-233_cleaned/Mee siam, fried/MSOQPZ6AO71XZ395V8PBWG22.jpg","Mee siam, fried",all,exact_duplicate,625b104090f14e993ea8a7f08b1415c2
../../foodsg-233_cleaned/Mee siam/CCKRR5TYH8YHN7GQ6LHB2VEQ.jpg,Mee siam,all,exact_duplicate,625b104090f14e993ea8a7f08b1415c2
../../foodsg-233_cleaned/Ban Mian/W0EESHV8DPBAK8P4PXIJESVV.jpg,Ban Mian,all,exact_duplicate,63c33b52066d6a6a370fd37b1721d648
../../foodsg-233_cleaned/Seafood Noodles Soup/2Y2TIMW26QH7N1HP3S6767UN.jpg,Seafood Noodles Soup,all,exact_duplicate,63c33b52066d6a6a370fd37b1721d648
"../../foodsg-233_cleaned/Bee hoon, soto/FG3GUF0X2KDT09KW8RBY6U37.jpg","Bee hoon, soto",all,exact_duplicate,63c33b52066d6a6a370fd37b1721d648
../../foodsg-233_cleaned/Lontong with sayur lodeh/35ZZ4D5IIP9T5FARW5S6KXJ3.jpg,Lontong with sayur lodeh,all,exact_duplicate,67c9fc6a3ad0173240f27ec051fe09a7
../../foodsg-233_cleaned/Mee siam/LWDBIP8PKRDC9IWPJNWNQUUM.jpg,Mee siam,all,exact_duplicate,67c9fc6a3ad0173240f27ec051fe09a7
"../../foodsg-233_cleaned/Bee hoon, soto/7ASVUDMJHG2DB1TB8L4IYDDU.jpg","Bee hoon, soto",all,exact_duplicate,6ce4e5b82bc87a9fb6429d30731877ae
../../foodsg-233_cleaned/Mee soto/O0S6OI2JR280RMNIZ4FQEQ6C.jpg,Mee soto,all,exact_duplicate,6ce4e5b82bc87a9fb6429d30731877ae
../../foodsg-233_cleaned/Ban Mian/NZDTDCGZ8Z6K5CAGCMSSP9KF.jpg,Ban Mian,all,exact_duplicate,6da3914d232f23cd06874a554e014481
../../foodsg-233_cleaned/Seafood Noodles Soup/DC43BM1A22TTTM6MLM6PM2J4.jpg,Seafood Noodles Soup,all,exact_duplicate,6da3914d232f23cd06874a554e014481
"../../foodsg-233_cleaned/Bee hoon, soto/J6UH93EU96IP92M10N7O6N7M.jpg","Bee hoon, soto",all,exact_duplicate,6dd327be962adaf446095742c5cdbc9c
"../../foodsg-233_cleaned/Bee hoon, goreng/VNVIL7U2GE6DZUH4ZFPMQJ8K.jpg","Bee hoon, goreng",all,exact_duplicate,6dd327be962adaf446095742c5cdbc9c
"../../foodsg-233_cleaned/Mee siam, fried/WISWRQ95CXVBJLFURU74U4NS.jpg","Mee siam, fried",all,exact_duplicate,6e268082093b0a288b913035942ca9d1
../../foodsg-233_cleaned/Mee siam/VVV5K9DV9DSNBDSIPZQ1W2AP.jpg,Mee siam,all,exact_duplicate,6e268082093b0a288b913035942ca9d1
../../foodsg-233_cleaned/chicken soup/YHUPUOF319OZVQN9VVRMOECY.jpg,chicken soup,all,exact_duplicate,70d1cc63f45a7c1ce21ba44048f713bc
../../foodsg-233_cleaned/dumpling/SX2JU5SJBGP862MPOJGPRXYJ.jpg,dumpling,all,exact_duplicate,70d1cc63f45a7c1ce21ba44048f713bc
../../foodsg-233_cleaned/bee hoon/6M7IWRYIHZH55TGC1Z4BV071.jpg,bee hoon,all,exact_duplicate,7680b095ff45834913ca7d5ef1cfb730
../../foodsg-233_cleaned/Seafood Noodles Soup/RG7LQCDTZX7GG5CK1WDMIW1E.jpg,Seafood Noodles Soup,all,exact_duplicate,7680b095ff45834913ca7d5ef1cfb730
"../../foodsg-233_cleaned/Mee siam, fried/778NU9FPVHJ4HE4CJ8R5PD10.jpg","Mee siam, fried",all,exact_duplicate,777fbbc613cb8808bcfa280ab97cf5db
"../../foodsg-233_cleaned/Bee hoon, goreng/F3GJA9MX9N68TDJG1S9O0YR0.jpg","Bee hoon, goreng",all,exact_duplicate,777fbbc613cb8808bcfa280ab97cf5db
../../foodsg-233_cleaned/satay bee hoon/YFI2XUH048F2R5R2AP05E182.jpg,satay bee hoon,all,exact_duplicate,77e9a6e090e413e7afdf08e9a60fe6ed
../../foodsg-233_cleaned/bee hoon/96MBWIZK0Q3U17R18CY0T8RE.jpg,bee hoon,all,exact_duplicate,77e9a6e090e413e7afdf08e9a60fe6ed
../../foodsg-233_cleaned/Seafood Noodles Soup/W7MXOEG34EN9CHOZ9UL5KLWH.jpg,Seafood Noodles Soup,all,exact_duplicate,7a08e5d333ea1e37192e040427dda969
../../foodsg-233_cleaned/Porridge/RU0ZPW08L7G37KTE476ICDVZ.jpg,Porridge,all,exact_duplicate,7a08e5d333ea1e37192e040427dda969
../../foodsg-233_cleaned/Mee siam/ZIS1CZWMAA4C2MGXV4MVFZUF.jpg,Mee siam,all,exact_duplicate,8063410f234aab333e9245e58b5ccf6b
"../../foodsg-233_cleaned/Mee siam, fried/752P60GDHWMIAAF7CDB4PA0J.jpg","Mee siam, fried",all,exact_duplicate,8063410f234aab333e9245e58b5ccf6b
../../foodsg-233_cleaned/Mee siam/LI9L16AJE8NRMVX2FYETTFS1.jpg,Mee siam,all,exact_duplicate,818eeff25622ebe24d9d98a85f5a1f03
"../../foodsg-233_cleaned/Mee siam, fried/YGMQ7HPFOEGYZ6Z15GYTDOJ0.jpg","Mee siam, fried",all,exact_duplicate,818eeff25622ebe24d9d98a85f5a1f03
../../foodsg-233_cleaned/mushroom soup/X4IMV0BUICHO78UM5YU9IEF0.jpg,mushroom soup,all,exact_duplicate,8258e0d67d6e57ad9c81119ce9706ade
../../foodsg-233_cleaned/cream soup/8547O3TZUP7OEAAWAAEVNWWJ.jpg,cream soup,all,exact_duplicate,8258e0d67d6e57ad9c81119ce9706ade
"../../foodsg-233_cleaned/Bee hoon, soto/F0C3GV5Q1VCETRTINRZKGAUB.jpg","Bee hoon, soto",all,exact_duplicate,82b69fb70188786a8b349ecf7c9f08a5
../../foodsg-233_cleaned/bee hoon/EQ52NEZS7D437NMIDC07826N.jpg,bee hoon,all,exact_duplicate,82b69fb70188786a8b349ecf7c9f08a5
../../foodsg-233_cleaned/bee hoon/HXUBRJ7CXSB2N53JEG57U6PJ.jpg,bee hoon,all,exact_duplicate,835683ce6b81ac07e6b2f2ea9ec87bf0
"../../foodsg-233_cleaned/Bee hoon, soto/4QGMAA46T2RXQDNJW7GK58UW.jpg","Bee hoon, soto",all,exact_duplicate,835683ce6b81ac07e6b2f2ea9ec87bf0
"../../foodsg-233_cleaned/Mee siam, fried/99JAAMUW9QZ7OTKIW1TQTGL5.jpg","Mee siam, fried",all,exact_duplicate,85345dd332cb51f3491336442e3a9959
../../foodsg-233_cleaned/Mee rebus/5QAM2C5O7Y8W5MQ5KTI88LCH.jpg,Mee rebus,all,exact_duplicate,85345dd332cb51f3491336442e3a9959
../../foodsg-233_cleaned/Soto ayam/TEG7SGBM1SRESF2NVGAP5HTF.jpg,Soto ayam,all,exact_duplicate,8745003d0209a67eb0a09652f0fa3e8f
"../../foodsg-233_cleaned/Bee hoon, soto/5O2N25SESBA6UXAY5Q17K4E5.jpg","Bee hoon, soto",all,exact_duplicate,8745003d0209a67eb0a09652f0fa3e8f
../../foodsg-233_cleaned/Mee soto/ZHYP3PGJTT3GLWC0S7F0PINJ.jpg,Mee soto,all,exact_duplicate,8745003d0209a67eb0a09652f0fa3e8f
../../foodsg-233_cleaned/Mee soto/01LC3YBJOR5RPU29H1NB0TGT.jpg,Mee soto,all,exact_duplicate,87c887f5ecd9cc426a3f0f0f977d8d5f
../../foodsg-233_cleaned/Mee bandung/D9TRR199LQIHBLHGIGO293D8.jpg,Mee bandung,all,exact_duplicate,87c887f5ecd9cc426a3f0f0f977d8d5f
../../foodsg-233_cleaned/Mee siam/K6DM7D7RAFVPEDHH5D9Y2IRD.jpg,Mee siam,all,exact_duplicate,8c1df032284eb7c12bece927500b85df
../../foodsg-233_cleaned/Mee kuah/6QWB7TJVZT5UFVY21M67W52S.jpg,Mee kuah,all,exact_duplicate,8c1df032284eb7c12bece927500b85df
"../../foodsg-233_cleaned/Bee hoon, soto/BWGM7M8F22MV821XZGJXTTQT.jpg","Bee hoon, soto",all,exact_duplicate,8cf7a761ac00ad16755f7f1a243d8eca
../../foodsg-233_cleaned/Mee soto/H26SIQ27H05QZTPDPOF74IHV.jpg,Mee soto,all,exact_duplicate,8cf7a761ac00ad16755f7f1a243d8eca
"../../foodsg-233_cleaned/Pilaf, pea/LGDOTUGLPJ1X7K4W56R74S32.jpg","Pilaf, pea",all,exact_duplicate,8ec0aa62e0524c5495361661074bc0c1
"../../foodsg-233_cleaned/Rice, korean bulgogi beef/NCKDJ94L0S71RI3VLJ475KQ5.jpg","Rice, korean bulgogi beef",all,exact_duplicate,8ec0aa62e0524c5495361661074bc0c1
"../../foodsg-233_cleaned/Bee hoon, goreng/ZS01DIDOCKF9PXE338BUCB9A.jpg","Bee hoon, goreng",all,exact_duplicate,8f577027d172d80f955a0f7dacd78f85
"../../foodsg-233_cleaned/Mee siam, fried/JG48OORW5Q914BVLFY7EC5YO.jpg","Mee siam, fried",all,exact_duplicate,8f577027d172d80f955a0f7dacd78f85
../../foodsg-233_cleaned/Mee kuah/3RI9PSZXD3GXSWBM60XDDPRN.jpg,Mee kuah,all,exact_duplicate,92e693154f4e536aa0a3de3980838a3e
../../foodsg-233_cleaned/Mee rebus/IZVKLWTYZGWI22CNFQ4CXM3I.jpg,Mee rebus,all,exact_duplicate,92e693154f4e536aa0a3de3980838a3e
../../foodsg-233_cleaned/cream soup/UBJDZZ149XRMTZIOJ9MJVERY.jpg,cream soup,all,exact_duplicate,9362558c396970e448e6a20000bb1ae4
../../foodsg-233_cleaned/chicken soup/VOUW1S1H57BQH3WALJISKP9J.jpg,chicken soup,all,exact_duplicate,9362558c396970e448e6a20000bb1ae4
"../../foodsg-233_cleaned/Mee siam, fried/SBXCUF8OMANL1B3TVSKWE4PK.jpg","Mee siam, fried",all,exact_duplicate,98532306864f414efb19329e3eba31ac
"../../foodsg-233_cleaned/Chap chye, Nonya/YYE4KS2LCKTPK0O0PZ0878QS.jpg","Chap chye, Nonya",all,exact_duplicate,98532306864f414efb19329e3eba31ac
../../foodsg-233_cleaned/Mee siam/US6IJAESZEQ2UESKBT5YQI0X.jpg,Mee siam,all,exact_duplicate,98532306864f414efb19329e3eba31ac
../../foodsg-233_cleaned/cream soup/5CCYGCQ14COR2CUE8PIEX0KY.jpg,cream soup,all,exact_duplicate,9b14ffd32640693490940426153c225d
../../foodsg-233_cleaned/mushroom soup/U50RR71WIMV8E38R79MRYP83.jpg,mushroom soup,all,exact_duplicate,9b14ffd32640693490940426153c225d
"../../foodsg-233_cleaned/Bee hoon, soto/JA8UYBCS39BBLNREERDQ8WGQ.jpg","Bee hoon, soto",all,exact_duplicate,9cd78b7813172115cbb076611dcaf676
../../foodsg-233_cleaned/bee hoon/4MFUUIELH73MX9AS54MHYMA6.jpg,bee hoon,all,exact_duplicate,9cd78b7813172115cbb076611dcaf676
../../foodsg-233_cleaned/sliced fish soup/B4VKOYLW45IVOGB1Y7V9IBTS.jpg,sliced fish soup,all,exact_duplicate,9e7ef0a019328537ecad5b1eba2a18e4
../../foodsg-233_cleaned/cream soup/EIU8TCPYE3QEKP5K7OWD57KV.jpg,cream soup,all,exact_duplicate,9e7ef0a019328537ecad5b1eba2a18e4
../../foodsg-233_cleaned/mushroom soup/ED14LNAB5W2C3HBENQ7079GC.jpg,mushroom soup,all,exact_duplicate,9e7ef0a019328537ecad5b1eba2a18e4
../../foodsg-233_cleaned/Mee bandung/X86UJBV0YF81CLD66G4GKFID.jpg,Mee bandung,all,exact_duplicate,9f1efa6cda71bb7c4ba51832e5469e2a
../../foodsg-233_cleaned/Mee soto/PPAOO6IDZ90AI0HMTWAVLKYN.jpg,Mee soto,all,exact_duplicate,9f1efa6cda71bb7c4ba51832e5469e2a
"../../foodsg-233_cleaned/Bee hoon, soto/HLDJLBO9EHVUDMQ1AH70DESW.jpg","Bee hoon, soto",all,exact_duplicate,9fbc66ca214700dc2026742bc64e3998
../../foodsg-233_cleaned/Mee soto/JZMOD556UT9GZ95PI6MA41W1.jpg,Mee soto,all,exact_duplicate,9fbc66ca214700dc2026742bc64e3998
"../../foodsg-233_cleaned/Bee hoon, goreng/T0UQ971OSJ6D6TQ1FKPK5SSR.jpg","Bee hoon, goreng",all,exact_duplicate,a2e1463e2bc20a0c6fb5ace587d3f5fa
"../../foodsg-233_cleaned/Bee hoon, soto/U0N0XT9D8AGSTRPTLBETH5YQ.jpg","Bee hoon, soto",all,exact_duplicate,a2e1463e2bc20a0c6fb5ace587d3f5fa
"../../foodsg-233_cleaned/Bee hoon, goreng/H52EHYYFTRO65T698W658G0Z.jpg","Bee hoon, goreng",all,exact_duplicate,a56393f3676f9ec720970a49f2cb6ad3
../../foodsg-233_cleaned/bee hoon/652CFI7OHPCQWEQ9QDAO6F04.jpg,bee hoon,all,exact_duplicate,a56393f3676f9ec720970a49f2cb6ad3
../../foodsg-233_cleaned/Mee soto/EJ62W24VBEB73NL2Q6DWSKDE.jpg,Mee soto,all,exact_duplicate,a6133b2993af77182fd5cd7dd4f42d6a
"../../foodsg-233_cleaned/Bee hoon, soto/YF4CUIT1YVRC5N3UV2LCP2TF.jpg","Bee hoon, soto",all,exact_duplicate,a6133b2993af77182fd5cd7dd4f42d6a
"../../foodsg-233_cleaned/Mee siam, fried/TS053R0XK89788HSBLMC97Z6.jpg","Mee siam, fried",all,exact_duplicate,a854faeb1cac28f5aef81fca4da9cfb3
../../foodsg-233_cleaned/Mee goreng/YB0X3BSTYNHK5SCOHIIBJKTC.jpg,Mee goreng,all,exact_duplicate,a854faeb1cac28f5aef81fca4da9cfb3
../../foodsg-233_cleaned/Fried Noodles/N23WLE3PJJUEMODV2TSAFZIS.jpg,Fried Noodles,all,exact_duplicate,a9e1ffe8379b7311ba753c7baf179bde
../../foodsg-233_cleaned/bee hoon/494XEZTKEX1LR7KOF7NUR3SN.jpg,bee hoon,all,exact_duplicate,a9e1ffe8379b7311ba753c7baf179bde
../../foodsg-233_cleaned/Mee soto/EWMWRKNGTYYKPP91FEZGN66K.jpg,Mee soto,all,exact_duplicate,aa0f7e852d8844e5abfc0d1360b56fab
../../foodsg-233_cleaned/Soto ayam/BZO67SSC7IQQ3I30ZAJ4IODP.jpg,Soto ayam,all,exact_duplicate,aa0f7e852d8844e5abfc0d1360b56fab
../../foodsg-233_cleaned/Mee soto/R12XG99W7M5CIPORGJL39UT0.jpg,Mee soto,all,exact_duplicate,aa42943b6177cb64bd49881606a7b636
../../foodsg-233_cleaned/Mee bandung/XKTQ8EXS7I1XD37WR1UDLQD0.jpg,Mee bandung,all,exact_duplicate,aa42943b6177cb64bd49881606a7b636
../../foodsg-233_cleaned/strawberry/INYTES9KTMEYVPNJ8POX9NJC.jpg,strawberry,all,exact_duplicate,acf5cdd4197023308c970e7f9a18eaec
../../foodsg-233_cleaned/Apple/8P58W7K4WKOOECN4ZGXYF48V.jpg,Apple,all,exact_duplicate,acf5cdd4197023308c970e7f9a18eaec
../../foodsg-233_cleaned/honeydew/9I2QXB38M2LML2UHI0MFE59R.jpg,honeydew,all,exact_duplicate,acf5cdd4197023308c970e7f9a18eaec
../../foodsg-233_cleaned/Seafood Noodles Soup/OTGD55D3JDO7SHQY8D8B4BH5.jpg,Seafood Noodles Soup,all,exact_duplicate,aff9c65315397291d71647d58864fce3
../../foodsg-233_cleaned/bee hoon/ENL3B4FYYYO37HJFAQK4G0WA.jpg,bee hoon,all,exact_duplicate,aff9c65315397291d71647d58864fce3
../../foodsg-233_cleaned/bee hoon/X2H36QYACQJVED00V7K7N1GV.jpg,bee hoon,all,exact_duplicate,b3ce577d2566c62905c3edd0cd5254e3
"../../foodsg-233_cleaned/Bee hoon, soto/3RV10HJGW70X0LSGWOM9TR5I.jpg","Bee hoon, soto",all,exact_duplicate,b3ce577d2566c62905c3edd0cd5254e3
../../foodsg-233_cleaned/Seafood Noodles Soup/MPV6D0OF6ON71KA798ARUXHI.jpg,Seafood Noodles Soup,all,exact_duplicate,b7613f43cbc59ce520a5dcf81a3ad7db
../../foodsg-233_cleaned/bee hoon/9BYS92OEG49XA8Z0LZSHU57R.jpg,bee hoon,all,exact_duplicate,b7613f43cbc59ce520a5dcf81a3ad7db
../../foodsg-233_cleaned/Mee rebus/RS1YJIXHV8M7PV058VL1R4XT.jpg,Mee rebus,all,exact_duplicate,ba0f335a04a1c1069522a3b8b0c89047
"../../foodsg-233_cleaned/Bee hoon, soto/H52ZEOGP2UJN2CPR9U1DU5GX.jpg","Bee hoon, soto",all,exact_duplicate,ba0f335a04a1c1069522a3b8b0c89047
../../foodsg-233_cleaned/Seafood Noodles Soup/Z6GZWK4Z28WOD2MD1DKR9YPO.jpg,Seafood Noodles Soup,all,exact_duplicate,ba7dac68443216d92f56121f0044af3f
../../foodsg-233_cleaned/bee hoon/XEUM2EGDVI4HHI18D38G97P8.jpg,bee hoon,all,exact_duplicate,ba7dac68443216d92f56121f0044af3f
"../../foodsg-233_cleaned/Bee hoon, goreng/2CQD45FD3L96ND6NHEXIEWFL.jpg","Bee hoon, goreng",all,exact_duplicate,baa12ddc71ff3f3ea922597bde7b908e
"../../foodsg-233_cleaned/Bee hoon, soto/UNTYSNYKCZBCKCCM06OY5WZX.jpg","Bee hoon, soto",all,exact_duplicate,baa12ddc71ff3f3ea922597bde7b908e
../../foodsg-233_cleaned/Soto ayam/7BKEO82DCFDONLT305RKMA1W.jpg,Soto ayam,all,exact_duplicate,bc3513ce5d5258226acfd7eb6dbe0349
../../foodsg-233_cleaned/Mee soto/D6137PBL8AEYPT2H2R1K05AQ.jpg,Mee soto,all,exact_duplicate,bc3513ce5d5258226acfd7eb6dbe0349
../../foodsg-233_cleaned/Mee soto/WIVWSNATM06NP9O5INONJT3P.jpg,Mee soto,all,exact_duplicate,bd9ee13e1a42c34ef8ac461af562eac7
../../foodsg-233_cleaned/Mee bandung/SATZBKESM9NXFF4FPJ5SMFIG.jpg,Mee bandung,all,exact_duplicate,bd9ee13e1a42c34ef8ac461af562eac7
../../foodsg-233_cleaned/Porridge/0YES977AOOV403K2507TTYYP.jpg,Porridge,all,exact_duplicate,bf93b273685e9d1e466424fbfd9574c2
../../foodsg-233_cleaned/Ban Mian/XOGWJHFFRP00E1G8P50NSWR1.jpg,Ban Mian,all,exact_duplicate,bf93b273685e9d1e466424fbfd9574c2
"../../foodsg-233_cleaned/Bee hoon, goreng/YGBDFXVALT42MCNYWJAME8GV.jpg","Bee hoon, goreng",all,exact_duplicate,c35019e516441df86086c480e0c2f0cf
"../../foodsg-233_cleaned/Bee hoon, soto/QBXEDH7OQULHDWNCCZGO1R21.jpg","Bee hoon, soto",all,exact_duplicate,c35019e516441df86086c480e0c2f0cf
"../../foodsg-233_cleaned/Mee siam, fried/LAK9901PBIJL8VRLLD5Q5JV1.jpg","Mee siam, fried",all,exact_duplicate,c46561c0ab3886c757e339973ef7cc38
../../foodsg-233_cleaned/Fried Noodles/59GSJZQ0EYHE3YZCAFVCVGNH.jpg,Fried Noodles,all,exact_duplicate,c46561c0ab3886c757e339973ef7cc38
../../foodsg-233_cleaned/Mee bandung/BZ9LXN0UW38Y95XH59C933HV.jpg,Mee bandung,all,exact_duplicate,c894390a894858273fdbe96c01ec5926
../../foodsg-233_cleaned/Mee soto/1DREQYTGZMJEQ1JXFM8QR1S1.jpg,Mee soto,all,exact_duplicate,c894390a894858273fdbe96c01ec5926
../../foodsg-233_cleaned/Mee soto/KW3HDGG7QSB4B5ULS6504RFJ.jpg,Mee soto,all,exact_duplicate,cb6e40dc54abab9a6b85422390c857f1
"../../foodsg-233_cleaned/Bee hoon, soto/O59Z2WFWNOAMNDDHRF9GULQC.jpg","Bee hoon, soto",all,exact_duplicate,cb6e40dc54abab9a6b85422390c857f1
../../foodsg-233_cleaned/Mee bandung/1VZUSLJBOBDFHEEE5MLB89FV.jpg,Mee bandung,all,exact_duplicate,cd813e2c21f580205ab8b729ad2e0e16
../../foodsg-233_cleaned/Mee kuah/R9GBXQ1UDIOASGHMSVZCWN0F.jpg,Mee kuah,all,exact_duplicate,cd813e2c21f580205ab8b729ad2e0e16
"../../foodsg-233_cleaned/Mee siam, fried/2MPBPPVSEVQ3DLRULBFP9OJO.jpg","Mee siam, fried",all,exact_duplicate,cdc7a3c09a1b648cf34d418568543b25
"../../foodsg-233_cleaned/Bee hoon, goreng/ZGBD8MNU14T2FKXJGTXQGELN.jpg","Bee hoon, goreng",all,exact_duplicate,cdc7a3c09a1b648cf34d418568543b25
"../../foodsg-233_cleaned/Bee hoon, soto/SH5J42Y8BLTF2FNBA7WADAE8.jpg","Bee hoon, soto",all,exact_duplicate,d26d394613a770051dc1308ff705fa26
../../foodsg-233_cleaned/Seafood Noodles Soup/1BZVYUDE4BKZ57ZS6S8Q8O8N.jpg,Seafood Noodles Soup,all,exact_duplicate,d26d394613a770051dc1308ff705fa26
../../foodsg-233_cleaned/Soto ayam/KJYORM5XHF44UB78LVYRSTME.jpg,Soto ayam,all,exact_duplicate,d304767ad63985acfeaac4daab2da2af
../../foodsg-233_cleaned/Mee soto/DWCFFPJ4XCXPCZDJWEFDBAT1.jpg,Mee soto,all,exact_duplicate,d304767ad63985acfeaac4daab2da2af
"../../foodsg-233_cleaned/Mee siam, fried/P2DRMVCQ277N4NFN67DDEEPY.jpg","Mee siam, fried",all,exact_duplicate,d8adee833349dccda0e2a1b6c1415f4e
"../../foodsg-233_cleaned/Bee hoon, goreng/TCSTOE5VN2XTJI8SVQSH1BEW.jpg","Bee hoon, goreng",all,exact_duplicate,d8adee833349dccda0e2a1b6c1415f4e
../../foodsg-233_cleaned/strawberry/DWKJ5BIVBGGGYZQAPBV849AS.jpg,strawberry,all,exact_duplicate,d965f6cc4bdec9d783ff0822535c48a8
../../foodsg-233_cleaned/Grape/58A8S2OMD1JERTH4TZOE9836.jpg,Grape,all,exact_duplicate,d965f6cc4bdec9d783ff0822535c48a8
../../foodsg-233_cleaned/pineapple/WDIO50UY5MN4G3EF1HOWUG72.jpg,pineapple,all,exact_duplicate,d965f6cc4bdec9d783ff0822535c48a8
../../foodsg-233_cleaned/xiao long bao/4TN26T6YQ5DWC4R0V7GIW0LE.jpg,xiao long bao,all,exact_duplicate,d9e7c0df6ebe2e1c87d06e2a68e510ed
../../foodsg-233_cleaned/char siew pau/XWFVFIDEV8DW0IA8U7XO8O62.jpg,char siew pau,all,exact_duplicate,d9e7c0df6ebe2e1c87d06e2a68e510ed
../../foodsg-233_cleaned/Mee rebus/AAD0JL47TMD5Y4JF9PF7KA2Z.jpg,Mee rebus,all,exact_duplicate,dc23cb07a8f203eb2a4894d0de83d5da
../../foodsg-233_cleaned/Lontong with sayur lodeh/GIMUD35A5OID8C0AF4QBI67L.jpg,Lontong with sayur lodeh,all,exact_duplicate,dc23cb07a8f203eb2a4894d0de83d5da
../../foodsg-233_cleaned/Mee siam/R6ZGPGOKWC2TXY0P8T3WX6MR.jpg,Mee siam,all,exact_duplicate,e221d0592c07f77f205f7788ed4ef089
../../foodsg-233_cleaned/Mee bandung/MY6MPR4N2ZUTU7P6GNELMB4R.jpg,Mee bandung,all,exact_duplicate,e221d0592c07f77f205f7788ed4ef089
"../../foodsg-233_cleaned/Mee siam, fried/6Q0ZUSPI904SBLIJMKW143XK.jpg","Mee siam, fried",all,exact_duplicate,e2e61d9aab94a7e3e9772c933b19aa5c
"../../foodsg-233_cleaned/Bee hoon, goreng/VY5AZPBJX0DDFMCEKKH77V90.jpg","Bee hoon, goreng",all,exact_duplicate,e2e61d9aab94a7e3e9772c933b19aa5c
"../../foodsg-233_cleaned/Bee hoon, soto/Y8QITCB49G6XQ70CCAGK6ILH.jpg","Bee hoon, soto",all,exact_duplicate,e473ca5ca5e8dc18e7ea11d8f36faed8
../../foodsg-233_cleaned/Mee soto/NR18KXLAGCMBQZQ5EJFBBRVP.jpg,Mee soto,all,exact_duplicate,e473ca5ca5e8dc18e7ea11d8f36faed8
../../foodsg-233_cleaned/Mee siam/M7FUAG5NQODTHDLWED0LRM5Q.jpg,Mee siam,all,exact_duplicate,e93264f315da0b753b1480901b356529
"../../foodsg-233_cleaned/Bee hoon, goreng/N2MUVULGM2U5FMR5C3TIXW2D.jpg","Bee hoon, goreng",all,exact_duplicate,e93264f315da0b753b1480901b356529
"../../foodsg-233_cleaned/Bee hoon, goreng/BGI5OWPV1DL1SRLWMUHH37FF.jpg","Bee hoon, goreng",all,exact_duplicate,ea3ea22384671a98142ef28c4b96083c
../../foodsg-233_cleaned/satay bee hoon/C6X9P6OKLI69NYY8GDFIRRDL.jpg,satay bee hoon,all,exact_duplicate,ea3ea22384671a98142ef28c4b96083c
../../foodsg-233_cleaned/Mee soto/PTILOD8A4YRSVT86UC68APUP.jpg,Mee soto,all,exact_duplicate,ede4f050e5a586d60c93371eac3fdf5d
"../../foodsg-233_cleaned/Bee hoon, soto/G5CJRVY4PU8XRYSGM9TNSLAB.jpg","Bee hoon, soto",all,exact_duplicate,ede4f050e5a586d60c93371eac3fdf5d
../../foodsg-233_cleaned/Mee bandung/XYGK1JZUSXWWUGYTMCFTYZM9.jpg,Mee bandung,all,exact_duplicate,ef1c685e2212a6582aca85c192277c61
../../foodsg-233_cleaned/Mee kuah/3FCWT29YK2AM941MHOQSLAX1.jpg,Mee kuah,all,exact_duplicate,ef1c685e2212a6582aca85c192277c61
"../../foodsg-233_cleaned/Mee siam, fried/JIXPTJF8ITVZFWBJL41M9T8I.jpg","Mee siam, fried",all,exact_duplicate,f256ba901a31810a9508e26cf4951759
../../foodsg-233_cleaned/Hor Fun/EQLKUESA15XD4T7GDXFVTKR5.jpg,Hor Fun,all,exact_duplicate,f256ba901a31810a9508e26cf4951759
../../foodsg-233_cleaned/Mee rebus/EGLKG8RL772TFNO8SUSN9U4L.jpg,Mee rebus,all,exact_duplicate,f3ef693b350b3a6c54afef2475f4bd46
../../foodsg-233_cleaned/Mee bandung/DUV27QL1DXOBL3NZORJ3SK3R.jpg,Mee bandung,all,exact_duplicate,f3ef693b350b3a6c54afef2475f4bd46
../../foodsg-233_cleaned/Porridge/O45OHDC2XOHDRNTUAYBXSS6H.jpg,Porridge,all,exact_duplicate,f466f9ea175f28737f19fef7597d2bf8
../../foodsg-233_cleaned/Seafood Noodles Soup/Y2A1OGUKGDOLKP3U566BFXC3.jpg,Seafood Noodles Soup,all,exact_duplicate,f466f9ea175f28737f19fef7597d2bf8
"../../foodsg-233_cleaned/Mee siam, fried/QFO5JW3KXJFYOUU0W0XR26ML.jpg","Mee siam, fried",all,exact_duplicate,fbbd04905f12f648c089ea16feb6b170
"../../foodsg-233_cleaned/Bee hoon, goreng/6SBLRZ6EYAK52NYT1IRCGDS6.jpg","Bee hoon, goreng",all,exact_duplicate,fbbd04905f12f648c089ea16feb6b170
"../../foodsg-233_cleaned/Bee hoon, soto/CITV946U3PCYIX122632TYI4.jpg","Bee hoon, soto",all,exact_duplicate,fc2228ba2e1f9fc01dd0297bc5bbbbf1
../../foodsg-233_cleaned/Mee soto/ZQ6U67PAOLA2CIJE1C4GZYJD.jpg,Mee soto,all,exact_duplicate,fc2228ba2e1f9fc01dd0297bc5bbbbf1
../../foodsg-233_cleaned/Mee soto/C4V10FZTYM44WRAQGNY8V8GO.jpg,Mee soto,all,exact_duplicate,fe33588ed52dd1a1281c0277faea7118
"../../foodsg-233_cleaned/Bee hoon, soto/G6PRCN61NZMWYOE19XZS9R7U.jpg","Bee hoon, soto",all,exact_duplicate,fe33588ed52dd1a1281c0277faea7118
"../../foodsg-233_cleaned/Bee hoon, soto/DQ80W0VWQL1YXKV33VL8WEUG.jpg","Bee hoon, soto",all,exact_duplicate,fe4a1c01f99a697fce19b505cfbb3f3c
../../foodsg-233_cleaned/Mee soto/H7WUPUBR38NGKY70UHKWR60G.jpg,Mee soto,all,exact_duplicate,fe4a1c01f99a697fce19b505cfbb3f3c
../../foodsg-233_cleaned/fried prawn/YP7VELY1NL1C9GW3DL7YWISA.jpg,fried prawn,all,exact_duplicate,0038131090b92a89ac784e1193989585
"../../foodsg-233_cleaned/Mee siam, fried/2YHRX7HX3DJT5KR90F8KPGLN.jpg","Mee siam, fried",all,exact_duplicate,0038131090b92a89ac784e1193989585
../../foodsg-233_cleaned/drunken prawn/RRUZLAKZHWJRNI9U4HTJPRKJ.jpg,drunken prawn,all,exact_duplicate,00a83cef02fddcd966584ebf4ac30034
../../foodsg-233_cleaned/chicken soup/UBJAPZYFJPMUQHVVRLOX4FHT.jpg,chicken soup,all,exact_duplicate,00c5f1c1c67072ec9468769b0899498f
../../foodsg-233_cleaned/bee hoon/PLN79BA678ZEH6JJ64MYJ6J0.jpg,bee hoon,all,exact_duplicate,00c73e299ac03bb2ae16efb53d1b7f02
../../foodsg-233_cleaned/chai tow kuay/2ZGCLZF1J0022GZ5GUKRBJRC.jpg,chai tow kuay,all,exact_duplicate,00dcdfa1815f1468a6a4226f9cb7aefa
../../foodsg-233_cleaned/Chocolate/1GY72ZS58AB3HLIC2QIOQ23J.jpg,Chocolate,all,exact_duplicate,010e378e05fbf7eb206c020dc8544f74
../../foodsg-233_cleaned/whole grain bread/AA0VZQX4740XUYI2444DISC1.jpg,whole grain bread,all,exact_duplicate,011a49396539319cb4a40ddd28884959
../../foodsg-233_cleaned/Mee bandung/5UBHFZ2LPIE56MGZYZZQUVVE.jpg,Mee bandung,all,exact_duplicate,0126d50bcb8162c8ee0d5416fa6efdb2
../../foodsg-233_cleaned/pasta - red sauce/X5JETW4FLNXYT5FCD9SAFMOV.jpg,pasta - red sauce,all,exact_duplicate,013376e614c201a90066628dfea9ec6b
../../foodsg-233_cleaned/Mee soto/6LMQB0GVFGPG9GFQFS8IQI9V.jpg,Mee soto,all,exact_duplicate,014826d131d3707116c08517893a76a9
../../foodsg-233_cleaned/bak chor mee/DPHFS6KHKF53KLJRPW1DXE35.jpg,bak chor mee,all,exact_duplicate,015072a1d9582173207093118178284a
../../foodsg-233_cleaned/Nuts/2UQQIXPRU0ATN1DGJYVK0XEN.jpg,Nuts,all,exact_duplicate,01d90906c57bd15e1133831169b278fa
../../foodsg-233_cleaned/Chocolate/R14ZMFOBMR5Z6A2LY1PDNOME.jpg,Chocolate,all,exact_duplicate,01d90906c57bd15e1133831169b278fa
../../foodsg-233_cleaned/char siew pau/HJFKBSLQGQUCSNH5AS0HPPW8.jpg,char siew pau,all,exact_duplicate,01ef298c32fb877b731b64beb7832a79
"../../foodsg-233_cleaned/Bee hoon, goreng/O11RT1OERCXSTD52KZH5WDQY.jpg","Bee hoon, goreng",all,exact_duplicate,01f64cc5409d675e76c37aa6710fbbc5
../../foodsg-233_cleaned/Lontong with sayur lodeh/YCZMQWGGOU89RPPHY7ZC2M6G.jpg,Lontong with sayur lodeh,all,exact_duplicate,0213b0ea6afe2bd5405d02ad7e1d7477
../../foodsg-233_cleaned/char siew pau/N9XF088ALQK35RVG0AD0T7LE.jpg,char siew pau,all,exact_duplicate,02315a27ffb8a7fc3385cabf9d40e8e7
../../foodsg-233_cleaned/char siew pau/ABXBHSXKMXK0NTZE3EFNXU5Y.jpg,char siew pau,all,exact_duplicate,024c26090345fbcf178af9809220618c
../../foodsg-233_cleaned/Mee rebus/ZLW2D4HGG2QVRFS631ILUV10.jpg,Mee rebus,all,exact_duplicate,02b646d9d0ceef5f757ca1ab5d1b06e9
../../foodsg-233_cleaned/assam pedas/JIXOPFEJBUM50EKGPOQ5K3LW.jpg,assam pedas,all,exact_duplicate,02fa65a2bb8b4738f0db081bccf902cd
../../foodsg-233_cleaned/Mee bandung/SABBKU3SXK6PXLTD8HCBCGGI.jpg,Mee bandung,all,exact_duplicate,033103f05d6e7526132a50935e04ca1f
../../foodsg-233_cleaned/cream soup/NUEGIB355VI736DVW15J07YH.jpg,cream soup,all,exact_duplicate,0360138126abb27919c354bebe853444
../../foodsg-233_cleaned/bee hoon/MUNGHBSUUI5HV3ADHA614N3U.jpg,bee hoon,all,exact_duplicate,03732f9701bcd7e439bf5acf07c33ac8
../../foodsg-233_cleaned/chai tow kuay/YZWPA7OOMAM8FW935RSESRXH.jpg,chai tow kuay,all,exact_duplicate,037ecea9804856cb9af1808bda92a448
../../foodsg-233_cleaned/Fish Ball Noodles/EF2UCPM0UZWMHVB32IYII9IE.jpg,Fish Ball Noodles,all,exact_duplicate,038cf22e63ed60d7a6277b5fc02586ac
../../foodsg-233_cleaned/whole grain bread/VMYSU9IJ90QL02SURH28ISLG.jpg,whole grain bread,all,exact_duplicate,03a5ad44690447884a54770df86a6778
../../foodsg-233_cleaned/whole wheat/BGLYSLUL9Y9UKVMJXZ6O6ZKJ.jpg,whole wheat,all,exact_duplicate,03a5ad44690447884a54770df86a6778
../../foodsg-233_cleaned/honeydew/C397GKQ0U5OQXLKI9OLUBPFP.jpg,honeydew,all,exact_duplicate,03e3f07d9c06ad403f18a50880a4cb8b
"../../foodsg-233_cleaned/Bee hoon, soto/GV407L796HZ6777RAED8MUQE.jpg","Bee hoon, soto",all,exact_duplicate,040c9356db8291172d75a0c3d3867133
../../foodsg-233_cleaned/Bubble Milk Tea/NW4QLI5PDQG9C2T21DS0323H.jpg,Bubble Milk Tea,all,exact_duplicate,041a04bce231eb147c930bf84b129fb5
../../foodsg-233_cleaned/Fish Ball Noodles/7FRWIXKRBZ50BAZBZ6WUIB5U.jpg,Fish Ball Noodles,all,exact_duplicate,042c4db991669671ff0a8d2d574c35c0
../../foodsg-233_cleaned/Soto ayam/Q9D6OAKH0DNWCCPXKFHD1CE2.jpg,Soto ayam,all,exact_duplicate,04319cda03d14284f0ffdfdfa3169aee
../../foodsg-233_cleaned/Mee soto/OSSNZ06NOIKI7HXHQMHPVKLV.jpg,Mee soto,all,exact_duplicate,04319cda03d14284f0ffdfdfa3169aee
../../foodsg-233_cleaned/Mee siam/GKY3UY07YWMIE8FBDQTKZS0W.jpg,Mee siam,all,exact_duplicate,0433282b07e4b1b8486077951b21b471
../../foodsg-233_cleaned/tom yum noodle soup/Q2Y3KUZS5ENK0I7KI6IGZTIH.jpg,tom yum noodle soup,all,exact_duplicate,0473317a3c8cd2f8582d6a9ec332aee9
"../../foodsg-233_cleaned/Bee hoon, goreng/7DRSAS86YXC7ZFFQLH8YJIF1.jpg","Bee hoon, goreng",all,exact_duplicate,04a0571b53af1626ce5a0528f5d1eba3
../../foodsg-233_cleaned/fried chicken/R8WPQT2W2X9BPZPYO1OW5ZML.jpg,fried chicken,all,exact_duplicate,04ad0582af8024bfc3f7f64f2752eada
../../foodsg-233_cleaned/Fried Noodles/B5ORBV818PTL7KB1ZXQQH40Z.jpg,Fried Noodles,all,exact_duplicate,04c2a62d5f3b6ff3f4d87cd32dd6f584
../../foodsg-233_cleaned/Seafood Noodles Soup/1G68PHYEWF3SLCS5TSUIKON3.jpg,Seafood Noodles Soup,all,exact_duplicate,04f7823cc6e70180fcbd4e4ab5d57b3d
../../foodsg-233_cleaned/sliced fish soup/Y5MBNPA26XMB3Y36DVZ6THPE.jpg,sliced fish soup,all,exact_duplicate,04f7823cc6e70180fcbd4e4ab5d57b3d
../../foodsg-233_cleaned/char siew pau/LEV6CKDQKPDRLWZKNX48ZTWC.jpg,char siew pau,all,exact_duplicate,0528e02ba9be4bee7c3930c32bbf40ed
"../../foodsg-233_cleaned/Bee hoon, goreng/KS1MRWPGCFO64Z3ZYLDDXCX3.jpg","Bee hoon, goreng",all,exact_duplicate,053072be61861026e5e924d378ca7e86
../../foodsg-233_cleaned/Blackberry/8KF7GTS3PQYRWRPVBE4B03SX.jpg,Blackberry,all,exact_duplicate,053bffd4b71abe895eead38ed81d33d7
../../foodsg-233_cleaned/Mee soto/RLXG2WNYA4IJCUHW78W8XTA9.jpg,Mee soto,all,exact_duplicate,0542da11ad10564722c56c1ed662329f
../../foodsg-233_cleaned/drunken prawn/KYCJJ10NV0OYQ3J39JN4THN1.jpg,drunken prawn,all,exact_duplicate,05c63ccaea55f3204e31cfdf6e26693e
../../foodsg-233_cleaned/Lontong with sayur lodeh/6Z0A1E9KNYRE8M9JUPD2GYT4.jpg,Lontong with sayur lodeh,all,exact_duplicate,05d43b485771c3b8fcb4d7429abe36b6
../../foodsg-233_cleaned/cooked brown rice/2ECD2G51AHZR3WTDE8WLEZEV.jpg,cooked brown rice,all,exact_duplicate,0621a436ef4785b2768b2bb7c777e9de
../../foodsg-233_cleaned/cooked white rice/3OHXQL4MS9J7VZUE5V2WIEJY.jpg,cooked white rice,all,exact_duplicate,0621a436ef4785b2768b2bb7c777e9de
../../foodsg-233_cleaned/Mee soto/XP7KEOUXZ0U3SWPYHDUDKQWU.jpg,Mee soto,all,exact_duplicate,0688c0ff55349372394e3a8bcb17e463
../../foodsg-233_cleaned/whole grain bread/ULN2YQE5LHC2HS9ZQDJJRPNO.jpg,whole grain bread,all,exact_duplicate,069c50724233a7ce442e8eaa4a64a19d
../../foodsg-233_cleaned/mushroom soup/KWTLPRFE6KN41MYIVEYEJ1GR.jpg,mushroom soup,all,exact_duplicate,06ed9b3d6e675005345c727d629bcfb6
../../foodsg-233_cleaned/beef noodle soup/OXJA0QQDQ4YNE6N02C3IBD9H.jpg,beef noodle soup,all,exact_duplicate,06f418d19cb3e574c32500cb6d0fcf1b
../../foodsg-233_cleaned/Lontong with sayur lodeh/Q80B3XRS9XW7XVOF27Z3OG2I.jpg,Lontong with sayur lodeh,all,exact_duplicate,06f5bc1b2fb2864a72edcc43736f8f2b
"../../foodsg-233_cleaned/Bee hoon, goreng/2M9F4VRZKE73232KJ69IAGRU.jpg","Bee hoon, goreng",all,exact_duplicate,0710777d430b4061c8c045237e63b038
../../foodsg-233_cleaned/cooked brown rice/MWEYKJEPFJKO8WZSS0EIP7HZ.jpg,cooked brown rice,all,exact_duplicate,07b7d117764bc573c50c964fcc860472
../../foodsg-233_cleaned/Mee soto/IZH5O07G4GMCS9ZKJ6GGYXL8.jpg,Mee soto,all,exact_duplicate,07b9b0dce4ecb6e8199e7849180f5120
../../foodsg-233_cleaned/chai tow kuay/KAIHE7DDB0XN9WHZW1LHV6W9.jpg,chai tow kuay,all,exact_duplicate,07f759b9ec6cb0e359839e288900547f
../../foodsg-233_cleaned/Mee siam/HGQR7GQI9SL0MCP3X5JNYN7P.jpg,Mee siam,all,exact_duplicate,0816b8963ce62c56400cbb6c1104fd96
"../../foodsg-233_cleaned/Bee hoon, goreng/1GXV90OI5KS6AV6WZGL603L4.jpg","Bee hoon, goreng",all,exact_duplicate,082568b83fcba78b11967dd910cca958
"../../foodsg-233_cleaned/Bee hoon, soto/VO5F0JSVLMJJAGQD9YFBFCDR.jpg","Bee hoon, soto",all,exact_duplicate,0850be76bcb9e781effd0a7d145d2fbc
"../../foodsg-233_cleaned/Rice, korean bulgogi beef/SRTN1U6VTPN0XEUF80N44TRL.jpg","Rice, korean bulgogi beef",all,exact_duplicate,087669b6b20b166531934baf7c04402d
../../foodsg-233_cleaned/Soto ayam/EQT1MEGS0ZJN0SNHX5M825FL.jpg,Soto ayam,all,exact_duplicate,094a9f8e26b29f91e1f403ca30b8a1f2
../../foodsg-233_cleaned/sambal stingray/WFADFMVLGFNAQ55NX75KWZPJ.jpg,sambal stingray,all,exact_duplicate,097af1e62a20e2504ad037604e4af64d
../../foodsg-233_cleaned/mee pok/PAO00VZMLJUZIKFQWX6FHG05.jpg,mee pok,all,exact_duplicate,09838524a265f2e3dbe1af7738d7d386
../../foodsg-233_cleaned/tandoori chicken/HFZUPF7U171MBD3Y3VP69UPY.jpg,tandoori chicken,all,exact_duplicate,0987aa32412f094a39d42bcd50f5540a
../../foodsg-233_cleaned/chicken masala/BYBZQWFWEL6F0CL04SW4RYD5.jpg,chicken masala,all,exact_duplicate,0987aa32412f094a39d42bcd50f5540a
../../foodsg-233_cleaned/Udon/U6AH6PV67TGFVO42C2C4DXKX.jpg,Udon,all,exact_duplicate,0a08422dc6a644bccd9e7931cb4320a3
"../../foodsg-233_cleaned/Bee hoon, soto/WS8JOUDV9765ZZN8UD8UZOV4.jpg","Bee hoon, soto",all,exact_duplicate,0a29794689ea127253d0e1fc5ac9b2da
../../foodsg-233_cleaned/yogurt/YZL9A2PYU4VWEC7XBDFL5SOK.jpg,yogurt,all,exact_duplicate,0a452cb57c4fd922ada69efc035e3766
../../foodsg-233_cleaned/muesli/824Q39QD705H91MJVC557HNT.jpg,muesli,all,exact_duplicate,0a452cb57c4fd922ada69efc035e3766
../../foodsg-233_cleaned/Laksa/GA2LHXLI666ICZEDEOJRX7AA.jpg,Laksa,all,exact_duplicate,0a58a662ee185593169bd08a5e86f754
../../foodsg-233_cleaned/whole wheat/A3WVPIBYKEPGX7CCR7N9CPKO.jpg,whole wheat,all,exact_duplicate,0a64b843056e6274174ae4f76639a113
"../../foodsg-233_cleaned/Wanton mee, dry/KL92R4G95GOIO0FNND2VY7WI.jpg","Wanton mee, dry",all,exact_duplicate,0ac5a08468433e8894130b9a3eb2ba30
../../foodsg-233_cleaned/Mee soto/XKI5LWUVWT8R1CJTYFS0WXLH.jpg,Mee soto,all,exact_duplicate,0acf8594007874efdcdb8937df701f17
../../foodsg-233_cleaned/green leafy vegetables/I45KVFV74WBUXLI68AVOG2CJ.jpg,green leafy vegetables,all,exact_duplicate,0adee21a82dd4e46370a328ba63ddec2
../../foodsg-233_cleaned/Mee soto/I1AKINHBF4X846EDMCKUOP04.jpg,Mee soto,all,exact_duplicate,0ae04c4e7a62a6990536b093956a794d
../../foodsg-233_cleaned/fried prawn/EK723MTAQ64FZCYNL5BL8LKG.jpg,fried prawn,all,exact_duplicate,0af7ae11f7bbb74a97d36d6a3eed4e20
"../../foodsg-233_cleaned/Bee hoon, soto/4FCDP2BSVUZ5WN53E9TZ8CUF.jpg","Bee hoon, soto",all,exact_duplicate,0b46f47b1a43f9ef5b0afb525384cf77
../../foodsg-233_cleaned/Porridge/DJYYD13FG014506P2C9T07SX.jpg,Porridge,all,exact_duplicate,0b7eb6b87219f3dee4617f5b3e2b8bc5
../../foodsg-233_cleaned/Chinese fritters/TVHL45K20EIRZF1X3NT1ZGPB.jpg,Chinese fritters,all,exact_duplicate,0b7eb6b87219f3dee4617f5b3e2b8bc5
../../foodsg-233_cleaned/pineapple/DBITXDEH6FG2RMWT5TA3F0OA.jpg,pineapple,all,exact_duplicate,0b9098fa098acf8b9a69f2f3562c2416
../../foodsg-233_cleaned/lontong/0NPSVC7TTL9H9FVJY2M3FHCG.jpg,lontong,all,exact_duplicate,0bac114560e8a5ede744c831766cf2c4
../../foodsg-233_cleaned/satay/RL8LWRTGSRO9Q8B7NL96RG9J.jpg,satay,all,exact_duplicate,0bf7b9062507b0817a834974f3d8c04c
../../foodsg-233_cleaned/chilli crab/DTX84AYR2NVZCI57A2276CA5.jpg,chilli crab,all,exact_duplicate,0c0b968b3087af53989f79274d9cf23a
../../foodsg-233_cleaned/Seafood Noodles Soup/E0DFX8RG0E1SOANNB7618MPK.jpg,Seafood Noodles Soup,all,exact_duplicate,0c32e397dfe88315047a2e8bc92ab993
"../../foodsg-233_cleaned/Mee siam, fried/YHZE9QLMD5IOO9FGOC2UPUNL.jpg","Mee siam, fried",all,exact_duplicate,0c8643fc3ec7ba9e0d172406378a63ca
../../foodsg-233_cleaned/satay bee hoon/7HNG6EDH76G6D3Z8N5JR1X03.jpg,satay bee hoon,all,exact_duplicate,0c8643fc3ec7ba9e0d172406378a63ca
../../foodsg-233_cleaned/kebab - chicken/4X13P223JLPVIS2MPHC1ECOH.jpg,kebab - chicken,all,exact_duplicate,0c9bc3fe8b25beb833b4ee6beac443ef
../../foodsg-233_cleaned/fried rice/IHD1ZSHSD2VHT0UXOAE7777Y.jpg,fried rice,all,exact_duplicate,0cb0ad0c3db7ee084af74cd9d813d590
../../foodsg-233_cleaned/bee hoon/I6R4NR65JB4W7ZIOUTWFNPTE.jpg,bee hoon,all,exact_duplicate,0cc61a02ad20a2450278e3c35f1d0084
"../../foodsg-233_cleaned/Mee siam, fried/IHPT4MJBNZ6IW8HC3PFAMHHY.jpg","Mee siam, fried",all,exact_duplicate,0d13aee386771b23300f0e99a5fdec65
../../foodsg-233_cleaned/chilli crab/5BJQ5VB7ZZXYAEOUVU09Q6SX.jpg,chilli crab,all,exact_duplicate,0d55fc4c87bed5da06f7d9817b5becf6
../../foodsg-233_cleaned/Lontong with sayur lodeh/Q7ME8LG4J7G5EXGMC94K91SZ.jpg,Lontong with sayur lodeh,all,exact_duplicate,0e15dc0bc4180ba778bd0020eed4bfa9
../../foodsg-233_cleaned/chai tow kuay/7SSTIE78PF1FJDCWPTKLC9BR.jpg,chai tow kuay,all,exact_duplicate,0e24f846caca7291f4e9cb4419384324
../../foodsg-233_cleaned/xiao long bao/2RZDGM2LUH7AV814KQE21IFN.jpg,xiao long bao,all,exact_duplicate,0e2514a54d2647f64b901887277c40e2
"../../foodsg-233_cleaned/Bee hoon, soto/J6SXHQ2TMH8OAPYZXJIMBIS2.jpg","Bee hoon, soto",all,exact_duplicate,0e2f344fb3e9dd183319b6752cecdbcb
../../foodsg-233_cleaned/whole wheat/TNYZ10PIN7WWPST8QXGL0PQ5.jpg,whole wheat,all,exact_duplicate,0e8dab4ef1baf3d70316b601878bb993
../../foodsg-233_cleaned/whole grain bread/KFG97X2AN82K3Q5A7DQ0ATDN.jpg,whole grain bread,all,exact_duplicate,0e8dab4ef1baf3d70316b601878bb993
../../foodsg-233_cleaned/Mee siam/TR5CVARNBS4S7AWC5Q2O1B1H.jpg,Mee siam,all,exact_duplicate,0eacae4e3ef1e5af3f9a282ee326e9c7
../../foodsg-233_cleaned/Mee goreng/RBX1U22GJOU2CKTAQEI38G1D.jpg,Mee goreng,all,exact_duplicate,0eacae4e3ef1e5af3f9a282ee326e9c7
../../foodsg-233_cleaned/Mee siam/Q125M8978AVRTXZPVLS2UJWU.jpg,Mee siam,all,exact_duplicate,0ed08c7702dda3f5e00def614a01cc63
../../foodsg-233_cleaned/Mee goreng/NWU1QT3DFF7792AWBUNLMPJV.jpg,Mee goreng,all,exact_duplicate,0ed3acc5182877544230e21514a66689
../../foodsg-233_cleaned/Laksa/S6X5QFX2ZQU83RG6SZ3EQZUN.jpg,Laksa,all,exact_duplicate,0f3b7efc7dccd1567cd896d573e9084c
../../foodsg-233_cleaned/Dumpling noodle soup/P0ZZUIVAQTH6BANTFPU2C85M.jpg,Dumpling noodle soup,all,exact_duplicate,0f60db66a63e869a9f78a114a58f70ed
../../foodsg-233_cleaned/Mee soto/L0PPU8J0YMX6WK06F872I3AR.jpg,Mee soto,all,exact_duplicate,0fc6e17f850ea30dc972c214bc221eb2
../../foodsg-233_cleaned/vegetable soup/2SXT21PMBWCEDH7R3L9M3PDS.jpg,vegetable soup,all,exact_duplicate,0ff7326035ccfb40382293e6a891c3f2
"../../foodsg-233_cleaned/Bee hoon, goreng/56BD6GCWBS9LEEJ82811UF84.jpg","Bee hoon, goreng",all,exact_duplicate,0ffd360423a8c51c863539c9580a0705
../../foodsg-233_cleaned/Fried Noodles/1PB2DK1TC57LBMMP13DEMX1S.jpg,Fried Noodles,all,exact_duplicate,0fff523eb03ee46c6e0359ab23135b4f
../../foodsg-233_cleaned/Mee soto/CXHF8NM2N6HP9ENHWMQOGPJL.jpg,Mee soto,all,exact_duplicate,10025e49d843821f1647e8fc3e443c0e
../../foodsg-233_cleaned/ayam penyet/PS7BLZ68NTWZRN9HBWH1I87O.jpg,ayam penyet,all,exact_duplicate,10055369ff21fa23451d9680fc8de70c
../../foodsg-233_cleaned/Hor Fun/1Q14MHN0KERDT5RRE6XD8KG7.jpg,Hor Fun,all,exact_duplicate,10055369ff21fa23451d9680fc8de70c
../../foodsg-233_cleaned/Ban Mian/MIOTSGMR7NVEX8Z7BH63IJ1D.jpg,Ban Mian,all,exact_duplicate,100f5bc9eae92c425a79ba999fd33b47
../../foodsg-233_cleaned/char siew pau/WX56F1932AJBM7RK8YIOZ3A1.jpg,char siew pau,all,exact_duplicate,102faa356fa7c97284dd32749936da63
../../foodsg-233_cleaned/fried prawn/HQ8J8KVUCUQ77FHA4R4XPUXF.jpg,fried prawn,all,exact_duplicate,1032707a7e1001376aa783e9029f48f6
../../foodsg-233_cleaned/Mee soto/UNXO7M7DU4EPYDDOKO1LW94Y.jpg,Mee soto,all,exact_duplicate,10377cfdcd092b125184f59f05423c8d
../../foodsg-233_cleaned/chicken masala/ECL6KT4VM9ZZ28C3RIXO4QK6.jpg,chicken masala,all,exact_duplicate,1050052ee27e043bacb9a26c2c5bdc9d
../../foodsg-233_cleaned/Hor Fun/UOSDMJAXJDSKORKX5RI5QRAB.jpg,Hor Fun,all,exact_duplicate,10baf340fdf2c03e4beab257b67232fd
../../foodsg-233_cleaned/Mee bandung/1Q2QS3KJ6IJL8YDGLEPJ5PQG.jpg,Mee bandung,all,exact_duplicate,1119cf19ee1ad3dd4d0ecfb283e6b589
../../foodsg-233_cleaned/Mee soto/CHEQ9M5OZBU5S77WOQCT8UB0.jpg,Mee soto,all,exact_duplicate,111b26a5422fcaf0c4a80a7d20398908
../../foodsg-233_cleaned/char siew/5ARORMW4XMT6MXIL2AYWY2FV.jpg,char siew,all,exact_duplicate,1166c012cf63669c2624007fdb3e422c
../../foodsg-233_cleaned/sambal/EW3WZ1LNQMHGQ04AVQNDV5ZO.jpg,sambal,all,exact_duplicate,11ac639c51b84786799aaaa5e2361618
"../../foodsg-233_cleaned/Rice, korean bulgogi beef/CH61W7ZJOW1AB027PLPY5UFC.jpg","Rice, korean bulgogi beef",all,exact_duplicate,11ac639c51b84786799aaaa5e2361618
../../foodsg-233_cleaned/Mee soto/QWNV9DNDZFYLESSAIYW9AVO4.jpg,Mee soto,all,exact_duplicate,11db554b0ff406708ec1f32c6f625c74
"../../foodsg-233_cleaned/Bee hoon, soto/DGV79VGI8C9PEDDCBUVE51GG.jpg","Bee hoon, soto",all,exact_duplicate,1200c79ac15d92c695e6e6883b9daeec
../../foodsg-233_cleaned/mushroom soup/R0MC04TOJV77BQLTUJLOLB73.jpg,mushroom soup,all,exact_duplicate,120b83d954a0258cdd452248a6fa54c7
../../foodsg-233_cleaned/whole grain bread/CAAUZPRULO3TW4O0PIN6XTH5.jpg,whole grain bread,all,exact_duplicate,1217fe187114c1fde9b944e6a5f81838
../../foodsg-233_cleaned/Mee soto/HFR928CMLDR0KMDCJFX7L4QY.jpg,Mee soto,all,exact_duplicate,121d2272a3425df2b39c0ef47facb273
../../foodsg-233_cleaned/Duck Rice/XDZQGLNL87FGTSGIZGBRIIB4.jpg,Duck Rice,all,exact_duplicate,1220b0468ec028606146a54f38e38d9b
../../foodsg-233_cleaned/vegetable soup/L19ST1GZ8PD41MICK4U4WMJG.jpg,vegetable soup,all,exact_duplicate,1269b33091ad95e8cfa690f9a7cbaf8f
../../foodsg-233_cleaned/fried prawn/SIQPOPA5JS10L01X8JRTWMP4.jpg,fried prawn,all,exact_duplicate,12791537c5dc3027cf107b63ecaf8256
../../foodsg-233_cleaned/drunken prawn/WQSURXE6850TW4S0MRL7N6B5.jpg,drunken prawn,all,exact_duplicate,12791537c5dc3027cf107b63ecaf8256
../../foodsg-233_cleaned/Soto ayam/IYXJ4UIXZGWT6K0DZWM1QD82.jpg,Soto ayam,all,exact_duplicate,12d412b5a458780f9b34c196f3c69187
"../../foodsg-233_cleaned/Bee hoon, soto/KOIB21WVUIE2Z8YOOZ1HPU1M.jpg","Bee hoon, soto",all,exact_duplicate,12d412b5a458780f9b34c196f3c69187
../../foodsg-233_cleaned/Ban Mian/70BPHH5ANGJ7E1591Q1DTY9W.jpg,Ban Mian,all,exact_duplicate,12da2a5ddf1fe5bbfc16237373c095f9
"../../foodsg-233_cleaned/Bee hoon, goreng/BAPMPH9SLFQI71VVSSX075QC.jpg","Bee hoon, goreng",all,exact_duplicate,12e28b6f573168745d3744428f3c6a6a
"../../foodsg-233_cleaned/Bee hoon, goreng/V7036NVO1GNMRIQDOD5SC6Y9.jpg","Bee hoon, goreng",all,exact_duplicate,12ffe5c503879256e12409f6cc8e5e87
../../foodsg-233_cleaned/whole grain bread/K0IFYLVV7O11DVXBGMEJSF5Q.jpg,whole grain bread,all,exact_duplicate,130b6dc271fd1476765152bb09ff0f71
../../foodsg-233_cleaned/fish head curry/H806Y1F8Y66EJJBTJWADO7KT.jpg,fish head curry,all,exact_duplicate,131efb13bc5820e09b0e2a53ad3dc807
../../foodsg-233_cleaned/Mee siam/4QOPHAZXHGXKUN29I9U0UNHU.jpg,Mee siam,all,exact_duplicate,13307fdc0e1d8a9e15fcdb07dfa4df09
../../foodsg-233_cleaned/Fried Noodles/4MSD1FBACI76WTL0BP4AV6QO.jpg,Fried Noodles,all,exact_duplicate,1336f17429a6e098515a03adbc912082
../../foodsg-233_cleaned/Mee siam/WSAK4M1K9K3QDVD2PT945GR0.jpg,Mee siam,all,exact_duplicate,13524989fa61a338a84b1adf6e351da6
../../foodsg-233_cleaned/Mee rebus/80L2NY8F44S8S56ORN58A2CQ.jpg,Mee rebus,all,exact_duplicate,13e7bbd798f468507f80df054c88867b
../../foodsg-233_cleaned/Seafood Noodles Soup/0ERM547WQ0O3IQ712QDO4UVY.jpg,Seafood Noodles Soup,all,exact_duplicate,13f37a523a8124e3acba90a223a0a7da
../../foodsg-233_cleaned/black pepper crab/G5WJ8EG7DOEKLZA6Q82314VO.jpg,black pepper crab,all,exact_duplicate,142ae1240adc73893f94bed8895f598b
../../foodsg-233_cleaned/bee hoon/4ZF8V3YINMXR8U44J2TZ95OM.jpg,bee hoon,all,exact_duplicate,1442a195b2cd5ad11732d30a3e803d2d
"../../foodsg-233_cleaned/Bee hoon, goreng/77IS4U8JVRBH0FH0AFQ938A2.jpg","Bee hoon, goreng",all,exact_duplicate,14a94134e29bd7e0d4aedab893fd3c53
../../foodsg-233_cleaned/begedil/JW2V50EVLJ1R8XKAYGGGLV9E.jpg,begedil,all,exact_duplicate,14c0a7c489a978d91baa8534259967e5
../../foodsg-233_cleaned/fried prawn/CJL0PJIBAB6KDP3T0UXAPECW.jpg,fried prawn,all,exact_duplicate,14c69afdbe7d6f4d6731fa949965b85c
../../foodsg-233_cleaned/kueh lapis - rainbow/MDW4HLWATJLDW30KHMPRZ24S.jpg,kueh lapis - rainbow,all,exact_duplicate,14eb3d07aeb6291cb788fa04334cbc36
../../foodsg-233_cleaned/Kueh Salat/G6QOEIHLZ4E7Q5MJXEDR18JQ.jpg,Kueh Salat,all,exact_duplicate,14eb3d07aeb6291cb788fa04334cbc36
../../foodsg-233_cleaned/Ban Mian/IP7637JGR9R7BVF900ME951D.jpg,Ban Mian,all,exact_duplicate,150d782ba0a4caa905ffc0c962a296ca
../../foodsg-233_cleaned/whole grain bread/QGYCMLOSRWNGFWHDQPG9GQDX.jpg,whole grain bread,all,exact_duplicate,15159619d50f63d56ed5e2458e7d36e4
../../foodsg-233_cleaned/whole wheat/2X3640LZBGP8591HMLU1H24F.jpg,whole wheat,all,exact_duplicate,15159619d50f63d56ed5e2458e7d36e4
../../foodsg-233_cleaned/whole wheat/Z1J2ZGJEI48QCI06MTT3QGBD.jpg,whole wheat,all,exact_duplicate,151c1db96e79a062e30dc95aebc490bb
../../foodsg-233_cleaned/assam pedas/ZD8XZGB90EO6YUSRC8BN6BGP.jpg,assam pedas,all,exact_duplicate,15273b7ff90332eb28f0bf14f4728cf0
../../foodsg-233_cleaned/Mee kuah/QMUQ3Y7CLDY2ONTTGH28G22A.jpg,Mee kuah,all,exact_duplicate,15289f45029b503166b067f05f4c4c9e
../../foodsg-233_cleaned/Dumpling noodle soup/VY0QA5XFYV45QRLM85DKTNKF.jpg,Dumpling noodle soup,all,exact_duplicate,152c3425efb9d6e0d72e66e050def8b1
../../foodsg-233_cleaned/whole grain bread/19G635E8BIF9MDXD208YO6NS.jpg,whole grain bread,all,exact_duplicate,153ef398a254d8df8b7baf08f8c72fdc
../../foodsg-233_cleaned/cream soup/6RVCATHS9H9871CDCBM1W7C7.jpg,cream soup,all,exact_duplicate,154e0c25c70a24076f95e74304925c84
"../../foodsg-233_cleaned/Bee hoon, soto/1YOCOP640NIXU7HXFVIXKB3N.jpg","Bee hoon, soto",all,exact_duplicate,15c0174a1546e784a71aeb7819614936
../../foodsg-233_cleaned/Seafood Noodles Soup/DR9I8SN2NJ4HRZFET77MTYA4.jpg,Seafood Noodles Soup,all,exact_duplicate,15c04cc9c506fe6880aaad980530cd60
../../foodsg-233_cleaned/chicken masala/DA8PVCJRW0K40QS7NNB8SL1L.jpg,chicken masala,all,exact_duplicate,15c6d8ea184b17ee62ce2791775390f2
../../foodsg-233_cleaned/Seafood Noodles Soup/REUKI7ULDY15BOGN8OJZ36YW.jpg,Seafood Noodles Soup,all,exact_duplicate,15d09aae8ae708c9a8316aeb48912d61
../../foodsg-233_cleaned/Claypot Rice/2PCQCYROSVNG7Y95XYYTTQA1.jpg,Claypot Rice,all,exact_duplicate,15dc977f519327b1869753b89b43a465
"../../foodsg-233_cleaned/Rice, korean bulgogi beef/271G208BUERCS5L9GHZWIWMO.jpg","Rice, korean bulgogi beef",all,exact_duplicate,15dc977f519327b1869753b89b43a465
"../../foodsg-233_cleaned/Bee hoon, goreng/RATV3JZS5BGRS4QDLVIQPHNQ.jpg","Bee hoon, goreng",all,exact_duplicate,15e019731dfd18e61eae3e93c0a7f93c
../../foodsg-233_cleaned/mixed vegetables/HNBHA57YOLVAFC8XLWV68MZ8.jpg,mixed vegetables,all,exact_duplicate,15e019731dfd18e61eae3e93c0a7f93c
../../foodsg-233_cleaned/char siew pau/TDMYQ44EFD6B7UGVK86GDETO.jpg,char siew pau,all,exact_duplicate,15e9324acf6a9266223f9feb10b362c8
../../foodsg-233_cleaned/lontong/HCS8SL7MGCUTDABVT36HMMZ4.jpg,lontong,all,exact_duplicate,162f424a7ced03ba9794d975731ec29a
../../foodsg-233_cleaned/cream soup/O6LTID8RKAXTRWYO341T293W.jpg,cream soup,all,exact_duplicate,16567bf84b52bb60ea6647d7b8e94066
../../foodsg-233_cleaned/whole wheat/4AACOUU5JQ6AJU62AT4G2G30.jpg,whole wheat,all,exact_duplicate,1680bac7017b59556b42f71e9ab5736f
../../foodsg-233_cleaned/vegetable soup/FESGCQ1FKT302O73DJ1INR71.jpg,vegetable soup,all,exact_duplicate,1693a07c608f38d7720e5716988d4e7f
../../foodsg-233_cleaned/Mee siam/MWTNRNKLKB5NQESYS4PZACZG.jpg,Mee siam,all,exact_duplicate,16becd47f5c79224aeb6a16cb564a558
../../foodsg-233_cleaned/Mee rebus/3LW25K0JLEGOX3X5AQANZYUR.jpg,Mee rebus,all,exact_duplicate,16becd47f5c79224aeb6a16cb564a558
../../foodsg-233_cleaned/Soto ayam/R0HN7PBO1B0XRSJPMZ87AFVD.jpg,Soto ayam,all,exact_duplicate,16d65ee6587b51fbca2e2283ff78330f
../../foodsg-233_cleaned/Mee soto/ATE82KJHUHR020V3L2JG1EYX.jpg,Mee soto,all,exact_duplicate,16d65ee6587b51fbca2e2283ff78330f
../../foodsg-233_cleaned/fried prawn/J4ISPWWFVCTJ3ESCLIKRY2SG.jpg,fried prawn,all,exact_duplicate,16deac5757a9918833e86ac4180e8c79
../../foodsg-233_cleaned/Mee soto/ZVGA66G6DZ8XOV5FNXBYVC0W.jpg,Mee soto,all,exact_duplicate,16e65af7fa248f9d2cdcb5b6466e24f8
../../foodsg-233_cleaned/bee hoon/V6RV7K8C475MCAUN1TP3MBLS.jpg,bee hoon,all,exact_duplicate,16fdb540c9bbe79c9c96f7e38a2b5cff
../../foodsg-233_cleaned/Seafood Noodles Soup/UXM9986QM9M39MXU8BCLDBVU.jpg,Seafood Noodles Soup,all,exact_duplicate,17115f28c1a05f18a7e21f2239718b0f
../../foodsg-233_cleaned/bee hoon/4NNP7CIM44WBKP7NU7EYQF45.jpg,bee hoon,all,exact_duplicate,172bb2fb717e3d2aa14a8211fa47e2aa
../../foodsg-233_cleaned/mee pok/S0MBA40GTG9DYNSHDP7XPZF7.jpg,mee pok,all,exact_duplicate,1733b39af9e2a1aa462074384780796c
../../foodsg-233_cleaned/chai tow kuay/PHYFTTTHSWRCKVFEZZ3VNDYV.jpg,chai tow kuay,all,exact_duplicate,174737e7ee6a8e35438917eefb5a4e0a
../../foodsg-233_cleaned/char siew pau/M79PVSGO4UX7E9ISP4H3XHQB.jpg,char siew pau,all,exact_duplicate,174d52a3376d5f0ffa10d03104f8ebf0
../../foodsg-233_cleaned/fish head curry/VMG2NIOE9QCMU7HZQ0Z9PN6R.jpg,fish head curry,all,exact_duplicate,174e945e13639412ed97cd11d4f5cf0e
../../foodsg-233_cleaned/Mee siam/V6X8V2DUM3TB7LLMPREX47PL.jpg,Mee siam,all,exact_duplicate,1762fc3a45a57d1572d6e6a8db8b6d2f
../../foodsg-233_cleaned/steamed buns/RS3TKXQF7IQ937VTHSQVTFGN.jpg,steamed buns,all,exact_duplicate,17b63eaef40b62999552f115ec1f94ef
../../foodsg-233_cleaned/Mee bandung/NX105EOZ8HMEYAUAM7WSRJ56.jpg,Mee bandung,all,exact_duplicate,17e0e55f2831ca49d96b4c40c1ede94b
../../foodsg-233_cleaned/strawberry/2M8FW17KSDJA4OYSD0R134OZ.jpg,strawberry,all,exact_duplicate,17ea3ba5db3294c0038d2c6656ff31f1
../../foodsg-233_cleaned/blueberries/WUSZCEEANCI7KHFLUC1FT4YV.jpg,blueberries,all,exact_duplicate,17ea3ba5db3294c0038d2c6656ff31f1
"../../foodsg-233_cleaned/Don, chicken teriyaki/XC7VBI4KGA3XSXJX6MRP0V5A.jpg","Don, chicken teriyaki",all,exact_duplicate,17fb327a3964792d7d196ce648bef76c
../../foodsg-233_cleaned/Pomelo/BGZ4HX2RVA3VA6FVZ6C25RGB.jpg,Pomelo,all,exact_duplicate,1833739831aa5889377bf807ab4510dd
../../foodsg-233_cleaned/mushroom soup/WY3UWGLZ4AMWN66JVWDG62EW.jpg,mushroom soup,all,exact_duplicate,1842778819d70227cbc02f971b559edc
../../foodsg-233_cleaned/chai tow kuay/WOIE9KG3BWB37LETBUXQU4KO.jpg,chai tow kuay,all,exact_duplicate,1844c36fda28d567cd56d6bf5d388655
"../../foodsg-233_cleaned/Mee siam, fried/6GAIXC5ZPR0FKQ3FD4QY628D.jpg","Mee siam, fried",all,exact_duplicate,18f95346c8d1bd049f1a36fc761cc2da
../../foodsg-233_cleaned/char siew pau/FUTC2OJ7NE188QMGXPU2X0DE.jpg,char siew pau,all,exact_duplicate,198814185aa11c9039e88952e8e049f5
../../foodsg-233_cleaned/bee hoon/G2F6UZU2UXCFVCXQU7UPWFHW.jpg,bee hoon,all,exact_duplicate,19bdb631fd3b26c577ccfd09c955608b
"../../foodsg-233_cleaned/Bee hoon, goreng/FF0XLGAP1RM6B7PKQQ8JHYMQ.jpg","Bee hoon, goreng",all,exact_duplicate,19bec4ab3f2f3d7670cd3c3fc20437ec
../../foodsg-233_cleaned/bee hoon/XC7WDCOL9HEJQUPJIWQDLJIE.jpg,bee hoon,all,exact_duplicate,1a56a1585c67922e0c67990c9bbcea33
../../foodsg-233_cleaned/satay bee hoon/C88RTBI72OPI7M4NHCT6O7BG.jpg,satay bee hoon,all,exact_duplicate,1a56a1585c67922e0c67990c9bbcea33
../../foodsg-233_cleaned/Pomelo/C128R0QX7LRX300M2E9UWOJJ.jpg,Pomelo,all,exact_duplicate,1a725db15951061fc22dc60fb991ea5e
../../foodsg-233_cleaned/Kueh Salat/9ASJR6T8STKBJ8IRD13D47NK.jpg,Kueh Salat,all,exact_duplicate,1a85891b9a00e40d0dca3883b459d5ef
../../foodsg-233_cleaned/Pomelo/QKACBPI7WRGQQ1QW8A3G7EP7.jpg,Pomelo,all,exact_duplicate,1a9c912c56be5eb8a64c11e4b81af6c8
../../foodsg-233_cleaned/Prawn Noodle/WN5B70506QUVNYMV5EX41ZQM.jpg,Prawn Noodle,all,exact_duplicate,1aa1afa836529c66dd1f1f7ecaa35803
../../foodsg-233_cleaned/cream soup/LXZ0VJ6I10E497RZC9H7CJSZ.jpg,cream soup,all,exact_duplicate,1aae47b5a6f8f997242f710c0145d2e9
../../foodsg-233_cleaned/Bubble Milk Tea/PT4QUIXXXXJ0FVFGG19LN833.jpg,Bubble Milk Tea,all,exact_duplicate,1acef06afe1100660bf1adbc9ec6cbe7
../../foodsg-233_cleaned/Duck Rice/2QDTD9LN2CKG1GAUDRHOM4QD.jpg,Duck Rice,all,exact_duplicate,1ad3d0f4176a1466f936ab42fa5d6259
"../../foodsg-233_cleaned/Bee hoon, soto/95C0BUV1AHP9RROGNMYNJAO2.jpg","Bee hoon, soto",all,exact_duplicate,1ad77416725fa517253f92a9e032a777
../../foodsg-233_cleaned/whole grain bread/V1AEJQPU8XBPEHQA1WF4TDUU.jpg,whole grain bread,all,exact_duplicate,1af9f592ff76fda7a4f0ba9c571fb404
../../foodsg-233_cleaned/drunken prawn/GRD1K2Z906H91LYU6BDOM57D.jpg,drunken prawn,all,exact_duplicate,1b0c6858a0ec3625bde921ad08cd9245
../../foodsg-233_cleaned/Duck Rice/393XK263YJSC3SVFUGMJ1SBY.jpg,Duck Rice,all,exact_duplicate,1b0d3285feea4bc369371bb86469cbb0
../../foodsg-233_cleaned/whole grain bread/DRP7R68173VME25RPOQWUP6P.jpg,whole grain bread,all,exact_duplicate,1b6c9344d41e05eb7d538f793a9e1b78
../../foodsg-233_cleaned/Pomelo/Q08TSSVGXW55YNNM0BBN1I0X.jpg,Pomelo,all,exact_duplicate,1bad3333e2fe40d2998e1b47f9c6d717
../../foodsg-233_cleaned/Mee soto/16T9QWMMD08RNB460CTR38EI.jpg,Mee soto,all,exact_duplicate,1bddeae2c4aec9857b282ecec60c66f1
../../foodsg-233_cleaned/tom yum noodle soup/F5SEY2YA7QDNLWRGTTUFX0IK.jpg,tom yum noodle soup,all,exact_duplicate,1be5621c537a9d9f61a3ed2c6a5c7641
../../foodsg-233_cleaned/cake/KR12H1ZP0ITCEUCBATP71W52.jpg,cake,all,exact_duplicate,1bf46f7c6051bb0a86bf6254ae7af26e
../../foodsg-233_cleaned/Fruit juice/6UME555FCRB39DDTJQPDNK7P.jpg,Fruit juice,all,exact_duplicate,1bf64acc2998f86c27fa77a9d87a1ce4
../../foodsg-233_cleaned/honeydew/LLUW5MGAVQVTUN4TMECJ486C.jpg,honeydew,all,exact_duplicate,1bf64acc2998f86c27fa77a9d87a1ce4
"../../foodsg-233_cleaned/Bee hoon, goreng/O3O29K1G5S0P3ZZSMUZWFSNY.jpg","Bee hoon, goreng",all,exact_duplicate,1bfbb146ddd523fad238ae71121e122d
../../foodsg-233_cleaned/mushroom soup/098LT803F5LU5RXL1RVPDVFS.jpg,mushroom soup,all,exact_duplicate,1bfd864692747b538cee3f2a9688dc72
../../foodsg-233_cleaned/Mee siam/GAXLJKDSRBIQNOHR4PXX6L99.jpg,Mee siam,all,exact_duplicate,1c216ed49d14649daec1981cda34aa40
../../foodsg-233_cleaned/Fish Ball Noodles/CZ21XYPSGUZ3Q66OCLRIBFFL.jpg,Fish Ball Noodles,all,exact_duplicate,1c51657d9dab51130cb6899d9636d8f9
../../foodsg-233_cleaned/Seafood Noodles Soup/1GZJTSCCH9RMDL5AR3HBT1I9.jpg,Seafood Noodles Soup,all,exact_duplicate,1c6edb57a01aeac8121f98ed72999f78
../../foodsg-233_cleaned/chicken masala/CN29X1J9332EOPFMAJZCS0VG.jpg,chicken masala,all,exact_duplicate,1c6fb7cd824cf0bddc996e1c97e2bb98
../../foodsg-233_cleaned/Mee soto/48VI9TG9I44RDE05502T5A3F.jpg,Mee soto,all,exact_duplicate,1c76d652f01990cccfe21ee2eb2c3b60
../../foodsg-233_cleaned/Soto ayam/TR7PNCD992WUV39RKZUBS2BV.jpg,Soto ayam,all,exact_duplicate,1c76d652f01990cccfe21ee2eb2c3b60
"../../foodsg-233_cleaned/Bee hoon, goreng/X2J5NJF693XPIOJSRJ8RMUYH.jpg","Bee hoon, goreng",all,exact_duplicate,1c79fc287a7bc3154ce713cc5dba2060
../../foodsg-233_cleaned/lychee/KWQ00UKZN34W76OKKGNP28IH.jpg,lychee,all,exact_duplicate,1c7bf97a871288f3a8f1378ab207c17a
../../foodsg-233_cleaned/char siew pau/Q7REEW80X5SSSHN37P4DUS4Y.jpg,char siew pau,all,exact_duplicate,1ca809247dc6f64c2b53b954329a02df
../../foodsg-233_cleaned/mixed vegetables/3TEK22SYK50MXKGKJGS5UIRS.jpg,mixed vegetables,all,exact_duplicate,1cb27d2e40c2e2b546492c7d17e7ea49
"../../foodsg-233_cleaned/Bee hoon, soto/XZESYVWUY8ST1PX10FCQSJ6V.jpg","Bee hoon, soto",all,exact_duplicate,1cbdaaf7985503b0a9b036366ff279bc
../../foodsg-233_cleaned/hokkien prawn mee/0ZXO651D6RHYN0L1NJ5AWC1Z.jpg,hokkien prawn mee,all,exact_duplicate,1cbdaaf7985503b0a9b036366ff279bc
"../../foodsg-233_cleaned/Rice, chicken katsu with Japanese curry/DEL9I7HOKWXJ0V7LF0DOBNNE.jpg","Rice, chicken katsu with Japanese curry",all,exact_duplicate,1d0f75b15afd5aa49217bbccdb4ce5a1
../../foodsg-233_cleaned/whole wheat/E2N99DRICIFHK7420BTFGAGA.jpg,whole wheat,all,exact_duplicate,1d4cde2e5bbb8461f3fbeb3ff07a3eff
../../foodsg-233_cleaned/whole grain bread/TCUYAUKAHWFMCMMCYZF161SQ.jpg,whole grain bread,all,exact_duplicate,1d4cde2e5bbb8461f3fbeb3ff07a3eff
../../foodsg-233_cleaned/Mee siam/FLS1ZINCI0MUU9WEP5C932DA.jpg,Mee siam,all,exact_duplicate,1dd2e12aa25db15adaaee7d42f866aff
../../foodsg-233_cleaned/Mee soto/0AWOLE0CF4DP0EHO7YK589ZC.jpg,Mee soto,all,exact_duplicate,1e2716ab38f5b2bd17fee81365a6dfd3
../../foodsg-233_cleaned/whole grain bread/WTUI4JDHH0ORVFY135NIPZQB.jpg,whole grain bread,all,exact_duplicate,1e4b697e7d6e68a6dd8434c700b1cd2d
../../foodsg-233_cleaned/Mee soto/JQYNGQJ3NIOH5CS8ULDYILRT.jpg,Mee soto,all,exact_duplicate,1e6c330785beaffc942c77dcee93fea2
../../foodsg-233_cleaned/hokkien prawn mee/8KP665CQ0WVJJ8X1YD0RVPQ5.jpg,hokkien prawn mee,all,exact_duplicate,1ea41c91e28ec8019dd85eeef604a6c0
"../../foodsg-233_cleaned/Bee hoon, goreng/GZ8R0KYK1MBB4P6FS9TMX73V.jpg","Bee hoon, goreng",all,exact_duplicate,1ed29470ffaf85ca51e23b4ffc6fb86c
../../foodsg-233_cleaned/Mee soto/RH8VNYZKSCK28YBW44ZFKLJQ.jpg,Mee soto,all,exact_duplicate,1f0977cae75c24e2a222b6e22ed920c6
../../foodsg-233_cleaned/Mee kuah/IB80PIZAATEX0WHD0YV2EXHR.jpg,Mee kuah,all,exact_duplicate,1f25174a45e467d37a070145ad52e507
"../../foodsg-233_cleaned/Bee hoon, soto/3VDZWY06D7E205RJNH15EACW.jpg","Bee hoon, soto",all,exact_duplicate,1f25174a45e467d37a070145ad52e507
../../foodsg-233_cleaned/char siew pau/5GQ4SLXU01QZ4ST9YYHMCIA7.jpg,char siew pau,all,exact_duplicate,1f4842adfecfdb2d8a80b28f15777cf2
"../../foodsg-233_cleaned/Bee hoon, soto/99I8KAB8QAMKPTMNPNN9XBOK.jpg","Bee hoon, soto",all,exact_duplicate,1f4e68db5c0e74850fe2b1cf545d03bd
"../../foodsg-233_cleaned/Rice, with dakgalbi/M6YGGZK2BH6WS7R3V6TS2VYE.jpg","Rice, with dakgalbi",all,exact_duplicate,1f6b36b224c2e24a220c6dad3a9d2c62
../../foodsg-233_cleaned/Mee bandung/DINWVOEBIMSC1DKCYGT0JQEI.jpg,Mee bandung,all,exact_duplicate,1f82459e8661332280a12035f63d7283
../../foodsg-233_cleaned/steamed buns/1CJ2UT799EFA97XX5OYLD340.jpg,steamed buns,all,exact_duplicate,1f88e1c63d8f917e1c8b1e67943c9983
../../foodsg-233_cleaned/char siew pau/KO1RGH1DUZ608L72HXEIEZV5.jpg,char siew pau,all,exact_duplicate,1f91a1824aaf8bf758c6c30b7dacc419
../../foodsg-233_cleaned/Dumpling noodle soup/4AL4VUFSUKUFYK8I1W3R5QAC.jpg,Dumpling noodle soup,all,exact_duplicate,1f9d971f57d9e12d9b7c2a9f5b3e7955
../../foodsg-233_cleaned/Seafood Noodles Soup/LGFQ0GTUT0FILMJS2XHM3FVY.jpg,Seafood Noodles Soup,all,exact_duplicate,1fe2fe1e783a4132cd53cf9b2bc45f98
../../foodsg-233_cleaned/Prawn Noodle/9W5W62ZIX2ZUMZG0I2N00DH4.jpg,Prawn Noodle,all,exact_duplicate,1ff5056e299ed21f66d309bebf54a4c2
"../../foodsg-233_cleaned/Mee siam, fried/FF4H5REB78GH0X3URY0PKLLZ.jpg","Mee siam, fried",all,exact_duplicate,2069a754bc1e96bc9eec00893fcebecf
../../foodsg-233_cleaned/Hor Fun/KD3FH5Z2V18OLD0ZEM3G5PAJ.jpg,Hor Fun,all,exact_duplicate,2069a754bc1e96bc9eec00893fcebecf
../../foodsg-233_cleaned/mixed vegetables/VWH4BBSJF0JDXFY42WWTI0ZL.jpg,mixed vegetables,all,exact_duplicate,2093055a8b4e5ef3956d9bbc89946a39
../../foodsg-233_cleaned/Mee bandung/84UAPSBCAWGA96O47J4H0837.jpg,Mee bandung,all,exact_duplicate,20e32441ad5847daa5751580f5a846b3
../../foodsg-233_cleaned/lontong/JMC0RV0OOXOU1111PQCUBF5V.jpg,lontong,all,exact_duplicate,20fd6c3354f81d4728f2f86ac2385ed1
"../../foodsg-233_cleaned/Miso ramen, with fishcake/EJE2ZK61F2RYY7UXLMV4EPQM.jpg","Miso ramen, with fishcake",all,exact_duplicate,20ff00891f9cc4ebe2787d89b0099cf1
../../foodsg-233_cleaned/Mee soto/Z9VHDZOV809TUW8U78ZWKYW1.jpg,Mee soto,all,exact_duplicate,2166cc3e9e295607bfab3fdaa0151c78
../../foodsg-233_cleaned/Mee soto/7SACO4543EOCNLKF8A9APOIU.jpg,Mee soto,all,exact_duplicate,217e490ea8540e1eba86cfd37e399975
../../foodsg-233_cleaned/Mee soto/98FIQ14H7NIMD36RRQNZ8AGK.jpg,Mee soto,all,exact_duplicate,2182fac632186daa726e7c5013cb34d9
"../../foodsg-233_cleaned/Bee hoon, soto/9SXDJW8NT8O9ROYDR8W8UI5B.jpg","Bee hoon, soto",all,exact_duplicate,21b942e1d9389659f9da7776ac141aa5
"../../foodsg-233_cleaned/Bee hoon, goreng/WRYOTR9PQF17YB0P29Y3EQJR.jpg","Bee hoon, goreng",all,exact_duplicate,21c633b29fb6fa2da529788e4ffbecd9
"../../foodsg-233_cleaned/Bee hoon, goreng/I1VHZUU9QYGKPWA4UXPW1HWG.jpg","Bee hoon, goreng",all,exact_duplicate,21dbe16bfe1782560134c56f099ab7a0
../../foodsg-233_cleaned/xiao long bao/MO4O6RX51TVMPPFXGT3XHT00.jpg,xiao long bao,all,exact_duplicate,22218adcbaec4fcb69444b918a538039
../../foodsg-233_cleaned/Mee siam/V9QAP97WWMXKXVM5I0VULSTN.jpg,Mee siam,all,exact_duplicate,22450df779c7f26b6f2d8f7d01db6eb5
../../foodsg-233_cleaned/whole wheat/TN0VEULJ8PZ9CQ9CO156FWO9.jpg,whole wheat,all,exact_duplicate,224941921f8dade3d5be849d407f466b
../../foodsg-233_cleaned/steamed grouper/BVW2HTY3W7UU1VW19S38W7JZ.jpg,steamed grouper,all,exact_duplicate,2255d51128dad6cfdbe8c074f52bb74d
../../foodsg-233_cleaned/Mee siam/C1E1XDIT3DF36DTROA6I5K7I.jpg,Mee siam,all,exact_duplicate,2272083f294ce47446d1c0c211c405cf
../../foodsg-233_cleaned/Lontong with sayur lodeh/AQ9RGH40N3EPH3324OK6JKU8.jpg,Lontong with sayur lodeh,all,exact_duplicate,228965b8f433e9baa1a6d538d444a6b1
../../foodsg-233_cleaned/lontong/8JUF74DSIWQFUSLNLM3MEM7L.jpg,lontong,all,exact_duplicate,228965b8f433e9baa1a6d538d444a6b1
../../foodsg-233_cleaned/Bubble Milk Tea/DXX33TRSRJJBW04VYICR22WJ.jpg,Bubble Milk Tea,all,exact_duplicate,228ba4daaa3fae76055268f0b50c3518
../../foodsg-233_cleaned/fish head curry/IX5CZZ3H8HWXYYWN8RFYSOIE.jpg,fish head curry,all,exact_duplicate,22a25a8d85e031e373e9d7d48761a051
"../../foodsg-233_cleaned/Rice, with dakgalbi/5VF0U9JSTD7Y47LPRHVWX5DK.jpg","Rice, with dakgalbi",all,exact_duplicate,22d347e63f12330e591265d5f26a6324
"../../foodsg-233_cleaned/Bee hoon, goreng/42D5X0G2RALEJI05AF3WTMWJ.jpg","Bee hoon, goreng",all,exact_duplicate,2319dc018d8aced991fa5e0761fa2898
"../../foodsg-233_cleaned/Bee hoon, goreng/NP1DD9GF1LKIY2SJJCA1X30D.jpg","Bee hoon, goreng",all,exact_duplicate,234f1de2c38ae9bc77051be170d1eff1
"../../foodsg-233_cleaned/Miso ramen, with fishcake/YYJC7S4C93XJU9Y7R3PURKQO.jpg","Miso ramen, with fishcake",all,exact_duplicate,235299c0346918fd41675e2377ec8a2e
../../foodsg-233_cleaned/vegetable soup/W67BWX8RG6BHX2D3EMWZS0FF.jpg,vegetable soup,all,exact_duplicate,235299c0346918fd41675e2377ec8a2e
../../foodsg-233_cleaned/Mee soto/PJ898MOJIWH44UVD8XF1T5TF.jpg,Mee soto,all,exact_duplicate,2371ab543eb0d3ca9dbdf72da9035f5b
"../../foodsg-233_cleaned/Rice, korean bulgogi beef/FFPX4TQPC9N62YCCV4JD11VJ.jpg","Rice, korean bulgogi beef",all,exact_duplicate,24696cb7710008e618a7de38227b335d
"../../foodsg-233_cleaned/Mee siam, fried/P4Z8A20BULPKSXF3HC7KQXPP.jpg","Mee siam, fried",all,exact_duplicate,248d9a96ace08eeb537c26278558c2dd
../../foodsg-233_cleaned/Duck Rice/HAEH95T7TGT259K0GAH3DGU4.jpg,Duck Rice,all,exact_duplicate,2494efe355c71f46455179931d8db975
../../foodsg-233_cleaned/Nuts/3IDENI542J7SER9AQTFDZDM9.jpg,Nuts,all,exact_duplicate,24d6fbafb4aede7d43f2b7b6cd669b30
../../foodsg-233_cleaned/Fish Ball Noodles/VEVG8HWLIN5TYVWA1R4FLEHH.jpg,Fish Ball Noodles,all,exact_duplicate,24dd032214591a1ea76b5b120ab173a8
../../foodsg-233_cleaned/Mee soto/76ZZAIMST443D28YEFA20DGB.jpg,Mee soto,all,exact_duplicate,24f7c386001bd99f87ad150c50f94c2e
../../foodsg-233_cleaned/Mee soto/PIXUUK3APBNQBYMFJ16U7UDE.jpg,Mee soto,all,exact_duplicate,24fe480253d12e88793ad96d91e45f60
../../foodsg-233_cleaned/orange/U4WHLE644OM0T4IOKPQX17QU.jpg,orange,all,exact_duplicate,252f8581268241a1bf954546b45a9edd
../../foodsg-233_cleaned/chicken soup/8F8NM88ESOUD199DSIBZT6EA.jpg,chicken soup,all,exact_duplicate,2549bee78965db5342498afe640a4559
../../foodsg-233_cleaned/whole wheat/0GXZWQHKAVNHRMGIT4GH2NLY.jpg,whole wheat,all,exact_duplicate,2569291f2d20017c230013dfc7d394c1
../../foodsg-233_cleaned/tom yum noodle soup/Y7TPSREPFYT9JVZL9XCCBA41.jpg,tom yum noodle soup,all,exact_duplicate,2575183aac4290e14a71ff9e5ccd4e17
../../foodsg-233_cleaned/char siew/FHVDK750LAR3XJJ7XN1SNEUR.jpg,char siew,all,exact_duplicate,257a67d2b906f1cc4ccb68018bdc515b
"../../foodsg-233_cleaned/Bee hoon, soto/W8357LY1C9J17A4BU2LI18PF.jpg","Bee hoon, soto",all,exact_duplicate,2596a2bbdda2c115955bf67922202424
"../../foodsg-233_cleaned/Bee hoon, goreng/TF00JT6AL84A6XHFXRCO0UKP.jpg","Bee hoon, goreng",all,exact_duplicate,259815a8563472094ac92f0a79c7e545
../../foodsg-233_cleaned/whole wheat/HBN705EU3XAMBH6L8WNWM77Y.jpg,whole wheat,all,exact_duplicate,25a11c4a41bc2c458c7f909c187468d4
../../foodsg-233_cleaned/char siew pau/IAB4FF6ZZDTN8XXWCYT454JD.jpg,char siew pau,all,exact_duplicate,25b5150a6f066723816353d2a1abac2b
"../../foodsg-233_cleaned/Bee hoon, goreng/MG2WWC6732HAIUK04I0G51O6.jpg","Bee hoon, goreng",all,exact_duplicate,261f7e9f59b64627ed319c0fd2126ff3
../../foodsg-233_cleaned/satay bee hoon/RHCX7GB0BGKCIV9MZ3P7GPL1.jpg,satay bee hoon,all,exact_duplicate,26959c9420a9ec96e8263be1d86f238b
../../foodsg-233_cleaned/Pomelo/T0Z6V1ZDE268A0KY6QFU0S6V.jpg,Pomelo,all,exact_duplicate,269cd1df491dce9841ac9686b73c83b4
"../../foodsg-233_cleaned/Bee hoon, soto/P5BTD5Q6B2TONKFCT92YWCPQ.jpg","Bee hoon, soto",all,exact_duplicate,26cd661663a79331f8495c865aaf37a3
"../../foodsg-233_cleaned/Bee hoon, soto/5MQ0XSJ1LO8ZAJD5C5G8COQP.jpg","Bee hoon, soto",all,exact_duplicate,26e47d954597b5410497ea62e4de8c3c
../../foodsg-233_cleaned/miso soup/RB1C3ENFSSISIHLMI3LYDG7H.jpg,miso soup,all,exact_duplicate,270e0b9b0c0715b2396996b832ef6ed2
../../foodsg-233_cleaned/buckwheat/YKQ0JL349HZMHW5Q6F3R5L0Y.jpg,buckwheat,all,exact_duplicate,270e0b9b0c0715b2396996b832ef6ed2
../../foodsg-233_cleaned/sambal kangkong/H1L0GDHOVXIIKPT4VP2BDNEY.jpg,sambal kangkong,all,exact_duplicate,271f3ecc1e7224c537508de2328b71f1
../../foodsg-233_cleaned/whole grain bread/F254YAEMQ06WAVN84XUNQYO4.jpg,whole grain bread,all,exact_duplicate,27a9a8e7ea4ba26b8f824473a7ae0595
"../../foodsg-233_cleaned/Rice, chicken katsu with Japanese curry/67LBG88KGENG8NXGAXNE2UJU.jpg","Rice, chicken katsu with Japanese curry",all,exact_duplicate,27ca499fbd4f44bf0692e604844815aa
"../../foodsg-233_cleaned/Rice, korean bulgogi beef/Z5C17UUWD24DFMWH699CNT0T.jpg","Rice, korean bulgogi beef",all,exact_duplicate,27ca499fbd4f44bf0692e604844815aa
../../foodsg-233_cleaned/Mee rebus/IPSL0WLQ7SJL28K3I2L3XNKU.jpg,Mee rebus,all,exact_duplicate,27cac1693f8fcad1d60948ecc8f5d042
../../foodsg-233_cleaned/Macaroni/2JCAZMEQRAWMNJ6EQV4WW6E3.jpg,Macaroni,all,exact_duplicate,2826c4db98a5b877d3a1b08f91a8a641
../../foodsg-233_cleaned/Mee goreng/1XY5GNM16QNXT7E4RPXNR063.jpg,Mee goreng,all,exact_duplicate,2826c4db98a5b877d3a1b08f91a8a641
"../../foodsg-233_cleaned/Bee hoon, soto/KIMXVQI356S7KNF0QTI2VJHL.jpg","Bee hoon, soto",all,exact_duplicate,2861420284f55d0bbe33a65fb90c0d05
../../foodsg-233_cleaned/chin chow drink/TJZOUGTR1OAFGPIUBX20GXP5.jpg,chin chow drink,all,exact_duplicate,28625864b38fc3141438916354b408a9
../../foodsg-233_cleaned/pasta - fettuccine/RCZRQ91OVKQKKJKWOXVHCPTR.jpg,pasta - fettuccine,all,exact_duplicate,286d3f04968d6de121da4d443a7c4ff6
../../foodsg-233_cleaned/Nuts/L1KODQN5Q0PKUSZP4HFRZJL6.jpg,Nuts,all,exact_duplicate,286d3f04968d6de121da4d443a7c4ff6
"../../foodsg-233_cleaned/Bee hoon, soto/GJHHXKCXD4TJLPOGU5X8CN22.jpg","Bee hoon, soto",all,exact_duplicate,288d1032a074907910fe29ec7a8b9797
../../foodsg-233_cleaned/cream soup/J1J428HLEFIUBH5MEODMPA8L.jpg,cream soup,all,exact_duplicate,28b2766166f84741df745080bf7fbdcb
../../foodsg-233_cleaned/Dumpling noodle soup/KHE024FSQ2R54IUDZ8HGCP39.jpg,Dumpling noodle soup,all,exact_duplicate,28b51be586214eb438393a4f5d9a67b7
../../foodsg-233_cleaned/tandoori chicken/N0EKT0KCMY9XC1XB8HAHA8FU.jpg,tandoori chicken,all,exact_duplicate,28fb43594d86aceadc448da3f259101d
../../foodsg-233_cleaned/Kway Teow/J5SN2AR9H4ZWW1O2PZZIPZDD.jpg,Kway Teow,all,exact_duplicate,29236ad39fc7aedf1d1d9e1e99eaf5a1
../../foodsg-233_cleaned/Ban Mian/GZLIZ0PQ3J1VNHFHG7KDDTAA.jpg,Ban Mian,all,exact_duplicate,2956b0816254dc389688a734b2f66391
../../foodsg-233_cleaned/whole grain bread/MX2JY7NEBG493765T0JPAC1O.jpg,whole grain bread,all,exact_duplicate,299ed5ccf9cf4d594d53dc60314afead
../../foodsg-233_cleaned/lontong/7D8SO0YK488U29V0SNK8Q10F.jpg,lontong,all,exact_duplicate,29c7d14f9cded0878b0e990aaba97352
../../foodsg-233_cleaned/Lontong with sayur lodeh/Q9DRMRA9Z9TUO3AQZE40Z5OG.jpg,Lontong with sayur lodeh,all,exact_duplicate,29c7d14f9cded0878b0e990aaba97352
../../foodsg-233_cleaned/fried prawn/TI6R385THP044R6S68DUEHEL.jpg,fried prawn,all,exact_duplicate,2a3fa7be5b8ada0d4a95aab5b12da0e0
../../foodsg-233_cleaned/Mee goreng/H7U8506K8KY5Q26S9KN2WP0U.jpg,Mee goreng,all,exact_duplicate,2a544b84672b241969db752cd366cc34
../../foodsg-233_cleaned/whole wheat/DCCEJH0PVD2T9R5W22093FDK.jpg,whole wheat,all,exact_duplicate,2a6c3311f12d5b7bbece266b1170fd46
../../foodsg-233_cleaned/chilli crab/XJL9DPRBE3WXMTCL6NM1ZII9.jpg,chilli crab,all,exact_duplicate,2a79040e6c31d0a83ec347942f0b4406
../../foodsg-233_cleaned/Kway Teow/O62PKF4G09M5NYY87EI12UIN.jpg,Kway Teow,all,exact_duplicate,2afd078204c64c3b7cc9b676f2d09f54
"../../foodsg-233_cleaned/Bee hoon, soto/ORGGU2ZPDM8A9Q9H1QNPYSG9.jpg","Bee hoon, soto",all,exact_duplicate,2b54a7dcb46a64375d985ae18b3b2d28
../../foodsg-233_cleaned/Ban Mian/SH8UODA74AYDXAN915RYUJVH.jpg,Ban Mian,all,exact_duplicate,2b5d2781a980521fff140125469a145a
../../foodsg-233_cleaned/kueh lapis - rainbow/47JY9KA3BC0B2F876MY1Z4DR.jpg,kueh lapis - rainbow,all,exact_duplicate,2b88983b98fa8fd8f48c79b1be28ca7d
../../foodsg-233_cleaned/whole wheat/6M5UM6181BXWUCJ54H3SUB4J.jpg,whole wheat,all,exact_duplicate,2b8a23a5db0e61ae791e89eae84ce7f0
../../foodsg-233_cleaned/whole grain bread/ICQETCIR59L99EW20U3T3JJD.jpg,whole grain bread,all,exact_duplicate,2b8a23a5db0e61ae791e89eae84ce7f0
"../../foodsg-233_cleaned/Bee hoon, goreng/7PL1WF83S118ZLNLOWWWUALZ.jpg","Bee hoon, goreng",all,exact_duplicate,2bcfb11acdb36b1b755bd66fe926671c
../../foodsg-233_cleaned/Nuts/C9Q4NIK1SU5VFB1DVXFU2MFM.jpg,Nuts,all,exact_duplicate,2bf6c70b168e10b24a48f4b2be31a52d
../../foodsg-233_cleaned/char siew pau/KRLM3ANJDNT6386J2ND2QUAR.jpg,char siew pau,all,exact_duplicate,2c2b51ef768dbf7f12c52f255d945954
../../foodsg-233_cleaned/Soto ayam/5U269U90N573ZDK4O14KLTZ8.jpg,Soto ayam,all,exact_duplicate,2c48a6ef47957314246ced15225e1d8e
../../foodsg-233_cleaned/chicken masala/FX9AJQFX0VS274URUPVT8D6J.jpg,chicken masala,all,exact_duplicate,2c70bcef381fd81c08c611c7bd9e522f
../../foodsg-233_cleaned/sambal/622OAW3FUWCZGHDBRMSQJKVY.jpg,sambal,all,exact_duplicate,2c70bcef381fd81c08c611c7bd9e522f
../../foodsg-233_cleaned/mixed vegetables/N6VUIRAVFLTV98CFFZF0FJB8.jpg,mixed vegetables,all,exact_duplicate,2cce6e7f08318b85dd0a13c1c72fbf04
../../foodsg-233_cleaned/Sweets/SL30MY5Z698A4C9HQ43UD56Q.jpg,Sweets,all,exact_duplicate,2d446ed11973b4b6cf7746e7bfc648ab
../../foodsg-233_cleaned/Seafood Noodles Soup/AN9ICWO9A623PS3B3PWAIC7N.jpg,Seafood Noodles Soup,all,exact_duplicate,2d4c8ec150f915c2bac5125de079b877
../../foodsg-233_cleaned/Indian Prata/8XYSVWZ673EUO5ZQ5JGBKM9P.jpg,Indian Prata,all,exact_duplicate,2d526f14f029cc66f0c0d7d2108265f4
../../foodsg-233_cleaned/whole grain bread/52SL1GL4EGF6KOXOET28XA1Q.jpg,whole grain bread,all,exact_duplicate,2da8b38679598e4760001d0580c1f175
../../foodsg-233_cleaned/Mee soto/4H7SJIYAABP25RXZIZ3YM7RV.jpg,Mee soto,all,exact_duplicate,2dbaa1360f3bb8c9c8a338e705a96b61
../../foodsg-233_cleaned/chicken wing/XR0RJ9CWV6YGGLRRZ1DWAIZL.jpg,chicken wing,all,exact_duplicate,2df9cab40aa39079c5fbb5097ee49f43
../../foodsg-233_cleaned/Fruit juice/V366I2B01H33L4Z3EZUZRTFL.jpg,Fruit juice,all,exact_duplicate,2e13c025ec8569d9286746516028dd22
"../../foodsg-233_cleaned/Mee siam, fried/ZTONDFKAVGPO3STXQS050RDY.jpg","Mee siam, fried",all,exact_duplicate,2e15557a073f5cdb477a87a111b3ae4a
"../../foodsg-233_cleaned/Mee siam, fried/0DVMUPOQQT6OFUT2IJEXKVHO.jpg","Mee siam, fried",all,exact_duplicate,2e1ef3390bc94bb60457deccf278b493
../../foodsg-233_cleaned/lontong/7HEN3KVXTMI32P5T9G7AF7CE.jpg,lontong,all,exact_duplicate,2eab88ecae9073bdba55744058c8a0ee
../../foodsg-233_cleaned/Tauhu Goreng/J3GD054OGZW9UJCBEILOX18Z.jpg,Tauhu Goreng,all,exact_duplicate,2eb8dc01dc04bf4ad4c1ef5f5f77176b
../../foodsg-233_cleaned/Bibimbap/QDJLICSX2WEQQRFU78KMCD0Q.jpg,Bibimbap,all,exact_duplicate,2ebcc8a4fe72e2fceaeb48ba25f60c01
"../../foodsg-233_cleaned/Rice, with dakgalbi/FD8YX35HSB482VTZK45P9LXU.jpg","Rice, with dakgalbi",all,exact_duplicate,2ebcc8a4fe72e2fceaeb48ba25f60c01
../../foodsg-233_cleaned/Mee rebus/9DUGF5E61ADSPDUDZUOWA8PD.jpg,Mee rebus,all,exact_duplicate,2f24d48d1fe65c67a300fdc6a109a05f
../../foodsg-233_cleaned/Pomelo/YX7D6L60MGKXX4ANWAWEKJJQ.jpg,Pomelo,all,exact_duplicate,2f2e8d21237c4c8530815d592f60ae43
../../foodsg-233_cleaned/Mee soto/JUA8F8V8SR51N92BZV10D40L.jpg,Mee soto,all,exact_duplicate,2f318b6a996e960fba1a76d6d8d59f5e
"../../foodsg-233_cleaned/Bee hoon, goreng/80BFD3M50A87H03MBWWD4BV6.jpg","Bee hoon, goreng",all,exact_duplicate,2f762e0ed884e6ea16ad47f070ea6014
../../foodsg-233_cleaned/passion fruit/NIE4NFU08HJ56N9L16LEDL8W.jpg,passion fruit,all,exact_duplicate,2f890a900b3be0973d898494d868d14a
../../foodsg-233_cleaned/whole wheat/H2M64YVVH792H34345RZ2FKX.jpg,whole wheat,all,exact_duplicate,2f9953d567c45a9b9e874fe589cc3de4
"../../foodsg-233_cleaned/Bee hoon, goreng/LZJIJ8GP4LCSHHWJ20DKX1XV.jpg","Bee hoon, goreng",all,exact_duplicate,2fbb60451a5d671f363a09c9e8191408
"../../foodsg-233_cleaned/Mee siam, fried/BA2325B5L76ZTNR1IFGFE6MA.jpg","Mee siam, fried",all,exact_duplicate,2fe81f62308eadb28776b6e62eb3fe02
../../foodsg-233_cleaned/whole grain bread/I4DASUXKYDLZGS22LOB5GQTJ.jpg,whole grain bread,all,exact_duplicate,30159815799f70ba23caee4f60b3f7a4
../../foodsg-233_cleaned/steamed buns/E2QQNG38KSNPYAXDIGB3EFLU.jpg,steamed buns,all,exact_duplicate,30362614da839cf9cd5bff9369d544f4
../../foodsg-233_cleaned/whole grain bread/3GDKTVA1AHUU3MNUS5VEPMG7.jpg,whole grain bread,all,exact_duplicate,3070ff366fb8a2aa0b4a0c9cf4b1ce0b
../../foodsg-233_cleaned/pig organ soup/1FLHFQEL2CD3DB5BD25QYP9G.jpg,pig organ soup,all,exact_duplicate,30954c4d05a3096ec811996710cc8a90
../../foodsg-233_cleaned/Mee kuah/3RR8R24M5JRZ4NG7Z0QNY6KW.jpg,Mee kuah,all,exact_duplicate,309e807adeee8a93a22e5e7cbb0f6f6a
../../foodsg-233_cleaned/whole wheat/0R7V3Y4KVNJ7PF3VDUDT8YNK.jpg,whole wheat,all,exact_duplicate,30b5ba70602a36041e48602f0652fef4
../../foodsg-233_cleaned/whole wheat/EPH5RM8URPP5ARYD8XIM90DL.jpg,whole wheat,all,exact_duplicate,30ca9d274777c2605ec104d27e18b960
"../../foodsg-233_cleaned/Mee siam, fried/RSVLKA3O6GY80H418KHEBV5K.jpg","Mee siam, fried",all,exact_duplicate,310d473d8aa770d72d035c45b027628c
"../../foodsg-233_cleaned/Bee hoon, goreng/X0133NMYGK01XPLYE32Z2D8P.jpg","Bee hoon, goreng",all,exact_duplicate,312d9239f501dc6e77a1b648e94c9fc4
../../foodsg-233_cleaned/Mee siam/0IOEJTMZ8I3XBA4ZQTY7BGES.jpg,Mee siam,all,exact_duplicate,318f51a9b35116446d3fe606a93dc40d
../../foodsg-233_cleaned/whole wheat/7OQQN8SWF18USSXBQSNVYZAL.jpg,whole wheat,all,exact_duplicate,31bb38ead516f1af70f9dbcf9099f2ee
../../foodsg-233_cleaned/Mee soto/0RS0Z3C6FXEOIGSBFRGQ96BY.jpg,Mee soto,all,exact_duplicate,31c63159799ec4ea90ca721c8e64f834
../../foodsg-233_cleaned/fried chicken/0CPAP1J7Y45SFX5Z4S572NEX.jpg,fried chicken,all,exact_duplicate,32040f0c4fe8079def052e7626d78541
"../../foodsg-233_cleaned/Bee hoon, goreng/UQSSH6CDENIZRYPZKEK3BN5N.jpg","Bee hoon, goreng",all,exact_duplicate,3243e0c7bc7f1819b6722a9c8503deb7
"../../foodsg-233_cleaned/Mee siam, fried/4QH8WC1ETHSFRFA1Q4UO2W1N.jpg","Mee siam, fried",all,exact_duplicate,3243e0c7bc7f1819b6722a9c8503deb7
../../foodsg-233_cleaned/har cheong gai/090HZCZBYSCDS4PUIGK14ILE.jpg,har cheong gai,all,exact_duplicate,3248f805342e756f2b3676539b9ceba0
../../foodsg-233_cleaned/Mee kuah/YCIY4TI4DKBFWS2GP9NIVM5P.jpg,Mee kuah,all,exact_duplicate,329c56f26aa558e72367d39a9eb4e21f
../../foodsg-233_cleaned/Mee bandung/KSW7IRHJA62EMMAMZP1NVL8N.jpg,Mee bandung,all,exact_duplicate,329c56f26aa558e72367d39a9eb4e21f
../../foodsg-233_cleaned/Pomelo/L8WOVFQQV4ADSD35ANKQG1SV.jpg,Pomelo,all,exact_duplicate,329d5530bd2c92543bde638f3d4e398f
../../foodsg-233_cleaned/mushroom soup/HB8SFS9U35VHL0TY6P0N2F5H.jpg,mushroom soup,all,exact_duplicate,32b8fa9cba61570a390d170900bc98a5
../../foodsg-233_cleaned/Wholegrain Wrap/IUGFJRFVM46P6ERKQWHA7IBD.jpg,Wholegrain Wrap,all,exact_duplicate,330749e3bb8b4e225d1b184276535b47
../../foodsg-233_cleaned/chai tow kuay/EGKJXFTMDLR0A0DL7MDEAU8E.jpg,chai tow kuay,all,exact_duplicate,332cc328374a8ad8204548997341cf45
../../foodsg-233_cleaned/Hor Fun/NZRU92TATY80ZHM6W6BUZQIY.jpg,Hor Fun,all,exact_duplicate,333da1fac5148abdca7f3fb665244618
../../foodsg-233_cleaned/mixed vegetables/JLPS7446TJPQAS7NJ3R82TO9.jpg,mixed vegetables,all,exact_duplicate,334595f03c476cb2780966cb99730d25
../../foodsg-233_cleaned/fried prawn/QM7WA3UR3R6NWZ73JVMESVAQ.jpg,fried prawn,all,exact_duplicate,33580b092981c7d6fde6af8ca2ca874e
../../foodsg-233_cleaned/Mee kuah/LDNKI6ME3G0RJP38Y3KHZEMY.jpg,Mee kuah,all,exact_duplicate,335b8fdb5e7bcda7bf656e574b6a9f18
../../foodsg-233_cleaned/whole wheat/14VFCZUNPK002JTADZVKWN2N.jpg,whole wheat,all,exact_duplicate,337c95daf12f938e1f55521c64dc9343
../../foodsg-233_cleaned/bee hoon/1MPP49JT0LKTHB70URJU212S.jpg,bee hoon,all,exact_duplicate,33daf0385a0efd94c68f00ca9c6e7511
../../foodsg-233_cleaned/Seafood Noodles Soup/9MIQ14CNIT7M07MVA0RGG2YK.jpg,Seafood Noodles Soup,all,exact_duplicate,340502496c53478334979dff7d228888
../../foodsg-233_cleaned/mee pok/XL8XKXRPG7D8FIKWAO0X70JT.jpg,mee pok,all,exact_duplicate,3413fe000978ee454235f582eaf4813f
../../foodsg-233_cleaned/har cheong gai/7V07EKB0XCWRYTT76HCE62Z4.jpg,har cheong gai,all,exact_duplicate,3447569634cd340f4cede8c641ad3273
../../foodsg-233_cleaned/lontong/TI1KIWYXTLNRSR8IGSTTSYPY.jpg,lontong,all,exact_duplicate,345aac73dc48b2c2b8c152766372e847
../../foodsg-233_cleaned/chilli crab/IT9L1FDAKQ78Q7EHECVU1YFE.jpg,chilli crab,all,exact_duplicate,34c6d871e82729a4db57aa244eaf6ccd
../../foodsg-233_cleaned/Laksa/QONF75515ONVFXSOXW45NA3Y.jpg,Laksa,all,exact_duplicate,34f48c7addff09d30b5ceaeb67bd35be
"../../foodsg-233_cleaned/Rice, korean bulgogi beef/4JWHO1SD8KUJ8L1MTJ2IPJ29.jpg","Rice, korean bulgogi beef",all,exact_duplicate,34f55cf5cdc16eb6620d138f591e2191
"../../foodsg-233_cleaned/Rice, with dakgalbi/28TMVKPJCT2TD9161V2XEYQM.jpg","Rice, with dakgalbi",all,exact_duplicate,34f55cf5cdc16eb6620d138f591e2191
../../foodsg-233_cleaned/Seafood Noodles Soup/TMAVD6F258YRO1R3WWCP0LII.jpg,Seafood Noodles Soup,all,exact_duplicate,34f799f68768b979397576ff3e3ed632
"../../foodsg-233_cleaned/Miso ramen, with fishcake/XVIM1EAZWTTSTFQE560JA7J2.jpg","Miso ramen, with fishcake",all,exact_duplicate,34fada8e12be4d883fe292d7f94e8727
"../../foodsg-233_cleaned/Rice, korean bulgogi beef/J8XWVJVXEFXMG0E9QWMQP4VK.jpg","Rice, korean bulgogi beef",all,exact_duplicate,34fada8e12be4d883fe292d7f94e8727
"../../foodsg-233_cleaned/Bee hoon, soto/IIVM2ZL5UJN8YEQCFVH8R1NK.jpg","Bee hoon, soto",all,exact_duplicate,34fd90575c55de6b8a662b44e7a1ceaf
../../foodsg-233_cleaned/satay bee hoon/PR7RIZVUJES4FOE5PS3LB122.jpg,satay bee hoon,all,exact_duplicate,34fd90575c55de6b8a662b44e7a1ceaf
../../foodsg-233_cleaned/drunken prawn/N5EW3IS2EISB494MLP2HOPLU.jpg,drunken prawn,all,exact_duplicate,35aee3241454e9373d072640d12b3a71
../../foodsg-233_cleaned/cooked brown rice/GSK93D02ZEQJPOO1M6KOVKA1.jpg,cooked brown rice,all,exact_duplicate,35aee3241454e9373d072640d12b3a71
../../foodsg-233_cleaned/lontong/B9Z5FPD9BQZRGIN0DG1O33QF.jpg,lontong,all,exact_duplicate,35d747291facd05dcca0d53a9a1f61c1
"../../foodsg-233_cleaned/Bee hoon, goreng/3P6OUBF0URD0LZ84YJ3PLK8X.jpg","Bee hoon, goreng",all,exact_duplicate,361fabec554a81c1ad2418a0d32d0de9
"../../foodsg-233_cleaned/Mee siam, fried/1D8G23B471TDAED79PO35TP3.jpg","Mee siam, fried",all,exact_duplicate,361fabec554a81c1ad2418a0d32d0de9
../../foodsg-233_cleaned/Mee bandung/89TLMUWY4ZPOML8CNHGQMT9N.jpg,Mee bandung,all,exact_duplicate,3640530f78539733769fb0cb3610a66b
../../foodsg-233_cleaned/Mee soto/59M1V3BGXPMYCX6ELQMF48ZG.jpg,Mee soto,all,exact_duplicate,3640530f78539733769fb0cb3610a66b
../../foodsg-233_cleaned/Lor mee/HDTTMY8HU46Z2XN38IQBTQOE.jpg,Lor mee,all,exact_duplicate,36484dddf50038c5d61e41b603a2c696
../../foodsg-233_cleaned/Laksa/T7GP5323LXHYKJ7SZSF2YKWL.jpg,Laksa,all,exact_duplicate,36484dddf50038c5d61e41b603a2c696
../../foodsg-233_cleaned/mee pok/2XOX5RF2CA1PB4V4KOWEV63R.jpg,mee pok,all,exact_duplicate,3651a60918bf5c2790b65cf4f7e86f64
../../foodsg-233_cleaned/Duck Rice/3TDHBDTO9OLDKE8KD66T6M7B.jpg,Duck Rice,all,exact_duplicate,3659f50ef41df87a8eeb62ef59ed8652
../../foodsg-233_cleaned/whole wheat/ORFBT48ZDA8TW3XCR7RXX51N.jpg,whole wheat,all,exact_duplicate,36a45b0cefef8f4bc60cbd0458d0f5c1
../../foodsg-233_cleaned/whole wheat/DLKOEIC9VSUQ82V0ZIDNABDY.jpg,whole wheat,all,exact_duplicate,36d9984f64aa07efcfff09f639c48168
../../foodsg-233_cleaned/Mee siam/C29W8H6VYYHEW38ZGS7L5HOU.jpg,Mee siam,all,exact_duplicate,3715bd5e92f64fbf837c4d4ce0d57ab9
../../foodsg-233_cleaned/sambal/TGI7YQ101X7BF2GNJ7KZO3QP.jpg,sambal,all,exact_duplicate,37162eb7e6d94bf26da3ff5d59e4d4cd
../../foodsg-233_cleaned/hotplate tofu/GWVIKPYVR9EMGNV15XH1EUAK.jpg,hotplate tofu,all,exact_duplicate,37162eb7e6d94bf26da3ff5d59e4d4cd
"../../foodsg-233_cleaned/Bee hoon, soto/SVABEY1GT3YSUPI2IMGTB1A3.jpg","Bee hoon, soto",all,exact_duplicate,3720160f6cb8f40ec97d6215f768b7bc
../../foodsg-233_cleaned/mushroom soup/BOUCF9IJ4UXRNC1CAFOG4E85.jpg,mushroom soup,all,exact_duplicate,3734ddf88a63f5a0602a06f696dd1f9c
../../foodsg-233_cleaned/Mee siam/V44S3H7D7JNPUM6TUK17HX1M.jpg,Mee siam,all,exact_duplicate,3771ce1d02b849b17b7a72f59e09c15e
../../foodsg-233_cleaned/yam rice/SEVKDUYKHZ3WQCJR8KPOYBRL.jpg,yam rice,all,exact_duplicate,37963befd1ab85f3bc694d8b152245c1
../../foodsg-233_cleaned/Seafood Noodles Soup/QY31DXI0ZZJDJ2V81PXA54QG.jpg,Seafood Noodles Soup,all,exact_duplicate,379d4e082c1f3d2e5380a8173d44a73a
../../foodsg-233_cleaned/yong tau foo/L1SU19IC1WQAPVU6QMIVLFYT.jpg,yong tau foo,all,exact_duplicate,37abe45f906f701ed57b1c5ccf1209fd
../../foodsg-233_cleaned/Mee bandung/7QTZ9YKR8V62C5488NJQKIQB.jpg,Mee bandung,all,exact_duplicate,37b66079c3e8d677b6b70a5bf27b3767
../../foodsg-233_cleaned/Mee soto/7OADJYE5D4HZ4CEH30I6ZCM0.jpg,Mee soto,all,exact_duplicate,37c66d95f3c0d74496fad767a6bd9ea7
../../foodsg-233_cleaned/Pomelo/275UPEI5UJPA835Q5BNPCTFV.jpg,Pomelo,all,exact_duplicate,37ca64af242b1e2c856534c8085119f8
../../foodsg-233_cleaned/Seafood Noodles Soup/GLIHUNB2585OZA9LYUCXYT4I.jpg,Seafood Noodles Soup,all,exact_duplicate,3804b401489058ab5e1bf0fac5298b91
../../foodsg-233_cleaned/Sweets/YWS7MXAPFQ192INC2VYQIGG3.jpg,Sweets,all,exact_duplicate,38507e40d58777bc19f8cb7ce32519f6
../../foodsg-233_cleaned/beef noodle soup/A4J08KNSZTCP1I83X0T1K5GR.jpg,beef noodle soup,all,exact_duplicate,3866309ed5c7318f694d18ec2ff5086f
../../foodsg-233_cleaned/Soto ayam/902PTHDO80R4EGYK2OCRQ22K.jpg,Soto ayam,all,exact_duplicate,389e3dbc043c72a3e7a646795ceb2031
../../foodsg-233_cleaned/Mee soto/6AI1D0VQH5L1S342228RWP8Q.jpg,Mee soto,all,exact_duplicate,389e3dbc043c72a3e7a646795ceb2031
../../foodsg-233_cleaned/bee hoon/S20QLFDLP9OQ6UJE61UEIB7X.jpg,bee hoon,all,exact_duplicate,38e41e09ff907e30806c45fbcd65e958
../../foodsg-233_cleaned/pear/7JS2057J69AVI1ZPPBAR6MC0.jpg,pear,all,exact_duplicate,38ed0b42b91e524c914a29b5cab0ee1b
../../foodsg-233_cleaned/Apple/S7NH7I2COS456F5VUAJ2B0YL.jpg,Apple,all,exact_duplicate,38ed0b42b91e524c914a29b5cab0ee1b
../../foodsg-233_cleaned/mee pok/SSD3QJEDADW9V4DN4D7PJUD6.jpg,mee pok,all,exact_duplicate,393cd14305562e54bae56fce262afc8a
../../foodsg-233_cleaned/kueh lapis - rainbow/X5VY4FSSJK1YTPVY6OQBU18L.jpg,kueh lapis - rainbow,all,exact_duplicate,393dd3925c3ec026cff868fb784ecec6
../../foodsg-233_cleaned/vegetarian bee hoon/9EE7UA4P2PDUU480WZEF2CYW.jpg,vegetarian bee hoon,all,exact_duplicate,3962e993f3e5e817b5086977ad6260d6
"../../foodsg-233_cleaned/Bee hoon, soto/2U78ZB6SR7PSKI3M574AUB6B.jpg","Bee hoon, soto",all,exact_duplicate,397c244d2507d50f7bf32c1a7a347a10
../../foodsg-233_cleaned/Mee rebus/Y2HDAY1CMQMCONQEYMJR5A86.jpg,Mee rebus,all,exact_duplicate,39b37019b177da582bd373b852327ea2
../../foodsg-233_cleaned/Mee kuah/X9CN0EB6RWA3H5X1M7BYP4B4.jpg,Mee kuah,all,exact_duplicate,39bd58bcb33d732ceb1a03d2e207d6d5
../../foodsg-233_cleaned/Mee bandung/704P1IYI46CXTFOJL2WUNXYB.jpg,Mee bandung,all,exact_duplicate,39bd58bcb33d732ceb1a03d2e207d6d5
"../../foodsg-233_cleaned/Bee hoon, goreng/GRCU1HVJG3WRJH3LV8FG5VTZ.jpg","Bee hoon, goreng",all,exact_duplicate,39d80fce02271e2e22ed4ac864a96c31
../../foodsg-233_cleaned/char siew pau/P9CQCQ3GDDSBT57R6AIY4AS4.jpg,char siew pau,all,exact_duplicate,39e6a3350cf8d2b53f61f6d0b7dc5355
../../foodsg-233_cleaned/Mee bandung/XJQY53MAQQWO4EE712UP6I8R.jpg,Mee bandung,all,exact_duplicate,3a070c37c89a7e276ca98246af8cabb4
../../foodsg-233_cleaned/Mee siam/VHJY1F8CHRI5MCUQNZQ9TIRX.jpg,Mee siam,all,exact_duplicate,3a1ad54c908127f44aa098db5e63075d
../../foodsg-233_cleaned/Soto ayam/ZYCSEVKII858KEOYZA9MILOW.jpg,Soto ayam,all,exact_duplicate,3a55dad4c50ac49f2eae789ff26d6358
"../../foodsg-233_cleaned/Bee hoon, soto/K68W8KO4PAXDDOS4IVBFIRSB.jpg","Bee hoon, soto",all,exact_duplicate,3a55dad4c50ac49f2eae789ff26d6358
"../../foodsg-233_cleaned/Bee hoon, goreng/U17Q0O83AXXNBRG8Q2FTCC2I.jpg","Bee hoon, goreng",all,exact_duplicate,3a586905ca901f7cf4b0c87e17f2c59c
../../foodsg-233_cleaned/mixed vegetables/DTBZATSZ3FGH1OH3463URLBE.jpg,mixed vegetables,all,exact_duplicate,3a68bc2c52d46a3251f7ab92e215285e
"../../foodsg-233_cleaned/Bee hoon, soto/IMQOYOLEVPVIGBNE71LC7TTJ.jpg","Bee hoon, soto",all,exact_duplicate,3aa2a4c5aee4b096a9362995767521d5
../../foodsg-233_cleaned/whole grain bread/WUM2BEU4BV5LLADO9ZFM633Q.jpg,whole grain bread,all,exact_duplicate,3aa6b7526240aa22815879ec9cb3c107
../../foodsg-233_cleaned/Bubble Milk Tea/E3X26AF1LB5B60HW9OZXQVVG.jpg,Bubble Milk Tea,all,exact_duplicate,3aaec1da620d9b443576f947bf1e548f
../../foodsg-233_cleaned/chin chow drink/H1UAU8GC8LV0XXDFD7LNAG01.jpg,chin chow drink,all,exact_duplicate,3aaec1da620d9b443576f947bf1e548f
../../foodsg-233_cleaned/Sweets/21TGNC43ZMNWC5Q0CZWKQL9K.jpg,Sweets,all,exact_duplicate,3b2926cdaf9c5d3c98e765ad6418dd09
"../../foodsg-233_cleaned/Bee hoon, goreng/FQSWF5I1PEEFNX34BCJIGQPD.jpg","Bee hoon, goreng",all,exact_duplicate,3b32fbb01aca257f352614480449c8b5
../../foodsg-233_cleaned/Mee soto/7RF9RDXSV2E34M41AKAQMMMH.jpg,Mee soto,all,exact_duplicate,3b3e2f2cfb3ff5031675ad8426a1c52e
../../foodsg-233_cleaned/fried prawn/MMHMMDGEM8T01CAOTIO7SVF4.jpg,fried prawn,all,exact_duplicate,3b47aa728ad5fe52e9846a8fd2739f70
../../foodsg-233_cleaned/Mee siam/IKDGUD5Z15U32FPMF8RVNGTX.jpg,Mee siam,all,exact_duplicate,3b48d9a766369685081fc82a99242958
../../foodsg-233_cleaned/Pomelo/16SSTY8B9RDHMN54VZISSSQP.jpg,Pomelo,all,exact_duplicate,3b83e1fe46ea5262650504937da6d0ac
../../foodsg-233_cleaned/fried prawn/HXPQWIYQZ1VKM62TYCIAG9YO.jpg,fried prawn,all,exact_duplicate,3bb19c4f20d8b9ac86e02436fc254f2d
../../foodsg-233_cleaned/whole wheat/SRFDPTXL3KQFJ77RYL3OMARI.jpg,whole wheat,all,exact_duplicate,3bc28212a38b54c2d4a35e025741a164
../../foodsg-233_cleaned/Pomelo/DL390LLXBNV4BJNQMFG7242T.jpg,Pomelo,all,exact_duplicate,3bdb060997889364b26f482cce50edee
../../foodsg-233_cleaned/Mee siam/GAR7B6HV1UOXU6SJLPBZZ7DJ.jpg,Mee siam,all,exact_duplicate,3c02f13fefe56f11fe8210453078c2e8
../../foodsg-233_cleaned/rock melon/483NRNE6BYXZBNDBGCQYO1PG.jpg,rock melon,all,exact_duplicate,3c065011a8d06460fcf372c52818b37b
../../foodsg-233_cleaned/honeydew/35OL0IMHIPZXPBBZATL39V23.jpg,honeydew,all,exact_duplicate,3c50f1b21ef740128694478ff840a970
../../foodsg-233_cleaned/Wholegrain Wrap/09L4L12WFBLKZTW6WWKTROYE.jpg,Wholegrain Wrap,all,exact_duplicate,3c5d3326acd32a2617dff0f00f178010
../../foodsg-233_cleaned/whole wheat/17OTHPHEMUNC1O4ZBIA7CFT5.jpg,whole wheat,all,exact_duplicate,3c5d3326acd32a2617dff0f00f178010
../../foodsg-233_cleaned/Mee siam/TU1FNCT0H0O4SU1U1YEXEKXE.jpg,Mee siam,all,exact_duplicate,3c825504ddf6356057a5674b9f5a6411
../../foodsg-233_cleaned/lontong/S1M67AV7MDBVM55X42W6GXF8.jpg,lontong,all,exact_duplicate,3ca09e63526e68972b1be3511aecbc4f
../../foodsg-233_cleaned/cream soup/NEWQY6TUT44A1F0DKCZPQJDM.jpg,cream soup,all,exact_duplicate,3ca2605e99d42a18ff26822aa82ff5ef
../../foodsg-233_cleaned/bee hoon/UII72BBWEOT4QTA1WIJIYPZ9.jpg,bee hoon,all,exact_duplicate,3cc7586f6fa2fa134f8e1d853a79950d
../../foodsg-233_cleaned/Mee soto/WQDCIVZOY874MMG9XRMGEBRY.jpg,Mee soto,all,exact_duplicate,3ce937016ec9fb3484c96817d1551353
../../foodsg-233_cleaned/char siew pau/6GPHF6CI1RVFJHG61TKNFOEZ.jpg,char siew pau,all,exact_duplicate,3cf896e3eb8b95755b7954596684820d
"../../foodsg-233_cleaned/Mee siam, fried/UGR8LATGQGPVXWA7J6UHEPD8.jpg","Mee siam, fried",all,exact_duplicate,3d042ff46535f4b03eaebdbd466486bc
../../foodsg-233_cleaned/Mee siam/Y3UEARFDY3SQIFVUZC3DZFYE.jpg,Mee siam,all,exact_duplicate,3d042ff46535f4b03eaebdbd466486bc
../../foodsg-233_cleaned/preserved fruit snacks/3W0NICVBFYNKJ8OLBWT0GNXK.jpg,preserved fruit snacks,all,exact_duplicate,3d156ed7306a810a7f62d5e99863c410
../../foodsg-233_cleaned/Soto ayam/L6NOG52U29704DU403SQ2679.jpg,Soto ayam,all,exact_duplicate,3d286094a226da8f672ae8ac7557deb7
../../foodsg-233_cleaned/sliced fish soup/87SK772DQ2RTLLIGRPEIJ508.jpg,sliced fish soup,all,exact_duplicate,3d574779cd1b2e5bbfa09fcd35443344
../../foodsg-233_cleaned/Seafood Noodles Soup/15JJ4YSGK4MFZ3WW1R60GHDL.jpg,Seafood Noodles Soup,all,exact_duplicate,3d574779cd1b2e5bbfa09fcd35443344
../../foodsg-233_cleaned/fried prawn/HRWMTQMG7Z0UIKC6YNNYZXD8.jpg,fried prawn,all,exact_duplicate,3d80551bd9086ee1a392ab897be3182f
../../foodsg-233_cleaned/cream soup/ALFPVPLMG5PE5R479SW9YJXV.jpg,cream soup,all,exact_duplicate,3dc7746913040354d2c004601bda3077
../../foodsg-233_cleaned/pineapple/AVLRXKVLCA6LNAH7D8SAX3BW.jpg,pineapple,all,exact_duplicate,3dc8fd91056022955831eef44a62aec2
../../foodsg-233_cleaned/strawberry/NW1WLI9PTVV5NJQB5EV0ADIG.jpg,strawberry,all,exact_duplicate,3dc8fd91056022955831eef44a62aec2
../../foodsg-233_cleaned/Mee kuah/EBRXV85MCX8KNZ6NPPWNJEX0.jpg,Mee kuah,all,exact_duplicate,3dd4a169a42f56365032be9f0b475c9d
../../foodsg-233_cleaned/mushroom soup/ULPIZEF8EJAGP3LB1EU7UEWI.jpg,mushroom soup,all,exact_duplicate,3dda71167edad4ae4b96bacf44d30442
"../../foodsg-233_cleaned/Rice, with dakgalbi/7LE9URZNOU5OLWY2I5NL10IB.jpg","Rice, with dakgalbi",all,exact_duplicate,3e083a0aae20fd3bee69fabfde91fbc1
../../foodsg-233_cleaned/green leafy vegetables/T2ETC114D2WSSPRXUDRHJEB7.jpg,green leafy vegetables,all,exact_duplicate,3e16c3e02286d8275862f71979303cfa
"../../foodsg-233_cleaned/Bee hoon, soto/QAPO4EPJBWFV272191CAU8MZ.jpg","Bee hoon, soto",all,exact_duplicate,3e43d066b2fd52d5194dd5e7935d470e
../../foodsg-233_cleaned/tom yum noodle soup/ZJTXLSV2T5S8RE7VYSIKKUMD.jpg,tom yum noodle soup,all,exact_duplicate,3e5bc7c5f87bd90f127e4ce571eac6c7
../../foodsg-233_cleaned/chicken soup/TRM28SJ16OGONGSJOHKKAAXG.jpg,chicken soup,all,exact_duplicate,3e5bc7c5f87bd90f127e4ce571eac6c7
../../foodsg-233_cleaned/Mee soto/XQRJ6EA7FHG9AYAJ9IU8KNEK.jpg,Mee soto,all,exact_duplicate,3e6f943b1361601e99ab4370ceaea965
../../foodsg-233_cleaned/Mee siam/BQ88WYMUPK0CMZ1WN5OXAYTX.jpg,Mee siam,all,exact_duplicate,3e80b710d2d26cd03514f4427bd82922
../../foodsg-233_cleaned/Lontong with sayur lodeh/Q2RR4ZV58FEVAA02A5BPE7B5.jpg,Lontong with sayur lodeh,all,exact_duplicate,3f368d92d95203567cc93e46cdb011e8
../../foodsg-233_cleaned/Ban Mian/Z8V719KB832I6Y6IZOUNNNXZ.jpg,Ban Mian,all,exact_duplicate,3f396317d0af0873f374efb291e290fb
../../foodsg-233_cleaned/kueh lapis - rainbow/I8OX6BOQO8TML9R6RT5PCD3T.jpg,kueh lapis - rainbow,all,exact_duplicate,3f8e70c755c7b9ce98c7d95f832b0b02
../../foodsg-233_cleaned/Mee goreng/PO1R5WXFKKBTQ1OAZXZ4YKJ4.jpg,Mee goreng,all,exact_duplicate,3fe8daf44063d5141e74fbe922be7b9a
../../foodsg-233_cleaned/Mee bandung/WVB44R9QXZAB02TAJEMDI8SV.jpg,Mee bandung,all,exact_duplicate,400eab274a00961eef513f0598a31eaf
../../foodsg-233_cleaned/Mee rebus/LXMIFYPII5JDADWUB4DNYXO4.jpg,Mee rebus,all,exact_duplicate,4032765e0283d66c9cbd3e1bbd6d658d
../../foodsg-233_cleaned/Pomelo/IO967TYVQQAPJCGCWG1MIRKX.jpg,Pomelo,all,exact_duplicate,4032a8dc43ab900bcda993608983b5e0
../../foodsg-233_cleaned/cream soup/W9M15AGM9399MAJEKEYTH9CR.jpg,cream soup,all,exact_duplicate,4047aa2482f1f26fd6589b2decb5bf9c
"../../foodsg-233_cleaned/Bee hoon, soto/HJ5D7WCWIAP8KLWXWUUZAD5K.jpg","Bee hoon, soto",all,exact_duplicate,405b556e3d59660b3967364b16eceeaa
../../foodsg-233_cleaned/whole wheat/R4AUULKAI0R5LFN95Y45ZKOR.jpg,whole wheat,all,exact_duplicate,40628842904cecfc2b6eb36f2ffc43e1
../../foodsg-233_cleaned/chicken masala/R6FOZ4N1W8M35XFVXXRBCZ2M.jpg,chicken masala,all,exact_duplicate,406765454f2da37e6c61856a4d69920a
../../foodsg-233_cleaned/lontong/D7WJQD4THTRP3HLF954PT14K.jpg,lontong,all,exact_duplicate,4086c58e61a26d68f58882e303bacf7b
../../foodsg-233_cleaned/Mee siam/LPY5XWYLTYTLDN8SREUTCW53.jpg,Mee siam,all,exact_duplicate,408aad402f03008ceac7e6f0a03f78db
../../foodsg-233_cleaned/Mee soto/70USL9RXXWO4YVBGAFZS9NSP.jpg,Mee soto,all,exact_duplicate,40ba6e73097b78dd2093e2070811bad8
../../foodsg-233_cleaned/rock melon/WIBOL4O3VXUUV3L8GENJVJDK.jpg,rock melon,all,exact_duplicate,40bbdb84e2bf6f25c397d8f1a80380e4
../../foodsg-233_cleaned/cream soup/Z8GIPSOUS7IG7MAXHOT1G1DP.jpg,cream soup,all,exact_duplicate,40d09039fb565962fb26efda1f9e46d8
../../foodsg-233_cleaned/sliced fish soup/TCS4G4RPV2M3J9Q40BIO34BQ.jpg,sliced fish soup,all,exact_duplicate,40d5d7bc1ff15b612da394a8892dcd6b
../../foodsg-233_cleaned/Alcoholic Beverage/BUN6I9OEYZGU7I4TQQEFSUKA.jpg,Alcoholic Beverage,all,exact_duplicate,40f383ce6e24f24db65a82f9dc5c0f81
../../foodsg-233_cleaned/Mee soto/GZ7E5DVBCHWKKJ1YCUEIPCOI.jpg,Mee soto,all,exact_duplicate,40f655f1d8fff2dd2df8eacd2fbdf2da
"../../foodsg-233_cleaned/Bee hoon, soto/91BQ2TO3WQKHSITM6TOI8EHK.jpg","Bee hoon, soto",all,exact_duplicate,40f655f1d8fff2dd2df8eacd2fbdf2da
../../foodsg-233_cleaned/chai tow kuay/ML7P698FJTY6JDNRUV32SYIQ.jpg,chai tow kuay,all,exact_duplicate,4104708d0b99966e7edd1b8fc9cc71be
../../foodsg-233_cleaned/bee hoon/T1FF9E4DIUG5QNUW8C7PZYD8.jpg,bee hoon,all,exact_duplicate,4134987a19968ab7816b9b8fd98dbcda
../../foodsg-233_cleaned/assam pedas/KXZAQE23QT1NQ5DL7RDMTDFN.jpg,assam pedas,all,exact_duplicate,41cd22d89f1ec331caaa15fa450ec897
"../../foodsg-233_cleaned/Miso ramen, with fishcake/QEHG7FE264OLFRKX5P9D5XKQ.jpg","Miso ramen, with fishcake",all,exact_duplicate,41d3b67e5c82f511cb30c0a1201d3e1d
../../foodsg-233_cleaned/chicken masala/JRZESP8VPYQMZPIM2XJGNJ34.jpg,chicken masala,all,exact_duplicate,41ec09e8a846a34f024f6a4de5dd11b2
../../foodsg-233_cleaned/tandoori chicken/NM6B63IXTAMN1WYS9O1NGACD.jpg,tandoori chicken,all,exact_duplicate,41ec09e8a846a34f024f6a4de5dd11b2
"../../foodsg-233_cleaned/Bee hoon, soto/HHXH9SW2R3OVOPNC68K41MCB.jpg","Bee hoon, soto",all,exact_duplicate,41fece200502a3b191ec8a280cff4d8f
../../foodsg-233_cleaned/whole wheat/UDUWFJT1NGPWOB41ZS1J1OQL.jpg,whole wheat,all,exact_duplicate,421226fd6df62c58f6fcf82b9ef3f6f1
../../foodsg-233_cleaned/whole grain bread/JXL3EC56I7DU1M2OBIYGMJSA.jpg,whole grain bread,all,exact_duplicate,421226fd6df62c58f6fcf82b9ef3f6f1
../../foodsg-233_cleaned/cream soup/RSMST11WR0XB0NAYQCUAQLJH.jpg,cream soup,all,exact_duplicate,4226a26883584ccbc54094d4823ca11f
"../../foodsg-233_cleaned/Bee hoon, goreng/9YEH5BSQYZ5MFLV85M7HVB64.jpg","Bee hoon, goreng",all,exact_duplicate,42321e78bf06eabc216151d5a5ffacce
"../../foodsg-233_cleaned/Bee hoon, soto/KH2DP7OGNWBA5FK88PD2X717.jpg","Bee hoon, soto",all,exact_duplicate,424395f1423d6d7bba75926bf1642530
../../foodsg-233_cleaned/Snacks and Chips/05QRLJCJKKN5AVFQLREKFKC6.jpg,Snacks and Chips,all,exact_duplicate,42ac4d7de159de75cf7ba0fe3a294aa1
"../../foodsg-233_cleaned/Bee hoon, soto/M8TF9LU9LYWQBNGW0D1L1Z4S.jpg","Bee hoon, soto",all,exact_duplicate,42ce5e811a7668e7c4e340d0bafa1652
../../foodsg-233_cleaned/lontong/C4UY6KWH2I5UYBVGIBVIC4FR.jpg,lontong,all,exact_duplicate,42daef455a49d9def6a900d5ede566ae
../../foodsg-233_cleaned/whole wheat/MWXH05857N3RPH9CPRA4C42Q.jpg,whole wheat,all,exact_duplicate,43297158c2bab92e971c349531da1cb9
../../foodsg-233_cleaned/chai tow kuay/K7N83TKZUU8FEOXM6Z1X5N6Z.jpg,chai tow kuay,all,exact_duplicate,43d96d6b84fa3db9af471c07edfb74cf
"../../foodsg-233_cleaned/Rice, with dakgalbi/881KWWLGYUN2AACMYYCP7QCI.jpg","Rice, with dakgalbi",all,exact_duplicate,43ebb4231759123538788c91a10076b7
"../../foodsg-233_cleaned/Rice, korean bulgogi beef/T0VJS81M8RH472D8TW3ZDMX4.jpg","Rice, korean bulgogi beef",all,exact_duplicate,43ebb4231759123538788c91a10076b7
../../foodsg-233_cleaned/sliced fish soup/Q46R2O0CDS880NLZC91PIU4W.jpg,sliced fish soup,all,exact_duplicate,43f9f22e7beb6a723e5381702e1e0d94
../../foodsg-233_cleaned/Mee rebus/MKHYOGYVZSL9Q9S071003PKD.jpg,Mee rebus,all,exact_duplicate,440b0b50c4b7f68d55f5553285782a02
../../foodsg-233_cleaned/whole wheat/68LIFHCESHHXR7U33WE04595.jpg,whole wheat,all,exact_duplicate,4435074c71e6267882c4b4d310661373
../../foodsg-233_cleaned/Fried Noodles/6OXGO3C8M4V06SH3CT8KUBQD.jpg,Fried Noodles,all,exact_duplicate,446afd82a60de4ed1bca1992a3e896ed
../../foodsg-233_cleaned/fried prawn/UFRGLWABY6OLBMQYM0T6YSQA.jpg,fried prawn,all,exact_duplicate,446f4ac836a0f868ea8e2c1ab3141f53
../../foodsg-233_cleaned/passion fruit/K62XMGUQPHQIZP533PBURX0J.jpg,passion fruit,all,exact_duplicate,447598d870cb667e418e0e7675ba0c48
../../foodsg-233_cleaned/Kway Teow/997U6H0IEUUYTNXVUJP0WG40.jpg,Kway Teow,all,exact_duplicate,4495281522566c8c8a06a46b144a3c58
../../foodsg-233_cleaned/Mee soto/I74ZIEV8MIDF4VJ2C3OYXUOV.jpg,Mee soto,all,exact_duplicate,44cd7cca5104ff33670b0ee2a5534e60
../../foodsg-233_cleaned/Soto ayam/X521G15I4TGTONOMG2PVN9ZQ.jpg,Soto ayam,all,exact_duplicate,44cd7cca5104ff33670b0ee2a5534e60
../../foodsg-233_cleaned/Pomelo/9UD79DU6FXM1XKJV4OP3A96O.jpg,Pomelo,all,exact_duplicate,44d76d9744d03a67354f9957e2ba32e2
../../foodsg-233_cleaned/Chinese fritters/7VI27GNS9NKBVD300U5872XW.jpg,Chinese fritters,all,exact_duplicate,452b6ff6ea16cf1ac11d216112b634ab
../../foodsg-233_cleaned/kueh lapis baked/03BYW4ALC105T1U2DK0T345J.jpg,kueh lapis baked,all,exact_duplicate,457cba6f38be3e0c3bf7231dc23d96b0
"../../foodsg-233_cleaned/Mee siam, fried/42NEOBGO6QE0O8VGB7KQQ1DV.jpg","Mee siam, fried",all,exact_duplicate,45ab0ae4870df786ec6e38eb43a47598
../../foodsg-233_cleaned/whole grain bread/H76BM0M0MX38BTS8C7DLTB8S.jpg,whole grain bread,all,exact_duplicate,4601acb61cbdc710e98f2973418d4b33
../../foodsg-233_cleaned/whole grain bread/A5PI0XJSBQUVWT6M74LBUKE6.jpg,whole grain bread,all,exact_duplicate,46086ed4292e8f9f8d42c38e0c32ba52
../../foodsg-233_cleaned/Mee soto/29NG8JQ00ZBZJE8DNIQO2OHX.jpg,Mee soto,all,exact_duplicate,461c31a6809f3a4c2b4e9e52f49ca3eb
../../foodsg-233_cleaned/Soto ayam/43C7EOSJ4DRXR6U53RB2SHBY.jpg,Soto ayam,all,exact_duplicate,462eaac5b994b3025d3d8c459dc3e771
../../foodsg-233_cleaned/breakfast cereal/164R7U6M1MHONW0IFR41QV8Z.jpg,breakfast cereal,all,exact_duplicate,468072aebea7b5cdb6ef6293e6fa716d
"../../foodsg-233_cleaned/Bee hoon, goreng/OYFOMS4QBADT2Z9TGG67VAED.jpg","Bee hoon, goreng",all,exact_duplicate,46bdcd44312f4dbe93bd33c4efa24d95
../../foodsg-233_cleaned/kueh lapis - rainbow/5FGICRVDDVXI1FMJUIKA5RAB.jpg,kueh lapis - rainbow,all,exact_duplicate,03c4170058ed561adfe2c2d6d7070eee
../../foodsg-233_cleaned/Pung Kueh/50DNECE0DPJQYEP3UYAK9ALH.jpg,Pung Kueh,all,exact_duplicate,03c4170058ed561adfe2c2d6d7070eee
../../foodsg-233_cleaned/bee hoon/WN5AYMB5VDBAJ52X49LG32KN.jpg,bee hoon,all,exact_duplicate,4704b84f814b671034d330f079299087
../../foodsg-233_cleaned/Mee soto/OW27Y6RVI9IGOS6YV9KMO8QN.jpg,Mee soto,all,exact_duplicate,470b9dc4a235045e74878eb651881c4d
"../../foodsg-233_cleaned/Bee hoon, goreng/9IEQ3F3HH8UGQ5PG9VJ32XXO.jpg","Bee hoon, goreng",all,exact_duplicate,470d5fdc1b39d1b1ff4180312017041b
../../foodsg-233_cleaned/Seafood Noodles Soup/YLX0P6YUH04ON1II53SQ2ZTU.jpg,Seafood Noodles Soup,all,exact_duplicate,470e0a282ecbd7d86301ef1b33b2849f
../../foodsg-233_cleaned/oyster omelette/F50FBIYFDXBA3TIGLALRDP4H.jpg,oyster omelette,all,exact_duplicate,4713c94b38ab93af74f19ca041c722a9
../../foodsg-233_cleaned/lontong/5I9UD9O00RT79RDLLWH0JXQA.jpg,lontong,all,exact_duplicate,4734f034ca7f2a5131d03398e709093e
../../foodsg-233_cleaned/strawberry/IGNAPLSV1GHEFC3DSDI7UI86.jpg,strawberry,all,exact_duplicate,477067265532b08e91bb9941248ef64a
../../foodsg-233_cleaned/Apple/EKSGGBDHSXRRH1HR4RB8VDZ0.jpg,Apple,all,exact_duplicate,477067265532b08e91bb9941248ef64a
../../foodsg-233_cleaned/whole grain bread/AL5JS0EFJJPZYEA13DQSUE24.jpg,whole grain bread,all,exact_duplicate,479364f75e45fa57362ca5b72de24361
../../foodsg-233_cleaned/whole wheat/51IHY2D56WSPZYHHR60JPGLT.jpg,whole wheat,all,exact_duplicate,479364f75e45fa57362ca5b72de24361
../../foodsg-233_cleaned/fried prawn/01OSGEH9UU5UU5KXEPVF7D47.jpg,fried prawn,all,exact_duplicate,47aa80a08346680a44c3b31b439a74e0
../../foodsg-233_cleaned/Seafood Noodles Soup/Q4EC00RA11OPT2Y1TF2TS0PQ.jpg,Seafood Noodles Soup,all,exact_duplicate,47ee7bb975cc94d52dca0292b215f2aa
../../foodsg-233_cleaned/Mee bandung/I3Z1A67O6EZ9FJZZKU46OYV3.jpg,Mee bandung,all,exact_duplicate,47f5a986415e55c624bd5b5842e1fb89
../../foodsg-233_cleaned/Lontong with sayur lodeh/2NSDKGU0IIPI9GDJBGS03YAS.jpg,Lontong with sayur lodeh,all,exact_duplicate,48253701ebd43633ca54cf6199b1da8a
../../foodsg-233_cleaned/Mee soto/VZIMGO2GLPQLZBZINQ8EE1W9.jpg,Mee soto,all,exact_duplicate,4838916360324bb450f35b7e219b9d4a
../../foodsg-233_cleaned/Fish Ball Noodles/2XNGBPBOPOH975ZP7RZWFFR7.jpg,Fish Ball Noodles,all,exact_duplicate,48441ec1061e141a35cb3b6da6348cf1
../../foodsg-233_cleaned/Soto ayam/Q71SEAO2YEGIJHNUAHYKHDRI.jpg,Soto ayam,all,exact_duplicate,48486bf282ae85b9e82632f474905c23
../../foodsg-233_cleaned/Mee kuah/T5FAY4KB63PN8Q1BWP4MR2X5.jpg,Mee kuah,all,exact_duplicate,4854110e997db631f97fb4e3c18b9981
../../foodsg-233_cleaned/Mee bandung/H7I27ASXTTAUEET0PETLLQUS.jpg,Mee bandung,all,exact_duplicate,4854110e997db631f97fb4e3c18b9981
"../../foodsg-233_cleaned/Bee hoon, soto/67O4YH3QQKYAFARNCXJC142G.jpg","Bee hoon, soto",all,exact_duplicate,4859fdc1e75d3147e4991c7b3fcc45f3
../../foodsg-233_cleaned/whole grain bread/3GAAD06JFUBBJCMNEODPB6RS.jpg,whole grain bread,all,exact_duplicate,486cbf42bd87fae952260e9eb2f7919d
../../foodsg-233_cleaned/lontong/3AYWM63UFS610CCRZXK1CN4B.jpg,lontong,all,exact_duplicate,48706585e43aae7d97e3cd8a7bc9e0bb
../../foodsg-233_cleaned/chicken soup/OYZTDH7RZB47XEU531I0O99M.jpg,chicken soup,all,exact_duplicate,488dcee038071c2b21e9eb1002cd9de2
../../foodsg-233_cleaned/Duck Rice/X4P6F675NR9ND5ZZVAW2Y1FM.jpg,Duck Rice,all,exact_duplicate,49053b253aa9b8f421fcf96e78d55524
../../foodsg-233_cleaned/Mee kuah/736L9E3BLMWGQCBCXMBMHOR7.jpg,Mee kuah,all,exact_duplicate,490959c833b75ed28253226d7079a987
../../foodsg-233_cleaned/Mee bandung/PGI1OH0JOWXODBNNI2XQE7GB.jpg,Mee bandung,all,exact_duplicate,4922ecf88e52ede3ac1f8800cca54271
../../foodsg-233_cleaned/Mee kuah/HX3UVQ6MA0PMKH5MKV5KJP30.jpg,Mee kuah,all,exact_duplicate,4922ecf88e52ede3ac1f8800cca54271
../../foodsg-233_cleaned/vegetable soup/9YOLM74XG1TZKBQTWH1GL8KK.jpg,vegetable soup,all,exact_duplicate,494f936f1cdbe80ab319c98226f3ebca
../../foodsg-233_cleaned/chicken soup/PUULN9CR8STNLIWCUGRBVXXX.jpg,chicken soup,all,exact_duplicate,494f936f1cdbe80ab319c98226f3ebca
../../foodsg-233_cleaned/orange/WAA3ZOVQXQL0SJ2TEU0ZMC1C.jpg,orange,all,exact_duplicate,49606a5f422efe18bf51f1240bf2c034
../../foodsg-233_cleaned/Grapefruit/YQ0OK1J9NUWQ4ZWGMRYIKBW2.jpg,Grapefruit,all,exact_duplicate,49606a5f422efe18bf51f1240bf2c034
../../foodsg-233_cleaned/mee pok/PIWZUEVLKT06Z3TGX7BTX61I.jpg,mee pok,all,exact_duplicate,496f7ee4bec671eebbbbaf39db8e554a
../../foodsg-233_cleaned/Mee soto/37DOR9UEMBU7QGQQ0GN7MBYT.jpg,Mee soto,all,exact_duplicate,49976dcb6b0a7ca150e8ed21ad6b55e2
../../foodsg-233_cleaned/Seafood Noodles Soup/99L2819PI1WY3EDRICFDMFT7.jpg,Seafood Noodles Soup,all,exact_duplicate,49cd07f13cfc88454f7ee1d0cc4c81d2
../../foodsg-233_cleaned/whole grain bread/20GDV0DBOMSOIWMZUXVXOQG2.jpg,whole grain bread,all,exact_duplicate,49d1abcc457da7e0855d6c4a702cfba6
../../foodsg-233_cleaned/whole wheat/K4SUDSCG2SJLIWNAC9EXDVFO.jpg,whole wheat,all,exact_duplicate,49e30ed694e65e5963dcfbea5821a502
../../foodsg-233_cleaned/whole grain bread/MVC2V6JVS5EUZLZZL0L321Q2.jpg,whole grain bread,all,exact_duplicate,4a093fe9921ba7b5b5a990b71d51ae6b
../../foodsg-233_cleaned/whole grain bread/U3Z7PO42ZIPQ4YE7HNRACMJU.jpg,whole grain bread,all,exact_duplicate,4a2d4a254293fe99443df96b018793f4
../../foodsg-233_cleaned/Laksa/Y760TQ39Y4PBDRGI490LALEY.jpg,Laksa,all,exact_duplicate,4a47040a5735061a24a6570d66cf3cfa
../../foodsg-233_cleaned/Ban Mian/KOM92N8OH4YWZWWS2T34M5IJ.jpg,Ban Mian,all,exact_duplicate,4a71e2594b78d354a61db8b338e35915
"../../foodsg-233_cleaned/Mee siam, fried/BYO29PD6P0CARBAQ21FDTB2M.jpg","Mee siam, fried",all,exact_duplicate,4abc8a9a670b235f47592f684469c952
../../foodsg-233_cleaned/Duck Rice/BJF1H1SEUETPOABR7FRBTP0A.jpg,Duck Rice,all,exact_duplicate,4ace801da91ac63d67a4e9e11d0688a1
../../foodsg-233_cleaned/whole wheat/4OISEEAN4C9OGRD9MFQL17JC.jpg,whole wheat,all,exact_duplicate,4aea0082c64580a1900df4d95da02a5d
../../foodsg-233_cleaned/Mee siam/IJ6FUPMI49Z3JW53D8NC33DV.jpg,Mee siam,all,exact_duplicate,4aff715775c1565e389629d84ec79b81
../../foodsg-233_cleaned/rock melon/TPQIBNE9EJ3IWI41DIU8Y7PK.jpg,rock melon,all,exact_duplicate,4b03e9eeca9e98aa4af961da345f251b
../../foodsg-233_cleaned/Mee kuah/FZE9XRUPGGD28P2B59FQT7PN.jpg,Mee kuah,all,exact_duplicate,4b251f6c6f569c2d8f83d6199bb1e59f
../../foodsg-233_cleaned/Mee bandung/3AIHJISU526CJGWU8MXGI5UK.jpg,Mee bandung,all,exact_duplicate,4b251f6c6f569c2d8f83d6199bb1e59f
../../foodsg-233_cleaned/chai tow kuay/S6C0LQH41WS9TRVB74BRTCQF.jpg,chai tow kuay,all,exact_duplicate,4b3ee7a0c2712753e624c800c9294fb7
../../foodsg-233_cleaned/vegetable soup/SO6IM3UZTR7OJ38CJLTJ0MNV.jpg,vegetable soup,all,exact_duplicate,4b3febc0c4bafb5b534793e0910f1c16
../../foodsg-233_cleaned/mushroom soup/PNHJBAJ386CPZK4JOO0DUJCH.jpg,mushroom soup,all,exact_duplicate,4b66268a59cc2f6ff4ab2e365dd7463e
../../foodsg-233_cleaned/whole wheat/3Y2T8GF030UC7886JXY3WS8J.jpg,whole wheat,all,exact_duplicate,4b9df7f7f1ccc7e25bc1e81bdb516494
../../foodsg-233_cleaned/whole grain bread/53W8AVVAOYU16LV69JS7Z8UH.jpg,whole grain bread,all,exact_duplicate,4b9df7f7f1ccc7e25bc1e81bdb516494
../../foodsg-233_cleaned/Mee soto/EDZGSQQTDRR75NYG58TNN1TJ.jpg,Mee soto,all,exact_duplicate,4bb9927b6d2f7a3a9e9cc9302dc2873a
../../foodsg-233_cleaned/char siew pau/VD27I43SSBK3J4Q17BTNO5K7.jpg,char siew pau,all,exact_duplicate,4be78d419a3f27efa838506ce29a11e2
../../foodsg-233_cleaned/Ban Mian/VOND9C9IPIVP1QWGRU44OCBV.jpg,Ban Mian,all,exact_duplicate,4c3db4dd50aaf401a06acd54c1f3ea37
../../foodsg-233_cleaned/whole wheat/S6GE51OFYJ09NVDYCLLV5GIK.jpg,whole wheat,all,exact_duplicate,4c4247e810278936855773a23f60d0cb
../../foodsg-233_cleaned/lontong/72CLL5FYMX06E3HLRO0B5183.jpg,lontong,all,exact_duplicate,4c712d83c446a4b21f3f45f7b57dc919
../../foodsg-233_cleaned/jackfruit/COHKGWHNYUY4BVNUZXDJ5A1P.jpg,jackfruit,all,exact_duplicate,4c76dc8671fc8d156e4075ee41b27591
"../../foodsg-233_cleaned/Bee hoon, goreng/2B97IHE6STRFSOSIE3K8JD38.jpg","Bee hoon, goreng",all,exact_duplicate,4c7c7689b8b7bd7701afc14952ea5d57
../../foodsg-233_cleaned/Soto ayam/LZX3XGBLWYAREUPLB6O6X9TM.jpg,Soto ayam,all,exact_duplicate,4c8b8b256a10f2929423e287ea67a925
../../foodsg-233_cleaned/yam rice/CO51YD8GAZ9MODCDVS79SEA5.jpg,yam rice,all,exact_duplicate,4cbb36dce9277f2f48744289f7390713
../../foodsg-233_cleaned/whole grain bread/3C129JCDVRV70P7OXBLRKCYG.jpg,whole grain bread,all,exact_duplicate,4cc844b6a3d42553b6959c0499ba6bb7
../../foodsg-233_cleaned/Mee soto/O67Z565FG1PR6ZO72EB22BVN.jpg,Mee soto,all,exact_duplicate,4d1bed87608344b1022ed28f000c3986
../../foodsg-233_cleaned/Mee soto/8HK05WGCHV2DPU7DLW9E20WQ.jpg,Mee soto,all,exact_duplicate,4d263d484c05346e5e7ac8c5783730c9
../../foodsg-233_cleaned/Fried Noodles/QRCE616YASB5FAS40852H1R5.jpg,Fried Noodles,all,exact_duplicate,4d35a54b584e89c96b4e94c556f56425
../../foodsg-233_cleaned/whole grain bread/J5F4VA2N1KFMXK7XHHGWGVME.jpg,whole grain bread,all,exact_duplicate,4d3f2e82a32510a8c59600f5576f8b29
../../foodsg-233_cleaned/chai tow kuay/G6C8L1VVEPYHH8WPC6OLMQUE.jpg,chai tow kuay,all,exact_duplicate,4d51027395f43958d3d53cbe98dd6b79
"../../foodsg-233_cleaned/Rice, with dakgalbi/K70LINAWPM5H0L5EEWCP3G82.jpg","Rice, with dakgalbi",all,exact_duplicate,4d702905a88453ffa5c099750b635678
../../foodsg-233_cleaned/fried prawn/DZTSRPNWSFKCE1K7U71M4FKE.jpg,fried prawn,all,exact_duplicate,4d702905a88453ffa5c099750b635678
"../../foodsg-233_cleaned/Mee siam, fried/G07A93RIO4Z7SP7M2REWDGO6.jpg","Mee siam, fried",all,exact_duplicate,4daaa22e37c7fd446f727e5c23c65c97
../../foodsg-233_cleaned/Sweets/NMHUMVDVMXYHG2LJSXFPL5AF.jpg,Sweets,all,exact_duplicate,4db2da813e2a7ecf1794dae4459ea303
../../foodsg-233_cleaned/Pomelo/B1SGF05RFPNJHDH4PR1TNQ3P.jpg,Pomelo,all,exact_duplicate,4dc7123222e71fad3e228acd49497cbd
../../foodsg-233_cleaned/Pomelo/2ZXSKGWSMC1OYGRQEFLTC0N8.jpg,Pomelo,all,exact_duplicate,4dd5f6f637ac5eb0bf415df4511d2ffc
../../foodsg-233_cleaned/bee hoon/K11FFULX69PT9HI4JKUOS7YZ.jpg,bee hoon,all,exact_duplicate,4dd63dfc85148cf63c5b3ba4b1ee179b
../../foodsg-233_cleaned/chai tow kuay/X209583EQNFJRAI8RF9Q848A.jpg,chai tow kuay,all,exact_duplicate,4e4e6b9cf3ef835957ed69cb31ee6b83
../../foodsg-233_cleaned/fried prawn/Y7LESWB53744YT3F5ZMSLSLS.jpg,fried prawn,all,exact_duplicate,4e50e291256d1352ef75ea9081e99b0a
../../foodsg-233_cleaned/char siew pau/4SMKOQO18DXZ7YWBDVY805WM.jpg,char siew pau,all,exact_duplicate,4e7216c9f3ff058a587024b996ba7739
../../foodsg-233_cleaned/Mee kuah/BWL0B0O4ZVUC9UXHGFTRQ0IR.jpg,Mee kuah,all,exact_duplicate,4e91f03bebfb9d241c7fae74e64b1004
../../foodsg-233_cleaned/Mee soto/H8GZORDR8NKHAQBGAFGI6TEV.jpg,Mee soto,all,exact_duplicate,4ea8b0ba6bcea53bc2b65c14316f3170
"../../foodsg-233_cleaned/Bee hoon, soto/U7VN2UJXS86P1BYE6IJP4MCC.jpg","Bee hoon, soto",all,exact_duplicate,4ebdecf682366c39f06bacf0e2288796
"../../foodsg-233_cleaned/Rice, korean bulgogi beef/8KN5PM8XBM1XVJ6O8E0H8PQ0.jpg","Rice, korean bulgogi beef",all,exact_duplicate,4ebf44aa37548c49f14d68631810e89d
../../foodsg-233_cleaned/cooked brown rice/1442EUAHXNUFA1JZK60K97TT.jpg,cooked brown rice,all,exact_duplicate,4ebf44aa37548c49f14d68631810e89d
../../foodsg-233_cleaned/mee pok/QG0F5T2YGSORYVLCM2P1N1B4.jpg,mee pok,all,exact_duplicate,4ec313f5253727311de63fa57e13f260
../../foodsg-233_cleaned/fried rice/KNMT8LJ09VBYCPCSJIDFVCV8.jpg,fried rice,all,exact_duplicate,4eca4bfd1b136ad8275a7b6c5f3bc0a6
"../../foodsg-233_cleaned/Bee hoon, soto/XDSMABKI2993H0V0WYLM7HWK.jpg","Bee hoon, soto",all,exact_duplicate,4ed01a1a1a0d82a76e25a492c9c9bfa6
../../foodsg-233_cleaned/Mee goreng/0TFSMUMQLVBIH5CZ3FGJ9N37.jpg,Mee goreng,all,exact_duplicate,4eecd47412137a64452b8aeb8e335a0c
../../foodsg-233_cleaned/vegetable soup/2URA3Z54YGC8B7GLG352ZYIR.jpg,vegetable soup,all,exact_duplicate,4efbafc5a19412313f5d729bf70d197b
../../foodsg-233_cleaned/parfait/G2NNWQI41VQ2F3ONR3CJO348.jpg,parfait,all,exact_duplicate,4f1085777b9592f52ae31170f880eea0
../../foodsg-233_cleaned/assam pedas/N5FSWWBXK2JY80N6BVBY69G8.jpg,assam pedas,all,exact_duplicate,4f4b1645590c768817d882b854e1b81d
../../foodsg-233_cleaned/Mee siam/RUZR23ZQAVWTB56SZML9XMVN.jpg,Mee siam,all,exact_duplicate,4f58e7cbbbcf52c51d62133efaf7138f
../../foodsg-233_cleaned/Dumpling noodle soup/JG7PQSAASIVQDQLYRG0B19JN.jpg,Dumpling noodle soup,all,exact_duplicate,4f61f7e16e0df26b8d070919af1117d5
../../foodsg-233_cleaned/mushroom soup/5Q3HPC3YXZSWHWJ6CFIYMQEQ.jpg,mushroom soup,all,exact_duplicate,4f7121777163c30657bf06b4b74e7cf1
"../../foodsg-233_cleaned/Rice, with dakgalbi/O1QH3VNTWAZAZQR1LXZ2N8DE.jpg","Rice, with dakgalbi",all,exact_duplicate,4f784964936b531cadb878b8b022337f
"../../foodsg-233_cleaned/Rice, korean bulgogi beef/EBM90LF73S80G1MRO5COSGL4.jpg","Rice, korean bulgogi beef",all,exact_duplicate,4f784964936b531cadb878b8b022337f
../../foodsg-233_cleaned/Seafood Noodles Soup/99YP2GRXT5CM5OMG4K6ASRP9.jpg,Seafood Noodles Soup,all,exact_duplicate,4f875da641447b75762e36516e61005e
../../foodsg-233_cleaned/pasta - red sauce/C4HLWK8BZ4YIMPIEDY63H378.jpg,pasta - red sauce,all,exact_duplicate,4fcad165097784d66a0cac41662d2ecd
"../../foodsg-233_cleaned/Rice, korean bulgogi beef/FT23V0NQ0FOEUDX5U3FMVI3M.jpg","Rice, korean bulgogi beef",all,exact_duplicate,4fd1e280c703951160d333ccec12a75d
"../../foodsg-233_cleaned/Rice, with dakgalbi/TQBDZGD8VQZMRDXZ8AK47SHD.jpg","Rice, with dakgalbi",all,exact_duplicate,4fd1e280c703951160d333ccec12a75d
../../foodsg-233_cleaned/whole wheat/U9KEQG9D8WFMS8LOAYKK2P5P.jpg,whole wheat,all,exact_duplicate,4fd959fb91457b31b3ae059c93fcc2e2
../../foodsg-233_cleaned/mee pok/GQ7WCMSI0944Y65TBOF7DUXA.jpg,mee pok,all,exact_duplicate,502e8a5af99547d80d0978bf80e11dda
../../foodsg-233_cleaned/chai tow kuay/IUF0LUVXOJJMW82WFTPRA362.jpg,chai tow kuay,all,exact_duplicate,502ea99b2ccb424c822540bb5c5164ad
../../foodsg-233_cleaned/assam pedas/HZ7ZYT7GSMS56TME130YX1WN.jpg,assam pedas,all,exact_duplicate,503cbcb57f28b0921ad63476b9a2066c
"../../foodsg-233_cleaned/Mee siam, fried/H2X0FBHD2BFM88600WFJ8MPU.jpg","Mee siam, fried",all,exact_duplicate,505f487ee921cb8ec7719cad8763a286
../../foodsg-233_cleaned/Soto ayam/BS98LRYAKDAQQ2N7ABX7ZLG7.jpg,Soto ayam,all,exact_duplicate,506aa40a2366bbb0852c4e1975d86527
../../foodsg-233_cleaned/Mee soto/OJ9XHRYKCCJ8GTCIWDRQ1J95.jpg,Mee soto,all,exact_duplicate,506aa40a2366bbb0852c4e1975d86527
../../foodsg-233_cleaned/Mee soto/OWD9A3BFWHUIUO8C05SMR1YR.jpg,Mee soto,all,exact_duplicate,508524e830a52b8e359e37e4e8d15709
../../foodsg-233_cleaned/bee hoon/3FDRMQNAVW24MZ2HVL5P6LY4.jpg,bee hoon,all,exact_duplicate,50dfd3c23c5bfab8bba3b42973e5cdb7
../../foodsg-233_cleaned/har cheong gai/VAB07FGS2OR853VVV8F3WUHS.jpg,har cheong gai,all,exact_duplicate,50f0f7c4b415a2f8d2c1f589c79a3fa1
../../foodsg-233_cleaned/bee hoon/ZZ50BE1UA4PZAPGDJE8XQ3PB.jpg,bee hoon,all,exact_duplicate,510db4e4ca7b931568f7aab19939c10f
../../foodsg-233_cleaned/Prawn Noodle/O1GJNWX8Z63BU5FELAAVDMMH.jpg,Prawn Noodle,all,exact_duplicate,5112fa9534a625ae650d67be1ca2c303
"../../foodsg-233_cleaned/Bee hoon, soto/B0D5HBBQG0EU9ZNNKOX27MPD.jpg","Bee hoon, soto",all,exact_duplicate,51206c438cd5f6e69056e31156afc7be
"../../foodsg-233_cleaned/Bee hoon, soto/WW0WQUFLXP37ULLZXZJK10A7.jpg","Bee hoon, soto",all,exact_duplicate,51267f4e24af07f61dc1e27068169d8b
../../foodsg-233_cleaned/Mee soto/8QB06O2EHSSI3TETGFR8W22G.jpg,Mee soto,all,exact_duplicate,514efb0d074e3bd921e864c053f5cc70
../../foodsg-233_cleaned/mee pok/T2N2TEEKDAR9RYWJSI9J20WZ.jpg,mee pok,all,exact_duplicate,520fa5abf7ce173040ecbb5eebc89644
"../../foodsg-233_cleaned/Bee hoon, soto/IRBG4KG8D5I2ECHX1UCJC7RQ.jpg","Bee hoon, soto",all,exact_duplicate,52557145a93930293ce07ad1dc393d59
../../foodsg-233_cleaned/Mee siam/NXE9EFOUFNUQPRPXROT488DO.jpg,Mee siam,all,exact_duplicate,5255d558a6a5affef7673544ea0a28f9
../../foodsg-233_cleaned/Porridge/GGEE1JP2FMBQZOM6G549HMB3.jpg,Porridge,all,exact_duplicate,52aa6fafe80ce3239cb423ec59d61fd9
../../foodsg-233_cleaned/xiao long bao/O4LZJGUUNKITDXXJG5WOYJ61.jpg,xiao long bao,all,exact_duplicate,52d84bd96911851d4e5f060be1061a24
../../foodsg-233_cleaned/tom yum noodle soup/0M3A2SLRH8Z6OZGI2U6IB95V.jpg,tom yum noodle soup,all,exact_duplicate,52e7c4409ba981f3e9399cdfb2a0878b
../../foodsg-233_cleaned/Mee soto/25EZYG5AFRTW9GOGS2B9SUWS.jpg,Mee soto,all,exact_duplicate,531d1f3dc0402cfca4731419e6f77d1f
"../../foodsg-233_cleaned/Bee hoon, soto/1KU9RIL6S701VQ4FUVMD97NB.jpg","Bee hoon, soto",all,exact_duplicate,531d1f3dc0402cfca4731419e6f77d1f
../../foodsg-233_cleaned/whole wheat/E4WADVY03N3API89OXROIZ4B.jpg,whole wheat,all,exact_duplicate,533f0aea5b9a861f4f8fff698436e8e9
../../foodsg-233_cleaned/Mee soto/7ZZF99AVO1FJ9UP0861LAUPV.jpg,Mee soto,all,exact_duplicate,5363c3e6400b47cb2402c7664aa860c5
"../../foodsg-233_cleaned/Bee hoon, soto/XBGUHUSRX8NCI5JHU27T4VC6.jpg","Bee hoon, soto",all,exact_duplicate,53c888c8f7729585f6fee014b00051a9
../../foodsg-233_cleaned/mushroom soup/XVT19OZ3SJY3I5ZIPIE8DHEW.jpg,mushroom soup,all,exact_duplicate,53fed6acfc611cb25419a87f760cd3dd
../../foodsg-233_cleaned/Mee soto/F716WYLF99KWZNRAXXMESUNB.jpg,Mee soto,all,exact_duplicate,5403a83f7a93939dd60b24e2e036f0e5
../../foodsg-233_cleaned/Mee siam/T6JCNZJ5AEN5NKVTNLLRVEQ2.jpg,Mee siam,all,exact_duplicate,543880241d795ba786b92bd3302b7c90
../../foodsg-233_cleaned/lontong/X6F8U8OBRQ7YDGZK90DYXIV1.jpg,lontong,all,exact_duplicate,5446be5bfda80cf0a29b40203e5d8461
../../foodsg-233_cleaned/Lontong with sayur lodeh/0YC1T9HTN8GC1U8FKJBZMPLZ.jpg,Lontong with sayur lodeh,all,exact_duplicate,5446be5bfda80cf0a29b40203e5d8461
../../foodsg-233_cleaned/Udon/6CAOLS25D78GKWEORIR24OFC.jpg,Udon,all,exact_duplicate,5447becbb76a88b11db2c9d69c6daf23
../../foodsg-233_cleaned/orange/17ZQROOE1N5WEU7Z1KHCD9IJ.jpg,orange,all,exact_duplicate,546834ea38cb5e83fd913a4b54d4a20c
../../foodsg-233_cleaned/lontong/W2OFJZGHLS3ZLQNODF5BHU1S.jpg,lontong,all,exact_duplicate,5483ef00d5efffd2759c8fee4ac6a63d
../../foodsg-233_cleaned/ice kacang/5BMSYKJMZ1F4VGJW88FKOPNH.jpg,ice kacang,all,exact_duplicate,549b670b33bdf3f8fab1e59841354a1a
"../../foodsg-233_cleaned/Bee hoon, goreng/K0J4FPWTPADBPR18BKMA4F2X.jpg","Bee hoon, goreng",all,exact_duplicate,54a74ca47460f77e454f215de915f983
../../foodsg-233_cleaned/Pomelo/2Z0YDMYDUHU9EQTRDXV2D9WG.jpg,Pomelo,all,exact_duplicate,54da353f158b566281b5d904d0f098f1
../../foodsg-233_cleaned/pear/B3U7HCZY1BLBPHBFMHNNC4TE.jpg,pear,all,exact_duplicate,5500758a4e0a80afa70af3b5b2b67a62
../../foodsg-233_cleaned/Mee soto/3P15LC5CCUL6PEHOFDCO4RYD.jpg,Mee soto,all,exact_duplicate,5524727a41d8e1f6ff095bb5395fddd2
../../foodsg-233_cleaned/Soto ayam/V2ICYRYS4XCB8J3Y3ZCQAKBM.jpg,Soto ayam,all,exact_duplicate,5524727a41d8e1f6ff095bb5395fddd2
../../foodsg-233_cleaned/beef noodle soup/81P9584JYRLK7JQY3RNBCBVN.jpg,beef noodle soup,all,exact_duplicate,55383b108d6a253c1c9f15d9f9cc059c
../../foodsg-233_cleaned/sliced fish soup/P3C3MCY4IAXGTEC9TDDJNT4G.jpg,sliced fish soup,all,exact_duplicate,55383b108d6a253c1c9f15d9f9cc059c
../../foodsg-233_cleaned/whole wheat/3XOI8I9KP2CL2DN4SE8C52FD.jpg,whole wheat,all,exact_duplicate,5556d2d5b68011475268b3bf1ccbd372
../../foodsg-233_cleaned/spring rolls/SR5F2Z4G14JUMRUX6A9LJ2JD.jpg,spring rolls,all,exact_duplicate,55638091b11e95e412b4f48733c9a12f
../../foodsg-233_cleaned/bee hoon/EWH9YIOIR3S3KK3UBC1TPMUX.jpg,bee hoon,all,exact_duplicate,557dbc18811a7ef9586290ee106e1408
../../foodsg-233_cleaned/Bibimbap/5E2LQYEUFQMC1D8G7L0AMLQA.jpg,Bibimbap,all,exact_duplicate,559069578042b9b5a39901a6820e2ba8
../../foodsg-233_cleaned/Mee soto/3CU8C2DIC4R8DVV207JFFCFD.jpg,Mee soto,all,exact_duplicate,55991f935f1a2c5cd577c532f749c281
../../foodsg-233_cleaned/lontong/FP5YAKC1C3RKRTD9RJAI9EBY.jpg,lontong,all,exact_duplicate,55a4988fb1a1095d5c843c8953cd225c
../../foodsg-233_cleaned/milk/4FHQG3YUZ7LHYMZPKOO9QHN9.jpg,milk,all,exact_duplicate,55ef294275d414981fab8c9a164ab75c
../../foodsg-233_cleaned/steamed buns/TIIZ3UTP9IGEQ3BDJ47HSYOR.jpg,steamed buns,all,exact_duplicate,55f81f51b3890f5bf262d82c5156e783
../../foodsg-233_cleaned/Mee bandung/43YS7LS6IEH1FEPGR5JLMB98.jpg,Mee bandung,all,exact_duplicate,560e640792df2ffb087f08aaef912413
../../foodsg-233_cleaned/cream soup/BOBXSAF2FNQTCO8Z9QWQR4R0.jpg,cream soup,all,exact_duplicate,56357c715631c2626a472cb5f92b571e
../../foodsg-233_cleaned/Pomelo/V0KHBFBS759CEMV0J9C6X4GV.jpg,Pomelo,all,exact_duplicate,5640204919788155e7dcb4a531c6b953
../../foodsg-233_cleaned/Dumpling noodle soup/DQAHCSO3BE2H0T7PW23CTKJT.jpg,Dumpling noodle soup,all,exact_duplicate,564a36346d4619878527ec995d45a527
../../foodsg-233_cleaned/pineapple/XMDZVHIEVKFW7PMQAMOZWZ6W.jpg,pineapple,all,exact_duplicate,56585ba9349af2082c564e3389fa98f4
../../foodsg-233_cleaned/pitaya/FQDXG503WA07PRJ3OSQVL4GC.jpg,pitaya,all,exact_duplicate,56585ba9349af2082c564e3389fa98f4
../../foodsg-233_cleaned/Lontong with sayur lodeh/P2B7IXLISIP98T5XSVD88AK5.jpg,Lontong with sayur lodeh,all,exact_duplicate,565ffd0fc46fe99543f34841c361a70d
../../foodsg-233_cleaned/tom yum noodle soup/F9ZXNKJBP5KV5BMHK45K9N3S.jpg,tom yum noodle soup,all,exact_duplicate,5671c02809d68429abce450e42c49689
../../foodsg-233_cleaned/Fish Ball Noodles/INIW70EMJN6VIO38WDCOI2GN.jpg,Fish Ball Noodles,all,exact_duplicate,5671c02809d68429abce450e42c49689
../../foodsg-233_cleaned/Udon/V0KIRXAD27WAI1P5OXSFRW4L.jpg,Udon,all,exact_duplicate,568c540e9c192e128d026cb1606ba5c4
../../foodsg-233_cleaned/whole wheat/3EAPFNYD9J2MGRXDQ3UUAL2T.jpg,whole wheat,all,exact_duplicate,5698676b3bcd8255ab7873fe8795d4e2
../../foodsg-233_cleaned/Mee siam/3E8GA79LG6ACKB7I1IDXW7DW.jpg,Mee siam,all,exact_duplicate,56d7094ff1d1f95adc4834f410b2bb43
../../foodsg-233_cleaned/whole wheat/E86KYDWKPKIRO5Z1Y27KR744.jpg,whole wheat,all,exact_duplicate,56ef88a752b7e2f464ee2f3c5f39cb24
../../foodsg-233_cleaned/Mee siam/BJPDSBTK89TGKK87K21PK8HX.jpg,Mee siam,all,exact_duplicate,572a241f4ed7d6d28de277b04ba2e56f
../../foodsg-233_cleaned/pineapple/QVSKICQB6KXC0OPUSE61VS79.jpg,pineapple,all,exact_duplicate,5766e47481921d318cf3241e716c90cf
../../foodsg-233_cleaned/strawberry/GMNYIMXCFTDCKUTYEP4V844V.jpg,strawberry,all,exact_duplicate,5766e47481921d318cf3241e716c90cf
../../foodsg-233_cleaned/whole wheat/8WMBOAJPTTBZK5WM4PLK4FQK.jpg,whole wheat,all,exact_duplicate,5788efa4ab464d4400461cfbac5423f3
../../foodsg-233_cleaned/pasta - red sauce/3TC669TQVI19RVP9IK7Y1ZYE.jpg,pasta - red sauce,all,exact_duplicate,57a40e4c9b93d56523ec240902437392
../../foodsg-233_cleaned/Seafood Noodles Soup/C28OH8YMMHADBHF146FXKMOB.jpg,Seafood Noodles Soup,all,exact_duplicate,57a6c78b9442542630161d218445c15d
../../foodsg-233_cleaned/bee hoon/3SG1SM7CM5BZ0CJBZXJ1INIY.jpg,bee hoon,all,exact_duplicate,57c92d841ae9e6335bd2e6840b4dfe22
../../foodsg-233_cleaned/Seafood Noodles Soup/919OK4OPLZVZQV2680JOZP5N.jpg,Seafood Noodles Soup,all,exact_duplicate,57c92d841ae9e6335bd2e6840b4dfe22
../../foodsg-233_cleaned/whole grain bread/KQKT891EMXG0K17HLJHDCR28.jpg,whole grain bread,all,exact_duplicate,57ed37497f219f52dfcdc16e33226fca
../../foodsg-233_cleaned/whole wheat/SGUDFT4WL29MKSZDI2SBUD0E.jpg,whole wheat,all,exact_duplicate,57ed37497f219f52dfcdc16e33226fca
../../foodsg-233_cleaned/bee hoon/C4TISPXH2EKZXCX3UDPA1INA.jpg,bee hoon,all,exact_duplicate,57fcbb5373e586a4cd2b6f8a35da6b39
../../foodsg-233_cleaned/Snacks and Chips/13QVEOTMWBLWJBG7VJI1AIV4.jpg,Snacks and Chips,all,exact_duplicate,586098b21b7df93678a16ce8ab0e8265
"../../foodsg-233_cleaned/Rice, korean bulgogi beef/95TUHYDTQ18WIK4BF5D2SDLP.jpg","Rice, korean bulgogi beef",all,exact_duplicate,588ba1953000b33bcb55cd14361b1ce2
"../../foodsg-233_cleaned/Rice, with dakgalbi/T44LMXYNT4X0OKS8BX0LQXNU.jpg","Rice, with dakgalbi",all,exact_duplicate,588ba1953000b33bcb55cd14361b1ce2
../../foodsg-233_cleaned/mushroom soup/EH7Z6IV62ZDW5IYEMV2ABZWM.jpg,mushroom soup,all,exact_duplicate,589975dc4feca94e07849a9c327e03f8
../../foodsg-233_cleaned/kiwi/V4Q0N9PWKID6GTGV65C9IKLO.jpg,kiwi,all,exact_duplicate,58dc4a25216ace82b01699a0d907c4b7
../../foodsg-233_cleaned/cherries/VW4ZHM84B2Y5JS7JDZ5JIBJ2.jpg,cherries,all,exact_duplicate,58dc4a25216ace82b01699a0d907c4b7
../../foodsg-233_cleaned/Seafood Noodles Soup/5Z5SRJ18B8ZW27SMSG744KYD.jpg,Seafood Noodles Soup,all,exact_duplicate,5922f5aad589534da31151ab227b91b5
../../foodsg-233_cleaned/steamed buns/9DM7A99W9PZ10S6GNWW9RIGW.jpg,steamed buns,all,exact_duplicate,593db62febc1e4f2c0f057771aea2a8c
../../foodsg-233_cleaned/cream soup/O3QQYN3KM50DSKMV3PLDZ9VI.jpg,cream soup,all,exact_duplicate,5940d4446263a90e09dbcec1baaf2674
../../foodsg-233_cleaned/Seafood Noodles Soup/0NX6UO4NE15HP2KR8HPV7JYH.jpg,Seafood Noodles Soup,all,exact_duplicate,5944c819daab899ba7a6a0ccc0e95bfc
../../foodsg-233_cleaned/chicken soup/3H11NEF98H1WPL0MB86TAA1S.jpg,chicken soup,all,exact_duplicate,59698345cacaee9b6772dc4b7b9dd9fe
../../foodsg-233_cleaned/Dumpling noodle soup/T3WEX6VYL2AQVTT1L8LG5M7S.jpg,Dumpling noodle soup,all,exact_duplicate,59698345cacaee9b6772dc4b7b9dd9fe
../../foodsg-233_cleaned/Blackberry/3CHAAGPAX5IGD0YNL08K28EZ.jpg,Blackberry,all,exact_duplicate,5985c5269587d2d5455db6ec2e7214a1
../../foodsg-233_cleaned/raspberry/XA9FWNBPTJIUV2ELZCLOMIZO.jpg,raspberry,all,exact_duplicate,5985c5269587d2d5455db6ec2e7214a1
../../foodsg-233_cleaned/Hor Fun/JADCASYATBE9Q5YDE442W0ZF.jpg,Hor Fun,all,exact_duplicate,5989b0e20c3665578f42192e9b703448
../../foodsg-233_cleaned/Seafood Noodles Soup/SX95DT7WET4R74AE8UKGBIN3.jpg,Seafood Noodles Soup,all,exact_duplicate,5989b0e20c3665578f42192e9b703448
../../foodsg-233_cleaned/blueberries/8ZC5OPDVKJT3K0HTISZMI0L3.jpg,blueberries,all,exact_duplicate,59ac3a46ffd7a3a98a28d92f986d4f2c
"../../foodsg-233_cleaned/Mee siam, fried/DBKYDBUXC912H5ILONKPP31F.jpg","Mee siam, fried",all,exact_duplicate,59aecd3479a3fe411bb10f8e4238a7ea
../../foodsg-233_cleaned/Laksa/PIXDZKNURIN943E4LJL0LH4O.jpg,Laksa,all,exact_duplicate,59bef50c3727ec63092e2923af14e6ae
"../../foodsg-233_cleaned/Bee hoon, goreng/YQEEY3YPFS5PR1DBECPB4GBL.jpg","Bee hoon, goreng",all,exact_duplicate,5a005ebcc91415f89bed94d73b67d472
"../../foodsg-233_cleaned/Bee hoon, soto/IHAJGNH393GTGMUDYW3VHUXH.jpg","Bee hoon, soto",all,exact_duplicate,5a0f2b07e6461d4004b4b3e676f17d42
"../../foodsg-233_cleaned/Bee hoon, goreng/H65IUJBL9NSDQKI5Z1BSWPM4.jpg","Bee hoon, goreng",all,exact_duplicate,5a2811f46367a3b760f9a9e76d099c76
../../foodsg-233_cleaned/blueberries/MCFLIVONKFT0N7GJNDWSUPC8.jpg,blueberries,all,exact_duplicate,5a85ac3b290ea20b87f3ed34ab1c67c9
../../foodsg-233_cleaned/char siew pau/VOQWAKQAOGMT7O8WR456RC4R.jpg,char siew pau,all,exact_duplicate,5a8c46dcdb45cb25732d03ff7c67546b
"../../foodsg-233_cleaned/Bee hoon, soto/VGXETSVNBFBPXBVXV346H2JJ.jpg","Bee hoon, soto",all,exact_duplicate,5af9d66009a3fb28be871c2bbd737c41
../../foodsg-233_cleaned/bee hoon/98UBZ8V8TBGU2SJ304QT33X6.jpg,bee hoon,all,exact_duplicate,5af9d66009a3fb28be871c2bbd737c41
../../foodsg-233_cleaned/Dumpling noodle soup/DN8CI3CEDXE6SF9Y10RJ8YFR.jpg,Dumpling noodle soup,all,exact_duplicate,5b048346f00f59b39f9a451449eaac03
../../foodsg-233_cleaned/chai tow kuay/MPOLR9KIT0E2BG0MG3GW4MW0.jpg,chai tow kuay,all,exact_duplicate,5b197e9e524de53318c762a215b4e50e
../../foodsg-233_cleaned/mixed vegetables/JGZ31ROMWOY6A6M8DMSPRT6H.jpg,mixed vegetables,all,exact_duplicate,5b239dec8b7c0932690355970b312cb0
"../../foodsg-233_cleaned/Rice, korean bulgogi beef/NBT95URT0VENODUWJOBHT3AT.jpg","Rice, korean bulgogi beef",all,exact_duplicate,5b239dec8b7c0932690355970b312cb0
../../foodsg-233_cleaned/whole wheat/MYNQQJ0G04XEC6K8R5H4CRM0.jpg,whole wheat,all,exact_duplicate,5b61b16cd080e8c2ed22302a2b96a1be
../../foodsg-233_cleaned/Bubble Milk Tea/DOPOG2D80VULIDDUN9C4UGGM.jpg,Bubble Milk Tea,all,exact_duplicate,5b68be85c20da3d8fe3bfe800e5b7826
../../foodsg-233_cleaned/mixed vegetables/5YEJPNKEL7834VK2MK8DDQJF.jpg,mixed vegetables,all,exact_duplicate,5b7a707b5ed3a499d7a9cd809061352c
../../foodsg-233_cleaned/Lontong with sayur lodeh/W7D7NWF7WHTF74ACYNZVL6E7.jpg,Lontong with sayur lodeh,all,exact_duplicate,5b84f58ec3d8d0b077af4493802a7911
../../foodsg-233_cleaned/cooked brown rice/6D7BW1B7OE3JFC7DZZ3Q61XD.jpg,cooked brown rice,all,exact_duplicate,5bb9e3fa63ba4517076c7119edf36233
../../foodsg-233_cleaned/Mee bandung/QK2N8LT6HFN3AR2D6HDWGVK4.jpg,Mee bandung,all,exact_duplicate,5be41db61778e160426ba5b38985e7a5
../../foodsg-233_cleaned/Mee soto/JV6JZM13PBOXMZJE7D8MW4CB.jpg,Mee soto,all,exact_duplicate,5c7bd857f6dbe1ceefb74bb4519a2a40
../../foodsg-233_cleaned/whole wheat/PX8CFY20TK9EMCOPE1T9LWI9.jpg,whole wheat,all,exact_duplicate,5c9a707a3fc621293c52426a1ccdd66d
../../foodsg-233_cleaned/whole grain bread/KJQ7I1TVNW6CIVLLNAXR2YJC.jpg,whole grain bread,all,exact_duplicate,5c9a707a3fc621293c52426a1ccdd66d
"../../foodsg-233_cleaned/Rice, korean bulgogi beef/W9URJFZK66WNJLXXAICAO0GV.jpg","Rice, korean bulgogi beef",all,exact_duplicate,5ca4d6d328f499a2430e8a2e1ddafc67
../../foodsg-233_cleaned/roasted chicken/MPBGLN8JXOKFKPXIVOW17UJ8.jpg,roasted chicken,all,exact_duplicate,5cd6428a8f507de0a8da4bf4061f8a95
../../foodsg-233_cleaned/Mee kuah/QK93607741E9MUBQKVLKMYWB.jpg,Mee kuah,all,exact_duplicate,5cd9314ad18e5e82c9c1d28201f0d8bb
"../../foodsg-233_cleaned/Bee hoon, soto/VQ4R18JTKX48CUOTVM7A6O2G.jpg","Bee hoon, soto",all,exact_duplicate,5d0845c3ee08a206389088f58ab83395
../../foodsg-233_cleaned/char siew pau/7M1JHAN7TBOC0GJFXOIAKAJD.jpg,char siew pau,all,exact_duplicate,5d24f52287fef01bb771826f8c8f4187
../../foodsg-233_cleaned/chai tow kuay/K0UVRYNPMZ4MI4SO9V528DJB.jpg,chai tow kuay,all,exact_duplicate,5d28b89fcf0d2f781612d4f507f674cf
../../foodsg-233_cleaned/mixed vegetables/49AGYIWZ9WPJUWRYZ4P2NQKL.jpg,mixed vegetables,all,exact_duplicate,5d4a2bdb4f88eae49e2149645ba44862
../../foodsg-233_cleaned/Mee siam/UGVLME5YRRORIVKPVNNWN6LY.jpg,Mee siam,all,exact_duplicate,5d53105b6353dd112d9783ffa68c7c49
../../foodsg-233_cleaned/drunken prawn/J5FJI0WP6GWA3Y2DFPGCGLFE.jpg,drunken prawn,all,exact_duplicate,5d7544eec577f66af21e7afa4efbd550
../../foodsg-233_cleaned/Mee siam/4DC7S5X1T8FS3HWS6EN4TVSQ.jpg,Mee siam,all,exact_duplicate,5d7bbda94b65b8a1a8d0baacabe020c6
../../foodsg-233_cleaned/mixed vegetables/CAVOL6WMAG5CYGBZ6U6XSO77.jpg,mixed vegetables,all,exact_duplicate,5da642ed9c16a24976d646a4bee44f91
../../foodsg-233_cleaned/fried prawn/88KU52PS7XC016FZY2D4AEDK.jpg,fried prawn,all,exact_duplicate,5dd83bf8fdde3040d702f9c32db0b642
../../foodsg-233_cleaned/mushroom soup/2QF84A6NI5C1IY9RFF8HGHBG.jpg,mushroom soup,all,exact_duplicate,5ddd8784114c2b23d20f0e1b1b0c94c2
"../../foodsg-233_cleaned/Rice, korean bulgogi beef/1MMDHMBHTFXOTZI37IHEKJ7M.jpg","Rice, korean bulgogi beef",all,exact_duplicate,5de2f73d437418375e50fe64895a8df0
../../foodsg-233_cleaned/drunken prawn/GS2IPBK0BPFQ6597L47BYZAY.jpg,drunken prawn,all,exact_duplicate,5de2f73d437418375e50fe64895a8df0
../../foodsg-233_cleaned/Seafood Noodles Soup/MU2216LIQTU8SV2DQM5J5XVW.jpg,Seafood Noodles Soup,all,exact_duplicate,5e0037379d159678294184d1c70b1f84
../../foodsg-233_cleaned/Mee soto/G4RYO34P6PJJKIVTUPMFZMZA.jpg,Mee soto,all,exact_duplicate,5e3b6d67598dfd15d6a1d0ec0cdb7675
../../foodsg-233_cleaned/Kueh Salat/SRYCNLID1SGCYX6XLWQZSJIC.jpg,Kueh Salat,all,exact_duplicate,5e3c070f7ab36f7c246a7cf04e9d1cc0
../../foodsg-233_cleaned/Pung Kueh/E7JA132DKY8J2X2BTCPPTU81.jpg,Pung Kueh,all,exact_duplicate,5e3c070f7ab36f7c246a7cf04e9d1cc0
../../foodsg-233_cleaned/bee hoon/TCC8HBTY5COXDLOXGJIBC260.jpg,bee hoon,all,exact_duplicate,5e4c0a43bca416209d9ee6639813ddf9
../../foodsg-233_cleaned/Mee soto/1JC8FA0C4GRLJCKF1SONNG4H.jpg,Mee soto,all,exact_duplicate,5e88015514300514015924462a4a8137
../../foodsg-233_cleaned/Soto ayam/POAH19KLWDAVTVWMH0TL06NG.jpg,Soto ayam,all,exact_duplicate,5e88015514300514015924462a4a8137
../../foodsg-233_cleaned/Sweets/TF6X6KFUPN2FDIMRC0X7GVA2.jpg,Sweets,all,exact_duplicate,5ebf7fef743d8138ffed4dbc915f77ea
../../foodsg-233_cleaned/chai tow kuay/RI1YC7LOQR8X1LMYYPZ0S7CW.jpg,chai tow kuay,all,exact_duplicate,5ed752f174e684131c9efa1a60bb23b0
../../foodsg-233_cleaned/Mee rebus/OKCKXHA2E2BGML0KFRD3TRHE.jpg,Mee rebus,all,exact_duplicate,5eed0ef0e666fcefc64c9af5f022f514
../../foodsg-233_cleaned/fried chicken/W6XRYDZJKBMZFKQN5V7D7X2W.jpg,fried chicken,all,exact_duplicate,5ef8c18e80801f3dd86a973c1e90eab7
../../foodsg-233_cleaned/tom yum noodle soup/6BLPDHLI8Y2KJARYMHJORINP.jpg,tom yum noodle soup,all,exact_duplicate,5fba25c53c2fb624fcfae5ddf4ccc356
../../foodsg-233_cleaned/honeydew/WT6ZAHRWFL4YTNQPJ1DWVG83.jpg,honeydew,all,exact_duplicate,60228bf7ab3c52fedaa6fcc433c491ad
../../foodsg-233_cleaned/Mee soto/A1U0X77QEMCR0Y54LCNO6LNA.jpg,Mee soto,all,exact_duplicate,60cb09edc10b66bf691f9c112ac53375
../../foodsg-233_cleaned/Mee siam/48MT2MRXOAQCHE2TO2XG6IOX.jpg,Mee siam,all,exact_duplicate,60df013b23b827be536fc76cbb82ec31
"../../foodsg-233_cleaned/Bee hoon, goreng/2EIIE7VICLNT1RT4ZONC4AFP.jpg","Bee hoon, goreng",all,exact_duplicate,60e875ca329dd8acfec549231505c5ac
../../foodsg-233_cleaned/vegetarian bee hoon/1AZRVM5VT56SY2VIKUFIMC76.jpg,vegetarian bee hoon,all,exact_duplicate,60fe4b13f10c7d5c8fac6f868b2e2835
../../foodsg-233_cleaned/pineapple/BNTNH96KZLU2B2UE4YEOQIQB.jpg,pineapple,all,exact_duplicate,61031c5ff1ef59a2fde13883c76b805e
../../foodsg-233_cleaned/Lontong with sayur lodeh/2FMMBUAJFJXUEPQVZCELCU16.jpg,Lontong with sayur lodeh,all,exact_duplicate,6169edfa033a475b3d499c43d6e6f4b6
../../foodsg-233_cleaned/whole wheat/RKT82185LKF63UHHXFZIGF6V.jpg,whole wheat,all,exact_duplicate,617bdfd3a652e95668e34dc24acd3006
../../foodsg-233_cleaned/whole grain bread/IT9YTGEJQNRAEHV8C95ME0CB.jpg,whole grain bread,all,exact_duplicate,61b951e59071b88fd44adf05356925d9
"../../foodsg-233_cleaned/Bee hoon, goreng/LUE0YUIKQFHSILTLXPE5V0TR.jpg","Bee hoon, goreng",all,exact_duplicate,61e7be54ea61a2ee627b5a24b855850c
../../foodsg-233_cleaned/Mee soto/IM5JWWPK3T3H2IY3WGWDEWF3.jpg,Mee soto,all,exact_duplicate,61eb74dd1e15106f6883ecf9ee6987d8
"../../foodsg-233_cleaned/Bee hoon, goreng/GF8KNHS3UYNIY1JJDWX3YL2E.jpg","Bee hoon, goreng",all,exact_duplicate,622120c156624edfd09d72211f07d067
"../../foodsg-233_cleaned/Bee hoon, soto/0UVNWD4CF4IABWETRV3YUIVW.jpg","Bee hoon, soto",all,exact_duplicate,62e8dfde8a8d0f5e2e68499db29a69dd
../../foodsg-233_cleaned/Lontong with sayur lodeh/5BKL2X2EBACFG47K99L85SDO.jpg,Lontong with sayur lodeh,all,exact_duplicate,62f3e24e378f20d64b1bc17be283f5e5
../../foodsg-233_cleaned/lontong/QL5ZMMCQDWOV8XFJ0NUQKZYE.jpg,lontong,all,exact_duplicate,62f3e24e378f20d64b1bc17be283f5e5
../../foodsg-233_cleaned/mee pok/WTBO5IHO4ZHLA0AOIHGSFH3O.jpg,mee pok,all,exact_duplicate,630d8b17ec301b32fa63560e25bac33b
../../foodsg-233_cleaned/bee hoon/GY692VUB2J2ME0DZEIXWKT7U.jpg,bee hoon,all,exact_duplicate,63cace7c72235a072a36fe0e5ff4eb2a
../../foodsg-233_cleaned/Udon/JIIHO2AOW0RLNR70JTTCMIKK.jpg,Udon,all,exact_duplicate,63e72383268cf65cf2b33eb2c6bb4aa7
../../foodsg-233_cleaned/Nasi Ambeng/0ID8H6HR7M7WHTDDXHY8WAUK.jpg,Nasi Ambeng,all,exact_duplicate,63f0a867bb3985d9b589391434afecca
../../foodsg-233_cleaned/Duck Rice/3QBGOM0RPZAGMWKNDUHNXFCD.jpg,Duck Rice,all,exact_duplicate,6411432b253caefc49019473bd36cbcf
"../../foodsg-233_cleaned/Bee hoon, goreng/NX4SW3LSEO2MFLUIVBHFLCF8.jpg","Bee hoon, goreng",all,exact_duplicate,64144d8d1d7cf32392d5a7422be78e24
../../foodsg-233_cleaned/Mee kuah/WV34SWTQBRNTJBZOBOFKRL1T.jpg,Mee kuah,all,exact_duplicate,64217edbb63e7fec41a776100cfe7cad
../../foodsg-233_cleaned/Nasi Ambeng/9CSL4BBPL9LVK5NC3AZCA7R3.jpg,Nasi Ambeng,all,exact_duplicate,642777eef52d7888f066165731fec9cd
../../foodsg-233_cleaned/steamed buns/06T0JE0TJ2G02OYT475NCX08.jpg,steamed buns,all,exact_duplicate,644f9fd3af1e60e9c3fa874a4ca96a9c
../../foodsg-233_cleaned/Lor mee/WE8J9WC2KJ83CYFPE9W6R0QP.jpg,Lor mee,all,exact_duplicate,645a5835ff250e83fded1d63e9682562
../../foodsg-233_cleaned/Mee kuah/QMZ1M7BJUQN9IBXPCTIEV6VW.jpg,Mee kuah,all,exact_duplicate,649fef43aa36ffcfaf76593a1c9cbdd3
../../foodsg-233_cleaned/Mee rebus/ITB358NYH6SENX3RHLA3PLHC.jpg,Mee rebus,all,exact_duplicate,64b6f1d59c8aa3190a0418eb93a37b5a
../../foodsg-233_cleaned/Mee soto/00OALL39TEDDH5TZO4L6SVKO.jpg,Mee soto,all,exact_duplicate,64d6c9007ed46da6bdc8ee8f943c3389
../../foodsg-233_cleaned/pomegranate/PFM140FOIY067EQDUT674XXX.jpg,pomegranate,all,exact_duplicate,64d710b2dc126ad04a504d3f107779de
../../foodsg-233_cleaned/Duck Rice/B12IXI6KGAVQBHILJOSA4YU0.jpg,Duck Rice,all,exact_duplicate,64e7e77e5657fc28a536910e80cce5eb
../../foodsg-233_cleaned/char siew pau/UMJKGMHLOMP7PO0DAA992AAQ.jpg,char siew pau,all,exact_duplicate,65024a2ceed2080049a71b3f7ad38acf
"../../foodsg-233_cleaned/Bee hoon, soto/UXTWCFCZS1ZZAG6RD17NWHPO.jpg","Bee hoon, soto",all,exact_duplicate,6502d66c5013ec7759bf5b8d11d0d394
../../foodsg-233_cleaned/assam pedas/9MUZ7ADB0LE3J653HETYWDE7.jpg,assam pedas,all,exact_duplicate,6503db126abe1252a911e4f5764ea64c
../../foodsg-233_cleaned/Bubble Milk Tea/G81H9W48DIO3BWVK2FZVJVTO.jpg,Bubble Milk Tea,all,exact_duplicate,652bea14641c98d176ec0f057c83031e
"../../foodsg-233_cleaned/Mee siam, fried/8NCLQN3MNPXR6WPV0A9TUD3K.jpg","Mee siam, fried",all,exact_duplicate,652f931d0a2f2a6015b818032fd841e7
../../foodsg-233_cleaned/tandoori chicken/2C29XXTYK1ZCCBUB2MGZVXV3.jpg,tandoori chicken,all,exact_duplicate,65362feb36d2a56348b8dacc19527da6
"../../foodsg-233_cleaned/Bee hoon, goreng/ZHKLOOZGRIE8KHM2IUF7CYGQ.jpg","Bee hoon, goreng",all,exact_duplicate,653e24c286452c07c24558bf049ccb66
"../../foodsg-233_cleaned/Bee hoon, soto/3LQVY5ZAH19LRZY80EWTLXJI.jpg","Bee hoon, soto",all,exact_duplicate,65637912d7b537e03f7249dd9f7f40fd
../../foodsg-233_cleaned/chicken soup/FCRQCAR6C79LHUVCGJN2ZAMX.jpg,chicken soup,all,exact_duplicate,656ec763b16942ee48b9f68d6db029f7
../../foodsg-233_cleaned/lontong/H90CG540Q393M4353MG1FBIF.jpg,lontong,all,exact_duplicate,659079d89a6f17970f7706673b22a436
../../foodsg-233_cleaned/whole wheat/GOIP9W5QW00LAS9DPM83AR83.jpg,whole wheat,all,exact_duplicate,6597d7a4fae9cf0e76097b0bb1eec821
../../foodsg-233_cleaned/Soto ayam/1ZIDZ6FXBIQKXOUP2RVT7JZ7.jpg,Soto ayam,all,exact_duplicate,65e7d049b41d5b924ef3018fa2600706
../../foodsg-233_cleaned/Seafood Noodles Soup/35EN5TZS61LXSHRXUPA3L4IF.jpg,Seafood Noodles Soup,all,exact_duplicate,6621ccae4160ab1f374e1a3c4bad8433
../../foodsg-233_cleaned/Mee soto/BR1SGX5ANNZNPDBLGEGM4S94.jpg,Mee soto,all,exact_duplicate,66403f0e582ff51bdbdceb692d7d60f7
"../../foodsg-233_cleaned/Bee hoon, soto/BRP38UORXCCHI7ON9R2P830A.jpg","Bee hoon, soto",all,exact_duplicate,66403f0e582ff51bdbdceb692d7d60f7
../../foodsg-233_cleaned/whole grain bread/Q7GNDZ0TC2M7CU79F0LE2160.jpg,whole grain bread,all,exact_duplicate,66679a9ea003136ab2bb87b0e119cda9
../../foodsg-233_cleaned/satay bee hoon/WSB4WKZV3QFAWJNGIX1C4HVO.jpg,satay bee hoon,all,exact_duplicate,66ac0fef1877b499f3e8d1ef9db7d4f7
../../foodsg-233_cleaned/fried chicken/38TKQIHC7214LXEXRSW0DR7B.jpg,fried chicken,all,exact_duplicate,66b8a345564708d50fc39581bc2e337e
../../foodsg-233_cleaned/Mee soto/CH04CEVE2PTH9T7WZCSBOVGI.jpg,Mee soto,all,exact_duplicate,66e3f33429afd06b41c29745f7cee9df
../../foodsg-233_cleaned/Soto ayam/YFPES9PXGNCMFUKIWTBZLIUT.jpg,Soto ayam,all,exact_duplicate,66f843549ac958f4fff978b124872d5e
../../foodsg-233_cleaned/mee pok/9OBGQANZDC64E0M44KQ2HEAF.jpg,mee pok,all,exact_duplicate,66ff8aa2379ba576bdcb66934eb6345c
../../foodsg-233_cleaned/Mee soto/LAB2RQA06KUO944NGTAC2Y4U.jpg,Mee soto,all,exact_duplicate,672c804f8993dc692e9e7eb933682624
../../foodsg-233_cleaned/fried chicken/OEWVZQA4T7H8WK0VT5F25FFO.jpg,fried chicken,all,exact_duplicate,672f7a00a1c5461166e056c0775eb325
../../foodsg-233_cleaned/fried fish/2UTCQ9IOHQ6H9758U3Y52D9B.jpg,fried fish,all,exact_duplicate,672f7a00a1c5461166e056c0775eb325
"../../foodsg-233_cleaned/Wanton mee, dry/JFXOIRGH6NFMACWF7I22BMA7.jpg","Wanton mee, dry",all,exact_duplicate,67416ac4587f699aa88b0f90d86975de
../../foodsg-233_cleaned/Mee rebus/U535R1PYZOFWSAY1FFYB9J3V.jpg,Mee rebus,all,exact_duplicate,675828ad19033edd651209c0326a951f
../../foodsg-233_cleaned/Mee kuah/MJT8057YFVMEKN71PAOTFPW8.jpg,Mee kuah,all,exact_duplicate,677d17273dc84e18376ecaae1bbf15ba
../../foodsg-233_cleaned/strawberry/WDTBZXYNNZKRYUXHXFRK0UPG.jpg,strawberry,all,exact_duplicate,6785a1702be54267c05e6e83a8a08b63
../../foodsg-233_cleaned/blueberries/PING9HQWTJPH9ECCMSWFFT3T.jpg,blueberries,all,exact_duplicate,6785a1702be54267c05e6e83a8a08b63
../../foodsg-233_cleaned/whole grain bread/EX2PJP0WCMYMW8UQBJ3C6C19.jpg,whole grain bread,all,exact_duplicate,67d52c857d88cdca18c6a444b26a4727
../../foodsg-233_cleaned/Mee siam/5A7MTVQCRXMJGNU0OLJMINAO.jpg,Mee siam,all,exact_duplicate,67da768e9b2d61d1c5e2317b256e0dd4
../../foodsg-233_cleaned/chicken soup/K689IE5PNA0LHZFCGJDUWNNB.jpg,chicken soup,all,exact_duplicate,6809c4dbcfad04f97c96b4e09f4ebe3d
../../foodsg-233_cleaned/Fried Noodles/VEHLSSOYH30Y9CPPFCE2FIC8.jpg,Fried Noodles,all,exact_duplicate,680a528814b40941ddfcedc39ca9b366
../../foodsg-233_cleaned/Mee soto/1Z4IMXQTJZNVTP5M1KKQCRMU.jpg,Mee soto,all,exact_duplicate,6835b8a6bc318786389fc694df9a3783
"../../foodsg-233_cleaned/Bee hoon, goreng/DNYCAUX3XSRR81WXAQRZ44FE.jpg","Bee hoon, goreng",all,exact_duplicate,6836a805840f614aaf463f4d2e5dace3
../../foodsg-233_cleaned/Mee soto/ID4GQWEXG13PNZYCGXRNR6K7.jpg,Mee soto,all,exact_duplicate,684449fc047475f41b00b41f2081a51e
"../../foodsg-233_cleaned/Bee hoon, soto/O005C2V969OB8W9Z1ZXLA6VQ.jpg","Bee hoon, soto",all,exact_duplicate,684449fc047475f41b00b41f2081a51e
../../foodsg-233_cleaned/Mee rebus/3SORNGZA7J86OVFDFVD9KSM6.jpg,Mee rebus,all,exact_duplicate,686c8b5ed5c2c9025dbff0094fd87be6
"../../foodsg-233_cleaned/Bee hoon, soto/DANHGWEAVP8UGYPF0GMPN91L.jpg","Bee hoon, soto",all,exact_duplicate,687e44c8198cc21236dfe102443ee723
../../foodsg-233_cleaned/fried prawn/0U9BLP369NKZS7XATTPBR1S9.jpg,fried prawn,all,exact_duplicate,6888cf56779cb27c06850b142a653274
../../foodsg-233_cleaned/Lontong with sayur lodeh/TZMCQFGJ9JHIMEPP2GHD5CYN.jpg,Lontong with sayur lodeh,all,exact_duplicate,689b5268a04d089296f18be926475d11
../../foodsg-233_cleaned/kueh lapis - rainbow/966LH6O36EDXQF86CWXXP61E.jpg,kueh lapis - rainbow,all,exact_duplicate,68a37369ac59b3dd4e95550aa14888c7
../../foodsg-233_cleaned/ice kacang/546FPU4HFVMRD6OXR7ZS8AE0.jpg,ice kacang,all,exact_duplicate,68c2252181ad8bc75d5d7329d53e9ed5
../../foodsg-233_cleaned/Mee siam/BZ1RD9KKHUML39O281U6739J.jpg,Mee siam,all,exact_duplicate,68c6daef301cb4161528a0434e6e2574
"../../foodsg-233_cleaned/Bee hoon, goreng/TD4180SIDOXEZY8CRM78T5OZ.jpg","Bee hoon, goreng",all,exact_duplicate,68d3d718549f121c8310107a1ddd7aa2
../../foodsg-233_cleaned/Ban Mian/1L02DRXNH1A26DFGS6UTAQA3.jpg,Ban Mian,all,exact_duplicate,691607195c574159b8e71890cd6d9246
"../../foodsg-233_cleaned/Bee hoon, soto/U5YYCV0MATXQK65ZACDIRWTH.jpg","Bee hoon, soto",all,exact_duplicate,69875d7de69c6df5c2329982a9bd403e
../../foodsg-233_cleaned/char siew pau/9PPP8DN10J1CQ1CW6ITE9KBZ.jpg,char siew pau,all,exact_duplicate,69c65adfd599507be9fab800a5c7d4ec
../../foodsg-233_cleaned/Dumpling noodle soup/56WCYEZ3XASEUHE3Q55OTBKG.jpg,Dumpling noodle soup,all,exact_duplicate,69c93e9d7d7bf4ddf51c12741b337246
"../../foodsg-233_cleaned/Bee hoon, goreng/5KJQFAM8ALIJZLBEE7LZ1UAZ.jpg","Bee hoon, goreng",all,exact_duplicate,6a296748e51a5ae25cf093226ff8e35c
../../foodsg-233_cleaned/green leafy vegetables/UL4YVPWGUQNPQTOPBGC03SPY.jpg,green leafy vegetables,all,exact_duplicate,6a30ff1c86eb86621c55043eaf78d13d
"../../foodsg-233_cleaned/Bee hoon, soto/D8GXRFVY3BFCYYWXXOG9913G.jpg","Bee hoon, soto",all,exact_duplicate,6a5a4f36d5e72a6d9e9549c2d060c157
../../foodsg-233_cleaned/kueh lapis - rainbow/GKL8J86OGTCJML81KO3U043I.jpg,kueh lapis - rainbow,all,exact_duplicate,6a7a0b1043b537dfc4030b8c74716619
../../foodsg-233_cleaned/drunken prawn/HSAMTBBG8HB74YJCY8T5UE8A.jpg,drunken prawn,all,exact_duplicate,6a84d4a8f0868f4e0cd56538964fa470
../../foodsg-233_cleaned/Pomelo/CKUNDUISEFFT7PWTXQC4MI7S.jpg,Pomelo,all,exact_duplicate,6aa30032234ff7166583254dd798a668
../../foodsg-233_cleaned/lontong/5YVYUOOKTIP19K77B8YZMAUE.jpg,lontong,all,exact_duplicate,6ab2db4ceb03624302b1e15075b220a8
../../foodsg-233_cleaned/char siew pau/GHAZWWT1E3AWVLTVVWC22ERW.jpg,char siew pau,all,exact_duplicate,6abe84c5333ad985d41eb94c9101ebc0
../../foodsg-233_cleaned/sambal stingray/YRKHMVLFEXQPCW1QN43ZEGJZ.jpg,sambal stingray,all,exact_duplicate,6b0022f41191d59b7ca585a188d4cc38
../../foodsg-233_cleaned/lontong/QJHGWUEPI4U3WK7CGTKVSONU.jpg,lontong,all,exact_duplicate,6b029117cb95c4aa0cdf7e28fb87f57e
../../foodsg-233_cleaned/chai tow kuay/LA5I26KM5SGS052TUWELIGRR.jpg,chai tow kuay,all,exact_duplicate,6b0e3448be340e990a8c244f4e11ffbf
../../foodsg-233_cleaned/whole wheat/UUFHIE34WR9H2LYCQ4KXHVDX.jpg,whole wheat,all,exact_duplicate,6b250a23151a8df037b531df7113a7b8
../../foodsg-233_cleaned/assam pedas/2OV9407KZWYT151MJZ9I084D.jpg,assam pedas,all,exact_duplicate,6b40899e87b953e8e4c8b6abdcb888b7
../../foodsg-233_cleaned/Mee siam/5KOFB1POI0N4SSS976W4VRV4.jpg,Mee siam,all,exact_duplicate,6b502c8533743e214d311b4199487938
"../../foodsg-233_cleaned/Mee siam, fried/JXK12V3BFFKQX0SLSPHU0Z7P.jpg","Mee siam, fried",all,exact_duplicate,6b502c8533743e214d311b4199487938
../../foodsg-233_cleaned/Mee soto/ZWX1RMJ7P7N80XYHEJNY8A2J.jpg,Mee soto,all,exact_duplicate,6b54a27e544f1ac17f8c5027e055117c
../../foodsg-233_cleaned/fried prawn/D5PSAVKPEUSTDD67NRLZMQTK.jpg,fried prawn,all,exact_duplicate,6b7cc077329549b431036799a19ab353
../../foodsg-233_cleaned/Mee siam/CKI9PRPBOMUNUL4VCY1TQOVV.jpg,Mee siam,all,exact_duplicate,6ba8a65b9065f936e9c61371abd5f4da
"../../foodsg-233_cleaned/Mee siam, fried/F9PQ73VHAMZPH4FXOWLG2F7Q.jpg","Mee siam, fried",all,exact_duplicate,6bb351cbf6f430137d858f9a5cfe923e
../../foodsg-233_cleaned/whole grain bread/FPOMEQN1XV7DBVWRILKG6TD2.jpg,whole grain bread,all,exact_duplicate,6c249b7eabef1225dc1f3e3ade65bb58
../../foodsg-233_cleaned/Mee bandung/UYVXUYCYQ39R7NUUWI4HT8E1.jpg,Mee bandung,all,exact_duplicate,6c433ef4480ad23d4545500c182f065f
../../foodsg-233_cleaned/Mee siam/91PRD8SOIIR0ZISJNHPXVXPA.jpg,Mee siam,all,exact_duplicate,6ccd7c2d3ac8e98966bb6133b01eede2
../../foodsg-233_cleaned/satay bee hoon/HLQM0CZ8QR6FJLHYZDWWE5MQ.jpg,satay bee hoon,all,exact_duplicate,6ce0fffcb6fa877419aff76c9903dbfd
../../foodsg-233_cleaned/Ban Mian/GN1FRIZDJS6RM1Z3SMNNQ0YQ.jpg,Ban Mian,all,exact_duplicate,6d04f729e708f545bf12d7a74f70fde6
../../foodsg-233_cleaned/Mee soto/UV3BEC4N1SXOL67QICKUT88P.jpg,Mee soto,all,exact_duplicate,6d04f729e708f545bf12d7a74f70fde6
../../foodsg-233_cleaned/whole wheat/X1X7U1F2CM2FZOO3XSL2LMV0.jpg,whole wheat,all,exact_duplicate,6d40f097d37959f293a563dc31eb9540
"../../foodsg-233_cleaned/Bee hoon, goreng/XZSWYXNL68R25C88ZZNX6530.jpg","Bee hoon, goreng",all,exact_duplicate,6d4472570da8adb2606191dc55730d6e
../../foodsg-233_cleaned/mixed vegetables/582DNOF4Y1827RP0U4TTGUEY.jpg,mixed vegetables,all,exact_duplicate,6d775ab5e203ccc2c1b7465580d99a01
../../foodsg-233_cleaned/fried prawn/CRU43SW50ZZPH4U8YK1J2EIL.jpg,fried prawn,all,exact_duplicate,6d775ab5e203ccc2c1b7465580d99a01
../../foodsg-233_cleaned/Fried Noodles/GLKZ6SO0RNKTBVLAYANMR0KQ.jpg,Fried Noodles,all,exact_duplicate,6d9c0b4085ccec3f6651dd68c2d55121
../../foodsg-233_cleaned/Mee soto/C3YLQJDAS2NBLOUHB48U59WP.jpg,Mee soto,all,exact_duplicate,6db5b62a08753c2316d34a52331361ed
../../foodsg-233_cleaned/Soto ayam/XWQ5II50DS405PSB77GD5WRO.jpg,Soto ayam,all,exact_duplicate,6db5b62a08753c2316d34a52331361ed
../../foodsg-233_cleaned/Mee bandung/XS0A8D1DWCRRF2O198GWLJ4J.jpg,Mee bandung,all,exact_duplicate,6e3a0dca83a8527879b9c2a960b79a1a
../../foodsg-233_cleaned/Indian Prata/KNLKGHDP4I5BNG17X9MKBV6R.jpg,Indian Prata,all,exact_duplicate,6e7970f2f12a708723a667bba407822a
../../foodsg-233_cleaned/Dumpling noodle soup/TW6IQFR6A5RFWNZUNVL4V0CH.jpg,Dumpling noodle soup,all,exact_duplicate,6ec2c2462f7d89f7d95d33b89f51e1a9
"../../foodsg-233_cleaned/Bee hoon, soto/AVP1BAGJ4453JW9CN9GJY2ZB.jpg","Bee hoon, soto",all,exact_duplicate,6edc5b84949f264ccec816c6506865c9
"../../foodsg-233_cleaned/Bee hoon, goreng/MNXZ4ABQQM8CC7CSHR80NUYL.jpg","Bee hoon, goreng",all,exact_duplicate,6edf3afd1be1cca84e0ed390c2ec559e
../../foodsg-233_cleaned/Katsudon/ZO4UH8YXCPIQJ8FZ9NFKKBLJ.jpg,Katsudon,all,exact_duplicate,6ef04737f1549d6fe9ad42a82ebb34b5
../../foodsg-233_cleaned/steamed buns/0V4MVAO7MG31YRNPKM0ZIC9W.jpg,steamed buns,all,exact_duplicate,6f275380a33fff806a95871a14c902a2
../../foodsg-233_cleaned/Wholegrain Wrap/YYELVHBODNGAOEWAH7PRKA0S.jpg,Wholegrain Wrap,all,exact_duplicate,6f35fe951db901959dd095ddd73e7bd2
../../foodsg-233_cleaned/wholegrain pasta/L5ZLHU71BWSDT5N0JSEQR5F6.jpg,wholegrain pasta,all,exact_duplicate,6f35fe951db901959dd095ddd73e7bd2
../../foodsg-233_cleaned/Mee soto/VGJCDZD09BLZ0J7513CE8X35.jpg,Mee soto,all,exact_duplicate,6f57d8ccde89ac8bb8ccb712672297f0
../../foodsg-233_cleaned/Mee soto/J82B2I89P1Z9SU8Z7TROGYAZ.jpg,Mee soto,all,exact_duplicate,6f82deaa156595dd4fd72d0fadfa442d
../../foodsg-233_cleaned/fried fish/HVHYQF44FZW6F30KLMHLKK3V.jpg,fried fish,all,exact_duplicate,6f83b395a74744d2b66a28b1f47316f7
../../foodsg-233_cleaned/green leafy vegetables/MUCCELD0HG64ERNDENROOPG7.jpg,green leafy vegetables,all,exact_duplicate,6f8e8189e22a5e0f90bb08f4ad3bb53c
../../foodsg-233_cleaned/Mee bandung/KBTCMK13L3QD028A6Y8DW7E6.jpg,Mee bandung,all,exact_duplicate,6fd2143642531926f8ecfcb7bfc40828
../../foodsg-233_cleaned/Fish Ball Noodles/TFA0OLID9Y43P8QSU9H10HMJ.jpg,Fish Ball Noodles,all,exact_duplicate,6fdcad32363bd64fcbdf0715cf697bc5
../../foodsg-233_cleaned/lontong/WDCS3NSR6GNJ9S7LSSEQG321.jpg,lontong,all,exact_duplicate,702b11ab3024862e9010db40b9e4412f
"../../foodsg-233_cleaned/Bee hoon, soto/J7B15C0DJA1I1NZE3EDRJE6Q.jpg","Bee hoon, soto",all,exact_duplicate,7043044fc29718fbc7357d323d60fb71
../../foodsg-233_cleaned/Seafood Noodles Soup/9TJ572VI0IPBKHI1SHKJCVQF.jpg,Seafood Noodles Soup,all,exact_duplicate,7114d58de325a64c1207ad795515117a
../../foodsg-233_cleaned/Mee siam/TEWUSRZT64CJOKM7AFKV65PF.jpg,Mee siam,all,exact_duplicate,711f050853f1ad4e97c00fa4a72df936
../../foodsg-233_cleaned/Mee soto/HKLP2E8W0UVYPDB8YKPPB0OY.jpg,Mee soto,all,exact_duplicate,715ebd5369f4954de56495cac548203d
../../foodsg-233_cleaned/Mee soto/SNBBXFJKV0RXEYP0CEOLN067.jpg,Mee soto,all,exact_duplicate,718953190d9999977c4c6bb09c7bdf36
../../foodsg-233_cleaned/whole grain bread/IF1OCKAWQDR287W95383RJCQ.jpg,whole grain bread,all,exact_duplicate,71a2d5edfedd01e4f9e770c8850113f0
../../foodsg-233_cleaned/chicken masala/84NMWLJPDRYPQUSJU590J4GI.jpg,chicken masala,all,exact_duplicate,71b54b619810b8709666d698c4d156d7
../../foodsg-233_cleaned/tandoori chicken/4MCUASBSB8ORHQNO8RYRY6Z4.jpg,tandoori chicken,all,exact_duplicate,71b54b619810b8709666d698c4d156d7
../../foodsg-233_cleaned/kway chap/E02K8J6WK5O45891RIMFO0SS.jpg,kway chap,all,exact_duplicate,71c2aa539bca2c3bb87fe9f2b25a05c2
../../foodsg-233_cleaned/chin chow drink/X2OIUJD6C7UT16TOVVM6XJ5D.jpg,chin chow drink,all,exact_duplicate,71df72fa3cb9fc0cba9102f668cb8248
../../foodsg-233_cleaned/whole grain bread/TDFUMNJC4VAEQ88EI2NVKFJS.jpg,whole grain bread,all,exact_duplicate,7200e6ad2ef4159cd37569aa84f3edec
"../../foodsg-233_cleaned/Bee hoon, soto/G7S3X6BQYEKDTH2B4T6RB2X3.jpg","Bee hoon, soto",all,exact_duplicate,72067e2af4b5c07ed80d9c8c8d272a5d
../../foodsg-233_cleaned/Seafood Noodles Soup/ORL6871KOKG34JNODG5KI2H4.jpg,Seafood Noodles Soup,all,exact_duplicate,72067e2af4b5c07ed80d9c8c8d272a5d
../../foodsg-233_cleaned/Kway Teow/LPMLLA1I02DWZ6ROBJLIH2NC.jpg,Kway Teow,all,exact_duplicate,720d424498d01c27907b60d609e72cb0
../../foodsg-233_cleaned/chicken rice/GX9SMMX2QT17WM4ZU499CU7W.jpg,chicken rice,all,exact_duplicate,7210adcf9976866c16613363ddc950e0
../../foodsg-233_cleaned/Mee siam/TA2FM79ALBHHIMO0I3E95M0I.jpg,Mee siam,all,exact_duplicate,721937c7330d6b9b1b31ef8f39d488ba
"../../foodsg-233_cleaned/Mee siam, fried/UQ5MF88LX33YM4X3A25FX19N.jpg","Mee siam, fried",all,exact_duplicate,7221aece37e4156c5e20a26d69203c1c
"../../foodsg-233_cleaned/Bee hoon, goreng/KBR8ET403M90ELAQWI2T3YV8.jpg","Bee hoon, goreng",all,exact_duplicate,726cc56463b18014bbd914346ae20ead
../../foodsg-233_cleaned/Claypot Rice/2KI98IEFBVI64G7AR5ZOXQ3H.jpg,Claypot Rice,all,exact_duplicate,72cd1ea4c7849c31d2acc2c409a79b50
../../foodsg-233_cleaned/thunder tea rice/VUA85XV78Z7FQL469QESN213.jpg,thunder tea rice,all,exact_duplicate,72cd1ea4c7849c31d2acc2c409a79b50
"../../foodsg-233_cleaned/Bee hoon, goreng/036RK60WYO8N6MQT2SMC7JLR.jpg","Bee hoon, goreng",all,exact_duplicate,73368c578c9e8e48f4837e7ddff4bc41
../../foodsg-233_cleaned/char siew pau/QNTUY2OSMPWL0F5K9HLVZU3F.jpg,char siew pau,all,exact_duplicate,73433919b8ef37f5e5b2b9770d077a3a
../../foodsg-233_cleaned/whole grain bread/9BNER0A8VFM8T743SBYY4PZN.jpg,whole grain bread,all,exact_duplicate,734377baf17cec5cb1e21482bdce4cc2
../../foodsg-233_cleaned/Ban Mian/QC0LWAR9U2YFRSO31V35H1CB.jpg,Ban Mian,all,exact_duplicate,736f387066e0f579eb9a094a2507e5bb
../../foodsg-233_cleaned/Dumpling noodle soup/RQNB6VFN7WSNWM0HFJIU0GT3.jpg,Dumpling noodle soup,all,exact_duplicate,737e11c5504e6fdbdd4b2c0093cf7273
../../foodsg-233_cleaned/Mee kuah/1JHLIE6HKZ61519DW41XEAHE.jpg,Mee kuah,all,exact_duplicate,738d5e1851338ba606b12250331c1d87
../../foodsg-233_cleaned/Mee bandung/G1IJ3U2OHHUNMVM9FFBUPZKY.jpg,Mee bandung,all,exact_duplicate,738d5e1851338ba606b12250331c1d87
../../foodsg-233_cleaned/whole wheat/MCXWBCNTEI0CJ3AEX14IT8IQ.jpg,whole wheat,all,exact_duplicate,73bc77a713e0524b20de3d740fd2b015
"../../foodsg-233_cleaned/Bee hoon, goreng/0TEDSRXUUUVZ8OK9IDI5053F.jpg","Bee hoon, goreng",all,exact_duplicate,73e8814bd25ab1e105137dd61d208bf6
"../../foodsg-233_cleaned/Bee hoon, goreng/OD7ZLMY3EKBB3PJV5H0AD5NJ.jpg","Bee hoon, goreng",all,exact_duplicate,73eb911beed2025e773736047930c6f3
../../foodsg-233_cleaned/Fish Ball Noodles/MN5OU7W7OCQWUFJ9RLTWY6K4.jpg,Fish Ball Noodles,all,exact_duplicate,73fc1019d7984247bbede1a68d8fa0cb
"../../foodsg-233_cleaned/Bee hoon, soto/TORFKXHYHSWY44JXTI16VQ8A.jpg","Bee hoon, soto",all,exact_duplicate,741732ecdc1bb5fa90a0eb0594ed76e8
../../foodsg-233_cleaned/Lontong with sayur lodeh/PCLAQWH56YT505J9URLAG0B9.jpg,Lontong with sayur lodeh,all,exact_duplicate,741e1342bdf29613e8a6b731d0f9340a
../../foodsg-233_cleaned/Soto ayam/N5JA518DWQM9HSCYKXCMS3RX.jpg,Soto ayam,all,exact_duplicate,7425cd8e208b7f8e23f59acfd4c329e7
../../foodsg-233_cleaned/Pomelo/50SB6K6K2IHHTSGZSQRHMO6J.jpg,Pomelo,all,exact_duplicate,744823d4ec00755180b33df460756773
../../foodsg-233_cleaned/Mee rebus/FMZ1MWZHK20VSPY5ORXW2LK2.jpg,Mee rebus,all,exact_duplicate,7463ba148b7add2d6413ecfc824bc556
../../foodsg-233_cleaned/fried prawn/52UWY8NYMLLA9PUH8KIDNZG6.jpg,fried prawn,all,exact_duplicate,746ed58cbb5b763602a1d79fcb7918a9
../../foodsg-233_cleaned/kway chap/I64LADC1MC2GJJ2GZSG1J0PP.jpg,kway chap,all,exact_duplicate,748c85a454b709197a1f243d6dce3edb
../../foodsg-233_cleaned/Mee soto/75DYQ7EWK2XGH7CZWUPS0IOG.jpg,Mee soto,all,exact_duplicate,74b282203bc7df14d1b8e793d5d09156
../../foodsg-233_cleaned/mushroom soup/PQPRGG4V841UQTSWCY9X60DW.jpg,mushroom soup,all,exact_duplicate,753e9ac24c8030108db3ed8812f3dfa6
../../foodsg-233_cleaned/sliced fish soup/NXYLHQYFI7HA0QSKSZCK3AKI.jpg,sliced fish soup,all,exact_duplicate,753e9ac24c8030108db3ed8812f3dfa6
"../../foodsg-233_cleaned/Mee siam, fried/XCYLRN37G2ZEMB0I8WVP6QQX.jpg","Mee siam, fried",all,exact_duplicate,75c5374df3d63adf4de4f2f7f841a25f
../../foodsg-233_cleaned/whole grain bread/WJOBB7HQBK9IYRHPQ9ATT652.jpg,whole grain bread,all,exact_duplicate,75c815bc30b08717006de329bb08f2d2
../../foodsg-233_cleaned/Mee soto/0N94F6IUV7VHBT9SIR7X91IC.jpg,Mee soto,all,exact_duplicate,7606c64af8483fa28021a4c731dc7734
../../foodsg-233_cleaned/steamed buns/GCOLGZXT8D9OOVL2G2VUJAV4.jpg,steamed buns,all,exact_duplicate,762361d746ac4b48e768f47cea7253da
"../../foodsg-233_cleaned/Bee hoon, soto/P4VYMVV93Y6MFSZB70WEMV25.jpg","Bee hoon, soto",all,exact_duplicate,76494d7737f218164b2f95dcae19bb1d
../../foodsg-233_cleaned/sliced fish soup/LNHZAXN7W0H8U6LNRTR98OVS.jpg,sliced fish soup,all,exact_duplicate,764cd0f97ef140c2f6d3765b6e025bcf
../../foodsg-233_cleaned/Seafood Noodles Soup/G4GVTFJO19V1S5YQFHBZE15C.jpg,Seafood Noodles Soup,all,exact_duplicate,764cd0f97ef140c2f6d3765b6e025bcf
"../../foodsg-233_cleaned/Mee siam, fried/PGW9KY9OIYBGGBAZF6W0VQ8N.jpg","Mee siam, fried",all,exact_duplicate,76c51f92f963844863c0c6ad8c396c86
"../../foodsg-233_cleaned/Bee hoon, soto/8HIWN5KY5USJ44FQLL4JHVYD.jpg","Bee hoon, soto",all,exact_duplicate,76d76fdbe71fa5141fc3afd6d8800b55
../../foodsg-233_cleaned/whole grain bread/D050485RY3HXJVN2DPXWCODJ.jpg,whole grain bread,all,exact_duplicate,76f759705aef1a5980f5ffa81fe4faec
../../foodsg-233_cleaned/bee hoon/8532UD85NXSMOPOIOV40M81B.jpg,bee hoon,all,exact_duplicate,77245c44986ba6d3d998e4798ad7c260
"../../foodsg-233_cleaned/Bee hoon, goreng/7XA4VIPJH6E8FX2EVY99QF8R.jpg","Bee hoon, goreng",all,exact_duplicate,77245c44986ba6d3d998e4798ad7c260
../../foodsg-233_cleaned/chai tow kuay/3ALK5EJ6Y0H0M5ZM3RIPFK3N.jpg,chai tow kuay,all,exact_duplicate,7749a5033164b410b08760300992d7a7
../../foodsg-233_cleaned/whole grain bread/AVM90YQXT2URINGWYS7IVE22.jpg,whole grain bread,all,exact_duplicate,7775f8dc9f11d0877bef002a04818e2f
../../foodsg-233_cleaned/whole grain bread/MLK5UM59EYLVL9J8L33A4SEH.jpg,whole grain bread,all,exact_duplicate,7792b84553132c07dc4c6068351f4807
../../foodsg-233_cleaned/whole grain bread/1QZWTUM0A8WRIX0F53S3U3IE.jpg,whole grain bread,all,exact_duplicate,77a2cffaea1b0e27ce5e4d728feb9d4f
../../foodsg-233_cleaned/honeydew/2JAUF9ETIR02N5E83PLLFYDS.jpg,honeydew,all,exact_duplicate,77a2e88917f5ace57c8dabbfdc833e88
../../foodsg-233_cleaned/fried prawn/YG0JB63AQI4U254D4RKEVUZK.jpg,fried prawn,all,exact_duplicate,77b4183a3fc81b0f9ac4f6bf8e0fec70
../../foodsg-233_cleaned/Seafood Noodles Soup/5HA53LFRL1JS9ACW5G4PBYB9.jpg,Seafood Noodles Soup,all,exact_duplicate,77b9cf00292825c21005b681779be106
../../foodsg-233_cleaned/fried prawn/PH612C13B7MBVANPVTEU9Q88.jpg,fried prawn,all,exact_duplicate,77bf52f2c9e785f52539d47a0edf32b0
../../foodsg-233_cleaned/steamed buns/Q9G7WFLVKJHZ9U4IHUPM0REB.jpg,steamed buns,all,exact_duplicate,77fed6df25ed58838da31684b2136f4b
"../../foodsg-233_cleaned/Bee hoon, soto/PIXIM5H5QAIJL46ZQBD6C13X.jpg","Bee hoon, soto",all,exact_duplicate,78066da16d6d74072f7ac76ad44924ab
../../foodsg-233_cleaned/char siew pau/PLPDOK9OJG0J05Z261C71MB6.jpg,char siew pau,all,exact_duplicate,7817758fda5ced6a3de36098530b6259
../../foodsg-233_cleaned/bee hoon/CX3BUYKK77ZKJTP67NJMB0X7.jpg,bee hoon,all,exact_duplicate,783e84b4e80ce761eb04bf37a8db8a1d
../../foodsg-233_cleaned/sliced fish soup/41I2TEA1QYMIEZR6QSVYJD2U.jpg,sliced fish soup,all,exact_duplicate,784be9f2ca720e3587dd41c5cf1fd470
../../foodsg-233_cleaned/fish head curry/Q6QM4VGGGUUIK7M2HJIXD6TK.jpg,fish head curry,all,exact_duplicate,784efe3c823b085ac77c98d46dbe9010
../../foodsg-233_cleaned/Fried Noodles/A7H8VE0Y2GWO74X3WBMI7YX6.jpg,Fried Noodles,all,exact_duplicate,78511f39aa69eea9bd05015e2dd1415c
../../foodsg-233_cleaned/whole grain bread/S14NNQNL6ZJMA81XTRT1BT4O.jpg,whole grain bread,all,exact_duplicate,7875770d596ba3bcb65ad9fb61109ab1
../../foodsg-233_cleaned/Mee siam/KOTCR5S3Q7921J61R15IMBCO.jpg,Mee siam,all,exact_duplicate,7878aad2c12c3c1ba87b482230d9f860
../../foodsg-233_cleaned/fried prawn/Q0QFXQFFFQ1INZB6GRTYFYVL.jpg,fried prawn,all,exact_duplicate,7878b9853c4e813bb569164739bf0846
"../../foodsg-233_cleaned/Bee hoon, goreng/IP9LAIWVGIDS50BDUBOAAIJO.jpg","Bee hoon, goreng",all,exact_duplicate,787bc47fa0a830757965ee57a3d91e82
"../../foodsg-233_cleaned/Mee siam, fried/HDUTG9NXPZ4OF1L1UCO55D1H.jpg","Mee siam, fried",all,exact_duplicate,7887c618ef98883e1cdc7622191b6d28
"../../foodsg-233_cleaned/Bee hoon, goreng/1487KGRLZNKEQCEM9B2G376J.jpg","Bee hoon, goreng",all,exact_duplicate,78c285bce5a0374b653a2e135bf0c7a1
../../foodsg-233_cleaned/chicken soup/C3ESX1EOM93C3TKKMUC7MR84.jpg,chicken soup,all,exact_duplicate,78d4f561790c9ab7703858a6183ff65e
../../foodsg-233_cleaned/Lontong with sayur lodeh/IUPQ62FE8PA93GFXDSMHQCCJ.jpg,Lontong with sayur lodeh,all,exact_duplicate,78e1d5c3c22fc4ba70ff4f4abf4ef976
../../foodsg-233_cleaned/lontong/KJAUXLZZZBMDI7L22P8H4L0M.jpg,lontong,all,exact_duplicate,78e1d5c3c22fc4ba70ff4f4abf4ef976
../../foodsg-233_cleaned/vegetable soup/KNCTASN3Q3TW0PNXSRO7BCFE.jpg,vegetable soup,all,exact_duplicate,78e6b997f198eea25763de9c7cd81fd3
../../foodsg-233_cleaned/hotplate tofu/B73YTAYXEI1QGKMCFM52G2KK.jpg,hotplate tofu,all,exact_duplicate,78f1f5b0dab8744c14e0f3ba96e017d0
../../foodsg-233_cleaned/hokkien prawn mee/NA04FM4HNK1LLUXEHLKHYFSL.jpg,hokkien prawn mee,all,exact_duplicate,78f716d3732136f2b5bcb0d17ff0c1cf
../../foodsg-233_cleaned/Mee siam/276RKSHZNPDBD50NZ0KCBTNW.jpg,Mee siam,all,exact_duplicate,78f7689894d6915eeda7967495944743
../../foodsg-233_cleaned/Mee soto/7X86CN0HXSKH9UUE0KXALQS5.jpg,Mee soto,all,exact_duplicate,790345aa74286ea60b9ca0c97d049164
../../foodsg-233_cleaned/Soto ayam/PJ4B9PT1U1P3JEN86ODTH9IA.jpg,Soto ayam,all,exact_duplicate,790345aa74286ea60b9ca0c97d049164
../../foodsg-233_cleaned/char siew pau/AUBZY6ZLF33YXJ3JDBJH22UU.jpg,char siew pau,all,exact_duplicate,792a1877c9b746dd6151c5f58a9bec5c
../../foodsg-233_cleaned/fried prawn/1O1JZZ8V8NMZ14AIDJ4BPYRM.jpg,fried prawn,all,exact_duplicate,7977f63caa041b747b237550a7b9aa8b
"../../foodsg-233_cleaned/Bee hoon, goreng/0MOLSYQD82S7ALA0DNISG441.jpg","Bee hoon, goreng",all,exact_duplicate,79d11875768ab5c526a50cb2521d33a4
../../foodsg-233_cleaned/cream soup/8SR3RF2YSDKRNMLKG8QH6FW8.jpg,cream soup,all,exact_duplicate,79debf0d8e94f9a3bcd22bba102f7398
../../foodsg-233_cleaned/Mee bandung/V3GQAGSG17LFXELEXCJT4W05.jpg,Mee bandung,all,exact_duplicate,79e2cbdf50ec569da390adca539d9ebd
../../foodsg-233_cleaned/Duck Rice/0DT8VIUI2XN7KDJYNGIEKZ4C.jpg,Duck Rice,all,exact_duplicate,7a20aa2f16762a518df78da87a831675
../../foodsg-233_cleaned/Soto ayam/9GYJ5UUYD3TNZ68QKV3ZHFIR.jpg,Soto ayam,all,exact_duplicate,7a2811b4ef65e9e74ce3fe1b186efe2b
../../foodsg-233_cleaned/Mee soto/UES5D05RLCZ6UX1HFR6PLOXO.jpg,Mee soto,all,exact_duplicate,7a2811b4ef65e9e74ce3fe1b186efe2b
../../foodsg-233_cleaned/Mee soto/0Q2WIQE6PMY9P4JY5MLW4JIA.jpg,Mee soto,all,exact_duplicate,7a64d4bc19053a10a47887df422f95be
../../foodsg-233_cleaned/mixed vegetables/6NQNPSCJ1HMPV6QTACPZKZXE.jpg,mixed vegetables,all,exact_duplicate,7a898e56473883cc6b4685d2ca76e0b9
../../foodsg-233_cleaned/satay bee hoon/CDF1J22Q71CQMZEZ9SRE8QLU.jpg,satay bee hoon,all,exact_duplicate,7a89b3f85e2afcc0126354b6c083d78a
../../foodsg-233_cleaned/Mee siam/4FXH46A6PBZH39000ZO68WDJ.jpg,Mee siam,all,exact_duplicate,7aaa7f0a2082f662e52415ba36c31373
../../foodsg-233_cleaned/cream soup/I3NUUDLJT1SPZ9L0SSLQY4KE.jpg,cream soup,all,exact_duplicate,7aad5dae5cff80161c08d7eb6ca82ba4
../../foodsg-233_cleaned/wholegrain pasta/JQ88GC79OQ0D1U5EY56UOOH1.jpg,wholegrain pasta,all,exact_duplicate,7ab59135757109ef87c04e2753407773
../../foodsg-233_cleaned/Mee soto/1I2KZRXMUBRL2S6PMV80T8BA.jpg,Mee soto,all,exact_duplicate,7ae0c5c283bbe3f223d2de11da361d78
../../foodsg-233_cleaned/Nasi Ambeng/K16CMSH44L5TFJITU4CZ4GPJ.jpg,Nasi Ambeng,all,exact_duplicate,7b5dc9f97941c374c696a06689efda60
../../foodsg-233_cleaned/satay bee hoon/GWHL4O8APAYNB2LDHQTUVKIV.jpg,satay bee hoon,all,exact_duplicate,7b6fe4f3748c7b2bb3cb4febc625b7ea
../../foodsg-233_cleaned/Fried Noodles/FHXDHCVT35WSTOV7VDW1LWQQ.jpg,Fried Noodles,all,exact_duplicate,7b7806b17a7e626ab7328de3b096e4dd
../../foodsg-233_cleaned/mushroom soup/AC6ARJD5C6CKHVLZIKYAHJPM.jpg,mushroom soup,all,exact_duplicate,7b79217aaa2eb4ef9bc6a6d7cbd4b6a9
../../foodsg-233_cleaned/ice cream - vanilla/375SWHSTNXBSKJQOR32JQ8NY.jpg,ice cream - vanilla,all,exact_duplicate,7b9a44677fa65d93ed521b587d2cd078
"../../foodsg-233_cleaned/Mee siam, fried/5UWD14IHP8OZTPBSMS282HQH.jpg","Mee siam, fried",all,exact_duplicate,7bb4983cada041cb7fbb8970a8e18be7
../../foodsg-233_cleaned/Soto ayam/Z8DNFP01156RACSYGTFVCFRW.jpg,Soto ayam,all,exact_duplicate,7c09c44dd354fce5e52cde4f36ed4fa4
../../foodsg-233_cleaned/Mee soto/E0Z2Z0V2DN58ZX0H5YE2CTPT.jpg,Mee soto,all,exact_duplicate,7c09c44dd354fce5e52cde4f36ed4fa4
../../foodsg-233_cleaned/whole grain bread/IEBAL1OBP9SFLVH54EK0QYEV.jpg,whole grain bread,all,exact_duplicate,7c40707f67834cf101405513c9cc4734
../../foodsg-233_cleaned/Hor Fun/CPIYGDW8O1M8JHP7RTSKSYBD.jpg,Hor Fun,all,exact_duplicate,7c474ba4c95e214f960329681b054858
../../foodsg-233_cleaned/Fish Ball Noodles/QBEOTUTHO5JI7SYEKFU10BJW.jpg,Fish Ball Noodles,all,exact_duplicate,7c783a4c1c6c60e102e107a8d27b4404
"../../foodsg-233_cleaned/Mee siam, fried/0Y9364LNQKCWIHY5MOVP4FR0.jpg","Mee siam, fried",all,exact_duplicate,7c797e522bd1455a185460c6da854753
"../../foodsg-233_cleaned/Bee hoon, soto/LBKEJVWL1SJTSGHZ30AVEFFN.jpg","Bee hoon, soto",all,exact_duplicate,7c853776555665f12b6de9ae47cc56d5
../../foodsg-233_cleaned/Apple/24RHP15H0KYJXVQ6IPDU2TK1.jpg,Apple,all,exact_duplicate,7cc172bfeef5045404891a4853d04e3d
../../foodsg-233_cleaned/pear/U4IENRXQ28MZ0F88JC84FNSC.jpg,pear,all,exact_duplicate,7cc172bfeef5045404891a4853d04e3d
../../foodsg-233_cleaned/chicken soup/EROK4WW9ZYHXXSDVORQF0SNX.jpg,chicken soup,all,exact_duplicate,7ccc6d0f83e27f198f7846a596126002
"../../foodsg-233_cleaned/Bee hoon, soto/FC54HRW2CTZ0N9KUG5ZKAZ2A.jpg","Bee hoon, soto",all,exact_duplicate,7cd95a21023ecb59feca0018e01f24fd
../../foodsg-233_cleaned/whole wheat/BKSG7EQ2TKPNJK5V09MZ2O36.jpg,whole wheat,all,exact_duplicate,7cfa11b6d7ee288a3d442acb944dad0e
"../../foodsg-233_cleaned/Bee hoon, goreng/68YZHI1BELCAWLXAKFXW91SG.jpg","Bee hoon, goreng",all,exact_duplicate,7d2fcb807310b078af162d2a7669273f
../../foodsg-233_cleaned/fish head curry/M32URXETO2YIR6BVC1A65BR3.jpg,fish head curry,all,exact_duplicate,7d3ec0f18a618f818c0e751680564fa7
../../foodsg-233_cleaned/Mee bandung/6D36WP7AO6F58P9U1GMNTLPU.jpg,Mee bandung,all,exact_duplicate,7d4f893c12ec90bcc7d68dab6a31b5d0
../../foodsg-233_cleaned/whole wheat/X742XDARHUDI0O7XBZ1HNUCA.jpg,whole wheat,all,exact_duplicate,7d5bf64e8f98a7aa5c97d6f892c80d2c
../../foodsg-233_cleaned/har cheong gai/4JO6YN9LU2GWEB78F79P5BXU.jpg,har cheong gai,all,exact_duplicate,7d88f23b3d3fb54a1dad3996639ceae8
"../../foodsg-233_cleaned/Mee siam, fried/JEC3DA6AJJV3H9EELYBYSJ12.jpg","Mee siam, fried",all,exact_duplicate,7d9d534a3ed3fcea55fe420fb971f1a6
"../../foodsg-233_cleaned/Mee siam, fried/IK3XUO06SGRUR179L94GQ52U.jpg","Mee siam, fried",all,exact_duplicate,7dd4b6cd252b4da45b4af5ab75aeeba9
"../../foodsg-233_cleaned/Bee hoon, soto/PVMHA6XP34BMZ5Q9G42TKFTT.jpg","Bee hoon, soto",all,exact_duplicate,7ddc64aff054a512446fc339b0fd30a6
../../foodsg-233_cleaned/Seafood Noodles Soup/9PWNCUFNZ1IHFA97A6LNZOLB.jpg,Seafood Noodles Soup,all,exact_duplicate,7e307ae9f55b4b02c2d6c330b427d18d
../../foodsg-233_cleaned/cheese fries/YTL0Z3HKXG9TKGCP4DR2GN5P.jpg,cheese fries,all,exact_duplicate,7e4b4167774a1af697b6225be502f938
../../foodsg-233_cleaned/Seafood Noodles Soup/TDMZC5RTC781Q7D1UN5XYJEL.jpg,Seafood Noodles Soup,all,exact_duplicate,7e634cbdc8141c96560ecddd3c55f203
../../foodsg-233_cleaned/Seafood Noodles Soup/N3S1HJK5ARFGQGQBG49SEU0F.jpg,Seafood Noodles Soup,all,exact_duplicate,7e859d9c7ffb15696549b756b3cc9377
../../foodsg-233_cleaned/Mee bandung/VLY7PGI5AWOJPKGO2QRGHSXQ.jpg,Mee bandung,all,exact_duplicate,7e942ae846974d6f8d3c33ffb42586fd
../../foodsg-233_cleaned/mee pok/ER9U4BA3L02ZRS7NC72FFVNW.jpg,mee pok,all,exact_duplicate,7e96db3a4644074eaa920496d5c30973
../../foodsg-233_cleaned/fried chicken/EPLBMBZS636C12E3WST6MQKC.jpg,fried chicken,all,exact_duplicate,7eda006ff73db0f0cf76fe7273fb10fc
../../foodsg-233_cleaned/cream soup/DI5K1U41786SFWIZ9JVEE67M.jpg,cream soup,all,exact_duplicate,7f2ecf79ff309be3d258610da49d4355
../../foodsg-233_cleaned/mushroom soup/4SRDFQJX9HXIBFH8A7R67NAB.jpg,mushroom soup,all,exact_duplicate,7f45aefe32e9883804046515229a5a29
../../foodsg-233_cleaned/mee pok/9EXOVAES4SZX9F3U0VY91TXP.jpg,mee pok,all,exact_duplicate,7f4b3bc29c132392f9af462a1542ba59
"../../foodsg-233_cleaned/Bee hoon, soto/5U9Q88IEBRB6G1YEVHFL29KH.jpg","Bee hoon, soto",all,exact_duplicate,7f6ff0add297dcaf3677c3c2522330c9
"../../foodsg-233_cleaned/Bee hoon, goreng/YAPB1F251FLWC4BVTFMLJ9PD.jpg","Bee hoon, goreng",all,exact_duplicate,7f7fd83a39f45c3fc76336b03f7d4899
"../../foodsg-233_cleaned/Rice, korean bulgogi beef/FE0WQEE5ONKR8OUV6I7AXC0A.jpg","Rice, korean bulgogi beef",all,exact_duplicate,7f92768d3def0e3c1f8e6ee935edc32d
"../../foodsg-233_cleaned/Rice, with dakgalbi/SH5V98HOO51RZ993XD99HX0M.jpg","Rice, with dakgalbi",all,exact_duplicate,7f92768d3def0e3c1f8e6ee935edc32d
"../../foodsg-233_cleaned/Bee hoon, goreng/4107WBHE81EDZ8R16C9HKE4J.jpg","Bee hoon, goreng",all,exact_duplicate,7fb1b0317dbb959d7c1542973ea0e0c0
../../foodsg-233_cleaned/xiao long bao/3HQGYWE4T6P5W7WD2S2SGLPN.jpg,xiao long bao,all,exact_duplicate,7fd9257985a735cce0992a217d8675a8
../../foodsg-233_cleaned/drunken prawn/5YKWB8P82A7EILHXK27LZ5ZZ.jpg,drunken prawn,all,exact_duplicate,8009b136563ed9418ffade243f6e886c
../../foodsg-233_cleaned/green leafy vegetables/WAQTMH9GQPNW36FAYQ9HQ3DJ.jpg,green leafy vegetables,all,exact_duplicate,800da15a0d00a0619ec6897c405b20b8
"../../foodsg-233_cleaned/Bee hoon, goreng/GCFWWRNWZUXZ8AVU792KEAGS.jpg","Bee hoon, goreng",all,exact_duplicate,8013abe257d07289fbd92df343cb3595
../../foodsg-233_cleaned/Mee siam/ESI9FDUBDCX4FYUMOTTY2U2N.jpg,Mee siam,all,exact_duplicate,801b1be7445f84e63147d4983ec8dfcf
../../foodsg-233_cleaned/Mee kuah/QGNSY3ZXN8PXHDB8ULUSM7OB.jpg,Mee kuah,all,exact_duplicate,80239501d1dca13e099afeb4462468d3
"../../foodsg-233_cleaned/Mee siam, fried/WLSQVQSQZDW19IH2083E5L0W.jpg","Mee siam, fried",all,exact_duplicate,80251594d550958ecdc9efdae38daa90
../../foodsg-233_cleaned/char siew pau/4W1GPPY41OGNHKXTHM8AWOE7.jpg,char siew pau,all,exact_duplicate,802cfc8670ae16fdb89c46a76a642d6d
../../foodsg-233_cleaned/Dumpling noodle soup/OYOUJYYQAHX7SOK0V8VHS8ST.jpg,Dumpling noodle soup,all,exact_duplicate,806149769957fc062aef6b236a44b264
../../foodsg-233_cleaned/Soto ayam/R6I9Z5EAYRVOUILGXEG9YYIM.jpg,Soto ayam,all,exact_duplicate,80b0d6c6ce6cf998160a7f959a83b327
../../foodsg-233_cleaned/Mee soto/P4X7A55L10VFDYJOCBUKTY0T.jpg,Mee soto,all,exact_duplicate,80b0d6c6ce6cf998160a7f959a83b327
../../foodsg-233_cleaned/green leafy vegetables/HX3EQKJNDRTMON6DU4YUV3J1.jpg,green leafy vegetables,all,exact_duplicate,80c1aeac9e8dee785894fd99bd637981
../../foodsg-233_cleaned/kaya toast/Z8H59LMXU61XO7LAGVZU3TZ5.jpg,kaya toast,all,exact_duplicate,80e738ec4531c47d3814106f0208121e
../../foodsg-233_cleaned/Soft boiled eggs/FG9EEFTERSXMQYAUR3LWHV3Z.jpg,Soft boiled eggs,all,exact_duplicate,80e738ec4531c47d3814106f0208121e
../../foodsg-233_cleaned/Seafood Noodles Soup/U75648FXS3RI5MARE1WTJ37V.jpg,Seafood Noodles Soup,all,exact_duplicate,80f98818a1ce72589be5ef9576dde1a4
../../foodsg-233_cleaned/Mee siam/YYXNAUEKPP5G5F4BCYX40214.jpg,Mee siam,all,exact_duplicate,811cafd1191717cb37ed00a18d865397
"../../foodsg-233_cleaned/Bee hoon, soto/8NX4IIV5YICGIXKCQJBTL4WZ.jpg","Bee hoon, soto",all,exact_duplicate,812581ad890387670499cb10cb77a9de
../../foodsg-233_cleaned/Duck Rice/P4YS1ITT5CAJ6783B61EE8XI.jpg,Duck Rice,all,exact_duplicate,812637506b767d7e447fde59a9964dc3
../../foodsg-233_cleaned/Nuts/306DJMEUIXYMG9U02NGUKURO.jpg,Nuts,all,exact_duplicate,8159540ff519fdb74afb732ea8e5bb2f
../../foodsg-233_cleaned/Mee kuah/WAUAH2GSN0374FCPHGC9FEBH.jpg,Mee kuah,all,exact_duplicate,8173cadb36528acbe5e9c28570e66295
../../foodsg-233_cleaned/Mee bandung/DQGU90MLZ9J6YS7383UTSUA6.jpg,Mee bandung,all,exact_duplicate,8173cadb36528acbe5e9c28570e66295
"../../foodsg-233_cleaned/Rice, korean bulgogi beef/DYBOISI85M8NNEI33M5S1OZO.jpg","Rice, korean bulgogi beef",all,exact_duplicate,817ee0705ea19f58c361cccfdd5f6c5d
../../foodsg-233_cleaned/Mee rebus/COZB1R6UXHJHAMI3UB23M1IP.jpg,Mee rebus,all,exact_duplicate,81801386c93107cc544921e61bda8900
../../foodsg-233_cleaned/Mee kuah/9RD9OCTHZFO3VY9C0KK3X7C3.jpg,Mee kuah,all,exact_duplicate,81e364f39e60b11927d19638576844d2
"../../foodsg-233_cleaned/Bee hoon, goreng/HJWIXJFX21XM8I5RIMG1CLVD.jpg","Bee hoon, goreng",all,exact_duplicate,820718ff78e16303d188a51a51c0d447
../../foodsg-233_cleaned/chai tow kuay/FYV7TNXELZ7DMGR2A5OSOTCE.jpg,chai tow kuay,all,exact_duplicate,8213dcdc519e5a578c8700e97f374254
../../foodsg-233_cleaned/Duck Rice/JIQYG1XJILH98R5EJ0J7MUUY.jpg,Duck Rice,all,exact_duplicate,82190fe3c82a83466398e03a9d87db29
../../foodsg-233_cleaned/bee hoon/A559KVVUI7GX32QBLM6U8540.jpg,bee hoon,all,exact_duplicate,822ec05838b4b82cf12db5a377ee6ed2
../../foodsg-233_cleaned/satay bee hoon/549NGZVY2UJLCC3CQ2YV99BD.jpg,satay bee hoon,all,exact_duplicate,822ec05838b4b82cf12db5a377ee6ed2
"../../foodsg-233_cleaned/Bee hoon, soto/VI2KAORLZNUR5J2TARQ9SYZ5.jpg","Bee hoon, soto",all,exact_duplicate,824f150128ad7cab9e6d5409ef168b68
../../foodsg-233_cleaned/Mee bandung/ZH47KOUC4C3NEVW77EJCNNY8.jpg,Mee bandung,all,exact_duplicate,82615468e6bd848b0faf1c7b0a547443
../../foodsg-233_cleaned/Mee kuah/LGQ8OUSYG1GNYUTGL8MQ0FS4.jpg,Mee kuah,all,exact_duplicate,82615468e6bd848b0faf1c7b0a547443
../../foodsg-233_cleaned/Duck Rice/A2IG1NNAQRQV9OKVQ3PKVZKI.jpg,Duck Rice,all,exact_duplicate,828ed6b31101f62556ba51a572d735c8
../../foodsg-233_cleaned/Pung Kueh/OT6YHCD929ZL0IUCTFIRVWVQ.jpg,Pung Kueh,all,exact_duplicate,82b602e136d429c55473f7a1fe29f485
../../foodsg-233_cleaned/cream soup/CQR2TBDRL8JP917GCAEI4OP9.jpg,cream soup,all,exact_duplicate,82c31a0b60caa1b82751a98e2f2589ed
../../foodsg-233_cleaned/Mee bandung/JCV93ZBN408XPPAWT48P81CD.jpg,Mee bandung,all,exact_duplicate,82e8216ae9f54c14fb8264465a4ecd05
../../foodsg-233_cleaned/Dumpling noodle soup/6WITFAF8BRY8T12MQX2TWI1F.jpg,Dumpling noodle soup,all,exact_duplicate,82eca055817a53c4a1a9520dd68f7117
"../../foodsg-233_cleaned/Wanton mee, dry/KU19VWUPEPTRB4F80XORWZN5.jpg","Wanton mee, dry",all,exact_duplicate,82eca055817a53c4a1a9520dd68f7117
../../foodsg-233_cleaned/lontong/48F9FWNS0DVRKUI47IPDB42R.jpg,lontong,all,exact_duplicate,82fff5045487e4e72b0f31ffaa993a61
../../foodsg-233_cleaned/Mee soto/490VBQ1ER8B9DQJ7D1I9YLWW.jpg,Mee soto,all,exact_duplicate,832f13f4445fc2d8f84450ada3f21501
"../../foodsg-233_cleaned/Bee hoon, soto/SB31QX2VKI3348FSI8ETH66P.jpg","Bee hoon, soto",all,exact_duplicate,832f13f4445fc2d8f84450ada3f21501
../../foodsg-233_cleaned/Mee siam/PL744ZRX97L1BSI7YEQ2S6ZD.jpg,Mee siam,all,exact_duplicate,837606401b3b0713b9036b084985c1ac
"../../foodsg-233_cleaned/Bee hoon, soto/ZX1JNK18SNUHIB4VDEFAR28M.jpg","Bee hoon, soto",all,exact_duplicate,8388e12a5c4d4b2228984cdae58bcac1
../../foodsg-233_cleaned/sliced fish soup/SQ1B21CWE2YA2G6TB39OBJTN.jpg,sliced fish soup,all,exact_duplicate,83b4023b6eb1e9feedada3e798466053
../../foodsg-233_cleaned/Mee soto/PEA2ES4VEY4N7GOBYS6IBAU9.jpg,Mee soto,all,exact_duplicate,83ea56a93a3fe133819cce2dd4134b03
../../foodsg-233_cleaned/Mee soto/LXAK5E7PCZ36ZRF22DE4TE42.jpg,Mee soto,all,exact_duplicate,83f868a1b5bbecae8ca8301ef81958a9
../../foodsg-233_cleaned/Seafood Noodles Soup/DT679O1OP9830VAEATWTVXYQ.jpg,Seafood Noodles Soup,all,exact_duplicate,83ffcb285c7d64ef70da28cfbff56c85
../../foodsg-233_cleaned/Mee siam/LVED8NLY44I9540HUWGTK0XR.jpg,Mee siam,all,exact_duplicate,844802f3da8b8313d912d3a4551421e8
../../foodsg-233_cleaned/Mee bandung/6L0BELM9FGEG8BJT8ZGTH4EK.jpg,Mee bandung,all,exact_duplicate,845564c87f5c3f8cfc89c07df3d03ba3
../../foodsg-233_cleaned/Mee siam/3BQC8WVQ9P07SB8T5ZUR4NMY.jpg,Mee siam,all,exact_duplicate,847e50c9c0d78ed09e1d7da3a6e8c5d3
../../foodsg-233_cleaned/char siew pau/Q77FFY2641O1WA8PEAB25UJB.jpg,char siew pau,all,exact_duplicate,848fb8024f1bf9762dc90a4a6d31c3f3
../../foodsg-233_cleaned/chai tow kuay/MYAX1B32CMID8MZGG26YYEUB.jpg,chai tow kuay,all,exact_duplicate,84a4203f1d86dd217d59eee067ab547a
"../../foodsg-233_cleaned/Mee siam, fried/TPYEWJ3BN7G8EUOLEX84CN30.jpg","Mee siam, fried",all,exact_duplicate,84b626bad48279aeef6d7f37ac358f85
../../foodsg-233_cleaned/Mee siam/LWL769IBP7830DFOLHMYJXSH.jpg,Mee siam,all,exact_duplicate,84b626bad48279aeef6d7f37ac358f85
../../foodsg-233_cleaned/char siew pau/VJAEXZXAXF6VIYEQKD64KESD.jpg,char siew pau,all,exact_duplicate,84c153a461428f7e36ae013cd5d9f28f
../../foodsg-233_cleaned/Nasi Ambeng/IS7D0YFDW22JZFLQGIE2VKS3.jpg,Nasi Ambeng,all,exact_duplicate,84c6c4bcea42a05d7b8438d281a9ea92
../../foodsg-233_cleaned/Mee soto/P4URPXO5SDPZPXQQZU1AM1W0.jpg,Mee soto,all,exact_duplicate,84c7ade3e47b8f4c124ff4a37b588038
../../foodsg-233_cleaned/Soto ayam/B2DZBVNZ67V8B7T264EHBBV0.jpg,Soto ayam,all,exact_duplicate,84c7ade3e47b8f4c124ff4a37b588038
../../foodsg-233_cleaned/bee hoon/5RSGWDTV9QEU1QOW691H9ON9.jpg,bee hoon,all,exact_duplicate,84d906f389f32ff97aea630f4907e1ae
../../foodsg-233_cleaned/Mee kuah/UCGQU7OOQZ9BRENDEVBJE6KY.jpg,Mee kuah,all,exact_duplicate,84e54c4ae4921f88d9c9c580f7173db0
../../foodsg-233_cleaned/char siew pau/8BXA48TIKZJS0BJZ604FCZ7W.jpg,char siew pau,all,exact_duplicate,84edc5b061f377f6407a8101a8b65d11
../../foodsg-233_cleaned/cream soup/S1OKVJ6C16MHEPJ7Z9PJHRWX.jpg,cream soup,all,exact_duplicate,84ffe39abb370bc746a232865d364e6e
../../foodsg-233_cleaned/tom yum noodle soup/8UAHQYC2R9T6RY8EAN8EXQ4W.jpg,tom yum noodle soup,all,exact_duplicate,8528a5d9155200351ff2b950c6e86d4c
../../foodsg-233_cleaned/char siew pau/L3OJJHAOIO5X881U6UI8YIP4.jpg,char siew pau,all,exact_duplicate,856d8aa3311faaaab157318f13c077f3
"../../foodsg-233_cleaned/Rice, with dakgalbi/KL25AURS2P1EYFQ228TQ2OUL.jpg","Rice, with dakgalbi",all,exact_duplicate,85735d48cf2c2afb9d668a88b1a6a689
../../foodsg-233_cleaned/chicken soup/RSC7N30DSDQLDXR8ZDXTZB6G.jpg,chicken soup,all,exact_duplicate,85735d48cf2c2afb9d668a88b1a6a689
"../../foodsg-233_cleaned/Pilaf, pea/LV4SM8Z8XDHTBICRBR7Z303Z.jpg","Pilaf, pea",all,exact_duplicate,857606f45ad7489e09c16469fd9ef4ed
../../foodsg-233_cleaned/Mee soto/2WH12RQ7KESK3NJ8C3BPHKDB.jpg,Mee soto,all,exact_duplicate,85a9a24640acef75ef84be0ad8cf6423
../../foodsg-233_cleaned/cooked brown rice/C1GN04K6MF70TSVT4KHMF2FK.jpg,cooked brown rice,all,exact_duplicate,85c28043ac9c4b4adafd6c8de95af577
../../foodsg-233_cleaned/Soto ayam/ZH2I197V8NS4UJC2L0RR25ZX.jpg,Soto ayam,all,exact_duplicate,85f22031f9a1640105ff31c01bf51e98
"../../foodsg-233_cleaned/Bee hoon, soto/X92H2VPZBUMXRXNJ1GPWKAMB.jpg","Bee hoon, soto",all,exact_duplicate,8625f88fc32f7a7d660a68813db36283
../../foodsg-233_cleaned/Mee siam/85XMX9XVVR23N4UC0LCNOJ3M.jpg,Mee siam,all,exact_duplicate,863bcc979e081d4e840ed411a50d7813
../../foodsg-233_cleaned/kiwi/KHVV6CI6DAE873Z7N86W919L.jpg,kiwi,all,exact_duplicate,867cda3e2a8ebcc43a8360f0b2d9906e
../../foodsg-233_cleaned/strawberry/QLSQOBMD7BNV0YV0IT86T8TG.jpg,strawberry,all,exact_duplicate,867cda3e2a8ebcc43a8360f0b2d9906e
../../foodsg-233_cleaned/bee hoon/DKNY2TI8PKDTZEQ1A2FD5HQN.jpg,bee hoon,all,exact_duplicate,86ba630b31a32b68dc1f813c7f916357
../../foodsg-233_cleaned/Mee bandung/ETF0JCUB3VY9DBGWXI7B931L.jpg,Mee bandung,all,exact_duplicate,86c8249e3ab57955f49850eaa209e378
../../foodsg-233_cleaned/char siew pau/TQM2K9MT4BFII9S0U8FQBI7A.jpg,char siew pau,all,exact_duplicate,86e45b3e0009c3ad4c8b69131373ca89
../../foodsg-233_cleaned/Mee siam/TDB2R3VAGAXUJX5MOWA8QMTV.jpg,Mee siam,all,exact_duplicate,871705b0393142e0ba0181d21de54ce9
../../foodsg-233_cleaned/Lontong with sayur lodeh/2IHS93NXJXGZOCXSBM8WI66I.jpg,Lontong with sayur lodeh,all,exact_duplicate,8798c86195d91e384698cd598f900e32
../../foodsg-233_cleaned/lontong/QH4U34WSW7CEVD2FOIY1PHNU.jpg,lontong,all,exact_duplicate,8798c86195d91e384698cd598f900e32
../../foodsg-233_cleaned/cream soup/BC2PBQS68FURJDDRETJN0BS9.jpg,cream soup,all,exact_duplicate,881aec511b45295dd136d9cb3c61badc
../../foodsg-233_cleaned/fried prawn/U9LTUUUQ91RUD81JVDKY9BAD.jpg,fried prawn,all,exact_duplicate,88322ca1bd0ea9e9d640da5c3e93b05b
../../foodsg-233_cleaned/Mee siam/8556DG5WEHCO72HNO10J5ED7.jpg,Mee siam,all,exact_duplicate,88367c3ef027210cc2c61572d2df2678
../../foodsg-233_cleaned/Pomelo/FHE6EPWWYIZ9VJZV9HCUIJ6F.jpg,Pomelo,all,exact_duplicate,884c4161a1b89b9bac4a3e153d5ed1ca
../../foodsg-233_cleaned/bee hoon/NCHXDIROFHNJ2LNVLZI78GRE.jpg,bee hoon,all,exact_duplicate,8872b2fd5f1e66f3fa586a81c67a30d9
"../../foodsg-233_cleaned/Bee hoon, soto/1G0G84CBW5MU84IQEFKKAJLF.jpg","Bee hoon, soto",all,exact_duplicate,8872b2fd5f1e66f3fa586a81c67a30d9
../../foodsg-233_cleaned/hotplate tofu/DDUUI783MWO1Y63KSB6BC5VY.jpg,hotplate tofu,all,exact_duplicate,889f72db04bb59743c5d141e7e7be556
../../foodsg-233_cleaned/Mee soto/ZZI1D3AGLXQFIEYCVO5HLZR0.jpg,Mee soto,all,exact_duplicate,889f72db04bb59743c5d141e7e7be556
../../foodsg-233_cleaned/Seafood Noodles Soup/UVDIX2V0XEZGNIYG8Q9NA5SI.jpg,Seafood Noodles Soup,all,exact_duplicate,88e39ff02e1bd10c7c9cb6f2bc7606b6
../../foodsg-233_cleaned/Mee bandung/HH9TRWSI03ZE5IJ707GDUTQQ.jpg,Mee bandung,all,exact_duplicate,897fbe59c306408a303a14663d8a51d2
../../foodsg-233_cleaned/Apple/UA21GFQCQ6826QT3IHBPDVA1.jpg,Apple,all,exact_duplicate,89a67ebcef08b2b153134e589c363fbe
"../../foodsg-233_cleaned/Rice, korean bulgogi beef/KQZSHJL7AUOCNSAAH97PSDJ6.jpg","Rice, korean bulgogi beef",all,exact_duplicate,89b26876966e29fc70671db2537d42dd
"../../foodsg-233_cleaned/Rice, with dakgalbi/FKIWERBZ0ZWF0MP8BPW60EQA.jpg","Rice, with dakgalbi",all,exact_duplicate,89b26876966e29fc70671db2537d42dd
../../foodsg-233_cleaned/Mee soto/6QOSIO2KNBFWCXA2K3ZHJRL2.jpg,Mee soto,all,exact_duplicate,89d369265203de717bd71ca5b8c5e278
../../foodsg-233_cleaned/meatball/ZBKZGJJVLREHC6F7EHF62U80.jpg,meatball,all,exact_duplicate,8a0d6c65f7418d2f41d7206e794af0fa
../../foodsg-233_cleaned/Mee bandung/OADL8CB9BQ1GLF562BOJZWKQ.jpg,Mee bandung,all,exact_duplicate,8a1fbad147703739f1ff12d46f4b911c
../../foodsg-233_cleaned/chai tow kuay/EGSC689YHTH8G64KSL9EW8WA.jpg,chai tow kuay,all,exact_duplicate,8a2383d892a1a637fdcd9813e2ca109f
../../foodsg-233_cleaned/Soto ayam/ZL37TMR6ZXCXEA8TJR5PSU75.jpg,Soto ayam,all,exact_duplicate,8a74ce7ac661beaa6cac45dda1538452
../../foodsg-233_cleaned/Mee soto/4DPXKVLRTS9UDB9BM0OYEJCY.jpg,Mee soto,all,exact_duplicate,8a8824c2a1c552cec2ed79457bb5878b
../../foodsg-233_cleaned/Mee rebus/XIC7ZKU27LBQAQF8VY6SDE4U.jpg,Mee rebus,all,exact_duplicate,8a8824c2a1c552cec2ed79457bb5878b
../../foodsg-233_cleaned/chicken masala/Z1WVWKGJXD256B7TNH5O7KJN.jpg,chicken masala,all,exact_duplicate,8b1a5001ef2687017a6722f244e8f3bd
../../foodsg-233_cleaned/Udon/R4WOJ55XLTVI8X9DR2Q3QVCF.jpg,Udon,all,exact_duplicate,8b2fd8132c47a54ae49adbc4b82c795e
"../../foodsg-233_cleaned/Bee hoon, soto/LNIPB6M9KDUUI5K4H2DUDR7O.jpg","Bee hoon, soto",all,exact_duplicate,8b40cea2227aec4d78c93ccae290591b
"../../foodsg-233_cleaned/Mee siam, fried/9J7INSSRR640HIQTFIRHAWVK.jpg","Mee siam, fried",all,exact_duplicate,8b663c9f537a7b076636c6cf96762cd1
../../foodsg-233_cleaned/Mee soto/K75S106E7YUN808GBXNE4Y2Y.jpg,Mee soto,all,exact_duplicate,8b85c2f2f2783ec1fad656352c2ae123
../../foodsg-233_cleaned/bak chor mee/UU13K88SESNWCI1DMDUMVG1G.jpg,bak chor mee,all,exact_duplicate,8b94891a2bdb2da92228d35203240f7e
../../foodsg-233_cleaned/bee hoon/3JKC08WSEKRALUAPGD22ZO1A.jpg,bee hoon,all,exact_duplicate,8c5af608394324449a0ac8601b3610df
../../foodsg-233_cleaned/whole wheat/H6KKNLPYX34QEI95YRP7M7ZR.jpg,whole wheat,all,exact_duplicate,8c6d430c6fa31ee90fd1f8888321d644
../../foodsg-233_cleaned/mushroom soup/6369DD64M5QZWL0KP9YIRGI9.jpg,mushroom soup,all,exact_duplicate,8c7352c14fbe02d769728b4ef5518461
../../foodsg-233_cleaned/whole grain bread/T3QQBO4D6KUQ2P9OSKBYZPLQ.jpg,whole grain bread,all,exact_duplicate,8c8f206fcec34d742c14e93ba2cf6e39
../../foodsg-233_cleaned/Grapefruit/AZW09PQZBNMKO2ZJ9ILI5R7P.jpg,Grapefruit,all,exact_duplicate,8cdefa3b7d4f95d9857e9ff96d4813cd
../../foodsg-233_cleaned/Dumpling noodle soup/URNB3FOJ2QCUKT9TQIEJ43CR.jpg,Dumpling noodle soup,all,exact_duplicate,8d228bc01d3a6a23887f42f60150c1a3
../../foodsg-233_cleaned/Mee rebus/EYFALN2OT1JTPFPWCZYECAAH.jpg,Mee rebus,all,exact_duplicate,8d77e8bcf2bc832ac0328c4dae1dcaa5
../../foodsg-233_cleaned/Mee kuah/OXEC5I06MBNF0740EY8L5K9H.jpg,Mee kuah,all,exact_duplicate,8d77e8bcf2bc832ac0328c4dae1dcaa5
../../foodsg-233_cleaned/green leafy vegetables/L03NV4PX1QN0H1PUO9R0VZF6.jpg,green leafy vegetables,all,exact_duplicate,8d8e67d09b36794117459faca55fdbe0
../../foodsg-233_cleaned/whole wheat/7ZIMVQ13ZX31P5Q1DNXTR3U8.jpg,whole wheat,all,exact_duplicate,8de30b2630f994de29ee8ff370d87a09
"../../foodsg-233_cleaned/Rice, korean bulgogi beef/7YKL0RTW3PAW0NPGSCK9UCVG.jpg","Rice, korean bulgogi beef",all,exact_duplicate,8e023443828c2d4de7e8e8dff89d4066
"../../foodsg-233_cleaned/Bee hoon, soto/BNV2XJQZ9EO5K1VJ0ID94MZU.jpg","Bee hoon, soto",all,exact_duplicate,8e1e2993e507708bf6fcfedc12cc8c51
../../foodsg-233_cleaned/Mee soto/I9Y97HNBQA36K7RZ43H8UUVC.jpg,Mee soto,all,exact_duplicate,8e1fda4d44ac9796be082979b5e3381f
../../foodsg-233_cleaned/Seafood Noodles Soup/WAGDZ3A9YTUOX63YS3YKZABJ.jpg,Seafood Noodles Soup,all,exact_duplicate,8e2cde4efcf0c7424a628f65a4cd8b87
../../foodsg-233_cleaned/Porridge/8DWSVU13FU21FT0PKFTKDMFL.jpg,Porridge,all,exact_duplicate,8e62a14fc847e639636b7061e8a5e09a
../../foodsg-233_cleaned/Soto ayam/LCUNENGU158KUGOYCKU81F6N.jpg,Soto ayam,all,exact_duplicate,8e6660d5e1c969fdaa851a50baa3b133
../../foodsg-233_cleaned/chilli crab/EEL15AT1A53OIPXRDUMW175S.jpg,chilli crab,all,exact_duplicate,8e6e47f7bf4fc1317577f3988040492a
../../foodsg-233_cleaned/Mee soto/6RBF9WYLS6BLJ0CPOLJTNIQN.jpg,Mee soto,all,exact_duplicate,8e72ea12a58421cb569cf1dd17d3e5f8
../../foodsg-233_cleaned/mushroom soup/JKVQ9A7U40V35UWUTOGW99FJ.jpg,mushroom soup,all,exact_duplicate,8e963efb2074561beb95a29280c98154
../../foodsg-233_cleaned/Soto ayam/J1SANF3GP1BE5VWZDR5OXLKH.jpg,Soto ayam,all,exact_duplicate,8ea08f01acb29fae44d12b677da05ce2
../../foodsg-233_cleaned/Mee soto/LK62TC8QV9VTT7DOLHJ5NS09.jpg,Mee soto,all,exact_duplicate,8ea08f01acb29fae44d12b677da05ce2
../../foodsg-233_cleaned/mixed vegetables/Q4NSLODTXZMS2BJLNON0L32K.jpg,mixed vegetables,all,exact_duplicate,8ecf08ac4ed556f2542a2c99430c10c4
../../foodsg-233_cleaned/Lontong with sayur lodeh/BS755EA4RBIGB3HQ6TOOVN3T.jpg,Lontong with sayur lodeh,all,exact_duplicate,8ecf08ac4ed556f2542a2c99430c10c4
../../foodsg-233_cleaned/mee pok/8UHJ3FKL2UV6JKAJU5FFTHNQ.jpg,mee pok,all,exact_duplicate,8f1608a827df2dc9be56303523895d0c
../../foodsg-233_cleaned/Pomelo/IBENRF4XQANJXW046GF4JSVG.jpg,Pomelo,all,exact_duplicate,8f398b8687ae626fac2814e0fb06080c
../../foodsg-233_cleaned/mushroom soup/OH4UM76PMK9P4385CT9PU7PE.jpg,mushroom soup,all,exact_duplicate,8f4821d952ea7926c74149d5d5392ccb
../../foodsg-233_cleaned/honeydew/LVV20ZRW8XAUP1IY3GB42ORZ.jpg,honeydew,all,exact_duplicate,8f58e8afccdf51cdb431a354af211c40
../../foodsg-233_cleaned/blueberries/QY4BISYZMV9OFW4LU09INLDU.jpg,blueberries,all,exact_duplicate,8fb7a4c7e5b80e804b195d7da1d7a060
../../foodsg-233_cleaned/kiwi/VHZFL6U2VRXPPCGJHCF5CA9F.jpg,kiwi,all,exact_duplicate,8fd3fcaade6a466d5e0b18e22a5e5782
../../foodsg-233_cleaned/Mee soto/MWNWMNLV1EWPI4Z8JK9NOZ29.jpg,Mee soto,all,exact_duplicate,8fdfa51459134081c02893460241b245
../../foodsg-233_cleaned/Mee siam/O4YOOMOH5G7OZOADOH0RXOK8.jpg,Mee siam,all,exact_duplicate,8ff0bfc978f58c7791ba90cc826a3f78
../../foodsg-233_cleaned/whole grain bread/4HD303Y5Z3CRQLWI6YNQ0D11.jpg,whole grain bread,all,exact_duplicate,9000e036cd5070f77b6aa9fc9832613f
../../foodsg-233_cleaned/Lontong with sayur lodeh/W6UJYHLACBN9ZKBA46UKWFBK.jpg,Lontong with sayur lodeh,all,exact_duplicate,900ed9b70610953587af69b2537fb5c9
../../foodsg-233_cleaned/Soto ayam/URHTDFXU0DE6AHBSOOA6LKBT.jpg,Soto ayam,all,exact_duplicate,902ab9d9cc73915c264f10cf4b83a073
../../foodsg-233_cleaned/Mee soto/7KJ3EAQJAZLOTOYLKOKBJ0YC.jpg,Mee soto,all,exact_duplicate,9048cea50fb7edff8be532f268864e3e
../../foodsg-233_cleaned/Udon/TFX3R872CFFY6ETG2VJW4NUK.jpg,Udon,all,exact_duplicate,904c1b97a292bb92c2fb917f82d03d42
../../foodsg-233_cleaned/lontong/ZLTLLHUR88UOVFA6ZG4QBMHH.jpg,lontong,all,exact_duplicate,9089fe91e1ae5da71e47a2b916c9427a
../../foodsg-233_cleaned/whole wheat/PEO1XO8Y7PQZ0YOMQL9A3NJT.jpg,whole wheat,all,exact_duplicate,90a0b3e8230ff4d6d51339de09061a4f
../../foodsg-233_cleaned/whole grain bread/TWAONTDRT04ZFYYYB6MZ9VQ2.jpg,whole grain bread,all,exact_duplicate,90d3ea725822ab9bed655c4c39a4d6d6
../../foodsg-233_cleaned/nasi lemak/R26D1GORSFUC30KL5CWKWZX2.jpg,nasi lemak,all,exact_duplicate,91232b674e68d205916b652a18e2e076
../../foodsg-233_cleaned/Duck Rice/HHOVMAR4NWRUAPOFHPIAYNN8.jpg,Duck Rice,all,exact_duplicate,9145c262162c914f4b14f8689743ad2e
../../foodsg-233_cleaned/char siew/M1C9CAJMFIWV9XDOI554OHRM.jpg,char siew,all,exact_duplicate,9145c262162c914f4b14f8689743ad2e
../../foodsg-233_cleaned/whole wheat/MLTVPR95A9V1GVKB8CFW6O2A.jpg,whole wheat,all,exact_duplicate,91999868e7d4a4bad1ba49e6bb696465
../../foodsg-233_cleaned/Mee soto/JW7ZFYKPL67DPLWDV7CNKTZB.jpg,Mee soto,all,exact_duplicate,91be5a7941aed0505c5d3426e99fb90e
../../foodsg-233_cleaned/Dumpling noodle soup/XI29YU6C3NC03M1ZAHKDWSTM.jpg,Dumpling noodle soup,all,exact_duplicate,91cc9278918aca84eedccffa82884c56
../../foodsg-233_cleaned/dumpling/S4BHNKYWK1T44F0HTFCA3J4S.jpg,dumpling,all,exact_duplicate,91d9e6e8c2633ce9fe0deb36e3d326a2
../../foodsg-233_cleaned/Chinese fritters/ZLIUR3E83Z98FY2W6UFKD7E7.jpg,Chinese fritters,all,exact_duplicate,920b1b5c43b71ba3ac038ae8734b55c7
"../../foodsg-233_cleaned/Bee hoon, goreng/SH1YI1T81182DC4KRYGGV9DK.jpg","Bee hoon, goreng",all,exact_duplicate,9227cdcbce3ff667ec02e3efdea231cb
../../foodsg-233_cleaned/bee hoon/4NIN7HLFCQFBJVSBZECVK4KL.jpg,bee hoon,all,exact_duplicate,92289ef2b5194017320367e948e69ebb
../../foodsg-233_cleaned/Grape/ZYKWGA4KBM0R75U7EGHE8PIY.jpg,Grape,all,exact_duplicate,924b6c8c1ce56755c4a62bef5b2a3c04
../../foodsg-233_cleaned/Apple/QSH961F8GQYQYEJR3OP10Q3N.jpg,Apple,all,exact_duplicate,924b6c8c1ce56755c4a62bef5b2a3c04
"../../foodsg-233_cleaned/Mee siam, fried/LQ23NOQ2CAU9OYO9N2C89P3A.jpg","Mee siam, fried",all,exact_duplicate,924dd8b12077af96e22db42d6c052e61
../../foodsg-233_cleaned/rock melon/V0PH4UGC8154BUO9TM9Z49HZ.jpg,rock melon,all,exact_duplicate,92993de5509d9016177c58ba08f74333
../../foodsg-233_cleaned/honeydew/ODD9B2MS05X6Y95SN2OAXK7O.jpg,honeydew,all,exact_duplicate,92993de5509d9016177c58ba08f74333
../../foodsg-233_cleaned/Mee soto/P5KXL7ABJ54T7EY4SBFMUL9K.jpg,Mee soto,all,exact_duplicate,92a09a6bebe27362f4caef2d7d105849
../../foodsg-233_cleaned/Soto ayam/BF60UF271FO3FKDQTCXFMIF4.jpg,Soto ayam,all,exact_duplicate,92a09a6bebe27362f4caef2d7d105849
../../foodsg-233_cleaned/hokkien prawn mee/3IWAU4K2ABJBTTZBKKKLPSCA.jpg,hokkien prawn mee,all,exact_duplicate,92a38a40d21934c73c78e93a9300b081
../../foodsg-233_cleaned/chilli crab/MMSQ3LZ8I86K9EFM1QMQKP9J.jpg,chilli crab,all,exact_duplicate,92a627413d130b935de8c2bb6cd766a3
"../../foodsg-233_cleaned/Mee siam, fried/D63D7GZ1ITS1AIJJ17ZBVOEI.jpg","Mee siam, fried",all,exact_duplicate,92b341db37daefdd3a48b68e2ecf022c
../../foodsg-233_cleaned/Mee siam/AQ86UKOB6CKCRAQ46WOM1RN0.jpg,Mee siam,all,exact_duplicate,92b341db37daefdd3a48b68e2ecf022c
../../foodsg-233_cleaned/char siew pau/8OUM25KMYBC4HY2W8QWAZWRH.jpg,char siew pau,all,exact_duplicate,92cde0f283c3f3c702c95dd08e264a4f
../../foodsg-233_cleaned/whole grain bread/HK6SO78SWNNV6E7SGFYLG6N2.jpg,whole grain bread,all,exact_duplicate,92f0c0a45d7ebaf951a8427735eb6fe5
../../foodsg-233_cleaned/Mee bandung/K54TEP9ALHKF0JZN3CWE85L7.jpg,Mee bandung,all,exact_duplicate,92f495bcba20f38a1951dce427f1bb3e
../../foodsg-233_cleaned/Seafood Noodles Soup/6MYFRQBSBW4Y61CA91IG4KP9.jpg,Seafood Noodles Soup,all,exact_duplicate,935cc31a6ed620a1c7a42549cc590002
"../../foodsg-233_cleaned/Bee hoon, goreng/KUSJ49FF1O3HLXYFJWTIYLVP.jpg","Bee hoon, goreng",all,exact_duplicate,93604641f220e22f2a2d8665800de8d8
../../foodsg-233_cleaned/popiah/02IIZBDLJUQML2QLX4FO04QE.jpg,popiah,all,exact_duplicate,93affd6880b3821f1e06e72dc8c0f4cb
"../../foodsg-233_cleaned/Pilaf, pea/P32A47LJLYP59YZ9FQ2T7GZX.jpg","Pilaf, pea",all,exact_duplicate,93b79fe2c313c92b2695fe77d1ef9ecd
../../foodsg-233_cleaned/Duck Rice/86QCM4OACCMKGPY3WU7WWT1X.jpg,Duck Rice,all,exact_duplicate,93f7f754eb25801f37a3865e05f91a46
../../foodsg-233_cleaned/Mee soto/FI0I8A1MH27E6RGM6EX5F7YU.jpg,Mee soto,all,exact_duplicate,9429b85048a23b59464256b7654c1c39
../../foodsg-233_cleaned/Mee bandung/5CEP1AMEEKEPWOE8WL4SC4ZR.jpg,Mee bandung,all,exact_duplicate,9436b4d470b8624bed8ee852dc843c60
"../../foodsg-233_cleaned/Mee siam, fried/59ZN4BHQ75V1ZK40SKQIKHZN.jpg","Mee siam, fried",all,exact_duplicate,9443284647ba6b60b0b7d428fd9b7d8c
../../foodsg-233_cleaned/Dumpling noodle soup/Q67KR57ZVKW8O31NJEUXL6K3.jpg,Dumpling noodle soup,all,exact_duplicate,94524bc5c12940437b14ee0b5b5f32bb
../../foodsg-233_cleaned/fried prawn/AMHGRWYV6A0HJKH08V03H0TD.jpg,fried prawn,all,exact_duplicate,94c54d2875b5157f1c2613777ca3fbef
../../foodsg-233_cleaned/fried rice/11SOPLWMD7FVMXDC14VZSVPK.jpg,fried rice,all,exact_duplicate,94ce35fbddada2d4bb355535a784c6a8
../../foodsg-233_cleaned/Mee kuah/SSVG7UGWL4SCCXOWNGC89R0T.jpg,Mee kuah,all,exact_duplicate,94f6448e80b4c62bddab5f83afc5be5d
../../foodsg-233_cleaned/Mee bandung/P9QLYOQN7GCXUKOHX4VPFF9I.jpg,Mee bandung,all,exact_duplicate,94f6448e80b4c62bddab5f83afc5be5d
../../foodsg-233_cleaned/sliced fish soup/PE44DEHTM6SCJQC98GUKGK63.jpg,sliced fish soup,all,exact_duplicate,94fcfd28d638af746600e85e72bd630a
../../foodsg-233_cleaned/kaya toast/ZKP1PCI0F7PKIQXNGXDQCWKL.jpg,kaya toast,all,exact_duplicate,95088050adee6c88f82c6be517c69f04
../../foodsg-233_cleaned/Soft boiled eggs/0RV9ST6WPWN82Q5QFVYO90NP.jpg,Soft boiled eggs,all,exact_duplicate,95088050adee6c88f82c6be517c69f04
"../../foodsg-233_cleaned/Mee siam, fried/NTXVLP5XRIC098EFDIZ09A91.jpg","Mee siam, fried",all,exact_duplicate,9512b94864458c03ca66c5416c2c20f6
"../../foodsg-233_cleaned/Bee hoon, goreng/K9F5LVBUU04KPB8X3ZPHQWHY.jpg","Bee hoon, goreng",all,exact_duplicate,953fe476628fde0bd07ded6e442440ef
"../../foodsg-233_cleaned/Bee hoon, goreng/OOBRHWXLDJPFE1F74CIP736W.jpg","Bee hoon, goreng",all,exact_duplicate,9543e95f71275952910eb9777dd4ca51
../../foodsg-233_cleaned/whole grain bread/A487PLRW623JWZSB739FZGIS.jpg,whole grain bread,all,exact_duplicate,9568ec89e838393baadd1c8323da1b7d
../../foodsg-233_cleaned/whole grain bread/IKVS1BK4URHQQW1IGKLKBP5C.jpg,whole grain bread,all,exact_duplicate,95a7e4b43d00d74f5ef4e1a238290966
../../foodsg-233_cleaned/mixed vegetables/MP5WJ924IW2CFXV4P7RPOKWM.jpg,mixed vegetables,all,exact_duplicate,95d759fed2073a86d76b7a852eb7450a
"../../foodsg-233_cleaned/Bee hoon, soto/BSF6OREAEQLV5VJGVOM8261O.jpg","Bee hoon, soto",all,exact_duplicate,95d8671efe3a6c24f4d82132fd4a2a26
../../foodsg-233_cleaned/Lontong with sayur lodeh/ZDQZTHUNLN3XR9NPO46R96MU.jpg,Lontong with sayur lodeh,all,exact_duplicate,961d6f9a63e9d517f578913218487710
../../foodsg-233_cleaned/whole wheat/QX1AUILB69N6ZLGUIP6204ZH.jpg,whole wheat,all,exact_duplicate,969647eb496e5811007aca5a971f33f3
"../../foodsg-233_cleaned/Bee hoon, soto/UXRPM0R9O8KUFN8MKXCK6SUD.jpg","Bee hoon, soto",all,exact_duplicate,9698fdaeb0d7a401893e5fc88cb3d0d4
../../foodsg-233_cleaned/whole grain bread/FVFCIAM5VGSQG1LFP9P14ZBN.jpg,whole grain bread,all,exact_duplicate,96ab557b9baeddb32fa7f105af344407
../../foodsg-233_cleaned/chicken soup/QXRQTGTKQ83VKFA2XH7OZSNU.jpg,chicken soup,all,exact_duplicate,96d642a66ec739c92037b38497500c8c
../../foodsg-233_cleaned/Mee soto/U32JTLKM5XPD39LM6P6XRLU7.jpg,Mee soto,all,exact_duplicate,96dff424f37e65cbf8a4d55124c74c56
../../foodsg-233_cleaned/Mee rebus/6MDR0BFKS4A0UWSFCXQ55VGS.jpg,Mee rebus,all,exact_duplicate,970106527a05541586701a0e0dd8bc6e
../../foodsg-233_cleaned/Mee rebus/XJPBVAQCKNU84MY8X61T4NT7.jpg,Mee rebus,all,exact_duplicate,9726c857d4130b5cfa24157abd6b0ec1
../../foodsg-233_cleaned/Seafood Noodles Soup/72RGV09J62JM57KFA1DDPGS9.jpg,Seafood Noodles Soup,all,exact_duplicate,97593222e7f050fc3e314eb43e25b58a
../../foodsg-233_cleaned/lontong/TY7LQJW7C37RQHVXKUBQT2B5.jpg,lontong,all,exact_duplicate,976de6ef974f17067fecbe402db6f1a3
../../foodsg-233_cleaned/Lontong with sayur lodeh/NA4UDYO0MYM0CT102AFRQRC8.jpg,Lontong with sayur lodeh,all,exact_duplicate,976de6ef974f17067fecbe402db6f1a3
../../foodsg-233_cleaned/whole wheat/QIAHFVZBPNPVG9K9JX593VVE.jpg,whole wheat,all,exact_duplicate,976edab43e67e41159ad04fa11475335
"../../foodsg-233_cleaned/Bee hoon, goreng/LB5P3KP18U67EIAGUY6TWNXK.jpg","Bee hoon, goreng",all,exact_duplicate,97759cad73a710dff5b382c7c12d17d7
../../foodsg-233_cleaned/rock melon/ZUEXBN2NCUYKYATW64RV4JOZ.jpg,rock melon,all,exact_duplicate,97bff48dd1926f669a9b9f9cb25218e9
../../foodsg-233_cleaned/chai tow kuay/AW8KTU87ZVJM95O0Z87YE1XZ.jpg,chai tow kuay,all,exact_duplicate,97c5633e5364323f70c7b28803a44672
../../foodsg-233_cleaned/chicken soup/487FOWWQCV4B7QA7I7XJ6JQ1.jpg,chicken soup,all,exact_duplicate,97cc7fbf93e97138c3cc08febaade0e2
../../foodsg-233_cleaned/chicken soup/5V3TTXZ27XHF3QL656XAL1SI.jpg,chicken soup,all,exact_duplicate,97d6dd30316e4f753e43f4164649c4c7
../../foodsg-233_cleaned/Pomelo/7IJCY93JZEASKUPWNN10G8DZ.jpg,Pomelo,all,exact_duplicate,9805256f694e8167b6f97601f8f11f72
../../foodsg-233_cleaned/Mee kuah/AHQYNLBFK9H81U6L1TQJ7KXM.jpg,Mee kuah,all,exact_duplicate,984a44fb67e704f940d2d6caa35f989b
../../foodsg-233_cleaned/Chocolate/836R1WYT2XJWQQAJ3HYAT04S.jpg,Chocolate,all,exact_duplicate,985584c67e817d978c03cfbd707e3e56
../../foodsg-233_cleaned/bee hoon/VEDGN6RSP5FFJNUNAV632A4M.jpg,bee hoon,all,exact_duplicate,98603d326b92676f2b32ea3e8575c95d
../../foodsg-233_cleaned/Mee siam/RFQV2H88Y2GKHPWVVZ745L5I.jpg,Mee siam,all,exact_duplicate,9863081a85f673ddb96ea20d7bb47588
../../foodsg-233_cleaned/Soto ayam/5UX08UHSKINDMJILLUNS5847.jpg,Soto ayam,all,exact_duplicate,98eb9220c030e43fc3610669656ee91c
../../foodsg-233_cleaned/whole wheat/QKI4UKWLKQDMP839JV6470M9.jpg,whole wheat,all,exact_duplicate,98fc0c1214f2917c83409aed9e361415
../../foodsg-233_cleaned/vegetable soup/E3119UQXHFI5YH6VVWUM0ORL.jpg,vegetable soup,all,exact_duplicate,9919c0dc31ea96aa006ae6d5d87ceb9b
"../../foodsg-233_cleaned/Bee hoon, soto/ZIZZ0DM8TGZTQ41067WFSRGV.jpg","Bee hoon, soto",all,exact_duplicate,9932257084b87e36cf58feb19373569b
../../foodsg-233_cleaned/whole grain bread/L1T7OD2F4D2LBLEVWXL0GQTG.jpg,whole grain bread,all,exact_duplicate,996abefd867847184b7f783a6d0babad
../../foodsg-233_cleaned/whole wheat/27O9RDXFPBMRNLCX65D1G3MV.jpg,whole wheat,all,exact_duplicate,99872a598fa0b2bcba7e2652bad5a4db
../../foodsg-233_cleaned/whole grain bread/ZVCRHYCM4NF41DASMDA4RPLB.jpg,whole grain bread,all,exact_duplicate,99872a598fa0b2bcba7e2652bad5a4db
../../foodsg-233_cleaned/mee pok/SKBNJ6Q7FS2P1AY3F7NFVIL6.jpg,mee pok,all,exact_duplicate,99c9f5bcc3e2b76b7cb76b87fae02483
../../foodsg-233_cleaned/buckwheat/MLATZ2EVM0FXKLJCIAKQ83CP.jpg,buckwheat,all,exact_duplicate,99cdf3a9e0672d28e2c679d952fb9cfe
../../foodsg-233_cleaned/Mee bandung/S456VX841L97Y4KISY0OL9UI.jpg,Mee bandung,all,exact_duplicate,99f1bf82ca06bb25e253c6370c6bc121
../../foodsg-233_cleaned/Ban Mian/C8XG0SWQK0XI1HHL6IQZYSH9.jpg,Ban Mian,all,exact_duplicate,99f30a72f49ceb0345d9ac3328f550d9
../../foodsg-233_cleaned/Ban Mian/SIV4GKW0W40PITSPKLICVSQA.jpg,Ban Mian,all,exact_duplicate,99fa234d4422dc22265b413d46ec6076
../../foodsg-233_cleaned/Mee bandung/FDY0N0B3SB6LH6CYJDG8J2UZ.jpg,Mee bandung,all,exact_duplicate,99fac20c49b742f4bead484c6d08af09
../../foodsg-233_cleaned/vegetable soup/PET95VEU1L6AQ88AIUXPTD25.jpg,vegetable soup,all,exact_duplicate,9a2e454d3486289eb5daae068d5985fd
../../foodsg-233_cleaned/mee pok/6WC582HM720406Q57S9FAHPX.jpg,mee pok,all,exact_duplicate,9a3e8c6054f80a9ba7d76f54fbc1088e
../../foodsg-233_cleaned/whole grain bread/YJJ57LIDXPFO4FAVWRZ4NA94.jpg,whole grain bread,all,exact_duplicate,9a497370fbe316f811e9fcf5cddd1685
../../foodsg-233_cleaned/Lontong with sayur lodeh/DYWKZWT6CJ6HI4G9C0KGYPXU.jpg,Lontong with sayur lodeh,all,exact_duplicate,9a5a1483440ebe320303c1a26a998bae
../../foodsg-233_cleaned/Mee kuah/CO1NW4Y4VJSQOTQK64UWWRRY.jpg,Mee kuah,all,exact_duplicate,9a6a549939af6af1fe76dd6befb96617
"../../foodsg-233_cleaned/Bee hoon, soto/1HTT1K799AYMEVODGTS4GQW3.jpg","Bee hoon, soto",all,exact_duplicate,9a6f51343196e62c2537e65b91d4385f
"../../foodsg-233_cleaned/Bee hoon, soto/HIWNYML4EHYJKQCPLSZ8YYL7.jpg","Bee hoon, soto",all,exact_duplicate,9a8191610ef8553804229a2d6d6822f7
../../foodsg-233_cleaned/Seafood Noodles Soup/FVYL7UZM2RQIJWOB6XT1OV1T.jpg,Seafood Noodles Soup,all,exact_duplicate,9a89a0460280ab76121111ddcbd57167
../../foodsg-233_cleaned/Mee soto/XEG4XJOTI3AWQNDVVROUYIE1.jpg,Mee soto,all,exact_duplicate,9ae08b6ed902dd68d1a73464a479e1a9
../../foodsg-233_cleaned/Soto ayam/RWGQA62KHTKQ26V1OFRWT2IZ.jpg,Soto ayam,all,exact_duplicate,9ae08b6ed902dd68d1a73464a479e1a9
../../foodsg-233_cleaned/Mee goreng/3WR4UODFY87W9Q48CGFT0U3S.jpg,Mee goreng,all,exact_duplicate,9ae369aa3fb4065146c867b5f8db038e
../../foodsg-233_cleaned/Mee kuah/KGHROOYN32NKK8GOLE63NUTT.jpg,Mee kuah,all,exact_duplicate,9b21e9ac751f626845916b7707e98596
../../foodsg-233_cleaned/chai tow kuay/6KEF3HIRNHODZCTI78QV4CR3.jpg,chai tow kuay,all,exact_duplicate,9b2a9cd4c5d5a541479edda7b3554afd
../../foodsg-233_cleaned/Mee siam/5ERNBN0JESN58HALQZ6G4WBG.jpg,Mee siam,all,exact_duplicate,9b37ba7aab8b4468aee0eb0f47b793f1
../../foodsg-233_cleaned/Mee soto/FX68P92ZA5WE8DDJWKPDJE5P.jpg,Mee soto,all,exact_duplicate,9b4c51a124183c5977d70e1ea31007c1
../../foodsg-233_cleaned/strawberry/5EHQP488KETMSQV8220CYPMD.jpg,strawberry,all,exact_duplicate,9b64889bb1715af8c7a776ca8947671c
../../foodsg-233_cleaned/kueh lapis baked/WD92KCBD06DSXZ6U2H7S5OO3.jpg,kueh lapis baked,all,exact_duplicate,9b9217a38d06d42dc2598e97fc2ef7ae
../../foodsg-233_cleaned/Udon/1091WHQWT5BLGKRD14M9OVMB.jpg,Udon,all,exact_duplicate,9bab744154022c5fde7764f78b77c6dc
../../foodsg-233_cleaned/Ban Mian/EEIGU2EN851NNLBDABOB3YMN.jpg,Ban Mian,all,exact_duplicate,9bd2458232b4666f5b17b6c75dc6b187
"../../foodsg-233_cleaned/Bee hoon, goreng/0NR8OJDWZRSY2GEXO1F6N3YP.jpg","Bee hoon, goreng",all,exact_duplicate,9bd3c32b43eb8be94f7d5b583e329cee
"../../foodsg-233_cleaned/Bee hoon, soto/GX50SQO9I8BNZZWIL6TAA411.jpg","Bee hoon, soto",all,exact_duplicate,9be42e8fdffde3eac045e7be13a0a1e4
../../foodsg-233_cleaned/Mee soto/FEVA14CPJ7Y15GQOMVGFDNT4.jpg,Mee soto,all,exact_duplicate,9c085cca2633e7082ec1696f96b26ba9
../../foodsg-233_cleaned/char siew/8WZEBH77XQK4IXADU8V45P67.jpg,char siew,all,exact_duplicate,9c2b577bb77bf5a65be95f6ac0d82ad9
../../foodsg-233_cleaned/mixed vegetables/77Y22EGVI4RVSQUX5I1VMVRS.jpg,mixed vegetables,all,exact_duplicate,9c42478cd850a934bc587df6f4b7e91f
../../foodsg-233_cleaned/Soto ayam/NEU4QG87AWN9QOW5BQPJS4JP.jpg,Soto ayam,all,exact_duplicate,9c46f9b8852e6973d0bc1de3792c6972
../../foodsg-233_cleaned/mee pok/Z01HULNRWB05COTHMDWI530R.jpg,mee pok,all,exact_duplicate,9c6b4211e26c2bee238064366b535e62
../../foodsg-233_cleaned/oyster omelette/1795B0N5FIKTPUJBS9V6B17B.jpg,oyster omelette,all,exact_duplicate,9c8ca0d822457db808daa0a08f2275d9
"../../foodsg-233_cleaned/Mee siam, fried/IK33PJFE0CIGEYX6M9ZK5ZG0.jpg","Mee siam, fried",all,exact_duplicate,9cb0a354fc733b9d006543c56dbb52df
../../foodsg-233_cleaned/Fried Noodles/EX6721VGHE09X2NS7E17O6EF.jpg,Fried Noodles,all,exact_duplicate,9cc4cd667e9ce4281bf7b6175ad51133
../../foodsg-233_cleaned/Mee soto/LO1BA3Q9K3F2XQGYZG6E9T87.jpg,Mee soto,all,exact_duplicate,9cdd6567d0cbc8792bd4c45d786c02bc
../../foodsg-233_cleaned/Soto ayam/J0BJSBXJV3SI9NJ9D3R7YQPZ.jpg,Soto ayam,all,exact_duplicate,9ce82ba4aa3d9a77caf1bbb365c5b428
../../foodsg-233_cleaned/Mee siam/707TBIVNLIGM1XSBDERR65RQ.jpg,Mee siam,all,exact_duplicate,9cecbd8e5ec9c88ecc0ef1338216c77e
../../foodsg-233_cleaned/whole wheat/U3QYCGYDW2VYVO6UA693H5N5.jpg,whole wheat,all,exact_duplicate,9d25154646e21977cdefc91cc56308b6
../../foodsg-233_cleaned/Mee bandung/0SEXD514LZ97VVSBEFKGL6FN.jpg,Mee bandung,all,exact_duplicate,9d2cb8381ae3bef55f59490c847005a2
../../foodsg-233_cleaned/chicken wing/PIVY55TBBYOACVG2641FXU1X.jpg,chicken wing,all,exact_duplicate,9d48791d5b5efdfe36d293edec60e45f
../../foodsg-233_cleaned/Mee soto/GPA8EDSAY2YMUZQQ1UUFCD04.jpg,Mee soto,all,exact_duplicate,9d995eb8e30afb675822dba37de03ac3
../../foodsg-233_cleaned/pig organ soup/5QSRVKCM8C2RXYENSJ4ZP9DB.jpg,pig organ soup,all,exact_duplicate,9da636e7642b092f49fc3c37f581ba3b
../../foodsg-233_cleaned/Mee bandung/W3EUDX5F1SBKNECCEB9TBCGT.jpg,Mee bandung,all,exact_duplicate,9dba0abe975585d2e7b736deb6b75598
../../foodsg-233_cleaned/char siew pau/OOT0NWK8V5T3DT3RJ4QYMFKW.jpg,char siew pau,all,exact_duplicate,9de15f853b778c4615fe32f1b5e7724c
"../../foodsg-233_cleaned/Rice, korean bulgogi beef/VLDMATB7CA4Y4W2G36I74108.jpg","Rice, korean bulgogi beef",all,exact_duplicate,9de1b4a2e5fc81b06303cc935257159a
"../../foodsg-233_cleaned/Rice, with dakgalbi/6GS4RJMV1JNEF3KDHXG4J2EW.jpg","Rice, with dakgalbi",all,exact_duplicate,9de1b4a2e5fc81b06303cc935257159a
../../foodsg-233_cleaned/cream soup/HYWKH5I6KMSKY6SXORXGUYET.jpg,cream soup,all,exact_duplicate,9de7cf340056045c5313118889be2b66
../../foodsg-233_cleaned/Mee soto/SU6G1SVUF8QFGQDR733LWT97.jpg,Mee soto,all,exact_duplicate,9e107c64baaca13b3fd8f9de7117bbc4
../../foodsg-233_cleaned/char siew pau/4BMG4FDK59KD366TI2FKV0SV.jpg,char siew pau,all,exact_duplicate,9e12856c55e9c30b82cb2405901bde75
../../foodsg-233_cleaned/miso soup/XOSA7HWQIATEIYMXY3WKE56R.jpg,miso soup,all,exact_duplicate,9e276a08ac5af90197ca08461348368d
../../foodsg-233_cleaned/rambutan/N8SZYPPSQ7UX4QL7YINOE16K.jpg,rambutan,all,exact_duplicate,9e5e14a445c49911eedc78adee431441
../../foodsg-233_cleaned/lontong/W6JRYE7HKPMGCICJXWVDXB6U.jpg,lontong,all,exact_duplicate,9e61a9cca5fffbeda3d0e0196e4ca854
../../foodsg-233_cleaned/Lontong with sayur lodeh/BMMHJ33IB8NU93SCQ106H66F.jpg,Lontong with sayur lodeh,all,exact_duplicate,9e61a9cca5fffbeda3d0e0196e4ca854
../../foodsg-233_cleaned/cooked brown rice/HNAOGLYXSXD84NVAFOWIO2FJ.jpg,cooked brown rice,all,exact_duplicate,9e7f0fe78c8995c73be9c553ebd74a2d
../../foodsg-233_cleaned/hotplate tofu/3B1JEMYV1NRWDZL4FDTF8KBW.jpg,hotplate tofu,all,exact_duplicate,9e7f0fe78c8995c73be9c553ebd74a2d
../../foodsg-233_cleaned/chicken masala/33ASNIO57WFZIZC53AOGMZVC.jpg,chicken masala,all,exact_duplicate,9e90afe108f0c04f4551de665caa956d
../../foodsg-233_cleaned/tandoori chicken/XMK41GVL013ZO1UGPXVSUUB9.jpg,tandoori chicken,all,exact_duplicate,9e90afe108f0c04f4551de665caa956d
../../foodsg-233_cleaned/Mee bandung/LOOWML593BLG49KFZZAYCGEN.jpg,Mee bandung,all,exact_duplicate,9e9d84e20173b54ed907c2dcaaeddc77
../../foodsg-233_cleaned/whole wheat/SIYJC1AFZV44L4UM0MIEZYOL.jpg,whole wheat,all,exact_duplicate,9eae2fd23f35fbf65d058a4121c46385
"../../foodsg-233_cleaned/Wanton mee, dry/8BPV8E7GXLIP86HZP8F6N76U.jpg","Wanton mee, dry",all,exact_duplicate,9eae81a26558077c3d639a0137a2d2bb
../../foodsg-233_cleaned/Udon/0OH40O3MCITLX2ODINNYFDEI.jpg,Udon,all,exact_duplicate,9f3bbbd949481041493f06a2db09d334
../../foodsg-233_cleaned/Mee soto/RMKE882CXTSGCGTTAEMQKCYL.jpg,Mee soto,all,exact_duplicate,9f3d1b9cbf7f102551fb6e644d743d7a
../../foodsg-233_cleaned/Soto ayam/ZYW0D7XZEC3T8TOFH9790PFD.jpg,Soto ayam,all,exact_duplicate,9f3d1b9cbf7f102551fb6e644d743d7a
../../foodsg-233_cleaned/Mee soto/Q1PLB8FMZ0B2K2TJHI1LVWRB.jpg,Mee soto,all,exact_duplicate,9f6639ce68a44a65134c07eb1282f8ec
../../foodsg-233_cleaned/ice cream - vanilla/U78B5QPUZLTKXC273DPXEDS9.jpg,ice cream - vanilla,all,exact_duplicate,9fbee9b75915536dfeed80caf82a976c
../../foodsg-233_cleaned/ice cream - chocolate/PXPN7M0MQIIZ6H617762M799.jpg,ice cream - chocolate,all,exact_duplicate,9fbee9b75915536dfeed80caf82a976c
../../foodsg-233_cleaned/chicken soup/7LHLM7N59I92470KCPZNUBO6.jpg,chicken soup,all,exact_duplicate,a00c206bc1a74768f8620d1c50195e0d
"../../foodsg-233_cleaned/Rice, with dakgalbi/7V87FVLLX8L27N3KRY0AY64B.jpg","Rice, with dakgalbi",all,exact_duplicate,a00c206bc1a74768f8620d1c50195e0d
../../foodsg-233_cleaned/Mee soto/7CTZ4G9B1ENGZH8H990VN3BY.jpg,Mee soto,all,exact_duplicate,a03e4b380bdbb13d89338e91ac0879e3
../../foodsg-233_cleaned/hokkien prawn mee/6AXFI5VUW8MGVZYOJLCD58FN.jpg,hokkien prawn mee,all,exact_duplicate,a062db54bfd32412f525d4c3e51a65c0
../../foodsg-233_cleaned/Mee bandung/AQQFJKCVOBYZMLLH1UD2FV7A.jpg,Mee bandung,all,exact_duplicate,a0a3e1b74033cc40400afc8a40ed6d2c
../../foodsg-233_cleaned/Kway Teow/33VNMN9B03R7EX03Y0C6070X.jpg,Kway Teow,all,exact_duplicate,a0c3daf1d958aff84cb42185cfb50f29
../../foodsg-233_cleaned/whole grain bread/O14ROBP0YR6WJHBEMX63ULIZ.jpg,whole grain bread,all,exact_duplicate,a0c4dd0015fad0fef58ad313443b9c17
../../foodsg-233_cleaned/mee pok/7BQ18DC46X5W2VUIHJYFUV0J.jpg,mee pok,all,exact_duplicate,a0e222df376b0a9ab3f8300e4ca8b346
../../foodsg-233_cleaned/Mee bandung/2YH079T5F94X5M9Q8UZS27PZ.jpg,Mee bandung,all,exact_duplicate,a11cee2fba9f62c90756cd55d3cfa06d
"../../foodsg-233_cleaned/Bee hoon, goreng/LKB76XUY3FEL10OE12XAUZD0.jpg","Bee hoon, goreng",all,exact_duplicate,a120dfbede0e742fa46b81bf43621e0d
"../../foodsg-233_cleaned/Bee hoon, soto/XDRPPLG7CCICLWI5TQIMM51Y.jpg","Bee hoon, soto",all,exact_duplicate,a15bf902c50e9d86cd01ea6ff70aff24
../../foodsg-233_cleaned/Nasi pattaya/53DGKGRLZGRWDXVEV7EYB9TT.jpg,Nasi pattaya,all,exact_duplicate,a1a875b97c9911822a62d50c44c2ea68
../../foodsg-233_cleaned/Mee siam/1KXK5YK25G8V5DZQUTRJ0UPF.jpg,Mee siam,all,exact_duplicate,a1bfd2350014182b228d71b58ac840bc
../../foodsg-233_cleaned/char siew pau/O4GEN81BS16XBWBYPGFS0AWB.jpg,char siew pau,all,exact_duplicate,a1c9900d19e92edadf81adb69ce18634
../../foodsg-233_cleaned/fried prawn/QGOU8XE7IMQNBM776GJT5N05.jpg,fried prawn,all,exact_duplicate,a1f43538c6edf97c736e4a7789dbae68
../../foodsg-233_cleaned/Grapefruit/BHTVSQRBPD5EU29MECEBCG30.jpg,Grapefruit,all,exact_duplicate,a2047f67001425b18e23a8c14517784e
../../foodsg-233_cleaned/Soto ayam/MQ8SSSEGO6STWULKYI9DRPF0.jpg,Soto ayam,all,exact_duplicate,a20715617fe26de559a12706ad4fd1e3
"../../foodsg-233_cleaned/Mee siam, fried/GSVQSM9342AY7Z24YRK3PJL9.jpg","Mee siam, fried",all,exact_duplicate,a248fb1a88df4648c98854e54b3fffa7
"../../foodsg-233_cleaned/Bee hoon, soto/XJVLPL7MKVWEP2QS7647NLPZ.jpg","Bee hoon, soto",all,exact_duplicate,a25bda8e1a7843b7f7771d4f958eb3df
"../../foodsg-233_cleaned/Bee hoon, soto/YX433HY88RBG8QPCTKBXL9GH.jpg","Bee hoon, soto",all,exact_duplicate,a25c6295be0716076cc18f58f131937a
../../foodsg-233_cleaned/Chocolate/V3N3JOKMTTR5FIM3GV8PKH11.jpg,Chocolate,all,exact_duplicate,a26fcacd68c8ef244547b52068b14694
"../../foodsg-233_cleaned/Mee siam, fried/8N18YAGMM5M4V38VMN6SREOF.jpg","Mee siam, fried",all,exact_duplicate,a2a232efc73b3a591ff89e66ab9d6886
../../foodsg-233_cleaned/Mee siam/ZRPJ3G50JS1HQN38KK38LGBU.jpg,Mee siam,all,exact_duplicate,a2c4424865368ac742a9f66bdcea936f
../../foodsg-233_cleaned/Mee rebus/2XOURB7WOZ15QCZN5HUDYB1W.jpg,Mee rebus,all,exact_duplicate,a2d20cc2a35f6b954a321651ca0b88f5
../../foodsg-233_cleaned/black pepper crab/H50719ID4RVL3TJ70A363LGL.jpg,black pepper crab,all,exact_duplicate,a2eed6ad33b634b4f532a9c2ca8266cc
"../../foodsg-233_cleaned/Bee hoon, soto/4HBSFGCWUA737D8IBJOVY879.jpg","Bee hoon, soto",all,exact_duplicate,a3295bc5df02661fd2d0134daf8cbd83
../../foodsg-233_cleaned/Mee soto/H05YVMLQMBMXW7S7YGXXYDNC.jpg,Mee soto,all,exact_duplicate,a33b54962229e2fff16b4357f0f368df
../../foodsg-233_cleaned/chicken masala/Q2SI1SHYNB8I9Y2HKNS22FR1.jpg,chicken masala,all,exact_duplicate,a34a0b55cac266c091d20f1e23478a7e
"../../foodsg-233_cleaned/Rice, with dakgalbi/3XFCACULDYZXDJOCM7DRMPOJ.jpg","Rice, with dakgalbi",all,exact_duplicate,a34a0b55cac266c091d20f1e23478a7e
../../foodsg-233_cleaned/Seafood Noodles Soup/4OTE764DPS2O4FMMS365GCZW.jpg,Seafood Noodles Soup,all,exact_duplicate,a353f88fc42b1f899510c6d796d0239d
../../foodsg-233_cleaned/Mee siam/4Y494P1B9B7ON1ZKVGJZLBXV.jpg,Mee siam,all,exact_duplicate,a3641752f1ce0cacd356daccd0532802
../../foodsg-233_cleaned/Lontong with sayur lodeh/43Z4D2SXEY57PGJ5JM2H9FGL.jpg,Lontong with sayur lodeh,all,exact_duplicate,a38673d9c5316b8db9e0c749ef119b64
../../foodsg-233_cleaned/Soto ayam/V94R2O574UUBAES3GUC49Y0Q.jpg,Soto ayam,all,exact_duplicate,a3aa79e828ba24cde52bbe90af77cab6
../../foodsg-233_cleaned/Mee soto/12ACU74D3X0IAVG2F1REC854.jpg,Mee soto,all,exact_duplicate,a3aa79e828ba24cde52bbe90af77cab6
../../foodsg-233_cleaned/bee hoon/E9QS5CCJXIM5FTWBLBQ1MKBW.jpg,bee hoon,all,exact_duplicate,a3e13c85f0a17f2cda7c07a56b34561b
../../foodsg-233_cleaned/Udon/UVKUOPDOL6NG7BO3SZN4T209.jpg,Udon,all,exact_duplicate,a3f97a007902dc7cc3da43131cbf5fad
../../foodsg-233_cleaned/satay bee hoon/ICEP1XFJ6EKTVF547BWNZ74Q.jpg,satay bee hoon,all,exact_duplicate,a3fe5820088cb4f81b9ebb0849ce7bb1
../../foodsg-233_cleaned/Sweets/RBRUUV8MT3DOJ7H3LF1WWTTW.jpg,Sweets,all,exact_duplicate,a43850cb07ab36fe9dc6478c7dfc4eec
../../foodsg-233_cleaned/cream soup/WBBIOV044O352A6DUE24HIY4.jpg,cream soup,all,exact_duplicate,a443a9cf0202b7033ac2c21445b6b7f5
../../foodsg-233_cleaned/Mee soto/IPBQHO82H83C4SW6960BNG7W.jpg,Mee soto,all,exact_duplicate,a44a7f68389e0b8d4efaa7c1e958cde6
../../foodsg-233_cleaned/whole wheat/8Q1H74VKUS58VXGO1AOUMCOQ.jpg,whole wheat,all,exact_duplicate,a47a86f4bb950f20b2f681c30ff310a4
../../foodsg-233_cleaned/hotplate tofu/36FXSHREX0H12CXN6984TJAG.jpg,hotplate tofu,all,exact_duplicate,a4a5a7c7123a70e6381d9293e42534a5
../../foodsg-233_cleaned/sambal/AIK0HMN9NRRSKQVFJ94VIN4V.jpg,sambal,all,exact_duplicate,a4a5a7c7123a70e6381d9293e42534a5
../../foodsg-233_cleaned/mixed vegetables/HN8X8M5RBDPRH9ZPIMO3JU2K.jpg,mixed vegetables,all,exact_duplicate,a4f54b7e2902b9a00d8bb89e4cbefdd5
../../foodsg-233_cleaned/Seafood Noodles Soup/UCNWOHF4GWJN6I4XOQIL65T3.jpg,Seafood Noodles Soup,all,exact_duplicate,a4fca404a66db713364b7736637b1e52
../../foodsg-233_cleaned/Mee bandung/BBLBTAWI0PJTXHFOKIXKHYFF.jpg,Mee bandung,all,exact_duplicate,a5926fd4efbe4ed4fefa6d925a70e847
../../foodsg-233_cleaned/Mee soto/QS8GXY97CAL2GK0GSIRE8SLS.jpg,Mee soto,all,exact_duplicate,a5bf64101af5d621d3faa4659e737391
../../foodsg-233_cleaned/cream soup/DS3T4VKF5NHGKUGSPWHOFKEN.jpg,cream soup,all,exact_duplicate,a5da834d495d9731ad9180de7a0fc911
../../foodsg-233_cleaned/chicken rice/B2PNRM9WAP364E18BCHHP4ZH.jpg,chicken rice,all,exact_duplicate,a5e306ab47c3ff81ab44213cb9450d55
../../foodsg-233_cleaned/Seafood Noodles Soup/YCBAJTWSZGZ3LP8AZX7DIPOX.jpg,Seafood Noodles Soup,all,exact_duplicate,a617ecb9cd8aca16e4b3b1fa65276864
../../foodsg-233_cleaned/Soto ayam/1J7DHBXASV4PBW7VLQTZJQWD.jpg,Soto ayam,all,exact_duplicate,a633091dce05c182d0430e9b5fbb4b09
../../foodsg-233_cleaned/Mee soto/MFKOLPS902WCYMR4DIEAROPC.jpg,Mee soto,all,exact_duplicate,a633091dce05c182d0430e9b5fbb4b09
../../foodsg-233_cleaned/Mee kuah/H4VGIHEKMCIO0CR5SMUL9KC6.jpg,Mee kuah,all,exact_duplicate,a6542b62b5d49b9aae9265e482a03fc8
../../foodsg-233_cleaned/whole grain bread/516401GP7ENLUTNYHABWBXNU.jpg,whole grain bread,all,exact_duplicate,a677716707c381c0b192cc9edd446465
../../foodsg-233_cleaned/Mee soto/OIAFAPIOV6P3V4GEUVB9U160.jpg,Mee soto,all,exact_duplicate,a68daf1460d59424a329e2f1d4e37e7a
../../foodsg-233_cleaned/kuih bahulu/NFRZNSZ260ERQEJKHYTSKE7U.jpg,kuih bahulu,all,exact_duplicate,a6d897bb5d91a22e32307e4edc8d2396
../../foodsg-233_cleaned/Mee siam/Y064VT3S3V8P92EGZ750X876.jpg,Mee siam,all,exact_duplicate,a700350751c221bd1e8db85dc723c07b
"../../foodsg-233_cleaned/Rice, with dakgalbi/OEYD5QZ41J4HKVYZ7J1F8WF4.jpg","Rice, with dakgalbi",all,exact_duplicate,a72914b10b8260ea17901dc1d322e235
../../foodsg-233_cleaned/Grape/2LVZJCJJ2FHG218EOEPXSOSZ.jpg,Grape,all,exact_duplicate,a751450fe16f411b6d4ca645b2dbdfd6
../../foodsg-233_cleaned/chicken masala/J6L758PH1STLFUETZQC0VXJZ.jpg,chicken masala,all,exact_duplicate,a7ada42214acccfd17b5e67b1f25fccd
../../foodsg-233_cleaned/Mee rebus/DP49ZRZ9KDCX4XD3JYE4XL4W.jpg,Mee rebus,all,exact_duplicate,a7b24c6ea9a40b7a9f15cf980d1c1fda
../../foodsg-233_cleaned/lontong/67TTXXKU9GB7JJVLRKTT55C9.jpg,lontong,all,exact_duplicate,a7da08811490e14cd4d5c77f3dcf5921
"../../foodsg-233_cleaned/Bee hoon, soto/3CN1GB3GL21VGXP6AH08ALIV.jpg","Bee hoon, soto",all,exact_duplicate,a7fcee47dab1b3e87f12726ce33538c1
../../foodsg-233_cleaned/fried prawn/D1K5T2KO8SLOZ3AT94HNP1CF.jpg,fried prawn,all,exact_duplicate,a82c2012ecf2c074023681d50aa97ee6
"../../foodsg-233_cleaned/Mee siam, fried/09WJSX4LSYA6OL0GDCYV6M9P.jpg","Mee siam, fried",all,exact_duplicate,a838554a4a385f757637a723df73f5b1
../../foodsg-233_cleaned/Mee soto/SG7X133FFFE9YRUUBIT11KFX.jpg,Mee soto,all,exact_duplicate,a8555f5515cbe4b8adbf2e0d2a688b80
../../foodsg-233_cleaned/yam rice/L30SSD9WRAD6ZGA89NNSANL7.jpg,yam rice,all,exact_duplicate,a8868829316eccbff0e7194900ecba12
../../foodsg-233_cleaned/Apple/UBDLGWMENL2R1YJYDHCXO2RO.jpg,Apple,all,exact_duplicate,a8b4708f378cea4ae0702f6d67b31b9f
../../foodsg-233_cleaned/strawberry/4MCWOXU1RS8GVV53GPBJUNJL.jpg,strawberry,all,exact_duplicate,a8b4708f378cea4ae0702f6d67b31b9f
../../foodsg-233_cleaned/strawberry/0VSFOWU5TH3Z4JQX0524BOVZ.jpg,strawberry,all,exact_duplicate,a8bfcbe6a0c104cb82033fe8d247d5c0
../../foodsg-233_cleaned/blueberries/UBBA7QL0RF18XQGLWM9A8YHW.jpg,blueberries,all,exact_duplicate,a8bfcbe6a0c104cb82033fe8d247d5c0
../../foodsg-233_cleaned/cherries/9R0DNKL0YLRIKHQ0BGJTYCBJ.jpg,cherries,all,exact_duplicate,a903f0b2d4963785c67187dbeef4d8b5
../../foodsg-233_cleaned/Nuts/93SSEC68EDQSG8Y68RRKNA2W.jpg,Nuts,all,exact_duplicate,a903f0b2d4963785c67187dbeef4d8b5
"../../foodsg-233_cleaned/Mee siam, fried/1QV71E9QT6BEBO78J8VPOJKA.jpg","Mee siam, fried",all,exact_duplicate,a95085e7e9e45d7d6cfc1d29df05b6cc
../../foodsg-233_cleaned/Mee siam/UATK4FQ6ML9WAI9JWGAMTMNU.jpg,Mee siam,all,exact_duplicate,a95085e7e9e45d7d6cfc1d29df05b6cc
../../foodsg-233_cleaned/Seafood Noodles Soup/H72UCGLHTHH6AU71KKPDMWHJ.jpg,Seafood Noodles Soup,all,exact_duplicate,a954ebe64280dc0b0e2dc4db54123a40
"../../foodsg-233_cleaned/Miso ramen, with fishcake/WGKFS0L3PL1F8YMTJ62O4G9Q.jpg","Miso ramen, with fishcake",all,exact_duplicate,a96284b7c77dece8b517308bb719f513
../../foodsg-233_cleaned/miso soup/057CVPOGNIACMEKIGDS5Z76N.jpg,miso soup,all,exact_duplicate,a96284b7c77dece8b517308bb719f513
../../foodsg-233_cleaned/hokkien prawn mee/Z5VDIWDCNBRFH1KKJ79FRJSK.jpg,hokkien prawn mee,all,exact_duplicate,a96c9c7bfc00855c04ecac3f67d80a01
../../foodsg-233_cleaned/Mee bandung/4C4XSKR69P75ZYLZD1FW1X2P.jpg,Mee bandung,all,exact_duplicate,a980802dccf53726da1985243296b5dd
../../foodsg-233_cleaned/bee hoon/OR2VY79IUQT8DHOIJEQ24AQL.jpg,bee hoon,all,exact_duplicate,a9938197a54561de89be82cebd1ba9d2
../../foodsg-233_cleaned/cherries/6UIW3MAQNPPM5GVPICAB59ZH.jpg,cherries,all,exact_duplicate,a99aa4355e3576f1b2bdee101ad929eb
"../../foodsg-233_cleaned/Bee hoon, soto/GS8X41WOX6LQR2VAIUZCW0GW.jpg","Bee hoon, soto",all,exact_duplicate,a9a979b1af3b94983e9342fd2bfad76f
../../foodsg-233_cleaned/drunken prawn/VM2CKL0MIOE4FEFPFXKAWKXF.jpg,drunken prawn,all,exact_duplicate,a9bd8f8a85f565c69d785ced021d1d1c
../../foodsg-233_cleaned/whole grain bread/OAZNDGMK2D0JHJY9SK1XT2QL.jpg,whole grain bread,all,exact_duplicate,a9d7aa304868e26a286449dc2f859224
../../foodsg-233_cleaned/bee hoon/UYA975FG3UE8B57J2VK2D4PQ.jpg,bee hoon,all,exact_duplicate,aa35781995c4040be83f839fd06f7c3a
../../foodsg-233_cleaned/Soto ayam/HA4LOJRU2NU9VBMMQSVRGIKZ.jpg,Soto ayam,all,exact_duplicate,aa5afc42b08aefc602cab09511a1369a
../../foodsg-233_cleaned/Mee soto/XGM3YCY3SU9O4NPLBLJJ7NYW.jpg,Mee soto,all,exact_duplicate,aa5afc42b08aefc602cab09511a1369a
../../foodsg-233_cleaned/chin chow drink/PUTT2WGPRYV4E5ZSAOJF1134.jpg,chin chow drink,all,exact_duplicate,aaec3ecfdb0e03ba28a58368093eae51
../../foodsg-233_cleaned/Bubble Milk Tea/KDUPZW34WZ5RYH6PF30K90PQ.jpg,Bubble Milk Tea,all,exact_duplicate,aaec3ecfdb0e03ba28a58368093eae51
../../foodsg-233_cleaned/whole wheat/2JMLVVFKZ1J9R9RYSP4XF4KD.jpg,whole wheat,all,exact_duplicate,aaed52b87e36121e1b19ce932a6aadcd
../../foodsg-233_cleaned/Mee soto/JSBZO9GU9SJXDWMKZ60FJUBK.jpg,Mee soto,all,exact_duplicate,aaf9ad5c1229090e4bdd422f72dde9bb
../../foodsg-233_cleaned/vegetable soup/0J0ZQ99JH19DCXIV545MF2AN.jpg,vegetable soup,all,exact_duplicate,ab1e5b2bcf9655fb5405f107c3aaa088
../../foodsg-233_cleaned/Mee bandung/DGPW51EY4KJ5OAJQSF6MAJ8U.jpg,Mee bandung,all,exact_duplicate,ab9144a79441a668de29796d1b93c205
../../foodsg-233_cleaned/mee pok/2V75AS7XP3Z16EWN4SKBUE5Q.jpg,mee pok,all,exact_duplicate,aba8ee0e802dab3bbca2e50bafac0fee
../../foodsg-233_cleaned/Mee bandung/4EGYSP3F5SR50HCU1KPYVDIW.jpg,Mee bandung,all,exact_duplicate,abddd8e0761465b723355c8d6b9b8bac
../../foodsg-233_cleaned/fried prawn/7C0R2STVH1LOHVJZYPHJQ661.jpg,fried prawn,all,exact_duplicate,ac514648c4a420ffbcf08e2ea9fe3092
../../foodsg-233_cleaned/yam rice/RI5T7HY9BRCHZG2LOMG64X1K.jpg,yam rice,all,exact_duplicate,ac7c0d6ed0a3d8cfcfbd86c61558fa39
"../../foodsg-233_cleaned/Bee hoon, goreng/0GR4U29LMGLHD06QQT43YR91.jpg","Bee hoon, goreng",all,exact_duplicate,ac8d1d32d303a8df0d19f98c24b67935
../../foodsg-233_cleaned/Lontong with sayur lodeh/HJI4IZJQND9YDXKD4G7HJM5C.jpg,Lontong with sayur lodeh,all,exact_duplicate,acb3fb10ea219839a578ac2d70c08b63
../../foodsg-233_cleaned/Fish Ball Noodles/CEI2CS76AN8AR265BD93ZF2K.jpg,Fish Ball Noodles,all,exact_duplicate,acc6c196ae276edd76194636aed6b55a
../../foodsg-233_cleaned/steamed buns/4CSGF36WQIV6TPYU8D3GDHDF.jpg,steamed buns,all,exact_duplicate,acd1090aa2d663de07ba930ef77c39cd
../../foodsg-233_cleaned/vegetable soup/OYX6W5FU2W05UC6UYFNUWM1F.jpg,vegetable soup,all,exact_duplicate,acd2aa04be58baa86817fbe3bb85726f
../../foodsg-233_cleaned/Seafood Noodles Soup/LKM8MBRPLQW23CZPF47PJXHW.jpg,Seafood Noodles Soup,all,exact_duplicate,ace3c017a4856878b9969e6860a7647c
../../foodsg-233_cleaned/bee hoon/3SLF0G6MS2XPLL9U5AIGMYKB.jpg,bee hoon,all,exact_duplicate,ace3c017a4856878b9969e6860a7647c
../../foodsg-233_cleaned/Lontong with sayur lodeh/VOOJYAA242S496SQPQCYMBUY.jpg,Lontong with sayur lodeh,all,exact_duplicate,acf28d01b9b68df60a56190bc26e7df2
../../foodsg-233_cleaned/yong tau foo/4QUVLON3PLXB6BL6ZMWO6IUG.jpg,yong tau foo,all,exact_duplicate,acf7a2253a7dd2257ec4919d0984cd37
../../foodsg-233_cleaned/Mee soto/C8UZ52ZNSS52CSL71XAGBL7K.jpg,Mee soto,all,exact_duplicate,ad3cc0a64a44f64f86874e5c6060c370
../../foodsg-233_cleaned/Mee rebus/8E90QAMP6SJSPBG3V5COFJBZ.jpg,Mee rebus,all,exact_duplicate,ad5536ecedeef4c23018d418e97b5f4d
"../../foodsg-233_cleaned/Bee hoon, soto/2KDS95TPRPCXFJM6SOISBM8F.jpg","Bee hoon, soto",all,exact_duplicate,ad58a1d8ac52e0ec075c4a7482e79e46
../../foodsg-233_cleaned/Seafood Noodles Soup/Z7QUFMNR5LEHVNLGSG0AL0S9.jpg,Seafood Noodles Soup,all,exact_duplicate,ad601c8349764542e34967e3826b0beb
../../foodsg-233_cleaned/cream soup/AI42CMNI5SU45DR419Q40DBR.jpg,cream soup,all,exact_duplicate,ad942510e8e7e20397aa9ce21fe415c9
../../foodsg-233_cleaned/whole grain bread/TQI4CQDMUZ747Q896P4P7GPK.jpg,whole grain bread,all,exact_duplicate,adae6be35cdad58ca51ff38f0e793dcc
../../foodsg-233_cleaned/Hor Fun/H8W6WGS6UMJ9SP0CCO8XZH1S.jpg,Hor Fun,all,exact_duplicate,adf20b5fe600e3dbbfb4b61e814a1b25
../../foodsg-233_cleaned/Mee soto/R2SV30NL4V4JY33TFKWXW907.jpg,Mee soto,all,exact_duplicate,ae206243c7ec54cb0076c9249cf4fc6e
../../foodsg-233_cleaned/chai tow kuay/WKQP597ETBJCUN6MJN7ZHKMJ.jpg,chai tow kuay,all,exact_duplicate,ae3d6529a81290165baa612736f1f200
../../foodsg-233_cleaned/chicken masala/RKXSBXM8J190PKHHY1LODE86.jpg,chicken masala,all,exact_duplicate,ae5ffbc3eee0935980df79e6741af238
../../foodsg-233_cleaned/chicken soup/YM34LW6VJCD2S574BLZLMBOF.jpg,chicken soup,all,exact_duplicate,ae63ef883eaa10f74ca0b13ab8d6cd4b
"../../foodsg-233_cleaned/Mee siam, fried/T3FTMAM4Z94LPC6X561B11KZ.jpg","Mee siam, fried",all,exact_duplicate,ae72eaee3c0d575edb9d5f1479316ce1
../../foodsg-233_cleaned/dumpling/VIE7D63D1KT5UMXANHX2QAP4.jpg,dumpling,all,exact_duplicate,ae80dd46f60f157b261ca35935f23355
../../foodsg-233_cleaned/bee hoon/S5O9KLYUIBSFJ9HKDO4Y7SU0.jpg,bee hoon,all,exact_duplicate,aeb51504f697be03e61b659b2109c496
../../foodsg-233_cleaned/Duck Rice/PW3GN46H6TDD3I29MRXMF1YM.jpg,Duck Rice,all,exact_duplicate,aec332358c66fec087151b6318817777
../../foodsg-233_cleaned/Seafood Noodles Soup/ONIGPGGFAETI0JQ83EAL63S1.jpg,Seafood Noodles Soup,all,exact_duplicate,aeccc528149f7e78bd57c98cf7cffdaf
../../foodsg-233_cleaned/durian/9JZG7S4VX3KWVPFQP88GB7EU.jpg,durian,all,exact_duplicate,aed86c021ee817b0b336440fc15d648c
../../foodsg-233_cleaned/jackfruit/YSW6F3WDSTZT351I3C2HTRUX.jpg,jackfruit,all,exact_duplicate,aed86c021ee817b0b336440fc15d648c
"../../foodsg-233_cleaned/Mee siam, fried/8U9A0B3G2OUPJ8DU4ABD6DWR.jpg","Mee siam, fried",all,exact_duplicate,aee2f6c216d7ccd2ba52b80fc45f7f81
../../foodsg-233_cleaned/Kopi Teh Milo/M398Y8D279ULACUNWTAAR8T9.jpg,Kopi Teh Milo,all,exact_duplicate,aefcc1d416ae72a1cc67a5d7a7876b2e
../../foodsg-233_cleaned/char siew pau/CXWOLF5XHKY839MR3X62UY0E.jpg,char siew pau,all,exact_duplicate,af35a9327986b03a3ad66fc39e681197
../../foodsg-233_cleaned/whole grain bread/QJ3K5YWDP9SOQLNKI46EEWO6.jpg,whole grain bread,all,exact_duplicate,af4e6da94383564c4e256904a1181cb9
"../../foodsg-233_cleaned/Bee hoon, soto/LDISZ32EOGEDK8D5NR1GIDQQ.jpg","Bee hoon, soto",all,exact_duplicate,af50fefa70303cfed7010c5440e178ea
../../foodsg-233_cleaned/tom yum noodle soup/QKG1XHVBU64MUKH7J72PMBVU.jpg,tom yum noodle soup,all,exact_duplicate,b014b341d4042ba851a7ab02f278e7f9
../../foodsg-233_cleaned/Lontong with sayur lodeh/B55IP33XIAOZ6HS7US1Y7ZDU.jpg,Lontong with sayur lodeh,all,exact_duplicate,b066983853490eeb83fc23928a3814c6
"../../foodsg-233_cleaned/Mee siam, fried/L36LGALL25PQ6GN4OQMGZ434.jpg","Mee siam, fried",all,exact_duplicate,b07824daa8ce1e61b2691f47270c601e
"../../foodsg-233_cleaned/Bee hoon, goreng/JSPU51XR74M7230F0SJ3OAXW.jpg","Bee hoon, goreng",all,exact_duplicate,b08bceed900bb826b7ac90cf7487641c
../../foodsg-233_cleaned/Mee soto/D7R19AORLLF99L9NH5Z37HE7.jpg,Mee soto,all,exact_duplicate,b08f06cbfc4a1ab0fde066cd5fc2ea59
../../foodsg-233_cleaned/rock melon/AWCIBX422NRGU8Y2F0ZH4G3M.jpg,rock melon,all,exact_duplicate,b09cc5d5c90233ba148431917f9744e3
../../foodsg-233_cleaned/honeydew/O63TZLVTHZ1N0HH69AMPUN4J.jpg,honeydew,all,exact_duplicate,b09cc5d5c90233ba148431917f9744e3
"../../foodsg-233_cleaned/Mee siam, fried/L9CQZ6NQHSR5L365KVLQIGQU.jpg","Mee siam, fried",all,exact_duplicate,b0d94ab1ff0fca6fd5297993ad597539
../../foodsg-233_cleaned/Lontong with sayur lodeh/F21ITND8SCJ85XO85U8WK6C7.jpg,Lontong with sayur lodeh,all,exact_duplicate,b1056e8b27ffefa0a067b97823035217
../../foodsg-233_cleaned/whole grain bread/BINVE1D31WZ4KXST04I8OIHZ.jpg,whole grain bread,all,exact_duplicate,b10fe5c8f61053c32ce0680ab351d628
"../../foodsg-233_cleaned/Mee siam, fried/FYY9NIAJ51LWVZA6UGHPOFNK.jpg","Mee siam, fried",all,exact_duplicate,b1254bf7758192dfcea9f548471fd4ec
"../../foodsg-233_cleaned/Mee siam, fried/XBTY52JA3VQ2QD7P89FKOPZ4.jpg","Mee siam, fried",all,exact_duplicate,b1311bbdebaae3d7b0309f5ba52154b4
../../foodsg-233_cleaned/chicken masala/MJNIAGU17CXGX4UB2EBU4PT1.jpg,chicken masala,all,exact_duplicate,b153a0f8a51a8b6104ef04b47dd46fc1
../../foodsg-233_cleaned/Sweets/1ML0SU48H9VJVECY6M0KPOH4.jpg,Sweets,all,exact_duplicate,b16a6fef37a21e5b60f15a10863bdf23
"../../foodsg-233_cleaned/Bee hoon, soto/IZTWAM38KW6KS6GN613HK9NA.jpg","Bee hoon, soto",all,exact_duplicate,b1856930de8cf329edd1e8dc1b1dc429
../../foodsg-233_cleaned/har cheong gai/8GGOQJNDTUO21DDL01J3BO5A.jpg,har cheong gai,all,exact_duplicate,b1b560790f8fa18933ca57f7c5518e91
../../foodsg-233_cleaned/Mee bandung/4MQZHFDW1FRV7A0VCIOEW7Z8.jpg,Mee bandung,all,exact_duplicate,b1d03c105f2fdb16ed377deadda1340d
"../../foodsg-233_cleaned/Bee hoon, goreng/563QHY9311XMOJOJOVJGJJBQ.jpg","Bee hoon, goreng",all,exact_duplicate,b1f3724846a54cbb1f568f124e06ba9d
../../foodsg-233_cleaned/Mee kuah/WFGTG3BPUXR1QOFRNVIO0W71.jpg,Mee kuah,all,exact_duplicate,b1fe715b91776c5c7325086c3d68fba1
../../foodsg-233_cleaned/Mee bandung/MPFVKDF19TYF0PGG4D61B3UB.jpg,Mee bandung,all,exact_duplicate,b1ffa62e4351d31f852ba953209cf00b
../../foodsg-233_cleaned/bak chor mee/NJ8GUAU0N0V7JGWDB7UX857C.jpg,bak chor mee,all,exact_duplicate,b20ad533fb2b11700c19339700079a4d
../../foodsg-233_cleaned/Mee siam/D6UU984WD4VV10UIKLEK21W8.jpg,Mee siam,all,exact_duplicate,b221e7c889e19d871440f1fb06a507f1
../../foodsg-233_cleaned/Mee rebus/187VZWXX4K65R03RL318TA0D.jpg,Mee rebus,all,exact_duplicate,b2387637fa1e78b65023c989fc81e916
../../foodsg-233_cleaned/whole grain bread/BW0L68TPS91G83ZV6KB18825.jpg,whole grain bread,all,exact_duplicate,b244bb8452ac03cdc2eb5a6091d12559
../../foodsg-233_cleaned/whole wheat/0BIVMRZPPI18OHH9EDZ2U99P.jpg,whole wheat,all,exact_duplicate,b244bb8452ac03cdc2eb5a6091d12559
../../foodsg-233_cleaned/Mee soto/Z8XH8DJ1ACKQ5F9DD4QZBUSA.jpg,Mee soto,all,exact_duplicate,b26064de47d9498040cbb4865d783a2b
../../foodsg-233_cleaned/Seafood Noodles Soup/02J9STSBRW0PDYLNI4WUJD5O.jpg,Seafood Noodles Soup,all,exact_duplicate,b269f8fced303e80804799cdcbf43dfb
../../foodsg-233_cleaned/pasta - red sauce/2PFU1H606MUU14LP648JJ6TT.jpg,pasta - red sauce,all,exact_duplicate,b2748da7e37299b8863d301c079da88b
../../foodsg-233_cleaned/blueberries/TR54V56TVQFTY949UF6X6FVQ.jpg,blueberries,all,exact_duplicate,b28f0cead0ca1c08479a25473aef7885
../../foodsg-233_cleaned/raspberry/BS29I42Z5UOON9VLP57FDVDP.jpg,raspberry,all,exact_duplicate,b28f0cead0ca1c08479a25473aef7885
../../foodsg-233_cleaned/Mee soto/7UNC6HMM58U20YEA0F0WMD0M.jpg,Mee soto,all,exact_duplicate,b2cb6c458d1074ba0055451906a81474
../../foodsg-233_cleaned/chai tow kuay/PEMP0RD7ZTP4FU9B55865736.jpg,chai tow kuay,all,exact_duplicate,b2ed09327c36f3a08443cc381e6bd7d0
../../foodsg-233_cleaned/Mee goreng/M5L9BDHM2TL1R6E6NK4D3ECC.jpg,Mee goreng,all,exact_duplicate,b3011060f6bcff4d5ab7bcb9b595925c
../../foodsg-233_cleaned/drunken prawn/MJX81Q0HQCT8CTUAIU4DA5U7.jpg,drunken prawn,all,exact_duplicate,b33b094cea8b2d5de7ce78a599fec2bc
"../../foodsg-233_cleaned/Rice, with dakgalbi/8VPFUK9T3PDBWTYZ2RV4AMHO.jpg","Rice, with dakgalbi",all,exact_duplicate,b3573b934bcc6eca1ab8dbd0287aa472
../../foodsg-233_cleaned/mixed vegetables/J6CSKMJEKL2VH7H24FV3KLKG.jpg,mixed vegetables,all,exact_duplicate,b3573b934bcc6eca1ab8dbd0287aa472
../../foodsg-233_cleaned/Mee bandung/YJA54A4CUVXH9XIDCDDA0XGO.jpg,Mee bandung,all,exact_duplicate,b3c5e0897b8a94eb7ee4166c9e8a80b5
../../foodsg-233_cleaned/Sweets/9UTIZHDHZFFHH1I5LV6B4G4J.jpg,Sweets,all,exact_duplicate,b3cf7dd8f572ab3fb655b9447486d0d7
../../foodsg-233_cleaned/Mee soto/Z4TQ48ABS0XAF2NJFIBQLUII.jpg,Mee soto,all,exact_duplicate,b3eed668d029f78f3595054bde3dc051
../../foodsg-233_cleaned/Mee soto/5MTWYH8WHY4K9MEFY6ZK9MZS.jpg,Mee soto,all,exact_duplicate,b3f97d0f3105d3d302a06138531c3789
../../foodsg-233_cleaned/tortilla - plain/DEQBI92BTR24OGHWOSFEGTET.jpg,tortilla - plain,all,exact_duplicate,b3fd7620d0fd8a3dbf6207c6371aab0c
../../foodsg-233_cleaned/bee hoon/KX8PP6KNCYAZH4BNQBFT7C0I.jpg,bee hoon,all,exact_duplicate,b41763f2a030c114a28f7f894daac103
../../foodsg-233_cleaned/Mee bandung/IBQJMEMBZ15UJNLWZ05AZSCH.jpg,Mee bandung,all,exact_duplicate,b43e547da8b7bc16118c988d85aa5d97
../../foodsg-233_cleaned/whole grain bread/9RJE3PPK66LGDLU7YNV8F8T7.jpg,whole grain bread,all,exact_duplicate,b455eb45ba6678969c4734611caed665
../../foodsg-233_cleaned/Chinese fritters/NNDL1CL1O7DZ3KVVIZ4T9JBG.jpg,Chinese fritters,all,exact_duplicate,b48b437fb74d9341d162eafba23fc319
"../../foodsg-233_cleaned/Bee hoon, soto/IBO2OFDK0B968SXCG8G8CW6D.jpg","Bee hoon, soto",all,exact_duplicate,b4b835638014553f223b776816ad7325
../../foodsg-233_cleaned/Seafood Noodles Soup/Y50FE2QURFMWFQO8N8JBY4CC.jpg,Seafood Noodles Soup,all,exact_duplicate,b4d4794fa2d2238968b2a496167c48ae
../../foodsg-233_cleaned/Mee bandung/ZC72B0DLI0VW21I5RDK20P33.jpg,Mee bandung,all,exact_duplicate,b529bce83bda9cda4a0566e35b9fda56
../../foodsg-233_cleaned/Mee siam/W5J81JVB3R0VMOTIZ9P2EALY.jpg,Mee siam,all,exact_duplicate,b542a013f06a402cd87ceabbcbf46523
../../foodsg-233_cleaned/Chocolate/3UC8ZU3HZ724PEF6GSLSH5G1.jpg,Chocolate,all,exact_duplicate,b59e4fa4668388a43457f9de5b58c758
../../foodsg-233_cleaned/Chocolate/A2FUFFTUQT94YKWC54KUR5S0.jpg,Chocolate,all,exact_duplicate,b5a9d62b390eaecbd64bdb99d29e5d9c
../../foodsg-233_cleaned/mushroom soup/D8QF5S80DSU0S8T57CTESADX.jpg,mushroom soup,all,exact_duplicate,b5b028d10b0f9ba7bbc273b234e42c98
../../foodsg-233_cleaned/chicken masala/97SCH24HCV7BK0V96EN7X69L.jpg,chicken masala,all,exact_duplicate,b5df068443c933b368108246eb767691
../../foodsg-233_cleaned/Mee rebus/LI474SGHWEALFIHD75T26RHU.jpg,Mee rebus,all,exact_duplicate,b66f68fb6f5525697107f9ca1cee2d8a
../../foodsg-233_cleaned/Mee siam/KUNT6MAABT846Q3MDY0GIFMR.jpg,Mee siam,all,exact_duplicate,b674be30ef8e8d37bc0544f74fcabdc8
../../foodsg-233_cleaned/Mee soto/AOGFD5S6GP22FJ9PF5E9YR43.jpg,Mee soto,all,exact_duplicate,b691d33cd78e8d39604132265bf6cfc1
../../foodsg-233_cleaned/Mee rebus/FG8GNJIUVKDFTVK8UP9X2O2C.jpg,Mee rebus,all,exact_duplicate,b69205079ce302ae3779dc80f68c04cc
../../foodsg-233_cleaned/whole grain bread/GMYT50ZAR54WA8K0ULQS7XQR.jpg,whole grain bread,all,exact_duplicate,b694a867ee73184ee48a08a95d5619b9
../../foodsg-233_cleaned/bee hoon/ERN6SKPBR2J0U29Q0TQVF9OE.jpg,bee hoon,all,exact_duplicate,b6ac2c7a7cc5dba5f3f7788d630515f9
../../foodsg-233_cleaned/Seafood Noodles Soup/QFUKQIM5VNJ1GOP1FL6KUWTO.jpg,Seafood Noodles Soup,all,exact_duplicate,b6ac2c7a7cc5dba5f3f7788d630515f9
../../foodsg-233_cleaned/har cheong gai/C8BR1VCM4LHL38HKKZ81EOW2.jpg,har cheong gai,all,exact_duplicate,b6bd499509a3f5d7966a8650630ee8ca
../../foodsg-233_cleaned/cooked brown rice/V3M1WFWFCSJJVW8EE0Z9W6GC.jpg,cooked brown rice,all,exact_duplicate,b6bd499509a3f5d7966a8650630ee8ca
../../foodsg-233_cleaned/black pepper crab/LZRLNI43ZDH9RN11DF578KNW.jpg,black pepper crab,all,exact_duplicate,b711dc9ba74855dbf06cbae767a375bc
../../foodsg-233_cleaned/chai tow kuay/P5JKSLXCJB48ATLP1JXU1RMC.jpg,chai tow kuay,all,exact_duplicate,b71bed5b0f4134e7f84fecf2de242e2e
../../foodsg-233_cleaned/chicken soup/HUCH2YWI72LQY1SULMHV6WRK.jpg,chicken soup,all,exact_duplicate,b72d62a0f57d4dfa0747b66d4e2bb646
../../foodsg-233_cleaned/Mee siam/63N4DUOGQ78I2UH12ZK9F1GO.jpg,Mee siam,all,exact_duplicate,b734679dbb770ec8f4c6be357d9db439
../../foodsg-233_cleaned/kueh lapis - rainbow/3B542AO9M2BXE4RZXXHYCA33.jpg,kueh lapis - rainbow,all,exact_duplicate,b736464d1cb4559eec4a5129b147c647
../../foodsg-233_cleaned/cake/5XDWQ3XNZLQ2L278LVFNJLV6.jpg,cake,all,exact_duplicate,b736464d1cb4559eec4a5129b147c647
../../foodsg-233_cleaned/Mee kuah/KV82MRO25DJM8YBISQ9NXY5G.jpg,Mee kuah,all,exact_duplicate,b751fff65324c4aded6e5a9354527ebb
../../foodsg-233_cleaned/Mee soto/NX0EKSHC76B4O1BC94KYFH64.jpg,Mee soto,all,exact_duplicate,b76695ab49c00b22319a23f3a7be1c97
../../foodsg-233_cleaned/Mee soto/S7U70WCMY4M38G0S5YG9EO14.jpg,Mee soto,all,exact_duplicate,b7b7eb2814cad9902e3f127c3c6f04cd
../../foodsg-233_cleaned/Mee siam/5U08MVMZMB1JZ9SOI0N2BHOW.jpg,Mee siam,all,exact_duplicate,b818947ace6ea4de62c9aca434d748d6
../../foodsg-233_cleaned/Mee soto/CILIZ4IV3C46BDYXPMAVVTR8.jpg,Mee soto,all,exact_duplicate,b8523cddb090afd941b5320b2df3baf2
../../foodsg-233_cleaned/bee hoon/J4XCU3JWFBXCC43AIUCG11FP.jpg,bee hoon,all,exact_duplicate,b889bb2645917387fb15c25167c71f0f
../../foodsg-233_cleaned/lontong/57AUTTIYIHG3PMXP27B3WR4G.jpg,lontong,all,exact_duplicate,b8a94d7ff0b95ff48225c9027a4b6c2c
../../foodsg-233_cleaned/mixed vegetables/PAOQCTY57MVS5W7K0HCTYCTA.jpg,mixed vegetables,all,exact_duplicate,b8d634f3036979f63619f64fe82667d9
../../foodsg-233_cleaned/Pomelo/ZWES4V1IRNGCGS4ZZ7IZCUZW.jpg,Pomelo,all,exact_duplicate,b8f4a4c8fdfbbf93efd2cc2ec252b05e
../../foodsg-233_cleaned/whole grain bread/OOI4AO1MWQ9HBOI1W47Z1XBD.jpg,whole grain bread,all,exact_duplicate,b92a74283ea677b2aef828aa9bd3e8dc
../../foodsg-233_cleaned/Lontong with sayur lodeh/PQWJXF5QGF7F1LBBWPDV13DK.jpg,Lontong with sayur lodeh,all,exact_duplicate,b931e13ff07f3ca9552406f64492492d
../../foodsg-233_cleaned/Laksa/H81MH61028WZDVKE358RKVGH.jpg,Laksa,all,exact_duplicate,b94b35fec5c3d40d6112e0410d55a394
../../foodsg-233_cleaned/whole wheat/583T1HXLISS0UZSN04KQ0LNU.jpg,whole wheat,all,exact_duplicate,b956246a07671303f206455c463fb151
../../foodsg-233_cleaned/whole grain bread/2AZ2GBQ4JB0U6U0EPTTYUIZ1.jpg,whole grain bread,all,exact_duplicate,b956246a07671303f206455c463fb151
../../foodsg-233_cleaned/Lontong with sayur lodeh/7624IDK12GWBW17FY0TSIGQF.jpg,Lontong with sayur lodeh,all,exact_duplicate,b97223ea0c3a1ea405c2d9575d438425
../../foodsg-233_cleaned/mixed vegetables/9MC5CQ37U7BVPV5S3OW1QFR4.jpg,mixed vegetables,all,exact_duplicate,b9c154edafbd644c1d93891ff54f91f4
../../foodsg-233_cleaned/Lontong with sayur lodeh/BSGPNWOGSX9HGLA491VMTFWM.jpg,Lontong with sayur lodeh,all,exact_duplicate,b9d019a2b273a39bfc02815238caade8
../../foodsg-233_cleaned/lontong/UXHRT0409YNQ99OY1ICK7WWT.jpg,lontong,all,exact_duplicate,b9d019a2b273a39bfc02815238caade8
../../foodsg-233_cleaned/Mee soto/JFT9A55SL1LRPX5W6U4H50E3.jpg,Mee soto,all,exact_duplicate,b9d8d4716e3c3752b3d181f5b585db28
../../foodsg-233_cleaned/cream soup/52ZHCIW9OCAYTYOQZIMLXEP3.jpg,cream soup,all,exact_duplicate,b9dd5852eb2eee6347fda52e8d91deae
../../foodsg-233_cleaned/lontong/QJFIMU7MFTEDPK5IDE4RGKE9.jpg,lontong,all,exact_duplicate,b9f0981e7536e72af85bc4a3a0b05d21
../../foodsg-233_cleaned/dumpling/6RUK1D6ZRARGMP3NY3R9K3HN.jpg,dumpling,all,exact_duplicate,ba0f66f414ce6cbe6b1037e858b20d3a
../../foodsg-233_cleaned/bee hoon/XZ0UEKATRPJ9IARPJBDGFNHH.jpg,bee hoon,all,exact_duplicate,ba3b1de3aaca9fc159efd84389dc09e8
../../foodsg-233_cleaned/chai tow kuay/D1PP6U59RIVGPMSNC09OQ999.jpg,chai tow kuay,all,exact_duplicate,ba4b8844fd27b7148d3f868e76f9fd57
../../foodsg-233_cleaned/cream soup/U05G263EQ4WRXYKYG5UMJA6I.jpg,cream soup,all,exact_duplicate,ba507810bf16e04889b59b76dd0c109f
"../../foodsg-233_cleaned/Bee hoon, soto/8A9D0CQC3MA4E3K9GR4WN80A.jpg","Bee hoon, soto",all,exact_duplicate,ba61774e02f95d2e34adef664dedd1c4
../../foodsg-233_cleaned/whole wheat/467G4OXINGMPC024FZNFA23V.jpg,whole wheat,all,exact_duplicate,ba6bdbce7d4d0c9dba5ea99ca479781b
../../foodsg-233_cleaned/whole grain bread/H3O36BTNFEXKYDOS6XL4WZRS.jpg,whole grain bread,all,exact_duplicate,ba6bdbce7d4d0c9dba5ea99ca479781b
../../foodsg-233_cleaned/Mee soto/QHAAS0LR39ZTIYEGXDYF9MU6.jpg,Mee soto,all,exact_duplicate,ba7086d69525d74c473be94fae13ecbf
../../foodsg-233_cleaned/satay bee hoon/5OWQA0Z0IGIUNDQCRV9NQWYE.jpg,satay bee hoon,all,exact_duplicate,bab773a58346b45947fd22f0a78ba1c9
../../foodsg-233_cleaned/sambal stingray/RRMNOV9GOZ9ICE82K3ALHDI3.jpg,sambal stingray,all,exact_duplicate,bab773a58346b45947fd22f0a78ba1c9
../../foodsg-233_cleaned/Udon/KRIJCUBH8YS7ABJH5G3WZFHT.jpg,Udon,all,exact_duplicate,bac70e89cd623cb8da2629955e1d9807
"../../foodsg-233_cleaned/Bee hoon, soto/EMMSIWR59QBIGDSO4BA43S6W.jpg","Bee hoon, soto",all,exact_duplicate,baef29cf6149a3b8f1ee82c857046a5d
../../foodsg-233_cleaned/Mee soto/FM8A4CM48CRT9UNZLDTPS9RQ.jpg,Mee soto,all,exact_duplicate,bb075fde4146ecc435a089318e07d7f7
../../foodsg-233_cleaned/wholegrain pasta/W33FP9B4RJCMGABOYINTLEGL.jpg,wholegrain pasta,all,exact_duplicate,bb122675d985a0800731cc3b0a20e724
../../foodsg-233_cleaned/whole wheat/3CH8X4HT2HM40LTES7ZDMXZP.jpg,whole wheat,all,exact_duplicate,bb122675d985a0800731cc3b0a20e724
../../foodsg-233_cleaned/whole grain bread/9JPAXPEQ9T2NR8T25MP5EDIT.jpg,whole grain bread,all,exact_duplicate,bb45fc07f58d3975fc9fbde619cc2476
../../foodsg-233_cleaned/steamed grouper/4XDLE9VOTCMCBLA6BFO6MERP.jpg,steamed grouper,all,exact_duplicate,bb91f06a1ce5268173b212cffecab2c4
../../foodsg-233_cleaned/whole grain bread/VD2JF1UBX9PMA7XS3V4LD20W.jpg,whole grain bread,all,exact_duplicate,bbaed529f9ef7bedc6fcad0d899e373b
../../foodsg-233_cleaned/whole wheat/M0DFUS0ZGXHBG7C6TNTTGX3M.jpg,whole wheat,all,exact_duplicate,bbaed529f9ef7bedc6fcad0d899e373b
"../../foodsg-233_cleaned/Bee hoon, soto/ET3JORXH4NUNPTJT88HNLNPB.jpg","Bee hoon, soto",all,exact_duplicate,bc14eb5afcaac35f24a46780c1040a69
../../foodsg-233_cleaned/Lontong with sayur lodeh/PPLRU39F5TJ56YJA7A0UFAPQ.jpg,Lontong with sayur lodeh,all,exact_duplicate,bc2998695da12a390746777e7672fe21
../../foodsg-233_cleaned/Lontong with sayur lodeh/HJHIWZ06IXMBXEJ9V6F12CVK.jpg,Lontong with sayur lodeh,all,exact_duplicate,bc47647f2d8d790bf4164e85a9915c84
../../foodsg-233_cleaned/lontong/L7PGL210UAN13VF6Q3ZU8WUX.jpg,lontong,all,exact_duplicate,bc47647f2d8d790bf4164e85a9915c84
../../foodsg-233_cleaned/Mee soto/LHGYTHSC17BQKQRU8CV1689L.jpg,Mee soto,all,exact_duplicate,bc953976458f28647ef88d904a5fd8b9
../../foodsg-233_cleaned/cream soup/U8RAIW3OJ67YEJQNX2PL2CYJ.jpg,cream soup,all,exact_duplicate,bc9a26865618053b33494b17247c6a20
../../foodsg-233_cleaned/cream soup/I0S4VKDPEIA3QT5JFAN6BOQW.jpg,cream soup,all,exact_duplicate,bcc15095f8fa42363f1c8140f4924bff
"../../foodsg-233_cleaned/Rice, korean bulgogi beef/ASJCMYN950LUF2GECE8RMYKJ.jpg","Rice, korean bulgogi beef",all,exact_duplicate,bcc50df4d40fde9caba81f22ef119d5d
"../../foodsg-233_cleaned/Rice, with dakgalbi/G1K6UZIAWCZW2UDI5E805YLN.jpg","Rice, with dakgalbi",all,exact_duplicate,bcc50df4d40fde9caba81f22ef119d5d
../../foodsg-233_cleaned/chai tow kuay/5DCKNH9DU13MVKZAM7ZRRWVN.jpg,chai tow kuay,all,exact_duplicate,bcf1c374230bc72604dfe94ab349384d
../../foodsg-233_cleaned/satay bee hoon/OJKRKZ35Z2XRANBIDZE9SYTL.jpg,satay bee hoon,all,exact_duplicate,bd2fc3e2d07538ec0a6eb3d39c2eb1f0
../../foodsg-233_cleaned/Duck Rice/RWHTGF5ESAANACXMQ77R1HN0.jpg,Duck Rice,all,exact_duplicate,bd43963b33339c8c3ca5a9ccf59e3952
../../foodsg-233_cleaned/kueh lapis baked/HQBECJKQWQ0ZKY28DNUQJ9MO.jpg,kueh lapis baked,all,exact_duplicate,bd83114d0aeb49ce13b666f248d462a9
../../foodsg-233_cleaned/kueh lapis - rainbow/N7REQQNQ9TV1OO8E0QX1T25I.jpg,kueh lapis - rainbow,all,exact_duplicate,bd83114d0aeb49ce13b666f248d462a9
"../../foodsg-233_cleaned/Bee hoon, soto/0AA8EVVATV1MSGYZOTHPX2CR.jpg","Bee hoon, soto",all,exact_duplicate,bda1e16a470c4f1f42bd798bb609957c
"../../foodsg-233_cleaned/Mee siam, fried/K2NUMG7AAZ3XLOIDMBZUOWDC.jpg","Mee siam, fried",all,exact_duplicate,bdb3965131bd4032503d1945b51d672b
"../../foodsg-233_cleaned/Bee hoon, soto/PJ8BA153X8YND0ZS8DF01971.jpg","Bee hoon, soto",all,exact_duplicate,bde076cc83251f34b8235ffe533ca1eb
"../../foodsg-233_cleaned/Rice, korean bulgogi beef/UYIE1ZIJI5VAI2UI9FF1XUEA.jpg","Rice, korean bulgogi beef",all,exact_duplicate,be1779da9d7b21410ed0ce602968f44c
"../../foodsg-233_cleaned/Rice, with dakgalbi/7JF6XJFVCL93IQJ6SP9UXSIJ.jpg","Rice, with dakgalbi",all,exact_duplicate,be1779da9d7b21410ed0ce602968f44c
../../foodsg-233_cleaned/drunken prawn/HV8OUD0YUNH5FBTWLWYS7SCE.jpg,drunken prawn,all,exact_duplicate,be3920443e302a3f65d3fc057e44ec28
../../foodsg-233_cleaned/fried prawn/7K4MJVS1CKQ3SCKJS1JK93SO.jpg,fried prawn,all,exact_duplicate,be3920443e302a3f65d3fc057e44ec28
"../../foodsg-233_cleaned/Bee hoon, goreng/JR8X18HH696L6S4R5OQ5SH62.jpg","Bee hoon, goreng",all,exact_duplicate,be45c6d44f770966157984369a8abe94
"../../foodsg-233_cleaned/Bee hoon, soto/7O8PE7QZGIW7AD8VVAFZ972E.jpg","Bee hoon, soto",all,exact_duplicate,be5df3c0c37fec3a169164336b259788
../../foodsg-233_cleaned/whole grain bread/SQ032Y5D0LYN1KBNQRS467AD.jpg,whole grain bread,all,exact_duplicate,beae8a87361211a34ebe8e327ee24c8e
../../foodsg-233_cleaned/Pomelo/SUO4B4657P3HJ20D6DH7I32J.jpg,Pomelo,all,exact_duplicate,bed269ef22e2c9fff3d09532eaa1a547
../../foodsg-233_cleaned/cream soup/L1DCMHUE55K66YGEQ0A4IUMA.jpg,cream soup,all,exact_duplicate,bef4b0623675d54646dbfd2d0969693a
../../foodsg-233_cleaned/bee hoon/Q17JQWX22RBHLKZ1H74NJ8YW.jpg,bee hoon,all,exact_duplicate,bf0005404250a71df0ca347b4f1fd04b
../../foodsg-233_cleaned/cream soup/25IU0NEO5LU7CH07S0LIA5VM.jpg,cream soup,all,exact_duplicate,bf2ee440f9f9203961d9dd3f0b46026a
../../foodsg-233_cleaned/whole grain bread/P6A2OXGZQ5MMIRYJT9SRZUEA.jpg,whole grain bread,all,exact_duplicate,bf49d653bbc98fa25cf79a43bb1658e1
../../foodsg-233_cleaned/Mee bandung/TZSMBU2A9Z1SGZXOM9TISC1Z.jpg,Mee bandung,all,exact_duplicate,bf4d04c0a7abdfb6e81e36e412492dc9
../../foodsg-233_cleaned/Fish Ball Noodles/MSZ26CLZ89XR8WAX8M511SP0.jpg,Fish Ball Noodles,all,exact_duplicate,bf58cdb5a035b4dd33524dc91dd11e98
"../../foodsg-233_cleaned/Mee siam, fried/PK8ZV101VE8KEXLWOQM3GX0Y.jpg","Mee siam, fried",all,exact_duplicate,bf739db97453f85c835c08554c671a86
../../foodsg-233_cleaned/canned Fruit salad/AH2UZQNPCAZC7TGMBYS7DHSI.jpg,canned Fruit salad,all,exact_duplicate,bf75efeb604dbfd6fc9808906e77bd40
../../foodsg-233_cleaned/whole wheat/TATUM7HV97N8YKB15KWSPAOV.jpg,whole wheat,all,exact_duplicate,bf9d2b40f54faa8d9f888137d0c1a4d5
../../foodsg-233_cleaned/Laksa/OSHFRQ7TH09QNJ4DFN5VGEI6.jpg,Laksa,all,exact_duplicate,bfdfaeb9a4f0c8610927cd1d245db98d
../../foodsg-233_cleaned/bee hoon/3ZXTFRCXTBGM1FLP92EEWIIG.jpg,bee hoon,all,exact_duplicate,bfe3e0908754c103413e6f2c8a12dc28
../../foodsg-233_cleaned/lontong/4GDZNU5XDYT2V7UJLOKJLV7X.jpg,lontong,all,exact_duplicate,bfed298143395e295a2d807a56ca828b
../../foodsg-233_cleaned/Laksa/TPLBNDM4I40O8NYF8CD14X85.jpg,Laksa,all,exact_duplicate,bff7ccfc21272a2541d9bdb40c699a47
../../foodsg-233_cleaned/rock melon/9N34L749033DF1F76N2GB76T.jpg,rock melon,all,exact_duplicate,c033cf4b600fdf2cf8df882e504ae301
../../foodsg-233_cleaned/mixed vegetables/CR5599K8XJBLPPI1KG462L0P.jpg,mixed vegetables,all,exact_duplicate,c0b0cf454c52455dd773285293722f77
../../foodsg-233_cleaned/Mee soto/PP0JO0NOISZ6B1RHM1H24DUL.jpg,Mee soto,all,exact_duplicate,c0fe8bdaeb9cdb205628f79fba9b295e
../../foodsg-233_cleaned/cooked brown rice/SMYBSY1OM5BNCNINBXL91W9N.jpg,cooked brown rice,all,exact_duplicate,c13836e7b3c0e7783497c53390e0325c
../../foodsg-233_cleaned/whole wheat/QV7QJN9N9ZLCMWXN1E2LV1R9.jpg,whole wheat,all,exact_duplicate,c16429c758fe1aa9c812266871d6b714
../../foodsg-233_cleaned/chai tow kuay/P56AW468S4WCOH01SRT176GN.jpg,chai tow kuay,all,exact_duplicate,c1c2d3f67b0bd5c1b59098b44bf4137b
../../foodsg-233_cleaned/chilli crab/67YSRN9YZ181NJJGADHB9QV8.jpg,chilli crab,all,exact_duplicate,c1f55680c419099c94c9158ea4e3a2b4
../../foodsg-233_cleaned/Mee goreng/53YAFCKDZ5F32K1IQ8WOCYXA.jpg,Mee goreng,all,exact_duplicate,c20eac9b28f43966161622d09b021b94
../../foodsg-233_cleaned/Mee soto/M9WM497GRNE6PNB20F89XVEW.jpg,Mee soto,all,exact_duplicate,c223d58ae5ba46f188730f3703818b0f
../../foodsg-233_cleaned/breakfast cereal/I9KU33LP8JE0LINT51FKC13Y.jpg,breakfast cereal,all,exact_duplicate,c248f1d83cdfbd251467d6d3a7250894
../../foodsg-233_cleaned/Seafood Noodles Soup/ZDYDTJSCEXTFHAOTGFQAI9LY.jpg,Seafood Noodles Soup,all,exact_duplicate,c286d5d2917a3dc2b4f40f3b694c8637
../../foodsg-233_cleaned/Mee soto/ZHNI5OWNCMRMYJU81T80IEP5.jpg,Mee soto,all,exact_duplicate,c2a0ebb2951b216e19d171ea540ae4a8
"../../foodsg-233_cleaned/Mee siam, fried/HE9MCSQHHCOZY20DLRTKE72K.jpg","Mee siam, fried",all,exact_duplicate,c2c5191a10c9a7bcc59ab15e4887c733
../../foodsg-233_cleaned/chicken soup/D14ZQ7AZLIZ7NTWHCG897B8B.jpg,chicken soup,all,exact_duplicate,c2e5130ad3f7aed2e7c04b80dd370bc8
../../foodsg-233_cleaned/vegetable soup/DWZ35CBVNGFQMSXRM4R7MROM.jpg,vegetable soup,all,exact_duplicate,c2f6c75cb53c9ed75b30e79633965340
../../foodsg-233_cleaned/pineapple/LN1G2KX023GV3EZT4P54S6G8.jpg,pineapple,all,exact_duplicate,c314e6526937d44439a4a522705c2857
../../foodsg-233_cleaned/Seafood Noodles Soup/IL62WF84W9B0P7K49OO5GLV6.jpg,Seafood Noodles Soup,all,exact_duplicate,c3477bb5013315b8ddd3be4feafc67f4
../../foodsg-233_cleaned/whole wheat/6T91DRVRC01CGG7C9PLM5RM0.jpg,whole wheat,all,exact_duplicate,c36837267b7fa608de48d3cdaa081758
../../foodsg-233_cleaned/bee hoon/UA7Z8ED6P58Z7GQ6BYA79WR1.jpg,bee hoon,all,exact_duplicate,c37a0d91f54c64a7f89b7a35b79f3a66
../../foodsg-233_cleaned/Soto ayam/BZIA3BHAQFOP6PBU5GOP7AIH.jpg,Soto ayam,all,exact_duplicate,c38c0e970ddc007de565411acbed9c10
../../foodsg-233_cleaned/Mee soto/KH8W1YIPZRGBJZQKC8XSF14G.jpg,Mee soto,all,exact_duplicate,c38c0e970ddc007de565411acbed9c10
../../foodsg-233_cleaned/Mee rebus/WHH20YL0ZULGJXPD53H7V8QN.jpg,Mee rebus,all,exact_duplicate,c3c107f1fdf6f7c94a334b8cb8f38bcc
../../foodsg-233_cleaned/spring rolls/2OLUHCJQ3C2WZKQ5AKFKQQS9.jpg,spring rolls,all,exact_duplicate,c3e6ee7761bcdda82fe0713ad46b7f7a
../../foodsg-233_cleaned/Pomelo/A0PRM6WJR4L18BD8WDNR7WS8.jpg,Pomelo,all,exact_duplicate,c3ea65ecc8603501d676e8e2f88ce251
../../foodsg-233_cleaned/Fried Noodles/BNO8OV4LCBEZG2CNI6MLALT8.jpg,Fried Noodles,all,exact_duplicate,c3eb6039c6baceaa620b2961e2831abb
../../foodsg-233_cleaned/bee hoon/DZL8BVZO4WDZKNZX0770DU0I.jpg,bee hoon,all,exact_duplicate,c4305e0cadcb982919594b720ec31459
../../foodsg-233_cleaned/mixed vegetables/DJWNYC0H3JVWOIEV1XEHVFMU.jpg,mixed vegetables,all,exact_duplicate,c4433781154e8f7cf50239e014b0da0d
../../foodsg-233_cleaned/mushroom soup/I5FOL7NTFLJQ1ITL467B7JUJ.jpg,mushroom soup,all,exact_duplicate,c4433781154e8f7cf50239e014b0da0d
../../foodsg-233_cleaned/chicken masala/UG3AMTZG38X250W9ZD4QDBFL.jpg,chicken masala,all,exact_duplicate,c447583ecf4f730912594a5cc8409327
../../foodsg-233_cleaned/tandoori chicken/JW1URIJQU5GZ4TIELWONN52F.jpg,tandoori chicken,all,exact_duplicate,c447583ecf4f730912594a5cc8409327
../../foodsg-233_cleaned/drunken prawn/U76AA8KXW9MP17R3OPWUUHFG.jpg,drunken prawn,all,exact_duplicate,c45a5368068c6fd83e24b6db4364c480
../../foodsg-233_cleaned/fried prawn/YNLE8ID986NGIHJBA5PAMTA4.jpg,fried prawn,all,exact_duplicate,c45a5368068c6fd83e24b6db4364c480
../../foodsg-233_cleaned/char siew pau/NXS0A3EC24M9Y4F83F9DIHPT.jpg,char siew pau,all,exact_duplicate,c49e7bef5b843c0cb9ef1e708f050db4
../../foodsg-233_cleaned/whole grain bread/E39TJGB2P1D9S0B9WP5EY0CR.jpg,whole grain bread,all,exact_duplicate,c4a5624dc1c1cd2df7a3b98bd13aa388
../../foodsg-233_cleaned/whole grain bread/57NFLW2M4SJE4XWNBO3OI4E7.jpg,whole grain bread,all,exact_duplicate,c4a58f9d5589b5a77dd1a8c1c88902a4
../../foodsg-233_cleaned/whole grain bread/SYFARX670JDXX9SQ7F6DHE8R.jpg,whole grain bread,all,exact_duplicate,c4d540af5ee317adfe0aa3a827853355
../../foodsg-233_cleaned/rock melon/A7Y6BE11V6EDPCEVG4LAPOGA.jpg,rock melon,all,exact_duplicate,c4fe9cbe3b2349391a33554bade1ef0f
../../foodsg-233_cleaned/Udon/L4ST4K0537MBWIBWMK0T9Z8V.jpg,Udon,all,exact_duplicate,c52639984b0ca26c08abbef344587fd9
../../foodsg-233_cleaned/Soto ayam/D17120QO8J5BK14EJNCA8907.jpg,Soto ayam,all,exact_duplicate,c54062e910e1f09b43b5f4bfdc39f5d0
"../../foodsg-233_cleaned/Rice, korean bulgogi beef/3ASLH477UF4PB80R11NNPKJQ.jpg","Rice, korean bulgogi beef",all,exact_duplicate,c5bbd580dcd55c852dbc57367e51b72e
../../foodsg-233_cleaned/Mee bandung/5DAFGRX8APG1BYVW4XBH77NZ.jpg,Mee bandung,all,exact_duplicate,c5e15a5f9bc6572e3da23cfad7c22007
../../foodsg-233_cleaned/honeydew/RRNIVE3GSGDK393GDEZSXH1L.jpg,honeydew,all,exact_duplicate,c5f9ff44c7d8d724d673e76bd5e81fbe
"../../foodsg-233_cleaned/Mee siam, fried/CFSOLPNI88K8KPDT441QPMJC.jpg","Mee siam, fried",all,exact_duplicate,c62462fc0e0c536ee92744fe4e033d53
../../foodsg-233_cleaned/whole grain bread/VAM882WILT4E2J4CD5ALUHH8.jpg,whole grain bread,all,exact_duplicate,c6346edc6d783010c492d0bf873ea598
../../foodsg-233_cleaned/Mee soto/4FGODQPX64RSVHAEJHJK6YTX.jpg,Mee soto,all,exact_duplicate,c63973418f770a9006a60658fcca304f
"../../foodsg-233_cleaned/Don, unagi/LGOHSSV5IFHOK88BHDVH2VE0.jpg","Don, unagi",all,exact_duplicate,c64928f418f81e22ac353d39f61f06da
../../foodsg-233_cleaned/Soto ayam/6M67L9B69YXOMJ1C7YH3D40Z.jpg,Soto ayam,all,exact_duplicate,c6ad9824de03b9438598de7811d9f15e
../../foodsg-233_cleaned/Mee soto/S0CGH5HFPJ6NCX3WY6ES8PCS.jpg,Mee soto,all,exact_duplicate,c6ad9824de03b9438598de7811d9f15e
../../foodsg-233_cleaned/whole wheat/IS1YKJK91PI7OW8V5RE95GJ0.jpg,whole wheat,all,exact_duplicate,c6b266e60741ab1676212a2e530003be
"../../foodsg-233_cleaned/Bee hoon, soto/EYBNXJVYW55OYEPRA5YI9OUH.jpg","Bee hoon, soto",all,exact_duplicate,c6f39b4e6f1362201c2ef10add7702dc
../../foodsg-233_cleaned/Mee soto/B2RUPF4MAQ1CSTOUFSTWNZMB.jpg,Mee soto,all,exact_duplicate,c70610e465e79af1cb1575856776eb15
../../foodsg-233_cleaned/Dumpling noodle soup/DA0WUNIIDYD6EVSYWGOFC06I.jpg,Dumpling noodle soup,all,exact_duplicate,c72e16958723d38edbae1962cca725cd
"../../foodsg-233_cleaned/Bee hoon, soto/RJPQTHMZ7EK4XB2DOB5FSNJ9.jpg","Bee hoon, soto",all,exact_duplicate,c731fae791530998701c2e08b5346082
"../../foodsg-233_cleaned/Wanton mee, dry/L09QBLLTOIGGBM40A2NK5W52.jpg","Wanton mee, dry",all,exact_duplicate,c7a0280ec9896c5aaf8d9f572ff9f63d
../../foodsg-233_cleaned/Dumpling noodle soup/IZCWE7GW1VKM6TI2HRZNLY18.jpg,Dumpling noodle soup,all,exact_duplicate,c814abd52e03d1ca9feab6567b37225e
../../foodsg-233_cleaned/Mee bandung/PSQE1ODJHGW5G7LX85JHET8D.jpg,Mee bandung,all,exact_duplicate,c82c60bc433cb639a60f2f7769754753
../../foodsg-233_cleaned/chai tow kuay/IALCFE9LAHGYKQO6QTBRVSAF.jpg,chai tow kuay,all,exact_duplicate,c898bdb3ed34ec9ed0f209cd359ae3cc
"../../foodsg-233_cleaned/Bee hoon, soto/PM15AAD22JRFJ4B3AOS55QJ5.jpg","Bee hoon, soto",all,exact_duplicate,c8af7cae666c64505f9b1e0d6b9c5c46
../../foodsg-233_cleaned/Mee bandung/215641IBEJHCWXHI73BUW05M.jpg,Mee bandung,all,exact_duplicate,c8b92b1bbb7f6b30fc653287dd6b6fc9
../../foodsg-233_cleaned/lontong/HJHHF39D24UQ1LK97YZKV4ZD.jpg,lontong,all,exact_duplicate,c8bf56b93b26b7cc5f649633d90c5128
../../foodsg-233_cleaned/bee hoon/RHRAGNYL3HQH6N9JNQ1ZR79M.jpg,bee hoon,all,exact_duplicate,c9065582a932203454fe9fba7cfdb6f8
../../foodsg-233_cleaned/Mee bandung/B3LF1DEDYQXJS3ODR6U77LWA.jpg,Mee bandung,all,exact_duplicate,c9746db215d97ba3df885ae9fcf13473
../../foodsg-233_cleaned/Nasi Ambeng/XG3AK2UL5PPSFM0M12674EZ8.jpg,Nasi Ambeng,all,exact_duplicate,c90e58fd7b27bc5b2153c108b08cf518
../../foodsg-233_cleaned/whole grain bread/LAX2VZNTZJ1PFAGLDI32D0AV.jpg,whole grain bread,all,exact_duplicate,c91609eee17763b7c5c9bcc48112cb38
../../foodsg-233_cleaned/oyster omelette/F0QDNSPEHTFROLUBDXGXE0TG.jpg,oyster omelette,all,exact_duplicate,c96dbba4c8dc03f9308aa4a08019f3f2
../../foodsg-233_cleaned/Mee siam/K2YHZVES12F8JVZG9EZIAL98.jpg,Mee siam,all,exact_duplicate,c97823feb65e9bb3860bae0cf71592cf
../../foodsg-233_cleaned/whole grain bread/ETKEPD2CKUDN9T6XUXH5QOWB.jpg,whole grain bread,all,exact_duplicate,ca8780bbfe016d98ec72a3a4e3d90396
../../foodsg-233_cleaned/Mee siam/CZ57JUER1P8ENPKYC75E878B.jpg,Mee siam,all,exact_duplicate,cab3c2f79a5b0d850ff41d85e41dd120
"../../foodsg-233_cleaned/Mee siam, fried/QXZLI9AC61XNVOQ2B4MV2W3R.jpg","Mee siam, fried",all,exact_duplicate,cab5503c26253dabd7152584fa08ca8b
../../foodsg-233_cleaned/rock melon/1Q83QABZZYQC2NAU2TWO8G2I.jpg,rock melon,all,exact_duplicate,caeb67c605eaeb1b257aac6596839387
../../foodsg-233_cleaned/chai tow kuay/CRI2GAZRKNHSBLK0C9XBUKIU.jpg,chai tow kuay,all,exact_duplicate,cb44629559535286119a6954d475ef65
../../foodsg-233_cleaned/Soto ayam/ZTK4FSQQNLBMTKNTDIFC3HI7.jpg,Soto ayam,all,exact_duplicate,cb52659e4713c43e52d574e3c7ccc4e9
../../foodsg-233_cleaned/sliced fish soup/U7QR6RC1TTRXJQ3X3T3EIED4.jpg,sliced fish soup,all,exact_duplicate,cb5cf80f7232cc08c7ac29e158d1c402
../../foodsg-233_cleaned/beef noodle soup/HEOICGL1FZIXC39Y530UUH0U.jpg,beef noodle soup,all,exact_duplicate,cb69d440a507bb149cd762c0a8a2a736
../../foodsg-233_cleaned/honeydew/4FPJX8P56M68Y6J54G6TS1E0.jpg,honeydew,all,exact_duplicate,cb6e6fc8a1c62da923a4f97909b90154
../../foodsg-233_cleaned/chin chow drink/Q4LK02PY6U7K7FRMLWPQNQ2Z.jpg,chin chow drink,all,exact_duplicate,cb7566452e28753674cd4591d41845d9
../../foodsg-233_cleaned/Bubble Milk Tea/PBRMYDWT4Z5VPUXV7WTNSCQ9.jpg,Bubble Milk Tea,all,exact_duplicate,cb7566452e28753674cd4591d41845d9
../../foodsg-233_cleaned/fried prawn/2GQ9EM6OAQC6S1IKIDR8SQAH.jpg,fried prawn,all,exact_duplicate,cb94f89913aabf7f3d656626dd27be43
../../foodsg-233_cleaned/bee hoon/CRR4MH4DPHP4CYAJ5283LXBZ.jpg,bee hoon,all,exact_duplicate,cbcc2e1786c2d3775d17e3c2f5f2a88d
../../foodsg-233_cleaned/Lontong with sayur lodeh/H4JF1XPIMJM779XSWVWN3IC6.jpg,Lontong with sayur lodeh,all,exact_duplicate,cbdec86d83c8f5f09a96c6e8fcff201b
../../foodsg-233_cleaned/lontong/DC5ALD1ETVU0Z2UCCIQQ8OF0.jpg,lontong,all,exact_duplicate,cbdec86d83c8f5f09a96c6e8fcff201b
../../foodsg-233_cleaned/Claypot Rice/RSMPP5ALBJAZ1TTKOIOAG50M.jpg,Claypot Rice,all,exact_duplicate,cc2175ab520ec959e094c0006e61bcb5
../../foodsg-233_cleaned/Fried Noodles/TIHLJSRVPEFLMNWKXP1AD8IO.jpg,Fried Noodles,all,exact_duplicate,cc4233fabfe2a347494fc3ab761a9d2b
../../foodsg-233_cleaned/Mee siam/76MNGNE2331YBSF18QTVINQH.jpg,Mee siam,all,exact_duplicate,cc950bc1a1e9e8b1668608fb691caa8c
../../foodsg-233_cleaned/green leafy vegetables/PUEC3P2J05390HBVCZ70LZBX.jpg,green leafy vegetables,all,exact_duplicate,ccb8217933bfc5f2e1b2a612bec3bf6c
../../foodsg-233_cleaned/lontong/3X682ZNPXRRTB37FIDL8BVKD.jpg,lontong,all,exact_duplicate,ccc8a41b76213e1698a7b2436679e26f
../../foodsg-233_cleaned/Mee kuah/DXPTEHKPZCG7KL95PFZWXENW.jpg,Mee kuah,all,exact_duplicate,ccd20558c0c39df9cfe0e0ac26b7ba47
../../foodsg-233_cleaned/whole grain bread/Q3YEWHBL4J4W44CT76FXQ5N3.jpg,whole grain bread,all,exact_duplicate,cce0fbd28c77618025b5ad23d42064e1
../../foodsg-233_cleaned/Pomelo/1DJ06RCLBNBFLIT4ZES369LQ.jpg,Pomelo,all,exact_duplicate,ccff8dc2623cf1e6c0a4a028e00dd8b6
"../../foodsg-233_cleaned/Bee hoon, soto/XBQ39R712RWJZAZADGNV0S4C.jpg","Bee hoon, soto",all,exact_duplicate,cd0f7435a673edcfcb0569aa832d360d
"../../foodsg-233_cleaned/Mee siam, fried/GJ15FH0P685JRX9TBH0PLKL7.jpg","Mee siam, fried",all,exact_duplicate,cd5d7e71f5ba71516975e99ef35fb48c
../../foodsg-233_cleaned/cream soup/FFD68OPRCFJNF1C75WHEZIDB.jpg,cream soup,all,exact_duplicate,cd5eae9b9d21132be3e251506621893f
../../foodsg-233_cleaned/Pomelo/14S07JK0FE4DO03RUI14EYRF.jpg,Pomelo,all,exact_duplicate,cd5f807db84e8e5bd6337a3ba9d9a21b
../../foodsg-233_cleaned/Mee siam/1VB33KW3T7AA27TIAVQUS15A.jpg,Mee siam,all,exact_duplicate,cdd21ee585bc525e315d25cdaf4cfe57
../../foodsg-233_cleaned/bee hoon/60H6H5YPVIOCCN1A5J9UFGMS.jpg,bee hoon,all,exact_duplicate,cdfb9f478bc50e94f18ef8a48493b7c2
../../foodsg-233_cleaned/steamed buns/SDDEGZ6R2AGGIL65ZAMJ2IH4.jpg,steamed buns,all,exact_duplicate,ce2152af24137ee2e1a615019bd08235
../../foodsg-233_cleaned/dumpling/W0MO4DO1D51QY34CAHGNA2UL.jpg,dumpling,all,exact_duplicate,ce2865b59d32011f638198ee896c584b
../../foodsg-233_cleaned/Kway Teow/ODUUWUL2FZ4WKOJY44JK2LM1.jpg,Kway Teow,all,exact_duplicate,ce72b04485fcb4126afd2699238861c0
../../foodsg-233_cleaned/bee hoon/QMMGEOEJUU68FCPK55MORR5C.jpg,bee hoon,all,exact_duplicate,ce75112c088db65aae29e6f970997f03
../../foodsg-233_cleaned/bak chor mee/YP3D6R545NVONPI1Y7QQALQN.jpg,bak chor mee,all,exact_duplicate,cea2c66dca6a19fd69843904cb769e45
../../foodsg-233_cleaned/Blackberry/8LYJV5LASRRO6SCEVTW693XW.jpg,Blackberry,all,exact_duplicate,ceb6c5e2a1a1ce3bf987df0ce41f3f20
../../foodsg-233_cleaned/raspberry/B0X1LAOZPVFNKXWDJITUCSAH.jpg,raspberry,all,exact_duplicate,ceb6c5e2a1a1ce3bf987df0ce41f3f20
../../foodsg-233_cleaned/bee hoon/MOGSFBN3NUI7ZW3FEBBEE6HZ.jpg,bee hoon,all,exact_duplicate,cef8a0f01abc1bde6965ee3a814acbff
../../foodsg-233_cleaned/char siew pau/B2L5SDQCW79R4W4RC1LIX3ZQ.jpg,char siew pau,all,exact_duplicate,cf4fb64008a1ffea5a1dcc33d1c1bfd4
"../../foodsg-233_cleaned/Pilaf, pea/43IWZ2Z8BDO4J1CL80LI430H.jpg","Pilaf, pea",all,exact_duplicate,cf86985a372f11ae72217b2fdce16f17
../../foodsg-233_cleaned/ice cream - chocolate/FQEL1PNAU3OBJDD51AAOWU9N.jpg,ice cream - chocolate,all,exact_duplicate,cfe0ac43e1f94a015d25c7652c0475ee
../../foodsg-233_cleaned/ice cream - vanilla/943CTENUA7370WHX67V8DK4X.jpg,ice cream - vanilla,all,exact_duplicate,cfe0ac43e1f94a015d25c7652c0475ee
../../foodsg-233_cleaned/assam pedas/337WLEZWC7MEBUBBXSFUA1T8.jpg,assam pedas,all,exact_duplicate,cfe5c1fe1d2f837255ed3e5bc9d197ea
../../foodsg-233_cleaned/Ban Mian/ZTLN0WHYLR5DNQ8WRW04PO5U.jpg,Ban Mian,all,exact_duplicate,cfeb50e1189f010ea33504905992efc3
../../foodsg-233_cleaned/whole grain bread/4R6KSYE9NP5TRP4YO1YLPV31.jpg,whole grain bread,all,exact_duplicate,d04539a627d0667d20cb97383cb7bd02
../../foodsg-233_cleaned/char siew pau/MHLD0A4UCHLSUNCFF25QAZ2O.jpg,char siew pau,all,exact_duplicate,d0518a1a5ab84c057d75c1ff5916e950
"../../foodsg-233_cleaned/Bee hoon, soto/Q5SM4K3N4G2QSPC2GNZTUKXN.jpg","Bee hoon, soto",all,exact_duplicate,d0550a1c65cea5ea19355953cac4bc78
"../../foodsg-233_cleaned/Rice, with dakgalbi/13YRP82NQGKB44C3MKKX7VDI.jpg","Rice, with dakgalbi",all,exact_duplicate,d0704e59232e9aa4658372b569763628
../../foodsg-233_cleaned/pancake/QSEW83U9TT7L04XDADXLJA9B.jpg,pancake,all,exact_duplicate,d0704e59232e9aa4658372b569763628
../../foodsg-233_cleaned/cooked white rice/OCX3KIFPF90K2SD9YUGC4THN.jpg,cooked white rice,all,exact_duplicate,d08f1619a17e617d591602109d8e923e
../../foodsg-233_cleaned/Fried Noodles/6ANRPOL8AHBG0JPKX5ZI2Y11.jpg,Fried Noodles,all,exact_duplicate,d099976d3fdfbf3c79e2a2e3e283b672
"../../foodsg-233_cleaned/Bee hoon, soto/B074GPKEYVL0DYI3UU525NDR.jpg","Bee hoon, soto",all,exact_duplicate,d0adb39b81b6294feca21eb2e486e5a5
../../foodsg-233_cleaned/har cheong gai/IUWI8H3UT81SYNG047IWBE1A.jpg,har cheong gai,all,exact_duplicate,d0af302e441f5b3e78a33cfc4231c0d5
"../../foodsg-233_cleaned/Bee hoon, soto/E1WHXB4DLEZJL82INETC8SL5.jpg","Bee hoon, soto",all,exact_duplicate,d0bd368aba2a8bba2534af9ff484609f
../../foodsg-233_cleaned/Apple/CKAX20CB29BSRHDVDXKWB4BM.jpg,Apple,all,exact_duplicate,d0d828ac132c2eaede69a87d84a9d90c
../../foodsg-233_cleaned/blueberries/07VECLSNTVFFL2F9GHXGGUSJ.jpg,blueberries,all,exact_duplicate,d0d828ac132c2eaede69a87d84a9d90c
"../../foodsg-233_cleaned/Bee hoon, goreng/5SKR330TH9SPVUER5FPKI4QD.jpg","Bee hoon, goreng",all,exact_duplicate,d0ff54ff27ad7a2ffc59b24a899347ad
../../foodsg-233_cleaned/whole wheat/ORJ9MPSS40A82KXDBNG0LI8N.jpg,whole wheat,all,exact_duplicate,d10850b5f33019acc9e330de7fb585b0
../../foodsg-233_cleaned/Laksa/3B6CIEMCO1KZIKV6MOG5BRDL.jpg,Laksa,all,exact_duplicate,d1166be2dc4c375a4eccf041cc6d7d5b
../../foodsg-233_cleaned/Mee bandung/TJM47HMK9UXY38SR20CUT25C.jpg,Mee bandung,all,exact_duplicate,d13b95b8bab6ff2c9ac09edac8160b22
../../foodsg-233_cleaned/mixed vegetables/14FEL1W34T2F2XTB122CB637.jpg,mixed vegetables,all,exact_duplicate,d18da4f185a4d7ffc085ca346eba0d63
../../foodsg-233_cleaned/Mee siam/TAT6ZVGVIZG11P2VAPI40WKV.jpg,Mee siam,all,exact_duplicate,d1a2d9a3f5c9174afb6a9232e86c7338
"../../foodsg-233_cleaned/Bee hoon, soto/SQT34HMU7ILATLRI2119LYRC.jpg","Bee hoon, soto",all,exact_duplicate,d1cffa61de9497e96cc4fd0f7885c74a
../../foodsg-233_cleaned/whole grain bread/M6JDXY700W9RUQ2U65SSSC2V.jpg,whole grain bread,all,exact_duplicate,d1ded25b1ede66233a938e433c058cc8
../../foodsg-233_cleaned/steamed buns/QSEY1LWYLMW6ERICZUOVYE1X.jpg,steamed buns,all,exact_duplicate,d1fa2c944428086f04bcb17f9a69eba1
"../../foodsg-233_cleaned/Wanton mee, dry/71ZDCWQUA7T5XIBRF4BBG1W8.jpg","Wanton mee, dry",all,exact_duplicate,d20ed9ed3d5281f55b335423d8ed9126
../../foodsg-233_cleaned/bee hoon/IY5C2WDOPPGWG6CHWAO2T881.jpg,bee hoon,all,exact_duplicate,d22f6f761581bc6f4a6ffe4ecdbdf1e6
../../foodsg-233_cleaned/cream soup/Z3N8JVTHKD8FGEM4NGQYIDUU.jpg,cream soup,all,exact_duplicate,d24229b89e1cc13e1a361c80b644ad79
../../foodsg-233_cleaned/Kopi Teh Milo/SCDKKJHOU92PFEK0VVWE57SS.jpg,Kopi Teh Milo,all,exact_duplicate,d25cf3b8fc68b3f9a3c355300c7b94f9
../../foodsg-233_cleaned/nasi lemak/LD1LYEPUWYTSE2IY0L67W3E9.jpg,nasi lemak,all,exact_duplicate,d25cf3b8fc68b3f9a3c355300c7b94f9
../../foodsg-233_cleaned/Laksa/CW444I30B8BO3JPB7NNWADMZ.jpg,Laksa,all,exact_duplicate,d282eab64d1e02e7a024f27827b612dc
../../foodsg-233_cleaned/lontong/EP992B157B805IXE8C05IZA4.jpg,lontong,all,exact_duplicate,d2c017312fecb6993096885e6971ada3
../../foodsg-233_cleaned/Soto ayam/LFZPHFF3Q5MP7E7F5ZZJMO1H.jpg,Soto ayam,all,exact_duplicate,d2cca4dbb46b2162cb4b8b8a4b970f1d
"../../foodsg-233_cleaned/Bee hoon, goreng/7XEQXJBUH7STKM65LEMIMSQX.jpg","Bee hoon, goreng",all,exact_duplicate,d2ccd9f7e21860f797c9672c6cf45eac
../../foodsg-233_cleaned/Mee rebus/MK9VO4KYNEGKJ0E2L0YRTD5H.jpg,Mee rebus,all,exact_duplicate,d2f95f19f68d5671c71a66e830d7eefd
"../../foodsg-233_cleaned/Bee hoon, goreng/QH0CXVILLYMH3VA1CQD6ESQY.jpg","Bee hoon, goreng",all,exact_duplicate,d32a3310d66ca9406342e54e6f33fe7d
../../foodsg-233_cleaned/Wholegrain Wrap/9MR7DKAZ6WBV7VJVXZF55G5B.jpg,Wholegrain Wrap,all,exact_duplicate,d363e2186b6a28ec532578e4c3d5a9f0
../../foodsg-233_cleaned/Dumpling noodle soup/72XO3ONMS7LLX6ZL8RLR0IQN.jpg,Dumpling noodle soup,all,exact_duplicate,d3729aebcdf8b17aa7b9f82474a4b018
../../foodsg-233_cleaned/Mee soto/13KNK7TSNMFOUUJYIW8N0CRB.jpg,Mee soto,all,exact_duplicate,d395d93a64e25ab780524949bcc61fa7
../../foodsg-233_cleaned/Mee soto/1WROK7A19GF076WG00OJKI7E.jpg,Mee soto,all,exact_duplicate,d3cc4baf8548f53211babccf4f8ce007
"../../foodsg-233_cleaned/Bee hoon, soto/SXKTLIPEQI6X4H53NH8FUGC5.jpg","Bee hoon, soto",all,exact_duplicate,d3d652328bab7f24bdf781e5e66693ff
../../foodsg-233_cleaned/Mee goreng/8K8JH1OF8KMRY6TSSP2EMAF8.jpg,Mee goreng,all,exact_duplicate,d41108b2414daae85a62b7deeb236f7d
"../../foodsg-233_cleaned/Bee hoon, goreng/GFP7ADSNX0SSVPR93SOZPN28.jpg","Bee hoon, goreng",all,exact_duplicate,d422c78f83c1fd87958ff9a92de24239
../../foodsg-233_cleaned/whole grain bread/QI7LGSX7E6SPSPDV7H8WA1R4.jpg,whole grain bread,all,exact_duplicate,d439396f574dfdef6484f1820eb00bfb
../../foodsg-233_cleaned/Mee siam/TAH6U1OXPU5RWL0A1ZE2BSE8.jpg,Mee siam,all,exact_duplicate,d4453f85635afde57cdcfcd93296ece6
../../foodsg-233_cleaned/Mee soto/HD8453BF1X3PQ0DYHVNTFBXH.jpg,Mee soto,all,exact_duplicate,d4707ac010d7b5e58b99acb7256827ff
../../foodsg-233_cleaned/Soto ayam/CACOIKBA9RMMN2IC1U504E17.jpg,Soto ayam,all,exact_duplicate,d4707ac010d7b5e58b99acb7256827ff
../../foodsg-233_cleaned/whole wheat/23PR8SR0F1BPPIUT5ELXIVCK.jpg,whole wheat,all,exact_duplicate,d4870e9e8d7600804291a355a33705e8
../../foodsg-233_cleaned/Mee siam/U1VOPGY83YXC7395EH45L5N0.jpg,Mee siam,all,exact_duplicate,d4882b51fdd7b0cd8357b88ce07e412e
../../foodsg-233_cleaned/Sweets/CO5W7KMU10KL8YXEMM5RP2YM.jpg,Sweets,all,exact_duplicate,d4c460d64de9d7958d6cb2be475e6372
../../foodsg-233_cleaned/Duck Rice/3NBXLGGA3H4QLYG0AZSIQH8W.jpg,Duck Rice,all,exact_duplicate,d519a41f87a96ececa745b5917ac868b
"../../foodsg-233_cleaned/Bee hoon, soto/TKEATUB6XJRS0AU4PDFKREI3.jpg","Bee hoon, soto",all,exact_duplicate,d5425e9e92589ca49302fd0b9afe0cfe
"../../foodsg-233_cleaned/Bee hoon, goreng/OOGR8TIA1XR0XXA44OM2ND74.jpg","Bee hoon, goreng",all,exact_duplicate,d546436905fe1e2debdcc879ab901bcb
../../foodsg-233_cleaned/drunken prawn/W4QRMTZ1XVTD6KW9L56652XQ.jpg,drunken prawn,all,exact_duplicate,d546436905fe1e2debdcc879ab901bcb
../../foodsg-233_cleaned/mee pok/XBWOHK2Q22DXADGYAJBXCTRK.jpg,mee pok,all,exact_duplicate,d58b0dd94854f47b385ba2fc9ffde221
../../foodsg-233_cleaned/Ban Mian/A9DRQNQM5LN6AOJ7HU9TRKK4.jpg,Ban Mian,all,exact_duplicate,d5d71e9f92a8a005a6cf818882d39340
../../foodsg-233_cleaned/Blackberry/VX57313W3MLKPXU8EYQD3G5O.jpg,Blackberry,all,exact_duplicate,d5ed7e8dabd67b844d8c1bc361bbea90
../../foodsg-233_cleaned/raspberry/W1UK5JNQ08PFJXCZCTWRDM40.jpg,raspberry,all,exact_duplicate,d5ed7e8dabd67b844d8c1bc361bbea90
../../foodsg-233_cleaned/Dumpling noodle soup/FJAHO90LBP6NR1JOPCR91KFS.jpg,Dumpling noodle soup,all,exact_duplicate,d60533ff91f2ef79021a3fcdbdfffc24
../../foodsg-233_cleaned/cream soup/02Y0152CQDVKDPQFXKCU2BVS.jpg,cream soup,all,exact_duplicate,d6234c5837c82d8c9b2f836f08f46a90
"../../foodsg-233_cleaned/Bee hoon, goreng/OQE4XILTAPZ7FRKOE39ERR8D.jpg","Bee hoon, goreng",all,exact_duplicate,d6463c12acf1691c46b2fdb78384f360
../../foodsg-233_cleaned/drunken prawn/EEYR99275X40MNR5XAUJHLBU.jpg,drunken prawn,all,exact_duplicate,d66c20c46b5f6441d78b2c801edff358
../../foodsg-233_cleaned/fried prawn/PMNTUY60OVV80Z5PNZLFMPUC.jpg,fried prawn,all,exact_duplicate,d66c20c46b5f6441d78b2c801edff358
../../foodsg-233_cleaned/Seafood Noodles Soup/AB1M8E92082T2QTEHCTYW4XS.jpg,Seafood Noodles Soup,all,exact_duplicate,d691d8a07b5bef66bf49e435717b5088
../../foodsg-233_cleaned/xiao long bao/2WVLZ4FMWAJXUSDYZ583IH7K.jpg,xiao long bao,all,exact_duplicate,d6b0799258f8da288b56507b37a2273e
../../foodsg-233_cleaned/Mee bandung/XV7UEBVMHG69JH9500BTEQLX.jpg,Mee bandung,all,exact_duplicate,d6c0ace4319dda334fd0f7128be61d48
../../foodsg-233_cleaned/Mee kuah/LMJEADX681KUGP3ZJVE116VM.jpg,Mee kuah,all,exact_duplicate,d6c0ace4319dda334fd0f7128be61d48
"../../foodsg-233_cleaned/Rice, with dakgalbi/H9T58GV1OBMMLJ7RY8SN1GFR.jpg","Rice, with dakgalbi",all,exact_duplicate,d6d183a8125443d32ccf037f2ecfaada
../../foodsg-233_cleaned/lontong/DJAK30GEJ0WP4AGJ2EZ7C1PG.jpg,lontong,all,exact_duplicate,d72eda78a1e83400fd766308d271c7d1
../../foodsg-233_cleaned/sambal stingray/NO1TLQ2QQ7V1E10SEAMJ89ZZ.jpg,sambal stingray,all,exact_duplicate,d7331f3a713a77787cbd4f0e3927451d
../../foodsg-233_cleaned/Grapefruit/ZR0NCF99KOB5E900KSV4PR54.jpg,Grapefruit,all,exact_duplicate,d7339fc377cc24c73fd6e1cd9b42ad79
"../../foodsg-233_cleaned/Bee hoon, goreng/FUSTHOPVFUFLIT2GZ3MEHLHW.jpg","Bee hoon, goreng",all,exact_duplicate,d782ef2a799841d86652715d54ad5f0d
../../foodsg-233_cleaned/Mee soto/1VGYRSMCT58R5MXUVT6OIF3V.jpg,Mee soto,all,exact_duplicate,d79e526e3e0d748bc612e0eb3c17459f
../../foodsg-233_cleaned/Mee siam/KI74AIRSJOZCI1CIB0KG8TTX.jpg,Mee siam,all,exact_duplicate,d7af11e43c8b90e1836ebf23ba771ba6
../../foodsg-233_cleaned/chai tow kuay/ZKNDFNWC29HBL17I896ZBEGV.jpg,chai tow kuay,all,exact_duplicate,d7efc21d2b90eae9b4c9a76ea53ef7bd
../../foodsg-233_cleaned/Kway Teow/5MV1VNQYUMHJ80Q2EJTTH0A9.jpg,Kway Teow,all,exact_duplicate,d88d14e9f0d7b8ffcc3e65be75b94b40
../../foodsg-233_cleaned/Seafood Noodles Soup/7K5V8WDYMRIE0W1FWKXUA0HQ.jpg,Seafood Noodles Soup,all,exact_duplicate,d899ba637e9525762dc58e82b78c6c49
../../foodsg-233_cleaned/drunken prawn/7CNALOGH8BFIELMT0YK6IDFE.jpg,drunken prawn,all,exact_duplicate,d89d93b3e6a26e324d2e3ef7d829016e
../../foodsg-233_cleaned/whole grain bread/O5Y2OXO7AOU1CGJ8QOFDVE9M.jpg,whole grain bread,all,exact_duplicate,d8eea2d7c77a215596d748cf1b507864
"../../foodsg-233_cleaned/Bee hoon, soto/0K9Z8M1YUTV21CLOX88KJN15.jpg","Bee hoon, soto",all,exact_duplicate,d8fd5e34ce488084a6c6360e3c039151
../../foodsg-233_cleaned/Claypot Rice/GTTJLNUM2B39Y0LR3P81CQB2.jpg,Claypot Rice,all,exact_duplicate,d91faa1d0bf44487dbfa9445ca622b32
../../foodsg-233_cleaned/pineapple/8RMNX99QSOAU2WRTSCH80M00.jpg,pineapple,all,exact_duplicate,d92401091c7d8550cd831faf04e8f297
../../foodsg-233_cleaned/Sweets/IJ3J2DYKHHSSWRXO6OCFB24F.jpg,Sweets,all,exact_duplicate,d97bb7b047d1755cfcbcb88d83368eef
../../foodsg-233_cleaned/fried prawn/CXEV6Y16EF8GW6NP4CIX8JP6.jpg,fried prawn,all,exact_duplicate,d9ab2123483c8744c16c185e662beb3b
../../foodsg-233_cleaned/lontong/1KOSQS0UM1ACVGTFZIX1PZQB.jpg,lontong,all,exact_duplicate,d9b0985b4fc6f0b65a99c8a723f57f16
../../foodsg-233_cleaned/Mee siam/SNHXL3YI5L5YYD13WC9742M0.jpg,Mee siam,all,exact_duplicate,d9bed41ab428641924b20ae18c4bff9b
../../foodsg-233_cleaned/Fried Noodles/CV5CQWX5DGXOYKM6KQ0QH79F.jpg,Fried Noodles,all,exact_duplicate,d9ea85b6113b7a0035e7dad55f171648
../../foodsg-233_cleaned/chai tow kuay/YD7MCW9BFF2VK4MY4PISMHLE.jpg,chai tow kuay,all,exact_duplicate,d9ec3aa3fa9b29107aadd523cd4d5629
../../foodsg-233_cleaned/cooked brown rice/7W1CIXC3JCCDCGOV9P9PYM4N.jpg,cooked brown rice,all,exact_duplicate,d9f3d47f41c0eb0c74c86aff6afd1e09
../../foodsg-233_cleaned/whole grain bread/003VOYIBYM4JT9HEB2XWZ1O2.jpg,whole grain bread,all,exact_duplicate,da01c25ca208b98918568cca332107f2
../../foodsg-233_cleaned/whole wheat/DYUF2VOW0WZ0DB3VJ7B565YG.jpg,whole wheat,all,exact_duplicate,da01c25ca208b98918568cca332107f2
"../../foodsg-233_cleaned/Miso ramen, with fishcake/WDCBWHEXMDGR06EH0LQT8VGH.jpg","Miso ramen, with fishcake",all,exact_duplicate,da296383f1562b4913d1afa627a897a5
../../foodsg-233_cleaned/Udon/ZN4IA6F7ZGUDTJ0DJ2Q03B5H.jpg,Udon,all,exact_duplicate,da296383f1562b4913d1afa627a897a5
"../../foodsg-233_cleaned/Mee siam, fried/EMTN6O13TUT8SVLFLQF74W15.jpg","Mee siam, fried",all,exact_duplicate,da625a88703d9481d6fd6cbcd5f9e41c
../../foodsg-233_cleaned/Mee rebus/3X5CNT2ACD67DQKZ7SWLAOLT.jpg,Mee rebus,all,exact_duplicate,da6ff0436f6013ddfba0f410b62cb8e5
../../foodsg-233_cleaned/Mee bandung/DLUM8N75K4WMB3R0W71OJEHW.jpg,Mee bandung,all,exact_duplicate,da6ff0436f6013ddfba0f410b62cb8e5
../../foodsg-233_cleaned/egg tart/KT59R08KFC8C2AEC7IMYC3B4.jpg,egg tart,all,exact_duplicate,da8212ab12da093efe8470cc5da2ce83
../../foodsg-233_cleaned/Dumpling noodle soup/8N934PSXQSP24TNAGFWMWKSM.jpg,Dumpling noodle soup,all,exact_duplicate,da83c6701451fe0cef30560eaa1e840d
../../foodsg-233_cleaned/Mee soto/FKEJL90004EN6R9C03WHEC7O.jpg,Mee soto,all,exact_duplicate,da9b2cb5fe195ad1fed9a6d510e61112
../../foodsg-233_cleaned/Mee bandung/DVLVBZJLMT1ADTRG5YU4RVO8.jpg,Mee bandung,all,exact_duplicate,da9edfda634ddb8d6afd8934d0ce16f0
../../foodsg-233_cleaned/blueberries/3X1E8FDRONR5U3FYQ3OY4H2Y.jpg,blueberries,all,exact_duplicate,dac1b9cc3595bdf0cafa662501aaf2e0
../../foodsg-233_cleaned/strawberry/1QEE4NJ3EBVMC5YB8CHCQ9CW.jpg,strawberry,all,exact_duplicate,dac1b9cc3595bdf0cafa662501aaf2e0
../../foodsg-233_cleaned/Mee soto/KHVAOAEAK4H1U4WY64RQ4X86.jpg,Mee soto,all,exact_duplicate,dad536b41c2226fa83117048379573ca
../../foodsg-233_cleaned/Mee kuah/59MVVA3J8GGVDAMEIWUJGHBA.jpg,Mee kuah,all,exact_duplicate,dad873c2f39d865823f5f3ca9b4ef0bc
../../foodsg-233_cleaned/Mee siam/19YCKEM4MD878T1EU71NEVEL.jpg,Mee siam,all,exact_duplicate,dad96cf68d17b9a5937b1a65c3d56898
../../foodsg-233_cleaned/whole wheat/0YHN6GZW858N224IZCTNIZIJ.jpg,whole wheat,all,exact_duplicate,daf3f186207899ea3e3ba654f2942b53
../../foodsg-233_cleaned/kueh lapis baked/3WG3KTEEAKCPGYFZ032KXRU9.jpg,kueh lapis baked,all,exact_duplicate,db736073e3756e12d0fc0206564b972d
../../foodsg-233_cleaned/assam pedas/P6P2TT4HTES6ZZM5PWNJF6XQ.jpg,assam pedas,all,exact_duplicate,db99cb98d8eebf18191f31ef74fc0d8d
../../foodsg-233_cleaned/Mee bandung/ANDCY414CCT5L672Y6NPOS81.jpg,Mee bandung,all,exact_duplicate,dc0e2bc40cf67ea37d71b83b2e45917f
../../foodsg-233_cleaned/Pomelo/HQNQJ1PQO8LFPVBMCWUWEMEF.jpg,Pomelo,all,exact_duplicate,dc0ed55a50c3e28dad444cabdf7c26bb
"../../foodsg-233_cleaned/Rice, with dakgalbi/FXVY8KKYCHGQP3VZNWWQWT8O.jpg","Rice, with dakgalbi",all,exact_duplicate,dc2d05359cc01fb0d2cd7d86c26e1cdc
"../../foodsg-233_cleaned/Bee hoon, soto/JW3T8YEN358HQIUYVTW0ATFC.jpg","Bee hoon, soto",all,exact_duplicate,dc47c2f4fe1580882d4e57098cdb5552
../../foodsg-233_cleaned/Lontong with sayur lodeh/C3BDQLMPL7PM2QXYQEAW9RJB.jpg,Lontong with sayur lodeh,all,exact_duplicate,dc51cf996ef5a609854e166e62cab38d
../../foodsg-233_cleaned/drunken prawn/3AUP0CKCCGYHUJ4P8WQCUAQ4.jpg,drunken prawn,all,exact_duplicate,dc7ad6a703d17a2a1dbc3da169daa0e4
../../foodsg-233_cleaned/fried prawn/D88S9H416WGH9EK9PU4HFMQR.jpg,fried prawn,all,exact_duplicate,dc7ad6a703d17a2a1dbc3da169daa0e4
../../foodsg-233_cleaned/Mee siam/MMBHWZJ0ED8SQUMRH934BB9D.jpg,Mee siam,all,exact_duplicate,dc8294688c6d64ab27e1699c3884127e
../../foodsg-233_cleaned/Mee rebus/43UCFZ3V0EILWEZS6UR9VHP4.jpg,Mee rebus,all,exact_duplicate,dc9054b6dbceb16b97d219cacbdf5118
../../foodsg-233_cleaned/Mee rebus/3YI8U9N9ZD19DDU6J9BU5C5C.jpg,Mee rebus,all,exact_duplicate,dcb70bbc8891cf4f69730b93451ad1df
"../../foodsg-233_cleaned/Bee hoon, soto/PZS4W29KTRFSSJOV7K1HUA0C.jpg","Bee hoon, soto",all,exact_duplicate,dcd2b619f4a10243a758a7224ab70230
../../foodsg-233_cleaned/Chinese fritters/LOOAM39W9XXJTFW1BCCK7O5N.jpg,Chinese fritters,all,exact_duplicate,dcf7636a070ae38a9a277bd106a095b5
../../foodsg-233_cleaned/Mee bandung/IAR4OIZ076O75TRAD5N54LMU.jpg,Mee bandung,all,exact_duplicate,dcfe1ff8ed9c791c0282a79828990a5a
../../foodsg-233_cleaned/whole wheat/G21DSO9MV9FTA0Y3T22XW6OY.jpg,whole wheat,all,exact_duplicate,dd2e09621246a49ec1e3d33259296ac4
../../foodsg-233_cleaned/chilli crab/HR8RXOL3UWO8J2CY330DMR0G.jpg,chilli crab,all,exact_duplicate,dd2fd7a7f69124ada03ee218f5af1d12
../../foodsg-233_cleaned/mushroom soup/6C05PU4ZBEHGAPLZSZ547NSC.jpg,mushroom soup,all,exact_duplicate,dd592961ec9073e11c7459104277ebba
../../foodsg-233_cleaned/char siew/4JR3AQQ1EECPEPG2WCMY6NXI.jpg,char siew,all,exact_duplicate,de68233902ec9c21f09f8a79022c8e7f
../../foodsg-233_cleaned/whole grain bread/AWQZT04YSXF4AE5MA6AORSZS.jpg,whole grain bread,all,exact_duplicate,de92a5260b685ddde919ce6be0956ef6
../../foodsg-233_cleaned/Mee siam/N0KRP068NYP1KMDYTBQIE533.jpg,Mee siam,all,exact_duplicate,de9e3573928ab9d976b26a27e4e7e3c8
"../../foodsg-233_cleaned/Bee hoon, soto/E7TJOPOWV8EHRFZJ2EDMPTU6.jpg","Bee hoon, soto",all,exact_duplicate,deb43e8dd32e454a9e80a27f8bac3587
../../foodsg-233_cleaned/Lontong with sayur lodeh/GCEH6JZ3ED4WUOAM186T7I33.jpg,Lontong with sayur lodeh,all,exact_duplicate,deb7172064634d977efe61d8a42df7fb
../../foodsg-233_cleaned/Mee soto/I88CPOYVTBEC66YJLRP255LY.jpg,Mee soto,all,exact_duplicate,dec575acfa623099b388f4e8a1d954f9
../../foodsg-233_cleaned/Dumpling noodle soup/QJ3PPXNJOJ0L4QAC7GWA9HO2.jpg,Dumpling noodle soup,all,exact_duplicate,dec695002234869aa7a39561cfacabec
../../foodsg-233_cleaned/Mee kuah/8LV2KJQXNUG7XWVLNHR54FJN.jpg,Mee kuah,all,exact_duplicate,ded4e43eca3292bd7fcb0e5ac5fe14f8
../../foodsg-233_cleaned/mushroom soup/KEF88LT08HZMP7GJS1XP5E39.jpg,mushroom soup,all,exact_duplicate,df09938ebd78261abf68e6091e2bb6f0
../../foodsg-233_cleaned/cream soup/KXCUS6XK5VQC7FOZX3AD7KII.jpg,cream soup,all,exact_duplicate,df17c2bc1e952e0bbcea4023f80f16b9
../../foodsg-233_cleaned/steamed buns/JBDF2FT5I9095O9TXC5Q0JWT.jpg,steamed buns,all,exact_duplicate,df1d2ccd5af6e479e1b02a2a5a73ae16
../../foodsg-233_cleaned/whole grain bread/BUP3LM4TLKFZBX4E6BRN8JQ2.jpg,whole grain bread,all,exact_duplicate,df97a78033950bc80560890b1a6dd639
../../foodsg-233_cleaned/Mee soto/1PBQ6GABMBBYKBKEKVPMGTXS.jpg,Mee soto,all,exact_duplicate,df982cea4be0a4d4596dd9e69f3a171d
../../foodsg-233_cleaned/har cheong gai/1YA1TVM9T6PMAFGPMC0JYONE.jpg,har cheong gai,all,exact_duplicate,df984714844925f3f7670d240ece74ec
"../../foodsg-233_cleaned/Rice, korean bulgogi beef/32MBQAEL6RFF7JEAWVJTY84U.jpg","Rice, korean bulgogi beef",all,exact_duplicate,e0049015c8ed421095fc9dffa81dde9a
../../foodsg-233_cleaned/dumpling/WDHZSM689DYLUEEQUUR2MZCA.jpg,dumpling,all,exact_duplicate,e0049015c8ed421095fc9dffa81dde9a
../../foodsg-233_cleaned/Mee soto/SB0CXN6EMTAGKIOUVCV6V55F.jpg,Mee soto,all,exact_duplicate,e0316ce80c19736eb83a6fa0158ef1f7
../../foodsg-233_cleaned/Dumpling noodle soup/9ZJ90WQW1W5T9GQ2QZLZZCWK.jpg,Dumpling noodle soup,all,exact_duplicate,e04da46053381a15200c72eda7607932
../../foodsg-233_cleaned/Mee soto/UNDUAPEA9E38AEVC2VFIW330.jpg,Mee soto,all,exact_duplicate,e0bc15ce91bbb103ae1e1cf6b62aea97
../../foodsg-233_cleaned/fried prawn/CMFDY3O3IG2JU8UPIX47WHK2.jpg,fried prawn,all,exact_duplicate,e0bfa188dd10f86f3950839ec82457c1
../../foodsg-233_cleaned/milk/MSBUZO8ZG1HR38NU6NG2JA5M.jpg,milk,all,exact_duplicate,e0e53ed1c8b80ce94d8c80ff3177f3c1
../../foodsg-233_cleaned/yogurt/47Y8MJDKH6U2XBFBD8V21J9O.jpg,yogurt,all,exact_duplicate,e0e53ed1c8b80ce94d8c80ff3177f3c1
../../foodsg-233_cleaned/Mee siam/QWCERZGDYT9DIOKF7WYX0GA0.jpg,Mee siam,all,exact_duplicate,e0e7a0d5a516803673d0b239020aaa4a
../../foodsg-233_cleaned/whole grain bread/6AGBI5BL4UV0KD7M74GQGN69.jpg,whole grain bread,all,exact_duplicate,e11ef93ade1c43257053dcfe8d5dd0ef
../../foodsg-233_cleaned/assam pedas/N4B8NXL11VST4CFBX902W2OC.jpg,assam pedas,all,exact_duplicate,e1632b6e81fe22d988b34aa17c937321
../../foodsg-233_cleaned/mushroom soup/K4VUVF96GHNVWX4CIFQT8ZO3.jpg,mushroom soup,all,exact_duplicate,e1700da44c849bd2d259261944f09e3a
../../foodsg-233_cleaned/sliced fish soup/A7SVKCIU21XAAA5Y3DJ8SRGV.jpg,sliced fish soup,all,exact_duplicate,e1700da44c849bd2d259261944f09e3a
"../../foodsg-233_cleaned/Bee hoon, soto/SEI2PTCHYKUMN2LU9Y6T5XOK.jpg","Bee hoon, soto",all,exact_duplicate,e191ab5c7c47178eca5a07f186c5ea36
"../../foodsg-233_cleaned/Bee hoon, goreng/WCRX58OOPVO9CC29J3D2YPCC.jpg","Bee hoon, goreng",all,exact_duplicate,e194157346f50b4cafa8d3a68731ff52
../../foodsg-233_cleaned/tandoori chicken/GOBXOM7VXTKNR0HMK21R3SG1.jpg,tandoori chicken,all,exact_duplicate,e1d48be17f5e42766f123c2f2aff3319
../../foodsg-233_cleaned/whole grain bread/G6MWCP0B9C1QRSKSXPF56R38.jpg,whole grain bread,all,exact_duplicate,e1e8d3b61df06b6cc1f009eba6e7f773
../../foodsg-233_cleaned/chicken masala/582CMI0GVBI33LSLVP62D6HH.jpg,chicken masala,all,exact_duplicate,e1fe2eac88b7ace1e9ef152e8a7aba44
../../foodsg-233_cleaned/yong tau foo/4AGD6E9PV6APQKVYRIL4E8OH.jpg,yong tau foo,all,exact_duplicate,e20c830d1582e44527829d826a5f698f
../../foodsg-233_cleaned/Mee soto/QMWCDBSE5F0Y99LH4142BMOV.jpg,Mee soto,all,exact_duplicate,e2104c60d97f1f2f3c561c8b79cff0ce
"../../foodsg-233_cleaned/Bee hoon, soto/Z5O5T02XP478YV14DMT4MYOH.jpg","Bee hoon, soto",all,exact_duplicate,e257d210fe7f5a033afbd81649ec74ea
"../../foodsg-233_cleaned/Bee hoon, goreng/7TPTL1TUQ4E7ODK1TDCD9NSI.jpg","Bee hoon, goreng",all,exact_duplicate,e271b9be4799530b28a1026dad613346
../../foodsg-233_cleaned/Mee rebus/GUXKVR60QK0WQCE47CIOP144.jpg,Mee rebus,all,exact_duplicate,e28fa770422b2585fcd956207197dd07
../../foodsg-233_cleaned/Seafood Noodles Soup/IEH7QJY9S2XHOC8WQLGVI656.jpg,Seafood Noodles Soup,all,exact_duplicate,e29ef504f0cbc918ec2c646bf0ce5f52
../../foodsg-233_cleaned/Mee soto/XYJP02BRPYAOY47I4A7K88V0.jpg,Mee soto,all,exact_duplicate,e2f661683e3b2c87691033884ada24a5
../../foodsg-233_cleaned/yam rice/0B4DCE8AD0HALZ6EHFY1LWNZ.jpg,yam rice,all,exact_duplicate,e2f9490cc95d3ce417b994c630bd98a7
../../foodsg-233_cleaned/mixed vegetables/D91YVUSRZPXSKUZ6AGGQZNLM.jpg,mixed vegetables,all,exact_duplicate,e3011ae8b44054ba6fb3bf24fe3fe993
../../foodsg-233_cleaned/mixed grills/IR2R40948PH5WJSNPO458CGF.jpg,mixed grills,all,exact_duplicate,e3011ae8b44054ba6fb3bf24fe3fe993
../../foodsg-233_cleaned/Mee soto/OZUT6PNRZU8M8C2OCT3708YY.jpg,Mee soto,all,exact_duplicate,e307e8c939d399787a890f11b95bf9d6
../../foodsg-233_cleaned/Seafood Noodles Soup/TKOKAPFTGI4SNHVJH3JMKS3K.jpg,Seafood Noodles Soup,all,exact_duplicate,e329fb12cd31c0f0d781f60b69b4e365
../../foodsg-233_cleaned/lontong/JXFUBP9BUFP3K28MRBPA37F1.jpg,lontong,all,exact_duplicate,e33bf640b1808bff6c89a6f741b26ba6
../../foodsg-233_cleaned/char siew pau/2FF9RGLN09IGHN3EN40FKVTM.jpg,char siew pau,all,exact_duplicate,e350a2515168bc1ffbf88e854eca876f
../../foodsg-233_cleaned/bee hoon/NEN36T0BKKTYXRX8ILSIWU4K.jpg,bee hoon,all,exact_duplicate,e38a298c4f596a012d7334cfc49a56c3
../../foodsg-233_cleaned/Mee bandung/QVBNG864ZWJYLK4VDFLAL0GX.jpg,Mee bandung,all,exact_duplicate,e3a12a477d38b6d05d3b5e76b5b58934
../../foodsg-233_cleaned/fried chicken/BO6ZJ4L60GZSHFKCXLUX8FOV.jpg,fried chicken,all,exact_duplicate,e414e075291b3f5306d092936528c01d
../../foodsg-233_cleaned/whole grain bread/QC7MKL0S23QUO7E7VUU8AMZQ.jpg,whole grain bread,all,exact_duplicate,e44721297d05f6b35a696e04c3157dfa
../../foodsg-233_cleaned/Bubble Milk Tea/ZW3PRPCEOO0JGJLUK7UTRC0S.jpg,Bubble Milk Tea,all,exact_duplicate,e44fc63001558910963053c15a802e1a
../../foodsg-233_cleaned/Mee bandung/0T8UELX00CJDINSNKG2KNPDH.jpg,Mee bandung,all,exact_duplicate,e45d4f6a09df1a10829bc194b802cc92
../../foodsg-233_cleaned/whole grain bread/G8892BK0ZE6ME3XEEYILF63B.jpg,whole grain bread,all,exact_duplicate,e47358c8d246fc5dc07ec2402e6e0e14
../../foodsg-233_cleaned/chicken soup/KK8TQBCQMEQCUBNVTXI9OTZI.jpg,chicken soup,all,exact_duplicate,e473a45fa65d4000decc644b8e45de52
../../foodsg-233_cleaned/Nasi Ambeng/RTTNTL1JVJEOEQR4LLA7R7M4.jpg,Nasi Ambeng,all,exact_duplicate,e474e4f685c6fb3dc48723ebe9024cfe
../../foodsg-233_cleaned/vegetable soup/3WK4R9F11IDAXVE7BMHZCU9K.jpg,vegetable soup,all,exact_duplicate,e4ba080a957f4c71f6eff4c47369ce98
../../foodsg-233_cleaned/Sweets/C9CUEZ6PLW0SVJODPWZKG32V.jpg,Sweets,all,exact_duplicate,e4dfd90f65991d133b562b3b2dddb6b2
../../foodsg-233_cleaned/Ban Mian/2HU3TXDH5TH8NT7OABTN0FOH.jpg,Ban Mian,all,exact_duplicate,e4e0ce6c7a40202f6978262f32703080
../../foodsg-233_cleaned/raspberry/2R74OZ00M4ONLYYIH8I5U4YJ.jpg,raspberry,all,exact_duplicate,e4f35192de730ac2c8f3e7e24c758e80
../../foodsg-233_cleaned/Blackberry/HJTEI8LV3ZIKL5I99A651R5H.jpg,Blackberry,all,exact_duplicate,e4f35192de730ac2c8f3e7e24c758e80
../../foodsg-233_cleaned/whole wheat/5RYDM5HQ7G19BRGD7AORKF4M.jpg,whole wheat,all,exact_duplicate,e554b8c42f47cfd33d06581273963306
"../../foodsg-233_cleaned/Bee hoon, goreng/SQVG9X0K8JX10XN6THIIYIEV.jpg","Bee hoon, goreng",all,exact_duplicate,e567f31efd5c4b0b3d73370952cc5935
../../foodsg-233_cleaned/Mee siam/0O8HU47T7003UK245NT7T9PJ.jpg,Mee siam,all,exact_duplicate,e56a7c19cad928ce8ca52033f84c7f78
../../foodsg-233_cleaned/Mee goreng/3RBA8RF81XJYYDNH0DNPHDJ7.jpg,Mee goreng,all,exact_duplicate,e56a7c19cad928ce8ca52033f84c7f78
"../../foodsg-233_cleaned/Bee hoon, soto/KDRROFO9WUBU4YFVF22086FX.jpg","Bee hoon, soto",all,exact_duplicate,e56cea38e0f7b5aa25c2b0dafb221415
../../foodsg-233_cleaned/Mee siam/ZT11KROVC042JT8TPY304F6B.jpg,Mee siam,all,exact_duplicate,e59f89e8a4b3ed6e51b93356214f1382
"../../foodsg-233_cleaned/Mee siam, fried/3HX42EO0BGY6OML7YT9XN8RZ.jpg","Mee siam, fried",all,exact_duplicate,e59f89e8a4b3ed6e51b93356214f1382
../../foodsg-233_cleaned/lontong/QFE9WRY938CANNA0ZGX6CN3I.jpg,lontong,all,exact_duplicate,e5a28c91ce727a4596eadac4821481d0
../../foodsg-233_cleaned/fried chicken/OMZSJN3YBTMNV79OACO15B47.jpg,fried chicken,all,exact_duplicate,e5e2b42e4869897598a01766b500024d
../../foodsg-233_cleaned/kueh lapis - rainbow/X5YXSWRIQOICAXXX11VKFHG1.jpg,kueh lapis - rainbow,all,exact_duplicate,e624d72d5f90e284e52a5c1e9bbcde23
../../foodsg-233_cleaned/Mee soto/HZYT05COKC4J5FGWPES6ZMW7.jpg,Mee soto,all,exact_duplicate,e62eb72f7432e38eb2bc9f727fd53e06
../../foodsg-233_cleaned/honeydew/4SG3SAAB4V38FGFCEG6HJEKB.jpg,honeydew,all,exact_duplicate,e690bcf3c650bff01c06e0b442b585b9
../../foodsg-233_cleaned/mushroom soup/849QIWMP17C8V0D1QMIUBJNZ.jpg,mushroom soup,all,exact_duplicate,e6969e1c9d20171caa2e5c8e337c61e4
../../foodsg-233_cleaned/vegetable soup/89VE5SI6PB43IKF3R6TZ66ZZ.jpg,vegetable soup,all,exact_duplicate,e6969e1c9d20171caa2e5c8e337c61e4
../../foodsg-233_cleaned/Mee soto/VKH3WCF0NQGVYRPK147Z2Q7M.jpg,Mee soto,all,exact_duplicate,e6a41b26bb0392a2d54e45b78fd24bcc
../../foodsg-233_cleaned/pasta - fettuccine/500LCG57FSEPJPL3ETKW4ZQW.jpg,pasta - fettuccine,all,exact_duplicate,e6a634acefc380e91d446c321482a770
../../foodsg-233_cleaned/bee hoon/WCD3WGANT1ORRH3UCCWNQUIK.jpg,bee hoon,all,exact_duplicate,e6c4c01921274470dd764bf54065f548
../../foodsg-233_cleaned/Mee soto/G28VT95NPLQI1UAV9RGUYW73.jpg,Mee soto,all,exact_duplicate,e7108f9122f9510ac6265db5bade46b6
../../foodsg-233_cleaned/sliced fish soup/5EZSDEHWJIZAZ6K7ICOUJ939.jpg,sliced fish soup,all,exact_duplicate,e71247775499ee84b66de0573df1efdc
"../../foodsg-233_cleaned/Bee hoon, soto/F9IG8C4A18TS739CWC43RM30.jpg","Bee hoon, soto",all,exact_duplicate,e72116dbdacb4bbfda9c5425c0f5c7b9
../../foodsg-233_cleaned/whole wheat/WH2QPFM6IR5LZH0F0QMXABFD.jpg,whole wheat,all,exact_duplicate,e74540305c5af4885816f4e38fa09b1e
../../foodsg-233_cleaned/lontong/RGBODKLCAPSG30OYRI1A6CMR.jpg,lontong,all,exact_duplicate,e7a7bac989d74e4aa083b189ab70f8b4
../../foodsg-233_cleaned/whole grain bread/7JZ56SD23FHWZR8I488T5K85.jpg,whole grain bread,all,exact_duplicate,e7fb61c007b97fbe6394eac067e4f48b
../../foodsg-233_cleaned/char siew pau/RVI5O9FWTRFFWA2G964YX8R3.jpg,char siew pau,all,exact_duplicate,e834176bb71d4f09cc808be9968c06a6
../../foodsg-233_cleaned/Mee siam/EOA23MY6628E802RT3C6J2G2.jpg,Mee siam,all,exact_duplicate,e837c3a6f59c1c2360551988565e9646
../../foodsg-233_cleaned/chicken soup/8S96UNQ6VGAS04SD2SCIK8UF.jpg,chicken soup,all,exact_duplicate,e846ece86409267efc32ac26b05e9bcd
"../../foodsg-233_cleaned/Bee hoon, goreng/08ZYRGS6BCY98PLY52YVOOLQ.jpg","Bee hoon, goreng",all,exact_duplicate,e851199ef36b2c7e03d16fbc5be92130
../../foodsg-233_cleaned/Mee bandung/R20SUHHJNSJHQUHWHYPEE22D.jpg,Mee bandung,all,exact_duplicate,e8559da483a754045865185080d6c91c
../../foodsg-233_cleaned/whole wheat/DHI5ORL8BIK9LQYNQ1P5XTN9.jpg,whole wheat,all,exact_duplicate,e86244ec09aeacb4c33f26cf521f4b9b
../../foodsg-233_cleaned/whole grain bread/K7BVOJ5YCX0QA7V9A85T3ROU.jpg,whole grain bread,all,exact_duplicate,e871ffdfe0b4f47198da9a3d96d6dda5
../../foodsg-233_cleaned/Mee rebus/GRP55QAFGM7FPV5DXIO3MRDX.jpg,Mee rebus,all,exact_duplicate,e8ed6e5c26d69ab2089220bc9bca5cf7
../../foodsg-233_cleaned/chicken masala/S6SAQN4ZPJPDA7IKI1SN98SZ.jpg,chicken masala,all,exact_duplicate,e923987c12e9c4ff8ce1d931fa340f92
../../foodsg-233_cleaned/blueberries/DJXMZGWLEPYGFPDXBO14FYE9.jpg,blueberries,all,exact_duplicate,e96960ed5e98f13d6f4a56723e083ec5
../../foodsg-233_cleaned/Mee siam/WPRWKOXB7JJTMU2DNO6XUSM9.jpg,Mee siam,all,exact_duplicate,e983ad8fa4105c35d668e99f19807776
"../../foodsg-233_cleaned/Bee hoon, soto/QTVF7UNF9JZS0ZJLDQI0S4X6.jpg","Bee hoon, soto",all,exact_duplicate,e98e71d86ce738e99f1e5aed75b102ad
"../../foodsg-233_cleaned/Bee hoon, soto/UF0FO333G5A98S72ZE2XUYH7.jpg","Bee hoon, soto",all,exact_duplicate,e9a0e37242dd452af4130ea9ed0e9107
"../../foodsg-233_cleaned/Bee hoon, soto/EI5YZVMGE4ZQUTM7BIUBRYUP.jpg","Bee hoon, soto",all,exact_duplicate,e9c2cbdcb751ba09ae968d8ccf661560
../../foodsg-233_cleaned/cream soup/LSW04JXVIS0DAHTPFMORFXHK.jpg,cream soup,all,exact_duplicate,ea1c9a179bbd79134032e92bc8c021e9
../../foodsg-233_cleaned/Mee soto/QUTVPCJDPH56EAKREOXYFEGF.jpg,Mee soto,all,exact_duplicate,ea20727cfb7a0c851f45d578b018dfac
"../../foodsg-233_cleaned/Bee hoon, soto/4IHFBXT7XRE6KFZDXH30S7CE.jpg","Bee hoon, soto",all,exact_duplicate,ea20727cfb7a0c851f45d578b018dfac
../../foodsg-233_cleaned/Mee soto/DH94HMTB2XDAPOYFEOQ29BZ1.jpg,Mee soto,all,exact_duplicate,ea4f47781ca0b033a25418c5eba92ee6
../../foodsg-233_cleaned/Soto ayam/G2UAWWIMFMV0PKN6T2B6KSEP.jpg,Soto ayam,all,exact_duplicate,ea64da178bc8251f068ffd240445d9ef
../../foodsg-233_cleaned/Mee soto/JEXZ3DDZ7PBVUOFLDQ5I2P4O.jpg,Mee soto,all,exact_duplicate,ea64da178bc8251f068ffd240445d9ef
"../../foodsg-233_cleaned/Rice, korean bulgogi beef/L2ML9HVOD5HV0XBYIJ7LU3YM.jpg","Rice, korean bulgogi beef",all,exact_duplicate,ea6559b831568dcc6c661ed7776abdd3
../../foodsg-233_cleaned/green leafy vegetables/W92G7AF8ZRLD6IGOD14WYU7H.jpg,green leafy vegetables,all,exact_duplicate,ea8d883070a3da2813f80dca36337fcf
../../foodsg-233_cleaned/Laksa/2N0K4AD1OL699OUAXC21RILK.jpg,Laksa,all,exact_duplicate,eae54b51da717426197c38332124fbb8
../../foodsg-233_cleaned/Mee siam/Z89WVEYCZMG1QXCCCWPBQ53J.jpg,Mee siam,all,exact_duplicate,eaf5f9c4d28ba5be868dd7d965d5569e
"../../foodsg-233_cleaned/Bee hoon, soto/CUX1LZ0B5DYSQY7DOHZLKCJC.jpg","Bee hoon, soto",all,exact_duplicate,eb3bf53b5311f69993fee4462ea4449d
../../foodsg-233_cleaned/Soto ayam/VOUA2SVW0OEDUOPMVRZKSPIT.jpg,Soto ayam,all,exact_duplicate,eb40189136d3ec3ee079a32a6af12f2c
"../../foodsg-233_cleaned/Bee hoon, soto/LBMRW4AEZG95NA19S0YAOLNV.jpg","Bee hoon, soto",all,exact_duplicate,eb40189136d3ec3ee079a32a6af12f2c
../../foodsg-233_cleaned/fried prawn/ARUYPFWEZMCJNKNXNNKTQRDI.jpg,fried prawn,all,exact_duplicate,eb51c9501b666146fdef43b718c1b4c5
../../foodsg-233_cleaned/chai tow kuay/O4SOH76TISRLH3H25L32E63S.jpg,chai tow kuay,all,exact_duplicate,eb58fbfb70b14f716cf4ac65be3ac49c
../../foodsg-233_cleaned/orange/K3OQWFUHOY2DGBQ2FTAAB3DO.jpg,orange,all,exact_duplicate,eb7a1fec52b7bd38fc3c6b41b995ae13
../../foodsg-233_cleaned/Mee bandung/97KOOPCA9H3MCXP9R91AJJWG.jpg,Mee bandung,all,exact_duplicate,eb7aab6a99ba46cc7de6a0bde82ba3bb
"../../foodsg-233_cleaned/Bee hoon, soto/IBX3PGMT5CJRJAGCFIB82PS2.jpg","Bee hoon, soto",all,exact_duplicate,eb8a986677b14a1ad845e88505d4a139
../../foodsg-233_cleaned/lontong/3ZNPQIP4K0GOAA0XSOGUDEY5.jpg,lontong,all,exact_duplicate,ebada69a93fc93ff4a7fdc6e04a8c199
../../foodsg-233_cleaned/cream soup/858LP155ZDRZ9740LLOA3276.jpg,cream soup,all,exact_duplicate,ebc20cb83c8bdf4d8c2393fd8c3842f3
../../foodsg-233_cleaned/whole grain bread/YB5E70NRLLQ5ID1JZ7GHM2DK.jpg,whole grain bread,all,exact_duplicate,ec0adc89f04b8df29f150d72d639dcdf
../../foodsg-233_cleaned/Mee soto/R1UKSHXXC420AWUWKRI8GWW7.jpg,Mee soto,all,exact_duplicate,ec0d3f35e6f01576aa26fda7cd2e7b7e
../../foodsg-233_cleaned/Mee kuah/PWJPOJH6BQ67SGT7VMKD22AV.jpg,Mee kuah,all,exact_duplicate,ec3bc35e28a22449e4527d769d3399f7
../../foodsg-233_cleaned/Soto ayam/WTPBSSDF6EQJOG11YF83AZ4L.jpg,Soto ayam,all,exact_duplicate,ec3ca7676e8ab09b073f4d45f1055a81
../../foodsg-233_cleaned/steamed buns/GNRRAWJ9H841Z9T5ND0TVLH3.jpg,steamed buns,all,exact_duplicate,ec67d6e420c7c485170d52a71db2af51
"../../foodsg-233_cleaned/Don, chicken teriyaki/424AZ5VAU28RP958W1DSDUJK.jpg","Don, chicken teriyaki",all,exact_duplicate,ec931deac0eab8987b55704e901c0137
../../foodsg-233_cleaned/chicken masala/VU1OY836JJBHLZF5WA2WEDCI.jpg,chicken masala,all,exact_duplicate,ec9e5f64972a73a1449dbae4d736ed65
../../foodsg-233_cleaned/mee pok/EWD5WFDT217SADWD1H4N80U8.jpg,mee pok,all,exact_duplicate,ecb3b51d18527709b8bfb98f873f03d9
../../foodsg-233_cleaned/Mee soto/VYP9VN2WH83YNPFX7Z4QG3NJ.jpg,Mee soto,all,exact_duplicate,eceae1fc82c4eb4827d076829cc1dfac
../../foodsg-233_cleaned/Mee soto/QD0LUSKNXTD8U1PKGG4XA3HW.jpg,Mee soto,all,exact_duplicate,ed23da4b7d61e91ec91198632bf3e72a
../../foodsg-233_cleaned/tandoori chicken/5Y13Z4Y2H7OCDF2C6X2CD90I.jpg,tandoori chicken,all,exact_duplicate,ed269654e8bf20054b03311a4aa22bd3
../../foodsg-233_cleaned/satay/QZMCKE1X8K0MX03YBTS5EQQS.jpg,satay,all,exact_duplicate,ed5525c04603d5d309885cecea41d4d7
../../foodsg-233_cleaned/Ban Mian/MOPHUPGH6GO0A10QZCR1UNL2.jpg,Ban Mian,all,exact_duplicate,ed61bddfd00b7f5af8fa796a5ff5ff8e
"../../foodsg-233_cleaned/Chap chye, Nonya/8OZZIT8STXXXR526L6OK1WV9.jpg","Chap chye, Nonya",all,exact_duplicate,ed76b0c5dffe9097c639a08ede9e850b
../../foodsg-233_cleaned/Mee bandung/OB88490OY8N6BCYWJ446QN2K.jpg,Mee bandung,all,exact_duplicate,ed93ce0d131814318b253d1a4b1c3ac3
../../foodsg-233_cleaned/Mee rebus/YBMC6S40C0ML1DEPK4CKLTK7.jpg,Mee rebus,all,exact_duplicate,ededf02c8210695ad88e21227794dec2
../../foodsg-233_cleaned/vegetable soup/V6RUAXGVG7GXUXLGF3IR09FR.jpg,vegetable soup,all,exact_duplicate,ee05f8bd17e1b1ba015dd272c5ffa242
../../foodsg-233_cleaned/Mee rebus/VMWOUYUBGQDOGRAK2RXFLRB1.jpg,Mee rebus,all,exact_duplicate,ee192536770b1bf63d2380d88c14ad4b
../../foodsg-233_cleaned/bee hoon/IOO4LTO1ADVD41SBKT1YMVFN.jpg,bee hoon,all,exact_duplicate,ee96cfe02a29866607c1edd4f0837dc2
../../foodsg-233_cleaned/Duck Rice/YQY5ATU5YSZKWWKFH65THI74.jpg,Duck Rice,all,exact_duplicate,ee98fa576b60c3f8fba74be78a6b5583
../../foodsg-233_cleaned/assam pedas/H8882A4HHJ6WBA1GBJU720ZI.jpg,assam pedas,all,exact_duplicate,eef9e53988b58d6abbcf968cf58e6e1c
../../foodsg-233_cleaned/Pomelo/9A3DK9AFPI3CDR8KMN2S787L.jpg,Pomelo,all,exact_duplicate,eefa174464fcd6e76fa01bdaad611527
../../foodsg-233_cleaned/Soto ayam/1OJOG9JNRJMU8A26NDHIJOEZ.jpg,Soto ayam,all,exact_duplicate,ef1c243623fca689c1102d48ca2de020
../../foodsg-233_cleaned/cream soup/MKA7IMGNX4LAQPUETC99RQ2G.jpg,cream soup,all,exact_duplicate,ef29ad1d68c4268e9efd07cb06d35fb6
../../foodsg-233_cleaned/Macaroni/LLBSDJEXAWPMNZN1G9BBB3JV.jpg,Macaroni,all,exact_duplicate,ef897a6214bba0f85b791868dddd1829
../../foodsg-233_cleaned/Soto ayam/9PLDN5I8K63P9SUPN0ZJP5OJ.jpg,Soto ayam,all,exact_duplicate,ef897a6214bba0f85b791868dddd1829
../../foodsg-233_cleaned/vegetable soup/QXV77746CXAL6J3FNCOJJKZX.jpg,vegetable soup,all,exact_duplicate,efccbaa087d6bebef1a9e529d999e371
../../foodsg-233_cleaned/satay bee hoon/KP1HNSG6XBPFZVMIFNK99HJA.jpg,satay bee hoon,all,exact_duplicate,efce3c746008db05808029c649938653
../../foodsg-233_cleaned/Mee siam/FD1V2LAR3H4WJ7F1X268RGL7.jpg,Mee siam,all,exact_duplicate,efda51b4c210d423d982c371ac30e54f
../../foodsg-233_cleaned/Kopi Teh Milo/J70T022SYNS0DXUUC5BPTLHP.jpg,Kopi Teh Milo,all,exact_duplicate,f00a8081c17f78577746e4e3c5da8f77
../../foodsg-233_cleaned/fried prawn/4COTPXM06OVLI90JYVDZNAM8.jpg,fried prawn,all,exact_duplicate,f00c064f0dd783f02a46fecd3e7fc815
../../foodsg-233_cleaned/tandoori chicken/V2S9V4RT8JXR453V4JXOSW5Z.jpg,tandoori chicken,all,exact_duplicate,f020c200179c2a268713ea68f86ecedd
"../../foodsg-233_cleaned/Bee hoon, soto/82ZILVLKR07IIW3RQIKU4W3K.jpg","Bee hoon, soto",all,exact_duplicate,f071b61a31411fb9d865281359380960
../../foodsg-233_cleaned/begedil/7ITF17IY7D7097RPR7L84PQZ.jpg,begedil,all,exact_duplicate,f0e8ef884874a5728430228a791a4584
../../foodsg-233_cleaned/Mee bandung/EUUQ3FQGM8Y3DBW6ERFQYOIJ.jpg,Mee bandung,all,exact_duplicate,f0ea358efe00359884f537354b21da02
../../foodsg-233_cleaned/Mee soto/4I1ZLVK8LOBCPOOCNLB3J300.jpg,Mee soto,all,exact_duplicate,f14bebf0368db7fbb0a03292046ad3e3
../../foodsg-233_cleaned/Ban Mian/NKU4UDL4XJSPY265WE1CSGIV.jpg,Ban Mian,all,exact_duplicate,f15d3533f6d96e68ed78649851766990
"../../foodsg-233_cleaned/Wanton mee, dry/RNTV6TG9CRLR9T5KU95HE4WW.jpg","Wanton mee, dry",all,exact_duplicate,f15d3533f6d96e68ed78649851766990
../../foodsg-233_cleaned/Mee rebus/QL62MTK1JWL12NH3UTA1926M.jpg,Mee rebus,all,exact_duplicate,f178e054380cfca61f937e64a20a22c4
../../foodsg-233_cleaned/Mee kuah/OTS9IVANQYSEFJIIX8DWPE1Z.jpg,Mee kuah,all,exact_duplicate,f178e054380cfca61f937e64a20a22c4
../../foodsg-233_cleaned/rock melon/ZON9TE7HK3JYPBI3OUILQHFH.jpg,rock melon,all,exact_duplicate,f1abff8c41227ee9b3a494a22f38d062
../../foodsg-233_cleaned/Mee kuah/W4NO7D6Y2D6DTSTPI3GXIDSL.jpg,Mee kuah,all,exact_duplicate,f1bebbf60df3744dfb608a87c3cb63fd
../../foodsg-233_cleaned/Laksa/YSQEC8XH5IGIYPVLGLAUNSQY.jpg,Laksa,all,exact_duplicate,f1faebc84e9565d75251b374742994c0
../../foodsg-233_cleaned/Mee soto/SKNKJGII8P17D95V2NMXGGS0.jpg,Mee soto,all,exact_duplicate,f1faebc84e9565d75251b374742994c0
"../../foodsg-233_cleaned/Don, chicken teriyaki/CXQGVAO0EKTH0OK6M0T4P5Z6.jpg","Don, chicken teriyaki",all,exact_duplicate,f2112c042d733aa789edefb001c3c68f
"../../foodsg-233_cleaned/Don, unagi/1BQ259MNH14WF8EQNU1X1FSN.jpg","Don, unagi",all,exact_duplicate,f2112c042d733aa789edefb001c3c68f
"../../foodsg-233_cleaned/Bee hoon, soto/SOQKBRKZDMNM97QO76WSCHZV.jpg","Bee hoon, soto",all,exact_duplicate,f2144dd041be9873f28e1d3d28c9c15f
"../../foodsg-233_cleaned/Bee hoon, soto/9AOM0AF3KVNC4LVCITKF0XR5.jpg","Bee hoon, soto",all,exact_duplicate,f22cab6449d91fb9ae4c624b671789ae
../../foodsg-233_cleaned/chicken soup/YWE7RYX5SYBFR5URCFZNP65C.jpg,chicken soup,all,exact_duplicate,f248fdeee27c29731f2c3d92701b6daf
../../foodsg-233_cleaned/Mee siam/L4M3SEIDOLWPGU03WJE2X1OF.jpg,Mee siam,all,exact_duplicate,f277678775c10003a33070d3cbe08680
../../foodsg-233_cleaned/Duck Rice/YE0AU0OZVEU8LHLWOIBVQO2O.jpg,Duck Rice,all,exact_duplicate,f27cf08736909756e03ad849e982adba
../../foodsg-233_cleaned/Mee kuah/APA7IHHETXSEFTOWG93TKU3F.jpg,Mee kuah,all,exact_duplicate,f27d5bdd1f4f78ee7b7b59e70b7531cf
../../foodsg-233_cleaned/chwee kueh/J8PTBRRDN0OCLRMD93JQGS28.jpg,chwee kueh,all,exact_duplicate,f2e3dd29319477aa00d505c5134fb428
../../foodsg-233_cleaned/green leafy vegetables/8EICNHDEFC60W8AAT2DR3Z6U.jpg,green leafy vegetables,all,exact_duplicate,f2fd173f17ab53c5e5f13fb7979551fd
../../foodsg-233_cleaned/bee hoon/KCH9LF800BP3E24R42QDJG71.jpg,bee hoon,all,exact_duplicate,f310de87aed53d445e409b4b559354ab
../../foodsg-233_cleaned/bee hoon/COX4UX9T19AAC71WRP2M8359.jpg,bee hoon,all,exact_duplicate,f35819c2991f232a60e587b149f88a15
../../foodsg-233_cleaned/fried rice/P2WZT7MG3PM4JSB69UWMIB65.jpg,fried rice,all,exact_duplicate,f35d181eab13af1612535e6a696cd88f
../../foodsg-233_cleaned/Mee bandung/7I2YKEI9M3MZS5PUJU74WQAW.jpg,Mee bandung,all,exact_duplicate,f364492a23b9dd462a305f58064b431a
../../foodsg-233_cleaned/mushroom soup/Z13JVEDQ6N85EHPGNHUGRYEF.jpg,mushroom soup,all,exact_duplicate,f3710210eed8055ec15a445c2b306822
../../foodsg-233_cleaned/mushroom soup/21DG66FU4PMOPHCMKHF3B84O.jpg,mushroom soup,all,exact_duplicate,f373d3be4a63b2ba46f8f2bf11c80aa3
../../foodsg-233_cleaned/lontong/86OKPENYCD4WU7HV35ESWW1J.jpg,lontong,all,exact_duplicate,f387543279df7001b72b78efc697d934
../../foodsg-233_cleaned/Soft boiled eggs/K8XAWE9B36L0KGMMUAUGX8AY.jpg,Soft boiled eggs,all,exact_duplicate,f387cfa24dbdcc59c552acd3133bfe75
../../foodsg-233_cleaned/Blackberry/NCB9Q7QN1FEHBP3B2OXLU8GJ.jpg,Blackberry,all,exact_duplicate,f3938cc64171f900a64bbcd6c53e9400
../../foodsg-233_cleaned/yam rice/VM6KH2EO6HYEMU1GHDO36JL8.jpg,yam rice,all,exact_duplicate,f3ac31f77485ee141a35e4feb3ef09ff
../../foodsg-233_cleaned/whole grain bread/A9BQF8P8MWTDTBJPRWMAWKAL.jpg,whole grain bread,all,exact_duplicate,f3bc1abeb6cc63c01bdca5b18737c198
"../../foodsg-233_cleaned/Rice, with dakgalbi/D5KL80243RRF4NVVDXLFSH7Y.jpg","Rice, with dakgalbi",all,exact_duplicate,f436152c2c9d30c14a102af2996cf18d
"../../foodsg-233_cleaned/Bee hoon, soto/GNDR2KCNFMSBNAIQ9YKFESVN.jpg","Bee hoon, soto",all,exact_duplicate,f438f5b5d8a604c8e3a3b5216cbbf3c4
../../foodsg-233_cleaned/Soto ayam/64YHKMLLRV70WRENX1Y04YBY.jpg,Soto ayam,all,exact_duplicate,f438f5b5d8a604c8e3a3b5216cbbf3c4
../../foodsg-233_cleaned/Mee soto/XB1RX3OLUHGFV1ZDYYS5SIK7.jpg,Mee soto,all,exact_duplicate,f490c8e9abe580c4ea9ef811cebc6f1d
../../foodsg-233_cleaned/Mee soto/7GK75QTVGRCLR1ZRQHZKSCEA.jpg,Mee soto,all,exact_duplicate,f4bd80a5471b1436ff1bb28cab753e8d
../../foodsg-233_cleaned/satay/FDDPWS06IN6EEEEOT9R7FA2F.jpg,satay,all,exact_duplicate,f4f2a4c2658f6bb8fd0307288b77ff1f
../../foodsg-233_cleaned/Dumpling noodle soup/UP3GLOCU7HBNMUQC12GZ13JL.jpg,Dumpling noodle soup,all,exact_duplicate,f4f488970d7762af22b6ad0353621d73
../../foodsg-233_cleaned/whole grain bread/IDOYHMZ9ECO4RJGM1A8BKPDH.jpg,whole grain bread,all,exact_duplicate,f5063316a75f79c1c202fe94057e78d2
"../../foodsg-233_cleaned/Rice, with dakgalbi/TWJ46L7EZT0GOJLIGXM75RYM.jpg","Rice, with dakgalbi",all,exact_duplicate,f50a67960c807f349c436aa2448e4f44
"../../foodsg-233_cleaned/Bee hoon, soto/OIF3XNCKK61AD1ZLHE3QI0M7.jpg","Bee hoon, soto",all,exact_duplicate,f531e262254516d6c4c38f8ea9e70f49
../../foodsg-233_cleaned/char siew pau/WNS20PIKHMT3M9ICRJ6EADE0.jpg,char siew pau,all,exact_duplicate,f5c1979e6ecf2cf304ad85e517046151
../../foodsg-233_cleaned/chicken soup/O0JL247XG7OAE0SDCR681R5Z.jpg,chicken soup,all,exact_duplicate,f5c59dcee8141449738d3e447f1e7cbb
../../foodsg-233_cleaned/Mee soto/6MSQSGA7B95BZKRDZHH29I7B.jpg,Mee soto,all,exact_duplicate,f6111f2d4ee494ee8a28760c62bb34cf
../../foodsg-233_cleaned/char siew/ZUKDDDBU45DJ4JUH64YSUD1E.jpg,char siew,all,exact_duplicate,f662be21a817706b6ce9713f379bf132
../../foodsg-233_cleaned/chicken masala/N4FCA8C7JSXU5LBER65CDZZQ.jpg,chicken masala,all,exact_duplicate,f67bc27d2a2abe4bcba33cb678ec04bb
../../foodsg-233_cleaned/tandoori chicken/113TKUDCA0AP43O9BMHSNKVS.jpg,tandoori chicken,all,exact_duplicate,f67bc27d2a2abe4bcba33cb678ec04bb
../../foodsg-233_cleaned/steamed buns/DVOIDLYY628DORUU18QKOJI8.jpg,steamed buns,all,exact_duplicate,f69d153388a0356bf01f030e7646e9f6
../../foodsg-233_cleaned/Mee siam/U5AXDHC68XM64MQPLM533I0H.jpg,Mee siam,all,exact_duplicate,f6a0def9e597b30250ab70bf575bcb07
../../foodsg-233_cleaned/Lontong with sayur lodeh/2PFMCQRXQGK6I8T3IKOOA4HC.jpg,Lontong with sayur lodeh,all,exact_duplicate,f6bbbad5bf8b14b5bf62887ffa1012e2
../../foodsg-233_cleaned/hokkien prawn mee/P71EC2524N6G3AYHCWICQ731.jpg,hokkien prawn mee,all,exact_duplicate,f6c568c168db6ac0ffe6b1242e0ecb10
"../../foodsg-233_cleaned/Bee hoon, soto/V9D497CDF8XDLRWFUVN7R5I8.jpg","Bee hoon, soto",all,exact_duplicate,f6ede4b37671d366548f7e35dc53534f
"../../foodsg-233_cleaned/Bee hoon, soto/SAE6YNBR4ZLRRJBJX89I89QK.jpg","Bee hoon, soto",all,exact_duplicate,f6f6d37ba73edb78db3cc6dfca7cc91c
../../foodsg-233_cleaned/rock melon/UM4S7BOOJYNM5EHORXXX7FDF.jpg,rock melon,all,exact_duplicate,f71e3b9c574962e93d136788b9641247
../../foodsg-233_cleaned/fried prawn/X9L9CGEM24HLIGC1SM07EBTJ.jpg,fried prawn,all,exact_duplicate,f723d5afd698d782871f54db1edc1b82
"../../foodsg-233_cleaned/Bee hoon, soto/6OIKGOH9JE1I8D2G8YUWIUDN.jpg","Bee hoon, soto",all,exact_duplicate,f73dc6af6fe21f199fd38aa87a8ef68d
../../foodsg-233_cleaned/Soto ayam/WDJA7NJM0OA7YFH7VRSH267C.jpg,Soto ayam,all,exact_duplicate,f73dc6af6fe21f199fd38aa87a8ef68d
../../foodsg-233_cleaned/whole grain bread/H7MW14NVCP2UCWPJ2Q4YVFS3.jpg,whole grain bread,all,exact_duplicate,f79cbf84054d55895e37847f9846f78c
../../foodsg-233_cleaned/Fish Ball Noodles/Y4I0W8ENERU89DV081LWWHBD.jpg,Fish Ball Noodles,all,exact_duplicate,f7aab83b1d79daac8bca5fbe7d6ce6c5
"../../foodsg-233_cleaned/Rice, korean bulgogi beef/2LIE57Y0LQU0M4OFHT9DC3EB.jpg","Rice, korean bulgogi beef",all,exact_duplicate,f7af54d3741c17c1eb4fca9258b0f38d
"../../foodsg-233_cleaned/Rice, with dakgalbi/R4RILLZYG51HCA7RQB8JYI5O.jpg","Rice, with dakgalbi",all,exact_duplicate,f7af54d3741c17c1eb4fca9258b0f38d
../../foodsg-233_cleaned/Mee bandung/Q3L2VNDDEUQE5149FQSHWGVH.jpg,Mee bandung,all,exact_duplicate,f7c7ba5822b6784b78d093c664159659
../../foodsg-233_cleaned/Chocolate/AVOCR2EP7K9KQ3FFDJ770E0R.jpg,Chocolate,all,exact_duplicate,f7c9e99eb095616bd69050f2d9489150
"../../foodsg-233_cleaned/Bee hoon, soto/MQ3UAG1FKT8T5RKUUI4LRL50.jpg","Bee hoon, soto",all,exact_duplicate,f7db496de24645cb552ca5e15ef66cee
../../foodsg-233_cleaned/fried fish/8ZVU3JGVMV5KWHA3R2S8YXGA.jpg,fried fish,all,exact_duplicate,f7e9b67f0e66c0168c85733054ccbabf
../../foodsg-233_cleaned/whole wheat/XVESXWOVMOF88FDBQDISI7BT.jpg,whole wheat,all,exact_duplicate,f8147a5bc11cb7a7e50a1673b70f2c1b
../../foodsg-233_cleaned/cream soup/VJXEIFY81JT06GO542E6W9VW.jpg,cream soup,all,exact_duplicate,f866f25ed93a0f99205933eb7c5ac391
"../../foodsg-233_cleaned/Miso ramen, with fishcake/4L7D96OFPNBYF36R75UNJY29.jpg","Miso ramen, with fishcake",all,exact_duplicate,f87aa6bcd5790f6e6d108fcbd59c81df
../../foodsg-233_cleaned/Seafood Noodles Soup/EEQBVROKEVQEDTWWX97HI2K2.jpg,Seafood Noodles Soup,all,exact_duplicate,f8b1111a220dd644b0546497a8270be9
../../foodsg-233_cleaned/Mee soto/25Z4XTGJ9ZTZFWL60DX0RSH8.jpg,Mee soto,all,exact_duplicate,f8e39f642eef2ba3d3bcfd6a151bd10a
../../foodsg-233_cleaned/Seafood Noodles Soup/DL5BXDGD1YAVQJ3FRC0QQ0HR.jpg,Seafood Noodles Soup,all,exact_duplicate,f91115434fffa91dfc3bbaed6902785e
../../foodsg-233_cleaned/Duck Rice/ELDAMA8OJSJS4ETHK3SP2O0J.jpg,Duck Rice,all,exact_duplicate,f9548a778125a97300ef587743dd4036
../../foodsg-233_cleaned/Mee soto/DU2WR02NDX3E2UQBT9WXB0A5.jpg,Mee soto,all,exact_duplicate,f96190e0ad4a4ef4d96918068fcc7d47
../../foodsg-233_cleaned/lontong/YAORLI6PCL9THJ3RYXXQ52QF.jpg,lontong,all,exact_duplicate,f99fa4735075422f53c2afd11ac7c756
../../foodsg-233_cleaned/Mee soto/XN7PZ43U6NVMNBME4N5440FK.jpg,Mee soto,all,exact_duplicate,fa08aa75d0cd4a1b85f14aa0e439a0ea
../../foodsg-233_cleaned/Seafood Noodles Soup/RH74M7HNQOVIU1K4B65BRVDG.jpg,Seafood Noodles Soup,all,exact_duplicate,fa17df8af781d3cb4e498c0d489fab08
../../foodsg-233_cleaned/Mee siam/H5C334IA8MS7K6KWNCQ7W126.jpg,Mee siam,all,exact_duplicate,fa68a6a6a057261f462e5e4464a92e4d
../../foodsg-233_cleaned/xiao long bao/4F9XLDWVEVTEQJMMWPZQVKTC.jpg,xiao long bao,all,exact_duplicate,fa8f8ca00011e9c02f25e0a494736a5c
../../foodsg-233_cleaned/Udon/IRGHIIDRHW7PL637AA1IL1KK.jpg,Udon,all,exact_duplicate,faac95e27d11da82276891422f0fa58f
../../foodsg-233_cleaned/Mee bandung/TZ8YLCYDQO8FBC93XR1LPVB2.jpg,Mee bandung,all,exact_duplicate,fac49f50bfe297f29798102c5e6fd78e
../../foodsg-233_cleaned/Nuts/U9W84FZMK87HOAM57ZG2J3YV.jpg,Nuts,all,exact_duplicate,faf33c42454906ecf5b885483be74142
../../foodsg-233_cleaned/cream soup/RTT4WFELI5X7VBN8ZK4VRVF8.jpg,cream soup,all,exact_duplicate,fb0d520a577dbb9b4da7e5ea5af530e1
../../foodsg-233_cleaned/Mee bandung/HH45GCD5B93H9ALQPW5W6QPF.jpg,Mee bandung,all,exact_duplicate,fb2312a056781b7caa40d2300ac2078f
../../foodsg-233_cleaned/char siew pau/56OQ9VUCAPZ1L1QU2ZTK01EQ.jpg,char siew pau,all,exact_duplicate,fbef6f00f5bccc911fa2478c5f72cca4
../../foodsg-233_cleaned/yogurt/IBSFKVRURN25KYIX71DCRKDU.jpg,yogurt,all,exact_duplicate,fc0cdacd8fc3e23f76d116cfb06a793c
../../foodsg-233_cleaned/parfait/NZS1WC6WU3XVE6FZMTI4GIM6.jpg,parfait,all,exact_duplicate,fc0cdacd8fc3e23f76d116cfb06a793c
../../foodsg-233_cleaned/Mee bandung/5BMXM747UX2DMI9IO3U1C316.jpg,Mee bandung,all,exact_duplicate,fc3c7ad0cd4dc4ff9d62a177d39581aa
../../foodsg-233_cleaned/Prawn Noodle/K74M577TWO6UYSQM8QRXVNYP.jpg,Prawn Noodle,all,exact_duplicate,fc3efcb5837252bd71472da068a9548d
../../foodsg-233_cleaned/Mee bandung/8XM6V32JQ726JKMR1B0Q9Y4E.jpg,Mee bandung,all,exact_duplicate,fc70614a68662b5d69e7ee850104d5c9
../../foodsg-233_cleaned/mixed vegetables/FN4DIRUVR03U12ZVPQ9XRKO0.jpg,mixed vegetables,all,exact_duplicate,fcb84035b9124afd3e97d13e7d54c27f
../../foodsg-233_cleaned/Laksa/46XZI8PZFC75W89TCM4WW3HF.jpg,Laksa,all,exact_duplicate,fcee64d8a2430aa1b659f1f9db3126af
../../foodsg-233_cleaned/Mee bandung/8SYZVQXFTCT34CQ1BQVQZ37K.jpg,Mee bandung,all,exact_duplicate,fcf791c364ccdafb24a415b7af6a7166
../../foodsg-233_cleaned/Mee bandung/R8UNZV3EC9TYJAT06BYJERGL.jpg,Mee bandung,all,exact_duplicate,fd35da0307138218dda56ed2cde382c1
../../foodsg-233_cleaned/Snacks and Chips/XEK5YQ85QYGFWO4EJO8Z69I6.jpg,Snacks and Chips,all,exact_duplicate,fd4d37265648a2811f9ed3940bd58b60
../../foodsg-233_cleaned/Mee siam/QQGS0A4MVF1IB8MOYK24HNHW.jpg,Mee siam,all,exact_duplicate,fd54257f2aecff30ab600d2dac632e53
../../foodsg-233_cleaned/satay bee hoon/QBRLYU31A16X1MSO1IZAY2TV.jpg,satay bee hoon,all,exact_duplicate,fd83cedfc4f20cbf604c3b9ee575c2a4
../../foodsg-233_cleaned/bee hoon/MGY68NQDDJRPOPFG3SY9LMYK.jpg,bee hoon,all,exact_duplicate,fd985544c72d29f61ff1e96f37efb336
../../foodsg-233_cleaned/drunken prawn/T5VG2HIH367MR3EHK05RG9YG.jpg,drunken prawn,all,exact_duplicate,fdb770cb11d7bd2d0f319b64cc5458ba
../../foodsg-233_cleaned/assam pedas/WI0Z8UIJZZLO1GNVWRUYFPRC.jpg,assam pedas,all,exact_duplicate,fdee9ebc3f41a2909e57af14893176c0
"../../foodsg-233_cleaned/Rice, with dakgalbi/A7MVHH55S4BVLVW9MOV0OUMX.jpg","Rice, with dakgalbi",all,exact_duplicate,fe3cc4f170bf69ae0fb2ae4f9c4842ea
"../../foodsg-233_cleaned/Rice, korean bulgogi beef/6WTY8GQBULAOZN9UTLT3DQ6Q.jpg","Rice, korean bulgogi beef",all,exact_duplicate,fe3cc4f170bf69ae0fb2ae4f9c4842ea
../../foodsg-233_cleaned/Mee goreng/73SKMT8RD1ZFPU1NMNJMTW99.jpg,Mee goreng,all,exact_duplicate,fe56f2424b511b7c7648859b379595f7
../../foodsg-233_cleaned/Udon/48DLHFSMY3O72PJU944M6DKA.jpg,Udon,all,exact_duplicate,fe650fa574b1c5ad139c37d950d297ae
"../../foodsg-233_cleaned/Miso ramen, with fishcake/9XDBCJ54HMYXD5HRA08G8Q3I.jpg","Miso ramen, with fishcake",all,exact_duplicate,fe650fa574b1c5ad139c37d950d297ae
../../foodsg-233_cleaned/Mee soto/EKQFCXAVDRJJLCO7LYXQSI7R.jpg,Mee soto,all,exact_duplicate,fe792769153c269649a8ef331b919069
../../foodsg-233_cleaned/tom yum noodle soup/G7O8HHPFSZM5UG62WX8W1Q04.jpg,tom yum noodle soup,all,exact_duplicate,fe8ad0871ded64c0ecc02ee989653ec9
"../../foodsg-233_cleaned/Rice, with dakgalbi/2QH0K5E29NM75LIITC003ZQB.jpg","Rice, with dakgalbi",all,exact_duplicate,fe8cf60965cd1be743bbe866a70c61d7
"../../foodsg-233_cleaned/Rice, korean bulgogi beef/G0SB30FDQM069O4HNVHCAC2W.jpg","Rice, korean bulgogi beef",all,exact_duplicate,fe8cf60965cd1be743bbe866a70c61d7
../../foodsg-233_cleaned/Nuts/WL1DSM0T2XG7ES4LC12UIURD.jpg,Nuts,all,exact_duplicate,fea24d7f88274bd23d87cdd3db9943e1
../../foodsg-233_cleaned/hotplate tofu/ITINIQEZIPKYMUSFA3MLQXSY.jpg,hotplate tofu,all,exact_duplicate,fec92be55ed8508505d0546f72d5bbe0
../../foodsg-233_cleaned/lontong/46XCH6V0HEQUDKHDF3UIQK03.jpg,lontong,all,exact_duplicate,fed5016fc1c7ff14d93f054325910429
"../../foodsg-233_cleaned/Bee hoon, goreng/NJ32SCEXHX0W0N7EHL42XV31.jpg","Bee hoon, goreng",all,exact_duplicate,fed710369095dca9819fa5d21685ddbd
../../foodsg-233_cleaned/kueh lapis baked/L9373QHRGLYA5Y991LMD8LEU.jpg,kueh lapis baked,all,exact_duplicate,fed992ef8039273bd981a4daef191f36
../../foodsg-233_cleaned/Ban Mian/K02MBCJNV6XWQLV85LBL0OKH.jpg,Ban Mian,all,exact_duplicate,fee96b2f8153b8ebf5d0ff01d74eff95
../../foodsg-233_cleaned/fried fish/AM7D8G52ZS53RQPUHUZ7FP22.jpg,fried fish,all,exact_duplicate,fee96b2f8153b8ebf5d0ff01d74eff95
../../foodsg-233_cleaned/Mee siam/O8WOK43Z6K55CPNHPP00XBLI.jpg,Mee siam,all,exact_duplicate,feea27499dbe0191864ec847f6e8c16f
"../../foodsg-233_cleaned/Miso ramen, with fishcake/QBU6H9I1Y0UQWI6IY4Y5SD2M.jpg","Miso ramen, with fishcake",all,exact_duplicate,fef9875e706d46f58724ec141c8648ca
../../foodsg-233_cleaned/Mee soto/7C1W3NCQUEIIC0SAWBAIBHOQ.jpg,Mee soto,all,exact_duplicate,ff134caeb119c124f50b832a8d727951
../../foodsg-233_cleaned/Mee siam/WDD0P5TEH0NNSDZ75X1F08MB.jpg,Mee siam,all,exact_duplicate,ff398085a104c40440d80a127c01dc2c
"../../foodsg-233_cleaned/Bee hoon, goreng/1BXWZATIWAOQ9G8JCUSOI6H4.jpg","Bee hoon, goreng",all,exact_duplicate,ff6bc4f4ab4f9ef9a973d8d4129228cc
../../foodsg-233_cleaned/whole wheat/906PYER4VOHBA6QA1F3GESVT.jpg,whole wheat,all,exact_duplicate,ff6e20e13524df494050b62a54300f95
../../foodsg-233_cleaned/Mee bandung/NRKLSROAOTO1NDVTRF7CEI1T.jpg,Mee bandung,all,exact_duplicate,ff7c33468ed8e6d93051e8a7c28a1c31
"../../foodsg-233_cleaned/Bee hoon, goreng/GUQ4EWSN30XPBAF4MM5M85GH.jpg","Bee hoon, goreng",all,exact_duplicate,ff804a09d619f6ca19bea13e78bbc2ef
../../foodsg-233_cleaned/mee pok/NG5M5I8SD4JAO3PUAHJNACB3.jpg,mee pok,all,exact_duplicate,ff88c956706555e57db897bd730678db
../../foodsg-233_cleaned/chai tow kuay/MZYCATQT3X7ED77Z1GHIR71L.jpg,chai tow kuay,all,exact_duplicate,ff95b18e553dec19849bfda02b3b9d3e
../../foodsg-233_cleaned/mushroom soup/66XFDSSHB1D9RF0WQAE4MSAQ.jpg,mushroom soup,all,exact_duplicate,ff9ded5fb2295e7187cf88095b4bb8a1
../../foodsg-233_cleaned/bagel & croissant/B1CY1FZVIMKZSRZO7J7ZU3JO.jpg,bagel & croissant,all,exact_duplicate,ffc2a9d4099a5e4330152da60413754b
../../foodsg-233_cleaned/whole grain bread/U9IEBS2N1DPCGI4L7F137PO0.jpg,whole grain bread,all,exact_duplicate,ffc2a9d4099a5e4330152da60413754b
