path,label,split,reason,hash
../../foodsg-233_cleaned/spring rolls/VL03W06W3ANUKPXW4YBILIFO.jpg,spring rolls,all,near_duplicate,816d3eb2f2c9813e
../../foodsg-233_cleaned/spring rolls/6UA5B079Y1QXTRDPB16HJQBJ.jpg,spring rolls,all,near_duplicate,816d3eb2f2c9813e
../../foodsg-233_cleaned/spring rolls/X1FR3Y28931FIH0KT3CJCFMK.jpg,spring rolls,all,near_duplicate,816d3eb2f2c9813e
../../foodsg-233_cleaned/longan/7GFKMHGHCAVZ4291A0P8EFPF.jpg,longan,all,near_duplicate,bae29483c797d03c
../../foodsg-233_cleaned/longan/IQ6M56M5HVZK38G0WI039TDI.jpg,longan,all,near_duplicate,bae29483c797d03c
../../foodsg-233_cleaned/longan/D195MFZT8YV74ZFDBX1QMMZN.jpg,longan,all,near_duplicate,bae29483c797d03c
../../foodsg-233_cleaned/sambal stingray/ED34PXG96E8HYX70C3HTDH9Z.jpg,sambal stingray,all,near_duplicate,ee67d2b494c3c20d
../../foodsg-233_cleaned/sambal stingray/58540NU78JMFZGPLI5KD8LD2.jpg,sambal stingray,all,near_duplicate,ee67d2b494c3c20d
../../foodsg-233_cleaned/sambal stingray/5CUJYAOBQ06GIKP0USX6OG1T.jpg,sambal stingray,all,near_duplicate,ee67d2b494c3c20d
"../../foodsg-233_cleaned/Bee hoon, soto/4QYBPFDQS69I2SXC2TXCRC9H.jpg","Bee hoon, soto",all,near_duplicate,805d3de0b2977c1e
"../../foodsg-233_cleaned/Bee hoon, soto/4JPYEI4LSV04UYSSB8J6DGXK.jpg","Bee hoon, soto",all,near_duplicate,805d3de0b2977c1e
../../foodsg-233_cleaned/rock melon/6LH01RLR07MVXKEUDKERCS8Q.jpg,rock melon,all,near_duplicate,80e57a604d5f87ba
../../foodsg-233_cleaned/rock melon/RTSAOLHSTSNC0QJJZGMMTT2J.jpg,rock melon,all,near_duplicate,80e57a604d5f87ba
../../foodsg-233_cleaned/Kueh Salat/LKPAL1AS72NNVPDI7T3HWL3U.jpg,Kueh Salat,all,near_duplicate,89f65d47682a1b4e
../../foodsg-233_cleaned/Kueh Salat/QF54OVFDXAT4493XEE5NP8T6.jpg,Kueh Salat,all,near_duplicate,89f65d47682a1b4e
../../foodsg-233_cleaned/Mee siam/UQ31F7P9622XNLRLXW9PMOGK.jpg,Mee siam,all,near_duplicate,99e3e619192ee03b
../../foodsg-233_cleaned/Mee siam/VNDMK12NGNVKLSUWVU0FMUMW.jpg,Mee siam,all,near_duplicate,99e3e619192ee03b
../../foodsg-233_cleaned/rock melon/DBDWYU21OPHS731OM9DNBUN8.jpg,rock melon,all,near_duplicate,9c1ebbc94ba77440
../../foodsg-233_cleaned/rock melon/QZB6Q8T2CLI5SR4QSEAXR7OK.jpg,rock melon,all,near_duplicate,9c1ebbc94ba77440
../../foodsg-233_cleaned/sambal stingray/4184RM09PJROTWL7XPX89729.jpg,sambal stingray,all,near_duplicate,a88597ce90782f37
../../foodsg-233_cleaned/sambal stingray/TLGXI4NVGSWRL6ALMTSLOWT4.jpg,sambal stingray,all,near_duplicate,a88597ce90782f37
../../foodsg-233_cleaned/hotplate tofu/DCV1GIB168V9K7W41QSLHNYQ.jpg,hotplate tofu,all,near_duplicate,aae292b28dc8f731
../../foodsg-233_cleaned/hotplate tofu/4A2P6QVAN2YI0TZE5WRE77MF.jpg,hotplate tofu,all,near_duplicate,aae292b28dc8f731
../../foodsg-233_cleaned/Grapefruit/0XB2SZIQLHCVMTK6LA9KBZA0.jpg,Grapefruit,all,near_duplicate,ac2294f37b9781e4
../../foodsg-233_cleaned/Grapefruit/V3X09GXTKIQVKFUNF8EJ9876.jpg,Grapefruit,all,near_duplicate,ac2294f37b9781e4
../../foodsg-233_cleaned/lychee/KROLQ8JOF1XVNOQ8OAV2I753.jpg,lychee,all,near_duplicate,af94d05ac56b9664
../../foodsg-233_cleaned/lychee/Y1R1B1JM6ZWSU4UHKVCH3AHX.jpg,lychee,all,near_duplicate,af94d05ac56b9664
../../foodsg-233_cleaned/Mee rebus/VF0QTMN5P02HIL8TF80PKB12.jpg,Mee rebus,all,near_duplicate,b07d85f01d697a62
../../foodsg-233_cleaned/Mee rebus/P36KXGIVS8TIAIDSTCLUYU61.jpg,Mee rebus,all,near_duplicate,b07d85f01d697a62
../../foodsg-233_cleaned/chicken rice/JITTT1BNWLL6MQXDTFO1CRA2.jpg,chicken rice,all,near_duplicate,b438dbd6e641898d
../../foodsg-233_cleaned/chicken rice/NCBVDGXIUZB2X8RWG06V89SG.jpg,chicken rice,all,near_duplicate,b438dbd6e641898d
../../foodsg-233_cleaned/Kopi Teh Milo/X9CJEFTFQI8KED3XF7XUS0YB.jpg,Kopi Teh Milo,all,near_duplicate,b4cb0770782cc3e7
../../foodsg-233_cleaned/Kopi Teh Milo/ORMWI8QI5HH34FP2B50SJ2CT.jpg,Kopi Teh Milo,all,near_duplicate,b4cb0770782cc3e7
../../foodsg-233_cleaned/rock melon/4L8YO39KUJI9DTP9INDOQ88A.jpg,rock melon,all,near_duplicate,bb95c958856d9463
../../foodsg-233_cleaned/rock melon/0RZ1N3DRVELSJR8ZWFZEE1CB.jpg,rock melon,all,near_duplicate,bb95c958856d9463
../../foodsg-233_cleaned/drunken prawn/5DI50XE060B4DPZRRE101PHD.jpg,drunken prawn,all,near_duplicate,bc8ef7b8c065ca90
../../foodsg-233_cleaned/drunken prawn/MLKEFQJ08U2KXAEULL4ULZ00.jpg,drunken prawn,all,near_duplicate,bc8ef7b8c065ca90
../../foodsg-233_cleaned/siew mai/HG9SZF62J79PN1YBICHL1ZDZ.jpg,siew mai,all,near_duplicate,bdc1969292cdcc6c
../../foodsg-233_cleaned/siew mai/EURK9VH1HST8MHOLQXTBP9L4.jpg,siew mai,all,near_duplicate,bdc1969292cdcc6c
../../foodsg-233_cleaned/sirloin steak/1BKX8CAMGG8XI0LOMLUC15KS.jpg,sirloin steak,all,near_duplicate,bed0c12f2cf03399
../../foodsg-233_cleaned/sirloin steak/O7Z72Q0KR8ZRZA9F062W2LOI.jpg,sirloin steak,all,near_duplicate,bed0c12f2cf03399
../../foodsg-233_cleaned/strawberry/HF77X6OTN3FO79JGNMVD75AA.jpg,strawberry,all,near_duplicate,c387dba0ae487726
../../foodsg-233_cleaned/strawberry/6B5YC5E9DB6TD25KY1FBXFXL.jpg,strawberry,all,near_duplicate,c387dba0ae487726
../../foodsg-233_cleaned/chicken soup/A5HERKYZMJJ59SX2CPR3K05M.jpg,chicken soup,all,near_duplicate,c7b1660b256d1e27
../../foodsg-233_cleaned/chicken soup/FWN54F6KTN2OK5JY85R6WUDH.jpg,chicken soup,all,near_duplicate,c7b1660b256d1e27
../../foodsg-233_cleaned/thunder tea rice/RGYN70JQHYKXK2WMNJDJ9BKN.jpg,thunder tea rice,all,near_duplicate,ca2b346ed4e4d2a5
../../foodsg-233_cleaned/thunder tea rice/Y7JS7SWL5CI1CQZ0GIP2LIMF.jpg,thunder tea rice,all,near_duplicate,ca2b346ed4e4d2a5
../../foodsg-233_cleaned/Kueh Salat/O8LMT08VBPPW0E4CZL186ENP.jpg,Kueh Salat,all,near_duplicate,ca6a8a69ca3d639c
../../foodsg-233_cleaned/Kueh Salat/FFT75L6V4FR24DK26MP46UAC.jpg,Kueh Salat,all,near_duplicate,ca6a8a69ca3d639c
../../foodsg-233_cleaned/hotplate tofu/FWJPR89P3VN9XQAHL2JT6F3U.jpg,hotplate tofu,all,near_duplicate,d0f52950679be296
../../foodsg-233_cleaned/hotplate tofu/E5SPMPJHQGYJ9PL6C0LJ6SSY.jpg,hotplate tofu,all,near_duplicate,d0f52950679be296
../../foodsg-233_cleaned/Ban Mian/OPUMOWA6NQTAPXFSYL6KQ55R.jpg,Ban Mian,all,near_duplicate,d1884ab762d2a9ee
../../foodsg-233_cleaned/Ban Mian/27NOMXFZQGE3FHI7Z5JFS47L.jpg,Ban Mian,all,near_duplicate,d1884ab762d2a9ee
../../foodsg-233_cleaned/french fries/4L4M1PZKNIG59FNWKPDPIB5P.jpg,french fries,all,near_duplicate,d2bcd18843358fb5
../../foodsg-233_cleaned/french fries/XLOJ36EGVIWKAYPMTHLNLOL1.jpg,french fries,all,near_duplicate,d2bcd18843358fb5
../../foodsg-233_cleaned/baked beans/APZED4OZN16SH2400U0QZ9UA.jpg,baked beans,all,near_duplicate,d4a5108e5cdbb587
../../foodsg-233_cleaned/baked beans/B6JZRAS8JH67MF33QR7PEXOZ.jpg,baked beans,all,near_duplicate,d4a5108e5cdbb587
../../foodsg-233_cleaned/tau suan/RF1I615P4SZ9I89TW2BADSCF.jpg,tau suan,all,near_duplicate,d552ca618d5e365a
../../foodsg-233_cleaned/tau suan/JP8HPBCN18BX99ZQXO902E33.jpg,tau suan,all,near_duplicate,d552ca618d5e365a
"../../foodsg-233_cleaned/Rice, chicken katsu with Japanese curry/YUP9NOMKOUO4G1AKR9GSIUA7.jpg","Rice, chicken katsu with Japanese curry",all,near_duplicate,d585db625427da29
"../../foodsg-233_cleaned/Rice, chicken katsu with Japanese curry/BLZ6FLBVZYIZGNO4M9KK71C7.jpg","Rice, chicken katsu with Japanese curry",all,near_duplicate,d585db625427da29
../../foodsg-233_cleaned/Lontong with sayur lodeh/PA2FMIUGQ71B75C246SI9K9N.jpg,Lontong with sayur lodeh,all,near_duplicate,d6ff84b48a897512
../../foodsg-233_cleaned/Lontong with sayur lodeh/KABQT13MVQTZHJU3P2KQ0YAO.jpg,Lontong with sayur lodeh,all,near_duplicate,d6ff84b48a897512
../../foodsg-233_cleaned/CNY love letter/FOOSRHFT10Q0VFW88GCVYL8W.jpg,CNY love letter,all,near_duplicate,db3e6832addac029
../../foodsg-233_cleaned/CNY love letter/FIX0HGWLONWCS246J1Z5BO0Q.jpg,CNY love letter,all,near_duplicate,db3e6832addac029
../../foodsg-233_cleaned/tau suan/RK1YYGXYVWKZWMH68KPIO4VW.jpg,tau suan,all,near_duplicate,de1c6037a7caa945
../../foodsg-233_cleaned/tau suan/MVV400GLO47LLAPXH9MWTA5K.jpg,tau suan,all,near_duplicate,de1c6037a7caa945
../../foodsg-233_cleaned/Bubble Milk Tea/0RQB6TTU6URYRNAB6DTRO81L.jpg,Bubble Milk Tea,all,near_duplicate,de746628f5475aa0
../../foodsg-233_cleaned/Bubble Milk Tea/M4PAGAUDODM5QB4QS5PZFH5I.jpg,Bubble Milk Tea,all,near_duplicate,de746628f5475aa0
../../foodsg-233_cleaned/Dumpling noodle soup/QVG2RXU66AJMSEICJWMQMT2A.jpg,Dumpling noodle soup,all,near_duplicate,df4b713e2a7d0430
../../foodsg-233_cleaned/Dumpling noodle soup/CYLJR8HCLI30Q909T1Y37FQT.jpg,Dumpling noodle soup,all,near_duplicate,df4b713e2a7d0430
../../foodsg-233_cleaned/seaweed snack/AVE3QWL1YEQ22H5QD7UJCP75.jpg,seaweed snack,all,near_duplicate,e4399b6c98c3c69c
../../foodsg-233_cleaned/har cheong gai/OBCSCGKR0OJ9EWSKTMAF4IG3.jpg,har cheong gai,all,near_duplicate,e4b9f64cc3539066
../../foodsg-233_cleaned/har cheong gai/WG1VC1ZY1M7KSOKR4V4IMDGL.jpg,har cheong gai,all,near_duplicate,e4b9f64cc3539066
../../foodsg-233_cleaned/Alcoholic Beverage/KPOGVMQI9XELOJSXFKPGWIM6.jpg,Alcoholic Beverage,all,near_duplicate,e69b33cc246c3333
../../foodsg-233_cleaned/Alcoholic Beverage/RY05VZ5ATQMSBM7HGTVHY1M3.jpg,Alcoholic Beverage,all,near_duplicate,e69b33cc246c3333
../../foodsg-233_cleaned/Kway Teow/C6A4LOW7F061BD3L5CZCVTIC.jpg,Kway Teow,all,near_duplicate,e9948f43305f72b8
../../foodsg-233_cleaned/Kway Teow/BB147NWSEG8X2OVGSYXP7I6D.jpg,Kway Teow,all,near_duplicate,e9948f43305f72b8
../../foodsg-233_cleaned/bak kwa/GUN1NAW65X86M3CDMUPSSFM9.jpg,bak kwa,all,near_duplicate,ea70c12797ce1ec8
../../foodsg-233_cleaned/bak kwa/TLNL4SS5WBE5T49PQN26KZ55.jpg,bak kwa,all,near_duplicate,ea70c12797ce1ec8
../../foodsg-233_cleaned/Nasi Ambeng/U93STTTJB6YDKS8G3CXGTO3Z.jpg,Nasi Ambeng,all,near_duplicate,eec691359ac648e6
../../foodsg-233_cleaned/Nasi Ambeng/L4D2P3UCI3AEG2R07HRET81R.jpg,Nasi Ambeng,all,near_duplicate,eec691359ac648e6
../../foodsg-233_cleaned/rock melon/53AQTDPCSNVQNLMJN9EARKBP.jpg,rock melon,all,near_duplicate,efc1a01d9072c76b
../../foodsg-233_cleaned/rock melon/6VE8HCP3ERSX17E89L7GPI7V.jpg,rock melon,all,near_duplicate,efc1a01d9072c76b
../../foodsg-233_cleaned/sambal stingray/4MIIGWAP2YRQ9DVCVY04P64B.jpg,sambal stingray,all,near_duplicate,f2948d1bd26519f2
../../foodsg-233_cleaned/sambal stingray/G5T21BLK0CE5L4C46YJQSU4Z.jpg,sambal stingray,all,near_duplicate,f2948d1bd26519f2
../../foodsg-233_cleaned/chilli crab/S3MOYIUDASX3BMJC5E5RZE0A.jpg,chilli crab,all,near_duplicate,f2d3d4729303dd24
../../foodsg-233_cleaned/chilli crab/TF8QYRRTY60GW4YDL92T2592.jpg,chilli crab,all,near_duplicate,f2d3d4729303dd24
../../foodsg-233_cleaned/popiah/HO4Z4ARD1VYWWFLRMNQ39XM0.jpg,popiah,all,near_duplicate,f55212cd6f6a24e1
../../foodsg-233_cleaned/popiah/RTOQ5YZHVUO1ASI5QGOFDYOT.jpg,popiah,all,near_duplicate,f55212cd6f6a24e1
../../foodsg-233_cleaned/tutu kueh/29ICOXDN93PMNVWQADYMJKVP.jpg,tutu kueh,all,near_duplicate,f95e55394c1a1b61
../../foodsg-233_cleaned/tutu kueh/JV3ID44CZLYCPA09M023VTO1.jpg,tutu kueh,all,near_duplicate,f95e55394c1a1b61
../../foodsg-233_cleaned/rojak/MHH9IY4RJ8HS2QUZJKRNETRY.jpg,rojak,all,near_duplicate,fa6f81e096ac5385
../../foodsg-233_cleaned/rojak/PIG1IZSSQL0DB3M08E8ITDU1.jpg,rojak,all,near_duplicate,fa6f81e096ac5385
../../foodsg-233_cleaned/seaweed snack/IC1UMDWMDO3FZD7HHWXHOIGV.jpg,seaweed snack,all,near_duplicate,fb91cc78a74c912a
../../foodsg-233_cleaned/seaweed snack/7WJNR4G9KBE59CHMM4VGRX5O.jpg,seaweed snack,all,near_duplicate,fb91cc78a74c912a
../../foodsg-233_cleaned/rice dumpling/IXHAFURXYPW4BOJDZU0HMU1F.jpg,rice dumpling,all,near_duplicate,fd046971902fd563
../../foodsg-233_cleaned/rice dumpling/B0AAO5A20QU51TC8UDNNHWET.jpg,rice dumpling,all,near_duplicate,fd046971902fd563
../../foodsg-233_cleaned/honeydew/L158X9Z62UL8NFGULFV5LGTK.jpg,honeydew,all,near_duplicate,fe9d46adad921209
../../foodsg-233_cleaned/honeydew/H7RM2317RI8AHC11J9G0UZBD.jpg,honeydew,all,near_duplicate,fe9d46adad921209
"../../foodsg-233_cleaned/Rice, chicken katsu with Japanese curry/V6IA5Y96Y4SOOEUOT5KMN3XU.jpg","Rice, chicken katsu with Japanese curry",all,near_duplicate,feb58547931e0913
"../../foodsg-233_cleaned/Rice, chicken katsu with Japanese curry/ROYHD29K22IJ6ABEG04CP3CK.jpg","Rice, chicken katsu with Japanese curry",all,near_duplicate,feb58547931e0913
../../foodsg-233_cleaned/chicken pie/3T2HBL9HT23M3R3OZ0TTJAAV.jpg,chicken pie,all,near_duplicate,80075f7865c36b8f
../../foodsg-233_cleaned/Nuts/0WYS8RU4U07TOUZ79K33A8GO.jpg,Nuts,all,near_duplicate,800f319c309c77ff
../../foodsg-233_cleaned/waffle/QIYFU3XB89OX7RIET9H26WO9.jpg,waffle,all,near_duplicate,801e577a1e3b1b78
"../../foodsg-233_cleaned/Rice, with dakgalbi/JAHLSE3HCJPDPT1UHHRD1ZU9.jpg","Rice, with dakgalbi",all,near_duplicate,801e75b1a78c9edc
../../foodsg-233_cleaned/yuseng/249OZACTHBR5GMXHK5WNYXUN.jpg,yuseng,all,near_duplicate,803773d14b7c7e44
../../foodsg-233_cleaned/tau suan/QJNRMRDKACOYZUQRWNI6GSSD.jpg,tau suan,all,near_duplicate,803e2bf522c7af58
../../foodsg-233_cleaned/mushroom soup/W1YQAL4L67Y4B2J52SHEHH5M.jpg,mushroom soup,all,near_duplicate,804b2d5e763972e6
../../foodsg-233_cleaned/Kueh Salat/TNF1JPFTM5I5AZQW0KL0DBQQ.jpg,Kueh Salat,all,near_duplicate,805577c22fc07f8b
../../foodsg-233_cleaned/Kueh Salat/1147H5TZV8B2JGCOV5HUAD8V.jpg,Kueh Salat,all,near_duplicate,805577c22fc07f8b
../../foodsg-233_cleaned/tau suan/SJR1VK0M0XPEU0LE1N6UQM0R.jpg,tau suan,all,near_duplicate,8057730b3db694f8
../../foodsg-233_cleaned/bak chor mee/PFDT9DBGOIM6DT643WMPV6DD.jpg,bak chor mee,all,near_duplicate,80971bfc03a14fe7
../../foodsg-233_cleaned/Mee goreng/4MQEPJP4IFPVHXOL7HV3WLT5.jpg,Mee goreng,all,near_duplicate,80a61db73eda3929
../../foodsg-233_cleaned/Kway Teow/CIMKXMESJKQSZLIJEORRWLMT.jpg,Kway Teow,all,near_duplicate,80b41f687caaf0be
../../foodsg-233_cleaned/tau suan/MPUD16E6O2A7LB3Z54UA9D5M.jpg,tau suan,all,near_duplicate,80be1fd076c768cc
../../foodsg-233_cleaned/bak kut teh/R1D9LSO19WIS2QUXQGHMZFYO.jpg,bak kut teh,all,near_duplicate,80c017dbce2b7e95
../../foodsg-233_cleaned/Chinese fritters/VG35P4HRU8F1BUD9VA08WTHE.jpg,Chinese fritters,all,near_duplicate,80ca3f3f16137371
../../foodsg-233_cleaned/sambal/37FNZP0VR918C9PN31LQTJTH.jpg,sambal,all,near_duplicate,80ce3eb89b9722c7
../../foodsg-233_cleaned/satay bee hoon/2DZ1XQOOJX29ST6RZ8N5BSS6.jpg,satay bee hoon,all,near_duplicate,80e93e9c2e1ba5f2
../../foodsg-233_cleaned/banana/5RDUKE8QRZ0SQ9TL6XUL567F.jpg,banana,all,near_duplicate,80f31f4678097bd6
../../foodsg-233_cleaned/steamed buns/C6Q0OLM17CNB1721IU4Z6WW8.jpg,steamed buns,all,near_duplicate,812e16029f8fcdcf
../../foodsg-233_cleaned/mixed grills/133V0GBYU8MOUZ02J3I7IZ05.jpg,mixed grills,all,near_duplicate,81359e7a7a1a71ca
../../foodsg-233_cleaned/muesli/CNXKTN5D65ANDZ4N089RXBJN.jpg,muesli,all,near_duplicate,81437f31707167da
../../foodsg-233_cleaned/french fries/J14APUH5B8GAXWQRCJPJ5WKH.jpg,french fries,all,near_duplicate,81549e6b993d48bd
"../../foodsg-233_cleaned/Miso ramen, with fishcake/04W6YZZ06EHATEZI86VFCCOE.jpg","Miso ramen, with fishcake",all,near_duplicate,816f17b433696674
../../foodsg-233_cleaned/char siew/OM0EVAL08VS3YD4GHB61IUM4.jpg,char siew,all,near_duplicate,8178978b7a2a353d
../../foodsg-233_cleaned/tau suan/BCY6M6UWXLKJK9BWIHJ6BTSU.jpg,tau suan,all,near_duplicate,81951eda7a1b69d8
../../foodsg-233_cleaned/Alcoholic Beverage/AX80APH68ROHMSYKHOHBGFWD.jpg,Alcoholic Beverage,all,near_duplicate,819faf81e30d5e98
../../foodsg-233_cleaned/drunken prawn/29H8WKDW3G57O7FQA8XI6V5I.jpg,drunken prawn,all,near_duplicate,81ac1f947df33053
../../foodsg-233_cleaned/Fish and chips/W2CFTL850QY1Q8DQMP9LOIVV.jpg,Fish and chips,all,near_duplicate,81bce086fbc1b593
../../foodsg-233_cleaned/hotplate tofu/DTH7NS4LH8HXDAU5ZEQ1CAN4.jpg,hotplate tofu,all,near_duplicate,81bd7de8e1c0c347
../../foodsg-233_cleaned/bak chor mee/SDUIKYXO16TMO87342VJ6C58.jpg,bak chor mee,all,near_duplicate,81c39e5f707c6391
../../foodsg-233_cleaned/pizza/F1SIT1BOULEZKFPBAQD5STLX.jpg,pizza,all,near_duplicate,81cc1ee57b307ac9
../../foodsg-233_cleaned/Mee soto/WJTWNNOIY3TSR96RHOOTQ02T.jpg,Mee soto,all,near_duplicate,81cf1e1e78786173
../../foodsg-233_cleaned/tau suan/5KNM1N7LJ7MWWBP6UJ3IN7WI.jpg,tau suan,all,near_duplicate,81cf7e3ac12594d6
../../foodsg-233_cleaned/pizza/TGQ2R9VUDCEH5XRNSY3QWIN0.jpg,pizza,all,near_duplicate,81e47b07b50e93cd
../../foodsg-233_cleaned/cooked white rice/CZ34UT3YU1XCE47Y11G0PNTS.jpg,cooked white rice,all,near_duplicate,81e703b0be03f85f
../../foodsg-233_cleaned/chicken soup/P3S6UBFD7AFYBVOCETMENACM.jpg,chicken soup,all,near_duplicate,81ec9e62316b71ae
../../foodsg-233_cleaned/mushroom soup/E1QKQFPOSB28E7FQ5P6N6JL4.jpg,mushroom soup,all,near_duplicate,81ff7c8241856f95
../../foodsg-233_cleaned/bak kut teh/6DJZJYHN8Y8Z1LIKKCBNFZSP.jpg,bak kut teh,all,near_duplicate,82851f9f5e787168
../../foodsg-233_cleaned/Udon/YCNFWYPDAONJ4QZF4Y1FXAW6.jpg,Udon,all,near_duplicate,82914cd3785637de
../../foodsg-233_cleaned/assam pedas/L59MDPL1CM7CNHZ8L8YGJV0V.jpg,assam pedas,all,near_duplicate,82a96dbeb09cc3f0
../../foodsg-233_cleaned/bak chor mee/P80OLQ35ZLZ1CX0BQO5AHH15.jpg,bak chor mee,all,near_duplicate,82d5dfe0aae19c23
../../foodsg-233_cleaned/Peanut Pancake/MA52Q59BHS1FUXA0F2TE5UG7.jpg,Peanut Pancake,all,near_duplicate,83197dcb604f3e62
"../../foodsg-233_cleaned/Miso ramen, with fishcake/M9VWUTIG98Z0I2C8Z548F0V3.jpg","Miso ramen, with fishcake",all,near_duplicate,832379b2c2e3adb4
../../foodsg-233_cleaned/kueh lapis baked/6BCZ2VUOB778OONQ5DFL704V.jpg,kueh lapis baked,all,near_duplicate,832fcb322b828bcf
../../foodsg-233_cleaned/tutu kueh/HSST7TPPEN7H654ZZUSPZ8FK.jpg,tutu kueh,all,near_duplicate,83307c77e0cba587
../../foodsg-233_cleaned/lychee/YU61IBITL62OP2E2IIPYZY3H.jpg,lychee,all,near_duplicate,833c676d1e727047
../../foodsg-233_cleaned/cherries/OZJNBGKIWE0AYZSKAQIJ4PBG.jpg,cherries,all,near_duplicate,833cacb13ec6c14f
"../../foodsg-233_cleaned/Don, chicken teriyaki/A5RBEF0VI27DT4H7EJ37CV7S.jpg","Don, chicken teriyaki",all,near_duplicate,839e35706b4a6a6b
../../foodsg-233_cleaned/beef noodle soup/J4HWDA456FXFENFSMKGLF0TL.jpg,beef noodle soup,all,near_duplicate,83e62d1766133c3e
../../foodsg-233_cleaned/popiah/Q90NOTT6ABWWO16RFAZVV3SY.jpg,popiah,all,near_duplicate,83e67c91a66a91c7
../../foodsg-233_cleaned/buckwheat/4XI8TSPQACKSCM7I9AF69POS.jpg,buckwheat,all,near_duplicate,83f62d0134b772ce
../../foodsg-233_cleaned/Mee goreng/77D94V0OBFXCMQLZICAAEEE3.jpg,Mee goreng,all,near_duplicate,8403850d5ffc7af2
../../foodsg-233_cleaned/kaya toast/NO3YG2ZZV482GVFETE2X3Z41.jpg,kaya toast,all,near_duplicate,84495b747ba360b7
"../../foodsg-233_cleaned/Bee hoon, soto/X7BD0TZ6UJFTFLU2CEIPD03D.jpg","Bee hoon, soto",all,near_duplicate,844b5b34d8a3cf8d
../../foodsg-233_cleaned/dumpling/9DJKPZHWQ75IE1CW8R73RZLF.jpg,dumpling,all,near_duplicate,84706b6b9db19cb2
../../foodsg-233_cleaned/drunken prawn/X6H6RCP2WR8ZWR3BLH90ERR1.jpg,drunken prawn,all,near_duplicate,848317261fab7cc7
../../foodsg-233_cleaned/Soto ayam/33LFX5NGI6YBLWJ12HIMKUPT.jpg,Soto ayam,all,near_duplicate,84c7171fda196e68
../../foodsg-233_cleaned/Pung Kueh/79HQJJ6OG96JE648M7T00G5I.jpg,Pung Kueh,all,near_duplicate,84cd5ff435911cc6
../../foodsg-233_cleaned/rock melon/8U697LZHU00L49NCO83BD9AW.jpg,rock melon,all,near_duplicate,84d32bc4544ffc96
../../foodsg-233_cleaned/Chocolate/6CS7H69HD346AAYX8TTMHKNS.jpg,Chocolate,all,near_duplicate,85121c6ee1cf4b7c
../../foodsg-233_cleaned/Indian Pancake/6HQNA09HW5ICLLLELABVSHEE.jpg,Indian Pancake,all,near_duplicate,851d756f3a6216a5
../../foodsg-233_cleaned/rock melon/D2ZZ8MX2AJOFNLMEOU8PQTTI.jpg,rock melon,all,near_duplicate,85257c69d84fc276
../../foodsg-233_cleaned/lontong/MBKTYHJG9EE174ZP33ER2S8K.jpg,lontong,all,near_duplicate,85277e72688d3596
../../foodsg-233_cleaned/longan/DK2MX5AYQS3M49YPOL6F39Q4.jpg,longan,all,near_duplicate,852d1eddb0db20ad
../../foodsg-233_cleaned/longan/L5CQVOBW2OYDBTJELRSDYEX1.jpg,longan,all,near_duplicate,852d1eddb2db00ad
../../foodsg-233_cleaned/longan/KBZKRO7G9ANHEADTVRS95PJI.jpg,longan,all,near_duplicate,852d1eddb2db00ad
../../foodsg-233_cleaned/baked beans/GXOK376RFD2G0Q8OVCA157GE.jpg,baked beans,all,near_duplicate,853535ed65e12999
../../foodsg-233_cleaned/bakso/T790S3WHRA6Q201HKFAN81I0.jpg,bakso,all,near_duplicate,854f6159692b7b70
../../foodsg-233_cleaned/blueberries/EQ9NNCFS2IF752XQCACYMDX0.jpg,blueberries,all,near_duplicate,8567dbc5b9cc5109
../../foodsg-233_cleaned/goreng pisang/ADLYRHU1LIUYWFITA6K1OLR4.jpg,goreng pisang,all,near_duplicate,85685ea5786539c7
../../foodsg-233_cleaned/cheng tng/C71Y5SILZLX7EMOL7N8DC7ZJ.jpg,cheng tng,all,near_duplicate,8570628f3d93176e
../../foodsg-233_cleaned/Chinese fritters/V30X2G6JAV3NVKIMEZ88A8R6.jpg,Chinese fritters,all,near_duplicate,85915a786de76436
../../foodsg-233_cleaned/hokkien prawn mee/MQ84PSBLIDFBG1RUQRPBSLB0.jpg,hokkien prawn mee,all,near_duplicate,85945ed6368ce94d
../../foodsg-233_cleaned/tandoori chicken/T7SMBPP3BNAPU45V6R7NZRQ2.jpg,tandoori chicken,all,near_duplicate,8595c57ee8e09d91
../../foodsg-233_cleaned/xiao long bao/KMA47TB8X1FXQT1681HUH4TQ.jpg,xiao long bao,all,near_duplicate,85a836cbcad5d5a2
"../../foodsg-233_cleaned/Pilaf, pea/BMHMGQUCYR6N65RGVLS0805Z.jpg","Pilaf, pea",all,near_duplicate,85b086cc1bee2cfa
../../foodsg-233_cleaned/har cheong gai/VY9CKCJY5NU3SN712YDVQBAA.jpg,har cheong gai,all,near_duplicate,85b670d3cb0a0eed
../../foodsg-233_cleaned/bak kut teh/4KQF68KLE0JS5F4YOUV6Q3LN.jpg,bak kut teh,all,near_duplicate,85c2960fd33c8737
../../foodsg-233_cleaned/Indian Pancake/ZB17KYJKV3U8IGPQY6F5YZVV.jpg,Indian Pancake,all,near_duplicate,85c5557a3ecfa281
../../foodsg-233_cleaned/rock melon/3GF44QI75GUO5I4WN4GIZUR9.jpg,rock melon,all,near_duplicate,85c65a8f6bcd61c4
../../foodsg-233_cleaned/kaya toast/C4P3ARCECGA2IY6BRPFWHGPL.jpg,kaya toast,all,near_duplicate,85c9366a3d3c5571
../../foodsg-233_cleaned/mixed grills/O0TT4IYKK6DUOCRBXZ6411FG.jpg,mixed grills,all,near_duplicate,85d4729f3c603b4d
../../foodsg-233_cleaned/Soft boiled eggs/DN0D39158I2MEJD2DMV47AGO.jpg,Soft boiled eggs,all,near_duplicate,85d9168bf9355926
../../foodsg-233_cleaned/Fish and chips/1ZDSPZ5U695H4ZYXQKJ96IPW.jpg,Fish and chips,all,near_duplicate,85dd46ea599dc2c1
../../foodsg-233_cleaned/goreng pisang/5AO8IZKUY2PRFCBWLJJ8KOS7.jpg,goreng pisang,all,near_duplicate,85e09ec2d86f6dd0
../../foodsg-233_cleaned/Tauhu Goreng/JTKT00OEI1HJF53CNX04SK9Y.jpg,Tauhu Goreng,all,near_duplicate,85ebc124db94de92
../../foodsg-233_cleaned/char siew pau/XNDY2B3BBHGR8TX5T2KFBUCV.jpg,char siew pau,all,near_duplicate,85f4c3434a837e9d
../../foodsg-233_cleaned/yuseng/X3COGV0JJ5ZXUZ957N8LNZFN.jpg,yuseng,all,near_duplicate,861871e7799f288d
../../foodsg-233_cleaned/Chinese fritters/UBH8BOM1OM6CS7DO3N355BLI.jpg,Chinese fritters,all,near_duplicate,863b3e3d2b316964
../../foodsg-233_cleaned/blueberries/VYGBT9Q87E131IMUNM3BJM17.jpg,blueberries,all,near_duplicate,869437d7e09a58cd
../../foodsg-233_cleaned/blueberries/NM1VH7SRJDQW95Y93PBP6EO2.jpg,blueberries,all,near_duplicate,869437d7e09a58cd
../../foodsg-233_cleaned/cooked white rice/N4X0Z9VIH1CSCR3H0D0EKTGC.jpg,cooked white rice,all,near_duplicate,86943f63609d8f72
../../foodsg-233_cleaned/banana/46H5QAA2LD23563RBV88V9UR.jpg,banana,all,near_duplicate,86a2650950fbf375
../../foodsg-233_cleaned/Bibimbap/2XY3VCYNDYJ4NVM4K8123GHN.jpg,Bibimbap,all,near_duplicate,86b63b3b25cdc88c
../../foodsg-233_cleaned/banana/JYWGZIE4T3Z0U3O7W89GXBD5.jpg,banana,all,near_duplicate,86c3d492ff3dc184
../../foodsg-233_cleaned/popiah/AQJO0DA44BZ182ZJYX4YHEF6.jpg,popiah,all,near_duplicate,86e17a9d28dc27e2
../../foodsg-233_cleaned/Mee rebus/E6J37230L5TBTOVEM9FJRG7H.jpg,Mee rebus,all,near_duplicate,86e51ecf589e7890
"../../foodsg-233_cleaned/Pilaf, pea/RXY7G5AR6WJZ1JG812ARM8I9.jpg","Pilaf, pea",all,near_duplicate,86e73d9d9878c542
../../foodsg-233_cleaned/pizza/WG2860ZKPA2MFI7IVWPINKC8.jpg,pizza,all,near_duplicate,86f559c46a0b3d39
../../foodsg-233_cleaned/yuseng/H82HYY9LE7IU5GRLJQ56D18F.jpg,yuseng,all,near_duplicate,870f9b13a3ee4e0a
../../foodsg-233_cleaned/kiwi/H2NK3XLS8JUVTULSLZPYT9J3.jpg,kiwi,all,near_duplicate,873125f0f90dd876
"../../foodsg-233_cleaned/Miso ramen, with fishcake/MY6HI0EVUHF4ZBDI7XP8ZNF3.jpg","Miso ramen, with fishcake",all,near_duplicate,878d3cb43cc0abce
../../foodsg-233_cleaned/goreng pisang/O49IPH2XSLM905YTNZY1JC5X.jpg,goreng pisang,all,near_duplicate,8790c8c63f5ad0fa
../../foodsg-233_cleaned/White Bread/5R3OGWZ720F8YWWQ4GOA65KX.jpg,White Bread,all,near_duplicate,87a370d48fdd900f
../../foodsg-233_cleaned/miso soup/EQPYF14HPILJETD3P0GTMDYU.jpg,miso soup,all,near_duplicate,87a3fc96a31e5461
../../foodsg-233_cleaned/pizza/SZWVEMOE96GLTYTZYNNELMZS.jpg,pizza,all,near_duplicate,87af6dac24a222eb
../../foodsg-233_cleaned/mango pudding/DJ65RTX8NB3YC1Q5O7ZYOGF5.jpg,mango pudding,all,near_duplicate,87c3742f033d436d
../../foodsg-233_cleaned/ayam penyet/VPU35RNRPTNAVPTDDRU9H7YG.jpg,ayam penyet,all,near_duplicate,87c67469f07ad498
../../foodsg-233_cleaned/thunder tea rice/IV0D65QWU1DDFYHNXYIL6DE3.jpg,thunder tea rice,all,near_duplicate,87cdbe72b1834784
../../foodsg-233_cleaned/White Bread/KVXLYGRKVYGKXW2BGAQ2XBP8.jpg,White Bread,all,near_duplicate,87d87a3d21316e93
../../foodsg-233_cleaned/dumpling/6DRPUTE0U9VKGCLL7VXE4JVW.jpg,dumpling,all,near_duplicate,87e678e160e76b0c
../../foodsg-233_cleaned/chwee kueh/4CTQV5IPYUF2FGTKO9UHOI2B.jpg,chwee kueh,all,near_duplicate,87e8181cf3695a9d
../../foodsg-233_cleaned/french fries/P2LYMFQQNQ6UN78E75ZTT6PX.jpg,french fries,all,near_duplicate,87eb35e2070f3499
../../foodsg-233_cleaned/xiao long bao/FP031U5Z8NY8VLQTQ9B7CWVW.jpg,xiao long bao,all,near_duplicate,884785fcf6fa9821
../../foodsg-233_cleaned/pig organ soup/FOXC3VD5SRIVIZ6CHA0WH8JI.jpg,pig organ soup,all,near_duplicate,885d1e7a38e5e586
../../foodsg-233_cleaned/chicken pie/W4HCX8AX1QZ3HJXCB3HIEA17.jpg,chicken pie,all,near_duplicate,88743dcbf62ec270
../../foodsg-233_cleaned/Soto ayam/77RH5O2YEWUQV8JR5ZF54E2U.jpg,Soto ayam,all,near_duplicate,887568a7e52e665a
../../foodsg-233_cleaned/Bubble Milk Tea/7JRVY1NYKYDI0DYZ8OKP42UB.jpg,Bubble Milk Tea,all,near_duplicate,8895ef9e34426c97
../../foodsg-233_cleaned/Tauhu Goreng/868H2DQ8CCZAK6WQOFVBQ9C3.jpg,Tauhu Goreng,all,near_duplicate,88c6963d85ff8a19
../../foodsg-233_cleaned/Mee rebus/04CHN8WNAP71BAIM5LKEEVAG.jpg,Mee rebus,all,near_duplicate,88c71f2e78a86537
../../foodsg-233_cleaned/steamed buns/6J39Q7JVTIU9R2EFGR1L4FHV.jpg,steamed buns,all,near_duplicate,8909c6e6e4ce6f23
../../foodsg-233_cleaned/roti john/H4BIFISYG1RV8II97AFU7P02.jpg,roti john,all,near_duplicate,8911a3dee605f39a
../../foodsg-233_cleaned/tutu kueh/6YTNIMDZAGJ8R8ZRT6IDHV71.jpg,tutu kueh,all,near_duplicate,89168b8f951d1e73
../../foodsg-233_cleaned/char siew pau/9VUG42448LKT7MWPI9OGC4FE.jpg,char siew pau,all,near_duplicate,894c3e2fa935d51a
../../foodsg-233_cleaned/vadai/47EI2KU5W1F3DD2A4IXTNU1L.jpg,vadai,all,near_duplicate,8956847e5f083f6a
../../foodsg-233_cleaned/Tauhu Goreng/37YZPDEVIJEL0O2W3EX4M8LS.jpg,Tauhu Goreng,all,near_duplicate,8987ab2ab0f5f434
../../foodsg-233_cleaned/hokkien prawn mee/BHJV04Z1MKBOFQ0W8GFYNBJ3.jpg,hokkien prawn mee,all,near_duplicate,8992f66dfb80c136
../../foodsg-233_cleaned/Kway Teow/E6WZW6B1ELVO4D7JFFLVJZ5V.jpg,Kway Teow,all,near_duplicate,89a83b1a7ae1a567
../../foodsg-233_cleaned/rambutan/WQAS2YVHYE20XRN3H7LIL5N1.jpg,rambutan,all,near_duplicate,89a9468e3e9993e6
../../foodsg-233_cleaned/ayam penyet/UGR0S5K5RX09SS35FXRGFK9V.jpg,ayam penyet,all,near_duplicate,89c0729ba919cb7d
../../foodsg-233_cleaned/ice kacang/NHQBZVL5PXIMOHOXB6JZXBIP.jpg,ice kacang,all,near_duplicate,8a255d5ace9699c9
../../foodsg-233_cleaned/sirloin steak/1ZFOWJJGGA82FKNODZ4GGKJO.jpg,sirloin steak,all,near_duplicate,8a5329f9e7b6c608
../../foodsg-233_cleaned/cereal prawns/D4PQH8WFJWPM4CU0BFZ9C80S.jpg,cereal prawns,all,near_duplicate,8a59202ab53ddaee
../../foodsg-233_cleaned/mushroom soup/FLHMN3JF5M2HBJJLC6OP09M9.jpg,mushroom soup,all,near_duplicate,8a686ac4e5d21ecf
../../foodsg-233_cleaned/Kueh Salat/NGH7LA5E5KZMEYXWHSZ8152R.jpg,Kueh Salat,all,near_duplicate,8a70f5f0e4f8f0c8
../../foodsg-233_cleaned/nasi lemak/88PQHY10ULCTXGYZQMF9EZPW.jpg,nasi lemak,all,near_duplicate,8a8668f0c66b9d1f
../../foodsg-233_cleaned/goreng pisang/F07KPW14FFK6WBGCXQL5SQFZ.jpg,goreng pisang,all,near_duplicate,8a8f54f041c37f8e
../../foodsg-233_cleaned/CNY love letter/19UU97ZV7O4FSBXHPDGYAH7S.jpg,CNY love letter,all,near_duplicate,8ab52b63b8c60be9
../../foodsg-233_cleaned/singapore sling/GE2TVTJKRHS33BZT7HQH0VYF.jpg,singapore sling,all,near_duplicate,8ac3e0b47e5cd685
../../foodsg-233_cleaned/Snacks and Chips/R82UIQLT4EJY27A896S3C8AV.jpg,Snacks and Chips,all,near_duplicate,8adac9587406f43f
../../foodsg-233_cleaned/Kway Teow/J3P28RLHVJOPW9HCMVYL8U3X.jpg,Kway Teow,all,near_duplicate,8aed95e789d30a52
../../foodsg-233_cleaned/Pomelo/SZVLXKFPMHOFOKYOO41Y31MH.jpg,Pomelo,all,near_duplicate,8b07e0f7563b9b08
../../foodsg-233_cleaned/White Bread/P6C25ETRWKXLC6TS5HTD5JCL.jpg,White Bread,all,near_duplicate,8b807fd0e07f0d33
../../foodsg-233_cleaned/fried prawn/RSRE1H7LUWEXLIDIYR5MPX91.jpg,fried prawn,all,near_duplicate,8b84bbf984235fe0
"../../foodsg-233_cleaned/Rice, chicken katsu with Japanese curry/G7N0UZFZ8C6DS71RUMN3D7X6.jpg","Rice, chicken katsu with Japanese curry",all,near_duplicate,8b857e72486b017f
../../foodsg-233_cleaned/xiao long bao/HQ6PPRKIM0287CULO25IQHW0.jpg,xiao long bao,all,near_duplicate,8b8760d7f2a1e13c
../../foodsg-233_cleaned/satay/ZTSOJVSMG0KQDV6OWP5P2801.jpg,satay,all,near_duplicate,8b8c26335be98e36
../../foodsg-233_cleaned/egg tart/3S6MCOJIIC594M61F17KO0ZU.jpg,egg tart,all,near_duplicate,8ba070db5b2c8fa3
../../foodsg-233_cleaned/steamed buns/KFA5PSDS3NK86HN846YCRAJ5.jpg,steamed buns,all,near_duplicate,8ba65ce5679254e4
"../../foodsg-233_cleaned/Miso ramen, with fishcake/KEHWA6B3N0WW2ZYJ5BRFHTBY.jpg","Miso ramen, with fishcake",all,near_duplicate,8bc76494f85f1a70
../../foodsg-233_cleaned/cooked brown rice/5AFBRAOGZRT6TXMU1WVIPQL3.jpg,cooked brown rice,all,near_duplicate,8c176d76c22b789a
../../foodsg-233_cleaned/cereal prawns/R1J7N3RE6YTGIWXL8RB6JNI1.jpg,cereal prawns,all,near_duplicate,8c2b3b3cc84316ef
../../foodsg-233_cleaned/tutu kueh/SK0TVGI0RB26BJFXMKSMZ5W3.jpg,tutu kueh,all,near_duplicate,8c5d3260b75de14b
"../../foodsg-233_cleaned/Bee hoon, goreng/5DASYU3IQKO7OXGONXF3T7R8.jpg","Bee hoon, goreng",all,near_duplicate,8c69c968ebc338e3
../../foodsg-233_cleaned/Seafood Noodles Soup/M2FDW8VMQ7DRTF30YOT1LCMY.jpg,Seafood Noodles Soup,all,near_duplicate,8c6fa0db384c678d
../../foodsg-233_cleaned/mixed grills/6B2C4KTOIV05XFME9U8SJNIB.jpg,mixed grills,all,near_duplicate,8c77ec329d360b0e
../../foodsg-233_cleaned/goreng pisang/FSL0T3TR8GD9SJM73E3TUDH0.jpg,goreng pisang,all,near_duplicate,8cb34b3fb0528177
../../foodsg-233_cleaned/singapore sling/O2XZJATVJMXODP3ZS38CBLW2.jpg,singapore sling,all,near_duplicate,8cc3dac2d346935e
../../foodsg-233_cleaned/singapore sling/L1619SSJICGO9FO40CCKJE91.jpg,singapore sling,all,near_duplicate,8ccb72147d222ff8
../../foodsg-233_cleaned/goreng pisang/FLG7E1GUMQAG356GE1ETFOKS.jpg,goreng pisang,all,near_duplicate,8cfc2684fc4db22d
../../foodsg-233_cleaned/egg tart/UM8MCNXOY5TEUB64DLO36IEU.jpg,egg tart,all,near_duplicate,8d4b5f75a7b0a282
../../foodsg-233_cleaned/Grapefruit/OG76HV40W5JFRFO9HJZDZNG9.jpg,Grapefruit,all,near_duplicate,8d7e9705120f6d0f
../../foodsg-233_cleaned/Pomelo/YC5EPX12MKKAZ2PNW0IPAZTK.jpg,Pomelo,all,near_duplicate,8daf33130c8f36b1
"../../foodsg-233_cleaned/Pilaf, pea/EFY6QHZZTI4IRHNWDEYN6DEH.jpg","Pilaf, pea",all,near_duplicate,8dc5633b2d2e6592
../../foodsg-233_cleaned/hotplate tofu/EXHNDA7B7ZA4P4CG3MZREU2V.jpg,hotplate tofu,all,near_duplicate,8dd49556332d7466
"../../foodsg-233_cleaned/Wanton mee, dry/1UDMXBZ3HZV2AFCEX9MNK4YP.jpg","Wanton mee, dry",all,near_duplicate,8dd81e22f3c7321b
../../foodsg-233_cleaned/nasi lemak/D5L96XT3FJZ1RII9N47RZ6BS.jpg,nasi lemak,all,near_duplicate,8de0569d6f3de900
../../foodsg-233_cleaned/hotplate tofu/J02NU2DELTU2Y724CYLYDQVO.jpg,hotplate tofu,all,near_duplicate,8de866953a165ba9
../../foodsg-233_cleaned/passion fruit/GGXT3I09IJMAF95I4LHY37VE.jpg,passion fruit,all,near_duplicate,8e00acefb5e5d984
../../foodsg-233_cleaned/singapore sling/DEXKKP4LSO17RTLNG2YV8QS3.jpg,singapore sling,all,near_duplicate,8e07fc22764ca6dc
../../foodsg-233_cleaned/fried prawn/EF02374RZFE67GZNWPKN7D0C.jpg,fried prawn,all,near_duplicate,8ea0fc4b8935356e
../../foodsg-233_cleaned/Nasi Ambeng/66NNFA5JWU1IGQM0EUEQDH8F.jpg,Nasi Ambeng,all,near_duplicate,8ea281ce7c9d32b9
../../foodsg-233_cleaned/sambal stingray/8ROWI3NEPHJ7CRK8KVA11U1K.jpg,sambal stingray,all,near_duplicate,8eade19152dacc33
../../foodsg-233_cleaned/Bibimbap/4273HDLBTLKJJWS41ON4BJIA.jpg,Bibimbap,all,near_duplicate,8ec231f2d4c6d6d1
../../foodsg-233_cleaned/sirloin steak/R1GG0J16YYYOASQX46VP2SNE.jpg,sirloin steak,all,near_duplicate,8ec5b4fed5a94111
../../foodsg-233_cleaned/kueh lapis baked/5CI0N4UU5YUPJ0TJMM92GIU8.jpg,kueh lapis baked,all,near_duplicate,8ecdbe4af007e816
../../foodsg-233_cleaned/bak kwa/J2QNOVAKRJ83VY332QZOLDZN.jpg,bak kwa,all,near_duplicate,8ed56ad02a51ab6e
../../foodsg-233_cleaned/pizza/WIH3Y9SOCROKSMAPV8JPH58K.jpg,pizza,all,near_duplicate,8edb078511938fcb
../../foodsg-233_cleaned/cereal prawns/0H3W82GL0DMXBNB859HOW9I5.jpg,cereal prawns,all,near_duplicate,8eede7967cc0c142
../../foodsg-233_cleaned/Peanut Pancake/DT0CAX7WRXOEZOUHUCW6D212.jpg,Peanut Pancake,all,near_duplicate,8f13f87e43c0cb8c
../../foodsg-233_cleaned/Apple/KRWF2RV2RD79G58U7CTXBDNB.jpg,Apple,all,near_duplicate,8f25828f8f978e0e
../../foodsg-233_cleaned/chicken pie/N59MEXGFIYBED6WN61S6GO6U.jpg,chicken pie,all,near_duplicate,8f41503f3f6f68c0
../../foodsg-233_cleaned/canned Fruit salad/YK2F7UG6VWM5STCF2HSQRU35.jpg,canned Fruit salad,all,near_duplicate,8f4c9033cd1836fd
../../foodsg-233_cleaned/bak kwa/339YHOINPLLQ3PWSUZZ8WHRD.jpg,bak kwa,all,near_duplicate,8f539068de39ec1a
../../foodsg-233_cleaned/satay bee hoon/9PYYTGHZQKXV3TXX5B9PNRIZ.jpg,satay bee hoon,all,near_duplicate,8f54412b75fad688
../../foodsg-233_cleaned/black pepper crab/AFF90XHE6J791VHEUEM3R05Y.jpg,black pepper crab,all,near_duplicate,8f565f2ad4245a33
../../foodsg-233_cleaned/Pomelo/MFCO7K3HMJ1AIM19PYT5SQ0I.jpg,Pomelo,all,near_duplicate,8f8ab08c93dcc3dc
../../foodsg-233_cleaned/passion fruit/3A20XLVAJOQLT2RPYB38X6C3.jpg,passion fruit,all,near_duplicate,8f8fc094c5119e6f
../../foodsg-233_cleaned/Chocolate/OK485GQ2NANKZE2F7YI1J09B.jpg,Chocolate,all,near_duplicate,8f94b0694f863c79
../../foodsg-233_cleaned/mushroom soup/GA4Q7Q71IL7ZFBEGM72T0RYN.jpg,mushroom soup,all,near_duplicate,8f9e80cacf5d9960
../../foodsg-233_cleaned/Fruit juice/YPS8LRUSU6KXD4ILY56OW98T.jpg,Fruit juice,all,near_duplicate,8fa13487cbcbe170
../../foodsg-233_cleaned/hotplate tofu/GPL4NP6NJJSHOCPEGZISVDCQ.jpg,hotplate tofu,all,near_duplicate,8fa8f485d0d74b68
../../foodsg-233_cleaned/yuseng/W5LQE89Y2ODBW5X3OHBB35TY.jpg,yuseng,all,near_duplicate,8fc03693f4ed48a5
../../foodsg-233_cleaned/lontong/YJ9FA2FJR6FGTR0OEP8DTVJP.jpg,lontong,all,near_duplicate,8fcf0a6b69e9b120
../../foodsg-233_cleaned/goreng pisang/VH6EH7S5R5GO4T8SYBEDCNFZ.jpg,goreng pisang,all,near_duplicate,8fe4f3d9740aa1c2
../../foodsg-233_cleaned/cooked white rice/C2OZ1QWVOSDCVR447L3JH6D7.jpg,cooked white rice,all,near_duplicate,8ff07ad0c01f8a6b
../../foodsg-233_cleaned/Nasi Ambeng/H1GTJ3N4P9EQL6PVRTO0U38Q.jpg,Nasi Ambeng,all,near_duplicate,901765e5c2e7cad2
../../foodsg-233_cleaned/bak chor mee/6JX00KMJAA0BRPUBFPHXLPMK.jpg,bak chor mee,all,near_duplicate,902e6b5da4e093cf
../../foodsg-233_cleaned/oyster omelette/S85GK20GZOMK8W1BSOTRE8FO.jpg,oyster omelette,all,near_duplicate,903a6ef12b2a2ce7
../../foodsg-233_cleaned/bak kut teh/EJTAOXNGO30V8B3QCQDBR8GN.jpg,bak kut teh,all,near_duplicate,904fd69d652d3299
../../foodsg-233_cleaned/biscuit/YFP1FXT65U43AT51JZUKCMBN.jpg,biscuit,all,near_duplicate,90503c3d63be4ce7
../../foodsg-233_cleaned/bakso/5Q2LWNSWLIVS069QA0P5QO9E.jpg,bakso,all,near_duplicate,90730bca7b303c77
../../foodsg-233_cleaned/chwee kueh/WYU8CRYUTBF76D4T0CPGOS6A.jpg,chwee kueh,all,near_duplicate,908337785239b2ef
../../foodsg-233_cleaned/assam pedas/JO1N1GV88RO0LH0Y06ROTKFG.jpg,assam pedas,all,near_duplicate,9097508a6e7f1e74
../../foodsg-233_cleaned/cream soup/IGWWYZCBL206VC9YWUV3UYMK.jpg,cream soup,all,near_duplicate,90ba3d85d42ecbf0
../../foodsg-233_cleaned/Tauhu Goreng/FZD1BH1QIX4Q4V7X7YDSSYA7.jpg,Tauhu Goreng,all,near_duplicate,90c07baf6c3cbc29
../../foodsg-233_cleaned/spring rolls/LOPO4QHLSKL36KXH5FRU9GXM.jpg,spring rolls,all,near_duplicate,90c746384ecf3be4
../../foodsg-233_cleaned/chilli crab/VRWSBYKW1AC4V1G0B3C0EJOL.jpg,chilli crab,all,near_duplicate,90e809ebb9e071d7
../../foodsg-233_cleaned/Seafood Noodles Soup/70V0B85ZEABBPCLKO592CFBM.jpg,Seafood Noodles Soup,all,near_duplicate,90ef5f3c306349a5
../../foodsg-233_cleaned/chicken rice/JC6GPAOVA5F7AKGQ11Q7X05X.jpg,chicken rice,all,near_duplicate,90f1a36427d0ebec
../../foodsg-233_cleaned/sausage rolls/JLBKB3ROSDFOAE717JQ96OWR.jpg,sausage rolls,all,near_duplicate,91193de21ff91c8a
"../../foodsg-233_cleaned/Pilaf, pea/A6CDJHUB16C9QI3Q8W563QZY.jpg","Pilaf, pea",all,near_duplicate,912a1f0b78e571ad
../../foodsg-233_cleaned/ayam penyet/QDB0WH6OY5XOQ534BBWF6IGB.jpg,ayam penyet,all,near_duplicate,913b6e6b80390f67
../../foodsg-233_cleaned/White Bread/45584DEXLHKZZNWTQ8SHOS1R.jpg,White Bread,all,near_duplicate,913d66c635cec21d
../../foodsg-233_cleaned/Soft boiled eggs/WG4JEAU4TYCQ4YKNX5AUAKPD.jpg,Soft boiled eggs,all,near_duplicate,914f6e353d3c6868
../../foodsg-233_cleaned/rice dumpling/BXE8DYWR72NE7YOJKI6OQ7JX.jpg,rice dumpling,all,near_duplicate,917a2e91e8869a7d
../../foodsg-233_cleaned/rambutan/B3KMJNZTF6NC6E24S2T4TTZI.jpg,rambutan,all,near_duplicate,91956c6a5b99a5b4
../../foodsg-233_cleaned/longan/HA8GW206P1P8Y7G0OLNW47ZX.jpg,longan,all,near_duplicate,919bbe276661694a
../../foodsg-233_cleaned/rock melon/J6U3E7SL7P6A808J117WQ6SV.jpg,rock melon,all,near_duplicate,91b56ad8366e4e64
../../foodsg-233_cleaned/satay/KZMMN56X86RMXSM7FC1K8GLP.jpg,satay,all,near_duplicate,91b691df58d5023d
../../foodsg-233_cleaned/goreng pisang/ZXDGPLMYOGZGMRTWPVQR1728.jpg,goreng pisang,all,near_duplicate,91b706dc23e21e37
../../foodsg-233_cleaned/black pepper crab/6MCNP5MC8DMDWYHSZO9RYHZQ.jpg,black pepper crab,all,near_duplicate,91d24a2f36ba4177
../../foodsg-233_cleaned/waffle/JO7T0EKSKMUFXF7SENU4IJDB.jpg,waffle,all,near_duplicate,91dc1743052efd35
../../foodsg-233_cleaned/lamb chops/43KCCA45KJ82QAALKBV367G2.jpg,lamb chops,all,near_duplicate,91ece6e2a3818c9f
../../foodsg-233_cleaned/Nasi Ambeng/LPZ8NVHSYJRFII62PGSR693C.jpg,Nasi Ambeng,all,near_duplicate,91ff6438e5608f1c
../../foodsg-233_cleaned/passion fruit/6X8DICQM64CESDMF3AJ1X3NW.jpg,passion fruit,all,near_duplicate,9262769aa91d6dd2
../../foodsg-233_cleaned/Fried Noodles/DEG94YRPOJBELQAVREEU8K1M.jpg,Fried Noodles,all,near_duplicate,92746b4b4df83592
../../foodsg-233_cleaned/dumpling/17XO2KVVSFXO9D3X8NO9J0VQ.jpg,dumpling,all,near_duplicate,927a617165ee4c9c
../../foodsg-233_cleaned/chicken rice/2PJHU02PHI7XMLLUAXAYV266.jpg,chicken rice,all,near_duplicate,92826bd9942e3e67
../../foodsg-233_cleaned/cooked brown rice/7C9O4ZWLI18FXWJX4BZOCFYZ.jpg,cooked brown rice,all,near_duplicate,928f0f3a247e4f61
../../foodsg-233_cleaned/sausage rolls/P2MR1A8RX8JX5O7ZZAFU834Z.jpg,sausage rolls,all,near_duplicate,92934a7ed179a1ca
../../foodsg-233_cleaned/bak chor mee/2XA1HICOVIZ27B7Y8X2KTA5Z.jpg,bak chor mee,all,near_duplicate,92966be9a59e90a3
../../foodsg-233_cleaned/singapore sling/6GAZZ7FSRJX36LOGH6AXTCPD.jpg,singapore sling,all,near_duplicate,92b99f6315f111d2
../../foodsg-233_cleaned/Kway Teow/JGDLJMB4A3BMA4MFTQXUNIJY.jpg,Kway Teow,all,near_duplicate,92db244e12efc35a
../../foodsg-233_cleaned/Mee rebus/124GSS2UHRIXSIZSFCYMCK5Y.jpg,Mee rebus,all,near_duplicate,92e14d861b7b6cb2
../../foodsg-233_cleaned/bak kut teh/FYCFRZNLGSHNYCZ8IGM0NEC4.jpg,bak kut teh,all,near_duplicate,92e405b1dfd11ac7
../../foodsg-233_cleaned/french fries/RNUBK9V0AQTVAM1D3SQ9Z596.jpg,french fries,all,near_duplicate,93301639e4b7e8ec
../../foodsg-233_cleaned/Tauhu Goreng/TOVK0ZMJQN11OEZERNT4WDL0.jpg,Tauhu Goreng,all,near_duplicate,935a47b81e697869
../../foodsg-233_cleaned/chicken rice/8TPV0P47N5DLWYI6XSVK0RP8.jpg,chicken rice,all,near_duplicate,93754c21372fa9a5
../../foodsg-233_cleaned/chicken rice/USQ68XEKWH96C3G24COGBD2F.jpg,chicken rice,all,near_duplicate,9387628421dd6ef5
../../foodsg-233_cleaned/rojak/F8TS388XHX3BQX2LIC0FWG4F.jpg,rojak,all,near_duplicate,938ae9a4b339c8cb
../../foodsg-233_cleaned/Nasi Ambeng/SY8JK3MTQQDDFJOFEEL6PF0F.jpg,Nasi Ambeng,all,near_duplicate,9392eea3a1852cdb
../../foodsg-233_cleaned/Nasi Ambeng/46E969X4OQ06WDG1YMBHWUXT.jpg,Nasi Ambeng,all,near_duplicate,93967e6269256725
../../foodsg-233_cleaned/strawberry/E0LX8SSXIY69CE0RKVLCCO3T.jpg,strawberry,all,near_duplicate,93975292a6293be5
../../foodsg-233_cleaned/yuseng/1ZILEWP4F4WPNV392TE6LEGQ.jpg,yuseng,all,near_duplicate,93d9fa27ed20a017
"../../foodsg-233_cleaned/Rice, with dakgalbi/1R9V7PDRZWTN0I4KEFJOUDJ0.jpg","Rice, with dakgalbi",all,near_duplicate,93db4b3b6a637088
"../../foodsg-233_cleaned/Rice, korean bulgogi beef/Z7XBA7TEN028ROLEHHIO90PQ.jpg","Rice, korean bulgogi beef",all,near_duplicate,94246b37249337cf
"../../foodsg-233_cleaned/Bee hoon, goreng/6IKFE0FRS39UAP5ODYVAQR53.jpg","Bee hoon, goreng",all,near_duplicate,94306bc92dcf25f8
../../foodsg-233_cleaned/cooked brown rice/HYHS38FI3S2SUWZTP20RC1J4.jpg,cooked brown rice,all,near_duplicate,944f4aa94bb5655c
../../foodsg-233_cleaned/cooked brown rice/1VVJJQAKC4EC735QNPYCHINV.jpg,cooked brown rice,all,near_duplicate,944f4aa94bb5655c
../../foodsg-233_cleaned/Pomelo/6TLZD99T9LFX5DUD0CG1XEL5.jpg,Pomelo,all,near_duplicate,94650c991bf327e6
../../foodsg-233_cleaned/Pomelo/3D594MEKG44U6OL82D0P3V5V.jpg,Pomelo,all,near_duplicate,9467639ca56b1ba1
../../foodsg-233_cleaned/singapore sling/WCLCP4RYS7U5O4EU6MOY3TNU.jpg,singapore sling,all,near_duplicate,94693337e2c648e7
../../foodsg-233_cleaned/cereal prawns/IUBEBZVDJM9LHI4JL8Y35FAM.jpg,cereal prawns,all,near_duplicate,9495955b1d6655c3
../../foodsg-233_cleaned/Porridge/2HI541QQ81FB5MR8WP5RHYZE.jpg,Porridge,all,near_duplicate,949c2b83353dd1cd
../../foodsg-233_cleaned/yong tau foo/FIFZEULB8R9M8FPO3HUI52OL.jpg,yong tau foo,all,near_duplicate,94a4439d4ad63eda
../../foodsg-233_cleaned/bakso/UO5JSM8KX79ZRKUWS4HSOVIS.jpg,bakso,all,near_duplicate,94b57bbded40a0a1
../../foodsg-233_cleaned/popiah/ESBEGV1MFH6S9XM429AHTNWN.jpg,popiah,all,near_duplicate,94c22d95dbc9f458
../../foodsg-233_cleaned/hokkien prawn mee/H6687W18CK75MV3PCRPBUP5K.jpg,hokkien prawn mee,all,near_duplicate,94cf6b706f803497
../../foodsg-233_cleaned/Prawn Noodle/SEW2FJYDNEDAQISGJQ384JCX.jpg,Prawn Noodle,all,near_duplicate,94d3e682e3a3f115
../../foodsg-233_cleaned/Soursop/9T1WQO3VLDPU0WKRLZHG97D2.jpg,Soursop,all,near_duplicate,94e330da9c9345f6
../../foodsg-233_cleaned/chilli crab/X3KQAJV85EGVL5DZYE7FETXX.jpg,chilli crab,all,near_duplicate,94e4019757565eda
../../foodsg-233_cleaned/hokkien prawn mee/7BCP6MG2HC9CCAZQM8H1GG1S.jpg,hokkien prawn mee,all,near_duplicate,94e7585466527c7a
../../foodsg-233_cleaned/fried chicken/YH9HCKEFNYGDJ0D6FUHAQTD8.jpg,fried chicken,all,near_duplicate,94e96ef2f8e8b090
../../foodsg-233_cleaned/Ban Mian/8LWVO8M369N126UWRK57L9P3.jpg,Ban Mian,all,near_duplicate,94f05ac369673596
../../foodsg-233_cleaned/mushroom soup/PBDJWBY0GJIS8AKLFCLGFJNO.jpg,mushroom soup,all,near_duplicate,94f4ead4adc2a58a
../../foodsg-233_cleaned/whole oats/3HPTIUQ3KWO2ALIC0NDFONGL.jpg,whole oats,all,near_duplicate,94fc42f54bc15aa6
../../foodsg-233_cleaned/satay bee hoon/5TVI9OAM88RCJU1XX1Y7COC6.jpg,satay bee hoon,all,near_duplicate,9505f237c9346f32
../../foodsg-233_cleaned/Kway Teow/YURDH8K1GWL8A4GZ72X728II.jpg,Kway Teow,all,near_duplicate,951b477c0f6c9e30
../../foodsg-233_cleaned/Seafood Noodles Soup/ZX782EGZ7CRWNWZWVSJGBD6B.jpg,Seafood Noodles Soup,all,near_duplicate,9531e0589dbc7ed0
../../foodsg-233_cleaned/begedil/XAN7GU3T8L7ZS207A7K049N0.jpg,begedil,all,near_duplicate,954b426e3b3c7174
"../../foodsg-233_cleaned/Pilaf, pea/TFI9NXZAOQWE3BKY6GQU63E2.jpg","Pilaf, pea",all,near_duplicate,955b1e36c933e40d
../../foodsg-233_cleaned/CNY love letter/HY7NT7DSR4JUX3VYLVNFGPYY.jpg,CNY love letter,all,near_duplicate,956e3b9448b535d2
../../foodsg-233_cleaned/steamed grouper/2615B9PT71SJWVKPZBMREVBZ.jpg,steamed grouper,all,near_duplicate,9586f666d0d2b459
../../foodsg-233_cleaned/Fruit juice/JEYT681VQRB8U6FXM15AESUK.jpg,Fruit juice,all,near_duplicate,958f78332b9f0b84
../../foodsg-233_cleaned/kueh lapis baked/2LBTKP2FO2ZC9QVIMJ5WGUFN.jpg,kueh lapis baked,all,near_duplicate,9595b6563a1a926e
"../../foodsg-233_cleaned/Miso ramen, with fishcake/QBV0XW88Q8U2Q8QDKAUJEBD0.jpg","Miso ramen, with fishcake",all,near_duplicate,95a5633232337a2f
../../foodsg-233_cleaned/Fried Noodles/T2ZAN93IIA27PKAT3MRZ4CDX.jpg,Fried Noodles,all,near_duplicate,95a5c12fde75b802
../../foodsg-233_cleaned/rock melon/0ZJKS9R2MFIBYDTZPRFEC36I.jpg,rock melon,all,near_duplicate,95b82ac77aca20de
../../foodsg-233_cleaned/popcorn/II92NMBG8OHUSSH3NCPEFVCS.jpg,popcorn,all,near_duplicate,95c17a1e2d392575
../../foodsg-233_cleaned/tau suan/1LG5TMLSAOFMJC4J0C7XW8GG.jpg,tau suan,all,near_duplicate,95c54f9639cf3049
../../foodsg-233_cleaned/lontong/JKS5OBDP649BVU9OO1VBTZXP.jpg,lontong,all,near_duplicate,95c742cb436b523d
../../foodsg-233_cleaned/chicken pie/GVQXUTV0Z1SGFJ4AAVU3V488.jpg,chicken pie,all,near_duplicate,95cd11bcac92e237
../../foodsg-233_cleaned/Kway Teow/QM1KHYZQQQSDAGAKSX6F7POC.jpg,Kway Teow,all,near_duplicate,95cedb4a562a093d
../../foodsg-233_cleaned/chwee kueh/SXHSGX0UEIL5CHYCJMVFDUUK.jpg,chwee kueh,all,near_duplicate,95d35b614e82e0eb
../../foodsg-233_cleaned/Tauhu Goreng/7ZHM3SJ0LXSNR2R0L3FXW4BE.jpg,Tauhu Goreng,all,near_duplicate,95dac463516e073d
../../foodsg-233_cleaned/chicken rice/AKQYKPSTUOP65ZDGHE8CIQ6H.jpg,chicken rice,all,near_duplicate,95f45721223b3e99
../../foodsg-233_cleaned/mushroom soup/2XJGBMBAY872FSPBEOJ8U3YI.jpg,mushroom soup,all,near_duplicate,95f952820fcd7827
../../foodsg-233_cleaned/chicken rice/THF1ES0URO8X7GKGX4DI4YC2.jpg,chicken rice,all,near_duplicate,96021bbe25373ed8
"../../foodsg-233_cleaned/Bee hoon, goreng/6V0WG5FNX4VZ9I9086K595X4.jpg","Bee hoon, goreng",all,near_duplicate,9647c596a4789d3c
../../foodsg-233_cleaned/drunken prawn/MVBL3UN3TH2GABJEJ2IFQTWV.jpg,drunken prawn,all,near_duplicate,965521320afbae7c
../../foodsg-233_cleaned/Udon/1N5F8HWSWF0AZ7UUM49G7D1M.jpg,Udon,all,near_duplicate,9661698766e6929b
../../foodsg-233_cleaned/Udon/EU66AJIQ37MFRVZ6O6ZM691V.jpg,Udon,all,near_duplicate,9661698f66cca69a
../../foodsg-233_cleaned/Udon/4P8BU30SWUQJ2BCE4YB896WM.jpg,Udon,all,near_duplicate,9661698f66cca69a
../../foodsg-233_cleaned/ayam penyet/YD62EVKRRM7JPG74D7CGKKMV.jpg,ayam penyet,all,near_duplicate,966b69b4b46322cb
../../foodsg-233_cleaned/cheese fries/UTYWVDDVOWKNSZLZ44R2V3VH.jpg,cheese fries,all,near_duplicate,9673ddc85bc2208f
../../foodsg-233_cleaned/chilli crab/JHOH2Z9IE4U9DXHEF5CT940W.jpg,chilli crab,all,near_duplicate,967a02bb0cecd3e8
../../foodsg-233_cleaned/goreng pisang/2MS5R9XSL4VEHTZG1N2KXJ48.jpg,goreng pisang,all,near_duplicate,968a69bd8965a54d
../../foodsg-233_cleaned/goreng pisang/WCSFOA3K5SRL648Y5U37OBMU.jpg,goreng pisang,all,near_duplicate,96963c4673592f25
../../foodsg-233_cleaned/cereal prawns/ZCVP77XWE6AU3YE9MW9EOV1N.jpg,cereal prawns,all,near_duplicate,96b979822d1c71f2
../../foodsg-233_cleaned/chwee kueh/ZMRMJ8MX7FJUU226TLUCO962.jpg,chwee kueh,all,near_duplicate,96eac905ec3636c9
../../foodsg-233_cleaned/popiah/ZJJZFCJXI6BWB957QBPAE32R.jpg,popiah,all,near_duplicate,96eb2d94309e0f71
../../foodsg-233_cleaned/Soursop/0CTJQJBO6EX451ZOL9BO0GFW.jpg,Soursop,all,near_duplicate,972f78808acfacb4
../../foodsg-233_cleaned/Kueh Salat/7Q5MJC6POZBVFHGMTUWSAC5A.jpg,Kueh Salat,all,near_duplicate,97772baa16d5320a
../../foodsg-233_cleaned/Chocolate/YMG0SBANC0YZ39STGC3MXZLT.jpg,Chocolate,all,near_duplicate,97788d6b6c866a91
../../foodsg-233_cleaned/sambal/064H6Z7DS919WRM57ZRKBS9S.jpg,sambal,all,near_duplicate,978e8f8faac34560
../../foodsg-233_cleaned/chwee kueh/JT1MQWEIRHQH1FZ9V0BHJDWY.jpg,chwee kueh,all,near_duplicate,97b21ac578d3071e
../../foodsg-233_cleaned/rojak/OU60R9FDDI0VFISRMUUGE5DT.jpg,rojak,all,near_duplicate,97b2e8b999d4d424
../../foodsg-233_cleaned/siew mai/SBCGIWTVNYGRPKNLZ1PG4KS1.jpg,siew mai,all,near_duplicate,97c3422f7c37c618
../../foodsg-233_cleaned/yuseng/YVIWEUNGGD3C35CUZ2WUKY8R.jpg,yuseng,all,near_duplicate,981b21bc63ce3f51
../../foodsg-233_cleaned/yong tau foo/Q3E9XVMV3DPTWF7CAGWFA6NR.jpg,yong tau foo,all,near_duplicate,983bc71937273532
../../foodsg-233_cleaned/Tauhu Goreng/YBBUH798Y7Q9TQ9MLDM5O62R.jpg,Tauhu Goreng,all,near_duplicate,984b24d53e8f1bca
../../foodsg-233_cleaned/Kueh Salat/ZH5OLQBLWPWFP5DH1J1TVYQL.jpg,Kueh Salat,all,near_duplicate,986b0ed0798f267a
../../foodsg-233_cleaned/lychee/WSFSWK7D4UZTPT1OZJ7PH5S2.jpg,lychee,all,near_duplicate,9887e66847153bcb
"../../foodsg-233_cleaned/Don, chicken teriyaki/AEP5T050KU4Q8M8Y5LVEOEMV.jpg","Don, chicken teriyaki",all,near_duplicate,98b8fae9a8e666c0
../../foodsg-233_cleaned/tutu kueh/LT4WPYLQOWBIS7DBFVPI48RG.jpg,tutu kueh,all,near_duplicate,98ce673398ce6331
../../foodsg-233_cleaned/tutu kueh/NQQ5C5UPU1APD04FCW19I2EJ.jpg,tutu kueh,all,near_duplicate,98d66b99e4ce8178
../../foodsg-233_cleaned/Soft boiled eggs/9MLEMNAY3Q8O7CZV5OC47KKC.jpg,Soft boiled eggs,all,near_duplicate,98e7319c6699c761
../../foodsg-233_cleaned/Kway Teow/5AJ92ZYOQLFTBD33N94GDQYV.jpg,Kway Teow,all,near_duplicate,9916546a2ded9395
../../foodsg-233_cleaned/Mee bandung/COJCQAPQL5FR06KWG35CWZXW.jpg,Mee bandung,all,near_duplicate,996a9685d89f067a
../../foodsg-233_cleaned/Mee bandung/EWILXG3PQ3PZ6DFTL133AF1D.jpg,Mee bandung,all,near_duplicate,996a9685d89f067a
../../foodsg-233_cleaned/longan/OO537B6FKJAFXHEOQ56FS2E6.jpg,longan,all,near_duplicate,997cb8fd21cff000
../../foodsg-233_cleaned/sambal stingray/83EYL6H90D7MQ6BS2WU27M8C.jpg,sambal stingray,all,near_duplicate,998eb692999c0e9e
../../foodsg-233_cleaned/salad/07TEOIL1BDNS978Q1EQ14QQF.jpg,salad,all,near_duplicate,99a362992e56699e
../../foodsg-233_cleaned/begedil/2U77OMVOYAYGTFU0294GLKT0.jpg,begedil,all,near_duplicate,99b26e0d1260b76f
../../foodsg-233_cleaned/Kway Teow/8V9EE7TYCGDSQ1BWPKDA5COA.jpg,Kway Teow,all,near_duplicate,99c1ce2a53bd1c95
../../foodsg-233_cleaned/ayam penyet/OV6V0YJ2FXE30DRFX4FICUUF.jpg,ayam penyet,all,near_duplicate,99c63298e863cd76
../../foodsg-233_cleaned/Claypot Rice/QMZLJ2A9JCDID4F6974NMCT6.jpg,Claypot Rice,all,near_duplicate,9a112de536db8639
"../../foodsg-233_cleaned/Rice, korean bulgogi beef/X4PM397YVLZ9FG6TBB7YRF3V.jpg","Rice, korean bulgogi beef",all,near_duplicate,9a1b91796ea03697
../../foodsg-233_cleaned/kway chap/JZ1KRU79W8DTL0H877E7JS1O.jpg,kway chap,all,near_duplicate,9a54f22a2596f2ad
../../foodsg-233_cleaned/rojak/1SOY372Y5FZAJ40QRC97YCGB.jpg,rojak,all,near_duplicate,9a57a562922178f7
"../../foodsg-233_cleaned/Rice, chicken katsu with Japanese curry/HTESU0BKMCFCB0J82Q3N1MEL.jpg","Rice, chicken katsu with Japanese curry",all,near_duplicate,9a61649739e36f18
../../foodsg-233_cleaned/chwee kueh/62N3ZGLBS3D108DOQBZY9S1X.jpg,chwee kueh,all,near_duplicate,9a62f89af03dc472
../../foodsg-233_cleaned/Mee soto/FGFO3FSM7WP2HRVV7QG5D084.jpg,Mee soto,all,near_duplicate,9a9aa4b55f565858
"../../foodsg-233_cleaned/Miso ramen, with fishcake/F16CA4OEHK5Z0K6A7S9X28EW.jpg","Miso ramen, with fishcake",all,near_duplicate,9aae01314ff07eb2
../../foodsg-233_cleaned/singapore sling/SKYVFJRAYI7OYC5IZEWZF1FZ.jpg,singapore sling,all,near_duplicate,9ae3393c369c49c6
../../foodsg-233_cleaned/spring rolls/D49O6BH09JRT7DCOR2EVRJC5.jpg,spring rolls,all,near_duplicate,9aef90d06fc0e20f
../../foodsg-233_cleaned/pitaya/HB2OJVO75E68UNO2ULX2ZIZA.jpg,pitaya,all,near_duplicate,9b6d9c91c6d2d0d2
../../foodsg-233_cleaned/Hor Fun/ZT3NXX4UIL4S3MCJ3F0UULW8.jpg,Hor Fun,all,near_duplicate,9b84afd550cb6d90
../../foodsg-233_cleaned/mangosteen/1X20OQM1LG681KRGRJ9SPMOL.jpg,mangosteen,all,near_duplicate,9b986e8794c5a13d
../../foodsg-233_cleaned/sambal stingray/04P8KNN062AQLZLLCZY1SSI3.jpg,sambal stingray,all,near_duplicate,9b9db111c1299f47
../../foodsg-233_cleaned/Hor Fun/KE0CE4JM82RJPKMBEQEFW9T7.jpg,Hor Fun,all,near_duplicate,9bc5fb1ae442d158
../../foodsg-233_cleaned/canned Fruit salad/67L5E2SHWM5S80RAK871HYIL.jpg,canned Fruit salad,all,near_duplicate,9bccb2f281b2c8e5
../../foodsg-233_cleaned/Nasi Ambeng/U11XS3U2XPUDOCPI7I18276R.jpg,Nasi Ambeng,all,near_duplicate,9bd3e4a1cc6093b6
../../foodsg-233_cleaned/mangosteen/CSJIQQIG0B5ZCR2YLZYWNTAW.jpg,mangosteen,all,near_duplicate,9bd96926666c9338
../../foodsg-233_cleaned/satay/LCVXB5B7QBRPBZFMP9XI4NSO.jpg,satay,all,near_duplicate,9bd9bf86c05a4c13
"../../foodsg-233_cleaned/Pilaf, pea/L2MAQUKNUVQ1SK7F3NWMW3I7.jpg","Pilaf, pea",all,near_duplicate,9c5b4b9d22d42cf1
../../foodsg-233_cleaned/passion fruit/GW1FAV574BXXC6Q2UO3CQOP1.jpg,passion fruit,all,near_duplicate,9c8fe1884eb34b0f
../../foodsg-233_cleaned/chicken wing/O6T539LPXSU9OWKRKK76ZDAR.jpg,chicken wing,all,near_duplicate,9cb96d74620a236f
../../foodsg-233_cleaned/pear/C9I5OXC9BNCUQHSZQSHTBN32.jpg,pear,all,near_duplicate,9cc6744627c8d765
../../foodsg-233_cleaned/sausage rolls/GZYFH49HYQT2UY1H782H2L82.jpg,sausage rolls,all,near_duplicate,9cd5dee0834a3aa6
../../foodsg-233_cleaned/egg tart/TQRX32Y2QI053UN1FPZ0N7GS.jpg,egg tart,all,near_duplicate,9ce729f81716310f
../../foodsg-233_cleaned/rock melon/FKZ5QIF8AZSMKUM0XT7DO4E0.jpg,rock melon,all,near_duplicate,9cebf314c442896f
../../foodsg-233_cleaned/waffle/Z0P3ZL7DQTW5ZZI4V2W3CEZQ.jpg,waffle,all,near_duplicate,9cf1786bb649a4a4
../../foodsg-233_cleaned/bak chor mee/JQQCX8IEVYRY4UT21SOP5T75.jpg,bak chor mee,all,near_duplicate,9cf821f5179632d1
../../foodsg-233_cleaned/yuseng/P4JXG25JU27HYDYOKAOYMOTG.jpg,yuseng,all,near_duplicate,9d015c065e773b78
../../foodsg-233_cleaned/Nasi Ambeng/L4YWU7596NK3GUT7EASS4D40.jpg,Nasi Ambeng,all,near_duplicate,9d3a254e9fc4d849
../../foodsg-233_cleaned/Udon/4FLU4LZCU3O57OC2BLCLCRD6.jpg,Udon,all,near_duplicate,9d954af261e983cc
../../foodsg-233_cleaned/kuih bahulu/DZONJ8U00QWFZXF9VNQRALTO.jpg,kuih bahulu,all,near_duplicate,9d9b6ad4b80f82d4
../../foodsg-233_cleaned/canned Fruit salad/2OFEYPZA4X3HROZOJJNTH2IE.jpg,canned Fruit salad,all,near_duplicate,9d9cc17e41c61f38
../../foodsg-233_cleaned/Fish and chips/MKIJ9XJ67JEA86K30SYIKA9X.jpg,Fish and chips,all,near_duplicate,9dd55497cee01865
../../foodsg-233_cleaned/chicken masala/F8KXKDFIXOAKS3RUZZ56Z4MP.jpg,chicken masala,all,near_duplicate,9de46687d833614e
../../foodsg-233_cleaned/cooked brown rice/Y7VL13BULF4ECKGMJJKSMUB3.jpg,cooked brown rice,all,near_duplicate,9df2706e63cc84b1
../../foodsg-233_cleaned/pizza/MZ8EC1A745F0KQWKN9635OG2.jpg,pizza,all,near_duplicate,9e15396e96726e0c
../../foodsg-233_cleaned/singapore sling/W5U0WKB9KVQESKKFZFR9KLWQ.jpg,singapore sling,all,near_duplicate,9e336163cd8c12f9
../../foodsg-233_cleaned/fried prawn/E05BDJ97TJSBEF8J8PCNAV1B.jpg,fried prawn,all,near_duplicate,9e4568466b9765ca
../../foodsg-233_cleaned/hokkien prawn mee/21BPB62ALD873HNBOCQCU8U4.jpg,hokkien prawn mee,all,near_duplicate,9e7d4ac8a85b6d84
../../foodsg-233_cleaned/Soft boiled eggs/0J5TL7ZUDT3WGRX46S2SAF05.jpg,Soft boiled eggs,all,near_duplicate,9e83e10e3ffe0a90
../../foodsg-233_cleaned/Chocolate/4P7SQ5IZ1D2GNF3FY8UR8746.jpg,Chocolate,all,near_duplicate,9e85f05ac13ee165
../../foodsg-233_cleaned/mee pok/KKFH4TX3HUGUQ4P9HSA61QPF.jpg,mee pok,all,near_duplicate,9ec809a77670794d
../../foodsg-233_cleaned/Pung Kueh/YIF07FDJKYVD9XEYVXXCNMXJ.jpg,Pung Kueh,all,near_duplicate,9ed455de6e8e8091
../../foodsg-233_cleaned/fried prawn/FRT85TWAX7BE9TB7CRD7X7IW.jpg,fried prawn,all,near_duplicate,9ede44d513d2c272
../../foodsg-233_cleaned/dumpling/J0G81YQKROOFH9DJN9WFK5UL.jpg,dumpling,all,near_duplicate,9ef087639a276998
../../foodsg-233_cleaned/char siew pau/U3K1MH0YUN995HW9N02EQRW0.jpg,char siew pau,all,near_duplicate,9f9460c14f866d9e
../../foodsg-233_cleaned/Fried Noodles/ZKF3BCASWX8IIX9G9ZYFPDQ3.jpg,Fried Noodles,all,near_duplicate,9f95f85c58d26059
../../foodsg-233_cleaned/Laksa/32IUT2N6Y67KKRVQ1655T4NB.jpg,Laksa,all,near_duplicate,9fa5849e37a20a5b
../../foodsg-233_cleaned/sambal stingray/YVF7UM25L0A5Z7SCB6IX7JBU.jpg,sambal stingray,all,near_duplicate,9fd06961e4f09f22
"../../foodsg-233_cleaned/Don, chicken teriyaki/7LV8DL3F8F6ENQU0EY8CNGED.jpg","Don, chicken teriyaki",all,near_duplicate,9fd0c0f127c729cc
../../foodsg-233_cleaned/Kway Teow/2WUMX1VQQ2XRK0FAWT7PFM2C.jpg,Kway Teow,all,near_duplicate,9fdee520d4125a0f
../../foodsg-233_cleaned/Fruit juice/8N8PFSO2Q7G4M7IBT8DE5H1E.jpg,Fruit juice,all,near_duplicate,a007cbb2d4ddf129
../../foodsg-233_cleaned/chilli crab/96JNRUFAZR0VPIG2CZMJHE4C.jpg,chilli crab,all,near_duplicate,a016e9f4867ad378
../../foodsg-233_cleaned/sambal kangkong/KRDL9ODQJTMF4ZVY3TW0LYH1.jpg,sambal kangkong,all,near_duplicate,a04eafb950c3279e
../../foodsg-233_cleaned/cheng tng/4WCB5JRYAB6ANWLQNB7C1LL1.jpg,cheng tng,all,near_duplicate,a06fc3999a669cb4
../../foodsg-233_cleaned/sliced fish soup/IL84VMZQ7QC79SMDU3SAAK7D.jpg,sliced fish soup,all,near_duplicate,a0709f48dfc97a31
../../foodsg-233_cleaned/wholegrain pasta/AAZKU1AQGSO2XRXIAD1NR8LB.jpg,wholegrain pasta,all,near_duplicate,a07d15f8b7031e99
../../foodsg-233_cleaned/Fried Noodles/5VWRQLN6FUHJ96I4KS9Z2EPU.jpg,Fried Noodles,all,near_duplicate,a087873e9e717472
../../foodsg-233_cleaned/nasi lemak/HI1OIXBELJJA7LFQRUPZD867.jpg,nasi lemak,all,near_duplicate,a0932f6ca8cf635c
../../foodsg-233_cleaned/mangosteen/6492LFZ2L5QK7M7R5AS42RH0.jpg,mangosteen,all,near_duplicate,a09e87fa9e791261
../../foodsg-233_cleaned/egg tart/4SLZOAJ14CM5RCLQ80VT1XTZ.jpg,egg tart,all,near_duplicate,a0adce52b15b3ed0
../../foodsg-233_cleaned/Kway Teow/2W6IGT5Z4AWW0XFXR6MZ7A2G.jpg,Kway Teow,all,near_duplicate,a0b907524f4db7cc
../../foodsg-233_cleaned/bak chor mee/7XLBTROGC14NT8WWU5WWVHJX.jpg,bak chor mee,all,near_duplicate,a0bc87ee9f311b22
../../foodsg-233_cleaned/CNY love letter/GTYR0LS5IK4UW7V6HXTRJ6D3.jpg,CNY love letter,all,near_duplicate,a0c31fbc3ec070cf
../../foodsg-233_cleaned/Kway Teow/GGZ9MX2EB64LBIASSEH15MZF.jpg,Kway Teow,all,near_duplicate,a0c49fa73cbad88c
../../foodsg-233_cleaned/Pung Kueh/5V59607EFFK6CXE10LVH3GJ5.jpg,Pung Kueh,all,near_duplicate,a0d24bb83893b5dd
../../foodsg-233_cleaned/Pung Kueh/SXMRT00ZP3GDETDTGR00HSBC.jpg,Pung Kueh,all,near_duplicate,a0d24bfc7a3238d3
../../foodsg-233_cleaned/Pung Kueh/IWUXSSHBW9VS5VYGI3GEWGPI.jpg,Pung Kueh,all,near_duplicate,a0d24bfc7a3238d3
../../foodsg-233_cleaned/bakso/UYACCGZOXV5H4V6JEMLUE38L.jpg,bakso,all,near_duplicate,a0f197e29cc31a4f
"../../foodsg-233_cleaned/Pilaf, pea/06T3JBR0M9HIWTJO951JE6QS.jpg","Pilaf, pea",all,near_duplicate,a0f19ff0f887861c
../../foodsg-233_cleaned/chicken pie/YD67500D90YHVW13WPQIS7X1.jpg,chicken pie,all,near_duplicate,a10617e7c9f01f8d
../../foodsg-233_cleaned/cherries/5KIYA8T4PTT2YNPB7VLH6JZW.jpg,cherries,all,near_duplicate,a11897b73f099279
../../foodsg-233_cleaned/Hor Fun/ROA8R5XL2WG84GU0SDDVMTAP.jpg,Hor Fun,all,near_duplicate,a11c0f7897439ee6
../../foodsg-233_cleaned/fried chicken/1CM7X72O8Y9Q3MMMX6PHSQCL.jpg,fried chicken,all,near_duplicate,a15c9661696a3c9f
../../foodsg-233_cleaned/char siew pau/YB549DNFNBWUOONZBT0A3BU6.jpg,char siew pau,all,near_duplicate,a181de7c47993867
../../foodsg-233_cleaned/chwee kueh/9T7C8I9ZCTJ4OJAQV38X7DVR.jpg,chwee kueh,all,near_duplicate,a18582fecd70de34
../../foodsg-233_cleaned/Pung Kueh/V4BJGA6TNR16MHVDB20FCC6Z.jpg,Pung Kueh,all,near_duplicate,a18e9a398e71339e
../../foodsg-233_cleaned/tutu kueh/AZEMAB93V7UQ4ICCVJH2AMLP.jpg,tutu kueh,all,near_duplicate,a1975ef8a82e3631
../../foodsg-233_cleaned/lychee/YXDVM08C3TDDJK8I9051AS4L.jpg,lychee,all,near_duplicate,a1c9db6ac5b482b5
../../foodsg-233_cleaned/miso soup/CWGFB8210NAEQOI3XVZ09SV9.jpg,miso soup,all,near_duplicate,a1ca36add2b09a8f
../../foodsg-233_cleaned/chicken wing/8D8NHPBBTMABGX1GL7S0C52P.jpg,chicken wing,all,near_duplicate,a1d39fdf78422149
../../foodsg-233_cleaned/tandoori chicken/VV5FHMTA1HNAGTQQLWBW2AM6.jpg,tandoori chicken,all,near_duplicate,a1e39f926c4d30c7
../../foodsg-233_cleaned/rojak/0UWQQEGHIOPTKHRQVY8WBT4D.jpg,rojak,all,near_duplicate,a222f16bc1f45ba3
../../foodsg-233_cleaned/kway chap/9VK9PGX8XAOX5ZH2J0SANNJ5.jpg,kway chap,all,near_duplicate,a23af5a07b12d993
../../foodsg-233_cleaned/cheese fries/7J0PWT5ZIN9HLWSD7ERIT746.jpg,cheese fries,all,near_duplicate,a26ae80c9db795c5
../../foodsg-233_cleaned/roti john/M1Y0XR8GGZAQBIRAO23L0SL2.jpg,roti john,all,near_duplicate,a281b78f485ce37a
../../foodsg-233_cleaned/chicken rice/2N7F4JJFLJA86MR0LGOZ5BLL.jpg,chicken rice,all,near_duplicate,a28e869f766a899c
../../foodsg-233_cleaned/Grapefruit/J0LVUMG2ON0EHMPF7VDNODUL.jpg,Grapefruit,all,near_duplicate,a2a5161b4fd2d91b
../../foodsg-233_cleaned/CNY love letter/PAF33DLK2OKE93MG9IOO2YGQ.jpg,CNY love letter,all,near_duplicate,a2b7c504fc60b07f
../../foodsg-233_cleaned/goreng pisang/F48ZWJ545XT8B4H9GDVV3JZO.jpg,goreng pisang,all,near_duplicate,a2d4635ba4275b78
../../foodsg-233_cleaned/Bubble Milk Tea/0LOVIE1DYC4OPT66BG6EL91X.jpg,Bubble Milk Tea,all,near_duplicate,a31fe4619b278f82
../../foodsg-233_cleaned/yuseng/7T6336AS3FOPEYOVAC8KO7J8.jpg,yuseng,all,near_duplicate,a32c55f8ce03e81f
../../foodsg-233_cleaned/singapore sling/TO9CEJHSV6C29MKV662TSGPT.jpg,singapore sling,all,near_duplicate,a359c826fc229f69
../../foodsg-233_cleaned/whole oats/OHAO3TNZKEX16SIF89I2PQ28.jpg,whole oats,all,near_duplicate,a398d5478c6f82b9
../../foodsg-233_cleaned/whole oats/OHG824PKUOMZCEA3O0XPLIDX.jpg,whole oats,all,near_duplicate,a398d5478c6f82b9
../../foodsg-233_cleaned/bak kut teh/L254AO42N07XDXGWNIZ7H3V0.jpg,bak kut teh,all,near_duplicate,a3c710bf3cd0e24b
../../foodsg-233_cleaned/Bubble Milk Tea/M8RONV6FTADQI2VSG4UIK0FT.jpg,Bubble Milk Tea,all,near_duplicate,a3d91977881d6336
../../foodsg-233_cleaned/chai tow kuay/A3H3ZZS74WB7U93T5WIBZCQ0.jpg,chai tow kuay,all,near_duplicate,a42d76f1c89681fc
../../foodsg-233_cleaned/Wholegrain Wrap/C9CCA26JBURHWCRSKQ9GDDBX.jpg,Wholegrain Wrap,all,near_duplicate,a43435b67ee2c89a
../../foodsg-233_cleaned/Peanut Pancake/5TLA61PLRJWLI76LHN5P5WLB.jpg,Peanut Pancake,all,near_duplicate,a43ed9c2c53ec43a
../../foodsg-233_cleaned/Chocolate/HD4XYSOLM4MVUBF9FLG63IIN.jpg,Chocolate,all,near_duplicate,a461e2969bd99d64
../../foodsg-233_cleaned/begedil/R5O5TISGVF0I3JAJ3HYUQGMV.jpg,begedil,all,near_duplicate,a47a03c57ef039ca
"../../foodsg-233_cleaned/Pilaf, pea/WRPUZLL536E4IGQNA878NZYV.jpg","Pilaf, pea",all,near_duplicate,a493ca6c9966cb99
../../foodsg-233_cleaned/cheng tng/0NWRTRF8Y89FG1BNQGAFYPV9.jpg,cheng tng,all,near_duplicate,a496db6bd8943163
../../foodsg-233_cleaned/Dumpling noodle soup/O9W80HYHKO0M7O8P99XGP0GO.jpg,Dumpling noodle soup,all,near_duplicate,a49adf0900f7b3c9
../../foodsg-233_cleaned/hotplate tofu/746SR0CK33WVIDP6EAI9YRCV.jpg,hotplate tofu,all,near_duplicate,a4b4f2c9c9058fcb
../../foodsg-233_cleaned/drunken prawn/OJU174EE2K17VI8OKRVTZCYL.jpg,drunken prawn,all,near_duplicate,a4ba2c396bd8f162
../../foodsg-233_cleaned/singapore sling/R21ZST5CPGLP5M8JF2C8N555.jpg,singapore sling,all,near_duplicate,a4cd9211cef36c63
../../foodsg-233_cleaned/rambutan/A06932RAKM1YT2EH3TTCI8YN.jpg,rambutan,all,near_duplicate,a4d6c62bb061976b
../../foodsg-233_cleaned/spring rolls/538WEIQ4V0KMDULHVPXGOQES.jpg,spring rolls,all,near_duplicate,a4db3b5927a4924d
../../foodsg-233_cleaned/tumpeng/QW2ULWWZKTI5HF4I33LXSCRS.jpg,tumpeng,all,near_duplicate,a4e9c4b12d966a9e
../../foodsg-233_cleaned/begedil/7KOPZWQXJYK2RO0Z1RNYR3LT.jpg,begedil,all,near_duplicate,a556113fe9a881f3
../../foodsg-233_cleaned/goreng pisang/H42DEJMLUGBRO7SKRHKTZZMY.jpg,goreng pisang,all,near_duplicate,a57a16ae7c283c27
../../foodsg-233_cleaned/Mee rebus/ZTCI35YAWL0W7QO3CBZKGUF6.jpg,Mee rebus,all,near_duplicate,a584d84dc13f1bb6
../../foodsg-233_cleaned/Grape/6WD7M48EFT1CNYHSHM4UIBW2.jpg,Grape,all,near_duplicate,a594d04b711a7be5
../../foodsg-233_cleaned/bak chor mee/CT18KKNIB2LWA9C9K41YOK2P.jpg,bak chor mee,all,near_duplicate,a59772a031cdd8c7
../../foodsg-233_cleaned/tom yum noodle soup/A4W8LZIB11876C60UZ1PPAVR.jpg,tom yum noodle soup,all,near_duplicate,a5bbd6ecd8845909
../../foodsg-233_cleaned/rock melon/71Q5UWV5IC1LD2V6996UC5YJ.jpg,rock melon,all,near_duplicate,a5c39e1ec930cf91
../../foodsg-233_cleaned/Fruit juice/59QRQENYPW8ODA1MPINUSIT2.jpg,Fruit juice,all,near_duplicate,a5c69c31c28f76d8
../../foodsg-233_cleaned/CNY love letter/80TKG2BM0Q0Z2OLVH800YXRC.jpg,CNY love letter,all,near_duplicate,a5d39e0db5f2120d
../../foodsg-233_cleaned/Pung Kueh/TOHZOTNGZYTDC4J54AM0EGMD.jpg,Pung Kueh,all,near_duplicate,a5e2538d7cd66191
../../foodsg-233_cleaned/black pepper crab/ODGMVRRXWG2JMBMBZ96W2HPB.jpg,black pepper crab,all,near_duplicate,a60785f897c14ef1
../../foodsg-233_cleaned/Seafood Noodles Soup/GD194UTD6NUHLVHIE2F72IST.jpg,Seafood Noodles Soup,all,near_duplicate,a615bd0f6ad82c2b
../../foodsg-233_cleaned/french fries/ITTWQ8ZE6AFTMSDVI0E1WQ09.jpg,french fries,all,near_duplicate,a634d19a9ec5c23b
../../foodsg-233_cleaned/Alcoholic Beverage/3J25DBFXSXA8JSHEOBW2TXT1.jpg,Alcoholic Beverage,all,near_duplicate,a69b83cc3166339b
../../foodsg-233_cleaned/Grapefruit/VF9LW9HV0QRP4Y139W4XXBB5.jpg,Grapefruit,all,near_duplicate,a6b1582677eca41b
../../foodsg-233_cleaned/chicken chop/K8I68EBQPABL9ZDXP0U8DK1X.jpg,chicken chop,all,near_duplicate,a6c3850f5ebe8a0b
../../foodsg-233_cleaned/Grapefruit/S6Z81VZ0ZM9I7Z4I6KSOUAP9.jpg,Grapefruit,all,near_duplicate,a6d6c93def131860
../../foodsg-233_cleaned/Grape/ACRWYKJSEFLEA7GKGHU54E75.jpg,Grape,all,near_duplicate,a709f194ed033ab6
../../foodsg-233_cleaned/lontong/KOMMHQ0OC91P114V26TR3FYZ.jpg,lontong,all,near_duplicate,a77bd5ec45a10aa2
../../foodsg-233_cleaned/pineapple tarts/TWITV3JVUKE3HHFN8AIRENJO.jpg,pineapple tarts,all,near_duplicate,a791b8978d5af144
../../foodsg-233_cleaned/Nasi pattaya/679M847VMVTRJF992CP032N9.jpg,Nasi pattaya,all,near_duplicate,a7b156607c1d12dd
../../foodsg-233_cleaned/cereal prawns/9LC9Z6EC9KA57TOYTCGTFA4D.jpg,cereal prawns,all,near_duplicate,a7b8804c1fea7ce1
../../foodsg-233_cleaned/Fruit juice/MPB8RTB5MV1BYJT0NZ8LGE2L.jpg,Fruit juice,all,near_duplicate,a7c0db1bd027c42f
../../foodsg-233_cleaned/bak chor mee/Y2RTDZRB3CU0F1HZO56A1YW0.jpg,bak chor mee,all,near_duplicate,a7c8fbe0ecb0880f
../../foodsg-233_cleaned/chwee kueh/6Q4NQFVB858LHGHZQTS9DIU8.jpg,chwee kueh,all,near_duplicate,a7cde2930e6c1a33
../../foodsg-233_cleaned/chicken rice/8GWSPDQL3LTRIWH9KJBJ634M.jpg,chicken rice,all,near_duplicate,a7d06ca5941aa6e7
../../foodsg-233_cleaned/Wholegrain Wrap/HCEEN4HTWE8ZR40WQAT1LRP1.jpg,Wholegrain Wrap,all,near_duplicate,a7d15844f23ac9ec
../../foodsg-233_cleaned/gulai daun ubi/XAPQK3I172Y64QYFIICM8EFR.jpg,gulai daun ubi,all,near_duplicate,a7e19c8c71986733
../../foodsg-233_cleaned/char siew pau/MF4TL58ANNPE46LF75DMPOBS.jpg,char siew pau,all,near_duplicate,a7e69436731185e5
../../foodsg-233_cleaned/strawberry/90183GXHSYCB88E5KDMPAXDJ.jpg,strawberry,all,near_duplicate,a7fe86b2f011c80f
../../foodsg-233_cleaned/miso soup/A2CRSJIC5AYLYRJ36XTXN3W2.jpg,miso soup,all,near_duplicate,a81b97ec587225cd
../../foodsg-233_cleaned/Kueh Salat/YHOR97W97YV8DJUB3T45Y2U1.jpg,Kueh Salat,all,near_duplicate,a83935a6c746873d
../../foodsg-233_cleaned/rojak/258RZBKP8NG08RA0YX6DXFHL.jpg,rojak,all,near_duplicate,a84945171e9f785e
../../foodsg-233_cleaned/char siew/RJFK5T4BY538ZUDSIO9ZNNU1.jpg,char siew,all,near_duplicate,a85995978539952f
../../foodsg-233_cleaned/baked beans/9PZUQXCHIPMSN25H18T82W9F.jpg,baked beans,all,near_duplicate,a86c97a19e565caa
../../foodsg-233_cleaned/popiah/NMSW33ZHHXGP2HOL3W7SO79I.jpg,popiah,all,near_duplicate,a8c1f676caff6400
../../foodsg-233_cleaned/satay bee hoon/G803VZ4K7XDZEN8ZE6IVS4Z3.jpg,satay bee hoon,all,near_duplicate,a8d4bde2d2d8d581
../../foodsg-233_cleaned/bakso/Q8NSJ22WI57AJJNDDQTENHB3.jpg,bakso,all,near_duplicate,a8d7809e83de87d8
../../foodsg-233_cleaned/popcorn/LPSZOT7G0YZBT1E637KBCYOJ.jpg,popcorn,all,near_duplicate,a8d78568f78688f1
../../foodsg-233_cleaned/Mee goreng/9S1133M5AQR7V38405A9F4S3.jpg,Mee goreng,all,near_duplicate,a8d9afcfc0521a3a
../../foodsg-233_cleaned/black pepper crab/AHG8I56R3Q0VLMA5RZA4T146.jpg,black pepper crab,all,near_duplicate,a8f18197934b1bc7
../../foodsg-233_cleaned/wholegrain pasta/ZNL1DD8W1MLD5V23JFUJSYFV.jpg,wholegrain pasta,all,near_duplicate,a8f7970b82cc607b
../../foodsg-233_cleaned/Pomelo/535NM525RVZDO4RGZ1KG1450.jpg,Pomelo,all,near_duplicate,a91f96fcd8c0611b
../../foodsg-233_cleaned/Mee bandung/O9WQ803WEC8NDKVE1BXR8KW1.jpg,Mee bandung,all,near_duplicate,a92a4bf02ba2bee4
../../foodsg-233_cleaned/Nasi Ambeng/YL468YDLY8WC4RXCAI05ZE3T.jpg,Nasi Ambeng,all,near_duplicate,a9603527d61df239
"../../foodsg-233_cleaned/Wanton mee, dry/2YFX5X8FPHKJAGT4NYOTKIPF.jpg","Wanton mee, dry",all,near_duplicate,a990126b3fe5db90
../../foodsg-233_cleaned/sirloin steak/CTRBN1TYF250YUZ6RTM0LQDT.jpg,sirloin steak,all,near_duplicate,a9c715f830c3fc0e
../../foodsg-233_cleaned/honeydew/BCUFFBUXG0VE6788IYRT2OLY.jpg,honeydew,all,near_duplicate,a9c92df8c21a971e
../../foodsg-233_cleaned/sausage rolls/RS19YYLCSYENI4F58W99HWVH.jpg,sausage rolls,all,near_duplicate,a9d1e3253c74e06d
../../foodsg-233_cleaned/chicken pie/XVVF0BJXI9TD6C7ZUNF8YUJ1.jpg,chicken pie,all,near_duplicate,a9da346d9232ce8b
../../foodsg-233_cleaned/kueh lapis baked/RJWHZCPZS31TIQFZQRCY3NKC.jpg,kueh lapis baked,all,near_duplicate,a9f29c38d24ac967
../../foodsg-233_cleaned/Udon/IYYDQO97DDETSSM4NPOMZVIM.jpg,Udon,all,near_duplicate,a9f8d2d62d89e834
../../foodsg-233_cleaned/cereal prawns/543831LY1OQ9XTNY2890AOWF.jpg,cereal prawns,all,near_duplicate,a9fef720d083c0b5
../../foodsg-233_cleaned/bak kut teh/4G1BCUIWYJRFL9LVIMGDSIBX.jpg,bak kut teh,all,near_duplicate,aa02a50cf5f0ce77
../../foodsg-233_cleaned/Soto ayam/RNBX1JAYHRG521JC96I1X26Y.jpg,Soto ayam,all,near_duplicate,aa06958b49ceb67a
../../foodsg-233_cleaned/green leafy vegetables/KRSB1DEBPOBG8CQY40CUFUZ4.jpg,green leafy vegetables,all,near_duplicate,aa07c5369e699a36
../../foodsg-233_cleaned/satay bee hoon/L7Y5OZIPX6C1VN0V5178QB5J.jpg,satay bee hoon,all,near_duplicate,aa08bd1998bdd9d8
../../foodsg-233_cleaned/honeydew/UTJLDV4RJTSEOGLWANKER23W.jpg,honeydew,all,near_duplicate,aa0fcd9e7ed86060
../../foodsg-233_cleaned/Peanut Pancake/4OFV7K35G9KGAVJWLMTH3SEA.jpg,Peanut Pancake,all,near_duplicate,aa169073c0ecdd9d
../../foodsg-233_cleaned/mushroom soup/D6YV8ED8S2XUBBLAQHODLHN6.jpg,mushroom soup,all,near_duplicate,aa22f5f2c5cf2c0c
../../foodsg-233_cleaned/yuseng/VWKLN7MP4GKE77SMPOHDL3Y2.jpg,yuseng,all,near_duplicate,aa2ec36f1970c2f4
../../foodsg-233_cleaned/hotplate tofu/VHKCQL8FBN48P7SQMG2G6GT3.jpg,hotplate tofu,all,near_duplicate,aa32bcb4e343d06e
../../foodsg-233_cleaned/Peanut Pancake/IEAN00ECGCIL8Y3IPL4AV8N4.jpg,Peanut Pancake,all,near_duplicate,aa35d2ed85d259c8
../../foodsg-233_cleaned/chicken pie/8MHKM3YUKUKUCJXG0E6SCA0B.jpg,chicken pie,all,near_duplicate,aa4e1c65b50d7a2b
../../foodsg-233_cleaned/sirloin steak/H6NSLSK2WC9PR1U8G4H2P05Q.jpg,sirloin steak,all,near_duplicate,aa64d51e9872c1bd
../../foodsg-233_cleaned/tau suan/FZOAQ754TQOW02069UD8SQ3I.jpg,tau suan,all,near_duplicate,aa6a2d71b46592d5
../../foodsg-233_cleaned/mixed vegetables/53XES6XK36BO1XUPWIWNJQML.jpg,mixed vegetables,all,near_duplicate,aa6d3d42f65bd208
../../foodsg-233_cleaned/CNY love letter/6FEW8YHOJOAX2XG9UJUN5OPI.jpg,CNY love letter,all,near_duplicate,aa6fc0a1f7949e12
../../foodsg-233_cleaned/chicken soup/1AVLT2KZ0OLI7RJLOWRZ9FWH.jpg,chicken soup,all,near_duplicate,aa7575cfcd306091
../../foodsg-233_cleaned/Peanut Pancake/XIKL0D3CSV2LU3GTXAJI24ZG.jpg,Peanut Pancake,all,near_duplicate,aa7f428a4a7acaca
../../foodsg-233_cleaned/pancake/UIZEC82COEJ0TWXV8REKMB5M.jpg,pancake,all,near_duplicate,aa81c71ed729517a
../../foodsg-233_cleaned/chicken masala/HL25MFE0TOQ6VARHDSLNTRDZ.jpg,chicken masala,all,near_duplicate,aa84815e7d7e74e0
../../foodsg-233_cleaned/bak kwa/1P9GAJ21S66T9LHDZD5MHGYY.jpg,bak kwa,all,near_duplicate,aa85a70e84fd8c7c
../../foodsg-233_cleaned/rambutan/B5KUOBGKB7HGVSB1ELAAU2VN.jpg,rambutan,all,near_duplicate,aa85d81e997a8d69
../../foodsg-233_cleaned/drunken prawn/UABLGVW24BVWL857AZEN1SOB.jpg,drunken prawn,all,near_duplicate,aa86045e293f4f7c
../../foodsg-233_cleaned/chicken pie/NUJNOS7V8O7GHAXVL16EPK47.jpg,chicken pie,all,near_duplicate,aa8735959474f293
../../foodsg-233_cleaned/kaya toast/MAH6P0BC3J57S7C5LJ9LRALG.jpg,kaya toast,all,near_duplicate,aa87b5bf498007e9
../../foodsg-233_cleaned/Indian Pancake/7QUTI5XI2JU70K4XA2V2R8EM.jpg,Indian Pancake,all,near_duplicate,aa8bd6d239d12a4b
../../foodsg-233_cleaned/Mee rebus/AHMDGA8QUXMHMZ88ROGLRHJ8.jpg,Mee rebus,all,near_duplicate,aa8fc50a163e9b2d
../../foodsg-233_cleaned/lamb chops/AAYHZBV744FTEZHOL3J4F01U.jpg,lamb chops,all,near_duplicate,aa91d57a046f3bc2
../../foodsg-233_cleaned/rojak/XBYLPAL8HCB1BLDV1AL6QIH2.jpg,rojak,all,near_duplicate,aa99bc46c16f8359
../../foodsg-233_cleaned/satay bee hoon/7Z9J2VEW72TD9RDO8R8T2SD4.jpg,satay bee hoon,all,near_duplicate,aa9ce564b4b238cb
../../foodsg-233_cleaned/whole oats/K1EB0STAE4F5C7MRXKTMD0EC.jpg,whole oats,all,near_duplicate,aa9d94625f0f60f8
../../foodsg-233_cleaned/kway chap/ITIU3KHLIM4V554FMOC05B4V.jpg,kway chap,all,near_duplicate,aa9da51bc433995a
../../foodsg-233_cleaned/mangosteen/E0IH3UMP2CO1380SRT1DLO9D.jpg,mangosteen,all,near_duplicate,aaa53373ca0c9c73
../../foodsg-233_cleaned/Lor mee/7K0TXBHLGM37TWSC6TD9OM7G.jpg,Lor mee,all,near_duplicate,aab0fd27b19490da
../../foodsg-233_cleaned/chai tow kuay/MVCPEP51FDFV5A98SJ6LL1PJ.jpg,chai tow kuay,all,near_duplicate,aab42d265ed8e187
../../foodsg-233_cleaned/Pung Kueh/YO39XI8Q5PR0VC1W3KWWC8PF.jpg,Pung Kueh,all,near_duplicate,aab5c84d76e8a41b
../../foodsg-233_cleaned/jackfruit/GO20OHLMHVEULV0KJD5POECR.jpg,jackfruit,all,near_duplicate,aab5faf0c003878f
../../foodsg-233_cleaned/Lor mee/N7H5CR9BU3Q9WMKMZF8YAEXL.jpg,Lor mee,all,near_duplicate,aabcadd132420df9
../../foodsg-233_cleaned/Kway Teow/NHZEPFR1FN7ZD3TNGAP6HPQV.jpg,Kway Teow,all,near_duplicate,aabdb57694e181c2
../../foodsg-233_cleaned/cheng tng/0D84M7UHK74D3XYQFSJSWXL0.jpg,cheng tng,all,near_duplicate,aac1a534dae6d8ca
../../foodsg-233_cleaned/sambal/MWK751YR9VK144701H9CRBCD.jpg,sambal,all,near_duplicate,aac2851d9a3acb6b
../../foodsg-233_cleaned/Hor Fun/WTR71MWCJZUULA6EL7QZUKDC.jpg,Hor Fun,all,near_duplicate,aac3a042879f975b
"../../foodsg-233_cleaned/Bee hoon, soto/0PYK611HVTP9K9NQE1WGH1NB.jpg","Bee hoon, soto",all,near_duplicate,aac3bdc0b1aa958e
../../foodsg-233_cleaned/oyster omelette/6T0P6EOVOJ9ZPUBJNKOVSTJ0.jpg,oyster omelette,all,near_duplicate,aaca852d8da7949b
../../foodsg-233_cleaned/buckwheat/SPLZLCCO5MGD47M0O2FGEWQU.jpg,buckwheat,all,near_duplicate,aacb9f3670a5a584
../../foodsg-233_cleaned/hotplate tofu/I0RDE30GG97TKIJCLWZQ6NGQ.jpg,hotplate tofu,all,near_duplicate,aace9545ba17507a
../../foodsg-233_cleaned/Kueh Salat/8UNEB2FK4C6M0Y7EEHIB1WZ2.jpg,Kueh Salat,all,near_duplicate,aad3f5c0c0c3c31f
../../foodsg-233_cleaned/gulai daun ubi/NV620VX6U9IMXS7IZ59PA2NJ.jpg,gulai daun ubi,all,near_duplicate,aad40285299f967f
../../foodsg-233_cleaned/mushroom soup/A0M4Y1EBAV6EO1G20AOH0T0T.jpg,mushroom soup,all,near_duplicate,aad5a59b9dc30169
../../foodsg-233_cleaned/chai tow kuay/YC2F430F4QF2TTMGH4I6MAZI.jpg,chai tow kuay,all,near_duplicate,aad5d5d6d24a8c61
../../foodsg-233_cleaned/rojak/6KG6LZNQO167DSQC3B1VQGAC.jpg,rojak,all,near_duplicate,aad6bd69e42036c9
../../foodsg-233_cleaned/Kway Teow/Y31360ICQ5T5FCV8EZ1TCWW6.jpg,Kway Teow,all,near_duplicate,aad9f5448a5b853c
../../foodsg-233_cleaned/cheng tng/4YCPJ8LPPCKK7ZPOD2UWT7HS.jpg,cheng tng,all,near_duplicate,aadc950b6c3f83e0
../../foodsg-233_cleaned/pancake/NK8WQJO9VZ4UM0IU2JESW54O.jpg,pancake,all,near_duplicate,aaec6dec359192d0
../../foodsg-233_cleaned/dumpling/607VIHZ64WQ4NAB6J0MZ7ROR.jpg,dumpling,all,near_duplicate,aaecb52346b35a89
../../foodsg-233_cleaned/Kway Teow/YSLI999CPGPF5PHIY0BLUFP5.jpg,Kway Teow,all,near_duplicate,aaf085d53ac6b54a
../../foodsg-233_cleaned/passion fruit/8MNDAJ60D2SKT3R4E3KM6Z80.jpg,passion fruit,all,near_duplicate,aaf1909e7b30269e
../../foodsg-233_cleaned/biscuit/BL6IM37AMHZNAD7PR3UMV86R.jpg,biscuit,all,near_duplicate,aaf1d500c02a6bff
../../foodsg-233_cleaned/cheng tng/X88RKCRIZG4B749NMI3NZJ0U.jpg,cheng tng,all,near_duplicate,aaf585c29e8e9ac1
../../foodsg-233_cleaned/Pung Kueh/JVU1RLAXQ1CBPKL8HMMX9D53.jpg,Pung Kueh,all,near_duplicate,aaf5c2f2f14d1252
../../foodsg-233_cleaned/Kueh Salat/LPRJQRBO6LZKFR3S1X9CTD5I.jpg,Kueh Salat,all,near_duplicate,ab060783707cf27d
../../foodsg-233_cleaned/rojak/U000M0E16SB8R2IEF3NCGGE9.jpg,rojak,all,near_duplicate,ab0bf728f19ec023
../../foodsg-233_cleaned/Kueh Salat/PS8WSQPTA8ZHTJ97H0GJT14M.jpg,Kueh Salat,all,near_duplicate,ab0d50017a6fe5ea
../../foodsg-233_cleaned/bak kwa/6VCVLBQGUBJ1MU3HAUVPU80N.jpg,bak kwa,all,near_duplicate,ab12957f92f85381
../../foodsg-233_cleaned/Tauhu Goreng/9KVJ8P8F4K331X5B74WC5DLK.jpg,Tauhu Goreng,all,near_duplicate,ab18c427911f8f1f
../../foodsg-233_cleaned/drunken prawn/VMKE2SKM2MG0RL6PGC1YKLD6.jpg,drunken prawn,all,near_duplicate,ab46b49efa243471
../../foodsg-233_cleaned/vegetable soup/EK4FC4EC5XVWQQ65QFW3J0VD.jpg,vegetable soup,all,near_duplicate,ab69d4617944749e
../../foodsg-233_cleaned/Kway Teow/QL57MMVKPIBDQJ7W5HTDGS8B.jpg,Kway Teow,all,near_duplicate,ab6bd034db32b413
../../foodsg-233_cleaned/Kway Teow/J34AMTTEWSWJ10NDZLYFFWPH.jpg,Kway Teow,all,near_duplicate,ab83ee4fa41bb051
"../../foodsg-233_cleaned/Pilaf, pea/0C3SBWDXQ4LGIREMPW44ZNUC.jpg","Pilaf, pea",all,near_duplicate,ab85861b796cb692
../../foodsg-233_cleaned/goreng pisang/TQDOH3K2VA8M9AVXNOWMVJ68.jpg,goreng pisang,all,near_duplicate,ab89785f47022d4f
../../foodsg-233_cleaned/Chocolate/DBZ7YQ976ZEYN5PML2AM9F5G.jpg,Chocolate,all,near_duplicate,ab8ad1756b933419
../../foodsg-233_cleaned/mixed vegetables/UYGT7OSB150CV99D7UJCE2LG.jpg,mixed vegetables,all,near_duplicate,ab8e1be456d864c9
../../foodsg-233_cleaned/spring rolls/7BRJQTU5UV52O9U05D6KETSS.jpg,spring rolls,all,near_duplicate,ab96a5187373344b
../../foodsg-233_cleaned/goreng pisang/L2FQBEQ7UWF4BLOTFI5S642P.jpg,goreng pisang,all,near_duplicate,ab98253b49f74896
../../foodsg-233_cleaned/chai tow kuay/EE98YJKZROVSIY335TSNW7DR.jpg,chai tow kuay,all,near_duplicate,aba0b51dd62cc91b
../../foodsg-233_cleaned/vegetarian bee hoon/DP3Y53I2UEXWLI6J9G819KL6.jpg,vegetarian bee hoon,all,near_duplicate,abb5d1a55432855e
../../foodsg-233_cleaned/wholegrain pasta/53TN16M7UDTPE7Z123NP78S3.jpg,wholegrain pasta,all,near_duplicate,abb64acb21e53625
../../foodsg-233_cleaned/blueberries/HYK76B1PBTMK7GJF0UUW9UXD.jpg,blueberries,all,near_duplicate,abb7d4d2ca0bcd08
../../foodsg-233_cleaned/Mee goreng/TJTW1ZPBVAM97KM81N4GAN4I.jpg,Mee goreng,all,near_duplicate,abb9574229656527
../../foodsg-233_cleaned/chicken masala/QW0H7AN31XC5LXLBK6VQ7LL4.jpg,chicken masala,all,near_duplicate,abc09d4870efa59c
../../foodsg-233_cleaned/Sweets/TPLTXXFVOW0OXYCV8QC2AZ2H.jpg,Sweets,all,near_duplicate,abc0d5bb2633c934
../../foodsg-233_cleaned/lontong/YRQMD5G0PQXSGPJRHT8JN1Q2.jpg,lontong,all,near_duplicate,abc0df096b6a3c26
../../foodsg-233_cleaned/blueberries/Y4FVK9J44RHFORTFYOJ4FR3W.jpg,blueberries,all,near_duplicate,abc2bd3c4239d239
../../foodsg-233_cleaned/mushroom soup/44IB0OQ9RQLVII9AX9MXY1XC.jpg,mushroom soup,all,near_duplicate,abc2c0393dd992b6
../../foodsg-233_cleaned/rock melon/Q7Q4IQFBDXSITOWWLPEGXPDW.jpg,rock melon,all,near_duplicate,abc4843bd13ed26c
../../foodsg-233_cleaned/fish head curry/RWTQZLDLP2TLH1LPX31FDNNY.jpg,fish head curry,all,near_duplicate,abc57546d53ae092
../../foodsg-233_cleaned/nasi lemak/ZCZCM8M1Y3V97UR1LU2DORA0.jpg,nasi lemak,all,near_duplicate,abca3d48d4077729
../../foodsg-233_cleaned/Kway Teow/C4UTYW1P62QDL3VGPSLKKRLC.jpg,Kway Teow,all,near_duplicate,abd1a55477509cca
../../foodsg-233_cleaned/Kway Teow/NG61WE3QH657GEVDDJ4LRFTB.jpg,Kway Teow,all,near_duplicate,abd2d096c65ac93c
../../foodsg-233_cleaned/Sweets/J0AU7VFJV02QBW7T3ZELRV6M.jpg,Sweets,all,near_duplicate,abd58ac4a1d26b66
../../foodsg-233_cleaned/sliced fish soup/KDGPQHU8SF5KJQLEZ2SBW30L.jpg,sliced fish soup,all,near_duplicate,abd5d50ad26524da
../../foodsg-233_cleaned/chicken masala/DF0Y5NSUGF9S313QRGPDKOUX.jpg,chicken masala,all,near_duplicate,abd5d5428a27f429
../../foodsg-233_cleaned/tom yum noodle soup/COAAOF1VTTIK28OJDX35ZXEH.jpg,tom yum noodle soup,all,near_duplicate,abd7f49840c633c3
../../foodsg-233_cleaned/ngoh hiang/0EU3C5DRSS5O8NS597A1OIMO.jpg,ngoh hiang,all,near_duplicate,abda92a1ba65551a
../../foodsg-233_cleaned/Kway Teow/CAR7W77DZBMLWRE0KXQGHBQX.jpg,Kway Teow,all,near_duplicate,abdac5dad01a40fa
../../foodsg-233_cleaned/chilli crab/Y2SUSNMCBVPROKD05CYO99H6.jpg,chilli crab,all,near_duplicate,abe0b544d5685a6d
../../foodsg-233_cleaned/rock melon/PVOVBLEHAIAFHLWPL7FO3WIR.jpg,rock melon,all,near_duplicate,abe1c4c2bd0db459
../../foodsg-233_cleaned/Kway Teow/I6KITHZ6FE8S0FYH9WHJWJQM.jpg,Kway Teow,all,near_duplicate,abea95a2158f4e0d
../../foodsg-233_cleaned/Nuts/7XDGNKC1OAHGYTBMZGWL2XQ3.jpg,Nuts,all,near_duplicate,abeeb61c434c94d1
../../foodsg-233_cleaned/Kway Teow/U40VDLUT8MD1A41XLMVD7CKY.jpg,Kway Teow,all,near_duplicate,abf6d4788b24af02
../../foodsg-233_cleaned/Kway Teow/G9HBWW9KOBV4Y4RIHX503NXU.jpg,Kway Teow,all,near_duplicate,abfbb4a0c690e9c8
../../foodsg-233_cleaned/Soto ayam/4JYQCHCQVA1L81OQBZTLR888.jpg,Soto ayam,all,near_duplicate,ac113be0ddcad88d
../../foodsg-233_cleaned/singapore sling/80LO7MPR8D7HNCZXW7HBMYI6.jpg,singapore sling,all,near_duplicate,ac1c9a63f9f84b03
../../foodsg-233_cleaned/Grapefruit/O0IXRGYY4XGIFPCO01OLT2O5.jpg,Grapefruit,all,near_duplicate,ac329321fb5c8b65
"../../foodsg-233_cleaned/Rice, with dakgalbi/QSUCK83VA15QSHOXEGT0FACM.jpg","Rice, with dakgalbi",all,near_duplicate,ac3cd232d9c223db
../../foodsg-233_cleaned/chicken wing/L16AUKJLYTGNORIJG1E7GDN5.jpg,chicken wing,all,near_duplicate,ac5abfa478de2184
../../foodsg-233_cleaned/Pung Kueh/HJRCNLL31UXIZ9N4OUKGYXF6.jpg,Pung Kueh,all,near_duplicate,ac86d96ed3304793
../../foodsg-233_cleaned/Seafood Noodles Soup/LJ9ZZ48QYCH7C747IWF6HLLM.jpg,Seafood Noodles Soup,all,near_duplicate,ac8c951e5f3e48a9
../../foodsg-233_cleaned/longan/YD1XWK8R7B81BDQ1J4OIU3P4.jpg,longan,all,near_duplicate,ac93936cc1963ec9
../../foodsg-233_cleaned/thunder tea rice/778SIJM9XY31SNT0NBJST014.jpg,thunder tea rice,all,near_duplicate,ac96f34e0d83cf09
../../foodsg-233_cleaned/cheng tng/2R319QOL4OWPXQCJVQXUH4B6.jpg,cheng tng,all,near_duplicate,acb336199bc0cbc6
../../foodsg-233_cleaned/strawberry/QQRR5ZYO2E35VYF71IYV3LVO.jpg,strawberry,all,near_duplicate,acc6d119a35ac76c
../../foodsg-233_cleaned/longan/ZB9Z9H82TTJCDM0VHRQSUIZP.jpg,longan,all,near_duplicate,accb92b4ce2f0de0
../../foodsg-233_cleaned/rojak/WWYXJPSU16YSLLR68MAMZXO2.jpg,rojak,all,near_duplicate,aceef461ce20923b
"../../foodsg-233_cleaned/Pilaf, pea/QST14E1LA69RKMQN5MMR1RVD.jpg","Pilaf, pea",all,near_duplicate,acf0862b7c859e71
../../foodsg-233_cleaned/black pepper crab/UGYDX10S9NI4JT38T3NQR8VG.jpg,black pepper crab,all,near_duplicate,ad0c844acffcd075
../../foodsg-233_cleaned/satay/W9S95KGMZ5CEIDPRIV9B380B.jpg,satay,all,near_duplicate,ad1eda68cd6530e2
../../foodsg-233_cleaned/Sweets/MHW5ZOMSB1Y531JPSDIVZMKS.jpg,Sweets,all,near_duplicate,ad1fcbf190c49638
../../foodsg-233_cleaned/Fish Ball Noodles/VW8M32H5ZHTVAMQLADXB2A0X.jpg,Fish Ball Noodles,all,near_duplicate,ad24363f709c9396
../../foodsg-233_cleaned/chicken rice/8AZ9EVQ87MRICRENPD00HKRO.jpg,chicken rice,all,near_duplicate,ad33fb8c123fa4c0
../../foodsg-233_cleaned/Chinese fritters/QXBUQ9CNBIYWD6ILN16MU7KR.jpg,Chinese fritters,all,near_duplicate,ad3a90e19bcf6590
../../foodsg-233_cleaned/bak kwa/X2QFORTRZBIQIPO6IIZD7MRQ.jpg,bak kwa,all,near_duplicate,ad4ef4358170df21
../../foodsg-233_cleaned/cooked brown rice/V4KNZD8EJ02X8DHKKYS9GLGL.jpg,cooked brown rice,all,near_duplicate,ad59922f0fb430d3
../../foodsg-233_cleaned/yuseng/E5PWINC4DHGJ34AZAKY8V546.jpg,yuseng,all,near_duplicate,ad5a3025c396917f
../../foodsg-233_cleaned/kway chap/NHKK33EXH8VVNGJU7UJ9EEQL.jpg,kway chap,all,near_duplicate,ad8564e69616ced2
../../foodsg-233_cleaned/chai tow kuay/ZTSRS1AHX32B8U1RBA00L9YG.jpg,chai tow kuay,all,near_duplicate,ad91d0cec36d86e1
../../foodsg-233_cleaned/Kway Teow/AEA7BWYZUNAR4QUQREER07WU.jpg,Kway Teow,all,near_duplicate,ada3d6d82856e9c8
../../foodsg-233_cleaned/buckwheat/17HLM3D2860L1R4XK5YPCUIT.jpg,buckwheat,all,near_duplicate,ada5f281d28a97ca
../../foodsg-233_cleaned/Mee kuah/C1D4OZEXOYNGPAHE7P8SHMQA.jpg,Mee kuah,all,near_duplicate,adada8b4a334bc64
../../foodsg-233_cleaned/sirloin steak/WYVS6ZVW4J1TAWFQEBLH46U0.jpg,sirloin steak,all,near_duplicate,adb3d07914589f62
../../foodsg-233_cleaned/mee pok/UKJFI5NE2KN4GVMBTSUX25EA.jpg,mee pok,all,near_duplicate,adc5d07acf2d0370
../../foodsg-233_cleaned/muesli/ZV0QYR6B7TVHONJVUTPF7KUC.jpg,muesli,all,near_duplicate,adc7d0191f936865
../../foodsg-233_cleaned/mixed vegetables/1XZREYX1QSKZW1IC1O4P41Q9.jpg,mixed vegetables,all,near_duplicate,adcc26d0192f9f29
../../foodsg-233_cleaned/cooked white rice/7FZN46TCMAG364SCEVLA4SJ1.jpg,cooked white rice,all,near_duplicate,adcd34b453938bc1
../../foodsg-233_cleaned/pitaya/ORMZ23BZ641TZSGKC8U4Q9BB.jpg,pitaya,all,near_duplicate,add0946bf33dc04c
../../foodsg-233_cleaned/siew mai/A03X3D0J718L1L5VRR6OJL1Q.jpg,siew mai,all,near_duplicate,add0b449c3079f2d
../../foodsg-233_cleaned/vadai/2EBN8BYA737ZMV2TDB6YOTAK.jpg,vadai,all,near_duplicate,add1d14c7251cf62
../../foodsg-233_cleaned/satay bee hoon/N7U2MSLAJPBDB0O1QRYRCMNX.jpg,satay bee hoon,all,near_duplicate,add6d009cf383c63
../../foodsg-233_cleaned/yong tau foo/LMTPFY57C4A123PBPMNJGR9K.jpg,yong tau foo,all,near_duplicate,ae14e13f8ff48c60
../../foodsg-233_cleaned/goreng pisang/TM08IC5L1OLMWTH5M51I3725.jpg,goreng pisang,all,near_duplicate,ae152973616f64c9
../../foodsg-233_cleaned/begedil/0X7TK6G4EIW3HLTPLGR2RHNL.jpg,begedil,all,near_duplicate,ae3ed9c4e428e18d
../../foodsg-233_cleaned/kway chap/49ILDZ1J1QYYZVBQ967C5FY6.jpg,kway chap,all,near_duplicate,ae62397ffe90a005
../../foodsg-233_cleaned/pitaya/CEK21APDD9AHB297SSLKYEDH.jpg,pitaya,all,near_duplicate,ae6c8686cb878dc9
../../foodsg-233_cleaned/pig organ soup/SM3B7BR9M8NSUIKCISH9TDTJ.jpg,pig organ soup,all,near_duplicate,ae819106cc7ee3f8
../../foodsg-233_cleaned/pancake/YEC5PZS17AWKMWFI193G18V9.jpg,pancake,all,near_duplicate,ae85871a9178ccf9
../../foodsg-233_cleaned/Kway Teow/GXTYST4WNPVGJMM0WVFU2RSN.jpg,Kway Teow,all,near_duplicate,ae86b831a25ccfe2
../../foodsg-233_cleaned/chicken masala/HCR86JB979EIJ9BGJDMLKQJX.jpg,chicken masala,all,near_duplicate,ae8c853c8b799396
../../foodsg-233_cleaned/chicken chop/O0M6OP8ZSKXZ68VGVL8Q2JVI.jpg,chicken chop,all,near_duplicate,ae90d48b323dda3c
../../foodsg-233_cleaned/biscuit/32BIME42MZ4V3YZAPMT4V24Z.jpg,biscuit,all,near_duplicate,ae91d88e0ff711c4
../../foodsg-233_cleaned/sirloin steak/5R2BBKNOEVNBTZDTKGYFISD1.jpg,sirloin steak,all,near_duplicate,ae948acab589f21b
../../foodsg-233_cleaned/mixed vegetables/R9GR6HBCJFNL676QDM7V73EF.jpg,mixed vegetables,all,near_duplicate,ae9577c62c18f0a9
../../foodsg-233_cleaned/chilli crab/11216XE4VYA4PO2XLGXA8TRK.jpg,chilli crab,all,near_duplicate,ae96169575c1ea4a
../../foodsg-233_cleaned/fish head curry/H3ID8AUQZXSUVUQSZV6AD4Y7.jpg,fish head curry,all,near_duplicate,ae9799080c2dee2f
../../foodsg-233_cleaned/cheng tng/71QN5NU47PWUC8UGOLAZQYAZ.jpg,cheng tng,all,near_duplicate,ae97d1869a6b2b50
../../foodsg-233_cleaned/chicken soup/IQ7WICYOFNBQB1M8ULUY51T4.jpg,chicken soup,all,near_duplicate,ae99b1e6ce8085d6
../../foodsg-233_cleaned/kway chap/U8S0C1O3ZXKBYFTHWANF5896.jpg,kway chap,all,near_duplicate,ae9de2c289934b66
../../foodsg-233_cleaned/Kway Teow/PHZDJGB8MODGVHQ7YEHS6EVK.jpg,Kway Teow,all,near_duplicate,aeacb0ade795c806
../../foodsg-233_cleaned/Kway Teow/W3QL9VJC141UJUVUMMR9GW4V.jpg,Kway Teow,all,near_duplicate,aeb6c09b856bc329
../../foodsg-233_cleaned/goreng pisang/SDRIUSAUS7NMEP3C1M6L5L65.jpg,goreng pisang,all,near_duplicate,aebfaf9993870014
../../foodsg-233_cleaned/whole oats/H5CON38CMYJAO16WOPKQB8UF.jpg,whole oats,all,near_duplicate,aec0950fda766ce0
../../foodsg-233_cleaned/Lor mee/BXUNEQOIKENNG93URQIKOLQG.jpg,Lor mee,all,near_duplicate,aec3a95c97785a60
../../foodsg-233_cleaned/banana/E9P81IO0KBNGYZ8FEIU19W3A.jpg,banana,all,near_duplicate,aec4d03a8fe06d87
../../foodsg-233_cleaned/mixed grills/YLSJJASVUN3QS6BPK8LHKGVN.jpg,mixed grills,all,near_duplicate,aed024d29b49cf8b
../../foodsg-233_cleaned/thunder tea rice/QIE2630TO0X04FQY8A3EJDR5.jpg,thunder tea rice,all,near_duplicate,aed0912fcce782b8
../../foodsg-233_cleaned/durian/VS56KT3B6TEHXVOI32F6GKVZ.jpg,durian,all,near_duplicate,aed1b14b659cd229
../../foodsg-233_cleaned/rojak/I3W4AFVE5SYGLDJKX413RJRG.jpg,rojak,all,near_duplicate,aed2e5b2c501c69b
../../foodsg-233_cleaned/french fries/PR25I7I12JM2794VVCJQPOLT.jpg,french fries,all,near_duplicate,aed4b181d9267e83
../../foodsg-233_cleaned/Peanut Pancake/LED8JTGWQO8N32OYGNM7HTPS.jpg,Peanut Pancake,all,near_duplicate,aed4b1e2670a64f1
"../../foodsg-233_cleaned/Chap chye, Nonya/OHBQMGE5JE58FOEPVG9VDV3H.jpg","Chap chye, Nonya",all,near_duplicate,aedec460d305db13
../../foodsg-233_cleaned/fried rice/1HKABDY0R4NHNRJDCSX05YL2.jpg,fried rice,all,near_duplicate,aee1f342ce4cc9c2
../../foodsg-233_cleaned/chilli crab/1XJR8N68Z3UBYE074DM9Z7ZO.jpg,chilli crab,all,near_duplicate,aee9b6c2cda9d084
../../foodsg-233_cleaned/Udon/NEYJUYA48U1WNB0CTSGFZFOX.jpg,Udon,all,near_duplicate,aef1840ef235cb1a
../../foodsg-233_cleaned/Kway Teow/9AOM8LFVPPLLEFCMJ685TUSI.jpg,Kway Teow,all,near_duplicate,aef1bb0df501c0c6
../../foodsg-233_cleaned/Fruit juice/Y09JOQAQ1Y3FNL730ORASK98.jpg,Fruit juice,all,near_duplicate,aef5c41bcb849866
../../foodsg-233_cleaned/cheese fries/ZS1JFH7CEVTPH22B6X94SSI5.jpg,cheese fries,all,near_duplicate,aefa18c87f174039
../../foodsg-233_cleaned/chicken soup/EX95RTDKTC8HTMPBPHZE1N3V.jpg,chicken soup,all,near_duplicate,af25056f2dc1dc8a
../../foodsg-233_cleaned/bak chor mee/SMQZAHCF1H3LR1RU60ANO6VJ.jpg,bak chor mee,all,near_duplicate,af26d43e930b9899
../../foodsg-233_cleaned/Chocolate/A9V8HNKHD1OHT6U4C4ULZ26E.jpg,Chocolate,all,near_duplicate,af39d0c299e66239
../../foodsg-233_cleaned/Wholegrain Wrap/42SMV16GQ3SXVABB2JJVTWBY.jpg,Wholegrain Wrap,all,near_duplicate,af3e9313d8e0ccc4
../../foodsg-233_cleaned/char siew/BPUACHFVTEQV796I5NM41GHF.jpg,char siew,all,near_duplicate,af42d2d1b58e9166
../../foodsg-233_cleaned/char siew/X2IJO2X7JZHI1TLP1UMW0SV9.jpg,char siew,all,near_duplicate,af68824ecdbb4e14
../../foodsg-233_cleaned/rojak/OVZWA1IZYG1IN16KVSMHMIDE.jpg,rojak,all,near_duplicate,af87d0489e6993c9
"../../foodsg-233_cleaned/Wanton mee, dry/WIYPJ8M6B4UTM55QGROH8F19.jpg","Wanton mee, dry",all,near_duplicate,af90e84794fad0e1
../../foodsg-233_cleaned/passion fruit/4P5CMJ664IY5VBFRWWUNI6RQ.jpg,passion fruit,all,near_duplicate,af91d16e902f1f60
../../foodsg-233_cleaned/Chocolate/WILKBNE52FT6ICQJSPLIEB9U.jpg,Chocolate,all,near_duplicate,af9490696f969469
"../../foodsg-233_cleaned/Bee hoon, goreng/MGDWXNGM5WNGVJGA549LU9EP.jpg","Bee hoon, goreng",all,near_duplicate,af95b542c03dd334
../../foodsg-233_cleaned/chilli crab/KFW6KQMU7C5HWUHQOG46WHML.jpg,chilli crab,all,near_duplicate,af96f5c0c22acc53
../../foodsg-233_cleaned/hokkien prawn mee/0DK78XFG79GQ4TX1BUKGL2RD.jpg,hokkien prawn mee,all,near_duplicate,af97b458c86ae12c
../../foodsg-233_cleaned/Chocolate/0J5XQUO6P1VTK7EXK4OTUX8V.jpg,Chocolate,all,near_duplicate,af9db0e0c972a46c
../../foodsg-233_cleaned/begedil/FQHRWN54DVC93SL8OBEEHOGF.jpg,begedil,all,near_duplicate,af9e1c613187585e
../../foodsg-233_cleaned/lychee/L5HY6LX56RJF3RMFU950530M.jpg,lychee,all,near_duplicate,afa96b639c94c149
../../foodsg-233_cleaned/spring rolls/EMK04SBRPGM8Y9HDYRBWG7IL.jpg,spring rolls,all,near_duplicate,afab971e9681f084
../../foodsg-233_cleaned/goreng pisang/GZPUBY0ULILTI9J8VSXD9EZY.jpg,goreng pisang,all,near_duplicate,afb1914297578c6a
../../foodsg-233_cleaned/fried chicken/P80VAIP0B3PLOQF19L1RIBBG.jpg,fried chicken,all,near_duplicate,afb7f0d8c4d8c340
"../../foodsg-233_cleaned/Rice, korean bulgogi beef/4YQV8H17FVJOHN3XQOES2341.jpg","Rice, korean bulgogi beef",all,near_duplicate,afbc18ec62d26cc2
../../foodsg-233_cleaned/kway chap/WFBQK5MTX0L1SM1AV2J25946.jpg,kway chap,all,near_duplicate,afc2eb0ca40b6dcc
../../foodsg-233_cleaned/rojak/A89J3GUL18CB10XXK6IFHZWN.jpg,rojak,all,near_duplicate,afc6bb79d014c432
../../foodsg-233_cleaned/black pepper crab/7EJ3SMOZNGIQRPYJQOVSNLJM.jpg,black pepper crab,all,near_duplicate,afc987a186359734
../../foodsg-233_cleaned/kway chap/X4PIQN3UZU3MMAA229QDEZC4.jpg,kway chap,all,near_duplicate,afc9ab98b00f0717
../../foodsg-233_cleaned/rock melon/E8EPOB0G9SXHY04R4FELEW5Z.jpg,rock melon,all,near_duplicate,afcbd03d93348d30
../../foodsg-233_cleaned/Duck Rice/JBUVQXZBXDNHWKXY2C0FRX39.jpg,Duck Rice,all,near_duplicate,afccf40ec02dce2c
../../foodsg-233_cleaned/Fruit juice/88WDCA096DX3STX5PSOTM989.jpg,Fruit juice,all,near_duplicate,afcd402ad3b15297
../../foodsg-233_cleaned/mixed vegetables/6AIZPE5AQLCO6H1TAAZ8IL9R.jpg,mixed vegetables,all,near_duplicate,afcea2d91294f858
../../foodsg-233_cleaned/chicken chop/KWPKWI44TSM95PYK2I3N2YXH.jpg,chicken chop,all,near_duplicate,afd2d40a352fd254
../../foodsg-233_cleaned/Kway Teow/NOB68CWDLXK4SD69NHW5IXB7.jpg,Kway Teow,all,near_duplicate,afd4bd6ac520b027
../../foodsg-233_cleaned/mixed grills/SKPYUH6NYB22HQ9LGRWHCOZ4.jpg,mixed grills,all,near_duplicate,afd6901c4b659e32
../../foodsg-233_cleaned/egg tart/K6E0ENL8JP9WD06AHPFC8ZDR.jpg,egg tart,all,near_duplicate,afdaf42d82649296
../../foodsg-233_cleaned/kuih bahulu/5JHY92R79RNVWJ03CY6ACOLS.jpg,kuih bahulu,all,near_duplicate,afe0fb05c32586a5
../../foodsg-233_cleaned/black pepper crab/CBAO15X8ZIK5Y4EQ60I64Z56.jpg,black pepper crab,all,near_duplicate,afe4a4431c4bd85d
../../foodsg-233_cleaned/bak chor mee/WS6E6XHDOELS1FN8PYCYT8GA.jpg,bak chor mee,all,near_duplicate,afe5e740814b8de8
../../foodsg-233_cleaned/Instant Cereal Drink/T6HZVXJS1D9YHDBXK9B4O9I2.jpg,Instant Cereal Drink,all,near_duplicate,afe81292c4c8d71f
../../foodsg-233_cleaned/Kway Teow/6HN37LBB50O8P2RYU35WS9AX.jpg,Kway Teow,all,near_duplicate,affed081694a9568
../../foodsg-233_cleaned/biscuit/TIVYL7RIPO652S0CXNZRDO15.jpg,biscuit,all,near_duplicate,b036cfcd3032c9cd
../../foodsg-233_cleaned/biscuit/GLAOSFECU45XOMHBRS1W730Y.jpg,biscuit,all,near_duplicate,b036cfcd3032c9cd
../../foodsg-233_cleaned/Nuts/K56WI1KGHAX4Y5Y00IMGM885.jpg,Nuts,all,near_duplicate,b03ccec3c7cc3938
../../foodsg-233_cleaned/rojak/Y0GIAJPDHSA2SK4UXF8PH7KA.jpg,rojak,all,near_duplicate,b097d43a0bb963d2
../../foodsg-233_cleaned/Snacks and Chips/0ODAOJOOJL1HL5Q5P35EK76M.jpg,Snacks and Chips,all,near_duplicate,b09ecf61c76c9892
../../foodsg-233_cleaned/passion fruit/YS8GUQ7NGUWJP62L8G2Q6B8T.jpg,passion fruit,all,near_duplicate,b0a9b796c8e20b9e
../../foodsg-233_cleaned/begedil/R4RYUHFA1ZAOERURFKC1NWBS.jpg,begedil,all,near_duplicate,b0b2cbcdb6d82c4a
../../foodsg-233_cleaned/oyster omelette/VP1LZB8AUSG681NKIJO40PQ1.jpg,oyster omelette,all,near_duplicate,b0b2efa4b8ad9491
../../foodsg-233_cleaned/muesli/0I29EETR7AKWCJI3LP9HWGXB.jpg,muesli,all,near_duplicate,b0c798cccf32cb98
../../foodsg-233_cleaned/satay bee hoon/AXECBESIWDLBC4JNVMXVV442.jpg,satay bee hoon,all,near_duplicate,b0ce1f383c87a49e
../../foodsg-233_cleaned/muesli/VYC50PC4LOVQJ266SHQYBY6L.jpg,muesli,all,near_duplicate,b0cf98cdcf32c918
../../foodsg-233_cleaned/bee hoon/ANK1AJGWKNN5G1I2LBGV4KVI.jpg,bee hoon,all,near_duplicate,b0dac02f0fe91ace
../../foodsg-233_cleaned/siew mai/I52AVRZA5TT70SG40R48DZEW.jpg,siew mai,all,near_duplicate,b0dcee2b9585e22c
../../foodsg-233_cleaned/mixed vegetables/6D75QOD50PBOS3C6GBCPEX98.jpg,mixed vegetables,all,near_duplicate,b0de8ab179704e1b
../../foodsg-233_cleaned/hokkien prawn mee/GFVSFTSLJLKM65SZ5XNS7RZ8.jpg,hokkien prawn mee,all,near_duplicate,b0f4c3299f269c63
../../foodsg-233_cleaned/vadai/AU9EHXHMEQ5E7TR6XTPJJUTQ.jpg,vadai,all,near_duplicate,b11717c6ead3032e
../../foodsg-233_cleaned/bak kwa/W2BHIM7SBK5JW7BOFOJSLEHR.jpg,bak kwa,all,near_duplicate,b1205f1f3958b365
../../foodsg-233_cleaned/tom yum noodle soup/AXAZ10JM9LWSAMK2SIQB5JRF.jpg,tom yum noodle soup,all,near_duplicate,b161cfc6b01ee31c
../../foodsg-233_cleaned/breakfast cereal/MOI864NLMLP8HXYJZJO0QEIY.jpg,breakfast cereal,all,near_duplicate,b17219b8b2eab6a2
../../foodsg-233_cleaned/Peanut Pancake/7XA4L4G26K4D661WSXMHU3UJ.jpg,Peanut Pancake,all,near_duplicate,b1a68a29f443e957
../../foodsg-233_cleaned/baked beans/QTIE1XMCVK1D6FVAYIVMS2FZ.jpg,baked beans,all,near_duplicate,b1b163999c6f9a24
../../foodsg-233_cleaned/kueh lapis baked/2WLQCBUHKZQDO7WGI4OFNNHB.jpg,kueh lapis baked,all,near_duplicate,b1b39919ea863d45
../../foodsg-233_cleaned/Alcoholic Beverage/W5UYSDSM19HZ9I7OZSJBSB8Y.jpg,Alcoholic Beverage,all,near_duplicate,b1c7638f9e386560
../../foodsg-233_cleaned/bakso/P54ZEBTWO46EZ8DVNHDPONRM.jpg,bakso,all,near_duplicate,b1cbcb386667922c
../../foodsg-233_cleaned/ice kacang/8UVJIAH3VXEE3SPZC3VEMNGW.jpg,ice kacang,all,near_duplicate,b1d51f1c1cb5c1c3
../../foodsg-233_cleaned/Kway Teow/G8GT9RIJCH1CD9G46Z3I7JCI.jpg,Kway Teow,all,near_duplicate,b1d9fc44d09d85c9
../../foodsg-233_cleaned/Grapefruit/AT1WMBQSMOABOIKRNCV4PN5Q.jpg,Grapefruit,all,near_duplicate,b1e6960cc9b9c798
../../foodsg-233_cleaned/Kway Teow/NF6YPWU3QDB5ZL7WWMDXO05V.jpg,Kway Teow,all,near_duplicate,b1e8cbf40e927887
../../foodsg-233_cleaned/chwee kueh/ON8LTQ24OE4WH68QE4V2BT5G.jpg,chwee kueh,all,near_duplicate,b1ecdb86d034ca93
../../foodsg-233_cleaned/Fried Noodles/P5SS5WSG494YO30TW5BQW22T.jpg,Fried Noodles,all,near_duplicate,b1fb6aaa1d10543e
../../foodsg-233_cleaned/rock melon/UUCV9BGA0WLKP39OZNQHF7DP.jpg,rock melon,all,near_duplicate,b2173c4eec6bc41c
../../foodsg-233_cleaned/passion fruit/FU3D4J8VBKTAJN9744G7UOL1.jpg,passion fruit,all,near_duplicate,b22dbdc5ed4818e8
../../foodsg-233_cleaned/fish head curry/K90CVHUSDV2G5IH4RBJB4T4K.jpg,fish head curry,all,near_duplicate,b236ed2dd05282f9
../../foodsg-233_cleaned/Duck Rice/LVOHA9ZHF1UXHZCP5Q89LCIP.jpg,Duck Rice,all,near_duplicate,b2b0e151cb2aaf65
../../foodsg-233_cleaned/begedil/15CKCII6204H7RTMFB4BGILN.jpg,begedil,all,near_duplicate,b2b1bcdcc0dcb249
../../foodsg-233_cleaned/hotplate tofu/FAL6CU07PEUEBIYA96LRUWH0.jpg,hotplate tofu,all,near_duplicate,b2c6cd3930e6cb31
../../foodsg-233_cleaned/Bubble Milk Tea/BPTM429B840S1G9YSHSFNYY1.jpg,Bubble Milk Tea,all,near_duplicate,b2c848bd617bb459
../../foodsg-233_cleaned/pancake/C0GPPQ6YZR8GRPS7L5SVXEYG.jpg,pancake,all,near_duplicate,b2d785b98dbc0ec0
../../foodsg-233_cleaned/chilli crab/4AL5UXT616FGSDTLTSM7RJPV.jpg,chilli crab,all,near_duplicate,b2dac9d68db304c9
../../foodsg-233_cleaned/lontong/1OC1WL435FIZSJN4T3YXU57J.jpg,lontong,all,near_duplicate,b2f289786ea6989a
../../foodsg-233_cleaned/sirloin steak/54J5ZFZXNFAFNXBLJORQVYRD.jpg,sirloin steak,all,near_duplicate,b2f383897c0e643b
../../foodsg-233_cleaned/Laksa/CGXB0WJMISIRXH7N1BJHSJC7.jpg,Laksa,all,near_duplicate,b385959a461a5f69
../../foodsg-233_cleaned/honeydew/YB2NXVLU3JSADQ2VSGRMMYL5.jpg,honeydew,all,near_duplicate,b3859ced44338772
../../foodsg-233_cleaned/tutu kueh/4YQP1RFWGI8QVH1PNLVJE2ZK.jpg,tutu kueh,all,near_duplicate,b3866cc969f2c730
../../foodsg-233_cleaned/Alcoholic Beverage/IH90ZXGYW8KEJPPXH4D53GR9.jpg,Alcoholic Beverage,all,near_duplicate,b393cc9c33cc3389
../../foodsg-233_cleaned/tutu kueh/MZSRIH29KRTBDFEQ8UYRJUIF.jpg,tutu kueh,all,near_duplicate,b398cc7399669b24
../../foodsg-233_cleaned/french fries/KLU3PRIT76H9H8DTYB8RXAL8.jpg,french fries,all,near_duplicate,b39ec2698c8d3a1e
../../foodsg-233_cleaned/chwee kueh/G8KQZ6JG0D1JWJ05CQ7Q7QRA.jpg,chwee kueh,all,near_duplicate,b3cb0e967c18c167
../../foodsg-233_cleaned/chwee kueh/29WKJ42Z833N0PUZ03NTCFSD.jpg,chwee kueh,all,near_duplicate,b3cdd292cc8cec34
../../foodsg-233_cleaned/pineapple/VNVEDS95AFR77JHR4W2551I6.jpg,pineapple,all,near_duplicate,b3ce9899ce668c23
../../foodsg-233_cleaned/cereal prawns/BKVGKTPQ59KD4WPPHL5NYN0L.jpg,cereal prawns,all,near_duplicate,b3dc470b5c2363d1
../../foodsg-233_cleaned/sambal/KVDPQJ8EK7T0N721SIUW5WU5.jpg,sambal,all,near_duplicate,b3e88c1c7a1b2dcc
../../foodsg-233_cleaned/pancake/TK60WFWDKCPG0661X8DUIY52.jpg,pancake,all,near_duplicate,b3f5c042953f70e1
../../foodsg-233_cleaned/longan/789NEL9WZ9RPNAY3J129RYIP.jpg,longan,all,near_duplicate,b41bc928e48efcc6
../../foodsg-233_cleaned/kaya toast/KUTYYCG56OXJNQ031ALUB600.jpg,kaya toast,all,near_duplicate,b41ea56fc12a36d8
../../foodsg-233_cleaned/chwee kueh/OQHWG2Q97QXNA43HUGUKG637.jpg,chwee kueh,all,near_duplicate,b464de9830c14ffc
"../../foodsg-233_cleaned/Rice, korean bulgogi beef/CI8X7OWJLZOO25WB3EYICC41.jpg","Rice, korean bulgogi beef",all,near_duplicate,b483cb3c8a712ecd
../../foodsg-233_cleaned/rojak/GKTEHHNQRKT5S648375YRFXU.jpg,rojak,all,near_duplicate,b487f0c30b293f3a
../../foodsg-233_cleaned/mixed vegetables/O6YW1AS0TKE4M58CB5LHASGY.jpg,mixed vegetables,all,near_duplicate,b491e9de42259e3c
../../foodsg-233_cleaned/blueberries/5CTMPP9V0PICNIRTHS3EEWO3.jpg,blueberries,all,near_duplicate,b492c23d39e6e499
../../foodsg-233_cleaned/lychee/B28F6XHOJER3NZW7Y8HECAAN.jpg,lychee,all,near_duplicate,b493c76c9238cbe4
../../foodsg-233_cleaned/ayam penyet/5VAL4EQKFRZ53F406B46C61K.jpg,ayam penyet,all,near_duplicate,b493f8a5801d58fe
../../foodsg-233_cleaned/Peanut Pancake/GIYK2Y2OLG3PT3MB9WIGVE8T.jpg,Peanut Pancake,all,near_duplicate,b4a5255ad19ad639
../../foodsg-233_cleaned/dumpling/2QB32AWGT0TTNM9IUHGH9IZU.jpg,dumpling,all,near_duplicate,b4b439162cc1af6b
../../foodsg-233_cleaned/chwee kueh/ALTU9ML74F6DPNVELABFBGXN.jpg,chwee kueh,all,near_duplicate,b4e0cd9f33f8c031
../../foodsg-233_cleaned/Soft boiled eggs/WSNYGXBMKN844CIWKQLATON3.jpg,Soft boiled eggs,all,near_duplicate,b4e33387b38ccc4c
../../foodsg-233_cleaned/dumpling/MVE4B8YBXYUMIRAW39PES6KV.jpg,dumpling,all,near_duplicate,b4e38e915f6cc0c9
../../foodsg-233_cleaned/strawberry/QSJDKI5Z7Y4C4C5JYGNCQ143.jpg,strawberry,all,near_duplicate,b4e393873b2ca5a4
../../foodsg-233_cleaned/satay bee hoon/O6173UN328FVZAQVS69X2N9G.jpg,satay bee hoon,all,near_duplicate,b4e59e60db066d13
../../foodsg-233_cleaned/oyster omelette/CXVBXLOWYPO8UKW8DTNI7E45.jpg,oyster omelette,all,near_duplicate,b4f1c19c8bc6eb03
../../foodsg-233_cleaned/blueberries/WVBAAHGICHU5M2L61RQCK4YC.jpg,blueberries,all,near_duplicate,b4f9e998178e0563
../../foodsg-233_cleaned/Kway Teow/R8ZI4QLPH8TFTW4HJRQY8UGG.jpg,Kway Teow,all,near_duplicate,b502089f3f1c5afa
../../foodsg-233_cleaned/chai tow kuay/14T93DPW69XKJY1R800JKC4K.jpg,chai tow kuay,all,near_duplicate,b50ad22dc8756ad3
../../foodsg-233_cleaned/Lor mee/D7IETMT17W5HAXHUK90RLINK.jpg,Lor mee,all,near_duplicate,b510122f0f747df2
../../foodsg-233_cleaned/Kway Teow/QH3N2F8DL4SBDV5UTHIBCLCJ.jpg,Kway Teow,all,near_duplicate,b51ec213093e3e3d
"../../foodsg-233_cleaned/Rice, korean bulgogi beef/ZMOQ7O3307SYG36VFRBE0UB0.jpg","Rice, korean bulgogi beef",all,near_duplicate,b522c82d4db27cd3
../../foodsg-233_cleaned/mango pudding/A7HDIC50QUX43ET5U6UP7BPY.jpg,mango pudding,all,near_duplicate,b59ac2619873d34e
../../foodsg-233_cleaned/Kway Teow/F3Z0SOP5R51UJ6FPNB2C2YY2.jpg,Kway Teow,all,near_duplicate,b59d864b1e6c63b0
../../foodsg-233_cleaned/singapore sling/WLRQ89BA5YH31LPEXU7A8R9R.jpg,singapore sling,all,near_duplicate,b5a996d0caa5a9a9
../../foodsg-233_cleaned/mushroom soup/M72QL6MWZMQ8S70TVL8DA5ZW.jpg,mushroom soup,all,near_duplicate,b5adc2ad6a952895
../../foodsg-233_cleaned/Mee rebus/PKCQNTE752T7R7MRWNE3FMPL.jpg,Mee rebus,all,near_duplicate,b5b5f7ca40522b85
../../foodsg-233_cleaned/cereal prawns/RBPKSUEL6C08PBJFNYU4WC5J.jpg,cereal prawns,all,near_duplicate,b5c3c28ece1c9c78
../../foodsg-233_cleaned/Apple/10Y2Y71EBVI1OJZHFTT45OCY.jpg,Apple,all,near_duplicate,b5d2b8c93218db87
../../foodsg-233_cleaned/chwee kueh/07PIJJOFNHUV8BKPWXD15EOO.jpg,chwee kueh,all,near_duplicate,b5efc2906e1b8525
../../foodsg-233_cleaned/Chinese fritters/395I6OX0SAOFX0ZUSQWKHNQB.jpg,Chinese fritters,all,near_duplicate,b61ecfe0f062313a
../../foodsg-233_cleaned/mee pok/YR5Q78B1Z1WE4I2KXIO3DW3U.jpg,mee pok,all,near_duplicate,b62a6b99fcc13885
../../foodsg-233_cleaned/lontong/0D58KCCAHOSPDZM3WWU0MTJ5.jpg,lontong,all,near_duplicate,b644c14b163e6f36
../../foodsg-233_cleaned/mee pok/957HFNF2PZM063MPUWO99SSO.jpg,mee pok,all,near_duplicate,b67681391ff87884
../../foodsg-233_cleaned/sausage rolls/KRIONGQ95SPSY4KN1HG969GY.jpg,sausage rolls,all,near_duplicate,b681769acec8991e
../../foodsg-233_cleaned/pineapple/TJ8LC65PE8SF54NP1238BZR7.jpg,pineapple,all,near_duplicate,b693c90cdb6c8c63
../../foodsg-233_cleaned/Mee goreng/AXYMX1G89X3E9N3VS8KXHU3K.jpg,Mee goreng,all,near_duplicate,b694dc58bb8ee025
../../foodsg-233_cleaned/longan/I03W8N806H2IHN829WYLKUDN.jpg,longan,all,near_duplicate,b6988c6dc12367f1
../../foodsg-233_cleaned/cherries/C64UYFXCOUJD1DRQC3J2IKLD.jpg,cherries,all,near_duplicate,b6989301c8df1b7c
../../foodsg-233_cleaned/Prawn Noodle/AH98UZ8ZO03Q9EBU9VGVW2VH.jpg,Prawn Noodle,all,near_duplicate,b6b2ae1760d71193
../../foodsg-233_cleaned/mixed vegetables/CGFFSA7XCDR8ZVRQS7Y4D3UP.jpg,mixed vegetables,all,near_duplicate,b6c1db786806cc8f
../../foodsg-233_cleaned/oyster omelette/7VNJF2YCLOO7QFMM7UTUN3X3.jpg,oyster omelette,all,near_duplicate,b6ce33a1d7478924
"../../foodsg-233_cleaned/Rice, korean bulgogi beef/00HN6Z5F3Q5ON9YZ3E1B5PTF.jpg","Rice, korean bulgogi beef",all,near_duplicate,b6cfdd38c07a8c60
../../foodsg-233_cleaned/chicken rice/CR5SURLFR6AGRNSLPUZ8LVG5.jpg,chicken rice,all,near_duplicate,b6d0cb216e36ce31
../../foodsg-233_cleaned/rock melon/WQJ83HHL2ZK7N5CEGZQGLOIX.jpg,rock melon,all,near_duplicate,b6dccc5a74731894
../../foodsg-233_cleaned/Claypot Rice/QXJW01C5XZDJVI2GXYHJG9PF.jpg,Claypot Rice,all,near_duplicate,b6dd400d66ab70cb
../../foodsg-233_cleaned/rambutan/820J75WKHLWI188P5O94LZYF.jpg,rambutan,all,near_duplicate,b6e293586496ac75
../../foodsg-233_cleaned/pear/68U0V1U5VTQXJ5HZU62164JW.jpg,pear,all,near_duplicate,b6e6c80b8fcc3c98
../../foodsg-233_cleaned/Mee kuah/BQVR0QF2KW2UH502JM93FIM4.jpg,Mee kuah,all,near_duplicate,b712d44f4169c736
../../foodsg-233_cleaned/Prawn Noodle/S14S7JME3ZNN59YUR2VLFGPJ.jpg,Prawn Noodle,all,near_duplicate,b78cd0355259cb96
../../foodsg-233_cleaned/drunken prawn/OB5LPJED1SBJXOQ4DCLSOAUD.jpg,drunken prawn,all,near_duplicate,b796265521eb2db0
../../foodsg-233_cleaned/bak kwa/J887IB54Z0UCU8YZ3MNJFDZL.jpg,bak kwa,all,near_duplicate,b7c3f4c3a4e780a4
../../foodsg-233_cleaned/Udon/79ZT8UNFV44XWYOFQSGSZ4R2.jpg,Udon,all,near_duplicate,b7c4329f7098c335
../../foodsg-233_cleaned/canned Fruit salad/N3OYOYYAG9PWJTQS26MD6PXY.jpg,canned Fruit salad,all,near_duplicate,b7c59be264f0d1c0
../../foodsg-233_cleaned/biscuit/JS4GDVU5SJHSM9ZN6L88JIAQ.jpg,biscuit,all,near_duplicate,b7c66433c619c39a
../../foodsg-233_cleaned/cherries/MNX8SRN0IQUV4SW2SMCNPS8T.jpg,cherries,all,near_duplicate,b84197fb11a5bb12
../../foodsg-233_cleaned/bakso/XOMQBBJL08KQCU7A3S8BJ5XL.jpg,bakso,all,near_duplicate,b8431f9812c67cde
"../../foodsg-233_cleaned/Bee hoon, soto/WXDABI0T83JEC4N4S2HYZMQL.jpg","Bee hoon, soto",all,near_duplicate,b84b4735d84da53a
../../foodsg-233_cleaned/canned Fruit salad/6MIDK4TG30VU4M12WWIQS0ZX.jpg,canned Fruit salad,all,near_duplicate,b84b9495934ace9e
../../foodsg-233_cleaned/bak kwa/0B3FJKGZ9F2U6R9Q64JNMD50.jpg,bak kwa,all,near_duplicate,b8708537c21bcbcd
../../foodsg-233_cleaned/Kway Teow/5HONVYLMV6XRYO07L0SPZO1A.jpg,Kway Teow,all,near_duplicate,b883820c9337f7b6
../../foodsg-233_cleaned/Fish and chips/T28QQZ2EUBB1W1R0QSLCAZG3.jpg,Fish and chips,all,near_duplicate,b898c5635ba56c4e
../../foodsg-233_cleaned/begedil/I54V2KMDUH5BLSTR3L7M0355.jpg,begedil,all,near_duplicate,b898cac40de23f8f
../../foodsg-233_cleaned/spring rolls/COHJ975D38MTYJ4M1EGTUMLS.jpg,spring rolls,all,near_duplicate,b899ab5387867899
../../foodsg-233_cleaned/french fries/C14LR14NMDA9O3X78RKPW7UE.jpg,french fries,all,near_duplicate,b899c6c65b3839c3
../../foodsg-233_cleaned/mangosteen/2SUZKXVSTJOQM6H7K63VLZ82.jpg,mangosteen,all,near_duplicate,b89cc74c9e33ca26
../../foodsg-233_cleaned/mango pudding/OTU3HW8SLNWNEGXD8PG4FD0U.jpg,mango pudding,all,near_duplicate,b89da0eedac3c407
../../foodsg-233_cleaned/Kueh Salat/O01VXLRMRVI3UP917R5HPNWQ.jpg,Kueh Salat,all,near_duplicate,b8b6c37f90f1a091
../../foodsg-233_cleaned/bak kwa/2O0Z8HJO8B2JLXLVON0DGM3O.jpg,bak kwa,all,near_duplicate,b8b6d0c08e0f4f9d
../../foodsg-233_cleaned/pitaya/ZPTMFE9WNJK5G6LPP48AJDAW.jpg,pitaya,all,near_duplicate,b8c0c137c669c77c
../../foodsg-233_cleaned/Alcoholic Beverage/3TC5E635P34RI54UNTS6TLDL.jpg,Alcoholic Beverage,all,near_duplicate,b8c5c827993cd32e
../../foodsg-233_cleaned/Kueh Salat/1303B45XC8DNC4QCQ96Z5UEV.jpg,Kueh Salat,all,near_duplicate,b8c687b1781eb946
../../foodsg-233_cleaned/black pepper crab/E7SB2Y73VFPBS1CGN01Z8AJT.jpg,black pepper crab,all,near_duplicate,b8c9834c4ee4aef2
../../foodsg-233_cleaned/Bubble Milk Tea/MR2XPVHYY920SUGTRRX3FN8J.jpg,Bubble Milk Tea,all,near_duplicate,b8cec731d9319e03
../../foodsg-233_cleaned/char siew/FEWI1PSWCZJ76YGGT6UXIVJR.jpg,char siew,all,near_duplicate,b8cee1c98e149d3a
../../foodsg-233_cleaned/yuseng/9NTQ0XUH3P60ZYSIFLVX01H4.jpg,yuseng,all,near_duplicate,b8d4cc38f18992dd
../../foodsg-233_cleaned/mixed vegetables/RIVHKILOELF72I66EPWYG194.jpg,mixed vegetables,all,near_duplicate,b8dee4c6739a9860
../../foodsg-233_cleaned/sambal stingray/T173PTJTBQWXG2PCLPCRS5YR.jpg,sambal stingray,all,near_duplicate,b8e2f12ab391999c
../../foodsg-233_cleaned/tom yum noodle soup/J215HM5GJUOLV4O51AFAJGXS.jpg,tom yum noodle soup,all,near_duplicate,b8e830b4b6863f8b
../../foodsg-233_cleaned/mushroom soup/M1MNR4D0N57YCA39KQCLL5C3.jpg,mushroom soup,all,near_duplicate,b8eac6878f813d94
../../foodsg-233_cleaned/pig organ soup/AVJP8DGQH09MDJ9MRFV0PXJX.jpg,pig organ soup,all,near_duplicate,b8f58fcaf1862612
../../foodsg-233_cleaned/chicken pie/29FPZCCT2OYO9ZLIFD8DPYFW.jpg,chicken pie,all,near_duplicate,b90171b2af7e9a42
../../foodsg-233_cleaned/bak kwa/BFX2CCLFYRT8W2GCHWT4HGPG.jpg,bak kwa,all,near_duplicate,b914cd6bd19b0ec4
"../../foodsg-233_cleaned/Rice, chicken katsu with Japanese curry/0FKI0XLQXVUB88D9VXLSKXUF.jpg","Rice, chicken katsu with Japanese curry",all,near_duplicate,b936067b4a6d50d6
../../foodsg-233_cleaned/bak kwa/138XMV1PW0E4CC1IGU7QYIJ2.jpg,bak kwa,all,near_duplicate,b959813adb37a262
../../foodsg-233_cleaned/Sweets/R8G71R3DYIQ6HZNZOIRO8X9U.jpg,Sweets,all,near_duplicate,b96dce92938cd065
../../foodsg-233_cleaned/muesli/YBABWIOQH2BBH4OE9CFEMLN9.jpg,muesli,all,near_duplicate,b996e4c9906c1737
../../foodsg-233_cleaned/Bubble Milk Tea/P30ZWIGIAP9BGGABVK8JT13M.jpg,Bubble Milk Tea,all,near_duplicate,b998c639f82749e2
../../foodsg-233_cleaned/rambutan/I355QG35ALLZ5ANLOMO0Z8U8.jpg,rambutan,all,near_duplicate,b99cc467d242e639
../../foodsg-233_cleaned/CNY love letter/YWSQQQO4L07TXA8DE7W5K6S2.jpg,CNY love letter,all,near_duplicate,b9b4c04aa5c77387
../../foodsg-233_cleaned/Grapefruit/IWZIS5FAP6UGDG1FUUHJ3EI7.jpg,Grapefruit,all,near_duplicate,b9cbc2251f326cc9
../../foodsg-233_cleaned/Chocolate/VX916BFEV116EGR0J5HFXLBK.jpg,Chocolate,all,near_duplicate,b9e4b14c949b9371
../../foodsg-233_cleaned/satay bee hoon/Z5J95S7SZO15KEGYI7HQV7KX.jpg,satay bee hoon,all,near_duplicate,b9ee8c053709f89c
../../foodsg-233_cleaned/Duck Rice/LHEEJ9ALMX4CRKNHDULTL9EH.jpg,Duck Rice,all,near_duplicate,ba00953f5a39ebd0
../../foodsg-233_cleaned/gulai daun ubi/20XUPG6J293VQ2S2U0NAPHJ7.jpg,gulai daun ubi,all,near_duplicate,ba0aad7cd02a3fa1
../../foodsg-233_cleaned/bak kwa/02NXZN10RFNOHKS8BTL56XW6.jpg,bak kwa,all,near_duplicate,ba0dd0af8b6a2d32
../../foodsg-233_cleaned/hotplate tofu/ME4XQ0TV4KTOTWHHOEG79G2Y.jpg,hotplate tofu,all,near_duplicate,ba3439b2ce8692dc
"../../foodsg-233_cleaned/Don, chicken teriyaki/JLVCLRYN2MBYLQVHQOHL4JNQ.jpg","Don, chicken teriyaki",all,near_duplicate,ba35d37124cc1733
../../foodsg-233_cleaned/Snacks and Chips/QB6H724DQ5SNF6AU6QWHZ4QK.jpg,Snacks and Chips,all,near_duplicate,ba3785953139c2ce
../../foodsg-233_cleaned/Sweets/X8DIUKYCSJD1YPPR36CIEO8B.jpg,Sweets,all,near_duplicate,ba3bc1c4363b39c4
../../foodsg-233_cleaned/satay bee hoon/E8ZNWM783N0G86XXSPNV5YKL.jpg,satay bee hoon,all,near_duplicate,ba40d5274c97d8ba
../../foodsg-233_cleaned/chai tow kuay/59I6HV2AFDJMIIMVITXSQAL9.jpg,chai tow kuay,all,near_duplicate,ba67d0ad8be31544
../../foodsg-233_cleaned/Apple/GJ4BILSR60BLIXBNUR3YO1KS.jpg,Apple,all,near_duplicate,ba6ac538986f2798
../../foodsg-233_cleaned/rambutan/HDBR69NJYSQZ6INLSK0B9P5Z.jpg,rambutan,all,near_duplicate,ba7191139fec5219
../../foodsg-233_cleaned/sausage rolls/UC5SUTIH4RYBVDMISO7ISN0I.jpg,sausage rolls,all,near_duplicate,ba71d7ba08d129d4
../../foodsg-233_cleaned/cereal prawns/J3ECQMFIQ5BA5FEZBI4L0BG9.jpg,cereal prawns,all,near_duplicate,ba80fcded427b02c
../../foodsg-233_cleaned/tumpeng/SO05UBBAK0FIE5GP7GYM2I0X.jpg,tumpeng,all,near_duplicate,ba832790bd01eb2f
../../foodsg-233_cleaned/Chocolate/HOTX6WK23XHJMF00FNESJKF8.jpg,Chocolate,all,near_duplicate,ba86c5693a96e568
../../foodsg-233_cleaned/rojak/FMEZ4OQLABCX7TUTCBLVCT60.jpg,rojak,all,near_duplicate,ba8a0e97e0333be1
../../foodsg-233_cleaned/Soursop/IV5L4YIUQBQVC6AHNXR8XXP2.jpg,Soursop,all,near_duplicate,ba91e539d61cc2cc
../../foodsg-233_cleaned/Pung Kueh/QD6YO8JAJ810F3SED7087PUH.jpg,Pung Kueh,all,near_duplicate,ba91e872a169be58
../../foodsg-233_cleaned/chilli crab/NFSY7VP6QE66L5O2LLLLLOA1.jpg,chilli crab,all,near_duplicate,ba93d003c16fd26b
../../foodsg-233_cleaned/rock melon/AL6LRY7M4ORLWX743R1W4DVX.jpg,rock melon,all,near_duplicate,ba94f548c527923e
../../foodsg-233_cleaned/egg tart/X0QZD4EWE7TPLMSJGFF6JK5J.jpg,egg tart,all,near_duplicate,ba97e1d81f396890
../../foodsg-233_cleaned/bak kwa/B7NL5RO7YOQKGR1CN4TEJPDJ.jpg,bak kwa,all,near_duplicate,ba97ea3980e815ea
../../foodsg-233_cleaned/rock melon/K958CAEE47M1ABLVHR7PRKZS.jpg,rock melon,all,near_duplicate,ba9b8468c569ca67
../../foodsg-233_cleaned/rock melon/2JB837XCL24ZFQQWLGQ0TVFQ.jpg,rock melon,all,near_duplicate,ba9f8568c5619e64
../../foodsg-233_cleaned/kway chap/EA0IZ0R2TYE1Y3ETJ9JKODDP.jpg,kway chap,all,near_duplicate,baa5c98585f43f42
"../../foodsg-233_cleaned/Bee hoon, goreng/DW0KS7VMPCQ70OA6KCYCMIQF.jpg","Bee hoon, goreng",all,near_duplicate,baa7f9dcb0114239
../../foodsg-233_cleaned/lamb chops/MIDHB1CPXNWBHUQ4X44WGW6T.jpg,lamb chops,all,near_duplicate,baacb694c07e99c1
../../foodsg-233_cleaned/Mee rebus/XY0LSYW634A5J5NVAI8UKVPV.jpg,Mee rebus,all,near_duplicate,babae1b1c496b219
../../foodsg-233_cleaned/pancake/5P5EYILKF0XJZMBWCY62Q5OK.jpg,pancake,all,near_duplicate,bac1856fc22fc03e
../../foodsg-233_cleaned/lamb chops/EFSJJRG8X2P8Q3DMFNEUK3KE.jpg,lamb chops,all,near_duplicate,bac5d5ab86c48c53
../../foodsg-233_cleaned/Fruit juice/HVXX801X3E7N9E8HY8DNQXG4.jpg,Fruit juice,all,near_duplicate,bac6913bc86c8739
../../foodsg-233_cleaned/hotplate tofu/8A8JT5BX0Q0IV8WY2O2LMDZ4.jpg,hotplate tofu,all,near_duplicate,bac897c6dade1112
../../foodsg-233_cleaned/popcorn/AN29WCTUJPBIXM0FSYY3JF5X.jpg,popcorn,all,near_duplicate,bacec13c0e61bd32
../../foodsg-233_cleaned/Kueh Salat/FL4Y8VGQDCAM2F9UEIGT4QT2.jpg,Kueh Salat,all,near_duplicate,bad1bd00d03fafc0
../../foodsg-233_cleaned/lontong/JA12Z2RI23DXIQO648QKF6K8.jpg,lontong,all,near_duplicate,bad8f1ad8664c313
../../foodsg-233_cleaned/Tauhu Goreng/GNLSHBFK81YHZXYS3RBOH2NI.jpg,Tauhu Goreng,all,near_duplicate,bad9942e1934f654
../../foodsg-233_cleaned/siew mai/EE8VE1HAN032UJUWD8LJYT8U.jpg,siew mai,all,near_duplicate,bae4ecf2a7455818
../../foodsg-233_cleaned/sausage rolls/0A19DTF289KY9562OFE0LOSK.jpg,sausage rolls,all,near_duplicate,bae89496cbc135c9
../../foodsg-233_cleaned/pasta - fettuccine/7W5UBJCRZT6OQW2Q4YU9WPRR.jpg,pasta - fettuccine,all,near_duplicate,bafdc4c292b41b92
../../foodsg-233_cleaned/lychee/WT5GL50PJCMRKKRIEKEWI36W.jpg,lychee,all,near_duplicate,bb0fb90da4272536
../../foodsg-233_cleaned/sirloin steak/SRDE4XBUIRXUJNBYN9V3IX5M.jpg,sirloin steak,all,near_duplicate,bb15d04a055f3e4b
../../foodsg-233_cleaned/sausage rolls/QP4U8VF6QFU8DW8HGZN8PY1R.jpg,sausage rolls,all,near_duplicate,bb17d1281b3933c6
../../foodsg-233_cleaned/rock melon/A61H9I2X00T25OKLYH1X7NDW.jpg,rock melon,all,near_duplicate,bb1b85c0d867c2b5
../../foodsg-233_cleaned/Kway Teow/L4HFK91879URERNRPYFWWU9L.jpg,Kway Teow,all,near_duplicate,bb4ea43b80fc364c
../../foodsg-233_cleaned/Chocolate/W9RE5263LM22K6ZT0HMY9N82.jpg,Chocolate,all,near_duplicate,bb819562963760dd
../../foodsg-233_cleaned/cereal prawns/WZHAOJ0B6JBEV3DRBWSEE9XI.jpg,cereal prawns,all,near_duplicate,bb81c0139d4ebe3c
../../foodsg-233_cleaned/ngoh hiang/FDM3S1051WID4HG3ZAFEBMQL.jpg,ngoh hiang,all,near_duplicate,bb82f40dcc4b791a
../../foodsg-233_cleaned/longan/3B65MTCH18HNJPC082UGTYMS.jpg,longan,all,near_duplicate,bb84c66b3c94c38b
../../foodsg-233_cleaned/cereal prawns/XBFI018QKL4TANIDI8C0LM05.jpg,cereal prawns,all,near_duplicate,bb87cb8b861c2aa5
../../foodsg-233_cleaned/Udon/4Z12C76YRHHL6BQ8JDO6HRK2.jpg,Udon,all,near_duplicate,bb8cc6b1994e62ac
../../foodsg-233_cleaned/tumpeng/QY43VEFYU7P5J6E1UE06D8TM.jpg,tumpeng,all,near_duplicate,bb90c443957ec16d
../../foodsg-233_cleaned/rambutan/U8LN19DJ6GV6WKP74DV0ZBIW.jpg,rambutan,all,near_duplicate,bb91c46a936d3a91
../../foodsg-233_cleaned/oyster omelette/7RZUDZUMJXIN73DTAF7LBYQ5.jpg,oyster omelette,all,near_duplicate,bb94e018cd4fc64d
../../foodsg-233_cleaned/rock melon/TOP3RJDR9BCT40MSCKCO1R5T.jpg,rock melon,all,near_duplicate,bb95d24a854a8d76
../../foodsg-233_cleaned/rice dumpling/QER4I02Y2D1H0JX8M0KWQHVJ.jpg,rice dumpling,all,near_duplicate,bb969768e09366c2
../../foodsg-233_cleaned/rambutan/UT74SG9GQVECY298T62BIBA4.jpg,rambutan,all,near_duplicate,bb96c4a833993996
../../foodsg-233_cleaned/Chocolate/Z67486UZ5S62FOFORXDYDFQ3.jpg,Chocolate,all,near_duplicate,bb9fe568d440c4b1
../../foodsg-233_cleaned/muesli/8U27XW3F56E42NJV46PG0JA5.jpg,muesli,all,near_duplicate,bba4c09287c2de6d
../../foodsg-233_cleaned/mixed vegetables/BP7WQUXQBGGCR034L3VGVT5L.jpg,mixed vegetables,all,near_duplicate,bba798f842470b4e
../../foodsg-233_cleaned/Kway Teow/M3GXJOVOZZNOLLDXV18JWJEY.jpg,Kway Teow,all,near_duplicate,bbade118c82eb6a4
../../foodsg-233_cleaned/fried prawn/TH7KYGZ9HV8B7K5IRBCJVJQP.jpg,fried prawn,all,near_duplicate,bbb891844ccea7c6
../../foodsg-233_cleaned/cherries/FE8BI1K1PDKRVL9GX08V48Q7.jpg,cherries,all,near_duplicate,bbc0cd2f926dcc30
../../foodsg-233_cleaned/chwee kueh/HG3GTT30PTVPWO4OWPO5Y7RO.jpg,chwee kueh,all,near_duplicate,bbc1b599c61c4e64
../../foodsg-233_cleaned/tutu kueh/CUSXKOXUX56BDBMXZV7HF3ET.jpg,tutu kueh,all,near_duplicate,bbc4b723cc1cd03c
../../foodsg-233_cleaned/pitaya/ZHVNFSD7APJBMLQIVWAW5653.jpg,pitaya,all,near_duplicate,bbc4cc31917ec469
../../foodsg-233_cleaned/Chinese fritters/AMO4OGZ744UG3BJATR87CHN7.jpg,Chinese fritters,all,near_duplicate,bbc9ce2070851f3e
../../foodsg-233_cleaned/chwee kueh/NL3ALL02SLMKZZRAKBAYVM95.jpg,chwee kueh,all,near_duplicate,bbcbcc604c33724d
../../foodsg-233_cleaned/banana/SNVVF7Y65W5JH8QUBIRXBTF0.jpg,banana,all,near_duplicate,bbcc16e98f30cd22
../../foodsg-233_cleaned/Fish and chips/A8H7G62Z5MQRRJ7MSR8D8R6O.jpg,Fish and chips,all,near_duplicate,bbcca502d52d8e53
../../foodsg-233_cleaned/Kway Teow/IV49M1FAOXQQ2818IPK76YPV.jpg,Kway Teow,all,near_duplicate,bbcde400860fd99d
../../foodsg-233_cleaned/Grapefruit/K8S80NB36YGOY2UOA482A2JD.jpg,Grapefruit,all,near_duplicate,bbe0d01b4f34ea1c
../../foodsg-233_cleaned/begedil/4CZ0KT0WNMQ5UQIK0I3A1HVY.jpg,begedil,all,near_duplicate,bbe194c66329ad16
../../foodsg-233_cleaned/lychee/QC40180EXDTESKNLYRVCH4F4.jpg,lychee,all,near_duplicate,bbe7d490d22b4d18
../../foodsg-233_cleaned/Kway Teow/297VMCNCY6CMDHBP4C4SFBF2.jpg,Kway Teow,all,near_duplicate,bbeb7e1e0f12c0c0
../../foodsg-233_cleaned/cheng tng/7S3HONQPHZ18MNVS0QZUX0A9.jpg,cheng tng,all,near_duplicate,bbf5ec84d329c181
../../foodsg-233_cleaned/rojak/H7U6Y2C7Z7QGA3FRGN4G1NEW.jpg,rojak,all,near_duplicate,bbf6e1d0ecc8a40a
../../foodsg-233_cleaned/black pepper crab/9Q6133V1UX7BX9ZY6565UDKZ.jpg,black pepper crab,all,near_duplicate,bbfca110cf8078b9
../../foodsg-233_cleaned/chicken pie/16B9ALTINA2GIEXEN481A7YI.jpg,chicken pie,all,near_duplicate,bc1e910616f0ef96
../../foodsg-233_cleaned/lontong/4YL1MX9RK86OU5VP5JPL690D.jpg,lontong,all,near_duplicate,bc1fcb7e3f242480
../../foodsg-233_cleaned/canned Fruit salad/N8RHIVGP7OG4I7V6W8CJASZE.jpg,canned Fruit salad,all,near_duplicate,bc24c3cbcb329a69
../../foodsg-233_cleaned/Chocolate/EXYVAMKP7AECX5D6F4513JCH.jpg,Chocolate,all,near_duplicate,bc2ccb3dc233d2c2
../../foodsg-233_cleaned/yong tau foo/7XYLXC3NQ6XH3L3D1UCAN2G8.jpg,yong tau foo,all,near_duplicate,bc3cc1c09ec6cc6d
../../foodsg-233_cleaned/fish head curry/6WVW3U8GOZJ0JKSVC8QO4APC.jpg,fish head curry,all,near_duplicate,bc40c65fd60cd3e4
../../foodsg-233_cleaned/Kway Teow/KEYZLZRQHABN2AERW3KENO1W.jpg,Kway Teow,all,near_duplicate,bc41053f4a7a87f1
../../foodsg-233_cleaned/rock melon/6SAYDMEVGK9K319N0IWMX04H.jpg,rock melon,all,near_duplicate,bc56534a66d96385
"../../foodsg-233_cleaned/Miso ramen, with fishcake/BE4IYPBRZTGFH545VBG4Q395.jpg","Miso ramen, with fishcake",all,near_duplicate,bc5c53e3c9af0449
../../foodsg-233_cleaned/banana/2O3DSDXGQPWZ4MHJ9LNG0QZN.jpg,banana,all,near_duplicate,bc63d19d8d3126cc
../../foodsg-233_cleaned/drunken prawn/GPRC4YS8BH4P9Y3S26WN2OJV.jpg,drunken prawn,all,near_duplicate,bc760bb9b4225789
../../foodsg-233_cleaned/chicken masala/O2QMXKV8F5XHHVJ8O64LJOG5.jpg,chicken masala,all,near_duplicate,bc842cb4765574ae
../../foodsg-233_cleaned/Nasi pattaya/UH0B1S7MEMZ8283S0NS6RGVN.jpg,Nasi pattaya,all,near_duplicate,bc85844b6f444f5e
../../foodsg-233_cleaned/biscuit/OSWMBJAJT7KBQA6TBN02NA7A.jpg,biscuit,all,near_duplicate,bc90c36f3c916b26
../../foodsg-233_cleaned/cheng tng/ZUE2FFFO8A724V2FRY2QQ1B8.jpg,cheng tng,all,near_duplicate,bc9487e99c23319e
../../foodsg-233_cleaned/banana/478Y0P307DYIH07CNUX9FPQO.jpg,banana,all,near_duplicate,bc98c063c7a71e99
../../foodsg-233_cleaned/hokkien prawn mee/HX49TQW90E30MTCHL41XJ79I.jpg,hokkien prawn mee,all,near_duplicate,bc9eb468c1c387c3
../../foodsg-233_cleaned/rock melon/VOUHZ7S5CN2HQRUU7NMCOU96.jpg,rock melon,all,near_duplicate,bc9ed249930dce26
../../foodsg-233_cleaned/gulai daun ubi/4BTYQ81F6MHTA4M9JCKZM60X.jpg,gulai daun ubi,all,near_duplicate,bcbdc0f38b4c047a
../../foodsg-233_cleaned/strawberry/59XGY8LAY1ICILT93URU1R3N.jpg,strawberry,all,near_duplicate,bcc0932fcb34c93a
../../foodsg-233_cleaned/rambutan/6EVEEHMWTT3IGLC3FLM6Q0RA.jpg,rambutan,all,near_duplicate,bcc0d66bd23ccb30
../../foodsg-233_cleaned/ice kacang/H4CNYHYCZTW7SPJWG5NA57X9.jpg,ice kacang,all,near_duplicate,bcc31be6c11ec136
../../foodsg-233_cleaned/chai tow kuay/5VF9NAJVUNC3LI50BSTUSGJ9.jpg,chai tow kuay,all,near_duplicate,bcc390e99633871d
../../foodsg-233_cleaned/pancake/0ZCOILFU1EQ3Y1RI0P585433.jpg,pancake,all,near_duplicate,bcc3c3389e344be1
../../foodsg-233_cleaned/mango pudding/NKC7HEJAD1UI8GHR50G9U7O5.jpg,mango pudding,all,near_duplicate,bcc4c36bc5304eb5
../../foodsg-233_cleaned/mangosteen/B5Q5JZENXW0PJFXTLSU1D52G.jpg,mangosteen,all,near_duplicate,bcc4c413936c1fcd
../../foodsg-233_cleaned/seaweed snack/T9DQN5WHBRPY20RRXRM2N4MD.jpg,seaweed snack,all,near_duplicate,bccbcb2c9230cd99
../../foodsg-233_cleaned/Nasi Ambeng/HDL1XUG69YML9RWV7N9AK66L.jpg,Nasi Ambeng,all,near_duplicate,bccc9435ca70cb72
../../foodsg-233_cleaned/ice kacang/7AH0ELKLBF9D2824K8LO7G9Y.jpg,ice kacang,all,near_duplicate,bccc96a3a149c93d
../../foodsg-233_cleaned/chwee kueh/8X0LQ7DJP8RGJ87OK1WCRLNP.jpg,chwee kueh,all,near_duplicate,bccff080869827db
../../foodsg-233_cleaned/kuih bahulu/U148TK2ZTQ07RIGVRB0PP9X2.jpg,kuih bahulu,all,near_duplicate,bcd2cb8cc60cf833
../../foodsg-233_cleaned/pancake/F3WRBSAZ81AMA4A2IJ7ZRIPF.jpg,pancake,all,near_duplicate,bcd3e802479f28f8
../../foodsg-233_cleaned/kueh lapis baked/YCVIB4DVB2J49BDREK9DR0Z4.jpg,kueh lapis baked,all,near_duplicate,bcdac1641ecd65d0
../../foodsg-233_cleaned/rock melon/SY7I3R8N26BXTXSB2L54ND1E.jpg,rock melon,all,near_duplicate,bce09797c27e8831
../../foodsg-233_cleaned/lamb chops/NIB6LYX4QXSXMKIYWIW657I6.jpg,lamb chops,all,near_duplicate,bce1c736684ca1ba
../../foodsg-233_cleaned/thunder tea rice/4OR547TEJO7HQKD778V7GQZC.jpg,thunder tea rice,all,near_duplicate,bcf2c00c9f733790
../../foodsg-233_cleaned/gulai daun ubi/GAHGC8WHU89G5KU3147UM0RO.jpg,gulai daun ubi,all,near_duplicate,bd1dcccf45521613
../../foodsg-233_cleaned/french fries/76CODRXA82VUF5PR4OGJ6DDS.jpg,french fries,all,near_duplicate,bd5bd52bc210426f
../../foodsg-233_cleaned/lychee/FEVJ9JQ7G51R017MCM0GXV0F.jpg,lychee,all,near_duplicate,bd69c0b783b0a693
../../foodsg-233_cleaned/dumpling/WOCNJR2513DY6PTIBSHKNZMC.jpg,dumpling,all,near_duplicate,bd8343e03efc4a23
../../foodsg-233_cleaned/Peanut Pancake/R9AIYYG30MKO42B31I2RPBJ3.jpg,Peanut Pancake,all,near_duplicate,bd83c2319a3e9a63
../../foodsg-233_cleaned/rock melon/2RU0IMWW9YUNSIW7X6RQQUJ8.jpg,rock melon,all,near_duplicate,bd9092cbcf651d30
../../foodsg-233_cleaned/char siew/MZYMGKQS7CCCR1MZ7MMXHGY2.jpg,char siew,all,near_duplicate,bd92c06987256f36
../../foodsg-233_cleaned/rock melon/J5O73OJE1PCM9EDIKBKY9GJ3.jpg,rock melon,all,near_duplicate,bd92c40ee3399c63
../../foodsg-233_cleaned/pear/UW1UBGT9FCVASYXBUBN01HXY.jpg,pear,all,near_duplicate,bd9fc61cc4e0c0e3
../../foodsg-233_cleaned/sausage rolls/SKY46LJ8YB0YU5Z1DT0A2CQN.jpg,sausage rolls,all,near_duplicate,bda3de8dc385b120
../../foodsg-233_cleaned/bak kwa/2PAAGYQWC06000HDVBPPYO7H.jpg,bak kwa,all,near_duplicate,bda7d078c3094bac
../../foodsg-233_cleaned/kueh lapis - rainbow/4A8LQZSGAU5BZ38ECSOG3Y1T.jpg,kueh lapis - rainbow,all,near_duplicate,bda9907cc8e0c8de
../../foodsg-233_cleaned/sambal/MRY5E4DSMS8V029H5T5WU692.jpg,sambal,all,near_duplicate,bdac02812f07357f
../../foodsg-233_cleaned/char siew pau/NTKQ3UN7J1KXBSHDCYMK4CDX.jpg,char siew pau,all,near_duplicate,bdaee42bc54c5e01
../../foodsg-233_cleaned/oyster omelette/UDK1GXMMASANJ11MDZBJB5YW.jpg,oyster omelette,all,near_duplicate,bdb6f40cc2ce05c3
../../foodsg-233_cleaned/fried chicken/FZUUGM73WEBDTAWS83C0Z38G.jpg,fried chicken,all,near_duplicate,bdb8b9bc98851658
../../foodsg-233_cleaned/Sweets/9Z95L2EYWB6GH11H4BERL9JK.jpg,Sweets,all,near_duplicate,bdc3d294c44c0d6f
../../foodsg-233_cleaned/canned Fruit salad/L15NG7K6EQ3KM3N6U6YQMI13.jpg,canned Fruit salad,all,near_duplicate,bdc5d22f1f104f12
../../foodsg-233_cleaned/lychee/JJ0DIWJ6C4LXFZ5L8UOMNQGP.jpg,lychee,all,near_duplicate,bdd2c900de6f0336
"../../foodsg-233_cleaned/Bee hoon, goreng/MYHRWU7CMKGRZBXBCSUCWPDR.jpg","Bee hoon, goreng",all,near_duplicate,bdd6c90f72308e89
../../foodsg-233_cleaned/Grapefruit/3XPGZT7T1PET1PCDDDJDOS76.jpg,Grapefruit,all,near_duplicate,bdd8d2c3680781de
../../foodsg-233_cleaned/salad/J9YZWS94FLXXOGHAW0WUKHGA.jpg,salad,all,near_duplicate,bde3c83cc7a20b61
../../foodsg-233_cleaned/bak kwa/IIJOEVWEQYO905ZLUU7WC297.jpg,bak kwa,all,near_duplicate,bde6b537a146a052
../../foodsg-233_cleaned/Nasi Ambeng/2CJAGQQIQ4XW3REXNLQLXI7T.jpg,Nasi Ambeng,all,near_duplicate,bde8d472c841cc1f
../../foodsg-233_cleaned/Kway Teow/97MBPR8XAHFTD6VD7M36GBN5.jpg,Kway Teow,all,near_duplicate,bdf0f042812fde26
../../foodsg-233_cleaned/bak kut teh/77RN4VH0V4R1ER2Z5PGIS26M.jpg,bak kut teh,all,near_duplicate,bdf2d5514446435d
../../foodsg-233_cleaned/sirloin steak/ZPPXGBEEPGLJ5SB3VUUV2FA3.jpg,sirloin steak,all,near_duplicate,be0f90f4cbd0c869
../../foodsg-233_cleaned/kueh lapis baked/OVI7PPXBCCBRKJQB3IWFBEFK.jpg,kueh lapis baked,all,near_duplicate,be1fc3288ea3986c
../../foodsg-233_cleaned/bak kwa/F8CM0VG33THMIZS4OLM3EEE1.jpg,bak kwa,all,near_duplicate,be48d097cbf8cc41
../../foodsg-233_cleaned/Sweets/NLDP2FSUW9EAJ92LGI14HR9G.jpg,Sweets,all,near_duplicate,be4ac1b04ec23e3d
../../foodsg-233_cleaned/gulai daun ubi/122KGR93VRKMVIGHGLGH5PRK.jpg,gulai daun ubi,all,near_duplicate,be4c8b82adcb340f
../../foodsg-233_cleaned/sirloin steak/4GYFQQIV4YQQKMEVL24W9KTT.jpg,sirloin steak,all,near_duplicate,be4e759d8198c09e
../../foodsg-233_cleaned/rock melon/OF63TR5OEHO4N24SC6TZ1DBS.jpg,rock melon,all,near_duplicate,be51832ed02dcd93
../../foodsg-233_cleaned/sausage rolls/MBPR3GVLHLMGUE2J8PFRY1UL.jpg,sausage rolls,all,near_duplicate,be61b09a0f03dd8e
../../foodsg-233_cleaned/kway chap/0K394ASM4QNWJ03K9UFB6GDE.jpg,kway chap,all,near_duplicate,be684f0fb5851c2a
../../foodsg-233_cleaned/sirloin steak/OZSHMMELNCZO92GH4GN23WGC.jpg,sirloin steak,all,near_duplicate,be6890bf4b346a61
../../foodsg-233_cleaned/rice dumpling/SHJ5YJIEOQZAXYIT4ALWQ4IU.jpg,rice dumpling,all,near_duplicate,be6fc1d04905c27b
"../../foodsg-233_cleaned/Pilaf, pea/OMVQMC0VDLVXY5UC8RSIDTBK.jpg","Pilaf, pea",all,near_duplicate,be79f516830a8e64
../../foodsg-233_cleaned/Peanut Pancake/FEIZZSLF0VGJZ40RV4W6KEX8.jpg,Peanut Pancake,all,near_duplicate,be846c6a29e12fa3
../../foodsg-233_cleaned/pasta - red sauce/OTCZZRT2WNJ9HHJERUFN4CGK.jpg,pasta - red sauce,all,near_duplicate,be848007151f9f3f
../../foodsg-233_cleaned/har cheong gai/0IKKGUNP1TAXQQLN1ZPDOKWT.jpg,har cheong gai,all,near_duplicate,be8f547403536327
../../foodsg-233_cleaned/cherries/Z4QRZGAZ7AM7VRMKVFTQU1JP.jpg,cherries,all,near_duplicate,be908e743277ad81
../../foodsg-233_cleaned/cheng tng/PS522FGCQR14AWDEVHMZP32G.jpg,cheng tng,all,near_duplicate,be960f4c789660c7
../../foodsg-233_cleaned/black pepper crab/LUMHT9KMV6BCY5VNTXGJO873.jpg,black pepper crab,all,near_duplicate,be97b5d085f08368
../../foodsg-233_cleaned/Dumpling noodle soup/6T369MBHO7VG8M5I5WVHPD66.jpg,Dumpling noodle soup,all,near_duplicate,be9cb04e47b198c9
../../foodsg-233_cleaned/hokkien prawn mee/KTII4G2UU12H3NMF9WYGGSI4.jpg,hokkien prawn mee,all,near_duplicate,be9ea8fdc0608743
../../foodsg-233_cleaned/chicken chop/O0MHLUPKSCSO47IGNBCDUCWN.jpg,chicken chop,all,near_duplicate,be9ec1e9c6458466
../../foodsg-233_cleaned/banana/DUSAAET6OEBXY92YZSUIH0GJ.jpg,banana,all,near_duplicate,beb4c1c30f69970c
../../foodsg-233_cleaned/Soursop/S12LXZSM6OAEDD201FL69DLZ.jpg,Soursop,all,near_duplicate,bec0c03ee79e3168
../../foodsg-233_cleaned/Mee goreng/U3M3E1FIOG2RNUOZBBESNXBB.jpg,Mee goreng,all,near_duplicate,bec1801e1f7b78a1
../../foodsg-233_cleaned/honeydew/66R4GXIDOR102UNLPHGODRQ7.jpg,honeydew,all,near_duplicate,bec19b649c63c239
../../foodsg-233_cleaned/Snacks and Chips/VZXYPU1S6TQNG8WTA2BS7P6I.jpg,Snacks and Chips,all,near_duplicate,bec2c13dcdd0320f
../../foodsg-233_cleaned/chilli crab/TRH6AQ7H56O1RMIXGBNLBX9T.jpg,chilli crab,all,near_duplicate,bec6a602870f571d
../../foodsg-233_cleaned/kway chap/6ELOQGI6ZF05GNXHSO02IBC2.jpg,kway chap,all,near_duplicate,bed2a0b51a5fc429
../../foodsg-233_cleaned/Ban Mian/JPFORWRZ4AEW4UZY5L4BWYCI.jpg,Ban Mian,all,near_duplicate,bed9c1c6c7981e0c
"../../foodsg-233_cleaned/Don, chicken teriyaki/SZJMQN95KNEVH9OMUHV650X3.jpg","Don, chicken teriyaki",all,near_duplicate,bedae8b5a22c2a98
../../foodsg-233_cleaned/chilli crab/WJ8DVPQEW0KWJMCLFTV1N11C.jpg,chilli crab,all,near_duplicate,bee0db00cb356e89
../../foodsg-233_cleaned/rice dumpling/1S04TTBIL79X2WAPHW6YKB16.jpg,rice dumpling,all,near_duplicate,befca121924f5d88
../../foodsg-233_cleaned/satay bee hoon/56HKEEHOW4S6H5O6V9W542BE.jpg,satay bee hoon,all,near_duplicate,befcc0247c4f48c3
../../foodsg-233_cleaned/begedil/JFF4GSYZUEU30OX6A2DQCK7C.jpg,begedil,all,near_duplicate,bf0154a8a9d5d94e
../../foodsg-233_cleaned/bak kwa/8VO5TETUN8MB6DG963JZH422.jpg,bak kwa,all,near_duplicate,bf017cc0952fc18f
../../foodsg-233_cleaned/hokkien prawn mee/QMNXI66U29CURSAH69JO0WK4.jpg,hokkien prawn mee,all,near_duplicate,bf02509e1abff828
../../foodsg-233_cleaned/hokkien prawn mee/7NWXN3008VWDHFEMZ84SHBYE.jpg,hokkien prawn mee,all,near_duplicate,bf0325e0f9b16543
../../foodsg-233_cleaned/tom yum noodle soup/OPOW02WNQS40VN0U5Q661V3M.jpg,tom yum noodle soup,all,near_duplicate,bf054092cbdc6dd8
../../foodsg-233_cleaned/Tauhu Goreng/APPKIC8VR3MCJV7VJPHTGV7T.jpg,Tauhu Goreng,all,near_duplicate,bf1b532b6561e061
../../foodsg-233_cleaned/passion fruit/J5ITPF8OQ2ANS0IW58OYXZCT.jpg,passion fruit,all,near_duplicate,bf1cc0e24f1bb099
../../foodsg-233_cleaned/miso soup/OZD5NF0TLA08JTI1RXGG05II.jpg,miso soup,all,near_duplicate,bf1db07ad2c1c189
../../foodsg-233_cleaned/chicken soup/LTK65S5AUE78V7DWXAQ4WD69.jpg,chicken soup,all,near_duplicate,bf30b24407a92ff4
../../foodsg-233_cleaned/Kueh Salat/9I2Y0VQHPDUZAQXN0TWHKANW.jpg,Kueh Salat,all,near_duplicate,bf423d8305ab8367
../../foodsg-233_cleaned/Kueh Salat/CT1AEGFZDE0X8SE5AAJ3K01R.jpg,Kueh Salat,all,near_duplicate,bf423d8305ab8367
../../foodsg-233_cleaned/har cheong gai/P3ENV80K875I8J76ZEU3IUDF.jpg,har cheong gai,all,near_duplicate,bf45223ef1c306f0
../../foodsg-233_cleaned/chicken rice/WTKV8JZZ0D280TUWWBGB5ZXM.jpg,chicken rice,all,near_duplicate,bf484385878fb49c
../../foodsg-233_cleaned/vadai/PJMGKEHA6KZ2I5N1TBDR1ADO.jpg,vadai,all,near_duplicate,bf5dbe60b10c7a01
../../foodsg-233_cleaned/rock melon/ITP87BZFCHO3GC1Q4VAHMI4M.jpg,rock melon,all,near_duplicate,bf60d0a5e51f650c
../../foodsg-233_cleaned/canned Fruit salad/PXBTL9OLGMEWDJT48BF1AA4I.jpg,canned Fruit salad,all,near_duplicate,bf666b99c2b18491
../../foodsg-233_cleaned/ngoh hiang/J2YP2TT3RFI175UHOZAK1X38.jpg,ngoh hiang,all,near_duplicate,bf68c0d0cbd8b48d
../../foodsg-233_cleaned/Nuts/816VTAP7VXBFZW9VSCTSF0JB.jpg,Nuts,all,near_duplicate,bf6cc0831af3292e
../../foodsg-233_cleaned/kway chap/LYPQ5P7VRFT9DW7U0HBQZOYO.jpg,kway chap,all,near_duplicate,bf70d125c296748b
../../foodsg-233_cleaned/kway chap/JYOQSPCZPNH660RBQ7ZRGGZX.jpg,kway chap,all,near_duplicate,bf82441fe08aa33f
../../foodsg-233_cleaned/Kway Teow/1F39RG4ENPXMVKJS1DP4Y8U2.jpg,Kway Teow,all,near_duplicate,bf87e0be4152172a
../../foodsg-233_cleaned/biscuit/V8V1MPRDEWM94N9UJKKWA9GQ.jpg,biscuit,all,near_duplicate,bf904e2f0e647887
../../foodsg-233_cleaned/kiwi/5G42EH0SMQPGG9WTYI0AJCUB.jpg,kiwi,all,near_duplicate,bf91a6e1c167b442
../../foodsg-233_cleaned/buckwheat/2LRBB3HY6ZE5ZJE81D2GEYAS.jpg,buckwheat,all,near_duplicate,bf91f0d0c0cac72d
../../foodsg-233_cleaned/fried prawn/GCJ35RE9VK83P5UIZVLJ0YYE.jpg,fried prawn,all,near_duplicate,bf93d0ccce331826
../../foodsg-233_cleaned/begedil/K6LQD2RWNLT4G2AVRNN8JD0J.jpg,begedil,all,near_duplicate,bf94c04bc556c83b
../../foodsg-233_cleaned/Soursop/BELQVKFRKQLM0FP91AND529O.jpg,Soursop,all,near_duplicate,bf94e0cb9021c776
../../foodsg-233_cleaned/popiah/G2IX85N5R7YNDK6M7ZU8H0FQ.jpg,popiah,all,near_duplicate,bf953bb850c42693
../../foodsg-233_cleaned/Kway Teow/SYSBJ53NE5QIDV4WRUKN0RP4.jpg,Kway Teow,all,near_duplicate,bf96c4f09ec0984b
../../foodsg-233_cleaned/Prawn Noodle/5JBBJOODFXD2UGFBL7WPNV7A.jpg,Prawn Noodle,all,near_duplicate,bf97c8dd90682362
../../foodsg-233_cleaned/bak kwa/6V0TJQC8FREEIR60CA170LSY.jpg,bak kwa,all,near_duplicate,bf97f49f00da0198
../../foodsg-233_cleaned/CNY love letter/SOVB3D2MFOIJHQP4Q4WOSULJ.jpg,CNY love letter,all,near_duplicate,bf9f8548d4259266
../../foodsg-233_cleaned/Peanut Pancake/KKJUC6FV1YW6QLQ7TKGM1E9F.jpg,Peanut Pancake,all,near_duplicate,bf9f90e4c9c0c3e0
../../foodsg-233_cleaned/sambal/0UZY1P514II6CHAPMEGK3CDG.jpg,sambal,all,near_duplicate,bf9fc0586cc1e702
../../foodsg-233_cleaned/pitaya/Q7OTRL6ZVNNDFNL1DRYGM31F.jpg,pitaya,all,near_duplicate,bfa1c01fab16b2c2
../../foodsg-233_cleaned/baked beans/TBX9MR1DLAY6F3FDFCYUXWRD.jpg,baked beans,all,near_duplicate,bfa7b0c2d06780e3
../../foodsg-233_cleaned/Kway Teow/JIMBT4P7OZMT9A9RUNLIKT8I.jpg,Kway Teow,all,near_duplicate,bfb4c0d0cfe08d45
../../foodsg-233_cleaned/french fries/GRZS3OFN8CE56PEF53F5LAME.jpg,french fries,all,near_duplicate,bfb5c87ab04b2cc0
../../foodsg-233_cleaned/satay/0O0PNM7GNZKDBNMY0R3IGNZI.jpg,satay,all,near_duplicate,bfb840f4276037cc
../../foodsg-233_cleaned/yong tau foo/PR3ZF54R0Y9M9TYCM0SZRAEW.jpg,yong tau foo,all,near_duplicate,bfb8d0694b202db5
"../../foodsg-233_cleaned/Don, unagi/MZWI0K1SXQLWBLU6NEOTS8P4.jpg","Don, unagi",all,near_duplicate,bfb99072e0c4e6c1
../../foodsg-233_cleaned/har cheong gai/9PDJ449M0YLVWLBWGD3UYAHF.jpg,har cheong gai,all,near_duplicate,bfc0783d9dd0c462
../../foodsg-233_cleaned/pancake/ZNSOJLUWGO580FDVAYF1QSNU.jpg,pancake,all,near_duplicate,bfc0c02f9e380fc9
../../foodsg-233_cleaned/yong tau foo/Y5FY9WYKKHJ8KF87OW96JNTB.jpg,yong tau foo,all,near_duplicate,bfc0e4c7c038c33e
../../foodsg-233_cleaned/pineapple tarts/ND8LPLDJC5MWYZKK3JE2S494.jpg,pineapple tarts,all,near_duplicate,bfc281d92e9d20c7
../../foodsg-233_cleaned/lychee/WX10FE6FPYXMHLBC2A5PC76M.jpg,lychee,all,near_duplicate,bfc2d02d01b3ced1
../../foodsg-233_cleaned/char siew/F7UH82G2O5E6Y6ELCLNQZNG9.jpg,char siew,all,near_duplicate,bfc397211a4e601f
../../foodsg-233_cleaned/chicken chop/YXNE8Y5LADNT865OZVA6U9XC.jpg,chicken chop,all,near_duplicate,bfc4d400811f5e5f
../../foodsg-233_cleaned/hokkien prawn mee/3KWY1K2W00CPB4EN0RXK6RGF.jpg,hokkien prawn mee,all,near_duplicate,bfc7bc34c01ad071
../../foodsg-233_cleaned/White Bread/1A7H7JSA158F55DQDLVTTGD3.jpg,White Bread,all,near_duplicate,bfc7c04a61bc0f13
../../foodsg-233_cleaned/honeydew/SPHKTB0A17HGFUC31K8O0VIY.jpg,honeydew,all,near_duplicate,bfc8f883c007c39b
../../foodsg-233_cleaned/sushi/NBV04HWBJ8EPYKJUGHKBWWXL.jpg,sushi,all,near_duplicate,bfcac0b1631e34c9
../../foodsg-233_cleaned/mushroom soup/M2M2PNODPYKYXBPGKN9RO62U.jpg,mushroom soup,all,near_duplicate,bfd04b43102f57b8
../../foodsg-233_cleaned/baked beans/96QUMQS45L9GSH4EEECTO0FI.jpg,baked beans,all,near_duplicate,bfd0c2cbcc3d9070
../../foodsg-233_cleaned/Fish and chips/NKUJPBYSL1VKFIFVVXL9JO4V.jpg,Fish and chips,all,near_duplicate,bfd29c21cd18ba85
../../foodsg-233_cleaned/biscuit/2XKVO2LOW3U63TEHXSDXMHIR.jpg,biscuit,all,near_duplicate,bfd2d03d83244bd2
../../foodsg-233_cleaned/Soursop/PYJF7CSY7MDU61G0MD08WB3C.jpg,Soursop,all,near_duplicate,bfd8d0c983368336
../../foodsg-233_cleaned/hokkien prawn mee/A6UC5LYEZ5ACGM1A0LVRS5PH.jpg,hokkien prawn mee,all,near_duplicate,bfe0c01f03f83fc0
../../foodsg-233_cleaned/Pung Kueh/Q2UZCLO5ZFS46XC4G7ICOL5O.jpg,Pung Kueh,all,near_duplicate,bfe1c09f473838c1
../../foodsg-233_cleaned/bak kwa/WV4WVGPXBZ1UAQCONRFRNQW7.jpg,bak kwa,all,near_duplicate,bfeda150854fd0c8
../../foodsg-233_cleaned/siew mai/UBXQY6HPX6RVZQH77W4POUKZ.jpg,siew mai,all,near_duplicate,c0173b6e3464d3c7
../../foodsg-233_cleaned/Kueh Salat/NU109ORCB9IJT88T7RB057W7.jpg,Kueh Salat,all,near_duplicate,c0333e921ede169e
../../foodsg-233_cleaned/cooked white rice/ZS52POE2FWSY18Z2ONJ2EG2L.jpg,cooked white rice,all,near_duplicate,c03e3e90e5ca966d
../../foodsg-233_cleaned/tutu kueh/2HHMUAEHQ7LXKMYED1LB0G0D.jpg,tutu kueh,all,near_duplicate,c0486264cdb776db
../../foodsg-233_cleaned/bak kwa/H6L61KGA0UIZ81HHZMJFD7A4.jpg,bak kwa,all,near_duplicate,c05d050f1f7a5ee1
../../foodsg-233_cleaned/gulai daun ubi/7H86MTM01SPHGZ2W6BRMHPNS.jpg,gulai daun ubi,all,near_duplicate,c061c1eac362e7e7
../../foodsg-233_cleaned/Soursop/J2GJ0YUN94EENDWQPJQ7ZYN5.jpg,Soursop,all,near_duplicate,c06695d94a64b79b
../../foodsg-233_cleaned/Dumpling noodle soup/27BML7I2I08L1DY2TEW7XV9E.jpg,Dumpling noodle soup,all,near_duplicate,c066a3b79f8d4d28
"../../foodsg-233_cleaned/Wanton mee, dry/ODD6CPEZ9XV2ZH0WHV7XBH3E.jpg","Wanton mee, dry",all,near_duplicate,c06b65f2b3b1a1f0
../../foodsg-233_cleaned/murtabak/US28XCN74ENW6JIT8B9Q6BKS.jpg,murtabak,all,near_duplicate,c0734fd06b85399e
../../foodsg-233_cleaned/Kueh Salat/6NFL5LU3C7MIKUJMSB4Y1LQS.jpg,Kueh Salat,all,near_duplicate,c07a27d558ac37d2
../../foodsg-233_cleaned/Mee goreng/F9M85RI15MLY5TTWRDOFS9JJ.jpg,Mee goreng,all,near_duplicate,c0811bbc3f366e63
../../foodsg-233_cleaned/Kueh Salat/QMIL2S5PHUG118LSAZK632F1.jpg,Kueh Salat,all,near_duplicate,c0847f1f204b45ff
../../foodsg-233_cleaned/chilli crab/XCTVU9OX9KFOCNXSRL541FE7.jpg,chilli crab,all,near_duplicate,c0868e7fbeb08f90
../../foodsg-233_cleaned/begedil/5JD58C2HA6VEKO6ORHNE9DY6.jpg,begedil,all,near_duplicate,c08751cbce9e6b61
../../foodsg-233_cleaned/siew mai/F9N1RSE0GRA8XHKZFCSBEPL0.jpg,siew mai,all,near_duplicate,c0982fa53b6758d9
"../../foodsg-233_cleaned/Mee siam, fried/POF5SAY7VF98M7BY7JG5ZWMA.jpg","Mee siam, fried",all,near_duplicate,c0bfe870870d98eb
../../foodsg-233_cleaned/pig organ soup/2SP0LMX9EVP8UZEUYR8I4TBT.jpg,pig organ soup,all,near_duplicate,c0c2cdc0fa873a6f
../../foodsg-233_cleaned/Kway Teow/CCY4JA6O0C9CKMNFW8LGNUWD.jpg,Kway Teow,all,near_duplicate,c0d22d5e1f62f2b8
../../foodsg-233_cleaned/Soft boiled eggs/3A2W5IH3KSSRUFL6Q9V8O68W.jpg,Soft boiled eggs,all,near_duplicate,c0df03628ded9f90
../../foodsg-233_cleaned/White Bread/IEPP6WDSIQ3TFH5LSL29UKT1.jpg,White Bread,all,near_duplicate,c0e93fd494c85b65
../../foodsg-233_cleaned/hotplate tofu/58G04XY60NFPEPF3MO7W6DMT.jpg,hotplate tofu,all,near_duplicate,c0ea87809f9d9e33
../../foodsg-233_cleaned/pineapple/LIDFUCI713ELNWKHUAYQ2CKZ.jpg,pineapple,all,near_duplicate,c0ed0b3636341ddd
../../foodsg-233_cleaned/durian/4PQ70MERF33WBQFQHJBFSFUE.jpg,durian,all,near_duplicate,c1073fd8362eda32
../../foodsg-233_cleaned/sausage rolls/97XMBFYU67HG5LTZHE463UTC.jpg,sausage rolls,all,near_duplicate,c135cc348f0b36de
../../foodsg-233_cleaned/Kway Teow/ANFWHZN8IGKQSJP65A8T5KPZ.jpg,Kway Teow,all,near_duplicate,c17952e66fa1a915
../../foodsg-233_cleaned/Burger/6KEW7PLGMZRZPOHO4DRGHTB3.jpg,Burger,all,near_duplicate,c1861f3f3d6070d5
"../../foodsg-233_cleaned/Don, unagi/1FUN70SVM057ZA1IFZ2FV7SR.jpg","Don, unagi",all,near_duplicate,c19ec1d8cfc0cc67
../../foodsg-233_cleaned/sausage rolls/4XVU8WWE4HY0ZSFQP5B5GR5N.jpg,sausage rolls,all,near_duplicate,c19f1c1a5bd56ec0
../../foodsg-233_cleaned/chicken rice/Z9IY3R8S89OP9OE3XYCN5BM7.jpg,chicken rice,all,near_duplicate,c1aedeaa02357ac5
../../foodsg-233_cleaned/Soursop/98FRX64XQSNLSCDST6JBL6S8.jpg,Soursop,all,near_duplicate,c1b43b2561c3cddc
../../foodsg-233_cleaned/french fries/FJNCYYGTNY311RF3IJM1WSP2.jpg,french fries,all,near_duplicate,c1d380db82a72f5e
../../foodsg-233_cleaned/fried rice/E30X2Y85EIE8791ZND93BCEE.jpg,fried rice,all,near_duplicate,c1ff4e80689f611d
../../foodsg-233_cleaned/Burger/U0EK3XN19P17W1HP1IQWV3YJ.jpg,Burger,all,near_duplicate,c20f39386dc1e727
../../foodsg-233_cleaned/Pung Kueh/YADW858OK9QWXB55P0V091DK.jpg,Pung Kueh,all,near_duplicate,c2232bfabdd2cd20
../../foodsg-233_cleaned/Tauhu Goreng/6C26JO2614QF6V5B4VB2XXMW.jpg,Tauhu Goreng,all,near_duplicate,c236bd65e8d2e462
../../foodsg-233_cleaned/green leafy vegetables/Q66ED6VK9MUXG6YXBKS3RCOX.jpg,green leafy vegetables,all,near_duplicate,c27e11999883e5db
../../foodsg-233_cleaned/mixed vegetables/FNPCQWENMZAZSDVPV43S56J6.jpg,mixed vegetables,all,near_duplicate,c281fda550de9b16
../../foodsg-233_cleaned/spring rolls/AD6W8UI0OYSBXUS6XCK9JLUL.jpg,spring rolls,all,near_duplicate,c29cccb294a9b5a7
../../foodsg-233_cleaned/biscuit/PSWLHW6162XP8YOUTQJFDWEG.jpg,biscuit,all,near_duplicate,c2a0bd4f30c9cfb4
../../foodsg-233_cleaned/pig organ soup/DMBVUYNIAFJZM8HO6DO35332.jpg,pig organ soup,all,near_duplicate,c2aa50950f657e6b
../../foodsg-233_cleaned/tutu kueh/XIS5MVMHER6S72LYP8ROIEGE.jpg,tutu kueh,all,near_duplicate,c2ad4d7d2062cdcb
../../foodsg-233_cleaned/passion fruit/1VE0V83SPSFZY6VSW73IWDZI.jpg,passion fruit,all,near_duplicate,c2b235d2464eec97
../../foodsg-233_cleaned/siew mai/45BHLYJZ8PHZOT58XVRPTFTS.jpg,siew mai,all,near_duplicate,c2f4584c4f92adb9
../../foodsg-233_cleaned/pancake/836GS9NT50Z7P1ERH9OPN7PR.jpg,pancake,all,near_duplicate,c3013c3b7aafe170
../../foodsg-233_cleaned/Kueh Salat/BN3ZQGKSZOOT0CM7DV6F2TT3.jpg,Kueh Salat,all,near_duplicate,c3172f7c7c442359
../../foodsg-233_cleaned/Kueh Salat/A9YPEJ6C8PJS8A14MM8A8Y6J.jpg,Kueh Salat,all,near_duplicate,c317b75340aa8b8f
../../foodsg-233_cleaned/durian/DO1Y0TL3R6F9SMLFBUON5JZU.jpg,durian,all,near_duplicate,c32d32b239c7ec46
../../foodsg-233_cleaned/kueh lapis baked/L397SKS3D3I1108WRG3HUXDJ.jpg,kueh lapis baked,all,near_duplicate,c3433ff06cae2c8c
../../foodsg-233_cleaned/Chocolate/RZ57AYD4U12EHPUJMGEMBP72.jpg,Chocolate,all,near_duplicate,c363bc9c43639c9c
"../../foodsg-233_cleaned/Don, chicken teriyaki/QCEO4RU3LCEXJOEMDSAO0RUJ.jpg","Don, chicken teriyaki",all,near_duplicate,c38544fa4a9529fb
../../foodsg-233_cleaned/Snacks and Chips/CGC5VRROXLW8JHQYLRHB8VYX.jpg,Snacks and Chips,all,near_duplicate,c39e2cc72d6f28c2
../../foodsg-233_cleaned/Kway Teow/LXSVMIKB754H4US9NVAUN3GU.jpg,Kway Teow,all,near_duplicate,c3a0b397a4f3a89c
../../foodsg-233_cleaned/Nuts/FW8CJYV842TLKEEZY1VAUYZN.jpg,Nuts,all,near_duplicate,c3afe09cd2567b10
../../foodsg-233_cleaned/Bubble Milk Tea/H1VKUHDZHATPHDXSBP5LQ3C5.jpg,Bubble Milk Tea,all,near_duplicate,c3b171530bdaabe0
../../foodsg-233_cleaned/Soursop/HFW8DFL6DO0XSS3COW0417TS.jpg,Soursop,all,near_duplicate,c3be342cc8349e6d
../../foodsg-233_cleaned/Ban Mian/I33TQODEFW5E5FZGRNC1LL4J.jpg,Ban Mian,all,near_duplicate,c3cc2c57653c97a8
../../foodsg-233_cleaned/durian/H8VT80U2CJZRYCWKO46COA75.jpg,durian,all,near_duplicate,c3e47c9361329e99
../../foodsg-233_cleaned/Hor Fun/JN5GO7WME418DJNTGINMSQSJ.jpg,Hor Fun,all,near_duplicate,c3f8d1e7ce806196
../../foodsg-233_cleaned/Indian Pancake/NXC8EM9VKGTKMVLFYEAT60W5.jpg,Indian Pancake,all,near_duplicate,c40c0e953dd2f763
../../foodsg-233_cleaned/Tauhu Goreng/2QKXGH9HZQ5PDXBT27ORAQ9N.jpg,Tauhu Goreng,all,near_duplicate,c4265a9f606e3fc8
../../foodsg-233_cleaned/tau suan/TNF3GWHGHKRC2AOLQAG3KT2O.jpg,tau suan,all,near_duplicate,c42e7ae120d43f6b
../../foodsg-233_cleaned/drunken prawn/XGCQKR03YY5DCZ6ALE81LRA4.jpg,drunken prawn,all,near_duplicate,c4332f68f0a585fa
../../foodsg-233_cleaned/chicken masala/VKGLC545UN7YL96GVZB7V56A.jpg,chicken masala,all,near_duplicate,c44644ee45ac6efc
../../foodsg-233_cleaned/chicken rice/5XU8TZ9N3S9B55QEZJ0O4P30.jpg,chicken rice,all,near_duplicate,c456962e5b390b37
"../../foodsg-233_cleaned/Rice, korean bulgogi beef/XB9ZL51PZVY8XOXQ20Y1LHE6.jpg","Rice, korean bulgogi beef",all,near_duplicate,c4670fd77c60341b
../../foodsg-233_cleaned/Kway Teow/ALWIG0EA2R1BK4JO3BAAT4FF.jpg,Kway Teow,all,near_duplicate,c48163de8f39b863
../../foodsg-233_cleaned/Grapefruit/TKYHCAAMGMS1G3PF9T8AEYHP.jpg,Grapefruit,all,near_duplicate,c48b90669bb3ec39
../../foodsg-233_cleaned/begedil/WU9GWUK66MCLPEZ7WCZGQEB8.jpg,begedil,all,near_duplicate,c48dc76a4a655a97
../../foodsg-233_cleaned/nasi lemak/RKEIKKEIYF22QDGMK543E36S.jpg,nasi lemak,all,near_duplicate,c49cf0734fc949cc
"../../foodsg-233_cleaned/Pilaf, pea/I2LALQ61EXT2TJUMBR6PWK0S.jpg","Pilaf, pea",all,near_duplicate,c49d39e530732b4b
../../foodsg-233_cleaned/Nasi Ambeng/UFBNLFUN06NCQ0P7MFDG2HDQ.jpg,Nasi Ambeng,all,near_duplicate,c4b738d84761369e
../../foodsg-233_cleaned/blueberries/6EA460R05720UO15DOKORNXU.jpg,blueberries,all,near_duplicate,c4d247162dda2c6f
../../foodsg-233_cleaned/tutu kueh/8BF8NI53E6AMS8RBZ2CNN062.jpg,tutu kueh,all,near_duplicate,c4d68f94724f9c61
../../foodsg-233_cleaned/chai tow kuay/28OEN2XEAUGPS842S4WEA9AG.jpg,chai tow kuay,all,near_duplicate,c4da2fb4b1b412a7
../../foodsg-233_cleaned/cooked white rice/FSWIPCMQCRQ0Z5VNRYAFSJ4B.jpg,cooked white rice,all,near_duplicate,c4e83ad061179b7b
../../foodsg-233_cleaned/char siew pau/D0HJMA4FRK109N3GEPEGCXNR.jpg,char siew pau,all,near_duplicate,c50f5e9d38785c34
../../foodsg-233_cleaned/Fruit juice/9M81IYI7B5T5XI6HXOHBNXKN.jpg,Fruit juice,all,near_duplicate,c55858242aee7abe
../../foodsg-233_cleaned/mangosteen/6EAXXV4484ZRGE2MOVEM2A8W.jpg,mangosteen,all,near_duplicate,c5853e5eb03163d3
../../foodsg-233_cleaned/Nasi Ambeng/3LU4DEJQCSHLLHDV2BB6KLSL.jpg,Nasi Ambeng,all,near_duplicate,c5933c72377221ea
../../foodsg-233_cleaned/durian/VFOU70AAN4E1IIKAICWUFLSH.jpg,durian,all,near_duplicate,c594786b636c8375
../../foodsg-233_cleaned/Kway Teow/K8GLLOLES6SIEMH29WTGTVTS.jpg,Kway Teow,all,near_duplicate,c5b702be2fa825c9
../../foodsg-233_cleaned/Soursop/GHJFDLE70I8SVSE9WDMBSPKQ.jpg,Soursop,all,near_duplicate,c5b81e43e2fe6a42
../../foodsg-233_cleaned/black pepper crab/3T70NKTDUA1DRM8E944EU63X.jpg,black pepper crab,all,near_duplicate,c5bcfe20a15d1c72
../../foodsg-233_cleaned/bakso/WL7S8RT428SK8YQ7U7NMJ2YP.jpg,bakso,all,near_duplicate,c5ce936946396695
../../foodsg-233_cleaned/CNY love letter/QYJ66QVNQ1J5JIT2HO4NRXCH.jpg,CNY love letter,all,near_duplicate,c5d979686626e48b
../../foodsg-233_cleaned/mee pok/N2K9XAZAG0UPMBR195YQX1PL.jpg,mee pok,all,near_duplicate,c5de5a901aaa6975
../../foodsg-233_cleaned/fried prawn/LQEOR46G5MTSB1JU7148OGM3.jpg,fried prawn,all,near_duplicate,c5e4ab3e54079678
../../foodsg-233_cleaned/chicken soup/AEZIN0SIVFD9QSV9KQ0UI28H.jpg,chicken soup,all,near_duplicate,c5fa5a2c6c257266
../../foodsg-233_cleaned/chicken rice/F3MKFM8YBSYRS6Y34WP3R4MM.jpg,chicken rice,all,near_duplicate,c60c77d8e8c97558
"../../foodsg-233_cleaned/Rice, chicken katsu with Japanese curry/8DA1UIASNP3TPMSJZ2N9LUAL.jpg","Rice, chicken katsu with Japanese curry",all,near_duplicate,c6151b2b77a6b491
../../foodsg-233_cleaned/vadai/DM1KYY7FD9PPC2O7VPRRT0MH.jpg,vadai,all,near_duplicate,c633797170c6a49e
../../foodsg-233_cleaned/Soursop/Q7LRXAKXRIRP1MLUOTP6FD97.jpg,Soursop,all,near_duplicate,c6426de0350dd3b7
../../foodsg-233_cleaned/Kopi Teh Milo/3EFF3EZLJBSAA4CT5LQ0NDIO.jpg,Kopi Teh Milo,all,near_duplicate,c66687266f683c93
../../foodsg-233_cleaned/singapore sling/OFMXL9OZYS2J1US233KQW2MF.jpg,singapore sling,all,near_duplicate,c6d62c69e3c386d4
../../foodsg-233_cleaned/lychee/A04LY8IPKKIGIE8IS0STNL22.jpg,lychee,all,near_duplicate,c6f14b5d45a92b68
../../foodsg-233_cleaned/Fruit juice/DQRLEAATOVR36FPLU7BELNAY.jpg,Fruit juice,all,near_duplicate,c72f3cf81a601f43
../../foodsg-233_cleaned/mangosteen/73BKEK6SL2FS5HUWBSQJPHI0.jpg,mangosteen,all,near_duplicate,c7833ce68311fe38
../../foodsg-233_cleaned/drunken prawn/DQ7TLB2M1NHL86NTFCGT90HA.jpg,drunken prawn,all,near_duplicate,c7a2b89cd6230b7c
../../foodsg-233_cleaned/nasi lemak/O6UTYPN3S3O4SFD4PWQLDGTU.jpg,nasi lemak,all,near_duplicate,c7b43083c4deca3e
../../foodsg-233_cleaned/Kway Teow/VECPETX1Z5O2VCKBIR6XUH6C.jpg,Kway Teow,all,near_duplicate,c7b7f888a0298fa5
../../foodsg-233_cleaned/chicken rice/2UBGRGNVM32XC1E4V2MGCEAA.jpg,chicken rice,all,near_duplicate,c7dc7c61dc091725
"../../foodsg-233_cleaned/Rice, chicken katsu with Japanese curry/KQL7O546Y247LH53OG3F684A.jpg","Rice, chicken katsu with Japanese curry",all,near_duplicate,c7e0171755d45ec2
../../foodsg-233_cleaned/baked beans/4FHGL0YJ6T6RG08ZC9SYL6BR.jpg,baked beans,all,near_duplicate,c7f5e4e4c5e09c84
../../foodsg-233_cleaned/thunder tea rice/C3M1AJ2FT1OUXNQG72YZKTVE.jpg,thunder tea rice,all,near_duplicate,c8037654fae1e547
../../foodsg-233_cleaned/waffle/H42R5F6K8Z0LQKQRI2INN5S3.jpg,waffle,all,near_duplicate,c830207c3ad7f5da
../../foodsg-233_cleaned/tutu kueh/QZO2WP25DT7S54PAD9JCNLYR.jpg,tutu kueh,all,near_duplicate,c838705e8fe2792e
../../foodsg-233_cleaned/watermelon/F8MOTRC2YO8YFVQWUWOJKV58.jpg,watermelon,all,near_duplicate,c8c07f98e146b39b
../../foodsg-233_cleaned/vadai/VIYNVRIBOKJDJB01CBVH07CC.jpg,vadai,all,near_duplicate,c8c5cdda193a3336
../../foodsg-233_cleaned/cake rolls/K1R6I5QWDCIUAMFXVHZWC9UK.jpg,cake rolls,all,near_duplicate,c8cb4b8d2d65a556
../../foodsg-233_cleaned/chilli crab/1BZRAW4QJD47C8N24PV4LFO4.jpg,chilli crab,all,near_duplicate,c8d52a5e2f60698f
../../foodsg-233_cleaned/chicken pie/KC0XMYLRR182O7C3778YUHHK.jpg,chicken pie,all,near_duplicate,c9041b7979d9bae0
../../foodsg-233_cleaned/canned Fruit salad/GPSQQFICWCLBP9XY1QA3R463.jpg,canned Fruit salad,all,near_duplicate,c90995361edd789a
../../foodsg-233_cleaned/CNY love letter/RJ55H3YGJX9FP0FEHAPC84XO.jpg,CNY love letter,all,near_duplicate,c92143261bff0e37
../../foodsg-233_cleaned/chicken rice/UCZTHBOFBT0PVVAX5K3BU6XN.jpg,chicken rice,all,near_duplicate,c93b5aea960594d6
../../foodsg-233_cleaned/nasi lemak/VDX6GQT0446Y4Q6RV2ZNSAA3.jpg,nasi lemak,all,near_duplicate,c94f113e4e783b31
../../foodsg-233_cleaned/ayam penyet/DD67Z4SA8UBY3QPH52G4HCK5.jpg,ayam penyet,all,near_duplicate,c9c473cf852e8ea4
../../foodsg-233_cleaned/singapore sling/X7LJQFAO9O4INSEHGK7P8GD7.jpg,singapore sling,all,near_duplicate,c9ccce2edb316498
../../foodsg-233_cleaned/tumpeng/G5L0CEHXMSEW5FQVU1HHLEZ9.jpg,tumpeng,all,near_duplicate,c9d1a7c662ca1aad
../../foodsg-233_cleaned/banana/KDC29SZ1231P7OK1UWQ9INN7.jpg,banana,all,near_duplicate,c9e529347b8a36d2
../../foodsg-233_cleaned/Kueh Salat/8GUZP9G1YO3BYJEQ7Y8T154V.jpg,Kueh Salat,all,near_duplicate,ca14a57a83e2be8d
../../foodsg-233_cleaned/Kueh Salat/79I5CLTE0V1J2GDWCQLUN854.jpg,Kueh Salat,all,near_duplicate,ca5e9e352989a9b8
../../foodsg-233_cleaned/singapore sling/EJ28F2LS5XZVD5N8KQ25US4L.jpg,singapore sling,all,near_duplicate,ca828d75b574a46d
../../foodsg-233_cleaned/Soft boiled eggs/682LV81VPI0FZ3SQ69T9P954.jpg,Soft boiled eggs,all,near_duplicate,ca83950ed627d8b6
../../foodsg-233_cleaned/dumpling/Z2W4BB3INYE39CFYYSKRRL2Q.jpg,dumpling,all,near_duplicate,cac52ab76e9a252a
../../foodsg-233_cleaned/chicken soup/8VSUMO8QGHBUOCVHUJJSVZIX.jpg,chicken soup,all,near_duplicate,cad78a9562e8917a
../../foodsg-233_cleaned/mango pudding/8ZG2NN0IRJ2MKIUQYNW412WH.jpg,mango pudding,all,near_duplicate,cadce50a922f1b72
../../foodsg-233_cleaned/Mee rebus/801XFN5LCGPCLIYQP3QRJE3M.jpg,Mee rebus,all,near_duplicate,cb061d3075ba7969
../../foodsg-233_cleaned/waffle/PG0AWXZA6650CPLLPGITELPI.jpg,waffle,all,near_duplicate,cb1cc1d0a75b945b
../../foodsg-233_cleaned/Pung Kueh/GUB2XUCRAJKZ53XMI81EVT4C.jpg,Pung Kueh,all,near_duplicate,cb218115c65ecf5e
../../foodsg-233_cleaned/kaya toast/2XMCBZA9A8I76KS54C9F5VMG.jpg,kaya toast,all,near_duplicate,cb25167e3a6825b5
../../foodsg-233_cleaned/vadai/0T0BO5WEIMSFUSCTL5AQC7J6.jpg,vadai,all,near_duplicate,cb2aad3493d57093
../../foodsg-233_cleaned/fried rice/QGLPMGEKC4HU719TH6RIXN4J.jpg,fried rice,all,near_duplicate,cb2b56b422d227d3
../../foodsg-233_cleaned/siew mai/39922T7LXTIXPUWADCEIAD8Z.jpg,siew mai,all,near_duplicate,cb672d69349e8583
../../foodsg-233_cleaned/mixed grills/SLI3PPDO5FBRRLBOE1P7OHRO.jpg,mixed grills,all,near_duplicate,cb830b9db3e0c738
../../foodsg-233_cleaned/banana/5QF0HNQJAIWRWK6T62O143QX.jpg,banana,all,near_duplicate,cbbb2c369272c94c
../../foodsg-233_cleaned/pasta - fettuccine/PUYSGI2Y6AS9CB2NX5APU24Z.jpg,pasta - fettuccine,all,near_duplicate,cbcad25615a97b82
../../foodsg-233_cleaned/fried chicken/9MHVHDRRT4V8QTIQLFAIBV23.jpg,fried chicken,all,near_duplicate,cbd06a89b426d573
../../foodsg-233_cleaned/lychee/SZ4CJIXQCGHK5AYFZFR0FU2S.jpg,lychee,all,near_duplicate,cc327e09f0936367
../../foodsg-233_cleaned/popiah/R3R38F6XM58P7KDT8YUREZOS.jpg,popiah,all,near_duplicate,cc43dc99f0703376
../../foodsg-233_cleaned/sliced fish soup/IWTXWL02HHMZQ9U4TIW8V3I8.jpg,sliced fish soup,all,near_duplicate,cc5c53336ca992d3
../../foodsg-233_cleaned/Bibimbap/H156HZ058BNAEBBXQU1P9RZ4.jpg,Bibimbap,all,near_duplicate,cc7331cc9f706493
../../foodsg-233_cleaned/char siew pau/5R4HEL6C7ESYWPT6CUSLT3TP.jpg,char siew pau,all,near_duplicate,cc8c69cb1b30f565
../../foodsg-233_cleaned/buckwheat/8215IBY5RNE4E94VJVMEVF1A.jpg,buckwheat,all,near_duplicate,ccb099ad39929f85
../../foodsg-233_cleaned/kuih bahulu/2FWL3IFVVJHO6USKVU1P9BAF.jpg,kuih bahulu,all,near_duplicate,ccb3919596936a66
../../foodsg-233_cleaned/chicken rice/A1EEI9YD7XVX48S6A4U1AYK0.jpg,chicken rice,all,near_duplicate,ccc73c684b10f2ee
../../foodsg-233_cleaned/drunken prawn/QP0L0AGZ96U30HTOWPGZKUTN.jpg,drunken prawn,all,near_duplicate,cccae3b48af928c6
../../foodsg-233_cleaned/sirloin steak/ZEP2406M68Z6XQC7QR6G43FS.jpg,sirloin steak,all,near_duplicate,ccd0ee52570aab8d
../../foodsg-233_cleaned/sambal stingray/U5XYY6T20ES8HCU0JYKR7RLW.jpg,sambal stingray,all,near_duplicate,ccdc348e8bcf9c18
../../foodsg-233_cleaned/goreng pisang/CVH20EAQ98K8C0A4C0U8G0C9.jpg,goreng pisang,all,near_duplicate,cd2b13dce184f10f
../../foodsg-233_cleaned/cooked white rice/6U99BDAFD402ZWSGP7IMA602.jpg,cooked white rice,all,near_duplicate,cd7039cf607c6632
../../foodsg-233_cleaned/ayam penyet/SJHGSAF65CL40G4T1WG3YLYK.jpg,ayam penyet,all,near_duplicate,cd7be8ac36c04e34
../../foodsg-233_cleaned/Chinese fritters/WZGVA49111404AVIY4QCHZZI.jpg,Chinese fritters,all,near_duplicate,cd87740a431fdc72
../../foodsg-233_cleaned/vegetable soup/MK2PYBWBYS6ANW91Q1HD29E1.jpg,vegetable soup,all,near_duplicate,cdf04ff93c8106c3
../../foodsg-233_cleaned/yam rice/W7GXDB0W2QSHJCRL7Y1KYHB8.jpg,yam rice,all,near_duplicate,ce0e4d7676c2a385
../../foodsg-233_cleaned/Pung Kueh/QOBMWPVA06HCIYBWLF4HR0C3.jpg,Pung Kueh,all,near_duplicate,ce121ea6ad686a9b
../../foodsg-233_cleaned/chwee kueh/P7SXJU3FEG5VGW5DOJ3C94HC.jpg,chwee kueh,all,near_duplicate,ce365a1ae54d0c5e
../../foodsg-233_cleaned/Snacks and Chips/53YWHUDQYH54HFKZ5T8D85S5.jpg,Snacks and Chips,all,near_duplicate,ce6d25b6919a2cc9
../../foodsg-233_cleaned/otak/65XEYHUFZQ8B5VY3SHK717CE.jpg,otak,all,near_duplicate,ce8c34c2f3e1d172
../../foodsg-233_cleaned/Fish and chips/TYRPXPRVL5EJ7QFHK56652MG.jpg,Fish and chips,all,near_duplicate,ceb0fec3403d698c
../../foodsg-233_cleaned/curry puff/C6OQLY8WAGPXTGOWFFV9M8FX.jpg,curry puff,all,near_duplicate,ceb5095b45fc3162
../../foodsg-233_cleaned/sushi/09P8ZWPCU6AOE582CMBLM57T.jpg,sushi,all,near_duplicate,cec2387ccfb0f02c
../../foodsg-233_cleaned/goreng pisang/Y7IMZYBIMT4LHFY0SX4UYEXJ.jpg,goreng pisang,all,near_duplicate,ced903ac1fe138c6
../../foodsg-233_cleaned/chilli crab/6NIB91TZF8IDKLM2HOIYELIW.jpg,chilli crab,all,near_duplicate,cee88436b59e28b3
../../foodsg-233_cleaned/bak kut teh/Q7LVWS1OO7TMPR326I54IGDI.jpg,bak kut teh,all,near_duplicate,ceeb42880f8caf33
../../foodsg-233_cleaned/Nasi pattaya/8UKKV2G3GDJSGLS7FZD2TEAZ.jpg,Nasi pattaya,all,near_duplicate,cef2788d655cb209
../../foodsg-233_cleaned/Kueh Salat/OYFHDSW6SN8LEGJU7UY9DY9L.jpg,Kueh Salat,all,near_duplicate,cf13c16871365a67
../../foodsg-233_cleaned/Nuts/2QDDEAFU6KKVUZSLR2JDSEYN.jpg,Nuts,all,near_duplicate,cf2cb0cfe3319390
../../foodsg-233_cleaned/pitaya/EUPDEOZ06K4C29SN3GPHI9AE.jpg,pitaya,all,near_duplicate,cf3373c6a4ce2438
../../foodsg-233_cleaned/pitaya/LAN3AWLAJ9HNR81RLVBBFHBS.jpg,pitaya,all,near_duplicate,cf33b0cc843c5b33
../../foodsg-233_cleaned/pitaya/4KPHUZL8DSX95I98XDL7OWCS.jpg,pitaya,all,near_duplicate,cf33b0cc843c5b33
../../foodsg-233_cleaned/chilli crab/XKM8RON7U45X2GGN3ASCRUA1.jpg,chilli crab,all,near_duplicate,cf79544d4ba221b5
../../foodsg-233_cleaned/fish head curry/A9SW9L5Y9GQ96EBP4JVOC108.jpg,fish head curry,all,near_duplicate,cf802dcf20cdf42d
"../../foodsg-233_cleaned/Miso ramen, with fishcake/RG17BTIC0W5PJWR6OFD60RLA.jpg","Miso ramen, with fishcake",all,near_duplicate,cf8af06423b8c7e1
../../foodsg-233_cleaned/Nasi pattaya/V2WD86V2VFP58CTWHWN9XEWI.jpg,Nasi pattaya,all,near_duplicate,cf91903e036d1ef2
"../../foodsg-233_cleaned/Don, chicken teriyaki/DXG1VNVL3RA4O40BYW669LGZ.jpg","Don, chicken teriyaki",all,near_duplicate,cf9898a7f494d81a
../../foodsg-233_cleaned/Udon/IF4ZT2RM3SCIG4ZEATE6Z41M.jpg,Udon,all,near_duplicate,cfb2348a114f3fa4
../../foodsg-233_cleaned/Udon/X9PJLR2LTQ26CSRYJWSR3W5R.jpg,Udon,all,near_duplicate,cfd634b8d121c3a3
../../foodsg-233_cleaned/milk/ZZEBSA6SSOS5CQLWADNIPIKF.jpg,milk,all,near_duplicate,cfe0acaca41792da
../../foodsg-233_cleaned/lontong/H9JT7P0CREMDG4DV9KYDBHI3.jpg,lontong,all,near_duplicate,d00b4bd94e3d39cc
../../foodsg-233_cleaned/lontong/UNLMPWG23RN4RAI1QJESEW9I.jpg,lontong,all,near_duplicate,d010c54745bedbce
../../foodsg-233_cleaned/fish head curry/N7OMT3E4FSDEF5MI1AF3L54H.jpg,fish head curry,all,near_duplicate,d0156fdebc387c40
../../foodsg-233_cleaned/pasta - fettuccine/WKS2ZMDJRMRYT3P8WBITLE41.jpg,pasta - fettuccine,all,near_duplicate,d01f6b2a282da5be
../../foodsg-233_cleaned/kuih bahulu/ZASQH4OTH5JBYLD3FLHP8FGA.jpg,kuih bahulu,all,near_duplicate,d03a4f311b1e3dc3
../../foodsg-233_cleaned/Nasi Ambeng/Y1Y4BMJDP8043N9305U5XHKT.jpg,Nasi Ambeng,all,near_duplicate,d05e2d9d0d789696
../../foodsg-233_cleaned/kuih bahulu/LEVAMSMJYW7JHJCNMBHIVPEW.jpg,kuih bahulu,all,near_duplicate,d06e6103bd94b8be
../../foodsg-233_cleaned/curry puff/AMW96GCL5VKJ874DRS6WMS2H.jpg,curry puff,all,near_duplicate,d0974bd3a6845dc9
../../foodsg-233_cleaned/passion fruit/5NIGWCH2DDKZ2Q0V1LPQFJ3W.jpg,passion fruit,all,near_duplicate,d0ad87929c619bec
../../foodsg-233_cleaned/Indian Pancake/0O6I9QCA51QC99HUVB42493T.jpg,Indian Pancake,all,near_duplicate,d0c17bec68557568
../../foodsg-233_cleaned/Udon/56MH4UVG4LAG2AX0Z747REV7.jpg,Udon,all,near_duplicate,d0cd07853eca38cf
"../../foodsg-233_cleaned/Pilaf, pea/PC4YDO159S9M2NR55P7OG3XL.jpg","Pilaf, pea",all,near_duplicate,d0d8457e452af65c
../../foodsg-233_cleaned/Sweets/7BELP843PUMVO78WY4C7AS1L.jpg,Sweets,all,near_duplicate,d0e72a8df80362f9
../../foodsg-233_cleaned/lontong/8YYHJXELD5CKPABS3ICXA0MC.jpg,lontong,all,near_duplicate,d0eb078d3b935c1a
../../foodsg-233_cleaned/bak kwa/S5060O0WOTRTG8Q1PE5MWJN9.jpg,bak kwa,all,near_duplicate,d0f07de268b4166e
../../foodsg-233_cleaned/oyster omelette/ZZ6N28ZO9142DYPU7NKGMAF4.jpg,oyster omelette,all,near_duplicate,d0f0cfaf04d1471d
../../foodsg-233_cleaned/bak kut teh/UI9UD1PKNKINAHPBOCV493P4.jpg,bak kut teh,all,near_duplicate,d0f14aca5bd7209e
../../foodsg-233_cleaned/kway chap/FRGOYXX52U59SZKHVB6FSW0E.jpg,kway chap,all,near_duplicate,d0ff8f803c72b438
../../foodsg-233_cleaned/Indian Pancake/Z4TVIZF7D1TL1NAHXU3JDO5A.jpg,Indian Pancake,all,near_duplicate,d10358993bd96ada
../../foodsg-233_cleaned/kaya toast/9S8HIHXWB1C0PZT2W4AZI9XJ.jpg,kaya toast,all,near_duplicate,d13f242836c639e7
../../foodsg-233_cleaned/canned Fruit salad/NN876PR7QKUCCVOBWC251EAD.jpg,canned Fruit salad,all,near_duplicate,d14145a43e7f0f8e
../../foodsg-233_cleaned/cereal prawns/6EPYZJ47NGASEXO1HISVW81X.jpg,cereal prawns,all,near_duplicate,d1477e9843661c6d
../../foodsg-233_cleaned/steamed buns/O9VGXU0WEKUKEI5IAR448QGV.jpg,steamed buns,all,near_duplicate,d1784d6e5e2b261a
../../foodsg-233_cleaned/sirloin steak/BDC01UZJNRZZUX4X9WT3A9PQ.jpg,sirloin steak,all,near_duplicate,d1924cd65ada1b59
../../foodsg-233_cleaned/Udon/IRTGDOTX8SPXM0TZWJS40TF5.jpg,Udon,all,near_duplicate,d1955f426a3e3970
../../foodsg-233_cleaned/bak chor mee/ANID18DW3IG6LWGZ271BRQ3W.jpg,bak chor mee,all,near_duplicate,d19df4d3c18c1f48
"../../foodsg-233_cleaned/Wanton mee, dry/WK2MNHFPB83RUA04B17QOL0L.jpg","Wanton mee, dry",all,near_duplicate,d1a60d8a318dfe1b
../../foodsg-233_cleaned/hotplate tofu/QDRBJ8A5HF77CCQ0PTPDDIUO.jpg,hotplate tofu,all,near_duplicate,d1c0180b7c9f78de
../../foodsg-233_cleaned/mixed grills/UEAP9UIQRV3IAICR0QWA7BRA.jpg,mixed grills,all,near_duplicate,d1c0cead2d38363d
../../foodsg-233_cleaned/Dumpling noodle soup/HJONOPS3D9N3DG9VNKKHB6HB.jpg,Dumpling noodle soup,all,near_duplicate,d1e33e0e6960b635
../../foodsg-233_cleaned/cheng tng/D5Y3SGHSR73785EXFK84C4G0.jpg,cheng tng,all,near_duplicate,d1fb2c0602e0fcde
../../foodsg-233_cleaned/Soto ayam/9P9ZVOR4ZIKXSRWOTNY48K4D.jpg,Soto ayam,all,near_duplicate,d1fc2ac53df6d200
../../foodsg-233_cleaned/CNY love letter/1RR7X6ME0HKGCJVNSOWXC4VH.jpg,CNY love letter,all,near_duplicate,d20e11f4e7c80bfa
../../foodsg-233_cleaned/chicken pie/ASC07WBH6IMEM0VSVG9H6IUM.jpg,chicken pie,all,near_duplicate,d252de8f828eb998
../../foodsg-233_cleaned/Peanut Pancake/ZVEOQFP2R5XW4LB65RSDBSI2.jpg,Peanut Pancake,all,near_duplicate,d26b248cdf81cd6c
../../foodsg-233_cleaned/mangosteen/JAWVE0QZ5S26ARBLBY8IJ8W3.jpg,mangosteen,all,near_duplicate,d27468d37689e199
../../foodsg-233_cleaned/hokkien prawn mee/4213D9G3M8T395HMO8SSNMRX.jpg,hokkien prawn mee,all,near_duplicate,d28e153d1e744ae6
"../../foodsg-233_cleaned/Chap chye, Nonya/9KLTXLPUT3G1LUAZ1RZ7BLSG.jpg","Chap chye, Nonya",all,near_duplicate,d2b1a901bf037aab
../../foodsg-233_cleaned/pasta - fettuccine/TI17MGNWYP85XGCT3P8TFAPO.jpg,pasta - fettuccine,all,near_duplicate,d2e34d7f163028dc
../../foodsg-233_cleaned/sliced fish soup/48IOWIGBTYNG0P5UJBY3SHTT.jpg,sliced fish soup,all,near_duplicate,d2f16a951f3530ac
../../foodsg-233_cleaned/tau suan/X3EP9RM06ICJRM0E96MWSBR8.jpg,tau suan,all,near_duplicate,d3011a1672767e76
../../foodsg-233_cleaned/hotplate tofu/29L1YXE7VZWTZLIP1HRIYP0C.jpg,hotplate tofu,all,near_duplicate,d3112d7a286fb5c1
../../foodsg-233_cleaned/singapore sling/7HN0Z351VLRY3EXHE6DPRHVH.jpg,singapore sling,all,near_duplicate,d335cd3cce1ac292
../../foodsg-233_cleaned/mixed vegetables/PB4WR21R9TACAFVBLJYDXWHE.jpg,mixed vegetables,all,near_duplicate,d37c1f7de934a040
../../foodsg-233_cleaned/Tauhu Goreng/1NTG0DZHHJI4NCTCXV5KIIT1.jpg,Tauhu Goreng,all,near_duplicate,d393a378da24ce07
../../foodsg-233_cleaned/Udon/ZOOHUOCVTRI27IAGY4H1JWNN.jpg,Udon,all,near_duplicate,d3b135e8cc852eac
../../foodsg-233_cleaned/whole oats/KEAV7UNGP8NBJTV7O6PXYH8F.jpg,whole oats,all,near_duplicate,d3cc6cc76db25230
../../foodsg-233_cleaned/gulai daun ubi/J07125FRGJQNCH0UP3QCIIJF.jpg,gulai daun ubi,all,near_duplicate,d3d3c5ca122ac3cb
../../foodsg-233_cleaned/kway chap/QOXLOLXWIQJR8057XOTLWK81.jpg,kway chap,all,near_duplicate,d3db81686eab0e61
../../foodsg-233_cleaned/popiah/G6O9RP3851GKR2OIO2U8GLRT.jpg,popiah,all,near_duplicate,d3e06e91cdc43bc2
../../foodsg-233_cleaned/mixed grills/FQZ6XR53XC1DCRQC6K79TRZQ.jpg,mixed grills,all,near_duplicate,d4071d9f58d2d9b0
../../foodsg-233_cleaned/Laksa/1GW05B4RKGRAO9J8BYCHEG52.jpg,Laksa,all,near_duplicate,d40abfac7c197861
../../foodsg-233_cleaned/chwee kueh/NZRFH8RJWXK2JC11H93Z35UB.jpg,chwee kueh,all,near_duplicate,d42b4ac459cb3db8
../../foodsg-233_cleaned/Soto ayam/33BKULWTOFY9O1OT0OQAU6M0.jpg,Soto ayam,all,near_duplicate,d453161f1e7ac83a
../../foodsg-233_cleaned/kuih bahulu/ZGU7KXQ451G3HZJJN6TK1YCC.jpg,kuih bahulu,all,near_duplicate,d45969c2fe309ca3
../../foodsg-233_cleaned/sausage rolls/44WA4IH2WAB0BG8EI9VTZBBC.jpg,sausage rolls,all,near_duplicate,d478cb27e610a9ce
../../foodsg-233_cleaned/tandoori chicken/CNZVQPKKU5TIJ4ROBUYCCDIH.jpg,tandoori chicken,all,near_duplicate,d47b7f3cb0470491
../../foodsg-233_cleaned/bak kwa/4JAIZMAR34112V6MUZI30HBH.jpg,bak kwa,all,near_duplicate,d48e2a69ef21adc4
../../foodsg-233_cleaned/sliced fish soup/3WNGOEIACCDMIUSI75MG8M1N.jpg,sliced fish soup,all,near_duplicate,d4954b526c9336cd
../../foodsg-233_cleaned/Wholegrain Wrap/KVC4D2RB025ESF4TOXKT94JQ.jpg,Wholegrain Wrap,all,near_duplicate,d4c3ad806bbc2bc5
../../foodsg-233_cleaned/Mee siam/JDOT6L1S9X3ILS5L3QXW9GQ5.jpg,Mee siam,all,near_duplicate,d4d5ed4a163b6912
../../foodsg-233_cleaned/blueberries/BL18ZABVO37LNL9Y70916FST.jpg,blueberries,all,near_duplicate,d4d915c347466fc8
"../../foodsg-233_cleaned/Bee hoon, soto/210LRJ6GIS0UGC59R02M7CKG.jpg","Bee hoon, soto",all,near_duplicate,d5004ae169df3d63
"../../foodsg-233_cleaned/Bee hoon, goreng/L9XG86W6171JNS70735O4GPK.jpg","Bee hoon, goreng",all,near_duplicate,d509562dca37ca3c
../../foodsg-233_cleaned/cereal prawns/MRQTZ84WQ51SVS23IA71IP1Y.jpg,cereal prawns,all,near_duplicate,d517e0c2b07d8e63
../../foodsg-233_cleaned/pitaya/H81NFDZ44UVS7EU5GO7W9TZQ.jpg,pitaya,all,near_duplicate,d5181774a5ec5aa6
../../foodsg-233_cleaned/hokkien prawn mee/AYTIGKIWTN7XMKFNRP5UV6T9.jpg,hokkien prawn mee,all,near_duplicate,d5244a17693a6d9b
../../foodsg-233_cleaned/Peanut Pancake/Q2E0E19GNEIH850XCZ69I4Z9.jpg,Peanut Pancake,all,near_duplicate,d52b4ae0259f5723
../../foodsg-233_cleaned/cheese fries/ZP0H6SJ63FQ7ZMIDMS4Y0KDH.jpg,cheese fries,all,near_duplicate,d5361769498d7496
../../foodsg-233_cleaned/cream soup/X8XURDTWX5NSZ4HKDIYB06IU.jpg,cream soup,all,near_duplicate,d5374ad60bd20fc2
../../foodsg-233_cleaned/Soft boiled eggs/TI72XBWUVPWZ5V0Z6P6I75R2.jpg,Soft boiled eggs,all,near_duplicate,d53a7af548c42d98
../../foodsg-233_cleaned/Dumpling noodle soup/79YCECMSYXG5LFGDV6KN74NW.jpg,Dumpling noodle soup,all,near_duplicate,d54b32131b3c1cbd
../../foodsg-233_cleaned/dumpling/ZLGODOV3PQYWA1Y66Y635XHH.jpg,dumpling,all,near_duplicate,d5532a2f7d9504f0
../../foodsg-233_cleaned/kuih bahulu/MRTS3AW5V02OLWYK985ERDAE.jpg,kuih bahulu,all,near_duplicate,d59d3007bc345576
../../foodsg-233_cleaned/char siew pau/KYQEIIEK4DDLCOICKP91UMHV.jpg,char siew pau,all,near_duplicate,d5b66e7860c9c5c8
../../foodsg-233_cleaned/cream soup/H1G7O5Q4KWXH5NWVI31J2TT5.jpg,cream soup,all,near_duplicate,d5bd68d0a7720659
../../foodsg-233_cleaned/mee pok/8669MOKP2IYR1KZD67C6NH1F.jpg,mee pok,all,near_duplicate,d5c478d1e5de9a80
../../foodsg-233_cleaned/kaya toast/BCHN05PKMF4AAY1FY5KF1HD4.jpg,kaya toast,all,near_duplicate,d5cc0599ee85c197
../../foodsg-233_cleaned/Snacks and Chips/AK2X884EBJNTKTO71Y8ZXKGK.jpg,Snacks and Chips,all,near_duplicate,d5cd2a6196a631ce
../../foodsg-233_cleaned/tutu kueh/71N7261WL10BIIQZGWD3A7DP.jpg,tutu kueh,all,near_duplicate,d5d6904c1f426bb5
../../foodsg-233_cleaned/Pung Kueh/OE6L5FHUI335QJE2OQ5TK7HP.jpg,Pung Kueh,all,near_duplicate,d5dcd090cbc24e4f
../../foodsg-233_cleaned/roti john/8QH7LAXCDA6QU6MF590KIU1N.jpg,roti john,all,near_duplicate,d5e66a9c6ea130e1
../../foodsg-233_cleaned/longan/SMTFMXHQ0273Y6BPUQK9OZVS.jpg,longan,all,near_duplicate,d5f2234ef205b91a
../../foodsg-233_cleaned/rock melon/CLZZW5BNDWEPMXLBMMACRC10.jpg,rock melon,all,near_duplicate,d5f2d6dd8c9604d0
../../foodsg-233_cleaned/hokkien prawn mee/Z686Q4FHODD2BNUDM5CPCAVS.jpg,hokkien prawn mee,all,near_duplicate,d5ff45e30aa18b11
../../foodsg-233_cleaned/singapore sling/RODXSEO7NSVY5FCUFQ98IYKK.jpg,singapore sling,all,near_duplicate,d6430b61c54e2de7
../../foodsg-233_cleaned/Soft boiled eggs/7UBQV3LLA8X1RUGP3F7Y1XQT.jpg,Soft boiled eggs,all,near_duplicate,d6480bf791d2e0f1
"../../foodsg-233_cleaned/Don, unagi/XRMHQUR86FA38CIAJN1JKQN6.jpg","Don, unagi",all,near_duplicate,d64cce3c9243ed34
../../foodsg-233_cleaned/har cheong gai/IOJV90E0HT2A9NQ8QHFY3YYD.jpg,har cheong gai,all,near_duplicate,d66b2d34d9c2071d
../../foodsg-233_cleaned/mango pudding/FCZUG4XO6GXZCVEJ4FB6JVQ2.jpg,mango pudding,all,near_duplicate,d68734b09a94b6ae
../../foodsg-233_cleaned/Chocolate/0NBRV2Q9PXK6A828T7Z6JPLA.jpg,Chocolate,all,near_duplicate,d69369664964b599
../../foodsg-233_cleaned/oyster omelette/EJN624173M0B7MCCLNO9TMMA.jpg,oyster omelette,all,near_duplicate,d696799925696623
../../foodsg-233_cleaned/kueh lapis baked/Z4YS81WXLD157C141DSW1ZP5.jpg,kueh lapis baked,all,near_duplicate,d6adc094d972c363
../../foodsg-233_cleaned/Pomelo/9D8S79GYGY8DXX9R5T1IXPJE.jpg,Pomelo,all,near_duplicate,d6adc9a21ad5a54c
../../foodsg-233_cleaned/tau suan/0BT3XXM851YFNS2BQGN4JBAZ.jpg,tau suan,all,near_duplicate,d6bf54a950a34695
../../foodsg-233_cleaned/bak kwa/9WYL6T1E7RI76CY0GWYV56H8.jpg,bak kwa,all,near_duplicate,d7002bfc5cbe804f
../../foodsg-233_cleaned/bak kwa/UBVZB5VMOQ9A7HJZTIBB9IC5.jpg,bak kwa,all,near_duplicate,d7002fca3fd46235
../../foodsg-233_cleaned/bak kwa/UHABJKPYK4GSXHS5UX1ROD95.jpg,bak kwa,all,near_duplicate,d7002fca3fd46235
../../foodsg-233_cleaned/kueh lapis baked/H45B4B9SFDQY8JM77SSUW17U.jpg,kueh lapis baked,all,near_duplicate,d70afa258ada8959
../../foodsg-233_cleaned/Mee kuah/Z3TBH1LJ7JEPACX3NKEJRFVH.jpg,Mee kuah,all,near_duplicate,d72a1cc07ba1a6e5
../../foodsg-233_cleaned/nasi lemak/RGC8L2IGL0ARZ8GA3YF1RVOD.jpg,nasi lemak,all,near_duplicate,d73f9e54890b8869
../../foodsg-233_cleaned/whole oats/0WNWS3YX4PPZQG5SNHVGMRL0.jpg,whole oats,all,near_duplicate,d7605ee440d559ae
../../foodsg-233_cleaned/whole oats/NCSIHA735HOR49CLCE2KZOLS.jpg,whole oats,all,near_duplicate,d7605ee440d559ae
../../foodsg-233_cleaned/kway chap/USYBTPVVZ075L9C7XNCKZZR0.jpg,kway chap,all,near_duplicate,d78743373cd07249
../../foodsg-233_cleaned/baked beans/OO41AHA73YI7P904AXIAZ3TE.jpg,baked beans,all,near_duplicate,d7948a620b934cf7
../../foodsg-233_cleaned/chicken rice/O1IS7NOXVN7G9AV0BZEJYZ08.jpg,chicken rice,all,near_duplicate,d795d02d832ecc3c
../../foodsg-233_cleaned/Kway Teow/3CYLBVZFQRBKWEMLYDDJW19O.jpg,Kway Teow,all,near_duplicate,d7a2f80ef12d831c
../../foodsg-233_cleaned/tom yum noodle soup/AQBU71W40LQ3CKXRXCE6BWE5.jpg,tom yum noodle soup,all,near_duplicate,d7b7681260bb443b
../../foodsg-233_cleaned/Mee siam/ECG9ZVAFICZGFQTE781WDMH8.jpg,Mee siam,all,near_duplicate,d7b88dc51034cbf2
../../foodsg-233_cleaned/chai tow kuay/6SVIITX14LQBZ8M3CKMEM1T3.jpg,chai tow kuay,all,near_duplicate,d7bd5ad621921d81
../../foodsg-233_cleaned/Kway Teow/68X7L5IYM44O04FP0ULMJL9X.jpg,Kway Teow,all,near_duplicate,d7dcc2c14351cace
../../foodsg-233_cleaned/kueh lapis baked/Y0IG9ZV494HHL0NQ5RTUSOQQ.jpg,kueh lapis baked,all,near_duplicate,d807159d033f707e
../../foodsg-233_cleaned/Bibimbap/BTV57TCB2OTSZRW09PY7N82B.jpg,Bibimbap,all,near_duplicate,d82327ce9b987c61
../../foodsg-233_cleaned/yuseng/EP2IAUD0PDQ603G4PTVB6QAC.jpg,yuseng,all,near_duplicate,d84d0e7a63a434db
../../foodsg-233_cleaned/Chinese fritters/PX89FSHIETD1UGR85PLRTJA2.jpg,Chinese fritters,all,near_duplicate,d85a87658f8ad07c
../../foodsg-233_cleaned/durian/7HUM6FUSEQGZLYGE3LUSBXBU.jpg,durian,all,near_duplicate,d8936e5a564c636a
../../foodsg-233_cleaned/kiwi/CQVX49R7Z6SOSQ63YMOH8SXM.jpg,kiwi,all,near_duplicate,d8c167471ab6e8b2
../../foodsg-233_cleaned/rambutan/M8MXXLQL1NLXF8K4GG6QY11T.jpg,rambutan,all,near_duplicate,d8dbf933b050f2a0
../../foodsg-233_cleaned/sambal stingray/WUDFOYFRCA8HF9UDHX4Z2B4D.jpg,sambal stingray,all,near_duplicate,d8f0ffceb00db044
../../foodsg-233_cleaned/Grapefruit/ELBDEBNF09M42MU6OKG6DDJX.jpg,Grapefruit,all,near_duplicate,d8f8f0619a6627e4
../../foodsg-233_cleaned/mixed grills/7LC5FTMUUHERCEZO3I4TOZTM.jpg,mixed grills,all,near_duplicate,d93e43f4219e79c0
../../foodsg-233_cleaned/tumpeng/4U7YMC0CON8C2I9SNTIITBLH.jpg,tumpeng,all,near_duplicate,d9621b313f3a609d
../../foodsg-233_cleaned/Tauhu Goreng/HC4VJ2E3FCYD5V9W0KRW20N5.jpg,Tauhu Goreng,all,near_duplicate,d9a33a873d3ec0a1
../../foodsg-233_cleaned/fried chicken/SNBIX862MHEO1PUSBGO8MU74.jpg,fried chicken,all,near_duplicate,d9ed845ec628cc47
../../foodsg-233_cleaned/jackfruit/1FXTI28RZZB8ZADVNRGNX55P.jpg,jackfruit,all,near_duplicate,da7b259cc26f2518
../../foodsg-233_cleaned/pasta - fettuccine/ESFVWFA1C7GTORQGV1HS3EUP.jpg,pasta - fettuccine,all,near_duplicate,da7d2883d14cce72
../../foodsg-233_cleaned/tau suan/RTV6Z1PNZI1S7EC8ZQ16RSQN.jpg,tau suan,all,near_duplicate,da9cd493d2a6905d
../../foodsg-233_cleaned/tutu kueh/IBCYYVY9KV01ANFYX0FL89I9.jpg,tutu kueh,all,near_duplicate,daa5a55a8278c7a5
../../foodsg-233_cleaned/Tauhu Goreng/VZV34IFWOCLPBD6Z84EDO3I1.jpg,Tauhu Goreng,all,near_duplicate,dab0e3c09d7652c3
../../foodsg-233_cleaned/White Bread/W5JGEHQEVSB916NACA3WVINP.jpg,White Bread,all,near_duplicate,dad2a9a5b473184b
../../foodsg-233_cleaned/goreng pisang/RAJMU8ALOTQV8R3KR1VLC7S5.jpg,goreng pisang,all,near_duplicate,dad5a26bb9a43846
../../foodsg-233_cleaned/spring rolls/QCDU46HVGPN7VP1O64CQ6WMW.jpg,spring rolls,all,near_duplicate,dade2c65c181c4de
../../foodsg-233_cleaned/Soursop/FT7PVW47XYHNKS0YUSB17K83.jpg,Soursop,all,near_duplicate,dae06475d9e9c905
../../foodsg-233_cleaned/Kueh Salat/T81K04763HBN5ZMB2RSJUDKX.jpg,Kueh Salat,all,near_duplicate,db12d8daf3c18523
../../foodsg-233_cleaned/baked beans/XDFGGVQR63VK4NA4242YPK4B.jpg,baked beans,all,near_duplicate,db31e4d922c43b36
../../foodsg-233_cleaned/milk/E67TVCC6AS4ZRKRATXTJICN3.jpg,milk,all,near_duplicate,db39699ec3906668
../../foodsg-233_cleaned/Nasi Ambeng/QOMLJNWQPHXUN5KF3U4GRH7E.jpg,Nasi Ambeng,all,near_duplicate,db3e89d80d2dc5e0
../../foodsg-233_cleaned/singapore sling/QU39LKPAOOS570GMV6BGPJXU.jpg,singapore sling,all,near_duplicate,db48e059f5f322c1
../../foodsg-233_cleaned/baked beans/XVJEOFIGUGSJVBXTX24AKNFF.jpg,baked beans,all,near_duplicate,db4ae96b20aa196e
../../foodsg-233_cleaned/Grapefruit/LPGWEJXV7B7KKBKCIRWDU664.jpg,Grapefruit,all,near_duplicate,db84e417c61f233a
../../foodsg-233_cleaned/tumpeng/QATSHG8OR6TUZUKHV1JESJPN.jpg,tumpeng,all,near_duplicate,db918095d16cfd1a
../../foodsg-233_cleaned/fried chicken/RD0UJUZH9WCSRIWJDDHV3R9N.jpg,fried chicken,all,near_duplicate,db9216ea92b7504b
../../foodsg-233_cleaned/tutu kueh/GHAIC6LC33WXVRHTWM67I1CT.jpg,tutu kueh,all,near_duplicate,db92a5ed703068cd
../../foodsg-233_cleaned/goreng pisang/1DH74TKNP1XWADQP88ZNMFFQ.jpg,goreng pisang,all,near_duplicate,dbad82e01d239d8b
../../foodsg-233_cleaned/biscuit/30ETRC7Q0PEME7EG1OYCTRFW.jpg,biscuit,all,near_duplicate,dbb0a44f5af08d26
../../foodsg-233_cleaned/rice dumpling/41DI37O3RMVFJ0LNEI6P4LF0.jpg,rice dumpling,all,near_duplicate,dbdfa9e0940a62ac
../../foodsg-233_cleaned/hotplate tofu/44KKHLWOKTXZDBXG9YTJ9ZPY.jpg,hotplate tofu,all,near_duplicate,dc897e852136e71a
../../foodsg-233_cleaned/hokkien prawn mee/TN5FDY0ZHMC3CQITB20SAKDB.jpg,hokkien prawn mee,all,near_duplicate,dca37b5420197b69
../../foodsg-233_cleaned/kway chap/RNII1R5O7Z8W4JB4RDQ6LBQI.jpg,kway chap,all,near_duplicate,dd3dce24b3694069
../../foodsg-233_cleaned/fried chicken/Y8KDG2ZCL9UA0S6BE6D6V0EA.jpg,fried chicken,all,near_duplicate,dd428ccd93bcd132
../../foodsg-233_cleaned/roti john/YMDBS38CJY7412LAQ2FAPCQC.jpg,roti john,all,near_duplicate,dd881a17ca3e94dc
../../foodsg-233_cleaned/mangosteen/CAGCI605PQ8TSPAL53VM43E2.jpg,mangosteen,all,near_duplicate,dd916673b8d5a026
../../foodsg-233_cleaned/kuih bahulu/SR2Y3I78HGJW3WNODKMCTV5I.jpg,kuih bahulu,all,near_duplicate,dd9481738e98e6e8
"../../foodsg-233_cleaned/Miso ramen, with fishcake/SG81YLXSD9OFJVHKL9QZ5F52.jpg","Miso ramen, with fishcake",all,near_duplicate,dda8691738ae5730
../../foodsg-233_cleaned/kuih bahulu/ZFA00V8A7AJZVUCMCJAWHNWM.jpg,kuih bahulu,all,near_duplicate,ddc16c9a39452e3c
../../foodsg-233_cleaned/tau suan/IWUJ44Y0PR5QOSPCOLF1N9R4.jpg,tau suan,all,near_duplicate,ddc421d127e7389a
../../foodsg-233_cleaned/kueh lapis baked/0DXOJFBJIZL8DULXOUH8HJBG.jpg,kueh lapis baked,all,near_duplicate,de1e61add5c18728
../../foodsg-233_cleaned/lamb chops/PR9DFZ8UGAVPZAHHYQZ7NTEP.jpg,lamb chops,all,near_duplicate,de298d44a0feab94
../../foodsg-233_cleaned/nasi lemak/B2PTNQJX54GYGJB9SAIVZZBJ.jpg,nasi lemak,all,near_duplicate,de96b10b636764c4
../../foodsg-233_cleaned/siew mai/P7HYGO9HKEELYDSN10ZRBK6N.jpg,siew mai,all,near_duplicate,dea229ddc2d2ca61
../../foodsg-233_cleaned/biscuit/MDMGMKFFT6JJK9SEFS6UB98P.jpg,biscuit,all,near_duplicate,dec02c6e422f6da5
../../foodsg-233_cleaned/Fruit juice/0MNPZ5OKIQM7MXZEVWE1DEV1.jpg,Fruit juice,all,near_duplicate,deff5bd2a3803011
../../foodsg-233_cleaned/gulai daun ubi/P1PI75VPANZ4FZUHC8V3UXL7.jpg,gulai daun ubi,all,near_duplicate,df2a7ea512c12c53
../../foodsg-233_cleaned/spring rolls/OLC0W8VTH4OJ8DDZQGD6DGBA.jpg,spring rolls,all,near_duplicate,df48e1a498e39d43
../../foodsg-233_cleaned/cereal prawns/MW2NHMX5H4HEWWYOLA2LRLHU.jpg,cereal prawns,all,near_duplicate,df67136509663b03
../../foodsg-233_cleaned/durian/8GGXSJ610CBMBVISN1SQ5XOZ.jpg,durian,all,near_duplicate,df826ac3f03492f2
"../../foodsg-233_cleaned/Pilaf, pea/KUA6JBH9S4GQG2H0BRH7HUW3.jpg","Pilaf, pea",all,near_duplicate,df900c1fb06b8573
../../foodsg-233_cleaned/chicken wing/O738Y4DOKUDSLDI616KHAXED.jpg,chicken wing,all,near_duplicate,df90df406a2d3435
../../foodsg-233_cleaned/chicken rice/HLFV6JTOJA1O1X6T16VJFPPJ.jpg,chicken rice,all,near_duplicate,df9f25b8e5c49044
../../foodsg-233_cleaned/longan/7A1MVICY70PRO84SHRP6TK55.jpg,longan,all,near_duplicate,dfaf70b0e182c6d0
../../foodsg-233_cleaned/black pepper crab/TGNOWIIJBYPU7KSVIZAN39UF.jpg,black pepper crab,all,near_duplicate,dfc6ffc0f8094c01
../../foodsg-233_cleaned/nasi lemak/531KBMEK85A8BD3G5UQFEK7K.jpg,nasi lemak,all,near_duplicate,dffd3517c1c0dc00
"../../foodsg-233_cleaned/Bee hoon, goreng/VGYU104TZHJ044IVI01GYOUT.jpg","Bee hoon, goreng",all,near_duplicate,e00e853c9e85dec7
../../foodsg-233_cleaned/Chinese fritters/0WVJ5P4ZKWGPQ7B5OSLFB4OW.jpg,Chinese fritters,all,near_duplicate,e058cb5a724e9b63
../../foodsg-233_cleaned/Kway Teow/A28FAB3HYVNRQBY7XJCMKLQ4.jpg,Kway Teow,all,near_duplicate,e080b0beb2747ceb
../../foodsg-233_cleaned/spring rolls/NG7OV40PY5AIYHQ1LSGLRPWL.jpg,spring rolls,all,near_duplicate,e081ab831fb51fb4
../../foodsg-233_cleaned/CNY love letter/D68G9NR921PT92EIF2NIYAOB.jpg,CNY love letter,all,near_duplicate,e0869b19b7660d79
../../foodsg-233_cleaned/Claypot Rice/7XL4F1RY493BOXUP6LRJK9RY.jpg,Claypot Rice,all,near_duplicate,e0870cf337c333cc
../../foodsg-233_cleaned/rojak/2T4RGAZRXNG86NRGU3LKVDIF.jpg,rojak,all,near_duplicate,e0898f49975a9573
../../foodsg-233_cleaned/satay bee hoon/8FCMWQF0ZYJ27KNS1EHWO8E7.jpg,satay bee hoon,all,near_duplicate,e08f97989a19da63
../../foodsg-233_cleaned/french fries/FCLLO54Q8QBHSAAX8XUAPTC8.jpg,french fries,all,near_duplicate,e093431802e37ffb
../../foodsg-233_cleaned/chwee kueh/EVOX538V04N3BQVKNTIAJ35C.jpg,chwee kueh,all,near_duplicate,e09dce923ac3394d
../../foodsg-233_cleaned/Kueh Salat/8NMU4KTUM45RY0PAW475VK9B.jpg,Kueh Salat,all,near_duplicate,e09f1970b863bca3
../../foodsg-233_cleaned/bakso/TL9C6211538793FAGQD906RD.jpg,bakso,all,near_duplicate,e09ffe00873e90cb
../../foodsg-233_cleaned/Laksa/5CXO74OX1NA14S05H9BVW1B1.jpg,Laksa,all,near_duplicate,e0a5afd6859ad512
../../foodsg-233_cleaned/Nuts/FCAPN4XRK01NRYHNF9RMVVBE.jpg,Nuts,all,near_duplicate,e0a92bf3224a33af
../../foodsg-233_cleaned/Kway Teow/ERZ26HB5GV079E4VYPSVUDQ5.jpg,Kway Teow,all,near_duplicate,e0ae87389c91f19e
../../foodsg-233_cleaned/thunder tea rice/TT9VORVTS0HYP90JWW6X3ABG.jpg,thunder tea rice,all,near_duplicate,e0aeb9a35334864f
../../foodsg-233_cleaned/Mee goreng/HWS7I6YRY7S7O6UDQGJVM8HF.jpg,Mee goreng,all,near_duplicate,e0afc50f523c52b5
../../foodsg-233_cleaned/chilli crab/AIIUP48SGRLIG45JX5ICLN7W.jpg,chilli crab,all,near_duplicate,e0b5955700673fe2
../../foodsg-233_cleaned/spring rolls/C6JLF557URHXNA11LNKABJCR.jpg,spring rolls,all,near_duplicate,e0b81e676b8eb8b0
../../foodsg-233_cleaned/bak kwa/6BM10UXYH6YV6CX40P1IQDLG.jpg,bak kwa,all,near_duplicate,e0bdd05092ca9b7e
../../foodsg-233_cleaned/miso soup/JDUPOBBCU5VAJ6P4STIP7R3N.jpg,miso soup,all,near_duplicate,e0c125bf17a85a97
../../foodsg-233_cleaned/kueh lapis - rainbow/WJ7P9UPN50E2ZEWQENPMWISW.jpg,kueh lapis - rainbow,all,near_duplicate,e0c2a635d363e4f8
../../foodsg-233_cleaned/cream soup/QG98CF511JCVNOB88TSRNYQL.jpg,cream soup,all,near_duplicate,e0ce86813f0f3c1f
../../foodsg-233_cleaned/lontong/6PZ718EXAOMN61D3TCQQBPZS.jpg,lontong,all,near_duplicate,e0d18ff035c54575
../../foodsg-233_cleaned/spring rolls/WINXFZARZUX692GN9LHEZLIN.jpg,spring rolls,all,near_duplicate,e0d847f15eca39a1
../../foodsg-233_cleaned/mixed vegetables/O99K0DGX1LMGJQSMVZIX98H8.jpg,mixed vegetables,all,near_duplicate,e0da812d879adaba
../../foodsg-233_cleaned/Mee goreng/K4Y6XFO8IKM4SD3U0V826KHB.jpg,Mee goreng,all,near_duplicate,e0fc1c61eb85e594
../../foodsg-233_cleaned/chwee kueh/W61OW06BYHTP38NPNB5C2ENW.jpg,chwee kueh,all,near_duplicate,e1309d33efe38648
../../foodsg-233_cleaned/cream soup/SKBYAJP50K5OFRSW5TACAIAR.jpg,cream soup,all,near_duplicate,e1449a1f2b6c9d6a
../../foodsg-233_cleaned/chwee kueh/UN3R2DOIJQX9HHTIBG4KTL1M.jpg,chwee kueh,all,near_duplicate,e156dc495bca4669
../../foodsg-233_cleaned/sambal/SJWFWOGD25TERU3SVJV54TZC.jpg,sambal,all,near_duplicate,e159b661ea1ee01d
../../foodsg-233_cleaned/yam rice/205QEOVVZY4FFES7HH3DN0M0.jpg,yam rice,all,near_duplicate,e15f2de994dc3025
../../foodsg-233_cleaned/Kway Teow/CKDZXTAVZWPTQRHF1FEDZ8DD.jpg,Kway Teow,all,near_duplicate,e16dd4039fb19a86
../../foodsg-233_cleaned/bee hoon/KL0P3BBPPCZ6C6C35R0EU4EV.jpg,bee hoon,all,near_duplicate,e18a98638ddabe34
../../foodsg-233_cleaned/yong tau foo/1LVIB7QMMY46NDNMFJW3GQU8.jpg,yong tau foo,all,near_duplicate,e1919e509d6a996b
../../foodsg-233_cleaned/lychee/BDY5R7WCQZUY6IFIK1JRDUCI.jpg,lychee,all,near_duplicate,e1979752da690969
../../foodsg-233_cleaned/Chocolate/84D4E8HU6Q9YX1CPAG8GSHII.jpg,Chocolate,all,near_duplicate,e19a9a38cfcdce20
../../foodsg-233_cleaned/fried prawn/SA2L6P7LM05CQLG3WCE421Z9.jpg,fried prawn,all,near_duplicate,e19d8f70dba09c62
../../foodsg-233_cleaned/Nasi pattaya/G4IY4R4JG0XZ3CPP71XS3OKB.jpg,Nasi pattaya,all,near_duplicate,e19e85720acbbd70
../../foodsg-233_cleaned/Kway Teow/G75VSQJEEIBDS7KD1GIV81JG.jpg,Kway Teow,all,near_duplicate,e1c09e8f91b132d7
../../foodsg-233_cleaned/Lontong with sayur lodeh/HDPPA0PXM5VW12AWA8RUTXCG.jpg,Lontong with sayur lodeh,all,near_duplicate,e1c5847d15f8ac63
../../foodsg-233_cleaned/Kway Teow/RYDHBNKFLQFDUGLLRYSAPTNS.jpg,Kway Teow,all,near_duplicate,e1c7965a1a2aaa3d
../../foodsg-233_cleaned/begedil/EO7CUA23XL9U1ZUZY3F3WACZ.jpg,begedil,all,near_duplicate,e1d786c0398f744e
../../foodsg-233_cleaned/Udon/G0JFKV6SYWLXY3RHEAEPPKZ6.jpg,Udon,all,near_duplicate,e1df06cd198a3770
../../foodsg-233_cleaned/sambal/PVLNXVP7BRCGPB6GJS36WS7X.jpg,sambal,all,near_duplicate,e1f195a6639119ea
../../foodsg-233_cleaned/mixed grills/E1N50WH5FL9JS05K98BGSBIP.jpg,mixed grills,all,near_duplicate,e1fde095f21a4354
../../foodsg-233_cleaned/Mee goreng/BGM72CTZ3OCBGJMDK0Z826XK.jpg,Mee goreng,all,near_duplicate,e2029587151f5a7f
../../foodsg-233_cleaned/Fried Noodles/0ED53F9NA57CEPM1FIL57FPE.jpg,Fried Noodles,all,near_duplicate,e2288094779bfa7a
"../../foodsg-233_cleaned/Wanton mee, dry/M4PJHKK1ANZ378YLTCTJ9XAJ.jpg","Wanton mee, dry",all,near_duplicate,e253c47bb4741a78
../../foodsg-233_cleaned/Kueh Salat/QRC2N6WNVDL5G8SAMGVZ77TN.jpg,Kueh Salat,all,near_duplicate,e267c7ecc4a4c0ad
../../foodsg-233_cleaned/Mee goreng/1IWVZ6S1XSF0LC2CNOKKC24I.jpg,Mee goreng,all,near_duplicate,e28e1e626bc5e8d4
../../foodsg-233_cleaned/Kway Teow/DAF5V72MHUEKWFQ1SRFV7067.jpg,Kway Teow,all,near_duplicate,e2959f703c629963
"../../foodsg-233_cleaned/Bee hoon, goreng/OWWXO0RZETNE7LDQIG3ETPRS.jpg","Bee hoon, goreng",all,near_duplicate,e297955a9e69a524
../../foodsg-233_cleaned/Pomelo/2WE64F1R2X1YIAC11DU3DUBB.jpg,Pomelo,all,near_duplicate,e2979d706bc23478
../../foodsg-233_cleaned/french fries/STCULO4SF4BT4YF7URJ0SDYE.jpg,french fries,all,near_duplicate,e299ec41b238cdf2
../../foodsg-233_cleaned/Kway Teow/7ZC7BX6DQB7DRQYUY5C268I3.jpg,Kway Teow,all,near_duplicate,e29a9c319b6672d8
../../foodsg-233_cleaned/kway chap/3QLXQPS65YT1MK9MAYUNIM3H.jpg,kway chap,all,near_duplicate,e29cb24448d9fb9a
../../foodsg-233_cleaned/pineapple tarts/BEXMR77H0NGOGSF7N018GM7N.jpg,pineapple tarts,all,near_duplicate,e29de9741e4124db
../../foodsg-233_cleaned/drunken prawn/COB0X6JQ96NVTEITYGULZEY8.jpg,drunken prawn,all,near_duplicate,e2a5d5344b2b49e5
../../foodsg-233_cleaned/lamb chops/OFCXLEGBSBQU8Q434IMJGI75.jpg,lamb chops,all,near_duplicate,e2a614794f9d38d2
../../foodsg-233_cleaned/Pung Kueh/MIGTQ3R7V13AQ7BZCBNHZA1Z.jpg,Pung Kueh,all,near_duplicate,e2a6b4229b8bcd5c
../../foodsg-233_cleaned/lamb chops/C4IL4FQU6PKO6UH2KO1FC07J.jpg,lamb chops,all,near_duplicate,e2ace4619c161ede
../../foodsg-233_cleaned/tutu kueh/3G8DZSEOKD5GC2NJEXZAMR9E.jpg,tutu kueh,all,near_duplicate,e2ba196527185b6b
../../foodsg-233_cleaned/cheese fries/QLER57GKWZ1PK4F23KWOWJV6.jpg,cheese fries,all,near_duplicate,e2c68c7a971d18c7
../../foodsg-233_cleaned/curry puff/K4NFPB4PC1N72LKLUWDSP10N.jpg,curry puff,all,near_duplicate,e2c8adb71262c98f
../../foodsg-233_cleaned/lychee/W910C3I9DAPRPMYH4Z731REA.jpg,lychee,all,near_duplicate,e2cf57d062cabc21
../../foodsg-233_cleaned/rojak/V4H5Q0KMFC7PWAH6PPLTQVFO.jpg,rojak,all,near_duplicate,e2edcc12160f79d1
../../foodsg-233_cleaned/pineapple/IJ5JZXAPJ9YWWZH06DHBVDY7.jpg,pineapple,all,near_duplicate,e3009c798643c9ff
../../foodsg-233_cleaned/Nasi Ambeng/GQZJ8DT4Q6XH4IGPL0MV7UZL.jpg,Nasi Ambeng,all,near_duplicate,e333b1a0d0dccc6b
../../foodsg-233_cleaned/french fries/NEXYVT0FCWO17ZHZPLF9GMHC.jpg,french fries,all,near_duplicate,e336033aa7319753
../../foodsg-233_cleaned/spring rolls/UIKHJF051M27P445VRARI13T.jpg,spring rolls,all,near_duplicate,e33c1a4a94255d3f
../../foodsg-233_cleaned/bak chor mee/KBVQVJK7FC8GWNXY4P64VYC8.jpg,bak chor mee,all,near_duplicate,e33c9c72716e036c
../../foodsg-233_cleaned/char siew/VTQVEYU6LH21NQRYSLRE4B7N.jpg,char siew,all,near_duplicate,e34d101e3734d5cd
../../foodsg-233_cleaned/longan/HAHXR4W0VOX5SA2ABAILVSED.jpg,longan,all,near_duplicate,e363dc1a52e686ac
../../foodsg-233_cleaned/bak chor mee/IJMOR62FIPWS1P9BEETH2HDT.jpg,bak chor mee,all,near_duplicate,e365b49a41e49f31
../../foodsg-233_cleaned/Sweets/P4SPGIUGO6UN2IDRR7ZZ5HPJ.jpg,Sweets,all,near_duplicate,e365cc9399cc8ccc
../../foodsg-233_cleaned/sambal stingray/2O4S5NGFZFJTW89BPMCP43TZ.jpg,sambal stingray,all,near_duplicate,e367f2b0da340e13
../../foodsg-233_cleaned/hotplate tofu/B6JFFMTKCQ9LU2EBPCGD56IW.jpg,hotplate tofu,all,near_duplicate,e37964358d950e35
../../foodsg-233_cleaned/bak kwa/PQK6QEH709KT7FUNQZR4GRAM.jpg,bak kwa,all,near_duplicate,e3859f709262f8ac
../../foodsg-233_cleaned/seaweed snack/0ZKLAM4AWA8G7F2UGUABG5LY.jpg,seaweed snack,all,near_duplicate,e38d8e75314e6788
../../foodsg-233_cleaned/bak kwa/KTJZU7ATQ9069KV426L6RVM9.jpg,bak kwa,all,near_duplicate,e393844e96670f2d
../../foodsg-233_cleaned/Mee soto/0GNWPGPZUFU0TM2G9F2LH2ND.jpg,Mee soto,all,near_duplicate,e393d887906ccba6
../../foodsg-233_cleaned/steamed grouper/VOGMPVBZHMIA4PDCK4FLJ717.jpg,steamed grouper,all,near_duplicate,e399eea0e887bc84
../../foodsg-233_cleaned/chai tow kuay/K25DUFT3ZNKOYAACNON9ZQ4H.jpg,chai tow kuay,all,near_duplicate,e3a4efb090d00bdd
../../foodsg-233_cleaned/begedil/2AA22MQUART1RNLV8S9CTWHF.jpg,begedil,all,near_duplicate,e3b1c91c3930d3f4
../../foodsg-233_cleaned/chwee kueh/YYB86OK90REZNTMQ35V6RKR8.jpg,chwee kueh,all,near_duplicate,e3bcc0c19b69b9c2
../../foodsg-233_cleaned/Kueh Salat/X5YLAMWUGMQA5U4JPM21IPX6.jpg,Kueh Salat,all,near_duplicate,e456aad4d10b36ab
../../foodsg-233_cleaned/ice kacang/MLD3N2D2O2L7WLXESQMU538Z.jpg,ice kacang,all,near_duplicate,e46531dbca8ecc38
../../foodsg-233_cleaned/Mee goreng/KEZCWKQDYEF3D261EN9UT1YA.jpg,Mee goreng,all,near_duplicate,e487037ec4e05f95
../../foodsg-233_cleaned/Kopi Teh Milo/H7OWIPYJK4OWMR4OPTL9RXFW.jpg,Kopi Teh Milo,all,near_duplicate,e48b9a3ccab58972
../../foodsg-233_cleaned/Bubble Milk Tea/ILPP2MHP4LB2JY75DO5FQOXR.jpg,Bubble Milk Tea,all,near_duplicate,e4959bab9aa14e54
../../foodsg-233_cleaned/bak kwa/XON9KWN9Q05TU1ASJ57CI72P.jpg,bak kwa,all,near_duplicate,e4b48c869dce03f9
../../foodsg-233_cleaned/chicken chop/L8C972K4N4VK68LEOZ7SRBLB.jpg,chicken chop,all,near_duplicate,e4c5d16f85325a69
../../foodsg-233_cleaned/murtabak/TRG6Z2XH7J1OYB3S0OA23ZIG.jpg,murtabak,all,near_duplicate,e4cf8331cf90c91b
../../foodsg-233_cleaned/Pung Kueh/UUTX586KFZ9TCHKZ57DRQEEH.jpg,Pung Kueh,all,near_duplicate,e4cfdb3892264d64
../../foodsg-233_cleaned/bak kut teh/SSI9W8EXHH5CDPBD96YF4D6L.jpg,bak kut teh,all,near_duplicate,e4ddbf349333d002
../../foodsg-233_cleaned/yong tau foo/EX28OH7R0V99T3N8RLJBHU3S.jpg,yong tau foo,all,near_duplicate,e4e096b15bc629ce
../../foodsg-233_cleaned/vegetable soup/V7TRQ07H1R3HMMINJBFQEPPE.jpg,vegetable soup,all,near_duplicate,e4e6c7aa2e8170da
../../foodsg-233_cleaned/fish head curry/C0QJ0MPHXKN32FKYD40B8134.jpg,fish head curry,all,near_duplicate,e5003a63fbe0cd95
../../foodsg-233_cleaned/Peanut Pancake/IDIGMMG44Q7YAT9Z9T3DUY8A.jpg,Peanut Pancake,all,near_duplicate,e513d26d59f60c61
../../foodsg-233_cleaned/cheese fries/JK7U9I4CMANEB34VELE3D4GA.jpg,cheese fries,all,near_duplicate,e51d183b3ae46167
../../foodsg-233_cleaned/meatball/5HD9F1SR1RU0DCYN5IEE5ICP.jpg,meatball,all,near_duplicate,e53296c7499e6471
../../foodsg-233_cleaned/seaweed snack/8I4Q1ZU9OKRX1NC1AGVS2DPR.jpg,seaweed snack,all,near_duplicate,e5388bc792c69699
../../foodsg-233_cleaned/chwee kueh/96UBI3HS754RM1QLZ7BCYFAG.jpg,chwee kueh,all,near_duplicate,e5495ef949b0606b
../../foodsg-233_cleaned/tandoori chicken/IMKUU1SF6CJ7EROJIQGU1AB4.jpg,tandoori chicken,all,near_duplicate,e58342e4a70b5e5e
../../foodsg-233_cleaned/Chocolate/HMS5GNP00GW2WHS145TU4DX5.jpg,Chocolate,all,near_duplicate,e58e1acc2b96649b
../../foodsg-233_cleaned/Snacks and Chips/O9EVEXJ3BQ2GG5MZN20DT6ZM.jpg,Snacks and Chips,all,near_duplicate,e58e983167cc6593
../../foodsg-233_cleaned/french fries/CGBMZNNZXHWHQ67X9OYIGWRL.jpg,french fries,all,near_duplicate,e592d9b42af58893
../../foodsg-233_cleaned/Kueh Salat/FAD7K7NBO8HTGRD56UKHA3J1.jpg,Kueh Salat,all,near_duplicate,e593936c4cb761c8
../../foodsg-233_cleaned/hokkien prawn mee/ZF4239L48BZNJGU5VJF0VQA8.jpg,hokkien prawn mee,all,near_duplicate,e594d0af0ec03b9e
../../foodsg-233_cleaned/chin chow drink/9C5VD0KEVVTFKPL63HSG61JS.jpg,chin chow drink,all,near_duplicate,e59c93cd9a619a23
../../foodsg-233_cleaned/rock melon/0IZZNVPZ2HL27L0RC5ZHQPSI.jpg,rock melon,all,near_duplicate,e59e9669993624ca
../../foodsg-233_cleaned/vadai/118ARMUKGJHUT2SWWLQJ31AP.jpg,vadai,all,near_duplicate,e5a45a912eca616f
../../foodsg-233_cleaned/Nuts/5738ZBRSAORBEFJVG1DNH10Y.jpg,Nuts,all,near_duplicate,e5a49a4c9a936967
../../foodsg-233_cleaned/yam rice/67KO34P646UDNBNK9H7Y0KY3.jpg,yam rice,all,near_duplicate,e5bc15f308d12bd4
../../foodsg-233_cleaned/rambutan/GCOAV3GMWBU07J05ZGS4799W.jpg,rambutan,all,near_duplicate,e5c29c39d334cf60
"../../foodsg-233_cleaned/Don, chicken teriyaki/7LWACX60SQ9OR20THH3EM0MF.jpg","Don, chicken teriyaki",all,near_duplicate,e5c3100b9695e1ef
../../foodsg-233_cleaned/lychee/Q2U92U4FUA17JASD77MRH6VN.jpg,lychee,all,near_duplicate,e5c71a79a136d868
../../foodsg-233_cleaned/kaya toast/KJ2VEF9AXMO8KOS9PPMS1QT2.jpg,kaya toast,all,near_duplicate,e5d262c44eac5aec
../../foodsg-233_cleaned/rambutan/G9HGB6VSGJK6MUS05GZ9FDSB.jpg,rambutan,all,near_duplicate,e5ec1c78f9b9a024
../../foodsg-233_cleaned/Snacks and Chips/K5VK1UZL0NU1MRK3MFJYVUE8.jpg,Snacks and Chips,all,near_duplicate,e631cccc999bcc19
../../foodsg-233_cleaned/Chinese fritters/CHBGIOZV9R6RDSNRVPHK7CXF.jpg,Chinese fritters,all,near_duplicate,e699936319649ec6
../../foodsg-233_cleaned/Fruit juice/RZXWMRD0LGLP3WOE9ICRGSTY.jpg,Fruit juice,all,near_duplicate,e699966a4f349923
../../foodsg-233_cleaned/Alcoholic Beverage/SSK3SZ3JTXLIBONJ1Z2AK6TN.jpg,Alcoholic Beverage,all,near_duplicate,e69bc6cc313133c6
../../foodsg-233_cleaned/char siew/IGG6KGX21ZU9DDBZBK1VY9KQ.jpg,char siew,all,near_duplicate,e69cc96134966799
../../foodsg-233_cleaned/Bubble Milk Tea/A8WLPWHTLLSG25UV1Q7ZMJL7.jpg,Bubble Milk Tea,all,near_duplicate,e6a9199c72b20ecd
"../../foodsg-233_cleaned/Don, chicken teriyaki/Q493Y7Y0Y03CCASKPNN7G8UA.jpg","Don, chicken teriyaki",all,near_duplicate,e6b23863b12165cf
../../foodsg-233_cleaned/whole oats/EZL6RT00HU0HN6F8Z7NFFRUZ.jpg,whole oats,all,near_duplicate,e6c2962dc91b9137
../../foodsg-233_cleaned/singapore sling/LZDAY5ZL4IXJ5XHHH5PF7ZAH.jpg,singapore sling,all,near_duplicate,e6cc8c339b2366cc
../../foodsg-233_cleaned/honeydew/EF0606NC9WQTQ6VP1L7RE1WK.jpg,honeydew,all,near_duplicate,e6cd9ccc98331993
../../foodsg-233_cleaned/satay/6WXQD0RZJ5DE574S2ATVDCOT.jpg,satay,all,near_duplicate,e6d119061c9cd71f
../../foodsg-233_cleaned/Kway Teow/S1PEBBXF75Z8C03K9ZOLGZOO.jpg,Kway Teow,all,near_duplicate,e6d8f05cc1f386c1
../../foodsg-233_cleaned/goreng pisang/XQDBORCSI0R6HKO2FPI5BQM4.jpg,goreng pisang,all,near_duplicate,e6d9d9048f3a2cc5
../../foodsg-233_cleaned/sirloin steak/JY7UYSH0E37F906VN9QE079Z.jpg,sirloin steak,all,near_duplicate,e6daaa8bc085275d
../../foodsg-233_cleaned/tandoori chicken/K1E3IIXSLY44Q0TPYGL2A4O5.jpg,tandoori chicken,all,near_duplicate,e6e405bd391f2529
../../foodsg-233_cleaned/Soto ayam/TZDNSQ8NXO4DHY7UT4NRHHXJ.jpg,Soto ayam,all,near_duplicate,e6e7b300958b5c69
../../foodsg-233_cleaned/mangosteen/WCDWZUX4EAQHKNBNXSU8UC8A.jpg,mangosteen,all,near_duplicate,e6f0918f5c74c43a
../../foodsg-233_cleaned/Fried Noodles/DJZTPH0CTK9UW89MZL1GMZ9I.jpg,Fried Noodles,all,near_duplicate,e72f81174cb690b9
../../foodsg-233_cleaned/CNY love letter/U7RG077QC3L8BPNVCYZ151I5.jpg,CNY love letter,all,near_duplicate,e7969869998d6496
../../foodsg-233_cleaned/vadai/UVDA55PKQB8VJFH50P06Z8XC.jpg,vadai,all,near_duplicate,e7b53092d3d60669
../../foodsg-233_cleaned/ngoh hiang/0IN6EUA5CRG8X6W92LFX9YJ2.jpg,ngoh hiang,all,near_duplicate,e7d5d184f09643c9
../../foodsg-233_cleaned/lychee/QQLWE01T7O9R0K7NQH89J1X8.jpg,lychee,all,near_duplicate,e7d6c00e0f383fe0
../../foodsg-233_cleaned/cereal prawns/CTEA1LWT3FDANZDL0NRB3WX3.jpg,cereal prawns,all,near_duplicate,e7e1981eda24e41d
../../foodsg-233_cleaned/blueberries/66WL196YQM98EQOWRHRB6IQ7.jpg,blueberries,all,near_duplicate,e7f734a4e8600d99
../../foodsg-233_cleaned/Peanut Pancake/DJVEH3U7MJVJ54F4AE2Y94YH.jpg,Peanut Pancake,all,near_duplicate,e816d37da436c1e4
../../foodsg-233_cleaned/chicken rice/T21QERAB0PWO86XSX2FQLXVU.jpg,chicken rice,all,near_duplicate,e83cbc8196e9e4b4
"../../foodsg-233_cleaned/Miso ramen, with fishcake/HC4214M7SZBONYSE83JZBA4X.jpg","Miso ramen, with fishcake",all,near_duplicate,e84bad2d93d590b1
../../foodsg-233_cleaned/miso soup/BDRB3QE3351OKXRPY6GBYZ4M.jpg,miso soup,all,near_duplicate,e862948d9b96b599
../../foodsg-233_cleaned/pancake/W2ROJMVQ2NO5SBCK64XQFNNY.jpg,pancake,all,near_duplicate,e868c06b6bef81e1
../../foodsg-233_cleaned/Soursop/1H9K7ID4OQZFJS19TDNGXW4V.jpg,Soursop,all,near_duplicate,e86c9263c9b791c3
../../foodsg-233_cleaned/Kway Teow/YOODSUYCCQGM4J8E344SBBQU.jpg,Kway Teow,all,near_duplicate,e878a24f9049d757
../../foodsg-233_cleaned/Kway Teow/41KQWU600RIDQJJAQ6JGY8BY.jpg,Kway Teow,all,near_duplicate,e889972bd22c4c7d
../../foodsg-233_cleaned/spring rolls/KPN30DMPGF0OQCCH4FCAKZ2I.jpg,spring rolls,all,near_duplicate,e892c3398ce5cfc4
../../foodsg-233_cleaned/sirloin steak/LSEMTJT5WOEW78L8UD7ZXE56.jpg,sirloin steak,all,near_duplicate,e897c33919746ac6
../../foodsg-233_cleaned/pasta - fettuccine/2T2BSBGDX9IC1ZLDOIABUN0U.jpg,pasta - fettuccine,all,near_duplicate,e898972fd8304ae7
../../foodsg-233_cleaned/chicken rice/YNFH1DDQ9LKRJNLFT34VKU2M.jpg,chicken rice,all,near_duplicate,e89a95f9406487eb
../../foodsg-233_cleaned/popcorn/1QZ9VE3KYO5IC9D599VDHTQW.jpg,popcorn,all,near_duplicate,e89b069ac23ca6cf
../../foodsg-233_cleaned/rambutan/ESI96PHYKNCJ88777N597ZI8.jpg,rambutan,all,near_duplicate,e89c8569954b3a3b
../../foodsg-233_cleaned/blueberries/YLMA6FF5QL5NXF0ZMPHGGN50.jpg,blueberries,all,near_duplicate,e89d9c6989cb3853
../../foodsg-233_cleaned/sushi/NOLSSXJB98JLMCTEV4RT5Q0R.jpg,sushi,all,near_duplicate,e8a575b83aa1617c
../../foodsg-233_cleaned/oyster omelette/FX8ZYBLQFRLFWXOTXLN8BF8Y.jpg,oyster omelette,all,near_duplicate,e8acbb427d694a64
../../foodsg-233_cleaned/bak chor mee/Y3A8D9IXCC35IZ51IR2ODV1J.jpg,bak chor mee,all,near_duplicate,e8b656282fb5c18e
../../foodsg-233_cleaned/bak chor mee/7N3QLGRDZU4PA6L5IZI8USBA.jpg,bak chor mee,all,near_duplicate,e8bd80dd8b728f60
../../foodsg-233_cleaned/ice kacang/IPRR6CSWQS36E0N1FJ1SHZY2.jpg,ice kacang,all,near_duplicate,e8c09f3fa41e94b2
../../foodsg-233_cleaned/hotplate tofu/4GVTY8QXMDBNCNXCLSPAMZJD.jpg,hotplate tofu,all,near_duplicate,e8c2402d1f5e3cdd
../../foodsg-233_cleaned/chai tow kuay/QK7KJ7VADZK2G95GI3FM5374.jpg,chai tow kuay,all,near_duplicate,e8db3d7a74694114
../../foodsg-233_cleaned/char siew/4JQHMEWB8IJM7E0GTV8A3HMY.jpg,char siew,all,near_duplicate,e8de81d60b5a3ba8
../../foodsg-233_cleaned/satay bee hoon/G1QB654OST0K2WQUMB8KWHTC.jpg,satay bee hoon,all,near_duplicate,e8e0f740d24eda6c
../../foodsg-233_cleaned/Soursop/FJ9VDNO8LKHW5SLZVID6VAFS.jpg,Soursop,all,near_duplicate,e8e4e546c63bc839
../../foodsg-233_cleaned/Kway Teow/Q51Z1U0YFN2JVV2SZAGT68Z3.jpg,Kway Teow,all,near_duplicate,e8f285a89e0578f9
../../foodsg-233_cleaned/Kway Teow/11K3HYOHRT44ASMFXDW9GF0R.jpg,Kway Teow,all,near_duplicate,e8fdf058c96001fd
../../foodsg-233_cleaned/seaweed snack/7FJH9V0OMAM5D54HQB6NA1ND.jpg,seaweed snack,all,near_duplicate,e90c3c31cec396ce
../../foodsg-233_cleaned/Instant Cereal Drink/QS3JBMJ5YF24G8HNWFRARP00.jpg,Instant Cereal Drink,all,near_duplicate,e931c7c6964cc23b
../../foodsg-233_cleaned/Snacks and Chips/WZWXWWY5DJY6BYBW94V0D3C0.jpg,Snacks and Chips,all,near_duplicate,e9384ac6cb879699
../../foodsg-233_cleaned/roti john/2B8B38F4EVB510716L38I0FF.jpg,roti john,all,near_duplicate,e93f6d6ba1d09188
../../foodsg-233_cleaned/cooked brown rice/ZQLKVD8IWFDN2S2PJ8DJLWO8.jpg,cooked brown rice,all,near_duplicate,e961099e56d662e3
../../foodsg-233_cleaned/Snacks and Chips/V3FLMY0YAKEFJWU8VT0G1FM2.jpg,Snacks and Chips,all,near_duplicate,e9634bc8c3988e3d
../../foodsg-233_cleaned/Ban Mian/QTT6SV79JFCM80BEQCEUKGDK.jpg,Ban Mian,all,near_duplicate,e977838c2e58a4b3
../../foodsg-233_cleaned/rock melon/IW0KB4397F6SWI1BWA2JSIY6.jpg,rock melon,all,near_duplicate,e98d9672344c9b35
../../foodsg-233_cleaned/chin chow drink/3OMHPL6O2DQBX0AC1ZG5PDFL.jpg,chin chow drink,all,near_duplicate,e98f76f099699064
../../foodsg-233_cleaned/rojak/KDVAU3MHOJTD83GMCBCEHYHV.jpg,rojak,all,near_duplicate,e991a10bf50655bb
../../foodsg-233_cleaned/chilli crab/TYOQJV95SC1NTPHL7BQ7OE4W.jpg,chilli crab,all,near_duplicate,e99416fb1867312e
../../foodsg-233_cleaned/rambutan/EOMSLH5PKS5MZBK4RVK3UQJB.jpg,rambutan,all,near_duplicate,e99690694f9730ce
../../foodsg-233_cleaned/sambal/DOB2ZRS9V8X1RFMB5PPP8JJJ.jpg,sambal,all,near_duplicate,e99b837942cc2763
../../foodsg-233_cleaned/thunder tea rice/TAEJ2AEZW6WNBB2ZUYM007O1.jpg,thunder tea rice,all,near_duplicate,e99c8f3130cf6668
../../foodsg-233_cleaned/Kway Teow/T2WSPF54GPQERFN8EAJM2YMF.jpg,Kway Teow,all,near_duplicate,e99e9571526b3246
../../foodsg-233_cleaned/Instant Cereal Drink/7QQZYIRNRSGNOWZTZPXHL5YV.jpg,Instant Cereal Drink,all,near_duplicate,e99f15bd4295f042
../../foodsg-233_cleaned/Chocolate/0OCNHA39SNX1B4GUZ17XGZ0F.jpg,Chocolate,all,near_duplicate,e9a4316c92cfd26c
../../foodsg-233_cleaned/chicken pie/ZVNNWBVMWBWK7UWS35R9NBVJ.jpg,chicken pie,all,near_duplicate,e9b8c2c7d9ca660c
../../foodsg-233_cleaned/rambutan/DJTBM8DZNEQ0SMAWBIQMGYGO.jpg,rambutan,all,near_duplicate,e9b97e7e8081a12e
../../foodsg-233_cleaned/Mee siam/5Y67BIP63EYUS8KGG0B1288V.jpg,Mee siam,all,near_duplicate,e9c0d23d635e851e
../../foodsg-233_cleaned/cherries/BAUDNOGRIFGBSTOKZWI7QS8P.jpg,cherries,all,near_duplicate,e9c5923a87c96a96
../../foodsg-233_cleaned/longan/8LKEO5H1GFB28ZVSTXQVBQTA.jpg,longan,all,near_duplicate,e9c6947b62b46986
../../foodsg-233_cleaned/banana/EICXTX6Q77A3TALPQAPBEQOU.jpg,banana,all,near_duplicate,e9c99234cc3ae61e
../../foodsg-233_cleaned/Soursop/EUY8WFDB3M4TSZLXMHJ41FLM.jpg,Soursop,all,near_duplicate,e9cb94359e3439c2
../../foodsg-233_cleaned/Chocolate/FKAIL65GK0NE9UKUMVDXAYSX.jpg,Chocolate,all,near_duplicate,e9cd9232926cc66d
../../foodsg-233_cleaned/kiwi/Y9DY0I1JFP99AF981FPUOIRD.jpg,kiwi,all,near_duplicate,e9cd96349a32c963
../../foodsg-233_cleaned/Mee goreng/LVBSR29XROHUPRFMF3XXYS1K.jpg,Mee goreng,all,near_duplicate,e9fc1c787a23618c
../../foodsg-233_cleaned/Kway Teow/N3DZ7K9U5PPQTKT8QJJMCMRC.jpg,Kway Teow,all,near_duplicate,ea0ad5afd2d48b0c
../../foodsg-233_cleaned/cereal prawns/FMAQUR7P0XFAUCCEUHR44BFH.jpg,cereal prawns,all,near_duplicate,ea0c8f4e5a4e5acc
../../foodsg-233_cleaned/Pung Kueh/VR7DII7APNGZHSG2DQO2VC65.jpg,Pung Kueh,all,near_duplicate,ea14bf55c7101ac7
../../foodsg-233_cleaned/green leafy vegetables/FV7BXC1L8MZQV182BO5RKO8P.jpg,green leafy vegetables,all,near_duplicate,ea16e876bc24a5a3
../../foodsg-233_cleaned/Peanut Pancake/5D5L1UJXCTQ3FTWDB3556L03.jpg,Peanut Pancake,all,near_duplicate,ea17826215fdf0f0
../../foodsg-233_cleaned/seaweed snack/R0CW3SEJF2FKM4EXY23BK5N5.jpg,seaweed snack,all,near_duplicate,ea1a90e1959c736e
../../foodsg-233_cleaned/pig organ soup/0UDY6LFK5ZUO98TMQ5XZTE4F.jpg,pig organ soup,all,near_duplicate,ea1b1c6c630b1e97
../../foodsg-233_cleaned/Tauhu Goreng/2DJOS3ARCM6T1UDV5A72T4CZ.jpg,Tauhu Goreng,all,near_duplicate,ea1ec37122a11df3
"../../foodsg-233_cleaned/Bee hoon, goreng/XF1VXZ1S6SIWC1RZTK8SWL99.jpg","Bee hoon, goreng",all,near_duplicate,ea291451fad3ed11
../../foodsg-233_cleaned/curry puff/UL7F7GR48KO6Z0XJRE1UGKV9.jpg,curry puff,all,near_duplicate,ea311b72e4e8a5c5
../../foodsg-233_cleaned/milk/KUXHFOJ8H8VQHA7H5V3PEP0M.jpg,milk,all,near_duplicate,ea32c39cdc8dc8ca
../../foodsg-233_cleaned/seaweed snack/G4GKIKJI6RXE0NQDNH3YAMGM.jpg,seaweed snack,all,near_duplicate,ea358760954ab6ce
../../foodsg-233_cleaned/begedil/11JDJ9B2GKRS0CP85CXOQ4QG.jpg,begedil,all,near_duplicate,ea3a84b19667d8ca
../../foodsg-233_cleaned/biscuit/Z4DNPNBCZSBGCJ1HN8BDPI9N.jpg,biscuit,all,near_duplicate,ea3e95c190d66d68
../../foodsg-233_cleaned/goreng pisang/1P66Q3OUOTC5892RZ7NRXANW.jpg,goreng pisang,all,near_duplicate,ea450a31d3f44ef4
../../foodsg-233_cleaned/Kway Teow/7BI95XZ4SV76AW1Z6UW03XD1.jpg,Kway Teow,all,near_duplicate,ea52d24e4b5b986c
"../../foodsg-233_cleaned/Wanton mee, dry/D8BMHIBBTUM2MBBK1NVAMVIZ.jpg","Wanton mee, dry",all,near_duplicate,ea57457a42684e6d
../../foodsg-233_cleaned/ayam penyet/OS4EF72LS8A3JGA7HP7FOQRD.jpg,ayam penyet,all,near_duplicate,ea57815aaa699572
../../foodsg-233_cleaned/Apple/NTGELENRND75NW4LOCGT37SG.jpg,Apple,all,near_duplicate,ea584daf30b30aea
../../foodsg-233_cleaned/curry puff/VOIBBGRUB8P9FYBNS94P3C2W.jpg,curry puff,all,near_duplicate,ea5a85685ae6136d
../../foodsg-233_cleaned/CNY love letter/HUHU81JD64QOVLGFX4NL1Q80.jpg,CNY love letter,all,near_duplicate,ea61d11c959e46d6
../../foodsg-233_cleaned/honeydew/EAKBC3O65T0GANRJFKBHX8YT.jpg,honeydew,all,near_duplicate,ea6e84b5399e90f0
../../foodsg-233_cleaned/Kway Teow/2BH9BBERUO32ZC5LWCU5NSEO.jpg,Kway Teow,all,near_duplicate,ea7325993469649e
../../foodsg-233_cleaned/sausage rolls/ZTXUWL09CUHGZJN6K5JXEZ0L.jpg,sausage rolls,all,near_duplicate,ea85951a856ecc97
../../foodsg-233_cleaned/Bubble Milk Tea/L3IYKITSWDGWH5A4WBUN3PDH.jpg,Bubble Milk Tea,all,near_duplicate,ea88b453e920d6b7
../../foodsg-233_cleaned/Mee bandung/0BCNAWQ5HK8VC3UKCYHFZLZW.jpg,Mee bandung,all,near_duplicate,ea8ab1233e6825ed
../../foodsg-233_cleaned/Fish and chips/BKSO7ZSZ8CXG4OCUKYJ3KDXS.jpg,Fish and chips,all,near_duplicate,ea8ae195969fa44a
../../foodsg-233_cleaned/Kopi Teh Milo/GEO7XIQS9CZCX2EAFK9SZ4YO.jpg,Kopi Teh Milo,all,near_duplicate,ea90956a5e6a03bd
../../foodsg-233_cleaned/chicken chop/HAM7LZDHMPG2RH054NEVRLSX.jpg,chicken chop,all,near_duplicate,ea91c9d6853a9571
../../foodsg-233_cleaned/Sweets/QQ9COBGMO5J3N99COGMIXBZH.jpg,Sweets,all,near_duplicate,ea92e51e9e689a25
../../foodsg-233_cleaned/Kway Teow/OLZ8FW882AJP3CDCYBZZEWBR.jpg,Kway Teow,all,near_duplicate,ea94e9129d3f8163
../../foodsg-233_cleaned/whole oats/AZ4F48B23OWINRI5VPSS0N3Q.jpg,whole oats,all,near_duplicate,ea95a5adda169486
../../foodsg-233_cleaned/White Bread/TMCZ4BUCKT8O8R7PT0OJS5OO.jpg,White Bread,all,near_duplicate,ea95ac5a9522ce36
../../foodsg-233_cleaned/satay/7ZCR7EYJAH4JO1PQLCTB2ABS.jpg,satay,all,near_duplicate,ea95d53a9cb15a84
"../../foodsg-233_cleaned/Pilaf, pea/KSJ8MX4Y885HDPY6IC57SIXT.jpg","Pilaf, pea",all,near_duplicate,ea96e1c2877a3871
../../foodsg-233_cleaned/popcorn/TUDFG1P1AGNS6HAWNN7LD4V4.jpg,popcorn,all,near_duplicate,ea976acb44b0bce0
../../foodsg-233_cleaned/cooked white rice/TX35XGKRQPDQ9KF2DFUDTEQV.jpg,cooked white rice,all,near_duplicate,ea9c53698e74c8c3
../../foodsg-233_cleaned/Bibimbap/GQREUWAWVFSQ07DICNM9CRJS.jpg,Bibimbap,all,near_duplicate,ea9ca5729e889933
../../foodsg-233_cleaned/sirloin steak/U34ZH6K4OQA6X9UFHTQN4YCM.jpg,sirloin steak,all,near_duplicate,ea9d88d0c49597e3
../../foodsg-233_cleaned/sambal stingray/C3F2HI1RTBH7RHRYWT42AMXB.jpg,sambal stingray,all,near_duplicate,eaa7c2309c9d9d62
../../foodsg-233_cleaned/siew mai/CMTP8MIPWFCS3CT90ZF923X9.jpg,siew mai,all,near_duplicate,eaad94d39a15e2a4
../../foodsg-233_cleaned/kuih bahulu/GCWA06XFC112I07MBJPTLFQI.jpg,kuih bahulu,all,near_duplicate,eab58b46a553f448
../../foodsg-233_cleaned/sambal/ZSOEMRJTH4M8MN8VFG9O2A7S.jpg,sambal,all,near_duplicate,eac48c1f95b093f2
../../foodsg-233_cleaned/CNY love letter/7PLW7LZIB5ETS10HMOBWFCQE.jpg,CNY love letter,all,near_duplicate,eac4a54a963fd816
../../foodsg-233_cleaned/rock melon/OQVIQNVEKWF4RL9RNXOOSHYI.jpg,rock melon,all,near_duplicate,eac7953c96396618
../../foodsg-233_cleaned/Chocolate/9HHRAAPSJMQ765PRJQ2S3KED.jpg,Chocolate,all,near_duplicate,eac7c439859694e5
../../foodsg-233_cleaned/Kway Teow/H6FBY2Q9AMXJ8OD381ECPA2T.jpg,Kway Teow,all,near_duplicate,eac7cc6c7f602164
../../foodsg-233_cleaned/pineapple/Z33SOEYFN4TMNZ6HWPEDULZL.jpg,pineapple,all,near_duplicate,eaca9135e26ccb70
../../foodsg-233_cleaned/spring rolls/M4VNLS4341A76B4NUEY1E6L0.jpg,spring rolls,all,near_duplicate,eacb9db09492718d
"../../foodsg-233_cleaned/Mee siam, fried/1JQA4ECSWZTK8RIV7SPUXP22.jpg","Mee siam, fried",all,near_duplicate,ead2af14b74cc01b
../../foodsg-233_cleaned/Duck Rice/DZQYLS18ASOCYAHXWI4MZZOR.jpg,Duck Rice,all,near_duplicate,ead2b5696296b234
../../foodsg-233_cleaned/mee pok/96DNYE74LJBNEFJD4Q89KKJA.jpg,mee pok,all,near_duplicate,ead2d3cc1c6c7033
../../foodsg-233_cleaned/Duck Rice/R12PN6I5VHFQFQLMGNH0Q0AG.jpg,Duck Rice,all,near_duplicate,ead38768b52ed142
../../foodsg-233_cleaned/White Bread/GCU7LHA7B4MLSQHZ50T49VGW.jpg,White Bread,all,near_duplicate,ead3b904b49e94e8
../../foodsg-233_cleaned/spring rolls/TS8VSDQ3CADWD5JO51BSWHAC.jpg,spring rolls,all,near_duplicate,ead8b460d835e1da
../../foodsg-233_cleaned/black pepper crab/Q5DO1L6LDBO9WL1CTWC34K3A.jpg,black pepper crab,all,near_duplicate,eae0e17b810ee4ce
../../foodsg-233_cleaned/bee hoon/E2914HMK3TIALPIB89Y9YUVQ.jpg,bee hoon,all,near_duplicate,eaf6952d064a6a35
../../foodsg-233_cleaned/goreng pisang/GQFJ5M2RM8SHT2Z1MZ312GCC.jpg,goreng pisang,all,near_duplicate,eb0bd84db095a197
"../../foodsg-233_cleaned/Bee hoon, goreng/TWYLWVYCV85DYQC9XXM2QFBJ.jpg","Bee hoon, goreng",all,near_duplicate,eb11f57fb070c340
../../foodsg-233_cleaned/muesli/YUA9OW5T9XD7Z7QL35HZG7Z7.jpg,muesli,all,near_duplicate,eb189487d277cf08
../../foodsg-233_cleaned/begedil/W3Y626C2GMD4IBTEMSUCOFAS.jpg,begedil,all,near_duplicate,eb1ac8398d4b11dd
../../foodsg-233_cleaned/biscuit/9C99PQO0LH2Z3PK0SMU027U9.jpg,biscuit,all,near_duplicate,eb1fc5709e634905
../../foodsg-233_cleaned/tandoori chicken/V6JO1C73KRBEFT8G3LRUPZW5.jpg,tandoori chicken,all,near_duplicate,eb27902383bb86d9
../../foodsg-233_cleaned/chicken chop/N0KD69ILM8RDYUO70Z8OKJA4.jpg,chicken chop,all,near_duplicate,eb3094cfce4ac538
../../foodsg-233_cleaned/biscuit/VCJLNY5PZ3T90DIY3RH3VLIY.jpg,biscuit,all,near_duplicate,eb5294a91a566d3a
../../foodsg-233_cleaned/sambal stingray/OAIBZ8FVVZ07RU2DLPEZSL3P.jpg,sambal stingray,all,near_duplicate,eb72c5669684d658
../../foodsg-233_cleaned/chicken wing/F8VIVEQLL448YYQA4EHJ1RYA.jpg,chicken wing,all,near_duplicate,eb76d4c9328a0d9c
../../foodsg-233_cleaned/baked beans/2PRQPBN9NPUZLGUY69HYW49X.jpg,baked beans,all,near_duplicate,eb80859fbcf800fc
../../foodsg-233_cleaned/tumpeng/84TWR90H0RHBEB7GMRBVG76M.jpg,tumpeng,all,near_duplicate,eb81b1d3e8df140c
../../foodsg-233_cleaned/black pepper crab/BAKBM38429XGLPTZ8CHLVES1.jpg,black pepper crab,all,near_duplicate,eb83e2a7a054f552
../../foodsg-233_cleaned/Chocolate/72Z5GC3K6P7F8H93LBLLHLJL.jpg,Chocolate,all,near_duplicate,eb87361c4b60349f
../../foodsg-233_cleaned/waffle/85E3RY8YRCHNPDX5WC73FA3N.jpg,waffle,all,near_duplicate,eb928cadd8946a96
"../../foodsg-233_cleaned/Bee hoon, goreng/0KCTL57W073OJJKRPZHTH47C.jpg","Bee hoon, goreng",all,near_duplicate,eb9495633c8d709a
../../foodsg-233_cleaned/dumpling/XPF338KU4PT6GJUWBTAHJMPF.jpg,dumpling,all,near_duplicate,eb95b4e2b41b1236
../../foodsg-233_cleaned/mixed vegetables/QYM2WIWF6BDRFEZGSCE8L0FA.jpg,mixed vegetables,all,near_duplicate,eb95c0d22f6a942b
../../foodsg-233_cleaned/nasi lemak/GVTEILRAWPEX2ULCWTQCI9JP.jpg,nasi lemak,all,near_duplicate,eb983d3896307a63
"../../foodsg-233_cleaned/Pilaf, pea/QMH4YFW19AFDPDTRUDKSIN7E.jpg","Pilaf, pea",all,near_duplicate,eb9cd2cc1e413966
../../foodsg-233_cleaned/goreng pisang/V3YJ2R4TWDH2CU79ONQ8MBVF.jpg,goreng pisang,all,near_duplicate,eb9d94709397182b
../../foodsg-233_cleaned/Kway Teow/IR43WBGDGKJ30ZJRL9TT4BV8.jpg,Kway Teow,all,near_duplicate,eb9fdc2ac205c266
../../foodsg-233_cleaned/miso soup/C0R8QRC58GAHJWLCEG9OH1FT.jpg,miso soup,all,near_duplicate,eba32397d7d00a98
../../foodsg-233_cleaned/hokkien prawn mee/BTC078TENFK1MG63ZSYO2QTX.jpg,hokkien prawn mee,all,near_duplicate,eba5855e48b2939a
../../foodsg-233_cleaned/drunken prawn/JZ36VLSNY7MTTH598P0FOZT6.jpg,drunken prawn,all,near_duplicate,ebaca01f9951647a
../../foodsg-233_cleaned/Chocolate/RJJCGNTM74JC4YMXGVL8MFXH.jpg,Chocolate,all,near_duplicate,ebb4d00b4f4f3470
../../foodsg-233_cleaned/sausage rolls/G4NDUQ29ZT6YG80UP6O6O2Y7.jpg,sausage rolls,all,near_duplicate,ebb5e0219f4216d9
../../foodsg-233_cleaned/chilli crab/9FQD3N1IYHYM17QECD92K62F.jpg,chilli crab,all,near_duplicate,ebb68193066b4b35
../../foodsg-233_cleaned/rock melon/XVA1HI3A8PPIQ42QE3EDWS6I.jpg,rock melon,all,near_duplicate,ebc0950cda33c937
../../foodsg-233_cleaned/popiah/6MZB22RO0YUQ792W2CK4DACW.jpg,popiah,all,near_duplicate,ebc1e80f91b62ce8
../../foodsg-233_cleaned/Kway Teow/E5GXS27T8ZUZ7FRP04RVVMBX.jpg,Kway Teow,all,near_duplicate,ebc4af51c268852f
../../foodsg-233_cleaned/Mee goreng/EQDRD7R1GLI6JISIXIVISQSG.jpg,Mee goreng,all,near_duplicate,ebc4b53b946c9461
../../foodsg-233_cleaned/cereal prawns/LYMBM9GUJAUCXCOQ4TZ8YN83.jpg,cereal prawns,all,near_duplicate,ebc59083b57e805e
../../foodsg-233_cleaned/sambal stingray/1Y99OOXXUXY4S7U2G9YRFAWV.jpg,sambal stingray,all,near_duplicate,ebc6001b3c381dfb
"../../foodsg-233_cleaned/Rice, chicken katsu with Japanese curry/4VLIJT6W5X681X8P9SSSXIM1.jpg","Rice, chicken katsu with Japanese curry",all,near_duplicate,ebc8d4b54ab44ab2
../../foodsg-233_cleaned/chicken pie/M86HX4NI2G7VTWSG5HZLUEGG.jpg,chicken pie,all,near_duplicate,ebc8e2bcb7a494c0
../../foodsg-233_cleaned/pineapple/EY90HYF9RDLCY88OMXD5JG0Y.jpg,pineapple,all,near_duplicate,ebc91d2d5232269e
../../foodsg-233_cleaned/rice dumpling/1N2VPBQZI7HA70YNN3RIERS8.jpg,rice dumpling,all,near_duplicate,ebd9c5121a34996e
../../foodsg-233_cleaned/kiwi/EKQVV3JXZUGZK2BF6RT3SFFS.jpg,kiwi,all,near_duplicate,ebe5851a9630cec9
../../foodsg-233_cleaned/Pung Kueh/69Z6GDP08UVGTHPUU94WPLZM.jpg,Pung Kueh,all,near_duplicate,ebeccce0e513c10d
../../foodsg-233_cleaned/kueh lapis baked/9LS8VTETVYUJF2LNANZYYFZU.jpg,kueh lapis baked,all,near_duplicate,ec13b16ab46e8374
"../../foodsg-233_cleaned/Don, chicken teriyaki/2W4MRB8JHKR5KWY7XZKR3NP8.jpg","Don, chicken teriyaki",all,near_duplicate,ec3ee6c893ad8268
../../foodsg-233_cleaned/yuseng/SLM2DPCXK14KELOW6ZGX9CJW.jpg,yuseng,all,near_duplicate,ec4147bec1633ac5
../../foodsg-233_cleaned/sambal stingray/AUPW5RDW3A9ADCQMOZGNA3TW.jpg,sambal stingray,all,near_duplicate,ec48a2a3c58fc7d4
../../foodsg-233_cleaned/Grapefruit/5BYRXN8D1N5QC9XREYE6K4A1.jpg,Grapefruit,all,near_duplicate,ec6eae611460f9d8
../../foodsg-233_cleaned/cheng tng/EPC6C82J59299INS43SXB1FO.jpg,cheng tng,all,near_duplicate,ec8e90ad039a179f
../../foodsg-233_cleaned/biscuit/A0WPGF379RGNOEFGYZ94HXEI.jpg,biscuit,all,near_duplicate,ec93966c9196cb31
../../foodsg-233_cleaned/passion fruit/MD5NWY7QM8EB0Y6I4LO7KDSI.jpg,passion fruit,all,near_duplicate,ec93e21469fe4389
../../foodsg-233_cleaned/sausage rolls/U9RFYLIZ570EI6KUUO1PWJ71.jpg,sausage rolls,all,near_duplicate,ecb08bcd96226ee1
../../foodsg-233_cleaned/Pomelo/X5N1O44OYPKI4IK8HAHQH6Y3.jpg,Pomelo,all,near_duplicate,ecc3990d9a32e31b
../../foodsg-233_cleaned/passion fruit/SEY49PDJEJ0A56IXAOI1C8HG.jpg,passion fruit,all,near_duplicate,ecc7933868c7643c
../../foodsg-233_cleaned/Peanut Pancake/KKL5BARSDF6GQ4EUU15KH56K.jpg,Peanut Pancake,all,near_duplicate,ecd48c53b05bf44c
../../foodsg-233_cleaned/rock melon/160JDZZI0GP1S8WJ3GHUXNDC.jpg,rock melon,all,near_duplicate,ecd4af2f2dad080c
../../foodsg-233_cleaned/rock melon/P2D4LTURFSOHNWB8E1KJQCNV.jpg,rock melon,all,near_duplicate,ecd4af2f2dad080c
../../foodsg-233_cleaned/rock melon/OSUGGRDL7HAAT0955MWM8DPJ.jpg,rock melon,all,near_duplicate,ecd4af2f2dad0884
../../foodsg-233_cleaned/Claypot Rice/G4YFCSVEAOLF5AL65QZ7KYV5.jpg,Claypot Rice,all,near_duplicate,ecd5ab1aa03ca574
../../foodsg-233_cleaned/beef noodle soup/BDQUA1ONCWTZN3NRVQHA6N5T.jpg,beef noodle soup,all,near_duplicate,ecdae906a02ea4fa
../../foodsg-233_cleaned/mixed vegetables/TQLT4V81TZHF3X4FOA3A9JCU.jpg,mixed vegetables,all,near_duplicate,ece283299d6295ab
../../foodsg-233_cleaned/wholegrain pasta/GVQIVWEQEQEF8JYSTC9N5GJQ.jpg,wholegrain pasta,all,near_duplicate,ece3535155587394
../../foodsg-233_cleaned/Kueh Salat/86TISHYCAD1ZEV7IL3VAGPNM.jpg,Kueh Salat,all,near_duplicate,ecf3833c8a689473
../../foodsg-233_cleaned/sirloin steak/6JN9S6TBJE8M5QV3TQ79Z2A0.jpg,sirloin steak,all,near_duplicate,ecfd8124113e447f
../../foodsg-233_cleaned/satay/FDX06OBD8NIFQQ40BMK1GFZA.jpg,satay,all,near_duplicate,ed1ad489669c9a9a
../../foodsg-233_cleaned/hokkien prawn mee/YD4ZGBE6EKWQUM4N54JDPAL5.jpg,hokkien prawn mee,all,near_duplicate,ed3092e1da8f299c
../../foodsg-233_cleaned/Kway Teow/JI9X973C5S1YQNFD5I728NOK.jpg,Kway Teow,all,near_duplicate,ed3587318643175d
../../foodsg-233_cleaned/whole oats/7JWJ9PEJ4X1E01CGDMO6DAL8.jpg,whole oats,all,near_duplicate,ed5b361f8388c361
../../foodsg-233_cleaned/Snacks and Chips/8RX8VLFHWMCOOL0Y0NF2F3SY.jpg,Snacks and Chips,all,near_duplicate,ed699bc090b196c7
../../foodsg-233_cleaned/blueberries/I0TP1O41I254CUMZHM4YO09Y.jpg,blueberries,all,near_duplicate,ed80935bce6e810f
../../foodsg-233_cleaned/breakfast cereal/ZINA0F30ENBL5U81CWWVV12P.jpg,breakfast cereal,all,near_duplicate,ed80d238981797cf
../../foodsg-233_cleaned/gulai daun ubi/IHDVJ0GMW2LW68IL3V4F3O11.jpg,gulai daun ubi,all,near_duplicate,ed85809a9f799a61
../../foodsg-233_cleaned/Tauhu Goreng/EDYEYYXQP8XVVA4L3OKVC7S4.jpg,Tauhu Goreng,all,near_duplicate,ed868833a638d2eb
../../foodsg-233_cleaned/chwee kueh/0WBCUSK65DWXC5QE30DZR2P4.jpg,chwee kueh,all,near_duplicate,ed86c05e266b9e4c
../../foodsg-233_cleaned/rojak/K7QKUAJ6HDWTA71I58LWGIO9.jpg,rojak,all,near_duplicate,ed87d0c89e299a35
../../foodsg-233_cleaned/Soursop/KFXGAZZNPSYSXHZGDRKMCBVM.jpg,Soursop,all,near_duplicate,ed939c48eb04d4ab
../../foodsg-233_cleaned/roti john/X0GPZWS1JSLM58G5OEDY13IJ.jpg,roti john,all,near_duplicate,ed95c063959a6d49
../../foodsg-233_cleaned/Kway Teow/8LZ1OZ2Q7BXPMEZJBUSKCBDO.jpg,Kway Teow,all,near_duplicate,ed99b67acac9880c
../../foodsg-233_cleaned/seaweed snack/NEBI87SDZ8E2UGININ3CY13H.jpg,seaweed snack,all,near_duplicate,ed9a96cd9265c1c2
../../foodsg-233_cleaned/Snacks and Chips/SSLU5MTDOHEFLPNVAASHH6A6.jpg,Snacks and Chips,all,near_duplicate,ed9bc06d4e483387
../../foodsg-233_cleaned/Pung Kueh/ZJUGZJ1SCAWYX3A3ZFORR5Z4.jpg,Pung Kueh,all,near_duplicate,ed9c9a67939b2520
../../foodsg-233_cleaned/fish head curry/Y93KUQLKII4MA503JE8TLEJ9.jpg,fish head curry,all,near_duplicate,ed9cc4b3cad221d2
../../foodsg-233_cleaned/spring rolls/7FVH0RZQH4RABYFHMP5QDQQ0.jpg,spring rolls,all,near_duplicate,edadd9996a533044
../../foodsg-233_cleaned/seaweed snack/GTQMI7GA2RVAF73JZQVNQAUI.jpg,seaweed snack,all,near_duplicate,edb6c60a9ac93989
../../foodsg-233_cleaned/spring rolls/3D5ARMZMWQC0QUZJSNU7T6PS.jpg,spring rolls,all,near_duplicate,edb9da244092adce
../../foodsg-233_cleaned/chilli crab/0YE32PV496KND54988PKKUMF.jpg,chilli crab,all,near_duplicate,edbd80607fe1588a
../../foodsg-233_cleaned/Mee goreng/4Z551CDYLM2KXZAN9A0XTV6X.jpg,Mee goreng,all,near_duplicate,edc2c22d6b942dca
../../foodsg-233_cleaned/green leafy vegetables/OYH2L1TUIZ5PADLQIOEUQ33X.jpg,green leafy vegetables,all,near_duplicate,edd69228872b4b6a
../../foodsg-233_cleaned/char siew pau/VA1L2D3UGZYO61H2EBU2E8L7.jpg,char siew pau,all,near_duplicate,edde333ec4038ec0
../../foodsg-233_cleaned/chicken chop/YX3B1OS2Q6GBV4YLA1GSTO2N.jpg,chicken chop,all,near_duplicate,ede2e02db43d809b
../../foodsg-233_cleaned/Kway Teow/W0M7YQRJP7HWKOOMTP8PD6V8.jpg,Kway Teow,all,near_duplicate,ede48c9e5b3092c5
../../foodsg-233_cleaned/tumpeng/3QH1R56JIR1LFXX15FP7SSVU.jpg,tumpeng,all,near_duplicate,ede8eea9d4809d11
../../foodsg-233_cleaned/Lontong with sayur lodeh/Y4ZPZWWH0SRO22SZ5RJ3GBCQ.jpg,Lontong with sayur lodeh,all,near_duplicate,edf421a2ada4c25b
../../foodsg-233_cleaned/thunder tea rice/GRY8UVZZXFBLZXGH68ESK2DK.jpg,thunder tea rice,all,near_duplicate,ee1b28fcc14597c2
../../foodsg-233_cleaned/canned Fruit salad/B4MV3JHITYMA8AD5XIOOMXZC.jpg,canned Fruit salad,all,near_duplicate,ee31e9cd49598742
../../foodsg-233_cleaned/Kueh Salat/0PFN5PFYEQANPZXFI2YQMUXD.jpg,Kueh Salat,all,near_duplicate,ee34bc3c96d2a0e2
../../foodsg-233_cleaned/Nasi Ambeng/V77F2YJ8DOX5VID6G3QNXMQH.jpg,Nasi Ambeng,all,near_duplicate,ee42f48dd2d29349
../../foodsg-233_cleaned/passion fruit/41FAMQ5Y7L4OYQ1NLH8U9RC9.jpg,passion fruit,all,near_duplicate,ee469129e29d6996
../../foodsg-233_cleaned/canned Fruit salad/PIU51RCQQ72S7RB1EVAX30HA.jpg,canned Fruit salad,all,near_duplicate,ee6ac26247b79498
../../foodsg-233_cleaned/yam rice/YE0OV88T3UQV6KBYROA3BWEQ.jpg,yam rice,all,near_duplicate,ee80e1fb97038c63
../../foodsg-233_cleaned/honeydew/CWXXIG9PMEQ00TUNG2O03TTC.jpg,honeydew,all,near_duplicate,ee81afee91629864
../../foodsg-233_cleaned/oyster omelette/TNSUSCWLB6F8FL01MHZAOMLY.jpg,oyster omelette,all,near_duplicate,ee84f448c76d4a2d
../../foodsg-233_cleaned/Kway Teow/XL0PF6FZQQZW3SY7D3O4XSJD.jpg,Kway Teow,all,near_duplicate,ee85a097905f871e
../../foodsg-233_cleaned/Pomelo/KIMYN52KQYPINFPA0VDU00G6.jpg,Pomelo,all,near_duplicate,ee8d1942bbe11ec2
../../foodsg-233_cleaned/pancake/YXBLC7OIZJFXS9G4A9PMIHS6.jpg,pancake,all,near_duplicate,ee933219c34d9bc4
../../foodsg-233_cleaned/Chocolate/GDRDNC6863KXS7DA0J94CKTT.jpg,Chocolate,all,near_duplicate,ee94852bec8a91e5
../../foodsg-233_cleaned/pancake/75NCC8FRQZ34BHDHOYN4CCTA.jpg,pancake,all,near_duplicate,ee94a44e867ed138
../../foodsg-233_cleaned/Duck Rice/WUR856L9G6BR45XOR34F0K3J.jpg,Duck Rice,all,near_duplicate,ee9584c21d3bb946
../../foodsg-233_cleaned/Burger/44WGQJ5ZKW5T4SVYMOH8LF5I.jpg,Burger,all,near_duplicate,ee95913e846bb862
../../foodsg-233_cleaned/mango pudding/VZRGXB31ENOTIE9L74FPH8VV.jpg,mango pudding,all,near_duplicate,ee99e4c2c9e29d09
../../foodsg-233_cleaned/Sweets/3KW7DQ9VCU15LESX98CR6RL9.jpg,Sweets,all,near_duplicate,ee9b0fe49229866a
../../foodsg-233_cleaned/begedil/2ZQ5OK3JUU249SSU86FXU39I.jpg,begedil,all,near_duplicate,ee9cc9c370962359
../../foodsg-233_cleaned/biscuit/ZNPKGUIFE5E3BCQJIJ9HM3U2.jpg,biscuit,all,near_duplicate,ee9d8162378864b7
../../foodsg-233_cleaned/rice dumpling/ZFE68KJRXYHA423TDR8P0GJO.jpg,rice dumpling,all,near_duplicate,eea4d20b9d48b1d3
../../foodsg-233_cleaned/cereal prawns/7C4R92BARLLP523AUJ112O4Q.jpg,cereal prawns,all,near_duplicate,eeb0a10ddf098717
../../foodsg-233_cleaned/Kway Teow/L68DEQX3IFJFS9AHE4SWFEQI.jpg,Kway Teow,all,near_duplicate,eeb89d41901ec72e
../../foodsg-233_cleaned/curry puff/HEVXD9T4TAW02MDHHYXCC0BO.jpg,curry puff,all,near_duplicate,eeb8b087dcdc9860
../../foodsg-233_cleaned/Kway Teow/UDGDGA6EDTSQK84T6ZLADQLS.jpg,Kway Teow,all,near_duplicate,eebc94c2c3ea4a70
../../foodsg-233_cleaned/rambutan/3J8EM6H72GCRAARWL8V80F42.jpg,rambutan,all,near_duplicate,eec090cfcb3669d0
../../foodsg-233_cleaned/rock melon/HQR4BE8WBHX0OKOVK4K83NJP.jpg,rock melon,all,near_duplicate,eec293859c17783a
../../foodsg-233_cleaned/Kway Teow/2AAWZ3T64JT2DK34ZWG92BDJ.jpg,Kway Teow,all,near_duplicate,eec6a57b84219ea4
../../foodsg-233_cleaned/tumpeng/O37OMPD8EOQLEH83WE6HNV07.jpg,tumpeng,all,near_duplicate,eec6f01bce688934
../../foodsg-233_cleaned/tandoori chicken/AB8ACIMRVACYI5KOAXB699LE.jpg,tandoori chicken,all,near_duplicate,eec7843b830a92dd
../../foodsg-233_cleaned/fried prawn/LP1ONPH7LMBBVFJAUPMMH45S.jpg,fried prawn,all,near_duplicate,eec9919652952d6c
../../foodsg-233_cleaned/yong tau foo/J3D2G6YN40UTGPNICWY17BSQ.jpg,yong tau foo,all,near_duplicate,eec9e1e8a32585d2
../../foodsg-233_cleaned/yong tau foo/AVDAM7L6FJ4JHIXUSOTSAHNC.jpg,yong tau foo,all,near_duplicate,eec9e1e8a32585d2
../../foodsg-233_cleaned/White Bread/UKPGFQR5JCKPQ1M8JSG7XUK8.jpg,White Bread,all,near_duplicate,eece99c500d2b61e
../../foodsg-233_cleaned/Laksa/1KD5WNBSER256GBS4IB8X7AV.jpg,Laksa,all,near_duplicate,eed1f477818884d9
../../foodsg-233_cleaned/yong tau foo/LGM02X4ZQUBEJ96SUNHY5OF8.jpg,yong tau foo,all,near_duplicate,eed881a51fc6ca38
../../foodsg-233_cleaned/hotplate tofu/H0QTVQTDHX50T20FDW867Q50.jpg,hotplate tofu,all,near_duplicate,eede36c012c999e4
../../foodsg-233_cleaned/Pung Kueh/QBGPLKYRRLWXCZ0LIHPTLPDB.jpg,Pung Kueh,all,near_duplicate,eee0d587ca850a2f
../../foodsg-233_cleaned/mixed vegetables/Z1OBEU30T29YMN17M5YMWZRD.jpg,mixed vegetables,all,near_duplicate,eee290945e47e878
../../foodsg-233_cleaned/Chocolate/SGVK1Q9DSY9QNTB1WI3WGJT0.jpg,Chocolate,all,near_duplicate,eeebc5959115e540
../../foodsg-233_cleaned/sambal stingray/1OKURB6ZSL4M92HGFO6QMU0F.jpg,sambal stingray,all,near_duplicate,eef0d4798d686381
../../foodsg-233_cleaned/Kway Teow/0RAOCN6NPGHRIR4ZRBM0YBSA.jpg,Kway Teow,all,near_duplicate,eefa84a51e82fc12
../../foodsg-233_cleaned/green leafy vegetables/YAQBAAEQZ81JQMORSQRJOQ4L.jpg,green leafy vegetables,all,near_duplicate,eefae978a811c1c2
../../foodsg-233_cleaned/tumpeng/VEGT84ZBDQ50BO684TZNRR2U.jpg,tumpeng,all,near_duplicate,ef1259a40ce9197d
../../foodsg-233_cleaned/har cheong gai/PDAB498B3FF9W6NC0YHDOCND.jpg,har cheong gai,all,near_duplicate,ef1cd43a15215ae6
../../foodsg-233_cleaned/wholegrain pasta/XP921J7POYO46UJHALYJN3KZ.jpg,wholegrain pasta,all,near_duplicate,ef228495d07a5a8f
../../foodsg-233_cleaned/Fried Noodles/SD5S0SME0BWG26MFQDTGHV1B.jpg,Fried Noodles,all,near_duplicate,ef2c90c25e916b5c
../../foodsg-233_cleaned/Kway Teow/BJ7TU5Z8RW2JPEGRGGUOBBZG.jpg,Kway Teow,all,near_duplicate,ef3c502f2bd0b4c2
../../foodsg-233_cleaned/bak kwa/3PJYE2CVCBGLUEQMHT3CFDIH.jpg,bak kwa,all,near_duplicate,ef50fb5eea3a8020
../../foodsg-233_cleaned/bak chor mee/CE7XZF2HUHT883H5B49KO3L2.jpg,bak chor mee,all,near_duplicate,ef585a2e2b30ad91
../../foodsg-233_cleaned/fried prawn/34CPEHR4SZI43B1M8XRO20MA.jpg,fried prawn,all,near_duplicate,ef63909cc0662f33
../../foodsg-233_cleaned/waffle/1RNKWDQADCYW3BW7NBWXIPPV.jpg,waffle,all,near_duplicate,ef648ae5b19a3462
../../foodsg-233_cleaned/bak chor mee/H4BMD1N59PTSZLTOE2BXVOZD.jpg,bak chor mee,all,near_duplicate,ef8190c56ad52d8b
../../foodsg-233_cleaned/Fruit juice/D5G2P6HF0EVUJTW0FUTG0G5T.jpg,Fruit juice,all,near_duplicate,ef843b12e01f68b5
../../foodsg-233_cleaned/popcorn/0T28BU5Z66Z7JYL8R1SV190E.jpg,popcorn,all,near_duplicate,ef86f427c190434f
../../foodsg-233_cleaned/cheng tng/T028UWOG88X57YIN1ES160G7.jpg,cheng tng,all,near_duplicate,ef89f20fc050e1f1
../../foodsg-233_cleaned/cooked brown rice/15FD684W51DMFCNPJ9Z1KG0P.jpg,cooked brown rice,all,near_duplicate,ef8e747842216787
../../foodsg-233_cleaned/biscuit/HFPBUH3UZZEP2BIOALU3AHMA.jpg,biscuit,all,near_duplicate,ef94c16b1ee090c7
../../foodsg-233_cleaned/Indian Pancake/LGOKWG3SS3QML32VKHON7GRO.jpg,Indian Pancake,all,near_duplicate,ef96f6b8305121c9
../../foodsg-233_cleaned/Pung Kueh/MINNVAR8SDHLKWQOJK9FI1AE.jpg,Pung Kueh,all,near_duplicate,ef97b03c936c9160
../../foodsg-233_cleaned/Chocolate/3PR3J0ZILAR045VUSM2UL7IH.jpg,Chocolate,all,near_duplicate,efa5c45a9ea11ab0
../../foodsg-233_cleaned/Nasi Ambeng/UISCBR3LXERM99SVMVE30K9Q.jpg,Nasi Ambeng,all,near_duplicate,efb43a4ac49d207a
../../foodsg-233_cleaned/Kway Teow/6L7N4F65HGUE1ZILO86ISB0F.jpg,Kway Teow,all,near_duplicate,efc0c187859f8c5a
../../foodsg-233_cleaned/strawberry/VXWZ7IJ3EE30JN0SE0AU53RE.jpg,strawberry,all,near_duplicate,efc0c41f93783ae0
../../foodsg-233_cleaned/black pepper crab/OPEULWOAU6Q2VKQSCZBII9L5.jpg,black pepper crab,all,near_duplicate,efc1817f68e06a92
../../foodsg-233_cleaned/Kway Teow/6VMHNYIP3L81YXEVMK393MUW.jpg,Kway Teow,all,near_duplicate,efc456ea68942297
../../foodsg-233_cleaned/Instant Cereal Drink/4XVXVCBRDTX3EM7XHO9N0YFM.jpg,Instant Cereal Drink,all,near_duplicate,efc4907ac105763b
../../foodsg-233_cleaned/banana/I5G4BXN1UHQG354LBPT1SAOQ.jpg,banana,all,near_duplicate,efc9f07897268c60
../../foodsg-233_cleaned/fried chicken/FT91NIE20Z7DX9TLZ4H3K1RC.jpg,fried chicken,all,near_duplicate,efe698f08d881987
../../foodsg-233_cleaned/cheese fries/6PLEA62HNB4LTEOEHH33GJ4I.jpg,cheese fries,all,near_duplicate,eff0cc42934b1ca5
../../foodsg-233_cleaned/Pung Kueh/EP17DBRZ9BHDNG6TGBZYX4Y2.jpg,Pung Kueh,all,near_duplicate,eff26a8f164160a6
../../foodsg-233_cleaned/chilli crab/Q4CEV6ZLGZQNIZK2Q5UZWXIN.jpg,chilli crab,all,near_duplicate,f00f817e637c7270
../../foodsg-233_cleaned/bak chor mee/L2OJ2O0650GFOU2EUXRILJXY.jpg,bak chor mee,all,near_duplicate,f025c28c4a3bcd77
../../foodsg-233_cleaned/Kway Teow/9A0VM0PUWMOL9WX62ZQD1SJA.jpg,Kway Teow,all,near_duplicate,f05bd32b0a2d3935
../../foodsg-233_cleaned/tumpeng/LOLGIS74CIA9AFOSCCQRHYD3.jpg,tumpeng,all,near_duplicate,f075ea5aa9f22189
../../foodsg-233_cleaned/chwee kueh/NWSET79JA13M6Q2BYIIHA8CS.jpg,chwee kueh,all,near_duplicate,f078dbdb2c38c8c4
../../foodsg-233_cleaned/char siew/NCRD648YQKDMQBRF9LUUDBW7.jpg,char siew,all,near_duplicate,f080e50fe73b816d
"../../foodsg-233_cleaned/Wanton mee, dry/CCYH0A1P3U4FKFZBZB47A397.jpg","Wanton mee, dry",all,near_duplicate,f08f0e70f182de39
../../foodsg-233_cleaned/buckwheat/T64VQ2PBDB8S6YVAAO96F8BW.jpg,buckwheat,all,near_duplicate,f091dad5da6a4989
../../foodsg-233_cleaned/chin chow drink/WI0HBMF8KO8BA8C4TSAFAAP7.jpg,chin chow drink,all,near_duplicate,f0923cadc7d3f00a
../../foodsg-233_cleaned/gulai daun ubi/PNE85DNSXPGDWVHPTZ5LZ7I1.jpg,gulai daun ubi,all,near_duplicate,f093c29b8b4d0d6d
../../foodsg-233_cleaned/Ban Mian/IWOBPU4PX7FFGTBF01YOCNZY.jpg,Ban Mian,all,near_duplicate,f0943d8067dac6e5
../../foodsg-233_cleaned/bak kwa/1CNBQSJX2WN8P99KINXZFJHX.jpg,bak kwa,all,near_duplicate,f09dc766cca19c07
../../foodsg-233_cleaned/Peanut Pancake/HRPS9GVW54M3NAY7JJM9Y50W.jpg,Peanut Pancake,all,near_duplicate,f0b9d1944ec6686e
../../foodsg-233_cleaned/Mee goreng/TO43JVBDUSTPVGB2FJ20JFW1.jpg,Mee goreng,all,near_duplicate,f0f08c6a97631fe0
../../foodsg-233_cleaned/cherries/W0E7QARKX7643FITBZMYXOJF.jpg,cherries,all,near_duplicate,f0f6f158c0d64176
../../foodsg-233_cleaned/lamb chops/TBI8Y3J1JXKX5O3RHEQOSK5L.jpg,lamb chops,all,near_duplicate,f146c1af173d06b1
../../foodsg-233_cleaned/bak kwa/1I12J4LG2GBK8NGTJF6B2IUQ.jpg,bak kwa,all,near_duplicate,f147822a9d659f86
../../foodsg-233_cleaned/spring rolls/YON3JEWGXZ8RGLRWLRRB7ZMK.jpg,spring rolls,all,near_duplicate,f17358a9351c0e8f
../../foodsg-233_cleaned/bakso/5301EQIDCYSN31O8NZ6DACI8.jpg,bakso,all,near_duplicate,f1839581950fd23f
../../foodsg-233_cleaned/black pepper crab/WGYAOOH186N0RRGV6RH7NX1R.jpg,black pepper crab,all,near_duplicate,f186c69178cbb781
../../foodsg-233_cleaned/Nasi Ambeng/MB9XXQSV2CJJ2XPHCQMJONSD.jpg,Nasi Ambeng,all,near_duplicate,f18a0aba9b82ded8
../../foodsg-233_cleaned/Mee bandung/7TGZQJB90N3JD790J32OKDWU.jpg,Mee bandung,all,near_duplicate,f19480c781df9eca
../../foodsg-233_cleaned/steamed grouper/FPV5ZXSJG6XVZHU1W5ZNDM12.jpg,steamed grouper,all,near_duplicate,f1983ea0e887ef84
../../foodsg-233_cleaned/chin chow drink/IL6WT9IJQVJ54D09LJFUHKEK.jpg,chin chow drink,all,near_duplicate,f1d9aa38b9a18cac
../../foodsg-233_cleaned/muesli/9987XB80YI61IFD8P7F8P6OZ.jpg,muesli,all,near_duplicate,f1e6d0817f3802b7
../../foodsg-233_cleaned/Fruit juice/951674XK12N89XS1QDERKHZO.jpg,Fruit juice,all,near_duplicate,f1e868d9cee68918
../../foodsg-233_cleaned/chwee kueh/5CAOD9CG3250YT3CLONLZZMC.jpg,chwee kueh,all,near_duplicate,f2424badf0d08b4f
../../foodsg-233_cleaned/mangosteen/0B74N5P54V0R7FH43TKDB1SG.jpg,mangosteen,all,near_duplicate,f2768cc91f91caa4
../../foodsg-233_cleaned/kway chap/9M75LCA2JUNLJAM92ZMLD5PZ.jpg,kway chap,all,near_duplicate,f294ca8c2eb19997
../../foodsg-233_cleaned/Fish and chips/3VWATPAX7SWK9O7XF7RFPV5Z.jpg,Fish and chips,all,near_duplicate,f2b383372ed23ca0
../../foodsg-233_cleaned/chin chow drink/V2YP0ESOMYRLH0VND7C1K7N1.jpg,chin chow drink,all,near_duplicate,f2c795154936c46d
../../foodsg-233_cleaned/lontong/AEH19R4PSD0S63WO4J0K2JDU.jpg,lontong,all,near_duplicate,f2d38f171830f538
"../../foodsg-233_cleaned/Wanton mee, dry/OOE3XXTLENREUSBRJ1NWSWXT.jpg","Wanton mee, dry",all,near_duplicate,f30b6cba899ba249
../../foodsg-233_cleaned/tom yum noodle soup/TIWII86E4E2K14DYN5R8IBUY.jpg,tom yum noodle soup,all,near_duplicate,f37680fd15504dd2
../../foodsg-233_cleaned/kueh lapis baked/4QXENLLJCESZK5RTZEK1CQYO.jpg,kueh lapis baked,all,near_duplicate,f383f8c680979d38
../../foodsg-233_cleaned/mushroom soup/9IXF4UP70F617O3NY96XN1A9.jpg,mushroom soup,all,near_duplicate,f3913dd47092f08b
../../foodsg-233_cleaned/rock melon/5LJCH2KTOCKQ0VMUCWI3NFTB.jpg,rock melon,all,near_duplicate,f3929769cca4cc92
../../foodsg-233_cleaned/rambutan/Y8OCLSDWRHHB51PCS3CVWP0J.jpg,rambutan,all,near_duplicate,f3934cac33934e98
../../foodsg-233_cleaned/fried rice/D2UNVURWNZ2784GC312L0T6A.jpg,fried rice,all,near_duplicate,f3a8a205e557d42b
../../foodsg-233_cleaned/kueh lapis baked/G27E47WOX1U1W3CSA8B9YN2P.jpg,kueh lapis baked,all,near_duplicate,f3aca3790d4899e4
../../foodsg-233_cleaned/bak chor mee/0T2HM5Q89B03X56CQBTZEFMP.jpg,bak chor mee,all,near_duplicate,f3b3de5c801e81e8
../../foodsg-233_cleaned/bak chor mee/GXA3ZB7PHW9W6HXEKO8SA98W.jpg,bak chor mee,all,near_duplicate,f3b3de5c801e81e8
../../foodsg-233_cleaned/curry puff/I72TAP9R1BLR3HTBMORSAYDH.jpg,curry puff,all,near_duplicate,f3c2b9a18d0bc61d
../../foodsg-233_cleaned/Mee kuah/3CMVZCNNWIWQLDGIOI6PPPLH.jpg,Mee kuah,all,near_duplicate,f3d38decd2cb1810
../../foodsg-233_cleaned/chilli crab/9YJXIV5N8UR10K60VJ4QV54M.jpg,chilli crab,all,near_duplicate,f3f1c05799388f28
../../foodsg-233_cleaned/cereal prawns/6OMJVJEB9UKDNA66QB41Y4W3.jpg,cereal prawns,all,near_duplicate,f3f2e28382b3950d
../../foodsg-233_cleaned/Kway Teow/HY3KV3BOBQT2LJ5SUC83KN1Y.jpg,Kway Teow,all,near_duplicate,f40b82bdc3cdc915
../../foodsg-233_cleaned/chwee kueh/94RQ16M9X15CRS45ML4DP49B.jpg,chwee kueh,all,near_duplicate,f42a9035d3734eac
../../foodsg-233_cleaned/steamed grouper/PYGRTCM9MIE9LTLRJZH9X5CS.jpg,steamed grouper,all,near_duplicate,f43ad2e98b85cc85
../../foodsg-233_cleaned/Mee siam/6M49NZFHZLQ5W1LXAOZJPTFB.jpg,Mee siam,all,near_duplicate,f44c8a333dac661b
../../foodsg-233_cleaned/canned Fruit salad/XS85COI7PCWUM19G2U7PNA7L.jpg,canned Fruit salad,all,near_duplicate,f44c8bb35dc0c273
../../foodsg-233_cleaned/Soto ayam/L53I0SY5SW3MDW1YEFLYMN5J.jpg,Soto ayam,all,near_duplicate,f463c318dbe19c8c
../../foodsg-233_cleaned/biscuit/7AXT06EEIDDCETCSD2H3QET1.jpg,biscuit,all,near_duplicate,f480cb2aae6d34d9
../../foodsg-233_cleaned/Bubble Milk Tea/CGE4583TZGVHJSPRSUTJW8GE.jpg,Bubble Milk Tea,all,near_duplicate,f48b0930c734dd73
../../foodsg-233_cleaned/fried prawn/9XORF68YBDDAQVN7KLDHV5ZS.jpg,fried prawn,all,near_duplicate,f496c24b49ce3699
../../foodsg-233_cleaned/rice dumpling/1KNF575JR2SFSBZFN9XB1ACO.jpg,rice dumpling,all,near_duplicate,f4a6d30dcca0d758
../../foodsg-233_cleaned/pizza/ICN467WYUVMLCTY30MN678UL.jpg,pizza,all,near_duplicate,f4c3d2894db6d234
../../foodsg-233_cleaned/Peanut Pancake/LDXHYB8IITKDJZANMVM76866.jpg,Peanut Pancake,all,near_duplicate,f4c59823c45bdd16
../../foodsg-233_cleaned/Duck Rice/ANRCNOZ32UCDKW45LEWH6KQZ.jpg,Duck Rice,all,near_duplicate,f4d1c2454f54dc66
../../foodsg-233_cleaned/char siew pau/1R82B8GSJXUJ08XF2O71DS6Y.jpg,char siew pau,all,near_duplicate,f4d629a146cd2b36
../../foodsg-233_cleaned/chicken chop/5PJ86VFGL2MUHAN44M0CFRST.jpg,chicken chop,all,near_duplicate,f4d6c315ad0ab42d
../../foodsg-233_cleaned/bak kut teh/L5UYVKZY1GVT7YAIG4XDN33I.jpg,bak kut teh,all,near_duplicate,f4e562a7a5920e9a
../../foodsg-233_cleaned/whole oats/KXOH4LMXJ0Q4E574HSCMIWRS.jpg,whole oats,all,near_duplicate,f525a9cb8a4a96b4
../../foodsg-233_cleaned/singapore sling/UG2FHMMNJZ34M6WW1UYU3JFR.jpg,singapore sling,all,near_duplicate,f5474e325e58cc98
../../foodsg-233_cleaned/sirloin steak/NU4NHY8UG2FOGWP01IQ1BUC6.jpg,sirloin steak,all,near_duplicate,f54ac2499da5899e
../../foodsg-233_cleaned/kueh lapis - rainbow/WW9QV3ZEXS10XMCDGKLTQ2CN.jpg,kueh lapis - rainbow,all,near_duplicate,f555ce2ac0d39784
../../foodsg-233_cleaned/gulai daun ubi/MQOAGD6O5PJGO86J1ZRZKGUV.jpg,gulai daun ubi,all,near_duplicate,f57a81c212e11f79
../../foodsg-233_cleaned/sambal stingray/T3YDUGB23B82IQBGSFFOICWH.jpg,sambal stingray,all,near_duplicate,f5805b09499d3ced
../../foodsg-233_cleaned/tau suan/LYDT5IZKGOVU8BM9GSNQ8GXM.jpg,tau suan,all,near_duplicate,f5809f0ff01e3662
../../foodsg-233_cleaned/otak/DPT5KJ13B8VJWYZAC1PRW9MI.jpg,otak,all,near_duplicate,f585b4c092b62f78
../../foodsg-233_cleaned/hokkien prawn mee/4D41BBYRRCJHIJ5KB0GP13ED.jpg,hokkien prawn mee,all,near_duplicate,f590564acacd8a37
../../foodsg-233_cleaned/Fried Noodles/LSPN1CQ3TRMK39V3IPMDW1N3.jpg,Fried Noodles,all,near_duplicate,f592c2ada93648da
../../foodsg-233_cleaned/sausage rolls/SOTZFWZ16R5FIXY9MZOVV2IN.jpg,sausage rolls,all,near_duplicate,f5934d24c66891db
../../foodsg-233_cleaned/Pung Kueh/GNSWWVU39VQ61E4HNBTV9QGX.jpg,Pung Kueh,all,near_duplicate,f59aca159c34351b
../../foodsg-233_cleaned/chin chow drink/LSSIG3DXY1U6ZC4X3W2W359A.jpg,chin chow drink,all,near_duplicate,f5aad4972a787160
../../foodsg-233_cleaned/Fish and chips/89SNVT7V8UM4J4MSG4VK11ZE.jpg,Fish and chips,all,near_duplicate,f5c4c1710ed9e233
../../foodsg-233_cleaned/cheng tng/LY47QZD213XFMDUD0N7OGK9F.jpg,cheng tng,all,near_duplicate,f5d24a6b2135c6e4
../../foodsg-233_cleaned/Kway Teow/2DAGGZCK8QARWFDE102A468E.jpg,Kway Teow,all,near_duplicate,f5da52e84bc16986
../../foodsg-233_cleaned/rambutan/CTO9KYBYYKCC8KQHZIZRPMCB.jpg,rambutan,all,near_duplicate,f610f94f695986b0
../../foodsg-233_cleaned/rojak/7T8ZXCPAEB8OU1J1DK72V214.jpg,rojak,all,near_duplicate,f611136f6e2c9525
../../foodsg-233_cleaned/chwee kueh/7W1QTNY6IDI9IA1XBIN18YNJ.jpg,chwee kueh,all,near_duplicate,f62a01b54bdb2e8c
../../foodsg-233_cleaned/Sweets/7V6DP0NVZHEBMXZLSN6ZFUSZ.jpg,Sweets,all,near_duplicate,f635917696c1a1b8
../../foodsg-233_cleaned/Snacks and Chips/NW2WBTU8IELL2LU8GEN9OV3O.jpg,Snacks and Chips,all,near_duplicate,f64eb10c59236579
../../foodsg-233_cleaned/kueh lapis baked/GLG386CHDTU8KPMKODF0QMKZ.jpg,kueh lapis baked,all,near_duplicate,f66341f058d92997
../../foodsg-233_cleaned/Pung Kueh/XM9HLP9DND6HQ4AXXB0U9944.jpg,Pung Kueh,all,near_duplicate,f6666e494dc47682
../../foodsg-233_cleaned/cereal prawns/VHLHTBB08HFXTHMFZUCM7QZV.jpg,cereal prawns,all,near_duplicate,f685d62f8532d252
../../foodsg-233_cleaned/chwee kueh/U74UCBBL3ZU7P5O5EEK0WLEZ.jpg,chwee kueh,all,near_duplicate,f6873f43a1dce220
../../foodsg-233_cleaned/char siew pau/Z2EH9ZFJ31R7KKNRWP9UMNPW.jpg,char siew pau,all,near_duplicate,f68839649a996736
../../foodsg-233_cleaned/dumpling/S5CIEGV39HR0AEG0UOW6RN43.jpg,dumpling,all,near_duplicate,f68d8abe31c690a3
../../foodsg-233_cleaned/Kway Teow/NJWGSF20I5T92F7D5JGGZCUA.jpg,Kway Teow,all,near_duplicate,f6adc652818eda85
../../foodsg-233_cleaned/chicken pie/1RZAL7BLTA369C2H7VWURL0E.jpg,chicken pie,all,near_duplicate,f6c1a42f9314c747
../../foodsg-233_cleaned/sausage rolls/OY00OPVCBQDIC319KY8JPI91.jpg,sausage rolls,all,near_duplicate,f6c5862e9156c27a
../../foodsg-233_cleaned/satay bee hoon/QRLT6V8DVLRPQ28JCUKMBB15.jpg,satay bee hoon,all,near_duplicate,f6c74956d231425e
../../foodsg-233_cleaned/popiah/2FDH8FSXQFF05SBP7XJZ1OKA.jpg,popiah,all,near_duplicate,f6cbc960dc276198
../../foodsg-233_cleaned/chilli crab/EAX0N8SGZOQ4DOGC1SGNFUIK.jpg,chilli crab,all,near_duplicate,f6d5814a5be32d05
../../foodsg-233_cleaned/Bubble Milk Tea/RSFMRNH04KCAIPE9VHCDBTQV.jpg,Bubble Milk Tea,all,near_duplicate,f6da88a758248d76
../../foodsg-233_cleaned/Udon/MAD727PY2FDOW7VUM2L1455X.jpg,Udon,all,near_duplicate,f6e0e084f40cdafc
../../foodsg-233_cleaned/satay bee hoon/HLAC68A43GPH57EQOAVAB15J.jpg,satay bee hoon,all,near_duplicate,f6e1b4b2a4313556
"../../foodsg-233_cleaned/Miso ramen, with fishcake/2852UFP9PCJB3IVF5UZ6R0AR.jpg","Miso ramen, with fishcake",all,near_duplicate,f6e443cc4c6a4a6d
../../foodsg-233_cleaned/rock melon/8BTZL1RTWZU86NBNUTYYB85X.jpg,rock melon,all,near_duplicate,f7479a11895ea15a
../../foodsg-233_cleaned/vadai/IA1TYISJ13MH5BH04ZJJ4D71.jpg,vadai,all,near_duplicate,f780ca8f9759cc06
../../foodsg-233_cleaned/rojak/N4VE51MO0FEBA8N5OSQOI26A.jpg,rojak,all,near_duplicate,f789f21d183f9412
../../foodsg-233_cleaned/kueh lapis - rainbow/TZYR44EPN8BF2GZYYHYL4XUC.jpg,kueh lapis - rainbow,all,near_duplicate,f79dd0b9942452e1
../../foodsg-233_cleaned/hotplate tofu/GB0FNSWNJCE2KIQKF84IS8UT.jpg,hotplate tofu,all,near_duplicate,f7b474878b58e019
../../foodsg-233_cleaned/bak chor mee/TI1NCCHDUGSHYMU6ZCJ78O7S.jpg,bak chor mee,all,near_duplicate,f7c3148b132d3c2d
../../foodsg-233_cleaned/popcorn/YMDQZ07I8E6WNASUBH9WP8YD.jpg,popcorn,all,near_duplicate,f7e26ceb00cb4b88
../../foodsg-233_cleaned/roti john/P7QQHF3SU5YXEMPJCNXSWCLY.jpg,roti john,all,near_duplicate,f7e6c0259cdc0a1b
../../foodsg-233_cleaned/chicken soup/GF2M48DOAAWLY4L8RH33AR2I.jpg,chicken soup,all,near_duplicate,f82b83abb4e51265
../../foodsg-233_cleaned/Nasi pattaya/1U199DKF2YQZWTK8X3PO7253.jpg,Nasi pattaya,all,near_duplicate,f82f95b5de584290
../../foodsg-233_cleaned/sambal stingray/YPUZN2IJUOXEPSL9P1FABBDS.jpg,sambal stingray,all,near_duplicate,f847612b1f3521da
../../foodsg-233_cleaned/Fried Noodles/YCHQOG4FAYEW306LQP7UYO4E.jpg,Fried Noodles,all,near_duplicate,f84aaf97d024d28d
../../foodsg-233_cleaned/char siew/OM0NKQEMFELU6CV8Z2L70D83.jpg,char siew,all,near_duplicate,f84edc3a419511e7
../../foodsg-233_cleaned/kueh lapis baked/O1PAN3JBMA74WN6LTUQWXAGW.jpg,kueh lapis baked,all,near_duplicate,f860e5656e20cd5e
../../foodsg-233_cleaned/chicken rice/DY79YUUPAKNOK1NJCZ0HV66Y.jpg,chicken rice,all,near_duplicate,f863072f9089c37d
../../foodsg-233_cleaned/har cheong gai/H9WZTQ6MLOLU6AP2HRFPY99S.jpg,har cheong gai,all,near_duplicate,f8639667c134cc9a
../../foodsg-233_cleaned/Instant Cereal Drink/LRM7ILAOPIOFA9ACDCAEWA73.jpg,Instant Cereal Drink,all,near_duplicate,f86993979430c5cd
../../foodsg-233_cleaned/Kway Teow/YNI93VNSAKPVXUX6TM2PDBRA.jpg,Kway Teow,all,near_duplicate,f87883a2d0e56b59
../../foodsg-233_cleaned/singapore sling/2SHBC3P11N2RI8TH69X1TSLY.jpg,singapore sling,all,near_duplicate,f8795636274cd889
../../foodsg-233_cleaned/kway chap/V1D0MC982LYYMJ87C4VI1I8D.jpg,kway chap,all,near_duplicate,f8869dd0c1a73d4a
../../foodsg-233_cleaned/Mee rebus/ENY9LGZNHRU4QDZM8JFBX65V.jpg,Mee rebus,all,near_duplicate,f890c7ecac2f88e8
../../foodsg-233_cleaned/rojak/73GPAGMFFT8R134T7AFIPH7Q.jpg,rojak,all,near_duplicate,f891839e9e70ac72
../../foodsg-233_cleaned/Mee goreng/EQ8XCOYSLDE2XCAJR8JJI3C3.jpg,Mee goreng,all,near_duplicate,f8a385909f8e99d8
../../foodsg-233_cleaned/Bibimbap/FH4FW82H1Z3KIMPPHRAQF3BX.jpg,Bibimbap,all,near_duplicate,f8a3e7cc9040d2fa
../../foodsg-233_cleaned/cherries/4C8WCFP52PEUDBQU3V8CYH55.jpg,cherries,all,near_duplicate,f8a69da9a659095c
../../foodsg-233_cleaned/lontong/D3LNMRDGM1FTPX2UY0H3NXHB.jpg,lontong,all,near_duplicate,f8a7848a7ad54995
../../foodsg-233_cleaned/Fried Noodles/CWPZDSBFAK9IH3GMASMCT3GW.jpg,Fried Noodles,all,near_duplicate,f8b3493a0ff0a469
../../foodsg-233_cleaned/mushroom soup/ZB1V21MFBJFHBC3K0DNG5F9K.jpg,mushroom soup,all,near_duplicate,f8b86561a5a587d2
../../foodsg-233_cleaned/sirloin steak/MOCPJ5WAQ889VUVF7OJ21RJK.jpg,sirloin steak,all,near_duplicate,f8b890958dd26ec3
../../foodsg-233_cleaned/Bubble Milk Tea/CT70MYXDK5YWDWR56WE2VJQ2.jpg,Bubble Milk Tea,all,near_duplicate,f8bce3854631ce38
../../foodsg-233_cleaned/Fish and chips/LEWNA2IYQF6750WSUH5EOFT3.jpg,Fish and chips,all,near_duplicate,f8c03589749fc41f
../../foodsg-233_cleaned/satay/0G3GKF4EJLLFMSJU6OVKP8T7.jpg,satay,all,near_duplicate,f8c595d5944b1ee0
../../foodsg-233_cleaned/steamed grouper/KPBBAHWCES1FD52DNCTC1IAO.jpg,steamed grouper,all,near_duplicate,f8c795386f10654e
../../foodsg-233_cleaned/chicken rice/K4JPR7P3VRIAYOO5N2MAUAEC.jpg,chicken rice,all,near_duplicate,f8d4ce35d070097e
../../foodsg-233_cleaned/sirloin steak/1QH7F7J5FW0821KTTNDUKWZI.jpg,sirloin steak,all,near_duplicate,f8dc9d60c827c43b
../../foodsg-233_cleaned/black pepper crab/LB3QUXMTZK6OI47LZ6ADV3I8.jpg,black pepper crab,all,near_duplicate,f916f86f00b0ccb6
../../foodsg-233_cleaned/green leafy vegetables/98YSG5INW0H6KX0J9YNACP5O.jpg,green leafy vegetables,all,near_duplicate,f926c8c9954ab1cb
../../foodsg-233_cleaned/bak kwa/IZ4IVTJLGNO9PSHHC4PJMT5O.jpg,bak kwa,all,near_duplicate,f9270579f0cad2d0
../../foodsg-233_cleaned/rock melon/GLJGHY0MCKXZ0WHSZYOBL0NP.jpg,rock melon,all,near_duplicate,f93186cc156378b6
../../foodsg-233_cleaned/chai tow kuay/11OFUPJKG8NWZ04351OORKS6.jpg,chai tow kuay,all,near_duplicate,f93d256f0b412e29
../../foodsg-233_cleaned/rock melon/W24I21WAQSG1ZILQLID2O5ON.jpg,rock melon,all,near_duplicate,f96986ce15a138b6
../../foodsg-233_cleaned/drunken prawn/N9TXVTIJKUDO65LMDV4347O9.jpg,drunken prawn,all,near_duplicate,f982d006145b1f7f
../../foodsg-233_cleaned/bak kut teh/WEYGEC4DPJXQBG1N3JZT74KV.jpg,bak kut teh,all,near_duplicate,f983f1dbc38ca214
../../foodsg-233_cleaned/CNY love letter/RKUYU2I1YEK5F333QV72W69A.jpg,CNY love letter,all,near_duplicate,f987845a2fa568ca
../../foodsg-233_cleaned/fish head curry/EAB4JU5DG41X2SF3F2HCSXQO.jpg,fish head curry,all,near_duplicate,f98c5ac5698425cf
../../foodsg-233_cleaned/chicken chop/0B3DK2MP8L0UI0SG7JYNQ57P.jpg,chicken chop,all,near_duplicate,f98f846d6a942d1a
../../foodsg-233_cleaned/popcorn/VU0AWF1VQHBG5QVI7GPCZ3ID.jpg,popcorn,all,near_duplicate,f995b828a83de664
../../foodsg-233_cleaned/kuih bahulu/C94LJAGYG9MJUEERDZOHHBQK.jpg,kuih bahulu,all,near_duplicate,f99e96c83834c716
"../../foodsg-233_cleaned/Bee hoon, goreng/E3U9UQUR71A1081EGZGU2Z6P.jpg","Bee hoon, goreng",all,near_duplicate,f9a5c7968657a212
../../foodsg-233_cleaned/vadai/F60DQZ7GXSU8N926PW6U28HK.jpg,vadai,all,near_duplicate,f9c0f425813fd632
../../foodsg-233_cleaned/popcorn/J4CHTUUWQ1CJ2CX5ND4T5OIB.jpg,popcorn,all,near_duplicate,f9c4486c9d73c2e4
../../foodsg-233_cleaned/chilli crab/KA98XYEFQCGPYWYTX4J8NY1Z.jpg,chilli crab,all,near_duplicate,f9d89091873b3a72
../../foodsg-233_cleaned/chai tow kuay/DSBD3QVZEYS6JOWCPWOW9JWC.jpg,chai tow kuay,all,near_duplicate,fa05b15e154a14fb
../../foodsg-233_cleaned/har cheong gai/X3FZ6W4IDB8FZM1CST4D1BES.jpg,har cheong gai,all,near_duplicate,fa0ce1f3c09d93d0
../../foodsg-233_cleaned/chicken masala/IULJ06AG5X6CJ8FKR0PPUEKF.jpg,chicken masala,all,near_duplicate,fa0de5f2c26289c6
../../foodsg-233_cleaned/Mee rebus/3M7DV3OC7SWPDGMG92SYZ9GW.jpg,Mee rebus,all,near_duplicate,fa2d95b60ed43ac0
../../foodsg-233_cleaned/chilli crab/QAU3J6WQDKUO8EH8STETNZL8.jpg,chilli crab,all,near_duplicate,fa3484710fcb8f61
../../foodsg-233_cleaned/White Bread/7WMAAWWBXOYBNDUEEOY9XH6U.jpg,White Bread,all,near_duplicate,fa34a56a94d2d2c3
../../foodsg-233_cleaned/kuih bahulu/35R4YR849XIQ6ON5GXAOAPGS.jpg,kuih bahulu,all,near_duplicate,fa3f81c0d43599ca
../../foodsg-233_cleaned/sambal stingray/G82M0HKE7XYENCU4DSYDD69W.jpg,sambal stingray,all,near_duplicate,fa408da3e8b49dc9
../../foodsg-233_cleaned/sambal stingray/O71A74F9U8LXJOHW9MKTCNX6.jpg,sambal stingray,all,near_duplicate,fa4823689b6e95a9
../../foodsg-233_cleaned/bee hoon/DYN1S3WSJN2HMIAIBW8CBO84.jpg,bee hoon,all,near_duplicate,fa4a6a28293d353d
../../foodsg-233_cleaned/bak kwa/YRXPZTYDB466XWKZZRIER49G.jpg,bak kwa,all,near_duplicate,fa4ac3942d8bb274
../../foodsg-233_cleaned/Fish and chips/NIVQ98DYWT1OWHVBS4W4YEWY.jpg,Fish and chips,all,near_duplicate,fa5414b43ece6391
../../foodsg-233_cleaned/Kueh Salat/3Y789RFHRNXRHGWZ6J78QRQH.jpg,Kueh Salat,all,near_duplicate,fa54d15ac26aaaaa
../../foodsg-233_cleaned/sausage rolls/RI7X6N970PURY3H1C80Z2E3M.jpg,sausage rolls,all,near_duplicate,fa55450a617a5e4d
../../foodsg-233_cleaned/Grape/YQA8EWSEVZ68BMM8U6B7ZJJS.jpg,Grape,all,near_duplicate,fa5c8109999bd91d
../../foodsg-233_cleaned/Peanut Pancake/VZGOEQQWMMZLDG8M7W0ZUTCW.jpg,Peanut Pancake,all,near_duplicate,fa6e1507062b0e3f
../../foodsg-233_cleaned/murtabak/4N23AAYR7VUMT3ZA0LBEVV73.jpg,murtabak,all,near_duplicate,fa7165030f8e1eb1
../../foodsg-233_cleaned/tumpeng/ST75H401E3ERW562A2DKNZ2R.jpg,tumpeng,all,near_duplicate,fa802e58d1969db9
../../foodsg-233_cleaned/begedil/OU733CV3NP7553PRL86BEYDJ.jpg,begedil,all,near_duplicate,fa8195639263cd6a
../../foodsg-233_cleaned/begedil/6EY0WIPLK8AIJA9PD04DYRJ3.jpg,begedil,all,near_duplicate,fa81a5d6d908d996
"../../foodsg-233_cleaned/Rice, chicken katsu with Japanese curry/KK3CJ0AA5CP07R9P0LDTCP6Y.jpg","Rice, chicken katsu with Japanese curry",all,near_duplicate,fa84859ccf3a9865
../../foodsg-233_cleaned/Kway Teow/K7FLWMPF03VI34QDZQQVKKOD.jpg,Kway Teow,all,near_duplicate,fa84c44e836ec4ee
../../foodsg-233_cleaned/Kway Teow/446LI340BBW46J3FXHPHTAWU.jpg,Kway Teow,all,near_duplicate,fa8580caa5e5d25e
"../../foodsg-233_cleaned/Bee hoon, goreng/D83NW3H0UILGVKG7SJZ77XOG.jpg","Bee hoon, goreng",all,near_duplicate,fa85c03fe750ca13
../../foodsg-233_cleaned/chicken masala/A95A54A80L1M6S7VB4SCC5M0.jpg,chicken masala,all,near_duplicate,fa8d52a5ae1d4a07
../../foodsg-233_cleaned/whole oats/IP5LCNIEXZ12Y0W5ARFXGXSY.jpg,whole oats,all,near_duplicate,fa8d85784a93316d
../../foodsg-233_cleaned/whole oats/1J34GRL1JDS4T4FGC8DUOHN2.jpg,whole oats,all,near_duplicate,fa8d85784a93316d
../../foodsg-233_cleaned/cereal prawns/AC00LJPS9T3AT7JXRIJP5IDT.jpg,cereal prawns,all,near_duplicate,fa90e25c9502cef6
../../foodsg-233_cleaned/Sweets/HN0QIRZOXRBL9VR1C67VB2J8.jpg,Sweets,all,near_duplicate,fa92276464cb9947
../../foodsg-233_cleaned/lamb chops/A44XY84QG4731YZ7VM8UH0HT.jpg,lamb chops,all,near_duplicate,fa92d5ad4ab06e11
../../foodsg-233_cleaned/har cheong gai/ZJ3NFVRYLA1GXVWFG07MP0D6.jpg,har cheong gai,all,near_duplicate,fa98051718ff33c4
../../foodsg-233_cleaned/Kway Teow/02NQQZSC5XUAMU08GSF7ET3F.jpg,Kway Teow,all,near_duplicate,fa98e3e085219b4f
../../foodsg-233_cleaned/goreng pisang/HT11JHJCZHLZONKRP1II2600.jpg,goreng pisang,all,near_duplicate,fa9dc5e2096f1249
../../foodsg-233_cleaned/Chocolate/SOJ90YZFT290W9TUI1LXJKOP.jpg,Chocolate,all,near_duplicate,faa1851e2c6d7ab0
../../foodsg-233_cleaned/rock melon/XHI4O329BPO99OOA6Z9N217C.jpg,rock melon,all,near_duplicate,faa2c1b846996796
../../foodsg-233_cleaned/Kway Teow/AOJR133TC76H38WTTQ7Y4BVC.jpg,Kway Teow,all,near_duplicate,faa3e187868e9c94
../../foodsg-233_cleaned/Snacks and Chips/ZKMJRPGDV2ZN6M4NCXD3M313.jpg,Snacks and Chips,all,near_duplicate,faa525e281c591e7
../../foodsg-233_cleaned/mee pok/AOMLMJMFNLKLQO9PDTJJO738.jpg,mee pok,all,near_duplicate,faadbc90c2eb6441
../../foodsg-233_cleaned/Prawn Noodle/RLXSHU6VS0QL98VCV9HQNGC7.jpg,Prawn Noodle,all,near_duplicate,faadd1944acb2968
../../foodsg-233_cleaned/Grapefruit/RFGX0LGY43R93ZPV4DKOTRTN.jpg,Grapefruit,all,near_duplicate,fab1a8d4e1d2a1c9
../../foodsg-233_cleaned/fried prawn/Q90MWJYQ10NV1HAVNLR3S3JW.jpg,fried prawn,all,near_duplicate,fab3b11d96c8c80e
../../foodsg-233_cleaned/rojak/RA66XU1D5ISFMHEEUG2RQLXX.jpg,rojak,all,near_duplicate,fac08c5b04cdfe32
../../foodsg-233_cleaned/Instant Cereal Drink/TY1AUV8UES7HK4OGBHI6ZEYR.jpg,Instant Cereal Drink,all,near_duplicate,fac0a5bd853c52c3
../../foodsg-233_cleaned/cheese fries/4OHM1RZEZIY7KO9RWQODYH0J.jpg,cheese fries,all,near_duplicate,fac0bf4de1166852
../../foodsg-233_cleaned/satay/UJFC3PPF04ANEPZ0QW7S4RI4.jpg,satay,all,near_duplicate,fac0ce4e49395857
../../foodsg-233_cleaned/Bibimbap/3PKOOZBZTNAS00CHA8FDJREO.jpg,Bibimbap,all,near_duplicate,fac5606292c9cf4e
../../foodsg-233_cleaned/satay bee hoon/6W3J0JOLVHMNDPXPOG8C6KB6.jpg,satay bee hoon,all,near_duplicate,fac5d24ad20f4a2d
../../foodsg-233_cleaned/Fruit juice/62B245BL3R74YWXUS6OMWXPG.jpg,Fruit juice,all,near_duplicate,facba5344d89720d
../../foodsg-233_cleaned/singapore sling/M1WUQXHGL07OYHZQ9PTS2SRJ.jpg,singapore sling,all,near_duplicate,facec59993a4c324
../../foodsg-233_cleaned/chai tow kuay/YZXT0JJ0LX2AFFQ6JJBXTTRF.jpg,chai tow kuay,all,near_duplicate,fad0810fcd6c507b
../../foodsg-233_cleaned/buckwheat/O0LMZMO1Z0KX3TYJTTAQLPRN.jpg,buckwheat,all,near_duplicate,fad085977a1aa538
../../foodsg-233_cleaned/har cheong gai/ASZEK7KDWEHVI8J89R066YU0.jpg,har cheong gai,all,near_duplicate,fad4806a17ce7c8c
../../foodsg-233_cleaned/Apple/B7M5BVX3WDD9E1DJGPDZXV8M.jpg,Apple,all,near_duplicate,fad80b3d6f0e201d
../../foodsg-233_cleaned/satay/XAA11BTYOW0MOS2ZWJOIQ0UG.jpg,satay,all,near_duplicate,fadba0a8a510d277
../../foodsg-233_cleaned/cereal prawns/GT0ODAFLDQZ2W9CTE9FPAD1T.jpg,cereal prawns,all,near_duplicate,fae045d53a40e52f
../../foodsg-233_cleaned/goreng pisang/TND95CZ5A8VMEII3UCVK7M7V.jpg,goreng pisang,all,near_duplicate,fae1b04c9a0e5b39
../../foodsg-233_cleaned/salad/J1KOGNLM0CPQF3SRKO38Y5RT.jpg,salad,all,near_duplicate,fae5893640aac735
../../foodsg-233_cleaned/Chinese fritters/YNMTARPRJ8V54YZ8OAFIZ1PT.jpg,Chinese fritters,all,near_duplicate,fae885161cf8ea1a
../../foodsg-233_cleaned/gulai daun ubi/YSA42YM7P7B15GJ5GCJ1EGET.jpg,gulai daun ubi,all,near_duplicate,faf0c16a966e8199
../../foodsg-233_cleaned/rojak/F0DD8UBK4G8PYQ3OZVREXKV3.jpg,rojak,all,near_duplicate,faf1a01787794a38
../../foodsg-233_cleaned/mangosteen/Q5VOI1567Z1PTKQ6HLIC9GQG.jpg,mangosteen,all,near_duplicate,fb15a0b264661c5f
../../foodsg-233_cleaned/bak kwa/6IUQXH51CBAQVQSGRIFVAWQT.jpg,bak kwa,all,near_duplicate,fb23c047d0bf8589
../../foodsg-233_cleaned/sambal/NAU73NWD13L3CWGH9XKEFSD0.jpg,sambal,all,near_duplicate,fb3bf880e0ef81a0
../../foodsg-233_cleaned/chai tow kuay/BLTN3GKYTXV9ZINM2TPADR01.jpg,chai tow kuay,all,near_duplicate,fb44b00fc539972c
../../foodsg-233_cleaned/rock melon/JR179DDUC3QZIY75G3UGIDE4.jpg,rock melon,all,near_duplicate,fb4e4e39ccba0232
../../foodsg-233_cleaned/kway chap/LHGKWE671FPD3J07BQGA9I8P.jpg,kway chap,all,near_duplicate,fb82919fc41765c8
../../foodsg-233_cleaned/bak kwa/V9PO2RZEYJ7MYLIBLGRC5XL4.jpg,bak kwa,all,near_duplicate,fb83c3ea9c80f894
../../foodsg-233_cleaned/green leafy vegetables/CCA53TESP0HAPBLOI4IEWRIK.jpg,green leafy vegetables,all,near_duplicate,fb85843bc1609fe8
../../foodsg-233_cleaned/rojak/4MCMZCV5QAABMWY4BF087IAT.jpg,rojak,all,near_duplicate,fb89a16d9568568a
../../foodsg-233_cleaned/cereal prawns/OHFS8ODH9AXUITCN7GXS1HRE.jpg,cereal prawns,all,near_duplicate,fb89a9102685ebe3
../../foodsg-233_cleaned/popcorn/7CZZ7BR53YVVT5W78G40H1IR.jpg,popcorn,all,near_duplicate,fb91ca098d3ea4b4
../../foodsg-233_cleaned/Mee goreng/7C7CJAB979B3G5460OVOLS6C.jpg,Mee goreng,all,near_duplicate,fb9404115b5b3e69
../../foodsg-233_cleaned/Kway Teow/VS4LKMDEBPD15AC08519BHEM.jpg,Kway Teow,all,near_duplicate,fb942d156c17a985
../../foodsg-233_cleaned/nasi lemak/PIJNE0Y3X6UEC3C4HL2S1NJJ.jpg,nasi lemak,all,near_duplicate,fb959068c2c3e71c
../../foodsg-233_cleaned/Mee goreng/9RQI1C6EDAJL7HHRO1UYBK5Y.jpg,Mee goreng,all,near_duplicate,fba4c416c31bcb0e
../../foodsg-233_cleaned/fish head curry/P26N5CEA01YNVK1XZV2OCA31.jpg,fish head curry,all,near_duplicate,fba4e173a0eec2a0
../../foodsg-233_cleaned/Mee goreng/CC38A2R54G69YKGLQBTNMQ6W.jpg,Mee goreng,all,near_duplicate,fbb11df1c74e0803
../../foodsg-233_cleaned/cheng tng/HHZCR3LHE5TB4EI3N16HVUQ7.jpg,cheng tng,all,near_duplicate,fbc0e49e93c3c84c
../../foodsg-233_cleaned/rojak/OH7SSP5L84S1WXMD27H1GXJL.jpg,rojak,all,near_duplicate,fbc2841ac51ccb3e
../../foodsg-233_cleaned/Kueh Salat/PKPSA08Y1G5TB0XEHI7EDUKX.jpg,Kueh Salat,all,near_duplicate,fbc3903e0330cf72
../../foodsg-233_cleaned/siew mai/PRBDAK3ND54QHR26V3873PN4.jpg,siew mai,all,near_duplicate,fbc48c1b9e23c51c
../../foodsg-233_cleaned/kuih bahulu/L6ZVT8M8KIDEWJSV63L6L1BX.jpg,kuih bahulu,all,near_duplicate,fbc4e45ac03d8e70
../../foodsg-233_cleaned/bak kut teh/BKJD5IVXAQGE2ODBJT2HHG2P.jpg,bak kut teh,all,near_duplicate,fbc5b0b2e0c38b91
../../foodsg-233_cleaned/rojak/HXNIWL1O940J9D6E92R6YBUL.jpg,rojak,all,near_duplicate,fbc6b199d469c015
../../foodsg-233_cleaned/Mee bandung/72NYK0GON9XTHWG2283TK53U.jpg,Mee bandung,all,near_duplicate,fbd1c454d043d678
../../foodsg-233_cleaned/Pomelo/09K3GI4VFWP971YSY6ES375O.jpg,Pomelo,all,near_duplicate,fbd4f00a818da43f
../../foodsg-233_cleaned/rojak/TQP60T29CYAB65R803KBUUMZ.jpg,rojak,all,near_duplicate,fbe78e88c384849d
../../foodsg-233_cleaned/sambal kangkong/5HODDDJO13J9S2ODEBG6VDZE.jpg,sambal kangkong,all,near_duplicate,fc0e4e6471979319
../../foodsg-233_cleaned/Mee rebus/ZC403JPW1MCFJHSCAAKKRMCK.jpg,Mee rebus,all,near_duplicate,fc3e11dc52ba2b11
../../foodsg-233_cleaned/canned Fruit salad/7S8JSCCHE2QP85CUMB09R0EK.jpg,canned Fruit salad,all,near_duplicate,fc5c83c396382ce6
"../../foodsg-233_cleaned/Bee hoon, goreng/9C8PU3YGE7XTAQ1R8WSXX575.jpg","Bee hoon, goreng",all,near_duplicate,fc78ca650c32f12d
../../foodsg-233_cleaned/sirloin steak/9P2DA19N7XKE1M911929C5FE.jpg,sirloin steak,all,near_duplicate,fc81c39ec33db488
../../foodsg-233_cleaned/Duck Rice/JASVO2W06DWFZK4JG7MB6A9U.jpg,Duck Rice,all,near_duplicate,fc8c8b5a87b89532
../../foodsg-233_cleaned/Snacks and Chips/LDI1MEFNB0BBKUC74ZLJI210.jpg,Snacks and Chips,all,near_duplicate,fc93c13c27f058c3
../../foodsg-233_cleaned/ayam penyet/TE905FJ2MAGNQW9PTSCCFHRG.jpg,ayam penyet,all,near_duplicate,fcac017b7242b3a5
../../foodsg-233_cleaned/baked beans/X7GB4UZOF08IQZ32NRBBWFRW.jpg,baked beans,all,near_duplicate,fcbc88395f60e0c5
../../foodsg-233_cleaned/singapore sling/Z2RF2ESHOR0HVS0BVAI47Q84.jpg,singapore sling,all,near_duplicate,fcc549371f3f4500
../../foodsg-233_cleaned/chilli crab/EE21590V0V4RC95FQJVP6CWW.jpg,chilli crab,all,near_duplicate,fcc7421829bd3867
../../foodsg-233_cleaned/hotplate tofu/CRM9UVZW39D3PW3BEPI0N11B.jpg,hotplate tofu,all,near_duplicate,fcc8698e3bb1e184
../../foodsg-233_cleaned/ayam penyet/43VRDG79DNU1Z6MTXHC5TENC.jpg,ayam penyet,all,near_duplicate,fccac7b10ec71846
../../foodsg-233_cleaned/Kway Teow/91BXH15OU87UEQGGP1OR08SL.jpg,Kway Teow,all,near_duplicate,fcd2b115c45c9578
../../foodsg-233_cleaned/Duck Rice/MWU0C2UXZ9LQ5ZVW994HMX20.jpg,Duck Rice,all,near_duplicate,fcd2e2a7c25a8439
../../foodsg-233_cleaned/satay bee hoon/8430QGGZT9TCKJ05OVANNLJX.jpg,satay bee hoon,all,near_duplicate,fcd3862c6456696a
../../foodsg-233_cleaned/pasta - fettuccine/757WDVA6UF9IETGX9GXJJLCW.jpg,pasta - fettuccine,all,near_duplicate,fcd5936a6b853013
../../foodsg-233_cleaned/rojak/YE1VFJDMNCYVD5P88B8CW7VF.jpg,rojak,all,near_duplicate,fcd6910c07fa7d80
../../foodsg-233_cleaned/chicken soup/NRNESZ2ZZKC8BPN3YGBNTBS3.jpg,chicken soup,all,near_duplicate,fd2c52936b4a389a
../../foodsg-233_cleaned/tutu kueh/1CG0VCYE35D7OPQ0SJ4V6Q7J.jpg,tutu kueh,all,near_duplicate,fd4602de62e19539
../../foodsg-233_cleaned/vadai/C415845DA9VLIYIO120OGKC0.jpg,vadai,all,near_duplicate,fd53c5c3c038c4bc
../../foodsg-233_cleaned/chicken rice/FYCA45GVG4Z50MDHYFPTJLV5.jpg,chicken rice,all,near_duplicate,fd5fd01e193a3203
../../foodsg-233_cleaned/mee pok/1F576YYCSM84K4SVXOPYUJ1L.jpg,mee pok,all,near_duplicate,fd71d4c6c152435c
../../foodsg-233_cleaned/Kway Teow/SK9HMGH9UQULMJE10K3JV1AN.jpg,Kway Teow,all,near_duplicate,fd80e05f8156d71a
../../foodsg-233_cleaned/fried prawn/FROLQ6Y39PIW1IJAI1ODXUH5.jpg,fried prawn,all,near_duplicate,fd8a82258f5e306e
../../foodsg-233_cleaned/hokkien prawn mee/7JLMUHNQ3KZR669B645RXI07.jpg,hokkien prawn mee,all,near_duplicate,fd99bd383625c181
../../foodsg-233_cleaned/satay/L4YV858MXDHLQ6IKBU11LJME.jpg,satay,all,near_duplicate,fd9cc4319ec688c9
../../foodsg-233_cleaned/Kway Teow/TNN2ZMR9UO7OM1BC5O2385VQ.jpg,Kway Teow,all,near_duplicate,fda0202dc736466f
../../foodsg-233_cleaned/sirloin steak/1TJV4NO34WJR95NPBIF6KV0X.jpg,sirloin steak,all,near_duplicate,fda0fec20007bfb0
../../foodsg-233_cleaned/Pomelo/UQZ62RT12WZVIRG1UJ8N80GP.jpg,Pomelo,all,near_duplicate,fdac3092199dc497
../../foodsg-233_cleaned/Fruit juice/UXFJ44H6VYC8F2I1V1PFQ5TK.jpg,Fruit juice,all,near_duplicate,fdaec48933c2c664
../../foodsg-233_cleaned/steamed grouper/P4RFZWMB4NQMUKDFNTP04EFR.jpg,steamed grouper,all,near_duplicate,fdb0d0cba9868a0f
../../foodsg-233_cleaned/assam pedas/ANB9IBV5M3D71B2UFRXL27JP.jpg,assam pedas,all,near_duplicate,fdbaf081932dc324
../../foodsg-233_cleaned/Kway Teow/NLNU1RO9H4U255YJ8HR3EKDV.jpg,Kway Teow,all,near_duplicate,fdc043622a0f7d8e
../../foodsg-233_cleaned/tandoori chicken/H3GLPD32ZJAI4LICPOT01AEY.jpg,tandoori chicken,all,near_duplicate,fdc0d0696af4a1d2
../../foodsg-233_cleaned/Peanut Pancake/6BDHYD5EKIXG7ETD17QUA5EE.jpg,Peanut Pancake,all,near_duplicate,fdc1c21e16597346
../../foodsg-233_cleaned/sausage rolls/JCZX5JXN7UHB5I8ZXYOS8OS2.jpg,sausage rolls,all,near_duplicate,fdcc8039d33ba852
../../foodsg-233_cleaned/siew mai/0NGT54J1GYH7MNPEEMN5TG1S.jpg,siew mai,all,near_duplicate,fdd082351d49e9a5
../../foodsg-233_cleaned/bak kut teh/AVKY9II8XR3NWNYJEDZQ3HGF.jpg,bak kut teh,all,near_duplicate,fde9c0c20d8fa954
../../foodsg-233_cleaned/begedil/Y5ZCMCZ8EJQ77RJBFPVAE6SU.jpg,begedil,all,near_duplicate,fde9e61b8a266908
../../foodsg-233_cleaned/drunken prawn/3ENREK8A3HEDI664O6PKQQ91.jpg,drunken prawn,all,near_duplicate,fe16f969940ec191
../../foodsg-233_cleaned/Fruit juice/837ZYDE2KF3FUBZI3Z7NL5L0.jpg,Fruit juice,all,near_duplicate,fe4bc98dcd3c2430
../../foodsg-233_cleaned/begedil/1FFUVY52FKXIBJ3JN8XNS1NM.jpg,begedil,all,near_duplicate,fe5a973585268272
../../foodsg-233_cleaned/cereal prawns/NUXLGQKGRIFE1JFXM52ZF243.jpg,cereal prawns,all,near_duplicate,fe5eea6aa0689524
../../foodsg-233_cleaned/spring rolls/SRXOQBQBF46KT6GOH694RN4I.jpg,spring rolls,all,near_duplicate,fe5ef0a18851c15b
../../foodsg-233_cleaned/cream soup/NZG9E5EINTX2HZCGA851YNQK.jpg,cream soup,all,near_duplicate,fe6392cbe8a49219
../../foodsg-233_cleaned/char siew/G62H5D5GH4LHYPBZX3OE386B.jpg,char siew,all,near_duplicate,fe6dc1c2961694d8
../../foodsg-233_cleaned/Pung Kueh/YSB2Z4HN8FBLBA1WUF8NWGZV.jpg,Pung Kueh,all,near_duplicate,fe83c0e69a07f05a
"../../foodsg-233_cleaned/Rice, chicken katsu with Japanese curry/S1704PNBQ9CI47SP0AO39QII.jpg","Rice, chicken katsu with Japanese curry",all,near_duplicate,fe849466885bd563
../../foodsg-233_cleaned/Nuts/J820E20MHBQKHJM1C59VCXJ0.jpg,Nuts,all,near_duplicate,fe853d66ca3401ec
../../foodsg-233_cleaned/Kway Teow/5E753KH4TAJFJQG5HYXJJKTU.jpg,Kway Teow,all,near_duplicate,fe86404be8b1959e
../../foodsg-233_cleaned/kiwi/414FB3M64YDCVZZBTKFCV4QN.jpg,kiwi,all,near_duplicate,fe8814dc0f07c75c
../../foodsg-233_cleaned/watermelon/J814QSRB9UMLVA6J5PGGYHL6.jpg,watermelon,all,near_duplicate,fe8bd6704426d1d1
../../foodsg-233_cleaned/Ban Mian/J5EDIO9DAGEO9GVVI1O07YQT.jpg,Ban Mian,all,near_duplicate,fe8fd02e853ca522
../../foodsg-233_cleaned/vegetable soup/M7J7MC15WBV5NUMB809Q7N2D.jpg,vegetable soup,all,near_duplicate,fe91a01fe84681cf
../../foodsg-233_cleaned/sambal stingray/9P7XMGA1FNJPQXVGWZ7ZINE9.jpg,sambal stingray,all,near_duplicate,fe97f607c0579050
../../foodsg-233_cleaned/lychee/482NT1YYYEL2IBDGZU8CFMXY.jpg,lychee,all,near_duplicate,fe98901ed7a29625
../../foodsg-233_cleaned/hotplate tofu/XF49F5TNHKBXFD48DAGUQBYA.jpg,hotplate tofu,all,near_duplicate,fea06896b8d0bb68
../../foodsg-233_cleaned/rambutan/212J065J2U82EZQ2NQ97WG2D.jpg,rambutan,all,near_duplicate,fea1c31e8d6294e2
../../foodsg-233_cleaned/buckwheat/CPRP4AAOOR0K1Q6PZA46QGHY.jpg,buckwheat,all,near_duplicate,fea4c9b4d4954a94
../../foodsg-233_cleaned/rambutan/IM6W5ZCFYAW6AZZHU3TOQ3QH.jpg,rambutan,all,near_duplicate,feb091c16b1e0ea6
../../foodsg-233_cleaned/chicken chop/AGGQK6YHHD6QOZBG72IF71DT.jpg,chicken chop,all,near_duplicate,feb3c3be8864904a
../../foodsg-233_cleaned/Kway Teow/QHJ9H1E58V18SVJ16LD9NMC8.jpg,Kway Teow,all,near_duplicate,feb9a095c19e81c3
../../foodsg-233_cleaned/rock melon/O93K5BUPNTTOLZ493DVJGBIX.jpg,rock melon,all,near_duplicate,febeae8b33258088
"../../foodsg-233_cleaned/Don, unagi/IHXHA0K5SH67Q5PSNETCO73V.jpg","Don, unagi",all,near_duplicate,fec03f989d0acc0d
../../foodsg-233_cleaned/popiah/G8WKR6VY83ZG006JKB4DE083.jpg,popiah,all,near_duplicate,fec04aaa53952e2b
../../foodsg-233_cleaned/chwee kueh/R7QXG8U1XR1WT2RWN7ST9Z85.jpg,chwee kueh,all,near_duplicate,fec29548ce39a932
../../foodsg-233_cleaned/sausage rolls/KAUTDR7P1C4BAEQQATRICSQZ.jpg,sausage rolls,all,near_duplicate,fec380bf31cb0668
../../foodsg-233_cleaned/sirloin steak/O40D61RJTG6HCS33K1PR90VN.jpg,sirloin steak,all,near_duplicate,fec5a08a95956a59
../../foodsg-233_cleaned/banana/GCQH2YD9P7JOHAI1M1LS6Q2M.jpg,banana,all,near_duplicate,fed2802d0bd2707d
../../foodsg-233_cleaned/chilli crab/TTQJVCNRGI4MCPDNR8JJ4OLU.jpg,chilli crab,all,near_duplicate,fee4a8829bddc02c
../../foodsg-233_cleaned/satay bee hoon/OGGFIIC2DGAFDJRWCXGHWO72.jpg,satay bee hoon,all,near_duplicate,fef8a8e08585a794
../../foodsg-233_cleaned/cereal prawns/OHUBOP4CADBY6P5W2KYKQGLL.jpg,cereal prawns,all,near_duplicate,ff12f616b0436e48
../../foodsg-233_cleaned/drunken prawn/ADCW6JMRHW870UGR0R79SUYN.jpg,drunken prawn,all,near_duplicate,ff13d05a8f38b062
../../foodsg-233_cleaned/jackfruit/FHJ3ZOU4WAI0SSBG5G1Y5Q0C.jpg,jackfruit,all,near_duplicate,ff40e0af800d9fb4
"../../foodsg-233_cleaned/Miso ramen, with fishcake/EKQ11OJSDZE8BR5BJF1NT96L.jpg","Miso ramen, with fishcake",all,near_duplicate,ff43a034a61f83e2
../../foodsg-233_cleaned/chai tow kuay/V55OHGBZ9NI7HKNQA7HJS5H8.jpg,chai tow kuay,all,near_duplicate,ff51540a716a6d25
../../foodsg-233_cleaned/whole oats/NA35V51CZIMCLI01DW7J9J7R.jpg,whole oats,all,near_duplicate,ff56e03990b38e81
../../foodsg-233_cleaned/cereal prawns/7TRNDNSCOVJA5M8RD6WKGAVF.jpg,cereal prawns,all,near_duplicate,ff5c28f470b15134
../../foodsg-233_cleaned/fried prawn/7Z0OOCGOG9KCXIU9X3MMZ1RI.jpg,fried prawn,all,near_duplicate,ff5fcd68c0a202d4
../../foodsg-233_cleaned/char siew pau/5XHWK7SYF88ADUEY5YUU3VT1.jpg,char siew pau,all,near_duplicate,ff64e01b81c08f4f
../../foodsg-233_cleaned/mee pok/NVZ0MP6W4N670TUJA329WRJQ.jpg,mee pok,all,near_duplicate,ff6bd07980608763
../../foodsg-233_cleaned/mango pudding/T77G5N2FEP8IYUX8FEGR1DOP.jpg,mango pudding,all,near_duplicate,ff806846a11ff478
../../foodsg-233_cleaned/black pepper crab/QZGZ24P4S42I8O19JF6XLTJX.jpg,black pepper crab,all,near_duplicate,ff81b050a8bab1e5
../../foodsg-233_cleaned/Indian Prata/7ZC86XMLA22VSPD5SPM70CUA.jpg,Indian Prata,all,near_duplicate,ff81c0348e5ec6d1
../../foodsg-233_cleaned/watermelon/MI41GLQU7HGORSMNUHEZXLK9.jpg,watermelon,all,near_duplicate,ff83e098463ecca1
"../../foodsg-233_cleaned/Rice, korean bulgogi beef/QFY2X5ALMEMMA6Z6D7JUWMIZ.jpg","Rice, korean bulgogi beef",all,near_duplicate,ff85845f6df06880
../../foodsg-233_cleaned/Kway Teow/07SLNSR86EEXY2M0ESIA9PKS.jpg,Kway Teow,all,near_duplicate,ff85d0822517663e
../../foodsg-233_cleaned/seaweed snack/CJLZPZASC96H9LRZ2UKTYJ2P.jpg,seaweed snack,all,near_duplicate,ff87e27880389dc8
../../foodsg-233_cleaned/Bibimbap/AX7K1VRYO7TRORZWC3XFC337.jpg,Bibimbap,all,near_duplicate,ff8ae09087545d6a
../../foodsg-233_cleaned/blueberries/TTBQHBTOAB6U376S1E9NJUZZ.jpg,blueberries,all,near_duplicate,ff8c10780adf6e44
../../foodsg-233_cleaned/miso soup/57ESHHUN73E8ME1112GNVKNO.jpg,miso soup,all,near_duplicate,ff92f00f8b3c09e0
../../foodsg-233_cleaned/seaweed snack/DELJ3LADNX466WSG7NFH6HPM.jpg,seaweed snack,all,near_duplicate,ff96942f81c07e21
../../foodsg-233_cleaned/Kway Teow/98TERWH99NYNU7NTP1WPGKB7.jpg,Kway Teow,all,near_duplicate,ff9c93f0c24aa107
../../foodsg-233_cleaned/bak kwa/I1J12HSBK1WGV18UGPMSXL93.jpg,bak kwa,all,near_duplicate,ffa8f69081d58307
../../foodsg-233_cleaned/miso soup/JBSGCJP9R4WVMMLRPV4BUEP8.jpg,miso soup,all,near_duplicate,ffb4d0698291a758
../../foodsg-233_cleaned/chicken masala/85V852VB9NXPED0TA6T0ZUBV.jpg,chicken masala,all,near_duplicate,ffbad02082c34e9b
../../foodsg-233_cleaned/pizza/UOVTSUOYI04WO453UXNZYZGL.jpg,pizza,all,near_duplicate,ffc01a877cbea108
../../foodsg-233_cleaned/pasta - fettuccine/C60RZE2JNFWYPM37MHO5JFNY.jpg,pasta - fettuccine,all,near_duplicate,ffc0809e9735e0b4
../../foodsg-233_cleaned/Mee goreng/GMD7WWFRGD11SS3HUL7I4O0J.jpg,Mee goreng,all,near_duplicate,ffc1e6ddc01c4231
../../foodsg-233_cleaned/pasta - fettuccine/3O79HBJPKC9S3XDV6EIT12VT.jpg,pasta - fettuccine,all,near_duplicate,ffc6998b4179d024
../../foodsg-233_cleaned/drunken prawn/JYKA4GDH7ZRLQTC71S1F039Z.jpg,drunken prawn,all,near_duplicate,ffc890a75c9cd809
../../foodsg-233_cleaned/black pepper crab/83DP2Q45G9MO48JEKYJ9SZ7C.jpg,black pepper crab,all,near_duplicate,ffd285c9d21d8883
../../foodsg-233_cleaned/rojak/7OVP15ATV51YCUTAUJ60SJBJ.jpg,rojak,all,near_duplicate,ffd4d512d6420ec8
../../foodsg-233_cleaned/Duck Rice/Q7NLCGSB06E9BO2BN39DNW06.jpg,Duck Rice,all,near_duplicate,ffd9a0a88562d662
../../foodsg-233_cleaned/bak kwa/EAY3D01EY2AG1H2INIAGG7CH.jpg,bak kwa,all,near_duplicate,ffe2e1438606b6a4
../../foodsg-233_cleaned/Tauhu Goreng/1O55GCC7HOZA1G0WEFC58WSE.jpg,Tauhu Goreng,all,near_duplicate,fff9f072918d80c0
../../foodsg-233_cleaned/sambal stingray/G385YE2EMM0JWZBTP1R0H8MN.jpg,sambal stingray,all,near_duplicate,fffc5a025034d645
../../foodsg-233_cleaned/Soto ayam/EISKEQR9CPWTKCFZRDH3PUBV.jpg,Soto ayam,all,near_duplicate,9a91e9ea863ad0b6
"../../foodsg-233_cleaned/Bee hoon, soto/SX31XW5QXSX1OP8ZL6K7PG06.jpg","Bee hoon, soto",all,near_duplicate,9a91e9ea863ad0b6
"../../foodsg-233_cleaned/Bee hoon, soto/2EGB35P3AF2BKD5FBQNOR2BJ.jpg","Bee hoon, soto",all,near_duplicate,9a91e9ea863ad0b6
../../foodsg-233_cleaned/bee hoon/J27CNPP9HT5L52KA3QSOLV3K.jpg,bee hoon,all,near_duplicate,b2d185f67a5921b2
../../foodsg-233_cleaned/bee hoon/4C4Z8RGNHFQN4CQRYS3D7367.jpg,bee hoon,all,near_duplicate,b2d185f67a5921b2
../../foodsg-233_cleaned/vegetarian bee hoon/HMS59MPGMHM0NOIY2TLII15F.jpg,vegetarian bee hoon,all,near_duplicate,b2d185f67a5921b2
"../../foodsg-233_cleaned/Mee siam, fried/2IVK8J8AUOQ6MZZE5IU9T56T.jpg","Mee siam, fried",all,near_duplicate,c18f14aac7adee30
../../foodsg-233_cleaned/Mee siam/2U9W5VLMGCNHD08UP0V2URV7.jpg,Mee siam,all,near_duplicate,c18f14aac7adee30
"../../foodsg-233_cleaned/Mee siam, fried/NT0DMW3JHHCUFMQX2184ZZ6H.jpg","Mee siam, fried",all,near_duplicate,c18f14aac7adee30
../../foodsg-233_cleaned/satay bee hoon/JTNEL3YTWHQSOMYKHDELCRY8.jpg,satay bee hoon,all,near_duplicate,c7e8b1868496c4df
../../foodsg-233_cleaned/cheng tng/EUDXJQRY1KOPEY26FNMOX6SB.jpg,cheng tng,all,near_duplicate,c7e8b1868496c4df
../../foodsg-233_cleaned/lontong/TXMOIDKYSIGA4A3QJZVVEE0G.jpg,lontong,all,near_duplicate,c7e8b1868496c4df
../../foodsg-233_cleaned/Soto ayam/SANNIKO3A1Y1326C9XDON7Q5.jpg,Soto ayam,all,near_duplicate,ef4c90e38d8f1ac1
../../foodsg-233_cleaned/Mee soto/AE18UF5MRVJEQRAE6WIDHXAH.jpg,Mee soto,all,near_duplicate,ef4c90e38d8f1ac1
"../../foodsg-233_cleaned/Bee hoon, soto/BZYJ46BQ3TXUWS0Q5FGTFQW7.jpg","Bee hoon, soto",all,near_duplicate,ef4c90e38d8f1ac1
"../../foodsg-233_cleaned/Wanton mee, dry/0KQS8S0ACKTGYRGS9KKMS7K2.jpg","Wanton mee, dry",all,near_duplicate,82aa65bca6437ea5
../../foodsg-233_cleaned/Dumpling noodle soup/R92WFJ1G7IRFXDGLDYHCXUDB.jpg,Dumpling noodle soup,all,near_duplicate,82aa65bca6437ea5
../../foodsg-233_cleaned/Seafood Noodles Soup/LE0NU04EKD0L2JZAEH3S279C.jpg,Seafood Noodles Soup,all,near_duplicate,830eceb819ad59b9
../../foodsg-233_cleaned/Prawn Noodle/PPYZYJIR2L51TAT8LDIRR7EM.jpg,Prawn Noodle,all,near_duplicate,830eceb819ad59b9
../../foodsg-233_cleaned/rojak/TN07I54HBDM1ELVUM0GM0TK6.jpg,rojak,all,near_duplicate,8a8bcc565aee2497
../../foodsg-233_cleaned/rojak/CY4XD3EK4T1MKOSHDALCUCP7.jpg,rojak,all,near_duplicate,8a8bcc565aee2497
../../foodsg-233_cleaned/Mee goreng/VUT73JZMWWPHHS1VYPW3DR62.jpg,Mee goreng,all,near_duplicate,8ec5984ab12eb76c
"../../foodsg-233_cleaned/Bee hoon, goreng/4LHH268TOU12RXNNGFR67HTJ.jpg","Bee hoon, goreng",all,near_duplicate,8ec5984ab12eb76c
../../foodsg-233_cleaned/chicken soup/XT33A3ZZ3YV1852LJELR886A.jpg,chicken soup,all,near_duplicate,9ad1f59e1a8a898b
../../foodsg-233_cleaned/Ban Mian/O6IB5P91ESO517NTUTIUIASV.jpg,Ban Mian,all,near_duplicate,9ad1f59e1a8a898b
../../foodsg-233_cleaned/vegetarian bee hoon/6M8D2RLKKX3RK8TNPLAA6PTZ.jpg,vegetarian bee hoon,all,near_duplicate,a0f18f9619d97439
../../foodsg-233_cleaned/Mee goreng/5FDUIP6G15XVHUH8G2WTFMTN.jpg,Mee goreng,all,near_duplicate,a0f18f9619d97439
../../foodsg-233_cleaned/Chinese fritters/YH5FTRI61BN5G4C8VXRU92ZZ.jpg,Chinese fritters,all,near_duplicate,a149deb2c3a709d9
../../foodsg-233_cleaned/cereal prawns/E3JJALA57OTBBN89K57ZG5C0.jpg,cereal prawns,all,near_duplicate,a149deb2c3a709d9
../../foodsg-233_cleaned/Mee bandung/D9BW03GWA5A7I2XCZV0HLLZ2.jpg,Mee bandung,all,near_duplicate,a581ee61aa9b4973
../../foodsg-233_cleaned/Mee rebus/1TKL0TN62IBCN7BTLM91PK1I.jpg,Mee rebus,all,near_duplicate,a581ee61aa9b4973
../../foodsg-233_cleaned/Lontong with sayur lodeh/XFW4Z3KSL6NTAJSOL313Y5CW.jpg,Lontong with sayur lodeh,all,near_duplicate,a5a294cb321cdb75
../../foodsg-233_cleaned/Lontong with sayur lodeh/XT4E3593JCFNEJ7JENPCWETR.jpg,Lontong with sayur lodeh,all,near_duplicate,a5a294cb321cdb75
../../foodsg-233_cleaned/begedil/6JOELGUTYWNU7RFX94NQUG0H.jpg,begedil,all,near_duplicate,abd4f45a144b426f
"../../foodsg-233_cleaned/Bee hoon, soto/8CH3HR1XXFEGOHURID5W1U0E.jpg","Bee hoon, soto",all,near_duplicate,abd4f45a144b426f
../../foodsg-233_cleaned/Seafood Noodles Soup/Q09YRFDDN4DVJ9NKBK7OHQZC.jpg,Seafood Noodles Soup,all,near_duplicate,b123d079c88e3db9
../../foodsg-233_cleaned/bee hoon/K8Q40OXBP6TNQELL933JYFH8.jpg,bee hoon,all,near_duplicate,b123d079c88e3db9
"../../foodsg-233_cleaned/Bee hoon, soto/C3AY7ACHUEKU7518FEWPYRTT.jpg","Bee hoon, soto",all,near_duplicate,b2d5cf2a8452369d
../../foodsg-233_cleaned/Soto ayam/QI59B2PHNM96TCFIU1Z2ERFZ.jpg,Soto ayam,all,near_duplicate,b2d5cf2a8452369d
../../foodsg-233_cleaned/satay bee hoon/689DWP9L88IT2QGNHXUO711E.jpg,satay bee hoon,all,near_duplicate,b5394a45874e98cf
../../foodsg-233_cleaned/bee hoon/78OTX69HIYQQB6QK5FDZIWVY.jpg,bee hoon,all,near_duplicate,b5394a45874e98cf
../../foodsg-233_cleaned/Mee siam/LZM0WYODKEHJCJVECXAM9EEH.jpg,Mee siam,all,near_duplicate,b5abd0f5424446de
"../../foodsg-233_cleaned/Mee siam, fried/60PQ22R0OHMGQ05SXOD4YR53.jpg","Mee siam, fried",all,near_duplicate,b5abd0f5424446de
../../foodsg-233_cleaned/vegetarian bee hoon/NC5846C4RHGHT0QT67KSF14D.jpg,vegetarian bee hoon,all,near_duplicate,b969c1c6c2999f8c
"../../foodsg-233_cleaned/Bee hoon, goreng/PI08WP9XKD2IBWXFC9E3JX4I.jpg","Bee hoon, goreng",all,near_duplicate,b969c1c6c2999f8c
../../foodsg-233_cleaned/french fries/ZF8RYM3FDYR0YG54A3C8UY4T.jpg,french fries,all,near_duplicate,b9d0c44bcfa46a72
../../foodsg-233_cleaned/Fish and chips/PYYNQ00DNR2KIDMNFA0N0BN4.jpg,Fish and chips,all,near_duplicate,b9d0c44bcfa46a72
../../foodsg-233_cleaned/Mee rebus/EWFVJX5G7SA8QKELCBLSJP11.jpg,Mee rebus,all,near_duplicate,bae1d5cac2c98ac9
../../foodsg-233_cleaned/Mee kuah/OOXNZQ8M039N8QANINWZ04GC.jpg,Mee kuah,all,near_duplicate,bae1d5cac2c98ac9
"../../foodsg-233_cleaned/Miso ramen, with fishcake/3OG3U2XZ7KG5NN0HB9FJNLY2.jpg","Miso ramen, with fishcake",all,near_duplicate,bc96c639c7619364
"../../foodsg-233_cleaned/Miso ramen, with fishcake/U9NLZL4SS2XEKITDEVG559QK.jpg","Miso ramen, with fishcake",all,near_duplicate,bc96c639c7619364
../../foodsg-233_cleaned/Soto ayam/GJZQN4KXIO191J1KU6G4XO30.jpg,Soto ayam,all,near_duplicate,cf0a52350a736f4e
../../foodsg-233_cleaned/Mee soto/SILL02XOAYIF4CEZYETNGQ1D.jpg,Mee soto,all,near_duplicate,cf0a52350a736f4e
../../foodsg-233_cleaned/Mee siam/D9FCOGMCV1HYAFGSZ0MJKOKI.jpg,Mee siam,all,near_duplicate,d0e159707af581e6
"../../foodsg-233_cleaned/Mee siam, fried/IUVXGN1A0DYW16RM8N2SZ83S.jpg","Mee siam, fried",all,near_duplicate,d0e159707af581e6
../../foodsg-233_cleaned/lontong/WA0Q1L9R1R9OO8NVGL3STJE5.jpg,lontong,all,near_duplicate,ddf840a287bd1a9c
../../foodsg-233_cleaned/lontong/EXS5AGZVIHJDBTJ9W4YONVBO.jpg,lontong,all,near_duplicate,ddf840a287bd1a9c
"../../foodsg-233_cleaned/Bee hoon, goreng/ROJ0EH44M8HFAQHTDNAN6I1H.jpg","Bee hoon, goreng",all,near_duplicate,de9c7107b46e445c
"../../foodsg-233_cleaned/Bee hoon, goreng/JZJVG59MFRAFI8DT3CWZ79EI.jpg","Bee hoon, goreng",all,near_duplicate,de9c7107b46e445c
../../foodsg-233_cleaned/bak chor mee/VG2NH0GJELJY6AV1BNDKD26S.jpg,bak chor mee,all,near_duplicate,df1c406a2e2db572
../../foodsg-233_cleaned/bak chor mee/B9CO4E71KBHWDJPCK7Q1GOMX.jpg,bak chor mee,all,near_duplicate,df1c406a2e2db572
../../foodsg-233_cleaned/steamed buns/0C8F24QH68Y8LBTORIRPPAY8.jpg,steamed buns,all,near_duplicate,df98786ae02587a6
../../foodsg-233_cleaned/char siew pau/K5GN4JQ2THZRBYPGGBBJLL86.jpg,char siew pau,all,near_duplicate,df98786ae02587a6
../../foodsg-233_cleaned/Papaya/YRRGCFOAE1ELY4JPSYT5MF2N.jpg,Papaya,all,near_duplicate,e31817276c5b5b25
../../foodsg-233_cleaned/canned Fruit salad/WEI6QA2T73TCJWMLTZ33ZKWI.jpg,canned Fruit salad,all,near_duplicate,e31817276c5b5b25
../../foodsg-233_cleaned/Mee siam/Y5FP8ECL5NUVYAGT4UIUSRKR.jpg,Mee siam,all,near_duplicate,e3d23b1835353467
"../../foodsg-233_cleaned/Mee siam, fried/TEN050U3JJALXS8G06CKJ72G.jpg","Mee siam, fried",all,near_duplicate,e3d23b1835353467
../../foodsg-233_cleaned/har cheong gai/P807JCZH8KY94S119SSG4K0W.jpg,har cheong gai,all,near_duplicate,e4b9f6ccc3439066
../../foodsg-233_cleaned/har cheong gai/3D7GM4JKRHVPEQDPX485YASA.jpg,har cheong gai,all,near_duplicate,e4b9f6ccc3439066
../../foodsg-233_cleaned/Duck Rice/A6E4OK1RTEZEBVQJ7STHRE71.jpg,Duck Rice,all,near_duplicate,e5a913b00dc2b7d3
../../foodsg-233_cleaned/Duck Rice/37GM6JNNW9XZO9N8WEWNTXWE.jpg,Duck Rice,all,near_duplicate,e5a913b00dc2b7d3
../../foodsg-233_cleaned/Mee siam/6NKAHA7CBTZQXFIRQ3NN7VFK.jpg,Mee siam,all,near_duplicate,e66e45f903811f9a
../../foodsg-233_cleaned/Mee siam/I2G0ACHUOPN58WUBI7D9P5QT.jpg,Mee siam,all,near_duplicate,e66e45f903811f9a
../../foodsg-233_cleaned/black pepper crab/5OXG4YYM5418Q1MO69U14H5G.jpg,black pepper crab,all,near_duplicate,eaa9a7a1d5507c61
../../foodsg-233_cleaned/chilli crab/UXUGIA5ASW91BP9R56I94K4N.jpg,chilli crab,all,near_duplicate,eaa9a7a1d5507c61
"../../foodsg-233_cleaned/Chap chye, Nonya/9958TGZSPU7Y7XPYQ9SAA8WK.jpg","Chap chye, Nonya",all,near_duplicate,ef8494269b93e1d8
../../foodsg-233_cleaned/mixed vegetables/W4DDT4RDLGFSPIU0908X1ER6.jpg,mixed vegetables,all,near_duplicate,ef8494269b93e1d8
../../foodsg-233_cleaned/Grapefruit/CJ50PRTIG9U9FVGP36JL378J.jpg,Grapefruit,all,near_duplicate,ef9dd46283111a37
../../foodsg-233_cleaned/Pomelo/10FCU5NV01TB8FN457JOFAQU.jpg,Pomelo,all,near_duplicate,ef9dd46283111a37
../../foodsg-233_cleaned/Mee bandung/GDBYIU09M8EAQ3BNAJHFLVG7.jpg,Mee bandung,all,near_duplicate,fb9c95bd99700530
../../foodsg-233_cleaned/Mee kuah/4PYTKF1S6BLSJ9OUWMX4XIQN.jpg,Mee kuah,all,near_duplicate,fb9c95bd99700530
../../foodsg-233_cleaned/Soto ayam/M6YYA5V1KHD6AGUD3X9M3707.jpg,Soto ayam,all,near_duplicate,fea9e087979e1890
../../foodsg-233_cleaned/Mee soto/JT16ZNYC2P27LJ1ID0UPY1L0.jpg,Mee soto,all,near_duplicate,fea9e087979e1890
../../foodsg-233_cleaned/CNY love letter/D0W8YTG4Q7YY1TVWSVCJ611S.jpg,CNY love letter,all,near_duplicate,fec08d4b584b5e0d
../../foodsg-233_cleaned/bak kwa/2HGGU49IFURLKP7MRYRLP0W9.jpg,bak kwa,all,near_duplicate,fec08d4b584b5e0d
../../foodsg-233_cleaned/chilli crab/VSM2H58SXYZGPMSG4WQ50Y5Y.jpg,chilli crab,all,near_duplicate,803b1f627aa748bd
../../foodsg-233_cleaned/Lor mee/A5JJKJ8V2R8DX30HIBEQ3O2R.jpg,Lor mee,all,near_duplicate,803d19fa5fa05787
../../foodsg-233_cleaned/cream soup/7I1JTCG0Q3YU0AAWB1LX2T2L.jpg,cream soup,all,near_duplicate,80516b5b76793966
../../foodsg-233_cleaned/Chinese fritters/YARGJIEXNNVPAM880AOBJIWT.jpg,Chinese fritters,all,near_duplicate,807d47d3326c7f60
../../foodsg-233_cleaned/Mee siam/KNFB7B844OZEXN8GFM2QTQ15.jpg,Mee siam,all,near_duplicate,80813f6f15bc5b8d
"../../foodsg-233_cleaned/Rice, with dakgalbi/55P08TMYDXJXIL2M5QZM16RL.jpg","Rice, with dakgalbi",all,near_duplicate,80851edee865977c
../../foodsg-233_cleaned/Nasi Ambeng/ZTSMZ5533WQ27R8HYT4R717K.jpg,Nasi Ambeng,all,near_duplicate,809c6839afeba0d7
"../../foodsg-233_cleaned/Bee hoon, soto/TDVMY2WIE6AXMFLAT6BRU3N5.jpg","Bee hoon, soto",all,near_duplicate,80aa87291f64dee7
../../foodsg-233_cleaned/beef noodle soup/UJJC4T6CI9MRH0YOT3WXVCEP.jpg,beef noodle soup,all,near_duplicate,80c04f0f3f3e9679
../../foodsg-233_cleaned/miso soup/YJ1QPXR3FGPLX73SGKRY4FH6.jpg,miso soup,all,near_duplicate,80c617a65e9f791c
../../foodsg-233_cleaned/bee hoon/XJX10DZQ1QY1HLKDZ9X7QJA8.jpg,bee hoon,all,near_duplicate,80cf87b53cdf0299
../../foodsg-233_cleaned/Mee soto/H4Q0FRJ8X4ZG7HQFH7EJV6IH.jpg,Mee soto,all,near_duplicate,80d02ff925ddb496
../../foodsg-233_cleaned/Mee siam/F05BPFW94K1QD98SLREY1IEY.jpg,Mee siam,all,near_duplicate,80dedc981c389b7b
../../foodsg-233_cleaned/Fried Noodles/1D9VY49Y1D4FBVNY3OTBL226.jpg,Fried Noodles,all,near_duplicate,80ff5ff42a0b64c2
../../foodsg-233_cleaned/bee hoon/R1YK11JB9O98P33UGDSEQFI4.jpg,bee hoon,all,near_duplicate,81be1f793c507271
../../foodsg-233_cleaned/Grapefruit/1NWG9ALX0I36V4IKXT9OU4QK.jpg,Grapefruit,all,near_duplicate,82627f2d53d261f4
../../foodsg-233_cleaned/Lontong with sayur lodeh/5WLUEQKXATHOPGJHUKDJS3ZR.jpg,Lontong with sayur lodeh,all,near_duplicate,8355485d0bb36b3e
../../foodsg-233_cleaned/cherries/KKNTXJY9FKW1ZYLJK4XSHJMH.jpg,cherries,all,near_duplicate,8359b6847ccb9837
"../../foodsg-233_cleaned/Bee hoon, soto/S0Z77PMN27R8ESQ9U6Z3XZXP.jpg","Bee hoon, soto",all,near_duplicate,83a2cf239ce3389d
../../foodsg-233_cleaned/green leafy vegetables/L06UN8HMRVGYQYXDTUFFBTKH.jpg,green leafy vegetables,all,near_duplicate,83e7d3ae26220ead
"../../foodsg-233_cleaned/Bee hoon, goreng/VQROY6JJCVGRGDJ0E87F3Z94.jpg","Bee hoon, goreng",all,near_duplicate,841859e6d279d7f0
../../foodsg-233_cleaned/Mee siam/1YSC5YQ77VSQ8SI0DYUSX89L.jpg,Mee siam,all,near_duplicate,844a1d617bab7e94
../../foodsg-233_cleaned/fried prawn/VVPSRSEM9B13F4IPQQBHJMHC.jpg,fried prawn,all,near_duplicate,8479b4a5aaac83be
../../foodsg-233_cleaned/rock melon/32P30Z1PHHWMZ2BJJSFOZM6M.jpg,rock melon,all,near_duplicate,84939f78b84e3167
../../foodsg-233_cleaned/honeydew/MAVIOZ729EK1T5AWHQNYHFPO.jpg,honeydew,all,near_duplicate,84939f78b84e3167
../../foodsg-233_cleaned/Mee soto/A0YE7G6YSNOWKPS4ZDWLYTGJ.jpg,Mee soto,all,near_duplicate,84a71ff079c72b14
../../foodsg-233_cleaned/Fish Ball Noodles/65G1K2BOEK9EFOPI1IX7LCWN.jpg,Fish Ball Noodles,all,near_duplicate,8508789ea39e9d79
../../foodsg-233_cleaned/chicken soup/XVEY4S5FIKM6YOANTKEH0BKG.jpg,chicken soup,all,near_duplicate,85353c267acf69c2
../../foodsg-233_cleaned/Ban Mian/P7P6OAVEDOFWO0MINSP6KL80.jpg,Ban Mian,all,near_duplicate,855e1f793e08187d
../../foodsg-233_cleaned/mee pok/KWSFD9BYVV0HL52XQBY72KLE.jpg,mee pok,all,near_duplicate,85603633d8ce3c9f
../../foodsg-233_cleaned/Bubble Milk Tea/KLI6QJXFPPVRCVU0B7LAYEBL.jpg,Bubble Milk Tea,all,near_duplicate,85924b3f9a691e69
../../foodsg-233_cleaned/whole oats/5NC4Y7ENBLC5VJ2UJVSTGZ3N.jpg,whole oats,all,near_duplicate,85c9e415e2ef1c2d
../../foodsg-233_cleaned/whole wheat/XT810X4Z3WE10UGTDNJLEQY6.jpg,whole wheat,all,near_duplicate,85c9e415e2ef1c2d
../../foodsg-233_cleaned/lontong/5YEBP2SN11C9L3B6SPK05M66.jpg,lontong,all,near_duplicate,85e73eada990c263
../../foodsg-233_cleaned/rambutan/TJOG0OP5TOCB5DH1HK8578S8.jpg,rambutan,all,near_duplicate,866961339066d3fb
../../foodsg-233_cleaned/mee pok/A2XT7N6SEO26B0JJ0KL9ZYJK.jpg,mee pok,all,near_duplicate,86dd09863bcb27b1
../../foodsg-233_cleaned/cream soup/UD5QHBCYIG6I0V9JX2F1NBMS.jpg,cream soup,all,near_duplicate,86e63505dc1c6fc3
../../foodsg-233_cleaned/Mee siam/MA16J1XAX9GLJVRFKJSL12JX.jpg,Mee siam,all,near_duplicate,871c6e316a3f60cd
../../foodsg-233_cleaned/Seafood Noodles Soup/B4JYZ9BODL45XD0GHHJZQ0V7.jpg,Seafood Noodles Soup,all,near_duplicate,87a900343fd16ddb
../../foodsg-233_cleaned/Seafood Noodles Soup/OTMJG5XMKYPX2WHEAYSP1F2Y.jpg,Seafood Noodles Soup,all,near_duplicate,87c71c0351ee7372
../../foodsg-233_cleaned/vegetarian bee hoon/T01R44B3BYBHZ2XHSXZ20FP5.jpg,vegetarian bee hoon,all,near_duplicate,88481efe36a1273f
../../foodsg-233_cleaned/Seafood Noodles Soup/M5YG81CUDZZFPMN7UHTZGN97.jpg,Seafood Noodles Soup,all,near_duplicate,89943659796f712c
../../foodsg-233_cleaned/vegetarian bee hoon/3QJZRRGWLPSLCOKTR3931HRY.jpg,vegetarian bee hoon,all,near_duplicate,89d23a87711276fa
../../foodsg-233_cleaned/Ban Mian/XXHMABKDMGOM41DLN38NTJXD.jpg,Ban Mian,all,near_duplicate,89ea51d61ea9719c
../../foodsg-233_cleaned/Mee soto/F25C8Y9G24W4K4V4OZT4XFDX.jpg,Mee soto,all,near_duplicate,89f30e223f727067
../../foodsg-233_cleaned/mee pok/WHNRF9R11K9Q7KETH11GJQMP.jpg,mee pok,all,near_duplicate,8a826fbc3ae1e196
"../../foodsg-233_cleaned/Bee hoon, goreng/US7GVJEK9ON36OY2VLS0SHZ6.jpg","Bee hoon, goreng",all,near_duplicate,8a859d2c33d12fd3
../../foodsg-233_cleaned/cream soup/P7ZWCXM5AK309F80OR1RMDXY.jpg,cream soup,all,near_duplicate,8b6ebc156472266b
../../foodsg-233_cleaned/honeydew/KKWIH8BPJDF605ZKKESRXZO0.jpg,honeydew,all,near_duplicate,8bb33f866442a75c
../../foodsg-233_cleaned/kueh lapis baked/5TFRW40HWSW3GKIVFQRQFW24.jpg,kueh lapis baked,all,near_duplicate,8bc47595aa5dcb60
../../foodsg-233_cleaned/Nasi Ambeng/C1IIY8KS43CSR1INRZ6SXMGJ.jpg,Nasi Ambeng,all,near_duplicate,8c5a2bb3f17914e1
../../foodsg-233_cleaned/bee hoon/48FFN4I6RJWGHZ8UI2A7YK99.jpg,bee hoon,all,near_duplicate,8cca7bb73c395228
../../foodsg-233_cleaned/Mee soto/W1K9CB2B0XEKTRWDMTUOWKAA.jpg,Mee soto,all,near_duplicate,8de1b6869b8e9998
../../foodsg-233_cleaned/Mee goreng/8AFRXJFRWGJJ8LBFQ7D620P5.jpg,Mee goreng,all,near_duplicate,8de1b6869b8e9998
../../foodsg-233_cleaned/Dumpling noodle soup/OMXQMX7Y122WBJQPWZ1IMBGJ.jpg,Dumpling noodle soup,all,near_duplicate,8e8555832b2f2caf
../../foodsg-233_cleaned/cream soup/CJLGHGWPQMLQSIVTDP07WACL.jpg,cream soup,all,near_duplicate,8ed64dd980662f8b
"../../foodsg-233_cleaned/Bee hoon, soto/D1IOVCCMQ06OSTMZ5CUSV5L6.jpg","Bee hoon, soto",all,near_duplicate,8ef1ec42c493d399
../../foodsg-233_cleaned/Soto ayam/XM136EJF8JOZGXB7JSXP5I2K.jpg,Soto ayam,all,near_duplicate,8ef1ec42c493d399
../../foodsg-233_cleaned/whole wheat/SKWF0AC6YTK09ZLHUR39YP10.jpg,whole wheat,all,near_duplicate,8f0f2eb1dc23309d
"../../foodsg-233_cleaned/Rice, korean bulgogi beef/C6N54VXJGEO29923RSCORFFH.jpg","Rice, korean bulgogi beef",all,near_duplicate,8f3273cd9c1c30cb
../../foodsg-233_cleaned/whole wheat/B19HRROVCX2E0ZNKS9AS4FER.jpg,whole wheat,all,near_duplicate,8f8705151f8d2dad
"../../foodsg-233_cleaned/Bee hoon, goreng/49RA7HNYOEL68CG1QIMK9IPY.jpg","Bee hoon, goreng",all,near_duplicate,90125f7b63abc45c
../../foodsg-233_cleaned/Lontong with sayur lodeh/SLY3PAFENEV41425ZV6ZBPZG.jpg,Lontong with sayur lodeh,all,near_duplicate,907a4d2d47381ef5
../../foodsg-233_cleaned/Mee rebus/LZBIEQ1EX1D7EU7B3CEPKRJ8.jpg,Mee rebus,all,near_duplicate,90e441329fcfce1e
../../foodsg-233_cleaned/char siew pau/FCPSPMVTY943IW06RKAEXOJS.jpg,char siew pau,all,near_duplicate,913915bc1fc54ee4
"../../foodsg-233_cleaned/Mee siam, fried/OBTSEZISY15M7E9K2B9FUSA1.jpg","Mee siam, fried",all,near_duplicate,91873bb1fa84607e
../../foodsg-233_cleaned/bee hoon/5CQ0GXAIYKO2JTP9RKH2AVLM.jpg,bee hoon,all,near_duplicate,91c14f876b1a9c79
../../foodsg-233_cleaned/Mee soto/63S9WPRKAV44ZJKQIKQC26QK.jpg,Mee soto,all,near_duplicate,91c14f876b1a9c79
../../foodsg-233_cleaned/hokkien prawn mee/82TT94G027NHY3TZ2KJ3WFJJ.jpg,hokkien prawn mee,all,near_duplicate,91ed94c08f0759af
../../foodsg-233_cleaned/pig organ soup/BWU1HRXPLIFAKUWFQ1ZJKAD9.jpg,pig organ soup,all,near_duplicate,925c550d423e0f7f
../../foodsg-233_cleaned/strawberry/E2X7O9KHA4UN3W75KRHU32OT.jpg,strawberry,all,near_duplicate,92b636a528a2be9e
../../foodsg-233_cleaned/Pomelo/OZR4QW6VOKN9S31KZF7Y2FTZ.jpg,Pomelo,all,near_duplicate,9333db18c0e0ffe0
../../foodsg-233_cleaned/blueberries/60YGI15QOA9Q6PBJNMB6S5U0.jpg,blueberries,all,near_duplicate,935ec4288aa5adf6
../../foodsg-233_cleaned/Sweets/SUEKYEU5XEI376PFOGF7Q12P.jpg,Sweets,all,near_duplicate,935ec4288aa5adf6
../../foodsg-233_cleaned/Udon/MCGB66OVCGWIB8TRQXMRZA3R.jpg,Udon,all,near_duplicate,9380aca47a7fa0fc
"../../foodsg-233_cleaned/Bee hoon, soto/OABEYK4IQYPLRMIK93SZ6AW0.jpg","Bee hoon, soto",all,near_duplicate,93a0327d82ca2f3f
../../foodsg-233_cleaned/Lontong with sayur lodeh/Q3J7X7VS5BRUAJABMGLSHXOF.jpg,Lontong with sayur lodeh,all,near_duplicate,94314bcf55664a6b
../../foodsg-233_cleaned/Seafood Noodles Soup/TJ52PPU72HAVYY0SAA7VB4AG.jpg,Seafood Noodles Soup,all,near_duplicate,946a5aad693235a7
"../../foodsg-233_cleaned/Bee hoon, soto/04DZ3NJ3LRKOD1C9HUF3I5KA.jpg","Bee hoon, soto",all,near_duplicate,94884b951e163f3f
../../foodsg-233_cleaned/bee hoon/YNT38CFWV25YVANLOKRMGK4E.jpg,bee hoon,all,near_duplicate,948f5a391e9c6578
../../foodsg-233_cleaned/whole grain bread/1IYPUS2C70EK25AEO3R9HV1B.jpg,whole grain bread,all,near_duplicate,94abd94d4fb48343
../../foodsg-233_cleaned/whole wheat/CNYD14VMT5USCE97DQHCFLLX.jpg,whole wheat,all,near_duplicate,94abd94d4fb48343
../../foodsg-233_cleaned/Seafood Noodles Soup/H9SAP8OE5VNSA0YOD5VD0J3Q.jpg,Seafood Noodles Soup,all,near_duplicate,94b3dbc11e3a4ea4
../../foodsg-233_cleaned/whole wheat/B8C1YKGGKGLEPVQHZNKJZJEV.jpg,whole wheat,all,near_duplicate,94b437b4c0cfcb2c
../../foodsg-233_cleaned/bee hoon/WMVE0CB1W6LIVDYBVP3L7ULO.jpg,bee hoon,all,near_duplicate,94bd5dd527944b41
../../foodsg-233_cleaned/hokkien prawn mee/KT0O1GWVLTCJEIGJMXYR2810.jpg,hokkien prawn mee,all,near_duplicate,94cd689269e7273c
../../foodsg-233_cleaned/vegetarian bee hoon/KORI7BGT3N27NK3E0NGTYLZX.jpg,vegetarian bee hoon,all,near_duplicate,94d1da535d3cb542
../../foodsg-233_cleaned/green leafy vegetables/GYI7VQH5D1Q2KMRTDKR0A7PZ.jpg,green leafy vegetables,all,near_duplicate,94d2c30fcb1e9e0d
../../foodsg-233_cleaned/vegetarian bee hoon/WY8G7AOSXT2OL6PV8GDAFB6D.jpg,vegetarian bee hoon,all,near_duplicate,94d83aa86c34ef2b
../../foodsg-233_cleaned/vegetarian bee hoon/PSBDDWYA7RWEKS5485V5QXEA.jpg,vegetarian bee hoon,all,near_duplicate,95701a293a8379bf
../../foodsg-233_cleaned/passion fruit/JJWLEHIKWS14A1OIVVTW72R3.jpg,passion fruit,all,near_duplicate,957445e20b6b3bc9
../../foodsg-233_cleaned/Mee siam/70T1QD6820JBG4MJ9D7PGR5U.jpg,Mee siam,all,near_duplicate,95844e3d3bc22d8f
../../foodsg-233_cleaned/kueh lapis - rainbow/2GF0F9IQABH9EN3K9P7U6KBU.jpg,kueh lapis - rainbow,all,near_duplicate,95b74af41d621c4d
../../foodsg-233_cleaned/pasta - fettuccine/IJKK0PU2JT7MDYKAHH9TKHRA.jpg,pasta - fettuccine,all,near_duplicate,95bd7a8260e7c61a
../../foodsg-233_cleaned/vegetarian bee hoon/M0G0LSKYE2N5V1WYE4Q2KSQB.jpg,vegetarian bee hoon,all,near_duplicate,95c95a076b1d6d94
../../foodsg-233_cleaned/Pomelo/L2SVA2T4HFZY89ELMYBKCMZ8.jpg,Pomelo,all,near_duplicate,95c96019886ebb7d
../../foodsg-233_cleaned/Nasi Ambeng/0434FBD7DGMDWABS9AQ0K727.jpg,Nasi Ambeng,all,near_duplicate,966f539023da6b34
"../../foodsg-233_cleaned/Bee hoon, soto/EGJNL78N6SLWZ54WJLKP8L1L.jpg","Bee hoon, soto",all,near_duplicate,9726229d494e297f
../../foodsg-233_cleaned/vegetarian bee hoon/X5963RTNCHMXAXQIXPE0JEI6.jpg,vegetarian bee hoon,all,near_duplicate,97d794534e4f181a
../../foodsg-233_cleaned/Mee soto/I02SBXJ80969D9UUTJ7NOI1X.jpg,Mee soto,all,near_duplicate,97ff80f6801bc70a
"../../foodsg-233_cleaned/Rice, with dakgalbi/XDSSNSHYXIMIMVJGNSZC3EYZ.jpg","Rice, with dakgalbi",all,near_duplicate,98a3e593922d5bc6
../../foodsg-233_cleaned/Fried Noodles/IZ6BAJ5DC01NN486M9YBREOZ.jpg,Fried Noodles,all,near_duplicate,98db13d07fe8c0e4
../../foodsg-233_cleaned/spring rolls/70E8A8954P19UEK5080291CI.jpg,spring rolls,all,near_duplicate,99c080b6c5f9aeba
"../../foodsg-233_cleaned/Bee hoon, goreng/GUD4VUE014QJ7USS8P22SMWG.jpg","Bee hoon, goreng",all,near_duplicate,99e3e619192ee037
../../foodsg-233_cleaned/vegetarian bee hoon/YT7DLQ6Y31IBQY2ZQFOG0VT0.jpg,vegetarian bee hoon,all,near_duplicate,9a1958ee24e707f4
../../foodsg-233_cleaned/whole wheat/DZUNJO2QKN3SK4G8DNGSZA27.jpg,whole wheat,all,near_duplicate,9a74365329ff409a
../../foodsg-233_cleaned/cooked brown rice/A4TFFRZHB9G7I5Z7G9EXDFR7.jpg,cooked brown rice,all,near_duplicate,9a844e85589ef979
../../foodsg-233_cleaned/Mee siam/8W1YBY4HMCTJI2JKEFLHLBP2.jpg,Mee siam,all,near_duplicate,9ac3656c3f303867
../../foodsg-233_cleaned/har cheong gai/Y669OAQLM7OJ68AXSAXNEWXZ.jpg,har cheong gai,all,near_duplicate,9adf69ac84b6e043
../../foodsg-233_cleaned/Seafood Noodles Soup/6GPAFWAQDN9XFCQQOWLTZN1E.jpg,Seafood Noodles Soup,all,near_duplicate,9ae371cca6936616
../../foodsg-233_cleaned/vegetarian bee hoon/ALDSK4ORRLYWSD3CSZSRJAQA.jpg,vegetarian bee hoon,all,near_duplicate,9b13927faf781c08
../../foodsg-233_cleaned/whole wheat/X691JT9R6XVV78EHQLZ942N1.jpg,whole wheat,all,near_duplicate,9b355dd25232b392
../../foodsg-233_cleaned/lontong/BBYPQCT13XOZK5CHN2SG1F6R.jpg,lontong,all,near_duplicate,9b793ae624a6a199
../../foodsg-233_cleaned/ice kacang/ID8GM9QC02K9504WJ9546XR7.jpg,ice kacang,all,near_duplicate,9bbdb5c6cf890181
../../foodsg-233_cleaned/Soto ayam/5LWBJPJ64LNUS6RSVHUDBNZT.jpg,Soto ayam,all,near_duplicate,9ca4e106818fc77f
../../foodsg-233_cleaned/char siew pau/WM7UEALWN95VT989BXWGN9SY.jpg,char siew pau,all,near_duplicate,9cd76780e2a861db
../../foodsg-233_cleaned/Mee soto/CTKIA12YH8H7E6M5W0KZX4BL.jpg,Mee soto,all,near_duplicate,9dc62936cb81d974
../../foodsg-233_cleaned/bee hoon/MQA5O0NMF6SR8RQALMX30JWF.jpg,bee hoon,all,near_duplicate,9ec8386eb72ae229
../../foodsg-233_cleaned/Mee goreng/JY9EMKXPAY9TIXZXNH1739G4.jpg,Mee goreng,all,near_duplicate,9ed6a468de6d5910
../../foodsg-233_cleaned/chicken soup/1J7IIBO3LMKW0V6484FYF6Y7.jpg,chicken soup,all,near_duplicate,9f0f7016611853f7
../../foodsg-233_cleaned/Seafood Noodles Soup/2CVRF9ZINJLLRIVNLBVUIZDJ.jpg,Seafood Noodles Soup,all,near_duplicate,9f9900ee4e909bc7
../../foodsg-233_cleaned/chilli crab/D7UVTW5VV7QCHDJ0YI31Q6ED.jpg,chilli crab,all,near_duplicate,9f9900ee4e909bc7
../../foodsg-233_cleaned/mee pok/JR5XQ772QEX73O7NIYGN3S39.jpg,mee pok,all,near_duplicate,9fac790507169d1e
../../foodsg-233_cleaned/bee hoon/RW3NA3HMNAFD0WZ6L5Q1HVRE.jpg,bee hoon,all,near_duplicate,9fb9e0f6309c6066
../../foodsg-233_cleaned/lontong/ZFGVXGNELQBI0H6IB6BWZC5M.jpg,lontong,all,near_duplicate,a0551d25723f4be3
../../foodsg-233_cleaned/Mee soto/QPA81PCS7DG6OHOTK6R6XVSU.jpg,Mee soto,all,near_duplicate,a072971f5c4e989d
../../foodsg-233_cleaned/Pomelo/S7JSQFU282H7S82VL3M4NVZT.jpg,Pomelo,all,near_duplicate,a0c79d6862bec738
../../foodsg-233_cleaned/Seafood Noodles Soup/KHH7W6QDWODXY5XA5QP3XG9V.jpg,Seafood Noodles Soup,all,near_duplicate,a11cdff9d0a1d066
../../foodsg-233_cleaned/Indian Prata/TVUA1AO0QANVBM2NS5R9IU3L.jpg,Indian Prata,all,near_duplicate,a16a853cdfe055a5
../../foodsg-233_cleaned/bee hoon/W50FMV51P5085JTOAQLJGTVX.jpg,bee hoon,all,near_duplicate,a1a3354f54f198d5
../../foodsg-233_cleaned/Soto ayam/KK02OF79YT5QUH4UGDHQMQ8F.jpg,Soto ayam,all,near_duplicate,a1aa94e36eccce85
../../foodsg-233_cleaned/Fried Noodles/O6DY2TZE47WJ5GZU5ZI904TH.jpg,Fried Noodles,all,near_duplicate,a1b636b09bdbc9c0
../../foodsg-233_cleaned/Kway Teow/IKNPQZYLA7XJ5R342Q1BWQIK.jpg,Kway Teow,all,near_duplicate,a1b636b09bdbc9c0
../../foodsg-233_cleaned/mushroom soup/WMG42FI3MYHRUWZJ0CNSPT6O.jpg,mushroom soup,all,near_duplicate,a1c03797d072729f
../../foodsg-233_cleaned/honeydew/OMEW7YQS3SGGZU1OMN69REO5.jpg,honeydew,all,near_duplicate,a24d7f22b55ac82d
"../../foodsg-233_cleaned/Bee hoon, soto/0VOBTPB439IJ94EVBF4SO413.jpg","Bee hoon, soto",all,near_duplicate,a2b2bb51d88a4d5d
"../../foodsg-233_cleaned/Bee hoon, goreng/R8CDVR6X54LLMC0B1JVNI29Y.jpg","Bee hoon, goreng",all,near_duplicate,a2e7c47343a48d8f
../../foodsg-233_cleaned/vegetarian bee hoon/3DRG6UAC9RXZ89UYVPMBMZZM.jpg,vegetarian bee hoon,all,near_duplicate,a2fe0b9975265523
../../foodsg-233_cleaned/mushroom soup/HIBTOYJ3MDCWFJ1O7X2MWXG3.jpg,mushroom soup,all,near_duplicate,a39adce5d0522bcc
../../foodsg-233_cleaned/char siew pau/I0C94YIRQC2CDN9LNEO797TL.jpg,char siew pau,all,near_duplicate,a3ded229680f7592
../../foodsg-233_cleaned/kebab - chicken/DZG8MFKML1IB7XF1X7RPD01B.jpg,kebab - chicken,all,near_duplicate,a43dc3b21f608fc5
"../../foodsg-233_cleaned/Bee hoon, soto/HUC8YD49REL03T4NC5U7C6BS.jpg","Bee hoon, soto",all,near_duplicate,a4b212b46bd13ccf
"../../foodsg-233_cleaned/Rice, korean bulgogi beef/3HGGYDF8INQ9G8E38ZTZLK1J.jpg","Rice, korean bulgogi beef",all,near_duplicate,a4d557224a9f1f29
"../../foodsg-233_cleaned/Rice, with dakgalbi/PMFVT801S5QEHPWOFMVHHKN2.jpg","Rice, with dakgalbi",all,near_duplicate,a4d557224a9f1f29
../../foodsg-233_cleaned/satay bee hoon/Q17SWJQCBQF0IK0RT4HXCBFG.jpg,satay bee hoon,all,near_duplicate,a570cedb18033ea7
../../foodsg-233_cleaned/Barley/XOD46OE2TVAN2SQ9CVFBYRYU.jpg,Barley,all,near_duplicate,a570cedb18033ea7
../../foodsg-233_cleaned/bee hoon/DBQ51DD630O1P8ZH056RMFP6.jpg,bee hoon,all,near_duplicate,a59656504acb4fab
../../foodsg-233_cleaned/whole oats/UHEUZ7CTTD7X4M2B9J561SUJ.jpg,whole oats,all,near_duplicate,a5b931de4ec021cf
../../foodsg-233_cleaned/Seafood Noodles Soup/T0R2OLT8RQDVO8ECBLPZV0DU.jpg,Seafood Noodles Soup,all,near_duplicate,a637bdc0d0d1c28f
../../foodsg-233_cleaned/fried prawn/BJD3Y3K94UA6NG0HPHKPDYSF.jpg,fried prawn,all,near_duplicate,a66d7bc808c7d1d8
../../foodsg-233_cleaned/whole wheat/3HIUW5OQ01WXX5F3V9PO7V0C.jpg,whole wheat,all,near_duplicate,a6c6a47956a9e994
../../foodsg-233_cleaned/kway chap/ICKXOU3LFG3Z4AJAGMGOCJS2.jpg,kway chap,all,near_duplicate,a6f11e70f9e042e6
../../foodsg-233_cleaned/Soto ayam/ZUJT54YU5UX89ZKKDZ1D1L0A.jpg,Soto ayam,all,near_duplicate,a7c09a37f52cd390
../../foodsg-233_cleaned/Seafood Noodles Soup/DL7ROIHJGZZ7AZFAR3OWZJM6.jpg,Seafood Noodles Soup,all,near_duplicate,a7f0f887d0c4493e
"../../foodsg-233_cleaned/Bee hoon, soto/UFGE8UAD0TNWSUWT5YLIDTVZ.jpg","Bee hoon, soto",all,near_duplicate,a81c94f24be7c794
../../foodsg-233_cleaned/mee pok/O2JSNTKF56M1G0AJRXAN312Z.jpg,mee pok,all,near_duplicate,a847c14a6d2af5f4
"../../foodsg-233_cleaned/Bee hoon, goreng/SCXWIFUA5Z168E1ESDHZFH9Q.jpg","Bee hoon, goreng",all,near_duplicate,a88fe087833d94f5
../../foodsg-233_cleaned/cereal prawns/LMOKB1FUFTWXE3XGO5G9TITL.jpg,cereal prawns,all,near_duplicate,a895855edb619a63
../../foodsg-233_cleaned/fried prawn/Y6OQ9Q3ZUR0PNHR8XSBBOAYL.jpg,fried prawn,all,near_duplicate,a895855edb619a63
../../foodsg-233_cleaned/Chinese fritters/HWBCD9PIMRFC0GLN9IO52S97.jpg,Chinese fritters,all,near_duplicate,a8a1fe9d05ce93a4
../../foodsg-233_cleaned/Prawn Noodle/KOZ0EQLNUQG40A7FLGP3KJ7P.jpg,Prawn Noodle,all,near_duplicate,a8a7b418d9dacd68
../../foodsg-233_cleaned/pineapple tarts/Y6R0C0PVFYSFHWFG0FD61K6I.jpg,pineapple tarts,all,near_duplicate,a8d727cb308b207f
../../foodsg-233_cleaned/Soto ayam/DVKDAU4CCD14GKD6H4YZ7PHV.jpg,Soto ayam,all,near_duplicate,a9856e46646dd175
../../foodsg-233_cleaned/wholegrain pasta/F3MNMUUGIGKFXCDWMXM6KSNY.jpg,wholegrain pasta,all,near_duplicate,aa28d5f44ae868f5
../../foodsg-233_cleaned/Fried Noodles/SJYCU740KMSM708WIPLDQYLC.jpg,Fried Noodles,all,near_duplicate,aa28d5f44ae868f5
../../foodsg-233_cleaned/lontong/1T8LWBYV7VS035VKOOVNWEHP.jpg,lontong,all,near_duplicate,aa5b31081636fb3b
../../foodsg-233_cleaned/bak chor mee/A8VBGS3N4IKUM2CRQJN51AUM.jpg,bak chor mee,all,near_duplicate,aa708561d2979fcc
../../foodsg-233_cleaned/chai tow kuay/OHH5M21ROUABH4BV1CBKAXCH.jpg,chai tow kuay,all,near_duplicate,aa9587d69942ed29
../../foodsg-233_cleaned/hokkien prawn mee/QQDW76YU7LI7RPCX00KUDLF5.jpg,hokkien prawn mee,all,near_duplicate,aa95bd8ac391b41e
../../foodsg-233_cleaned/Mee soto/7HUQF16STPJUSVQNONPKPJAL.jpg,Mee soto,all,near_duplicate,aaad8c949bd333c1
../../foodsg-233_cleaned/vegetable soup/SN662Y2T0LDFLZNJ3SPMS3S9.jpg,vegetable soup,all,near_duplicate,aac0858f97169e1f
../../foodsg-233_cleaned/dumpling/V1ZT3Y8B0UH542ST7LGZOB54.jpg,dumpling,all,near_duplicate,aacbd11f84b51f84
../../foodsg-233_cleaned/mee pok/8AKTIYVMUC6EF9EENQLCY0NM.jpg,mee pok,all,near_duplicate,aadac005b7e8896f
../../foodsg-233_cleaned/vegetarian bee hoon/Q06WOY9WKB93P0UJYFPX5R89.jpg,vegetarian bee hoon,all,near_duplicate,aade95e150c8cf85
../../foodsg-233_cleaned/Soto ayam/EAZ3CE1QP6LIBEQHOTPOCY76.jpg,Soto ayam,all,near_duplicate,aade95e150c8cf85
../../foodsg-233_cleaned/Mee kuah/AG89PXRN9XD4479FYFIRQSS1.jpg,Mee kuah,all,near_duplicate,aae494995b706fc4
../../foodsg-233_cleaned/hokkien prawn mee/AFXS9D0GNBK40FS3YZ70OEYY.jpg,hokkien prawn mee,all,near_duplicate,aae9e9c5a4939bc0
../../foodsg-233_cleaned/meatball/UAILXVYN2EDI7XLDGHC2LOLX.jpg,meatball,all,near_duplicate,aaea7bc2b2c3892a
../../foodsg-233_cleaned/hokkien prawn mee/XBXPTXWY2BIAK3Q14W0KECB6.jpg,hokkien prawn mee,all,near_duplicate,ab18b5cfb0a6a22d
../../foodsg-233_cleaned/sliced fish soup/5SVQA747K4DTEQMPAOVK4NAU.jpg,sliced fish soup,all,near_duplicate,ab43218bd1cdee34
../../foodsg-233_cleaned/rojak/ZCDUU28AOBFXEVF4M19WWT0H.jpg,rojak,all,near_duplicate,ab82ac93fdc08fc8
../../foodsg-233_cleaned/vegetarian bee hoon/X1RUYNP20VD66RWV60INYU7U.jpg,vegetarian bee hoon,all,near_duplicate,ab91f59dd452c458
../../foodsg-233_cleaned/bee hoon/3JIYY9N69Q9NJ01CC06XFV3V.jpg,bee hoon,all,near_duplicate,ab98650ca6363c7b
../../foodsg-233_cleaned/Soft boiled eggs/R66VIIYQNFUNNFA3PLZBH1HT.jpg,Soft boiled eggs,all,near_duplicate,aba5bc58108f96c7
../../foodsg-233_cleaned/kaya toast/SP9O5DB45LSFIMUM1RUHZ7FZ.jpg,kaya toast,all,near_duplicate,aba5bc58108f96c7
"../../foodsg-233_cleaned/Mee siam, fried/2EJGHBG9NUEAXCFMBBBO7F4R.jpg","Mee siam, fried",all,near_duplicate,abddf408d168c07b
../../foodsg-233_cleaned/bee hoon/KYVAOVVR3ZBJH1EQZNCVPSJG.jpg,bee hoon,all,near_duplicate,abf0851fc632922f
../../foodsg-233_cleaned/bak chor mee/PIG65CDC1NEQTLY38WIO05TR.jpg,bak chor mee,all,near_duplicate,ac190f1d9c7ab872
../../foodsg-233_cleaned/char siew pau/IEUPUVWH4QZNFD6W7QWSRZ5F.jpg,char siew pau,all,near_duplicate,ac2f60b827859d5d
../../foodsg-233_cleaned/Udon/LA170W0V49MWVEY4YMKL3AR2.jpg,Udon,all,near_duplicate,ac92f4c5c71e487c
../../foodsg-233_cleaned/Mee siam/CYDV6P54J5GAS1L2NLT6VIT1.jpg,Mee siam,all,near_duplicate,ac9b836db8e29196
"../../foodsg-233_cleaned/Bee hoon, soto/ZEUG8LAK2Q2QTJOEXIXOXJV2.jpg","Bee hoon, soto",all,near_duplicate,acb2d4404b27ddec
../../foodsg-233_cleaned/kaya toast/2DXPP0M5GLFQ85E1829W0VMQ.jpg,kaya toast,all,near_duplicate,acc34b39c7343c93
../../foodsg-233_cleaned/Kopi Teh Milo/RPTX3FU91N513WF883BA5OIV.jpg,Kopi Teh Milo,all,near_duplicate,acc34b39c7343c93
../../foodsg-233_cleaned/lontong/GJZE6BMDAQK4OKIYQ1CNMKTQ.jpg,lontong,all,near_duplicate,acdad159db648e28
../../foodsg-233_cleaned/Pung Kueh/6NXU6ZD62C0G6PNXTJYDBV5O.jpg,Pung Kueh,all,near_duplicate,ace4eca96c69cc91
../../foodsg-233_cleaned/kueh lapis - rainbow/JQBMQ6IOT1OCDHKZKZXYPQ1X.jpg,kueh lapis - rainbow,all,near_duplicate,ace4eca96c69cc91
"../../foodsg-233_cleaned/Mee siam, fried/5MQRDNLBK3PHF2S48STQOL17.jpg","Mee siam, fried",all,near_duplicate,aceee35994720e29
../../foodsg-233_cleaned/lontong/X7B1EYYOE4U4E0DM55JVVMR9.jpg,lontong,all,near_duplicate,ad44c5864b167abb
../../foodsg-233_cleaned/vegetarian bee hoon/PDKZW295VMZJVGDXWI1RZNG6.jpg,vegetarian bee hoon,all,near_duplicate,ad4b144a1a2d7b75
../../foodsg-233_cleaned/orange/1G2JX3NS000AGX5KZKVL73F2.jpg,orange,all,near_duplicate,ad839af8c04739dc
../../foodsg-233_cleaned/Chinese fritters/LISRWC0L34X0Q71JNY0P83T8.jpg,Chinese fritters,all,near_duplicate,adbed230c0e689f2
../../foodsg-233_cleaned/Macaroni/QVO11A4U3B39O73QDMZ51915.jpg,Macaroni,all,near_duplicate,add0881fb6de106b
../../foodsg-233_cleaned/Mee rebus/ZVIEEF0195SLP8ND9VONOXXT.jpg,Mee rebus,all,near_duplicate,add1cea4d1c5508f
"../../foodsg-233_cleaned/Bee hoon, goreng/1OV1TY4LF6309F72H1J9SW0I.jpg","Bee hoon, goreng",all,near_duplicate,ae04947c5e6d65e4
../../foodsg-233_cleaned/Soto ayam/GAD3F71XENJIY1C331ML4G3D.jpg,Soto ayam,all,near_duplicate,ae4505ea4f446e8f
"../../foodsg-233_cleaned/Wanton mee, dry/UCZD5HHC87RQJDNRW7T8C9ZT.jpg","Wanton mee, dry",all,near_duplicate,ae71a19ac54d9659
../../foodsg-233_cleaned/cream soup/HOO6GPT8DUVXL8QBLW2U4EEJ.jpg,cream soup,all,near_duplicate,ae8ee17cd2c0c8cb
../../foodsg-233_cleaned/Macaroni/3SRIDGHNFGHV5FYV9VU8MEW2.jpg,Macaroni,all,near_duplicate,ae948b9478eae4d1
"../../foodsg-233_cleaned/Bee hoon, goreng/5F3IQDB97ZP3OKJS6EIUEVG4.jpg","Bee hoon, goreng",all,near_duplicate,ae94d04fd22d9b70
../../foodsg-233_cleaned/hokkien prawn mee/LSRL0UT24BZUMU3V7V32MUPG.jpg,hokkien prawn mee,all,near_duplicate,aea995d6c22ee12c
../../foodsg-233_cleaned/Chinese fritters/0LRUH7L6YIKX2UYRASHBF83V.jpg,Chinese fritters,all,near_duplicate,aeaece94aed89248
../../foodsg-233_cleaned/Mee siam/CQQHMKS8M4X8AZAUP0Z8EX69.jpg,Mee siam,all,near_duplicate,aeb9a5c4d266d829
../../foodsg-233_cleaned/Mee bandung/2H76WUJKVM7OE0NHWMLN4XHR.jpg,Mee bandung,all,near_duplicate,aec1d54e033bcf21
../../foodsg-233_cleaned/chicken soup/U62EQ87ZP2DBNSDWXQ88IO0W.jpg,chicken soup,all,near_duplicate,aed681d31ec86c33
"../../foodsg-233_cleaned/Bee hoon, soto/XBLA0ZM1XJI7K5ZAAKFIGBHS.jpg","Bee hoon, soto",all,near_duplicate,aee095a0ff83d503
../../foodsg-233_cleaned/Dumpling noodle soup/Q799LMUIGSKD0RWKKWFB3EFR.jpg,Dumpling noodle soup,all,near_duplicate,af2765d4909c989b
../../foodsg-233_cleaned/fried chicken/E3A1I98ZYMRZ9K6LFP0N9JMJ.jpg,fried chicken,all,near_duplicate,af3c103ea771422f
../../foodsg-233_cleaned/vegetarian bee hoon/V87GK270S9RJ70PCONN4WRWG.jpg,vegetarian bee hoon,all,near_duplicate,af84d49b916bd360
../../foodsg-233_cleaned/Pomelo/BBO48VX2SJNOTLC4RRHR5VFF.jpg,Pomelo,all,near_duplicate,af88a294d4d2eb9a
"../../foodsg-233_cleaned/Wanton mee, dry/C70MS1T42R1GS8KB6HLDR7XH.jpg","Wanton mee, dry",all,near_duplicate,af95d493709309ce
../../foodsg-233_cleaned/fried prawn/SY22FNA7JW2U0UK5TS2B1SJE.jpg,fried prawn,all,near_duplicate,afc0d44b833db50b
../../foodsg-233_cleaned/Wholegrain Wrap/WD7KWLO42KJMAIW5BZ7WMFA8.jpg,Wholegrain Wrap,all,near_duplicate,afc22b85b09ce7d0
"../../foodsg-233_cleaned/Mee siam, fried/6L545614TFX3R5MWC4VLXA62.jpg","Mee siam, fried",all,near_duplicate,afc600e0eff1f0d0
"../../foodsg-233_cleaned/Bee hoon, goreng/70L33FV0DNS78J8C25CFZCX2.jpg","Bee hoon, goreng",all,near_duplicate,afc600e0eff1f0d0
../../foodsg-233_cleaned/mee pok/ZK8VZIAQ5A864IKXZ88MWWHE.jpg,mee pok,all,near_duplicate,afe01fe3146f5068
../../foodsg-233_cleaned/Wholegrain Wrap/A6ONGM2ZXFS9HMAAJCCQQ9JM.jpg,Wholegrain Wrap,all,near_duplicate,aff584431de0ace2
../../foodsg-233_cleaned/canned Fruit salad/H7XEHQ1HQRDGNQZXSV87P82S.jpg,canned Fruit salad,all,near_duplicate,b01f92288f72eab3
../../foodsg-233_cleaned/pineapple/RU4AO9ECFNHBY79SHM57DXIX.jpg,pineapple,all,near_duplicate,b01f92288f72eab3
../../foodsg-233_cleaned/waffle/FKT8RYWE12VFBA197ONKGU7S.jpg,waffle,all,near_duplicate,b07149c45ffb1c94
../../foodsg-233_cleaned/Lontong with sayur lodeh/6E8BG0JP6139XS1QW84M88YV.jpg,Lontong with sayur lodeh,all,near_duplicate,b094cfc33135e3cc
../../foodsg-233_cleaned/Mee siam/R1JCQ6L93NPI0U9MIBAW6PKS.jpg,Mee siam,all,near_duplicate,b0969bb8d5d07ac4
../../foodsg-233_cleaned/Mee soto/V2YI5XXK6FNKUEBQPNIIVCNE.jpg,Mee soto,all,near_duplicate,b0df8d4e56629643
../../foodsg-233_cleaned/Lontong with sayur lodeh/I19FLEX3SSP6HBKYX5CHQDPL.jpg,Lontong with sayur lodeh,all,near_duplicate,b140998f7479cc7c
"../../foodsg-233_cleaned/Mee siam, fried/NXVZYNHQ1VMBA2ND8PA4X1NU.jpg","Mee siam, fried",all,near_duplicate,b1639714ccc364cf
../../foodsg-233_cleaned/kway chap/CD03RGU139B0MA45LQEPA8EH.jpg,kway chap,all,near_duplicate,b1829e6968d6659e
../../foodsg-233_cleaned/Soto ayam/KDU1G9A2B7T210YE7OM7DZ0C.jpg,Soto ayam,all,near_duplicate,b1d3432596d8cb3c
../../foodsg-233_cleaned/Lontong with sayur lodeh/AULNPUQHLBJFMJOSVG9QE1ID.jpg,Lontong with sayur lodeh,all,near_duplicate,b20d063c5f7b5a32
../../foodsg-233_cleaned/cream soup/L13WTVF1L30CSAN1IGPEA7I5.jpg,cream soup,all,near_duplicate,b2623fa3f2c6da10
../../foodsg-233_cleaned/Pomelo/MHFE27S55A59I8FNNASBZTAL.jpg,Pomelo,all,near_duplicate,b29ed9c98d7c2099
../../foodsg-233_cleaned/chwee kueh/ZHMUAA3NUR7KEVFR697BG6RJ.jpg,chwee kueh,all,near_duplicate,b2c15b6c9d889796
../../foodsg-233_cleaned/Seafood Noodles Soup/IV88U3YTH0GTSIDVALQ7F4F4.jpg,Seafood Noodles Soup,all,near_duplicate,b38cc3f434d1ca33
../../foodsg-233_cleaned/Seafood Noodles Soup/9VVKTWAYDL2IUT66XZZIZ2HI.jpg,Seafood Noodles Soup,all,near_duplicate,b3d5d3d0ad808e8b
"../../foodsg-233_cleaned/Bee hoon, goreng/HSQLEQI0EC82DRI7Z61DMO0Z.jpg","Bee hoon, goreng",all,near_duplicate,b41d9b7899a097a5
../../foodsg-233_cleaned/Seafood Noodles Soup/LSLMQ5F4MQHQJP3O20I5R07H.jpg,Seafood Noodles Soup,all,near_duplicate,b420d175cac6cf3a
../../foodsg-233_cleaned/lontong/UCCJ46LQOL9RUK1139724PL8.jpg,lontong,all,near_duplicate,b424071ef97a7869
../../foodsg-233_cleaned/Sweets/ZOHB2YE16C3L04K114GZCOVH.jpg,Sweets,all,near_duplicate,b439cf0d69cd3924
../../foodsg-233_cleaned/sliced fish soup/09Y35NM49KHF4C68T14ANFO3.jpg,sliced fish soup,all,near_duplicate,b43c7c7c78ca4989
"../../foodsg-233_cleaned/Miso ramen, with fishcake/1TE2UP5CHTNPLS4PZ6ZMTOW0.jpg","Miso ramen, with fishcake",all,near_duplicate,b43c7c7c78ca4989
../../foodsg-233_cleaned/Mee bandung/2S84IZULN0R8OOQQ9R818TEV.jpg,Mee bandung,all,near_duplicate,b4cec164923e4e79
../../foodsg-233_cleaned/Ban Mian/6WWFJFZPEAX42PMQ51ZT07XJ.jpg,Ban Mian,all,near_duplicate,b4d6323160da2fe9
../../foodsg-233_cleaned/tacos and nachos/ERLP229CO76ID5B9N6S90I6J.jpg,tacos and nachos,all,near_duplicate,b4e9e996d2198d25
../../foodsg-233_cleaned/Soto ayam/77R0KIXJOODI6DZY18M62T5V.jpg,Soto ayam,all,near_duplicate,b504da4bd23b4a1f
../../foodsg-233_cleaned/vegetarian bee hoon/SSGYE5JM28INEDKEZ0CXTTPB.jpg,vegetarian bee hoon,all,near_duplicate,b542c49bd14f456e
../../foodsg-233_cleaned/har cheong gai/XUY1UVD0L1RWOFUMA7QTKVXC.jpg,har cheong gai,all,near_duplicate,b5c0d04f6325dc1f
../../foodsg-233_cleaned/french fries/Y4UFYEQNAUHZTK66AJO73QMY.jpg,french fries,all,near_duplicate,b5caa75988c523d9
../../foodsg-233_cleaned/chai tow kuay/T2O6LRBNRJ7MCCE1EID5TI7U.jpg,chai tow kuay,all,near_duplicate,b5d5402d7e87d80e
../../foodsg-233_cleaned/vegetarian bee hoon/LE7B8YGOUMEUNLK50UJDXTTO.jpg,vegetarian bee hoon,all,near_duplicate,b5d5564bb0fe8824
../../foodsg-233_cleaned/Mee kuah/DHZ0SMHM537R1KRHALCEHOCS.jpg,Mee kuah,all,near_duplicate,b5d682709ff01cc3
../../foodsg-233_cleaned/cream soup/PQ49E4J0ETQLZ4LNJOI0UGR8.jpg,cream soup,all,near_duplicate,b636b43606273765
../../foodsg-233_cleaned/steamed buns/WAJ2RQUO5O85CPP8CAQR3L7L.jpg,steamed buns,all,near_duplicate,b6b06f2fb410d14e
../../foodsg-233_cleaned/Mee bandung/5FU9AS5IUF9MATX46VKV293M.jpg,Mee bandung,all,near_duplicate,b6b4d482e9474e0f
../../foodsg-233_cleaned/rock melon/64JTIWLEV96GJF3E34CSIJIV.jpg,rock melon,all,near_duplicate,b6f221a19e0f9d38
"../../foodsg-233_cleaned/Bee hoon, soto/NDWRHOPKY3MLPXHAMWBEJUD2.jpg","Bee hoon, soto",all,near_duplicate,b772e9e894815993
../../foodsg-233_cleaned/Mee bandung/8BEX1GG8HTCP3PH9D8JMM0A5.jpg,Mee bandung,all,near_duplicate,b796d3811f406f0e
../../foodsg-233_cleaned/Mee bandung/PSKO2B26JAVWFQN9BI0W16HY.jpg,Mee bandung,all,near_duplicate,b799d0656064c2f7
../../foodsg-233_cleaned/mee pok/8GBPZBHVYJNMQF97VTVRDO9V.jpg,mee pok,all,near_duplicate,b7c8e86785221fa5
../../foodsg-233_cleaned/chai tow kuay/2XIPJH2IW1TB1OEJZ1SMG1Y5.jpg,chai tow kuay,all,near_duplicate,b80fb57c893e92a1
../../foodsg-233_cleaned/hokkien prawn mee/E5ZLQK19DUQQGWKOU8U3DEF8.jpg,hokkien prawn mee,all,near_duplicate,b88f5e56406af2b4
../../foodsg-233_cleaned/hokkien prawn mee/ZUFD3P8NP3LR2CS9BG65UJKU.jpg,hokkien prawn mee,all,near_duplicate,b8eae18187653997
../../foodsg-233_cleaned/tacos and nachos/E2DMGB4KSCCOKF35Y1L4XWEY.jpg,tacos and nachos,all,near_duplicate,b90684b0c7da3adb
../../foodsg-233_cleaned/vegetarian bee hoon/E8CFQNQNG9X4Q11CIF34PAVR.jpg,vegetarian bee hoon,all,near_duplicate,b9c140f87af8703e
../../foodsg-233_cleaned/raspberry/TBXSZSGHV5HOPJM1WX58SPHY.jpg,raspberry,all,near_duplicate,b9e61ea07013abe5
../../foodsg-233_cleaned/Blackberry/3LPDWCR0ZT4J78PL7U8NUG55.jpg,Blackberry,all,near_duplicate,b9e61ea07013abe5
../../foodsg-233_cleaned/Ban Mian/66VQYGV1ARWXQ5AEZ9C95AG0.jpg,Ban Mian,all,near_duplicate,ba4b863d947ac2e8
../../foodsg-233_cleaned/strawberry/OL0PS5R8POU0FEA97JRN2X88.jpg,strawberry,all,near_duplicate,baafa53d9d308984
../../foodsg-233_cleaned/vegetarian bee hoon/EGYSSNHIBATK03RGQ5HW44WL.jpg,vegetarian bee hoon,all,near_duplicate,bab7e4d0812b866d
../../foodsg-233_cleaned/steamed buns/NQBJWA1ZQA7EEKYNJYYLB2FU.jpg,steamed buns,all,near_duplicate,bae00feca5cc3293
../../foodsg-233_cleaned/chai tow kuay/8F18ML1HMWDA85HEYS9N3KR7.jpg,chai tow kuay,all,near_duplicate,bae180c245877e3f
../../foodsg-233_cleaned/preserved fruit snacks/3FJSDJJXQWVME5VGPBZZL55I.jpg,preserved fruit snacks,all,near_duplicate,bb07907fc4994e98
../../foodsg-233_cleaned/har cheong gai/M9BI3JHU36OQYU55NBPFVU11.jpg,har cheong gai,all,near_duplicate,bb729fb1c5d8c048
../../foodsg-233_cleaned/assam pedas/KQRF2ORMLW484H7RTBFDF83W.jpg,assam pedas,all,near_duplicate,bb92b092f22abe38
../../foodsg-233_cleaned/Fruit juice/0M9UAUT51JNHCA8CKNSLRFMP.jpg,Fruit juice,all,near_duplicate,bb944e944863cf4d
../../foodsg-233_cleaned/vegetarian bee hoon/7METUZ5CR6M3ZJ8K7J1ZNUGQ.jpg,vegetarian bee hoon,all,near_duplicate,bba5e6c1a00dc53e
"../../foodsg-233_cleaned/Chap chye, Nonya/FV6CXMQ1JWFRQ44J9V409MQX.jpg","Chap chye, Nonya",all,near_duplicate,bbc0810dd76ed235
../../foodsg-233_cleaned/Mee bandung/HZWTWZU4N9WWQITGSYP729GZ.jpg,Mee bandung,all,near_duplicate,bbcec43092c6cf86
../../foodsg-233_cleaned/vegetarian bee hoon/7TV0MZ5QZ9MTZT09WDT2MQIE.jpg,vegetarian bee hoon,all,near_duplicate,bbd2f7022c3e91b0
"../../foodsg-233_cleaned/Bee hoon, goreng/4R1MVZPOUACT0TC24DLGZ7A0.jpg","Bee hoon, goreng",all,near_duplicate,bbd3e44784469387
"../../foodsg-233_cleaned/Bee hoon, goreng/NDNF8D3G90355E4N5DE5I6IK.jpg","Bee hoon, goreng",all,near_duplicate,bbd4528b088f4de5
../../foodsg-233_cleaned/whole grain bread/NVR4GQM6IQD4W1F5A10DVTXG.jpg,whole grain bread,all,near_duplicate,bbff9640b0c82653
"../../foodsg-233_cleaned/Bee hoon, goreng/1XOSG6EX6SU0WZCZKX6WNRSZ.jpg","Bee hoon, goreng",all,near_duplicate,bc0aecacc237b0f2
../../foodsg-233_cleaned/hokkien prawn mee/R4RWIQ7WJW5901PL7HSO0J13.jpg,hokkien prawn mee,all,near_duplicate,bc91c756c07c1f61
../../foodsg-233_cleaned/raspberry/3BMJSMNU6U7BDHFXR8D7DCNZ.jpg,raspberry,all,near_duplicate,bc98d2e2c36d932a
../../foodsg-233_cleaned/blueberries/OVQOO70YMVTIZGMG6N612612.jpg,blueberries,all,near_duplicate,bc98d2e2c36d932a
../../foodsg-233_cleaned/chai tow kuay/Q8FR6H7SP34OIO2OQ1PI48ME.jpg,chai tow kuay,all,near_duplicate,bca9d20cc9774731
../../foodsg-233_cleaned/tortilla - plain/E4LXQXQY6J12Y95QM53T5XRD.jpg,tortilla - plain,all,near_duplicate,bcd0c327dc38e994
../../foodsg-233_cleaned/Wholegrain Wrap/N441P2FBP9X46AT0B9L62V9J.jpg,Wholegrain Wrap,all,near_duplicate,bcd0c327dc38e994
../../foodsg-233_cleaned/char siew pau/VOHTWKWYCFNRJGNGL77B9ERM.jpg,char siew pau,all,near_duplicate,bcd34b8731997149
../../foodsg-233_cleaned/Mee kuah/YR88ENY4QNNOU4ZI6Z1HIBA9.jpg,Mee kuah,all,near_duplicate,bcf343a55c97b810
../../foodsg-233_cleaned/Mee goreng/FG608SCHN55VFRZXICD4UCPA.jpg,Mee goreng,all,near_duplicate,bd15c0460bfe4d3a
../../foodsg-233_cleaned/drunken prawn/5TPIN73V4WSJWA2NEP5MR60N.jpg,drunken prawn,all,near_duplicate,bd29c01f90963f78
../../foodsg-233_cleaned/Seafood Noodles Soup/MRS4MPYZCJPEJMTE2101ZG5A.jpg,Seafood Noodles Soup,all,near_duplicate,bd42ca898366ab9b
../../foodsg-233_cleaned/mee pok/9WKCYZQMBKFVYDZ3IKK16V7A.jpg,mee pok,all,near_duplicate,bd82c2a4d759ca69
../../foodsg-233_cleaned/begedil/6F40YVR9PVRPCLRHZ6ZYBEO2.jpg,begedil,all,near_duplicate,bd8ad13c436ad525
"../../foodsg-233_cleaned/Rice, with dakgalbi/FTS3UR0QCB5KWUT763L5KRHW.jpg","Rice, with dakgalbi",all,near_duplicate,bd90d587570a9a2d
"../../foodsg-233_cleaned/Wanton mee, dry/SDK7M90PUNJQBXME7TPPFS5B.jpg","Wanton mee, dry",all,near_duplicate,bdc4d03ac073c3cb
"../../foodsg-233_cleaned/Chap chye, Nonya/9BQGZSX9YVRFV7RK2CRBEZP3.jpg","Chap chye, Nonya",all,near_duplicate,bdd318bc63904697
../../foodsg-233_cleaned/Ban Mian/SXF5VGP0S3PT6IE96T9YV57Q.jpg,Ban Mian,all,near_duplicate,bdd318bc63904697
../../foodsg-233_cleaned/fried rice/OHA04C965NPWQOO3W86OONOD.jpg,fried rice,all,near_duplicate,be2af5a2f4365085
../../foodsg-233_cleaned/Nuts/HBSJK9OBI4ZAJEDAVR7XNC6Y.jpg,Nuts,all,near_duplicate,be37b43a84b981b4
"../../foodsg-233_cleaned/Chap chye, Nonya/GJ4LXG0EXNCUY4FVCYGALTKC.jpg","Chap chye, Nonya",all,near_duplicate,be4ac0b487d597d0
../../foodsg-233_cleaned/lontong/XUJ1TVO3HQEHL1Q9NFBW23TK.jpg,lontong,all,near_duplicate,be6fe894e118c4c3
../../foodsg-233_cleaned/buckwheat/EGV2AXYFQUKTZQQXCSLGJH1L.jpg,buckwheat,all,near_duplicate,be9aa135966448cf
../../foodsg-233_cleaned/Fried Noodles/5F6Q8J5PCPREF60XJUFT0CRE.jpg,Fried Noodles,all,near_duplicate,be9aa135966448cf
../../foodsg-233_cleaned/mee pok/GUIPUUD1QODRW8ZEM1XWUWRN.jpg,mee pok,all,near_duplicate,bea5c2588d6386c7
../../foodsg-233_cleaned/chilli crab/NA3A4WQHLIDNS4KDUAV9DHQM.jpg,chilli crab,all,near_duplicate,beaeea95743480d1
../../foodsg-233_cleaned/Mee bandung/5ZWZYSP9QBNL4V3CRUSRL5N0.jpg,Mee bandung,all,near_duplicate,bec2d38d8d345272
"../../foodsg-233_cleaned/Bee hoon, goreng/523TGNFZW28NNAMBCXDKFH3F.jpg","Bee hoon, goreng",all,near_duplicate,bed6c02b873d9e20
../../foodsg-233_cleaned/chicken masala/TXR9XB6N429E9GOZYCSRP8ZJ.jpg,chicken masala,all,near_duplicate,bf0f4916a50e3cf0
../../foodsg-233_cleaned/Lontong with sayur lodeh/8JOZG5HAWYEB64JA5F63GCY9.jpg,Lontong with sayur lodeh,all,near_duplicate,bf1ed0c35238cb2c
../../foodsg-233_cleaned/Soto ayam/4U97QBSIN1NOTXEMX6BWY2V0.jpg,Soto ayam,all,near_duplicate,bf33d08519b16ec2
../../foodsg-233_cleaned/bee hoon/3UOM1377CYU5H1SQSWEZWS4A.jpg,bee hoon,all,near_duplicate,bf39c0c28f1bd660
../../foodsg-233_cleaned/Mee soto/WUQNP4OLP2D8HHO8ZREICFJ2.jpg,Mee soto,all,near_duplicate,bf53c08e1c82e32f
../../foodsg-233_cleaned/spring rolls/RNIDPIH6RJW87SHFTW73ZZMZ.jpg,spring rolls,all,near_duplicate,bf809019cf6ea687
../../foodsg-233_cleaned/Dumpling noodle soup/710CZFUNU8LLO94Q6N9XG2FD.jpg,Dumpling noodle soup,all,near_duplicate,bf81608f1e3c7165
../../foodsg-233_cleaned/chai tow kuay/SOLT8IF7KQOYP9C9TIE8YFRX.jpg,chai tow kuay,all,near_duplicate,bf87d042c3698f0d
../../foodsg-233_cleaned/mushroom soup/OB42IIWHE3ZHQRJOVYC90XJM.jpg,mushroom soup,all,near_duplicate,bf9ac067870ccb92
../../foodsg-233_cleaned/salad/6MKKJINCW2JSBMTP17TIC4UX.jpg,salad,all,near_duplicate,bfcc80931b8d6c5a
../../foodsg-233_cleaned/Mee kuah/2W83X4H87C148LSY3LLDBPDX.jpg,Mee kuah,all,near_duplicate,bfd7d44a4169e121
../../foodsg-233_cleaned/Mee siam/8ZU2SWD4YRPNE4PMWBRHMUKT.jpg,Mee siam,all,near_duplicate,c09385161fdb37e8
../../foodsg-233_cleaned/Udon/OD7L72TBED3BIKW4K6KHCUBS.jpg,Udon,all,near_duplicate,c0a41fdd7a3a689a
../../foodsg-233_cleaned/tau suan/VZWI8Q6O8QQP5WMC0I1YWVPG.jpg,tau suan,all,near_duplicate,c0b4af9ead8b348c
../../foodsg-233_cleaned/Mee bandung/UMZ5FLHPJT3ZF5KZATH56R2U.jpg,Mee bandung,all,near_duplicate,c0c074ec9e39f86d
../../foodsg-233_cleaned/Mee soto/KOBDTUGJUNO90PCMLU1HIKK9.jpg,Mee soto,all,near_duplicate,c0c67e80eb7907da
"../../foodsg-233_cleaned/Mee siam, fried/XHNXHKUTWTPI2X89DIZDN4A5.jpg","Mee siam, fried",all,near_duplicate,c0dff340a6b11b1b
"../../foodsg-233_cleaned/Bee hoon, soto/945B6CRSTKHA46P7393DC5V0.jpg","Bee hoon, soto",all,near_duplicate,c12386854f1f3d79
../../foodsg-233_cleaned/bee hoon/KG5C49G6RNQ2LM6VZGUPH44K.jpg,bee hoon,all,near_duplicate,c1427a7faaad818d
../../foodsg-233_cleaned/lontong/WCBT2G9GKU68XXDN1SMK3U3N.jpg,lontong,all,near_duplicate,c15a9ed13cca7989
../../foodsg-233_cleaned/Soto ayam/8C6KADCLHN46QTBFJH6TMUQ0.jpg,Soto ayam,all,near_duplicate,c1703ee8b8b199b3
../../foodsg-233_cleaned/Grapefruit/9EQF5WCVNWP48P14ORMDX688.jpg,Grapefruit,all,near_duplicate,c195d4c17be95626
../../foodsg-233_cleaned/orange/CVWTB9GIWV9HPG9S3NHZ47GG.jpg,orange,all,near_duplicate,c195d4c17be95626
../../foodsg-233_cleaned/whole wheat/KIGGC5ZJREKBFULF0BEB0ANT.jpg,whole wheat,all,near_duplicate,c1cb67588728966f
../../foodsg-233_cleaned/Sweets/Q9Z7JGQFLQ0380ZH0R6O93GN.jpg,Sweets,all,near_duplicate,c22b6f8795c22997
"../../foodsg-233_cleaned/Bee hoon, goreng/KP6RKA0D2Z2F9H0G86ATQXFC.jpg","Bee hoon, goreng",all,near_duplicate,c22e53f35ca30537
../../foodsg-233_cleaned/char siew pau/XXPJKEE9X5BALV5SLA6E4L5W.jpg,char siew pau,all,near_duplicate,c2356993acd17ea2
"../../foodsg-233_cleaned/Bee hoon, soto/UZAOJ6O0OB7Z1H61REZ27Q2N.jpg","Bee hoon, soto",all,near_duplicate,c2db2fe08dc7120f
../../foodsg-233_cleaned/Mee bandung/UAHADU71JRMU1MQMSFZ5BAGL.jpg,Mee bandung,all,near_duplicate,c30e511a12ef0edf
"../../foodsg-233_cleaned/Mee siam, fried/YTC35TMYXBLRVPCEQM74698M.jpg","Mee siam, fried",all,near_duplicate,c313487d162d1fe5
../../foodsg-233_cleaned/hokkien prawn mee/U2W0PLXRDTDHUO5FPM4XOB0P.jpg,hokkien prawn mee,all,near_duplicate,c3c3f362389e896c
"../../foodsg-233_cleaned/Rice, korean bulgogi beef/RZZYNRYMDHXAA9TXHSMWZIFO.jpg","Rice, korean bulgogi beef",all,near_duplicate,c3ea37ed1001bf45
"../../foodsg-233_cleaned/Mee siam, fried/8CQQT9F4E43UH076I63868V0.jpg","Mee siam, fried",all,near_duplicate,c4044e6ce7e28fcb
../../foodsg-233_cleaned/vegetarian bee hoon/8B8UZQ2OOAZ7DFG2NQ70ZQ6C.jpg,vegetarian bee hoon,all,near_duplicate,c41b1f6b1d4869bc
../../foodsg-233_cleaned/Mee rebus/L7MU3ZU9WOB9KAEFUHG17S68.jpg,Mee rebus,all,near_duplicate,c44ac32bc7973a39
"../../foodsg-233_cleaned/Bee hoon, goreng/OJGD89203K1TLOQIGP1SQA51.jpg","Bee hoon, goreng",all,near_duplicate,c44f442eec98917f
"../../foodsg-233_cleaned/Bee hoon, goreng/2RQFSJ07RLIG1BRO470IV2ED.jpg","Bee hoon, goreng",all,near_duplicate,c4861ba93bd7a49a
../../foodsg-233_cleaned/vadai/YPJDENGR9OWI4X8KOWRUVPFG.jpg,vadai,all,near_duplicate,c4a22bb7f4c4d14b
../../foodsg-233_cleaned/fried prawn/PMBCEYOI9GQAF0ONGV47FCGX.jpg,fried prawn,all,near_duplicate,c4a22bb7f4c4d14b
../../foodsg-233_cleaned/Chocolate/IWAHEYTY88YDN24D3TBIWX9T.jpg,Chocolate,all,near_duplicate,c4c26367a536d0bb
../../foodsg-233_cleaned/Mee soto/MVOKPFU2OMV7JNDG4LFYETH1.jpg,Mee soto,all,near_duplicate,c4d631d9d2c1caa7
../../foodsg-233_cleaned/Mee soto/60L3834SI3WHDREZEFGHLOR7.jpg,Mee soto,all,near_duplicate,c4e015d70a5b5aaf
../../foodsg-233_cleaned/mixed vegetables/T0C86JMD6RCSTDWPTUX9M3YY.jpg,mixed vegetables,all,near_duplicate,c5175e3e2ca1a49b
../../foodsg-233_cleaned/hokkien prawn mee/VA2TSQRKPMW481XE05F6BGES.jpg,hokkien prawn mee,all,near_duplicate,c5227efc2891f5b0
../../foodsg-233_cleaned/lontong/RSHEQ1LD3QVVRILYDTELT31O.jpg,lontong,all,near_duplicate,c5676a9caca44dc3
"../../foodsg-233_cleaned/Bee hoon, goreng/6QU1Y7DW94HSM37X7IHK9COB.jpg","Bee hoon, goreng",all,near_duplicate,c58c2f6738b3609e
../../foodsg-233_cleaned/preserved fruit snacks/TUTWGCEY51JN5Y68B08H70S2.jpg,preserved fruit snacks,all,near_duplicate,c5995aa42ed3718d
"../../foodsg-233_cleaned/Bee hoon, soto/JWI9NCT7GFEDBRD8FBO6TGTA.jpg","Bee hoon, soto",all,near_duplicate,c5d9d08de769b442
../../foodsg-233_cleaned/Kway Teow/BLH176XB1K2N04H68R1KBZKQ.jpg,Kway Teow,all,near_duplicate,c62c3caacc953e36
../../foodsg-233_cleaned/milk/1KYIF223YOW7ZOTQQ60T6HVW.jpg,milk,all,near_duplicate,c669361aecc3c366
../../foodsg-233_cleaned/Bubble Milk Tea/DCKQU224R2EFC7YMM72AN6VG.jpg,Bubble Milk Tea,all,near_duplicate,c669361aecc3c366
../../foodsg-233_cleaned/satay bee hoon/7IFRGYBAMEBQ54S1661FLRW5.jpg,satay bee hoon,all,near_duplicate,c6919dc743b83aa5
"../../foodsg-233_cleaned/Bee hoon, soto/N0HBQXAK4AGX4N9UX94W4WBY.jpg","Bee hoon, soto",all,near_duplicate,c6919dc743b83aa5
../../foodsg-233_cleaned/chai tow kuay/994LW3OD25CV4KIUVBMKERRK.jpg,chai tow kuay,all,near_duplicate,c792da696d653864
../../foodsg-233_cleaned/Mee soto/SU4G7XRWV63QDQRZJIKTQAWW.jpg,Mee soto,all,near_duplicate,c7d31868e1c18d9f
../../foodsg-233_cleaned/Mee siam/HYAJSZTAH7NX8NJ6ZB3KIFU3.jpg,Mee siam,all,near_duplicate,c851bfcff060c329
../../foodsg-233_cleaned/har cheong gai/56U61N3Y76QLUGNNIKBXIKRH.jpg,har cheong gai,all,near_duplicate,c8d51fe82707e326
../../foodsg-233_cleaned/char siew pau/PI7E19P49PCMNIHSYDVEN40Y.jpg,char siew pau,all,near_duplicate,c8f626c03acd79e8
../../foodsg-233_cleaned/bak chor mee/7CW8U1D0755KOP4L100GC9CQ.jpg,bak chor mee,all,near_duplicate,c943047e237cdbf0
../../foodsg-233_cleaned/Dumpling noodle soup/7S5HPVTZD7Q4FCKUU189MI05.jpg,Dumpling noodle soup,all,near_duplicate,c9733e9834ceb0cc
../../foodsg-233_cleaned/char siew pau/8R51YYVWSLAHTV4TK1A31MFV.jpg,char siew pau,all,near_duplicate,c9993c8cc5d28f2d
../../foodsg-233_cleaned/dumpling/3W94SWNC75DQE6N5JTH5X6F4.jpg,dumpling,all,near_duplicate,cab44a6f731ead40
"../../foodsg-233_cleaned/Mee siam, fried/P79DNP1EA53R5BREXQ7TWPHK.jpg","Mee siam, fried",all,near_duplicate,caea94a94a856b97
../../foodsg-233_cleaned/bee hoon/VK5T564FJF5WB9Z8Q9UCZ8PD.jpg,bee hoon,all,near_duplicate,cb4aca4b7819ee86
../../foodsg-233_cleaned/Kopi Teh Milo/83KLY3OTAF9GYXH1O8KEGIZT.jpg,Kopi Teh Milo,all,near_duplicate,cb89aed6512b90cd
../../foodsg-233_cleaned/Indian Prata/WQ7Y6G5F3D5R1BM3UUX7G44Q.jpg,Indian Prata,all,near_duplicate,cb89aed6512b90cd
../../foodsg-233_cleaned/Nasi Ambeng/1LJ8F5UO1FXFWZR9ZTMHT4LQ.jpg,Nasi Ambeng,all,near_duplicate,cc4f57389a3139b4
../../foodsg-233_cleaned/vegetarian bee hoon/O00XP0SLY1BO5CVJ1RK9PBVM.jpg,vegetarian bee hoon,all,near_duplicate,ce3178d0a1c7979a
../../foodsg-233_cleaned/vegetable soup/LTRFE5VRXFFGHXVDIS4CKXTO.jpg,vegetable soup,all,near_duplicate,ce470f2f1d132c35
../../foodsg-233_cleaned/Kway Teow/YOATO4L6MGPNYJM3TZE8K081.jpg,Kway Teow,all,near_duplicate,ce470f2f1d132c35
../../foodsg-233_cleaned/pineapple/CTDSVQA3SWY8P6A220VRBDBD.jpg,pineapple,all,near_duplicate,ce48f0b71fc3e10c
../../foodsg-233_cleaned/tortilla - plain/LHAT41LC8SHFSU48ZR9W4W5R.jpg,tortilla - plain,all,near_duplicate,ce8f0d185ae938f4
../../foodsg-233_cleaned/Seafood Noodles Soup/XPDZLODJFEWFBDW7AEZLG9M4.jpg,Seafood Noodles Soup,all,near_duplicate,ce96718c24d3f70c
"../../foodsg-233_cleaned/Bee hoon, goreng/LR932QXQR219407XN1RUHGYN.jpg","Bee hoon, goreng",all,near_duplicate,cead29e429e1e351
../../foodsg-233_cleaned/Mee soto/DKJUTPHTO1L9R3DF7DGVT61B.jpg,Mee soto,all,near_duplicate,cee3994df30432f0
../../foodsg-233_cleaned/Soto ayam/6GM33IUTXXWFV7B6WY6NWBKB.jpg,Soto ayam,all,near_duplicate,cee3994df30432f0
../../foodsg-233_cleaned/Seafood Noodles Soup/IVDRCUZWEHHJD69XTJ6WZ8VW.jpg,Seafood Noodles Soup,all,near_duplicate,cf012af524f6338b
../../foodsg-233_cleaned/char siew pau/Y7DYPDBQARPVC0X4JF92Y3X9.jpg,char siew pau,all,near_duplicate,cf1862bb256245be
"../../foodsg-233_cleaned/Rice, korean bulgogi beef/IJKN6Z8BZXGGTZMAQ3U4GESE.jpg","Rice, korean bulgogi beef",all,near_duplicate,cf813234cd0d2d7b
../../foodsg-233_cleaned/fried rice/CBTFX4LJW9RFDHXL26MWZI8Q.jpg,fried rice,all,near_duplicate,cf8eae6b54954318
../../foodsg-233_cleaned/Dumpling noodle soup/G58Q2UD68I7V1480GBAZORSJ.jpg,Dumpling noodle soup,all,near_duplicate,d07443e4ce93cec9
../../foodsg-233_cleaned/xiao long bao/1L8SCFGFYMLCPR9B3E3Y5HGJ.jpg,xiao long bao,all,near_duplicate,d0952a6ebea16c96
../../foodsg-233_cleaned/char siew pau/FY5DLRV5XCOFVW5FSLCIX7VS.jpg,char siew pau,all,near_duplicate,d0952a6ebea16c96
../../foodsg-233_cleaned/har cheong gai/K8HJN7KVZ7ASWEGDW6M51T8F.jpg,har cheong gai,all,near_duplicate,d09e37b135956951
"../../foodsg-233_cleaned/Bee hoon, goreng/AGBGFH2HVRSLWRE7GCXFOQMB.jpg","Bee hoon, goreng",all,near_duplicate,d0ca4f3516366f32
../../foodsg-233_cleaned/Mee siam/FL0WA5RCH2D4SDKSNH44KLIY.jpg,Mee siam,all,near_duplicate,d0f06af07de0c05f
"../../foodsg-233_cleaned/Bee hoon, soto/FY5RKFGNPD3KMGKZYTQU7LYY.jpg","Bee hoon, soto",all,near_duplicate,d16d1ed07cb230e3
../../foodsg-233_cleaned/chilli crab/TY622QWDK670FU942VQZPQOW.jpg,chilli crab,all,near_duplicate,d171816949ef1796
../../foodsg-233_cleaned/Mee siam/6F3T6FDATYQYB3T96JYIC0FJ.jpg,Mee siam,all,near_duplicate,d1a75b46392ee503
../../foodsg-233_cleaned/whole oats/I0VIS645K62OWWL0BBYKFHQM.jpg,whole oats,all,near_duplicate,d1ad13ea1594e237
../../foodsg-233_cleaned/lontong/LRA4YA9XW316ZN9W0SAZ37CY.jpg,lontong,all,near_duplicate,d1f14fe43ce16066
../../foodsg-233_cleaned/Seafood Noodles Soup/P2KOTF3N3WT28YC0OXPJB2O6.jpg,Seafood Noodles Soup,all,near_duplicate,d235994c46f36237
../../foodsg-233_cleaned/sliced fish soup/J5P3H7YRANXW18U0B51GX0QX.jpg,sliced fish soup,all,near_duplicate,d235994c46f36237
"../../foodsg-233_cleaned/Bee hoon, goreng/1RSS56HZZ74MPW2VBTIEHTNF.jpg","Bee hoon, goreng",all,near_duplicate,d24bdc48ed65e10d
../../foodsg-233_cleaned/miso soup/9H9XBTYNCP6BETEHKVM5N3A9.jpg,miso soup,all,near_duplicate,d25263815bddacc5
../../foodsg-233_cleaned/mushroom soup/EOPJEEDABLXW6BH44AI6XE5O.jpg,mushroom soup,all,near_duplicate,d25263815bddacc5
../../foodsg-233_cleaned/Soto ayam/S67R5UN3O3SIZ8V91DSKICDE.jpg,Soto ayam,all,near_duplicate,d26a91197d869ef0
../../foodsg-233_cleaned/honeydew/NOZ51OR3U47V1KT1478HKYJ0.jpg,honeydew,all,near_duplicate,d2d25a05b5ad5a55
"../../foodsg-233_cleaned/Bee hoon, soto/MFW5J7NAEL8WU51FVBVJ9KI5.jpg","Bee hoon, soto",all,near_duplicate,d2e44806cf1b1d3f
../../foodsg-233_cleaned/Mee siam/0N9GJKQKR4LPEC7E6QYCHW0B.jpg,Mee siam,all,near_duplicate,d2e4b516b5a95625
../../foodsg-233_cleaned/Mee siam/1G2XFR2P1GJKBOU7KO0O3440.jpg,Mee siam,all,near_duplicate,d2f09975e921c366
"../../foodsg-233_cleaned/Bee hoon, soto/PH7FU8ETGY5ORIUWW0LKWYAA.jpg","Bee hoon, soto",all,near_duplicate,d2fc1a7aa99153c8
../../foodsg-233_cleaned/Soto ayam/5QVGRJTHNZRX6K9PXT2L7LYM.jpg,Soto ayam,all,near_duplicate,d2fc1a7aa99153c8
"../../foodsg-233_cleaned/Mee siam, fried/XQA26QMC8E3T32169Q4AAY04.jpg","Mee siam, fried",all,near_duplicate,d31a103b17bf31f0
../../foodsg-233_cleaned/Seafood Noodles Soup/3UGRV7FZ08OS2QWWN3QNRC65.jpg,Seafood Noodles Soup,all,near_duplicate,d36304cd43b6971e
../../foodsg-233_cleaned/murtabak/8PHNLOLAWL7EVRHZ48578JQ5.jpg,murtabak,all,near_duplicate,d37a880d9cccd6c6
../../foodsg-233_cleaned/otak/9MTC75LDL58VQARLSQPLPP1D.jpg,otak,all,near_duplicate,d37a880d9cccd6c6
../../foodsg-233_cleaned/rice dumpling/XGD7H9PPN7YTSID08KOADNGU.jpg,rice dumpling,all,near_duplicate,d3882af5a563e21e
../../foodsg-233_cleaned/hokkien prawn mee/3T8E7L47KGOIHHW9TJM93SRH.jpg,hokkien prawn mee,all,near_duplicate,d3d14f8b74cc2a8c
../../foodsg-233_cleaned/Seafood Noodles Soup/MAP5D3DFQ34R90GJFE9VDGE5.jpg,Seafood Noodles Soup,all,near_duplicate,d3ea4ce423968bca
"../../foodsg-233_cleaned/Bee hoon, soto/4N6XXWHOGTEA5KC6UYLGZQSI.jpg","Bee hoon, soto",all,near_duplicate,d3ed297224353e1a
../../foodsg-233_cleaned/Udon/RF42APN2W7YLCH6PHX024ANF.jpg,Udon,all,near_duplicate,d42dc2322bbfb5c0
../../foodsg-233_cleaned/cream soup/5NMVXISXFNNR3NZSA84OTIXX.jpg,cream soup,all,near_duplicate,d4af2be0b487d28a
../../foodsg-233_cleaned/whole wheat/IYW70FNQYQR0RXSZQJVRHAUF.jpg,whole wheat,all,near_duplicate,d4d1a1299bb5e916
../../foodsg-233_cleaned/vegetarian bee hoon/Z5BZK0NWEJASAFYIK6WK8D8K.jpg,vegetarian bee hoon,all,near_duplicate,d50a2e9d2632ed6c
../../foodsg-233_cleaned/char siew pau/AYH59ZGEYUWNVXQTCIWT2FA0.jpg,char siew pau,all,near_duplicate,d51945135716d557
"../../foodsg-233_cleaned/Bee hoon, goreng/XK0ITVSR7WOUQOV1P6R49POM.jpg","Bee hoon, goreng",all,near_duplicate,d51e98d7d6f14980
../../foodsg-233_cleaned/vegetarian bee hoon/BJ1YIZ954LQ4RP7N036OHX3E.jpg,vegetarian bee hoon,all,near_duplicate,d52d652d6a3da8a2
../../foodsg-233_cleaned/cream soup/F7Y8WK0IIZXD07XL8K14U6M1.jpg,cream soup,all,near_duplicate,d55f52d456b6a290
../../foodsg-233_cleaned/chicken masala/C77ML4TIAKX1EZHK93LJQUBB.jpg,chicken masala,all,near_duplicate,d5a5111e1e9a5ada
"../../foodsg-233_cleaned/Bee hoon, goreng/GJBFIUE1GYJU3P7CO8R2GAA0.jpg","Bee hoon, goreng",all,near_duplicate,d61b692d643a263b
../../foodsg-233_cleaned/muesli/7BY6IDQW7XYLP6ZZ61DTS8CX.jpg,muesli,all,near_duplicate,d61e18b0568e2fd3
../../foodsg-233_cleaned/parfait/HPPE39MF5RYD22ZW4ISV0TV6.jpg,parfait,all,near_duplicate,d61e18b0568e2fd3
../../foodsg-233_cleaned/Soto ayam/S5BI3GHUQ49ENKYNBX4MLG5B.jpg,Soto ayam,all,near_duplicate,d69729c96642323f
"../../foodsg-233_cleaned/Bee hoon, goreng/R4GNGJ3PWXYA3P0GH4CB15TP.jpg","Bee hoon, goreng",all,near_duplicate,d6b9eae2e802583e
../../foodsg-233_cleaned/honeydew/NS997VAFDGPJPYB5WY72TBPP.jpg,honeydew,all,near_duplicate,d6bcca80dad5a94a
../../foodsg-233_cleaned/Lontong with sayur lodeh/APEU2K5GMVF79UEQA5B5UMVI.jpg,Lontong with sayur lodeh,all,near_duplicate,d6d9c1c6036e1b6a
../../foodsg-233_cleaned/murtabak/IICVTIQ0NF0NOOG4TOW2ZR30.jpg,murtabak,all,near_duplicate,d7112f4ad10fc07b
../../foodsg-233_cleaned/roti john/2LIT7WLHQIIQVSY4ZG6OZ5IB.jpg,roti john,all,near_duplicate,d7112f4ad10fc07b
../../foodsg-233_cleaned/Wholegrain Wrap/MO5UKFWBHQE0VP3KGHZN4W07.jpg,Wholegrain Wrap,all,near_duplicate,d785401f31eb538d
../../foodsg-233_cleaned/Seafood Noodles Soup/DLKSJOBNN6IY445U6TKU67UW.jpg,Seafood Noodles Soup,all,near_duplicate,d870552b859f5372
../../foodsg-233_cleaned/vegetarian bee hoon/D3E1ETH5XY35G66N96G6AFDC.jpg,vegetarian bee hoon,all,near_duplicate,d8e6fb80ac9d8551
../../foodsg-233_cleaned/char siew pau/TVBUHC2H3DNR3H2Z3Y3KXS7S.jpg,char siew pau,all,near_duplicate,d907347c61e6b962
../../foodsg-233_cleaned/whole oats/M39807L95VE5I9QFGQSIKHR1.jpg,whole oats,all,near_duplicate,d9a5d659b4c0bc51
../../foodsg-233_cleaned/preserved fruit snacks/DVQRURPEI6WY8AE92BI0N46H.jpg,preserved fruit snacks,all,near_duplicate,d9d84cc05a47d7b4
../../foodsg-233_cleaned/green leafy vegetables/TPGB8NUGLAIVSWU2CYH4BDQU.jpg,green leafy vegetables,all,near_duplicate,d9f0fd78b2a54061
../../foodsg-233_cleaned/hokkien prawn mee/5K0NW17PRIGU8DXRJNWEE9KO.jpg,hokkien prawn mee,all,near_duplicate,da932965248f8ece
../../foodsg-233_cleaned/chicken soup/7FAPBZEZP8PMS7VYNWR8A6CZ.jpg,chicken soup,all,near_duplicate,daf00a95a88db53d
../../foodsg-233_cleaned/parfait/ULX55ZE1A4YK430MXRSXI3VT.jpg,parfait,all,near_duplicate,db18185d0db3f2d8
../../foodsg-233_cleaned/Mee goreng/J5J73DENF54PEZQQWGMZTGX2.jpg,Mee goreng,all,near_duplicate,db2aec08f89334b6
"../../foodsg-233_cleaned/Bee hoon, soto/XISCQP2BX2HXBZ6SZ3L75SLZ.jpg","Bee hoon, soto",all,near_duplicate,db82eda5fa9284c4
../../foodsg-233_cleaned/Seafood Noodles Soup/6X75MNLP2216LD822Q0AXSB8.jpg,Seafood Noodles Soup,all,near_duplicate,dba10d1e36613b66
../../foodsg-233_cleaned/Mee siam/9G5O6UEXX3I0C8AGUVC21H06.jpg,Mee siam,all,near_duplicate,dbd16c15b4fa80a5
../../foodsg-233_cleaned/Mee goreng/D3MSHKPLQ67AXHA6SQGLTPFZ.jpg,Mee goreng,all,near_duplicate,dc04be48a37f0a5b
../../foodsg-233_cleaned/Mee soto/YMINN5GLNU8PBQLACCNFNBJA.jpg,Mee soto,all,near_duplicate,dc9e30a5c7863c1e
"../../foodsg-233_cleaned/Bee hoon, soto/LNCLN103MMVKM7SIJ8V5XZWF.jpg","Bee hoon, soto",all,near_duplicate,dc9e30a5c7863c1e
../../foodsg-233_cleaned/drunken prawn/UQQMD9KJ0MNYJTAN98P19UP0.jpg,drunken prawn,all,near_duplicate,dd69d1f7028c48b5
../../foodsg-233_cleaned/pasta - fettuccine/KO5I1W8UMG9WOCWCJ7R3N1L1.jpg,pasta - fettuccine,all,near_duplicate,ddad52956ad28d42
../../foodsg-233_cleaned/sushi/GO8CE2B9051FNILPYMBIJ9T6.jpg,sushi,all,near_duplicate,de34d6353959a2e0
../../foodsg-233_cleaned/Lontong with sayur lodeh/SWTMTMIDFOH42QLGF5SOH6Z6.jpg,Lontong with sayur lodeh,all,near_duplicate,deb13186035b4c7d
../../foodsg-233_cleaned/cream soup/R8AOQ828R0C6BCXMEJGJ5RH7.jpg,cream soup,all,near_duplicate,deff098250ce423d
../../foodsg-233_cleaned/Soto ayam/QXJG05BTN9E0ZQG5F1A35J4T.jpg,Soto ayam,all,near_duplicate,df41213de01759f1
"../../foodsg-233_cleaned/Mee siam, fried/QFME3TWOHYXK9V81LYZ5QLFE.jpg","Mee siam, fried",all,near_duplicate,df6a403f2af541c2
../../foodsg-233_cleaned/Pomelo/3QPQRRXEED0JM91JHZWZI1MS.jpg,Pomelo,all,near_duplicate,df85ac13ea3ba850
../../foodsg-233_cleaned/wholegrain pasta/547UYE9MICL9HO5N6CCISVSG.jpg,wholegrain pasta,all,near_duplicate,df962cc5999cb031
../../foodsg-233_cleaned/rock melon/TGB4ZUTDJHUIAHCM39TI4RM7.jpg,rock melon,all,near_duplicate,dfd920a986b497b0
"../../foodsg-233_cleaned/Don, unagi/XN3YINV8J0GRQP9IXJEB89SJ.jpg","Don, unagi",all,near_duplicate,dff4c0608ea39e94
../../foodsg-233_cleaned/black pepper crab/F1TW3EPE95PJLTLTW7CS6XNC.jpg,black pepper crab,all,near_duplicate,e037453a7fe81287
../../foodsg-233_cleaned/bakso/WLZGJUYR0OKTP1N75LU0BQ4A.jpg,bakso,all,near_duplicate,e0afd468c32d9a35
../../foodsg-233_cleaned/mee pok/6EILUVRH6QT7Q8GH1ZNO7Z97.jpg,mee pok,all,near_duplicate,e0d495489f255e67
../../foodsg-233_cleaned/mixed vegetables/QYMXO1QTPBPXB2LLG8TRBZAL.jpg,mixed vegetables,all,near_duplicate,e0d651cd1846cfab
../../foodsg-233_cleaned/Lontong with sayur lodeh/802RQC2EQYPBEM130EZGI5M8.jpg,Lontong with sayur lodeh,all,near_duplicate,e13cb32395b5d494
../../foodsg-233_cleaned/fried prawn/E5D3LHYIKYAEL9LLQB0U2Y28.jpg,fried prawn,all,near_duplicate,e142c50b4f6faba4
../../foodsg-233_cleaned/char siew/1HVKHQ16GBIOJA5V1XEVA7BT.jpg,char siew,all,near_duplicate,e153726ba432ce39
../../foodsg-233_cleaned/chilli crab/026JNFMMP0NPLCE0GSHEY8CR.jpg,chilli crab,all,near_duplicate,e182d69f3c9271c9
../../foodsg-233_cleaned/mee pok/2ETZGV6EW5H2NNZVMP51TYGY.jpg,mee pok,all,near_duplicate,e1869e79c92683da
../../foodsg-233_cleaned/fried prawn/JD3922RUC39TOXH3P99PXXO2.jpg,fried prawn,all,near_duplicate,e18c946ed1e345e5
../../foodsg-233_cleaned/Mee siam/LQVQ486DB7X1K0BWI47G5VV7.jpg,Mee siam,all,near_duplicate,e1e41e91388765db
../../foodsg-233_cleaned/Dumpling noodle soup/30XB2AEWRF8Z9BCJEKKALMAH.jpg,Dumpling noodle soup,all,near_duplicate,e1fc624ae578c3b0
../../foodsg-233_cleaned/chicken soup/FUXUFCHZOHTB4BAONPI2L5TV.jpg,chicken soup,all,near_duplicate,e1fc624ae578c3b0
../../foodsg-233_cleaned/Mee kuah/C2KD3UJFB6211DJNQDKULCZ0.jpg,Mee kuah,all,near_duplicate,e28795bcd8b16a16
../../foodsg-233_cleaned/hokkien prawn mee/500TTG9JM2QVQURGJNZXL5EY.jpg,hokkien prawn mee,all,near_duplicate,e28795bcd8b16a16
../../foodsg-233_cleaned/Mee kuah/ALGUPCQED71L6YCOTDAOLX0H.jpg,Mee kuah,all,near_duplicate,e32dbcc3a413c11f
../../foodsg-233_cleaned/Lontong with sayur lodeh/EUHN77K9SYXVVFH5J1G7HT2V.jpg,Lontong with sayur lodeh,all,near_duplicate,e361b456c5ca632d
../../foodsg-233_cleaned/har cheong gai/NGMDI1H6O1AXGOPXQTZKPRKB.jpg,har cheong gai,all,near_duplicate,e366b8651cdb1a62
../../foodsg-233_cleaned/fried prawn/0YV10UH8QZKZ338MK1ZFJY6F.jpg,fried prawn,all,near_duplicate,e366b8651cdb1a62
../../foodsg-233_cleaned/Mee bandung/FED98764KDX7IOMYV038TLLF.jpg,Mee bandung,all,near_duplicate,e3adbec2b643c007
"../../foodsg-233_cleaned/Bee hoon, goreng/DU462SM79LY0A2USBG7O573H.jpg","Bee hoon, goreng",all,near_duplicate,e434dbc9164ae5d2
"../../foodsg-233_cleaned/Mee siam, fried/97SUGW7XFA5ET4R4C5SOJNRG.jpg","Mee siam, fried",all,near_duplicate,e4459f3879cb320e
../../foodsg-233_cleaned/Dumpling noodle soup/J5CWJ9OTKPI8AS9JER43OCM3.jpg,Dumpling noodle soup,all,near_duplicate,e48cb1f69ab3d830
"../../foodsg-233_cleaned/Bee hoon, goreng/EH8RF0YAFVMLM2UCEYU0HA0S.jpg","Bee hoon, goreng",all,near_duplicate,e496626d27641d6b
../../foodsg-233_cleaned/mixed vegetables/GJRR5QRC6JMI2AD7TQ3PGZKI.jpg,mixed vegetables,all,near_duplicate,e4d24363b14f32bc
"../../foodsg-233_cleaned/Rice, with dakgalbi/F1XSGGJYIDG74895TTVSR4IF.jpg","Rice, with dakgalbi",all,near_duplicate,e4d24363b14f32bc
../../foodsg-233_cleaned/breakfast cereal/ZEKQO19Y7NXZ5D738QRBEU27.jpg,breakfast cereal,all,near_duplicate,e532c69b3c6cc233
"../../foodsg-233_cleaned/Rice, with dakgalbi/4VTG7G0JTVL2L8EBD39Y311F.jpg","Rice, with dakgalbi",all,near_duplicate,e585da57604d359a
../../foodsg-233_cleaned/Mee soto/WL4IJXO3RFUNXK1DLOFELF9R.jpg,Mee soto,all,near_duplicate,e591fab1a71a1259
../../foodsg-233_cleaned/muesli/P5ZQ7H7XO8TBGGOYRP8UNE2O.jpg,muesli,all,near_duplicate,e59a63d52ea555a0
../../foodsg-233_cleaned/breakfast cereal/GUIGKURSIVL4AGRNGT4P3GSX.jpg,breakfast cereal,all,near_duplicate,e59a63d52ea555a0
../../foodsg-233_cleaned/Mee bandung/1AG95YRZE7OCHN171G7EM1VO.jpg,Mee bandung,all,near_duplicate,e5e9d625c234c83e
../../foodsg-233_cleaned/steamed buns/F5NNOS1PXIEZ6MIV0W2OB1MQ.jpg,steamed buns,all,near_duplicate,e659b2b48b34b38c
../../foodsg-233_cleaned/Seafood Noodles Soup/WWT9QHCK38JHEOJYP6302FDC.jpg,Seafood Noodles Soup,all,near_duplicate,e67aeea4b083818f
../../foodsg-233_cleaned/Mee soto/Z8CKJ2SJ6ZSRS3FSFKEKCFJ5.jpg,Mee soto,all,near_duplicate,e6b09d0fd0e65ac4
"../../foodsg-233_cleaned/Rice, with dakgalbi/746FXDNR8L7OV4HC2WH3BSTW.jpg","Rice, with dakgalbi",all,near_duplicate,e6b290b253e662e6
../../foodsg-233_cleaned/vegetarian bee hoon/99VDWMCKX4IYKTPYZMYQ9HBW.jpg,vegetarian bee hoon,all,near_duplicate,e6b5a50a15ed0da6
"../../foodsg-233_cleaned/Bee hoon, goreng/C6QZR7IPK2H3W2EMZETQGUAI.jpg","Bee hoon, goreng",all,near_duplicate,e6e5911ab444eb6a
../../foodsg-233_cleaned/Mee siam/WZFF33UPJBTB6EDJJST9SOPN.jpg,Mee siam,all,near_duplicate,e785ec56d15a982c
../../foodsg-233_cleaned/lontong/1RSZNMWYN3H6HJQ6G03WR6ZE.jpg,lontong,all,near_duplicate,e79a88077a7ba462
../../foodsg-233_cleaned/breakfast cereal/BJZDV8ILNYV3B8JE0R8N8QAI.jpg,breakfast cereal,all,near_duplicate,e7b3754accc4ca44
../../foodsg-233_cleaned/Hor Fun/KI4WW3KMSF3OD5GQNPJRF8Z8.jpg,Hor Fun,all,near_duplicate,e7d1d89669c4171a
../../foodsg-233_cleaned/Nasi pattaya/AQFCBRNJXXFGEU9QJWM3LPAP.jpg,Nasi pattaya,all,near_duplicate,e887d07f2b08cecc
../../foodsg-233_cleaned/Ban Mian/W40X99WJJ1B3X9EG482YE6W7.jpg,Ban Mian,all,near_duplicate,e897a7d84361479a
../../foodsg-233_cleaned/Mee siam/HYDSMUWCSL1TR6GZ33PNT0UR.jpg,Mee siam,all,near_duplicate,e8a1c4a794b7b3c4
../../foodsg-233_cleaned/Mee bandung/S1LB36V5M051PK5XEZLFP4AM.jpg,Mee bandung,all,near_duplicate,e8a4aec2b587c49b
../../foodsg-233_cleaned/bak kut teh/4FUDE7NMVS037TSA9LXYG261.jpg,bak kut teh,all,near_duplicate,e8c5859bfca1816e
../../foodsg-233_cleaned/sambal kangkong/4RDG0ZBG9EDGGWZUM9ELEJFL.jpg,sambal kangkong,all,near_duplicate,e8ca85701f623a6f
../../foodsg-233_cleaned/Duck Rice/8ETVNQOUUI4HUOJX68018CUI.jpg,Duck Rice,all,near_duplicate,e8dcaef8a1a27660
../../foodsg-233_cleaned/vegetarian bee hoon/QRBKGLYIDLQMGBSZVGFG37AK.jpg,vegetarian bee hoon,all,near_duplicate,e8dfc058427bc86d
../../foodsg-233_cleaned/Blackberry/N4GIRPPQ01Z2IDHE1QGF3MRY.jpg,Blackberry,all,near_duplicate,e8ea80968787c7e3
../../foodsg-233_cleaned/cream soup/5UR8YUVDILG4Y532AUQZBEZU.jpg,cream soup,all,near_duplicate,e9304f5d39cec780
../../foodsg-233_cleaned/bee hoon/ZUWQZVIJ8A0C8FNFJK3A9BRG.jpg,bee hoon,all,near_duplicate,e98497326d5299b9
../../foodsg-233_cleaned/Duck Rice/917PDK77LVB9JCL4I49DT77Q.jpg,Duck Rice,all,near_duplicate,e9979d68a42cd299
../../foodsg-233_cleaned/hokkien prawn mee/LEV1SVDBTJSF4OU57OUSRTC7.jpg,hokkien prawn mee,all,near_duplicate,e9a9d2709c16b947
../../foodsg-233_cleaned/Fried Noodles/684N5FPYLGU03GXZ38TBRURI.jpg,Fried Noodles,all,near_duplicate,e9d1afc0850a94fb
../../foodsg-233_cleaned/kway chap/1AT52E3HBAM4CVEO1IF3XT1O.jpg,kway chap,all,near_duplicate,e9e2bc90e6cec48a
../../foodsg-233_cleaned/whole oats/G38CEBOYQG0RBFG1Q1WGTZS2.jpg,whole oats,all,near_duplicate,ea14cfa0816c733f
"../../foodsg-233_cleaned/Rice, korean bulgogi beef/3PNE7O9H56JA96NA1UPMCHK7.jpg","Rice, korean bulgogi beef",all,near_duplicate,ea1dc47a16a48cdb
../../foodsg-233_cleaned/rock melon/1200VR33B4PSB0POGI55F38W.jpg,rock melon,all,near_duplicate,ea34984b655689bd
../../foodsg-233_cleaned/Udon/TVAEO9FBQ9DWKGDD1CBN5UE5.jpg,Udon,all,near_duplicate,ea41ffe2a05b506c
../../foodsg-233_cleaned/Fried Noodles/6OTKOEHZV1RFZWROQYO6J0FB.jpg,Fried Noodles,all,near_duplicate,ea41ffe2a05b506c
../../foodsg-233_cleaned/mixed vegetables/C8N1VOR22E5R5OQPJ57WLCRB.jpg,mixed vegetables,all,near_duplicate,ea447958d27f91b0
../../foodsg-233_cleaned/sliced fish soup/AVFOAEKJUHKP2YTU8CN1JK6N.jpg,sliced fish soup,all,near_duplicate,ea547fc0e0c3838f
../../foodsg-233_cleaned/hokkien prawn mee/M1FWVHJ5QGTJ78484WH0SG7B.jpg,hokkien prawn mee,all,near_duplicate,ea6c149f4332b719
../../foodsg-233_cleaned/lontong/88VJ5AYG6GCGJB3GRCE3VD1H.jpg,lontong,all,near_duplicate,ea749454766adc68
../../foodsg-233_cleaned/sliced fish soup/GTPKN9ZWV7GWMRKJTMK2T7IK.jpg,sliced fish soup,all,near_duplicate,ea7585891fa49873
../../foodsg-233_cleaned/Seafood Noodles Soup/7P2QM2K09P0L8VMIRSVWL8WH.jpg,Seafood Noodles Soup,all,near_duplicate,ea7585891fa49873
../../foodsg-233_cleaned/chai tow kuay/2WPQPRDQZHIAXNKZBUBO1QYT.jpg,chai tow kuay,all,near_duplicate,ea8798985863f6f0
../../foodsg-233_cleaned/lontong/MLG4FD4XCZCVZQNPWKGAW6V1.jpg,lontong,all,near_duplicate,ea92c84aac2e978f
../../foodsg-233_cleaned/Mee kuah/TZ1ZMH2TAHNAGK6373XUK7QY.jpg,Mee kuah,all,near_duplicate,ea93951e556a4e2a
"../../foodsg-233_cleaned/Bee hoon, soto/PDUX7EFVY7T45FY53DNN5TU6.jpg","Bee hoon, soto",all,near_duplicate,ea99cb5c826b89b8
../../foodsg-233_cleaned/chai tow kuay/4ROYPKW1L7AWQ6WY3M5Y65LP.jpg,chai tow kuay,all,near_duplicate,eaa3958cd2c91acd
"../../foodsg-233_cleaned/Bee hoon, goreng/M0ETL5BOK002R9VQQ2NZRPGQ.jpg","Bee hoon, goreng",all,near_duplicate,eaa491079f5cdaa8
../../foodsg-233_cleaned/Pomelo/VE735FSHERSR4DLLA8E6LNVB.jpg,Pomelo,all,near_duplicate,eaa4a9a669b5929a
../../foodsg-233_cleaned/Chinese fritters/C2K44KJ6MAALEN3NG414KCJR.jpg,Chinese fritters,all,near_duplicate,eaa52d2c1c1fbd12
../../foodsg-233_cleaned/vadai/Z4NUAIFGIPTQ3FLPOQ66Q6Z6.jpg,vadai,all,near_duplicate,eaa52d2c1c1fbd12
../../foodsg-233_cleaned/Seafood Noodles Soup/5YMF4XU67VJQIM3CC21PWQ3S.jpg,Seafood Noodles Soup,all,near_duplicate,eaac81d3953d1e43
../../foodsg-233_cleaned/breakfast cereal/CBDPJ7MD8GUGOBKLSHCUNQVU.jpg,breakfast cereal,all,near_duplicate,eab8c127ddd86071
"../../foodsg-233_cleaned/Bee hoon, soto/VSSCGVIJM49IG08EM0YUXMB1.jpg","Bee hoon, soto",all,near_duplicate,eac2a58ad40fd62d
../../foodsg-233_cleaned/Sweets/CQNI79GJ7GI0C6ARGBEICD2U.jpg,Sweets,all,near_duplicate,eacbc57ad0a58496
../../foodsg-233_cleaned/Barley/JY0EYHZBNV3K44MKJ2RIFIAT.jpg,Barley,all,near_duplicate,ead8c84f79cea148
../../foodsg-233_cleaned/vegetarian bee hoon/O8EPUMM9L8FVW06ZSM1GLIE7.jpg,vegetarian bee hoon,all,near_duplicate,eadadaa08582af35
../../foodsg-233_cleaned/vegetarian bee hoon/0KAMK7PF0B70BAZ1JE2SNM1G.jpg,vegetarian bee hoon,all,near_duplicate,eadd3c4a2986cc4b
../../foodsg-233_cleaned/cooked brown rice/Z4I9ZUYB2B4KC2VW9V6N3PAB.jpg,cooked brown rice,all,near_duplicate,eaf5f40aad3a804b
../../foodsg-233_cleaned/Fried Noodles/E048RKSFOA72QQ2RR96NPGK9.jpg,Fried Noodles,all,near_duplicate,eaf8346c591095b7
../../foodsg-233_cleaned/Dumpling noodle soup/FKYGZHC9N30HGABFN17SH68Z.jpg,Dumpling noodle soup,all,near_duplicate,eb42350d9e143f36
../../foodsg-233_cleaned/chicken soup/SONGL0ITAM1A844CT9LDA7F8.jpg,chicken soup,all,near_duplicate,eb42350d9e143f36
../../foodsg-233_cleaned/bee hoon/XZR24ZBAASQE52OY5AZAZXQQ.jpg,bee hoon,all,near_duplicate,eb71f9c2601f5243
../../foodsg-233_cleaned/Seafood Noodles Soup/F4MG4V4X5199ADXJPZTGZO88.jpg,Seafood Noodles Soup,all,near_duplicate,eb72c8ec26a684cd
../../foodsg-233_cleaned/vegetarian bee hoon/MZIMLIZWD41QZAIQZ9QLCBCF.jpg,vegetarian bee hoon,all,near_duplicate,eb7a9664c292ada1
"../../foodsg-233_cleaned/Bee hoon, soto/KJ11LEG83KFUH2713WQC3HLG.jpg","Bee hoon, soto",all,near_duplicate,eb8d95123732c6a3
"../../foodsg-233_cleaned/Bee hoon, goreng/M0U55DQNKEFQG41S7R5AXVY6.jpg","Bee hoon, goreng",all,near_duplicate,eb97c64ab5258e28
../../foodsg-233_cleaned/Duck Rice/2JPBC7Z2384D6YZFMZRMAZ8W.jpg,Duck Rice,all,near_duplicate,eb9d95cbce689060
../../foodsg-233_cleaned/Laksa/PR8JECY0YS5XVJ5SMA4LS9FD.jpg,Laksa,all,near_duplicate,ebb0b54432c39b9c
../../foodsg-233_cleaned/Laksa/JSFY0JL7XH0NPFNI5FEVSOHJ.jpg,Laksa,all,near_duplicate,ebb1d4d42b136869
../../foodsg-233_cleaned/Mee kuah/P190BWXD249I6FMI6Q8YRBVJ.jpg,Mee kuah,all,near_duplicate,ebb1d4d42b136869
"../../foodsg-233_cleaned/Bee hoon, soto/RO74CZUZIC2B3R5RBDZRWKB6.jpg","Bee hoon, soto",all,near_duplicate,ebc19427d89ccb49
../../foodsg-233_cleaned/vegetarian bee hoon/UCUFGUBLVW06GPO2ZEYBITTA.jpg,vegetarian bee hoon,all,near_duplicate,ebc7a4e487a2940f
"../../foodsg-233_cleaned/Rice, korean bulgogi beef/TTQKQPIL2M7NBL94V2SAN4WJ.jpg","Rice, korean bulgogi beef",all,near_duplicate,ebcb24259354d3a3
../../foodsg-233_cleaned/bak chor mee/YH3Z42C7VBLNIGVC0NWQZ1PL.jpg,bak chor mee,all,near_duplicate,ebccf54bc12c443c
../../foodsg-233_cleaned/Duck Rice/GEMI7RXWT2E06O60B2P19JFM.jpg,Duck Rice,all,near_duplicate,ebe097d2191bc50d
../../foodsg-233_cleaned/bakso/XC02P487CG5OQR0OL1RYBZ9Z.jpg,bakso,all,near_duplicate,ebf18401ce9c1be6
"../../foodsg-233_cleaned/Mee siam, fried/DFSJTL1CANA2E6J66P5Q78I0.jpg","Mee siam, fried",all,near_duplicate,ec0484951f1e667f
../../foodsg-233_cleaned/Udon/DT63Q048RQEMF7WRILNJY0K6.jpg,Udon,all,near_duplicate,ec2f303aa16b4da3
"../../foodsg-233_cleaned/Wanton mee, dry/JJOY5ZA4V6ZJVQIAL7LIOC49.jpg","Wanton mee, dry",all,near_duplicate,ec87b9945258a0bf
../../foodsg-233_cleaned/breakfast cereal/H9B37SZFN2V6DJISEPGFOZFG.jpg,breakfast cereal,all,near_duplicate,ec95d141c64d99cb
../../foodsg-233_cleaned/mushroom soup/E2W3WYQ5C8M3TX5ANE8CAO6G.jpg,mushroom soup,all,near_duplicate,eca4c11bbb7a84e4
../../foodsg-233_cleaned/cream soup/TEYCMUXI8MQAN524557537WO.jpg,cream soup,all,near_duplicate,eca4c11bbb7a84e4
../../foodsg-233_cleaned/vegetarian bee hoon/F5DYL2HDU1DHPOANPET432W7.jpg,vegetarian bee hoon,all,near_duplicate,ed4ed42a4a386597
../../foodsg-233_cleaned/Lontong with sayur lodeh/MRJS3ZSH8TB121BH3ZWB18EN.jpg,Lontong with sayur lodeh,all,near_duplicate,ed729b854ebc0d60
"../../foodsg-233_cleaned/Bee hoon, goreng/086WWUYSM7MH26NCM65FG5W6.jpg","Bee hoon, goreng",all,near_duplicate,edc0970ad02bcbae
../../foodsg-233_cleaned/satay bee hoon/U8AZM1AWTW7W0IJD71HP7BQ3.jpg,satay bee hoon,all,near_duplicate,edc0970ad02bcbae
../../foodsg-233_cleaned/fried prawn/P1NLH05FZ551189NOH4SNU37.jpg,fried prawn,all,near_duplicate,edd20738bca1c24f
../../foodsg-233_cleaned/Nasi Ambeng/A9BDDWUU09BGLVNDCE4M8XCR.jpg,Nasi Ambeng,all,near_duplicate,eded0a84e1c9b1b4
../../foodsg-233_cleaned/lontong/CYWIHY3M1C6CDO87Z50AXFW4.jpg,lontong,all,near_duplicate,ee05550a32673e79
../../foodsg-233_cleaned/Lontong with sayur lodeh/NNAW2VNCZQG23C9FFQQ67Z48.jpg,Lontong with sayur lodeh,all,near_duplicate,ee3fa1482003fedc
../../foodsg-233_cleaned/vegetarian bee hoon/9ZYZP0X18P8WKQ3THZQFSHYG.jpg,vegetarian bee hoon,all,near_duplicate,ee87950ed14e525a
../../foodsg-233_cleaned/vegetarian bee hoon/4R9TET9F316TUAI29WUDEJAQ.jpg,vegetarian bee hoon,all,near_duplicate,ee8ab594d958a1b4
../../foodsg-233_cleaned/vegetarian bee hoon/3LRF2THVWL76ZKTR1LJV7V6F.jpg,vegetarian bee hoon,all,near_duplicate,ee94e337c0729662
../../foodsg-233_cleaned/vegetarian bee hoon/YE7BRG8YXTHE2WH81JENGOFL.jpg,vegetarian bee hoon,all,near_duplicate,ee95b050a34bb4e9
../../foodsg-233_cleaned/Mee soto/89VENBEYAUZII0ZP8664BFM4.jpg,Mee soto,all,near_duplicate,ee97b446611b254d
../../foodsg-233_cleaned/hokkien prawn mee/CG9NAGCTDYOBSGTDMQD5JX75.jpg,hokkien prawn mee,all,near_duplicate,eea015ad9b961cd8
../../foodsg-233_cleaned/hokkien prawn mee/01KGMF2AAP7Z9BKIK5NGN083.jpg,hokkien prawn mee,all,near_duplicate,eea541c032466fde
../../foodsg-233_cleaned/begedil/NBYI5W7ZNOGRWHJ5H5ML5Z24.jpg,begedil,all,near_duplicate,eea5e486d043caf1
../../foodsg-233_cleaned/Mee bandung/8KU3WQ9VUH7ZVLIEBI4N1I4U.jpg,Mee bandung,all,near_duplicate,eea5f5809a9334c6
../../foodsg-233_cleaned/vegetarian bee hoon/HFUIBJF187R72NMTGQFOADCH.jpg,vegetarian bee hoon,all,near_duplicate,eea8d429d2bcca34
../../foodsg-233_cleaned/preserved fruit snacks/UO3EGBQMKZI48Y6BDW3B315M.jpg,preserved fruit snacks,all,near_duplicate,eec685199ef838c2
../../foodsg-233_cleaned/chilli crab/VVI9HSSQ5ZJVWLIIFC79QCN3.jpg,chilli crab,all,near_duplicate,eec9b0b5e15c1529
../../foodsg-233_cleaned/vegetarian bee hoon/BB249YVAC5EGB0OWIBJEGXGU.jpg,vegetarian bee hoon,all,near_duplicate,eeceb9f8a1c40299
../../foodsg-233_cleaned/egg tart/5DH49YR767UFXHJ67WFAWDRC.jpg,egg tart,all,near_duplicate,eee4852c44b46f96
../../foodsg-233_cleaned/kaya toast/G9OZLJ043NEJQRME3IRHEFH9.jpg,kaya toast,all,near_duplicate,eee4852c44b46f96
../../foodsg-233_cleaned/Mee kuah/AVD5OR15A7ENJMJQ2OP9IKKI.jpg,Mee kuah,all,near_duplicate,eefbe13cc0aa01a9
../../foodsg-233_cleaned/satay bee hoon/ZHQS02OS0E2XKXS6KHBPX1T5.jpg,satay bee hoon,all,near_duplicate,ef1f9535c0e4c264
"../../foodsg-233_cleaned/Rice, chicken katsu with Japanese curry/0659PHCD17BVKS0RP6Y5W00F.jpg","Rice, chicken katsu with Japanese curry",all,near_duplicate,ef22e697c48e5093
../../foodsg-233_cleaned/Prawn Noodle/TX8F7UMPFE8EGBPP20WEPT5V.jpg,Prawn Noodle,all,near_duplicate,ef37a0589278de22
../../foodsg-233_cleaned/rock melon/COCGT5UFTQR3EVMAPC3R418U.jpg,rock melon,all,near_duplicate,efc2941fca708d19
"../../foodsg-233_cleaned/Mee siam, fried/AIL2WQASWQ4J4BO9KG5UZCTL.jpg","Mee siam, fried",all,near_duplicate,efc2d690193fd828
../../foodsg-233_cleaned/mee pok/C2ZJFH68XNEH2QQWFFCXH7ZW.jpg,mee pok,all,near_duplicate,efccbcc0c08b3596
../../foodsg-233_cleaned/lontong/R40FRLINKBZBE29KEHCYLDVU.jpg,lontong,all,near_duplicate,efd1112a4c293af5
../../foodsg-233_cleaned/blueberries/USPS8AJQK262QOSVQ3V8M5WW.jpg,blueberries,all,near_duplicate,efe15642f08864b7
../../foodsg-233_cleaned/char siew/43JWTL5RHDFHSC7E6HHXFK8X.jpg,char siew,all,near_duplicate,f04b8383c5c371dd
../../foodsg-233_cleaned/mee pok/AHGTWZBYHYUN385Q5D2R6VQ7.jpg,mee pok,all,near_duplicate,f0d59b7be0c484a9
"../../foodsg-233_cleaned/Bee hoon, soto/2ZCFGXBHX42M44Q6I06PE2O7.jpg","Bee hoon, soto",all,near_duplicate,f0fd45bf10f05a24
../../foodsg-233_cleaned/vegetable soup/9DCRBC2DKMEJQ26K9M581Z68.jpg,vegetable soup,all,near_duplicate,f194cadaad8934cc
../../foodsg-233_cleaned/mushroom soup/L9JP6VHRIL9FDXW2Y3ZFJTO8.jpg,mushroom soup,all,near_duplicate,f194cadaad8934cc
../../foodsg-233_cleaned/hokkien prawn mee/6VW3C2PEVMCIG8O7FH4WKVPO.jpg,hokkien prawn mee,all,near_duplicate,f2378fc0e00e8b8f
../../foodsg-233_cleaned/fried fish/X0YRAISRY6XNKVS9L560VTUU.jpg,fried fish,all,near_duplicate,f27d81629632cf98
../../foodsg-233_cleaned/Mee goreng/05RVPMLJWIG8PKW8PMSGEB2V.jpg,Mee goreng,all,near_duplicate,f285c93f70b2a1b8
../../foodsg-233_cleaned/Seafood Noodles Soup/9QLHXQKH9OYHPEX7UPMZOXM3.jpg,Seafood Noodles Soup,all,near_duplicate,f2e949b2299478d9
../../foodsg-233_cleaned/lontong/J4IAEX0PRG2JQASN60M9EH3G.jpg,lontong,all,near_duplicate,f3048c5f74786371
../../foodsg-233_cleaned/chin chow drink/5KN4C9N1JAGM01KJ6F4T8P80.jpg,chin chow drink,all,near_duplicate,f3313493c75d286a
../../foodsg-233_cleaned/Mee siam/6MFA0Q5ZUNLYMQT55QPL3URD.jpg,Mee siam,all,near_duplicate,f33457185b4164e7
../../foodsg-233_cleaned/vegetarian bee hoon/9A7235T64938HBGFGADZILPH.jpg,vegetarian bee hoon,all,near_duplicate,f3b1d17a85768261
../../foodsg-233_cleaned/Chinese fritters/XY1O8TBVJBP4906QZ6UPXSL6.jpg,Chinese fritters,all,near_duplicate,f3ccf016c5798730
../../foodsg-233_cleaned/Mee siam/HTSF5HG8CUW8AOFNDSGQM98T.jpg,Mee siam,all,near_duplicate,f3dac8447465e24b
"../../foodsg-233_cleaned/Rice, korean bulgogi beef/30MIR95U89K3OGWQ1SG5IUYS.jpg","Rice, korean bulgogi beef",all,near_duplicate,f3f3113939805d8d
../../foodsg-233_cleaned/mixed vegetables/ASGVS0Z1T6IW9KXMHED7DR8B.jpg,mixed vegetables,all,near_duplicate,f3f3113939805d8d
../../foodsg-233_cleaned/Hor Fun/EGCCT9J7CCSME6AAY6DGE5R0.jpg,Hor Fun,all,near_duplicate,f42b89f186c0bae6
../../foodsg-233_cleaned/vegetarian bee hoon/Y6SK9WNLAUQRFTTITPDFHEZM.jpg,vegetarian bee hoon,all,near_duplicate,f496b987c9586a25
../../foodsg-233_cleaned/lontong/NGXG0B4T40H1IOCU9M95LYDE.jpg,lontong,all,near_duplicate,f4cfc82d85378b88
../../foodsg-233_cleaned/fried chicken/9WQKKH9DCO6KF7ZQ85C3UHK3.jpg,fried chicken,all,near_duplicate,f58852b54a7c9f30
../../foodsg-233_cleaned/wholegrain pasta/AR0AEMTK4F0UH2P2O3B78LQO.jpg,wholegrain pasta,all,near_duplicate,f5a150064d7ef293
../../foodsg-233_cleaned/Mee kuah/YIVJVLJX7ADTEAUHG61YAS6B.jpg,Mee kuah,all,near_duplicate,f692cf59dd447048
"../../foodsg-233_cleaned/Bee hoon, goreng/12QXTRD3NO6WKWHWZC1SGS1A.jpg","Bee hoon, goreng",all,near_duplicate,f708d507560f4a5b
../../foodsg-233_cleaned/blueberries/0A751ZMBSQAACO9NAJLOF3W1.jpg,blueberries,all,near_duplicate,f80b872f57f00e23
../../foodsg-233_cleaned/hokkien prawn mee/056DRME04UDG2CWD33EZ9UUA.jpg,hokkien prawn mee,all,near_duplicate,f81383e3decca0aa
"../../foodsg-233_cleaned/Rice, korean bulgogi beef/6WHTP6WMFJ6RLX9EBU1ASK6F.jpg","Rice, korean bulgogi beef",all,near_duplicate,f83ba10ea7f880b3
"../../foodsg-233_cleaned/Rice, with dakgalbi/0PVW76S3E1VN7M52NF5O03RT.jpg","Rice, with dakgalbi",all,near_duplicate,f83ba10ea7f880b3
../../foodsg-233_cleaned/fried prawn/CS7FHYRWSRJ51IL2NDJ8IBWZ.jpg,fried prawn,all,near_duplicate,f886c95b4a71c966
../../foodsg-233_cleaned/cereal prawns/YQG3NUWVN9JRPOJ0LK910O5O.jpg,cereal prawns,all,near_duplicate,f886c95b4a71c966
../../foodsg-233_cleaned/raspberry/DWWAVDQZI7KDN856T6PHBQ3C.jpg,raspberry,all,near_duplicate,f88dcc6b802f271b
../../foodsg-233_cleaned/Blackberry/9EUYRCQ0E0NAI6RYSQ3BGM6B.jpg,Blackberry,all,near_duplicate,f88dcc6b802f271b
../../foodsg-233_cleaned/fried chicken/6Q29KL5DZA1QN3W1N4JJY48Y.jpg,fried chicken,all,near_duplicate,f8ee85e0d7a04e85
../../foodsg-233_cleaned/steamed buns/O1OUNKP1QOH5XIBOKFUN4GC1.jpg,steamed buns,all,near_duplicate,f915062f3149cfd8
../../foodsg-233_cleaned/Nasi Ambeng/OMHQZIA2DNZBMT8EFKF9764M.jpg,Nasi Ambeng,all,near_duplicate,f9ad6971a622c4f0
"../../foodsg-233_cleaned/Mee siam, fried/IJTDYAMCRU66KWODW0ILY3OK.jpg","Mee siam, fried",all,near_duplicate,f9c1359151165977
../../foodsg-233_cleaned/vegetarian bee hoon/DA11VCBIDFM4IDLL7O40C4KL.jpg,vegetarian bee hoon,all,near_duplicate,f9c3801d8f6eb464
../../foodsg-233_cleaned/Mee rebus/Z7C8IU5JSWX4RRCBFTXAZUZZ.jpg,Mee rebus,all,near_duplicate,f9fce16181079e13
../../foodsg-233_cleaned/Mee siam/NZ6GOAFBGY0A5R71OBYRAV42.jpg,Mee siam,all,near_duplicate,f9fce16181079e13
../../foodsg-233_cleaned/Duck Rice/X2B74TRXGLM60ETOXZ0YX0TL.jpg,Duck Rice,all,near_duplicate,fa82a92d0d3566f8
../../foodsg-233_cleaned/Mee bandung/625G51RVGFDDYEZ7WCJQTGHG.jpg,Mee bandung,all,near_duplicate,fa998066d7a59a94
../../foodsg-233_cleaned/chilli crab/JMSHSERP4LRZKA14LK1X3NUW.jpg,chilli crab,all,near_duplicate,fa9cc4b08a0f5579
../../foodsg-233_cleaned/raspberry/8ND9ZE1S00A3VM3TH8F9M3X5.jpg,raspberry,all,near_duplicate,faa3a04f5c6b1287
../../foodsg-233_cleaned/blueberries/O2ZUBADUD8OOSXNBA1YDIHTN.jpg,blueberries,all,near_duplicate,faa3a04f5c6b1287
"../../foodsg-233_cleaned/Bee hoon, soto/7Y4K7YB5IG2IIX5L1EMRLJTA.jpg","Bee hoon, soto",all,near_duplicate,faa48dd317b2130e
"../../foodsg-233_cleaned/Bee hoon, soto/ZAJ1UYJ4ITD0CCKR9ATG0Y87.jpg","Bee hoon, soto",all,near_duplicate,faa9c1d2c7e42692
../../foodsg-233_cleaned/Barley/GH1UWI6W2D4TLBNZ3YBI396E.jpg,Barley,all,near_duplicate,fab47595c3d20c29
../../foodsg-233_cleaned/ice cream - chocolate/5BYH8VQSS7YGYLYCO28MQY3Y.jpg,ice cream - chocolate,all,near_duplicate,fac991cb8315972c
../../foodsg-233_cleaned/chai tow kuay/D6CQHW62DAB4DD8HOT8J7OB4.jpg,chai tow kuay,all,near_duplicate,fad3812697625e89
../../foodsg-233_cleaned/Barley/DTI665BQHY39R69G05V414BO.jpg,Barley,all,near_duplicate,fadb828ade94d052
../../foodsg-233_cleaned/Mee kuah/O3R3BKYCRMHE44G7Y1XW0Y2K.jpg,Mee kuah,all,near_duplicate,fb6885d9ae268585
../../foodsg-233_cleaned/satay bee hoon/6GDR10B2PBILVYJK17TBOV9M.jpg,satay bee hoon,all,near_duplicate,fb8460971dd205ed
../../foodsg-233_cleaned/Mee kuah/KRLM4BTXCCFNPNK614TQZDZY.jpg,Mee kuah,all,near_duplicate,fb86f92d8494c362
../../foodsg-233_cleaned/mee pok/Q8677W1COCD2CUMRP1YH6BD5.jpg,mee pok,all,near_duplicate,fb8cd1b296a15839
../../foodsg-233_cleaned/bee hoon/L60455NM7LT6R33ZMAZM967Q.jpg,bee hoon,all,near_duplicate,fc26839dffd19040
../../foodsg-233_cleaned/bee hoon/XP67P9DIN0ONAMLM9X6WVQQT.jpg,bee hoon,all,near_duplicate,fc69a3868d8aa5a5
../../foodsg-233_cleaned/Mee soto/3OAJBDLP5RBVC2CR6TMUZGAF.jpg,Mee soto,all,near_duplicate,fc8493856d87749c
"../../foodsg-233_cleaned/Bee hoon, goreng/ZTD0R38S4KAOK37ZEHUKJTTC.jpg","Bee hoon, goreng",all,near_duplicate,fce108ae24994ede
"../../foodsg-233_cleaned/Rice, chicken katsu with Japanese curry/P4R2NICTL2S9V7ADT71OZ64R.jpg","Rice, chicken katsu with Japanese curry",all,near_duplicate,fd7aa0e08707859d
../../foodsg-233_cleaned/lontong/5055CXQ38133R6PQG5LUWNAR.jpg,lontong,all,near_duplicate,fd8cd4718a940bda
../../foodsg-233_cleaned/green leafy vegetables/JKP6GEFM4VE7NE4FAJUT76S8.jpg,green leafy vegetables,all,near_duplicate,fdc08634edc20f1d
../../foodsg-233_cleaned/Fried Noodles/B5ELNK8A9IDOVQN5E2XO5104.jpg,Fried Noodles,all,near_duplicate,fdc0c01f9639c372
../../foodsg-233_cleaned/whole grain bread/YXHC41QL2QN7ZCCCTX5KU28O.jpg,whole grain bread,all,near_duplicate,fdcd92b48a24ca33
"../../foodsg-233_cleaned/Bee hoon, soto/RO7QTOPMXDSV1ZYJCCPX2LEO.jpg","Bee hoon, soto",all,near_duplicate,fe0cb0f4c86b25a3
../../foodsg-233_cleaned/tacos and nachos/78KG9XBITW519HTDG0CPI81F.jpg,tacos and nachos,all,near_duplicate,fe22b33646767019
../../foodsg-233_cleaned/mixed vegetables/NRKE9H4GLDRVYH0WCW65ZEB2.jpg,mixed vegetables,all,near_duplicate,fe54abc04dcba446
../../foodsg-233_cleaned/vegetarian bee hoon/E6YOAHEDEIOHVTVLBZQ5TFDZ.jpg,vegetarian bee hoon,all,near_duplicate,fe55d170d550ca0b
../../foodsg-233_cleaned/Mee goreng/K6GKJU3OJF7KDOTAHFJNF5H0.jpg,Mee goreng,all,near_duplicate,fe7b60608e87989c
../../foodsg-233_cleaned/Sweets/8XDPV2N4PXUC65HXP20WAPGH.jpg,Sweets,all,near_duplicate,fe85817a7e858178
../../foodsg-233_cleaned/Mee kuah/0PT528DVYPUOGQT0OKCC9D01.jpg,Mee kuah,all,near_duplicate,fea065c99a15d932
../../foodsg-233_cleaned/Mee bandung/2AS1HJUZDRL80MSM5A77ELQA.jpg,Mee bandung,all,near_duplicate,fea065c99a15d932
../../foodsg-233_cleaned/preserved fruit snacks/WCGK9SHH4S83FFLJXKV3P5ZQ.jpg,preserved fruit snacks,all,near_duplicate,fec5811e4bb82c47
../../foodsg-233_cleaned/mee pok/76EECK7NNFLPHYUA80SZD7ZY.jpg,mee pok,all,near_duplicate,fed0606b830f8c7c
../../foodsg-233_cleaned/tumpeng/ZK8SB5I54D76LY403PE2X3NV.jpg,tumpeng,all,near_duplicate,fed0db0aec35301a
"../../foodsg-233_cleaned/Bee hoon, soto/N5DLKED3JQZT6OW37N8IJ77O.jpg","Bee hoon, soto",all,near_duplicate,fed2ad40b10b974c
../../foodsg-233_cleaned/Mee soto/R5AQTZ8P0KFTC8ODFINKUZ9U.jpg,Mee soto,all,near_duplicate,fedcc1a0a6b10f1c
../../foodsg-233_cleaned/chai tow kuay/UU07AB6BAF5PIGT72WDO9FPA.jpg,chai tow kuay,all,near_duplicate,fef2e4c082c1c9ad
../../foodsg-233_cleaned/Mee bandung/WIAM2LWREO5JJ4BJAL0SENEB.jpg,Mee bandung,all,near_duplicate,ff148469c96a8e2d
../../foodsg-233_cleaned/satay bee hoon/9HPFJ9JZ5A9V9DMGMZ7RW0TE.jpg,satay bee hoon,all,near_duplicate,ff15c17a14243e1e
../../foodsg-233_cleaned/cooked brown rice/FQYL7YJ0WMIR0AS4HO34B7WH.jpg,cooked brown rice,all,near_duplicate,ff1cd47002429fcd
"../../foodsg-233_cleaned/Rice, with dakgalbi/6OX7SBBUHQ8ESTU9QW7UTMJ3.jpg","Rice, with dakgalbi",all,near_duplicate,ff1cd47002429fcd
../../foodsg-233_cleaned/Udon/QA9VOKVZK3FTWPM9BMSGY2K4.jpg,Udon,all,near_duplicate,ff4170c64188cf9b
../../foodsg-233_cleaned/mushroom soup/INDYZ71JBIPAK0BUNQB1UC4C.jpg,mushroom soup,all,near_duplicate,ff42406ff3308738
../../foodsg-233_cleaned/miso soup/72XZX6R33EDVOD1R8951WKN9.jpg,miso soup,all,near_duplicate,ff42406ff3308738
../../foodsg-233_cleaned/Lontong with sayur lodeh/9QH2UNU51RXODULJVG85TF86.jpg,Lontong with sayur lodeh,all,near_duplicate,ff61d4b4c9662548
../../foodsg-233_cleaned/hokkien prawn mee/NDLUT17RSLGB5UQKVXSUHC7G.jpg,hokkien prawn mee,all,near_duplicate,ff732825a1d8e5c0
../../foodsg-233_cleaned/pasta - fettuccine/AFJG4WPV70DKYC8QPUQ9CY6U.jpg,pasta - fettuccine,all,near_duplicate,ff91e0a885a39e86
../../foodsg-233_cleaned/whole wheat/6J9MDZTB5A2GA905BB9JEYM3.jpg,whole wheat,all,near_duplicate,ff958030d52fd60a
../../foodsg-233_cleaned/hokkien prawn mee/6UXAQTYUZCFZUBBD9PN235LQ.jpg,hokkien prawn mee,all,near_duplicate,ff9d8dae91e040c2
../../foodsg-233_cleaned/mee pok/M9LII7UG3TE4EMCMDW6ZK64M.jpg,mee pok,all,near_duplicate,ffa7200e0fc26e2c
../../foodsg-233_cleaned/vegetarian bee hoon/6HYEW157GKEA9SQP00LQ5F08.jpg,vegetarian bee hoon,all,near_duplicate,ffac9495c2d2244e
../../foodsg-233_cleaned/chai tow kuay/BKMNHBNR8EOEAM1KAQN5TZC4.jpg,chai tow kuay,all,near_duplicate,ffd68050077b5827
"../../foodsg-233_cleaned/Mee siam, fried/014Z1I3OHUGUNWYMY33400UL.jpg","Mee siam, fried",all,near_duplicate,fff0a181c507f407
../../foodsg-233_cleaned/Laksa/W09TS5NVSARE2HOBRHKR5W8D.jpg,Laksa,all,near_duplicate,fff950c6ca812c86
